ISO-10303-21;
HEADER;
/* Generated by software containing ST-Developer
 * from STEP Tools, Inc. (www.steptools.com) 
 */

FILE_DESCRIPTION(
/* description */ (''),
/* implementation_level */ '2;1');

FILE_NAME(
/* name */ 'X_carriage.step',
/* time_stamp */ '2026-10-07T19:43:46+02:00',
/* author */ (''),
/* organization */ (''),
/* preprocessor_version */ 'ST-DEVELOPER v20.2',
/* originating_system */ 'Autodesk Translation Framework v15.15.0.0',
/* authorisation */ '');

FILE_SCHEMA (('AUTOMOTIVE_DESIGN { 1 0 10303 214 3 1 1 }'));
ENDSEC;

DATA;
#10=MECHANICAL_DESIGN_GEOMETRIC_PRESENTATION_REPRESENTATION('',(#29,#30,
#31,#32,#33,#34,#35,#36,#37),#9619);
#11=ITEM_DEFINED_TRANSFORMATION($,$,#5681,#6246);
#12=ITEM_DEFINED_TRANSFORMATION($,$,#5680,#6247);
#13=ITEM_DEFINED_TRANSFORMATION($,$,#5679,#6248);
#14=(
REPRESENTATION_RELATIONSHIP($,$,#9638,#9637)
REPRESENTATION_RELATIONSHIP_WITH_TRANSFORMATION(#11)
SHAPE_REPRESENTATION_RELATIONSHIP()
);
#15=(
REPRESENTATION_RELATIONSHIP($,$,#9637,#9636)
REPRESENTATION_RELATIONSHIP_WITH_TRANSFORMATION(#12)
SHAPE_REPRESENTATION_RELATIONSHIP()
);
#16=(
REPRESENTATION_RELATIONSHIP($,$,#9636,#9635)
REPRESENTATION_RELATIONSHIP_WITH_TRANSFORMATION(#13)
SHAPE_REPRESENTATION_RELATIONSHIP()
);
#17=CONTEXT_DEPENDENT_SHAPE_REPRESENTATION(#14,#9632);
#18=CONTEXT_DEPENDENT_SHAPE_REPRESENTATION(#15,#9633);
#19=CONTEXT_DEPENDENT_SHAPE_REPRESENTATION(#16,#9634);
#20=NEXT_ASSEMBLY_USAGE_OCCURRENCE('_MGN12H:1','_MGN12H:1','_MGN12H:1',
#9642,#9643,'_MGN12H:1');
#21=NEXT_ASSEMBLY_USAGE_OCCURRENCE('X_carriage:1','X_carriage:1',
'X_carriage:1',#9641,#9642,'X_carriage:1');
#22=NEXT_ASSEMBLY_USAGE_OCCURRENCE('_Mount frame:1','_Mount frame:1',
'_Mount frame:1',#9640,#9641,'_Mount frame:1');
#23=SHAPE_REPRESENTATION_RELATIONSHIP('SRR','None',#9638,#24);
#24=ADVANCED_BREP_SHAPE_REPRESENTATION('',(#38,#39,#40,#41,#42,#43,#44,
#45,#46),#9618);
#25=SPHERICAL_SURFACE('',#5835,2.72808437944638);
#26=SPHERICAL_SURFACE('',#5865,2.72808437944638);
#27=SPHERICAL_SURFACE('',#5895,2.72808437944638);
#28=SPHERICAL_SURFACE('',#6005,2.72808437944638);
#29=STYLED_ITEM('',(#9660),#38);
#30=STYLED_ITEM('',(#9660),#39);
#31=STYLED_ITEM('',(#9660),#40);
#32=STYLED_ITEM('',(#9660),#41);
#33=STYLED_ITEM('',(#9661),#42);
#34=STYLED_ITEM('',(#9660),#43);
#35=STYLED_ITEM('',(#9661),#44);
#36=STYLED_ITEM('',(#9661),#45);
#37=STYLED_ITEM('',(#9661),#46);
#38=MANIFOLD_SOLID_BREP('Body1',#5657);
#39=MANIFOLD_SOLID_BREP('Body2',#5658);
#40=MANIFOLD_SOLID_BREP('Body3',#5659);
#41=MANIFOLD_SOLID_BREP('Body4',#5660);
#42=MANIFOLD_SOLID_BREP('Body5',#5661);
#43=MANIFOLD_SOLID_BREP('Body6',#5662);
#44=MANIFOLD_SOLID_BREP('Body7',#5663);
#45=MANIFOLD_SOLID_BREP('Body8',#5664);
#46=MANIFOLD_SOLID_BREP('Body9',#5665);
#47=FACE_BOUND('',#668,.T.);
#48=FACE_BOUND('',#670,.T.);
#49=FACE_BOUND('',#678,.T.);
#50=FACE_BOUND('',#688,.T.);
#51=FACE_BOUND('',#689,.T.);
#52=FACE_BOUND('',#732,.T.);
#53=FACE_BOUND('',#733,.T.);
#54=FACE_BOUND('',#738,.T.);
#55=FACE_BOUND('',#755,.T.);
#56=FACE_BOUND('',#772,.T.);
#57=FACE_BOUND('',#789,.T.);
#58=FACE_BOUND('',#834,.T.);
#59=FACE_BOUND('',#835,.T.);
#60=FACE_BOUND('',#852,.T.);
#61=FACE_BOUND('',#897,.T.);
#62=FACE_BOUND('',#898,.T.);
#63=FACE_BOUND('',#941,.T.);
#64=FACE_BOUND('',#942,.T.);
#65=FACE_BOUND('',#944,.T.);
#66=FACE_BOUND('',#945,.T.);
#67=FACE_BOUND('',#987,.T.);
#68=FACE_BOUND('',#988,.T.);
#69=FACE_BOUND('',#990,.T.);
#70=FACE_BOUND('',#991,.T.);
#71=PLANE('',#5690);
#72=PLANE('',#5692);
#73=PLANE('',#5706);
#74=PLANE('',#5714);
#75=PLANE('',#5715);
#76=PLANE('',#5716);
#77=PLANE('',#5717);
#78=PLANE('',#5718);
#79=PLANE('',#5719);
#80=PLANE('',#5720);
#81=PLANE('',#5721);
#82=PLANE('',#5725);
#83=PLANE('',#5726);
#84=PLANE('',#5727);
#85=PLANE('',#5728);
#86=PLANE('',#5738);
#87=PLANE('',#5742);
#88=PLANE('',#5746);
#89=PLANE('',#5756);
#90=PLANE('',#5757);
#91=PLANE('',#5758);
#92=PLANE('',#5759);
#93=PLANE('',#5760);
#94=PLANE('',#5770);
#95=PLANE('',#5774);
#96=PLANE('',#5778);
#97=PLANE('',#5788);
#98=PLANE('',#5791);
#99=PLANE('',#5792);
#100=PLANE('',#5793);
#101=PLANE('',#5794);
#102=PLANE('',#5797);
#103=PLANE('',#5805);
#104=PLANE('',#5810);
#105=PLANE('',#5811);
#106=PLANE('',#5813);
#107=PLANE('',#5815);
#108=PLANE('',#5817);
#109=PLANE('',#5819);
#110=PLANE('',#5821);
#111=PLANE('',#5823);
#112=PLANE('',#5825);
#113=PLANE('',#5827);
#114=PLANE('',#5829);
#115=PLANE('',#5831);
#116=PLANE('',#5833);
#117=PLANE('',#5837);
#118=PLANE('',#5840);
#119=PLANE('',#5841);
#120=PLANE('',#5843);
#121=PLANE('',#5845);
#122=PLANE('',#5847);
#123=PLANE('',#5849);
#124=PLANE('',#5851);
#125=PLANE('',#5853);
#126=PLANE('',#5855);
#127=PLANE('',#5857);
#128=PLANE('',#5859);
#129=PLANE('',#5861);
#130=PLANE('',#5863);
#131=PLANE('',#5867);
#132=PLANE('',#5870);
#133=PLANE('',#5871);
#134=PLANE('',#5873);
#135=PLANE('',#5875);
#136=PLANE('',#5877);
#137=PLANE('',#5879);
#138=PLANE('',#5881);
#139=PLANE('',#5883);
#140=PLANE('',#5885);
#141=PLANE('',#5887);
#142=PLANE('',#5889);
#143=PLANE('',#5891);
#144=PLANE('',#5893);
#145=PLANE('',#5897);
#146=PLANE('',#5900);
#147=PLANE('',#5917);
#148=PLANE('',#5925);
#149=PLANE('',#5928);
#150=PLANE('',#5931);
#151=PLANE('',#5938);
#152=PLANE('',#5939);
#153=PLANE('',#5940);
#154=PLANE('',#5941);
#155=PLANE('',#5942);
#156=PLANE('',#5949);
#157=PLANE('',#5952);
#158=PLANE('',#5955);
#159=PLANE('',#5962);
#160=PLANE('',#5963);
#161=PLANE('',#5964);
#162=PLANE('',#5965);
#163=PLANE('',#5966);
#164=PLANE('',#5967);
#165=PLANE('',#5968);
#166=PLANE('',#5969);
#167=PLANE('',#5970);
#168=PLANE('',#5971);
#169=PLANE('',#5972);
#170=PLANE('',#5975);
#171=PLANE('',#5977);
#172=PLANE('',#5980);
#173=PLANE('',#5981);
#174=PLANE('',#5983);
#175=PLANE('',#5985);
#176=PLANE('',#5987);
#177=PLANE('',#5989);
#178=PLANE('',#5991);
#179=PLANE('',#5993);
#180=PLANE('',#5995);
#181=PLANE('',#5997);
#182=PLANE('',#5999);
#183=PLANE('',#6001);
#184=PLANE('',#6003);
#185=PLANE('',#6007);
#186=PLANE('',#6010);
#187=PLANE('',#6027);
#188=PLANE('',#6035);
#189=PLANE('',#6038);
#190=PLANE('',#6041);
#191=PLANE('',#6048);
#192=PLANE('',#6049);
#193=PLANE('',#6050);
#194=PLANE('',#6051);
#195=PLANE('',#6052);
#196=PLANE('',#6059);
#197=PLANE('',#6062);
#198=PLANE('',#6065);
#199=PLANE('',#6072);
#200=PLANE('',#6073);
#201=PLANE('',#6074);
#202=PLANE('',#6075);
#203=PLANE('',#6076);
#204=PLANE('',#6077);
#205=PLANE('',#6078);
#206=PLANE('',#6079);
#207=PLANE('',#6080);
#208=PLANE('',#6081);
#209=PLANE('',#6082);
#210=PLANE('',#6085);
#211=PLANE('',#6087);
#212=PLANE('',#6099);
#213=PLANE('',#6103);
#214=PLANE('',#6107);
#215=PLANE('',#6117);
#216=PLANE('',#6118);
#217=PLANE('',#6119);
#218=PLANE('',#6120);
#219=PLANE('',#6121);
#220=PLANE('',#6131);
#221=PLANE('',#6135);
#222=PLANE('',#6139);
#223=PLANE('',#6149);
#224=PLANE('',#6150);
#225=PLANE('',#6151);
#226=PLANE('',#6152);
#227=PLANE('',#6153);
#228=PLANE('',#6154);
#229=PLANE('',#6155);
#230=PLANE('',#6156);
#231=PLANE('',#6157);
#232=PLANE('',#6158);
#233=PLANE('',#6159);
#234=PLANE('',#6163);
#235=PLANE('',#6165);
#236=PLANE('',#6168);
#237=PLANE('',#6169);
#238=PLANE('',#6170);
#239=PLANE('',#6171);
#240=PLANE('',#6172);
#241=PLANE('',#6173);
#242=PLANE('',#6174);
#243=PLANE('',#6175);
#244=PLANE('',#6176);
#245=PLANE('',#6177);
#246=PLANE('',#6187);
#247=PLANE('',#6191);
#248=PLANE('',#6195);
#249=PLANE('',#6205);
#250=PLANE('',#6206);
#251=PLANE('',#6207);
#252=PLANE('',#6208);
#253=PLANE('',#6209);
#254=PLANE('',#6219);
#255=PLANE('',#6223);
#256=PLANE('',#6227);
#257=PLANE('',#6237);
#258=PLANE('',#6241);
#259=PLANE('',#6243);
#260=CYLINDRICAL_SURFACE('',#5686,1.2295);
#261=CYLINDRICAL_SURFACE('',#5688,1.2295);
#262=CYLINDRICAL_SURFACE('',#5700,1.2295);
#263=CYLINDRICAL_SURFACE('',#5702,1.2295);
#264=CYLINDRICAL_SURFACE('',#5704,1.2295);
#265=CYLINDRICAL_SURFACE('',#5722,0.500000000000002);
#266=CYLINDRICAL_SURFACE('',#5729,0.249999999999999);
#267=CYLINDRICAL_SURFACE('',#5732,1.2);
#268=CYLINDRICAL_SURFACE('',#5735,0.250000000000001);
#269=CYLINDRICAL_SURFACE('',#5739,0.25);
#270=CYLINDRICAL_SURFACE('',#5743,0.250000000000001);
#271=CYLINDRICAL_SURFACE('',#5747,0.250000000000006);
#272=CYLINDRICAL_SURFACE('',#5750,1.2);
#273=CYLINDRICAL_SURFACE('',#5753,0.249999999999999);
#274=CYLINDRICAL_SURFACE('',#5761,0.250000000000002);
#275=CYLINDRICAL_SURFACE('',#5764,1.2);
#276=CYLINDRICAL_SURFACE('',#5767,0.249999999999995);
#277=CYLINDRICAL_SURFACE('',#5771,0.249999999999999);
#278=CYLINDRICAL_SURFACE('',#5775,0.249999999999999);
#279=CYLINDRICAL_SURFACE('',#5779,0.249999999999997);
#280=CYLINDRICAL_SURFACE('',#5782,1.2);
#281=CYLINDRICAL_SURFACE('',#5785,0.249999999999999);
#282=CYLINDRICAL_SURFACE('',#5789,1.2295);
#283=CYLINDRICAL_SURFACE('',#5801,1.2295);
#284=CYLINDRICAL_SURFACE('',#5807,1.2295);
#285=CYLINDRICAL_SURFACE('',#5919,0.249999999999999);
#286=CYLINDRICAL_SURFACE('',#5921,1.2);
#287=CYLINDRICAL_SURFACE('',#5923,0.249999999999997);
#288=CYLINDRICAL_SURFACE('',#5926,0.249999999999999);
#289=CYLINDRICAL_SURFACE('',#5929,0.249999999999999);
#290=CYLINDRICAL_SURFACE('',#5932,0.249999999999995);
#291=CYLINDRICAL_SURFACE('',#5934,1.2);
#292=CYLINDRICAL_SURFACE('',#5936,0.250000000000002);
#293=CYLINDRICAL_SURFACE('',#5943,0.249999999999999);
#294=CYLINDRICAL_SURFACE('',#5945,1.2);
#295=CYLINDRICAL_SURFACE('',#5947,0.250000000000006);
#296=CYLINDRICAL_SURFACE('',#5950,0.250000000000001);
#297=CYLINDRICAL_SURFACE('',#5953,0.25);
#298=CYLINDRICAL_SURFACE('',#5956,0.250000000000001);
#299=CYLINDRICAL_SURFACE('',#5958,1.2);
#300=CYLINDRICAL_SURFACE('',#5960,0.249999999999999);
#301=CYLINDRICAL_SURFACE('',#5973,2.1);
#302=CYLINDRICAL_SURFACE('',#5979,2.1);
#303=CYLINDRICAL_SURFACE('',#6029,0.249999999999999);
#304=CYLINDRICAL_SURFACE('',#6031,1.2);
#305=CYLINDRICAL_SURFACE('',#6033,0.249999999999997);
#306=CYLINDRICAL_SURFACE('',#6036,0.249999999999999);
#307=CYLINDRICAL_SURFACE('',#6039,0.249999999999999);
#308=CYLINDRICAL_SURFACE('',#6042,0.249999999999995);
#309=CYLINDRICAL_SURFACE('',#6044,1.2);
#310=CYLINDRICAL_SURFACE('',#6046,0.250000000000002);
#311=CYLINDRICAL_SURFACE('',#6053,0.249999999999999);
#312=CYLINDRICAL_SURFACE('',#6055,1.2);
#313=CYLINDRICAL_SURFACE('',#6057,0.250000000000006);
#314=CYLINDRICAL_SURFACE('',#6060,0.250000000000001);
#315=CYLINDRICAL_SURFACE('',#6063,0.25);
#316=CYLINDRICAL_SURFACE('',#6066,0.250000000000001);
#317=CYLINDRICAL_SURFACE('',#6068,1.2);
#318=CYLINDRICAL_SURFACE('',#6070,0.249999999999999);
#319=CYLINDRICAL_SURFACE('',#6083,2.1);
#320=CYLINDRICAL_SURFACE('',#6089,2.1);
#321=CYLINDRICAL_SURFACE('',#6090,0.249999999999999);
#322=CYLINDRICAL_SURFACE('',#6093,1.2);
#323=CYLINDRICAL_SURFACE('',#6096,0.249999999999997);
#324=CYLINDRICAL_SURFACE('',#6100,0.249999999999999);
#325=CYLINDRICAL_SURFACE('',#6104,0.249999999999999);
#326=CYLINDRICAL_SURFACE('',#6108,0.249999999999995);
#327=CYLINDRICAL_SURFACE('',#6111,1.2);
#328=CYLINDRICAL_SURFACE('',#6114,0.250000000000002);
#329=CYLINDRICAL_SURFACE('',#6122,0.249999999999999);
#330=CYLINDRICAL_SURFACE('',#6125,1.2);
#331=CYLINDRICAL_SURFACE('',#6128,0.250000000000006);
#332=CYLINDRICAL_SURFACE('',#6132,0.250000000000001);
#333=CYLINDRICAL_SURFACE('',#6136,0.25);
#334=CYLINDRICAL_SURFACE('',#6140,0.250000000000001);
#335=CYLINDRICAL_SURFACE('',#6143,1.2);
#336=CYLINDRICAL_SURFACE('',#6146,0.249999999999999);
#337=CYLINDRICAL_SURFACE('',#6160,2.1);
#338=CYLINDRICAL_SURFACE('',#6167,2.1);
#339=CYLINDRICAL_SURFACE('',#6178,0.249999999999999);
#340=CYLINDRICAL_SURFACE('',#6181,1.2);
#341=CYLINDRICAL_SURFACE('',#6184,0.250000000000001);
#342=CYLINDRICAL_SURFACE('',#6188,0.25);
#343=CYLINDRICAL_SURFACE('',#6192,0.250000000000001);
#344=CYLINDRICAL_SURFACE('',#6196,0.250000000000006);
#345=CYLINDRICAL_SURFACE('',#6199,1.2);
#346=CYLINDRICAL_SURFACE('',#6202,0.249999999999999);
#347=CYLINDRICAL_SURFACE('',#6210,0.250000000000002);
#348=CYLINDRICAL_SURFACE('',#6213,1.2);
#349=CYLINDRICAL_SURFACE('',#6216,0.249999999999995);
#350=CYLINDRICAL_SURFACE('',#6220,0.249999999999999);
#351=CYLINDRICAL_SURFACE('',#6224,0.249999999999999);
#352=CYLINDRICAL_SURFACE('',#6228,0.249999999999997);
#353=CYLINDRICAL_SURFACE('',#6231,1.2);
#354=CYLINDRICAL_SURFACE('',#6234,0.249999999999999);
#355=CYLINDRICAL_SURFACE('',#6238,2.1);
#356=CYLINDRICAL_SURFACE('',#6245,2.1);
#357=FACE_OUTER_BOUND('',#663,.T.);
#358=FACE_OUTER_BOUND('',#664,.T.);
#359=FACE_OUTER_BOUND('',#665,.T.);
#360=FACE_OUTER_BOUND('',#666,.T.);
#361=FACE_OUTER_BOUND('',#667,.T.);
#362=FACE_OUTER_BOUND('',#669,.T.);
#363=FACE_OUTER_BOUND('',#671,.T.);
#364=FACE_OUTER_BOUND('',#672,.T.);
#365=FACE_OUTER_BOUND('',#673,.T.);
#366=FACE_OUTER_BOUND('',#674,.T.);
#367=FACE_OUTER_BOUND('',#675,.T.);
#368=FACE_OUTER_BOUND('',#676,.T.);
#369=FACE_OUTER_BOUND('',#677,.T.);
#370=FACE_OUTER_BOUND('',#679,.T.);
#371=FACE_OUTER_BOUND('',#680,.T.);
#372=FACE_OUTER_BOUND('',#681,.T.);
#373=FACE_OUTER_BOUND('',#682,.T.);
#374=FACE_OUTER_BOUND('',#683,.T.);
#375=FACE_OUTER_BOUND('',#684,.T.);
#376=FACE_OUTER_BOUND('',#685,.T.);
#377=FACE_OUTER_BOUND('',#686,.T.);
#378=FACE_OUTER_BOUND('',#687,.T.);
#379=FACE_OUTER_BOUND('',#690,.T.);
#380=FACE_OUTER_BOUND('',#691,.T.);
#381=FACE_OUTER_BOUND('',#692,.T.);
#382=FACE_OUTER_BOUND('',#693,.T.);
#383=FACE_OUTER_BOUND('',#694,.T.);
#384=FACE_OUTER_BOUND('',#695,.T.);
#385=FACE_OUTER_BOUND('',#696,.T.);
#386=FACE_OUTER_BOUND('',#697,.T.);
#387=FACE_OUTER_BOUND('',#698,.T.);
#388=FACE_OUTER_BOUND('',#699,.T.);
#389=FACE_OUTER_BOUND('',#700,.T.);
#390=FACE_OUTER_BOUND('',#701,.T.);
#391=FACE_OUTER_BOUND('',#702,.T.);
#392=FACE_OUTER_BOUND('',#703,.T.);
#393=FACE_OUTER_BOUND('',#704,.T.);
#394=FACE_OUTER_BOUND('',#705,.T.);
#395=FACE_OUTER_BOUND('',#706,.T.);
#396=FACE_OUTER_BOUND('',#707,.T.);
#397=FACE_OUTER_BOUND('',#708,.T.);
#398=FACE_OUTER_BOUND('',#709,.T.);
#399=FACE_OUTER_BOUND('',#710,.T.);
#400=FACE_OUTER_BOUND('',#711,.T.);
#401=FACE_OUTER_BOUND('',#712,.T.);
#402=FACE_OUTER_BOUND('',#713,.T.);
#403=FACE_OUTER_BOUND('',#714,.T.);
#404=FACE_OUTER_BOUND('',#715,.T.);
#405=FACE_OUTER_BOUND('',#716,.T.);
#406=FACE_OUTER_BOUND('',#717,.T.);
#407=FACE_OUTER_BOUND('',#718,.T.);
#408=FACE_OUTER_BOUND('',#719,.T.);
#409=FACE_OUTER_BOUND('',#720,.T.);
#410=FACE_OUTER_BOUND('',#721,.T.);
#411=FACE_OUTER_BOUND('',#722,.T.);
#412=FACE_OUTER_BOUND('',#723,.T.);
#413=FACE_OUTER_BOUND('',#724,.T.);
#414=FACE_OUTER_BOUND('',#725,.T.);
#415=FACE_OUTER_BOUND('',#726,.T.);
#416=FACE_OUTER_BOUND('',#727,.T.);
#417=FACE_OUTER_BOUND('',#728,.T.);
#418=FACE_OUTER_BOUND('',#729,.T.);
#419=FACE_OUTER_BOUND('',#730,.T.);
#420=FACE_OUTER_BOUND('',#731,.T.);
#421=FACE_OUTER_BOUND('',#734,.T.);
#422=FACE_OUTER_BOUND('',#735,.T.);
#423=FACE_OUTER_BOUND('',#736,.T.);
#424=FACE_OUTER_BOUND('',#737,.T.);
#425=FACE_OUTER_BOUND('',#739,.T.);
#426=FACE_OUTER_BOUND('',#740,.T.);
#427=FACE_OUTER_BOUND('',#741,.T.);
#428=FACE_OUTER_BOUND('',#742,.T.);
#429=FACE_OUTER_BOUND('',#743,.T.);
#430=FACE_OUTER_BOUND('',#744,.T.);
#431=FACE_OUTER_BOUND('',#745,.T.);
#432=FACE_OUTER_BOUND('',#746,.T.);
#433=FACE_OUTER_BOUND('',#747,.T.);
#434=FACE_OUTER_BOUND('',#748,.T.);
#435=FACE_OUTER_BOUND('',#749,.T.);
#436=FACE_OUTER_BOUND('',#750,.T.);
#437=FACE_OUTER_BOUND('',#751,.T.);
#438=FACE_OUTER_BOUND('',#752,.T.);
#439=FACE_OUTER_BOUND('',#753,.T.);
#440=FACE_OUTER_BOUND('',#754,.T.);
#441=FACE_OUTER_BOUND('',#756,.T.);
#442=FACE_OUTER_BOUND('',#757,.T.);
#443=FACE_OUTER_BOUND('',#758,.T.);
#444=FACE_OUTER_BOUND('',#759,.T.);
#445=FACE_OUTER_BOUND('',#760,.T.);
#446=FACE_OUTER_BOUND('',#761,.T.);
#447=FACE_OUTER_BOUND('',#762,.T.);
#448=FACE_OUTER_BOUND('',#763,.T.);
#449=FACE_OUTER_BOUND('',#764,.T.);
#450=FACE_OUTER_BOUND('',#765,.T.);
#451=FACE_OUTER_BOUND('',#766,.T.);
#452=FACE_OUTER_BOUND('',#767,.T.);
#453=FACE_OUTER_BOUND('',#768,.T.);
#454=FACE_OUTER_BOUND('',#769,.T.);
#455=FACE_OUTER_BOUND('',#770,.T.);
#456=FACE_OUTER_BOUND('',#771,.T.);
#457=FACE_OUTER_BOUND('',#773,.T.);
#458=FACE_OUTER_BOUND('',#774,.T.);
#459=FACE_OUTER_BOUND('',#775,.T.);
#460=FACE_OUTER_BOUND('',#776,.T.);
#461=FACE_OUTER_BOUND('',#777,.T.);
#462=FACE_OUTER_BOUND('',#778,.T.);
#463=FACE_OUTER_BOUND('',#779,.T.);
#464=FACE_OUTER_BOUND('',#780,.T.);
#465=FACE_OUTER_BOUND('',#781,.T.);
#466=FACE_OUTER_BOUND('',#782,.T.);
#467=FACE_OUTER_BOUND('',#783,.T.);
#468=FACE_OUTER_BOUND('',#784,.T.);
#469=FACE_OUTER_BOUND('',#785,.T.);
#470=FACE_OUTER_BOUND('',#786,.T.);
#471=FACE_OUTER_BOUND('',#787,.T.);
#472=FACE_OUTER_BOUND('',#788,.T.);
#473=FACE_OUTER_BOUND('',#790,.T.);
#474=FACE_OUTER_BOUND('',#791,.T.);
#475=FACE_OUTER_BOUND('',#792,.T.);
#476=FACE_OUTER_BOUND('',#793,.T.);
#477=FACE_OUTER_BOUND('',#794,.T.);
#478=FACE_OUTER_BOUND('',#795,.T.);
#479=FACE_OUTER_BOUND('',#796,.T.);
#480=FACE_OUTER_BOUND('',#797,.T.);
#481=FACE_OUTER_BOUND('',#798,.T.);
#482=FACE_OUTER_BOUND('',#799,.T.);
#483=FACE_OUTER_BOUND('',#800,.T.);
#484=FACE_OUTER_BOUND('',#801,.T.);
#485=FACE_OUTER_BOUND('',#802,.T.);
#486=FACE_OUTER_BOUND('',#803,.T.);
#487=FACE_OUTER_BOUND('',#804,.T.);
#488=FACE_OUTER_BOUND('',#805,.T.);
#489=FACE_OUTER_BOUND('',#806,.T.);
#490=FACE_OUTER_BOUND('',#807,.T.);
#491=FACE_OUTER_BOUND('',#808,.T.);
#492=FACE_OUTER_BOUND('',#809,.T.);
#493=FACE_OUTER_BOUND('',#810,.T.);
#494=FACE_OUTER_BOUND('',#811,.T.);
#495=FACE_OUTER_BOUND('',#812,.T.);
#496=FACE_OUTER_BOUND('',#813,.T.);
#497=FACE_OUTER_BOUND('',#814,.T.);
#498=FACE_OUTER_BOUND('',#815,.T.);
#499=FACE_OUTER_BOUND('',#816,.T.);
#500=FACE_OUTER_BOUND('',#817,.T.);
#501=FACE_OUTER_BOUND('',#818,.T.);
#502=FACE_OUTER_BOUND('',#819,.T.);
#503=FACE_OUTER_BOUND('',#820,.T.);
#504=FACE_OUTER_BOUND('',#821,.T.);
#505=FACE_OUTER_BOUND('',#822,.T.);
#506=FACE_OUTER_BOUND('',#823,.T.);
#507=FACE_OUTER_BOUND('',#824,.T.);
#508=FACE_OUTER_BOUND('',#825,.T.);
#509=FACE_OUTER_BOUND('',#826,.T.);
#510=FACE_OUTER_BOUND('',#827,.T.);
#511=FACE_OUTER_BOUND('',#828,.T.);
#512=FACE_OUTER_BOUND('',#829,.T.);
#513=FACE_OUTER_BOUND('',#830,.T.);
#514=FACE_OUTER_BOUND('',#831,.T.);
#515=FACE_OUTER_BOUND('',#832,.T.);
#516=FACE_OUTER_BOUND('',#833,.T.);
#517=FACE_OUTER_BOUND('',#836,.T.);
#518=FACE_OUTER_BOUND('',#837,.T.);
#519=FACE_OUTER_BOUND('',#838,.T.);
#520=FACE_OUTER_BOUND('',#839,.T.);
#521=FACE_OUTER_BOUND('',#840,.T.);
#522=FACE_OUTER_BOUND('',#841,.T.);
#523=FACE_OUTER_BOUND('',#842,.T.);
#524=FACE_OUTER_BOUND('',#843,.T.);
#525=FACE_OUTER_BOUND('',#844,.T.);
#526=FACE_OUTER_BOUND('',#845,.T.);
#527=FACE_OUTER_BOUND('',#846,.T.);
#528=FACE_OUTER_BOUND('',#847,.T.);
#529=FACE_OUTER_BOUND('',#848,.T.);
#530=FACE_OUTER_BOUND('',#849,.T.);
#531=FACE_OUTER_BOUND('',#850,.T.);
#532=FACE_OUTER_BOUND('',#851,.T.);
#533=FACE_OUTER_BOUND('',#853,.T.);
#534=FACE_OUTER_BOUND('',#854,.T.);
#535=FACE_OUTER_BOUND('',#855,.T.);
#536=FACE_OUTER_BOUND('',#856,.T.);
#537=FACE_OUTER_BOUND('',#857,.T.);
#538=FACE_OUTER_BOUND('',#858,.T.);
#539=FACE_OUTER_BOUND('',#859,.T.);
#540=FACE_OUTER_BOUND('',#860,.T.);
#541=FACE_OUTER_BOUND('',#861,.T.);
#542=FACE_OUTER_BOUND('',#862,.T.);
#543=FACE_OUTER_BOUND('',#863,.T.);
#544=FACE_OUTER_BOUND('',#864,.T.);
#545=FACE_OUTER_BOUND('',#865,.T.);
#546=FACE_OUTER_BOUND('',#866,.T.);
#547=FACE_OUTER_BOUND('',#867,.T.);
#548=FACE_OUTER_BOUND('',#868,.T.);
#549=FACE_OUTER_BOUND('',#869,.T.);
#550=FACE_OUTER_BOUND('',#870,.T.);
#551=FACE_OUTER_BOUND('',#871,.T.);
#552=FACE_OUTER_BOUND('',#872,.T.);
#553=FACE_OUTER_BOUND('',#873,.T.);
#554=FACE_OUTER_BOUND('',#874,.T.);
#555=FACE_OUTER_BOUND('',#875,.T.);
#556=FACE_OUTER_BOUND('',#876,.T.);
#557=FACE_OUTER_BOUND('',#877,.T.);
#558=FACE_OUTER_BOUND('',#878,.T.);
#559=FACE_OUTER_BOUND('',#879,.T.);
#560=FACE_OUTER_BOUND('',#880,.T.);
#561=FACE_OUTER_BOUND('',#881,.T.);
#562=FACE_OUTER_BOUND('',#882,.T.);
#563=FACE_OUTER_BOUND('',#883,.T.);
#564=FACE_OUTER_BOUND('',#884,.T.);
#565=FACE_OUTER_BOUND('',#885,.T.);
#566=FACE_OUTER_BOUND('',#886,.T.);
#567=FACE_OUTER_BOUND('',#887,.T.);
#568=FACE_OUTER_BOUND('',#888,.T.);
#569=FACE_OUTER_BOUND('',#889,.T.);
#570=FACE_OUTER_BOUND('',#890,.T.);
#571=FACE_OUTER_BOUND('',#891,.T.);
#572=FACE_OUTER_BOUND('',#892,.T.);
#573=FACE_OUTER_BOUND('',#893,.T.);
#574=FACE_OUTER_BOUND('',#894,.T.);
#575=FACE_OUTER_BOUND('',#895,.T.);
#576=FACE_OUTER_BOUND('',#896,.T.);
#577=FACE_OUTER_BOUND('',#899,.T.);
#578=FACE_OUTER_BOUND('',#900,.T.);
#579=FACE_OUTER_BOUND('',#901,.T.);
#580=FACE_OUTER_BOUND('',#902,.T.);
#581=FACE_OUTER_BOUND('',#903,.T.);
#582=FACE_OUTER_BOUND('',#904,.T.);
#583=FACE_OUTER_BOUND('',#905,.T.);
#584=FACE_OUTER_BOUND('',#906,.T.);
#585=FACE_OUTER_BOUND('',#907,.T.);
#586=FACE_OUTER_BOUND('',#908,.T.);
#587=FACE_OUTER_BOUND('',#909,.T.);
#588=FACE_OUTER_BOUND('',#910,.T.);
#589=FACE_OUTER_BOUND('',#911,.T.);
#590=FACE_OUTER_BOUND('',#912,.T.);
#591=FACE_OUTER_BOUND('',#913,.T.);
#592=FACE_OUTER_BOUND('',#914,.T.);
#593=FACE_OUTER_BOUND('',#915,.T.);
#594=FACE_OUTER_BOUND('',#916,.T.);
#595=FACE_OUTER_BOUND('',#917,.T.);
#596=FACE_OUTER_BOUND('',#918,.T.);
#597=FACE_OUTER_BOUND('',#919,.T.);
#598=FACE_OUTER_BOUND('',#920,.T.);
#599=FACE_OUTER_BOUND('',#921,.T.);
#600=FACE_OUTER_BOUND('',#922,.T.);
#601=FACE_OUTER_BOUND('',#923,.T.);
#602=FACE_OUTER_BOUND('',#924,.T.);
#603=FACE_OUTER_BOUND('',#925,.T.);
#604=FACE_OUTER_BOUND('',#926,.T.);
#605=FACE_OUTER_BOUND('',#927,.T.);
#606=FACE_OUTER_BOUND('',#928,.T.);
#607=FACE_OUTER_BOUND('',#929,.T.);
#608=FACE_OUTER_BOUND('',#930,.T.);
#609=FACE_OUTER_BOUND('',#931,.T.);
#610=FACE_OUTER_BOUND('',#932,.T.);
#611=FACE_OUTER_BOUND('',#933,.T.);
#612=FACE_OUTER_BOUND('',#934,.T.);
#613=FACE_OUTER_BOUND('',#935,.T.);
#614=FACE_OUTER_BOUND('',#936,.T.);
#615=FACE_OUTER_BOUND('',#937,.T.);
#616=FACE_OUTER_BOUND('',#938,.T.);
#617=FACE_OUTER_BOUND('',#939,.T.);
#618=FACE_OUTER_BOUND('',#940,.T.);
#619=FACE_OUTER_BOUND('',#943,.T.);
#620=FACE_OUTER_BOUND('',#946,.T.);
#621=FACE_OUTER_BOUND('',#947,.T.);
#622=FACE_OUTER_BOUND('',#948,.T.);
#623=FACE_OUTER_BOUND('',#949,.T.);
#624=FACE_OUTER_BOUND('',#950,.T.);
#625=FACE_OUTER_BOUND('',#951,.T.);
#626=FACE_OUTER_BOUND('',#952,.T.);
#627=FACE_OUTER_BOUND('',#953,.T.);
#628=FACE_OUTER_BOUND('',#954,.T.);
#629=FACE_OUTER_BOUND('',#955,.T.);
#630=FACE_OUTER_BOUND('',#956,.T.);
#631=FACE_OUTER_BOUND('',#957,.T.);
#632=FACE_OUTER_BOUND('',#958,.T.);
#633=FACE_OUTER_BOUND('',#959,.T.);
#634=FACE_OUTER_BOUND('',#960,.T.);
#635=FACE_OUTER_BOUND('',#961,.T.);
#636=FACE_OUTER_BOUND('',#962,.T.);
#637=FACE_OUTER_BOUND('',#963,.T.);
#638=FACE_OUTER_BOUND('',#964,.T.);
#639=FACE_OUTER_BOUND('',#965,.T.);
#640=FACE_OUTER_BOUND('',#966,.T.);
#641=FACE_OUTER_BOUND('',#967,.T.);
#642=FACE_OUTER_BOUND('',#968,.T.);
#643=FACE_OUTER_BOUND('',#969,.T.);
#644=FACE_OUTER_BOUND('',#970,.T.);
#645=FACE_OUTER_BOUND('',#971,.T.);
#646=FACE_OUTER_BOUND('',#972,.T.);
#647=FACE_OUTER_BOUND('',#973,.T.);
#648=FACE_OUTER_BOUND('',#974,.T.);
#649=FACE_OUTER_BOUND('',#975,.T.);
#650=FACE_OUTER_BOUND('',#976,.T.);
#651=FACE_OUTER_BOUND('',#977,.T.);
#652=FACE_OUTER_BOUND('',#978,.T.);
#653=FACE_OUTER_BOUND('',#979,.T.);
#654=FACE_OUTER_BOUND('',#980,.T.);
#655=FACE_OUTER_BOUND('',#981,.T.);
#656=FACE_OUTER_BOUND('',#982,.T.);
#657=FACE_OUTER_BOUND('',#983,.T.);
#658=FACE_OUTER_BOUND('',#984,.T.);
#659=FACE_OUTER_BOUND('',#985,.T.);
#660=FACE_OUTER_BOUND('',#986,.T.);
#661=FACE_OUTER_BOUND('',#989,.T.);
#662=FACE_OUTER_BOUND('',#992,.T.);
#663=EDGE_LOOP('',(#3711,#3712,#3713));
#664=EDGE_LOOP('',(#3714,#3715,#3716));
#665=EDGE_LOOP('',(#3717,#3718,#3719,#3720));
#666=EDGE_LOOP('',(#3721,#3722,#3723,#3724));
#667=EDGE_LOOP('',(#3725));
#668=EDGE_LOOP('',(#3726));
#669=EDGE_LOOP('',(#3727));
#670=EDGE_LOOP('',(#3728));
#671=EDGE_LOOP('',(#3729,#3730,#3731));
#672=EDGE_LOOP('',(#3732,#3733,#3734,#3735));
#673=EDGE_LOOP('',(#3736,#3737,#3738,#3739));
#674=EDGE_LOOP('',(#3740,#3741,#3742,#3743));
#675=EDGE_LOOP('',(#3744,#3745,#3746,#3747));
#676=EDGE_LOOP('',(#3748,#3749,#3750,#3751));
#677=EDGE_LOOP('',(#3752));
#678=EDGE_LOOP('',(#3753));
#679=EDGE_LOOP('',(#3754,#3755,#3756,#3757));
#680=EDGE_LOOP('',(#3758,#3759,#3760,#3761));
#681=EDGE_LOOP('',(#3762,#3763,#3764,#3765));
#682=EDGE_LOOP('',(#3766,#3767,#3768,#3769));
#683=EDGE_LOOP('',(#3770,#3771,#3772,#3773));
#684=EDGE_LOOP('',(#3774,#3775,#3776,#3777));
#685=EDGE_LOOP('',(#3778,#3779,#3780,#3781));
#686=EDGE_LOOP('',(#3782,#3783,#3784,#3785));
#687=EDGE_LOOP('',(#3786,#3787,#3788,#3789));
#688=EDGE_LOOP('',(#3790));
#689=EDGE_LOOP('',(#3791));
#690=EDGE_LOOP('',(#3792,#3793,#3794,#3795));
#691=EDGE_LOOP('',(#3796,#3797,#3798,#3799));
#692=EDGE_LOOP('',(#3800,#3801,#3802,#3803));
#693=EDGE_LOOP('',(#3804,#3805,#3806,#3807));
#694=EDGE_LOOP('',(#3808,#3809,#3810,#3811));
#695=EDGE_LOOP('',(#3812,#3813,#3814,#3815));
#696=EDGE_LOOP('',(#3816,#3817,#3818,#3819));
#697=EDGE_LOOP('',(#3820,#3821,#3822,#3823));
#698=EDGE_LOOP('',(#3824,#3825,#3826,#3827));
#699=EDGE_LOOP('',(#3828,#3829,#3830,#3831));
#700=EDGE_LOOP('',(#3832,#3833,#3834,#3835));
#701=EDGE_LOOP('',(#3836,#3837,#3838,#3839));
#702=EDGE_LOOP('',(#3840,#3841,#3842,#3843));
#703=EDGE_LOOP('',(#3844,#3845,#3846,#3847));
#704=EDGE_LOOP('',(#3848,#3849,#3850,#3851));
#705=EDGE_LOOP('',(#3852,#3853,#3854,#3855));
#706=EDGE_LOOP('',(#3856,#3857,#3858,#3859));
#707=EDGE_LOOP('',(#3860,#3861,#3862,#3863));
#708=EDGE_LOOP('',(#3864,#3865,#3866,#3867));
#709=EDGE_LOOP('',(#3868,#3869,#3870,#3871));
#710=EDGE_LOOP('',(#3872,#3873,#3874,#3875));
#711=EDGE_LOOP('',(#3876,#3877,#3878,#3879));
#712=EDGE_LOOP('',(#3880,#3881,#3882,#3883));
#713=EDGE_LOOP('',(#3884,#3885,#3886,#3887));
#714=EDGE_LOOP('',(#3888,#3889,#3890,#3891));
#715=EDGE_LOOP('',(#3892,#3893,#3894,#3895));
#716=EDGE_LOOP('',(#3896,#3897,#3898,#3899));
#717=EDGE_LOOP('',(#3900,#3901,#3902,#3903));
#718=EDGE_LOOP('',(#3904,#3905,#3906,#3907));
#719=EDGE_LOOP('',(#3908,#3909,#3910,#3911));
#720=EDGE_LOOP('',(#3912,#3913,#3914,#3915));
#721=EDGE_LOOP('',(#3916,#3917,#3918,#3919));
#722=EDGE_LOOP('',(#3920,#3921,#3922,#3923));
#723=EDGE_LOOP('',(#3924,#3925,#3926,#3927));
#724=EDGE_LOOP('',(#3928,#3929,#3930,#3931));
#725=EDGE_LOOP('',(#3932,#3933,#3934,#3935));
#726=EDGE_LOOP('',(#3936,#3937,#3938,#3939));
#727=EDGE_LOOP('',(#3940,#3941,#3942,#3943,#3944,#3945,#3946,#3947,#3948,
#3949,#3950,#3951,#3952,#3953,#3954,#3955,#3956,#3957,#3958,#3959,#3960,
#3961,#3962,#3963,#3964,#3965,#3966,#3967,#3968,#3969,#3970,#3971,#3972,
#3973,#3974,#3975,#3976,#3977,#3978,#3979,#3980,#3981,#3982,#3983));
#728=EDGE_LOOP('',(#3984,#3985,#3986,#3987));
#729=EDGE_LOOP('',(#3988,#3989,#3990,#3991,#3992,#3993,#3994,#3995,#3996,
#3997,#3998,#3999,#4000,#4001,#4002,#4003,#4004,#4005,#4006,#4007,#4008,
#4009,#4010,#4011,#4012,#4013,#4014,#4015,#4016,#4017,#4018,#4019,#4020,
#4021,#4022,#4023,#4024,#4025,#4026,#4027,#4028,#4029,#4030,#4031));
#730=EDGE_LOOP('',(#4032,#4033,#4034,#4035));
#731=EDGE_LOOP('',(#4036,#4037,#4038,#4039));
#732=EDGE_LOOP('',(#4040));
#733=EDGE_LOOP('',(#4041));
#734=EDGE_LOOP('',(#4042,#4043,#4044,#4045));
#735=EDGE_LOOP('',(#4046,#4047,#4048,#4049));
#736=EDGE_LOOP('',(#4050,#4051,#4052,#4053));
#737=EDGE_LOOP('',(#4054));
#738=EDGE_LOOP('',(#4055));
#739=EDGE_LOOP('',(#4056,#4057,#4058,#4059));
#740=EDGE_LOOP('',(#4060,#4061,#4062));
#741=EDGE_LOOP('',(#4063,#4064,#4065,#4066,#4067,#4068,#4069,#4070,#4071,
#4072,#4073,#4074));
#742=EDGE_LOOP('',(#4075,#4076,#4077,#4078));
#743=EDGE_LOOP('',(#4079,#4080,#4081,#4082));
#744=EDGE_LOOP('',(#4083,#4084,#4085,#4086));
#745=EDGE_LOOP('',(#4087,#4088,#4089,#4090));
#746=EDGE_LOOP('',(#4091,#4092,#4093,#4094));
#747=EDGE_LOOP('',(#4095,#4096,#4097,#4098));
#748=EDGE_LOOP('',(#4099,#4100,#4101,#4102));
#749=EDGE_LOOP('',(#4103,#4104,#4105,#4106));
#750=EDGE_LOOP('',(#4107,#4108,#4109,#4110));
#751=EDGE_LOOP('',(#4111,#4112,#4113,#4114));
#752=EDGE_LOOP('',(#4115,#4116,#4117,#4118));
#753=EDGE_LOOP('',(#4119,#4120,#4121,#4122));
#754=EDGE_LOOP('',(#4123));
#755=EDGE_LOOP('',(#4124,#4125,#4126,#4127,#4128,#4129,#4130,#4131,#4132,
#4133,#4134,#4135));
#756=EDGE_LOOP('',(#4136));
#757=EDGE_LOOP('',(#4137,#4138,#4139,#4140));
#758=EDGE_LOOP('',(#4141,#4142,#4143,#4144,#4145,#4146,#4147,#4148,#4149,
#4150,#4151,#4152));
#759=EDGE_LOOP('',(#4153,#4154,#4155,#4156));
#760=EDGE_LOOP('',(#4157,#4158,#4159,#4160));
#761=EDGE_LOOP('',(#4161,#4162,#4163,#4164));
#762=EDGE_LOOP('',(#4165,#4166,#4167,#4168));
#763=EDGE_LOOP('',(#4169,#4170,#4171,#4172));
#764=EDGE_LOOP('',(#4173,#4174,#4175,#4176));
#765=EDGE_LOOP('',(#4177,#4178,#4179,#4180));
#766=EDGE_LOOP('',(#4181,#4182,#4183,#4184));
#767=EDGE_LOOP('',(#4185,#4186,#4187,#4188));
#768=EDGE_LOOP('',(#4189,#4190,#4191,#4192));
#769=EDGE_LOOP('',(#4193,#4194,#4195,#4196));
#770=EDGE_LOOP('',(#4197,#4198,#4199,#4200));
#771=EDGE_LOOP('',(#4201));
#772=EDGE_LOOP('',(#4202,#4203,#4204,#4205,#4206,#4207,#4208,#4209,#4210,
#4211,#4212,#4213));
#773=EDGE_LOOP('',(#4214));
#774=EDGE_LOOP('',(#4215,#4216,#4217,#4218));
#775=EDGE_LOOP('',(#4219,#4220,#4221,#4222,#4223,#4224,#4225,#4226,#4227,
#4228,#4229,#4230));
#776=EDGE_LOOP('',(#4231,#4232,#4233,#4234));
#777=EDGE_LOOP('',(#4235,#4236,#4237,#4238));
#778=EDGE_LOOP('',(#4239,#4240,#4241,#4242));
#779=EDGE_LOOP('',(#4243,#4244,#4245,#4246));
#780=EDGE_LOOP('',(#4247,#4248,#4249,#4250));
#781=EDGE_LOOP('',(#4251,#4252,#4253,#4254));
#782=EDGE_LOOP('',(#4255,#4256,#4257,#4258));
#783=EDGE_LOOP('',(#4259,#4260,#4261,#4262));
#784=EDGE_LOOP('',(#4263,#4264,#4265,#4266));
#785=EDGE_LOOP('',(#4267,#4268,#4269,#4270));
#786=EDGE_LOOP('',(#4271,#4272,#4273,#4274));
#787=EDGE_LOOP('',(#4275,#4276,#4277,#4278));
#788=EDGE_LOOP('',(#4279));
#789=EDGE_LOOP('',(#4280,#4281,#4282,#4283,#4284,#4285,#4286,#4287,#4288,
#4289,#4290,#4291));
#790=EDGE_LOOP('',(#4292));
#791=EDGE_LOOP('',(#4293,#4294,#4295,#4296));
#792=EDGE_LOOP('',(#4297,#4298,#4299,#4300,#4301,#4302,#4303,#4304,#4305,
#4306,#4307,#4308,#4309,#4310,#4311,#4312,#4313,#4314,#4315,#4316,#4317,
#4318,#4319,#4320,#4321,#4322,#4323,#4324,#4325,#4326,#4327,#4328,#4329,
#4330,#4331,#4332,#4333,#4334));
#793=EDGE_LOOP('',(#4335));
#794=EDGE_LOOP('',(#4336,#4337,#4338,#4339));
#795=EDGE_LOOP('',(#4340,#4341,#4342,#4343));
#796=EDGE_LOOP('',(#4344,#4345,#4346,#4347));
#797=EDGE_LOOP('',(#4348,#4349,#4350,#4351));
#798=EDGE_LOOP('',(#4352,#4353,#4354,#4355));
#799=EDGE_LOOP('',(#4356,#4357,#4358,#4359));
#800=EDGE_LOOP('',(#4360,#4361,#4362,#4363));
#801=EDGE_LOOP('',(#4364,#4365,#4366,#4367));
#802=EDGE_LOOP('',(#4368,#4369,#4370,#4371));
#803=EDGE_LOOP('',(#4372,#4373,#4374,#4375));
#804=EDGE_LOOP('',(#4376,#4377,#4378,#4379));
#805=EDGE_LOOP('',(#4380,#4381,#4382,#4383));
#806=EDGE_LOOP('',(#4384,#4385,#4386,#4387));
#807=EDGE_LOOP('',(#4388,#4389,#4390,#4391));
#808=EDGE_LOOP('',(#4392,#4393,#4394,#4395));
#809=EDGE_LOOP('',(#4396,#4397,#4398,#4399));
#810=EDGE_LOOP('',(#4400,#4401,#4402,#4403));
#811=EDGE_LOOP('',(#4404,#4405,#4406,#4407));
#812=EDGE_LOOP('',(#4408,#4409,#4410,#4411));
#813=EDGE_LOOP('',(#4412,#4413,#4414,#4415));
#814=EDGE_LOOP('',(#4416,#4417,#4418,#4419));
#815=EDGE_LOOP('',(#4420,#4421,#4422,#4423));
#816=EDGE_LOOP('',(#4424,#4425,#4426,#4427));
#817=EDGE_LOOP('',(#4428,#4429,#4430,#4431));
#818=EDGE_LOOP('',(#4432,#4433,#4434,#4435));
#819=EDGE_LOOP('',(#4436,#4437,#4438,#4439));
#820=EDGE_LOOP('',(#4440,#4441,#4442,#4443));
#821=EDGE_LOOP('',(#4444,#4445,#4446,#4447));
#822=EDGE_LOOP('',(#4448,#4449,#4450,#4451));
#823=EDGE_LOOP('',(#4452,#4453,#4454,#4455));
#824=EDGE_LOOP('',(#4456,#4457,#4458,#4459));
#825=EDGE_LOOP('',(#4460,#4461,#4462,#4463));
#826=EDGE_LOOP('',(#4464,#4465,#4466,#4467));
#827=EDGE_LOOP('',(#4468,#4469,#4470,#4471));
#828=EDGE_LOOP('',(#4472,#4473,#4474,#4475));
#829=EDGE_LOOP('',(#4476,#4477,#4478,#4479));
#830=EDGE_LOOP('',(#4480,#4481,#4482,#4483));
#831=EDGE_LOOP('',(#4484,#4485,#4486,#4487));
#832=EDGE_LOOP('',(#4488,#4489,#4490,#4491));
#833=EDGE_LOOP('',(#4492,#4493,#4494,#4495,#4496,#4497,#4498,#4499,#4500,
#4501,#4502,#4503,#4504,#4505,#4506,#4507,#4508,#4509,#4510,#4511,#4512,
#4513,#4514,#4515,#4516,#4517,#4518,#4519,#4520,#4521,#4522,#4523,#4524,
#4525,#4526,#4527,#4528,#4529));
#834=EDGE_LOOP('',(#4530));
#835=EDGE_LOOP('',(#4531));
#836=EDGE_LOOP('',(#4532));
#837=EDGE_LOOP('',(#4533,#4534,#4535,#4536));
#838=EDGE_LOOP('',(#4537,#4538,#4539,#4540,#4541,#4542,#4543,#4544,#4545,
#4546,#4547,#4548));
#839=EDGE_LOOP('',(#4549,#4550,#4551,#4552));
#840=EDGE_LOOP('',(#4553,#4554,#4555,#4556));
#841=EDGE_LOOP('',(#4557,#4558,#4559,#4560));
#842=EDGE_LOOP('',(#4561,#4562,#4563,#4564));
#843=EDGE_LOOP('',(#4565,#4566,#4567,#4568));
#844=EDGE_LOOP('',(#4569,#4570,#4571,#4572));
#845=EDGE_LOOP('',(#4573,#4574,#4575,#4576));
#846=EDGE_LOOP('',(#4577,#4578,#4579,#4580));
#847=EDGE_LOOP('',(#4581,#4582,#4583,#4584));
#848=EDGE_LOOP('',(#4585,#4586,#4587,#4588));
#849=EDGE_LOOP('',(#4589,#4590,#4591,#4592));
#850=EDGE_LOOP('',(#4593,#4594,#4595,#4596));
#851=EDGE_LOOP('',(#4597));
#852=EDGE_LOOP('',(#4598,#4599,#4600,#4601,#4602,#4603,#4604,#4605,#4606,
#4607,#4608,#4609));
#853=EDGE_LOOP('',(#4610));
#854=EDGE_LOOP('',(#4611,#4612,#4613,#4614));
#855=EDGE_LOOP('',(#4615,#4616,#4617,#4618,#4619,#4620,#4621,#4622,#4623,
#4624,#4625,#4626,#4627,#4628,#4629,#4630,#4631,#4632,#4633,#4634,#4635,
#4636,#4637,#4638,#4639,#4640,#4641,#4642,#4643,#4644,#4645,#4646,#4647,
#4648,#4649,#4650,#4651,#4652));
#856=EDGE_LOOP('',(#4653));
#857=EDGE_LOOP('',(#4654,#4655,#4656,#4657));
#858=EDGE_LOOP('',(#4658,#4659,#4660,#4661));
#859=EDGE_LOOP('',(#4662,#4663,#4664,#4665));
#860=EDGE_LOOP('',(#4666,#4667,#4668,#4669));
#861=EDGE_LOOP('',(#4670,#4671,#4672,#4673));
#862=EDGE_LOOP('',(#4674,#4675,#4676,#4677));
#863=EDGE_LOOP('',(#4678,#4679,#4680,#4681));
#864=EDGE_LOOP('',(#4682,#4683,#4684,#4685));
#865=EDGE_LOOP('',(#4686,#4687,#4688,#4689));
#866=EDGE_LOOP('',(#4690,#4691,#4692,#4693));
#867=EDGE_LOOP('',(#4694,#4695,#4696,#4697));
#868=EDGE_LOOP('',(#4698,#4699,#4700,#4701));
#869=EDGE_LOOP('',(#4702,#4703,#4704,#4705));
#870=EDGE_LOOP('',(#4706,#4707,#4708,#4709));
#871=EDGE_LOOP('',(#4710,#4711,#4712,#4713));
#872=EDGE_LOOP('',(#4714,#4715,#4716,#4717));
#873=EDGE_LOOP('',(#4718,#4719,#4720,#4721));
#874=EDGE_LOOP('',(#4722,#4723,#4724,#4725));
#875=EDGE_LOOP('',(#4726,#4727,#4728,#4729));
#876=EDGE_LOOP('',(#4730,#4731,#4732,#4733));
#877=EDGE_LOOP('',(#4734,#4735,#4736,#4737));
#878=EDGE_LOOP('',(#4738,#4739,#4740,#4741));
#879=EDGE_LOOP('',(#4742,#4743,#4744,#4745));
#880=EDGE_LOOP('',(#4746,#4747,#4748,#4749));
#881=EDGE_LOOP('',(#4750,#4751,#4752,#4753));
#882=EDGE_LOOP('',(#4754,#4755,#4756,#4757));
#883=EDGE_LOOP('',(#4758,#4759,#4760,#4761));
#884=EDGE_LOOP('',(#4762,#4763,#4764,#4765));
#885=EDGE_LOOP('',(#4766,#4767,#4768,#4769));
#886=EDGE_LOOP('',(#4770,#4771,#4772,#4773));
#887=EDGE_LOOP('',(#4774,#4775,#4776,#4777));
#888=EDGE_LOOP('',(#4778,#4779,#4780,#4781));
#889=EDGE_LOOP('',(#4782,#4783,#4784,#4785));
#890=EDGE_LOOP('',(#4786,#4787,#4788,#4789));
#891=EDGE_LOOP('',(#4790,#4791,#4792,#4793));
#892=EDGE_LOOP('',(#4794,#4795,#4796,#4797));
#893=EDGE_LOOP('',(#4798,#4799,#4800,#4801));
#894=EDGE_LOOP('',(#4802,#4803,#4804,#4805));
#895=EDGE_LOOP('',(#4806,#4807,#4808,#4809));
#896=EDGE_LOOP('',(#4810,#4811,#4812,#4813,#4814,#4815,#4816,#4817,#4818,
#4819,#4820,#4821,#4822,#4823,#4824,#4825,#4826,#4827,#4828,#4829,#4830,
#4831,#4832,#4833,#4834,#4835,#4836,#4837,#4838,#4839,#4840,#4841,#4842,
#4843,#4844,#4845,#4846,#4847));
#897=EDGE_LOOP('',(#4848));
#898=EDGE_LOOP('',(#4849));
#899=EDGE_LOOP('',(#4850));
#900=EDGE_LOOP('',(#4851,#4852,#4853,#4854));
#901=EDGE_LOOP('',(#4855,#4856,#4857,#4858));
#902=EDGE_LOOP('',(#4859,#4860,#4861,#4862));
#903=EDGE_LOOP('',(#4863,#4864,#4865,#4866));
#904=EDGE_LOOP('',(#4867,#4868,#4869,#4870));
#905=EDGE_LOOP('',(#4871,#4872,#4873,#4874));
#906=EDGE_LOOP('',(#4875,#4876,#4877,#4878));
#907=EDGE_LOOP('',(#4879,#4880,#4881,#4882));
#908=EDGE_LOOP('',(#4883,#4884,#4885,#4886));
#909=EDGE_LOOP('',(#4887,#4888,#4889,#4890));
#910=EDGE_LOOP('',(#4891,#4892,#4893,#4894));
#911=EDGE_LOOP('',(#4895,#4896,#4897,#4898));
#912=EDGE_LOOP('',(#4899,#4900,#4901,#4902));
#913=EDGE_LOOP('',(#4903,#4904,#4905,#4906));
#914=EDGE_LOOP('',(#4907,#4908,#4909,#4910));
#915=EDGE_LOOP('',(#4911,#4912,#4913,#4914));
#916=EDGE_LOOP('',(#4915,#4916,#4917,#4918));
#917=EDGE_LOOP('',(#4919,#4920,#4921,#4922));
#918=EDGE_LOOP('',(#4923,#4924,#4925,#4926));
#919=EDGE_LOOP('',(#4927,#4928,#4929,#4930));
#920=EDGE_LOOP('',(#4931,#4932,#4933,#4934));
#921=EDGE_LOOP('',(#4935,#4936,#4937,#4938));
#922=EDGE_LOOP('',(#4939,#4940,#4941,#4942));
#923=EDGE_LOOP('',(#4943,#4944,#4945,#4946));
#924=EDGE_LOOP('',(#4947,#4948,#4949,#4950));
#925=EDGE_LOOP('',(#4951,#4952,#4953,#4954));
#926=EDGE_LOOP('',(#4955,#4956,#4957,#4958));
#927=EDGE_LOOP('',(#4959,#4960,#4961,#4962));
#928=EDGE_LOOP('',(#4963,#4964,#4965,#4966));
#929=EDGE_LOOP('',(#4967,#4968,#4969,#4970));
#930=EDGE_LOOP('',(#4971,#4972,#4973,#4974));
#931=EDGE_LOOP('',(#4975,#4976,#4977,#4978));
#932=EDGE_LOOP('',(#4979,#4980,#4981,#4982));
#933=EDGE_LOOP('',(#4983,#4984,#4985,#4986));
#934=EDGE_LOOP('',(#4987,#4988,#4989,#4990));
#935=EDGE_LOOP('',(#4991,#4992,#4993,#4994));
#936=EDGE_LOOP('',(#4995,#4996,#4997,#4998));
#937=EDGE_LOOP('',(#4999,#5000,#5001,#5002));
#938=EDGE_LOOP('',(#5003,#5004,#5005,#5006));
#939=EDGE_LOOP('',(#5007,#5008,#5009,#5010));
#940=EDGE_LOOP('',(#5011,#5012,#5013,#5014,#5015,#5016,#5017,#5018,#5019,
#5020,#5021,#5022,#5023,#5024,#5025,#5026,#5027,#5028,#5029,#5030,#5031,
#5032,#5033,#5034,#5035,#5036,#5037,#5038,#5039,#5040,#5041,#5042,#5043,
#5044,#5045,#5046,#5047,#5048));
#941=EDGE_LOOP('',(#5049));
#942=EDGE_LOOP('',(#5050));
#943=EDGE_LOOP('',(#5051,#5052,#5053,#5054,#5055,#5056,#5057,#5058,#5059,
#5060,#5061,#5062,#5063,#5064,#5065,#5066,#5067,#5068,#5069,#5070,#5071,
#5072,#5073,#5074,#5075,#5076,#5077,#5078,#5079,#5080,#5081,#5082,#5083,
#5084,#5085,#5086,#5087,#5088));
#944=EDGE_LOOP('',(#5089));
#945=EDGE_LOOP('',(#5090));
#946=EDGE_LOOP('',(#5091,#5092,#5093,#5094));
#947=EDGE_LOOP('',(#5095,#5096,#5097,#5098));
#948=EDGE_LOOP('',(#5099,#5100,#5101,#5102));
#949=EDGE_LOOP('',(#5103,#5104,#5105,#5106));
#950=EDGE_LOOP('',(#5107,#5108,#5109,#5110));
#951=EDGE_LOOP('',(#5111,#5112,#5113,#5114));
#952=EDGE_LOOP('',(#5115,#5116,#5117,#5118));
#953=EDGE_LOOP('',(#5119,#5120,#5121,#5122));
#954=EDGE_LOOP('',(#5123,#5124,#5125,#5126));
#955=EDGE_LOOP('',(#5127,#5128,#5129,#5130));
#956=EDGE_LOOP('',(#5131,#5132,#5133,#5134));
#957=EDGE_LOOP('',(#5135,#5136,#5137,#5138));
#958=EDGE_LOOP('',(#5139,#5140,#5141,#5142));
#959=EDGE_LOOP('',(#5143,#5144,#5145,#5146));
#960=EDGE_LOOP('',(#5147,#5148,#5149,#5150));
#961=EDGE_LOOP('',(#5151,#5152,#5153,#5154));
#962=EDGE_LOOP('',(#5155,#5156,#5157,#5158));
#963=EDGE_LOOP('',(#5159,#5160,#5161,#5162));
#964=EDGE_LOOP('',(#5163,#5164,#5165,#5166));
#965=EDGE_LOOP('',(#5167,#5168,#5169,#5170));
#966=EDGE_LOOP('',(#5171,#5172,#5173,#5174));
#967=EDGE_LOOP('',(#5175,#5176,#5177,#5178));
#968=EDGE_LOOP('',(#5179,#5180,#5181,#5182));
#969=EDGE_LOOP('',(#5183,#5184,#5185,#5186));
#970=EDGE_LOOP('',(#5187,#5188,#5189,#5190));
#971=EDGE_LOOP('',(#5191,#5192,#5193,#5194));
#972=EDGE_LOOP('',(#5195,#5196,#5197,#5198));
#973=EDGE_LOOP('',(#5199,#5200,#5201,#5202));
#974=EDGE_LOOP('',(#5203,#5204,#5205,#5206));
#975=EDGE_LOOP('',(#5207,#5208,#5209,#5210));
#976=EDGE_LOOP('',(#5211,#5212,#5213,#5214));
#977=EDGE_LOOP('',(#5215,#5216,#5217,#5218));
#978=EDGE_LOOP('',(#5219,#5220,#5221,#5222));
#979=EDGE_LOOP('',(#5223,#5224,#5225,#5226));
#980=EDGE_LOOP('',(#5227,#5228,#5229,#5230));
#981=EDGE_LOOP('',(#5231,#5232,#5233,#5234));
#982=EDGE_LOOP('',(#5235,#5236,#5237,#5238));
#983=EDGE_LOOP('',(#5239,#5240,#5241,#5242));
#984=EDGE_LOOP('',(#5243,#5244,#5245,#5246));
#985=EDGE_LOOP('',(#5247,#5248,#5249,#5250));
#986=EDGE_LOOP('',(#5251,#5252,#5253,#5254,#5255,#5256,#5257,#5258,#5259,
#5260,#5261,#5262,#5263,#5264,#5265,#5266,#5267,#5268,#5269,#5270,#5271,
#5272,#5273,#5274,#5275,#5276,#5277,#5278,#5279,#5280,#5281,#5282,#5283,
#5284,#5285,#5286,#5287,#5288));
#987=EDGE_LOOP('',(#5289));
#988=EDGE_LOOP('',(#5290));
#989=EDGE_LOOP('',(#5291,#5292,#5293,#5294,#5295,#5296,#5297,#5298,#5299,
#5300,#5301,#5302,#5303,#5304,#5305,#5306,#5307,#5308,#5309,#5310,#5311,
#5312,#5313,#5314,#5315,#5316,#5317,#5318,#5319,#5320,#5321,#5322,#5323,
#5324,#5325,#5326,#5327,#5328));
#990=EDGE_LOOP('',(#5329));
#991=EDGE_LOOP('',(#5330));
#992=EDGE_LOOP('',(#5331,#5332,#5333,#5334));
#993=CIRCLE('',#5683,1.2295);
#994=CIRCLE('',#5685,1.2295);
#995=CIRCLE('',#5687,1.2295);
#996=CIRCLE('',#5689,1.2295);
#997=CIRCLE('',#5691,1.5);
#998=CIRCLE('',#5693,1.5);
#999=CIRCLE('',#5695,1.2295);
#1000=CIRCLE('',#5697,1.2295);
#1001=CIRCLE('',#5699,1.2295);
#1002=CIRCLE('',#5701,1.2295);
#1003=CIRCLE('',#5703,1.2295);
#1004=CIRCLE('',#5705,1.2295);
#1005=CIRCLE('',#5707,1.5);
#1006=CIRCLE('',#5709,1.5);
#1007=CIRCLE('',#5711,1.5);
#1008=CIRCLE('',#5713,1.2295);
#1009=CIRCLE('',#5723,0.500000000000002);
#1010=CIRCLE('',#5724,0.500000000000002);
#1011=CIRCLE('',#5730,0.249999999999999);
#1012=CIRCLE('',#5731,0.249999999999999);
#1013=CIRCLE('',#5733,1.2);
#1014=CIRCLE('',#5734,1.2);
#1015=CIRCLE('',#5736,0.250000000000001);
#1016=CIRCLE('',#5737,0.250000000000001);
#1017=CIRCLE('',#5740,0.25);
#1018=CIRCLE('',#5741,0.25);
#1019=CIRCLE('',#5744,0.250000000000001);
#1020=CIRCLE('',#5745,0.250000000000001);
#1021=CIRCLE('',#5748,0.250000000000006);
#1022=CIRCLE('',#5749,0.250000000000006);
#1023=CIRCLE('',#5751,1.2);
#1024=CIRCLE('',#5752,1.2);
#1025=CIRCLE('',#5754,0.249999999999999);
#1026=CIRCLE('',#5755,0.249999999999999);
#1027=CIRCLE('',#5762,0.250000000000002);
#1028=CIRCLE('',#5763,0.250000000000002);
#1029=CIRCLE('',#5765,1.2);
#1030=CIRCLE('',#5766,1.2);
#1031=CIRCLE('',#5768,0.249999999999995);
#1032=CIRCLE('',#5769,0.249999999999995);
#1033=CIRCLE('',#5772,0.249999999999999);
#1034=CIRCLE('',#5773,0.249999999999999);
#1035=CIRCLE('',#5776,0.249999999999999);
#1036=CIRCLE('',#5777,0.249999999999999);
#1037=CIRCLE('',#5780,0.249999999999997);
#1038=CIRCLE('',#5781,0.249999999999997);
#1039=CIRCLE('',#5783,1.2);
#1040=CIRCLE('',#5784,1.2);
#1041=CIRCLE('',#5786,0.249999999999999);
#1042=CIRCLE('',#5787,0.249999999999999);
#1043=CIRCLE('',#5790,1.2295);
#1044=CIRCLE('',#5796,1.5);
#1045=CIRCLE('',#5798,1.5);
#1046=CIRCLE('',#5800,1.2295);
#1047=CIRCLE('',#5802,1.2295);
#1048=CIRCLE('',#5804,1.5);
#1049=CIRCLE('',#5806,1.2295);
#1050=CIRCLE('',#5808,1.2295);
#1051=CIRCLE('',#5812,2.72213966970458);
#1052=CIRCLE('',#5814,2.72213966970458);
#1053=CIRCLE('',#5816,2.55733149618491);
#1054=CIRCLE('',#5818,2.72213966970458);
#1055=CIRCLE('',#5820,2.72213966970458);
#1056=CIRCLE('',#5822,2.55733149618491);
#1057=CIRCLE('',#5824,2.72213966970458);
#1058=CIRCLE('',#5826,2.72213966970458);
#1059=CIRCLE('',#5828,2.55733149618491);
#1060=CIRCLE('',#5830,2.72213966970458);
#1061=CIRCLE('',#5832,2.72213966970458);
#1062=CIRCLE('',#5834,2.55733149618491);
#1063=CIRCLE('',#5836,1.93000906917927);
#1064=CIRCLE('',#5838,2.);
#1065=CIRCLE('',#5842,2.72213966970458);
#1066=CIRCLE('',#5844,2.72213966970458);
#1067=CIRCLE('',#5846,2.55733149618491);
#1068=CIRCLE('',#5848,2.72213966970458);
#1069=CIRCLE('',#5850,2.72213966970458);
#1070=CIRCLE('',#5852,2.55733149618491);
#1071=CIRCLE('',#5854,2.72213966970458);
#1072=CIRCLE('',#5856,2.72213966970458);
#1073=CIRCLE('',#5858,2.55733149618491);
#1074=CIRCLE('',#5860,2.72213966970458);
#1075=CIRCLE('',#5862,2.72213966970458);
#1076=CIRCLE('',#5864,2.55733149618491);
#1077=CIRCLE('',#5866,1.93000906917927);
#1078=CIRCLE('',#5868,2.);
#1079=CIRCLE('',#5872,2.72213966970458);
#1080=CIRCLE('',#5874,2.72213966970458);
#1081=CIRCLE('',#5876,2.55733149618491);
#1082=CIRCLE('',#5878,2.72213966970458);
#1083=CIRCLE('',#5880,2.72213966970458);
#1084=CIRCLE('',#5882,2.55733149618491);
#1085=CIRCLE('',#5884,2.72213966970458);
#1086=CIRCLE('',#5886,2.72213966970458);
#1087=CIRCLE('',#5888,2.55733149618491);
#1088=CIRCLE('',#5890,2.72213966970458);
#1089=CIRCLE('',#5892,2.72213966970458);
#1090=CIRCLE('',#5894,2.55733149618491);
#1091=CIRCLE('',#5896,1.93000906917927);
#1092=CIRCLE('',#5898,2.);
#1093=CIRCLE('',#5901,0.249999999999999);
#1094=CIRCLE('',#5902,1.2);
#1095=CIRCLE('',#5903,0.249999999999997);
#1096=CIRCLE('',#5904,0.249999999999999);
#1097=CIRCLE('',#5905,0.249999999999999);
#1098=CIRCLE('',#5906,0.249999999999995);
#1099=CIRCLE('',#5907,1.2);
#1100=CIRCLE('',#5908,0.250000000000002);
#1101=CIRCLE('',#5909,0.249999999999999);
#1102=CIRCLE('',#5910,1.2);
#1103=CIRCLE('',#5911,0.250000000000006);
#1104=CIRCLE('',#5912,0.250000000000001);
#1105=CIRCLE('',#5913,0.25);
#1106=CIRCLE('',#5914,0.250000000000001);
#1107=CIRCLE('',#5915,1.2);
#1108=CIRCLE('',#5916,0.249999999999999);
#1109=CIRCLE('',#5918,2.1);
#1110=CIRCLE('',#5920,0.249999999999999);
#1111=CIRCLE('',#5922,1.2);
#1112=CIRCLE('',#5924,0.249999999999997);
#1113=CIRCLE('',#5927,0.249999999999999);
#1114=CIRCLE('',#5930,0.249999999999999);
#1115=CIRCLE('',#5933,0.249999999999995);
#1116=CIRCLE('',#5935,1.2);
#1117=CIRCLE('',#5937,0.250000000000002);
#1118=CIRCLE('',#5944,0.249999999999999);
#1119=CIRCLE('',#5946,1.2);
#1120=CIRCLE('',#5948,0.250000000000006);
#1121=CIRCLE('',#5951,0.250000000000001);
#1122=CIRCLE('',#5954,0.25);
#1123=CIRCLE('',#5957,0.250000000000001);
#1124=CIRCLE('',#5959,1.2);
#1125=CIRCLE('',#5961,0.249999999999999);
#1126=CIRCLE('',#5974,2.1);
#1127=CIRCLE('',#5976,2.1);
#1128=CIRCLE('',#5978,2.1);
#1129=CIRCLE('',#5982,2.72213966970458);
#1130=CIRCLE('',#5984,2.72213966970458);
#1131=CIRCLE('',#5986,2.55733149618491);
#1132=CIRCLE('',#5988,2.72213966970458);
#1133=CIRCLE('',#5990,2.72213966970458);
#1134=CIRCLE('',#5992,2.55733149618491);
#1135=CIRCLE('',#5994,2.72213966970458);
#1136=CIRCLE('',#5996,2.72213966970458);
#1137=CIRCLE('',#5998,2.55733149618491);
#1138=CIRCLE('',#6000,2.72213966970458);
#1139=CIRCLE('',#6002,2.72213966970458);
#1140=CIRCLE('',#6004,2.55733149618491);
#1141=CIRCLE('',#6006,1.93000906917927);
#1142=CIRCLE('',#6008,2.);
#1143=CIRCLE('',#6011,0.249999999999999);
#1144=CIRCLE('',#6012,1.2);
#1145=CIRCLE('',#6013,0.249999999999997);
#1146=CIRCLE('',#6014,0.249999999999999);
#1147=CIRCLE('',#6015,0.249999999999999);
#1148=CIRCLE('',#6016,0.249999999999995);
#1149=CIRCLE('',#6017,1.2);
#1150=CIRCLE('',#6018,0.250000000000002);
#1151=CIRCLE('',#6019,0.249999999999999);
#1152=CIRCLE('',#6020,1.2);
#1153=CIRCLE('',#6021,0.250000000000006);
#1154=CIRCLE('',#6022,0.250000000000001);
#1155=CIRCLE('',#6023,0.25);
#1156=CIRCLE('',#6024,0.250000000000001);
#1157=CIRCLE('',#6025,1.2);
#1158=CIRCLE('',#6026,0.249999999999999);
#1159=CIRCLE('',#6028,2.1);
#1160=CIRCLE('',#6030,0.249999999999999);
#1161=CIRCLE('',#6032,1.2);
#1162=CIRCLE('',#6034,0.249999999999997);
#1163=CIRCLE('',#6037,0.249999999999999);
#1164=CIRCLE('',#6040,0.249999999999999);
#1165=CIRCLE('',#6043,0.249999999999995);
#1166=CIRCLE('',#6045,1.2);
#1167=CIRCLE('',#6047,0.250000000000002);
#1168=CIRCLE('',#6054,0.249999999999999);
#1169=CIRCLE('',#6056,1.2);
#1170=CIRCLE('',#6058,0.250000000000006);
#1171=CIRCLE('',#6061,0.250000000000001);
#1172=CIRCLE('',#6064,0.25);
#1173=CIRCLE('',#6067,0.250000000000001);
#1174=CIRCLE('',#6069,1.2);
#1175=CIRCLE('',#6071,0.249999999999999);
#1176=CIRCLE('',#6084,2.1);
#1177=CIRCLE('',#6086,2.1);
#1178=CIRCLE('',#6088,2.1);
#1179=CIRCLE('',#6091,0.249999999999999);
#1180=CIRCLE('',#6092,0.249999999999999);
#1181=CIRCLE('',#6094,1.2);
#1182=CIRCLE('',#6095,1.2);
#1183=CIRCLE('',#6097,0.249999999999997);
#1184=CIRCLE('',#6098,0.249999999999997);
#1185=CIRCLE('',#6101,0.249999999999999);
#1186=CIRCLE('',#6102,0.249999999999999);
#1187=CIRCLE('',#6105,0.249999999999999);
#1188=CIRCLE('',#6106,0.249999999999999);
#1189=CIRCLE('',#6109,0.249999999999995);
#1190=CIRCLE('',#6110,0.249999999999995);
#1191=CIRCLE('',#6112,1.2);
#1192=CIRCLE('',#6113,1.2);
#1193=CIRCLE('',#6115,0.250000000000002);
#1194=CIRCLE('',#6116,0.250000000000002);
#1195=CIRCLE('',#6123,0.249999999999999);
#1196=CIRCLE('',#6124,0.249999999999999);
#1197=CIRCLE('',#6126,1.2);
#1198=CIRCLE('',#6127,1.2);
#1199=CIRCLE('',#6129,0.250000000000006);
#1200=CIRCLE('',#6130,0.250000000000006);
#1201=CIRCLE('',#6133,0.250000000000001);
#1202=CIRCLE('',#6134,0.250000000000001);
#1203=CIRCLE('',#6137,0.25);
#1204=CIRCLE('',#6138,0.25);
#1205=CIRCLE('',#6141,0.250000000000001);
#1206=CIRCLE('',#6142,0.250000000000001);
#1207=CIRCLE('',#6144,1.2);
#1208=CIRCLE('',#6145,1.2);
#1209=CIRCLE('',#6147,0.249999999999999);
#1210=CIRCLE('',#6148,0.249999999999999);
#1211=CIRCLE('',#6161,2.1);
#1212=CIRCLE('',#6162,2.1);
#1213=CIRCLE('',#6164,2.1);
#1214=CIRCLE('',#6166,2.1);
#1215=CIRCLE('',#6179,0.249999999999999);
#1216=CIRCLE('',#6180,0.249999999999999);
#1217=CIRCLE('',#6182,1.2);
#1218=CIRCLE('',#6183,1.2);
#1219=CIRCLE('',#6185,0.250000000000001);
#1220=CIRCLE('',#6186,0.250000000000001);
#1221=CIRCLE('',#6189,0.25);
#1222=CIRCLE('',#6190,0.25);
#1223=CIRCLE('',#6193,0.250000000000001);
#1224=CIRCLE('',#6194,0.250000000000001);
#1225=CIRCLE('',#6197,0.250000000000006);
#1226=CIRCLE('',#6198,0.250000000000006);
#1227=CIRCLE('',#6200,1.2);
#1228=CIRCLE('',#6201,1.2);
#1229=CIRCLE('',#6203,0.249999999999999);
#1230=CIRCLE('',#6204,0.249999999999999);
#1231=CIRCLE('',#6211,0.250000000000002);
#1232=CIRCLE('',#6212,0.250000000000002);
#1233=CIRCLE('',#6214,1.2);
#1234=CIRCLE('',#6215,1.2);
#1235=CIRCLE('',#6217,0.249999999999995);
#1236=CIRCLE('',#6218,0.249999999999995);
#1237=CIRCLE('',#6221,0.249999999999999);
#1238=CIRCLE('',#6222,0.249999999999999);
#1239=CIRCLE('',#6225,0.249999999999999);
#1240=CIRCLE('',#6226,0.249999999999999);
#1241=CIRCLE('',#6229,0.249999999999997);
#1242=CIRCLE('',#6230,0.249999999999997);
#1243=CIRCLE('',#6232,1.2);
#1244=CIRCLE('',#6233,1.2);
#1245=CIRCLE('',#6235,0.249999999999999);
#1246=CIRCLE('',#6236,0.249999999999999);
#1247=CIRCLE('',#6239,2.1);
#1248=CIRCLE('',#6240,2.1);
#1249=CIRCLE('',#6242,2.1);
#1250=CIRCLE('',#6244,2.1);
#1251=LINE('',#7952,#1805);
#1252=LINE('',#7957,#1806);
#1253=LINE('',#7962,#1807);
#1254=LINE('',#7966,#1808);
#1255=LINE('',#7976,#1809);
#1256=LINE('',#7981,#1810);
#1257=LINE('',#7985,#1811);
#1258=LINE('',#7989,#1812);
#1259=LINE('',#7993,#1813);
#1260=LINE('',#7997,#1814);
#1261=LINE('',#8003,#1815);
#1262=LINE('',#8007,#1816);
#1263=LINE('',#8012,#1817);
#1264=LINE('',#8016,#1818);
#1265=LINE('',#8018,#1819);
#1266=LINE('',#8020,#1820);
#1267=LINE('',#8021,#1821);
#1268=LINE('',#8024,#1822);
#1269=LINE('',#8026,#1823);
#1270=LINE('',#8027,#1824);
#1271=LINE('',#8030,#1825);
#1272=LINE('',#8032,#1826);
#1273=LINE('',#8033,#1827);
#1274=LINE('',#8037,#1828);
#1275=LINE('',#8039,#1829);
#1276=LINE('',#8041,#1830);
#1277=LINE('',#8042,#1831);
#1278=LINE('',#8045,#1832);
#1279=LINE('',#8047,#1833);
#1280=LINE('',#8048,#1834);
#1281=LINE('',#8051,#1835);
#1282=LINE('',#8053,#1836);
#1283=LINE('',#8054,#1837);
#1284=LINE('',#8057,#1838);
#1285=LINE('',#8059,#1839);
#1286=LINE('',#8060,#1840);
#1287=LINE('',#8063,#1841);
#1288=LINE('',#8065,#1842);
#1289=LINE('',#8066,#1843);
#1290=LINE('',#8071,#1844);
#1291=LINE('',#8075,#1845);
#1292=LINE('',#8077,#1846);
#1293=LINE('',#8078,#1847);
#1294=LINE('',#8081,#1848);
#1295=LINE('',#8083,#1849);
#1296=LINE('',#8084,#1850);
#1297=LINE('',#8088,#1851);
#1298=LINE('',#8089,#1852);
#1299=LINE('',#8090,#1853);
#1300=LINE('',#8093,#1854);
#1301=LINE('',#8095,#1855);
#1302=LINE('',#8096,#1856);
#1303=LINE('',#8101,#1857);
#1304=LINE('',#8107,#1858);
#1305=LINE('',#8113,#1859);
#1306=LINE('',#8117,#1860);
#1307=LINE('',#8119,#1861);
#1308=LINE('',#8120,#1862);
#1309=LINE('',#8125,#1863);
#1310=LINE('',#8129,#1864);
#1311=LINE('',#8131,#1865);
#1312=LINE('',#8132,#1866);
#1313=LINE('',#8137,#1867);
#1314=LINE('',#8141,#1868);
#1315=LINE('',#8143,#1869);
#1316=LINE('',#8144,#1870);
#1317=LINE('',#8149,#1871);
#1318=LINE('',#8155,#1872);
#1319=LINE('',#8161,#1873);
#1320=LINE('',#8165,#1874);
#1321=LINE('',#8167,#1875);
#1322=LINE('',#8168,#1876);
#1323=LINE('',#8171,#1877);
#1324=LINE('',#8173,#1878);
#1325=LINE('',#8174,#1879);
#1326=LINE('',#8177,#1880);
#1327=LINE('',#8179,#1881);
#1328=LINE('',#8180,#1882);
#1329=LINE('',#8183,#1883);
#1330=LINE('',#8185,#1884);
#1331=LINE('',#8186,#1885);
#1332=LINE('',#8189,#1886);
#1333=LINE('',#8191,#1887);
#1334=LINE('',#8192,#1888);
#1335=LINE('',#8197,#1889);
#1336=LINE('',#8203,#1890);
#1337=LINE('',#8209,#1891);
#1338=LINE('',#8213,#1892);
#1339=LINE('',#8215,#1893);
#1340=LINE('',#8216,#1894);
#1341=LINE('',#8221,#1895);
#1342=LINE('',#8225,#1896);
#1343=LINE('',#8227,#1897);
#1344=LINE('',#8228,#1898);
#1345=LINE('',#8233,#1899);
#1346=LINE('',#8237,#1900);
#1347=LINE('',#8239,#1901);
#1348=LINE('',#8240,#1902);
#1349=LINE('',#8245,#1903);
#1350=LINE('',#8251,#1904);
#1351=LINE('',#8257,#1905);
#1352=LINE('',#8260,#1906);
#1353=LINE('',#8261,#1907);
#1354=LINE('',#8265,#1908);
#1355=LINE('',#8268,#1909);
#1356=LINE('',#8270,#1910);
#1357=LINE('',#8271,#1911);
#1358=LINE('',#8274,#1912);
#1359=LINE('',#8275,#1913);
#1360=LINE('',#8278,#1914);
#1361=LINE('',#8279,#1915);
#1362=LINE('',#8281,#1916);
#1363=LINE('',#8284,#1917);
#1364=LINE('',#8292,#1918);
#1365=LINE('',#8295,#1919);
#1366=LINE('',#8299,#1920);
#1367=LINE('',#8306,#1921);
#1368=LINE('',#8310,#1922);
#1369=LINE('',#8314,#1923);
#1370=LINE('',#8316,#1924);
#1371=LINE('',#8318,#1925);
#1372=LINE('',#8320,#1926);
#1373=LINE('',#8322,#1927);
#1374=LINE('',#8324,#1928);
#1375=LINE('',#8326,#1929);
#1376=LINE('',#8328,#1930);
#1377=LINE('',#8330,#1931);
#1378=LINE('',#8332,#1932);
#1379=LINE('',#8334,#1933);
#1380=LINE('',#8335,#1934);
#1381=LINE('',#8338,#1935);
#1382=LINE('',#8340,#1936);
#1383=LINE('',#8345,#1937);
#1384=LINE('',#8349,#1938);
#1385=LINE('',#8353,#1939);
#1386=LINE('',#8357,#1940);
#1387=LINE('',#8361,#1941);
#1388=LINE('',#8364,#1942);
#1389=LINE('',#8369,#1943);
#1390=LINE('',#8373,#1944);
#1391=LINE('',#8377,#1945);
#1392=LINE('',#8381,#1946);
#1393=LINE('',#8391,#1947);
#1394=LINE('',#8395,#1948);
#1395=LINE('',#8397,#1949);
#1396=LINE('',#8399,#1950);
#1397=LINE('',#8401,#1951);
#1398=LINE('',#8403,#1952);
#1399=LINE('',#8405,#1953);
#1400=LINE('',#8407,#1954);
#1401=LINE('',#8409,#1955);
#1402=LINE('',#8411,#1956);
#1403=LINE('',#8413,#1957);
#1404=LINE('',#8415,#1958);
#1405=LINE('',#8416,#1959);
#1406=LINE('',#8419,#1960);
#1407=LINE('',#8421,#1961);
#1408=LINE('',#8426,#1962);
#1409=LINE('',#8430,#1963);
#1410=LINE('',#8434,#1964);
#1411=LINE('',#8438,#1965);
#1412=LINE('',#8442,#1966);
#1413=LINE('',#8445,#1967);
#1414=LINE('',#8450,#1968);
#1415=LINE('',#8454,#1969);
#1416=LINE('',#8458,#1970);
#1417=LINE('',#8462,#1971);
#1418=LINE('',#8472,#1972);
#1419=LINE('',#8476,#1973);
#1420=LINE('',#8478,#1974);
#1421=LINE('',#8480,#1975);
#1422=LINE('',#8482,#1976);
#1423=LINE('',#8484,#1977);
#1424=LINE('',#8486,#1978);
#1425=LINE('',#8488,#1979);
#1426=LINE('',#8490,#1980);
#1427=LINE('',#8492,#1981);
#1428=LINE('',#8494,#1982);
#1429=LINE('',#8496,#1983);
#1430=LINE('',#8497,#1984);
#1431=LINE('',#8500,#1985);
#1432=LINE('',#8502,#1986);
#1433=LINE('',#8507,#1987);
#1434=LINE('',#8511,#1988);
#1435=LINE('',#8515,#1989);
#1436=LINE('',#8519,#1990);
#1437=LINE('',#8523,#1991);
#1438=LINE('',#8526,#1992);
#1439=LINE('',#8531,#1993);
#1440=LINE('',#8535,#1994);
#1441=LINE('',#8539,#1995);
#1442=LINE('',#8543,#1996);
#1443=LINE('',#8553,#1997);
#1444=LINE('',#8557,#1998);
#1445=LINE('',#8565,#1999);
#1446=LINE('',#8569,#2000);
#1447=LINE('',#8573,#2001);
#1448=LINE('',#8581,#2002);
#1449=LINE('',#8583,#2003);
#1450=LINE('',#8585,#2004);
#1451=LINE('',#8587,#2005);
#1452=LINE('',#8589,#2006);
#1453=LINE('',#8597,#2007);
#1454=LINE('',#8601,#2008);
#1455=LINE('',#8605,#2009);
#1456=LINE('',#8613,#2010);
#1457=LINE('',#8615,#2011);
#1458=LINE('',#8617,#2012);
#1459=LINE('',#8619,#2013);
#1460=LINE('',#8621,#2014);
#1461=LINE('',#8623,#2015);
#1462=LINE('',#8625,#2016);
#1463=LINE('',#8627,#2017);
#1464=LINE('',#8629,#2018);
#1465=LINE('',#8630,#2019);
#1466=LINE('',#8636,#2020);
#1467=LINE('',#8639,#2021);
#1468=LINE('',#8643,#2022);
#1469=LINE('',#8647,#2023);
#1470=LINE('',#8650,#2024);
#1471=LINE('',#8651,#2025);
#1472=LINE('',#8655,#2026);
#1473=LINE('',#8658,#2027);
#1474=LINE('',#8659,#2028);
#1475=LINE('',#8663,#2029);
#1476=LINE('',#8666,#2030);
#1477=LINE('',#8667,#2031);
#1478=LINE('',#8671,#2032);
#1479=LINE('',#8675,#2033);
#1480=LINE('',#8679,#2034);
#1481=LINE('',#8682,#2035);
#1482=LINE('',#8683,#2036);
#1483=LINE('',#8686,#2037);
#1484=LINE('',#8687,#2038);
#1485=LINE('',#8690,#2039);
#1486=LINE('',#8691,#2040);
#1487=LINE('',#8694,#2041);
#1488=LINE('',#8695,#2042);
#1489=LINE('',#8698,#2043);
#1490=LINE('',#8699,#2044);
#1491=LINE('',#8703,#2045);
#1492=LINE('',#8707,#2046);
#1493=LINE('',#8711,#2047);
#1494=LINE('',#8714,#2048);
#1495=LINE('',#8715,#2049);
#1496=LINE('',#8719,#2050);
#1497=LINE('',#8722,#2051);
#1498=LINE('',#8723,#2052);
#1499=LINE('',#8727,#2053);
#1500=LINE('',#8730,#2054);
#1501=LINE('',#8731,#2055);
#1502=LINE('',#8735,#2056);
#1503=LINE('',#8739,#2057);
#1504=LINE('',#8743,#2058);
#1505=LINE('',#8746,#2059);
#1506=LINE('',#8747,#2060);
#1507=LINE('',#8750,#2061);
#1508=LINE('',#8751,#2062);
#1509=LINE('',#8754,#2063);
#1510=LINE('',#8755,#2064);
#1511=LINE('',#8758,#2065);
#1512=LINE('',#8759,#2066);
#1513=LINE('',#8762,#2067);
#1514=LINE('',#8763,#2068);
#1515=LINE('',#8766,#2069);
#1516=LINE('',#8767,#2070);
#1517=LINE('',#8770,#2071);
#1518=LINE('',#8771,#2072);
#1519=LINE('',#8774,#2073);
#1520=LINE('',#8775,#2074);
#1521=LINE('',#8778,#2075);
#1522=LINE('',#8779,#2076);
#1523=LINE('',#8782,#2077);
#1524=LINE('',#8783,#2078);
#1525=LINE('',#8785,#2079);
#1526=LINE('',#8789,#2080);
#1527=LINE('',#8797,#2081);
#1528=LINE('',#8801,#2082);
#1529=LINE('',#8803,#2083);
#1530=LINE('',#8805,#2084);
#1531=LINE('',#8807,#2085);
#1532=LINE('',#8809,#2086);
#1533=LINE('',#8811,#2087);
#1534=LINE('',#8813,#2088);
#1535=LINE('',#8815,#2089);
#1536=LINE('',#8817,#2090);
#1537=LINE('',#8819,#2091);
#1538=LINE('',#8821,#2092);
#1539=LINE('',#8822,#2093);
#1540=LINE('',#8825,#2094);
#1541=LINE('',#8827,#2095);
#1542=LINE('',#8832,#2096);
#1543=LINE('',#8836,#2097);
#1544=LINE('',#8840,#2098);
#1545=LINE('',#8844,#2099);
#1546=LINE('',#8848,#2100);
#1547=LINE('',#8851,#2101);
#1548=LINE('',#8856,#2102);
#1549=LINE('',#8860,#2103);
#1550=LINE('',#8864,#2104);
#1551=LINE('',#8868,#2105);
#1552=LINE('',#8878,#2106);
#1553=LINE('',#8882,#2107);
#1554=LINE('',#8890,#2108);
#1555=LINE('',#8894,#2109);
#1556=LINE('',#8898,#2110);
#1557=LINE('',#8906,#2111);
#1558=LINE('',#8908,#2112);
#1559=LINE('',#8910,#2113);
#1560=LINE('',#8912,#2114);
#1561=LINE('',#8914,#2115);
#1562=LINE('',#8922,#2116);
#1563=LINE('',#8926,#2117);
#1564=LINE('',#8930,#2118);
#1565=LINE('',#8938,#2119);
#1566=LINE('',#8940,#2120);
#1567=LINE('',#8942,#2121);
#1568=LINE('',#8944,#2122);
#1569=LINE('',#8946,#2123);
#1570=LINE('',#8948,#2124);
#1571=LINE('',#8950,#2125);
#1572=LINE('',#8952,#2126);
#1573=LINE('',#8954,#2127);
#1574=LINE('',#8955,#2128);
#1575=LINE('',#8961,#2129);
#1576=LINE('',#8964,#2130);
#1577=LINE('',#8968,#2131);
#1578=LINE('',#8972,#2132);
#1579=LINE('',#8975,#2133);
#1580=LINE('',#8976,#2134);
#1581=LINE('',#8980,#2135);
#1582=LINE('',#8983,#2136);
#1583=LINE('',#8984,#2137);
#1584=LINE('',#8988,#2138);
#1585=LINE('',#8991,#2139);
#1586=LINE('',#8992,#2140);
#1587=LINE('',#8996,#2141);
#1588=LINE('',#9000,#2142);
#1589=LINE('',#9004,#2143);
#1590=LINE('',#9007,#2144);
#1591=LINE('',#9008,#2145);
#1592=LINE('',#9011,#2146);
#1593=LINE('',#9012,#2147);
#1594=LINE('',#9015,#2148);
#1595=LINE('',#9016,#2149);
#1596=LINE('',#9019,#2150);
#1597=LINE('',#9020,#2151);
#1598=LINE('',#9023,#2152);
#1599=LINE('',#9024,#2153);
#1600=LINE('',#9028,#2154);
#1601=LINE('',#9032,#2155);
#1602=LINE('',#9036,#2156);
#1603=LINE('',#9039,#2157);
#1604=LINE('',#9040,#2158);
#1605=LINE('',#9044,#2159);
#1606=LINE('',#9047,#2160);
#1607=LINE('',#9048,#2161);
#1608=LINE('',#9052,#2162);
#1609=LINE('',#9055,#2163);
#1610=LINE('',#9056,#2164);
#1611=LINE('',#9060,#2165);
#1612=LINE('',#9064,#2166);
#1613=LINE('',#9068,#2167);
#1614=LINE('',#9071,#2168);
#1615=LINE('',#9072,#2169);
#1616=LINE('',#9075,#2170);
#1617=LINE('',#9076,#2171);
#1618=LINE('',#9079,#2172);
#1619=LINE('',#9080,#2173);
#1620=LINE('',#9083,#2174);
#1621=LINE('',#9084,#2175);
#1622=LINE('',#9087,#2176);
#1623=LINE('',#9088,#2177);
#1624=LINE('',#9091,#2178);
#1625=LINE('',#9092,#2179);
#1626=LINE('',#9095,#2180);
#1627=LINE('',#9096,#2181);
#1628=LINE('',#9099,#2182);
#1629=LINE('',#9100,#2183);
#1630=LINE('',#9103,#2184);
#1631=LINE('',#9104,#2185);
#1632=LINE('',#9107,#2186);
#1633=LINE('',#9108,#2187);
#1634=LINE('',#9110,#2188);
#1635=LINE('',#9114,#2189);
#1636=LINE('',#9122,#2190);
#1637=LINE('',#9128,#2191);
#1638=LINE('',#9131,#2192);
#1639=LINE('',#9137,#2193);
#1640=LINE('',#9143,#2194);
#1641=LINE('',#9146,#2195);
#1642=LINE('',#9148,#2196);
#1643=LINE('',#9149,#2197);
#1644=LINE('',#9155,#2198);
#1645=LINE('',#9158,#2199);
#1646=LINE('',#9160,#2200);
#1647=LINE('',#9161,#2201);
#1648=LINE('',#9167,#2202);
#1649=LINE('',#9170,#2203);
#1650=LINE('',#9172,#2204);
#1651=LINE('',#9173,#2205);
#1652=LINE('',#9179,#2206);
#1653=LINE('',#9185,#2207);
#1654=LINE('',#9191,#2208);
#1655=LINE('',#9194,#2209);
#1656=LINE('',#9196,#2210);
#1657=LINE('',#9197,#2211);
#1658=LINE('',#9200,#2212);
#1659=LINE('',#9202,#2213);
#1660=LINE('',#9203,#2214);
#1661=LINE('',#9206,#2215);
#1662=LINE('',#9208,#2216);
#1663=LINE('',#9209,#2217);
#1664=LINE('',#9212,#2218);
#1665=LINE('',#9214,#2219);
#1666=LINE('',#9215,#2220);
#1667=LINE('',#9218,#2221);
#1668=LINE('',#9220,#2222);
#1669=LINE('',#9221,#2223);
#1670=LINE('',#9227,#2224);
#1671=LINE('',#9233,#2225);
#1672=LINE('',#9239,#2226);
#1673=LINE('',#9242,#2227);
#1674=LINE('',#9244,#2228);
#1675=LINE('',#9245,#2229);
#1676=LINE('',#9251,#2230);
#1677=LINE('',#9254,#2231);
#1678=LINE('',#9256,#2232);
#1679=LINE('',#9257,#2233);
#1680=LINE('',#9263,#2234);
#1681=LINE('',#9266,#2235);
#1682=LINE('',#9268,#2236);
#1683=LINE('',#9269,#2237);
#1684=LINE('',#9275,#2238);
#1685=LINE('',#9281,#2239);
#1686=LINE('',#9287,#2240);
#1687=LINE('',#9291,#2241);
#1688=LINE('',#9292,#2242);
#1689=LINE('',#9293,#2243);
#1690=LINE('',#9296,#2244);
#1691=LINE('',#9298,#2245);
#1692=LINE('',#9299,#2246);
#1693=LINE('',#9302,#2247);
#1694=LINE('',#9304,#2248);
#1695=LINE('',#9305,#2249);
#1696=LINE('',#9308,#2250);
#1697=LINE('',#9310,#2251);
#1698=LINE('',#9311,#2252);
#1699=LINE('',#9314,#2253);
#1700=LINE('',#9316,#2254);
#1701=LINE('',#9317,#2255);
#1702=LINE('',#9320,#2256);
#1703=LINE('',#9322,#2257);
#1704=LINE('',#9323,#2258);
#1705=LINE('',#9326,#2259);
#1706=LINE('',#9328,#2260);
#1707=LINE('',#9329,#2261);
#1708=LINE('',#9332,#2262);
#1709=LINE('',#9334,#2263);
#1710=LINE('',#9335,#2264);
#1711=LINE('',#9338,#2265);
#1712=LINE('',#9340,#2266);
#1713=LINE('',#9341,#2267);
#1714=LINE('',#9345,#2268);
#1715=LINE('',#9346,#2269);
#1716=LINE('',#9347,#2270);
#1717=LINE('',#9349,#2271);
#1718=LINE('',#9350,#2272);
#1719=LINE('',#9355,#2273);
#1720=LINE('',#9364,#2274);
#1721=LINE('',#9368,#2275);
#1722=LINE('',#9370,#2276);
#1723=LINE('',#9372,#2277);
#1724=LINE('',#9373,#2278);
#1725=LINE('',#9376,#2279);
#1726=LINE('',#9378,#2280);
#1727=LINE('',#9379,#2281);
#1728=LINE('',#9382,#2282);
#1729=LINE('',#9384,#2283);
#1730=LINE('',#9385,#2284);
#1731=LINE('',#9388,#2285);
#1732=LINE('',#9390,#2286);
#1733=LINE('',#9391,#2287);
#1734=LINE('',#9394,#2288);
#1735=LINE('',#9396,#2289);
#1736=LINE('',#9397,#2290);
#1737=LINE('',#9400,#2291);
#1738=LINE('',#9402,#2292);
#1739=LINE('',#9403,#2293);
#1740=LINE('',#9406,#2294);
#1741=LINE('',#9408,#2295);
#1742=LINE('',#9409,#2296);
#1743=LINE('',#9412,#2297);
#1744=LINE('',#9414,#2298);
#1745=LINE('',#9415,#2299);
#1746=LINE('',#9419,#2300);
#1747=LINE('',#9420,#2301);
#1748=LINE('',#9421,#2302);
#1749=LINE('',#9424,#2303);
#1750=LINE('',#9426,#2304);
#1751=LINE('',#9427,#2305);
#1752=LINE('',#9432,#2306);
#1753=LINE('',#9438,#2307);
#1754=LINE('',#9444,#2308);
#1755=LINE('',#9448,#2309);
#1756=LINE('',#9450,#2310);
#1757=LINE('',#9451,#2311);
#1758=LINE('',#9456,#2312);
#1759=LINE('',#9460,#2313);
#1760=LINE('',#9462,#2314);
#1761=LINE('',#9463,#2315);
#1762=LINE('',#9468,#2316);
#1763=LINE('',#9472,#2317);
#1764=LINE('',#9474,#2318);
#1765=LINE('',#9475,#2319);
#1766=LINE('',#9480,#2320);
#1767=LINE('',#9486,#2321);
#1768=LINE('',#9492,#2322);
#1769=LINE('',#9496,#2323);
#1770=LINE('',#9498,#2324);
#1771=LINE('',#9499,#2325);
#1772=LINE('',#9502,#2326);
#1773=LINE('',#9504,#2327);
#1774=LINE('',#9505,#2328);
#1775=LINE('',#9508,#2329);
#1776=LINE('',#9510,#2330);
#1777=LINE('',#9511,#2331);
#1778=LINE('',#9514,#2332);
#1779=LINE('',#9516,#2333);
#1780=LINE('',#9517,#2334);
#1781=LINE('',#9520,#2335);
#1782=LINE('',#9522,#2336);
#1783=LINE('',#9523,#2337);
#1784=LINE('',#9528,#2338);
#1785=LINE('',#9534,#2339);
#1786=LINE('',#9540,#2340);
#1787=LINE('',#9544,#2341);
#1788=LINE('',#9546,#2342);
#1789=LINE('',#9547,#2343);
#1790=LINE('',#9552,#2344);
#1791=LINE('',#9556,#2345);
#1792=LINE('',#9558,#2346);
#1793=LINE('',#9559,#2347);
#1794=LINE('',#9564,#2348);
#1795=LINE('',#9568,#2349);
#1796=LINE('',#9570,#2350);
#1797=LINE('',#9571,#2351);
#1798=LINE('',#9576,#2352);
#1799=LINE('',#9582,#2353);
#1800=LINE('',#9588,#2354);
#1801=LINE('',#9591,#2355);
#1802=LINE('',#9592,#2356);
#1803=LINE('',#9597,#2357);
#1804=LINE('',#9606,#2358);
#1805=VECTOR('',#6259,0.614749999999999);
#1806=VECTOR('',#6264,0.614749999999999);
#1807=VECTOR('',#6271,1.2295);
#1808=VECTOR('',#6276,1.2295);
#1809=VECTOR('',#6287,0.614749999999999);
#1810=VECTOR('',#6294,1.36475);
#1811=VECTOR('',#6299,1.36475);
#1812=VECTOR('',#6304,1.2295);
#1813=VECTOR('',#6309,1.2295);
#1814=VECTOR('',#6314,1.2295);
#1815=VECTOR('',#6321,1.36475);
#1816=VECTOR('',#6326,1.36475);
#1817=VECTOR('',#6333,1.36475);
#1818=VECTOR('',#6336,1.);
#1819=VECTOR('',#6337,1.);
#1820=VECTOR('',#6338,1.);
#1821=VECTOR('',#6339,1.);
#1822=VECTOR('',#6342,0.999999999999999);
#1823=VECTOR('',#6343,1.);
#1824=VECTOR('',#6344,0.999999999999999);
#1825=VECTOR('',#6347,1.);
#1826=VECTOR('',#6348,1.);
#1827=VECTOR('',#6349,1.);
#1828=VECTOR('',#6352,1.);
#1829=VECTOR('',#6353,1.);
#1830=VECTOR('',#6354,1.);
#1831=VECTOR('',#6355,1.);
#1832=VECTOR('',#6358,1.);
#1833=VECTOR('',#6359,1.);
#1834=VECTOR('',#6360,1.);
#1835=VECTOR('',#6363,1.);
#1836=VECTOR('',#6364,1.);
#1837=VECTOR('',#6365,1.);
#1838=VECTOR('',#6368,0.999999999999999);
#1839=VECTOR('',#6369,1.);
#1840=VECTOR('',#6370,0.999999999999999);
#1841=VECTOR('',#6373,1.);
#1842=VECTOR('',#6374,1.);
#1843=VECTOR('',#6375,1.);
#1844=VECTOR('',#6380,1.);
#1845=VECTOR('',#6385,1.);
#1846=VECTOR('',#6386,1.);
#1847=VECTOR('',#6387,1.);
#1848=VECTOR('',#6390,0.999999999999999);
#1849=VECTOR('',#6391,1.);
#1850=VECTOR('',#6392,0.999999999999999);
#1851=VECTOR('',#6395,1.);
#1852=VECTOR('',#6396,1.);
#1853=VECTOR('',#6397,1.);
#1854=VECTOR('',#6400,1.);
#1855=VECTOR('',#6401,1.);
#1856=VECTOR('',#6402,1.);
#1857=VECTOR('',#6407,1.);
#1858=VECTOR('',#6414,1.);
#1859=VECTOR('',#6421,1.);
#1860=VECTOR('',#6426,1.);
#1861=VECTOR('',#6427,1.);
#1862=VECTOR('',#6428,1.);
#1863=VECTOR('',#6433,1.);
#1864=VECTOR('',#6438,1.);
#1865=VECTOR('',#6439,1.);
#1866=VECTOR('',#6440,1.);
#1867=VECTOR('',#6445,1.);
#1868=VECTOR('',#6450,1.);
#1869=VECTOR('',#6451,1.);
#1870=VECTOR('',#6452,1.);
#1871=VECTOR('',#6457,1.);
#1872=VECTOR('',#6464,1.);
#1873=VECTOR('',#6471,1.);
#1874=VECTOR('',#6476,1.);
#1875=VECTOR('',#6477,1.);
#1876=VECTOR('',#6478,1.);
#1877=VECTOR('',#6481,0.999999999999999);
#1878=VECTOR('',#6482,1.);
#1879=VECTOR('',#6483,0.999999999999999);
#1880=VECTOR('',#6486,1.);
#1881=VECTOR('',#6487,1.);
#1882=VECTOR('',#6488,1.);
#1883=VECTOR('',#6491,0.999999999999999);
#1884=VECTOR('',#6492,1.);
#1885=VECTOR('',#6493,0.999999999999999);
#1886=VECTOR('',#6496,1.);
#1887=VECTOR('',#6497,1.);
#1888=VECTOR('',#6498,1.);
#1889=VECTOR('',#6503,1.);
#1890=VECTOR('',#6510,1.);
#1891=VECTOR('',#6517,1.);
#1892=VECTOR('',#6522,1.);
#1893=VECTOR('',#6523,1.);
#1894=VECTOR('',#6524,1.);
#1895=VECTOR('',#6529,1.);
#1896=VECTOR('',#6534,1.);
#1897=VECTOR('',#6535,1.);
#1898=VECTOR('',#6536,1.);
#1899=VECTOR('',#6541,1.);
#1900=VECTOR('',#6546,1.);
#1901=VECTOR('',#6547,1.);
#1902=VECTOR('',#6548,1.);
#1903=VECTOR('',#6553,1.);
#1904=VECTOR('',#6560,1.);
#1905=VECTOR('',#6567,1.);
#1906=VECTOR('',#6572,1.);
#1907=VECTOR('',#6573,1.);
#1908=VECTOR('',#6578,1.2295);
#1909=VECTOR('',#6581,0.999999999999999);
#1910=VECTOR('',#6582,1.);
#1911=VECTOR('',#6583,0.999999999999999);
#1912=VECTOR('',#6586,1.);
#1913=VECTOR('',#6587,1.);
#1914=VECTOR('',#6590,1.);
#1915=VECTOR('',#6591,1.);
#1916=VECTOR('',#6594,1.);
#1917=VECTOR('',#6597,1.36475);
#1918=VECTOR('',#6608,1.36475);
#1919=VECTOR('',#6611,1.2295);
#1920=VECTOR('',#6616,1.36475);
#1921=VECTOR('',#6625,1.2295);
#1922=VECTOR('',#6630,0.614749999999999);
#1923=VECTOR('',#6633,1.);
#1924=VECTOR('',#6634,1.);
#1925=VECTOR('',#6635,1.);
#1926=VECTOR('',#6636,1.);
#1927=VECTOR('',#6637,1.);
#1928=VECTOR('',#6638,1.);
#1929=VECTOR('',#6639,1.);
#1930=VECTOR('',#6640,1.);
#1931=VECTOR('',#6641,1.);
#1932=VECTOR('',#6642,1.);
#1933=VECTOR('',#6643,1.);
#1934=VECTOR('',#6644,1.);
#1935=VECTOR('',#6647,1.);
#1936=VECTOR('',#6648,1.);
#1937=VECTOR('',#6655,1.);
#1938=VECTOR('',#6660,1.);
#1939=VECTOR('',#6665,1.);
#1940=VECTOR('',#6670,1.);
#1941=VECTOR('',#6675,1.);
#1942=VECTOR('',#6678,1.);
#1943=VECTOR('',#6685,1.);
#1944=VECTOR('',#6690,1.);
#1945=VECTOR('',#6695,1.);
#1946=VECTOR('',#6700,1.);
#1947=VECTOR('',#6715,1.96500453458963);
#1948=VECTOR('',#6718,1.);
#1949=VECTOR('',#6719,1.);
#1950=VECTOR('',#6720,1.);
#1951=VECTOR('',#6721,1.);
#1952=VECTOR('',#6722,1.);
#1953=VECTOR('',#6723,1.);
#1954=VECTOR('',#6724,1.);
#1955=VECTOR('',#6725,1.);
#1956=VECTOR('',#6726,1.);
#1957=VECTOR('',#6727,1.);
#1958=VECTOR('',#6728,1.);
#1959=VECTOR('',#6729,1.);
#1960=VECTOR('',#6732,1.);
#1961=VECTOR('',#6733,1.);
#1962=VECTOR('',#6740,1.);
#1963=VECTOR('',#6745,1.);
#1964=VECTOR('',#6750,1.);
#1965=VECTOR('',#6755,1.);
#1966=VECTOR('',#6760,1.);
#1967=VECTOR('',#6763,1.);
#1968=VECTOR('',#6770,1.);
#1969=VECTOR('',#6775,1.);
#1970=VECTOR('',#6780,1.);
#1971=VECTOR('',#6785,1.);
#1972=VECTOR('',#6800,1.96500453458963);
#1973=VECTOR('',#6803,1.);
#1974=VECTOR('',#6804,1.);
#1975=VECTOR('',#6805,1.);
#1976=VECTOR('',#6806,1.);
#1977=VECTOR('',#6807,1.);
#1978=VECTOR('',#6808,1.);
#1979=VECTOR('',#6809,1.);
#1980=VECTOR('',#6810,1.);
#1981=VECTOR('',#6811,1.);
#1982=VECTOR('',#6812,1.);
#1983=VECTOR('',#6813,1.);
#1984=VECTOR('',#6814,1.);
#1985=VECTOR('',#6817,1.);
#1986=VECTOR('',#6818,1.);
#1987=VECTOR('',#6825,1.);
#1988=VECTOR('',#6830,1.);
#1989=VECTOR('',#6835,1.);
#1990=VECTOR('',#6840,1.);
#1991=VECTOR('',#6845,1.);
#1992=VECTOR('',#6848,1.);
#1993=VECTOR('',#6855,1.);
#1994=VECTOR('',#6860,1.);
#1995=VECTOR('',#6865,1.);
#1996=VECTOR('',#6870,1.);
#1997=VECTOR('',#6885,1.96500453458963);
#1998=VECTOR('',#6888,1.);
#1999=VECTOR('',#6895,1.);
#2000=VECTOR('',#6898,1.);
#2001=VECTOR('',#6901,1.);
#2002=VECTOR('',#6908,1.);
#2003=VECTOR('',#6909,0.999999999999999);
#2004=VECTOR('',#6910,1.);
#2005=VECTOR('',#6911,0.999999999999999);
#2006=VECTOR('',#6912,1.);
#2007=VECTOR('',#6919,1.);
#2008=VECTOR('',#6922,1.);
#2009=VECTOR('',#6925,1.);
#2010=VECTOR('',#6932,1.);
#2011=VECTOR('',#6933,1.);
#2012=VECTOR('',#6934,0.999999999999999);
#2013=VECTOR('',#6935,1.);
#2014=VECTOR('',#6936,0.999999999999999);
#2015=VECTOR('',#6937,1.);
#2016=VECTOR('',#6938,0.999999999999999);
#2017=VECTOR('',#6939,1.);
#2018=VECTOR('',#6940,0.999999999999999);
#2019=VECTOR('',#6941,1.);
#2020=VECTOR('',#6948,1.);
#2021=VECTOR('',#6951,1.);
#2022=VECTOR('',#6956,1.);
#2023=VECTOR('',#6961,1.);
#2024=VECTOR('',#6964,1.);
#2025=VECTOR('',#6965,1.);
#2026=VECTOR('',#6970,1.);
#2027=VECTOR('',#6973,1.);
#2028=VECTOR('',#6974,1.);
#2029=VECTOR('',#6979,1.);
#2030=VECTOR('',#6982,1.);
#2031=VECTOR('',#6983,1.);
#2032=VECTOR('',#6988,1.);
#2033=VECTOR('',#6993,1.);
#2034=VECTOR('',#6998,1.);
#2035=VECTOR('',#7001,1.);
#2036=VECTOR('',#7002,1.);
#2037=VECTOR('',#7005,0.999999999999999);
#2038=VECTOR('',#7006,1.);
#2039=VECTOR('',#7009,1.);
#2040=VECTOR('',#7010,1.);
#2041=VECTOR('',#7013,0.999999999999999);
#2042=VECTOR('',#7014,1.);
#2043=VECTOR('',#7017,1.);
#2044=VECTOR('',#7018,1.);
#2045=VECTOR('',#7023,1.);
#2046=VECTOR('',#7028,1.);
#2047=VECTOR('',#7033,1.);
#2048=VECTOR('',#7036,1.);
#2049=VECTOR('',#7037,1.);
#2050=VECTOR('',#7042,1.);
#2051=VECTOR('',#7045,1.);
#2052=VECTOR('',#7046,1.);
#2053=VECTOR('',#7051,1.);
#2054=VECTOR('',#7054,1.);
#2055=VECTOR('',#7055,1.);
#2056=VECTOR('',#7060,1.);
#2057=VECTOR('',#7065,1.);
#2058=VECTOR('',#7070,1.);
#2059=VECTOR('',#7073,1.);
#2060=VECTOR('',#7074,1.);
#2061=VECTOR('',#7077,1.);
#2062=VECTOR('',#7078,1.);
#2063=VECTOR('',#7081,0.999999999999999);
#2064=VECTOR('',#7082,1.);
#2065=VECTOR('',#7085,1.);
#2066=VECTOR('',#7086,1.);
#2067=VECTOR('',#7089,0.999999999999999);
#2068=VECTOR('',#7090,1.);
#2069=VECTOR('',#7093,1.);
#2070=VECTOR('',#7094,1.);
#2071=VECTOR('',#7097,0.999999999999999);
#2072=VECTOR('',#7098,1.);
#2073=VECTOR('',#7101,1.);
#2074=VECTOR('',#7102,1.);
#2075=VECTOR('',#7105,0.999999999999999);
#2076=VECTOR('',#7106,1.);
#2077=VECTOR('',#7109,1.);
#2078=VECTOR('',#7110,1.);
#2079=VECTOR('',#7113,1.);
#2080=VECTOR('',#7118,2.1);
#2081=VECTOR('',#7129,2.1);
#2082=VECTOR('',#7132,1.);
#2083=VECTOR('',#7133,1.);
#2084=VECTOR('',#7134,1.);
#2085=VECTOR('',#7135,1.);
#2086=VECTOR('',#7136,1.);
#2087=VECTOR('',#7137,1.);
#2088=VECTOR('',#7138,1.);
#2089=VECTOR('',#7139,1.);
#2090=VECTOR('',#7140,1.);
#2091=VECTOR('',#7141,1.);
#2092=VECTOR('',#7142,1.);
#2093=VECTOR('',#7143,1.);
#2094=VECTOR('',#7146,1.);
#2095=VECTOR('',#7147,1.);
#2096=VECTOR('',#7154,1.);
#2097=VECTOR('',#7159,1.);
#2098=VECTOR('',#7164,1.);
#2099=VECTOR('',#7169,1.);
#2100=VECTOR('',#7174,1.);
#2101=VECTOR('',#7177,1.);
#2102=VECTOR('',#7184,1.);
#2103=VECTOR('',#7189,1.);
#2104=VECTOR('',#7194,1.);
#2105=VECTOR('',#7199,1.);
#2106=VECTOR('',#7214,1.96500453458963);
#2107=VECTOR('',#7217,1.);
#2108=VECTOR('',#7224,1.);
#2109=VECTOR('',#7227,1.);
#2110=VECTOR('',#7230,1.);
#2111=VECTOR('',#7237,1.);
#2112=VECTOR('',#7238,0.999999999999999);
#2113=VECTOR('',#7239,1.);
#2114=VECTOR('',#7240,0.999999999999999);
#2115=VECTOR('',#7241,1.);
#2116=VECTOR('',#7248,1.);
#2117=VECTOR('',#7251,1.);
#2118=VECTOR('',#7254,1.);
#2119=VECTOR('',#7261,1.);
#2120=VECTOR('',#7262,1.);
#2121=VECTOR('',#7263,0.999999999999999);
#2122=VECTOR('',#7264,1.);
#2123=VECTOR('',#7265,0.999999999999999);
#2124=VECTOR('',#7266,1.);
#2125=VECTOR('',#7267,0.999999999999999);
#2126=VECTOR('',#7268,1.);
#2127=VECTOR('',#7269,0.999999999999999);
#2128=VECTOR('',#7270,1.);
#2129=VECTOR('',#7277,1.);
#2130=VECTOR('',#7280,1.);
#2131=VECTOR('',#7285,1.);
#2132=VECTOR('',#7290,1.);
#2133=VECTOR('',#7293,1.);
#2134=VECTOR('',#7294,1.);
#2135=VECTOR('',#7299,1.);
#2136=VECTOR('',#7302,1.);
#2137=VECTOR('',#7303,1.);
#2138=VECTOR('',#7308,1.);
#2139=VECTOR('',#7311,1.);
#2140=VECTOR('',#7312,1.);
#2141=VECTOR('',#7317,1.);
#2142=VECTOR('',#7322,1.);
#2143=VECTOR('',#7327,1.);
#2144=VECTOR('',#7330,1.);
#2145=VECTOR('',#7331,1.);
#2146=VECTOR('',#7334,0.999999999999999);
#2147=VECTOR('',#7335,1.);
#2148=VECTOR('',#7338,1.);
#2149=VECTOR('',#7339,1.);
#2150=VECTOR('',#7342,0.999999999999999);
#2151=VECTOR('',#7343,1.);
#2152=VECTOR('',#7346,1.);
#2153=VECTOR('',#7347,1.);
#2154=VECTOR('',#7352,1.);
#2155=VECTOR('',#7357,1.);
#2156=VECTOR('',#7362,1.);
#2157=VECTOR('',#7365,1.);
#2158=VECTOR('',#7366,1.);
#2159=VECTOR('',#7371,1.);
#2160=VECTOR('',#7374,1.);
#2161=VECTOR('',#7375,1.);
#2162=VECTOR('',#7380,1.);
#2163=VECTOR('',#7383,1.);
#2164=VECTOR('',#7384,1.);
#2165=VECTOR('',#7389,1.);
#2166=VECTOR('',#7394,1.);
#2167=VECTOR('',#7399,1.);
#2168=VECTOR('',#7402,1.);
#2169=VECTOR('',#7403,1.);
#2170=VECTOR('',#7406,1.);
#2171=VECTOR('',#7407,1.);
#2172=VECTOR('',#7410,0.999999999999999);
#2173=VECTOR('',#7411,1.);
#2174=VECTOR('',#7414,1.);
#2175=VECTOR('',#7415,1.);
#2176=VECTOR('',#7418,0.999999999999999);
#2177=VECTOR('',#7419,1.);
#2178=VECTOR('',#7422,1.);
#2179=VECTOR('',#7423,1.);
#2180=VECTOR('',#7426,0.999999999999999);
#2181=VECTOR('',#7427,1.);
#2182=VECTOR('',#7430,1.);
#2183=VECTOR('',#7431,1.);
#2184=VECTOR('',#7434,0.999999999999999);
#2185=VECTOR('',#7435,1.);
#2186=VECTOR('',#7438,1.);
#2187=VECTOR('',#7439,1.);
#2188=VECTOR('',#7442,1.);
#2189=VECTOR('',#7447,2.1);
#2190=VECTOR('',#7458,2.1);
#2191=VECTOR('',#7463,1.);
#2192=VECTOR('',#7466,1.);
#2193=VECTOR('',#7473,1.);
#2194=VECTOR('',#7480,1.);
#2195=VECTOR('',#7483,1.);
#2196=VECTOR('',#7484,1.);
#2197=VECTOR('',#7485,1.);
#2198=VECTOR('',#7492,1.);
#2199=VECTOR('',#7495,1.);
#2200=VECTOR('',#7496,1.);
#2201=VECTOR('',#7497,1.);
#2202=VECTOR('',#7504,1.);
#2203=VECTOR('',#7507,1.);
#2204=VECTOR('',#7508,1.);
#2205=VECTOR('',#7509,1.);
#2206=VECTOR('',#7516,1.);
#2207=VECTOR('',#7523,1.);
#2208=VECTOR('',#7530,1.);
#2209=VECTOR('',#7533,1.);
#2210=VECTOR('',#7534,1.);
#2211=VECTOR('',#7535,1.);
#2212=VECTOR('',#7538,0.999999999999999);
#2213=VECTOR('',#7539,0.999999999999999);
#2214=VECTOR('',#7540,1.);
#2215=VECTOR('',#7543,1.);
#2216=VECTOR('',#7544,1.);
#2217=VECTOR('',#7545,1.);
#2218=VECTOR('',#7548,0.999999999999999);
#2219=VECTOR('',#7549,0.999999999999999);
#2220=VECTOR('',#7550,1.);
#2221=VECTOR('',#7553,1.);
#2222=VECTOR('',#7554,1.);
#2223=VECTOR('',#7555,1.);
#2224=VECTOR('',#7562,1.);
#2225=VECTOR('',#7569,1.);
#2226=VECTOR('',#7576,1.);
#2227=VECTOR('',#7579,1.);
#2228=VECTOR('',#7580,1.);
#2229=VECTOR('',#7581,1.);
#2230=VECTOR('',#7588,1.);
#2231=VECTOR('',#7591,1.);
#2232=VECTOR('',#7592,1.);
#2233=VECTOR('',#7593,1.);
#2234=VECTOR('',#7600,1.);
#2235=VECTOR('',#7603,1.);
#2236=VECTOR('',#7604,1.);
#2237=VECTOR('',#7605,1.);
#2238=VECTOR('',#7612,1.);
#2239=VECTOR('',#7619,1.);
#2240=VECTOR('',#7626,1.);
#2241=VECTOR('',#7629,1.);
#2242=VECTOR('',#7630,1.);
#2243=VECTOR('',#7631,1.);
#2244=VECTOR('',#7634,1.);
#2245=VECTOR('',#7635,1.);
#2246=VECTOR('',#7636,1.);
#2247=VECTOR('',#7639,0.999999999999999);
#2248=VECTOR('',#7640,0.999999999999999);
#2249=VECTOR('',#7641,1.);
#2250=VECTOR('',#7644,1.);
#2251=VECTOR('',#7645,1.);
#2252=VECTOR('',#7646,1.);
#2253=VECTOR('',#7649,0.999999999999999);
#2254=VECTOR('',#7650,0.999999999999999);
#2255=VECTOR('',#7651,1.);
#2256=VECTOR('',#7654,1.);
#2257=VECTOR('',#7655,1.);
#2258=VECTOR('',#7656,1.);
#2259=VECTOR('',#7659,0.999999999999999);
#2260=VECTOR('',#7660,0.999999999999999);
#2261=VECTOR('',#7661,1.);
#2262=VECTOR('',#7664,1.);
#2263=VECTOR('',#7665,1.);
#2264=VECTOR('',#7666,1.);
#2265=VECTOR('',#7669,0.999999999999999);
#2266=VECTOR('',#7670,0.999999999999999);
#2267=VECTOR('',#7671,1.);
#2268=VECTOR('',#7674,1.);
#2269=VECTOR('',#7675,1.);
#2270=VECTOR('',#7676,1.);
#2271=VECTOR('',#7679,1.);
#2272=VECTOR('',#7680,1.);
#2273=VECTOR('',#7685,2.1);
#2274=VECTOR('',#7698,2.1);
#2275=VECTOR('',#7701,1.);
#2276=VECTOR('',#7702,1.);
#2277=VECTOR('',#7703,1.);
#2278=VECTOR('',#7704,1.);
#2279=VECTOR('',#7707,0.999999999999999);
#2280=VECTOR('',#7708,1.);
#2281=VECTOR('',#7709,0.999999999999999);
#2282=VECTOR('',#7712,1.);
#2283=VECTOR('',#7713,1.);
#2284=VECTOR('',#7714,1.);
#2285=VECTOR('',#7717,0.999999999999999);
#2286=VECTOR('',#7718,1.);
#2287=VECTOR('',#7719,0.999999999999999);
#2288=VECTOR('',#7722,1.);
#2289=VECTOR('',#7723,1.);
#2290=VECTOR('',#7724,1.);
#2291=VECTOR('',#7727,0.999999999999999);
#2292=VECTOR('',#7728,1.);
#2293=VECTOR('',#7729,0.999999999999999);
#2294=VECTOR('',#7732,1.);
#2295=VECTOR('',#7733,1.);
#2296=VECTOR('',#7734,1.);
#2297=VECTOR('',#7737,0.999999999999999);
#2298=VECTOR('',#7738,1.);
#2299=VECTOR('',#7739,0.999999999999999);
#2300=VECTOR('',#7742,1.);
#2301=VECTOR('',#7743,1.);
#2302=VECTOR('',#7744,1.);
#2303=VECTOR('',#7747,1.);
#2304=VECTOR('',#7748,1.);
#2305=VECTOR('',#7749,1.);
#2306=VECTOR('',#7754,1.);
#2307=VECTOR('',#7761,1.);
#2308=VECTOR('',#7768,1.);
#2309=VECTOR('',#7773,1.);
#2310=VECTOR('',#7774,1.);
#2311=VECTOR('',#7775,1.);
#2312=VECTOR('',#7780,1.);
#2313=VECTOR('',#7785,1.);
#2314=VECTOR('',#7786,1.);
#2315=VECTOR('',#7787,1.);
#2316=VECTOR('',#7792,1.);
#2317=VECTOR('',#7797,1.);
#2318=VECTOR('',#7798,1.);
#2319=VECTOR('',#7799,1.);
#2320=VECTOR('',#7804,1.);
#2321=VECTOR('',#7811,1.);
#2322=VECTOR('',#7818,1.);
#2323=VECTOR('',#7823,1.);
#2324=VECTOR('',#7824,1.);
#2325=VECTOR('',#7825,1.);
#2326=VECTOR('',#7828,0.999999999999999);
#2327=VECTOR('',#7829,1.);
#2328=VECTOR('',#7830,0.999999999999999);
#2329=VECTOR('',#7833,1.);
#2330=VECTOR('',#7834,1.);
#2331=VECTOR('',#7835,1.);
#2332=VECTOR('',#7838,0.999999999999999);
#2333=VECTOR('',#7839,1.);
#2334=VECTOR('',#7840,0.999999999999999);
#2335=VECTOR('',#7843,1.);
#2336=VECTOR('',#7844,1.);
#2337=VECTOR('',#7845,1.);
#2338=VECTOR('',#7850,1.);
#2339=VECTOR('',#7857,1.);
#2340=VECTOR('',#7864,1.);
#2341=VECTOR('',#7869,1.);
#2342=VECTOR('',#7870,1.);
#2343=VECTOR('',#7871,1.);
#2344=VECTOR('',#7876,1.);
#2345=VECTOR('',#7881,1.);
#2346=VECTOR('',#7882,1.);
#2347=VECTOR('',#7883,1.);
#2348=VECTOR('',#7888,1.);
#2349=VECTOR('',#7893,1.);
#2350=VECTOR('',#7894,1.);
#2351=VECTOR('',#7895,1.);
#2352=VECTOR('',#7900,1.);
#2353=VECTOR('',#7907,1.);
#2354=VECTOR('',#7914,1.);
#2355=VECTOR('',#7919,1.);
#2356=VECTOR('',#7920,1.);
#2357=VECTOR('',#7925,2.1);
#2358=VECTOR('',#7938,2.1);
#2359=VERTEX_POINT('',#7950);
#2360=VERTEX_POINT('',#7951);
#2361=VERTEX_POINT('',#7955);
#2362=VERTEX_POINT('',#7956);
#2363=VERTEX_POINT('',#7960);
#2364=VERTEX_POINT('',#7964);
#2365=VERTEX_POINT('',#7968);
#2366=VERTEX_POINT('',#7971);
#2367=VERTEX_POINT('',#7974);
#2368=VERTEX_POINT('',#7975);
#2369=VERTEX_POINT('',#7979);
#2370=VERTEX_POINT('',#7983);
#2371=VERTEX_POINT('',#7987);
#2372=VERTEX_POINT('',#7991);
#2373=VERTEX_POINT('',#7995);
#2374=VERTEX_POINT('',#7999);
#2375=VERTEX_POINT('',#8002);
#2376=VERTEX_POINT('',#8006);
#2377=VERTEX_POINT('',#8010);
#2378=VERTEX_POINT('',#8014);
#2379=VERTEX_POINT('',#8015);
#2380=VERTEX_POINT('',#8017);
#2381=VERTEX_POINT('',#8019);
#2382=VERTEX_POINT('',#8023);
#2383=VERTEX_POINT('',#8025);
#2384=VERTEX_POINT('',#8029);
#2385=VERTEX_POINT('',#8031);
#2386=VERTEX_POINT('',#8035);
#2387=VERTEX_POINT('',#8036);
#2388=VERTEX_POINT('',#8038);
#2389=VERTEX_POINT('',#8040);
#2390=VERTEX_POINT('',#8044);
#2391=VERTEX_POINT('',#8046);
#2392=VERTEX_POINT('',#8050);
#2393=VERTEX_POINT('',#8052);
#2394=VERTEX_POINT('',#8056);
#2395=VERTEX_POINT('',#8058);
#2396=VERTEX_POINT('',#8062);
#2397=VERTEX_POINT('',#8064);
#2398=VERTEX_POINT('',#8068);
#2399=VERTEX_POINT('',#8070);
#2400=VERTEX_POINT('',#8074);
#2401=VERTEX_POINT('',#8076);
#2402=VERTEX_POINT('',#8080);
#2403=VERTEX_POINT('',#8082);
#2404=VERTEX_POINT('',#8086);
#2405=VERTEX_POINT('',#8087);
#2406=VERTEX_POINT('',#8092);
#2407=VERTEX_POINT('',#8094);
#2408=VERTEX_POINT('',#8098);
#2409=VERTEX_POINT('',#8100);
#2410=VERTEX_POINT('',#8104);
#2411=VERTEX_POINT('',#8106);
#2412=VERTEX_POINT('',#8110);
#2413=VERTEX_POINT('',#8112);
#2414=VERTEX_POINT('',#8116);
#2415=VERTEX_POINT('',#8118);
#2416=VERTEX_POINT('',#8122);
#2417=VERTEX_POINT('',#8124);
#2418=VERTEX_POINT('',#8128);
#2419=VERTEX_POINT('',#8130);
#2420=VERTEX_POINT('',#8134);
#2421=VERTEX_POINT('',#8136);
#2422=VERTEX_POINT('',#8140);
#2423=VERTEX_POINT('',#8142);
#2424=VERTEX_POINT('',#8146);
#2425=VERTEX_POINT('',#8148);
#2426=VERTEX_POINT('',#8152);
#2427=VERTEX_POINT('',#8154);
#2428=VERTEX_POINT('',#8158);
#2429=VERTEX_POINT('',#8160);
#2430=VERTEX_POINT('',#8164);
#2431=VERTEX_POINT('',#8166);
#2432=VERTEX_POINT('',#8170);
#2433=VERTEX_POINT('',#8172);
#2434=VERTEX_POINT('',#8176);
#2435=VERTEX_POINT('',#8178);
#2436=VERTEX_POINT('',#8182);
#2437=VERTEX_POINT('',#8184);
#2438=VERTEX_POINT('',#8188);
#2439=VERTEX_POINT('',#8190);
#2440=VERTEX_POINT('',#8194);
#2441=VERTEX_POINT('',#8196);
#2442=VERTEX_POINT('',#8200);
#2443=VERTEX_POINT('',#8202);
#2444=VERTEX_POINT('',#8206);
#2445=VERTEX_POINT('',#8208);
#2446=VERTEX_POINT('',#8212);
#2447=VERTEX_POINT('',#8214);
#2448=VERTEX_POINT('',#8218);
#2449=VERTEX_POINT('',#8220);
#2450=VERTEX_POINT('',#8224);
#2451=VERTEX_POINT('',#8226);
#2452=VERTEX_POINT('',#8230);
#2453=VERTEX_POINT('',#8232);
#2454=VERTEX_POINT('',#8236);
#2455=VERTEX_POINT('',#8238);
#2456=VERTEX_POINT('',#8242);
#2457=VERTEX_POINT('',#8244);
#2458=VERTEX_POINT('',#8248);
#2459=VERTEX_POINT('',#8250);
#2460=VERTEX_POINT('',#8254);
#2461=VERTEX_POINT('',#8256);
#2462=VERTEX_POINT('',#8263);
#2463=VERTEX_POINT('',#8267);
#2464=VERTEX_POINT('',#8269);
#2465=VERTEX_POINT('',#8273);
#2466=VERTEX_POINT('',#8277);
#2467=VERTEX_POINT('',#8283);
#2468=VERTEX_POINT('',#8287);
#2469=VERTEX_POINT('',#8290);
#2470=VERTEX_POINT('',#8294);
#2471=VERTEX_POINT('',#8298);
#2472=VERTEX_POINT('',#8302);
#2473=VERTEX_POINT('',#8305);
#2474=VERTEX_POINT('',#8309);
#2475=VERTEX_POINT('',#8312);
#2476=VERTEX_POINT('',#8313);
#2477=VERTEX_POINT('',#8315);
#2478=VERTEX_POINT('',#8317);
#2479=VERTEX_POINT('',#8319);
#2480=VERTEX_POINT('',#8321);
#2481=VERTEX_POINT('',#8323);
#2482=VERTEX_POINT('',#8325);
#2483=VERTEX_POINT('',#8327);
#2484=VERTEX_POINT('',#8329);
#2485=VERTEX_POINT('',#8331);
#2486=VERTEX_POINT('',#8333);
#2487=VERTEX_POINT('',#8337);
#2488=VERTEX_POINT('',#8339);
#2489=VERTEX_POINT('',#8343);
#2490=VERTEX_POINT('',#8347);
#2491=VERTEX_POINT('',#8351);
#2492=VERTEX_POINT('',#8355);
#2493=VERTEX_POINT('',#8359);
#2494=VERTEX_POINT('',#8363);
#2495=VERTEX_POINT('',#8367);
#2496=VERTEX_POINT('',#8371);
#2497=VERTEX_POINT('',#8375);
#2498=VERTEX_POINT('',#8379);
#2499=VERTEX_POINT('',#8385);
#2500=VERTEX_POINT('',#8388);
#2501=VERTEX_POINT('',#8393);
#2502=VERTEX_POINT('',#8394);
#2503=VERTEX_POINT('',#8396);
#2504=VERTEX_POINT('',#8398);
#2505=VERTEX_POINT('',#8400);
#2506=VERTEX_POINT('',#8402);
#2507=VERTEX_POINT('',#8404);
#2508=VERTEX_POINT('',#8406);
#2509=VERTEX_POINT('',#8408);
#2510=VERTEX_POINT('',#8410);
#2511=VERTEX_POINT('',#8412);
#2512=VERTEX_POINT('',#8414);
#2513=VERTEX_POINT('',#8418);
#2514=VERTEX_POINT('',#8420);
#2515=VERTEX_POINT('',#8424);
#2516=VERTEX_POINT('',#8428);
#2517=VERTEX_POINT('',#8432);
#2518=VERTEX_POINT('',#8436);
#2519=VERTEX_POINT('',#8440);
#2520=VERTEX_POINT('',#8444);
#2521=VERTEX_POINT('',#8448);
#2522=VERTEX_POINT('',#8452);
#2523=VERTEX_POINT('',#8456);
#2524=VERTEX_POINT('',#8460);
#2525=VERTEX_POINT('',#8466);
#2526=VERTEX_POINT('',#8469);
#2527=VERTEX_POINT('',#8474);
#2528=VERTEX_POINT('',#8475);
#2529=VERTEX_POINT('',#8477);
#2530=VERTEX_POINT('',#8479);
#2531=VERTEX_POINT('',#8481);
#2532=VERTEX_POINT('',#8483);
#2533=VERTEX_POINT('',#8485);
#2534=VERTEX_POINT('',#8487);
#2535=VERTEX_POINT('',#8489);
#2536=VERTEX_POINT('',#8491);
#2537=VERTEX_POINT('',#8493);
#2538=VERTEX_POINT('',#8495);
#2539=VERTEX_POINT('',#8499);
#2540=VERTEX_POINT('',#8501);
#2541=VERTEX_POINT('',#8505);
#2542=VERTEX_POINT('',#8509);
#2543=VERTEX_POINT('',#8513);
#2544=VERTEX_POINT('',#8517);
#2545=VERTEX_POINT('',#8521);
#2546=VERTEX_POINT('',#8525);
#2547=VERTEX_POINT('',#8529);
#2548=VERTEX_POINT('',#8533);
#2549=VERTEX_POINT('',#8537);
#2550=VERTEX_POINT('',#8541);
#2551=VERTEX_POINT('',#8547);
#2552=VERTEX_POINT('',#8550);
#2553=VERTEX_POINT('',#8555);
#2554=VERTEX_POINT('',#8556);
#2555=VERTEX_POINT('',#8558);
#2556=VERTEX_POINT('',#8560);
#2557=VERTEX_POINT('',#8562);
#2558=VERTEX_POINT('',#8564);
#2559=VERTEX_POINT('',#8566);
#2560=VERTEX_POINT('',#8568);
#2561=VERTEX_POINT('',#8570);
#2562=VERTEX_POINT('',#8572);
#2563=VERTEX_POINT('',#8574);
#2564=VERTEX_POINT('',#8576);
#2565=VERTEX_POINT('',#8578);
#2566=VERTEX_POINT('',#8580);
#2567=VERTEX_POINT('',#8582);
#2568=VERTEX_POINT('',#8584);
#2569=VERTEX_POINT('',#8586);
#2570=VERTEX_POINT('',#8588);
#2571=VERTEX_POINT('',#8590);
#2572=VERTEX_POINT('',#8592);
#2573=VERTEX_POINT('',#8594);
#2574=VERTEX_POINT('',#8596);
#2575=VERTEX_POINT('',#8598);
#2576=VERTEX_POINT('',#8600);
#2577=VERTEX_POINT('',#8602);
#2578=VERTEX_POINT('',#8604);
#2579=VERTEX_POINT('',#8606);
#2580=VERTEX_POINT('',#8608);
#2581=VERTEX_POINT('',#8610);
#2582=VERTEX_POINT('',#8612);
#2583=VERTEX_POINT('',#8614);
#2584=VERTEX_POINT('',#8616);
#2585=VERTEX_POINT('',#8618);
#2586=VERTEX_POINT('',#8620);
#2587=VERTEX_POINT('',#8622);
#2588=VERTEX_POINT('',#8624);
#2589=VERTEX_POINT('',#8626);
#2590=VERTEX_POINT('',#8628);
#2591=VERTEX_POINT('',#8632);
#2592=VERTEX_POINT('',#8635);
#2593=VERTEX_POINT('',#8637);
#2594=VERTEX_POINT('',#8641);
#2595=VERTEX_POINT('',#8645);
#2596=VERTEX_POINT('',#8649);
#2597=VERTEX_POINT('',#8653);
#2598=VERTEX_POINT('',#8657);
#2599=VERTEX_POINT('',#8661);
#2600=VERTEX_POINT('',#8665);
#2601=VERTEX_POINT('',#8669);
#2602=VERTEX_POINT('',#8673);
#2603=VERTEX_POINT('',#8677);
#2604=VERTEX_POINT('',#8681);
#2605=VERTEX_POINT('',#8685);
#2606=VERTEX_POINT('',#8689);
#2607=VERTEX_POINT('',#8693);
#2608=VERTEX_POINT('',#8697);
#2609=VERTEX_POINT('',#8701);
#2610=VERTEX_POINT('',#8705);
#2611=VERTEX_POINT('',#8709);
#2612=VERTEX_POINT('',#8713);
#2613=VERTEX_POINT('',#8717);
#2614=VERTEX_POINT('',#8721);
#2615=VERTEX_POINT('',#8725);
#2616=VERTEX_POINT('',#8729);
#2617=VERTEX_POINT('',#8733);
#2618=VERTEX_POINT('',#8737);
#2619=VERTEX_POINT('',#8741);
#2620=VERTEX_POINT('',#8745);
#2621=VERTEX_POINT('',#8749);
#2622=VERTEX_POINT('',#8753);
#2623=VERTEX_POINT('',#8757);
#2624=VERTEX_POINT('',#8761);
#2625=VERTEX_POINT('',#8765);
#2626=VERTEX_POINT('',#8769);
#2627=VERTEX_POINT('',#8773);
#2628=VERTEX_POINT('',#8777);
#2629=VERTEX_POINT('',#8781);
#2630=VERTEX_POINT('',#8787);
#2631=VERTEX_POINT('',#8791);
#2632=VERTEX_POINT('',#8794);
#2633=VERTEX_POINT('',#8799);
#2634=VERTEX_POINT('',#8800);
#2635=VERTEX_POINT('',#8802);
#2636=VERTEX_POINT('',#8804);
#2637=VERTEX_POINT('',#8806);
#2638=VERTEX_POINT('',#8808);
#2639=VERTEX_POINT('',#8810);
#2640=VERTEX_POINT('',#8812);
#2641=VERTEX_POINT('',#8814);
#2642=VERTEX_POINT('',#8816);
#2643=VERTEX_POINT('',#8818);
#2644=VERTEX_POINT('',#8820);
#2645=VERTEX_POINT('',#8824);
#2646=VERTEX_POINT('',#8826);
#2647=VERTEX_POINT('',#8830);
#2648=VERTEX_POINT('',#8834);
#2649=VERTEX_POINT('',#8838);
#2650=VERTEX_POINT('',#8842);
#2651=VERTEX_POINT('',#8846);
#2652=VERTEX_POINT('',#8850);
#2653=VERTEX_POINT('',#8854);
#2654=VERTEX_POINT('',#8858);
#2655=VERTEX_POINT('',#8862);
#2656=VERTEX_POINT('',#8866);
#2657=VERTEX_POINT('',#8872);
#2658=VERTEX_POINT('',#8875);
#2659=VERTEX_POINT('',#8880);
#2660=VERTEX_POINT('',#8881);
#2661=VERTEX_POINT('',#8883);
#2662=VERTEX_POINT('',#8885);
#2663=VERTEX_POINT('',#8887);
#2664=VERTEX_POINT('',#8889);
#2665=VERTEX_POINT('',#8891);
#2666=VERTEX_POINT('',#8893);
#2667=VERTEX_POINT('',#8895);
#2668=VERTEX_POINT('',#8897);
#2669=VERTEX_POINT('',#8899);
#2670=VERTEX_POINT('',#8901);
#2671=VERTEX_POINT('',#8903);
#2672=VERTEX_POINT('',#8905);
#2673=VERTEX_POINT('',#8907);
#2674=VERTEX_POINT('',#8909);
#2675=VERTEX_POINT('',#8911);
#2676=VERTEX_POINT('',#8913);
#2677=VERTEX_POINT('',#8915);
#2678=VERTEX_POINT('',#8917);
#2679=VERTEX_POINT('',#8919);
#2680=VERTEX_POINT('',#8921);
#2681=VERTEX_POINT('',#8923);
#2682=VERTEX_POINT('',#8925);
#2683=VERTEX_POINT('',#8927);
#2684=VERTEX_POINT('',#8929);
#2685=VERTEX_POINT('',#8931);
#2686=VERTEX_POINT('',#8933);
#2687=VERTEX_POINT('',#8935);
#2688=VERTEX_POINT('',#8937);
#2689=VERTEX_POINT('',#8939);
#2690=VERTEX_POINT('',#8941);
#2691=VERTEX_POINT('',#8943);
#2692=VERTEX_POINT('',#8945);
#2693=VERTEX_POINT('',#8947);
#2694=VERTEX_POINT('',#8949);
#2695=VERTEX_POINT('',#8951);
#2696=VERTEX_POINT('',#8953);
#2697=VERTEX_POINT('',#8957);
#2698=VERTEX_POINT('',#8960);
#2699=VERTEX_POINT('',#8962);
#2700=VERTEX_POINT('',#8966);
#2701=VERTEX_POINT('',#8970);
#2702=VERTEX_POINT('',#8974);
#2703=VERTEX_POINT('',#8978);
#2704=VERTEX_POINT('',#8982);
#2705=VERTEX_POINT('',#8986);
#2706=VERTEX_POINT('',#8990);
#2707=VERTEX_POINT('',#8994);
#2708=VERTEX_POINT('',#8998);
#2709=VERTEX_POINT('',#9002);
#2710=VERTEX_POINT('',#9006);
#2711=VERTEX_POINT('',#9010);
#2712=VERTEX_POINT('',#9014);
#2713=VERTEX_POINT('',#9018);
#2714=VERTEX_POINT('',#9022);
#2715=VERTEX_POINT('',#9026);
#2716=VERTEX_POINT('',#9030);
#2717=VERTEX_POINT('',#9034);
#2718=VERTEX_POINT('',#9038);
#2719=VERTEX_POINT('',#9042);
#2720=VERTEX_POINT('',#9046);
#2721=VERTEX_POINT('',#9050);
#2722=VERTEX_POINT('',#9054);
#2723=VERTEX_POINT('',#9058);
#2724=VERTEX_POINT('',#9062);
#2725=VERTEX_POINT('',#9066);
#2726=VERTEX_POINT('',#9070);
#2727=VERTEX_POINT('',#9074);
#2728=VERTEX_POINT('',#9078);
#2729=VERTEX_POINT('',#9082);
#2730=VERTEX_POINT('',#9086);
#2731=VERTEX_POINT('',#9090);
#2732=VERTEX_POINT('',#9094);
#2733=VERTEX_POINT('',#9098);
#2734=VERTEX_POINT('',#9102);
#2735=VERTEX_POINT('',#9106);
#2736=VERTEX_POINT('',#9112);
#2737=VERTEX_POINT('',#9116);
#2738=VERTEX_POINT('',#9119);
#2739=VERTEX_POINT('',#9124);
#2740=VERTEX_POINT('',#9125);
#2741=VERTEX_POINT('',#9127);
#2742=VERTEX_POINT('',#9129);
#2743=VERTEX_POINT('',#9133);
#2744=VERTEX_POINT('',#9135);
#2745=VERTEX_POINT('',#9139);
#2746=VERTEX_POINT('',#9141);
#2747=VERTEX_POINT('',#9145);
#2748=VERTEX_POINT('',#9147);
#2749=VERTEX_POINT('',#9151);
#2750=VERTEX_POINT('',#9153);
#2751=VERTEX_POINT('',#9157);
#2752=VERTEX_POINT('',#9159);
#2753=VERTEX_POINT('',#9163);
#2754=VERTEX_POINT('',#9165);
#2755=VERTEX_POINT('',#9169);
#2756=VERTEX_POINT('',#9171);
#2757=VERTEX_POINT('',#9175);
#2758=VERTEX_POINT('',#9177);
#2759=VERTEX_POINT('',#9181);
#2760=VERTEX_POINT('',#9183);
#2761=VERTEX_POINT('',#9187);
#2762=VERTEX_POINT('',#9189);
#2763=VERTEX_POINT('',#9193);
#2764=VERTEX_POINT('',#9195);
#2765=VERTEX_POINT('',#9199);
#2766=VERTEX_POINT('',#9201);
#2767=VERTEX_POINT('',#9205);
#2768=VERTEX_POINT('',#9207);
#2769=VERTEX_POINT('',#9211);
#2770=VERTEX_POINT('',#9213);
#2771=VERTEX_POINT('',#9217);
#2772=VERTEX_POINT('',#9219);
#2773=VERTEX_POINT('',#9223);
#2774=VERTEX_POINT('',#9225);
#2775=VERTEX_POINT('',#9229);
#2776=VERTEX_POINT('',#9231);
#2777=VERTEX_POINT('',#9235);
#2778=VERTEX_POINT('',#9237);
#2779=VERTEX_POINT('',#9241);
#2780=VERTEX_POINT('',#9243);
#2781=VERTEX_POINT('',#9247);
#2782=VERTEX_POINT('',#9249);
#2783=VERTEX_POINT('',#9253);
#2784=VERTEX_POINT('',#9255);
#2785=VERTEX_POINT('',#9259);
#2786=VERTEX_POINT('',#9261);
#2787=VERTEX_POINT('',#9265);
#2788=VERTEX_POINT('',#9267);
#2789=VERTEX_POINT('',#9271);
#2790=VERTEX_POINT('',#9273);
#2791=VERTEX_POINT('',#9277);
#2792=VERTEX_POINT('',#9279);
#2793=VERTEX_POINT('',#9283);
#2794=VERTEX_POINT('',#9285);
#2795=VERTEX_POINT('',#9289);
#2796=VERTEX_POINT('',#9290);
#2797=VERTEX_POINT('',#9295);
#2798=VERTEX_POINT('',#9297);
#2799=VERTEX_POINT('',#9301);
#2800=VERTEX_POINT('',#9303);
#2801=VERTEX_POINT('',#9307);
#2802=VERTEX_POINT('',#9309);
#2803=VERTEX_POINT('',#9313);
#2804=VERTEX_POINT('',#9315);
#2805=VERTEX_POINT('',#9319);
#2806=VERTEX_POINT('',#9321);
#2807=VERTEX_POINT('',#9325);
#2808=VERTEX_POINT('',#9327);
#2809=VERTEX_POINT('',#9331);
#2810=VERTEX_POINT('',#9333);
#2811=VERTEX_POINT('',#9337);
#2812=VERTEX_POINT('',#9339);
#2813=VERTEX_POINT('',#9343);
#2814=VERTEX_POINT('',#9344);
#2815=VERTEX_POINT('',#9352);
#2816=VERTEX_POINT('',#9354);
#2817=VERTEX_POINT('',#9358);
#2818=VERTEX_POINT('',#9361);
#2819=VERTEX_POINT('',#9366);
#2820=VERTEX_POINT('',#9367);
#2821=VERTEX_POINT('',#9369);
#2822=VERTEX_POINT('',#9371);
#2823=VERTEX_POINT('',#9375);
#2824=VERTEX_POINT('',#9377);
#2825=VERTEX_POINT('',#9381);
#2826=VERTEX_POINT('',#9383);
#2827=VERTEX_POINT('',#9387);
#2828=VERTEX_POINT('',#9389);
#2829=VERTEX_POINT('',#9393);
#2830=VERTEX_POINT('',#9395);
#2831=VERTEX_POINT('',#9399);
#2832=VERTEX_POINT('',#9401);
#2833=VERTEX_POINT('',#9405);
#2834=VERTEX_POINT('',#9407);
#2835=VERTEX_POINT('',#9411);
#2836=VERTEX_POINT('',#9413);
#2837=VERTEX_POINT('',#9417);
#2838=VERTEX_POINT('',#9418);
#2839=VERTEX_POINT('',#9423);
#2840=VERTEX_POINT('',#9425);
#2841=VERTEX_POINT('',#9429);
#2842=VERTEX_POINT('',#9431);
#2843=VERTEX_POINT('',#9435);
#2844=VERTEX_POINT('',#9437);
#2845=VERTEX_POINT('',#9441);
#2846=VERTEX_POINT('',#9443);
#2847=VERTEX_POINT('',#9447);
#2848=VERTEX_POINT('',#9449);
#2849=VERTEX_POINT('',#9453);
#2850=VERTEX_POINT('',#9455);
#2851=VERTEX_POINT('',#9459);
#2852=VERTEX_POINT('',#9461);
#2853=VERTEX_POINT('',#9465);
#2854=VERTEX_POINT('',#9467);
#2855=VERTEX_POINT('',#9471);
#2856=VERTEX_POINT('',#9473);
#2857=VERTEX_POINT('',#9477);
#2858=VERTEX_POINT('',#9479);
#2859=VERTEX_POINT('',#9483);
#2860=VERTEX_POINT('',#9485);
#2861=VERTEX_POINT('',#9489);
#2862=VERTEX_POINT('',#9491);
#2863=VERTEX_POINT('',#9495);
#2864=VERTEX_POINT('',#9497);
#2865=VERTEX_POINT('',#9501);
#2866=VERTEX_POINT('',#9503);
#2867=VERTEX_POINT('',#9507);
#2868=VERTEX_POINT('',#9509);
#2869=VERTEX_POINT('',#9513);
#2870=VERTEX_POINT('',#9515);
#2871=VERTEX_POINT('',#9519);
#2872=VERTEX_POINT('',#9521);
#2873=VERTEX_POINT('',#9525);
#2874=VERTEX_POINT('',#9527);
#2875=VERTEX_POINT('',#9531);
#2876=VERTEX_POINT('',#9533);
#2877=VERTEX_POINT('',#9537);
#2878=VERTEX_POINT('',#9539);
#2879=VERTEX_POINT('',#9543);
#2880=VERTEX_POINT('',#9545);
#2881=VERTEX_POINT('',#9549);
#2882=VERTEX_POINT('',#9551);
#2883=VERTEX_POINT('',#9555);
#2884=VERTEX_POINT('',#9557);
#2885=VERTEX_POINT('',#9561);
#2886=VERTEX_POINT('',#9563);
#2887=VERTEX_POINT('',#9567);
#2888=VERTEX_POINT('',#9569);
#2889=VERTEX_POINT('',#9573);
#2890=VERTEX_POINT('',#9575);
#2891=VERTEX_POINT('',#9579);
#2892=VERTEX_POINT('',#9581);
#2893=VERTEX_POINT('',#9585);
#2894=VERTEX_POINT('',#9587);
#2895=VERTEX_POINT('',#9594);
#2896=VERTEX_POINT('',#9596);
#2897=VERTEX_POINT('',#9600);
#2898=VERTEX_POINT('',#9603);
#2899=EDGE_CURVE('',#2359,#2360,#1251,.T.);
#2900=EDGE_CURVE('',#2360,#2360,#993,.T.);
#2901=EDGE_CURVE('',#2361,#2362,#1252,.T.);
#2902=EDGE_CURVE('',#2362,#2362,#994,.T.);
#2903=EDGE_CURVE('',#2363,#2363,#995,.T.);
#2904=EDGE_CURVE('',#2363,#2360,#1253,.T.);
#2905=EDGE_CURVE('',#2364,#2364,#996,.T.);
#2906=EDGE_CURVE('',#2364,#2362,#1254,.T.);
#2907=EDGE_CURVE('',#2365,#2365,#997,.T.);
#2908=EDGE_CURVE('',#2366,#2366,#998,.T.);
#2909=EDGE_CURVE('',#2367,#2368,#1255,.T.);
#2910=EDGE_CURVE('',#2368,#2368,#999,.T.);
#2911=EDGE_CURVE('',#2369,#2369,#1000,.T.);
#2912=EDGE_CURVE('',#2369,#2365,#1256,.T.);
#2913=EDGE_CURVE('',#2370,#2370,#1001,.T.);
#2914=EDGE_CURVE('',#2370,#2366,#1257,.T.);
#2915=EDGE_CURVE('',#2371,#2371,#1002,.T.);
#2916=EDGE_CURVE('',#2371,#2368,#1258,.T.);
#2917=EDGE_CURVE('',#2372,#2372,#1003,.T.);
#2918=EDGE_CURVE('',#2372,#2369,#1259,.T.);
#2919=EDGE_CURVE('',#2373,#2373,#1004,.T.);
#2920=EDGE_CURVE('',#2373,#2370,#1260,.T.);
#2921=EDGE_CURVE('',#2374,#2374,#1005,.T.);
#2922=EDGE_CURVE('',#2372,#2375,#1261,.T.);
#2923=EDGE_CURVE('',#2375,#2375,#1006,.T.);
#2924=EDGE_CURVE('',#2373,#2376,#1262,.T.);
#2925=EDGE_CURVE('',#2376,#2376,#1007,.T.);
#2926=EDGE_CURVE('',#2377,#2377,#1008,.T.);
#2927=EDGE_CURVE('',#2377,#2374,#1263,.T.);
#2928=EDGE_CURVE('',#2378,#2379,#1264,.T.);
#2929=EDGE_CURVE('',#2379,#2380,#1265,.T.);
#2930=EDGE_CURVE('',#2381,#2380,#1266,.T.);
#2931=EDGE_CURVE('',#2378,#2381,#1267,.T.);
#2932=EDGE_CURVE('',#2380,#2382,#1268,.T.);
#2933=EDGE_CURVE('',#2383,#2382,#1269,.T.);
#2934=EDGE_CURVE('',#2381,#2383,#1270,.T.);
#2935=EDGE_CURVE('',#2382,#2384,#1271,.T.);
#2936=EDGE_CURVE('',#2385,#2384,#1272,.T.);
#2937=EDGE_CURVE('',#2383,#2385,#1273,.T.);
#2938=EDGE_CURVE('',#2386,#2387,#1274,.T.);
#2939=EDGE_CURVE('',#2388,#2387,#1275,.T.);
#2940=EDGE_CURVE('',#2389,#2388,#1276,.T.);
#2941=EDGE_CURVE('',#2389,#2386,#1277,.T.);
#2942=EDGE_CURVE('',#2387,#2390,#1278,.T.);
#2943=EDGE_CURVE('',#2391,#2390,#1279,.T.);
#2944=EDGE_CURVE('',#2388,#2391,#1280,.T.);
#2945=EDGE_CURVE('',#2390,#2392,#1281,.T.);
#2946=EDGE_CURVE('',#2393,#2392,#1282,.T.);
#2947=EDGE_CURVE('',#2391,#2393,#1283,.T.);
#2948=EDGE_CURVE('',#2392,#2394,#1284,.T.);
#2949=EDGE_CURVE('',#2395,#2394,#1285,.T.);
#2950=EDGE_CURVE('',#2393,#2395,#1286,.T.);
#2951=EDGE_CURVE('',#2394,#2396,#1287,.T.);
#2952=EDGE_CURVE('',#2397,#2396,#1288,.T.);
#2953=EDGE_CURVE('',#2395,#2397,#1289,.T.);
#2954=EDGE_CURVE('',#2396,#2398,#1009,.T.);
#2955=EDGE_CURVE('',#2399,#2398,#1290,.T.);
#2956=EDGE_CURVE('',#2397,#2399,#1010,.T.);
#2957=EDGE_CURVE('',#2398,#2400,#1291,.T.);
#2958=EDGE_CURVE('',#2401,#2400,#1292,.T.);
#2959=EDGE_CURVE('',#2399,#2401,#1293,.T.);
#2960=EDGE_CURVE('',#2400,#2402,#1294,.T.);
#2961=EDGE_CURVE('',#2403,#2402,#1295,.T.);
#2962=EDGE_CURVE('',#2401,#2403,#1296,.T.);
#2963=EDGE_CURVE('',#2404,#2405,#1297,.T.);
#2964=EDGE_CURVE('',#2403,#2405,#1298,.T.);
#2965=EDGE_CURVE('',#2402,#2404,#1299,.T.);
#2966=EDGE_CURVE('',#2406,#2404,#1300,.T.);
#2967=EDGE_CURVE('',#2407,#2406,#1301,.T.);
#2968=EDGE_CURVE('',#2405,#2407,#1302,.T.);
#2969=EDGE_CURVE('',#2408,#2406,#1011,.T.);
#2970=EDGE_CURVE('',#2409,#2408,#1303,.T.);
#2971=EDGE_CURVE('',#2407,#2409,#1012,.T.);
#2972=EDGE_CURVE('',#2410,#2408,#1013,.T.);
#2973=EDGE_CURVE('',#2411,#2410,#1304,.T.);
#2974=EDGE_CURVE('',#2409,#2411,#1014,.T.);
#2975=EDGE_CURVE('',#2412,#2410,#1015,.T.);
#2976=EDGE_CURVE('',#2413,#2412,#1305,.T.);
#2977=EDGE_CURVE('',#2411,#2413,#1016,.T.);
#2978=EDGE_CURVE('',#2414,#2412,#1306,.T.);
#2979=EDGE_CURVE('',#2415,#2414,#1307,.T.);
#2980=EDGE_CURVE('',#2413,#2415,#1308,.T.);
#2981=EDGE_CURVE('',#2416,#2414,#1017,.T.);
#2982=EDGE_CURVE('',#2417,#2416,#1309,.T.);
#2983=EDGE_CURVE('',#2415,#2417,#1018,.T.);
#2984=EDGE_CURVE('',#2418,#2416,#1310,.T.);
#2985=EDGE_CURVE('',#2419,#2418,#1311,.T.);
#2986=EDGE_CURVE('',#2417,#2419,#1312,.T.);
#2987=EDGE_CURVE('',#2420,#2418,#1019,.T.);
#2988=EDGE_CURVE('',#2421,#2420,#1313,.T.);
#2989=EDGE_CURVE('',#2419,#2421,#1020,.T.);
#2990=EDGE_CURVE('',#2422,#2420,#1314,.T.);
#2991=EDGE_CURVE('',#2423,#2422,#1315,.T.);
#2992=EDGE_CURVE('',#2421,#2423,#1316,.T.);
#2993=EDGE_CURVE('',#2424,#2422,#1021,.T.);
#2994=EDGE_CURVE('',#2425,#2424,#1317,.T.);
#2995=EDGE_CURVE('',#2423,#2425,#1022,.T.);
#2996=EDGE_CURVE('',#2426,#2424,#1023,.T.);
#2997=EDGE_CURVE('',#2427,#2426,#1318,.T.);
#2998=EDGE_CURVE('',#2425,#2427,#1024,.T.);
#2999=EDGE_CURVE('',#2428,#2426,#1025,.T.);
#3000=EDGE_CURVE('',#2429,#2428,#1319,.T.);
#3001=EDGE_CURVE('',#2427,#2429,#1026,.T.);
#3002=EDGE_CURVE('',#2430,#2428,#1320,.T.);
#3003=EDGE_CURVE('',#2431,#2430,#1321,.T.);
#3004=EDGE_CURVE('',#2429,#2431,#1322,.T.);
#3005=EDGE_CURVE('',#2432,#2430,#1323,.T.);
#3006=EDGE_CURVE('',#2433,#2432,#1324,.T.);
#3007=EDGE_CURVE('',#2431,#2433,#1325,.T.);
#3008=EDGE_CURVE('',#2434,#2432,#1326,.T.);
#3009=EDGE_CURVE('',#2435,#2434,#1327,.T.);
#3010=EDGE_CURVE('',#2433,#2435,#1328,.T.);
#3011=EDGE_CURVE('',#2436,#2434,#1329,.T.);
#3012=EDGE_CURVE('',#2437,#2436,#1330,.T.);
#3013=EDGE_CURVE('',#2435,#2437,#1331,.T.);
#3014=EDGE_CURVE('',#2438,#2436,#1332,.T.);
#3015=EDGE_CURVE('',#2439,#2438,#1333,.T.);
#3016=EDGE_CURVE('',#2437,#2439,#1334,.T.);
#3017=EDGE_CURVE('',#2440,#2438,#1027,.T.);
#3018=EDGE_CURVE('',#2441,#2440,#1335,.T.);
#3019=EDGE_CURVE('',#2439,#2441,#1028,.T.);
#3020=EDGE_CURVE('',#2442,#2440,#1029,.T.);
#3021=EDGE_CURVE('',#2443,#2442,#1336,.T.);
#3022=EDGE_CURVE('',#2441,#2443,#1030,.T.);
#3023=EDGE_CURVE('',#2444,#2442,#1031,.T.);
#3024=EDGE_CURVE('',#2445,#2444,#1337,.T.);
#3025=EDGE_CURVE('',#2443,#2445,#1032,.T.);
#3026=EDGE_CURVE('',#2446,#2444,#1338,.T.);
#3027=EDGE_CURVE('',#2447,#2446,#1339,.T.);
#3028=EDGE_CURVE('',#2445,#2447,#1340,.T.);
#3029=EDGE_CURVE('',#2448,#2446,#1033,.T.);
#3030=EDGE_CURVE('',#2449,#2448,#1341,.T.);
#3031=EDGE_CURVE('',#2447,#2449,#1034,.T.);
#3032=EDGE_CURVE('',#2450,#2448,#1342,.T.);
#3033=EDGE_CURVE('',#2451,#2450,#1343,.T.);
#3034=EDGE_CURVE('',#2449,#2451,#1344,.T.);
#3035=EDGE_CURVE('',#2452,#2450,#1035,.T.);
#3036=EDGE_CURVE('',#2453,#2452,#1345,.T.);
#3037=EDGE_CURVE('',#2451,#2453,#1036,.T.);
#3038=EDGE_CURVE('',#2454,#2452,#1346,.T.);
#3039=EDGE_CURVE('',#2455,#2454,#1347,.T.);
#3040=EDGE_CURVE('',#2453,#2455,#1348,.T.);
#3041=EDGE_CURVE('',#2456,#2454,#1037,.T.);
#3042=EDGE_CURVE('',#2457,#2456,#1349,.T.);
#3043=EDGE_CURVE('',#2455,#2457,#1038,.T.);
#3044=EDGE_CURVE('',#2458,#2456,#1039,.T.);
#3045=EDGE_CURVE('',#2459,#2458,#1350,.T.);
#3046=EDGE_CURVE('',#2457,#2459,#1040,.T.);
#3047=EDGE_CURVE('',#2460,#2458,#1041,.T.);
#3048=EDGE_CURVE('',#2461,#2460,#1351,.T.);
#3049=EDGE_CURVE('',#2459,#2461,#1042,.T.);
#3050=EDGE_CURVE('',#2461,#2378,#1352,.T.);
#3051=EDGE_CURVE('',#2379,#2460,#1353,.T.);
#3052=EDGE_CURVE('',#2462,#2462,#1043,.T.);
#3053=EDGE_CURVE('',#2462,#2377,#1354,.T.);
#3054=EDGE_CURVE('',#2384,#2463,#1355,.T.);
#3055=EDGE_CURVE('',#2464,#2463,#1356,.T.);
#3056=EDGE_CURVE('',#2385,#2464,#1357,.T.);
#3057=EDGE_CURVE('',#2464,#2465,#1358,.T.);
#3058=EDGE_CURVE('',#2465,#2389,#1359,.T.);
#3059=EDGE_CURVE('',#2466,#2386,#1360,.T.);
#3060=EDGE_CURVE('',#2465,#2466,#1361,.T.);
#3061=EDGE_CURVE('',#2463,#2466,#1362,.T.);
#3062=EDGE_CURVE('',#2462,#2467,#1363,.T.);
#3063=EDGE_CURVE('',#2467,#2467,#1044,.T.);
#3064=EDGE_CURVE('',#2468,#2468,#1045,.T.);
#3065=EDGE_CURVE('',#2469,#2469,#1046,.T.);
#3066=EDGE_CURVE('',#2469,#2468,#1364,.T.);
#3067=EDGE_CURVE('',#2469,#2470,#1365,.T.);
#3068=EDGE_CURVE('',#2470,#2470,#1047,.T.);
#3069=EDGE_CURVE('',#2470,#2471,#1366,.T.);
#3070=EDGE_CURVE('',#2471,#2471,#1048,.T.);
#3071=EDGE_CURVE('',#2472,#2472,#1049,.T.);
#3072=EDGE_CURVE('',#2472,#2473,#1367,.T.);
#3073=EDGE_CURVE('',#2473,#2473,#1050,.T.);
#3074=EDGE_CURVE('',#2474,#2473,#1368,.T.);
#3075=EDGE_CURVE('',#2475,#2476,#1369,.T.);
#3076=EDGE_CURVE('',#2476,#2477,#1370,.T.);
#3077=EDGE_CURVE('',#2478,#2477,#1371,.T.);
#3078=EDGE_CURVE('',#2479,#2478,#1372,.T.);
#3079=EDGE_CURVE('',#2479,#2480,#1373,.T.);
#3080=EDGE_CURVE('',#2480,#2481,#1374,.T.);
#3081=EDGE_CURVE('',#2482,#2481,#1375,.T.);
#3082=EDGE_CURVE('',#2482,#2483,#1376,.T.);
#3083=EDGE_CURVE('',#2483,#2484,#1377,.T.);
#3084=EDGE_CURVE('',#2484,#2485,#1378,.T.);
#3085=EDGE_CURVE('',#2485,#2486,#1379,.T.);
#3086=EDGE_CURVE('',#2475,#2486,#1380,.T.);
#3087=EDGE_CURVE('',#2487,#2484,#1381,.T.);
#3088=EDGE_CURVE('',#2483,#2488,#1382,.T.);
#3089=EDGE_CURVE('',#2487,#2488,#1051,.T.);
#3090=EDGE_CURVE('',#2489,#2487,#1052,.T.);
#3091=EDGE_CURVE('',#2489,#2485,#1383,.T.);
#3092=EDGE_CURVE('',#2490,#2489,#1053,.T.);
#3093=EDGE_CURVE('',#2486,#2490,#1384,.T.);
#3094=EDGE_CURVE('',#2491,#2490,#1054,.T.);
#3095=EDGE_CURVE('',#2475,#2491,#1385,.T.);
#3096=EDGE_CURVE('',#2492,#2491,#1055,.T.);
#3097=EDGE_CURVE('',#2492,#2476,#1386,.T.);
#3098=EDGE_CURVE('',#2493,#2492,#1056,.T.);
#3099=EDGE_CURVE('',#2477,#2493,#1387,.T.);
#3100=EDGE_CURVE('',#2494,#2478,#1388,.T.);
#3101=EDGE_CURVE('',#2494,#2493,#1057,.T.);
#3102=EDGE_CURVE('',#2495,#2494,#1058,.T.);
#3103=EDGE_CURVE('',#2495,#2479,#1389,.T.);
#3104=EDGE_CURVE('',#2496,#2495,#1059,.T.);
#3105=EDGE_CURVE('',#2480,#2496,#1390,.T.);
#3106=EDGE_CURVE('',#2497,#2496,#1060,.T.);
#3107=EDGE_CURVE('',#2481,#2497,#1391,.T.);
#3108=EDGE_CURVE('',#2498,#2497,#1061,.T.);
#3109=EDGE_CURVE('',#2498,#2482,#1392,.T.);
#3110=EDGE_CURVE('',#2488,#2498,#1062,.T.);
#3111=EDGE_CURVE('',#2499,#2499,#1063,.T.);
#3112=EDGE_CURVE('',#2500,#2500,#1064,.T.);
#3113=EDGE_CURVE('',#2500,#2499,#1393,.T.);
#3114=EDGE_CURVE('',#2501,#2502,#1394,.T.);
#3115=EDGE_CURVE('',#2502,#2503,#1395,.T.);
#3116=EDGE_CURVE('',#2504,#2503,#1396,.T.);
#3117=EDGE_CURVE('',#2505,#2504,#1397,.T.);
#3118=EDGE_CURVE('',#2505,#2506,#1398,.T.);
#3119=EDGE_CURVE('',#2506,#2507,#1399,.T.);
#3120=EDGE_CURVE('',#2508,#2507,#1400,.T.);
#3121=EDGE_CURVE('',#2508,#2509,#1401,.T.);
#3122=EDGE_CURVE('',#2509,#2510,#1402,.T.);
#3123=EDGE_CURVE('',#2510,#2511,#1403,.T.);
#3124=EDGE_CURVE('',#2511,#2512,#1404,.T.);
#3125=EDGE_CURVE('',#2501,#2512,#1405,.T.);
#3126=EDGE_CURVE('',#2513,#2510,#1406,.T.);
#3127=EDGE_CURVE('',#2509,#2514,#1407,.T.);
#3128=EDGE_CURVE('',#2513,#2514,#1065,.T.);
#3129=EDGE_CURVE('',#2515,#2513,#1066,.T.);
#3130=EDGE_CURVE('',#2515,#2511,#1408,.T.);
#3131=EDGE_CURVE('',#2516,#2515,#1067,.T.);
#3132=EDGE_CURVE('',#2512,#2516,#1409,.T.);
#3133=EDGE_CURVE('',#2517,#2516,#1068,.T.);
#3134=EDGE_CURVE('',#2501,#2517,#1410,.T.);
#3135=EDGE_CURVE('',#2518,#2517,#1069,.T.);
#3136=EDGE_CURVE('',#2518,#2502,#1411,.T.);
#3137=EDGE_CURVE('',#2519,#2518,#1070,.T.);
#3138=EDGE_CURVE('',#2503,#2519,#1412,.T.);
#3139=EDGE_CURVE('',#2520,#2504,#1413,.T.);
#3140=EDGE_CURVE('',#2520,#2519,#1071,.T.);
#3141=EDGE_CURVE('',#2521,#2520,#1072,.T.);
#3142=EDGE_CURVE('',#2521,#2505,#1414,.T.);
#3143=EDGE_CURVE('',#2522,#2521,#1073,.T.);
#3144=EDGE_CURVE('',#2506,#2522,#1415,.T.);
#3145=EDGE_CURVE('',#2523,#2522,#1074,.T.);
#3146=EDGE_CURVE('',#2507,#2523,#1416,.T.);
#3147=EDGE_CURVE('',#2524,#2523,#1075,.T.);
#3148=EDGE_CURVE('',#2524,#2508,#1417,.T.);
#3149=EDGE_CURVE('',#2514,#2524,#1076,.T.);
#3150=EDGE_CURVE('',#2525,#2525,#1077,.T.);
#3151=EDGE_CURVE('',#2526,#2526,#1078,.T.);
#3152=EDGE_CURVE('',#2526,#2525,#1418,.T.);
#3153=EDGE_CURVE('',#2527,#2528,#1419,.T.);
#3154=EDGE_CURVE('',#2528,#2529,#1420,.T.);
#3155=EDGE_CURVE('',#2530,#2529,#1421,.T.);
#3156=EDGE_CURVE('',#2531,#2530,#1422,.T.);
#3157=EDGE_CURVE('',#2531,#2532,#1423,.T.);
#3158=EDGE_CURVE('',#2532,#2533,#1424,.T.);
#3159=EDGE_CURVE('',#2534,#2533,#1425,.T.);
#3160=EDGE_CURVE('',#2534,#2535,#1426,.T.);
#3161=EDGE_CURVE('',#2535,#2536,#1427,.T.);
#3162=EDGE_CURVE('',#2536,#2537,#1428,.T.);
#3163=EDGE_CURVE('',#2537,#2538,#1429,.T.);
#3164=EDGE_CURVE('',#2527,#2538,#1430,.T.);
#3165=EDGE_CURVE('',#2539,#2536,#1431,.T.);
#3166=EDGE_CURVE('',#2535,#2540,#1432,.T.);
#3167=EDGE_CURVE('',#2539,#2540,#1079,.T.);
#3168=EDGE_CURVE('',#2541,#2539,#1080,.T.);
#3169=EDGE_CURVE('',#2541,#2537,#1433,.T.);
#3170=EDGE_CURVE('',#2542,#2541,#1081,.T.);
#3171=EDGE_CURVE('',#2538,#2542,#1434,.T.);
#3172=EDGE_CURVE('',#2543,#2542,#1082,.T.);
#3173=EDGE_CURVE('',#2527,#2543,#1435,.T.);
#3174=EDGE_CURVE('',#2544,#2543,#1083,.T.);
#3175=EDGE_CURVE('',#2544,#2528,#1436,.T.);
#3176=EDGE_CURVE('',#2545,#2544,#1084,.T.);
#3177=EDGE_CURVE('',#2529,#2545,#1437,.T.);
#3178=EDGE_CURVE('',#2546,#2530,#1438,.T.);
#3179=EDGE_CURVE('',#2546,#2545,#1085,.T.);
#3180=EDGE_CURVE('',#2547,#2546,#1086,.T.);
#3181=EDGE_CURVE('',#2547,#2531,#1439,.T.);
#3182=EDGE_CURVE('',#2548,#2547,#1087,.T.);
#3183=EDGE_CURVE('',#2532,#2548,#1440,.T.);
#3184=EDGE_CURVE('',#2549,#2548,#1088,.T.);
#3185=EDGE_CURVE('',#2533,#2549,#1441,.T.);
#3186=EDGE_CURVE('',#2550,#2549,#1089,.T.);
#3187=EDGE_CURVE('',#2550,#2534,#1442,.T.);
#3188=EDGE_CURVE('',#2540,#2550,#1090,.T.);
#3189=EDGE_CURVE('',#2551,#2551,#1091,.T.);
#3190=EDGE_CURVE('',#2552,#2552,#1092,.T.);
#3191=EDGE_CURVE('',#2552,#2551,#1443,.T.);
#3192=EDGE_CURVE('',#2553,#2554,#1444,.T.);
#3193=EDGE_CURVE('',#2554,#2555,#1093,.T.);
#3194=EDGE_CURVE('',#2555,#2556,#1094,.T.);
#3195=EDGE_CURVE('',#2556,#2557,#1095,.T.);
#3196=EDGE_CURVE('',#2557,#2558,#1445,.T.);
#3197=EDGE_CURVE('',#2558,#2559,#1096,.T.);
#3198=EDGE_CURVE('',#2559,#2560,#1446,.T.);
#3199=EDGE_CURVE('',#2560,#2561,#1097,.T.);
#3200=EDGE_CURVE('',#2561,#2562,#1447,.T.);
#3201=EDGE_CURVE('',#2562,#2563,#1098,.T.);
#3202=EDGE_CURVE('',#2563,#2564,#1099,.T.);
#3203=EDGE_CURVE('',#2564,#2565,#1100,.T.);
#3204=EDGE_CURVE('',#2565,#2566,#1448,.T.);
#3205=EDGE_CURVE('',#2566,#2567,#1449,.T.);
#3206=EDGE_CURVE('',#2567,#2568,#1450,.T.);
#3207=EDGE_CURVE('',#2568,#2569,#1451,.T.);
#3208=EDGE_CURVE('',#2569,#2570,#1452,.T.);
#3209=EDGE_CURVE('',#2570,#2571,#1101,.T.);
#3210=EDGE_CURVE('',#2571,#2572,#1102,.T.);
#3211=EDGE_CURVE('',#2572,#2573,#1103,.T.);
#3212=EDGE_CURVE('',#2573,#2574,#1453,.T.);
#3213=EDGE_CURVE('',#2574,#2575,#1104,.T.);
#3214=EDGE_CURVE('',#2575,#2576,#1454,.T.);
#3215=EDGE_CURVE('',#2576,#2577,#1105,.T.);
#3216=EDGE_CURVE('',#2577,#2578,#1455,.T.);
#3217=EDGE_CURVE('',#2578,#2579,#1106,.T.);
#3218=EDGE_CURVE('',#2579,#2580,#1107,.T.);
#3219=EDGE_CURVE('',#2580,#2581,#1108,.T.);
#3220=EDGE_CURVE('',#2581,#2582,#1456,.T.);
#3221=EDGE_CURVE('',#2583,#2582,#1457,.T.);
#3222=EDGE_CURVE('',#2584,#2583,#1458,.T.);
#3223=EDGE_CURVE('',#2585,#2584,#1459,.T.);
#3224=EDGE_CURVE('',#2586,#2585,#1460,.T.);
#3225=EDGE_CURVE('',#2587,#2586,#1461,.T.);
#3226=EDGE_CURVE('',#2588,#2587,#1462,.T.);
#3227=EDGE_CURVE('',#2589,#2588,#1463,.T.);
#3228=EDGE_CURVE('',#2590,#2589,#1464,.T.);
#3229=EDGE_CURVE('',#2553,#2590,#1465,.T.);
#3230=EDGE_CURVE('',#2591,#2591,#1109,.T.);
#3231=EDGE_CURVE('',#2592,#2554,#1466,.T.);
#3232=EDGE_CURVE('',#2593,#2592,#1110,.T.);
#3233=EDGE_CURVE('',#2593,#2555,#1467,.T.);
#3234=EDGE_CURVE('',#2594,#2593,#1111,.T.);
#3235=EDGE_CURVE('',#2594,#2556,#1468,.T.);
#3236=EDGE_CURVE('',#2595,#2594,#1112,.T.);
#3237=EDGE_CURVE('',#2595,#2557,#1469,.T.);
#3238=EDGE_CURVE('',#2596,#2595,#1470,.T.);
#3239=EDGE_CURVE('',#2596,#2558,#1471,.T.);
#3240=EDGE_CURVE('',#2597,#2596,#1113,.T.);
#3241=EDGE_CURVE('',#2597,#2559,#1472,.T.);
#3242=EDGE_CURVE('',#2598,#2597,#1473,.T.);
#3243=EDGE_CURVE('',#2598,#2560,#1474,.T.);
#3244=EDGE_CURVE('',#2599,#2598,#1114,.T.);
#3245=EDGE_CURVE('',#2599,#2561,#1475,.T.);
#3246=EDGE_CURVE('',#2600,#2599,#1476,.T.);
#3247=EDGE_CURVE('',#2600,#2562,#1477,.T.);
#3248=EDGE_CURVE('',#2601,#2600,#1115,.T.);
#3249=EDGE_CURVE('',#2601,#2563,#1478,.T.);
#3250=EDGE_CURVE('',#2602,#2601,#1116,.T.);
#3251=EDGE_CURVE('',#2602,#2564,#1479,.T.);
#3252=EDGE_CURVE('',#2603,#2602,#1117,.T.);
#3253=EDGE_CURVE('',#2603,#2565,#1480,.T.);
#3254=EDGE_CURVE('',#2604,#2603,#1481,.T.);
#3255=EDGE_CURVE('',#2604,#2566,#1482,.T.);
#3256=EDGE_CURVE('',#2605,#2604,#1483,.T.);
#3257=EDGE_CURVE('',#2605,#2567,#1484,.T.);
#3258=EDGE_CURVE('',#2606,#2605,#1485,.T.);
#3259=EDGE_CURVE('',#2606,#2568,#1486,.T.);
#3260=EDGE_CURVE('',#2607,#2606,#1487,.T.);
#3261=EDGE_CURVE('',#2607,#2569,#1488,.T.);
#3262=EDGE_CURVE('',#2608,#2607,#1489,.T.);
#3263=EDGE_CURVE('',#2608,#2570,#1490,.T.);
#3264=EDGE_CURVE('',#2609,#2608,#1118,.T.);
#3265=EDGE_CURVE('',#2609,#2571,#1491,.T.);
#3266=EDGE_CURVE('',#2610,#2609,#1119,.T.);
#3267=EDGE_CURVE('',#2610,#2572,#1492,.T.);
#3268=EDGE_CURVE('',#2611,#2610,#1120,.T.);
#3269=EDGE_CURVE('',#2611,#2573,#1493,.T.);
#3270=EDGE_CURVE('',#2612,#2611,#1494,.T.);
#3271=EDGE_CURVE('',#2612,#2574,#1495,.T.);
#3272=EDGE_CURVE('',#2613,#2612,#1121,.T.);
#3273=EDGE_CURVE('',#2613,#2575,#1496,.T.);
#3274=EDGE_CURVE('',#2614,#2613,#1497,.T.);
#3275=EDGE_CURVE('',#2614,#2576,#1498,.T.);
#3276=EDGE_CURVE('',#2615,#2614,#1122,.T.);
#3277=EDGE_CURVE('',#2615,#2577,#1499,.T.);
#3278=EDGE_CURVE('',#2616,#2615,#1500,.T.);
#3279=EDGE_CURVE('',#2616,#2578,#1501,.T.);
#3280=EDGE_CURVE('',#2617,#2616,#1123,.T.);
#3281=EDGE_CURVE('',#2617,#2579,#1502,.T.);
#3282=EDGE_CURVE('',#2618,#2617,#1124,.T.);
#3283=EDGE_CURVE('',#2618,#2580,#1503,.T.);
#3284=EDGE_CURVE('',#2619,#2618,#1125,.T.);
#3285=EDGE_CURVE('',#2619,#2581,#1504,.T.);
#3286=EDGE_CURVE('',#2582,#2620,#1505,.T.);
#3287=EDGE_CURVE('',#2620,#2619,#1506,.T.);
#3288=EDGE_CURVE('',#2621,#2620,#1507,.T.);
#3289=EDGE_CURVE('',#2621,#2583,#1508,.T.);
#3290=EDGE_CURVE('',#2622,#2621,#1509,.T.);
#3291=EDGE_CURVE('',#2622,#2584,#1510,.T.);
#3292=EDGE_CURVE('',#2623,#2622,#1511,.T.);
#3293=EDGE_CURVE('',#2623,#2585,#1512,.T.);
#3294=EDGE_CURVE('',#2624,#2623,#1513,.T.);
#3295=EDGE_CURVE('',#2624,#2586,#1514,.T.);
#3296=EDGE_CURVE('',#2625,#2624,#1515,.T.);
#3297=EDGE_CURVE('',#2625,#2587,#1516,.T.);
#3298=EDGE_CURVE('',#2626,#2625,#1517,.T.);
#3299=EDGE_CURVE('',#2626,#2588,#1518,.T.);
#3300=EDGE_CURVE('',#2627,#2626,#1519,.T.);
#3301=EDGE_CURVE('',#2627,#2589,#1520,.T.);
#3302=EDGE_CURVE('',#2628,#2627,#1521,.T.);
#3303=EDGE_CURVE('',#2628,#2590,#1522,.T.);
#3304=EDGE_CURVE('',#2629,#2553,#1523,.T.);
#3305=EDGE_CURVE('',#2629,#2628,#1524,.T.);
#3306=EDGE_CURVE('',#2592,#2629,#1525,.T.);
#3307=EDGE_CURVE('',#2630,#2630,#1126,.T.);
#3308=EDGE_CURVE('',#2630,#2591,#1526,.T.);
#3309=EDGE_CURVE('',#2631,#2631,#1127,.T.);
#3310=EDGE_CURVE('',#2632,#2632,#1128,.T.);
#3311=EDGE_CURVE('',#2631,#2632,#1527,.T.);
#3312=EDGE_CURVE('',#2633,#2634,#1528,.T.);
#3313=EDGE_CURVE('',#2634,#2635,#1529,.T.);
#3314=EDGE_CURVE('',#2636,#2635,#1530,.T.);
#3315=EDGE_CURVE('',#2637,#2636,#1531,.T.);
#3316=EDGE_CURVE('',#2637,#2638,#1532,.T.);
#3317=EDGE_CURVE('',#2638,#2639,#1533,.T.);
#3318=EDGE_CURVE('',#2640,#2639,#1534,.T.);
#3319=EDGE_CURVE('',#2640,#2641,#1535,.T.);
#3320=EDGE_CURVE('',#2641,#2642,#1536,.T.);
#3321=EDGE_CURVE('',#2642,#2643,#1537,.T.);
#3322=EDGE_CURVE('',#2643,#2644,#1538,.T.);
#3323=EDGE_CURVE('',#2633,#2644,#1539,.T.);
#3324=EDGE_CURVE('',#2645,#2642,#1540,.T.);
#3325=EDGE_CURVE('',#2641,#2646,#1541,.T.);
#3326=EDGE_CURVE('',#2645,#2646,#1129,.T.);
#3327=EDGE_CURVE('',#2647,#2645,#1130,.T.);
#3328=EDGE_CURVE('',#2647,#2643,#1542,.T.);
#3329=EDGE_CURVE('',#2648,#2647,#1131,.T.);
#3330=EDGE_CURVE('',#2644,#2648,#1543,.T.);
#3331=EDGE_CURVE('',#2649,#2648,#1132,.T.);
#3332=EDGE_CURVE('',#2633,#2649,#1544,.T.);
#3333=EDGE_CURVE('',#2650,#2649,#1133,.T.);
#3334=EDGE_CURVE('',#2650,#2634,#1545,.T.);
#3335=EDGE_CURVE('',#2651,#2650,#1134,.T.);
#3336=EDGE_CURVE('',#2635,#2651,#1546,.T.);
#3337=EDGE_CURVE('',#2652,#2636,#1547,.T.);
#3338=EDGE_CURVE('',#2652,#2651,#1135,.T.);
#3339=EDGE_CURVE('',#2653,#2652,#1136,.T.);
#3340=EDGE_CURVE('',#2653,#2637,#1548,.T.);
#3341=EDGE_CURVE('',#2654,#2653,#1137,.T.);
#3342=EDGE_CURVE('',#2638,#2654,#1549,.T.);
#3343=EDGE_CURVE('',#2655,#2654,#1138,.T.);
#3344=EDGE_CURVE('',#2639,#2655,#1550,.T.);
#3345=EDGE_CURVE('',#2656,#2655,#1139,.T.);
#3346=EDGE_CURVE('',#2656,#2640,#1551,.T.);
#3347=EDGE_CURVE('',#2646,#2656,#1140,.T.);
#3348=EDGE_CURVE('',#2657,#2657,#1141,.T.);
#3349=EDGE_CURVE('',#2658,#2658,#1142,.T.);
#3350=EDGE_CURVE('',#2658,#2657,#1552,.T.);
#3351=EDGE_CURVE('',#2659,#2660,#1553,.T.);
#3352=EDGE_CURVE('',#2660,#2661,#1143,.T.);
#3353=EDGE_CURVE('',#2661,#2662,#1144,.T.);
#3354=EDGE_CURVE('',#2662,#2663,#1145,.T.);
#3355=EDGE_CURVE('',#2663,#2664,#1554,.T.);
#3356=EDGE_CURVE('',#2664,#2665,#1146,.T.);
#3357=EDGE_CURVE('',#2665,#2666,#1555,.T.);
#3358=EDGE_CURVE('',#2666,#2667,#1147,.T.);
#3359=EDGE_CURVE('',#2667,#2668,#1556,.T.);
#3360=EDGE_CURVE('',#2668,#2669,#1148,.T.);
#3361=EDGE_CURVE('',#2669,#2670,#1149,.T.);
#3362=EDGE_CURVE('',#2670,#2671,#1150,.T.);
#3363=EDGE_CURVE('',#2671,#2672,#1557,.T.);
#3364=EDGE_CURVE('',#2672,#2673,#1558,.T.);
#3365=EDGE_CURVE('',#2673,#2674,#1559,.T.);
#3366=EDGE_CURVE('',#2674,#2675,#1560,.T.);
#3367=EDGE_CURVE('',#2675,#2676,#1561,.T.);
#3368=EDGE_CURVE('',#2676,#2677,#1151,.T.);
#3369=EDGE_CURVE('',#2677,#2678,#1152,.T.);
#3370=EDGE_CURVE('',#2678,#2679,#1153,.T.);
#3371=EDGE_CURVE('',#2679,#2680,#1562,.T.);
#3372=EDGE_CURVE('',#2680,#2681,#1154,.T.);
#3373=EDGE_CURVE('',#2681,#2682,#1563,.T.);
#3374=EDGE_CURVE('',#2682,#2683,#1155,.T.);
#3375=EDGE_CURVE('',#2683,#2684,#1564,.T.);
#3376=EDGE_CURVE('',#2684,#2685,#1156,.T.);
#3377=EDGE_CURVE('',#2685,#2686,#1157,.T.);
#3378=EDGE_CURVE('',#2686,#2687,#1158,.T.);
#3379=EDGE_CURVE('',#2687,#2688,#1565,.T.);
#3380=EDGE_CURVE('',#2689,#2688,#1566,.T.);
#3381=EDGE_CURVE('',#2690,#2689,#1567,.T.);
#3382=EDGE_CURVE('',#2691,#2690,#1568,.T.);
#3383=EDGE_CURVE('',#2692,#2691,#1569,.T.);
#3384=EDGE_CURVE('',#2693,#2692,#1570,.T.);
#3385=EDGE_CURVE('',#2694,#2693,#1571,.T.);
#3386=EDGE_CURVE('',#2695,#2694,#1572,.T.);
#3387=EDGE_CURVE('',#2696,#2695,#1573,.T.);
#3388=EDGE_CURVE('',#2659,#2696,#1574,.T.);
#3389=EDGE_CURVE('',#2697,#2697,#1159,.T.);
#3390=EDGE_CURVE('',#2698,#2660,#1575,.T.);
#3391=EDGE_CURVE('',#2699,#2698,#1160,.T.);
#3392=EDGE_CURVE('',#2699,#2661,#1576,.T.);
#3393=EDGE_CURVE('',#2700,#2699,#1161,.T.);
#3394=EDGE_CURVE('',#2700,#2662,#1577,.T.);
#3395=EDGE_CURVE('',#2701,#2700,#1162,.T.);
#3396=EDGE_CURVE('',#2701,#2663,#1578,.T.);
#3397=EDGE_CURVE('',#2702,#2701,#1579,.T.);
#3398=EDGE_CURVE('',#2702,#2664,#1580,.T.);
#3399=EDGE_CURVE('',#2703,#2702,#1163,.T.);
#3400=EDGE_CURVE('',#2703,#2665,#1581,.T.);
#3401=EDGE_CURVE('',#2704,#2703,#1582,.T.);
#3402=EDGE_CURVE('',#2704,#2666,#1583,.T.);
#3403=EDGE_CURVE('',#2705,#2704,#1164,.T.);
#3404=EDGE_CURVE('',#2705,#2667,#1584,.T.);
#3405=EDGE_CURVE('',#2706,#2705,#1585,.T.);
#3406=EDGE_CURVE('',#2706,#2668,#1586,.T.);
#3407=EDGE_CURVE('',#2707,#2706,#1165,.T.);
#3408=EDGE_CURVE('',#2707,#2669,#1587,.T.);
#3409=EDGE_CURVE('',#2708,#2707,#1166,.T.);
#3410=EDGE_CURVE('',#2708,#2670,#1588,.T.);
#3411=EDGE_CURVE('',#2709,#2708,#1167,.T.);
#3412=EDGE_CURVE('',#2709,#2671,#1589,.T.);
#3413=EDGE_CURVE('',#2710,#2709,#1590,.T.);
#3414=EDGE_CURVE('',#2710,#2672,#1591,.T.);
#3415=EDGE_CURVE('',#2711,#2710,#1592,.T.);
#3416=EDGE_CURVE('',#2711,#2673,#1593,.T.);
#3417=EDGE_CURVE('',#2712,#2711,#1594,.T.);
#3418=EDGE_CURVE('',#2712,#2674,#1595,.T.);
#3419=EDGE_CURVE('',#2713,#2712,#1596,.T.);
#3420=EDGE_CURVE('',#2713,#2675,#1597,.T.);
#3421=EDGE_CURVE('',#2714,#2713,#1598,.T.);
#3422=EDGE_CURVE('',#2714,#2676,#1599,.T.);
#3423=EDGE_CURVE('',#2715,#2714,#1168,.T.);
#3424=EDGE_CURVE('',#2715,#2677,#1600,.T.);
#3425=EDGE_CURVE('',#2716,#2715,#1169,.T.);
#3426=EDGE_CURVE('',#2716,#2678,#1601,.T.);
#3427=EDGE_CURVE('',#2717,#2716,#1170,.T.);
#3428=EDGE_CURVE('',#2717,#2679,#1602,.T.);
#3429=EDGE_CURVE('',#2718,#2717,#1603,.T.);
#3430=EDGE_CURVE('',#2718,#2680,#1604,.T.);
#3431=EDGE_CURVE('',#2719,#2718,#1171,.T.);
#3432=EDGE_CURVE('',#2719,#2681,#1605,.T.);
#3433=EDGE_CURVE('',#2720,#2719,#1606,.T.);
#3434=EDGE_CURVE('',#2720,#2682,#1607,.T.);
#3435=EDGE_CURVE('',#2721,#2720,#1172,.T.);
#3436=EDGE_CURVE('',#2721,#2683,#1608,.T.);
#3437=EDGE_CURVE('',#2722,#2721,#1609,.T.);
#3438=EDGE_CURVE('',#2722,#2684,#1610,.T.);
#3439=EDGE_CURVE('',#2723,#2722,#1173,.T.);
#3440=EDGE_CURVE('',#2723,#2685,#1611,.T.);
#3441=EDGE_CURVE('',#2724,#2723,#1174,.T.);
#3442=EDGE_CURVE('',#2724,#2686,#1612,.T.);
#3443=EDGE_CURVE('',#2725,#2724,#1175,.T.);
#3444=EDGE_CURVE('',#2725,#2687,#1613,.T.);
#3445=EDGE_CURVE('',#2688,#2726,#1614,.T.);
#3446=EDGE_CURVE('',#2726,#2725,#1615,.T.);
#3447=EDGE_CURVE('',#2727,#2726,#1616,.T.);
#3448=EDGE_CURVE('',#2727,#2689,#1617,.T.);
#3449=EDGE_CURVE('',#2728,#2727,#1618,.T.);
#3450=EDGE_CURVE('',#2728,#2690,#1619,.T.);
#3451=EDGE_CURVE('',#2729,#2728,#1620,.T.);
#3452=EDGE_CURVE('',#2729,#2691,#1621,.T.);
#3453=EDGE_CURVE('',#2730,#2729,#1622,.T.);
#3454=EDGE_CURVE('',#2730,#2692,#1623,.T.);
#3455=EDGE_CURVE('',#2731,#2730,#1624,.T.);
#3456=EDGE_CURVE('',#2731,#2693,#1625,.T.);
#3457=EDGE_CURVE('',#2732,#2731,#1626,.T.);
#3458=EDGE_CURVE('',#2732,#2694,#1627,.T.);
#3459=EDGE_CURVE('',#2733,#2732,#1628,.T.);
#3460=EDGE_CURVE('',#2733,#2695,#1629,.T.);
#3461=EDGE_CURVE('',#2734,#2733,#1630,.T.);
#3462=EDGE_CURVE('',#2734,#2696,#1631,.T.);
#3463=EDGE_CURVE('',#2735,#2659,#1632,.T.);
#3464=EDGE_CURVE('',#2735,#2734,#1633,.T.);
#3465=EDGE_CURVE('',#2698,#2735,#1634,.T.);
#3466=EDGE_CURVE('',#2736,#2736,#1176,.T.);
#3467=EDGE_CURVE('',#2736,#2697,#1635,.T.);
#3468=EDGE_CURVE('',#2737,#2737,#1177,.T.);
#3469=EDGE_CURVE('',#2738,#2738,#1178,.T.);
#3470=EDGE_CURVE('',#2737,#2738,#1636,.T.);
#3471=EDGE_CURVE('',#2739,#2740,#1179,.T.);
#3472=EDGE_CURVE('',#2741,#2739,#1637,.T.);
#3473=EDGE_CURVE('',#2742,#2741,#1180,.T.);
#3474=EDGE_CURVE('',#2742,#2740,#1638,.T.);
#3475=EDGE_CURVE('',#2740,#2743,#1181,.T.);
#3476=EDGE_CURVE('',#2744,#2742,#1182,.T.);
#3477=EDGE_CURVE('',#2744,#2743,#1639,.T.);
#3478=EDGE_CURVE('',#2743,#2745,#1183,.T.);
#3479=EDGE_CURVE('',#2746,#2744,#1184,.T.);
#3480=EDGE_CURVE('',#2746,#2745,#1640,.T.);
#3481=EDGE_CURVE('',#2745,#2747,#1641,.T.);
#3482=EDGE_CURVE('',#2748,#2746,#1642,.T.);
#3483=EDGE_CURVE('',#2748,#2747,#1643,.T.);
#3484=EDGE_CURVE('',#2747,#2749,#1185,.T.);
#3485=EDGE_CURVE('',#2750,#2748,#1186,.T.);
#3486=EDGE_CURVE('',#2750,#2749,#1644,.T.);
#3487=EDGE_CURVE('',#2749,#2751,#1645,.T.);
#3488=EDGE_CURVE('',#2752,#2750,#1646,.T.);
#3489=EDGE_CURVE('',#2752,#2751,#1647,.T.);
#3490=EDGE_CURVE('',#2751,#2753,#1187,.T.);
#3491=EDGE_CURVE('',#2754,#2752,#1188,.T.);
#3492=EDGE_CURVE('',#2754,#2753,#1648,.T.);
#3493=EDGE_CURVE('',#2753,#2755,#1649,.T.);
#3494=EDGE_CURVE('',#2756,#2754,#1650,.T.);
#3495=EDGE_CURVE('',#2756,#2755,#1651,.T.);
#3496=EDGE_CURVE('',#2755,#2757,#1189,.T.);
#3497=EDGE_CURVE('',#2758,#2756,#1190,.T.);
#3498=EDGE_CURVE('',#2758,#2757,#1652,.T.);
#3499=EDGE_CURVE('',#2757,#2759,#1191,.T.);
#3500=EDGE_CURVE('',#2760,#2758,#1192,.T.);
#3501=EDGE_CURVE('',#2760,#2759,#1653,.T.);
#3502=EDGE_CURVE('',#2759,#2761,#1193,.T.);
#3503=EDGE_CURVE('',#2762,#2760,#1194,.T.);
#3504=EDGE_CURVE('',#2762,#2761,#1654,.T.);
#3505=EDGE_CURVE('',#2761,#2763,#1655,.T.);
#3506=EDGE_CURVE('',#2764,#2762,#1656,.T.);
#3507=EDGE_CURVE('',#2764,#2763,#1657,.T.);
#3508=EDGE_CURVE('',#2763,#2765,#1658,.T.);
#3509=EDGE_CURVE('',#2766,#2764,#1659,.T.);
#3510=EDGE_CURVE('',#2766,#2765,#1660,.T.);
#3511=EDGE_CURVE('',#2765,#2767,#1661,.T.);
#3512=EDGE_CURVE('',#2768,#2766,#1662,.T.);
#3513=EDGE_CURVE('',#2768,#2767,#1663,.T.);
#3514=EDGE_CURVE('',#2767,#2769,#1664,.T.);
#3515=EDGE_CURVE('',#2770,#2768,#1665,.T.);
#3516=EDGE_CURVE('',#2770,#2769,#1666,.T.);
#3517=EDGE_CURVE('',#2769,#2771,#1667,.T.);
#3518=EDGE_CURVE('',#2772,#2770,#1668,.T.);
#3519=EDGE_CURVE('',#2772,#2771,#1669,.T.);
#3520=EDGE_CURVE('',#2771,#2773,#1195,.T.);
#3521=EDGE_CURVE('',#2774,#2772,#1196,.T.);
#3522=EDGE_CURVE('',#2774,#2773,#1670,.T.);
#3523=EDGE_CURVE('',#2773,#2775,#1197,.T.);
#3524=EDGE_CURVE('',#2776,#2774,#1198,.T.);
#3525=EDGE_CURVE('',#2776,#2775,#1671,.T.);
#3526=EDGE_CURVE('',#2775,#2777,#1199,.T.);
#3527=EDGE_CURVE('',#2778,#2776,#1200,.T.);
#3528=EDGE_CURVE('',#2778,#2777,#1672,.T.);
#3529=EDGE_CURVE('',#2777,#2779,#1673,.T.);
#3530=EDGE_CURVE('',#2780,#2778,#1674,.T.);
#3531=EDGE_CURVE('',#2780,#2779,#1675,.T.);
#3532=EDGE_CURVE('',#2779,#2781,#1201,.T.);
#3533=EDGE_CURVE('',#2782,#2780,#1202,.T.);
#3534=EDGE_CURVE('',#2782,#2781,#1676,.T.);
#3535=EDGE_CURVE('',#2781,#2783,#1677,.T.);
#3536=EDGE_CURVE('',#2784,#2782,#1678,.T.);
#3537=EDGE_CURVE('',#2784,#2783,#1679,.T.);
#3538=EDGE_CURVE('',#2783,#2785,#1203,.T.);
#3539=EDGE_CURVE('',#2786,#2784,#1204,.T.);
#3540=EDGE_CURVE('',#2786,#2785,#1680,.T.);
#3541=EDGE_CURVE('',#2785,#2787,#1681,.T.);
#3542=EDGE_CURVE('',#2788,#2786,#1682,.T.);
#3543=EDGE_CURVE('',#2788,#2787,#1683,.T.);
#3544=EDGE_CURVE('',#2787,#2789,#1205,.T.);
#3545=EDGE_CURVE('',#2790,#2788,#1206,.T.);
#3546=EDGE_CURVE('',#2790,#2789,#1684,.T.);
#3547=EDGE_CURVE('',#2789,#2791,#1207,.T.);
#3548=EDGE_CURVE('',#2792,#2790,#1208,.T.);
#3549=EDGE_CURVE('',#2792,#2791,#1685,.T.);
#3550=EDGE_CURVE('',#2791,#2793,#1209,.T.);
#3551=EDGE_CURVE('',#2794,#2792,#1210,.T.);
#3552=EDGE_CURVE('',#2794,#2793,#1686,.T.);
#3553=EDGE_CURVE('',#2795,#2796,#1687,.T.);
#3554=EDGE_CURVE('',#2793,#2795,#1688,.T.);
#3555=EDGE_CURVE('',#2796,#2794,#1689,.T.);
#3556=EDGE_CURVE('',#2797,#2796,#1690,.T.);
#3557=EDGE_CURVE('',#2797,#2798,#1691,.T.);
#3558=EDGE_CURVE('',#2798,#2795,#1692,.T.);
#3559=EDGE_CURVE('',#2799,#2798,#1693,.T.);
#3560=EDGE_CURVE('',#2800,#2797,#1694,.T.);
#3561=EDGE_CURVE('',#2800,#2799,#1695,.T.);
#3562=EDGE_CURVE('',#2801,#2799,#1696,.T.);
#3563=EDGE_CURVE('',#2802,#2800,#1697,.T.);
#3564=EDGE_CURVE('',#2802,#2801,#1698,.T.);
#3565=EDGE_CURVE('',#2803,#2801,#1699,.T.);
#3566=EDGE_CURVE('',#2804,#2802,#1700,.T.);
#3567=EDGE_CURVE('',#2804,#2803,#1701,.T.);
#3568=EDGE_CURVE('',#2805,#2803,#1702,.T.);
#3569=EDGE_CURVE('',#2806,#2804,#1703,.T.);
#3570=EDGE_CURVE('',#2806,#2805,#1704,.T.);
#3571=EDGE_CURVE('',#2807,#2805,#1705,.T.);
#3572=EDGE_CURVE('',#2808,#2806,#1706,.T.);
#3573=EDGE_CURVE('',#2808,#2807,#1707,.T.);
#3574=EDGE_CURVE('',#2809,#2807,#1708,.T.);
#3575=EDGE_CURVE('',#2810,#2808,#1709,.T.);
#3576=EDGE_CURVE('',#2810,#2809,#1710,.T.);
#3577=EDGE_CURVE('',#2811,#2809,#1711,.T.);
#3578=EDGE_CURVE('',#2812,#2810,#1712,.T.);
#3579=EDGE_CURVE('',#2812,#2811,#1713,.T.);
#3580=EDGE_CURVE('',#2813,#2814,#1714,.T.);
#3581=EDGE_CURVE('',#2814,#2811,#1715,.T.);
#3582=EDGE_CURVE('',#2813,#2812,#1716,.T.);
#3583=EDGE_CURVE('',#2741,#2813,#1717,.T.);
#3584=EDGE_CURVE('',#2814,#2739,#1718,.T.);
#3585=EDGE_CURVE('',#2815,#2815,#1211,.T.);
#3586=EDGE_CURVE('',#2815,#2816,#1719,.T.);
#3587=EDGE_CURVE('',#2816,#2816,#1212,.T.);
#3588=EDGE_CURVE('',#2817,#2817,#1213,.T.);
#3589=EDGE_CURVE('',#2818,#2818,#1214,.T.);
#3590=EDGE_CURVE('',#2817,#2818,#1720,.T.);
#3591=EDGE_CURVE('',#2819,#2820,#1721,.T.);
#3592=EDGE_CURVE('',#2820,#2821,#1722,.T.);
#3593=EDGE_CURVE('',#2822,#2821,#1723,.T.);
#3594=EDGE_CURVE('',#2819,#2822,#1724,.T.);
#3595=EDGE_CURVE('',#2821,#2823,#1725,.T.);
#3596=EDGE_CURVE('',#2824,#2823,#1726,.T.);
#3597=EDGE_CURVE('',#2822,#2824,#1727,.T.);
#3598=EDGE_CURVE('',#2823,#2825,#1728,.T.);
#3599=EDGE_CURVE('',#2826,#2825,#1729,.T.);
#3600=EDGE_CURVE('',#2824,#2826,#1730,.T.);
#3601=EDGE_CURVE('',#2825,#2827,#1731,.T.);
#3602=EDGE_CURVE('',#2828,#2827,#1732,.T.);
#3603=EDGE_CURVE('',#2826,#2828,#1733,.T.);
#3604=EDGE_CURVE('',#2827,#2829,#1734,.T.);
#3605=EDGE_CURVE('',#2830,#2829,#1735,.T.);
#3606=EDGE_CURVE('',#2828,#2830,#1736,.T.);
#3607=EDGE_CURVE('',#2829,#2831,#1737,.T.);
#3608=EDGE_CURVE('',#2832,#2831,#1738,.T.);
#3609=EDGE_CURVE('',#2830,#2832,#1739,.T.);
#3610=EDGE_CURVE('',#2831,#2833,#1740,.T.);
#3611=EDGE_CURVE('',#2834,#2833,#1741,.T.);
#3612=EDGE_CURVE('',#2832,#2834,#1742,.T.);
#3613=EDGE_CURVE('',#2833,#2835,#1743,.T.);
#3614=EDGE_CURVE('',#2836,#2835,#1744,.T.);
#3615=EDGE_CURVE('',#2834,#2836,#1745,.T.);
#3616=EDGE_CURVE('',#2837,#2838,#1746,.T.);
#3617=EDGE_CURVE('',#2836,#2838,#1747,.T.);
#3618=EDGE_CURVE('',#2835,#2837,#1748,.T.);
#3619=EDGE_CURVE('',#2839,#2837,#1749,.T.);
#3620=EDGE_CURVE('',#2840,#2839,#1750,.T.);
#3621=EDGE_CURVE('',#2838,#2840,#1751,.T.);
#3622=EDGE_CURVE('',#2841,#2839,#1215,.T.);
#3623=EDGE_CURVE('',#2842,#2841,#1752,.T.);
#3624=EDGE_CURVE('',#2840,#2842,#1216,.T.);
#3625=EDGE_CURVE('',#2843,#2841,#1217,.T.);
#3626=EDGE_CURVE('',#2844,#2843,#1753,.T.);
#3627=EDGE_CURVE('',#2842,#2844,#1218,.T.);
#3628=EDGE_CURVE('',#2845,#2843,#1219,.T.);
#3629=EDGE_CURVE('',#2846,#2845,#1754,.T.);
#3630=EDGE_CURVE('',#2844,#2846,#1220,.T.);
#3631=EDGE_CURVE('',#2847,#2845,#1755,.T.);
#3632=EDGE_CURVE('',#2848,#2847,#1756,.T.);
#3633=EDGE_CURVE('',#2846,#2848,#1757,.T.);
#3634=EDGE_CURVE('',#2849,#2847,#1221,.T.);
#3635=EDGE_CURVE('',#2850,#2849,#1758,.T.);
#3636=EDGE_CURVE('',#2848,#2850,#1222,.T.);
#3637=EDGE_CURVE('',#2851,#2849,#1759,.T.);
#3638=EDGE_CURVE('',#2852,#2851,#1760,.T.);
#3639=EDGE_CURVE('',#2850,#2852,#1761,.T.);
#3640=EDGE_CURVE('',#2853,#2851,#1223,.T.);
#3641=EDGE_CURVE('',#2854,#2853,#1762,.T.);
#3642=EDGE_CURVE('',#2852,#2854,#1224,.T.);
#3643=EDGE_CURVE('',#2855,#2853,#1763,.T.);
#3644=EDGE_CURVE('',#2856,#2855,#1764,.T.);
#3645=EDGE_CURVE('',#2854,#2856,#1765,.T.);
#3646=EDGE_CURVE('',#2857,#2855,#1225,.T.);
#3647=EDGE_CURVE('',#2858,#2857,#1766,.T.);
#3648=EDGE_CURVE('',#2856,#2858,#1226,.T.);
#3649=EDGE_CURVE('',#2859,#2857,#1227,.T.);
#3650=EDGE_CURVE('',#2860,#2859,#1767,.T.);
#3651=EDGE_CURVE('',#2858,#2860,#1228,.T.);
#3652=EDGE_CURVE('',#2861,#2859,#1229,.T.);
#3653=EDGE_CURVE('',#2862,#2861,#1768,.T.);
#3654=EDGE_CURVE('',#2860,#2862,#1230,.T.);
#3655=EDGE_CURVE('',#2863,#2861,#1769,.T.);
#3656=EDGE_CURVE('',#2864,#2863,#1770,.T.);
#3657=EDGE_CURVE('',#2862,#2864,#1771,.T.);
#3658=EDGE_CURVE('',#2865,#2863,#1772,.T.);
#3659=EDGE_CURVE('',#2866,#2865,#1773,.T.);
#3660=EDGE_CURVE('',#2864,#2866,#1774,.T.);
#3661=EDGE_CURVE('',#2867,#2865,#1775,.T.);
#3662=EDGE_CURVE('',#2868,#2867,#1776,.T.);
#3663=EDGE_CURVE('',#2866,#2868,#1777,.T.);
#3664=EDGE_CURVE('',#2869,#2867,#1778,.T.);
#3665=EDGE_CURVE('',#2870,#2869,#1779,.T.);
#3666=EDGE_CURVE('',#2868,#2870,#1780,.T.);
#3667=EDGE_CURVE('',#2871,#2869,#1781,.T.);
#3668=EDGE_CURVE('',#2872,#2871,#1782,.T.);
#3669=EDGE_CURVE('',#2870,#2872,#1783,.T.);
#3670=EDGE_CURVE('',#2873,#2871,#1231,.T.);
#3671=EDGE_CURVE('',#2874,#2873,#1784,.T.);
#3672=EDGE_CURVE('',#2872,#2874,#1232,.T.);
#3673=EDGE_CURVE('',#2875,#2873,#1233,.T.);
#3674=EDGE_CURVE('',#2876,#2875,#1785,.T.);
#3675=EDGE_CURVE('',#2874,#2876,#1234,.T.);
#3676=EDGE_CURVE('',#2877,#2875,#1235,.T.);
#3677=EDGE_CURVE('',#2878,#2877,#1786,.T.);
#3678=EDGE_CURVE('',#2876,#2878,#1236,.T.);
#3679=EDGE_CURVE('',#2879,#2877,#1787,.T.);
#3680=EDGE_CURVE('',#2880,#2879,#1788,.T.);
#3681=EDGE_CURVE('',#2878,#2880,#1789,.T.);
#3682=EDGE_CURVE('',#2881,#2879,#1237,.T.);
#3683=EDGE_CURVE('',#2882,#2881,#1790,.T.);
#3684=EDGE_CURVE('',#2880,#2882,#1238,.T.);
#3685=EDGE_CURVE('',#2883,#2881,#1791,.T.);
#3686=EDGE_CURVE('',#2884,#2883,#1792,.T.);
#3687=EDGE_CURVE('',#2882,#2884,#1793,.T.);
#3688=EDGE_CURVE('',#2885,#2883,#1239,.T.);
#3689=EDGE_CURVE('',#2886,#2885,#1794,.T.);
#3690=EDGE_CURVE('',#2884,#2886,#1240,.T.);
#3691=EDGE_CURVE('',#2887,#2885,#1795,.T.);
#3692=EDGE_CURVE('',#2888,#2887,#1796,.T.);
#3693=EDGE_CURVE('',#2886,#2888,#1797,.T.);
#3694=EDGE_CURVE('',#2889,#2887,#1241,.T.);
#3695=EDGE_CURVE('',#2890,#2889,#1798,.T.);
#3696=EDGE_CURVE('',#2888,#2890,#1242,.T.);
#3697=EDGE_CURVE('',#2891,#2889,#1243,.T.);
#3698=EDGE_CURVE('',#2892,#2891,#1799,.T.);
#3699=EDGE_CURVE('',#2890,#2892,#1244,.T.);
#3700=EDGE_CURVE('',#2893,#2891,#1245,.T.);
#3701=EDGE_CURVE('',#2894,#2893,#1800,.T.);
#3702=EDGE_CURVE('',#2892,#2894,#1246,.T.);
#3703=EDGE_CURVE('',#2894,#2819,#1801,.T.);
#3704=EDGE_CURVE('',#2820,#2893,#1802,.T.);
#3705=EDGE_CURVE('',#2895,#2895,#1247,.T.);
#3706=EDGE_CURVE('',#2895,#2896,#1803,.T.);
#3707=EDGE_CURVE('',#2896,#2896,#1248,.T.);
#3708=EDGE_CURVE('',#2897,#2897,#1249,.T.);
#3709=EDGE_CURVE('',#2898,#2898,#1250,.T.);
#3710=EDGE_CURVE('',#2897,#2898,#1804,.T.);
#3711=ORIENTED_EDGE('',*,*,#2899,.T.);
#3712=ORIENTED_EDGE('',*,*,#2900,.F.);
#3713=ORIENTED_EDGE('',*,*,#2899,.F.);
#3714=ORIENTED_EDGE('',*,*,#2901,.T.);
#3715=ORIENTED_EDGE('',*,*,#2902,.F.);
#3716=ORIENTED_EDGE('',*,*,#2901,.F.);
#3717=ORIENTED_EDGE('',*,*,#2903,.F.);
#3718=ORIENTED_EDGE('',*,*,#2904,.T.);
#3719=ORIENTED_EDGE('',*,*,#2900,.T.);
#3720=ORIENTED_EDGE('',*,*,#2904,.F.);
#3721=ORIENTED_EDGE('',*,*,#2905,.F.);
#3722=ORIENTED_EDGE('',*,*,#2906,.T.);
#3723=ORIENTED_EDGE('',*,*,#2902,.T.);
#3724=ORIENTED_EDGE('',*,*,#2906,.F.);
#3725=ORIENTED_EDGE('',*,*,#2907,.F.);
#3726=ORIENTED_EDGE('',*,*,#2903,.T.);
#3727=ORIENTED_EDGE('',*,*,#2908,.F.);
#3728=ORIENTED_EDGE('',*,*,#2905,.T.);
#3729=ORIENTED_EDGE('',*,*,#2909,.T.);
#3730=ORIENTED_EDGE('',*,*,#2910,.F.);
#3731=ORIENTED_EDGE('',*,*,#2909,.F.);
#3732=ORIENTED_EDGE('',*,*,#2911,.F.);
#3733=ORIENTED_EDGE('',*,*,#2912,.T.);
#3734=ORIENTED_EDGE('',*,*,#2907,.T.);
#3735=ORIENTED_EDGE('',*,*,#2912,.F.);
#3736=ORIENTED_EDGE('',*,*,#2913,.F.);
#3737=ORIENTED_EDGE('',*,*,#2914,.T.);
#3738=ORIENTED_EDGE('',*,*,#2908,.T.);
#3739=ORIENTED_EDGE('',*,*,#2914,.F.);
#3740=ORIENTED_EDGE('',*,*,#2915,.F.);
#3741=ORIENTED_EDGE('',*,*,#2916,.T.);
#3742=ORIENTED_EDGE('',*,*,#2910,.T.);
#3743=ORIENTED_EDGE('',*,*,#2916,.F.);
#3744=ORIENTED_EDGE('',*,*,#2917,.F.);
#3745=ORIENTED_EDGE('',*,*,#2918,.T.);
#3746=ORIENTED_EDGE('',*,*,#2911,.T.);
#3747=ORIENTED_EDGE('',*,*,#2918,.F.);
#3748=ORIENTED_EDGE('',*,*,#2919,.F.);
#3749=ORIENTED_EDGE('',*,*,#2920,.T.);
#3750=ORIENTED_EDGE('',*,*,#2913,.T.);
#3751=ORIENTED_EDGE('',*,*,#2920,.F.);
#3752=ORIENTED_EDGE('',*,*,#2921,.F.);
#3753=ORIENTED_EDGE('',*,*,#2915,.T.);
#3754=ORIENTED_EDGE('',*,*,#2917,.T.);
#3755=ORIENTED_EDGE('',*,*,#2922,.T.);
#3756=ORIENTED_EDGE('',*,*,#2923,.F.);
#3757=ORIENTED_EDGE('',*,*,#2922,.F.);
#3758=ORIENTED_EDGE('',*,*,#2919,.T.);
#3759=ORIENTED_EDGE('',*,*,#2924,.T.);
#3760=ORIENTED_EDGE('',*,*,#2925,.F.);
#3761=ORIENTED_EDGE('',*,*,#2924,.F.);
#3762=ORIENTED_EDGE('',*,*,#2926,.F.);
#3763=ORIENTED_EDGE('',*,*,#2927,.T.);
#3764=ORIENTED_EDGE('',*,*,#2921,.T.);
#3765=ORIENTED_EDGE('',*,*,#2927,.F.);
#3766=ORIENTED_EDGE('',*,*,#2928,.T.);
#3767=ORIENTED_EDGE('',*,*,#2929,.T.);
#3768=ORIENTED_EDGE('',*,*,#2930,.F.);
#3769=ORIENTED_EDGE('',*,*,#2931,.F.);
#3770=ORIENTED_EDGE('',*,*,#2932,.T.);
#3771=ORIENTED_EDGE('',*,*,#2933,.F.);
#3772=ORIENTED_EDGE('',*,*,#2934,.F.);
#3773=ORIENTED_EDGE('',*,*,#2930,.T.);
#3774=ORIENTED_EDGE('',*,*,#2935,.T.);
#3775=ORIENTED_EDGE('',*,*,#2936,.F.);
#3776=ORIENTED_EDGE('',*,*,#2937,.F.);
#3777=ORIENTED_EDGE('',*,*,#2933,.T.);
#3778=ORIENTED_EDGE('',*,*,#2938,.T.);
#3779=ORIENTED_EDGE('',*,*,#2939,.F.);
#3780=ORIENTED_EDGE('',*,*,#2940,.F.);
#3781=ORIENTED_EDGE('',*,*,#2941,.T.);
#3782=ORIENTED_EDGE('',*,*,#2942,.T.);
#3783=ORIENTED_EDGE('',*,*,#2943,.F.);
#3784=ORIENTED_EDGE('',*,*,#2944,.F.);
#3785=ORIENTED_EDGE('',*,*,#2939,.T.);
#3786=ORIENTED_EDGE('',*,*,#2945,.T.);
#3787=ORIENTED_EDGE('',*,*,#2946,.F.);
#3788=ORIENTED_EDGE('',*,*,#2947,.F.);
#3789=ORIENTED_EDGE('',*,*,#2943,.T.);
#3790=ORIENTED_EDGE('',*,*,#2925,.T.);
#3791=ORIENTED_EDGE('',*,*,#2923,.T.);
#3792=ORIENTED_EDGE('',*,*,#2948,.T.);
#3793=ORIENTED_EDGE('',*,*,#2949,.F.);
#3794=ORIENTED_EDGE('',*,*,#2950,.F.);
#3795=ORIENTED_EDGE('',*,*,#2946,.T.);
#3796=ORIENTED_EDGE('',*,*,#2951,.T.);
#3797=ORIENTED_EDGE('',*,*,#2952,.F.);
#3798=ORIENTED_EDGE('',*,*,#2953,.F.);
#3799=ORIENTED_EDGE('',*,*,#2949,.T.);
#3800=ORIENTED_EDGE('',*,*,#2954,.T.);
#3801=ORIENTED_EDGE('',*,*,#2955,.F.);
#3802=ORIENTED_EDGE('',*,*,#2956,.F.);
#3803=ORIENTED_EDGE('',*,*,#2952,.T.);
#3804=ORIENTED_EDGE('',*,*,#2957,.T.);
#3805=ORIENTED_EDGE('',*,*,#2958,.F.);
#3806=ORIENTED_EDGE('',*,*,#2959,.F.);
#3807=ORIENTED_EDGE('',*,*,#2955,.T.);
#3808=ORIENTED_EDGE('',*,*,#2960,.T.);
#3809=ORIENTED_EDGE('',*,*,#2961,.F.);
#3810=ORIENTED_EDGE('',*,*,#2962,.F.);
#3811=ORIENTED_EDGE('',*,*,#2958,.T.);
#3812=ORIENTED_EDGE('',*,*,#2963,.T.);
#3813=ORIENTED_EDGE('',*,*,#2964,.F.);
#3814=ORIENTED_EDGE('',*,*,#2961,.T.);
#3815=ORIENTED_EDGE('',*,*,#2965,.T.);
#3816=ORIENTED_EDGE('',*,*,#2963,.F.);
#3817=ORIENTED_EDGE('',*,*,#2966,.F.);
#3818=ORIENTED_EDGE('',*,*,#2967,.F.);
#3819=ORIENTED_EDGE('',*,*,#2968,.F.);
#3820=ORIENTED_EDGE('',*,*,#2969,.F.);
#3821=ORIENTED_EDGE('',*,*,#2970,.F.);
#3822=ORIENTED_EDGE('',*,*,#2971,.F.);
#3823=ORIENTED_EDGE('',*,*,#2967,.T.);
#3824=ORIENTED_EDGE('',*,*,#2972,.F.);
#3825=ORIENTED_EDGE('',*,*,#2973,.F.);
#3826=ORIENTED_EDGE('',*,*,#2974,.F.);
#3827=ORIENTED_EDGE('',*,*,#2970,.T.);
#3828=ORIENTED_EDGE('',*,*,#2975,.F.);
#3829=ORIENTED_EDGE('',*,*,#2976,.F.);
#3830=ORIENTED_EDGE('',*,*,#2977,.F.);
#3831=ORIENTED_EDGE('',*,*,#2973,.T.);
#3832=ORIENTED_EDGE('',*,*,#2978,.F.);
#3833=ORIENTED_EDGE('',*,*,#2979,.F.);
#3834=ORIENTED_EDGE('',*,*,#2980,.F.);
#3835=ORIENTED_EDGE('',*,*,#2976,.T.);
#3836=ORIENTED_EDGE('',*,*,#2981,.F.);
#3837=ORIENTED_EDGE('',*,*,#2982,.F.);
#3838=ORIENTED_EDGE('',*,*,#2983,.F.);
#3839=ORIENTED_EDGE('',*,*,#2979,.T.);
#3840=ORIENTED_EDGE('',*,*,#2984,.F.);
#3841=ORIENTED_EDGE('',*,*,#2985,.F.);
#3842=ORIENTED_EDGE('',*,*,#2986,.F.);
#3843=ORIENTED_EDGE('',*,*,#2982,.T.);
#3844=ORIENTED_EDGE('',*,*,#2987,.F.);
#3845=ORIENTED_EDGE('',*,*,#2988,.F.);
#3846=ORIENTED_EDGE('',*,*,#2989,.F.);
#3847=ORIENTED_EDGE('',*,*,#2985,.T.);
#3848=ORIENTED_EDGE('',*,*,#2990,.F.);
#3849=ORIENTED_EDGE('',*,*,#2991,.F.);
#3850=ORIENTED_EDGE('',*,*,#2992,.F.);
#3851=ORIENTED_EDGE('',*,*,#2988,.T.);
#3852=ORIENTED_EDGE('',*,*,#2993,.F.);
#3853=ORIENTED_EDGE('',*,*,#2994,.F.);
#3854=ORIENTED_EDGE('',*,*,#2995,.F.);
#3855=ORIENTED_EDGE('',*,*,#2991,.T.);
#3856=ORIENTED_EDGE('',*,*,#2996,.F.);
#3857=ORIENTED_EDGE('',*,*,#2997,.F.);
#3858=ORIENTED_EDGE('',*,*,#2998,.F.);
#3859=ORIENTED_EDGE('',*,*,#2994,.T.);
#3860=ORIENTED_EDGE('',*,*,#2999,.F.);
#3861=ORIENTED_EDGE('',*,*,#3000,.F.);
#3862=ORIENTED_EDGE('',*,*,#3001,.F.);
#3863=ORIENTED_EDGE('',*,*,#2997,.T.);
#3864=ORIENTED_EDGE('',*,*,#3002,.F.);
#3865=ORIENTED_EDGE('',*,*,#3003,.F.);
#3866=ORIENTED_EDGE('',*,*,#3004,.F.);
#3867=ORIENTED_EDGE('',*,*,#3000,.T.);
#3868=ORIENTED_EDGE('',*,*,#3005,.F.);
#3869=ORIENTED_EDGE('',*,*,#3006,.F.);
#3870=ORIENTED_EDGE('',*,*,#3007,.F.);
#3871=ORIENTED_EDGE('',*,*,#3003,.T.);
#3872=ORIENTED_EDGE('',*,*,#3008,.F.);
#3873=ORIENTED_EDGE('',*,*,#3009,.F.);
#3874=ORIENTED_EDGE('',*,*,#3010,.F.);
#3875=ORIENTED_EDGE('',*,*,#3006,.T.);
#3876=ORIENTED_EDGE('',*,*,#3011,.F.);
#3877=ORIENTED_EDGE('',*,*,#3012,.F.);
#3878=ORIENTED_EDGE('',*,*,#3013,.F.);
#3879=ORIENTED_EDGE('',*,*,#3009,.T.);
#3880=ORIENTED_EDGE('',*,*,#3014,.F.);
#3881=ORIENTED_EDGE('',*,*,#3015,.F.);
#3882=ORIENTED_EDGE('',*,*,#3016,.F.);
#3883=ORIENTED_EDGE('',*,*,#3012,.T.);
#3884=ORIENTED_EDGE('',*,*,#3017,.F.);
#3885=ORIENTED_EDGE('',*,*,#3018,.F.);
#3886=ORIENTED_EDGE('',*,*,#3019,.F.);
#3887=ORIENTED_EDGE('',*,*,#3015,.T.);
#3888=ORIENTED_EDGE('',*,*,#3020,.F.);
#3889=ORIENTED_EDGE('',*,*,#3021,.F.);
#3890=ORIENTED_EDGE('',*,*,#3022,.F.);
#3891=ORIENTED_EDGE('',*,*,#3018,.T.);
#3892=ORIENTED_EDGE('',*,*,#3023,.F.);
#3893=ORIENTED_EDGE('',*,*,#3024,.F.);
#3894=ORIENTED_EDGE('',*,*,#3025,.F.);
#3895=ORIENTED_EDGE('',*,*,#3021,.T.);
#3896=ORIENTED_EDGE('',*,*,#3026,.F.);
#3897=ORIENTED_EDGE('',*,*,#3027,.F.);
#3898=ORIENTED_EDGE('',*,*,#3028,.F.);
#3899=ORIENTED_EDGE('',*,*,#3024,.T.);
#3900=ORIENTED_EDGE('',*,*,#3029,.F.);
#3901=ORIENTED_EDGE('',*,*,#3030,.F.);
#3902=ORIENTED_EDGE('',*,*,#3031,.F.);
#3903=ORIENTED_EDGE('',*,*,#3027,.T.);
#3904=ORIENTED_EDGE('',*,*,#3032,.F.);
#3905=ORIENTED_EDGE('',*,*,#3033,.F.);
#3906=ORIENTED_EDGE('',*,*,#3034,.F.);
#3907=ORIENTED_EDGE('',*,*,#3030,.T.);
#3908=ORIENTED_EDGE('',*,*,#3035,.F.);
#3909=ORIENTED_EDGE('',*,*,#3036,.F.);
#3910=ORIENTED_EDGE('',*,*,#3037,.F.);
#3911=ORIENTED_EDGE('',*,*,#3033,.T.);
#3912=ORIENTED_EDGE('',*,*,#3038,.F.);
#3913=ORIENTED_EDGE('',*,*,#3039,.F.);
#3914=ORIENTED_EDGE('',*,*,#3040,.F.);
#3915=ORIENTED_EDGE('',*,*,#3036,.T.);
#3916=ORIENTED_EDGE('',*,*,#3041,.F.);
#3917=ORIENTED_EDGE('',*,*,#3042,.F.);
#3918=ORIENTED_EDGE('',*,*,#3043,.F.);
#3919=ORIENTED_EDGE('',*,*,#3039,.T.);
#3920=ORIENTED_EDGE('',*,*,#3044,.F.);
#3921=ORIENTED_EDGE('',*,*,#3045,.F.);
#3922=ORIENTED_EDGE('',*,*,#3046,.F.);
#3923=ORIENTED_EDGE('',*,*,#3042,.T.);
#3924=ORIENTED_EDGE('',*,*,#3047,.F.);
#3925=ORIENTED_EDGE('',*,*,#3048,.F.);
#3926=ORIENTED_EDGE('',*,*,#3049,.F.);
#3927=ORIENTED_EDGE('',*,*,#3045,.T.);
#3928=ORIENTED_EDGE('',*,*,#2928,.F.);
#3929=ORIENTED_EDGE('',*,*,#3050,.F.);
#3930=ORIENTED_EDGE('',*,*,#3048,.T.);
#3931=ORIENTED_EDGE('',*,*,#3051,.F.);
#3932=ORIENTED_EDGE('',*,*,#3052,.F.);
#3933=ORIENTED_EDGE('',*,*,#3053,.T.);
#3934=ORIENTED_EDGE('',*,*,#2926,.T.);
#3935=ORIENTED_EDGE('',*,*,#3053,.F.);
#3936=ORIENTED_EDGE('',*,*,#3054,.T.);
#3937=ORIENTED_EDGE('',*,*,#3055,.F.);
#3938=ORIENTED_EDGE('',*,*,#3056,.F.);
#3939=ORIENTED_EDGE('',*,*,#2936,.T.);
#3940=ORIENTED_EDGE('',*,*,#3050,.T.);
#3941=ORIENTED_EDGE('',*,*,#2931,.T.);
#3942=ORIENTED_EDGE('',*,*,#2934,.T.);
#3943=ORIENTED_EDGE('',*,*,#2937,.T.);
#3944=ORIENTED_EDGE('',*,*,#3056,.T.);
#3945=ORIENTED_EDGE('',*,*,#3057,.T.);
#3946=ORIENTED_EDGE('',*,*,#3058,.T.);
#3947=ORIENTED_EDGE('',*,*,#2940,.T.);
#3948=ORIENTED_EDGE('',*,*,#2944,.T.);
#3949=ORIENTED_EDGE('',*,*,#2947,.T.);
#3950=ORIENTED_EDGE('',*,*,#2950,.T.);
#3951=ORIENTED_EDGE('',*,*,#2953,.T.);
#3952=ORIENTED_EDGE('',*,*,#2956,.T.);
#3953=ORIENTED_EDGE('',*,*,#2959,.T.);
#3954=ORIENTED_EDGE('',*,*,#2962,.T.);
#3955=ORIENTED_EDGE('',*,*,#2964,.T.);
#3956=ORIENTED_EDGE('',*,*,#2968,.T.);
#3957=ORIENTED_EDGE('',*,*,#2971,.T.);
#3958=ORIENTED_EDGE('',*,*,#2974,.T.);
#3959=ORIENTED_EDGE('',*,*,#2977,.T.);
#3960=ORIENTED_EDGE('',*,*,#2980,.T.);
#3961=ORIENTED_EDGE('',*,*,#2983,.T.);
#3962=ORIENTED_EDGE('',*,*,#2986,.T.);
#3963=ORIENTED_EDGE('',*,*,#2989,.T.);
#3964=ORIENTED_EDGE('',*,*,#2992,.T.);
#3965=ORIENTED_EDGE('',*,*,#2995,.T.);
#3966=ORIENTED_EDGE('',*,*,#2998,.T.);
#3967=ORIENTED_EDGE('',*,*,#3001,.T.);
#3968=ORIENTED_EDGE('',*,*,#3004,.T.);
#3969=ORIENTED_EDGE('',*,*,#3007,.T.);
#3970=ORIENTED_EDGE('',*,*,#3010,.T.);
#3971=ORIENTED_EDGE('',*,*,#3013,.T.);
#3972=ORIENTED_EDGE('',*,*,#3016,.T.);
#3973=ORIENTED_EDGE('',*,*,#3019,.T.);
#3974=ORIENTED_EDGE('',*,*,#3022,.T.);
#3975=ORIENTED_EDGE('',*,*,#3025,.T.);
#3976=ORIENTED_EDGE('',*,*,#3028,.T.);
#3977=ORIENTED_EDGE('',*,*,#3031,.T.);
#3978=ORIENTED_EDGE('',*,*,#3034,.T.);
#3979=ORIENTED_EDGE('',*,*,#3037,.T.);
#3980=ORIENTED_EDGE('',*,*,#3040,.T.);
#3981=ORIENTED_EDGE('',*,*,#3043,.T.);
#3982=ORIENTED_EDGE('',*,*,#3046,.T.);
#3983=ORIENTED_EDGE('',*,*,#3049,.T.);
#3984=ORIENTED_EDGE('',*,*,#3059,.T.);
#3985=ORIENTED_EDGE('',*,*,#2941,.F.);
#3986=ORIENTED_EDGE('',*,*,#3058,.F.);
#3987=ORIENTED_EDGE('',*,*,#3060,.T.);
#3988=ORIENTED_EDGE('',*,*,#3051,.T.);
#3989=ORIENTED_EDGE('',*,*,#3047,.T.);
#3990=ORIENTED_EDGE('',*,*,#3044,.T.);
#3991=ORIENTED_EDGE('',*,*,#3041,.T.);
#3992=ORIENTED_EDGE('',*,*,#3038,.T.);
#3993=ORIENTED_EDGE('',*,*,#3035,.T.);
#3994=ORIENTED_EDGE('',*,*,#3032,.T.);
#3995=ORIENTED_EDGE('',*,*,#3029,.T.);
#3996=ORIENTED_EDGE('',*,*,#3026,.T.);
#3997=ORIENTED_EDGE('',*,*,#3023,.T.);
#3998=ORIENTED_EDGE('',*,*,#3020,.T.);
#3999=ORIENTED_EDGE('',*,*,#3017,.T.);
#4000=ORIENTED_EDGE('',*,*,#3014,.T.);
#4001=ORIENTED_EDGE('',*,*,#3011,.T.);
#4002=ORIENTED_EDGE('',*,*,#3008,.T.);
#4003=ORIENTED_EDGE('',*,*,#3005,.T.);
#4004=ORIENTED_EDGE('',*,*,#3002,.T.);
#4005=ORIENTED_EDGE('',*,*,#2999,.T.);
#4006=ORIENTED_EDGE('',*,*,#2996,.T.);
#4007=ORIENTED_EDGE('',*,*,#2993,.T.);
#4008=ORIENTED_EDGE('',*,*,#2990,.T.);
#4009=ORIENTED_EDGE('',*,*,#2987,.T.);
#4010=ORIENTED_EDGE('',*,*,#2984,.T.);
#4011=ORIENTED_EDGE('',*,*,#2981,.T.);
#4012=ORIENTED_EDGE('',*,*,#2978,.T.);
#4013=ORIENTED_EDGE('',*,*,#2975,.T.);
#4014=ORIENTED_EDGE('',*,*,#2972,.T.);
#4015=ORIENTED_EDGE('',*,*,#2969,.T.);
#4016=ORIENTED_EDGE('',*,*,#2966,.T.);
#4017=ORIENTED_EDGE('',*,*,#2965,.F.);
#4018=ORIENTED_EDGE('',*,*,#2960,.F.);
#4019=ORIENTED_EDGE('',*,*,#2957,.F.);
#4020=ORIENTED_EDGE('',*,*,#2954,.F.);
#4021=ORIENTED_EDGE('',*,*,#2951,.F.);
#4022=ORIENTED_EDGE('',*,*,#2948,.F.);
#4023=ORIENTED_EDGE('',*,*,#2945,.F.);
#4024=ORIENTED_EDGE('',*,*,#2942,.F.);
#4025=ORIENTED_EDGE('',*,*,#2938,.F.);
#4026=ORIENTED_EDGE('',*,*,#3059,.F.);
#4027=ORIENTED_EDGE('',*,*,#3061,.F.);
#4028=ORIENTED_EDGE('',*,*,#3054,.F.);
#4029=ORIENTED_EDGE('',*,*,#2935,.F.);
#4030=ORIENTED_EDGE('',*,*,#2932,.F.);
#4031=ORIENTED_EDGE('',*,*,#2929,.F.);
#4032=ORIENTED_EDGE('',*,*,#3052,.T.);
#4033=ORIENTED_EDGE('',*,*,#3062,.T.);
#4034=ORIENTED_EDGE('',*,*,#3063,.F.);
#4035=ORIENTED_EDGE('',*,*,#3062,.F.);
#4036=ORIENTED_EDGE('',*,*,#3061,.T.);
#4037=ORIENTED_EDGE('',*,*,#3060,.F.);
#4038=ORIENTED_EDGE('',*,*,#3057,.F.);
#4039=ORIENTED_EDGE('',*,*,#3055,.T.);
#4040=ORIENTED_EDGE('',*,*,#3063,.T.);
#4041=ORIENTED_EDGE('',*,*,#3064,.T.);
#4042=ORIENTED_EDGE('',*,*,#3065,.T.);
#4043=ORIENTED_EDGE('',*,*,#3066,.T.);
#4044=ORIENTED_EDGE('',*,*,#3064,.F.);
#4045=ORIENTED_EDGE('',*,*,#3066,.F.);
#4046=ORIENTED_EDGE('',*,*,#3065,.F.);
#4047=ORIENTED_EDGE('',*,*,#3067,.T.);
#4048=ORIENTED_EDGE('',*,*,#3068,.T.);
#4049=ORIENTED_EDGE('',*,*,#3067,.F.);
#4050=ORIENTED_EDGE('',*,*,#3068,.F.);
#4051=ORIENTED_EDGE('',*,*,#3069,.T.);
#4052=ORIENTED_EDGE('',*,*,#3070,.T.);
#4053=ORIENTED_EDGE('',*,*,#3069,.F.);
#4054=ORIENTED_EDGE('',*,*,#3070,.F.);
#4055=ORIENTED_EDGE('',*,*,#3071,.T.);
#4056=ORIENTED_EDGE('',*,*,#3071,.F.);
#4057=ORIENTED_EDGE('',*,*,#3072,.T.);
#4058=ORIENTED_EDGE('',*,*,#3073,.T.);
#4059=ORIENTED_EDGE('',*,*,#3072,.F.);
#4060=ORIENTED_EDGE('',*,*,#3074,.T.);
#4061=ORIENTED_EDGE('',*,*,#3073,.F.);
#4062=ORIENTED_EDGE('',*,*,#3074,.F.);
#4063=ORIENTED_EDGE('',*,*,#3075,.T.);
#4064=ORIENTED_EDGE('',*,*,#3076,.T.);
#4065=ORIENTED_EDGE('',*,*,#3077,.F.);
#4066=ORIENTED_EDGE('',*,*,#3078,.F.);
#4067=ORIENTED_EDGE('',*,*,#3079,.T.);
#4068=ORIENTED_EDGE('',*,*,#3080,.T.);
#4069=ORIENTED_EDGE('',*,*,#3081,.F.);
#4070=ORIENTED_EDGE('',*,*,#3082,.T.);
#4071=ORIENTED_EDGE('',*,*,#3083,.T.);
#4072=ORIENTED_EDGE('',*,*,#3084,.T.);
#4073=ORIENTED_EDGE('',*,*,#3085,.T.);
#4074=ORIENTED_EDGE('',*,*,#3086,.F.);
#4075=ORIENTED_EDGE('',*,*,#3087,.T.);
#4076=ORIENTED_EDGE('',*,*,#3083,.F.);
#4077=ORIENTED_EDGE('',*,*,#3088,.T.);
#4078=ORIENTED_EDGE('',*,*,#3089,.F.);
#4079=ORIENTED_EDGE('',*,*,#3090,.F.);
#4080=ORIENTED_EDGE('',*,*,#3091,.T.);
#4081=ORIENTED_EDGE('',*,*,#3084,.F.);
#4082=ORIENTED_EDGE('',*,*,#3087,.F.);
#4083=ORIENTED_EDGE('',*,*,#3092,.F.);
#4084=ORIENTED_EDGE('',*,*,#3093,.F.);
#4085=ORIENTED_EDGE('',*,*,#3085,.F.);
#4086=ORIENTED_EDGE('',*,*,#3091,.F.);
#4087=ORIENTED_EDGE('',*,*,#3094,.F.);
#4088=ORIENTED_EDGE('',*,*,#3095,.F.);
#4089=ORIENTED_EDGE('',*,*,#3086,.T.);
#4090=ORIENTED_EDGE('',*,*,#3093,.T.);
#4091=ORIENTED_EDGE('',*,*,#3095,.T.);
#4092=ORIENTED_EDGE('',*,*,#3096,.F.);
#4093=ORIENTED_EDGE('',*,*,#3097,.T.);
#4094=ORIENTED_EDGE('',*,*,#3075,.F.);
#4095=ORIENTED_EDGE('',*,*,#3098,.F.);
#4096=ORIENTED_EDGE('',*,*,#3099,.F.);
#4097=ORIENTED_EDGE('',*,*,#3076,.F.);
#4098=ORIENTED_EDGE('',*,*,#3097,.F.);
#4099=ORIENTED_EDGE('',*,*,#3100,.T.);
#4100=ORIENTED_EDGE('',*,*,#3077,.T.);
#4101=ORIENTED_EDGE('',*,*,#3099,.T.);
#4102=ORIENTED_EDGE('',*,*,#3101,.F.);
#4103=ORIENTED_EDGE('',*,*,#3102,.F.);
#4104=ORIENTED_EDGE('',*,*,#3103,.T.);
#4105=ORIENTED_EDGE('',*,*,#3078,.T.);
#4106=ORIENTED_EDGE('',*,*,#3100,.F.);
#4107=ORIENTED_EDGE('',*,*,#3104,.F.);
#4108=ORIENTED_EDGE('',*,*,#3105,.F.);
#4109=ORIENTED_EDGE('',*,*,#3079,.F.);
#4110=ORIENTED_EDGE('',*,*,#3103,.F.);
#4111=ORIENTED_EDGE('',*,*,#3106,.F.);
#4112=ORIENTED_EDGE('',*,*,#3107,.F.);
#4113=ORIENTED_EDGE('',*,*,#3080,.F.);
#4114=ORIENTED_EDGE('',*,*,#3105,.T.);
#4115=ORIENTED_EDGE('',*,*,#3107,.T.);
#4116=ORIENTED_EDGE('',*,*,#3108,.F.);
#4117=ORIENTED_EDGE('',*,*,#3109,.T.);
#4118=ORIENTED_EDGE('',*,*,#3081,.T.);
#4119=ORIENTED_EDGE('',*,*,#3110,.F.);
#4120=ORIENTED_EDGE('',*,*,#3088,.F.);
#4121=ORIENTED_EDGE('',*,*,#3082,.F.);
#4122=ORIENTED_EDGE('',*,*,#3109,.F.);
#4123=ORIENTED_EDGE('',*,*,#3111,.F.);
#4124=ORIENTED_EDGE('',*,*,#3098,.T.);
#4125=ORIENTED_EDGE('',*,*,#3096,.T.);
#4126=ORIENTED_EDGE('',*,*,#3094,.T.);
#4127=ORIENTED_EDGE('',*,*,#3092,.T.);
#4128=ORIENTED_EDGE('',*,*,#3090,.T.);
#4129=ORIENTED_EDGE('',*,*,#3089,.T.);
#4130=ORIENTED_EDGE('',*,*,#3110,.T.);
#4131=ORIENTED_EDGE('',*,*,#3108,.T.);
#4132=ORIENTED_EDGE('',*,*,#3106,.T.);
#4133=ORIENTED_EDGE('',*,*,#3104,.T.);
#4134=ORIENTED_EDGE('',*,*,#3102,.T.);
#4135=ORIENTED_EDGE('',*,*,#3101,.T.);
#4136=ORIENTED_EDGE('',*,*,#3112,.T.);
#4137=ORIENTED_EDGE('',*,*,#3112,.F.);
#4138=ORIENTED_EDGE('',*,*,#3113,.T.);
#4139=ORIENTED_EDGE('',*,*,#3111,.T.);
#4140=ORIENTED_EDGE('',*,*,#3113,.F.);
#4141=ORIENTED_EDGE('',*,*,#3114,.T.);
#4142=ORIENTED_EDGE('',*,*,#3115,.T.);
#4143=ORIENTED_EDGE('',*,*,#3116,.F.);
#4144=ORIENTED_EDGE('',*,*,#3117,.F.);
#4145=ORIENTED_EDGE('',*,*,#3118,.T.);
#4146=ORIENTED_EDGE('',*,*,#3119,.T.);
#4147=ORIENTED_EDGE('',*,*,#3120,.F.);
#4148=ORIENTED_EDGE('',*,*,#3121,.T.);
#4149=ORIENTED_EDGE('',*,*,#3122,.T.);
#4150=ORIENTED_EDGE('',*,*,#3123,.T.);
#4151=ORIENTED_EDGE('',*,*,#3124,.T.);
#4152=ORIENTED_EDGE('',*,*,#3125,.F.);
#4153=ORIENTED_EDGE('',*,*,#3126,.T.);
#4154=ORIENTED_EDGE('',*,*,#3122,.F.);
#4155=ORIENTED_EDGE('',*,*,#3127,.T.);
#4156=ORIENTED_EDGE('',*,*,#3128,.F.);
#4157=ORIENTED_EDGE('',*,*,#3129,.F.);
#4158=ORIENTED_EDGE('',*,*,#3130,.T.);
#4159=ORIENTED_EDGE('',*,*,#3123,.F.);
#4160=ORIENTED_EDGE('',*,*,#3126,.F.);
#4161=ORIENTED_EDGE('',*,*,#3131,.F.);
#4162=ORIENTED_EDGE('',*,*,#3132,.F.);
#4163=ORIENTED_EDGE('',*,*,#3124,.F.);
#4164=ORIENTED_EDGE('',*,*,#3130,.F.);
#4165=ORIENTED_EDGE('',*,*,#3133,.F.);
#4166=ORIENTED_EDGE('',*,*,#3134,.F.);
#4167=ORIENTED_EDGE('',*,*,#3125,.T.);
#4168=ORIENTED_EDGE('',*,*,#3132,.T.);
#4169=ORIENTED_EDGE('',*,*,#3134,.T.);
#4170=ORIENTED_EDGE('',*,*,#3135,.F.);
#4171=ORIENTED_EDGE('',*,*,#3136,.T.);
#4172=ORIENTED_EDGE('',*,*,#3114,.F.);
#4173=ORIENTED_EDGE('',*,*,#3137,.F.);
#4174=ORIENTED_EDGE('',*,*,#3138,.F.);
#4175=ORIENTED_EDGE('',*,*,#3115,.F.);
#4176=ORIENTED_EDGE('',*,*,#3136,.F.);
#4177=ORIENTED_EDGE('',*,*,#3139,.T.);
#4178=ORIENTED_EDGE('',*,*,#3116,.T.);
#4179=ORIENTED_EDGE('',*,*,#3138,.T.);
#4180=ORIENTED_EDGE('',*,*,#3140,.F.);
#4181=ORIENTED_EDGE('',*,*,#3141,.F.);
#4182=ORIENTED_EDGE('',*,*,#3142,.T.);
#4183=ORIENTED_EDGE('',*,*,#3117,.T.);
#4184=ORIENTED_EDGE('',*,*,#3139,.F.);
#4185=ORIENTED_EDGE('',*,*,#3143,.F.);
#4186=ORIENTED_EDGE('',*,*,#3144,.F.);
#4187=ORIENTED_EDGE('',*,*,#3118,.F.);
#4188=ORIENTED_EDGE('',*,*,#3142,.F.);
#4189=ORIENTED_EDGE('',*,*,#3145,.F.);
#4190=ORIENTED_EDGE('',*,*,#3146,.F.);
#4191=ORIENTED_EDGE('',*,*,#3119,.F.);
#4192=ORIENTED_EDGE('',*,*,#3144,.T.);
#4193=ORIENTED_EDGE('',*,*,#3146,.T.);
#4194=ORIENTED_EDGE('',*,*,#3147,.F.);
#4195=ORIENTED_EDGE('',*,*,#3148,.T.);
#4196=ORIENTED_EDGE('',*,*,#3120,.T.);
#4197=ORIENTED_EDGE('',*,*,#3149,.F.);
#4198=ORIENTED_EDGE('',*,*,#3127,.F.);
#4199=ORIENTED_EDGE('',*,*,#3121,.F.);
#4200=ORIENTED_EDGE('',*,*,#3148,.F.);
#4201=ORIENTED_EDGE('',*,*,#3150,.F.);
#4202=ORIENTED_EDGE('',*,*,#3137,.T.);
#4203=ORIENTED_EDGE('',*,*,#3135,.T.);
#4204=ORIENTED_EDGE('',*,*,#3133,.T.);
#4205=ORIENTED_EDGE('',*,*,#3131,.T.);
#4206=ORIENTED_EDGE('',*,*,#3129,.T.);
#4207=ORIENTED_EDGE('',*,*,#3128,.T.);
#4208=ORIENTED_EDGE('',*,*,#3149,.T.);
#4209=ORIENTED_EDGE('',*,*,#3147,.T.);
#4210=ORIENTED_EDGE('',*,*,#3145,.T.);
#4211=ORIENTED_EDGE('',*,*,#3143,.T.);
#4212=ORIENTED_EDGE('',*,*,#3141,.T.);
#4213=ORIENTED_EDGE('',*,*,#3140,.T.);
#4214=ORIENTED_EDGE('',*,*,#3151,.T.);
#4215=ORIENTED_EDGE('',*,*,#3151,.F.);
#4216=ORIENTED_EDGE('',*,*,#3152,.T.);
#4217=ORIENTED_EDGE('',*,*,#3150,.T.);
#4218=ORIENTED_EDGE('',*,*,#3152,.F.);
#4219=ORIENTED_EDGE('',*,*,#3153,.T.);
#4220=ORIENTED_EDGE('',*,*,#3154,.T.);
#4221=ORIENTED_EDGE('',*,*,#3155,.F.);
#4222=ORIENTED_EDGE('',*,*,#3156,.F.);
#4223=ORIENTED_EDGE('',*,*,#3157,.T.);
#4224=ORIENTED_EDGE('',*,*,#3158,.T.);
#4225=ORIENTED_EDGE('',*,*,#3159,.F.);
#4226=ORIENTED_EDGE('',*,*,#3160,.T.);
#4227=ORIENTED_EDGE('',*,*,#3161,.T.);
#4228=ORIENTED_EDGE('',*,*,#3162,.T.);
#4229=ORIENTED_EDGE('',*,*,#3163,.T.);
#4230=ORIENTED_EDGE('',*,*,#3164,.F.);
#4231=ORIENTED_EDGE('',*,*,#3165,.T.);
#4232=ORIENTED_EDGE('',*,*,#3161,.F.);
#4233=ORIENTED_EDGE('',*,*,#3166,.T.);
#4234=ORIENTED_EDGE('',*,*,#3167,.F.);
#4235=ORIENTED_EDGE('',*,*,#3168,.F.);
#4236=ORIENTED_EDGE('',*,*,#3169,.T.);
#4237=ORIENTED_EDGE('',*,*,#3162,.F.);
#4238=ORIENTED_EDGE('',*,*,#3165,.F.);
#4239=ORIENTED_EDGE('',*,*,#3170,.F.);
#4240=ORIENTED_EDGE('',*,*,#3171,.F.);
#4241=ORIENTED_EDGE('',*,*,#3163,.F.);
#4242=ORIENTED_EDGE('',*,*,#3169,.F.);
#4243=ORIENTED_EDGE('',*,*,#3172,.F.);
#4244=ORIENTED_EDGE('',*,*,#3173,.F.);
#4245=ORIENTED_EDGE('',*,*,#3164,.T.);
#4246=ORIENTED_EDGE('',*,*,#3171,.T.);
#4247=ORIENTED_EDGE('',*,*,#3173,.T.);
#4248=ORIENTED_EDGE('',*,*,#3174,.F.);
#4249=ORIENTED_EDGE('',*,*,#3175,.T.);
#4250=ORIENTED_EDGE('',*,*,#3153,.F.);
#4251=ORIENTED_EDGE('',*,*,#3176,.F.);
#4252=ORIENTED_EDGE('',*,*,#3177,.F.);
#4253=ORIENTED_EDGE('',*,*,#3154,.F.);
#4254=ORIENTED_EDGE('',*,*,#3175,.F.);
#4255=ORIENTED_EDGE('',*,*,#3178,.T.);
#4256=ORIENTED_EDGE('',*,*,#3155,.T.);
#4257=ORIENTED_EDGE('',*,*,#3177,.T.);
#4258=ORIENTED_EDGE('',*,*,#3179,.F.);
#4259=ORIENTED_EDGE('',*,*,#3180,.F.);
#4260=ORIENTED_EDGE('',*,*,#3181,.T.);
#4261=ORIENTED_EDGE('',*,*,#3156,.T.);
#4262=ORIENTED_EDGE('',*,*,#3178,.F.);
#4263=ORIENTED_EDGE('',*,*,#3182,.F.);
#4264=ORIENTED_EDGE('',*,*,#3183,.F.);
#4265=ORIENTED_EDGE('',*,*,#3157,.F.);
#4266=ORIENTED_EDGE('',*,*,#3181,.F.);
#4267=ORIENTED_EDGE('',*,*,#3184,.F.);
#4268=ORIENTED_EDGE('',*,*,#3185,.F.);
#4269=ORIENTED_EDGE('',*,*,#3158,.F.);
#4270=ORIENTED_EDGE('',*,*,#3183,.T.);
#4271=ORIENTED_EDGE('',*,*,#3185,.T.);
#4272=ORIENTED_EDGE('',*,*,#3186,.F.);
#4273=ORIENTED_EDGE('',*,*,#3187,.T.);
#4274=ORIENTED_EDGE('',*,*,#3159,.T.);
#4275=ORIENTED_EDGE('',*,*,#3188,.F.);
#4276=ORIENTED_EDGE('',*,*,#3166,.F.);
#4277=ORIENTED_EDGE('',*,*,#3160,.F.);
#4278=ORIENTED_EDGE('',*,*,#3187,.F.);
#4279=ORIENTED_EDGE('',*,*,#3189,.F.);
#4280=ORIENTED_EDGE('',*,*,#3176,.T.);
#4281=ORIENTED_EDGE('',*,*,#3174,.T.);
#4282=ORIENTED_EDGE('',*,*,#3172,.T.);
#4283=ORIENTED_EDGE('',*,*,#3170,.T.);
#4284=ORIENTED_EDGE('',*,*,#3168,.T.);
#4285=ORIENTED_EDGE('',*,*,#3167,.T.);
#4286=ORIENTED_EDGE('',*,*,#3188,.T.);
#4287=ORIENTED_EDGE('',*,*,#3186,.T.);
#4288=ORIENTED_EDGE('',*,*,#3184,.T.);
#4289=ORIENTED_EDGE('',*,*,#3182,.T.);
#4290=ORIENTED_EDGE('',*,*,#3180,.T.);
#4291=ORIENTED_EDGE('',*,*,#3179,.T.);
#4292=ORIENTED_EDGE('',*,*,#3190,.T.);
#4293=ORIENTED_EDGE('',*,*,#3190,.F.);
#4294=ORIENTED_EDGE('',*,*,#3191,.T.);
#4295=ORIENTED_EDGE('',*,*,#3189,.T.);
#4296=ORIENTED_EDGE('',*,*,#3191,.F.);
#4297=ORIENTED_EDGE('',*,*,#3192,.T.);
#4298=ORIENTED_EDGE('',*,*,#3193,.T.);
#4299=ORIENTED_EDGE('',*,*,#3194,.T.);
#4300=ORIENTED_EDGE('',*,*,#3195,.T.);
#4301=ORIENTED_EDGE('',*,*,#3196,.T.);
#4302=ORIENTED_EDGE('',*,*,#3197,.T.);
#4303=ORIENTED_EDGE('',*,*,#3198,.T.);
#4304=ORIENTED_EDGE('',*,*,#3199,.T.);
#4305=ORIENTED_EDGE('',*,*,#3200,.T.);
#4306=ORIENTED_EDGE('',*,*,#3201,.T.);
#4307=ORIENTED_EDGE('',*,*,#3202,.T.);
#4308=ORIENTED_EDGE('',*,*,#3203,.T.);
#4309=ORIENTED_EDGE('',*,*,#3204,.T.);
#4310=ORIENTED_EDGE('',*,*,#3205,.T.);
#4311=ORIENTED_EDGE('',*,*,#3206,.T.);
#4312=ORIENTED_EDGE('',*,*,#3207,.T.);
#4313=ORIENTED_EDGE('',*,*,#3208,.T.);
#4314=ORIENTED_EDGE('',*,*,#3209,.T.);
#4315=ORIENTED_EDGE('',*,*,#3210,.T.);
#4316=ORIENTED_EDGE('',*,*,#3211,.T.);
#4317=ORIENTED_EDGE('',*,*,#3212,.T.);
#4318=ORIENTED_EDGE('',*,*,#3213,.T.);
#4319=ORIENTED_EDGE('',*,*,#3214,.T.);
#4320=ORIENTED_EDGE('',*,*,#3215,.T.);
#4321=ORIENTED_EDGE('',*,*,#3216,.T.);
#4322=ORIENTED_EDGE('',*,*,#3217,.T.);
#4323=ORIENTED_EDGE('',*,*,#3218,.T.);
#4324=ORIENTED_EDGE('',*,*,#3219,.T.);
#4325=ORIENTED_EDGE('',*,*,#3220,.T.);
#4326=ORIENTED_EDGE('',*,*,#3221,.F.);
#4327=ORIENTED_EDGE('',*,*,#3222,.F.);
#4328=ORIENTED_EDGE('',*,*,#3223,.F.);
#4329=ORIENTED_EDGE('',*,*,#3224,.F.);
#4330=ORIENTED_EDGE('',*,*,#3225,.F.);
#4331=ORIENTED_EDGE('',*,*,#3226,.F.);
#4332=ORIENTED_EDGE('',*,*,#3227,.F.);
#4333=ORIENTED_EDGE('',*,*,#3228,.F.);
#4334=ORIENTED_EDGE('',*,*,#3229,.F.);
#4335=ORIENTED_EDGE('',*,*,#3230,.F.);
#4336=ORIENTED_EDGE('',*,*,#3193,.F.);
#4337=ORIENTED_EDGE('',*,*,#3231,.F.);
#4338=ORIENTED_EDGE('',*,*,#3232,.F.);
#4339=ORIENTED_EDGE('',*,*,#3233,.T.);
#4340=ORIENTED_EDGE('',*,*,#3194,.F.);
#4341=ORIENTED_EDGE('',*,*,#3233,.F.);
#4342=ORIENTED_EDGE('',*,*,#3234,.F.);
#4343=ORIENTED_EDGE('',*,*,#3235,.T.);
#4344=ORIENTED_EDGE('',*,*,#3195,.F.);
#4345=ORIENTED_EDGE('',*,*,#3235,.F.);
#4346=ORIENTED_EDGE('',*,*,#3236,.F.);
#4347=ORIENTED_EDGE('',*,*,#3237,.T.);
#4348=ORIENTED_EDGE('',*,*,#3196,.F.);
#4349=ORIENTED_EDGE('',*,*,#3237,.F.);
#4350=ORIENTED_EDGE('',*,*,#3238,.F.);
#4351=ORIENTED_EDGE('',*,*,#3239,.T.);
#4352=ORIENTED_EDGE('',*,*,#3197,.F.);
#4353=ORIENTED_EDGE('',*,*,#3239,.F.);
#4354=ORIENTED_EDGE('',*,*,#3240,.F.);
#4355=ORIENTED_EDGE('',*,*,#3241,.T.);
#4356=ORIENTED_EDGE('',*,*,#3198,.F.);
#4357=ORIENTED_EDGE('',*,*,#3241,.F.);
#4358=ORIENTED_EDGE('',*,*,#3242,.F.);
#4359=ORIENTED_EDGE('',*,*,#3243,.T.);
#4360=ORIENTED_EDGE('',*,*,#3199,.F.);
#4361=ORIENTED_EDGE('',*,*,#3243,.F.);
#4362=ORIENTED_EDGE('',*,*,#3244,.F.);
#4363=ORIENTED_EDGE('',*,*,#3245,.T.);
#4364=ORIENTED_EDGE('',*,*,#3200,.F.);
#4365=ORIENTED_EDGE('',*,*,#3245,.F.);
#4366=ORIENTED_EDGE('',*,*,#3246,.F.);
#4367=ORIENTED_EDGE('',*,*,#3247,.T.);
#4368=ORIENTED_EDGE('',*,*,#3201,.F.);
#4369=ORIENTED_EDGE('',*,*,#3247,.F.);
#4370=ORIENTED_EDGE('',*,*,#3248,.F.);
#4371=ORIENTED_EDGE('',*,*,#3249,.T.);
#4372=ORIENTED_EDGE('',*,*,#3202,.F.);
#4373=ORIENTED_EDGE('',*,*,#3249,.F.);
#4374=ORIENTED_EDGE('',*,*,#3250,.F.);
#4375=ORIENTED_EDGE('',*,*,#3251,.T.);
#4376=ORIENTED_EDGE('',*,*,#3203,.F.);
#4377=ORIENTED_EDGE('',*,*,#3251,.F.);
#4378=ORIENTED_EDGE('',*,*,#3252,.F.);
#4379=ORIENTED_EDGE('',*,*,#3253,.T.);
#4380=ORIENTED_EDGE('',*,*,#3204,.F.);
#4381=ORIENTED_EDGE('',*,*,#3253,.F.);
#4382=ORIENTED_EDGE('',*,*,#3254,.F.);
#4383=ORIENTED_EDGE('',*,*,#3255,.T.);
#4384=ORIENTED_EDGE('',*,*,#3205,.F.);
#4385=ORIENTED_EDGE('',*,*,#3255,.F.);
#4386=ORIENTED_EDGE('',*,*,#3256,.F.);
#4387=ORIENTED_EDGE('',*,*,#3257,.T.);
#4388=ORIENTED_EDGE('',*,*,#3206,.F.);
#4389=ORIENTED_EDGE('',*,*,#3257,.F.);
#4390=ORIENTED_EDGE('',*,*,#3258,.F.);
#4391=ORIENTED_EDGE('',*,*,#3259,.T.);
#4392=ORIENTED_EDGE('',*,*,#3207,.F.);
#4393=ORIENTED_EDGE('',*,*,#3259,.F.);
#4394=ORIENTED_EDGE('',*,*,#3260,.F.);
#4395=ORIENTED_EDGE('',*,*,#3261,.T.);
#4396=ORIENTED_EDGE('',*,*,#3208,.F.);
#4397=ORIENTED_EDGE('',*,*,#3261,.F.);
#4398=ORIENTED_EDGE('',*,*,#3262,.F.);
#4399=ORIENTED_EDGE('',*,*,#3263,.T.);
#4400=ORIENTED_EDGE('',*,*,#3209,.F.);
#4401=ORIENTED_EDGE('',*,*,#3263,.F.);
#4402=ORIENTED_EDGE('',*,*,#3264,.F.);
#4403=ORIENTED_EDGE('',*,*,#3265,.T.);
#4404=ORIENTED_EDGE('',*,*,#3210,.F.);
#4405=ORIENTED_EDGE('',*,*,#3265,.F.);
#4406=ORIENTED_EDGE('',*,*,#3266,.F.);
#4407=ORIENTED_EDGE('',*,*,#3267,.T.);
#4408=ORIENTED_EDGE('',*,*,#3211,.F.);
#4409=ORIENTED_EDGE('',*,*,#3267,.F.);
#4410=ORIENTED_EDGE('',*,*,#3268,.F.);
#4411=ORIENTED_EDGE('',*,*,#3269,.T.);
#4412=ORIENTED_EDGE('',*,*,#3212,.F.);
#4413=ORIENTED_EDGE('',*,*,#3269,.F.);
#4414=ORIENTED_EDGE('',*,*,#3270,.F.);
#4415=ORIENTED_EDGE('',*,*,#3271,.T.);
#4416=ORIENTED_EDGE('',*,*,#3213,.F.);
#4417=ORIENTED_EDGE('',*,*,#3271,.F.);
#4418=ORIENTED_EDGE('',*,*,#3272,.F.);
#4419=ORIENTED_EDGE('',*,*,#3273,.T.);
#4420=ORIENTED_EDGE('',*,*,#3214,.F.);
#4421=ORIENTED_EDGE('',*,*,#3273,.F.);
#4422=ORIENTED_EDGE('',*,*,#3274,.F.);
#4423=ORIENTED_EDGE('',*,*,#3275,.T.);
#4424=ORIENTED_EDGE('',*,*,#3215,.F.);
#4425=ORIENTED_EDGE('',*,*,#3275,.F.);
#4426=ORIENTED_EDGE('',*,*,#3276,.F.);
#4427=ORIENTED_EDGE('',*,*,#3277,.T.);
#4428=ORIENTED_EDGE('',*,*,#3216,.F.);
#4429=ORIENTED_EDGE('',*,*,#3277,.F.);
#4430=ORIENTED_EDGE('',*,*,#3278,.F.);
#4431=ORIENTED_EDGE('',*,*,#3279,.T.);
#4432=ORIENTED_EDGE('',*,*,#3217,.F.);
#4433=ORIENTED_EDGE('',*,*,#3279,.F.);
#4434=ORIENTED_EDGE('',*,*,#3280,.F.);
#4435=ORIENTED_EDGE('',*,*,#3281,.T.);
#4436=ORIENTED_EDGE('',*,*,#3218,.F.);
#4437=ORIENTED_EDGE('',*,*,#3281,.F.);
#4438=ORIENTED_EDGE('',*,*,#3282,.F.);
#4439=ORIENTED_EDGE('',*,*,#3283,.T.);
#4440=ORIENTED_EDGE('',*,*,#3219,.F.);
#4441=ORIENTED_EDGE('',*,*,#3283,.F.);
#4442=ORIENTED_EDGE('',*,*,#3284,.F.);
#4443=ORIENTED_EDGE('',*,*,#3285,.T.);
#4444=ORIENTED_EDGE('',*,*,#3286,.F.);
#4445=ORIENTED_EDGE('',*,*,#3220,.F.);
#4446=ORIENTED_EDGE('',*,*,#3285,.F.);
#4447=ORIENTED_EDGE('',*,*,#3287,.F.);
#4448=ORIENTED_EDGE('',*,*,#3286,.T.);
#4449=ORIENTED_EDGE('',*,*,#3288,.F.);
#4450=ORIENTED_EDGE('',*,*,#3289,.T.);
#4451=ORIENTED_EDGE('',*,*,#3221,.T.);
#4452=ORIENTED_EDGE('',*,*,#3222,.T.);
#4453=ORIENTED_EDGE('',*,*,#3289,.F.);
#4454=ORIENTED_EDGE('',*,*,#3290,.F.);
#4455=ORIENTED_EDGE('',*,*,#3291,.T.);
#4456=ORIENTED_EDGE('',*,*,#3223,.T.);
#4457=ORIENTED_EDGE('',*,*,#3291,.F.);
#4458=ORIENTED_EDGE('',*,*,#3292,.F.);
#4459=ORIENTED_EDGE('',*,*,#3293,.T.);
#4460=ORIENTED_EDGE('',*,*,#3224,.T.);
#4461=ORIENTED_EDGE('',*,*,#3293,.F.);
#4462=ORIENTED_EDGE('',*,*,#3294,.F.);
#4463=ORIENTED_EDGE('',*,*,#3295,.T.);
#4464=ORIENTED_EDGE('',*,*,#3225,.T.);
#4465=ORIENTED_EDGE('',*,*,#3295,.F.);
#4466=ORIENTED_EDGE('',*,*,#3296,.F.);
#4467=ORIENTED_EDGE('',*,*,#3297,.T.);
#4468=ORIENTED_EDGE('',*,*,#3226,.T.);
#4469=ORIENTED_EDGE('',*,*,#3297,.F.);
#4470=ORIENTED_EDGE('',*,*,#3298,.F.);
#4471=ORIENTED_EDGE('',*,*,#3299,.T.);
#4472=ORIENTED_EDGE('',*,*,#3227,.T.);
#4473=ORIENTED_EDGE('',*,*,#3299,.F.);
#4474=ORIENTED_EDGE('',*,*,#3300,.F.);
#4475=ORIENTED_EDGE('',*,*,#3301,.T.);
#4476=ORIENTED_EDGE('',*,*,#3228,.T.);
#4477=ORIENTED_EDGE('',*,*,#3301,.F.);
#4478=ORIENTED_EDGE('',*,*,#3302,.F.);
#4479=ORIENTED_EDGE('',*,*,#3303,.T.);
#4480=ORIENTED_EDGE('',*,*,#3304,.T.);
#4481=ORIENTED_EDGE('',*,*,#3229,.T.);
#4482=ORIENTED_EDGE('',*,*,#3303,.F.);
#4483=ORIENTED_EDGE('',*,*,#3305,.F.);
#4484=ORIENTED_EDGE('',*,*,#3304,.F.);
#4485=ORIENTED_EDGE('',*,*,#3306,.F.);
#4486=ORIENTED_EDGE('',*,*,#3231,.T.);
#4487=ORIENTED_EDGE('',*,*,#3192,.F.);
#4488=ORIENTED_EDGE('',*,*,#3307,.F.);
#4489=ORIENTED_EDGE('',*,*,#3308,.T.);
#4490=ORIENTED_EDGE('',*,*,#3230,.T.);
#4491=ORIENTED_EDGE('',*,*,#3308,.F.);
#4492=ORIENTED_EDGE('',*,*,#3306,.T.);
#4493=ORIENTED_EDGE('',*,*,#3305,.T.);
#4494=ORIENTED_EDGE('',*,*,#3302,.T.);
#4495=ORIENTED_EDGE('',*,*,#3300,.T.);
#4496=ORIENTED_EDGE('',*,*,#3298,.T.);
#4497=ORIENTED_EDGE('',*,*,#3296,.T.);
#4498=ORIENTED_EDGE('',*,*,#3294,.T.);
#4499=ORIENTED_EDGE('',*,*,#3292,.T.);
#4500=ORIENTED_EDGE('',*,*,#3290,.T.);
#4501=ORIENTED_EDGE('',*,*,#3288,.T.);
#4502=ORIENTED_EDGE('',*,*,#3287,.T.);
#4503=ORIENTED_EDGE('',*,*,#3284,.T.);
#4504=ORIENTED_EDGE('',*,*,#3282,.T.);
#4505=ORIENTED_EDGE('',*,*,#3280,.T.);
#4506=ORIENTED_EDGE('',*,*,#3278,.T.);
#4507=ORIENTED_EDGE('',*,*,#3276,.T.);
#4508=ORIENTED_EDGE('',*,*,#3274,.T.);
#4509=ORIENTED_EDGE('',*,*,#3272,.T.);
#4510=ORIENTED_EDGE('',*,*,#3270,.T.);
#4511=ORIENTED_EDGE('',*,*,#3268,.T.);
#4512=ORIENTED_EDGE('',*,*,#3266,.T.);
#4513=ORIENTED_EDGE('',*,*,#3264,.T.);
#4514=ORIENTED_EDGE('',*,*,#3262,.T.);
#4515=ORIENTED_EDGE('',*,*,#3260,.T.);
#4516=ORIENTED_EDGE('',*,*,#3258,.T.);
#4517=ORIENTED_EDGE('',*,*,#3256,.T.);
#4518=ORIENTED_EDGE('',*,*,#3254,.T.);
#4519=ORIENTED_EDGE('',*,*,#3252,.T.);
#4520=ORIENTED_EDGE('',*,*,#3250,.T.);
#4521=ORIENTED_EDGE('',*,*,#3248,.T.);
#4522=ORIENTED_EDGE('',*,*,#3246,.T.);
#4523=ORIENTED_EDGE('',*,*,#3244,.T.);
#4524=ORIENTED_EDGE('',*,*,#3242,.T.);
#4525=ORIENTED_EDGE('',*,*,#3240,.T.);
#4526=ORIENTED_EDGE('',*,*,#3238,.T.);
#4527=ORIENTED_EDGE('',*,*,#3236,.T.);
#4528=ORIENTED_EDGE('',*,*,#3234,.T.);
#4529=ORIENTED_EDGE('',*,*,#3232,.T.);
#4530=ORIENTED_EDGE('',*,*,#3307,.T.);
#4531=ORIENTED_EDGE('',*,*,#3309,.T.);
#4532=ORIENTED_EDGE('',*,*,#3310,.F.);
#4533=ORIENTED_EDGE('',*,*,#3309,.F.);
#4534=ORIENTED_EDGE('',*,*,#3311,.T.);
#4535=ORIENTED_EDGE('',*,*,#3310,.T.);
#4536=ORIENTED_EDGE('',*,*,#3311,.F.);
#4537=ORIENTED_EDGE('',*,*,#3312,.T.);
#4538=ORIENTED_EDGE('',*,*,#3313,.T.);
#4539=ORIENTED_EDGE('',*,*,#3314,.F.);
#4540=ORIENTED_EDGE('',*,*,#3315,.F.);
#4541=ORIENTED_EDGE('',*,*,#3316,.T.);
#4542=ORIENTED_EDGE('',*,*,#3317,.T.);
#4543=ORIENTED_EDGE('',*,*,#3318,.F.);
#4544=ORIENTED_EDGE('',*,*,#3319,.T.);
#4545=ORIENTED_EDGE('',*,*,#3320,.T.);
#4546=ORIENTED_EDGE('',*,*,#3321,.T.);
#4547=ORIENTED_EDGE('',*,*,#3322,.T.);
#4548=ORIENTED_EDGE('',*,*,#3323,.F.);
#4549=ORIENTED_EDGE('',*,*,#3324,.T.);
#4550=ORIENTED_EDGE('',*,*,#3320,.F.);
#4551=ORIENTED_EDGE('',*,*,#3325,.T.);
#4552=ORIENTED_EDGE('',*,*,#3326,.F.);
#4553=ORIENTED_EDGE('',*,*,#3327,.F.);
#4554=ORIENTED_EDGE('',*,*,#3328,.T.);
#4555=ORIENTED_EDGE('',*,*,#3321,.F.);
#4556=ORIENTED_EDGE('',*,*,#3324,.F.);
#4557=ORIENTED_EDGE('',*,*,#3329,.F.);
#4558=ORIENTED_EDGE('',*,*,#3330,.F.);
#4559=ORIENTED_EDGE('',*,*,#3322,.F.);
#4560=ORIENTED_EDGE('',*,*,#3328,.F.);
#4561=ORIENTED_EDGE('',*,*,#3331,.F.);
#4562=ORIENTED_EDGE('',*,*,#3332,.F.);
#4563=ORIENTED_EDGE('',*,*,#3323,.T.);
#4564=ORIENTED_EDGE('',*,*,#3330,.T.);
#4565=ORIENTED_EDGE('',*,*,#3332,.T.);
#4566=ORIENTED_EDGE('',*,*,#3333,.F.);
#4567=ORIENTED_EDGE('',*,*,#3334,.T.);
#4568=ORIENTED_EDGE('',*,*,#3312,.F.);
#4569=ORIENTED_EDGE('',*,*,#3335,.F.);
#4570=ORIENTED_EDGE('',*,*,#3336,.F.);
#4571=ORIENTED_EDGE('',*,*,#3313,.F.);
#4572=ORIENTED_EDGE('',*,*,#3334,.F.);
#4573=ORIENTED_EDGE('',*,*,#3337,.T.);
#4574=ORIENTED_EDGE('',*,*,#3314,.T.);
#4575=ORIENTED_EDGE('',*,*,#3336,.T.);
#4576=ORIENTED_EDGE('',*,*,#3338,.F.);
#4577=ORIENTED_EDGE('',*,*,#3339,.F.);
#4578=ORIENTED_EDGE('',*,*,#3340,.T.);
#4579=ORIENTED_EDGE('',*,*,#3315,.T.);
#4580=ORIENTED_EDGE('',*,*,#3337,.F.);
#4581=ORIENTED_EDGE('',*,*,#3341,.F.);
#4582=ORIENTED_EDGE('',*,*,#3342,.F.);
#4583=ORIENTED_EDGE('',*,*,#3316,.F.);
#4584=ORIENTED_EDGE('',*,*,#3340,.F.);
#4585=ORIENTED_EDGE('',*,*,#3343,.F.);
#4586=ORIENTED_EDGE('',*,*,#3344,.F.);
#4587=ORIENTED_EDGE('',*,*,#3317,.F.);
#4588=ORIENTED_EDGE('',*,*,#3342,.T.);
#4589=ORIENTED_EDGE('',*,*,#3344,.T.);
#4590=ORIENTED_EDGE('',*,*,#3345,.F.);
#4591=ORIENTED_EDGE('',*,*,#3346,.T.);
#4592=ORIENTED_EDGE('',*,*,#3318,.T.);
#4593=ORIENTED_EDGE('',*,*,#3347,.F.);
#4594=ORIENTED_EDGE('',*,*,#3325,.F.);
#4595=ORIENTED_EDGE('',*,*,#3319,.F.);
#4596=ORIENTED_EDGE('',*,*,#3346,.F.);
#4597=ORIENTED_EDGE('',*,*,#3348,.F.);
#4598=ORIENTED_EDGE('',*,*,#3335,.T.);
#4599=ORIENTED_EDGE('',*,*,#3333,.T.);
#4600=ORIENTED_EDGE('',*,*,#3331,.T.);
#4601=ORIENTED_EDGE('',*,*,#3329,.T.);
#4602=ORIENTED_EDGE('',*,*,#3327,.T.);
#4603=ORIENTED_EDGE('',*,*,#3326,.T.);
#4604=ORIENTED_EDGE('',*,*,#3347,.T.);
#4605=ORIENTED_EDGE('',*,*,#3345,.T.);
#4606=ORIENTED_EDGE('',*,*,#3343,.T.);
#4607=ORIENTED_EDGE('',*,*,#3341,.T.);
#4608=ORIENTED_EDGE('',*,*,#3339,.T.);
#4609=ORIENTED_EDGE('',*,*,#3338,.T.);
#4610=ORIENTED_EDGE('',*,*,#3349,.T.);
#4611=ORIENTED_EDGE('',*,*,#3349,.F.);
#4612=ORIENTED_EDGE('',*,*,#3350,.T.);
#4613=ORIENTED_EDGE('',*,*,#3348,.T.);
#4614=ORIENTED_EDGE('',*,*,#3350,.F.);
#4615=ORIENTED_EDGE('',*,*,#3351,.T.);
#4616=ORIENTED_EDGE('',*,*,#3352,.T.);
#4617=ORIENTED_EDGE('',*,*,#3353,.T.);
#4618=ORIENTED_EDGE('',*,*,#3354,.T.);
#4619=ORIENTED_EDGE('',*,*,#3355,.T.);
#4620=ORIENTED_EDGE('',*,*,#3356,.T.);
#4621=ORIENTED_EDGE('',*,*,#3357,.T.);
#4622=ORIENTED_EDGE('',*,*,#3358,.T.);
#4623=ORIENTED_EDGE('',*,*,#3359,.T.);
#4624=ORIENTED_EDGE('',*,*,#3360,.T.);
#4625=ORIENTED_EDGE('',*,*,#3361,.T.);
#4626=ORIENTED_EDGE('',*,*,#3362,.T.);
#4627=ORIENTED_EDGE('',*,*,#3363,.T.);
#4628=ORIENTED_EDGE('',*,*,#3364,.T.);
#4629=ORIENTED_EDGE('',*,*,#3365,.T.);
#4630=ORIENTED_EDGE('',*,*,#3366,.T.);
#4631=ORIENTED_EDGE('',*,*,#3367,.T.);
#4632=ORIENTED_EDGE('',*,*,#3368,.T.);
#4633=ORIENTED_EDGE('',*,*,#3369,.T.);
#4634=ORIENTED_EDGE('',*,*,#3370,.T.);
#4635=ORIENTED_EDGE('',*,*,#3371,.T.);
#4636=ORIENTED_EDGE('',*,*,#3372,.T.);
#4637=ORIENTED_EDGE('',*,*,#3373,.T.);
#4638=ORIENTED_EDGE('',*,*,#3374,.T.);
#4639=ORIENTED_EDGE('',*,*,#3375,.T.);
#4640=ORIENTED_EDGE('',*,*,#3376,.T.);
#4641=ORIENTED_EDGE('',*,*,#3377,.T.);
#4642=ORIENTED_EDGE('',*,*,#3378,.T.);
#4643=ORIENTED_EDGE('',*,*,#3379,.T.);
#4644=ORIENTED_EDGE('',*,*,#3380,.F.);
#4645=ORIENTED_EDGE('',*,*,#3381,.F.);
#4646=ORIENTED_EDGE('',*,*,#3382,.F.);
#4647=ORIENTED_EDGE('',*,*,#3383,.F.);
#4648=ORIENTED_EDGE('',*,*,#3384,.F.);
#4649=ORIENTED_EDGE('',*,*,#3385,.F.);
#4650=ORIENTED_EDGE('',*,*,#3386,.F.);
#4651=ORIENTED_EDGE('',*,*,#3387,.F.);
#4652=ORIENTED_EDGE('',*,*,#3388,.F.);
#4653=ORIENTED_EDGE('',*,*,#3389,.F.);
#4654=ORIENTED_EDGE('',*,*,#3352,.F.);
#4655=ORIENTED_EDGE('',*,*,#3390,.F.);
#4656=ORIENTED_EDGE('',*,*,#3391,.F.);
#4657=ORIENTED_EDGE('',*,*,#3392,.T.);
#4658=ORIENTED_EDGE('',*,*,#3353,.F.);
#4659=ORIENTED_EDGE('',*,*,#3392,.F.);
#4660=ORIENTED_EDGE('',*,*,#3393,.F.);
#4661=ORIENTED_EDGE('',*,*,#3394,.T.);
#4662=ORIENTED_EDGE('',*,*,#3354,.F.);
#4663=ORIENTED_EDGE('',*,*,#3394,.F.);
#4664=ORIENTED_EDGE('',*,*,#3395,.F.);
#4665=ORIENTED_EDGE('',*,*,#3396,.T.);
#4666=ORIENTED_EDGE('',*,*,#3355,.F.);
#4667=ORIENTED_EDGE('',*,*,#3396,.F.);
#4668=ORIENTED_EDGE('',*,*,#3397,.F.);
#4669=ORIENTED_EDGE('',*,*,#3398,.T.);
#4670=ORIENTED_EDGE('',*,*,#3356,.F.);
#4671=ORIENTED_EDGE('',*,*,#3398,.F.);
#4672=ORIENTED_EDGE('',*,*,#3399,.F.);
#4673=ORIENTED_EDGE('',*,*,#3400,.T.);
#4674=ORIENTED_EDGE('',*,*,#3357,.F.);
#4675=ORIENTED_EDGE('',*,*,#3400,.F.);
#4676=ORIENTED_EDGE('',*,*,#3401,.F.);
#4677=ORIENTED_EDGE('',*,*,#3402,.T.);
#4678=ORIENTED_EDGE('',*,*,#3358,.F.);
#4679=ORIENTED_EDGE('',*,*,#3402,.F.);
#4680=ORIENTED_EDGE('',*,*,#3403,.F.);
#4681=ORIENTED_EDGE('',*,*,#3404,.T.);
#4682=ORIENTED_EDGE('',*,*,#3359,.F.);
#4683=ORIENTED_EDGE('',*,*,#3404,.F.);
#4684=ORIENTED_EDGE('',*,*,#3405,.F.);
#4685=ORIENTED_EDGE('',*,*,#3406,.T.);
#4686=ORIENTED_EDGE('',*,*,#3360,.F.);
#4687=ORIENTED_EDGE('',*,*,#3406,.F.);
#4688=ORIENTED_EDGE('',*,*,#3407,.F.);
#4689=ORIENTED_EDGE('',*,*,#3408,.T.);
#4690=ORIENTED_EDGE('',*,*,#3361,.F.);
#4691=ORIENTED_EDGE('',*,*,#3408,.F.);
#4692=ORIENTED_EDGE('',*,*,#3409,.F.);
#4693=ORIENTED_EDGE('',*,*,#3410,.T.);
#4694=ORIENTED_EDGE('',*,*,#3362,.F.);
#4695=ORIENTED_EDGE('',*,*,#3410,.F.);
#4696=ORIENTED_EDGE('',*,*,#3411,.F.);
#4697=ORIENTED_EDGE('',*,*,#3412,.T.);
#4698=ORIENTED_EDGE('',*,*,#3363,.F.);
#4699=ORIENTED_EDGE('',*,*,#3412,.F.);
#4700=ORIENTED_EDGE('',*,*,#3413,.F.);
#4701=ORIENTED_EDGE('',*,*,#3414,.T.);
#4702=ORIENTED_EDGE('',*,*,#3364,.F.);
#4703=ORIENTED_EDGE('',*,*,#3414,.F.);
#4704=ORIENTED_EDGE('',*,*,#3415,.F.);
#4705=ORIENTED_EDGE('',*,*,#3416,.T.);
#4706=ORIENTED_EDGE('',*,*,#3365,.F.);
#4707=ORIENTED_EDGE('',*,*,#3416,.F.);
#4708=ORIENTED_EDGE('',*,*,#3417,.F.);
#4709=ORIENTED_EDGE('',*,*,#3418,.T.);
#4710=ORIENTED_EDGE('',*,*,#3366,.F.);
#4711=ORIENTED_EDGE('',*,*,#3418,.F.);
#4712=ORIENTED_EDGE('',*,*,#3419,.F.);
#4713=ORIENTED_EDGE('',*,*,#3420,.T.);
#4714=ORIENTED_EDGE('',*,*,#3367,.F.);
#4715=ORIENTED_EDGE('',*,*,#3420,.F.);
#4716=ORIENTED_EDGE('',*,*,#3421,.F.);
#4717=ORIENTED_EDGE('',*,*,#3422,.T.);
#4718=ORIENTED_EDGE('',*,*,#3368,.F.);
#4719=ORIENTED_EDGE('',*,*,#3422,.F.);
#4720=ORIENTED_EDGE('',*,*,#3423,.F.);
#4721=ORIENTED_EDGE('',*,*,#3424,.T.);
#4722=ORIENTED_EDGE('',*,*,#3369,.F.);
#4723=ORIENTED_EDGE('',*,*,#3424,.F.);
#4724=ORIENTED_EDGE('',*,*,#3425,.F.);
#4725=ORIENTED_EDGE('',*,*,#3426,.T.);
#4726=ORIENTED_EDGE('',*,*,#3370,.F.);
#4727=ORIENTED_EDGE('',*,*,#3426,.F.);
#4728=ORIENTED_EDGE('',*,*,#3427,.F.);
#4729=ORIENTED_EDGE('',*,*,#3428,.T.);
#4730=ORIENTED_EDGE('',*,*,#3371,.F.);
#4731=ORIENTED_EDGE('',*,*,#3428,.F.);
#4732=ORIENTED_EDGE('',*,*,#3429,.F.);
#4733=ORIENTED_EDGE('',*,*,#3430,.T.);
#4734=ORIENTED_EDGE('',*,*,#3372,.F.);
#4735=ORIENTED_EDGE('',*,*,#3430,.F.);
#4736=ORIENTED_EDGE('',*,*,#3431,.F.);
#4737=ORIENTED_EDGE('',*,*,#3432,.T.);
#4738=ORIENTED_EDGE('',*,*,#3373,.F.);
#4739=ORIENTED_EDGE('',*,*,#3432,.F.);
#4740=ORIENTED_EDGE('',*,*,#3433,.F.);
#4741=ORIENTED_EDGE('',*,*,#3434,.T.);
#4742=ORIENTED_EDGE('',*,*,#3374,.F.);
#4743=ORIENTED_EDGE('',*,*,#3434,.F.);
#4744=ORIENTED_EDGE('',*,*,#3435,.F.);
#4745=ORIENTED_EDGE('',*,*,#3436,.T.);
#4746=ORIENTED_EDGE('',*,*,#3375,.F.);
#4747=ORIENTED_EDGE('',*,*,#3436,.F.);
#4748=ORIENTED_EDGE('',*,*,#3437,.F.);
#4749=ORIENTED_EDGE('',*,*,#3438,.T.);
#4750=ORIENTED_EDGE('',*,*,#3376,.F.);
#4751=ORIENTED_EDGE('',*,*,#3438,.F.);
#4752=ORIENTED_EDGE('',*,*,#3439,.F.);
#4753=ORIENTED_EDGE('',*,*,#3440,.T.);
#4754=ORIENTED_EDGE('',*,*,#3377,.F.);
#4755=ORIENTED_EDGE('',*,*,#3440,.F.);
#4756=ORIENTED_EDGE('',*,*,#3441,.F.);
#4757=ORIENTED_EDGE('',*,*,#3442,.T.);
#4758=ORIENTED_EDGE('',*,*,#3378,.F.);
#4759=ORIENTED_EDGE('',*,*,#3442,.F.);
#4760=ORIENTED_EDGE('',*,*,#3443,.F.);
#4761=ORIENTED_EDGE('',*,*,#3444,.T.);
#4762=ORIENTED_EDGE('',*,*,#3445,.F.);
#4763=ORIENTED_EDGE('',*,*,#3379,.F.);
#4764=ORIENTED_EDGE('',*,*,#3444,.F.);
#4765=ORIENTED_EDGE('',*,*,#3446,.F.);
#4766=ORIENTED_EDGE('',*,*,#3445,.T.);
#4767=ORIENTED_EDGE('',*,*,#3447,.F.);
#4768=ORIENTED_EDGE('',*,*,#3448,.T.);
#4769=ORIENTED_EDGE('',*,*,#3380,.T.);
#4770=ORIENTED_EDGE('',*,*,#3381,.T.);
#4771=ORIENTED_EDGE('',*,*,#3448,.F.);
#4772=ORIENTED_EDGE('',*,*,#3449,.F.);
#4773=ORIENTED_EDGE('',*,*,#3450,.T.);
#4774=ORIENTED_EDGE('',*,*,#3382,.T.);
#4775=ORIENTED_EDGE('',*,*,#3450,.F.);
#4776=ORIENTED_EDGE('',*,*,#3451,.F.);
#4777=ORIENTED_EDGE('',*,*,#3452,.T.);
#4778=ORIENTED_EDGE('',*,*,#3383,.T.);
#4779=ORIENTED_EDGE('',*,*,#3452,.F.);
#4780=ORIENTED_EDGE('',*,*,#3453,.F.);
#4781=ORIENTED_EDGE('',*,*,#3454,.T.);
#4782=ORIENTED_EDGE('',*,*,#3384,.T.);
#4783=ORIENTED_EDGE('',*,*,#3454,.F.);
#4784=ORIENTED_EDGE('',*,*,#3455,.F.);
#4785=ORIENTED_EDGE('',*,*,#3456,.T.);
#4786=ORIENTED_EDGE('',*,*,#3385,.T.);
#4787=ORIENTED_EDGE('',*,*,#3456,.F.);
#4788=ORIENTED_EDGE('',*,*,#3457,.F.);
#4789=ORIENTED_EDGE('',*,*,#3458,.T.);
#4790=ORIENTED_EDGE('',*,*,#3386,.T.);
#4791=ORIENTED_EDGE('',*,*,#3458,.F.);
#4792=ORIENTED_EDGE('',*,*,#3459,.F.);
#4793=ORIENTED_EDGE('',*,*,#3460,.T.);
#4794=ORIENTED_EDGE('',*,*,#3387,.T.);
#4795=ORIENTED_EDGE('',*,*,#3460,.F.);
#4796=ORIENTED_EDGE('',*,*,#3461,.F.);
#4797=ORIENTED_EDGE('',*,*,#3462,.T.);
#4798=ORIENTED_EDGE('',*,*,#3463,.T.);
#4799=ORIENTED_EDGE('',*,*,#3388,.T.);
#4800=ORIENTED_EDGE('',*,*,#3462,.F.);
#4801=ORIENTED_EDGE('',*,*,#3464,.F.);
#4802=ORIENTED_EDGE('',*,*,#3463,.F.);
#4803=ORIENTED_EDGE('',*,*,#3465,.F.);
#4804=ORIENTED_EDGE('',*,*,#3390,.T.);
#4805=ORIENTED_EDGE('',*,*,#3351,.F.);
#4806=ORIENTED_EDGE('',*,*,#3466,.F.);
#4807=ORIENTED_EDGE('',*,*,#3467,.T.);
#4808=ORIENTED_EDGE('',*,*,#3389,.T.);
#4809=ORIENTED_EDGE('',*,*,#3467,.F.);
#4810=ORIENTED_EDGE('',*,*,#3465,.T.);
#4811=ORIENTED_EDGE('',*,*,#3464,.T.);
#4812=ORIENTED_EDGE('',*,*,#3461,.T.);
#4813=ORIENTED_EDGE('',*,*,#3459,.T.);
#4814=ORIENTED_EDGE('',*,*,#3457,.T.);
#4815=ORIENTED_EDGE('',*,*,#3455,.T.);
#4816=ORIENTED_EDGE('',*,*,#3453,.T.);
#4817=ORIENTED_EDGE('',*,*,#3451,.T.);
#4818=ORIENTED_EDGE('',*,*,#3449,.T.);
#4819=ORIENTED_EDGE('',*,*,#3447,.T.);
#4820=ORIENTED_EDGE('',*,*,#3446,.T.);
#4821=ORIENTED_EDGE('',*,*,#3443,.T.);
#4822=ORIENTED_EDGE('',*,*,#3441,.T.);
#4823=ORIENTED_EDGE('',*,*,#3439,.T.);
#4824=ORIENTED_EDGE('',*,*,#3437,.T.);
#4825=ORIENTED_EDGE('',*,*,#3435,.T.);
#4826=ORIENTED_EDGE('',*,*,#3433,.T.);
#4827=ORIENTED_EDGE('',*,*,#3431,.T.);
#4828=ORIENTED_EDGE('',*,*,#3429,.T.);
#4829=ORIENTED_EDGE('',*,*,#3427,.T.);
#4830=ORIENTED_EDGE('',*,*,#3425,.T.);
#4831=ORIENTED_EDGE('',*,*,#3423,.T.);
#4832=ORIENTED_EDGE('',*,*,#3421,.T.);
#4833=ORIENTED_EDGE('',*,*,#3419,.T.);
#4834=ORIENTED_EDGE('',*,*,#3417,.T.);
#4835=ORIENTED_EDGE('',*,*,#3415,.T.);
#4836=ORIENTED_EDGE('',*,*,#3413,.T.);
#4837=ORIENTED_EDGE('',*,*,#3411,.T.);
#4838=ORIENTED_EDGE('',*,*,#3409,.T.);
#4839=ORIENTED_EDGE('',*,*,#3407,.T.);
#4840=ORIENTED_EDGE('',*,*,#3405,.T.);
#4841=ORIENTED_EDGE('',*,*,#3403,.T.);
#4842=ORIENTED_EDGE('',*,*,#3401,.T.);
#4843=ORIENTED_EDGE('',*,*,#3399,.T.);
#4844=ORIENTED_EDGE('',*,*,#3397,.T.);
#4845=ORIENTED_EDGE('',*,*,#3395,.T.);
#4846=ORIENTED_EDGE('',*,*,#3393,.T.);
#4847=ORIENTED_EDGE('',*,*,#3391,.T.);
#4848=ORIENTED_EDGE('',*,*,#3466,.T.);
#4849=ORIENTED_EDGE('',*,*,#3468,.T.);
#4850=ORIENTED_EDGE('',*,*,#3469,.F.);
#4851=ORIENTED_EDGE('',*,*,#3468,.F.);
#4852=ORIENTED_EDGE('',*,*,#3470,.T.);
#4853=ORIENTED_EDGE('',*,*,#3469,.T.);
#4854=ORIENTED_EDGE('',*,*,#3470,.F.);
#4855=ORIENTED_EDGE('',*,*,#3471,.F.);
#4856=ORIENTED_EDGE('',*,*,#3472,.F.);
#4857=ORIENTED_EDGE('',*,*,#3473,.F.);
#4858=ORIENTED_EDGE('',*,*,#3474,.T.);
#4859=ORIENTED_EDGE('',*,*,#3475,.F.);
#4860=ORIENTED_EDGE('',*,*,#3474,.F.);
#4861=ORIENTED_EDGE('',*,*,#3476,.F.);
#4862=ORIENTED_EDGE('',*,*,#3477,.T.);
#4863=ORIENTED_EDGE('',*,*,#3478,.F.);
#4864=ORIENTED_EDGE('',*,*,#3477,.F.);
#4865=ORIENTED_EDGE('',*,*,#3479,.F.);
#4866=ORIENTED_EDGE('',*,*,#3480,.T.);
#4867=ORIENTED_EDGE('',*,*,#3481,.F.);
#4868=ORIENTED_EDGE('',*,*,#3480,.F.);
#4869=ORIENTED_EDGE('',*,*,#3482,.F.);
#4870=ORIENTED_EDGE('',*,*,#3483,.T.);
#4871=ORIENTED_EDGE('',*,*,#3484,.F.);
#4872=ORIENTED_EDGE('',*,*,#3483,.F.);
#4873=ORIENTED_EDGE('',*,*,#3485,.F.);
#4874=ORIENTED_EDGE('',*,*,#3486,.T.);
#4875=ORIENTED_EDGE('',*,*,#3487,.F.);
#4876=ORIENTED_EDGE('',*,*,#3486,.F.);
#4877=ORIENTED_EDGE('',*,*,#3488,.F.);
#4878=ORIENTED_EDGE('',*,*,#3489,.T.);
#4879=ORIENTED_EDGE('',*,*,#3490,.F.);
#4880=ORIENTED_EDGE('',*,*,#3489,.F.);
#4881=ORIENTED_EDGE('',*,*,#3491,.F.);
#4882=ORIENTED_EDGE('',*,*,#3492,.T.);
#4883=ORIENTED_EDGE('',*,*,#3493,.F.);
#4884=ORIENTED_EDGE('',*,*,#3492,.F.);
#4885=ORIENTED_EDGE('',*,*,#3494,.F.);
#4886=ORIENTED_EDGE('',*,*,#3495,.T.);
#4887=ORIENTED_EDGE('',*,*,#3496,.F.);
#4888=ORIENTED_EDGE('',*,*,#3495,.F.);
#4889=ORIENTED_EDGE('',*,*,#3497,.F.);
#4890=ORIENTED_EDGE('',*,*,#3498,.T.);
#4891=ORIENTED_EDGE('',*,*,#3499,.F.);
#4892=ORIENTED_EDGE('',*,*,#3498,.F.);
#4893=ORIENTED_EDGE('',*,*,#3500,.F.);
#4894=ORIENTED_EDGE('',*,*,#3501,.T.);
#4895=ORIENTED_EDGE('',*,*,#3502,.F.);
#4896=ORIENTED_EDGE('',*,*,#3501,.F.);
#4897=ORIENTED_EDGE('',*,*,#3503,.F.);
#4898=ORIENTED_EDGE('',*,*,#3504,.T.);
#4899=ORIENTED_EDGE('',*,*,#3505,.F.);
#4900=ORIENTED_EDGE('',*,*,#3504,.F.);
#4901=ORIENTED_EDGE('',*,*,#3506,.F.);
#4902=ORIENTED_EDGE('',*,*,#3507,.T.);
#4903=ORIENTED_EDGE('',*,*,#3508,.F.);
#4904=ORIENTED_EDGE('',*,*,#3507,.F.);
#4905=ORIENTED_EDGE('',*,*,#3509,.F.);
#4906=ORIENTED_EDGE('',*,*,#3510,.T.);
#4907=ORIENTED_EDGE('',*,*,#3511,.F.);
#4908=ORIENTED_EDGE('',*,*,#3510,.F.);
#4909=ORIENTED_EDGE('',*,*,#3512,.F.);
#4910=ORIENTED_EDGE('',*,*,#3513,.T.);
#4911=ORIENTED_EDGE('',*,*,#3514,.F.);
#4912=ORIENTED_EDGE('',*,*,#3513,.F.);
#4913=ORIENTED_EDGE('',*,*,#3515,.F.);
#4914=ORIENTED_EDGE('',*,*,#3516,.T.);
#4915=ORIENTED_EDGE('',*,*,#3517,.F.);
#4916=ORIENTED_EDGE('',*,*,#3516,.F.);
#4917=ORIENTED_EDGE('',*,*,#3518,.F.);
#4918=ORIENTED_EDGE('',*,*,#3519,.T.);
#4919=ORIENTED_EDGE('',*,*,#3520,.F.);
#4920=ORIENTED_EDGE('',*,*,#3519,.F.);
#4921=ORIENTED_EDGE('',*,*,#3521,.F.);
#4922=ORIENTED_EDGE('',*,*,#3522,.T.);
#4923=ORIENTED_EDGE('',*,*,#3523,.F.);
#4924=ORIENTED_EDGE('',*,*,#3522,.F.);
#4925=ORIENTED_EDGE('',*,*,#3524,.F.);
#4926=ORIENTED_EDGE('',*,*,#3525,.T.);
#4927=ORIENTED_EDGE('',*,*,#3526,.F.);
#4928=ORIENTED_EDGE('',*,*,#3525,.F.);
#4929=ORIENTED_EDGE('',*,*,#3527,.F.);
#4930=ORIENTED_EDGE('',*,*,#3528,.T.);
#4931=ORIENTED_EDGE('',*,*,#3529,.F.);
#4932=ORIENTED_EDGE('',*,*,#3528,.F.);
#4933=ORIENTED_EDGE('',*,*,#3530,.F.);
#4934=ORIENTED_EDGE('',*,*,#3531,.T.);
#4935=ORIENTED_EDGE('',*,*,#3532,.F.);
#4936=ORIENTED_EDGE('',*,*,#3531,.F.);
#4937=ORIENTED_EDGE('',*,*,#3533,.F.);
#4938=ORIENTED_EDGE('',*,*,#3534,.T.);
#4939=ORIENTED_EDGE('',*,*,#3535,.F.);
#4940=ORIENTED_EDGE('',*,*,#3534,.F.);
#4941=ORIENTED_EDGE('',*,*,#3536,.F.);
#4942=ORIENTED_EDGE('',*,*,#3537,.T.);
#4943=ORIENTED_EDGE('',*,*,#3538,.F.);
#4944=ORIENTED_EDGE('',*,*,#3537,.F.);
#4945=ORIENTED_EDGE('',*,*,#3539,.F.);
#4946=ORIENTED_EDGE('',*,*,#3540,.T.);
#4947=ORIENTED_EDGE('',*,*,#3541,.F.);
#4948=ORIENTED_EDGE('',*,*,#3540,.F.);
#4949=ORIENTED_EDGE('',*,*,#3542,.F.);
#4950=ORIENTED_EDGE('',*,*,#3543,.T.);
#4951=ORIENTED_EDGE('',*,*,#3544,.F.);
#4952=ORIENTED_EDGE('',*,*,#3543,.F.);
#4953=ORIENTED_EDGE('',*,*,#3545,.F.);
#4954=ORIENTED_EDGE('',*,*,#3546,.T.);
#4955=ORIENTED_EDGE('',*,*,#3547,.F.);
#4956=ORIENTED_EDGE('',*,*,#3546,.F.);
#4957=ORIENTED_EDGE('',*,*,#3548,.F.);
#4958=ORIENTED_EDGE('',*,*,#3549,.T.);
#4959=ORIENTED_EDGE('',*,*,#3550,.F.);
#4960=ORIENTED_EDGE('',*,*,#3549,.F.);
#4961=ORIENTED_EDGE('',*,*,#3551,.F.);
#4962=ORIENTED_EDGE('',*,*,#3552,.T.);
#4963=ORIENTED_EDGE('',*,*,#3553,.F.);
#4964=ORIENTED_EDGE('',*,*,#3554,.F.);
#4965=ORIENTED_EDGE('',*,*,#3552,.F.);
#4966=ORIENTED_EDGE('',*,*,#3555,.F.);
#4967=ORIENTED_EDGE('',*,*,#3553,.T.);
#4968=ORIENTED_EDGE('',*,*,#3556,.F.);
#4969=ORIENTED_EDGE('',*,*,#3557,.T.);
#4970=ORIENTED_EDGE('',*,*,#3558,.T.);
#4971=ORIENTED_EDGE('',*,*,#3559,.T.);
#4972=ORIENTED_EDGE('',*,*,#3557,.F.);
#4973=ORIENTED_EDGE('',*,*,#3560,.F.);
#4974=ORIENTED_EDGE('',*,*,#3561,.T.);
#4975=ORIENTED_EDGE('',*,*,#3562,.T.);
#4976=ORIENTED_EDGE('',*,*,#3561,.F.);
#4977=ORIENTED_EDGE('',*,*,#3563,.F.);
#4978=ORIENTED_EDGE('',*,*,#3564,.T.);
#4979=ORIENTED_EDGE('',*,*,#3565,.T.);
#4980=ORIENTED_EDGE('',*,*,#3564,.F.);
#4981=ORIENTED_EDGE('',*,*,#3566,.F.);
#4982=ORIENTED_EDGE('',*,*,#3567,.T.);
#4983=ORIENTED_EDGE('',*,*,#3568,.T.);
#4984=ORIENTED_EDGE('',*,*,#3567,.F.);
#4985=ORIENTED_EDGE('',*,*,#3569,.F.);
#4986=ORIENTED_EDGE('',*,*,#3570,.T.);
#4987=ORIENTED_EDGE('',*,*,#3571,.T.);
#4988=ORIENTED_EDGE('',*,*,#3570,.F.);
#4989=ORIENTED_EDGE('',*,*,#3572,.F.);
#4990=ORIENTED_EDGE('',*,*,#3573,.T.);
#4991=ORIENTED_EDGE('',*,*,#3574,.T.);
#4992=ORIENTED_EDGE('',*,*,#3573,.F.);
#4993=ORIENTED_EDGE('',*,*,#3575,.F.);
#4994=ORIENTED_EDGE('',*,*,#3576,.T.);
#4995=ORIENTED_EDGE('',*,*,#3577,.T.);
#4996=ORIENTED_EDGE('',*,*,#3576,.F.);
#4997=ORIENTED_EDGE('',*,*,#3578,.F.);
#4998=ORIENTED_EDGE('',*,*,#3579,.T.);
#4999=ORIENTED_EDGE('',*,*,#3580,.T.);
#5000=ORIENTED_EDGE('',*,*,#3581,.T.);
#5001=ORIENTED_EDGE('',*,*,#3579,.F.);
#5002=ORIENTED_EDGE('',*,*,#3582,.F.);
#5003=ORIENTED_EDGE('',*,*,#3580,.F.);
#5004=ORIENTED_EDGE('',*,*,#3583,.F.);
#5005=ORIENTED_EDGE('',*,*,#3472,.T.);
#5006=ORIENTED_EDGE('',*,*,#3584,.F.);
#5007=ORIENTED_EDGE('',*,*,#3585,.F.);
#5008=ORIENTED_EDGE('',*,*,#3586,.T.);
#5009=ORIENTED_EDGE('',*,*,#3587,.F.);
#5010=ORIENTED_EDGE('',*,*,#3586,.F.);
#5011=ORIENTED_EDGE('',*,*,#3584,.T.);
#5012=ORIENTED_EDGE('',*,*,#3471,.T.);
#5013=ORIENTED_EDGE('',*,*,#3475,.T.);
#5014=ORIENTED_EDGE('',*,*,#3478,.T.);
#5015=ORIENTED_EDGE('',*,*,#3481,.T.);
#5016=ORIENTED_EDGE('',*,*,#3484,.T.);
#5017=ORIENTED_EDGE('',*,*,#3487,.T.);
#5018=ORIENTED_EDGE('',*,*,#3490,.T.);
#5019=ORIENTED_EDGE('',*,*,#3493,.T.);
#5020=ORIENTED_EDGE('',*,*,#3496,.T.);
#5021=ORIENTED_EDGE('',*,*,#3499,.T.);
#5022=ORIENTED_EDGE('',*,*,#3502,.T.);
#5023=ORIENTED_EDGE('',*,*,#3505,.T.);
#5024=ORIENTED_EDGE('',*,*,#3508,.T.);
#5025=ORIENTED_EDGE('',*,*,#3511,.T.);
#5026=ORIENTED_EDGE('',*,*,#3514,.T.);
#5027=ORIENTED_EDGE('',*,*,#3517,.T.);
#5028=ORIENTED_EDGE('',*,*,#3520,.T.);
#5029=ORIENTED_EDGE('',*,*,#3523,.T.);
#5030=ORIENTED_EDGE('',*,*,#3526,.T.);
#5031=ORIENTED_EDGE('',*,*,#3529,.T.);
#5032=ORIENTED_EDGE('',*,*,#3532,.T.);
#5033=ORIENTED_EDGE('',*,*,#3535,.T.);
#5034=ORIENTED_EDGE('',*,*,#3538,.T.);
#5035=ORIENTED_EDGE('',*,*,#3541,.T.);
#5036=ORIENTED_EDGE('',*,*,#3544,.T.);
#5037=ORIENTED_EDGE('',*,*,#3547,.T.);
#5038=ORIENTED_EDGE('',*,*,#3550,.T.);
#5039=ORIENTED_EDGE('',*,*,#3554,.T.);
#5040=ORIENTED_EDGE('',*,*,#3558,.F.);
#5041=ORIENTED_EDGE('',*,*,#3559,.F.);
#5042=ORIENTED_EDGE('',*,*,#3562,.F.);
#5043=ORIENTED_EDGE('',*,*,#3565,.F.);
#5044=ORIENTED_EDGE('',*,*,#3568,.F.);
#5045=ORIENTED_EDGE('',*,*,#3571,.F.);
#5046=ORIENTED_EDGE('',*,*,#3574,.F.);
#5047=ORIENTED_EDGE('',*,*,#3577,.F.);
#5048=ORIENTED_EDGE('',*,*,#3581,.F.);
#5049=ORIENTED_EDGE('',*,*,#3585,.T.);
#5050=ORIENTED_EDGE('',*,*,#3588,.T.);
#5051=ORIENTED_EDGE('',*,*,#3583,.T.);
#5052=ORIENTED_EDGE('',*,*,#3582,.T.);
#5053=ORIENTED_EDGE('',*,*,#3578,.T.);
#5054=ORIENTED_EDGE('',*,*,#3575,.T.);
#5055=ORIENTED_EDGE('',*,*,#3572,.T.);
#5056=ORIENTED_EDGE('',*,*,#3569,.T.);
#5057=ORIENTED_EDGE('',*,*,#3566,.T.);
#5058=ORIENTED_EDGE('',*,*,#3563,.T.);
#5059=ORIENTED_EDGE('',*,*,#3560,.T.);
#5060=ORIENTED_EDGE('',*,*,#3556,.T.);
#5061=ORIENTED_EDGE('',*,*,#3555,.T.);
#5062=ORIENTED_EDGE('',*,*,#3551,.T.);
#5063=ORIENTED_EDGE('',*,*,#3548,.T.);
#5064=ORIENTED_EDGE('',*,*,#3545,.T.);
#5065=ORIENTED_EDGE('',*,*,#3542,.T.);
#5066=ORIENTED_EDGE('',*,*,#3539,.T.);
#5067=ORIENTED_EDGE('',*,*,#3536,.T.);
#5068=ORIENTED_EDGE('',*,*,#3533,.T.);
#5069=ORIENTED_EDGE('',*,*,#3530,.T.);
#5070=ORIENTED_EDGE('',*,*,#3527,.T.);
#5071=ORIENTED_EDGE('',*,*,#3524,.T.);
#5072=ORIENTED_EDGE('',*,*,#3521,.T.);
#5073=ORIENTED_EDGE('',*,*,#3518,.T.);
#5074=ORIENTED_EDGE('',*,*,#3515,.T.);
#5075=ORIENTED_EDGE('',*,*,#3512,.T.);
#5076=ORIENTED_EDGE('',*,*,#3509,.T.);
#5077=ORIENTED_EDGE('',*,*,#3506,.T.);
#5078=ORIENTED_EDGE('',*,*,#3503,.T.);
#5079=ORIENTED_EDGE('',*,*,#3500,.T.);
#5080=ORIENTED_EDGE('',*,*,#3497,.T.);
#5081=ORIENTED_EDGE('',*,*,#3494,.T.);
#5082=ORIENTED_EDGE('',*,*,#3491,.T.);
#5083=ORIENTED_EDGE('',*,*,#3488,.T.);
#5084=ORIENTED_EDGE('',*,*,#3485,.T.);
#5085=ORIENTED_EDGE('',*,*,#3482,.T.);
#5086=ORIENTED_EDGE('',*,*,#3479,.T.);
#5087=ORIENTED_EDGE('',*,*,#3476,.T.);
#5088=ORIENTED_EDGE('',*,*,#3473,.T.);
#5089=ORIENTED_EDGE('',*,*,#3587,.T.);
#5090=ORIENTED_EDGE('',*,*,#3589,.T.);
#5091=ORIENTED_EDGE('',*,*,#3588,.F.);
#5092=ORIENTED_EDGE('',*,*,#3590,.T.);
#5093=ORIENTED_EDGE('',*,*,#3589,.F.);
#5094=ORIENTED_EDGE('',*,*,#3590,.F.);
#5095=ORIENTED_EDGE('',*,*,#3591,.T.);
#5096=ORIENTED_EDGE('',*,*,#3592,.T.);
#5097=ORIENTED_EDGE('',*,*,#3593,.F.);
#5098=ORIENTED_EDGE('',*,*,#3594,.F.);
#5099=ORIENTED_EDGE('',*,*,#3595,.T.);
#5100=ORIENTED_EDGE('',*,*,#3596,.F.);
#5101=ORIENTED_EDGE('',*,*,#3597,.F.);
#5102=ORIENTED_EDGE('',*,*,#3593,.T.);
#5103=ORIENTED_EDGE('',*,*,#3598,.T.);
#5104=ORIENTED_EDGE('',*,*,#3599,.F.);
#5105=ORIENTED_EDGE('',*,*,#3600,.F.);
#5106=ORIENTED_EDGE('',*,*,#3596,.T.);
#5107=ORIENTED_EDGE('',*,*,#3601,.T.);
#5108=ORIENTED_EDGE('',*,*,#3602,.F.);
#5109=ORIENTED_EDGE('',*,*,#3603,.F.);
#5110=ORIENTED_EDGE('',*,*,#3599,.T.);
#5111=ORIENTED_EDGE('',*,*,#3604,.T.);
#5112=ORIENTED_EDGE('',*,*,#3605,.F.);
#5113=ORIENTED_EDGE('',*,*,#3606,.F.);
#5114=ORIENTED_EDGE('',*,*,#3602,.T.);
#5115=ORIENTED_EDGE('',*,*,#3607,.T.);
#5116=ORIENTED_EDGE('',*,*,#3608,.F.);
#5117=ORIENTED_EDGE('',*,*,#3609,.F.);
#5118=ORIENTED_EDGE('',*,*,#3605,.T.);
#5119=ORIENTED_EDGE('',*,*,#3610,.T.);
#5120=ORIENTED_EDGE('',*,*,#3611,.F.);
#5121=ORIENTED_EDGE('',*,*,#3612,.F.);
#5122=ORIENTED_EDGE('',*,*,#3608,.T.);
#5123=ORIENTED_EDGE('',*,*,#3613,.T.);
#5124=ORIENTED_EDGE('',*,*,#3614,.F.);
#5125=ORIENTED_EDGE('',*,*,#3615,.F.);
#5126=ORIENTED_EDGE('',*,*,#3611,.T.);
#5127=ORIENTED_EDGE('',*,*,#3616,.T.);
#5128=ORIENTED_EDGE('',*,*,#3617,.F.);
#5129=ORIENTED_EDGE('',*,*,#3614,.T.);
#5130=ORIENTED_EDGE('',*,*,#3618,.T.);
#5131=ORIENTED_EDGE('',*,*,#3616,.F.);
#5132=ORIENTED_EDGE('',*,*,#3619,.F.);
#5133=ORIENTED_EDGE('',*,*,#3620,.F.);
#5134=ORIENTED_EDGE('',*,*,#3621,.F.);
#5135=ORIENTED_EDGE('',*,*,#3622,.F.);
#5136=ORIENTED_EDGE('',*,*,#3623,.F.);
#5137=ORIENTED_EDGE('',*,*,#3624,.F.);
#5138=ORIENTED_EDGE('',*,*,#3620,.T.);
#5139=ORIENTED_EDGE('',*,*,#3625,.F.);
#5140=ORIENTED_EDGE('',*,*,#3626,.F.);
#5141=ORIENTED_EDGE('',*,*,#3627,.F.);
#5142=ORIENTED_EDGE('',*,*,#3623,.T.);
#5143=ORIENTED_EDGE('',*,*,#3628,.F.);
#5144=ORIENTED_EDGE('',*,*,#3629,.F.);
#5145=ORIENTED_EDGE('',*,*,#3630,.F.);
#5146=ORIENTED_EDGE('',*,*,#3626,.T.);
#5147=ORIENTED_EDGE('',*,*,#3631,.F.);
#5148=ORIENTED_EDGE('',*,*,#3632,.F.);
#5149=ORIENTED_EDGE('',*,*,#3633,.F.);
#5150=ORIENTED_EDGE('',*,*,#3629,.T.);
#5151=ORIENTED_EDGE('',*,*,#3634,.F.);
#5152=ORIENTED_EDGE('',*,*,#3635,.F.);
#5153=ORIENTED_EDGE('',*,*,#3636,.F.);
#5154=ORIENTED_EDGE('',*,*,#3632,.T.);
#5155=ORIENTED_EDGE('',*,*,#3637,.F.);
#5156=ORIENTED_EDGE('',*,*,#3638,.F.);
#5157=ORIENTED_EDGE('',*,*,#3639,.F.);
#5158=ORIENTED_EDGE('',*,*,#3635,.T.);
#5159=ORIENTED_EDGE('',*,*,#3640,.F.);
#5160=ORIENTED_EDGE('',*,*,#3641,.F.);
#5161=ORIENTED_EDGE('',*,*,#3642,.F.);
#5162=ORIENTED_EDGE('',*,*,#3638,.T.);
#5163=ORIENTED_EDGE('',*,*,#3643,.F.);
#5164=ORIENTED_EDGE('',*,*,#3644,.F.);
#5165=ORIENTED_EDGE('',*,*,#3645,.F.);
#5166=ORIENTED_EDGE('',*,*,#3641,.T.);
#5167=ORIENTED_EDGE('',*,*,#3646,.F.);
#5168=ORIENTED_EDGE('',*,*,#3647,.F.);
#5169=ORIENTED_EDGE('',*,*,#3648,.F.);
#5170=ORIENTED_EDGE('',*,*,#3644,.T.);
#5171=ORIENTED_EDGE('',*,*,#3649,.F.);
#5172=ORIENTED_EDGE('',*,*,#3650,.F.);
#5173=ORIENTED_EDGE('',*,*,#3651,.F.);
#5174=ORIENTED_EDGE('',*,*,#3647,.T.);
#5175=ORIENTED_EDGE('',*,*,#3652,.F.);
#5176=ORIENTED_EDGE('',*,*,#3653,.F.);
#5177=ORIENTED_EDGE('',*,*,#3654,.F.);
#5178=ORIENTED_EDGE('',*,*,#3650,.T.);
#5179=ORIENTED_EDGE('',*,*,#3655,.F.);
#5180=ORIENTED_EDGE('',*,*,#3656,.F.);
#5181=ORIENTED_EDGE('',*,*,#3657,.F.);
#5182=ORIENTED_EDGE('',*,*,#3653,.T.);
#5183=ORIENTED_EDGE('',*,*,#3658,.F.);
#5184=ORIENTED_EDGE('',*,*,#3659,.F.);
#5185=ORIENTED_EDGE('',*,*,#3660,.F.);
#5186=ORIENTED_EDGE('',*,*,#3656,.T.);
#5187=ORIENTED_EDGE('',*,*,#3661,.F.);
#5188=ORIENTED_EDGE('',*,*,#3662,.F.);
#5189=ORIENTED_EDGE('',*,*,#3663,.F.);
#5190=ORIENTED_EDGE('',*,*,#3659,.T.);
#5191=ORIENTED_EDGE('',*,*,#3664,.F.);
#5192=ORIENTED_EDGE('',*,*,#3665,.F.);
#5193=ORIENTED_EDGE('',*,*,#3666,.F.);
#5194=ORIENTED_EDGE('',*,*,#3662,.T.);
#5195=ORIENTED_EDGE('',*,*,#3667,.F.);
#5196=ORIENTED_EDGE('',*,*,#3668,.F.);
#5197=ORIENTED_EDGE('',*,*,#3669,.F.);
#5198=ORIENTED_EDGE('',*,*,#3665,.T.);
#5199=ORIENTED_EDGE('',*,*,#3670,.F.);
#5200=ORIENTED_EDGE('',*,*,#3671,.F.);
#5201=ORIENTED_EDGE('',*,*,#3672,.F.);
#5202=ORIENTED_EDGE('',*,*,#3668,.T.);
#5203=ORIENTED_EDGE('',*,*,#3673,.F.);
#5204=ORIENTED_EDGE('',*,*,#3674,.F.);
#5205=ORIENTED_EDGE('',*,*,#3675,.F.);
#5206=ORIENTED_EDGE('',*,*,#3671,.T.);
#5207=ORIENTED_EDGE('',*,*,#3676,.F.);
#5208=ORIENTED_EDGE('',*,*,#3677,.F.);
#5209=ORIENTED_EDGE('',*,*,#3678,.F.);
#5210=ORIENTED_EDGE('',*,*,#3674,.T.);
#5211=ORIENTED_EDGE('',*,*,#3679,.F.);
#5212=ORIENTED_EDGE('',*,*,#3680,.F.);
#5213=ORIENTED_EDGE('',*,*,#3681,.F.);
#5214=ORIENTED_EDGE('',*,*,#3677,.T.);
#5215=ORIENTED_EDGE('',*,*,#3682,.F.);
#5216=ORIENTED_EDGE('',*,*,#3683,.F.);
#5217=ORIENTED_EDGE('',*,*,#3684,.F.);
#5218=ORIENTED_EDGE('',*,*,#3680,.T.);
#5219=ORIENTED_EDGE('',*,*,#3685,.F.);
#5220=ORIENTED_EDGE('',*,*,#3686,.F.);
#5221=ORIENTED_EDGE('',*,*,#3687,.F.);
#5222=ORIENTED_EDGE('',*,*,#3683,.T.);
#5223=ORIENTED_EDGE('',*,*,#3688,.F.);
#5224=ORIENTED_EDGE('',*,*,#3689,.F.);
#5225=ORIENTED_EDGE('',*,*,#3690,.F.);
#5226=ORIENTED_EDGE('',*,*,#3686,.T.);
#5227=ORIENTED_EDGE('',*,*,#3691,.F.);
#5228=ORIENTED_EDGE('',*,*,#3692,.F.);
#5229=ORIENTED_EDGE('',*,*,#3693,.F.);
#5230=ORIENTED_EDGE('',*,*,#3689,.T.);
#5231=ORIENTED_EDGE('',*,*,#3694,.F.);
#5232=ORIENTED_EDGE('',*,*,#3695,.F.);
#5233=ORIENTED_EDGE('',*,*,#3696,.F.);
#5234=ORIENTED_EDGE('',*,*,#3692,.T.);
#5235=ORIENTED_EDGE('',*,*,#3697,.F.);
#5236=ORIENTED_EDGE('',*,*,#3698,.F.);
#5237=ORIENTED_EDGE('',*,*,#3699,.F.);
#5238=ORIENTED_EDGE('',*,*,#3695,.T.);
#5239=ORIENTED_EDGE('',*,*,#3700,.F.);
#5240=ORIENTED_EDGE('',*,*,#3701,.F.);
#5241=ORIENTED_EDGE('',*,*,#3702,.F.);
#5242=ORIENTED_EDGE('',*,*,#3698,.T.);
#5243=ORIENTED_EDGE('',*,*,#3591,.F.);
#5244=ORIENTED_EDGE('',*,*,#3703,.F.);
#5245=ORIENTED_EDGE('',*,*,#3701,.T.);
#5246=ORIENTED_EDGE('',*,*,#3704,.F.);
#5247=ORIENTED_EDGE('',*,*,#3705,.F.);
#5248=ORIENTED_EDGE('',*,*,#3706,.T.);
#5249=ORIENTED_EDGE('',*,*,#3707,.F.);
#5250=ORIENTED_EDGE('',*,*,#3706,.F.);
#5251=ORIENTED_EDGE('',*,*,#3703,.T.);
#5252=ORIENTED_EDGE('',*,*,#3594,.T.);
#5253=ORIENTED_EDGE('',*,*,#3597,.T.);
#5254=ORIENTED_EDGE('',*,*,#3600,.T.);
#5255=ORIENTED_EDGE('',*,*,#3603,.T.);
#5256=ORIENTED_EDGE('',*,*,#3606,.T.);
#5257=ORIENTED_EDGE('',*,*,#3609,.T.);
#5258=ORIENTED_EDGE('',*,*,#3612,.T.);
#5259=ORIENTED_EDGE('',*,*,#3615,.T.);
#5260=ORIENTED_EDGE('',*,*,#3617,.T.);
#5261=ORIENTED_EDGE('',*,*,#3621,.T.);
#5262=ORIENTED_EDGE('',*,*,#3624,.T.);
#5263=ORIENTED_EDGE('',*,*,#3627,.T.);
#5264=ORIENTED_EDGE('',*,*,#3630,.T.);
#5265=ORIENTED_EDGE('',*,*,#3633,.T.);
#5266=ORIENTED_EDGE('',*,*,#3636,.T.);
#5267=ORIENTED_EDGE('',*,*,#3639,.T.);
#5268=ORIENTED_EDGE('',*,*,#3642,.T.);
#5269=ORIENTED_EDGE('',*,*,#3645,.T.);
#5270=ORIENTED_EDGE('',*,*,#3648,.T.);
#5271=ORIENTED_EDGE('',*,*,#3651,.T.);
#5272=ORIENTED_EDGE('',*,*,#3654,.T.);
#5273=ORIENTED_EDGE('',*,*,#3657,.T.);
#5274=ORIENTED_EDGE('',*,*,#3660,.T.);
#5275=ORIENTED_EDGE('',*,*,#3663,.T.);
#5276=ORIENTED_EDGE('',*,*,#3666,.T.);
#5277=ORIENTED_EDGE('',*,*,#3669,.T.);
#5278=ORIENTED_EDGE('',*,*,#3672,.T.);
#5279=ORIENTED_EDGE('',*,*,#3675,.T.);
#5280=ORIENTED_EDGE('',*,*,#3678,.T.);
#5281=ORIENTED_EDGE('',*,*,#3681,.T.);
#5282=ORIENTED_EDGE('',*,*,#3684,.T.);
#5283=ORIENTED_EDGE('',*,*,#3687,.T.);
#5284=ORIENTED_EDGE('',*,*,#3690,.T.);
#5285=ORIENTED_EDGE('',*,*,#3693,.T.);
#5286=ORIENTED_EDGE('',*,*,#3696,.T.);
#5287=ORIENTED_EDGE('',*,*,#3699,.T.);
#5288=ORIENTED_EDGE('',*,*,#3702,.T.);
#5289=ORIENTED_EDGE('',*,*,#3705,.T.);
#5290=ORIENTED_EDGE('',*,*,#3708,.T.);
#5291=ORIENTED_EDGE('',*,*,#3704,.T.);
#5292=ORIENTED_EDGE('',*,*,#3700,.T.);
#5293=ORIENTED_EDGE('',*,*,#3697,.T.);
#5294=ORIENTED_EDGE('',*,*,#3694,.T.);
#5295=ORIENTED_EDGE('',*,*,#3691,.T.);
#5296=ORIENTED_EDGE('',*,*,#3688,.T.);
#5297=ORIENTED_EDGE('',*,*,#3685,.T.);
#5298=ORIENTED_EDGE('',*,*,#3682,.T.);
#5299=ORIENTED_EDGE('',*,*,#3679,.T.);
#5300=ORIENTED_EDGE('',*,*,#3676,.T.);
#5301=ORIENTED_EDGE('',*,*,#3673,.T.);
#5302=ORIENTED_EDGE('',*,*,#3670,.T.);
#5303=ORIENTED_EDGE('',*,*,#3667,.T.);
#5304=ORIENTED_EDGE('',*,*,#3664,.T.);
#5305=ORIENTED_EDGE('',*,*,#3661,.T.);
#5306=ORIENTED_EDGE('',*,*,#3658,.T.);
#5307=ORIENTED_EDGE('',*,*,#3655,.T.);
#5308=ORIENTED_EDGE('',*,*,#3652,.T.);
#5309=ORIENTED_EDGE('',*,*,#3649,.T.);
#5310=ORIENTED_EDGE('',*,*,#3646,.T.);
#5311=ORIENTED_EDGE('',*,*,#3643,.T.);
#5312=ORIENTED_EDGE('',*,*,#3640,.T.);
#5313=ORIENTED_EDGE('',*,*,#3637,.T.);
#5314=ORIENTED_EDGE('',*,*,#3634,.T.);
#5315=ORIENTED_EDGE('',*,*,#3631,.T.);
#5316=ORIENTED_EDGE('',*,*,#3628,.T.);
#5317=ORIENTED_EDGE('',*,*,#3625,.T.);
#5318=ORIENTED_EDGE('',*,*,#3622,.T.);
#5319=ORIENTED_EDGE('',*,*,#3619,.T.);
#5320=ORIENTED_EDGE('',*,*,#3618,.F.);
#5321=ORIENTED_EDGE('',*,*,#3613,.F.);
#5322=ORIENTED_EDGE('',*,*,#3610,.F.);
#5323=ORIENTED_EDGE('',*,*,#3607,.F.);
#5324=ORIENTED_EDGE('',*,*,#3604,.F.);
#5325=ORIENTED_EDGE('',*,*,#3601,.F.);
#5326=ORIENTED_EDGE('',*,*,#3598,.F.);
#5327=ORIENTED_EDGE('',*,*,#3595,.F.);
#5328=ORIENTED_EDGE('',*,*,#3592,.F.);
#5329=ORIENTED_EDGE('',*,*,#3707,.T.);
#5330=ORIENTED_EDGE('',*,*,#3709,.T.);
#5331=ORIENTED_EDGE('',*,*,#3708,.F.);
#5332=ORIENTED_EDGE('',*,*,#3710,.T.);
#5333=ORIENTED_EDGE('',*,*,#3709,.F.);
#5334=ORIENTED_EDGE('',*,*,#3710,.F.);
#5335=CONICAL_SURFACE('',#5682,0.614749999999999,1.10714871779409);
#5336=CONICAL_SURFACE('',#5684,0.614749999999999,1.10714871779409);
#5337=CONICAL_SURFACE('',#5694,0.614749999999999,1.10714871779409);
#5338=CONICAL_SURFACE('',#5696,1.36475,0.785398163397448);
#5339=CONICAL_SURFACE('',#5698,1.36475,0.785398163397448);
#5340=CONICAL_SURFACE('',#5708,1.36475,0.785398163397448);
#5341=CONICAL_SURFACE('',#5710,1.36475,0.785398163397448);
#5342=CONICAL_SURFACE('',#5712,1.36475,0.785398163397448);
#5343=CONICAL_SURFACE('',#5795,1.36475,0.785398163397448);
#5344=CONICAL_SURFACE('',#5799,1.36475,0.785398163397448);
#5345=CONICAL_SURFACE('',#5803,1.36475,0.785398163397448);
#5346=CONICAL_SURFACE('',#5809,0.614749999999999,1.10714871779409);
#5347=CONICAL_SURFACE('',#5839,1.96500453458963,0.0872664625997163);
#5348=CONICAL_SURFACE('',#5869,1.96500453458963,0.0872664625997163);
#5349=CONICAL_SURFACE('',#5899,1.96500453458963,0.0872664625997163);
#5350=CONICAL_SURFACE('',#6009,1.96500453458963,0.0872664625997163);
#5351=ADVANCED_FACE('',(#357),#5335,.F.);
#5352=ADVANCED_FACE('',(#358),#5336,.F.);
#5353=ADVANCED_FACE('',(#359),#260,.F.);
#5354=ADVANCED_FACE('',(#360),#261,.F.);
#5355=ADVANCED_FACE('',(#361,#47),#71,.F.);
#5356=ADVANCED_FACE('',(#362,#48),#72,.F.);
#5357=ADVANCED_FACE('',(#363),#5337,.F.);
#5358=ADVANCED_FACE('',(#364),#5338,.F.);
#5359=ADVANCED_FACE('',(#365),#5339,.F.);
#5360=ADVANCED_FACE('',(#366),#262,.F.);
#5361=ADVANCED_FACE('',(#367),#263,.F.);
#5362=ADVANCED_FACE('',(#368),#264,.F.);
#5363=ADVANCED_FACE('',(#369,#49),#73,.F.);
#5364=ADVANCED_FACE('',(#370),#5340,.F.);
#5365=ADVANCED_FACE('',(#371),#5341,.F.);
#5366=ADVANCED_FACE('',(#372),#5342,.F.);
#5367=ADVANCED_FACE('',(#373),#74,.T.);
#5368=ADVANCED_FACE('',(#374),#75,.T.);
#5369=ADVANCED_FACE('',(#375),#76,.T.);
#5370=ADVANCED_FACE('',(#376),#77,.T.);
#5371=ADVANCED_FACE('',(#377),#78,.T.);
#5372=ADVANCED_FACE('',(#378,#50,#51),#79,.T.);
#5373=ADVANCED_FACE('',(#379),#80,.T.);
#5374=ADVANCED_FACE('',(#380),#81,.T.);
#5375=ADVANCED_FACE('',(#381),#265,.F.);
#5376=ADVANCED_FACE('',(#382),#82,.T.);
#5377=ADVANCED_FACE('',(#383),#83,.T.);
#5378=ADVANCED_FACE('',(#384),#84,.T.);
#5379=ADVANCED_FACE('',(#385),#85,.F.);
#5380=ADVANCED_FACE('',(#386),#266,.F.);
#5381=ADVANCED_FACE('',(#387),#267,.T.);
#5382=ADVANCED_FACE('',(#388),#268,.F.);
#5383=ADVANCED_FACE('',(#389),#86,.F.);
#5384=ADVANCED_FACE('',(#390),#269,.T.);
#5385=ADVANCED_FACE('',(#391),#87,.F.);
#5386=ADVANCED_FACE('',(#392),#270,.T.);
#5387=ADVANCED_FACE('',(#393),#88,.F.);
#5388=ADVANCED_FACE('',(#394),#271,.F.);
#5389=ADVANCED_FACE('',(#395),#272,.T.);
#5390=ADVANCED_FACE('',(#396),#273,.F.);
#5391=ADVANCED_FACE('',(#397),#89,.F.);
#5392=ADVANCED_FACE('',(#398),#90,.F.);
#5393=ADVANCED_FACE('',(#399),#91,.F.);
#5394=ADVANCED_FACE('',(#400),#92,.F.);
#5395=ADVANCED_FACE('',(#401),#93,.F.);
#5396=ADVANCED_FACE('',(#402),#274,.F.);
#5397=ADVANCED_FACE('',(#403),#275,.T.);
#5398=ADVANCED_FACE('',(#404),#276,.F.);
#5399=ADVANCED_FACE('',(#405),#94,.F.);
#5400=ADVANCED_FACE('',(#406),#277,.T.);
#5401=ADVANCED_FACE('',(#407),#95,.F.);
#5402=ADVANCED_FACE('',(#408),#278,.T.);
#5403=ADVANCED_FACE('',(#409),#96,.F.);
#5404=ADVANCED_FACE('',(#410),#279,.F.);
#5405=ADVANCED_FACE('',(#411),#280,.T.);
#5406=ADVANCED_FACE('',(#412),#281,.F.);
#5407=ADVANCED_FACE('',(#413),#97,.F.);
#5408=ADVANCED_FACE('',(#414),#282,.F.);
#5409=ADVANCED_FACE('',(#415),#98,.T.);
#5410=ADVANCED_FACE('',(#416),#99,.T.);
#5411=ADVANCED_FACE('',(#417),#100,.T.);
#5412=ADVANCED_FACE('',(#418),#101,.F.);
#5413=ADVANCED_FACE('',(#419),#5343,.F.);
#5414=ADVANCED_FACE('',(#420,#52,#53),#102,.T.);
#5415=ADVANCED_FACE('',(#421),#5344,.F.);
#5416=ADVANCED_FACE('',(#422),#283,.F.);
#5417=ADVANCED_FACE('',(#423),#5345,.F.);
#5418=ADVANCED_FACE('',(#424,#54),#103,.F.);
#5419=ADVANCED_FACE('',(#425),#284,.F.);
#5420=ADVANCED_FACE('',(#426),#5346,.F.);
#5421=ADVANCED_FACE('',(#427),#104,.T.);
#5422=ADVANCED_FACE('',(#428),#105,.T.);
#5423=ADVANCED_FACE('',(#429),#106,.T.);
#5424=ADVANCED_FACE('',(#430),#107,.T.);
#5425=ADVANCED_FACE('',(#431),#108,.T.);
#5426=ADVANCED_FACE('',(#432),#109,.T.);
#5427=ADVANCED_FACE('',(#433),#110,.T.);
#5428=ADVANCED_FACE('',(#434),#111,.T.);
#5429=ADVANCED_FACE('',(#435),#112,.T.);
#5430=ADVANCED_FACE('',(#436),#113,.F.);
#5431=ADVANCED_FACE('',(#437),#114,.T.);
#5432=ADVANCED_FACE('',(#438),#115,.T.);
#5433=ADVANCED_FACE('',(#439),#116,.F.);
#5434=ADVANCED_FACE('',(#440,#55),#25,.T.);
#5435=ADVANCED_FACE('',(#441),#117,.T.);
#5436=ADVANCED_FACE('',(#442),#5347,.T.);
#5437=ADVANCED_FACE('',(#443),#118,.T.);
#5438=ADVANCED_FACE('',(#444),#119,.T.);
#5439=ADVANCED_FACE('',(#445),#120,.T.);
#5440=ADVANCED_FACE('',(#446),#121,.T.);
#5441=ADVANCED_FACE('',(#447),#122,.T.);
#5442=ADVANCED_FACE('',(#448),#123,.T.);
#5443=ADVANCED_FACE('',(#449),#124,.T.);
#5444=ADVANCED_FACE('',(#450),#125,.T.);
#5445=ADVANCED_FACE('',(#451),#126,.T.);
#5446=ADVANCED_FACE('',(#452),#127,.F.);
#5447=ADVANCED_FACE('',(#453),#128,.T.);
#5448=ADVANCED_FACE('',(#454),#129,.T.);
#5449=ADVANCED_FACE('',(#455),#130,.F.);
#5450=ADVANCED_FACE('',(#456,#56),#26,.T.);
#5451=ADVANCED_FACE('',(#457),#131,.T.);
#5452=ADVANCED_FACE('',(#458),#5348,.T.);
#5453=ADVANCED_FACE('',(#459),#132,.T.);
#5454=ADVANCED_FACE('',(#460),#133,.T.);
#5455=ADVANCED_FACE('',(#461),#134,.T.);
#5456=ADVANCED_FACE('',(#462),#135,.T.);
#5457=ADVANCED_FACE('',(#463),#136,.T.);
#5458=ADVANCED_FACE('',(#464),#137,.T.);
#5459=ADVANCED_FACE('',(#465),#138,.T.);
#5460=ADVANCED_FACE('',(#466),#139,.T.);
#5461=ADVANCED_FACE('',(#467),#140,.T.);
#5462=ADVANCED_FACE('',(#468),#141,.F.);
#5463=ADVANCED_FACE('',(#469),#142,.T.);
#5464=ADVANCED_FACE('',(#470),#143,.T.);
#5465=ADVANCED_FACE('',(#471),#144,.F.);
#5466=ADVANCED_FACE('',(#472,#57),#27,.T.);
#5467=ADVANCED_FACE('',(#473),#145,.T.);
#5468=ADVANCED_FACE('',(#474),#5349,.T.);
#5469=ADVANCED_FACE('',(#475),#146,.F.);
#5470=ADVANCED_FACE('',(#476),#147,.F.);
#5471=ADVANCED_FACE('',(#477),#285,.F.);
#5472=ADVANCED_FACE('',(#478),#286,.T.);
#5473=ADVANCED_FACE('',(#479),#287,.F.);
#5474=ADVANCED_FACE('',(#480),#148,.F.);
#5475=ADVANCED_FACE('',(#481),#288,.T.);
#5476=ADVANCED_FACE('',(#482),#149,.F.);
#5477=ADVANCED_FACE('',(#483),#289,.T.);
#5478=ADVANCED_FACE('',(#484),#150,.F.);
#5479=ADVANCED_FACE('',(#485),#290,.F.);
#5480=ADVANCED_FACE('',(#486),#291,.T.);
#5481=ADVANCED_FACE('',(#487),#292,.F.);
#5482=ADVANCED_FACE('',(#488),#151,.F.);
#5483=ADVANCED_FACE('',(#489),#152,.F.);
#5484=ADVANCED_FACE('',(#490),#153,.F.);
#5485=ADVANCED_FACE('',(#491),#154,.F.);
#5486=ADVANCED_FACE('',(#492),#155,.F.);
#5487=ADVANCED_FACE('',(#493),#293,.F.);
#5488=ADVANCED_FACE('',(#494),#294,.T.);
#5489=ADVANCED_FACE('',(#495),#295,.F.);
#5490=ADVANCED_FACE('',(#496),#156,.F.);
#5491=ADVANCED_FACE('',(#497),#296,.T.);
#5492=ADVANCED_FACE('',(#498),#157,.F.);
#5493=ADVANCED_FACE('',(#499),#297,.T.);
#5494=ADVANCED_FACE('',(#500),#158,.F.);
#5495=ADVANCED_FACE('',(#501),#298,.F.);
#5496=ADVANCED_FACE('',(#502),#299,.T.);
#5497=ADVANCED_FACE('',(#503),#300,.F.);
#5498=ADVANCED_FACE('',(#504),#159,.F.);
#5499=ADVANCED_FACE('',(#505),#160,.T.);
#5500=ADVANCED_FACE('',(#506),#161,.T.);
#5501=ADVANCED_FACE('',(#507),#162,.T.);
#5502=ADVANCED_FACE('',(#508),#163,.T.);
#5503=ADVANCED_FACE('',(#509),#164,.T.);
#5504=ADVANCED_FACE('',(#510),#165,.T.);
#5505=ADVANCED_FACE('',(#511),#166,.T.);
#5506=ADVANCED_FACE('',(#512),#167,.T.);
#5507=ADVANCED_FACE('',(#513),#168,.T.);
#5508=ADVANCED_FACE('',(#514),#169,.F.);
#5509=ADVANCED_FACE('',(#515),#301,.F.);
#5510=ADVANCED_FACE('',(#516,#58,#59),#170,.T.);
#5511=ADVANCED_FACE('',(#517),#171,.F.);
#5512=ADVANCED_FACE('',(#518),#302,.F.);
#5513=ADVANCED_FACE('',(#519),#172,.T.);
#5514=ADVANCED_FACE('',(#520),#173,.T.);
#5515=ADVANCED_FACE('',(#521),#174,.T.);
#5516=ADVANCED_FACE('',(#522),#175,.T.);
#5517=ADVANCED_FACE('',(#523),#176,.T.);
#5518=ADVANCED_FACE('',(#524),#177,.T.);
#5519=ADVANCED_FACE('',(#525),#178,.T.);
#5520=ADVANCED_FACE('',(#526),#179,.T.);
#5521=ADVANCED_FACE('',(#527),#180,.T.);
#5522=ADVANCED_FACE('',(#528),#181,.F.);
#5523=ADVANCED_FACE('',(#529),#182,.T.);
#5524=ADVANCED_FACE('',(#530),#183,.T.);
#5525=ADVANCED_FACE('',(#531),#184,.F.);
#5526=ADVANCED_FACE('',(#532,#60),#28,.T.);
#5527=ADVANCED_FACE('',(#533),#185,.T.);
#5528=ADVANCED_FACE('',(#534),#5350,.T.);
#5529=ADVANCED_FACE('',(#535),#186,.F.);
#5530=ADVANCED_FACE('',(#536),#187,.F.);
#5531=ADVANCED_FACE('',(#537),#303,.F.);
#5532=ADVANCED_FACE('',(#538),#304,.T.);
#5533=ADVANCED_FACE('',(#539),#305,.F.);
#5534=ADVANCED_FACE('',(#540),#188,.F.);
#5535=ADVANCED_FACE('',(#541),#306,.T.);
#5536=ADVANCED_FACE('',(#542),#189,.F.);
#5537=ADVANCED_FACE('',(#543),#307,.T.);
#5538=ADVANCED_FACE('',(#544),#190,.F.);
#5539=ADVANCED_FACE('',(#545),#308,.F.);
#5540=ADVANCED_FACE('',(#546),#309,.T.);
#5541=ADVANCED_FACE('',(#547),#310,.F.);
#5542=ADVANCED_FACE('',(#548),#191,.F.);
#5543=ADVANCED_FACE('',(#549),#192,.F.);
#5544=ADVANCED_FACE('',(#550),#193,.F.);
#5545=ADVANCED_FACE('',(#551),#194,.F.);
#5546=ADVANCED_FACE('',(#552),#195,.F.);
#5547=ADVANCED_FACE('',(#553),#311,.F.);
#5548=ADVANCED_FACE('',(#554),#312,.T.);
#5549=ADVANCED_FACE('',(#555),#313,.F.);
#5550=ADVANCED_FACE('',(#556),#196,.F.);
#5551=ADVANCED_FACE('',(#557),#314,.T.);
#5552=ADVANCED_FACE('',(#558),#197,.F.);
#5553=ADVANCED_FACE('',(#559),#315,.T.);
#5554=ADVANCED_FACE('',(#560),#198,.F.);
#5555=ADVANCED_FACE('',(#561),#316,.F.);
#5556=ADVANCED_FACE('',(#562),#317,.T.);
#5557=ADVANCED_FACE('',(#563),#318,.F.);
#5558=ADVANCED_FACE('',(#564),#199,.F.);
#5559=ADVANCED_FACE('',(#565),#200,.T.);
#5560=ADVANCED_FACE('',(#566),#201,.T.);
#5561=ADVANCED_FACE('',(#567),#202,.T.);
#5562=ADVANCED_FACE('',(#568),#203,.T.);
#5563=ADVANCED_FACE('',(#569),#204,.T.);
#5564=ADVANCED_FACE('',(#570),#205,.T.);
#5565=ADVANCED_FACE('',(#571),#206,.T.);
#5566=ADVANCED_FACE('',(#572),#207,.T.);
#5567=ADVANCED_FACE('',(#573),#208,.T.);
#5568=ADVANCED_FACE('',(#574),#209,.F.);
#5569=ADVANCED_FACE('',(#575),#319,.F.);
#5570=ADVANCED_FACE('',(#576,#61,#62),#210,.T.);
#5571=ADVANCED_FACE('',(#577),#211,.F.);
#5572=ADVANCED_FACE('',(#578),#320,.F.);
#5573=ADVANCED_FACE('',(#579),#321,.F.);
#5574=ADVANCED_FACE('',(#580),#322,.T.);
#5575=ADVANCED_FACE('',(#581),#323,.F.);
#5576=ADVANCED_FACE('',(#582),#212,.F.);
#5577=ADVANCED_FACE('',(#583),#324,.T.);
#5578=ADVANCED_FACE('',(#584),#213,.F.);
#5579=ADVANCED_FACE('',(#585),#325,.T.);
#5580=ADVANCED_FACE('',(#586),#214,.F.);
#5581=ADVANCED_FACE('',(#587),#326,.F.);
#5582=ADVANCED_FACE('',(#588),#327,.T.);
#5583=ADVANCED_FACE('',(#589),#328,.F.);
#5584=ADVANCED_FACE('',(#590),#215,.F.);
#5585=ADVANCED_FACE('',(#591),#216,.F.);
#5586=ADVANCED_FACE('',(#592),#217,.F.);
#5587=ADVANCED_FACE('',(#593),#218,.F.);
#5588=ADVANCED_FACE('',(#594),#219,.F.);
#5589=ADVANCED_FACE('',(#595),#329,.F.);
#5590=ADVANCED_FACE('',(#596),#330,.T.);
#5591=ADVANCED_FACE('',(#597),#331,.F.);
#5592=ADVANCED_FACE('',(#598),#220,.F.);
#5593=ADVANCED_FACE('',(#599),#332,.T.);
#5594=ADVANCED_FACE('',(#600),#221,.F.);
#5595=ADVANCED_FACE('',(#601),#333,.T.);
#5596=ADVANCED_FACE('',(#602),#222,.F.);
#5597=ADVANCED_FACE('',(#603),#334,.F.);
#5598=ADVANCED_FACE('',(#604),#335,.T.);
#5599=ADVANCED_FACE('',(#605),#336,.F.);
#5600=ADVANCED_FACE('',(#606),#223,.F.);
#5601=ADVANCED_FACE('',(#607),#224,.T.);
#5602=ADVANCED_FACE('',(#608),#225,.T.);
#5603=ADVANCED_FACE('',(#609),#226,.T.);
#5604=ADVANCED_FACE('',(#610),#227,.T.);
#5605=ADVANCED_FACE('',(#611),#228,.T.);
#5606=ADVANCED_FACE('',(#612),#229,.T.);
#5607=ADVANCED_FACE('',(#613),#230,.T.);
#5608=ADVANCED_FACE('',(#614),#231,.T.);
#5609=ADVANCED_FACE('',(#615),#232,.T.);
#5610=ADVANCED_FACE('',(#616),#233,.F.);
#5611=ADVANCED_FACE('',(#617),#337,.F.);
#5612=ADVANCED_FACE('',(#618,#63,#64),#234,.F.);
#5613=ADVANCED_FACE('',(#619,#65,#66),#235,.T.);
#5614=ADVANCED_FACE('',(#620),#338,.F.);
#5615=ADVANCED_FACE('',(#621),#236,.T.);
#5616=ADVANCED_FACE('',(#622),#237,.T.);
#5617=ADVANCED_FACE('',(#623),#238,.T.);
#5618=ADVANCED_FACE('',(#624),#239,.T.);
#5619=ADVANCED_FACE('',(#625),#240,.T.);
#5620=ADVANCED_FACE('',(#626),#241,.T.);
#5621=ADVANCED_FACE('',(#627),#242,.T.);
#5622=ADVANCED_FACE('',(#628),#243,.T.);
#5623=ADVANCED_FACE('',(#629),#244,.T.);
#5624=ADVANCED_FACE('',(#630),#245,.F.);
#5625=ADVANCED_FACE('',(#631),#339,.F.);
#5626=ADVANCED_FACE('',(#632),#340,.T.);
#5627=ADVANCED_FACE('',(#633),#341,.F.);
#5628=ADVANCED_FACE('',(#634),#246,.F.);
#5629=ADVANCED_FACE('',(#635),#342,.T.);
#5630=ADVANCED_FACE('',(#636),#247,.F.);
#5631=ADVANCED_FACE('',(#637),#343,.T.);
#5632=ADVANCED_FACE('',(#638),#248,.F.);
#5633=ADVANCED_FACE('',(#639),#344,.F.);
#5634=ADVANCED_FACE('',(#640),#345,.T.);
#5635=ADVANCED_FACE('',(#641),#346,.F.);
#5636=ADVANCED_FACE('',(#642),#249,.F.);
#5637=ADVANCED_FACE('',(#643),#250,.F.);
#5638=ADVANCED_FACE('',(#644),#251,.F.);
#5639=ADVANCED_FACE('',(#645),#252,.F.);
#5640=ADVANCED_FACE('',(#646),#253,.F.);
#5641=ADVANCED_FACE('',(#647),#347,.F.);
#5642=ADVANCED_FACE('',(#648),#348,.T.);
#5643=ADVANCED_FACE('',(#649),#349,.F.);
#5644=ADVANCED_FACE('',(#650),#254,.F.);
#5645=ADVANCED_FACE('',(#651),#350,.T.);
#5646=ADVANCED_FACE('',(#652),#255,.F.);
#5647=ADVANCED_FACE('',(#653),#351,.T.);
#5648=ADVANCED_FACE('',(#654),#256,.F.);
#5649=ADVANCED_FACE('',(#655),#352,.F.);
#5650=ADVANCED_FACE('',(#656),#353,.T.);
#5651=ADVANCED_FACE('',(#657),#354,.F.);
#5652=ADVANCED_FACE('',(#658),#257,.F.);
#5653=ADVANCED_FACE('',(#659),#355,.F.);
#5654=ADVANCED_FACE('',(#660,#67,#68),#258,.T.);
#5655=ADVANCED_FACE('',(#661,#69,#70),#259,.F.);
#5656=ADVANCED_FACE('',(#662),#356,.F.);
#5657=CLOSED_SHELL('',(#5351,#5352,#5353,#5354,#5355,#5356,#5357,#5358,
#5359,#5360,#5361,#5362,#5363,#5364,#5365,#5366,#5367,#5368,#5369,#5370,
#5371,#5372,#5373,#5374,#5375,#5376,#5377,#5378,#5379,#5380,#5381,#5382,
#5383,#5384,#5385,#5386,#5387,#5388,#5389,#5390,#5391,#5392,#5393,#5394,
#5395,#5396,#5397,#5398,#5399,#5400,#5401,#5402,#5403,#5404,#5405,#5406,
#5407,#5408,#5409,#5410,#5411,#5412,#5413,#5414,#5415,#5416,#5417,#5418,
#5419,#5420));
#5658=CLOSED_SHELL('',(#5421,#5422,#5423,#5424,#5425,#5426,#5427,#5428,
#5429,#5430,#5431,#5432,#5433,#5434,#5435,#5436));
#5659=CLOSED_SHELL('',(#5437,#5438,#5439,#5440,#5441,#5442,#5443,#5444,
#5445,#5446,#5447,#5448,#5449,#5450,#5451,#5452));
#5660=CLOSED_SHELL('',(#5453,#5454,#5455,#5456,#5457,#5458,#5459,#5460,
#5461,#5462,#5463,#5464,#5465,#5466,#5467,#5468));
#5661=CLOSED_SHELL('',(#5469,#5470,#5471,#5472,#5473,#5474,#5475,#5476,
#5477,#5478,#5479,#5480,#5481,#5482,#5483,#5484,#5485,#5486,#5487,#5488,
#5489,#5490,#5491,#5492,#5493,#5494,#5495,#5496,#5497,#5498,#5499,#5500,
#5501,#5502,#5503,#5504,#5505,#5506,#5507,#5508,#5509,#5510,#5511,#5512));
#5662=CLOSED_SHELL('',(#5513,#5514,#5515,#5516,#5517,#5518,#5519,#5520,
#5521,#5522,#5523,#5524,#5525,#5526,#5527,#5528));
#5663=CLOSED_SHELL('',(#5529,#5530,#5531,#5532,#5533,#5534,#5535,#5536,
#5537,#5538,#5539,#5540,#5541,#5542,#5543,#5544,#5545,#5546,#5547,#5548,
#5549,#5550,#5551,#5552,#5553,#5554,#5555,#5556,#5557,#5558,#5559,#5560,
#5561,#5562,#5563,#5564,#5565,#5566,#5567,#5568,#5569,#5570,#5571,#5572));
#5664=CLOSED_SHELL('',(#5573,#5574,#5575,#5576,#5577,#5578,#5579,#5580,
#5581,#5582,#5583,#5584,#5585,#5586,#5587,#5588,#5589,#5590,#5591,#5592,
#5593,#5594,#5595,#5596,#5597,#5598,#5599,#5600,#5601,#5602,#5603,#5604,
#5605,#5606,#5607,#5608,#5609,#5610,#5611,#5612,#5613,#5614));
#5665=CLOSED_SHELL('',(#5615,#5616,#5617,#5618,#5619,#5620,#5621,#5622,
#5623,#5624,#5625,#5626,#5627,#5628,#5629,#5630,#5631,#5632,#5633,#5634,
#5635,#5636,#5637,#5638,#5639,#5640,#5641,#5642,#5643,#5644,#5645,#5646,
#5647,#5648,#5649,#5650,#5651,#5652,#5653,#5654,#5655,#5656));
#5666=DERIVED_UNIT_ELEMENT(#5668,1.);
#5667=DERIVED_UNIT_ELEMENT(#9621,-3.);
#5668=(
MASS_UNIT()
NAMED_UNIT(*)
SI_UNIT(.KILO.,.GRAM.)
);
#5669=DERIVED_UNIT((#5666,#5667));
#5670=MEASURE_REPRESENTATION_ITEM('density measure',
POSITIVE_RATIO_MEASURE(7850.),#5669);
#5671=PROPERTY_DEFINITION_REPRESENTATION(#5676,#5673);
#5672=PROPERTY_DEFINITION_REPRESENTATION(#5677,#5674);
#5673=REPRESENTATION('material name',(#5675),#9618);
#5674=REPRESENTATION('density',(#5670),#9618);
#5675=DESCRIPTIVE_REPRESENTATION_ITEM('Steel','Steel');
#5676=PROPERTY_DEFINITION('material property','material name',#9643);
#5677=PROPERTY_DEFINITION('material property','density of part',#9643);
#5678=AXIS2_PLACEMENT_3D('',#7945,#6249,#6250);
#5679=AXIS2_PLACEMENT_3D('',#7946,#6251,#6252);
#5680=AXIS2_PLACEMENT_3D('',#7947,#6253,#6254);
#5681=AXIS2_PLACEMENT_3D('',#7948,#6255,#6256);
#5682=AXIS2_PLACEMENT_3D('',#7949,#6257,#6258);
#5683=AXIS2_PLACEMENT_3D('',#7953,#6260,#6261);
#5684=AXIS2_PLACEMENT_3D('',#7954,#6262,#6263);
#5685=AXIS2_PLACEMENT_3D('',#7958,#6265,#6266);
#5686=AXIS2_PLACEMENT_3D('',#7959,#6267,#6268);
#5687=AXIS2_PLACEMENT_3D('',#7961,#6269,#6270);
#5688=AXIS2_PLACEMENT_3D('',#7963,#6272,#6273);
#5689=AXIS2_PLACEMENT_3D('',#7965,#6274,#6275);
#5690=AXIS2_PLACEMENT_3D('',#7967,#6277,#6278);
#5691=AXIS2_PLACEMENT_3D('',#7969,#6279,#6280);
#5692=AXIS2_PLACEMENT_3D('',#7970,#6281,#6282);
#5693=AXIS2_PLACEMENT_3D('',#7972,#6283,#6284);
#5694=AXIS2_PLACEMENT_3D('',#7973,#6285,#6286);
#5695=AXIS2_PLACEMENT_3D('',#7977,#6288,#6289);
#5696=AXIS2_PLACEMENT_3D('',#7978,#6290,#6291);
#5697=AXIS2_PLACEMENT_3D('',#7980,#6292,#6293);
#5698=AXIS2_PLACEMENT_3D('',#7982,#6295,#6296);
#5699=AXIS2_PLACEMENT_3D('',#7984,#6297,#6298);
#5700=AXIS2_PLACEMENT_3D('',#7986,#6300,#6301);
#5701=AXIS2_PLACEMENT_3D('',#7988,#6302,#6303);
#5702=AXIS2_PLACEMENT_3D('',#7990,#6305,#6306);
#5703=AXIS2_PLACEMENT_3D('',#7992,#6307,#6308);
#5704=AXIS2_PLACEMENT_3D('',#7994,#6310,#6311);
#5705=AXIS2_PLACEMENT_3D('',#7996,#6312,#6313);
#5706=AXIS2_PLACEMENT_3D('',#7998,#6315,#6316);
#5707=AXIS2_PLACEMENT_3D('',#8000,#6317,#6318);
#5708=AXIS2_PLACEMENT_3D('',#8001,#6319,#6320);
#5709=AXIS2_PLACEMENT_3D('',#8004,#6322,#6323);
#5710=AXIS2_PLACEMENT_3D('',#8005,#6324,#6325);
#5711=AXIS2_PLACEMENT_3D('',#8008,#6327,#6328);
#5712=AXIS2_PLACEMENT_3D('',#8009,#6329,#6330);
#5713=AXIS2_PLACEMENT_3D('',#8011,#6331,#6332);
#5714=AXIS2_PLACEMENT_3D('',#8013,#6334,#6335);
#5715=AXIS2_PLACEMENT_3D('',#8022,#6340,#6341);
#5716=AXIS2_PLACEMENT_3D('',#8028,#6345,#6346);
#5717=AXIS2_PLACEMENT_3D('',#8034,#6350,#6351);
#5718=AXIS2_PLACEMENT_3D('',#8043,#6356,#6357);
#5719=AXIS2_PLACEMENT_3D('',#8049,#6361,#6362);
#5720=AXIS2_PLACEMENT_3D('',#8055,#6366,#6367);
#5721=AXIS2_PLACEMENT_3D('',#8061,#6371,#6372);
#5722=AXIS2_PLACEMENT_3D('',#8067,#6376,#6377);
#5723=AXIS2_PLACEMENT_3D('',#8069,#6378,#6379);
#5724=AXIS2_PLACEMENT_3D('',#8072,#6381,#6382);
#5725=AXIS2_PLACEMENT_3D('',#8073,#6383,#6384);
#5726=AXIS2_PLACEMENT_3D('',#8079,#6388,#6389);
#5727=AXIS2_PLACEMENT_3D('',#8085,#6393,#6394);
#5728=AXIS2_PLACEMENT_3D('',#8091,#6398,#6399);
#5729=AXIS2_PLACEMENT_3D('',#8097,#6403,#6404);
#5730=AXIS2_PLACEMENT_3D('',#8099,#6405,#6406);
#5731=AXIS2_PLACEMENT_3D('',#8102,#6408,#6409);
#5732=AXIS2_PLACEMENT_3D('',#8103,#6410,#6411);
#5733=AXIS2_PLACEMENT_3D('',#8105,#6412,#6413);
#5734=AXIS2_PLACEMENT_3D('',#8108,#6415,#6416);
#5735=AXIS2_PLACEMENT_3D('',#8109,#6417,#6418);
#5736=AXIS2_PLACEMENT_3D('',#8111,#6419,#6420);
#5737=AXIS2_PLACEMENT_3D('',#8114,#6422,#6423);
#5738=AXIS2_PLACEMENT_3D('',#8115,#6424,#6425);
#5739=AXIS2_PLACEMENT_3D('',#8121,#6429,#6430);
#5740=AXIS2_PLACEMENT_3D('',#8123,#6431,#6432);
#5741=AXIS2_PLACEMENT_3D('',#8126,#6434,#6435);
#5742=AXIS2_PLACEMENT_3D('',#8127,#6436,#6437);
#5743=AXIS2_PLACEMENT_3D('',#8133,#6441,#6442);
#5744=AXIS2_PLACEMENT_3D('',#8135,#6443,#6444);
#5745=AXIS2_PLACEMENT_3D('',#8138,#6446,#6447);
#5746=AXIS2_PLACEMENT_3D('',#8139,#6448,#6449);
#5747=AXIS2_PLACEMENT_3D('',#8145,#6453,#6454);
#5748=AXIS2_PLACEMENT_3D('',#8147,#6455,#6456);
#5749=AXIS2_PLACEMENT_3D('',#8150,#6458,#6459);
#5750=AXIS2_PLACEMENT_3D('',#8151,#6460,#6461);
#5751=AXIS2_PLACEMENT_3D('',#8153,#6462,#6463);
#5752=AXIS2_PLACEMENT_3D('',#8156,#6465,#6466);
#5753=AXIS2_PLACEMENT_3D('',#8157,#6467,#6468);
#5754=AXIS2_PLACEMENT_3D('',#8159,#6469,#6470);
#5755=AXIS2_PLACEMENT_3D('',#8162,#6472,#6473);
#5756=AXIS2_PLACEMENT_3D('',#8163,#6474,#6475);
#5757=AXIS2_PLACEMENT_3D('',#8169,#6479,#6480);
#5758=AXIS2_PLACEMENT_3D('',#8175,#6484,#6485);
#5759=AXIS2_PLACEMENT_3D('',#8181,#6489,#6490);
#5760=AXIS2_PLACEMENT_3D('',#8187,#6494,#6495);
#5761=AXIS2_PLACEMENT_3D('',#8193,#6499,#6500);
#5762=AXIS2_PLACEMENT_3D('',#8195,#6501,#6502);
#5763=AXIS2_PLACEMENT_3D('',#8198,#6504,#6505);
#5764=AXIS2_PLACEMENT_3D('',#8199,#6506,#6507);
#5765=AXIS2_PLACEMENT_3D('',#8201,#6508,#6509);
#5766=AXIS2_PLACEMENT_3D('',#8204,#6511,#6512);
#5767=AXIS2_PLACEMENT_3D('',#8205,#6513,#6514);
#5768=AXIS2_PLACEMENT_3D('',#8207,#6515,#6516);
#5769=AXIS2_PLACEMENT_3D('',#8210,#6518,#6519);
#5770=AXIS2_PLACEMENT_3D('',#8211,#6520,#6521);
#5771=AXIS2_PLACEMENT_3D('',#8217,#6525,#6526);
#5772=AXIS2_PLACEMENT_3D('',#8219,#6527,#6528);
#5773=AXIS2_PLACEMENT_3D('',#8222,#6530,#6531);
#5774=AXIS2_PLACEMENT_3D('',#8223,#6532,#6533);
#5775=AXIS2_PLACEMENT_3D('',#8229,#6537,#6538);
#5776=AXIS2_PLACEMENT_3D('',#8231,#6539,#6540);
#5777=AXIS2_PLACEMENT_3D('',#8234,#6542,#6543);
#5778=AXIS2_PLACEMENT_3D('',#8235,#6544,#6545);
#5779=AXIS2_PLACEMENT_3D('',#8241,#6549,#6550);
#5780=AXIS2_PLACEMENT_3D('',#8243,#6551,#6552);
#5781=AXIS2_PLACEMENT_3D('',#8246,#6554,#6555);
#5782=AXIS2_PLACEMENT_3D('',#8247,#6556,#6557);
#5783=AXIS2_PLACEMENT_3D('',#8249,#6558,#6559);
#5784=AXIS2_PLACEMENT_3D('',#8252,#6561,#6562);
#5785=AXIS2_PLACEMENT_3D('',#8253,#6563,#6564);
#5786=AXIS2_PLACEMENT_3D('',#8255,#6565,#6566);
#5787=AXIS2_PLACEMENT_3D('',#8258,#6568,#6569);
#5788=AXIS2_PLACEMENT_3D('',#8259,#6570,#6571);
#5789=AXIS2_PLACEMENT_3D('',#8262,#6574,#6575);
#5790=AXIS2_PLACEMENT_3D('',#8264,#6576,#6577);
#5791=AXIS2_PLACEMENT_3D('',#8266,#6579,#6580);
#5792=AXIS2_PLACEMENT_3D('',#8272,#6584,#6585);
#5793=AXIS2_PLACEMENT_3D('',#8276,#6588,#6589);
#5794=AXIS2_PLACEMENT_3D('',#8280,#6592,#6593);
#5795=AXIS2_PLACEMENT_3D('',#8282,#6595,#6596);
#5796=AXIS2_PLACEMENT_3D('',#8285,#6598,#6599);
#5797=AXIS2_PLACEMENT_3D('',#8286,#6600,#6601);
#5798=AXIS2_PLACEMENT_3D('',#8288,#6602,#6603);
#5799=AXIS2_PLACEMENT_3D('',#8289,#6604,#6605);
#5800=AXIS2_PLACEMENT_3D('',#8291,#6606,#6607);
#5801=AXIS2_PLACEMENT_3D('',#8293,#6609,#6610);
#5802=AXIS2_PLACEMENT_3D('',#8296,#6612,#6613);
#5803=AXIS2_PLACEMENT_3D('',#8297,#6614,#6615);
#5804=AXIS2_PLACEMENT_3D('',#8300,#6617,#6618);
#5805=AXIS2_PLACEMENT_3D('',#8301,#6619,#6620);
#5806=AXIS2_PLACEMENT_3D('',#8303,#6621,#6622);
#5807=AXIS2_PLACEMENT_3D('',#8304,#6623,#6624);
#5808=AXIS2_PLACEMENT_3D('',#8307,#6626,#6627);
#5809=AXIS2_PLACEMENT_3D('',#8308,#6628,#6629);
#5810=AXIS2_PLACEMENT_3D('',#8311,#6631,#6632);
#5811=AXIS2_PLACEMENT_3D('',#8336,#6645,#6646);
#5812=AXIS2_PLACEMENT_3D('',#8341,#6649,#6650);
#5813=AXIS2_PLACEMENT_3D('',#8342,#6651,#6652);
#5814=AXIS2_PLACEMENT_3D('',#8344,#6653,#6654);
#5815=AXIS2_PLACEMENT_3D('',#8346,#6656,#6657);
#5816=AXIS2_PLACEMENT_3D('',#8348,#6658,#6659);
#5817=AXIS2_PLACEMENT_3D('',#8350,#6661,#6662);
#5818=AXIS2_PLACEMENT_3D('',#8352,#6663,#6664);
#5819=AXIS2_PLACEMENT_3D('',#8354,#6666,#6667);
#5820=AXIS2_PLACEMENT_3D('',#8356,#6668,#6669);
#5821=AXIS2_PLACEMENT_3D('',#8358,#6671,#6672);
#5822=AXIS2_PLACEMENT_3D('',#8360,#6673,#6674);
#5823=AXIS2_PLACEMENT_3D('',#8362,#6676,#6677);
#5824=AXIS2_PLACEMENT_3D('',#8365,#6679,#6680);
#5825=AXIS2_PLACEMENT_3D('',#8366,#6681,#6682);
#5826=AXIS2_PLACEMENT_3D('',#8368,#6683,#6684);
#5827=AXIS2_PLACEMENT_3D('',#8370,#6686,#6687);
#5828=AXIS2_PLACEMENT_3D('',#8372,#6688,#6689);
#5829=AXIS2_PLACEMENT_3D('',#8374,#6691,#6692);
#5830=AXIS2_PLACEMENT_3D('',#8376,#6693,#6694);
#5831=AXIS2_PLACEMENT_3D('',#8378,#6696,#6697);
#5832=AXIS2_PLACEMENT_3D('',#8380,#6698,#6699);
#5833=AXIS2_PLACEMENT_3D('',#8382,#6701,#6702);
#5834=AXIS2_PLACEMENT_3D('',#8383,#6703,#6704);
#5835=AXIS2_PLACEMENT_3D('',#8384,#6705,#6706);
#5836=AXIS2_PLACEMENT_3D('',#8386,#6707,#6708);
#5837=AXIS2_PLACEMENT_3D('',#8387,#6709,#6710);
#5838=AXIS2_PLACEMENT_3D('',#8389,#6711,#6712);
#5839=AXIS2_PLACEMENT_3D('',#8390,#6713,#6714);
#5840=AXIS2_PLACEMENT_3D('',#8392,#6716,#6717);
#5841=AXIS2_PLACEMENT_3D('',#8417,#6730,#6731);
#5842=AXIS2_PLACEMENT_3D('',#8422,#6734,#6735);
#5843=AXIS2_PLACEMENT_3D('',#8423,#6736,#6737);
#5844=AXIS2_PLACEMENT_3D('',#8425,#6738,#6739);
#5845=AXIS2_PLACEMENT_3D('',#8427,#6741,#6742);
#5846=AXIS2_PLACEMENT_3D('',#8429,#6743,#6744);
#5847=AXIS2_PLACEMENT_3D('',#8431,#6746,#6747);
#5848=AXIS2_PLACEMENT_3D('',#8433,#6748,#6749);
#5849=AXIS2_PLACEMENT_3D('',#8435,#6751,#6752);
#5850=AXIS2_PLACEMENT_3D('',#8437,#6753,#6754);
#5851=AXIS2_PLACEMENT_3D('',#8439,#6756,#6757);
#5852=AXIS2_PLACEMENT_3D('',#8441,#6758,#6759);
#5853=AXIS2_PLACEMENT_3D('',#8443,#6761,#6762);
#5854=AXIS2_PLACEMENT_3D('',#8446,#6764,#6765);
#5855=AXIS2_PLACEMENT_3D('',#8447,#6766,#6767);
#5856=AXIS2_PLACEMENT_3D('',#8449,#6768,#6769);
#5857=AXIS2_PLACEMENT_3D('',#8451,#6771,#6772);
#5858=AXIS2_PLACEMENT_3D('',#8453,#6773,#6774);
#5859=AXIS2_PLACEMENT_3D('',#8455,#6776,#6777);
#5860=AXIS2_PLACEMENT_3D('',#8457,#6778,#6779);
#5861=AXIS2_PLACEMENT_3D('',#8459,#6781,#6782);
#5862=AXIS2_PLACEMENT_3D('',#8461,#6783,#6784);
#5863=AXIS2_PLACEMENT_3D('',#8463,#6786,#6787);
#5864=AXIS2_PLACEMENT_3D('',#8464,#6788,#6789);
#5865=AXIS2_PLACEMENT_3D('',#8465,#6790,#6791);
#5866=AXIS2_PLACEMENT_3D('',#8467,#6792,#6793);
#5867=AXIS2_PLACEMENT_3D('',#8468,#6794,#6795);
#5868=AXIS2_PLACEMENT_3D('',#8470,#6796,#6797);
#5869=AXIS2_PLACEMENT_3D('',#8471,#6798,#6799);
#5870=AXIS2_PLACEMENT_3D('',#8473,#6801,#6802);
#5871=AXIS2_PLACEMENT_3D('',#8498,#6815,#6816);
#5872=AXIS2_PLACEMENT_3D('',#8503,#6819,#6820);
#5873=AXIS2_PLACEMENT_3D('',#8504,#6821,#6822);
#5874=AXIS2_PLACEMENT_3D('',#8506,#6823,#6824);
#5875=AXIS2_PLACEMENT_3D('',#8508,#6826,#6827);
#5876=AXIS2_PLACEMENT_3D('',#8510,#6828,#6829);
#5877=AXIS2_PLACEMENT_3D('',#8512,#6831,#6832);
#5878=AXIS2_PLACEMENT_3D('',#8514,#6833,#6834);
#5879=AXIS2_PLACEMENT_3D('',#8516,#6836,#6837);
#5880=AXIS2_PLACEMENT_3D('',#8518,#6838,#6839);
#5881=AXIS2_PLACEMENT_3D('',#8520,#6841,#6842);
#5882=AXIS2_PLACEMENT_3D('',#8522,#6843,#6844);
#5883=AXIS2_PLACEMENT_3D('',#8524,#6846,#6847);
#5884=AXIS2_PLACEMENT_3D('',#8527,#6849,#6850);
#5885=AXIS2_PLACEMENT_3D('',#8528,#6851,#6852);
#5886=AXIS2_PLACEMENT_3D('',#8530,#6853,#6854);
#5887=AXIS2_PLACEMENT_3D('',#8532,#6856,#6857);
#5888=AXIS2_PLACEMENT_3D('',#8534,#6858,#6859);
#5889=AXIS2_PLACEMENT_3D('',#8536,#6861,#6862);
#5890=AXIS2_PLACEMENT_3D('',#8538,#6863,#6864);
#5891=AXIS2_PLACEMENT_3D('',#8540,#6866,#6867);
#5892=AXIS2_PLACEMENT_3D('',#8542,#6868,#6869);
#5893=AXIS2_PLACEMENT_3D('',#8544,#6871,#6872);
#5894=AXIS2_PLACEMENT_3D('',#8545,#6873,#6874);
#5895=AXIS2_PLACEMENT_3D('',#8546,#6875,#6876);
#5896=AXIS2_PLACEMENT_3D('',#8548,#6877,#6878);
#5897=AXIS2_PLACEMENT_3D('',#8549,#6879,#6880);
#5898=AXIS2_PLACEMENT_3D('',#8551,#6881,#6882);
#5899=AXIS2_PLACEMENT_3D('',#8552,#6883,#6884);
#5900=AXIS2_PLACEMENT_3D('',#8554,#6886,#6887);
#5901=AXIS2_PLACEMENT_3D('',#8559,#6889,#6890);
#5902=AXIS2_PLACEMENT_3D('',#8561,#6891,#6892);
#5903=AXIS2_PLACEMENT_3D('',#8563,#6893,#6894);
#5904=AXIS2_PLACEMENT_3D('',#8567,#6896,#6897);
#5905=AXIS2_PLACEMENT_3D('',#8571,#6899,#6900);
#5906=AXIS2_PLACEMENT_3D('',#8575,#6902,#6903);
#5907=AXIS2_PLACEMENT_3D('',#8577,#6904,#6905);
#5908=AXIS2_PLACEMENT_3D('',#8579,#6906,#6907);
#5909=AXIS2_PLACEMENT_3D('',#8591,#6913,#6914);
#5910=AXIS2_PLACEMENT_3D('',#8593,#6915,#6916);
#5911=AXIS2_PLACEMENT_3D('',#8595,#6917,#6918);
#5912=AXIS2_PLACEMENT_3D('',#8599,#6920,#6921);
#5913=AXIS2_PLACEMENT_3D('',#8603,#6923,#6924);
#5914=AXIS2_PLACEMENT_3D('',#8607,#6926,#6927);
#5915=AXIS2_PLACEMENT_3D('',#8609,#6928,#6929);
#5916=AXIS2_PLACEMENT_3D('',#8611,#6930,#6931);
#5917=AXIS2_PLACEMENT_3D('',#8631,#6942,#6943);
#5918=AXIS2_PLACEMENT_3D('',#8633,#6944,#6945);
#5919=AXIS2_PLACEMENT_3D('',#8634,#6946,#6947);
#5920=AXIS2_PLACEMENT_3D('',#8638,#6949,#6950);
#5921=AXIS2_PLACEMENT_3D('',#8640,#6952,#6953);
#5922=AXIS2_PLACEMENT_3D('',#8642,#6954,#6955);
#5923=AXIS2_PLACEMENT_3D('',#8644,#6957,#6958);
#5924=AXIS2_PLACEMENT_3D('',#8646,#6959,#6960);
#5925=AXIS2_PLACEMENT_3D('',#8648,#6962,#6963);
#5926=AXIS2_PLACEMENT_3D('',#8652,#6966,#6967);
#5927=AXIS2_PLACEMENT_3D('',#8654,#6968,#6969);
#5928=AXIS2_PLACEMENT_3D('',#8656,#6971,#6972);
#5929=AXIS2_PLACEMENT_3D('',#8660,#6975,#6976);
#5930=AXIS2_PLACEMENT_3D('',#8662,#6977,#6978);
#5931=AXIS2_PLACEMENT_3D('',#8664,#6980,#6981);
#5932=AXIS2_PLACEMENT_3D('',#8668,#6984,#6985);
#5933=AXIS2_PLACEMENT_3D('',#8670,#6986,#6987);
#5934=AXIS2_PLACEMENT_3D('',#8672,#6989,#6990);
#5935=AXIS2_PLACEMENT_3D('',#8674,#6991,#6992);
#5936=AXIS2_PLACEMENT_3D('',#8676,#6994,#6995);
#5937=AXIS2_PLACEMENT_3D('',#8678,#6996,#6997);
#5938=AXIS2_PLACEMENT_3D('',#8680,#6999,#7000);
#5939=AXIS2_PLACEMENT_3D('',#8684,#7003,#7004);
#5940=AXIS2_PLACEMENT_3D('',#8688,#7007,#7008);
#5941=AXIS2_PLACEMENT_3D('',#8692,#7011,#7012);
#5942=AXIS2_PLACEMENT_3D('',#8696,#7015,#7016);
#5943=AXIS2_PLACEMENT_3D('',#8700,#7019,#7020);
#5944=AXIS2_PLACEMENT_3D('',#8702,#7021,#7022);
#5945=AXIS2_PLACEMENT_3D('',#8704,#7024,#7025);
#5946=AXIS2_PLACEMENT_3D('',#8706,#7026,#7027);
#5947=AXIS2_PLACEMENT_3D('',#8708,#7029,#7030);
#5948=AXIS2_PLACEMENT_3D('',#8710,#7031,#7032);
#5949=AXIS2_PLACEMENT_3D('',#8712,#7034,#7035);
#5950=AXIS2_PLACEMENT_3D('',#8716,#7038,#7039);
#5951=AXIS2_PLACEMENT_3D('',#8718,#7040,#7041);
#5952=AXIS2_PLACEMENT_3D('',#8720,#7043,#7044);
#5953=AXIS2_PLACEMENT_3D('',#8724,#7047,#7048);
#5954=AXIS2_PLACEMENT_3D('',#8726,#7049,#7050);
#5955=AXIS2_PLACEMENT_3D('',#8728,#7052,#7053);
#5956=AXIS2_PLACEMENT_3D('',#8732,#7056,#7057);
#5957=AXIS2_PLACEMENT_3D('',#8734,#7058,#7059);
#5958=AXIS2_PLACEMENT_3D('',#8736,#7061,#7062);
#5959=AXIS2_PLACEMENT_3D('',#8738,#7063,#7064);
#5960=AXIS2_PLACEMENT_3D('',#8740,#7066,#7067);
#5961=AXIS2_PLACEMENT_3D('',#8742,#7068,#7069);
#5962=AXIS2_PLACEMENT_3D('',#8744,#7071,#7072);
#5963=AXIS2_PLACEMENT_3D('',#8748,#7075,#7076);
#5964=AXIS2_PLACEMENT_3D('',#8752,#7079,#7080);
#5965=AXIS2_PLACEMENT_3D('',#8756,#7083,#7084);
#5966=AXIS2_PLACEMENT_3D('',#8760,#7087,#7088);
#5967=AXIS2_PLACEMENT_3D('',#8764,#7091,#7092);
#5968=AXIS2_PLACEMENT_3D('',#8768,#7095,#7096);
#5969=AXIS2_PLACEMENT_3D('',#8772,#7099,#7100);
#5970=AXIS2_PLACEMENT_3D('',#8776,#7103,#7104);
#5971=AXIS2_PLACEMENT_3D('',#8780,#7107,#7108);
#5972=AXIS2_PLACEMENT_3D('',#8784,#7111,#7112);
#5973=AXIS2_PLACEMENT_3D('',#8786,#7114,#7115);
#5974=AXIS2_PLACEMENT_3D('',#8788,#7116,#7117);
#5975=AXIS2_PLACEMENT_3D('',#8790,#7119,#7120);
#5976=AXIS2_PLACEMENT_3D('',#8792,#7121,#7122);
#5977=AXIS2_PLACEMENT_3D('',#8793,#7123,#7124);
#5978=AXIS2_PLACEMENT_3D('',#8795,#7125,#7126);
#5979=AXIS2_PLACEMENT_3D('',#8796,#7127,#7128);
#5980=AXIS2_PLACEMENT_3D('',#8798,#7130,#7131);
#5981=AXIS2_PLACEMENT_3D('',#8823,#7144,#7145);
#5982=AXIS2_PLACEMENT_3D('',#8828,#7148,#7149);
#5983=AXIS2_PLACEMENT_3D('',#8829,#7150,#7151);
#5984=AXIS2_PLACEMENT_3D('',#8831,#7152,#7153);
#5985=AXIS2_PLACEMENT_3D('',#8833,#7155,#7156);
#5986=AXIS2_PLACEMENT_3D('',#8835,#7157,#7158);
#5987=AXIS2_PLACEMENT_3D('',#8837,#7160,#7161);
#5988=AXIS2_PLACEMENT_3D('',#8839,#7162,#7163);
#5989=AXIS2_PLACEMENT_3D('',#8841,#7165,#7166);
#5990=AXIS2_PLACEMENT_3D('',#8843,#7167,#7168);
#5991=AXIS2_PLACEMENT_3D('',#8845,#7170,#7171);
#5992=AXIS2_PLACEMENT_3D('',#8847,#7172,#7173);
#5993=AXIS2_PLACEMENT_3D('',#8849,#7175,#7176);
#5994=AXIS2_PLACEMENT_3D('',#8852,#7178,#7179);
#5995=AXIS2_PLACEMENT_3D('',#8853,#7180,#7181);
#5996=AXIS2_PLACEMENT_3D('',#8855,#7182,#7183);
#5997=AXIS2_PLACEMENT_3D('',#8857,#7185,#7186);
#5998=AXIS2_PLACEMENT_3D('',#8859,#7187,#7188);
#5999=AXIS2_PLACEMENT_3D('',#8861,#7190,#7191);
#6000=AXIS2_PLACEMENT_3D('',#8863,#7192,#7193);
#6001=AXIS2_PLACEMENT_3D('',#8865,#7195,#7196);
#6002=AXIS2_PLACEMENT_3D('',#8867,#7197,#7198);
#6003=AXIS2_PLACEMENT_3D('',#8869,#7200,#7201);
#6004=AXIS2_PLACEMENT_3D('',#8870,#7202,#7203);
#6005=AXIS2_PLACEMENT_3D('',#8871,#7204,#7205);
#6006=AXIS2_PLACEMENT_3D('',#8873,#7206,#7207);
#6007=AXIS2_PLACEMENT_3D('',#8874,#7208,#7209);
#6008=AXIS2_PLACEMENT_3D('',#8876,#7210,#7211);
#6009=AXIS2_PLACEMENT_3D('',#8877,#7212,#7213);
#6010=AXIS2_PLACEMENT_3D('',#8879,#7215,#7216);
#6011=AXIS2_PLACEMENT_3D('',#8884,#7218,#7219);
#6012=AXIS2_PLACEMENT_3D('',#8886,#7220,#7221);
#6013=AXIS2_PLACEMENT_3D('',#8888,#7222,#7223);
#6014=AXIS2_PLACEMENT_3D('',#8892,#7225,#7226);
#6015=AXIS2_PLACEMENT_3D('',#8896,#7228,#7229);
#6016=AXIS2_PLACEMENT_3D('',#8900,#7231,#7232);
#6017=AXIS2_PLACEMENT_3D('',#8902,#7233,#7234);
#6018=AXIS2_PLACEMENT_3D('',#8904,#7235,#7236);
#6019=AXIS2_PLACEMENT_3D('',#8916,#7242,#7243);
#6020=AXIS2_PLACEMENT_3D('',#8918,#7244,#7245);
#6021=AXIS2_PLACEMENT_3D('',#8920,#7246,#7247);
#6022=AXIS2_PLACEMENT_3D('',#8924,#7249,#7250);
#6023=AXIS2_PLACEMENT_3D('',#8928,#7252,#7253);
#6024=AXIS2_PLACEMENT_3D('',#8932,#7255,#7256);
#6025=AXIS2_PLACEMENT_3D('',#8934,#7257,#7258);
#6026=AXIS2_PLACEMENT_3D('',#8936,#7259,#7260);
#6027=AXIS2_PLACEMENT_3D('',#8956,#7271,#7272);
#6028=AXIS2_PLACEMENT_3D('',#8958,#7273,#7274);
#6029=AXIS2_PLACEMENT_3D('',#8959,#7275,#7276);
#6030=AXIS2_PLACEMENT_3D('',#8963,#7278,#7279);
#6031=AXIS2_PLACEMENT_3D('',#8965,#7281,#7282);
#6032=AXIS2_PLACEMENT_3D('',#8967,#7283,#7284);
#6033=AXIS2_PLACEMENT_3D('',#8969,#7286,#7287);
#6034=AXIS2_PLACEMENT_3D('',#8971,#7288,#7289);
#6035=AXIS2_PLACEMENT_3D('',#8973,#7291,#7292);
#6036=AXIS2_PLACEMENT_3D('',#8977,#7295,#7296);
#6037=AXIS2_PLACEMENT_3D('',#8979,#7297,#7298);
#6038=AXIS2_PLACEMENT_3D('',#8981,#7300,#7301);
#6039=AXIS2_PLACEMENT_3D('',#8985,#7304,#7305);
#6040=AXIS2_PLACEMENT_3D('',#8987,#7306,#7307);
#6041=AXIS2_PLACEMENT_3D('',#8989,#7309,#7310);
#6042=AXIS2_PLACEMENT_3D('',#8993,#7313,#7314);
#6043=AXIS2_PLACEMENT_3D('',#8995,#7315,#7316);
#6044=AXIS2_PLACEMENT_3D('',#8997,#7318,#7319);
#6045=AXIS2_PLACEMENT_3D('',#8999,#7320,#7321);
#6046=AXIS2_PLACEMENT_3D('',#9001,#7323,#7324);
#6047=AXIS2_PLACEMENT_3D('',#9003,#7325,#7326);
#6048=AXIS2_PLACEMENT_3D('',#9005,#7328,#7329);
#6049=AXIS2_PLACEMENT_3D('',#9009,#7332,#7333);
#6050=AXIS2_PLACEMENT_3D('',#9013,#7336,#7337);
#6051=AXIS2_PLACEMENT_3D('',#9017,#7340,#7341);
#6052=AXIS2_PLACEMENT_3D('',#9021,#7344,#7345);
#6053=AXIS2_PLACEMENT_3D('',#9025,#7348,#7349);
#6054=AXIS2_PLACEMENT_3D('',#9027,#7350,#7351);
#6055=AXIS2_PLACEMENT_3D('',#9029,#7353,#7354);
#6056=AXIS2_PLACEMENT_3D('',#9031,#7355,#7356);
#6057=AXIS2_PLACEMENT_3D('',#9033,#7358,#7359);
#6058=AXIS2_PLACEMENT_3D('',#9035,#7360,#7361);
#6059=AXIS2_PLACEMENT_3D('',#9037,#7363,#7364);
#6060=AXIS2_PLACEMENT_3D('',#9041,#7367,#7368);
#6061=AXIS2_PLACEMENT_3D('',#9043,#7369,#7370);
#6062=AXIS2_PLACEMENT_3D('',#9045,#7372,#7373);
#6063=AXIS2_PLACEMENT_3D('',#9049,#7376,#7377);
#6064=AXIS2_PLACEMENT_3D('',#9051,#7378,#7379);
#6065=AXIS2_PLACEMENT_3D('',#9053,#7381,#7382);
#6066=AXIS2_PLACEMENT_3D('',#9057,#7385,#7386);
#6067=AXIS2_PLACEMENT_3D('',#9059,#7387,#7388);
#6068=AXIS2_PLACEMENT_3D('',#9061,#7390,#7391);
#6069=AXIS2_PLACEMENT_3D('',#9063,#7392,#7393);
#6070=AXIS2_PLACEMENT_3D('',#9065,#7395,#7396);
#6071=AXIS2_PLACEMENT_3D('',#9067,#7397,#7398);
#6072=AXIS2_PLACEMENT_3D('',#9069,#7400,#7401);
#6073=AXIS2_PLACEMENT_3D('',#9073,#7404,#7405);
#6074=AXIS2_PLACEMENT_3D('',#9077,#7408,#7409);
#6075=AXIS2_PLACEMENT_3D('',#9081,#7412,#7413);
#6076=AXIS2_PLACEMENT_3D('',#9085,#7416,#7417);
#6077=AXIS2_PLACEMENT_3D('',#9089,#7420,#7421);
#6078=AXIS2_PLACEMENT_3D('',#9093,#7424,#7425);
#6079=AXIS2_PLACEMENT_3D('',#9097,#7428,#7429);
#6080=AXIS2_PLACEMENT_3D('',#9101,#7432,#7433);
#6081=AXIS2_PLACEMENT_3D('',#9105,#7436,#7437);
#6082=AXIS2_PLACEMENT_3D('',#9109,#7440,#7441);
#6083=AXIS2_PLACEMENT_3D('',#9111,#7443,#7444);
#6084=AXIS2_PLACEMENT_3D('',#9113,#7445,#7446);
#6085=AXIS2_PLACEMENT_3D('',#9115,#7448,#7449);
#6086=AXIS2_PLACEMENT_3D('',#9117,#7450,#7451);
#6087=AXIS2_PLACEMENT_3D('',#9118,#7452,#7453);
#6088=AXIS2_PLACEMENT_3D('',#9120,#7454,#7455);
#6089=AXIS2_PLACEMENT_3D('',#9121,#7456,#7457);
#6090=AXIS2_PLACEMENT_3D('',#9123,#7459,#7460);
#6091=AXIS2_PLACEMENT_3D('',#9126,#7461,#7462);
#6092=AXIS2_PLACEMENT_3D('',#9130,#7464,#7465);
#6093=AXIS2_PLACEMENT_3D('',#9132,#7467,#7468);
#6094=AXIS2_PLACEMENT_3D('',#9134,#7469,#7470);
#6095=AXIS2_PLACEMENT_3D('',#9136,#7471,#7472);
#6096=AXIS2_PLACEMENT_3D('',#9138,#7474,#7475);
#6097=AXIS2_PLACEMENT_3D('',#9140,#7476,#7477);
#6098=AXIS2_PLACEMENT_3D('',#9142,#7478,#7479);
#6099=AXIS2_PLACEMENT_3D('',#9144,#7481,#7482);
#6100=AXIS2_PLACEMENT_3D('',#9150,#7486,#7487);
#6101=AXIS2_PLACEMENT_3D('',#9152,#7488,#7489);
#6102=AXIS2_PLACEMENT_3D('',#9154,#7490,#7491);
#6103=AXIS2_PLACEMENT_3D('',#9156,#7493,#7494);
#6104=AXIS2_PLACEMENT_3D('',#9162,#7498,#7499);
#6105=AXIS2_PLACEMENT_3D('',#9164,#7500,#7501);
#6106=AXIS2_PLACEMENT_3D('',#9166,#7502,#7503);
#6107=AXIS2_PLACEMENT_3D('',#9168,#7505,#7506);
#6108=AXIS2_PLACEMENT_3D('',#9174,#7510,#7511);
#6109=AXIS2_PLACEMENT_3D('',#9176,#7512,#7513);
#6110=AXIS2_PLACEMENT_3D('',#9178,#7514,#7515);
#6111=AXIS2_PLACEMENT_3D('',#9180,#7517,#7518);
#6112=AXIS2_PLACEMENT_3D('',#9182,#7519,#7520);
#6113=AXIS2_PLACEMENT_3D('',#9184,#7521,#7522);
#6114=AXIS2_PLACEMENT_3D('',#9186,#7524,#7525);
#6115=AXIS2_PLACEMENT_3D('',#9188,#7526,#7527);
#6116=AXIS2_PLACEMENT_3D('',#9190,#7528,#7529);
#6117=AXIS2_PLACEMENT_3D('',#9192,#7531,#7532);
#6118=AXIS2_PLACEMENT_3D('',#9198,#7536,#7537);
#6119=AXIS2_PLACEMENT_3D('',#9204,#7541,#7542);
#6120=AXIS2_PLACEMENT_3D('',#9210,#7546,#7547);
#6121=AXIS2_PLACEMENT_3D('',#9216,#7551,#7552);
#6122=AXIS2_PLACEMENT_3D('',#9222,#7556,#7557);
#6123=AXIS2_PLACEMENT_3D('',#9224,#7558,#7559);
#6124=AXIS2_PLACEMENT_3D('',#9226,#7560,#7561);
#6125=AXIS2_PLACEMENT_3D('',#9228,#7563,#7564);
#6126=AXIS2_PLACEMENT_3D('',#9230,#7565,#7566);
#6127=AXIS2_PLACEMENT_3D('',#9232,#7567,#7568);
#6128=AXIS2_PLACEMENT_3D('',#9234,#7570,#7571);
#6129=AXIS2_PLACEMENT_3D('',#9236,#7572,#7573);
#6130=AXIS2_PLACEMENT_3D('',#9238,#7574,#7575);
#6131=AXIS2_PLACEMENT_3D('',#9240,#7577,#7578);
#6132=AXIS2_PLACEMENT_3D('',#9246,#7582,#7583);
#6133=AXIS2_PLACEMENT_3D('',#9248,#7584,#7585);
#6134=AXIS2_PLACEMENT_3D('',#9250,#7586,#7587);
#6135=AXIS2_PLACEMENT_3D('',#9252,#7589,#7590);
#6136=AXIS2_PLACEMENT_3D('',#9258,#7594,#7595);
#6137=AXIS2_PLACEMENT_3D('',#9260,#7596,#7597);
#6138=AXIS2_PLACEMENT_3D('',#9262,#7598,#7599);
#6139=AXIS2_PLACEMENT_3D('',#9264,#7601,#7602);
#6140=AXIS2_PLACEMENT_3D('',#9270,#7606,#7607);
#6141=AXIS2_PLACEMENT_3D('',#9272,#7608,#7609);
#6142=AXIS2_PLACEMENT_3D('',#9274,#7610,#7611);
#6143=AXIS2_PLACEMENT_3D('',#9276,#7613,#7614);
#6144=AXIS2_PLACEMENT_3D('',#9278,#7615,#7616);
#6145=AXIS2_PLACEMENT_3D('',#9280,#7617,#7618);
#6146=AXIS2_PLACEMENT_3D('',#9282,#7620,#7621);
#6147=AXIS2_PLACEMENT_3D('',#9284,#7622,#7623);
#6148=AXIS2_PLACEMENT_3D('',#9286,#7624,#7625);
#6149=AXIS2_PLACEMENT_3D('',#9288,#7627,#7628);
#6150=AXIS2_PLACEMENT_3D('',#9294,#7632,#7633);
#6151=AXIS2_PLACEMENT_3D('',#9300,#7637,#7638);
#6152=AXIS2_PLACEMENT_3D('',#9306,#7642,#7643);
#6153=AXIS2_PLACEMENT_3D('',#9312,#7647,#7648);
#6154=AXIS2_PLACEMENT_3D('',#9318,#7652,#7653);
#6155=AXIS2_PLACEMENT_3D('',#9324,#7657,#7658);
#6156=AXIS2_PLACEMENT_3D('',#9330,#7662,#7663);
#6157=AXIS2_PLACEMENT_3D('',#9336,#7667,#7668);
#6158=AXIS2_PLACEMENT_3D('',#9342,#7672,#7673);
#6159=AXIS2_PLACEMENT_3D('',#9348,#7677,#7678);
#6160=AXIS2_PLACEMENT_3D('',#9351,#7681,#7682);
#6161=AXIS2_PLACEMENT_3D('',#9353,#7683,#7684);
#6162=AXIS2_PLACEMENT_3D('',#9356,#7686,#7687);
#6163=AXIS2_PLACEMENT_3D('',#9357,#7688,#7689);
#6164=AXIS2_PLACEMENT_3D('',#9359,#7690,#7691);
#6165=AXIS2_PLACEMENT_3D('',#9360,#7692,#7693);
#6166=AXIS2_PLACEMENT_3D('',#9362,#7694,#7695);
#6167=AXIS2_PLACEMENT_3D('',#9363,#7696,#7697);
#6168=AXIS2_PLACEMENT_3D('',#9365,#7699,#7700);
#6169=AXIS2_PLACEMENT_3D('',#9374,#7705,#7706);
#6170=AXIS2_PLACEMENT_3D('',#9380,#7710,#7711);
#6171=AXIS2_PLACEMENT_3D('',#9386,#7715,#7716);
#6172=AXIS2_PLACEMENT_3D('',#9392,#7720,#7721);
#6173=AXIS2_PLACEMENT_3D('',#9398,#7725,#7726);
#6174=AXIS2_PLACEMENT_3D('',#9404,#7730,#7731);
#6175=AXIS2_PLACEMENT_3D('',#9410,#7735,#7736);
#6176=AXIS2_PLACEMENT_3D('',#9416,#7740,#7741);
#6177=AXIS2_PLACEMENT_3D('',#9422,#7745,#7746);
#6178=AXIS2_PLACEMENT_3D('',#9428,#7750,#7751);
#6179=AXIS2_PLACEMENT_3D('',#9430,#7752,#7753);
#6180=AXIS2_PLACEMENT_3D('',#9433,#7755,#7756);
#6181=AXIS2_PLACEMENT_3D('',#9434,#7757,#7758);
#6182=AXIS2_PLACEMENT_3D('',#9436,#7759,#7760);
#6183=AXIS2_PLACEMENT_3D('',#9439,#7762,#7763);
#6184=AXIS2_PLACEMENT_3D('',#9440,#7764,#7765);
#6185=AXIS2_PLACEMENT_3D('',#9442,#7766,#7767);
#6186=AXIS2_PLACEMENT_3D('',#9445,#7769,#7770);
#6187=AXIS2_PLACEMENT_3D('',#9446,#7771,#7772);
#6188=AXIS2_PLACEMENT_3D('',#9452,#7776,#7777);
#6189=AXIS2_PLACEMENT_3D('',#9454,#7778,#7779);
#6190=AXIS2_PLACEMENT_3D('',#9457,#7781,#7782);
#6191=AXIS2_PLACEMENT_3D('',#9458,#7783,#7784);
#6192=AXIS2_PLACEMENT_3D('',#9464,#7788,#7789);
#6193=AXIS2_PLACEMENT_3D('',#9466,#7790,#7791);
#6194=AXIS2_PLACEMENT_3D('',#9469,#7793,#7794);
#6195=AXIS2_PLACEMENT_3D('',#9470,#7795,#7796);
#6196=AXIS2_PLACEMENT_3D('',#9476,#7800,#7801);
#6197=AXIS2_PLACEMENT_3D('',#9478,#7802,#7803);
#6198=AXIS2_PLACEMENT_3D('',#9481,#7805,#7806);
#6199=AXIS2_PLACEMENT_3D('',#9482,#7807,#7808);
#6200=AXIS2_PLACEMENT_3D('',#9484,#7809,#7810);
#6201=AXIS2_PLACEMENT_3D('',#9487,#7812,#7813);
#6202=AXIS2_PLACEMENT_3D('',#9488,#7814,#7815);
#6203=AXIS2_PLACEMENT_3D('',#9490,#7816,#7817);
#6204=AXIS2_PLACEMENT_3D('',#9493,#7819,#7820);
#6205=AXIS2_PLACEMENT_3D('',#9494,#7821,#7822);
#6206=AXIS2_PLACEMENT_3D('',#9500,#7826,#7827);
#6207=AXIS2_PLACEMENT_3D('',#9506,#7831,#7832);
#6208=AXIS2_PLACEMENT_3D('',#9512,#7836,#7837);
#6209=AXIS2_PLACEMENT_3D('',#9518,#7841,#7842);
#6210=AXIS2_PLACEMENT_3D('',#9524,#7846,#7847);
#6211=AXIS2_PLACEMENT_3D('',#9526,#7848,#7849);
#6212=AXIS2_PLACEMENT_3D('',#9529,#7851,#7852);
#6213=AXIS2_PLACEMENT_3D('',#9530,#7853,#7854);
#6214=AXIS2_PLACEMENT_3D('',#9532,#7855,#7856);
#6215=AXIS2_PLACEMENT_3D('',#9535,#7858,#7859);
#6216=AXIS2_PLACEMENT_3D('',#9536,#7860,#7861);
#6217=AXIS2_PLACEMENT_3D('',#9538,#7862,#7863);
#6218=AXIS2_PLACEMENT_3D('',#9541,#7865,#7866);
#6219=AXIS2_PLACEMENT_3D('',#9542,#7867,#7868);
#6220=AXIS2_PLACEMENT_3D('',#9548,#7872,#7873);
#6221=AXIS2_PLACEMENT_3D('',#9550,#7874,#7875);
#6222=AXIS2_PLACEMENT_3D('',#9553,#7877,#7878);
#6223=AXIS2_PLACEMENT_3D('',#9554,#7879,#7880);
#6224=AXIS2_PLACEMENT_3D('',#9560,#7884,#7885);
#6225=AXIS2_PLACEMENT_3D('',#9562,#7886,#7887);
#6226=AXIS2_PLACEMENT_3D('',#9565,#7889,#7890);
#6227=AXIS2_PLACEMENT_3D('',#9566,#7891,#7892);
#6228=AXIS2_PLACEMENT_3D('',#9572,#7896,#7897);
#6229=AXIS2_PLACEMENT_3D('',#9574,#7898,#7899);
#6230=AXIS2_PLACEMENT_3D('',#9577,#7901,#7902);
#6231=AXIS2_PLACEMENT_3D('',#9578,#7903,#7904);
#6232=AXIS2_PLACEMENT_3D('',#9580,#7905,#7906);
#6233=AXIS2_PLACEMENT_3D('',#9583,#7908,#7909);
#6234=AXIS2_PLACEMENT_3D('',#9584,#7910,#7911);
#6235=AXIS2_PLACEMENT_3D('',#9586,#7912,#7913);
#6236=AXIS2_PLACEMENT_3D('',#9589,#7915,#7916);
#6237=AXIS2_PLACEMENT_3D('',#9590,#7917,#7918);
#6238=AXIS2_PLACEMENT_3D('',#9593,#7921,#7922);
#6239=AXIS2_PLACEMENT_3D('',#9595,#7923,#7924);
#6240=AXIS2_PLACEMENT_3D('',#9598,#7926,#7927);
#6241=AXIS2_PLACEMENT_3D('',#9599,#7928,#7929);
#6242=AXIS2_PLACEMENT_3D('',#9601,#7930,#7931);
#6243=AXIS2_PLACEMENT_3D('',#9602,#7932,#7933);
#6244=AXIS2_PLACEMENT_3D('',#9604,#7934,#7935);
#6245=AXIS2_PLACEMENT_3D('',#9605,#7936,#7937);
#6246=AXIS2_PLACEMENT_3D('',#9607,#7939,#7940);
#6247=AXIS2_PLACEMENT_3D('',#9608,#7941,#7942);
#6248=AXIS2_PLACEMENT_3D('',#9609,#7943,#7944);
#6249=DIRECTION('axis',(0.,0.,1.));
#6250=DIRECTION('refdir',(1.,0.,0.));
#6251=DIRECTION('axis',(0.,0.,1.));
#6252=DIRECTION('refdir',(1.,0.,0.));
#6253=DIRECTION('axis',(0.,0.,1.));
#6254=DIRECTION('refdir',(1.,0.,0.));
#6255=DIRECTION('axis',(0.,0.,1.));
#6256=DIRECTION('refdir',(1.,0.,0.));
#6257=DIRECTION('center_axis',(0.,0.,1.));
#6258=DIRECTION('ref_axis',(1.,0.,0.));
#6259=DIRECTION('',(-0.894427190999916,-1.09535739652841E-16,0.447213595499958));
#6260=DIRECTION('center_axis',(0.,0.,-1.));
#6261=DIRECTION('ref_axis',(1.,0.,0.));
#6262=DIRECTION('center_axis',(0.,0.,1.));
#6263=DIRECTION('ref_axis',(1.,0.,0.));
#6264=DIRECTION('',(-0.894427190999916,-1.09535739652841E-16,0.447213595499958));
#6265=DIRECTION('center_axis',(0.,0.,-1.));
#6266=DIRECTION('ref_axis',(1.,0.,0.));
#6267=DIRECTION('center_axis',(0.,0.,-1.));
#6268=DIRECTION('ref_axis',(1.,0.,0.));
#6269=DIRECTION('center_axis',(0.,0.,-1.));
#6270=DIRECTION('ref_axis',(1.,0.,0.));
#6271=DIRECTION('',(0.,0.,-1.));
#6272=DIRECTION('center_axis',(0.,0.,-1.));
#6273=DIRECTION('ref_axis',(1.,0.,0.));
#6274=DIRECTION('center_axis',(0.,0.,-1.));
#6275=DIRECTION('ref_axis',(1.,0.,0.));
#6276=DIRECTION('',(0.,0.,-1.));
#6277=DIRECTION('center_axis',(0.,0.,-1.));
#6278=DIRECTION('ref_axis',(1.,0.,0.));
#6279=DIRECTION('center_axis',(0.,0.,-1.));
#6280=DIRECTION('ref_axis',(1.,0.,0.));
#6281=DIRECTION('center_axis',(0.,0.,-1.));
#6282=DIRECTION('ref_axis',(1.,0.,0.));
#6283=DIRECTION('center_axis',(0.,0.,-1.));
#6284=DIRECTION('ref_axis',(1.,0.,0.));
#6285=DIRECTION('center_axis',(0.,0.,1.));
#6286=DIRECTION('ref_axis',(1.,0.,0.));
#6287=DIRECTION('',(-0.894427190999916,-1.09535739652841E-16,0.447213595499958));
#6288=DIRECTION('center_axis',(0.,0.,-1.));
#6289=DIRECTION('ref_axis',(1.,0.,0.));
#6290=DIRECTION('center_axis',(0.,0.,-1.));
#6291=DIRECTION('ref_axis',(-1.,-1.75731011773511E-19,0.));
#6292=DIRECTION('center_axis',(0.,0.,-1.));
#6293=DIRECTION('ref_axis',(-1.,-1.75731011773511E-19,0.));
#6294=DIRECTION('',(0.707106781186547,-8.64713450334595E-17,-0.707106781186548));
#6295=DIRECTION('center_axis',(0.,0.,-1.));
#6296=DIRECTION('ref_axis',(-1.,-1.75731011773511E-19,0.));
#6297=DIRECTION('center_axis',(0.,0.,-1.));
#6298=DIRECTION('ref_axis',(-1.,-1.75731011773511E-19,0.));
#6299=DIRECTION('',(0.707106781186547,-8.64713450334595E-17,-0.707106781186548));
#6300=DIRECTION('center_axis',(0.,0.,-1.));
#6301=DIRECTION('ref_axis',(1.,0.,0.));
#6302=DIRECTION('center_axis',(0.,0.,-1.));
#6303=DIRECTION('ref_axis',(1.,0.,0.));
#6304=DIRECTION('',(0.,0.,-1.));
#6305=DIRECTION('center_axis',(0.,0.,-1.));
#6306=DIRECTION('ref_axis',(-1.,-1.75731011773511E-19,0.));
#6307=DIRECTION('center_axis',(0.,0.,-1.));
#6308=DIRECTION('ref_axis',(-1.,-1.75731011773511E-19,0.));
#6309=DIRECTION('',(0.,0.,-1.));
#6310=DIRECTION('center_axis',(0.,0.,-1.));
#6311=DIRECTION('ref_axis',(-1.,-1.75731011773511E-19,0.));
#6312=DIRECTION('center_axis',(0.,0.,-1.));
#6313=DIRECTION('ref_axis',(-1.,-1.75731011773511E-19,0.));
#6314=DIRECTION('',(0.,0.,-1.));
#6315=DIRECTION('center_axis',(0.,0.,-1.));
#6316=DIRECTION('ref_axis',(1.,0.,0.));
#6317=DIRECTION('center_axis',(0.,0.,-1.));
#6318=DIRECTION('ref_axis',(1.,0.,0.));
#6319=DIRECTION('center_axis',(0.,0.,1.));
#6320=DIRECTION('ref_axis',(-1.,-1.75731011773511E-19,0.));
#6321=DIRECTION('',(0.707106781186547,8.67198662136391E-17,0.707106781186548));
#6322=DIRECTION('center_axis',(0.,0.,-1.));
#6323=DIRECTION('ref_axis',(1.,0.,0.));
#6324=DIRECTION('center_axis',(0.,0.,1.));
#6325=DIRECTION('ref_axis',(-1.,-1.75731011773511E-19,0.));
#6326=DIRECTION('',(0.707106781186547,8.67198662136391E-17,0.707106781186548));
#6327=DIRECTION('center_axis',(0.,0.,-1.));
#6328=DIRECTION('ref_axis',(1.,0.,0.));
#6329=DIRECTION('center_axis',(0.,0.,-1.));
#6330=DIRECTION('ref_axis',(-1.,-1.75731011773511E-19,0.));
#6331=DIRECTION('center_axis',(0.,0.,-1.));
#6332=DIRECTION('ref_axis',(-1.,-1.75731011773511E-19,0.));
#6333=DIRECTION('',(0.707106781186547,-8.64713450334595E-17,-0.707106781186548));
#6334=DIRECTION('center_axis',(0.,0.,-1.));
#6335=DIRECTION('ref_axis',(1.,0.,0.));
#6336=DIRECTION('',(1.,0.,0.));
#6337=DIRECTION('',(0.,-1.,0.));
#6338=DIRECTION('',(1.,0.,0.));
#6339=DIRECTION('',(0.,-1.,0.));
#6340=DIRECTION('center_axis',(0.,-0.707106781186548,-0.707106781186548));
#6341=DIRECTION('ref_axis',(1.,0.,0.));
#6342=DIRECTION('',(0.,-0.707106781186548,0.707106781186548));
#6343=DIRECTION('',(1.,0.,0.));
#6344=DIRECTION('',(0.,-0.707106781186548,0.707106781186548));
#6345=DIRECTION('center_axis',(0.,-1.,0.));
#6346=DIRECTION('ref_axis',(1.,0.,0.));
#6347=DIRECTION('',(0.,0.,1.));
#6348=DIRECTION('',(1.,0.,0.));
#6349=DIRECTION('',(0.,0.,1.));
#6350=DIRECTION('center_axis',(0.,0.,1.));
#6351=DIRECTION('ref_axis',(1.,0.,0.));
#6352=DIRECTION('',(0.,1.,0.));
#6353=DIRECTION('',(1.,0.,0.));
#6354=DIRECTION('',(0.,1.,0.));
#6355=DIRECTION('',(1.,0.,0.));
#6356=DIRECTION('center_axis',(0.,-0.707106781186548,0.707106781186547));
#6357=DIRECTION('ref_axis',(1.,0.,0.));
#6358=DIRECTION('',(0.,0.707106781186547,0.707106781186548));
#6359=DIRECTION('',(1.,0.,0.));
#6360=DIRECTION('',(0.,0.707106781186547,0.707106781186548));
#6361=DIRECTION('center_axis',(0.,0.,1.));
#6362=DIRECTION('ref_axis',(1.,0.,0.));
#6363=DIRECTION('',(0.,1.,0.));
#6364=DIRECTION('',(1.,0.,0.));
#6365=DIRECTION('',(0.,1.,0.));
#6366=DIRECTION('center_axis',(0.,0.707106781186548,0.707106781186548));
#6367=DIRECTION('ref_axis',(1.,0.,0.));
#6368=DIRECTION('',(0.,0.707106781186548,-0.707106781186548));
#6369=DIRECTION('',(1.,0.,0.));
#6370=DIRECTION('',(0.,0.707106781186548,-0.707106781186548));
#6371=DIRECTION('center_axis',(0.,1.,0.));
#6372=DIRECTION('ref_axis',(1.,0.,0.));
#6373=DIRECTION('',(0.,0.,-1.));
#6374=DIRECTION('',(1.,0.,0.));
#6375=DIRECTION('',(0.,0.,-1.));
#6376=DIRECTION('center_axis',(1.,0.,0.));
#6377=DIRECTION('ref_axis',(0.,-0.600000000000003,0.799999999999998));
#6378=DIRECTION('center_axis',(1.,0.,0.));
#6379=DIRECTION('ref_axis',(0.,-0.600000000000003,0.799999999999998));
#6380=DIRECTION('',(1.,0.,0.));
#6381=DIRECTION('center_axis',(1.,0.,0.));
#6382=DIRECTION('ref_axis',(0.,-0.600000000000003,0.799999999999998));
#6383=DIRECTION('center_axis',(0.,1.,0.));
#6384=DIRECTION('ref_axis',(1.,0.,0.));
#6385=DIRECTION('',(0.,0.,-1.));
#6386=DIRECTION('',(1.,0.,0.));
#6387=DIRECTION('',(0.,0.,-1.));
#6388=DIRECTION('center_axis',(0.,0.707106781186548,-0.707106781186548));
#6389=DIRECTION('ref_axis',(1.,0.,0.));
#6390=DIRECTION('',(0.,-0.707106781186548,-0.707106781186548));
#6391=DIRECTION('',(1.,0.,0.));
#6392=DIRECTION('',(0.,-0.707106781186548,-0.707106781186548));
#6393=DIRECTION('center_axis',(0.,0.,-1.));
#6394=DIRECTION('ref_axis',(1.,0.,0.));
#6395=DIRECTION('',(-1.,0.,0.));
#6396=DIRECTION('',(0.,-1.,0.));
#6397=DIRECTION('',(0.,-1.,0.));
#6398=DIRECTION('center_axis',(0.,1.,0.));
#6399=DIRECTION('ref_axis',(1.,0.,0.));
#6400=DIRECTION('',(0.,0.,-1.));
#6401=DIRECTION('',(1.,0.,0.));
#6402=DIRECTION('',(0.,0.,1.));
#6403=DIRECTION('center_axis',(1.,0.,0.));
#6404=DIRECTION('ref_axis',(0.,1.,0.));
#6405=DIRECTION('center_axis',(-1.,0.,0.));
#6406=DIRECTION('ref_axis',(0.,1.,0.));
#6407=DIRECTION('',(1.,0.,0.));
#6408=DIRECTION('center_axis',(1.,0.,0.));
#6409=DIRECTION('ref_axis',(0.,1.,0.));
#6410=DIRECTION('center_axis',(1.,0.,0.));
#6411=DIRECTION('ref_axis',(0.,-0.379310344828247,-0.925269507930677));
#6412=DIRECTION('center_axis',(1.,0.,0.));
#6413=DIRECTION('ref_axis',(0.,-0.379310344828247,-0.925269507930677));
#6414=DIRECTION('',(1.,0.,0.));
#6415=DIRECTION('center_axis',(-1.,0.,0.));
#6416=DIRECTION('ref_axis',(0.,-0.379310344828247,-0.925269507930677));
#6417=DIRECTION('center_axis',(1.,0.,0.));
#6418=DIRECTION('ref_axis',(0.,0.860662490600269,0.509175880490958));
#6419=DIRECTION('center_axis',(-1.,0.,0.));
#6420=DIRECTION('ref_axis',(0.,0.860662490600269,0.509175880490958));
#6421=DIRECTION('',(1.,0.,0.));
#6422=DIRECTION('center_axis',(1.,0.,0.));
#6423=DIRECTION('ref_axis',(0.,0.860662490600269,0.509175880490958));
#6424=DIRECTION('center_axis',(0.,0.0871557428366416,0.996194698083961));
#6425=DIRECTION('ref_axis',(1.,0.,0.));
#6426=DIRECTION('',(0.,0.996194698083961,-0.0871557428366416));
#6427=DIRECTION('',(1.,0.,0.));
#6428=DIRECTION('',(0.,-0.996194698083961,0.0871557428366416));
#6429=DIRECTION('center_axis',(1.,0.,0.));
#6430=DIRECTION('ref_axis',(0.,-0.0871557427476617,-0.996194698091745));
#6431=DIRECTION('center_axis',(1.,0.,0.));
#6432=DIRECTION('ref_axis',(0.,-0.0871557427476617,-0.996194698091745));
#6433=DIRECTION('',(1.,0.,0.));
#6434=DIRECTION('center_axis',(-1.,0.,0.));
#6435=DIRECTION('ref_axis',(0.,-0.0871557427476617,-0.996194698091745));
#6436=DIRECTION('center_axis',(0.,1.,0.));
#6437=DIRECTION('ref_axis',(1.,0.,0.));
#6438=DIRECTION('',(0.,0.,-1.));
#6439=DIRECTION('',(1.,0.,0.));
#6440=DIRECTION('',(0.,0.,1.));
#6441=DIRECTION('center_axis',(1.,0.,0.));
#6442=DIRECTION('ref_axis',(0.,-1.,3.55271367880049E-15));
#6443=DIRECTION('center_axis',(1.,0.,0.));
#6444=DIRECTION('ref_axis',(0.,-1.,3.55271367880049E-15));
#6445=DIRECTION('',(1.,0.,0.));
#6446=DIRECTION('center_axis',(-1.,0.,0.));
#6447=DIRECTION('ref_axis',(0.,-1.,3.55271367880049E-15));
#6448=DIRECTION('center_axis',(0.,0.0871557427317597,-0.996194698093136));
#6449=DIRECTION('ref_axis',(1.,0.,0.));
#6450=DIRECTION('',(0.,-0.996194698093136,-0.0871557427317597));
#6451=DIRECTION('',(1.,0.,0.));
#6452=DIRECTION('',(0.,0.996194698093136,0.0871557427317597));
#6453=DIRECTION('center_axis',(1.,0.,0.));
#6454=DIRECTION('ref_axis',(0.,0.0871557427476736,-0.996194698091744));
#6455=DIRECTION('center_axis',(-1.,0.,0.));
#6456=DIRECTION('ref_axis',(0.,0.0871557427476736,-0.996194698091744));
#6457=DIRECTION('',(1.,0.,0.));
#6458=DIRECTION('center_axis',(1.,0.,0.));
#6459=DIRECTION('ref_axis',(0.,0.0871557427476736,-0.996194698091744));
#6460=DIRECTION('center_axis',(1.,0.,0.));
#6461=DIRECTION('ref_axis',(0.,-0.846215424453429,0.532840928811877));
#6462=DIRECTION('center_axis',(1.,0.,0.));
#6463=DIRECTION('ref_axis',(0.,-0.846215424453429,0.532840928811877));
#6464=DIRECTION('',(1.,0.,0.));
#6465=DIRECTION('center_axis',(-1.,0.,0.));
#6466=DIRECTION('ref_axis',(0.,-0.846215424453429,0.532840928811877));
#6467=DIRECTION('center_axis',(1.,0.,0.));
#6468=DIRECTION('ref_axis',(0.,0.379310344828246,-0.925269507930677));
#6469=DIRECTION('center_axis',(-1.,0.,0.));
#6470=DIRECTION('ref_axis',(0.,0.379310344828246,-0.925269507930677));
#6471=DIRECTION('',(1.,0.,0.));
#6472=DIRECTION('center_axis',(1.,0.,0.));
#6473=DIRECTION('ref_axis',(0.,0.379310344828246,-0.925269507930677));
#6474=DIRECTION('center_axis',(0.,1.,0.));
#6475=DIRECTION('ref_axis',(1.,0.,0.));
#6476=DIRECTION('',(0.,0.,-1.));
#6477=DIRECTION('',(1.,0.,0.));
#6478=DIRECTION('',(0.,0.,1.));
#6479=DIRECTION('center_axis',(0.,0.707106781186548,0.707106781186548));
#6480=DIRECTION('ref_axis',(1.,0.,0.));
#6481=DIRECTION('',(0.,0.707106781186548,-0.707106781186548));
#6482=DIRECTION('',(1.,0.,0.));
#6483=DIRECTION('',(0.,-0.707106781186548,0.707106781186548));
#6484=DIRECTION('center_axis',(0.,0.,1.));
#6485=DIRECTION('ref_axis',(1.,0.,0.));
#6486=DIRECTION('',(0.,1.,0.));
#6487=DIRECTION('',(1.,0.,0.));
#6488=DIRECTION('',(0.,-1.,0.));
#6489=DIRECTION('center_axis',(0.,-0.707106781186548,0.707106781186548));
#6490=DIRECTION('ref_axis',(1.,0.,0.));
#6491=DIRECTION('',(0.,0.707106781186548,0.707106781186548));
#6492=DIRECTION('',(1.,0.,0.));
#6493=DIRECTION('',(0.,-0.707106781186548,-0.707106781186548));
#6494=DIRECTION('center_axis',(0.,-1.,0.));
#6495=DIRECTION('ref_axis',(1.,0.,0.));
#6496=DIRECTION('',(0.,0.,1.));
#6497=DIRECTION('',(1.,0.,0.));
#6498=DIRECTION('',(0.,0.,-1.));
#6499=DIRECTION('center_axis',(1.,0.,0.));
#6500=DIRECTION('ref_axis',(0.,-1.,-3.55271367880048E-15));
#6501=DIRECTION('center_axis',(-1.,0.,0.));
#6502=DIRECTION('ref_axis',(0.,-1.,-3.55271367880048E-15));
#6503=DIRECTION('',(1.,0.,0.));
#6504=DIRECTION('center_axis',(1.,0.,0.));
#6505=DIRECTION('ref_axis',(0.,-1.,-3.55271367880048E-15));
#6506=DIRECTION('center_axis',(1.,0.,0.));
#6507=DIRECTION('ref_axis',(0.,0.379310344828251,0.925269507930675));
#6508=DIRECTION('center_axis',(1.,0.,0.));
#6509=DIRECTION('ref_axis',(0.,0.379310344828251,0.925269507930675));
#6510=DIRECTION('',(1.,0.,0.));
#6511=DIRECTION('center_axis',(-1.,0.,0.));
#6512=DIRECTION('ref_axis',(0.,0.379310344828251,0.925269507930675));
#6513=DIRECTION('center_axis',(1.,0.,0.));
#6514=DIRECTION('ref_axis',(0.,-0.846215424453432,-0.532840928811872));
#6515=DIRECTION('center_axis',(-1.,0.,0.));
#6516=DIRECTION('ref_axis',(0.,-0.846215424453432,-0.532840928811872));
#6517=DIRECTION('',(1.,0.,0.));
#6518=DIRECTION('center_axis',(1.,0.,0.));
#6519=DIRECTION('ref_axis',(0.,-0.846215424453432,-0.532840928811872));
#6520=DIRECTION('center_axis',(0.,-0.0871557427317599,-0.996194698093136));
#6521=DIRECTION('ref_axis',(1.,0.,0.));
#6522=DIRECTION('',(0.,-0.996194698093136,0.08715574273176));
#6523=DIRECTION('',(1.,0.,0.));
#6524=DIRECTION('',(0.,0.996194698093136,-0.08715574273176));
#6525=DIRECTION('center_axis',(1.,0.,0.));
#6526=DIRECTION('ref_axis',(0.,0.0871557427476585,0.996194698091746));
#6527=DIRECTION('center_axis',(1.,0.,0.));
#6528=DIRECTION('ref_axis',(0.,0.0871557427476585,0.996194698091746));
#6529=DIRECTION('',(1.,0.,0.));
#6530=DIRECTION('center_axis',(-1.,0.,0.));
#6531=DIRECTION('ref_axis',(0.,0.0871557427476585,0.996194698091746));
#6532=DIRECTION('center_axis',(0.,-1.,0.));
#6533=DIRECTION('ref_axis',(1.,0.,0.));
#6534=DIRECTION('',(0.,0.,1.));
#6535=DIRECTION('',(1.,0.,0.));
#6536=DIRECTION('',(0.,0.,-1.));
#6537=DIRECTION('center_axis',(1.,0.,0.));
#6538=DIRECTION('ref_axis',(0.,1.,3.55271367880051E-15));
#6539=DIRECTION('center_axis',(1.,0.,0.));
#6540=DIRECTION('ref_axis',(0.,1.,3.55271367880051E-15));
#6541=DIRECTION('',(1.,0.,0.));
#6542=DIRECTION('center_axis',(-1.,0.,0.));
#6543=DIRECTION('ref_axis',(0.,1.,3.55271367880051E-15));
#6544=DIRECTION('center_axis',(0.,-0.0871557428366414,0.996194698083961));
#6545=DIRECTION('ref_axis',(1.,0.,0.));
#6546=DIRECTION('',(0.,0.996194698083961,0.0871557428366414));
#6547=DIRECTION('',(1.,0.,0.));
#6548=DIRECTION('',(0.,-0.996194698083961,-0.0871557428366414));
#6549=DIRECTION('center_axis',(1.,0.,0.));
#6550=DIRECTION('ref_axis',(0.,-0.0871557427476485,0.996194698091746));
#6551=DIRECTION('center_axis',(-1.,0.,0.));
#6552=DIRECTION('ref_axis',(0.,-0.0871557427476485,0.996194698091746));
#6553=DIRECTION('',(1.,0.,0.));
#6554=DIRECTION('center_axis',(1.,0.,0.));
#6555=DIRECTION('ref_axis',(0.,-0.0871557427476485,0.996194698091746));
#6556=DIRECTION('center_axis',(1.,0.,0.));
#6557=DIRECTION('ref_axis',(0.,0.860662490600268,-0.509175880490959));
#6558=DIRECTION('center_axis',(1.,0.,0.));
#6559=DIRECTION('ref_axis',(0.,0.860662490600268,-0.509175880490959));
#6560=DIRECTION('',(1.,0.,0.));
#6561=DIRECTION('center_axis',(-1.,0.,0.));
#6562=DIRECTION('ref_axis',(0.,0.860662490600268,-0.509175880490959));
#6563=DIRECTION('center_axis',(1.,0.,0.));
#6564=DIRECTION('ref_axis',(0.,-0.379310344828246,0.925269507930677));
#6565=DIRECTION('center_axis',(-1.,0.,0.));
#6566=DIRECTION('ref_axis',(0.,-0.379310344828246,0.925269507930677));
#6567=DIRECTION('',(1.,0.,0.));
#6568=DIRECTION('center_axis',(1.,0.,0.));
#6569=DIRECTION('ref_axis',(0.,-0.379310344828246,0.925269507930677));
#6570=DIRECTION('center_axis',(0.,-1.,0.));
#6571=DIRECTION('ref_axis',(1.,0.,0.));
#6572=DIRECTION('',(0.,0.,-1.));
#6573=DIRECTION('',(0.,0.,1.));
#6574=DIRECTION('center_axis',(0.,0.,-1.));
#6575=DIRECTION('ref_axis',(-1.,-1.75731011773511E-19,0.));
#6576=DIRECTION('center_axis',(0.,0.,-1.));
#6577=DIRECTION('ref_axis',(-1.,-1.75731011773511E-19,0.));
#6578=DIRECTION('',(0.,0.,-1.));
#6579=DIRECTION('center_axis',(0.,-0.707106781186548,0.707106781186548));
#6580=DIRECTION('ref_axis',(1.,0.,0.));
#6581=DIRECTION('',(0.,0.707106781186548,0.707106781186548));
#6582=DIRECTION('',(1.,0.,0.));
#6583=DIRECTION('',(0.,0.707106781186548,0.707106781186548));
#6584=DIRECTION('center_axis',(-1.,0.,0.));
#6585=DIRECTION('ref_axis',(0.,1.,0.));
#6586=DIRECTION('',(0.,1.,0.));
#6587=DIRECTION('',(0.,0.707106781186547,-0.707106781186548));
#6588=DIRECTION('center_axis',(0.,0.707106781186548,0.707106781186547));
#6589=DIRECTION('ref_axis',(1.,0.,0.));
#6590=DIRECTION('',(0.,0.707106781186547,-0.707106781186548));
#6591=DIRECTION('',(1.,0.,0.));
#6592=DIRECTION('center_axis',(-1.,0.,0.));
#6593=DIRECTION('ref_axis',(0.,1.,0.));
#6594=DIRECTION('',(0.,1.,0.));
#6595=DIRECTION('center_axis',(0.,0.,1.));
#6596=DIRECTION('ref_axis',(-1.,-1.75731011773511E-19,0.));
#6597=DIRECTION('',(0.707106781186547,8.67198662136391E-17,0.707106781186548));
#6598=DIRECTION('center_axis',(0.,0.,-1.));
#6599=DIRECTION('ref_axis',(1.,0.,0.));
#6600=DIRECTION('center_axis',(0.,0.,1.));
#6601=DIRECTION('ref_axis',(1.,0.,0.));
#6602=DIRECTION('center_axis',(0.,0.,-1.));
#6603=DIRECTION('ref_axis',(1.,0.,0.));
#6604=DIRECTION('center_axis',(0.,0.,1.));
#6605=DIRECTION('ref_axis',(-1.,-1.75731011773511E-19,0.));
#6606=DIRECTION('center_axis',(0.,0.,-1.));
#6607=DIRECTION('ref_axis',(-1.,-1.75731011773511E-19,0.));
#6608=DIRECTION('',(0.707106781186547,8.67198662136391E-17,0.707106781186548));
#6609=DIRECTION('center_axis',(0.,0.,-1.));
#6610=DIRECTION('ref_axis',(-1.,-1.75731011773511E-19,0.));
#6611=DIRECTION('',(0.,0.,-1.));
#6612=DIRECTION('center_axis',(0.,0.,-1.));
#6613=DIRECTION('ref_axis',(-1.,-1.75731011773511E-19,0.));
#6614=DIRECTION('center_axis',(0.,0.,-1.));
#6615=DIRECTION('ref_axis',(-1.,-1.75731011773511E-19,0.));
#6616=DIRECTION('',(0.707106781186547,-8.64713450334595E-17,-0.707106781186548));
#6617=DIRECTION('center_axis',(0.,0.,-1.));
#6618=DIRECTION('ref_axis',(1.,0.,0.));
#6619=DIRECTION('center_axis',(0.,0.,-1.));
#6620=DIRECTION('ref_axis',(1.,0.,0.));
#6621=DIRECTION('center_axis',(0.,0.,-1.));
#6622=DIRECTION('ref_axis',(1.,0.,0.));
#6623=DIRECTION('center_axis',(0.,0.,-1.));
#6624=DIRECTION('ref_axis',(1.,0.,0.));
#6625=DIRECTION('',(0.,0.,-1.));
#6626=DIRECTION('center_axis',(0.,0.,-1.));
#6627=DIRECTION('ref_axis',(1.,0.,0.));
#6628=DIRECTION('center_axis',(0.,0.,1.));
#6629=DIRECTION('ref_axis',(1.,0.,0.));
#6630=DIRECTION('',(-0.894427190999916,-1.09535739652841E-16,0.447213595499958));
#6631=DIRECTION('center_axis',(-1.,0.,0.));
#6632=DIRECTION('ref_axis',(0.,1.,0.));
#6633=DIRECTION('',(0.,0.,-1.));
#6634=DIRECTION('',(0.,-1.,0.));
#6635=DIRECTION('',(0.,0.,-1.));
#6636=DIRECTION('',(0.,1.,0.));
#6637=DIRECTION('',(0.,0.,1.));
#6638=DIRECTION('',(0.,1.,0.));
#6639=DIRECTION('',(0.,0.,-1.));
#6640=DIRECTION('',(0.,1.,0.));
#6641=DIRECTION('',(0.,0.,-1.));
#6642=DIRECTION('',(0.,1.,0.));
#6643=DIRECTION('',(0.,0.,-1.));
#6644=DIRECTION('',(0.,1.,0.));
#6645=DIRECTION('center_axis',(0.,-1.,0.));
#6646=DIRECTION('ref_axis',(1.,0.,0.));
#6647=DIRECTION('',(1.,0.,0.));
#6648=DIRECTION('',(-1.,0.,0.));
#6649=DIRECTION('center_axis',(0.,1.,0.));
#6650=DIRECTION('ref_axis',(0.,0.,-1.));
#6651=DIRECTION('center_axis',(0.,0.,-1.));
#6652=DIRECTION('ref_axis',(1.,0.,0.));
#6653=DIRECTION('center_axis',(0.,0.,1.));
#6654=DIRECTION('ref_axis',(0.,1.,0.));
#6655=DIRECTION('',(1.,0.,0.));
#6656=DIRECTION('center_axis',(0.,-1.,0.));
#6657=DIRECTION('ref_axis',(1.,0.,0.));
#6658=DIRECTION('center_axis',(0.,1.,0.));
#6659=DIRECTION('ref_axis',(0.,0.,-1.));
#6660=DIRECTION('',(-1.,0.,0.));
#6661=DIRECTION('center_axis',(0.,0.,1.));
#6662=DIRECTION('ref_axis',(1.,0.,0.));
#6663=DIRECTION('center_axis',(0.,0.,-1.));
#6664=DIRECTION('ref_axis',(0.,-1.,0.));
#6665=DIRECTION('',(-1.,0.,0.));
#6666=DIRECTION('center_axis',(0.,-1.,0.));
#6667=DIRECTION('ref_axis',(1.,0.,0.));
#6668=DIRECTION('center_axis',(0.,1.,0.));
#6669=DIRECTION('ref_axis',(0.,0.,-1.));
#6670=DIRECTION('',(1.,0.,0.));
#6671=DIRECTION('center_axis',(0.,0.,1.));
#6672=DIRECTION('ref_axis',(1.,0.,0.));
#6673=DIRECTION('center_axis',(0.,0.,-1.));
#6674=DIRECTION('ref_axis',(0.,-1.,0.));
#6675=DIRECTION('',(-1.,0.,0.));
#6676=DIRECTION('center_axis',(0.,1.,0.));
#6677=DIRECTION('ref_axis',(1.,0.,0.));
#6678=DIRECTION('',(1.,0.,0.));
#6679=DIRECTION('center_axis',(0.,-1.,0.));
#6680=DIRECTION('ref_axis',(0.,0.,1.));
#6681=DIRECTION('center_axis',(0.,0.,1.));
#6682=DIRECTION('ref_axis',(1.,0.,0.));
#6683=DIRECTION('center_axis',(0.,0.,-1.));
#6684=DIRECTION('ref_axis',(0.,-1.,0.));
#6685=DIRECTION('',(1.,0.,0.));
#6686=DIRECTION('center_axis',(0.,-1.,0.));
#6687=DIRECTION('ref_axis',(1.,0.,0.));
#6688=DIRECTION('center_axis',(0.,-1.,0.));
#6689=DIRECTION('ref_axis',(0.,0.,1.));
#6690=DIRECTION('',(-1.,0.,0.));
#6691=DIRECTION('center_axis',(0.,0.,-1.));
#6692=DIRECTION('ref_axis',(1.,0.,0.));
#6693=DIRECTION('center_axis',(0.,0.,1.));
#6694=DIRECTION('ref_axis',(0.,1.,0.));
#6695=DIRECTION('',(-1.,0.,0.));
#6696=DIRECTION('center_axis',(0.,1.,0.));
#6697=DIRECTION('ref_axis',(1.,0.,0.));
#6698=DIRECTION('center_axis',(0.,-1.,0.));
#6699=DIRECTION('ref_axis',(0.,0.,1.));
#6700=DIRECTION('',(1.,0.,0.));
#6701=DIRECTION('center_axis',(0.,0.,1.));
#6702=DIRECTION('ref_axis',(1.,0.,0.));
#6703=DIRECTION('center_axis',(0.,0.,1.));
#6704=DIRECTION('ref_axis',(0.,1.,0.));
#6705=DIRECTION('center_axis',(0.,0.,1.));
#6706=DIRECTION('ref_axis',(-0.999996669166096,-0.00258101854171065,0.));
#6707=DIRECTION('center_axis',(1.,0.,0.));
#6708=DIRECTION('ref_axis',(0.,3.71499006786733E-14,1.));
#6709=DIRECTION('center_axis',(1.,0.,0.));
#6710=DIRECTION('ref_axis',(0.,1.,0.));
#6711=DIRECTION('center_axis',(1.,0.,0.));
#6712=DIRECTION('ref_axis',(0.,3.71499006786733E-14,1.));
#6713=DIRECTION('center_axis',(1.,0.,0.));
#6714=DIRECTION('ref_axis',(0.,3.71499006786733E-14,1.));
#6715=DIRECTION('',(-0.996194698091746,3.22715368651317E-15,0.087155742747658));
#6716=DIRECTION('center_axis',(-1.,0.,0.));
#6717=DIRECTION('ref_axis',(0.,1.,0.));
#6718=DIRECTION('',(0.,0.,-1.));
#6719=DIRECTION('',(0.,-1.,0.));
#6720=DIRECTION('',(0.,0.,-1.));
#6721=DIRECTION('',(0.,1.,0.));
#6722=DIRECTION('',(0.,0.,1.));
#6723=DIRECTION('',(0.,1.,0.));
#6724=DIRECTION('',(0.,0.,-1.));
#6725=DIRECTION('',(0.,1.,0.));
#6726=DIRECTION('',(0.,0.,-1.));
#6727=DIRECTION('',(0.,1.,0.));
#6728=DIRECTION('',(0.,0.,-1.));
#6729=DIRECTION('',(0.,1.,0.));
#6730=DIRECTION('center_axis',(0.,-1.,0.));
#6731=DIRECTION('ref_axis',(1.,0.,0.));
#6732=DIRECTION('',(1.,0.,0.));
#6733=DIRECTION('',(-1.,0.,0.));
#6734=DIRECTION('center_axis',(0.,1.,0.));
#6735=DIRECTION('ref_axis',(0.,0.,-1.));
#6736=DIRECTION('center_axis',(0.,0.,-1.));
#6737=DIRECTION('ref_axis',(1.,0.,0.));
#6738=DIRECTION('center_axis',(0.,0.,1.));
#6739=DIRECTION('ref_axis',(0.,1.,0.));
#6740=DIRECTION('',(1.,0.,0.));
#6741=DIRECTION('center_axis',(0.,-1.,0.));
#6742=DIRECTION('ref_axis',(1.,0.,0.));
#6743=DIRECTION('center_axis',(0.,1.,0.));
#6744=DIRECTION('ref_axis',(0.,0.,-1.));
#6745=DIRECTION('',(-1.,0.,0.));
#6746=DIRECTION('center_axis',(0.,0.,1.));
#6747=DIRECTION('ref_axis',(1.,0.,0.));
#6748=DIRECTION('center_axis',(0.,0.,-1.));
#6749=DIRECTION('ref_axis',(0.,-1.,0.));
#6750=DIRECTION('',(-1.,0.,0.));
#6751=DIRECTION('center_axis',(0.,-1.,0.));
#6752=DIRECTION('ref_axis',(1.,0.,0.));
#6753=DIRECTION('center_axis',(0.,1.,0.));
#6754=DIRECTION('ref_axis',(0.,0.,-1.));
#6755=DIRECTION('',(1.,0.,0.));
#6756=DIRECTION('center_axis',(0.,0.,1.));
#6757=DIRECTION('ref_axis',(1.,0.,0.));
#6758=DIRECTION('center_axis',(0.,0.,-1.));
#6759=DIRECTION('ref_axis',(0.,-1.,0.));
#6760=DIRECTION('',(-1.,0.,0.));
#6761=DIRECTION('center_axis',(0.,1.,0.));
#6762=DIRECTION('ref_axis',(1.,0.,0.));
#6763=DIRECTION('',(1.,0.,0.));
#6764=DIRECTION('center_axis',(0.,-1.,0.));
#6765=DIRECTION('ref_axis',(0.,0.,1.));
#6766=DIRECTION('center_axis',(0.,0.,1.));
#6767=DIRECTION('ref_axis',(1.,0.,0.));
#6768=DIRECTION('center_axis',(0.,0.,-1.));
#6769=DIRECTION('ref_axis',(0.,-1.,0.));
#6770=DIRECTION('',(1.,0.,0.));
#6771=DIRECTION('center_axis',(0.,-1.,0.));
#6772=DIRECTION('ref_axis',(1.,0.,0.));
#6773=DIRECTION('center_axis',(0.,-1.,0.));
#6774=DIRECTION('ref_axis',(0.,0.,1.));
#6775=DIRECTION('',(-1.,0.,0.));
#6776=DIRECTION('center_axis',(0.,0.,-1.));
#6777=DIRECTION('ref_axis',(1.,0.,0.));
#6778=DIRECTION('center_axis',(0.,0.,1.));
#6779=DIRECTION('ref_axis',(0.,1.,0.));
#6780=DIRECTION('',(-1.,0.,0.));
#6781=DIRECTION('center_axis',(0.,1.,0.));
#6782=DIRECTION('ref_axis',(1.,0.,0.));
#6783=DIRECTION('center_axis',(0.,-1.,0.));
#6784=DIRECTION('ref_axis',(0.,0.,1.));
#6785=DIRECTION('',(1.,0.,0.));
#6786=DIRECTION('center_axis',(0.,0.,1.));
#6787=DIRECTION('ref_axis',(1.,0.,0.));
#6788=DIRECTION('center_axis',(0.,0.,1.));
#6789=DIRECTION('ref_axis',(0.,1.,0.));
#6790=DIRECTION('center_axis',(0.,0.,1.));
#6791=DIRECTION('ref_axis',(-0.999996669166097,-0.00258101854170349,0.));
#6792=DIRECTION('center_axis',(1.,0.,0.));
#6793=DIRECTION('ref_axis',(0.,3.71499006786733E-14,1.));
#6794=DIRECTION('center_axis',(1.,0.,0.));
#6795=DIRECTION('ref_axis',(0.,1.,0.));
#6796=DIRECTION('center_axis',(1.,0.,0.));
#6797=DIRECTION('ref_axis',(0.,3.71499006786733E-14,1.));
#6798=DIRECTION('center_axis',(1.,0.,0.));
#6799=DIRECTION('ref_axis',(0.,3.71499006786733E-14,1.));
#6800=DIRECTION('',(-0.996194698091746,3.22715368651317E-15,0.087155742747658));
#6801=DIRECTION('center_axis',(1.,0.,0.));
#6802=DIRECTION('ref_axis',(0.,1.,0.));
#6803=DIRECTION('',(0.,0.,-1.));
#6804=DIRECTION('',(0.,1.,0.));
#6805=DIRECTION('',(0.,0.,-1.));
#6806=DIRECTION('',(0.,-1.,0.));
#6807=DIRECTION('',(0.,0.,1.));
#6808=DIRECTION('',(0.,-1.,0.));
#6809=DIRECTION('',(0.,0.,-1.));
#6810=DIRECTION('',(0.,-1.,0.));
#6811=DIRECTION('',(0.,0.,-1.));
#6812=DIRECTION('',(0.,-1.,0.));
#6813=DIRECTION('',(0.,0.,-1.));
#6814=DIRECTION('',(0.,-1.,0.));
#6815=DIRECTION('center_axis',(0.,1.,0.));
#6816=DIRECTION('ref_axis',(1.,0.,0.));
#6817=DIRECTION('',(-1.,0.,0.));
#6818=DIRECTION('',(1.,0.,0.));
#6819=DIRECTION('center_axis',(0.,-1.,0.));
#6820=DIRECTION('ref_axis',(0.,0.,1.));
#6821=DIRECTION('center_axis',(0.,0.,-1.));
#6822=DIRECTION('ref_axis',(1.,0.,0.));
#6823=DIRECTION('center_axis',(0.,0.,1.));
#6824=DIRECTION('ref_axis',(0.,1.,0.));
#6825=DIRECTION('',(-1.,0.,0.));
#6826=DIRECTION('center_axis',(0.,1.,0.));
#6827=DIRECTION('ref_axis',(1.,0.,0.));
#6828=DIRECTION('center_axis',(0.,-1.,0.));
#6829=DIRECTION('ref_axis',(0.,0.,1.));
#6830=DIRECTION('',(1.,0.,0.));
#6831=DIRECTION('center_axis',(0.,0.,1.));
#6832=DIRECTION('ref_axis',(1.,0.,0.));
#6833=DIRECTION('center_axis',(0.,0.,-1.));
#6834=DIRECTION('ref_axis',(0.,-1.,0.));
#6835=DIRECTION('',(1.,0.,0.));
#6836=DIRECTION('center_axis',(0.,1.,0.));
#6837=DIRECTION('ref_axis',(1.,0.,0.));
#6838=DIRECTION('center_axis',(0.,-1.,0.));
#6839=DIRECTION('ref_axis',(0.,0.,1.));
#6840=DIRECTION('',(-1.,0.,0.));
#6841=DIRECTION('center_axis',(0.,0.,1.));
#6842=DIRECTION('ref_axis',(1.,0.,0.));
#6843=DIRECTION('center_axis',(0.,0.,-1.));
#6844=DIRECTION('ref_axis',(0.,-1.,0.));
#6845=DIRECTION('',(1.,0.,0.));
#6846=DIRECTION('center_axis',(0.,-1.,0.));
#6847=DIRECTION('ref_axis',(1.,0.,0.));
#6848=DIRECTION('',(-1.,0.,0.));
#6849=DIRECTION('center_axis',(0.,1.,0.));
#6850=DIRECTION('ref_axis',(0.,0.,-1.));
#6851=DIRECTION('center_axis',(0.,0.,1.));
#6852=DIRECTION('ref_axis',(1.,0.,0.));
#6853=DIRECTION('center_axis',(0.,0.,-1.));
#6854=DIRECTION('ref_axis',(0.,-1.,0.));
#6855=DIRECTION('',(-1.,0.,0.));
#6856=DIRECTION('center_axis',(0.,1.,0.));
#6857=DIRECTION('ref_axis',(1.,0.,0.));
#6858=DIRECTION('center_axis',(0.,1.,0.));
#6859=DIRECTION('ref_axis',(0.,0.,-1.));
#6860=DIRECTION('',(1.,0.,0.));
#6861=DIRECTION('center_axis',(0.,0.,-1.));
#6862=DIRECTION('ref_axis',(1.,0.,0.));
#6863=DIRECTION('center_axis',(0.,0.,1.));
#6864=DIRECTION('ref_axis',(0.,1.,0.));
#6865=DIRECTION('',(1.,0.,0.));
#6866=DIRECTION('center_axis',(0.,-1.,0.));
#6867=DIRECTION('ref_axis',(1.,0.,0.));
#6868=DIRECTION('center_axis',(0.,1.,0.));
#6869=DIRECTION('ref_axis',(0.,0.,-1.));
#6870=DIRECTION('',(-1.,0.,0.));
#6871=DIRECTION('center_axis',(0.,0.,1.));
#6872=DIRECTION('ref_axis',(1.,0.,0.));
#6873=DIRECTION('center_axis',(0.,0.,1.));
#6874=DIRECTION('ref_axis',(0.,1.,0.));
#6875=DIRECTION('center_axis',(0.,0.,1.));
#6876=DIRECTION('ref_axis',(1.,0.,0.));
#6877=DIRECTION('center_axis',(-1.,0.,0.));
#6878=DIRECTION('ref_axis',(0.,-3.71499006786733E-14,1.));
#6879=DIRECTION('center_axis',(-1.,0.,0.));
#6880=DIRECTION('ref_axis',(0.,1.,0.));
#6881=DIRECTION('center_axis',(-1.,0.,0.));
#6882=DIRECTION('ref_axis',(0.,-3.71499006786733E-14,1.));
#6883=DIRECTION('center_axis',(-1.,0.,0.));
#6884=DIRECTION('ref_axis',(0.,-3.71499006786733E-14,1.));
#6885=DIRECTION('',(0.996194698091746,-3.22715368651317E-15,0.087155742747658));
#6886=DIRECTION('center_axis',(-1.,0.,0.));
#6887=DIRECTION('ref_axis',(0.,1.,0.));
#6888=DIRECTION('',(0.,0.,1.));
#6889=DIRECTION('center_axis',(-1.,0.,0.));
#6890=DIRECTION('ref_axis',(0.,-0.379310344828246,0.925269507930677));
#6891=DIRECTION('center_axis',(1.,0.,0.));
#6892=DIRECTION('ref_axis',(0.,0.860662490600268,-0.509175880490959));
#6893=DIRECTION('center_axis',(-1.,0.,0.));
#6894=DIRECTION('ref_axis',(0.,-0.0871557427476485,0.996194698091746));
#6895=DIRECTION('',(0.,0.996194698083961,0.0871557428366414));
#6896=DIRECTION('center_axis',(1.,0.,0.));
#6897=DIRECTION('ref_axis',(0.,1.,3.55271367880051E-15));
#6898=DIRECTION('',(0.,0.,1.));
#6899=DIRECTION('center_axis',(1.,0.,0.));
#6900=DIRECTION('ref_axis',(0.,0.0871557427476585,0.996194698091746));
#6901=DIRECTION('',(0.,-0.996194698093136,0.08715574273176));
#6902=DIRECTION('center_axis',(-1.,0.,0.));
#6903=DIRECTION('ref_axis',(0.,-0.846215424453432,-0.532840928811872));
#6904=DIRECTION('center_axis',(1.,0.,0.));
#6905=DIRECTION('ref_axis',(0.,0.379310344828251,0.925269507930675));
#6906=DIRECTION('center_axis',(-1.,0.,0.));
#6907=DIRECTION('ref_axis',(0.,-1.,-3.55271367880048E-15));
#6908=DIRECTION('',(0.,0.,1.));
#6909=DIRECTION('',(0.,0.707106781186548,0.707106781186548));
#6910=DIRECTION('',(0.,1.,0.));
#6911=DIRECTION('',(0.,0.707106781186548,-0.707106781186548));
#6912=DIRECTION('',(0.,0.,-1.));
#6913=DIRECTION('center_axis',(-1.,0.,0.));
#6914=DIRECTION('ref_axis',(0.,0.379310344828246,-0.925269507930677));
#6915=DIRECTION('center_axis',(1.,0.,0.));
#6916=DIRECTION('ref_axis',(0.,-0.846215424453429,0.532840928811877));
#6917=DIRECTION('center_axis',(-1.,0.,0.));
#6918=DIRECTION('ref_axis',(0.,0.0871557427476736,-0.996194698091744));
#6919=DIRECTION('',(0.,-0.996194698093136,-0.0871557427317597));
#6920=DIRECTION('center_axis',(1.,0.,0.));
#6921=DIRECTION('ref_axis',(0.,-1.,3.55271367880049E-15));
#6922=DIRECTION('',(0.,0.,-1.));
#6923=DIRECTION('center_axis',(1.,0.,0.));
#6924=DIRECTION('ref_axis',(0.,-0.0871557427476617,-0.996194698091745));
#6925=DIRECTION('',(0.,0.996194698083961,-0.0871557428366416));
#6926=DIRECTION('center_axis',(-1.,0.,0.));
#6927=DIRECTION('ref_axis',(0.,0.860662490600269,0.509175880490958));
#6928=DIRECTION('center_axis',(1.,0.,0.));
#6929=DIRECTION('ref_axis',(0.,-0.379310344828247,-0.925269507930677));
#6930=DIRECTION('center_axis',(-1.,0.,0.));
#6931=DIRECTION('ref_axis',(0.,1.,0.));
#6932=DIRECTION('',(0.,0.,-1.));
#6933=DIRECTION('',(0.,-1.,0.));
#6934=DIRECTION('',(0.,-0.707106781186548,-0.707106781186548));
#6935=DIRECTION('',(0.,0.,-1.));
#6936=DIRECTION('',(0.,0.707106781186548,-0.707106781186548));
#6937=DIRECTION('',(0.,1.,0.));
#6938=DIRECTION('',(0.,0.707106781186548,0.707106781186548));
#6939=DIRECTION('',(0.,0.,1.));
#6940=DIRECTION('',(0.,-0.707106781186548,0.707106781186548));
#6941=DIRECTION('',(0.,-1.,0.));
#6942=DIRECTION('center_axis',(1.,0.,0.));
#6943=DIRECTION('ref_axis',(0.,1.,0.));
#6944=DIRECTION('center_axis',(1.,0.,0.));
#6945=DIRECTION('ref_axis',(0.,0.,1.));
#6946=DIRECTION('center_axis',(1.,0.,0.));
#6947=DIRECTION('ref_axis',(0.,-0.379310344828246,0.925269507930677));
#6948=DIRECTION('',(1.,0.,0.));
#6949=DIRECTION('center_axis',(1.,0.,0.));
#6950=DIRECTION('ref_axis',(0.,-0.379310344828246,0.925269507930677));
#6951=DIRECTION('',(1.,0.,0.));
#6952=DIRECTION('center_axis',(1.,0.,0.));
#6953=DIRECTION('ref_axis',(0.,0.860662490600268,-0.509175880490959));
#6954=DIRECTION('center_axis',(-1.,0.,0.));
#6955=DIRECTION('ref_axis',(0.,0.860662490600268,-0.509175880490959));
#6956=DIRECTION('',(1.,0.,0.));
#6957=DIRECTION('center_axis',(1.,0.,0.));
#6958=DIRECTION('ref_axis',(0.,-0.0871557427476485,0.996194698091746));
#6959=DIRECTION('center_axis',(1.,0.,0.));
#6960=DIRECTION('ref_axis',(0.,-0.0871557427476485,0.996194698091746));
#6961=DIRECTION('',(1.,0.,0.));
#6962=DIRECTION('center_axis',(0.,-0.0871557428366414,0.996194698083961));
#6963=DIRECTION('ref_axis',(1.,0.,0.));
#6964=DIRECTION('',(0.,-0.996194698083961,-0.0871557428366414));
#6965=DIRECTION('',(1.,0.,0.));
#6966=DIRECTION('center_axis',(1.,0.,0.));
#6967=DIRECTION('ref_axis',(0.,1.,3.55271367880051E-15));
#6968=DIRECTION('center_axis',(-1.,0.,0.));
#6969=DIRECTION('ref_axis',(0.,1.,3.55271367880051E-15));
#6970=DIRECTION('',(1.,0.,0.));
#6971=DIRECTION('center_axis',(0.,-1.,0.));
#6972=DIRECTION('ref_axis',(1.,0.,0.));
#6973=DIRECTION('',(0.,0.,-1.));
#6974=DIRECTION('',(1.,0.,0.));
#6975=DIRECTION('center_axis',(1.,0.,0.));
#6976=DIRECTION('ref_axis',(0.,0.0871557427476585,0.996194698091746));
#6977=DIRECTION('center_axis',(-1.,0.,0.));
#6978=DIRECTION('ref_axis',(0.,0.0871557427476585,0.996194698091746));
#6979=DIRECTION('',(1.,0.,0.));
#6980=DIRECTION('center_axis',(0.,-0.0871557427317599,-0.996194698093136));
#6981=DIRECTION('ref_axis',(1.,0.,0.));
#6982=DIRECTION('',(0.,0.996194698093136,-0.08715574273176));
#6983=DIRECTION('',(1.,0.,0.));
#6984=DIRECTION('center_axis',(1.,0.,0.));
#6985=DIRECTION('ref_axis',(0.,-0.846215424453432,-0.532840928811872));
#6986=DIRECTION('center_axis',(1.,0.,0.));
#6987=DIRECTION('ref_axis',(0.,-0.846215424453432,-0.532840928811872));
#6988=DIRECTION('',(1.,0.,0.));
#6989=DIRECTION('center_axis',(1.,0.,0.));
#6990=DIRECTION('ref_axis',(0.,0.379310344828251,0.925269507930675));
#6991=DIRECTION('center_axis',(-1.,0.,0.));
#6992=DIRECTION('ref_axis',(0.,0.379310344828251,0.925269507930675));
#6993=DIRECTION('',(1.,0.,0.));
#6994=DIRECTION('center_axis',(1.,0.,0.));
#6995=DIRECTION('ref_axis',(0.,-1.,-3.55271367880048E-15));
#6996=DIRECTION('center_axis',(1.,0.,0.));
#6997=DIRECTION('ref_axis',(0.,-1.,-3.55271367880048E-15));
#6998=DIRECTION('',(1.,0.,0.));
#6999=DIRECTION('center_axis',(0.,-1.,0.));
#7000=DIRECTION('ref_axis',(1.,0.,0.));
#7001=DIRECTION('',(0.,0.,-1.));
#7002=DIRECTION('',(1.,0.,0.));
#7003=DIRECTION('center_axis',(0.,-0.707106781186548,0.707106781186548));
#7004=DIRECTION('ref_axis',(1.,0.,0.));
#7005=DIRECTION('',(0.,-0.707106781186548,-0.707106781186548));
#7006=DIRECTION('',(1.,0.,0.));
#7007=DIRECTION('center_axis',(0.,0.,1.));
#7008=DIRECTION('ref_axis',(1.,0.,0.));
#7009=DIRECTION('',(0.,-1.,0.));
#7010=DIRECTION('',(1.,0.,0.));
#7011=DIRECTION('center_axis',(0.,0.707106781186548,0.707106781186548));
#7012=DIRECTION('ref_axis',(1.,0.,0.));
#7013=DIRECTION('',(0.,-0.707106781186548,0.707106781186548));
#7014=DIRECTION('',(1.,0.,0.));
#7015=DIRECTION('center_axis',(0.,1.,0.));
#7016=DIRECTION('ref_axis',(1.,0.,0.));
#7017=DIRECTION('',(0.,0.,1.));
#7018=DIRECTION('',(1.,0.,0.));
#7019=DIRECTION('center_axis',(1.,0.,0.));
#7020=DIRECTION('ref_axis',(0.,0.379310344828246,-0.925269507930677));
#7021=DIRECTION('center_axis',(1.,0.,0.));
#7022=DIRECTION('ref_axis',(0.,0.379310344828246,-0.925269507930677));
#7023=DIRECTION('',(1.,0.,0.));
#7024=DIRECTION('center_axis',(1.,0.,0.));
#7025=DIRECTION('ref_axis',(0.,-0.846215424453429,0.532840928811877));
#7026=DIRECTION('center_axis',(-1.,0.,0.));
#7027=DIRECTION('ref_axis',(0.,-0.846215424453429,0.532840928811877));
#7028=DIRECTION('',(1.,0.,0.));
#7029=DIRECTION('center_axis',(1.,0.,0.));
#7030=DIRECTION('ref_axis',(0.,0.0871557427476736,-0.996194698091744));
#7031=DIRECTION('center_axis',(1.,0.,0.));
#7032=DIRECTION('ref_axis',(0.,0.0871557427476736,-0.996194698091744));
#7033=DIRECTION('',(1.,0.,0.));
#7034=DIRECTION('center_axis',(0.,0.0871557427317597,-0.996194698093136));
#7035=DIRECTION('ref_axis',(1.,0.,0.));
#7036=DIRECTION('',(0.,0.996194698093136,0.0871557427317597));
#7037=DIRECTION('',(1.,0.,0.));
#7038=DIRECTION('center_axis',(1.,0.,0.));
#7039=DIRECTION('ref_axis',(0.,-1.,3.55271367880049E-15));
#7040=DIRECTION('center_axis',(-1.,0.,0.));
#7041=DIRECTION('ref_axis',(0.,-1.,3.55271367880049E-15));
#7042=DIRECTION('',(1.,0.,0.));
#7043=DIRECTION('center_axis',(0.,1.,0.));
#7044=DIRECTION('ref_axis',(1.,0.,0.));
#7045=DIRECTION('',(0.,0.,1.));
#7046=DIRECTION('',(1.,0.,0.));
#7047=DIRECTION('center_axis',(1.,0.,0.));
#7048=DIRECTION('ref_axis',(0.,-0.0871557427476617,-0.996194698091745));
#7049=DIRECTION('center_axis',(-1.,0.,0.));
#7050=DIRECTION('ref_axis',(0.,-0.0871557427476617,-0.996194698091745));
#7051=DIRECTION('',(1.,0.,0.));
#7052=DIRECTION('center_axis',(0.,0.0871557428366416,0.996194698083961));
#7053=DIRECTION('ref_axis',(1.,0.,0.));
#7054=DIRECTION('',(0.,-0.996194698083961,0.0871557428366416));
#7055=DIRECTION('',(1.,0.,0.));
#7056=DIRECTION('center_axis',(1.,0.,0.));
#7057=DIRECTION('ref_axis',(0.,0.860662490600269,0.509175880490958));
#7058=DIRECTION('center_axis',(1.,0.,0.));
#7059=DIRECTION('ref_axis',(0.,0.860662490600269,0.509175880490958));
#7060=DIRECTION('',(1.,0.,0.));
#7061=DIRECTION('center_axis',(1.,0.,0.));
#7062=DIRECTION('ref_axis',(0.,-0.379310344828247,-0.925269507930677));
#7063=DIRECTION('center_axis',(-1.,0.,0.));
#7064=DIRECTION('ref_axis',(0.,-0.379310344828247,-0.925269507930677));
#7065=DIRECTION('',(1.,0.,0.));
#7066=DIRECTION('center_axis',(1.,0.,0.));
#7067=DIRECTION('ref_axis',(0.,1.,0.));
#7068=DIRECTION('center_axis',(1.,0.,0.));
#7069=DIRECTION('ref_axis',(0.,1.,0.));
#7070=DIRECTION('',(1.,0.,0.));
#7071=DIRECTION('center_axis',(0.,1.,0.));
#7072=DIRECTION('ref_axis',(1.,0.,0.));
#7073=DIRECTION('',(-1.,0.,0.));
#7074=DIRECTION('',(0.,0.,1.));
#7075=DIRECTION('center_axis',(0.,0.,-1.));
#7076=DIRECTION('ref_axis',(1.,0.,0.));
#7077=DIRECTION('',(0.,-1.,0.));
#7078=DIRECTION('',(1.,0.,0.));
#7079=DIRECTION('center_axis',(0.,0.707106781186548,-0.707106781186548));
#7080=DIRECTION('ref_axis',(1.,0.,0.));
#7081=DIRECTION('',(0.,-0.707106781186548,-0.707106781186548));
#7082=DIRECTION('',(1.,0.,0.));
#7083=DIRECTION('center_axis',(0.,1.,0.));
#7084=DIRECTION('ref_axis',(1.,0.,0.));
#7085=DIRECTION('',(0.,0.,-1.));
#7086=DIRECTION('',(1.,0.,0.));
#7087=DIRECTION('center_axis',(0.,0.707106781186548,0.707106781186548));
#7088=DIRECTION('ref_axis',(1.,0.,0.));
#7089=DIRECTION('',(0.,0.707106781186548,-0.707106781186548));
#7090=DIRECTION('',(1.,0.,0.));
#7091=DIRECTION('center_axis',(0.,0.,1.));
#7092=DIRECTION('ref_axis',(1.,0.,0.));
#7093=DIRECTION('',(0.,1.,0.));
#7094=DIRECTION('',(1.,0.,0.));
#7095=DIRECTION('center_axis',(0.,-0.707106781186548,0.707106781186548));
#7096=DIRECTION('ref_axis',(1.,0.,0.));
#7097=DIRECTION('',(0.,0.707106781186548,0.707106781186548));
#7098=DIRECTION('',(1.,0.,0.));
#7099=DIRECTION('center_axis',(0.,-1.,0.));
#7100=DIRECTION('ref_axis',(1.,0.,0.));
#7101=DIRECTION('',(0.,0.,1.));
#7102=DIRECTION('',(1.,0.,0.));
#7103=DIRECTION('center_axis',(0.,-0.707106781186548,-0.707106781186548));
#7104=DIRECTION('ref_axis',(1.,0.,0.));
#7105=DIRECTION('',(0.,-0.707106781186548,0.707106781186548));
#7106=DIRECTION('',(1.,0.,0.));
#7107=DIRECTION('center_axis',(0.,0.,-1.));
#7108=DIRECTION('ref_axis',(1.,0.,0.));
#7109=DIRECTION('',(1.,0.,0.));
#7110=DIRECTION('',(0.,-1.,0.));
#7111=DIRECTION('center_axis',(0.,-1.,0.));
#7112=DIRECTION('ref_axis',(1.,0.,0.));
#7113=DIRECTION('',(0.,0.,-1.));
#7114=DIRECTION('center_axis',(1.,0.,0.));
#7115=DIRECTION('ref_axis',(0.,0.,1.));
#7116=DIRECTION('center_axis',(1.,0.,0.));
#7117=DIRECTION('ref_axis',(0.,0.,1.));
#7118=DIRECTION('',(1.,0.,0.));
#7119=DIRECTION('center_axis',(-1.,0.,0.));
#7120=DIRECTION('ref_axis',(0.,1.,0.));
#7121=DIRECTION('center_axis',(1.,0.,0.));
#7122=DIRECTION('ref_axis',(0.,0.,-1.));
#7123=DIRECTION('center_axis',(1.,0.,0.));
#7124=DIRECTION('ref_axis',(0.,1.,0.));
#7125=DIRECTION('center_axis',(1.,0.,0.));
#7126=DIRECTION('ref_axis',(0.,0.,-1.));
#7127=DIRECTION('center_axis',(1.,0.,0.));
#7128=DIRECTION('ref_axis',(0.,0.,-1.));
#7129=DIRECTION('',(1.,0.,0.));
#7130=DIRECTION('center_axis',(1.,0.,0.));
#7131=DIRECTION('ref_axis',(0.,1.,0.));
#7132=DIRECTION('',(0.,0.,-1.));
#7133=DIRECTION('',(0.,1.,0.));
#7134=DIRECTION('',(0.,0.,-1.));
#7135=DIRECTION('',(0.,-1.,0.));
#7136=DIRECTION('',(0.,0.,1.));
#7137=DIRECTION('',(0.,-1.,0.));
#7138=DIRECTION('',(0.,0.,-1.));
#7139=DIRECTION('',(0.,-1.,0.));
#7140=DIRECTION('',(0.,0.,-1.));
#7141=DIRECTION('',(0.,-1.,0.));
#7142=DIRECTION('',(0.,0.,-1.));
#7143=DIRECTION('',(0.,-1.,0.));
#7144=DIRECTION('center_axis',(0.,1.,0.));
#7145=DIRECTION('ref_axis',(1.,0.,0.));
#7146=DIRECTION('',(-1.,0.,0.));
#7147=DIRECTION('',(1.,0.,0.));
#7148=DIRECTION('center_axis',(0.,-1.,0.));
#7149=DIRECTION('ref_axis',(0.,0.,1.));
#7150=DIRECTION('center_axis',(0.,0.,-1.));
#7151=DIRECTION('ref_axis',(1.,0.,0.));
#7152=DIRECTION('center_axis',(0.,0.,1.));
#7153=DIRECTION('ref_axis',(0.,1.,0.));
#7154=DIRECTION('',(-1.,0.,0.));
#7155=DIRECTION('center_axis',(0.,1.,0.));
#7156=DIRECTION('ref_axis',(1.,0.,0.));
#7157=DIRECTION('center_axis',(0.,-1.,0.));
#7158=DIRECTION('ref_axis',(0.,0.,1.));
#7159=DIRECTION('',(1.,0.,0.));
#7160=DIRECTION('center_axis',(0.,0.,1.));
#7161=DIRECTION('ref_axis',(1.,0.,0.));
#7162=DIRECTION('center_axis',(0.,0.,-1.));
#7163=DIRECTION('ref_axis',(0.,-1.,0.));
#7164=DIRECTION('',(1.,0.,0.));
#7165=DIRECTION('center_axis',(0.,1.,0.));
#7166=DIRECTION('ref_axis',(1.,0.,0.));
#7167=DIRECTION('center_axis',(0.,-1.,0.));
#7168=DIRECTION('ref_axis',(0.,0.,1.));
#7169=DIRECTION('',(-1.,0.,0.));
#7170=DIRECTION('center_axis',(0.,0.,1.));
#7171=DIRECTION('ref_axis',(1.,0.,0.));
#7172=DIRECTION('center_axis',(0.,0.,-1.));
#7173=DIRECTION('ref_axis',(0.,-1.,0.));
#7174=DIRECTION('',(1.,0.,0.));
#7175=DIRECTION('center_axis',(0.,-1.,0.));
#7176=DIRECTION('ref_axis',(1.,0.,0.));
#7177=DIRECTION('',(-1.,0.,0.));
#7178=DIRECTION('center_axis',(0.,1.,0.));
#7179=DIRECTION('ref_axis',(0.,0.,-1.));
#7180=DIRECTION('center_axis',(0.,0.,1.));
#7181=DIRECTION('ref_axis',(1.,0.,0.));
#7182=DIRECTION('center_axis',(0.,0.,-1.));
#7183=DIRECTION('ref_axis',(0.,-1.,0.));
#7184=DIRECTION('',(-1.,0.,0.));
#7185=DIRECTION('center_axis',(0.,1.,0.));
#7186=DIRECTION('ref_axis',(1.,0.,0.));
#7187=DIRECTION('center_axis',(0.,1.,0.));
#7188=DIRECTION('ref_axis',(0.,0.,-1.));
#7189=DIRECTION('',(1.,0.,0.));
#7190=DIRECTION('center_axis',(0.,0.,-1.));
#7191=DIRECTION('ref_axis',(1.,0.,0.));
#7192=DIRECTION('center_axis',(0.,0.,1.));
#7193=DIRECTION('ref_axis',(0.,1.,0.));
#7194=DIRECTION('',(1.,0.,0.));
#7195=DIRECTION('center_axis',(0.,-1.,0.));
#7196=DIRECTION('ref_axis',(1.,0.,0.));
#7197=DIRECTION('center_axis',(0.,1.,0.));
#7198=DIRECTION('ref_axis',(0.,0.,-1.));
#7199=DIRECTION('',(-1.,0.,0.));
#7200=DIRECTION('center_axis',(0.,0.,1.));
#7201=DIRECTION('ref_axis',(1.,0.,0.));
#7202=DIRECTION('center_axis',(0.,0.,1.));
#7203=DIRECTION('ref_axis',(0.,1.,0.));
#7204=DIRECTION('center_axis',(0.,0.,1.));
#7205=DIRECTION('ref_axis',(1.,0.,0.));
#7206=DIRECTION('center_axis',(-1.,0.,0.));
#7207=DIRECTION('ref_axis',(0.,-3.71499006786733E-14,1.));
#7208=DIRECTION('center_axis',(-1.,0.,0.));
#7209=DIRECTION('ref_axis',(0.,1.,0.));
#7210=DIRECTION('center_axis',(-1.,0.,0.));
#7211=DIRECTION('ref_axis',(0.,-3.71499006786733E-14,1.));
#7212=DIRECTION('center_axis',(-1.,0.,0.));
#7213=DIRECTION('ref_axis',(0.,-3.71499006786733E-14,1.));
#7214=DIRECTION('',(0.996194698091746,-3.22715368651317E-15,0.087155742747658));
#7215=DIRECTION('center_axis',(1.,0.,0.));
#7216=DIRECTION('ref_axis',(0.,1.,0.));
#7217=DIRECTION('',(0.,0.,1.));
#7218=DIRECTION('center_axis',(1.,0.,0.));
#7219=DIRECTION('ref_axis',(0.,0.379310344828246,0.925269507930677));
#7220=DIRECTION('center_axis',(-1.,0.,0.));
#7221=DIRECTION('ref_axis',(0.,-0.860662490600268,-0.509175880490959));
#7222=DIRECTION('center_axis',(1.,0.,0.));
#7223=DIRECTION('ref_axis',(0.,0.0871557427476485,0.996194698091746));
#7224=DIRECTION('',(0.,-0.996194698083961,0.0871557428366414));
#7225=DIRECTION('center_axis',(-1.,0.,0.));
#7226=DIRECTION('ref_axis',(0.,-1.,3.55271367880051E-15));
#7227=DIRECTION('',(0.,0.,1.));
#7228=DIRECTION('center_axis',(-1.,0.,0.));
#7229=DIRECTION('ref_axis',(0.,-0.0871557427476585,0.996194698091746));
#7230=DIRECTION('',(0.,0.996194698093136,0.08715574273176));
#7231=DIRECTION('center_axis',(1.,0.,0.));
#7232=DIRECTION('ref_axis',(0.,0.846215424453432,-0.532840928811872));
#7233=DIRECTION('center_axis',(-1.,0.,0.));
#7234=DIRECTION('ref_axis',(0.,-0.379310344828251,0.925269507930675));
#7235=DIRECTION('center_axis',(1.,0.,0.));
#7236=DIRECTION('ref_axis',(0.,1.,-3.55271367880048E-15));
#7237=DIRECTION('',(0.,0.,1.));
#7238=DIRECTION('',(0.,-0.707106781186548,0.707106781186548));
#7239=DIRECTION('',(0.,-1.,0.));
#7240=DIRECTION('',(0.,-0.707106781186548,-0.707106781186548));
#7241=DIRECTION('',(0.,0.,-1.));
#7242=DIRECTION('center_axis',(1.,0.,0.));
#7243=DIRECTION('ref_axis',(0.,-0.379310344828246,-0.925269507930677));
#7244=DIRECTION('center_axis',(-1.,0.,0.));
#7245=DIRECTION('ref_axis',(0.,0.846215424453429,0.532840928811877));
#7246=DIRECTION('center_axis',(1.,0.,0.));
#7247=DIRECTION('ref_axis',(0.,-0.0871557427476736,-0.996194698091744));
#7248=DIRECTION('',(0.,0.996194698093136,-0.0871557427317597));
#7249=DIRECTION('center_axis',(-1.,0.,0.));
#7250=DIRECTION('ref_axis',(0.,1.,3.55271367880049E-15));
#7251=DIRECTION('',(0.,0.,-1.));
#7252=DIRECTION('center_axis',(-1.,0.,0.));
#7253=DIRECTION('ref_axis',(0.,0.0871557427476617,-0.996194698091745));
#7254=DIRECTION('',(0.,-0.996194698083961,-0.0871557428366416));
#7255=DIRECTION('center_axis',(1.,0.,0.));
#7256=DIRECTION('ref_axis',(0.,-0.860662490600269,0.509175880490958));
#7257=DIRECTION('center_axis',(-1.,0.,0.));
#7258=DIRECTION('ref_axis',(0.,0.379310344828247,-0.925269507930677));
#7259=DIRECTION('center_axis',(1.,0.,0.));
#7260=DIRECTION('ref_axis',(0.,-1.,0.));
#7261=DIRECTION('',(0.,0.,-1.));
#7262=DIRECTION('',(0.,1.,0.));
#7263=DIRECTION('',(0.,0.707106781186548,-0.707106781186548));
#7264=DIRECTION('',(0.,0.,-1.));
#7265=DIRECTION('',(0.,-0.707106781186548,-0.707106781186548));
#7266=DIRECTION('',(0.,-1.,0.));
#7267=DIRECTION('',(0.,-0.707106781186548,0.707106781186548));
#7268=DIRECTION('',(0.,0.,1.));
#7269=DIRECTION('',(0.,0.707106781186548,0.707106781186548));
#7270=DIRECTION('',(0.,1.,0.));
#7271=DIRECTION('center_axis',(-1.,0.,0.));
#7272=DIRECTION('ref_axis',(0.,1.,0.));
#7273=DIRECTION('center_axis',(-1.,0.,0.));
#7274=DIRECTION('ref_axis',(0.,0.,-1.));
#7275=DIRECTION('center_axis',(-1.,0.,0.));
#7276=DIRECTION('ref_axis',(0.,0.379310344828246,0.925269507930677));
#7277=DIRECTION('',(-1.,0.,0.));
#7278=DIRECTION('center_axis',(-1.,0.,0.));
#7279=DIRECTION('ref_axis',(0.,0.379310344828246,0.925269507930677));
#7280=DIRECTION('',(-1.,0.,0.));
#7281=DIRECTION('center_axis',(-1.,0.,0.));
#7282=DIRECTION('ref_axis',(0.,-0.860662490600268,-0.509175880490959));
#7283=DIRECTION('center_axis',(1.,0.,0.));
#7284=DIRECTION('ref_axis',(0.,-0.860662490600268,-0.509175880490959));
#7285=DIRECTION('',(-1.,0.,0.));
#7286=DIRECTION('center_axis',(-1.,0.,0.));
#7287=DIRECTION('ref_axis',(0.,0.0871557427476485,0.996194698091746));
#7288=DIRECTION('center_axis',(-1.,0.,0.));
#7289=DIRECTION('ref_axis',(0.,0.0871557427476485,0.996194698091746));
#7290=DIRECTION('',(-1.,0.,0.));
#7291=DIRECTION('center_axis',(0.,0.0871557428366414,0.996194698083961));
#7292=DIRECTION('ref_axis',(1.,0.,0.));
#7293=DIRECTION('',(0.,0.996194698083961,-0.0871557428366414));
#7294=DIRECTION('',(-1.,0.,0.));
#7295=DIRECTION('center_axis',(-1.,0.,0.));
#7296=DIRECTION('ref_axis',(0.,-1.,3.55271367880051E-15));
#7297=DIRECTION('center_axis',(1.,0.,0.));
#7298=DIRECTION('ref_axis',(0.,-1.,3.55271367880051E-15));
#7299=DIRECTION('',(-1.,0.,0.));
#7300=DIRECTION('center_axis',(0.,1.,0.));
#7301=DIRECTION('ref_axis',(1.,0.,0.));
#7302=DIRECTION('',(0.,0.,-1.));
#7303=DIRECTION('',(-1.,0.,0.));
#7304=DIRECTION('center_axis',(-1.,0.,0.));
#7305=DIRECTION('ref_axis',(0.,-0.0871557427476585,0.996194698091746));
#7306=DIRECTION('center_axis',(1.,0.,0.));
#7307=DIRECTION('ref_axis',(0.,-0.0871557427476585,0.996194698091746));
#7308=DIRECTION('',(-1.,0.,0.));
#7309=DIRECTION('center_axis',(0.,0.0871557427317599,-0.996194698093136));
#7310=DIRECTION('ref_axis',(1.,0.,0.));
#7311=DIRECTION('',(0.,-0.996194698093136,-0.08715574273176));
#7312=DIRECTION('',(-1.,0.,0.));
#7313=DIRECTION('center_axis',(-1.,0.,0.));
#7314=DIRECTION('ref_axis',(0.,0.846215424453432,-0.532840928811872));
#7315=DIRECTION('center_axis',(-1.,0.,0.));
#7316=DIRECTION('ref_axis',(0.,0.846215424453432,-0.532840928811872));
#7317=DIRECTION('',(-1.,0.,0.));
#7318=DIRECTION('center_axis',(-1.,0.,0.));
#7319=DIRECTION('ref_axis',(0.,-0.379310344828251,0.925269507930675));
#7320=DIRECTION('center_axis',(1.,0.,0.));
#7321=DIRECTION('ref_axis',(0.,-0.379310344828251,0.925269507930675));
#7322=DIRECTION('',(-1.,0.,0.));
#7323=DIRECTION('center_axis',(-1.,0.,0.));
#7324=DIRECTION('ref_axis',(0.,1.,-3.55271367880048E-15));
#7325=DIRECTION('center_axis',(-1.,0.,0.));
#7326=DIRECTION('ref_axis',(0.,1.,-3.55271367880048E-15));
#7327=DIRECTION('',(-1.,0.,0.));
#7328=DIRECTION('center_axis',(0.,1.,0.));
#7329=DIRECTION('ref_axis',(1.,0.,0.));
#7330=DIRECTION('',(0.,0.,-1.));
#7331=DIRECTION('',(-1.,0.,0.));
#7332=DIRECTION('center_axis',(0.,0.707106781186548,0.707106781186548));
#7333=DIRECTION('ref_axis',(1.,0.,0.));
#7334=DIRECTION('',(0.,0.707106781186548,-0.707106781186548));
#7335=DIRECTION('',(-1.,0.,0.));
#7336=DIRECTION('center_axis',(0.,0.,1.));
#7337=DIRECTION('ref_axis',(1.,0.,0.));
#7338=DIRECTION('',(0.,1.,0.));
#7339=DIRECTION('',(-1.,0.,0.));
#7340=DIRECTION('center_axis',(0.,-0.707106781186548,0.707106781186548));
#7341=DIRECTION('ref_axis',(1.,0.,0.));
#7342=DIRECTION('',(0.,0.707106781186548,0.707106781186548));
#7343=DIRECTION('',(-1.,0.,0.));
#7344=DIRECTION('center_axis',(0.,-1.,0.));
#7345=DIRECTION('ref_axis',(1.,0.,0.));
#7346=DIRECTION('',(0.,0.,1.));
#7347=DIRECTION('',(-1.,0.,0.));
#7348=DIRECTION('center_axis',(-1.,0.,0.));
#7349=DIRECTION('ref_axis',(0.,-0.379310344828246,-0.925269507930677));
#7350=DIRECTION('center_axis',(-1.,0.,0.));
#7351=DIRECTION('ref_axis',(0.,-0.379310344828246,-0.925269507930677));
#7352=DIRECTION('',(-1.,0.,0.));
#7353=DIRECTION('center_axis',(-1.,0.,0.));
#7354=DIRECTION('ref_axis',(0.,0.846215424453429,0.532840928811877));
#7355=DIRECTION('center_axis',(1.,0.,0.));
#7356=DIRECTION('ref_axis',(0.,0.846215424453429,0.532840928811877));
#7357=DIRECTION('',(-1.,0.,0.));
#7358=DIRECTION('center_axis',(-1.,0.,0.));
#7359=DIRECTION('ref_axis',(0.,-0.0871557427476736,-0.996194698091744));
#7360=DIRECTION('center_axis',(-1.,0.,0.));
#7361=DIRECTION('ref_axis',(0.,-0.0871557427476736,-0.996194698091744));
#7362=DIRECTION('',(-1.,0.,0.));
#7363=DIRECTION('center_axis',(0.,-0.0871557427317597,-0.996194698093136));
#7364=DIRECTION('ref_axis',(1.,0.,0.));
#7365=DIRECTION('',(0.,-0.996194698093136,0.0871557427317597));
#7366=DIRECTION('',(-1.,0.,0.));
#7367=DIRECTION('center_axis',(-1.,0.,0.));
#7368=DIRECTION('ref_axis',(0.,1.,3.55271367880049E-15));
#7369=DIRECTION('center_axis',(1.,0.,0.));
#7370=DIRECTION('ref_axis',(0.,1.,3.55271367880049E-15));
#7371=DIRECTION('',(-1.,0.,0.));
#7372=DIRECTION('center_axis',(0.,-1.,0.));
#7373=DIRECTION('ref_axis',(1.,0.,0.));
#7374=DIRECTION('',(0.,0.,1.));
#7375=DIRECTION('',(-1.,0.,0.));
#7376=DIRECTION('center_axis',(-1.,0.,0.));
#7377=DIRECTION('ref_axis',(0.,0.0871557427476617,-0.996194698091745));
#7378=DIRECTION('center_axis',(1.,0.,0.));
#7379=DIRECTION('ref_axis',(0.,0.0871557427476617,-0.996194698091745));
#7380=DIRECTION('',(-1.,0.,0.));
#7381=DIRECTION('center_axis',(0.,-0.0871557428366416,0.996194698083961));
#7382=DIRECTION('ref_axis',(1.,0.,0.));
#7383=DIRECTION('',(0.,0.996194698083961,0.0871557428366416));
#7384=DIRECTION('',(-1.,0.,0.));
#7385=DIRECTION('center_axis',(-1.,0.,0.));
#7386=DIRECTION('ref_axis',(0.,-0.860662490600269,0.509175880490958));
#7387=DIRECTION('center_axis',(-1.,0.,0.));
#7388=DIRECTION('ref_axis',(0.,-0.860662490600269,0.509175880490958));
#7389=DIRECTION('',(-1.,0.,0.));
#7390=DIRECTION('center_axis',(-1.,0.,0.));
#7391=DIRECTION('ref_axis',(0.,0.379310344828247,-0.925269507930677));
#7392=DIRECTION('center_axis',(1.,0.,0.));
#7393=DIRECTION('ref_axis',(0.,0.379310344828247,-0.925269507930677));
#7394=DIRECTION('',(-1.,0.,0.));
#7395=DIRECTION('center_axis',(-1.,0.,0.));
#7396=DIRECTION('ref_axis',(0.,-1.,0.));
#7397=DIRECTION('center_axis',(-1.,0.,0.));
#7398=DIRECTION('ref_axis',(0.,-1.,0.));
#7399=DIRECTION('',(-1.,0.,0.));
#7400=DIRECTION('center_axis',(0.,-1.,0.));
#7401=DIRECTION('ref_axis',(1.,0.,0.));
#7402=DIRECTION('',(1.,0.,0.));
#7403=DIRECTION('',(0.,0.,1.));
#7404=DIRECTION('center_axis',(0.,0.,-1.));
#7405=DIRECTION('ref_axis',(1.,0.,0.));
#7406=DIRECTION('',(0.,1.,0.));
#7407=DIRECTION('',(-1.,0.,0.));
#7408=DIRECTION('center_axis',(0.,-0.707106781186548,-0.707106781186548));
#7409=DIRECTION('ref_axis',(1.,0.,0.));
#7410=DIRECTION('',(0.,0.707106781186548,-0.707106781186548));
#7411=DIRECTION('',(-1.,0.,0.));
#7412=DIRECTION('center_axis',(0.,-1.,0.));
#7413=DIRECTION('ref_axis',(1.,0.,0.));
#7414=DIRECTION('',(0.,0.,-1.));
#7415=DIRECTION('',(-1.,0.,0.));
#7416=DIRECTION('center_axis',(0.,-0.707106781186548,0.707106781186548));
#7417=DIRECTION('ref_axis',(1.,0.,0.));
#7418=DIRECTION('',(0.,-0.707106781186548,-0.707106781186548));
#7419=DIRECTION('',(-1.,0.,0.));
#7420=DIRECTION('center_axis',(0.,0.,1.));
#7421=DIRECTION('ref_axis',(1.,0.,0.));
#7422=DIRECTION('',(0.,-1.,0.));
#7423=DIRECTION('',(-1.,0.,0.));
#7424=DIRECTION('center_axis',(0.,0.707106781186548,0.707106781186548));
#7425=DIRECTION('ref_axis',(1.,0.,0.));
#7426=DIRECTION('',(0.,-0.707106781186548,0.707106781186548));
#7427=DIRECTION('',(-1.,0.,0.));
#7428=DIRECTION('center_axis',(0.,1.,0.));
#7429=DIRECTION('ref_axis',(1.,0.,0.));
#7430=DIRECTION('',(0.,0.,1.));
#7431=DIRECTION('',(-1.,0.,0.));
#7432=DIRECTION('center_axis',(0.,0.707106781186548,-0.707106781186548));
#7433=DIRECTION('ref_axis',(1.,0.,0.));
#7434=DIRECTION('',(0.,0.707106781186548,0.707106781186548));
#7435=DIRECTION('',(-1.,0.,0.));
#7436=DIRECTION('center_axis',(0.,0.,-1.));
#7437=DIRECTION('ref_axis',(1.,0.,0.));
#7438=DIRECTION('',(-1.,0.,0.));
#7439=DIRECTION('',(0.,1.,0.));
#7440=DIRECTION('center_axis',(0.,1.,0.));
#7441=DIRECTION('ref_axis',(1.,0.,0.));
#7442=DIRECTION('',(0.,0.,-1.));
#7443=DIRECTION('center_axis',(-1.,0.,0.));
#7444=DIRECTION('ref_axis',(0.,0.,-1.));
#7445=DIRECTION('center_axis',(-1.,0.,0.));
#7446=DIRECTION('ref_axis',(0.,0.,-1.));
#7447=DIRECTION('',(-1.,0.,0.));
#7448=DIRECTION('center_axis',(1.,0.,0.));
#7449=DIRECTION('ref_axis',(0.,1.,0.));
#7450=DIRECTION('center_axis',(-1.,0.,0.));
#7451=DIRECTION('ref_axis',(0.,0.,1.));
#7452=DIRECTION('center_axis',(-1.,0.,0.));
#7453=DIRECTION('ref_axis',(0.,1.,0.));
#7454=DIRECTION('center_axis',(-1.,0.,0.));
#7455=DIRECTION('ref_axis',(0.,0.,1.));
#7456=DIRECTION('center_axis',(-1.,0.,0.));
#7457=DIRECTION('ref_axis',(0.,0.,1.));
#7458=DIRECTION('',(-1.,0.,0.));
#7459=DIRECTION('center_axis',(1.,0.,0.));
#7460=DIRECTION('ref_axis',(0.,-0.379310344828246,0.925269507930677));
#7461=DIRECTION('center_axis',(-1.,0.,0.));
#7462=DIRECTION('ref_axis',(0.,-0.379310344828246,0.925269507930677));
#7463=DIRECTION('',(1.,0.,0.));
#7464=DIRECTION('center_axis',(1.,0.,0.));
#7465=DIRECTION('ref_axis',(0.,-0.379310344828246,0.925269507930677));
#7466=DIRECTION('',(1.,0.,0.));
#7467=DIRECTION('center_axis',(1.,0.,0.));
#7468=DIRECTION('ref_axis',(0.,0.860662490600268,-0.509175880490959));
#7469=DIRECTION('center_axis',(1.,0.,0.));
#7470=DIRECTION('ref_axis',(0.,0.860662490600268,-0.509175880490959));
#7471=DIRECTION('center_axis',(-1.,0.,0.));
#7472=DIRECTION('ref_axis',(0.,0.860662490600268,-0.509175880490959));
#7473=DIRECTION('',(1.,0.,0.));
#7474=DIRECTION('center_axis',(1.,0.,0.));
#7475=DIRECTION('ref_axis',(0.,-0.0871557427476485,0.996194698091746));
#7476=DIRECTION('center_axis',(-1.,0.,0.));
#7477=DIRECTION('ref_axis',(0.,-0.0871557427476485,0.996194698091746));
#7478=DIRECTION('center_axis',(1.,0.,0.));
#7479=DIRECTION('ref_axis',(0.,-0.0871557427476485,0.996194698091746));
#7480=DIRECTION('',(1.,0.,0.));
#7481=DIRECTION('center_axis',(0.,-0.0871557428366414,0.996194698083961));
#7482=DIRECTION('ref_axis',(1.,0.,0.));
#7483=DIRECTION('',(0.,0.996194698083961,0.0871557428366414));
#7484=DIRECTION('',(0.,-0.996194698083961,-0.0871557428366414));
#7485=DIRECTION('',(1.,0.,0.));
#7486=DIRECTION('center_axis',(1.,0.,0.));
#7487=DIRECTION('ref_axis',(0.,1.,3.55271367880051E-15));
#7488=DIRECTION('center_axis',(1.,0.,0.));
#7489=DIRECTION('ref_axis',(0.,1.,3.55271367880051E-15));
#7490=DIRECTION('center_axis',(-1.,0.,0.));
#7491=DIRECTION('ref_axis',(0.,1.,3.55271367880051E-15));
#7492=DIRECTION('',(1.,0.,0.));
#7493=DIRECTION('center_axis',(0.,-1.,0.));
#7494=DIRECTION('ref_axis',(1.,0.,0.));
#7495=DIRECTION('',(0.,0.,1.));
#7496=DIRECTION('',(0.,0.,-1.));
#7497=DIRECTION('',(1.,0.,0.));
#7498=DIRECTION('center_axis',(1.,0.,0.));
#7499=DIRECTION('ref_axis',(0.,0.0871557427476585,0.996194698091746));
#7500=DIRECTION('center_axis',(1.,0.,0.));
#7501=DIRECTION('ref_axis',(0.,0.0871557427476585,0.996194698091746));
#7502=DIRECTION('center_axis',(-1.,0.,0.));
#7503=DIRECTION('ref_axis',(0.,0.0871557427476585,0.996194698091746));
#7504=DIRECTION('',(1.,0.,0.));
#7505=DIRECTION('center_axis',(0.,-0.0871557427317599,-0.996194698093136));
#7506=DIRECTION('ref_axis',(1.,0.,0.));
#7507=DIRECTION('',(0.,-0.996194698093136,0.08715574273176));
#7508=DIRECTION('',(0.,0.996194698093136,-0.08715574273176));
#7509=DIRECTION('',(1.,0.,0.));
#7510=DIRECTION('center_axis',(1.,0.,0.));
#7511=DIRECTION('ref_axis',(0.,-0.846215424453432,-0.532840928811872));
#7512=DIRECTION('center_axis',(-1.,0.,0.));
#7513=DIRECTION('ref_axis',(0.,-0.846215424453432,-0.532840928811872));
#7514=DIRECTION('center_axis',(1.,0.,0.));
#7515=DIRECTION('ref_axis',(0.,-0.846215424453432,-0.532840928811872));
#7516=DIRECTION('',(1.,0.,0.));
#7517=DIRECTION('center_axis',(1.,0.,0.));
#7518=DIRECTION('ref_axis',(0.,0.379310344828251,0.925269507930675));
#7519=DIRECTION('center_axis',(1.,0.,0.));
#7520=DIRECTION('ref_axis',(0.,0.379310344828251,0.925269507930675));
#7521=DIRECTION('center_axis',(-1.,0.,0.));
#7522=DIRECTION('ref_axis',(0.,0.379310344828251,0.925269507930675));
#7523=DIRECTION('',(1.,0.,0.));
#7524=DIRECTION('center_axis',(1.,0.,0.));
#7525=DIRECTION('ref_axis',(0.,-1.,-3.55271367880048E-15));
#7526=DIRECTION('center_axis',(-1.,0.,0.));
#7527=DIRECTION('ref_axis',(0.,-1.,-3.55271367880048E-15));
#7528=DIRECTION('center_axis',(1.,0.,0.));
#7529=DIRECTION('ref_axis',(0.,-1.,-3.55271367880048E-15));
#7530=DIRECTION('',(1.,0.,0.));
#7531=DIRECTION('center_axis',(0.,-1.,0.));
#7532=DIRECTION('ref_axis',(1.,0.,0.));
#7533=DIRECTION('',(0.,0.,1.));
#7534=DIRECTION('',(0.,0.,-1.));
#7535=DIRECTION('',(1.,0.,0.));
#7536=DIRECTION('center_axis',(0.,-0.707106781186548,0.707106781186548));
#7537=DIRECTION('ref_axis',(1.,0.,0.));
#7538=DIRECTION('',(0.,0.707106781186548,0.707106781186548));
#7539=DIRECTION('',(0.,-0.707106781186548,-0.707106781186548));
#7540=DIRECTION('',(1.,0.,0.));
#7541=DIRECTION('center_axis',(0.,0.,1.));
#7542=DIRECTION('ref_axis',(1.,0.,0.));
#7543=DIRECTION('',(0.,1.,0.));
#7544=DIRECTION('',(0.,-1.,0.));
#7545=DIRECTION('',(1.,0.,0.));
#7546=DIRECTION('center_axis',(0.,0.707106781186548,0.707106781186548));
#7547=DIRECTION('ref_axis',(1.,0.,0.));
#7548=DIRECTION('',(0.,0.707106781186548,-0.707106781186548));
#7549=DIRECTION('',(0.,-0.707106781186548,0.707106781186548));
#7550=DIRECTION('',(1.,0.,0.));
#7551=DIRECTION('center_axis',(0.,1.,0.));
#7552=DIRECTION('ref_axis',(1.,0.,0.));
#7553=DIRECTION('',(0.,0.,-1.));
#7554=DIRECTION('',(0.,0.,1.));
#7555=DIRECTION('',(1.,0.,0.));
#7556=DIRECTION('center_axis',(1.,0.,0.));
#7557=DIRECTION('ref_axis',(0.,0.379310344828246,-0.925269507930677));
#7558=DIRECTION('center_axis',(-1.,0.,0.));
#7559=DIRECTION('ref_axis',(0.,0.379310344828246,-0.925269507930677));
#7560=DIRECTION('center_axis',(1.,0.,0.));
#7561=DIRECTION('ref_axis',(0.,0.379310344828246,-0.925269507930677));
#7562=DIRECTION('',(1.,0.,0.));
#7563=DIRECTION('center_axis',(1.,0.,0.));
#7564=DIRECTION('ref_axis',(0.,-0.846215424453429,0.532840928811877));
#7565=DIRECTION('center_axis',(1.,0.,0.));
#7566=DIRECTION('ref_axis',(0.,-0.846215424453429,0.532840928811877));
#7567=DIRECTION('center_axis',(-1.,0.,0.));
#7568=DIRECTION('ref_axis',(0.,-0.846215424453429,0.532840928811877));
#7569=DIRECTION('',(1.,0.,0.));
#7570=DIRECTION('center_axis',(1.,0.,0.));
#7571=DIRECTION('ref_axis',(0.,0.0871557427476736,-0.996194698091744));
#7572=DIRECTION('center_axis',(-1.,0.,0.));
#7573=DIRECTION('ref_axis',(0.,0.0871557427476736,-0.996194698091744));
#7574=DIRECTION('center_axis',(1.,0.,0.));
#7575=DIRECTION('ref_axis',(0.,0.0871557427476736,-0.996194698091744));
#7576=DIRECTION('',(1.,0.,0.));
#7577=DIRECTION('center_axis',(0.,0.0871557427317597,-0.996194698093136));
#7578=DIRECTION('ref_axis',(1.,0.,0.));
#7579=DIRECTION('',(0.,-0.996194698093136,-0.0871557427317597));
#7580=DIRECTION('',(0.,0.996194698093136,0.0871557427317597));
#7581=DIRECTION('',(1.,0.,0.));
#7582=DIRECTION('center_axis',(1.,0.,0.));
#7583=DIRECTION('ref_axis',(0.,-1.,3.55271367880049E-15));
#7584=DIRECTION('center_axis',(1.,0.,0.));
#7585=DIRECTION('ref_axis',(0.,-1.,3.55271367880049E-15));
#7586=DIRECTION('center_axis',(-1.,0.,0.));
#7587=DIRECTION('ref_axis',(0.,-1.,3.55271367880049E-15));
#7588=DIRECTION('',(1.,0.,0.));
#7589=DIRECTION('center_axis',(0.,1.,0.));
#7590=DIRECTION('ref_axis',(1.,0.,0.));
#7591=DIRECTION('',(0.,0.,-1.));
#7592=DIRECTION('',(0.,0.,1.));
#7593=DIRECTION('',(1.,0.,0.));
#7594=DIRECTION('center_axis',(1.,0.,0.));
#7595=DIRECTION('ref_axis',(0.,-0.0871557427476617,-0.996194698091745));
#7596=DIRECTION('center_axis',(1.,0.,0.));
#7597=DIRECTION('ref_axis',(0.,-0.0871557427476617,-0.996194698091745));
#7598=DIRECTION('center_axis',(-1.,0.,0.));
#7599=DIRECTION('ref_axis',(0.,-0.0871557427476617,-0.996194698091745));
#7600=DIRECTION('',(1.,0.,0.));
#7601=DIRECTION('center_axis',(0.,0.0871557428366416,0.996194698083961));
#7602=DIRECTION('ref_axis',(1.,0.,0.));
#7603=DIRECTION('',(0.,0.996194698083961,-0.0871557428366416));
#7604=DIRECTION('',(0.,-0.996194698083961,0.0871557428366416));
#7605=DIRECTION('',(1.,0.,0.));
#7606=DIRECTION('center_axis',(1.,0.,0.));
#7607=DIRECTION('ref_axis',(0.,0.860662490600269,0.509175880490958));
#7608=DIRECTION('center_axis',(-1.,0.,0.));
#7609=DIRECTION('ref_axis',(0.,0.860662490600269,0.509175880490958));
#7610=DIRECTION('center_axis',(1.,0.,0.));
#7611=DIRECTION('ref_axis',(0.,0.860662490600269,0.509175880490958));
#7612=DIRECTION('',(1.,0.,0.));
#7613=DIRECTION('center_axis',(1.,0.,0.));
#7614=DIRECTION('ref_axis',(0.,-0.379310344828247,-0.925269507930677));
#7615=DIRECTION('center_axis',(1.,0.,0.));
#7616=DIRECTION('ref_axis',(0.,-0.379310344828247,-0.925269507930677));
#7617=DIRECTION('center_axis',(-1.,0.,0.));
#7618=DIRECTION('ref_axis',(0.,-0.379310344828247,-0.925269507930677));
#7619=DIRECTION('',(1.,0.,0.));
#7620=DIRECTION('center_axis',(1.,0.,0.));
#7621=DIRECTION('ref_axis',(0.,1.,0.));
#7622=DIRECTION('center_axis',(-1.,0.,0.));
#7623=DIRECTION('ref_axis',(0.,1.,0.));
#7624=DIRECTION('center_axis',(1.,0.,0.));
#7625=DIRECTION('ref_axis',(0.,1.,0.));
#7626=DIRECTION('',(1.,0.,0.));
#7627=DIRECTION('center_axis',(0.,1.,0.));
#7628=DIRECTION('ref_axis',(1.,0.,0.));
#7629=DIRECTION('',(-1.,0.,0.));
#7630=DIRECTION('',(0.,0.,-1.));
#7631=DIRECTION('',(0.,0.,1.));
#7632=DIRECTION('center_axis',(0.,0.,-1.));
#7633=DIRECTION('ref_axis',(1.,0.,0.));
#7634=DIRECTION('',(0.,-1.,0.));
#7635=DIRECTION('',(1.,0.,0.));
#7636=DIRECTION('',(0.,-1.,0.));
#7637=DIRECTION('center_axis',(0.,0.707106781186548,-0.707106781186548));
#7638=DIRECTION('ref_axis',(1.,0.,0.));
#7639=DIRECTION('',(0.,-0.707106781186548,-0.707106781186548));
#7640=DIRECTION('',(0.,-0.707106781186548,-0.707106781186548));
#7641=DIRECTION('',(1.,0.,0.));
#7642=DIRECTION('center_axis',(0.,1.,0.));
#7643=DIRECTION('ref_axis',(1.,0.,0.));
#7644=DIRECTION('',(0.,0.,-1.));
#7645=DIRECTION('',(0.,0.,-1.));
#7646=DIRECTION('',(1.,0.,0.));
#7647=DIRECTION('center_axis',(0.,0.707106781186548,0.707106781186548));
#7648=DIRECTION('ref_axis',(1.,0.,0.));
#7649=DIRECTION('',(0.,0.707106781186548,-0.707106781186548));
#7650=DIRECTION('',(0.,0.707106781186548,-0.707106781186548));
#7651=DIRECTION('',(1.,0.,0.));
#7652=DIRECTION('center_axis',(0.,0.,1.));
#7653=DIRECTION('ref_axis',(1.,0.,0.));
#7654=DIRECTION('',(0.,1.,0.));
#7655=DIRECTION('',(0.,1.,0.));
#7656=DIRECTION('',(1.,0.,0.));
#7657=DIRECTION('center_axis',(0.,-0.707106781186548,0.707106781186548));
#7658=DIRECTION('ref_axis',(1.,0.,0.));
#7659=DIRECTION('',(0.,0.707106781186548,0.707106781186548));
#7660=DIRECTION('',(0.,0.707106781186548,0.707106781186548));
#7661=DIRECTION('',(1.,0.,0.));
#7662=DIRECTION('center_axis',(0.,-1.,0.));
#7663=DIRECTION('ref_axis',(1.,0.,0.));
#7664=DIRECTION('',(0.,0.,1.));
#7665=DIRECTION('',(0.,0.,1.));
#7666=DIRECTION('',(1.,0.,0.));
#7667=DIRECTION('center_axis',(0.,-0.707106781186548,-0.707106781186548));
#7668=DIRECTION('ref_axis',(1.,0.,0.));
#7669=DIRECTION('',(0.,-0.707106781186548,0.707106781186548));
#7670=DIRECTION('',(0.,-0.707106781186548,0.707106781186548));
#7671=DIRECTION('',(1.,0.,0.));
#7672=DIRECTION('center_axis',(0.,0.,-1.));
#7673=DIRECTION('ref_axis',(1.,0.,0.));
#7674=DIRECTION('',(1.,0.,0.));
#7675=DIRECTION('',(0.,-1.,0.));
#7676=DIRECTION('',(0.,-1.,0.));
#7677=DIRECTION('center_axis',(0.,-1.,0.));
#7678=DIRECTION('ref_axis',(1.,0.,0.));
#7679=DIRECTION('',(0.,0.,-1.));
#7680=DIRECTION('',(0.,0.,1.));
#7681=DIRECTION('center_axis',(-1.,0.,0.));
#7682=DIRECTION('ref_axis',(0.,0.,-1.));
#7683=DIRECTION('center_axis',(-1.,0.,0.));
#7684=DIRECTION('ref_axis',(0.,0.,-1.));
#7685=DIRECTION('',(-1.,0.,0.));
#7686=DIRECTION('center_axis',(1.,0.,0.));
#7687=DIRECTION('ref_axis',(0.,0.,-1.));
#7688=DIRECTION('center_axis',(-1.,0.,0.));
#7689=DIRECTION('ref_axis',(0.,1.,0.));
#7690=DIRECTION('center_axis',(-1.,0.,0.));
#7691=DIRECTION('ref_axis',(0.,0.,1.));
#7692=DIRECTION('center_axis',(-1.,0.,0.));
#7693=DIRECTION('ref_axis',(0.,1.,0.));
#7694=DIRECTION('center_axis',(1.,0.,0.));
#7695=DIRECTION('ref_axis',(0.,0.,1.));
#7696=DIRECTION('center_axis',(-1.,0.,0.));
#7697=DIRECTION('ref_axis',(0.,0.,1.));
#7698=DIRECTION('',(-1.,0.,0.));
#7699=DIRECTION('center_axis',(0.,0.,-1.));
#7700=DIRECTION('ref_axis',(1.,0.,0.));
#7701=DIRECTION('',(1.,0.,0.));
#7702=DIRECTION('',(0.,-1.,0.));
#7703=DIRECTION('',(1.,0.,0.));
#7704=DIRECTION('',(0.,-1.,0.));
#7705=DIRECTION('center_axis',(0.,-0.707106781186548,-0.707106781186548));
#7706=DIRECTION('ref_axis',(1.,0.,0.));
#7707=DIRECTION('',(0.,-0.707106781186548,0.707106781186548));
#7708=DIRECTION('',(1.,0.,0.));
#7709=DIRECTION('',(0.,-0.707106781186548,0.707106781186548));
#7710=DIRECTION('center_axis',(0.,-1.,0.));
#7711=DIRECTION('ref_axis',(1.,0.,0.));
#7712=DIRECTION('',(0.,0.,1.));
#7713=DIRECTION('',(1.,0.,0.));
#7714=DIRECTION('',(0.,0.,1.));
#7715=DIRECTION('center_axis',(0.,-0.707106781186548,0.707106781186548));
#7716=DIRECTION('ref_axis',(1.,0.,0.));
#7717=DIRECTION('',(0.,0.707106781186548,0.707106781186548));
#7718=DIRECTION('',(1.,0.,0.));
#7719=DIRECTION('',(0.,0.707106781186548,0.707106781186548));
#7720=DIRECTION('center_axis',(0.,0.,1.));
#7721=DIRECTION('ref_axis',(1.,0.,0.));
#7722=DIRECTION('',(0.,1.,0.));
#7723=DIRECTION('',(1.,0.,0.));
#7724=DIRECTION('',(0.,1.,0.));
#7725=DIRECTION('center_axis',(0.,0.707106781186548,0.707106781186548));
#7726=DIRECTION('ref_axis',(1.,0.,0.));
#7727=DIRECTION('',(0.,0.707106781186548,-0.707106781186548));
#7728=DIRECTION('',(1.,0.,0.));
#7729=DIRECTION('',(0.,0.707106781186548,-0.707106781186548));
#7730=DIRECTION('center_axis',(0.,1.,0.));
#7731=DIRECTION('ref_axis',(1.,0.,0.));
#7732=DIRECTION('',(0.,0.,-1.));
#7733=DIRECTION('',(1.,0.,0.));
#7734=DIRECTION('',(0.,0.,-1.));
#7735=DIRECTION('center_axis',(0.,0.707106781186548,-0.707106781186548));
#7736=DIRECTION('ref_axis',(1.,0.,0.));
#7737=DIRECTION('',(0.,-0.707106781186548,-0.707106781186548));
#7738=DIRECTION('',(1.,0.,0.));
#7739=DIRECTION('',(0.,-0.707106781186548,-0.707106781186548));
#7740=DIRECTION('center_axis',(0.,0.,-1.));
#7741=DIRECTION('ref_axis',(1.,0.,0.));
#7742=DIRECTION('',(-1.,0.,0.));
#7743=DIRECTION('',(0.,-1.,0.));
#7744=DIRECTION('',(0.,-1.,0.));
#7745=DIRECTION('center_axis',(0.,1.,0.));
#7746=DIRECTION('ref_axis',(1.,0.,0.));
#7747=DIRECTION('',(0.,0.,-1.));
#7748=DIRECTION('',(1.,0.,0.));
#7749=DIRECTION('',(0.,0.,1.));
#7750=DIRECTION('center_axis',(1.,0.,0.));
#7751=DIRECTION('ref_axis',(0.,1.,0.));
#7752=DIRECTION('center_axis',(-1.,0.,0.));
#7753=DIRECTION('ref_axis',(0.,1.,0.));
#7754=DIRECTION('',(1.,0.,0.));
#7755=DIRECTION('center_axis',(1.,0.,0.));
#7756=DIRECTION('ref_axis',(0.,1.,0.));
#7757=DIRECTION('center_axis',(1.,0.,0.));
#7758=DIRECTION('ref_axis',(0.,-0.379310344828247,-0.925269507930677));
#7759=DIRECTION('center_axis',(1.,0.,0.));
#7760=DIRECTION('ref_axis',(0.,-0.379310344828247,-0.925269507930677));
#7761=DIRECTION('',(1.,0.,0.));
#7762=DIRECTION('center_axis',(-1.,0.,0.));
#7763=DIRECTION('ref_axis',(0.,-0.379310344828247,-0.925269507930677));
#7764=DIRECTION('center_axis',(1.,0.,0.));
#7765=DIRECTION('ref_axis',(0.,0.860662490600269,0.509175880490958));
#7766=DIRECTION('center_axis',(-1.,0.,0.));
#7767=DIRECTION('ref_axis',(0.,0.860662490600269,0.509175880490958));
#7768=DIRECTION('',(1.,0.,0.));
#7769=DIRECTION('center_axis',(1.,0.,0.));
#7770=DIRECTION('ref_axis',(0.,0.860662490600269,0.509175880490958));
#7771=DIRECTION('center_axis',(0.,0.0871557428366416,0.996194698083961));
#7772=DIRECTION('ref_axis',(1.,0.,0.));
#7773=DIRECTION('',(0.,0.996194698083961,-0.0871557428366416));
#7774=DIRECTION('',(1.,0.,0.));
#7775=DIRECTION('',(0.,-0.996194698083961,0.0871557428366416));
#7776=DIRECTION('center_axis',(1.,0.,0.));
#7777=DIRECTION('ref_axis',(0.,-0.0871557427476617,-0.996194698091745));
#7778=DIRECTION('center_axis',(1.,0.,0.));
#7779=DIRECTION('ref_axis',(0.,-0.0871557427476617,-0.996194698091745));
#7780=DIRECTION('',(1.,0.,0.));
#7781=DIRECTION('center_axis',(-1.,0.,0.));
#7782=DIRECTION('ref_axis',(0.,-0.0871557427476617,-0.996194698091745));
#7783=DIRECTION('center_axis',(0.,1.,0.));
#7784=DIRECTION('ref_axis',(1.,0.,0.));
#7785=DIRECTION('',(0.,0.,-1.));
#7786=DIRECTION('',(1.,0.,0.));
#7787=DIRECTION('',(0.,0.,1.));
#7788=DIRECTION('center_axis',(1.,0.,0.));
#7789=DIRECTION('ref_axis',(0.,-1.,3.55271367880049E-15));
#7790=DIRECTION('center_axis',(1.,0.,0.));
#7791=DIRECTION('ref_axis',(0.,-1.,3.55271367880049E-15));
#7792=DIRECTION('',(1.,0.,0.));
#7793=DIRECTION('center_axis',(-1.,0.,0.));
#7794=DIRECTION('ref_axis',(0.,-1.,3.55271367880049E-15));
#7795=DIRECTION('center_axis',(0.,0.0871557427317597,-0.996194698093136));
#7796=DIRECTION('ref_axis',(1.,0.,0.));
#7797=DIRECTION('',(0.,-0.996194698093136,-0.0871557427317597));
#7798=DIRECTION('',(1.,0.,0.));
#7799=DIRECTION('',(0.,0.996194698093136,0.0871557427317597));
#7800=DIRECTION('center_axis',(1.,0.,0.));
#7801=DIRECTION('ref_axis',(0.,0.0871557427476736,-0.996194698091744));
#7802=DIRECTION('center_axis',(-1.,0.,0.));
#7803=DIRECTION('ref_axis',(0.,0.0871557427476736,-0.996194698091744));
#7804=DIRECTION('',(1.,0.,0.));
#7805=DIRECTION('center_axis',(1.,0.,0.));
#7806=DIRECTION('ref_axis',(0.,0.0871557427476736,-0.996194698091744));
#7807=DIRECTION('center_axis',(1.,0.,0.));
#7808=DIRECTION('ref_axis',(0.,-0.846215424453429,0.532840928811877));
#7809=DIRECTION('center_axis',(1.,0.,0.));
#7810=DIRECTION('ref_axis',(0.,-0.846215424453429,0.532840928811877));
#7811=DIRECTION('',(1.,0.,0.));
#7812=DIRECTION('center_axis',(-1.,0.,0.));
#7813=DIRECTION('ref_axis',(0.,-0.846215424453429,0.532840928811877));
#7814=DIRECTION('center_axis',(1.,0.,0.));
#7815=DIRECTION('ref_axis',(0.,0.379310344828246,-0.925269507930677));
#7816=DIRECTION('center_axis',(-1.,0.,0.));
#7817=DIRECTION('ref_axis',(0.,0.379310344828246,-0.925269507930677));
#7818=DIRECTION('',(1.,0.,0.));
#7819=DIRECTION('center_axis',(1.,0.,0.));
#7820=DIRECTION('ref_axis',(0.,0.379310344828246,-0.925269507930677));
#7821=DIRECTION('center_axis',(0.,1.,0.));
#7822=DIRECTION('ref_axis',(1.,0.,0.));
#7823=DIRECTION('',(0.,0.,-1.));
#7824=DIRECTION('',(1.,0.,0.));
#7825=DIRECTION('',(0.,0.,1.));
#7826=DIRECTION('center_axis',(0.,0.707106781186548,0.707106781186548));
#7827=DIRECTION('ref_axis',(1.,0.,0.));
#7828=DIRECTION('',(0.,0.707106781186548,-0.707106781186548));
#7829=DIRECTION('',(1.,0.,0.));
#7830=DIRECTION('',(0.,-0.707106781186548,0.707106781186548));
#7831=DIRECTION('center_axis',(0.,0.,1.));
#7832=DIRECTION('ref_axis',(1.,0.,0.));
#7833=DIRECTION('',(0.,1.,0.));
#7834=DIRECTION('',(1.,0.,0.));
#7835=DIRECTION('',(0.,-1.,0.));
#7836=DIRECTION('center_axis',(0.,-0.707106781186548,0.707106781186548));
#7837=DIRECTION('ref_axis',(1.,0.,0.));
#7838=DIRECTION('',(0.,0.707106781186548,0.707106781186548));
#7839=DIRECTION('',(1.,0.,0.));
#7840=DIRECTION('',(0.,-0.707106781186548,-0.707106781186548));
#7841=DIRECTION('center_axis',(0.,-1.,0.));
#7842=DIRECTION('ref_axis',(1.,0.,0.));
#7843=DIRECTION('',(0.,0.,1.));
#7844=DIRECTION('',(1.,0.,0.));
#7845=DIRECTION('',(0.,0.,-1.));
#7846=DIRECTION('center_axis',(1.,0.,0.));
#7847=DIRECTION('ref_axis',(0.,-1.,-3.55271367880048E-15));
#7848=DIRECTION('center_axis',(-1.,0.,0.));
#7849=DIRECTION('ref_axis',(0.,-1.,-3.55271367880048E-15));
#7850=DIRECTION('',(1.,0.,0.));
#7851=DIRECTION('center_axis',(1.,0.,0.));
#7852=DIRECTION('ref_axis',(0.,-1.,-3.55271367880048E-15));
#7853=DIRECTION('center_axis',(1.,0.,0.));
#7854=DIRECTION('ref_axis',(0.,0.379310344828251,0.925269507930675));
#7855=DIRECTION('center_axis',(1.,0.,0.));
#7856=DIRECTION('ref_axis',(0.,0.379310344828251,0.925269507930675));
#7857=DIRECTION('',(1.,0.,0.));
#7858=DIRECTION('center_axis',(-1.,0.,0.));
#7859=DIRECTION('ref_axis',(0.,0.379310344828251,0.925269507930675));
#7860=DIRECTION('center_axis',(1.,0.,0.));
#7861=DIRECTION('ref_axis',(0.,-0.846215424453432,-0.532840928811872));
#7862=DIRECTION('center_axis',(-1.,0.,0.));
#7863=DIRECTION('ref_axis',(0.,-0.846215424453432,-0.532840928811872));
#7864=DIRECTION('',(1.,0.,0.));
#7865=DIRECTION('center_axis',(1.,0.,0.));
#7866=DIRECTION('ref_axis',(0.,-0.846215424453432,-0.532840928811872));
#7867=DIRECTION('center_axis',(0.,-0.0871557427317599,-0.996194698093136));
#7868=DIRECTION('ref_axis',(1.,0.,0.));
#7869=DIRECTION('',(0.,-0.996194698093136,0.08715574273176));
#7870=DIRECTION('',(1.,0.,0.));
#7871=DIRECTION('',(0.,0.996194698093136,-0.08715574273176));
#7872=DIRECTION('center_axis',(1.,0.,0.));
#7873=DIRECTION('ref_axis',(0.,0.0871557427476585,0.996194698091746));
#7874=DIRECTION('center_axis',(1.,0.,0.));
#7875=DIRECTION('ref_axis',(0.,0.0871557427476585,0.996194698091746));
#7876=DIRECTION('',(1.,0.,0.));
#7877=DIRECTION('center_axis',(-1.,0.,0.));
#7878=DIRECTION('ref_axis',(0.,0.0871557427476585,0.996194698091746));
#7879=DIRECTION('center_axis',(0.,-1.,0.));
#7880=DIRECTION('ref_axis',(1.,0.,0.));
#7881=DIRECTION('',(0.,0.,1.));
#7882=DIRECTION('',(1.,0.,0.));
#7883=DIRECTION('',(0.,0.,-1.));
#7884=DIRECTION('center_axis',(1.,0.,0.));
#7885=DIRECTION('ref_axis',(0.,1.,3.55271367880051E-15));
#7886=DIRECTION('center_axis',(1.,0.,0.));
#7887=DIRECTION('ref_axis',(0.,1.,3.55271367880051E-15));
#7888=DIRECTION('',(1.,0.,0.));
#7889=DIRECTION('center_axis',(-1.,0.,0.));
#7890=DIRECTION('ref_axis',(0.,1.,3.55271367880051E-15));
#7891=DIRECTION('center_axis',(0.,-0.0871557428366414,0.996194698083961));
#7892=DIRECTION('ref_axis',(1.,0.,0.));
#7893=DIRECTION('',(0.,0.996194698083961,0.0871557428366414));
#7894=DIRECTION('',(1.,0.,0.));
#7895=DIRECTION('',(0.,-0.996194698083961,-0.0871557428366414));
#7896=DIRECTION('center_axis',(1.,0.,0.));
#7897=DIRECTION('ref_axis',(0.,-0.0871557427476485,0.996194698091746));
#7898=DIRECTION('center_axis',(-1.,0.,0.));
#7899=DIRECTION('ref_axis',(0.,-0.0871557427476485,0.996194698091746));
#7900=DIRECTION('',(1.,0.,0.));
#7901=DIRECTION('center_axis',(1.,0.,0.));
#7902=DIRECTION('ref_axis',(0.,-0.0871557427476485,0.996194698091746));
#7903=DIRECTION('center_axis',(1.,0.,0.));
#7904=DIRECTION('ref_axis',(0.,0.860662490600268,-0.509175880490959));
#7905=DIRECTION('center_axis',(1.,0.,0.));
#7906=DIRECTION('ref_axis',(0.,0.860662490600268,-0.509175880490959));
#7907=DIRECTION('',(1.,0.,0.));
#7908=DIRECTION('center_axis',(-1.,0.,0.));
#7909=DIRECTION('ref_axis',(0.,0.860662490600268,-0.509175880490959));
#7910=DIRECTION('center_axis',(1.,0.,0.));
#7911=DIRECTION('ref_axis',(0.,-0.379310344828246,0.925269507930677));
#7912=DIRECTION('center_axis',(-1.,0.,0.));
#7913=DIRECTION('ref_axis',(0.,-0.379310344828246,0.925269507930677));
#7914=DIRECTION('',(1.,0.,0.));
#7915=DIRECTION('center_axis',(1.,0.,0.));
#7916=DIRECTION('ref_axis',(0.,-0.379310344828246,0.925269507930677));
#7917=DIRECTION('center_axis',(0.,-1.,0.));
#7918=DIRECTION('ref_axis',(1.,0.,0.));
#7919=DIRECTION('',(0.,0.,-1.));
#7920=DIRECTION('',(0.,0.,1.));
#7921=DIRECTION('center_axis',(1.,0.,0.));
#7922=DIRECTION('ref_axis',(0.,0.,1.));
#7923=DIRECTION('center_axis',(1.,0.,0.));
#7924=DIRECTION('ref_axis',(0.,0.,1.));
#7925=DIRECTION('',(1.,0.,0.));
#7926=DIRECTION('center_axis',(-1.,0.,0.));
#7927=DIRECTION('ref_axis',(0.,0.,1.));
#7928=DIRECTION('center_axis',(-1.,0.,0.));
#7929=DIRECTION('ref_axis',(0.,1.,0.));
#7930=DIRECTION('center_axis',(1.,0.,0.));
#7931=DIRECTION('ref_axis',(0.,0.,-1.));
#7932=DIRECTION('center_axis',(-1.,0.,0.));
#7933=DIRECTION('ref_axis',(0.,1.,0.));
#7934=DIRECTION('center_axis',(-1.,0.,0.));
#7935=DIRECTION('ref_axis',(0.,0.,-1.));
#7936=DIRECTION('center_axis',(1.,0.,0.));
#7937=DIRECTION('ref_axis',(0.,0.,-1.));
#7938=DIRECTION('',(1.,0.,0.));
#7939=DIRECTION('',(0.,0.,1.));
#7940=DIRECTION('',(1.,0.,0.));
#7941=DIRECTION('',(-9.61199937961623E-14,-1.,9.69224723516859E-14));
#7942=DIRECTION('',(0.999999999999999,-9.61199984384175E-14,-4.78965839339898E-8));
#7943=DIRECTION('',(0.,0.,1.));
#7944=DIRECTION('',(1.,0.,0.));
#7945=CARTESIAN_POINT('',(0.,0.,0.));
#7946=CARTESIAN_POINT('',(0.,0.,0.));
#7947=CARTESIAN_POINT('',(0.,0.,0.));
#7948=CARTESIAN_POINT('',(0.,0.,0.));
#7949=CARTESIAN_POINT('Origin',(127.5,10.,8.317625));
#7950=CARTESIAN_POINT('',(127.5,10.,8.01025));
#7951=CARTESIAN_POINT('',(126.2705,10.,8.625));
#7952=CARTESIAN_POINT('',(126.88525,10.,8.317625));
#7953=CARTESIAN_POINT('Origin',(127.5,10.,8.625));
#7954=CARTESIAN_POINT('Origin',(147.5,10.,8.317625));
#7955=CARTESIAN_POINT('',(147.5,10.,8.01025));
#7956=CARTESIAN_POINT('',(146.2705,10.,8.625));
#7957=CARTESIAN_POINT('',(146.88525,10.,8.317625));
#7958=CARTESIAN_POINT('Origin',(147.5,10.,8.625));
#7959=CARTESIAN_POINT('Origin',(127.5,10.,9.0625));
#7960=CARTESIAN_POINT('',(126.2705,10.,9.5));
#7961=CARTESIAN_POINT('Origin',(127.5,10.,9.5));
#7962=CARTESIAN_POINT('',(126.2705,10.,9.0625));
#7963=CARTESIAN_POINT('Origin',(147.5,10.,9.0625));
#7964=CARTESIAN_POINT('',(146.2705,10.,9.5));
#7965=CARTESIAN_POINT('Origin',(147.5,10.,9.5));
#7966=CARTESIAN_POINT('',(146.2705,10.,9.0625));
#7967=CARTESIAN_POINT('Origin',(128.86475,10.,9.5));
#7968=CARTESIAN_POINT('',(129.,10.,9.5));
#7969=CARTESIAN_POINT('Origin',(127.5,10.,9.5));
#7970=CARTESIAN_POINT('Origin',(148.86475,10.,9.5));
#7971=CARTESIAN_POINT('',(149.,10.,9.5));
#7972=CARTESIAN_POINT('Origin',(147.5,10.,9.5));
#7973=CARTESIAN_POINT('Origin',(147.5,-10.,8.317625));
#7974=CARTESIAN_POINT('',(147.5,-10.,8.01025));
#7975=CARTESIAN_POINT('',(146.2705,-10.,8.625));
#7976=CARTESIAN_POINT('',(146.88525,-10.,8.317625));
#7977=CARTESIAN_POINT('Origin',(147.5,-10.,8.625));
#7978=CARTESIAN_POINT('Origin',(127.5,10.,9.63525));
#7979=CARTESIAN_POINT('',(128.7295,10.,9.7705));
#7980=CARTESIAN_POINT('Origin',(127.5,10.,9.7705));
#7981=CARTESIAN_POINT('',(128.86475,10.,9.63525));
#7982=CARTESIAN_POINT('Origin',(147.5,10.,9.63525));
#7983=CARTESIAN_POINT('',(148.7295,10.,9.7705));
#7984=CARTESIAN_POINT('Origin',(147.5,10.,9.7705));
#7985=CARTESIAN_POINT('',(148.86475,10.,9.63525));
#7986=CARTESIAN_POINT('Origin',(147.5,-10.,9.0625));
#7987=CARTESIAN_POINT('',(146.2705,-10.,9.5));
#7988=CARTESIAN_POINT('Origin',(147.5,-10.,9.5));
#7989=CARTESIAN_POINT('',(146.2705,-10.,9.0625));
#7990=CARTESIAN_POINT('Origin',(127.5,10.,11.25));
#7991=CARTESIAN_POINT('',(128.7295,10.,12.7295));
#7992=CARTESIAN_POINT('Origin',(127.5,10.,12.7295));
#7993=CARTESIAN_POINT('',(128.7295,10.,11.25));
#7994=CARTESIAN_POINT('Origin',(147.5,10.,11.25));
#7995=CARTESIAN_POINT('',(148.7295,10.,12.7295));
#7996=CARTESIAN_POINT('Origin',(147.5,10.,12.7295));
#7997=CARTESIAN_POINT('',(148.7295,10.,11.25));
#7998=CARTESIAN_POINT('Origin',(148.86475,-10.,9.5));
#7999=CARTESIAN_POINT('',(149.,-10.,9.5));
#8000=CARTESIAN_POINT('Origin',(147.5,-10.,9.5));
#8001=CARTESIAN_POINT('Origin',(127.5,10.,12.86475));
#8002=CARTESIAN_POINT('',(129.,10.,13.));
#8003=CARTESIAN_POINT('',(128.86475,10.,12.86475));
#8004=CARTESIAN_POINT('Origin',(127.5,10.,13.));
#8005=CARTESIAN_POINT('Origin',(147.5,10.,12.86475));
#8006=CARTESIAN_POINT('',(149.,10.,13.));
#8007=CARTESIAN_POINT('',(148.86475,10.,12.86475));
#8008=CARTESIAN_POINT('Origin',(147.5,10.,13.));
#8009=CARTESIAN_POINT('Origin',(147.5,-10.,9.63525));
#8010=CARTESIAN_POINT('',(148.7295,-10.,9.7705));
#8011=CARTESIAN_POINT('Origin',(147.5,-10.,9.7705));
#8012=CARTESIAN_POINT('',(148.86475,-10.,9.63525));
#8013=CARTESIAN_POINT('Origin',(121.3,12.9,3.00000000000023));
#8014=CARTESIAN_POINT('',(121.3,-6.00000000002561,3.00000000000023));
#8015=CARTESIAN_POINT('',(153.7,-6.00000000002561,3.00000000000023));
#8016=CARTESIAN_POINT('',(121.3,-6.00000000002561,3.00000000000023));
#8017=CARTESIAN_POINT('',(153.7,-12.9,3.00000000000023));
#8018=CARTESIAN_POINT('',(153.7,12.9,3.00000000000023));
#8019=CARTESIAN_POINT('',(121.3,-12.9,3.00000000000023));
#8020=CARTESIAN_POINT('',(121.3,-12.9,3.00000000000023));
#8021=CARTESIAN_POINT('',(121.3,12.9,3.00000000000023));
#8022=CARTESIAN_POINT('Origin',(121.3,-12.9,3.00000000000023));
#8023=CARTESIAN_POINT('',(153.7,-13.5,3.60000000000023));
#8024=CARTESIAN_POINT('',(153.7,-12.9,3.00000000000023));
#8025=CARTESIAN_POINT('',(121.3,-13.5,3.60000000000023));
#8026=CARTESIAN_POINT('',(121.3,-13.5,3.60000000000023));
#8027=CARTESIAN_POINT('',(121.3,-12.9,3.00000000000023));
#8028=CARTESIAN_POINT('Origin',(121.3,-13.5,3.60000000000023));
#8029=CARTESIAN_POINT('',(153.7,-13.5,12.4000000000002));
#8030=CARTESIAN_POINT('',(153.7,-13.5,3.60000000000023));
#8031=CARTESIAN_POINT('',(121.3,-13.5,12.4000000000002));
#8032=CARTESIAN_POINT('',(121.3,-13.5,12.4000000000002));
#8033=CARTESIAN_POINT('',(121.3,-13.5,3.60000000000023));
#8034=CARTESIAN_POINT('Origin',(121.3,0.,12.6));
#8035=CARTESIAN_POINT('',(153.7,-6.,12.6000000000002));
#8036=CARTESIAN_POINT('',(153.7,6.,12.6));
#8037=CARTESIAN_POINT('',(153.7,0.,12.6));
#8038=CARTESIAN_POINT('',(121.3,6.,12.6));
#8039=CARTESIAN_POINT('',(121.3,6.,12.6));
#8040=CARTESIAN_POINT('',(121.3,-6.,12.6000000000002));
#8041=CARTESIAN_POINT('',(121.3,0.,12.6));
#8042=CARTESIAN_POINT('',(121.3,-6.,12.6000000000002));
#8043=CARTESIAN_POINT('Origin',(121.3,6.,12.6));
#8044=CARTESIAN_POINT('',(153.7,6.4,13.));
#8045=CARTESIAN_POINT('',(153.7,6.,12.6));
#8046=CARTESIAN_POINT('',(121.3,6.4,13.));
#8047=CARTESIAN_POINT('',(121.3,6.4,13.));
#8048=CARTESIAN_POINT('',(121.3,6.,12.6));
#8049=CARTESIAN_POINT('Origin',(121.3,6.4,13.));
#8050=CARTESIAN_POINT('',(153.7,12.9,13.));
#8051=CARTESIAN_POINT('',(153.7,6.4,13.));
#8052=CARTESIAN_POINT('',(121.3,12.9,13.));
#8053=CARTESIAN_POINT('',(121.3,12.9,13.));
#8054=CARTESIAN_POINT('',(121.3,6.4,13.));
#8055=CARTESIAN_POINT('Origin',(121.3,12.9,13.));
#8056=CARTESIAN_POINT('',(153.7,13.5,12.4));
#8057=CARTESIAN_POINT('',(153.7,12.9,13.));
#8058=CARTESIAN_POINT('',(121.3,13.5,12.4));
#8059=CARTESIAN_POINT('',(121.3,13.5,12.4));
#8060=CARTESIAN_POINT('',(121.3,12.9,13.));
#8061=CARTESIAN_POINT('Origin',(121.3,13.5,12.4));
#8062=CARTESIAN_POINT('',(153.7,13.5,7.8));
#8063=CARTESIAN_POINT('',(153.7,13.5,12.4));
#8064=CARTESIAN_POINT('',(121.3,13.5,7.8));
#8065=CARTESIAN_POINT('',(121.3,13.5,7.8));
#8066=CARTESIAN_POINT('',(121.3,13.5,12.4));
#8067=CARTESIAN_POINT('Origin',(121.3,13.8,7.4));
#8068=CARTESIAN_POINT('',(153.7,13.5,7.));
#8069=CARTESIAN_POINT('Origin',(153.7,13.8,7.4));
#8070=CARTESIAN_POINT('',(121.3,13.5,7.));
#8071=CARTESIAN_POINT('',(121.3,13.5,7.));
#8072=CARTESIAN_POINT('Origin',(121.3,13.8,7.4));
#8073=CARTESIAN_POINT('Origin',(121.3,13.5,7.));
#8074=CARTESIAN_POINT('',(153.7,13.5,3.60000000000023));
#8075=CARTESIAN_POINT('',(153.7,13.5,7.));
#8076=CARTESIAN_POINT('',(121.3,13.5,3.60000000000023));
#8077=CARTESIAN_POINT('',(121.3,13.5,3.60000000000023));
#8078=CARTESIAN_POINT('',(121.3,13.5,7.));
#8079=CARTESIAN_POINT('Origin',(121.3,13.5,3.60000000000023));
#8080=CARTESIAN_POINT('',(153.7,12.9,3.00000000000023));
#8081=CARTESIAN_POINT('',(153.7,13.5,3.60000000000023));
#8082=CARTESIAN_POINT('',(121.3,12.9,3.00000000000023));
#8083=CARTESIAN_POINT('',(121.3,12.9,3.00000000000023));
#8084=CARTESIAN_POINT('',(121.3,13.5,3.60000000000023));
#8085=CARTESIAN_POINT('Origin',(121.3,12.9,3.00000000000023));
#8086=CARTESIAN_POINT('',(153.7,6.00000000000023,3.00000000000023));
#8087=CARTESIAN_POINT('',(121.3,6.00000000000023,3.00000000000023));
#8088=CARTESIAN_POINT('',(121.3,6.00000000000023,3.00000000000023));
#8089=CARTESIAN_POINT('',(121.3,12.9,3.00000000000023));
#8090=CARTESIAN_POINT('',(153.7,12.9,3.00000000000023));
#8091=CARTESIAN_POINT('Origin',(121.3,6.00000000000023,4.142120421));
#8092=CARTESIAN_POINT('',(153.7,6.00000000000023,4.142120421));
#8093=CARTESIAN_POINT('',(153.7,6.00000000000023,6.04747591215788));
#8094=CARTESIAN_POINT('',(121.3,6.00000000000023,4.142120421));
#8095=CARTESIAN_POINT('',(121.3,6.00000000000023,4.142120421));
#8096=CARTESIAN_POINT('',(121.3,6.00000000000023,6.04747591215789));
#8097=CARTESIAN_POINT('Origin',(121.3,5.75000000000023,4.142120421));
#8098=CARTESIAN_POINT('',(153.7,5.84482758620729,4.37343779798267));
#8099=CARTESIAN_POINT('Origin',(153.7,5.75000000000023,4.142120421));
#8100=CARTESIAN_POINT('',(121.3,5.84482758620729,4.37343779798267));
#8101=CARTESIAN_POINT('',(121.3,5.84482758620729,4.37343779798267));
#8102=CARTESIAN_POINT('Origin',(121.3,5.75000000000023,4.142120421));
#8103=CARTESIAN_POINT('Origin',(121.3,6.30000000000119,5.48376120749948));
#8104=CARTESIAN_POINT('',(153.7,5.26720501128087,4.87275015091033));
#8105=CARTESIAN_POINT('Origin',(153.7,6.30000000000119,5.48376120749948));
#8106=CARTESIAN_POINT('',(121.3,5.26720501128087,4.87275015091033));
#8107=CARTESIAN_POINT('',(121.3,5.26720501128087,4.87275015091033));
#8108=CARTESIAN_POINT('Origin',(121.3,6.30000000000119,5.48376120749948));
#8109=CARTESIAN_POINT('Origin',(121.3,5.0520393886308,4.74545618078759));
#8110=CARTESIAN_POINT('',(153.7,5.07382832431772,4.99450485531053));
#8111=CARTESIAN_POINT('Origin',(153.7,5.0520393886308,4.74545618078759));
#8112=CARTESIAN_POINT('',(121.3,5.07382832431772,4.99450485531053));
#8113=CARTESIAN_POINT('',(121.3,5.07382832431772,4.99450485531053));
#8114=CARTESIAN_POINT('Origin',(121.3,5.0520393886308,4.74545618078759));
#8115=CARTESIAN_POINT('Origin',(121.3,4.72821106431772,5.02474244751053));
#8116=CARTESIAN_POINT('',(153.7,4.72821106431772,5.02474244751053));
#8117=CARTESIAN_POINT('',(153.7,2.26587675277663,5.24016878580291));
#8118=CARTESIAN_POINT('',(121.3,4.72821106431772,5.02474244751053));
#8119=CARTESIAN_POINT('',(121.3,4.72821106431772,5.02474244751053));
#8120=CARTESIAN_POINT('',(121.3,2.26587675277663,5.24016878580291));
#8121=CARTESIAN_POINT('Origin',(121.3,4.75000000000463,5.27379112203346));
#8122=CARTESIAN_POINT('',(153.7,4.50000000000463,5.27379112203346));
#8123=CARTESIAN_POINT('Origin',(153.7,4.75000000000463,5.27379112203346));
#8124=CARTESIAN_POINT('',(121.3,4.50000000000463,5.27379112203346));
#8125=CARTESIAN_POINT('',(121.3,4.50000000000463,5.27379112203346));
#8126=CARTESIAN_POINT('Origin',(121.3,4.75000000000463,5.27379112203346));
#8127=CARTESIAN_POINT('Origin',(121.3,4.50000000000463,5.72621287903346));
#8128=CARTESIAN_POINT('',(153.7,4.50000000000463,5.72621287903346));
#8129=CARTESIAN_POINT('',(153.7,4.50000000000463,6.83952214117462));
#8130=CARTESIAN_POINT('',(121.3,4.50000000000463,5.72621287903346));
#8131=CARTESIAN_POINT('',(121.3,4.50000000000463,5.72621287903346));
#8132=CARTESIAN_POINT('',(121.3,4.50000000000463,6.83952214117462));
#8133=CARTESIAN_POINT('Origin',(121.3,4.75000000000463,5.72621287903346));
#8134=CARTESIAN_POINT('',(153.7,4.72821106431772,5.9752615535564));
#8135=CARTESIAN_POINT('Origin',(153.7,4.75000000000463,5.72621287903346));
#8136=CARTESIAN_POINT('',(121.3,4.72821106431772,5.9752615535564));
#8137=CARTESIAN_POINT('',(121.3,4.72821106431772,5.9752615535564));
#8138=CARTESIAN_POINT('Origin',(121.3,4.75000000000463,5.72621287903346));
#8139=CARTESIAN_POINT('Origin',(121.3,5.09477657021772,6.0073318797564));
#8140=CARTESIAN_POINT('',(153.7,5.09477657021772,6.0073318797564));
#8141=CARTESIAN_POINT('',(153.7,2.66212418375736,5.79450237368095));
#8142=CARTESIAN_POINT('',(121.3,5.09477657021772,6.0073318797564));
#8143=CARTESIAN_POINT('',(121.3,5.09477657021772,6.0073318797564));
#8144=CARTESIAN_POINT('',(121.3,2.66212418375736,5.79450237368095));
#8145=CARTESIAN_POINT('Origin',(121.3,5.0729876345308,6.25638055427934));
#8146=CARTESIAN_POINT('',(153.7,5.28454149064416,6.12317032207637));
#8147=CARTESIAN_POINT('Origin',(153.7,5.0729876345308,6.25638055427934));
#8148=CARTESIAN_POINT('',(121.3,5.28454149064416,6.12317032207637));
#8149=CARTESIAN_POINT('',(121.3,5.28454149064416,6.12317032207637));
#8150=CARTESIAN_POINT('Origin',(121.3,5.0729876345308,6.25638055427934));
#8151=CARTESIAN_POINT('Origin',(121.3,6.29999999998827,5.48376120750211));
#8152=CARTESIAN_POINT('',(153.7,5.84482758619438,6.59408461701892));
#8153=CARTESIAN_POINT('Origin',(153.7,6.29999999998827,5.48376120750211));
#8154=CARTESIAN_POINT('',(121.3,5.84482758619438,6.59408461701892));
#8155=CARTESIAN_POINT('',(121.3,5.84482758619438,6.59408461701892));
#8156=CARTESIAN_POINT('Origin',(121.3,6.29999999998827,5.48376120750211));
#8157=CARTESIAN_POINT('Origin',(121.3,5.74999999998731,6.82540199400159));
#8158=CARTESIAN_POINT('',(153.7,5.99999999998731,6.82540199400159));
#8159=CARTESIAN_POINT('Origin',(153.7,5.74999999998731,6.82540199400159));
#8160=CARTESIAN_POINT('',(121.3,5.99999999998731,6.82540199400159));
#8161=CARTESIAN_POINT('',(121.3,5.99999999998731,6.82540199400159));
#8162=CARTESIAN_POINT('Origin',(121.3,5.74999999998731,6.82540199400159));
#8163=CARTESIAN_POINT('Origin',(121.3,5.99999999998731,7.50000000050159));
#8164=CARTESIAN_POINT('',(153.7,5.99999999998731,7.50000000050159));
#8165=CARTESIAN_POINT('',(153.7,5.99999999998731,7.72641570190868));
#8166=CARTESIAN_POINT('',(121.3,5.99999999998731,7.50000000050159));
#8167=CARTESIAN_POINT('',(121.3,5.99999999998731,7.50000000050159));
#8168=CARTESIAN_POINT('',(121.3,5.99999999998731,7.72641570190868));
#8169=CARTESIAN_POINT('Origin',(121.3,5.49999999998731,8.00000000050159));
#8170=CARTESIAN_POINT('',(153.7,5.49999999998731,8.00000000050159));
#8171=CARTESIAN_POINT('',(153.7,4.14229772579638,9.35770227469252));
#8172=CARTESIAN_POINT('',(121.3,5.49999999998731,8.00000000050159));
#8173=CARTESIAN_POINT('',(121.3,5.49999999998731,8.00000000050159));
#8174=CARTESIAN_POINT('',(121.3,4.14229772579638,9.35770227469252));
#8175=CARTESIAN_POINT('Origin',(121.3,-5.50000000001269,8.00000000050159));
#8176=CARTESIAN_POINT('',(153.7,-5.50000000001269,8.00000000050159));
#8177=CARTESIAN_POINT('',(153.7,-2.73898884698746,8.00000000050159));
#8178=CARTESIAN_POINT('',(121.3,-5.50000000001269,8.00000000050159));
#8179=CARTESIAN_POINT('',(121.3,-5.50000000001269,8.00000000050159));
#8180=CARTESIAN_POINT('',(121.3,-2.73898884698746,8.00000000050159));
#8181=CARTESIAN_POINT('Origin',(121.3,-6.00000000001269,7.50000000050159));
#8182=CARTESIAN_POINT('',(153.7,-6.00000000001269,7.50000000050159));
#8183=CARTESIAN_POINT('',(153.7,-4.38128657279653,9.11871342771775));
#8184=CARTESIAN_POINT('',(121.3,-6.00000000001269,7.50000000050159));
#8185=CARTESIAN_POINT('',(121.3,-6.00000000001269,7.50000000050159));
#8186=CARTESIAN_POINT('',(121.3,-4.38128657279653,9.11871342771775));
#8187=CARTESIAN_POINT('Origin',(121.3,-6.00000000001269,6.82540199400159));
#8188=CARTESIAN_POINT('',(153.7,-6.00000000001269,6.82540199400159));
#8189=CARTESIAN_POINT('',(153.7,-6.00000000001269,7.38911669865868));
#8190=CARTESIAN_POINT('',(121.3,-6.00000000001269,6.82540199400159));
#8191=CARTESIAN_POINT('',(121.3,-6.00000000001269,6.82540199400159));
#8192=CARTESIAN_POINT('',(121.3,-6.00000000001269,7.38911669865868));
#8193=CARTESIAN_POINT('Origin',(121.3,-5.75000000001269,6.82540199400159));
#8194=CARTESIAN_POINT('',(153.7,-5.84482758621975,6.59408461701892));
#8195=CARTESIAN_POINT('Origin',(153.7,-5.75000000001269,6.82540199400159));
#8196=CARTESIAN_POINT('',(121.3,-5.84482758621975,6.59408461701892));
#8197=CARTESIAN_POINT('',(121.3,-5.84482758621975,6.59408461701892));
#8198=CARTESIAN_POINT('Origin',(121.3,-5.75000000001269,6.82540199400159));
#8199=CARTESIAN_POINT('Origin',(121.3,-6.30000000001365,5.48376120750211));
#8200=CARTESIAN_POINT('',(153.7,-5.28454149066954,6.12317032207637));
#8201=CARTESIAN_POINT('Origin',(153.7,-6.30000000001365,5.48376120750211));
#8202=CARTESIAN_POINT('',(121.3,-5.28454149066954,6.12317032207637));
#8203=CARTESIAN_POINT('',(121.3,-5.28454149066954,6.12317032207637));
#8204=CARTESIAN_POINT('Origin',(121.3,-6.30000000001365,5.48376120750211));
#8205=CARTESIAN_POINT('Origin',(121.3,-5.07298763455618,6.25638055427933));
#8206=CARTESIAN_POINT('',(153.7,-5.09477657024309,6.0073318797564));
#8207=CARTESIAN_POINT('Origin',(153.7,-5.07298763455618,6.25638055427933));
#8208=CARTESIAN_POINT('',(121.3,-5.09477657024309,6.0073318797564));
#8209=CARTESIAN_POINT('',(121.3,-5.09477657024309,6.0073318797564));
#8210=CARTESIAN_POINT('Origin',(121.3,-5.07298763455618,6.25638055427933));
#8211=CARTESIAN_POINT('Origin',(121.3,-4.72821106434309,5.9752615535564));
#8212=CARTESIAN_POINT('',(153.7,-4.72821106434309,5.9752615535564));
#8213=CARTESIAN_POINT('',(153.7,-2.45698640893861,5.77655514392446));
#8214=CARTESIAN_POINT('',(121.3,-4.72821106434309,5.9752615535564));
#8215=CARTESIAN_POINT('',(121.3,-4.72821106434309,5.9752615535564));
#8216=CARTESIAN_POINT('',(121.3,-2.45698640893861,5.77655514392446));
#8217=CARTESIAN_POINT('Origin',(121.3,-4.75000000003001,5.72621287903346));
#8218=CARTESIAN_POINT('',(153.7,-4.50000000003001,5.72621287903346));
#8219=CARTESIAN_POINT('Origin',(153.7,-4.75000000003001,5.72621287903346));
#8220=CARTESIAN_POINT('',(121.3,-4.50000000003001,5.72621287903346));
#8221=CARTESIAN_POINT('',(121.3,-4.50000000003001,5.72621287903346));
#8222=CARTESIAN_POINT('Origin',(121.3,-4.75000000003001,5.72621287903346));
#8223=CARTESIAN_POINT('Origin',(121.3,-4.50000000003001,5.27379112203346));
#8224=CARTESIAN_POINT('',(153.7,-4.50000000003001,5.27379112203346));
#8225=CARTESIAN_POINT('',(153.7,-4.50000000003001,6.61331126267462));
#8226=CARTESIAN_POINT('',(121.3,-4.50000000003001,5.27379112203346));
#8227=CARTESIAN_POINT('',(121.3,-4.50000000003001,5.27379112203346));
#8228=CARTESIAN_POINT('',(121.3,-4.50000000003001,6.61331126267462));
#8229=CARTESIAN_POINT('Origin',(121.3,-4.75000000003001,5.27379112203346));
#8230=CARTESIAN_POINT('',(153.7,-4.72821106434309,5.02474244751053));
#8231=CARTESIAN_POINT('Origin',(153.7,-4.75000000003001,5.27379112203346));
#8232=CARTESIAN_POINT('',(121.3,-4.72821106434309,5.02474244751053));
#8233=CARTESIAN_POINT('',(121.3,-4.72821106434309,5.02474244751053));
#8234=CARTESIAN_POINT('Origin',(121.3,-4.75000000003001,5.27379112203346));
#8235=CARTESIAN_POINT('Origin',(121.3,-5.07382832434309,4.99450485531053));
#8236=CARTESIAN_POINT('',(153.7,-5.07382832434309,4.99450485531053));
#8237=CARTESIAN_POINT('',(153.7,-2.41683036090828,5.22696205636169));
#8238=CARTESIAN_POINT('',(121.3,-5.07382832434309,4.99450485531053));
#8239=CARTESIAN_POINT('',(121.3,-5.07382832434309,4.99450485531053));
#8240=CARTESIAN_POINT('',(121.3,-2.41683036090828,5.22696205636169));
#8241=CARTESIAN_POINT('Origin',(121.3,-5.05203938865618,4.74545618078759));
#8242=CARTESIAN_POINT('',(153.7,-5.26720501130624,4.87275015091033));
#8243=CARTESIAN_POINT('Origin',(153.7,-5.05203938865618,4.74545618078759));
#8244=CARTESIAN_POINT('',(121.3,-5.26720501130624,4.87275015091033));
#8245=CARTESIAN_POINT('',(121.3,-5.26720501130624,4.87275015091033));
#8246=CARTESIAN_POINT('Origin',(121.3,-5.05203938865618,4.74545618078759));
#8247=CARTESIAN_POINT('Origin',(121.3,-6.30000000002656,5.48376120749948));
#8248=CARTESIAN_POINT('',(153.7,-5.84482758623267,4.37343779798267));
#8249=CARTESIAN_POINT('Origin',(153.7,-6.30000000002656,5.48376120749948));
#8250=CARTESIAN_POINT('',(121.3,-5.84482758623267,4.37343779798267));
#8251=CARTESIAN_POINT('',(121.3,-5.84482758623267,4.37343779798267));
#8252=CARTESIAN_POINT('Origin',(121.3,-6.30000000002656,5.48376120749948));
#8253=CARTESIAN_POINT('Origin',(121.3,-5.75000000002561,4.142120421));
#8254=CARTESIAN_POINT('',(153.7,-6.00000000002561,4.142120421));
#8255=CARTESIAN_POINT('Origin',(153.7,-5.75000000002561,4.142120421));
#8256=CARTESIAN_POINT('',(121.3,-6.00000000002561,4.142120421));
#8257=CARTESIAN_POINT('',(121.3,-6.00000000002561,4.142120421));
#8258=CARTESIAN_POINT('Origin',(121.3,-5.75000000002561,4.142120421));
#8259=CARTESIAN_POINT('Origin',(121.3,-6.00000000002561,0.500000000000003));
#8260=CARTESIAN_POINT('',(121.3,-6.00000000002561,4.22641570165789));
#8261=CARTESIAN_POINT('',(153.7,-6.00000000002561,4.22641570165788));
#8262=CARTESIAN_POINT('Origin',(147.5,-10.,11.25));
#8263=CARTESIAN_POINT('',(148.7295,-10.,12.7295));
#8264=CARTESIAN_POINT('Origin',(147.5,-10.,12.7295));
#8265=CARTESIAN_POINT('',(148.7295,-10.,11.25));
#8266=CARTESIAN_POINT('Origin',(121.3,-13.5,12.4000000000002));
#8267=CARTESIAN_POINT('',(153.7,-12.9,13.0000000000002));
#8268=CARTESIAN_POINT('',(153.7,-13.5,12.4000000000002));
#8269=CARTESIAN_POINT('',(121.3,-12.9,13.0000000000002));
#8270=CARTESIAN_POINT('',(121.3,-12.9,13.0000000000002));
#8271=CARTESIAN_POINT('',(121.3,-13.5,12.4000000000002));
#8272=CARTESIAN_POINT('Origin',(121.3,0.0220223060377628,7.95283140331577));
#8273=CARTESIAN_POINT('',(121.3,-6.4,13.0000000000002));
#8274=CARTESIAN_POINT('',(121.3,-12.9,13.0000000000002));
#8275=CARTESIAN_POINT('',(121.3,-6.4,13.0000000000002));
#8276=CARTESIAN_POINT('Origin',(121.3,-6.4,13.0000000000002));
#8277=CARTESIAN_POINT('',(153.7,-6.4,13.0000000000002));
#8278=CARTESIAN_POINT('',(153.7,-6.4,13.0000000000002));
#8279=CARTESIAN_POINT('',(121.3,-6.4,13.0000000000002));
#8280=CARTESIAN_POINT('Origin',(153.7,0.0220223060377621,7.95283140331577));
#8281=CARTESIAN_POINT('',(153.7,-12.9,13.0000000000002));
#8282=CARTESIAN_POINT('Origin',(147.5,-10.,12.86475));
#8283=CARTESIAN_POINT('',(149.,-10.,13.));
#8284=CARTESIAN_POINT('',(148.86475,-10.,12.86475));
#8285=CARTESIAN_POINT('Origin',(147.5,-10.,13.0000000000002));
#8286=CARTESIAN_POINT('Origin',(121.3,-12.9,13.0000000000002));
#8287=CARTESIAN_POINT('',(129.,-10.,13.));
#8288=CARTESIAN_POINT('Origin',(127.5,-10.,13.0000000000002));
#8289=CARTESIAN_POINT('Origin',(127.5,-10.,12.86475));
#8290=CARTESIAN_POINT('',(128.7295,-10.,12.7295));
#8291=CARTESIAN_POINT('Origin',(127.5,-10.,12.7295));
#8292=CARTESIAN_POINT('',(128.86475,-10.,12.86475));
#8293=CARTESIAN_POINT('Origin',(127.5,-10.,11.25));
#8294=CARTESIAN_POINT('',(128.7295,-10.,9.7705));
#8295=CARTESIAN_POINT('',(128.7295,-10.,11.25));
#8296=CARTESIAN_POINT('Origin',(127.5,-10.,9.7705));
#8297=CARTESIAN_POINT('Origin',(127.5,-10.,9.63525));
#8298=CARTESIAN_POINT('',(129.,-10.,9.5));
#8299=CARTESIAN_POINT('',(128.86475,-10.,9.63525));
#8300=CARTESIAN_POINT('Origin',(127.5,-10.,9.5));
#8301=CARTESIAN_POINT('Origin',(128.86475,-10.,9.5));
#8302=CARTESIAN_POINT('',(126.2705,-10.,9.5));
#8303=CARTESIAN_POINT('Origin',(127.5,-10.,9.5));
#8304=CARTESIAN_POINT('Origin',(127.5,-10.,9.0625));
#8305=CARTESIAN_POINT('',(126.2705,-10.,8.625));
#8306=CARTESIAN_POINT('',(126.2705,-10.,9.0625));
#8307=CARTESIAN_POINT('Origin',(127.5,-10.,8.625));
#8308=CARTESIAN_POINT('Origin',(127.5,-10.,8.317625));
#8309=CARTESIAN_POINT('',(127.5,-10.,8.01025));
#8310=CARTESIAN_POINT('',(126.88525,-10.,8.317625));
#8311=CARTESIAN_POINT('Origin',(116.,-6.9,10.));
#8312=CARTESIAN_POINT('',(116.,-6.72,9.82));
#8313=CARTESIAN_POINT('',(116.,-6.72,9.05));
#8314=CARTESIAN_POINT('',(116.,-6.72,10.));
#8315=CARTESIAN_POINT('',(116.,-7.08,9.05));
#8316=CARTESIAN_POINT('',(116.,-6.9,9.05));
#8317=CARTESIAN_POINT('',(116.,-7.08,9.82));
#8318=CARTESIAN_POINT('',(116.,-7.08,10.));
#8319=CARTESIAN_POINT('',(116.,-7.85,9.82));
#8320=CARTESIAN_POINT('',(116.,-6.9,9.82));
#8321=CARTESIAN_POINT('',(116.,-7.85,10.18));
#8322=CARTESIAN_POINT('',(116.,-7.85,10.));
#8323=CARTESIAN_POINT('',(116.,-7.08,10.18));
#8324=CARTESIAN_POINT('',(116.,-6.9,10.18));
#8325=CARTESIAN_POINT('',(116.,-7.08,10.95));
#8326=CARTESIAN_POINT('',(116.,-7.08,10.));
#8327=CARTESIAN_POINT('',(116.,-6.72,10.95));
#8328=CARTESIAN_POINT('',(116.,-6.9,10.95));
#8329=CARTESIAN_POINT('',(116.,-6.72,10.18));
#8330=CARTESIAN_POINT('',(116.,-6.72,10.));
#8331=CARTESIAN_POINT('',(116.,-5.95,10.18));
#8332=CARTESIAN_POINT('',(116.,-6.9,10.18));
#8333=CARTESIAN_POINT('',(116.,-5.95,9.82));
#8334=CARTESIAN_POINT('',(116.,-5.95,10.));
#8335=CARTESIAN_POINT('',(116.,-6.9,9.82));
#8336=CARTESIAN_POINT('Origin',(115.4,-6.72,10.));
#8337=CARTESIAN_POINT('',(114.811902430206,-6.72,10.18));
#8338=CARTESIAN_POINT('',(115.4,-6.72,10.18));
#8339=CARTESIAN_POINT('',(114.977095476809,-6.72,10.95));
#8340=CARTESIAN_POINT('',(115.4,-6.72,10.95));
#8341=CARTESIAN_POINT('Origin',(117.528084379446,-6.72,10.));
#8342=CARTESIAN_POINT('Origin',(115.4,-6.9,10.18));
#8343=CARTESIAN_POINT('',(114.977095476809,-5.95,10.18));
#8344=CARTESIAN_POINT('Origin',(117.528084379446,-6.9,10.18));
#8345=CARTESIAN_POINT('',(115.4,-5.95,10.18));
#8346=CARTESIAN_POINT('Origin',(115.4,-5.95,10.));
#8347=CARTESIAN_POINT('',(114.977095476809,-5.95,9.82));
#8348=CARTESIAN_POINT('Origin',(117.528084379446,-5.95,10.));
#8349=CARTESIAN_POINT('',(115.4,-5.95,9.82));
#8350=CARTESIAN_POINT('Origin',(115.4,-6.9,9.82));
#8351=CARTESIAN_POINT('',(114.811902430206,-6.72,9.82));
#8352=CARTESIAN_POINT('Origin',(117.528084379446,-6.9,9.82));
#8353=CARTESIAN_POINT('',(115.4,-6.72,9.82));
#8354=CARTESIAN_POINT('Origin',(115.4,-6.72,10.));
#8355=CARTESIAN_POINT('',(114.977095476809,-6.72,9.05));
#8356=CARTESIAN_POINT('Origin',(117.528084379446,-6.72,10.));
#8357=CARTESIAN_POINT('',(115.4,-6.72,9.05));
#8358=CARTESIAN_POINT('Origin',(115.4,-6.9,9.05));
#8359=CARTESIAN_POINT('',(114.977095476809,-7.08,9.05));
#8360=CARTESIAN_POINT('Origin',(117.528084379446,-6.9,9.05));
#8361=CARTESIAN_POINT('',(115.4,-7.08,9.05));
#8362=CARTESIAN_POINT('Origin',(115.4,-7.08,10.));
#8363=CARTESIAN_POINT('',(114.811902430206,-7.08,9.82));
#8364=CARTESIAN_POINT('',(115.4,-7.08,9.82));
#8365=CARTESIAN_POINT('Origin',(117.528084379446,-7.08,10.));
#8366=CARTESIAN_POINT('Origin',(115.4,-6.9,9.82));
#8367=CARTESIAN_POINT('',(114.977095476809,-7.85,9.82));
#8368=CARTESIAN_POINT('Origin',(117.528084379446,-6.9,9.82));
#8369=CARTESIAN_POINT('',(115.4,-7.85,9.82));
#8370=CARTESIAN_POINT('Origin',(115.4,-7.85,10.));
#8371=CARTESIAN_POINT('',(114.977095476809,-7.85,10.18));
#8372=CARTESIAN_POINT('Origin',(117.528084379446,-7.85,10.));
#8373=CARTESIAN_POINT('',(115.4,-7.85,10.18));
#8374=CARTESIAN_POINT('Origin',(115.4,-6.9,10.18));
#8375=CARTESIAN_POINT('',(114.811902430206,-7.08,10.18));
#8376=CARTESIAN_POINT('Origin',(117.528084379446,-6.9,10.18));
#8377=CARTESIAN_POINT('',(115.4,-7.08,10.18));
#8378=CARTESIAN_POINT('Origin',(115.4,-7.08,10.));
#8379=CARTESIAN_POINT('',(114.977095476809,-7.08,10.95));
#8380=CARTESIAN_POINT('Origin',(117.528084379446,-7.08,10.));
#8381=CARTESIAN_POINT('',(115.4,-7.08,10.95));
#8382=CARTESIAN_POINT('Origin',(115.4,-6.9,10.95));
#8383=CARTESIAN_POINT('Origin',(117.528084379446,-6.9,10.95));
#8384=CARTESIAN_POINT('Origin',(117.528084379446,-6.9,10.));
#8385=CARTESIAN_POINT('',(115.6,-6.9,8.06999093082073));
#8386=CARTESIAN_POINT('Origin',(115.6,-6.9,10.));
#8387=CARTESIAN_POINT('Origin',(116.4,-6.9,11.));
#8388=CARTESIAN_POINT('',(116.4,-6.90000000000007,8.));
#8389=CARTESIAN_POINT('Origin',(116.4,-6.9,10.));
#8390=CARTESIAN_POINT('Origin',(116.,-6.9,10.));
#8391=CARTESIAN_POINT('',(116.,-6.90000000000007,8.03499546541037));
#8392=CARTESIAN_POINT('Origin',(116.,6.9,10.));
#8393=CARTESIAN_POINT('',(116.,7.08,9.82));
#8394=CARTESIAN_POINT('',(116.,7.08,9.05));
#8395=CARTESIAN_POINT('',(116.,7.08,10.));
#8396=CARTESIAN_POINT('',(116.,6.72,9.05));
#8397=CARTESIAN_POINT('',(116.,6.9,9.05));
#8398=CARTESIAN_POINT('',(116.,6.72,9.82));
#8399=CARTESIAN_POINT('',(116.,6.72,10.));
#8400=CARTESIAN_POINT('',(116.,5.95,9.82));
#8401=CARTESIAN_POINT('',(116.,6.9,9.82));
#8402=CARTESIAN_POINT('',(116.,5.95,10.18));
#8403=CARTESIAN_POINT('',(116.,5.95,10.));
#8404=CARTESIAN_POINT('',(116.,6.72,10.18));
#8405=CARTESIAN_POINT('',(116.,6.9,10.18));
#8406=CARTESIAN_POINT('',(116.,6.72,10.95));
#8407=CARTESIAN_POINT('',(116.,6.72,10.));
#8408=CARTESIAN_POINT('',(116.,7.08,10.95));
#8409=CARTESIAN_POINT('',(116.,6.9,10.95));
#8410=CARTESIAN_POINT('',(116.,7.08,10.18));
#8411=CARTESIAN_POINT('',(116.,7.08,10.));
#8412=CARTESIAN_POINT('',(116.,7.85,10.18));
#8413=CARTESIAN_POINT('',(116.,6.9,10.18));
#8414=CARTESIAN_POINT('',(116.,7.85,9.82));
#8415=CARTESIAN_POINT('',(116.,7.85,10.));
#8416=CARTESIAN_POINT('',(116.,6.9,9.82));
#8417=CARTESIAN_POINT('Origin',(115.4,7.08,10.));
#8418=CARTESIAN_POINT('',(114.811902430206,7.08,10.18));
#8419=CARTESIAN_POINT('',(115.4,7.08,10.18));
#8420=CARTESIAN_POINT('',(114.977095476809,7.08,10.95));
#8421=CARTESIAN_POINT('',(115.4,7.08,10.95));
#8422=CARTESIAN_POINT('Origin',(117.528084379446,7.08,10.));
#8423=CARTESIAN_POINT('Origin',(115.4,6.9,10.18));
#8424=CARTESIAN_POINT('',(114.977095476809,7.85,10.18));
#8425=CARTESIAN_POINT('Origin',(117.528084379446,6.9,10.18));
#8426=CARTESIAN_POINT('',(115.4,7.85,10.18));
#8427=CARTESIAN_POINT('Origin',(115.4,7.85,10.));
#8428=CARTESIAN_POINT('',(114.977095476809,7.85,9.82));
#8429=CARTESIAN_POINT('Origin',(117.528084379446,7.85,10.));
#8430=CARTESIAN_POINT('',(115.4,7.85,9.82));
#8431=CARTESIAN_POINT('Origin',(115.4,6.9,9.82));
#8432=CARTESIAN_POINT('',(114.811902430206,7.08,9.82));
#8433=CARTESIAN_POINT('Origin',(117.528084379446,6.9,9.82));
#8434=CARTESIAN_POINT('',(115.4,7.08,9.82));
#8435=CARTESIAN_POINT('Origin',(115.4,7.08,10.));
#8436=CARTESIAN_POINT('',(114.977095476809,7.08,9.05));
#8437=CARTESIAN_POINT('Origin',(117.528084379446,7.08,10.));
#8438=CARTESIAN_POINT('',(115.4,7.08,9.05));
#8439=CARTESIAN_POINT('Origin',(115.4,6.9,9.05));
#8440=CARTESIAN_POINT('',(114.977095476809,6.72,9.05));
#8441=CARTESIAN_POINT('Origin',(117.528084379446,6.9,9.05));
#8442=CARTESIAN_POINT('',(115.4,6.72,9.05));
#8443=CARTESIAN_POINT('Origin',(115.4,6.72,10.));
#8444=CARTESIAN_POINT('',(114.811902430206,6.72,9.82));
#8445=CARTESIAN_POINT('',(115.4,6.72,9.82));
#8446=CARTESIAN_POINT('Origin',(117.528084379446,6.72,10.));
#8447=CARTESIAN_POINT('Origin',(115.4,6.9,9.82));
#8448=CARTESIAN_POINT('',(114.977095476809,5.95,9.82));
#8449=CARTESIAN_POINT('Origin',(117.528084379446,6.9,9.82));
#8450=CARTESIAN_POINT('',(115.4,5.95,9.82));
#8451=CARTESIAN_POINT('Origin',(115.4,5.95,10.));
#8452=CARTESIAN_POINT('',(114.977095476809,5.95,10.18));
#8453=CARTESIAN_POINT('Origin',(117.528084379446,5.95,10.));
#8454=CARTESIAN_POINT('',(115.4,5.95,10.18));
#8455=CARTESIAN_POINT('Origin',(115.4,6.9,10.18));
#8456=CARTESIAN_POINT('',(114.811902430206,6.72,10.18));
#8457=CARTESIAN_POINT('Origin',(117.528084379446,6.9,10.18));
#8458=CARTESIAN_POINT('',(115.4,6.72,10.18));
#8459=CARTESIAN_POINT('Origin',(115.4,6.72,10.));
#8460=CARTESIAN_POINT('',(114.977095476809,6.72,10.95));
#8461=CARTESIAN_POINT('Origin',(117.528084379446,6.72,10.));
#8462=CARTESIAN_POINT('',(115.4,6.72,10.95));
#8463=CARTESIAN_POINT('Origin',(115.4,6.9,10.95));
#8464=CARTESIAN_POINT('Origin',(117.528084379446,6.9,10.95));
#8465=CARTESIAN_POINT('Origin',(117.528084379446,6.9,10.));
#8466=CARTESIAN_POINT('',(115.6,6.9,8.06999093082073));
#8467=CARTESIAN_POINT('Origin',(115.6,6.9,10.));
#8468=CARTESIAN_POINT('Origin',(116.4,6.9,11.));
#8469=CARTESIAN_POINT('',(116.4,6.89999999999993,8.));
#8470=CARTESIAN_POINT('Origin',(116.4,6.9,10.));
#8471=CARTESIAN_POINT('Origin',(116.,6.9,10.));
#8472=CARTESIAN_POINT('',(116.,6.89999999999993,8.03499546541037));
#8473=CARTESIAN_POINT('Origin',(159.,-6.9,10.));
#8474=CARTESIAN_POINT('',(159.,-7.08,9.82));
#8475=CARTESIAN_POINT('',(159.,-7.08,9.05));
#8476=CARTESIAN_POINT('',(159.,-7.08,10.));
#8477=CARTESIAN_POINT('',(159.,-6.72,9.05));
#8478=CARTESIAN_POINT('',(159.,-6.9,9.05));
#8479=CARTESIAN_POINT('',(159.,-6.72,9.82));
#8480=CARTESIAN_POINT('',(159.,-6.72,10.));
#8481=CARTESIAN_POINT('',(159.,-5.95,9.82));
#8482=CARTESIAN_POINT('',(159.,-6.9,9.82));
#8483=CARTESIAN_POINT('',(159.,-5.95,10.18));
#8484=CARTESIAN_POINT('',(159.,-5.95,10.));
#8485=CARTESIAN_POINT('',(159.,-6.72,10.18));
#8486=CARTESIAN_POINT('',(159.,-6.9,10.18));
#8487=CARTESIAN_POINT('',(159.,-6.72,10.95));
#8488=CARTESIAN_POINT('',(159.,-6.72,10.));
#8489=CARTESIAN_POINT('',(159.,-7.08,10.95));
#8490=CARTESIAN_POINT('',(159.,-6.9,10.95));
#8491=CARTESIAN_POINT('',(159.,-7.08,10.18));
#8492=CARTESIAN_POINT('',(159.,-7.08,10.));
#8493=CARTESIAN_POINT('',(159.,-7.85,10.18));
#8494=CARTESIAN_POINT('',(159.,-6.9,10.18));
#8495=CARTESIAN_POINT('',(159.,-7.85,9.82));
#8496=CARTESIAN_POINT('',(159.,-7.85,10.));
#8497=CARTESIAN_POINT('',(159.,-6.9,9.82));
#8498=CARTESIAN_POINT('Origin',(159.6,-7.08,10.));
#8499=CARTESIAN_POINT('',(160.188097569794,-7.08,10.18));
#8500=CARTESIAN_POINT('',(159.6,-7.08,10.18));
#8501=CARTESIAN_POINT('',(160.022904523191,-7.08,10.95));
#8502=CARTESIAN_POINT('',(159.6,-7.08,10.95));
#8503=CARTESIAN_POINT('Origin',(157.471915620554,-7.08,10.));
#8504=CARTESIAN_POINT('Origin',(159.6,-6.9,10.18));
#8505=CARTESIAN_POINT('',(160.022904523191,-7.85,10.18));
#8506=CARTESIAN_POINT('Origin',(157.471915620554,-6.9,10.18));
#8507=CARTESIAN_POINT('',(159.6,-7.85,10.18));
#8508=CARTESIAN_POINT('Origin',(159.6,-7.85,10.));
#8509=CARTESIAN_POINT('',(160.022904523191,-7.85,9.82));
#8510=CARTESIAN_POINT('Origin',(157.471915620554,-7.85,10.));
#8511=CARTESIAN_POINT('',(159.6,-7.85,9.82));
#8512=CARTESIAN_POINT('Origin',(159.6,-6.9,9.82));
#8513=CARTESIAN_POINT('',(160.188097569794,-7.08,9.82));
#8514=CARTESIAN_POINT('Origin',(157.471915620554,-6.9,9.82));
#8515=CARTESIAN_POINT('',(159.6,-7.08,9.82));
#8516=CARTESIAN_POINT('Origin',(159.6,-7.08,10.));
#8517=CARTESIAN_POINT('',(160.022904523191,-7.08,9.05));
#8518=CARTESIAN_POINT('Origin',(157.471915620554,-7.08,10.));
#8519=CARTESIAN_POINT('',(159.6,-7.08,9.05));
#8520=CARTESIAN_POINT('Origin',(159.6,-6.9,9.05));
#8521=CARTESIAN_POINT('',(160.022904523191,-6.72,9.05));
#8522=CARTESIAN_POINT('Origin',(157.471915620554,-6.9,9.05));
#8523=CARTESIAN_POINT('',(159.6,-6.72,9.05));
#8524=CARTESIAN_POINT('Origin',(159.6,-6.72,10.));
#8525=CARTESIAN_POINT('',(160.188097569794,-6.72,9.82));
#8526=CARTESIAN_POINT('',(159.6,-6.72,9.82));
#8527=CARTESIAN_POINT('Origin',(157.471915620554,-6.72,10.));
#8528=CARTESIAN_POINT('Origin',(159.6,-6.9,9.82));
#8529=CARTESIAN_POINT('',(160.022904523191,-5.95,9.82));
#8530=CARTESIAN_POINT('Origin',(157.471915620554,-6.9,9.82));
#8531=CARTESIAN_POINT('',(159.6,-5.95,9.82));
#8532=CARTESIAN_POINT('Origin',(159.6,-5.95,10.));
#8533=CARTESIAN_POINT('',(160.022904523191,-5.95,10.18));
#8534=CARTESIAN_POINT('Origin',(157.471915620554,-5.95,10.));
#8535=CARTESIAN_POINT('',(159.6,-5.95,10.18));
#8536=CARTESIAN_POINT('Origin',(159.6,-6.9,10.18));
#8537=CARTESIAN_POINT('',(160.188097569794,-6.72,10.18));
#8538=CARTESIAN_POINT('Origin',(157.471915620554,-6.9,10.18));
#8539=CARTESIAN_POINT('',(159.6,-6.72,10.18));
#8540=CARTESIAN_POINT('Origin',(159.6,-6.72,10.));
#8541=CARTESIAN_POINT('',(160.022904523191,-6.72,10.95));
#8542=CARTESIAN_POINT('Origin',(157.471915620554,-6.72,10.));
#8543=CARTESIAN_POINT('',(159.6,-6.72,10.95));
#8544=CARTESIAN_POINT('Origin',(159.6,-6.9,10.95));
#8545=CARTESIAN_POINT('Origin',(157.471915620554,-6.9,10.95));
#8546=CARTESIAN_POINT('Origin',(157.471915620554,-6.9,10.));
#8547=CARTESIAN_POINT('',(159.4,-6.9,8.06999093082073));
#8548=CARTESIAN_POINT('Origin',(159.4,-6.9,10.));
#8549=CARTESIAN_POINT('Origin',(158.6,-6.9,11.));
#8550=CARTESIAN_POINT('',(158.6,-6.89999999999993,8.));
#8551=CARTESIAN_POINT('Origin',(158.6,-6.9,10.));
#8552=CARTESIAN_POINT('Origin',(159.,-6.9,10.));
#8553=CARTESIAN_POINT('',(159.,-6.89999999999993,8.03499546541037));
#8554=CARTESIAN_POINT('Origin',(121.3,-2.77555756156289E-17,7.74532241208203));
#8555=CARTESIAN_POINT('',(121.3,-6.00000000002561,3.));
#8556=CARTESIAN_POINT('',(121.3,-6.00000000002561,4.142120421));
#8557=CARTESIAN_POINT('',(121.3,-6.00000000002561,4.12266120604101));
#8558=CARTESIAN_POINT('',(121.3,-5.84482758623267,4.37343779798267));
#8559=CARTESIAN_POINT('Origin',(121.3,-5.75000000002561,4.142120421));
#8560=CARTESIAN_POINT('',(121.3,-5.26720501130624,4.87275015091033));
#8561=CARTESIAN_POINT('Origin',(121.3,-6.30000000002656,5.48376120749948));
#8562=CARTESIAN_POINT('',(121.3,-5.07382832434309,4.99450485531053));
#8563=CARTESIAN_POINT('Origin',(121.3,-5.05203938865618,4.74545618078759));
#8564=CARTESIAN_POINT('',(121.3,-4.72821106434309,5.02474244751053));
#8565=CARTESIAN_POINT('',(121.3,-2.43676626140228,5.22521789106949));
#8566=CARTESIAN_POINT('',(121.3,-4.50000000003001,5.27379112203346));
#8567=CARTESIAN_POINT('Origin',(121.3,-4.75000000003001,5.27379112203346));
#8568=CARTESIAN_POINT('',(121.3,-4.50000000003001,5.72621287903346));
#8569=CARTESIAN_POINT('',(121.3,-4.50000000003001,6.50955676705774));
#8570=CARTESIAN_POINT('',(121.3,-4.72821106434309,5.9752615535564));
#8571=CARTESIAN_POINT('Origin',(121.3,-4.75000000003001,5.72621287903346));
#8572=CARTESIAN_POINT('',(121.3,-5.09477657024309,6.0073318797564));
#8573=CARTESIAN_POINT('',(121.3,-2.4589055303367,5.77672304529069));
#8574=CARTESIAN_POINT('',(121.3,-5.28454149066954,6.12317032207637));
#8575=CARTESIAN_POINT('Origin',(121.3,-5.07298763455618,6.25638055427933));
#8576=CARTESIAN_POINT('',(121.3,-5.84482758621975,6.59408461701892));
#8577=CARTESIAN_POINT('Origin',(121.3,-6.30000000001365,5.48376120750211));
#8578=CARTESIAN_POINT('',(121.3,-6.00000000001269,6.82540199400159));
#8579=CARTESIAN_POINT('Origin',(121.3,-5.75000000001269,6.82540199400159));
#8580=CARTESIAN_POINT('',(121.3,-6.00000000001269,7.50000000050159));
#8581=CARTESIAN_POINT('',(121.3,-6.00000000001269,7.28536220304181));
#8582=CARTESIAN_POINT('',(121.3,-5.50000000001269,8.00000000050159));
#8583=CARTESIAN_POINT('',(121.3,-4.43866939711441,9.06133060339987));
#8584=CARTESIAN_POINT('',(121.3,5.49999999998731,8.00000000050159));
#8585=CARTESIAN_POINT('',(121.3,-2.75000000000634,8.00000000050159));
#8586=CARTESIAN_POINT('',(121.3,5.99999999998731,7.50000000050159));
#8587=CARTESIAN_POINT('',(121.3,4.18866939709538,9.31133060339353));
#8588=CARTESIAN_POINT('',(121.3,5.99999999998731,6.82540199400159));
#8589=CARTESIAN_POINT('',(121.3,5.99999999998731,7.62266120629181));
#8590=CARTESIAN_POINT('',(121.3,5.84482758619438,6.59408461701892));
#8591=CARTESIAN_POINT('Origin',(121.3,5.74999999998731,6.82540199400159));
#8592=CARTESIAN_POINT('',(121.3,5.28454149064416,6.12317032207637));
#8593=CARTESIAN_POINT('Origin',(121.3,6.29999999998827,5.48376120750211));
#8594=CARTESIAN_POINT('',(121.3,5.09477657021772,6.0073318797564));
#8595=CARTESIAN_POINT('Origin',(121.3,5.0729876345308,6.25638055427934));
#8596=CARTESIAN_POINT('',(121.3,4.72821106431772,5.9752615535564));
#8597=CARTESIAN_POINT('',(121.3,2.64218828327391,5.79275820839179));
#8598=CARTESIAN_POINT('',(121.3,4.50000000000463,5.72621287903346));
#8599=CARTESIAN_POINT('Origin',(121.3,4.75000000000463,5.72621287903346));
#8600=CARTESIAN_POINT('',(121.3,4.50000000000463,5.27379112203346));
#8601=CARTESIAN_POINT('',(121.3,4.50000000000463,6.73576764555774));
#8602=CARTESIAN_POINT('',(121.3,4.72821106431772,5.02474244751053));
#8603=CARTESIAN_POINT('Origin',(121.3,4.75000000000463,5.27379112203346));
#8604=CARTESIAN_POINT('',(121.3,5.07382832431772,4.99450485531053));
#8605=CARTESIAN_POINT('',(121.3,2.2639576313895,5.24033668716839));
#8606=CARTESIAN_POINT('',(121.3,5.26720501128087,4.87275015091033));
#8607=CARTESIAN_POINT('Origin',(121.3,5.0520393886308,4.74545618078759));
#8608=CARTESIAN_POINT('',(121.3,5.84482758620729,4.37343779798267));
#8609=CARTESIAN_POINT('Origin',(121.3,6.30000000000119,5.48376120749948));
#8610=CARTESIAN_POINT('',(121.3,6.00000000000023,4.142120421));
#8611=CARTESIAN_POINT('Origin',(121.3,5.75000000000023,4.142120421));
#8612=CARTESIAN_POINT('',(121.3,6.00000000000023,3.));
#8613=CARTESIAN_POINT('',(121.3,6.00000000000023,5.94372141654101));
#8614=CARTESIAN_POINT('',(121.3,12.6,3.));
#8615=CARTESIAN_POINT('',(121.3,0.,3.));
#8616=CARTESIAN_POINT('',(121.3,13.2,3.6));
#8617=CARTESIAN_POINT('',(121.3,13.2,3.6));
#8618=CARTESIAN_POINT('',(121.3,13.2,11.4));
#8619=CARTESIAN_POINT('',(121.3,13.2,11.4));
#8620=CARTESIAN_POINT('',(121.3,12.,12.6));
#8621=CARTESIAN_POINT('',(121.3,12.,12.6));
#8622=CARTESIAN_POINT('',(121.3,-12.,12.6));
#8623=CARTESIAN_POINT('',(121.3,0.,12.6));
#8624=CARTESIAN_POINT('',(121.3,-13.2,11.4));
#8625=CARTESIAN_POINT('',(121.3,-13.2,11.4));
#8626=CARTESIAN_POINT('',(121.3,-13.2,3.6));
#8627=CARTESIAN_POINT('',(121.3,-13.2,3.6));
#8628=CARTESIAN_POINT('',(121.3,-12.6,3.));
#8629=CARTESIAN_POINT('',(121.3,-12.6,3.));
#8630=CARTESIAN_POINT('',(121.3,0.,3.));
#8631=CARTESIAN_POINT('Origin',(116.4,-6.9,10.));
#8632=CARTESIAN_POINT('',(116.4,-6.9,7.9));
#8633=CARTESIAN_POINT('Origin',(116.4,-6.9,10.));
#8634=CARTESIAN_POINT('Origin',(116.3,-5.75000000002561,4.142120421));
#8635=CARTESIAN_POINT('',(116.3,-6.00000000002561,4.142120421));
#8636=CARTESIAN_POINT('',(116.3,-6.00000000002561,4.142120421));
#8637=CARTESIAN_POINT('',(116.3,-5.84482758623267,4.37343779798267));
#8638=CARTESIAN_POINT('Origin',(116.3,-5.75000000002561,4.142120421));
#8639=CARTESIAN_POINT('',(116.3,-5.84482758623267,4.37343779798267));
#8640=CARTESIAN_POINT('Origin',(116.3,-6.30000000002656,5.48376120749948));
#8641=CARTESIAN_POINT('',(116.3,-5.26720501130624,4.87275015091033));
#8642=CARTESIAN_POINT('Origin',(116.3,-6.30000000002656,5.48376120749948));
#8643=CARTESIAN_POINT('',(116.3,-5.26720501130624,4.87275015091033));
#8644=CARTESIAN_POINT('Origin',(116.3,-5.05203938865618,4.74545618078759));
#8645=CARTESIAN_POINT('',(116.3,-5.07382832434309,4.99450485531053));
#8646=CARTESIAN_POINT('Origin',(116.3,-5.05203938865618,4.74545618078759));
#8647=CARTESIAN_POINT('',(116.3,-5.07382832434309,4.99450485531053));
#8648=CARTESIAN_POINT('Origin',(116.3,-5.07382832434309,4.99450485531053));
#8649=CARTESIAN_POINT('',(116.3,-4.72821106434309,5.02474244751053));
#8650=CARTESIAN_POINT('',(116.3,-2.43676626140228,5.22521789106949));
#8651=CARTESIAN_POINT('',(116.3,-4.72821106434309,5.02474244751053));
#8652=CARTESIAN_POINT('Origin',(116.3,-4.75000000003001,5.27379112203346));
#8653=CARTESIAN_POINT('',(116.3,-4.50000000003001,5.27379112203346));
#8654=CARTESIAN_POINT('Origin',(116.3,-4.75000000003001,5.27379112203346));
#8655=CARTESIAN_POINT('',(116.3,-4.50000000003001,5.27379112203346));
#8656=CARTESIAN_POINT('Origin',(116.3,-4.50000000003001,5.27379112203346));
#8657=CARTESIAN_POINT('',(116.3,-4.50000000003001,5.72621287903346));
#8658=CARTESIAN_POINT('',(116.3,-4.50000000003001,6.50955676705774));
#8659=CARTESIAN_POINT('',(116.3,-4.50000000003001,5.72621287903346));
#8660=CARTESIAN_POINT('Origin',(116.3,-4.75000000003001,5.72621287903346));
#8661=CARTESIAN_POINT('',(116.3,-4.72821106434309,5.9752615535564));
#8662=CARTESIAN_POINT('Origin',(116.3,-4.75000000003001,5.72621287903346));
#8663=CARTESIAN_POINT('',(116.3,-4.72821106434309,5.9752615535564));
#8664=CARTESIAN_POINT('Origin',(116.3,-4.72821106434309,5.9752615535564));
#8665=CARTESIAN_POINT('',(116.3,-5.09477657024309,6.0073318797564));
#8666=CARTESIAN_POINT('',(116.3,-2.4589055303367,5.77672304529069));
#8667=CARTESIAN_POINT('',(116.3,-5.09477657024309,6.0073318797564));
#8668=CARTESIAN_POINT('Origin',(116.3,-5.07298763455618,6.25638055427933));
#8669=CARTESIAN_POINT('',(116.3,-5.28454149066954,6.12317032207637));
#8670=CARTESIAN_POINT('Origin',(116.3,-5.07298763455618,6.25638055427933));
#8671=CARTESIAN_POINT('',(116.3,-5.28454149066954,6.12317032207637));
#8672=CARTESIAN_POINT('Origin',(116.3,-6.30000000001365,5.48376120750211));
#8673=CARTESIAN_POINT('',(116.3,-5.84482758621975,6.59408461701892));
#8674=CARTESIAN_POINT('Origin',(116.3,-6.30000000001365,5.48376120750211));
#8675=CARTESIAN_POINT('',(116.3,-5.84482758621975,6.59408461701892));
#8676=CARTESIAN_POINT('Origin',(116.3,-5.75000000001269,6.82540199400159));
#8677=CARTESIAN_POINT('',(116.3,-6.00000000001269,6.82540199400159));
#8678=CARTESIAN_POINT('Origin',(116.3,-5.75000000001269,6.82540199400159));
#8679=CARTESIAN_POINT('',(116.3,-6.00000000001269,6.82540199400159));
#8680=CARTESIAN_POINT('Origin',(116.3,-6.00000000001269,6.82540199400159));
#8681=CARTESIAN_POINT('',(116.3,-6.00000000001269,7.50000000050159));
#8682=CARTESIAN_POINT('',(116.3,-6.00000000001269,7.28536220304181));
#8683=CARTESIAN_POINT('',(116.3,-6.00000000001269,7.50000000050159));
#8684=CARTESIAN_POINT('Origin',(116.3,-6.00000000001269,7.50000000050159));
#8685=CARTESIAN_POINT('',(116.3,-5.50000000001269,8.00000000050159));
#8686=CARTESIAN_POINT('',(116.3,-4.43866939711441,9.06133060339987));
#8687=CARTESIAN_POINT('',(116.3,-5.50000000001269,8.00000000050159));
#8688=CARTESIAN_POINT('Origin',(116.3,-5.50000000001269,8.00000000050159));
#8689=CARTESIAN_POINT('',(116.3,5.49999999998731,8.00000000050159));
#8690=CARTESIAN_POINT('',(116.3,-2.75000000000634,8.00000000050159));
#8691=CARTESIAN_POINT('',(116.3,5.49999999998731,8.00000000050159));
#8692=CARTESIAN_POINT('Origin',(116.3,5.49999999998731,8.00000000050159));
#8693=CARTESIAN_POINT('',(116.3,5.99999999998731,7.50000000050159));
#8694=CARTESIAN_POINT('',(116.3,4.18866939709538,9.31133060339353));
#8695=CARTESIAN_POINT('',(116.3,5.99999999998731,7.50000000050159));
#8696=CARTESIAN_POINT('Origin',(116.3,5.99999999998731,7.50000000050159));
#8697=CARTESIAN_POINT('',(116.3,5.99999999998731,6.82540199400159));
#8698=CARTESIAN_POINT('',(116.3,5.99999999998731,7.62266120629181));
#8699=CARTESIAN_POINT('',(116.3,5.99999999998731,6.82540199400159));
#8700=CARTESIAN_POINT('Origin',(116.3,5.74999999998731,6.82540199400159));
#8701=CARTESIAN_POINT('',(116.3,5.84482758619438,6.59408461701892));
#8702=CARTESIAN_POINT('Origin',(116.3,5.74999999998731,6.82540199400159));
#8703=CARTESIAN_POINT('',(116.3,5.84482758619438,6.59408461701892));
#8704=CARTESIAN_POINT('Origin',(116.3,6.29999999998827,5.48376120750211));
#8705=CARTESIAN_POINT('',(116.3,5.28454149064416,6.12317032207637));
#8706=CARTESIAN_POINT('Origin',(116.3,6.29999999998827,5.48376120750211));
#8707=CARTESIAN_POINT('',(116.3,5.28454149064416,6.12317032207637));
#8708=CARTESIAN_POINT('Origin',(116.3,5.0729876345308,6.25638055427934));
#8709=CARTESIAN_POINT('',(116.3,5.09477657021772,6.0073318797564));
#8710=CARTESIAN_POINT('Origin',(116.3,5.0729876345308,6.25638055427934));
#8711=CARTESIAN_POINT('',(116.3,5.09477657021772,6.0073318797564));
#8712=CARTESIAN_POINT('Origin',(116.3,5.09477657021772,6.0073318797564));
#8713=CARTESIAN_POINT('',(116.3,4.72821106431772,5.9752615535564));
#8714=CARTESIAN_POINT('',(116.3,2.64218828327391,5.79275820839179));
#8715=CARTESIAN_POINT('',(116.3,4.72821106431772,5.9752615535564));
#8716=CARTESIAN_POINT('Origin',(116.3,4.75000000000463,5.72621287903346));
#8717=CARTESIAN_POINT('',(116.3,4.50000000000463,5.72621287903346));
#8718=CARTESIAN_POINT('Origin',(116.3,4.75000000000463,5.72621287903346));
#8719=CARTESIAN_POINT('',(116.3,4.50000000000463,5.72621287903346));
#8720=CARTESIAN_POINT('Origin',(116.3,4.50000000000463,5.72621287903346));
#8721=CARTESIAN_POINT('',(116.3,4.50000000000463,5.27379112203346));
#8722=CARTESIAN_POINT('',(116.3,4.50000000000463,6.73576764555774));
#8723=CARTESIAN_POINT('',(116.3,4.50000000000463,5.27379112203346));
#8724=CARTESIAN_POINT('Origin',(116.3,4.75000000000463,5.27379112203346));
#8725=CARTESIAN_POINT('',(116.3,4.72821106431772,5.02474244751053));
#8726=CARTESIAN_POINT('Origin',(116.3,4.75000000000463,5.27379112203346));
#8727=CARTESIAN_POINT('',(116.3,4.72821106431772,5.02474244751053));
#8728=CARTESIAN_POINT('Origin',(116.3,4.72821106431772,5.02474244751053));
#8729=CARTESIAN_POINT('',(116.3,5.07382832431772,4.99450485531053));
#8730=CARTESIAN_POINT('',(116.3,2.2639576313895,5.24033668716839));
#8731=CARTESIAN_POINT('',(116.3,5.07382832431772,4.99450485531053));
#8732=CARTESIAN_POINT('Origin',(116.3,5.0520393886308,4.74545618078759));
#8733=CARTESIAN_POINT('',(116.3,5.26720501128087,4.87275015091033));
#8734=CARTESIAN_POINT('Origin',(116.3,5.0520393886308,4.74545618078759));
#8735=CARTESIAN_POINT('',(116.3,5.26720501128087,4.87275015091033));
#8736=CARTESIAN_POINT('Origin',(116.3,6.30000000000119,5.48376120749948));
#8737=CARTESIAN_POINT('',(116.3,5.84482758620729,4.37343779798267));
#8738=CARTESIAN_POINT('Origin',(116.3,6.30000000000119,5.48376120749948));
#8739=CARTESIAN_POINT('',(116.3,5.84482758620729,4.37343779798267));
#8740=CARTESIAN_POINT('Origin',(116.3,5.75000000000023,4.142120421));
#8741=CARTESIAN_POINT('',(116.3,6.00000000000023,4.142120421));
#8742=CARTESIAN_POINT('Origin',(116.3,5.75000000000023,4.142120421));
#8743=CARTESIAN_POINT('',(116.3,6.00000000000023,4.142120421));
#8744=CARTESIAN_POINT('Origin',(116.3,6.00000000000023,4.142120421));
#8745=CARTESIAN_POINT('',(116.3,6.00000000000023,3.));
#8746=CARTESIAN_POINT('',(116.3,6.00000000000023,3.));
#8747=CARTESIAN_POINT('',(116.3,6.00000000000023,5.94372141654101));
#8748=CARTESIAN_POINT('Origin',(116.3,0.,3.));
#8749=CARTESIAN_POINT('',(116.3,12.6,3.));
#8750=CARTESIAN_POINT('',(116.3,0.,3.));
#8751=CARTESIAN_POINT('',(116.3,12.6,3.));
#8752=CARTESIAN_POINT('Origin',(116.3,13.2,3.6));
#8753=CARTESIAN_POINT('',(116.3,13.2,3.6));
#8754=CARTESIAN_POINT('',(116.3,13.2,3.6));
#8755=CARTESIAN_POINT('',(116.3,13.2,3.6));
#8756=CARTESIAN_POINT('Origin',(116.3,13.2,11.4));
#8757=CARTESIAN_POINT('',(116.3,13.2,11.4));
#8758=CARTESIAN_POINT('',(116.3,13.2,11.4));
#8759=CARTESIAN_POINT('',(116.3,13.2,11.4));
#8760=CARTESIAN_POINT('Origin',(116.3,12.,12.6));
#8761=CARTESIAN_POINT('',(116.3,12.,12.6));
#8762=CARTESIAN_POINT('',(116.3,12.,12.6));
#8763=CARTESIAN_POINT('',(116.3,12.,12.6));
#8764=CARTESIAN_POINT('Origin',(116.3,0.,12.6));
#8765=CARTESIAN_POINT('',(116.3,-12.,12.6));
#8766=CARTESIAN_POINT('',(116.3,-12.,12.6));
#8767=CARTESIAN_POINT('',(116.3,-12.,12.6));
#8768=CARTESIAN_POINT('Origin',(116.3,-13.2,11.4));
#8769=CARTESIAN_POINT('',(116.3,-13.2,11.4));
#8770=CARTESIAN_POINT('',(116.3,-13.2,11.4));
#8771=CARTESIAN_POINT('',(116.3,-13.2,11.4));
#8772=CARTESIAN_POINT('Origin',(116.3,-13.2,3.6));
#8773=CARTESIAN_POINT('',(116.3,-13.2,3.6));
#8774=CARTESIAN_POINT('',(116.3,-13.2,3.6));
#8775=CARTESIAN_POINT('',(116.3,-13.2,3.6));
#8776=CARTESIAN_POINT('Origin',(116.3,-12.6,3.));
#8777=CARTESIAN_POINT('',(116.3,-12.6,3.));
#8778=CARTESIAN_POINT('',(116.3,-12.6,3.));
#8779=CARTESIAN_POINT('',(116.3,-12.6,3.));
#8780=CARTESIAN_POINT('Origin',(116.3,0.,3.));
#8781=CARTESIAN_POINT('',(116.3,-6.00000000002561,3.));
#8782=CARTESIAN_POINT('',(116.3,-6.00000000002561,3.));
#8783=CARTESIAN_POINT('',(116.3,0.,3.));
#8784=CARTESIAN_POINT('Origin',(116.3,-6.00000000002561,0.500000000000003));
#8785=CARTESIAN_POINT('',(116.3,-6.00000000002561,4.12266120604101));
#8786=CARTESIAN_POINT('Origin',(115.6,-6.9,10.));
#8787=CARTESIAN_POINT('',(116.3,-6.9,7.9));
#8788=CARTESIAN_POINT('Origin',(116.3,-6.9,10.));
#8789=CARTESIAN_POINT('',(115.6,-6.9,7.9));
#8790=CARTESIAN_POINT('Origin',(116.3,-2.22044604925031E-16,7.74532241208203));
#8791=CARTESIAN_POINT('',(116.3,6.9,12.1));
#8792=CARTESIAN_POINT('Origin',(116.3,6.9,10.));
#8793=CARTESIAN_POINT('Origin',(116.4,6.9,10.));
#8794=CARTESIAN_POINT('',(116.4,6.9,12.1));
#8795=CARTESIAN_POINT('Origin',(116.4,6.9,10.));
#8796=CARTESIAN_POINT('Origin',(115.6,6.9,10.));
#8797=CARTESIAN_POINT('',(115.6,6.9,12.1));
#8798=CARTESIAN_POINT('Origin',(159.,6.9,10.));
#8799=CARTESIAN_POINT('',(159.,6.72,9.82));
#8800=CARTESIAN_POINT('',(159.,6.72,9.05));
#8801=CARTESIAN_POINT('',(159.,6.72,10.));
#8802=CARTESIAN_POINT('',(159.,7.08,9.05));
#8803=CARTESIAN_POINT('',(159.,6.9,9.05));
#8804=CARTESIAN_POINT('',(159.,7.08,9.82));
#8805=CARTESIAN_POINT('',(159.,7.08,10.));
#8806=CARTESIAN_POINT('',(159.,7.85,9.82));
#8807=CARTESIAN_POINT('',(159.,6.9,9.82));
#8808=CARTESIAN_POINT('',(159.,7.85,10.18));
#8809=CARTESIAN_POINT('',(159.,7.85,10.));
#8810=CARTESIAN_POINT('',(159.,7.08,10.18));
#8811=CARTESIAN_POINT('',(159.,6.9,10.18));
#8812=CARTESIAN_POINT('',(159.,7.08,10.95));
#8813=CARTESIAN_POINT('',(159.,7.08,10.));
#8814=CARTESIAN_POINT('',(159.,6.72,10.95));
#8815=CARTESIAN_POINT('',(159.,6.9,10.95));
#8816=CARTESIAN_POINT('',(159.,6.72,10.18));
#8817=CARTESIAN_POINT('',(159.,6.72,10.));
#8818=CARTESIAN_POINT('',(159.,5.95,10.18));
#8819=CARTESIAN_POINT('',(159.,6.9,10.18));
#8820=CARTESIAN_POINT('',(159.,5.95,9.82));
#8821=CARTESIAN_POINT('',(159.,5.95,10.));
#8822=CARTESIAN_POINT('',(159.,6.9,9.82));
#8823=CARTESIAN_POINT('Origin',(159.6,6.72,10.));
#8824=CARTESIAN_POINT('',(160.188097569794,6.72,10.18));
#8825=CARTESIAN_POINT('',(159.6,6.72,10.18));
#8826=CARTESIAN_POINT('',(160.022904523191,6.72,10.95));
#8827=CARTESIAN_POINT('',(159.6,6.72,10.95));
#8828=CARTESIAN_POINT('Origin',(157.471915620554,6.72,10.));
#8829=CARTESIAN_POINT('Origin',(159.6,6.9,10.18));
#8830=CARTESIAN_POINT('',(160.022904523191,5.95,10.18));
#8831=CARTESIAN_POINT('Origin',(157.471915620554,6.9,10.18));
#8832=CARTESIAN_POINT('',(159.6,5.95,10.18));
#8833=CARTESIAN_POINT('Origin',(159.6,5.95,10.));
#8834=CARTESIAN_POINT('',(160.022904523191,5.95,9.82));
#8835=CARTESIAN_POINT('Origin',(157.471915620554,5.95,10.));
#8836=CARTESIAN_POINT('',(159.6,5.95,9.82));
#8837=CARTESIAN_POINT('Origin',(159.6,6.9,9.82));
#8838=CARTESIAN_POINT('',(160.188097569794,6.72,9.82));
#8839=CARTESIAN_POINT('Origin',(157.471915620554,6.9,9.82));
#8840=CARTESIAN_POINT('',(159.6,6.72,9.82));
#8841=CARTESIAN_POINT('Origin',(159.6,6.72,10.));
#8842=CARTESIAN_POINT('',(160.022904523191,6.72,9.05));
#8843=CARTESIAN_POINT('Origin',(157.471915620554,6.72,10.));
#8844=CARTESIAN_POINT('',(159.6,6.72,9.05));
#8845=CARTESIAN_POINT('Origin',(159.6,6.9,9.05));
#8846=CARTESIAN_POINT('',(160.022904523191,7.08,9.05));
#8847=CARTESIAN_POINT('Origin',(157.471915620554,6.9,9.05));
#8848=CARTESIAN_POINT('',(159.6,7.08,9.05));
#8849=CARTESIAN_POINT('Origin',(159.6,7.08,10.));
#8850=CARTESIAN_POINT('',(160.188097569794,7.08,9.82));
#8851=CARTESIAN_POINT('',(159.6,7.08,9.82));
#8852=CARTESIAN_POINT('Origin',(157.471915620554,7.08,10.));
#8853=CARTESIAN_POINT('Origin',(159.6,6.9,9.82));
#8854=CARTESIAN_POINT('',(160.022904523191,7.85,9.82));
#8855=CARTESIAN_POINT('Origin',(157.471915620554,6.9,9.82));
#8856=CARTESIAN_POINT('',(159.6,7.85,9.82));
#8857=CARTESIAN_POINT('Origin',(159.6,7.85,10.));
#8858=CARTESIAN_POINT('',(160.022904523191,7.85,10.18));
#8859=CARTESIAN_POINT('Origin',(157.471915620554,7.85,10.));
#8860=CARTESIAN_POINT('',(159.6,7.85,10.18));
#8861=CARTESIAN_POINT('Origin',(159.6,6.9,10.18));
#8862=CARTESIAN_POINT('',(160.188097569794,7.08,10.18));
#8863=CARTESIAN_POINT('Origin',(157.471915620554,6.9,10.18));
#8864=CARTESIAN_POINT('',(159.6,7.08,10.18));
#8865=CARTESIAN_POINT('Origin',(159.6,7.08,10.));
#8866=CARTESIAN_POINT('',(160.022904523191,7.08,10.95));
#8867=CARTESIAN_POINT('Origin',(157.471915620554,7.08,10.));
#8868=CARTESIAN_POINT('',(159.6,7.08,10.95));
#8869=CARTESIAN_POINT('Origin',(159.6,6.9,10.95));
#8870=CARTESIAN_POINT('Origin',(157.471915620554,6.9,10.95));
#8871=CARTESIAN_POINT('Origin',(157.471915620554,6.9,10.));
#8872=CARTESIAN_POINT('',(159.4,6.9,8.06999093082073));
#8873=CARTESIAN_POINT('Origin',(159.4,6.9,10.));
#8874=CARTESIAN_POINT('Origin',(158.6,6.9,11.));
#8875=CARTESIAN_POINT('',(158.6,6.90000000000007,8.));
#8876=CARTESIAN_POINT('Origin',(158.6,6.9,10.));
#8877=CARTESIAN_POINT('Origin',(159.,6.9,10.));
#8878=CARTESIAN_POINT('',(159.,6.90000000000007,8.03499546541037));
#8879=CARTESIAN_POINT('Origin',(153.7,2.77555756156289E-17,7.74532241208203));
#8880=CARTESIAN_POINT('',(153.7,6.00000000002561,3.));
#8881=CARTESIAN_POINT('',(153.7,6.00000000002561,4.142120421));
#8882=CARTESIAN_POINT('',(153.7,6.00000000002561,4.12266120604101));
#8883=CARTESIAN_POINT('',(153.7,5.84482758623267,4.37343779798267));
#8884=CARTESIAN_POINT('Origin',(153.7,5.75000000002561,4.142120421));
#8885=CARTESIAN_POINT('',(153.7,5.26720501130624,4.87275015091033));
#8886=CARTESIAN_POINT('Origin',(153.7,6.30000000002656,5.48376120749948));
#8887=CARTESIAN_POINT('',(153.7,5.07382832434309,4.99450485531053));
#8888=CARTESIAN_POINT('Origin',(153.7,5.05203938865618,4.74545618078759));
#8889=CARTESIAN_POINT('',(153.7,4.72821106434309,5.02474244751053));
#8890=CARTESIAN_POINT('',(153.7,2.43676626140228,5.22521789106949));
#8891=CARTESIAN_POINT('',(153.7,4.50000000003001,5.27379112203346));
#8892=CARTESIAN_POINT('Origin',(153.7,4.75000000003001,5.27379112203346));
#8893=CARTESIAN_POINT('',(153.7,4.50000000003001,5.72621287903346));
#8894=CARTESIAN_POINT('',(153.7,4.50000000003001,6.50955676705774));
#8895=CARTESIAN_POINT('',(153.7,4.72821106434309,5.9752615535564));
#8896=CARTESIAN_POINT('Origin',(153.7,4.75000000003001,5.72621287903346));
#8897=CARTESIAN_POINT('',(153.7,5.09477657024309,6.0073318797564));
#8898=CARTESIAN_POINT('',(153.7,2.4589055303367,5.77672304529069));
#8899=CARTESIAN_POINT('',(153.7,5.28454149066954,6.12317032207637));
#8900=CARTESIAN_POINT('Origin',(153.7,5.07298763455618,6.25638055427933));
#8901=CARTESIAN_POINT('',(153.7,5.84482758621975,6.59408461701892));
#8902=CARTESIAN_POINT('Origin',(153.7,6.30000000001365,5.48376120750211));
#8903=CARTESIAN_POINT('',(153.7,6.00000000001269,6.82540199400159));
#8904=CARTESIAN_POINT('Origin',(153.7,5.75000000001269,6.82540199400159));
#8905=CARTESIAN_POINT('',(153.7,6.00000000001269,7.50000000050159));
#8906=CARTESIAN_POINT('',(153.7,6.00000000001269,7.28536220304181));
#8907=CARTESIAN_POINT('',(153.7,5.50000000001269,8.00000000050159));
#8908=CARTESIAN_POINT('',(153.7,4.43866939711441,9.06133060339987));
#8909=CARTESIAN_POINT('',(153.7,-5.49999999998731,8.00000000050159));
#8910=CARTESIAN_POINT('',(153.7,2.75000000000634,8.00000000050159));
#8911=CARTESIAN_POINT('',(153.7,-5.99999999998731,7.50000000050159));
#8912=CARTESIAN_POINT('',(153.7,-4.18866939709538,9.31133060339353));
#8913=CARTESIAN_POINT('',(153.7,-5.99999999998731,6.82540199400159));
#8914=CARTESIAN_POINT('',(153.7,-5.99999999998731,7.62266120629181));
#8915=CARTESIAN_POINT('',(153.7,-5.84482758619438,6.59408461701892));
#8916=CARTESIAN_POINT('Origin',(153.7,-5.74999999998731,6.82540199400159));
#8917=CARTESIAN_POINT('',(153.7,-5.28454149064416,6.12317032207637));
#8918=CARTESIAN_POINT('Origin',(153.7,-6.29999999998827,5.48376120750211));
#8919=CARTESIAN_POINT('',(153.7,-5.09477657021772,6.0073318797564));
#8920=CARTESIAN_POINT('Origin',(153.7,-5.0729876345308,6.25638055427934));
#8921=CARTESIAN_POINT('',(153.7,-4.72821106431772,5.9752615535564));
#8922=CARTESIAN_POINT('',(153.7,-2.64218828327391,5.79275820839179));
#8923=CARTESIAN_POINT('',(153.7,-4.50000000000463,5.72621287903346));
#8924=CARTESIAN_POINT('Origin',(153.7,-4.75000000000463,5.72621287903346));
#8925=CARTESIAN_POINT('',(153.7,-4.50000000000463,5.27379112203346));
#8926=CARTESIAN_POINT('',(153.7,-4.50000000000463,6.73576764555774));
#8927=CARTESIAN_POINT('',(153.7,-4.72821106431772,5.02474244751053));
#8928=CARTESIAN_POINT('Origin',(153.7,-4.75000000000463,5.27379112203346));
#8929=CARTESIAN_POINT('',(153.7,-5.07382832431772,4.99450485531053));
#8930=CARTESIAN_POINT('',(153.7,-2.2639576313895,5.24033668716839));
#8931=CARTESIAN_POINT('',(153.7,-5.26720501128087,4.87275015091033));
#8932=CARTESIAN_POINT('Origin',(153.7,-5.0520393886308,4.74545618078759));
#8933=CARTESIAN_POINT('',(153.7,-5.84482758620729,4.37343779798267));
#8934=CARTESIAN_POINT('Origin',(153.7,-6.30000000000119,5.48376120749948));
#8935=CARTESIAN_POINT('',(153.7,-6.00000000000023,4.142120421));
#8936=CARTESIAN_POINT('Origin',(153.7,-5.75000000000023,4.142120421));
#8937=CARTESIAN_POINT('',(153.7,-6.00000000000023,3.));
#8938=CARTESIAN_POINT('',(153.7,-6.00000000000023,5.94372141654101));
#8939=CARTESIAN_POINT('',(153.7,-12.6,3.));
#8940=CARTESIAN_POINT('',(153.7,0.,3.));
#8941=CARTESIAN_POINT('',(153.7,-13.2,3.6));
#8942=CARTESIAN_POINT('',(153.7,-13.2,3.6));
#8943=CARTESIAN_POINT('',(153.7,-13.2,11.4));
#8944=CARTESIAN_POINT('',(153.7,-13.2,11.4));
#8945=CARTESIAN_POINT('',(153.7,-12.,12.6));
#8946=CARTESIAN_POINT('',(153.7,-12.,12.6));
#8947=CARTESIAN_POINT('',(153.7,12.,12.6));
#8948=CARTESIAN_POINT('',(153.7,0.,12.6));
#8949=CARTESIAN_POINT('',(153.7,13.2,11.4));
#8950=CARTESIAN_POINT('',(153.7,13.2,11.4));
#8951=CARTESIAN_POINT('',(153.7,13.2,3.6));
#8952=CARTESIAN_POINT('',(153.7,13.2,3.6));
#8953=CARTESIAN_POINT('',(153.7,12.6,3.));
#8954=CARTESIAN_POINT('',(153.7,12.6,3.));
#8955=CARTESIAN_POINT('',(153.7,0.,3.));
#8956=CARTESIAN_POINT('Origin',(158.6,-6.9,10.));
#8957=CARTESIAN_POINT('',(158.6,-6.9,12.1));
#8958=CARTESIAN_POINT('Origin',(158.6,-6.9,10.));
#8959=CARTESIAN_POINT('Origin',(158.7,5.75000000002561,4.142120421));
#8960=CARTESIAN_POINT('',(158.7,6.00000000002561,4.142120421));
#8961=CARTESIAN_POINT('',(158.7,6.00000000002561,4.142120421));
#8962=CARTESIAN_POINT('',(158.7,5.84482758623267,4.37343779798267));
#8963=CARTESIAN_POINT('Origin',(158.7,5.75000000002561,4.142120421));
#8964=CARTESIAN_POINT('',(158.7,5.84482758623267,4.37343779798267));
#8965=CARTESIAN_POINT('Origin',(158.7,6.30000000002656,5.48376120749948));
#8966=CARTESIAN_POINT('',(158.7,5.26720501130624,4.87275015091033));
#8967=CARTESIAN_POINT('Origin',(158.7,6.30000000002656,5.48376120749948));
#8968=CARTESIAN_POINT('',(158.7,5.26720501130624,4.87275015091033));
#8969=CARTESIAN_POINT('Origin',(158.7,5.05203938865618,4.74545618078759));
#8970=CARTESIAN_POINT('',(158.7,5.07382832434309,4.99450485531053));
#8971=CARTESIAN_POINT('Origin',(158.7,5.05203938865618,4.74545618078759));
#8972=CARTESIAN_POINT('',(158.7,5.07382832434309,4.99450485531053));
#8973=CARTESIAN_POINT('Origin',(158.7,5.07382832434309,4.99450485531053));
#8974=CARTESIAN_POINT('',(158.7,4.72821106434309,5.02474244751053));
#8975=CARTESIAN_POINT('',(158.7,2.43676626140228,5.22521789106949));
#8976=CARTESIAN_POINT('',(158.7,4.72821106434309,5.02474244751053));
#8977=CARTESIAN_POINT('Origin',(158.7,4.75000000003001,5.27379112203346));
#8978=CARTESIAN_POINT('',(158.7,4.50000000003001,5.27379112203346));
#8979=CARTESIAN_POINT('Origin',(158.7,4.75000000003001,5.27379112203346));
#8980=CARTESIAN_POINT('',(158.7,4.50000000003001,5.27379112203346));
#8981=CARTESIAN_POINT('Origin',(158.7,4.50000000003001,5.27379112203346));
#8982=CARTESIAN_POINT('',(158.7,4.50000000003001,5.72621287903346));
#8983=CARTESIAN_POINT('',(158.7,4.50000000003001,6.50955676705774));
#8984=CARTESIAN_POINT('',(158.7,4.50000000003001,5.72621287903346));
#8985=CARTESIAN_POINT('Origin',(158.7,4.75000000003001,5.72621287903346));
#8986=CARTESIAN_POINT('',(158.7,4.72821106434309,5.9752615535564));
#8987=CARTESIAN_POINT('Origin',(158.7,4.75000000003001,5.72621287903346));
#8988=CARTESIAN_POINT('',(158.7,4.72821106434309,5.9752615535564));
#8989=CARTESIAN_POINT('Origin',(158.7,4.72821106434309,5.9752615535564));
#8990=CARTESIAN_POINT('',(158.7,5.09477657024309,6.0073318797564));
#8991=CARTESIAN_POINT('',(158.7,2.4589055303367,5.77672304529069));
#8992=CARTESIAN_POINT('',(158.7,5.09477657024309,6.0073318797564));
#8993=CARTESIAN_POINT('Origin',(158.7,5.07298763455618,6.25638055427933));
#8994=CARTESIAN_POINT('',(158.7,5.28454149066954,6.12317032207637));
#8995=CARTESIAN_POINT('Origin',(158.7,5.07298763455618,6.25638055427933));
#8996=CARTESIAN_POINT('',(158.7,5.28454149066954,6.12317032207637));
#8997=CARTESIAN_POINT('Origin',(158.7,6.30000000001365,5.48376120750211));
#8998=CARTESIAN_POINT('',(158.7,5.84482758621975,6.59408461701892));
#8999=CARTESIAN_POINT('Origin',(158.7,6.30000000001365,5.48376120750211));
#9000=CARTESIAN_POINT('',(158.7,5.84482758621975,6.59408461701892));
#9001=CARTESIAN_POINT('Origin',(158.7,5.75000000001269,6.82540199400159));
#9002=CARTESIAN_POINT('',(158.7,6.00000000001269,6.82540199400159));
#9003=CARTESIAN_POINT('Origin',(158.7,5.75000000001269,6.82540199400159));
#9004=CARTESIAN_POINT('',(158.7,6.00000000001269,6.82540199400159));
#9005=CARTESIAN_POINT('Origin',(158.7,6.00000000001269,6.82540199400159));
#9006=CARTESIAN_POINT('',(158.7,6.00000000001269,7.50000000050159));
#9007=CARTESIAN_POINT('',(158.7,6.00000000001269,7.28536220304181));
#9008=CARTESIAN_POINT('',(158.7,6.00000000001269,7.50000000050159));
#9009=CARTESIAN_POINT('Origin',(158.7,6.00000000001269,7.50000000050159));
#9010=CARTESIAN_POINT('',(158.7,5.50000000001269,8.00000000050159));
#9011=CARTESIAN_POINT('',(158.7,4.43866939711441,9.06133060339987));
#9012=CARTESIAN_POINT('',(158.7,5.50000000001269,8.00000000050159));
#9013=CARTESIAN_POINT('Origin',(158.7,5.50000000001269,8.00000000050159));
#9014=CARTESIAN_POINT('',(158.7,-5.49999999998731,8.00000000050159));
#9015=CARTESIAN_POINT('',(158.7,2.75000000000634,8.00000000050159));
#9016=CARTESIAN_POINT('',(158.7,-5.49999999998731,8.00000000050159));
#9017=CARTESIAN_POINT('Origin',(158.7,-5.49999999998731,8.00000000050159));
#9018=CARTESIAN_POINT('',(158.7,-5.99999999998731,7.50000000050159));
#9019=CARTESIAN_POINT('',(158.7,-4.18866939709538,9.31133060339353));
#9020=CARTESIAN_POINT('',(158.7,-5.99999999998731,7.50000000050159));
#9021=CARTESIAN_POINT('Origin',(158.7,-5.99999999998731,7.50000000050159));
#9022=CARTESIAN_POINT('',(158.7,-5.99999999998731,6.82540199400159));
#9023=CARTESIAN_POINT('',(158.7,-5.99999999998731,7.62266120629181));
#9024=CARTESIAN_POINT('',(158.7,-5.99999999998731,6.82540199400159));
#9025=CARTESIAN_POINT('Origin',(158.7,-5.74999999998731,6.82540199400159));
#9026=CARTESIAN_POINT('',(158.7,-5.84482758619438,6.59408461701892));
#9027=CARTESIAN_POINT('Origin',(158.7,-5.74999999998731,6.82540199400159));
#9028=CARTESIAN_POINT('',(158.7,-5.84482758619438,6.59408461701892));
#9029=CARTESIAN_POINT('Origin',(158.7,-6.29999999998827,5.48376120750211));
#9030=CARTESIAN_POINT('',(158.7,-5.28454149064416,6.12317032207637));
#9031=CARTESIAN_POINT('Origin',(158.7,-6.29999999998827,5.48376120750211));
#9032=CARTESIAN_POINT('',(158.7,-5.28454149064416,6.12317032207637));
#9033=CARTESIAN_POINT('Origin',(158.7,-5.0729876345308,6.25638055427934));
#9034=CARTESIAN_POINT('',(158.7,-5.09477657021772,6.0073318797564));
#9035=CARTESIAN_POINT('Origin',(158.7,-5.0729876345308,6.25638055427934));
#9036=CARTESIAN_POINT('',(158.7,-5.09477657021772,6.0073318797564));
#9037=CARTESIAN_POINT('Origin',(158.7,-5.09477657021772,6.0073318797564));
#9038=CARTESIAN_POINT('',(158.7,-4.72821106431772,5.9752615535564));
#9039=CARTESIAN_POINT('',(158.7,-2.64218828327391,5.79275820839179));
#9040=CARTESIAN_POINT('',(158.7,-4.72821106431772,5.9752615535564));
#9041=CARTESIAN_POINT('Origin',(158.7,-4.75000000000463,5.72621287903346));
#9042=CARTESIAN_POINT('',(158.7,-4.50000000000463,5.72621287903346));
#9043=CARTESIAN_POINT('Origin',(158.7,-4.75000000000463,5.72621287903346));
#9044=CARTESIAN_POINT('',(158.7,-4.50000000000463,5.72621287903346));
#9045=CARTESIAN_POINT('Origin',(158.7,-4.50000000000463,5.72621287903346));
#9046=CARTESIAN_POINT('',(158.7,-4.50000000000463,5.27379112203346));
#9047=CARTESIAN_POINT('',(158.7,-4.50000000000463,6.73576764555774));
#9048=CARTESIAN_POINT('',(158.7,-4.50000000000463,5.27379112203346));
#9049=CARTESIAN_POINT('Origin',(158.7,-4.75000000000463,5.27379112203346));
#9050=CARTESIAN_POINT('',(158.7,-4.72821106431772,5.02474244751053));
#9051=CARTESIAN_POINT('Origin',(158.7,-4.75000000000463,5.27379112203346));
#9052=CARTESIAN_POINT('',(158.7,-4.72821106431772,5.02474244751053));
#9053=CARTESIAN_POINT('Origin',(158.7,-4.72821106431772,5.02474244751053));
#9054=CARTESIAN_POINT('',(158.7,-5.07382832431772,4.99450485531053));
#9055=CARTESIAN_POINT('',(158.7,-2.2639576313895,5.24033668716839));
#9056=CARTESIAN_POINT('',(158.7,-5.07382832431772,4.99450485531053));
#9057=CARTESIAN_POINT('Origin',(158.7,-5.0520393886308,4.74545618078759));
#9058=CARTESIAN_POINT('',(158.7,-5.26720501128087,4.87275015091033));
#9059=CARTESIAN_POINT('Origin',(158.7,-5.0520393886308,4.74545618078759));
#9060=CARTESIAN_POINT('',(158.7,-5.26720501128087,4.87275015091033));
#9061=CARTESIAN_POINT('Origin',(158.7,-6.30000000000119,5.48376120749948));
#9062=CARTESIAN_POINT('',(158.7,-5.84482758620729,4.37343779798267));
#9063=CARTESIAN_POINT('Origin',(158.7,-6.30000000000119,5.48376120749948));
#9064=CARTESIAN_POINT('',(158.7,-5.84482758620729,4.37343779798267));
#9065=CARTESIAN_POINT('Origin',(158.7,-5.75000000000023,4.142120421));
#9066=CARTESIAN_POINT('',(158.7,-6.00000000000023,4.142120421));
#9067=CARTESIAN_POINT('Origin',(158.7,-5.75000000000023,4.142120421));
#9068=CARTESIAN_POINT('',(158.7,-6.00000000000023,4.142120421));
#9069=CARTESIAN_POINT('Origin',(158.7,-6.00000000000023,4.142120421));
#9070=CARTESIAN_POINT('',(158.7,-6.00000000000023,3.));
#9071=CARTESIAN_POINT('',(158.7,-6.00000000000023,3.));
#9072=CARTESIAN_POINT('',(158.7,-6.00000000000023,5.94372141654101));
#9073=CARTESIAN_POINT('Origin',(158.7,0.,3.));
#9074=CARTESIAN_POINT('',(158.7,-12.6,3.));
#9075=CARTESIAN_POINT('',(158.7,0.,3.));
#9076=CARTESIAN_POINT('',(158.7,-12.6,3.));
#9077=CARTESIAN_POINT('Origin',(158.7,-13.2,3.6));
#9078=CARTESIAN_POINT('',(158.7,-13.2,3.6));
#9079=CARTESIAN_POINT('',(158.7,-13.2,3.6));
#9080=CARTESIAN_POINT('',(158.7,-13.2,3.6));
#9081=CARTESIAN_POINT('Origin',(158.7,-13.2,11.4));
#9082=CARTESIAN_POINT('',(158.7,-13.2,11.4));
#9083=CARTESIAN_POINT('',(158.7,-13.2,11.4));
#9084=CARTESIAN_POINT('',(158.7,-13.2,11.4));
#9085=CARTESIAN_POINT('Origin',(158.7,-12.,12.6));
#9086=CARTESIAN_POINT('',(158.7,-12.,12.6));
#9087=CARTESIAN_POINT('',(158.7,-12.,12.6));
#9088=CARTESIAN_POINT('',(158.7,-12.,12.6));
#9089=CARTESIAN_POINT('Origin',(158.7,0.,12.6));
#9090=CARTESIAN_POINT('',(158.7,12.,12.6));
#9091=CARTESIAN_POINT('',(158.7,12.,12.6));
#9092=CARTESIAN_POINT('',(158.7,12.,12.6));
#9093=CARTESIAN_POINT('Origin',(158.7,13.2,11.4));
#9094=CARTESIAN_POINT('',(158.7,13.2,11.4));
#9095=CARTESIAN_POINT('',(158.7,13.2,11.4));
#9096=CARTESIAN_POINT('',(158.7,13.2,11.4));
#9097=CARTESIAN_POINT('Origin',(158.7,13.2,3.6));
#9098=CARTESIAN_POINT('',(158.7,13.2,3.6));
#9099=CARTESIAN_POINT('',(158.7,13.2,3.6));
#9100=CARTESIAN_POINT('',(158.7,13.2,3.6));
#9101=CARTESIAN_POINT('Origin',(158.7,12.6,3.));
#9102=CARTESIAN_POINT('',(158.7,12.6,3.));
#9103=CARTESIAN_POINT('',(158.7,12.6,3.));
#9104=CARTESIAN_POINT('',(158.7,12.6,3.));
#9105=CARTESIAN_POINT('Origin',(158.7,0.,3.));
#9106=CARTESIAN_POINT('',(158.7,6.00000000002561,3.));
#9107=CARTESIAN_POINT('',(158.7,6.00000000002561,3.));
#9108=CARTESIAN_POINT('',(158.7,0.,3.));
#9109=CARTESIAN_POINT('Origin',(158.7,6.00000000002561,0.500000000000003));
#9110=CARTESIAN_POINT('',(158.7,6.00000000002561,4.12266120604101));
#9111=CARTESIAN_POINT('Origin',(159.4,-6.9,10.));
#9112=CARTESIAN_POINT('',(158.7,-6.9,12.1));
#9113=CARTESIAN_POINT('Origin',(158.7,-6.9,10.));
#9114=CARTESIAN_POINT('',(159.4,-6.9,12.1));
#9115=CARTESIAN_POINT('Origin',(158.7,2.22044604925031E-16,7.74532241208203));
#9116=CARTESIAN_POINT('',(158.7,6.9,7.9));
#9117=CARTESIAN_POINT('Origin',(158.7,6.9,10.));
#9118=CARTESIAN_POINT('Origin',(158.6,6.9,10.));
#9119=CARTESIAN_POINT('',(158.6,6.9,7.9));
#9120=CARTESIAN_POINT('Origin',(158.6,6.9,10.));
#9121=CARTESIAN_POINT('Origin',(159.4,6.9,10.));
#9122=CARTESIAN_POINT('',(159.4,6.9,7.9));
#9123=CARTESIAN_POINT('Origin',(158.7,-5.75000000002561,4.137120421));
#9124=CARTESIAN_POINT('',(160.2,-6.00000000002561,4.137120421));
#9125=CARTESIAN_POINT('',(160.2,-5.84482758623267,4.36843779798267));
#9126=CARTESIAN_POINT('Origin',(160.2,-5.75000000002561,4.137120421));
#9127=CARTESIAN_POINT('',(158.7,-6.00000000002561,4.137120421));
#9128=CARTESIAN_POINT('',(158.7,-6.00000000002561,4.137120421));
#9129=CARTESIAN_POINT('',(158.7,-5.84482758623267,4.36843779798267));
#9130=CARTESIAN_POINT('Origin',(158.7,-5.75000000002561,4.137120421));
#9131=CARTESIAN_POINT('',(158.7,-5.84482758623267,4.36843779798267));
#9132=CARTESIAN_POINT('Origin',(158.7,-6.30000000002656,5.47876120749948));
#9133=CARTESIAN_POINT('',(160.2,-5.26720501130624,4.86775015091033));
#9134=CARTESIAN_POINT('Origin',(160.2,-6.30000000002656,5.47876120749948));
#9135=CARTESIAN_POINT('',(158.7,-5.26720501130624,4.86775015091033));
#9136=CARTESIAN_POINT('Origin',(158.7,-6.30000000002656,5.47876120749948));
#9137=CARTESIAN_POINT('',(158.7,-5.26720501130624,4.86775015091033));
#9138=CARTESIAN_POINT('Origin',(158.7,-5.05203938865618,4.74045618078759));
#9139=CARTESIAN_POINT('',(160.2,-5.07382832434309,4.98950485531053));
#9140=CARTESIAN_POINT('Origin',(160.2,-5.05203938865618,4.74045618078759));
#9141=CARTESIAN_POINT('',(158.7,-5.07382832434309,4.98950485531053));
#9142=CARTESIAN_POINT('Origin',(158.7,-5.05203938865618,4.74045618078759));
#9143=CARTESIAN_POINT('',(158.7,-5.07382832434309,4.98950485531053));
#9144=CARTESIAN_POINT('Origin',(158.7,-5.07382832434309,4.98950485531053));
#9145=CARTESIAN_POINT('',(160.2,-4.72821106434309,5.01974244751053));
#9146=CARTESIAN_POINT('',(160.2,-2.43654920117998,5.22023688137826));
#9147=CARTESIAN_POINT('',(158.7,-4.72821106434309,5.01974244751053));
#9148=CARTESIAN_POINT('',(158.7,-2.43654920117998,5.22023688137826));
#9149=CARTESIAN_POINT('',(158.7,-4.72821106434309,5.01974244751053));
#9150=CARTESIAN_POINT('Origin',(158.7,-4.75000000003001,5.26879112203346));
#9151=CARTESIAN_POINT('',(160.2,-4.50000000003001,5.26879112203346));
#9152=CARTESIAN_POINT('Origin',(160.2,-4.75000000003001,5.26879112203346));
#9153=CARTESIAN_POINT('',(158.7,-4.50000000003001,5.26879112203346));
#9154=CARTESIAN_POINT('Origin',(158.7,-4.75000000003001,5.26879112203346));
#9155=CARTESIAN_POINT('',(158.7,-4.50000000003001,5.26879112203346));
#9156=CARTESIAN_POINT('Origin',(158.7,-4.50000000003001,5.26879112203346));
#9157=CARTESIAN_POINT('',(160.2,-4.50000000003001,5.72121287903346));
#9158=CARTESIAN_POINT('',(160.2,-4.50000000003001,6.50705676705774));
#9159=CARTESIAN_POINT('',(158.7,-4.50000000003001,5.72121287903346));
#9160=CARTESIAN_POINT('',(158.7,-4.50000000003001,6.50705676705774));
#9161=CARTESIAN_POINT('',(158.7,-4.50000000003001,5.72121287903346));
#9162=CARTESIAN_POINT('Origin',(158.7,-4.75000000003001,5.72121287903346));
#9163=CARTESIAN_POINT('',(160.2,-4.72821106434309,5.9702615535564));
#9164=CARTESIAN_POINT('Origin',(160.2,-4.75000000003001,5.72121287903346));
#9165=CARTESIAN_POINT('',(158.7,-4.72821106434309,5.9702615535564));
#9166=CARTESIAN_POINT('Origin',(158.7,-4.75000000003001,5.72121287903346));
#9167=CARTESIAN_POINT('',(158.7,-4.72821106434309,5.9702615535564));
#9168=CARTESIAN_POINT('Origin',(158.7,-4.72821106434309,5.9702615535564));
#9169=CARTESIAN_POINT('',(160.2,-5.09477657024309,6.0023318797564));
#9170=CARTESIAN_POINT('',(160.2,-2.45912259055874,5.77174203559942));
#9171=CARTESIAN_POINT('',(158.7,-5.09477657024309,6.0023318797564));
#9172=CARTESIAN_POINT('',(158.7,-2.45912259055874,5.77174203559942));
#9173=CARTESIAN_POINT('',(158.7,-5.09477657024309,6.0023318797564));
#9174=CARTESIAN_POINT('Origin',(158.7,-5.07298763455618,6.25138055427933));
#9175=CARTESIAN_POINT('',(160.2,-5.28454149066954,6.11817032207637));
#9176=CARTESIAN_POINT('Origin',(160.2,-5.07298763455618,6.25138055427933));
#9177=CARTESIAN_POINT('',(158.7,-5.28454149066954,6.11817032207637));
#9178=CARTESIAN_POINT('Origin',(158.7,-5.07298763455618,6.25138055427933));
#9179=CARTESIAN_POINT('',(158.7,-5.28454149066954,6.11817032207637));
#9180=CARTESIAN_POINT('Origin',(158.7,-6.30000000001365,5.47876120750211));
#9181=CARTESIAN_POINT('',(160.2,-5.84482758621975,6.58908461701892));
#9182=CARTESIAN_POINT('Origin',(160.2,-6.30000000001365,5.47876120750211));
#9183=CARTESIAN_POINT('',(158.7,-5.84482758621975,6.58908461701892));
#9184=CARTESIAN_POINT('Origin',(158.7,-6.30000000001365,5.47876120750211));
#9185=CARTESIAN_POINT('',(158.7,-5.84482758621975,6.58908461701892));
#9186=CARTESIAN_POINT('Origin',(158.7,-5.75000000001269,6.82040199400159));
#9187=CARTESIAN_POINT('',(160.2,-6.00000000001269,6.82040199400159));
#9188=CARTESIAN_POINT('Origin',(160.2,-5.75000000001269,6.82040199400159));
#9189=CARTESIAN_POINT('',(158.7,-6.00000000001269,6.82040199400159));
#9190=CARTESIAN_POINT('Origin',(158.7,-5.75000000001269,6.82040199400159));
#9191=CARTESIAN_POINT('',(158.7,-6.00000000001269,6.82040199400159));
#9192=CARTESIAN_POINT('Origin',(158.7,-6.00000000001269,6.82040199400159));
#9193=CARTESIAN_POINT('',(160.2,-6.00000000001269,7.49500000050159));
#9194=CARTESIAN_POINT('',(160.2,-6.00000000001269,7.28286220304181));
#9195=CARTESIAN_POINT('',(158.7,-6.00000000001269,7.49500000050159));
#9196=CARTESIAN_POINT('',(158.7,-6.00000000001269,7.28286220304181));
#9197=CARTESIAN_POINT('',(158.7,-6.00000000001269,7.49500000050159));
#9198=CARTESIAN_POINT('Origin',(158.7,-6.00000000001269,7.49500000050159));
#9199=CARTESIAN_POINT('',(160.2,-5.50000000001269,7.99500000050159));
#9200=CARTESIAN_POINT('',(160.2,-4.43741939711441,9.05758060339987));
#9201=CARTESIAN_POINT('',(158.7,-5.50000000001269,7.99500000050159));
#9202=CARTESIAN_POINT('',(158.7,-4.43741939711441,9.05758060339987));
#9203=CARTESIAN_POINT('',(158.7,-5.50000000001269,7.99500000050159));
#9204=CARTESIAN_POINT('Origin',(158.7,-5.50000000001269,7.99500000050159));
#9205=CARTESIAN_POINT('',(160.2,5.49999999998731,7.99500000050159));
#9206=CARTESIAN_POINT('',(160.2,-2.75000000000634,7.99500000050159));
#9207=CARTESIAN_POINT('',(158.7,5.49999999998731,7.99500000050159));
#9208=CARTESIAN_POINT('',(158.7,-2.75000000000634,7.99500000050159));
#9209=CARTESIAN_POINT('',(158.7,5.49999999998731,7.99500000050159));
#9210=CARTESIAN_POINT('Origin',(158.7,5.49999999998731,7.99500000050159));
#9211=CARTESIAN_POINT('',(160.2,5.99999999998731,7.49500000050159));
#9212=CARTESIAN_POINT('',(160.2,4.18741939709538,9.30758060339353));
#9213=CARTESIAN_POINT('',(158.7,5.99999999998731,7.49500000050159));
#9214=CARTESIAN_POINT('',(158.7,4.18741939709538,9.30758060339353));
#9215=CARTESIAN_POINT('',(158.7,5.99999999998731,7.49500000050159));
#9216=CARTESIAN_POINT('Origin',(158.7,5.99999999998731,7.49500000050159));
#9217=CARTESIAN_POINT('',(160.2,5.99999999998731,6.82040199400159));
#9218=CARTESIAN_POINT('',(160.2,5.99999999998731,7.62016120629181));
#9219=CARTESIAN_POINT('',(158.7,5.99999999998731,6.82040199400159));
#9220=CARTESIAN_POINT('',(158.7,5.99999999998731,7.62016120629181));
#9221=CARTESIAN_POINT('',(158.7,5.99999999998731,6.82040199400159));
#9222=CARTESIAN_POINT('Origin',(158.7,5.74999999998731,6.82040199400159));
#9223=CARTESIAN_POINT('',(160.2,5.84482758619438,6.58908461701892));
#9224=CARTESIAN_POINT('Origin',(160.2,5.74999999998731,6.82040199400159));
#9225=CARTESIAN_POINT('',(158.7,5.84482758619438,6.58908461701892));
#9226=CARTESIAN_POINT('Origin',(158.7,5.74999999998731,6.82040199400159));
#9227=CARTESIAN_POINT('',(158.7,5.84482758619438,6.58908461701892));
#9228=CARTESIAN_POINT('Origin',(158.7,6.29999999998827,5.47876120750211));
#9229=CARTESIAN_POINT('',(160.2,5.28454149064416,6.11817032207637));
#9230=CARTESIAN_POINT('Origin',(160.2,6.29999999998827,5.47876120750211));
#9231=CARTESIAN_POINT('',(158.7,5.28454149064416,6.11817032207637));
#9232=CARTESIAN_POINT('Origin',(158.7,6.29999999998827,5.47876120750211));
#9233=CARTESIAN_POINT('',(158.7,5.28454149064416,6.11817032207637));
#9234=CARTESIAN_POINT('Origin',(158.7,5.0729876345308,6.25138055427934));
#9235=CARTESIAN_POINT('',(160.2,5.09477657021772,6.0023318797564));
#9236=CARTESIAN_POINT('Origin',(160.2,5.0729876345308,6.25138055427934));
#9237=CARTESIAN_POINT('',(158.7,5.09477657021772,6.0023318797564));
#9238=CARTESIAN_POINT('Origin',(158.7,5.0729876345308,6.25138055427934));
#9239=CARTESIAN_POINT('',(158.7,5.09477657021772,6.0023318797564));
#9240=CARTESIAN_POINT('Origin',(158.7,5.09477657021772,6.0023318797564));
#9241=CARTESIAN_POINT('',(160.2,4.72821106431772,5.9702615535564));
#9242=CARTESIAN_POINT('',(160.2,2.64240534349596,5.78777719870052));
#9243=CARTESIAN_POINT('',(158.7,4.72821106431772,5.9702615535564));
#9244=CARTESIAN_POINT('',(158.7,2.64240534349596,5.78777719870052));
#9245=CARTESIAN_POINT('',(158.7,4.72821106431772,5.9702615535564));
#9246=CARTESIAN_POINT('Origin',(158.7,4.75000000000463,5.72121287903346));
#9247=CARTESIAN_POINT('',(160.2,4.50000000000463,5.72121287903346));
#9248=CARTESIAN_POINT('Origin',(160.2,4.75000000000463,5.72121287903346));
#9249=CARTESIAN_POINT('',(158.7,4.50000000000463,5.72121287903346));
#9250=CARTESIAN_POINT('Origin',(158.7,4.75000000000463,5.72121287903346));
#9251=CARTESIAN_POINT('',(158.7,4.50000000000463,5.72121287903346));
#9252=CARTESIAN_POINT('Origin',(158.7,4.50000000000463,5.72121287903346));
#9253=CARTESIAN_POINT('',(160.2,4.50000000000463,5.26879112203346));
#9254=CARTESIAN_POINT('',(160.2,4.50000000000463,6.73326764555774));
#9255=CARTESIAN_POINT('',(158.7,4.50000000000463,5.26879112203346));
#9256=CARTESIAN_POINT('',(158.7,4.50000000000463,6.73326764555774));
#9257=CARTESIAN_POINT('',(158.7,4.50000000000463,5.26879112203346));
#9258=CARTESIAN_POINT('Origin',(158.7,4.75000000000463,5.26879112203346));
#9259=CARTESIAN_POINT('',(160.2,4.72821106431772,5.01974244751053));
#9260=CARTESIAN_POINT('Origin',(160.2,4.75000000000463,5.26879112203346));
#9261=CARTESIAN_POINT('',(158.7,4.72821106431772,5.01974244751053));
#9262=CARTESIAN_POINT('Origin',(158.7,4.75000000000463,5.26879112203346));
#9263=CARTESIAN_POINT('',(158.7,4.72821106431772,5.01974244751053));
#9264=CARTESIAN_POINT('Origin',(158.7,4.72821106431772,5.01974244751053));
#9265=CARTESIAN_POINT('',(160.2,5.07382832431772,4.98950485531053));
#9266=CARTESIAN_POINT('',(160.2,2.2637405711672,5.23535567747716));
#9267=CARTESIAN_POINT('',(158.7,5.07382832431772,4.98950485531053));
#9268=CARTESIAN_POINT('',(158.7,2.2637405711672,5.23535567747716));
#9269=CARTESIAN_POINT('',(158.7,5.07382832431772,4.98950485531053));
#9270=CARTESIAN_POINT('Origin',(158.7,5.0520393886308,4.74045618078759));
#9271=CARTESIAN_POINT('',(160.2,5.26720501128087,4.86775015091033));
#9272=CARTESIAN_POINT('Origin',(160.2,5.0520393886308,4.74045618078759));
#9273=CARTESIAN_POINT('',(158.7,5.26720501128087,4.86775015091033));
#9274=CARTESIAN_POINT('Origin',(158.7,5.0520393886308,4.74045618078759));
#9275=CARTESIAN_POINT('',(158.7,5.26720501128087,4.86775015091033));
#9276=CARTESIAN_POINT('Origin',(158.7,6.30000000000119,5.47876120749948));
#9277=CARTESIAN_POINT('',(160.2,5.84482758620729,4.36843779798267));
#9278=CARTESIAN_POINT('Origin',(160.2,6.30000000000119,5.47876120749948));
#9279=CARTESIAN_POINT('',(158.7,5.84482758620729,4.36843779798267));
#9280=CARTESIAN_POINT('Origin',(158.7,6.30000000000119,5.47876120749948));
#9281=CARTESIAN_POINT('',(158.7,5.84482758620729,4.36843779798267));
#9282=CARTESIAN_POINT('Origin',(158.7,5.75000000000023,4.137120421));
#9283=CARTESIAN_POINT('',(160.2,6.00000000000023,4.137120421));
#9284=CARTESIAN_POINT('Origin',(160.2,5.75000000000023,4.137120421));
#9285=CARTESIAN_POINT('',(158.7,6.00000000000023,4.137120421));
#9286=CARTESIAN_POINT('Origin',(158.7,5.75000000000023,4.137120421));
#9287=CARTESIAN_POINT('',(158.7,6.00000000000023,4.137120421));
#9288=CARTESIAN_POINT('Origin',(158.7,6.00000000000023,4.137120421));
#9289=CARTESIAN_POINT('',(160.2,6.00000000000023,3.));
#9290=CARTESIAN_POINT('',(158.7,6.00000000000023,3.));
#9291=CARTESIAN_POINT('',(158.7,6.00000000000023,3.));
#9292=CARTESIAN_POINT('',(160.2,6.00000000000023,5.94122141654101));
#9293=CARTESIAN_POINT('',(158.7,6.00000000000023,5.94122141654101));
#9294=CARTESIAN_POINT('Origin',(158.7,0.,3.));
#9295=CARTESIAN_POINT('',(158.7,12.6,3.));
#9296=CARTESIAN_POINT('',(158.7,0.,3.));
#9297=CARTESIAN_POINT('',(160.2,12.6,3.));
#9298=CARTESIAN_POINT('',(158.7,12.6,3.));
#9299=CARTESIAN_POINT('',(160.2,0.,3.));
#9300=CARTESIAN_POINT('Origin',(158.7,13.2,3.6));
#9301=CARTESIAN_POINT('',(160.2,13.2,3.6));
#9302=CARTESIAN_POINT('',(160.2,13.2,3.6));
#9303=CARTESIAN_POINT('',(158.7,13.2,3.6));
#9304=CARTESIAN_POINT('',(158.7,13.2,3.6));
#9305=CARTESIAN_POINT('',(158.7,13.2,3.6));
#9306=CARTESIAN_POINT('Origin',(158.7,13.2,11.4));
#9307=CARTESIAN_POINT('',(160.2,13.2,11.4));
#9308=CARTESIAN_POINT('',(160.2,13.2,11.4));
#9309=CARTESIAN_POINT('',(158.7,13.2,11.4));
#9310=CARTESIAN_POINT('',(158.7,13.2,11.4));
#9311=CARTESIAN_POINT('',(158.7,13.2,11.4));
#9312=CARTESIAN_POINT('Origin',(158.7,12.,12.6));
#9313=CARTESIAN_POINT('',(160.2,12.,12.6));
#9314=CARTESIAN_POINT('',(160.2,12.,12.6));
#9315=CARTESIAN_POINT('',(158.7,12.,12.6));
#9316=CARTESIAN_POINT('',(158.7,12.,12.6));
#9317=CARTESIAN_POINT('',(158.7,12.,12.6));
#9318=CARTESIAN_POINT('Origin',(158.7,0.,12.6));
#9319=CARTESIAN_POINT('',(160.2,-12.,12.6));
#9320=CARTESIAN_POINT('',(160.2,0.,12.6));
#9321=CARTESIAN_POINT('',(158.7,-12.,12.6));
#9322=CARTESIAN_POINT('',(158.7,-12.,12.6));
#9323=CARTESIAN_POINT('',(158.7,-12.,12.6));
#9324=CARTESIAN_POINT('Origin',(158.7,-13.2,11.4));
#9325=CARTESIAN_POINT('',(160.2,-13.2,11.4));
#9326=CARTESIAN_POINT('',(160.2,-13.2,11.4));
#9327=CARTESIAN_POINT('',(158.7,-13.2,11.4));
#9328=CARTESIAN_POINT('',(158.7,-13.2,11.4));
#9329=CARTESIAN_POINT('',(158.7,-13.2,11.4));
#9330=CARTESIAN_POINT('Origin',(158.7,-13.2,3.6));
#9331=CARTESIAN_POINT('',(160.2,-13.2,3.6));
#9332=CARTESIAN_POINT('',(160.2,-13.2,3.6));
#9333=CARTESIAN_POINT('',(158.7,-13.2,3.6));
#9334=CARTESIAN_POINT('',(158.7,-13.2,3.6));
#9335=CARTESIAN_POINT('',(158.7,-13.2,3.6));
#9336=CARTESIAN_POINT('Origin',(158.7,-12.6,3.));
#9337=CARTESIAN_POINT('',(160.2,-12.6,3.));
#9338=CARTESIAN_POINT('',(160.2,-12.6,3.));
#9339=CARTESIAN_POINT('',(158.7,-12.6,3.));
#9340=CARTESIAN_POINT('',(158.7,-12.6,3.));
#9341=CARTESIAN_POINT('',(158.7,-12.6,3.));
#9342=CARTESIAN_POINT('Origin',(158.7,0.,3.));
#9343=CARTESIAN_POINT('',(158.7,-6.00000000002561,3.));
#9344=CARTESIAN_POINT('',(160.2,-6.00000000002561,3.));
#9345=CARTESIAN_POINT('',(158.7,-6.00000000002561,3.));
#9346=CARTESIAN_POINT('',(160.2,0.,3.));
#9347=CARTESIAN_POINT('',(158.7,0.,3.));
#9348=CARTESIAN_POINT('Origin',(158.7,-6.00000000002561,0.495000000000003));
#9349=CARTESIAN_POINT('',(158.7,-6.00000000002561,4.12016120604101));
#9350=CARTESIAN_POINT('',(160.2,-6.00000000002561,4.12016120604101));
#9351=CARTESIAN_POINT('Origin',(159.4,-6.9,10.));
#9352=CARTESIAN_POINT('',(160.2,-6.9,12.1));
#9353=CARTESIAN_POINT('Origin',(160.2,-6.9,10.));
#9354=CARTESIAN_POINT('',(158.7,-6.9,12.1));
#9355=CARTESIAN_POINT('',(159.4,-6.9,12.1));
#9356=CARTESIAN_POINT('Origin',(158.7,-6.9,10.));
#9357=CARTESIAN_POINT('Origin',(160.2,-2.77555756156289E-17,7.74532241208203));
#9358=CARTESIAN_POINT('',(160.2,6.9,7.9));
#9359=CARTESIAN_POINT('Origin',(160.2,6.9,10.));
#9360=CARTESIAN_POINT('Origin',(158.7,-2.22044604925031E-16,7.74532241208203));
#9361=CARTESIAN_POINT('',(158.7,6.9,7.9));
#9362=CARTESIAN_POINT('Origin',(158.7,6.9,10.));
#9363=CARTESIAN_POINT('Origin',(159.4,6.9,10.));
#9364=CARTESIAN_POINT('',(159.4,6.9,7.9));
#9365=CARTESIAN_POINT('Origin',(114.8,0.,3.));
#9366=CARTESIAN_POINT('',(114.8,-6.00000000002561,3.));
#9367=CARTESIAN_POINT('',(116.3,-6.00000000002561,3.));
#9368=CARTESIAN_POINT('',(114.8,-6.00000000002561,3.));
#9369=CARTESIAN_POINT('',(116.3,-12.6,3.));
#9370=CARTESIAN_POINT('',(116.3,0.,3.));
#9371=CARTESIAN_POINT('',(114.8,-12.6,3.));
#9372=CARTESIAN_POINT('',(114.8,-12.6,3.));
#9373=CARTESIAN_POINT('',(114.8,0.,3.));
#9374=CARTESIAN_POINT('Origin',(114.8,-12.6,3.));
#9375=CARTESIAN_POINT('',(116.3,-13.2,3.6));
#9376=CARTESIAN_POINT('',(116.3,-12.6,3.));
#9377=CARTESIAN_POINT('',(114.8,-13.2,3.6));
#9378=CARTESIAN_POINT('',(114.8,-13.2,3.6));
#9379=CARTESIAN_POINT('',(114.8,-12.6,3.));
#9380=CARTESIAN_POINT('Origin',(114.8,-13.2,3.6));
#9381=CARTESIAN_POINT('',(116.3,-13.2,11.4));
#9382=CARTESIAN_POINT('',(116.3,-13.2,3.6));
#9383=CARTESIAN_POINT('',(114.8,-13.2,11.4));
#9384=CARTESIAN_POINT('',(114.8,-13.2,11.4));
#9385=CARTESIAN_POINT('',(114.8,-13.2,3.6));
#9386=CARTESIAN_POINT('Origin',(114.8,-13.2,11.4));
#9387=CARTESIAN_POINT('',(116.3,-12.,12.6));
#9388=CARTESIAN_POINT('',(116.3,-13.2,11.4));
#9389=CARTESIAN_POINT('',(114.8,-12.,12.6));
#9390=CARTESIAN_POINT('',(114.8,-12.,12.6));
#9391=CARTESIAN_POINT('',(114.8,-13.2,11.4));
#9392=CARTESIAN_POINT('Origin',(114.8,0.,12.6));
#9393=CARTESIAN_POINT('',(116.3,12.,12.6));
#9394=CARTESIAN_POINT('',(116.3,0.,12.6));
#9395=CARTESIAN_POINT('',(114.8,12.,12.6));
#9396=CARTESIAN_POINT('',(114.8,12.,12.6));
#9397=CARTESIAN_POINT('',(114.8,-12.,12.6));
#9398=CARTESIAN_POINT('Origin',(114.8,12.,12.6));
#9399=CARTESIAN_POINT('',(116.3,13.2,11.4));
#9400=CARTESIAN_POINT('',(116.3,12.,12.6));
#9401=CARTESIAN_POINT('',(114.8,13.2,11.4));
#9402=CARTESIAN_POINT('',(114.8,13.2,11.4));
#9403=CARTESIAN_POINT('',(114.8,12.,12.6));
#9404=CARTESIAN_POINT('Origin',(114.8,13.2,11.4));
#9405=CARTESIAN_POINT('',(116.3,13.2,3.6));
#9406=CARTESIAN_POINT('',(116.3,13.2,11.4));
#9407=CARTESIAN_POINT('',(114.8,13.2,3.6));
#9408=CARTESIAN_POINT('',(114.8,13.2,3.6));
#9409=CARTESIAN_POINT('',(114.8,13.2,11.4));
#9410=CARTESIAN_POINT('Origin',(114.8,13.2,3.6));
#9411=CARTESIAN_POINT('',(116.3,12.6,3.));
#9412=CARTESIAN_POINT('',(116.3,13.2,3.6));
#9413=CARTESIAN_POINT('',(114.8,12.6,3.));
#9414=CARTESIAN_POINT('',(114.8,12.6,3.));
#9415=CARTESIAN_POINT('',(114.8,13.2,3.6));
#9416=CARTESIAN_POINT('Origin',(114.8,0.,3.));
#9417=CARTESIAN_POINT('',(116.3,6.00000000000023,3.));
#9418=CARTESIAN_POINT('',(114.8,6.00000000000023,3.));
#9419=CARTESIAN_POINT('',(114.8,6.00000000000023,3.));
#9420=CARTESIAN_POINT('',(114.8,0.,3.));
#9421=CARTESIAN_POINT('',(116.3,0.,3.));
#9422=CARTESIAN_POINT('Origin',(114.8,6.00000000000023,4.137120421));
#9423=CARTESIAN_POINT('',(116.3,6.00000000000023,4.137120421));
#9424=CARTESIAN_POINT('',(116.3,6.00000000000023,5.94122141654101));
#9425=CARTESIAN_POINT('',(114.8,6.00000000000023,4.137120421));
#9426=CARTESIAN_POINT('',(114.8,6.00000000000023,4.137120421));
#9427=CARTESIAN_POINT('',(114.8,6.00000000000023,5.94122141654101));
#9428=CARTESIAN_POINT('Origin',(114.8,5.75000000000023,4.137120421));
#9429=CARTESIAN_POINT('',(116.3,5.84482758620729,4.36843779798267));
#9430=CARTESIAN_POINT('Origin',(116.3,5.75000000000023,4.137120421));
#9431=CARTESIAN_POINT('',(114.8,5.84482758620729,4.36843779798267));
#9432=CARTESIAN_POINT('',(114.8,5.84482758620729,4.36843779798267));
#9433=CARTESIAN_POINT('Origin',(114.8,5.75000000000023,4.137120421));
#9434=CARTESIAN_POINT('Origin',(114.8,6.30000000000119,5.47876120749948));
#9435=CARTESIAN_POINT('',(116.3,5.26720501128087,4.86775015091033));
#9436=CARTESIAN_POINT('Origin',(116.3,6.30000000000119,5.47876120749948));
#9437=CARTESIAN_POINT('',(114.8,5.26720501128087,4.86775015091033));
#9438=CARTESIAN_POINT('',(114.8,5.26720501128087,4.86775015091033));
#9439=CARTESIAN_POINT('Origin',(114.8,6.30000000000119,5.47876120749948));
#9440=CARTESIAN_POINT('Origin',(114.8,5.0520393886308,4.74045618078759));
#9441=CARTESIAN_POINT('',(116.3,5.07382832431772,4.98950485531053));
#9442=CARTESIAN_POINT('Origin',(116.3,5.0520393886308,4.74045618078759));
#9443=CARTESIAN_POINT('',(114.8,5.07382832431772,4.98950485531053));
#9444=CARTESIAN_POINT('',(114.8,5.07382832431772,4.98950485531053));
#9445=CARTESIAN_POINT('Origin',(114.8,5.0520393886308,4.74045618078759));
#9446=CARTESIAN_POINT('Origin',(114.8,4.72821106431772,5.01974244751053));
#9447=CARTESIAN_POINT('',(116.3,4.72821106431772,5.01974244751053));
#9448=CARTESIAN_POINT('',(116.3,2.2637405711672,5.23535567747716));
#9449=CARTESIAN_POINT('',(114.8,4.72821106431772,5.01974244751053));
#9450=CARTESIAN_POINT('',(114.8,4.72821106431772,5.01974244751053));
#9451=CARTESIAN_POINT('',(114.8,2.2637405711672,5.23535567747716));
#9452=CARTESIAN_POINT('Origin',(114.8,4.75000000000463,5.26879112203346));
#9453=CARTESIAN_POINT('',(116.3,4.50000000000463,5.26879112203346));
#9454=CARTESIAN_POINT('Origin',(116.3,4.75000000000463,5.26879112203346));
#9455=CARTESIAN_POINT('',(114.8,4.50000000000463,5.26879112203346));
#9456=CARTESIAN_POINT('',(114.8,4.50000000000463,5.26879112203346));
#9457=CARTESIAN_POINT('Origin',(114.8,4.75000000000463,5.26879112203346));
#9458=CARTESIAN_POINT('Origin',(114.8,4.50000000000463,5.72121287903346));
#9459=CARTESIAN_POINT('',(116.3,4.50000000000463,5.72121287903346));
#9460=CARTESIAN_POINT('',(116.3,4.50000000000463,6.73326764555774));
#9461=CARTESIAN_POINT('',(114.8,4.50000000000463,5.72121287903346));
#9462=CARTESIAN_POINT('',(114.8,4.50000000000463,5.72121287903346));
#9463=CARTESIAN_POINT('',(114.8,4.50000000000463,6.73326764555774));
#9464=CARTESIAN_POINT('Origin',(114.8,4.75000000000463,5.72121287903346));
#9465=CARTESIAN_POINT('',(116.3,4.72821106431772,5.9702615535564));
#9466=CARTESIAN_POINT('Origin',(116.3,4.75000000000463,5.72121287903346));
#9467=CARTESIAN_POINT('',(114.8,4.72821106431772,5.9702615535564));
#9468=CARTESIAN_POINT('',(114.8,4.72821106431772,5.9702615535564));
#9469=CARTESIAN_POINT('Origin',(114.8,4.75000000000463,5.72121287903346));
#9470=CARTESIAN_POINT('Origin',(114.8,5.09477657021772,6.0023318797564));
#9471=CARTESIAN_POINT('',(116.3,5.09477657021772,6.0023318797564));
#9472=CARTESIAN_POINT('',(116.3,2.64240534349596,5.78777719870052));
#9473=CARTESIAN_POINT('',(114.8,5.09477657021772,6.0023318797564));
#9474=CARTESIAN_POINT('',(114.8,5.09477657021772,6.0023318797564));
#9475=CARTESIAN_POINT('',(114.8,2.64240534349596,5.78777719870052));
#9476=CARTESIAN_POINT('Origin',(114.8,5.0729876345308,6.25138055427934));
#9477=CARTESIAN_POINT('',(116.3,5.28454149064416,6.11817032207637));
#9478=CARTESIAN_POINT('Origin',(116.3,5.0729876345308,6.25138055427934));
#9479=CARTESIAN_POINT('',(114.8,5.28454149064416,6.11817032207637));
#9480=CARTESIAN_POINT('',(114.8,5.28454149064416,6.11817032207637));
#9481=CARTESIAN_POINT('Origin',(114.8,5.0729876345308,6.25138055427934));
#9482=CARTESIAN_POINT('Origin',(114.8,6.29999999998827,5.47876120750211));
#9483=CARTESIAN_POINT('',(116.3,5.84482758619438,6.58908461701892));
#9484=CARTESIAN_POINT('Origin',(116.3,6.29999999998827,5.47876120750211));
#9485=CARTESIAN_POINT('',(114.8,5.84482758619438,6.58908461701892));
#9486=CARTESIAN_POINT('',(114.8,5.84482758619438,6.58908461701892));
#9487=CARTESIAN_POINT('Origin',(114.8,6.29999999998827,5.47876120750211));
#9488=CARTESIAN_POINT('Origin',(114.8,5.74999999998731,6.82040199400159));
#9489=CARTESIAN_POINT('',(116.3,5.99999999998731,6.82040199400159));
#9490=CARTESIAN_POINT('Origin',(116.3,5.74999999998731,6.82040199400159));
#9491=CARTESIAN_POINT('',(114.8,5.99999999998731,6.82040199400159));
#9492=CARTESIAN_POINT('',(114.8,5.99999999998731,6.82040199400159));
#9493=CARTESIAN_POINT('Origin',(114.8,5.74999999998731,6.82040199400159));
#9494=CARTESIAN_POINT('Origin',(114.8,5.99999999998731,7.49500000050159));
#9495=CARTESIAN_POINT('',(116.3,5.99999999998731,7.49500000050159));
#9496=CARTESIAN_POINT('',(116.3,5.99999999998731,7.62016120629181));
#9497=CARTESIAN_POINT('',(114.8,5.99999999998731,7.49500000050159));
#9498=CARTESIAN_POINT('',(114.8,5.99999999998731,7.49500000050159));
#9499=CARTESIAN_POINT('',(114.8,5.99999999998731,7.62016120629181));
#9500=CARTESIAN_POINT('Origin',(114.8,5.49999999998731,7.99500000050159));
#9501=CARTESIAN_POINT('',(116.3,5.49999999998731,7.99500000050159));
#9502=CARTESIAN_POINT('',(116.3,4.18741939709538,9.30758060339353));
#9503=CARTESIAN_POINT('',(114.8,5.49999999998731,7.99500000050159));
#9504=CARTESIAN_POINT('',(114.8,5.49999999998731,7.99500000050159));
#9505=CARTESIAN_POINT('',(114.8,4.18741939709538,9.30758060339353));
#9506=CARTESIAN_POINT('Origin',(114.8,-5.50000000001269,7.99500000050159));
#9507=CARTESIAN_POINT('',(116.3,-5.50000000001269,7.99500000050159));
#9508=CARTESIAN_POINT('',(116.3,-2.75000000000634,7.99500000050159));
#9509=CARTESIAN_POINT('',(114.8,-5.50000000001269,7.99500000050159));
#9510=CARTESIAN_POINT('',(114.8,-5.50000000001269,7.99500000050159));
#9511=CARTESIAN_POINT('',(114.8,-2.75000000000634,7.99500000050159));
#9512=CARTESIAN_POINT('Origin',(114.8,-6.00000000001269,7.49500000050159));
#9513=CARTESIAN_POINT('',(116.3,-6.00000000001269,7.49500000050159));
#9514=CARTESIAN_POINT('',(116.3,-4.43741939711441,9.05758060339987));
#9515=CARTESIAN_POINT('',(114.8,-6.00000000001269,7.49500000050159));
#9516=CARTESIAN_POINT('',(114.8,-6.00000000001269,7.49500000050159));
#9517=CARTESIAN_POINT('',(114.8,-4.43741939711441,9.05758060339987));
#9518=CARTESIAN_POINT('Origin',(114.8,-6.00000000001269,6.82040199400159));
#9519=CARTESIAN_POINT('',(116.3,-6.00000000001269,6.82040199400159));
#9520=CARTESIAN_POINT('',(116.3,-6.00000000001269,7.28286220304181));
#9521=CARTESIAN_POINT('',(114.8,-6.00000000001269,6.82040199400159));
#9522=CARTESIAN_POINT('',(114.8,-6.00000000001269,6.82040199400159));
#9523=CARTESIAN_POINT('',(114.8,-6.00000000001269,7.28286220304181));
#9524=CARTESIAN_POINT('Origin',(114.8,-5.75000000001269,6.82040199400159));
#9525=CARTESIAN_POINT('',(116.3,-5.84482758621975,6.58908461701892));
#9526=CARTESIAN_POINT('Origin',(116.3,-5.75000000001269,6.82040199400159));
#9527=CARTESIAN_POINT('',(114.8,-5.84482758621975,6.58908461701892));
#9528=CARTESIAN_POINT('',(114.8,-5.84482758621975,6.58908461701892));
#9529=CARTESIAN_POINT('Origin',(114.8,-5.75000000001269,6.82040199400159));
#9530=CARTESIAN_POINT('Origin',(114.8,-6.30000000001365,5.47876120750211));
#9531=CARTESIAN_POINT('',(116.3,-5.28454149066954,6.11817032207637));
#9532=CARTESIAN_POINT('Origin',(116.3,-6.30000000001365,5.47876120750211));
#9533=CARTESIAN_POINT('',(114.8,-5.28454149066954,6.11817032207637));
#9534=CARTESIAN_POINT('',(114.8,-5.28454149066954,6.11817032207637));
#9535=CARTESIAN_POINT('Origin',(114.8,-6.30000000001365,5.47876120750211));
#9536=CARTESIAN_POINT('Origin',(114.8,-5.07298763455618,6.25138055427933));
#9537=CARTESIAN_POINT('',(116.3,-5.09477657024309,6.0023318797564));
#9538=CARTESIAN_POINT('Origin',(116.3,-5.07298763455618,6.25138055427933));
#9539=CARTESIAN_POINT('',(114.8,-5.09477657024309,6.0023318797564));
#9540=CARTESIAN_POINT('',(114.8,-5.09477657024309,6.0023318797564));
#9541=CARTESIAN_POINT('Origin',(114.8,-5.07298763455618,6.25138055427933));
#9542=CARTESIAN_POINT('Origin',(114.8,-4.72821106434309,5.9702615535564));
#9543=CARTESIAN_POINT('',(116.3,-4.72821106434309,5.9702615535564));
#9544=CARTESIAN_POINT('',(116.3,-2.45912259055874,5.77174203559942));
#9545=CARTESIAN_POINT('',(114.8,-4.72821106434309,5.9702615535564));
#9546=CARTESIAN_POINT('',(114.8,-4.72821106434309,5.9702615535564));
#9547=CARTESIAN_POINT('',(114.8,-2.45912259055874,5.77174203559942));
#9548=CARTESIAN_POINT('Origin',(114.8,-4.75000000003001,5.72121287903346));
#9549=CARTESIAN_POINT('',(116.3,-4.50000000003001,5.72121287903346));
#9550=CARTESIAN_POINT('Origin',(116.3,-4.75000000003001,5.72121287903346));
#9551=CARTESIAN_POINT('',(114.8,-4.50000000003001,5.72121287903346));
#9552=CARTESIAN_POINT('',(114.8,-4.50000000003001,5.72121287903346));
#9553=CARTESIAN_POINT('Origin',(114.8,-4.75000000003001,5.72121287903346));
#9554=CARTESIAN_POINT('Origin',(114.8,-4.50000000003001,5.26879112203346));
#9555=CARTESIAN_POINT('',(116.3,-4.50000000003001,5.26879112203346));
#9556=CARTESIAN_POINT('',(116.3,-4.50000000003001,6.50705676705774));
#9557=CARTESIAN_POINT('',(114.8,-4.50000000003001,5.26879112203346));
#9558=CARTESIAN_POINT('',(114.8,-4.50000000003001,5.26879112203346));
#9559=CARTESIAN_POINT('',(114.8,-4.50000000003001,6.50705676705774));
#9560=CARTESIAN_POINT('Origin',(114.8,-4.75000000003001,5.26879112203346));
#9561=CARTESIAN_POINT('',(116.3,-4.72821106434309,5.01974244751053));
#9562=CARTESIAN_POINT('Origin',(116.3,-4.75000000003001,5.26879112203346));
#9563=CARTESIAN_POINT('',(114.8,-4.72821106434309,5.01974244751053));
#9564=CARTESIAN_POINT('',(114.8,-4.72821106434309,5.01974244751053));
#9565=CARTESIAN_POINT('Origin',(114.8,-4.75000000003001,5.26879112203346));
#9566=CARTESIAN_POINT('Origin',(114.8,-5.07382832434309,4.98950485531053));
#9567=CARTESIAN_POINT('',(116.3,-5.07382832434309,4.98950485531053));
#9568=CARTESIAN_POINT('',(116.3,-2.43654920117998,5.22023688137826));
#9569=CARTESIAN_POINT('',(114.8,-5.07382832434309,4.98950485531053));
#9570=CARTESIAN_POINT('',(114.8,-5.07382832434309,4.98950485531053));
#9571=CARTESIAN_POINT('',(114.8,-2.43654920117998,5.22023688137826));
#9572=CARTESIAN_POINT('Origin',(114.8,-5.05203938865618,4.74045618078759));
#9573=CARTESIAN_POINT('',(116.3,-5.26720501130624,4.86775015091033));
#9574=CARTESIAN_POINT('Origin',(116.3,-5.05203938865618,4.74045618078759));
#9575=CARTESIAN_POINT('',(114.8,-5.26720501130624,4.86775015091033));
#9576=CARTESIAN_POINT('',(114.8,-5.26720501130624,4.86775015091033));
#9577=CARTESIAN_POINT('Origin',(114.8,-5.05203938865618,4.74045618078759));
#9578=CARTESIAN_POINT('Origin',(114.8,-6.30000000002656,5.47876120749948));
#9579=CARTESIAN_POINT('',(116.3,-5.84482758623267,4.36843779798267));
#9580=CARTESIAN_POINT('Origin',(116.3,-6.30000000002656,5.47876120749948));
#9581=CARTESIAN_POINT('',(114.8,-5.84482758623267,4.36843779798267));
#9582=CARTESIAN_POINT('',(114.8,-5.84482758623267,4.36843779798267));
#9583=CARTESIAN_POINT('Origin',(114.8,-6.30000000002656,5.47876120749948));
#9584=CARTESIAN_POINT('Origin',(114.8,-5.75000000002561,4.137120421));
#9585=CARTESIAN_POINT('',(116.3,-6.00000000002561,4.137120421));
#9586=CARTESIAN_POINT('Origin',(116.3,-5.75000000002561,4.137120421));
#9587=CARTESIAN_POINT('',(114.8,-6.00000000002561,4.137120421));
#9588=CARTESIAN_POINT('',(114.8,-6.00000000002561,4.137120421));
#9589=CARTESIAN_POINT('Origin',(114.8,-5.75000000002561,4.137120421));
#9590=CARTESIAN_POINT('Origin',(114.8,-6.00000000002561,0.495000000000003));
#9591=CARTESIAN_POINT('',(114.8,-6.00000000002561,4.12016120604101));
#9592=CARTESIAN_POINT('',(116.3,-6.00000000002561,4.12016120604101));
#9593=CARTESIAN_POINT('Origin',(115.6,-6.9,10.));
#9594=CARTESIAN_POINT('',(114.8,-6.9,7.9));
#9595=CARTESIAN_POINT('Origin',(114.8,-6.9,10.));
#9596=CARTESIAN_POINT('',(116.3,-6.9,7.9));
#9597=CARTESIAN_POINT('',(115.6,-6.9,7.9));
#9598=CARTESIAN_POINT('Origin',(116.3,-6.9,10.));
#9599=CARTESIAN_POINT('Origin',(114.8,-2.22044604925031E-16,7.74532241208203));
#9600=CARTESIAN_POINT('',(114.8,6.9,12.1));
#9601=CARTESIAN_POINT('Origin',(114.8,6.9,10.));
#9602=CARTESIAN_POINT('Origin',(116.3,-2.77555756156289E-17,7.74532241208203));
#9603=CARTESIAN_POINT('',(116.3,6.9,12.1));
#9604=CARTESIAN_POINT('Origin',(116.3,6.9,10.));
#9605=CARTESIAN_POINT('Origin',(115.6,6.9,10.));
#9606=CARTESIAN_POINT('',(115.6,6.9,12.1));
#9607=CARTESIAN_POINT('',(0.,0.,0.));
#9608=CARTESIAN_POINT('',(-137.499999999999,13.5000000000169,6.58579306755946E-6));
#9609=CARTESIAN_POINT('',(0.,0.,0.));
#9610=UNCERTAINTY_MEASURE_WITH_UNIT(LENGTH_MEASURE(0.01),#9620,
'DISTANCE_ACCURACY_VALUE',
'Maximum model space distance between geometric entities at asserted c
onnectivities');
#9611=UNCERTAINTY_MEASURE_WITH_UNIT(LENGTH_MEASURE(0.01),#9620,
'DISTANCE_ACCURACY_VALUE',
'Maximum model space distance between geometric entities at asserted c
onnectivities');
#9612=UNCERTAINTY_MEASURE_WITH_UNIT(LENGTH_MEASURE(0.01),#9620,
'DISTANCE_ACCURACY_VALUE',
'Maximum model space distance between geometric entities at asserted c
onnectivities');
#9613=UNCERTAINTY_MEASURE_WITH_UNIT(LENGTH_MEASURE(0.01),#9620,
'DISTANCE_ACCURACY_VALUE',
'Maximum model space distance between geometric entities at asserted c
onnectivities');
#9614=UNCERTAINTY_MEASURE_WITH_UNIT(LENGTH_MEASURE(0.01),#9620,
'DISTANCE_ACCURACY_VALUE',
'Maximum model space distance between geometric entities at asserted c
onnectivities');
#9615=(
GEOMETRIC_REPRESENTATION_CONTEXT(3)
GLOBAL_UNCERTAINTY_ASSIGNED_CONTEXT((#9610))
GLOBAL_UNIT_ASSIGNED_CONTEXT((#9620,#9622,#9623))
REPRESENTATION_CONTEXT('','3D')
);
#9616=(
GEOMETRIC_REPRESENTATION_CONTEXT(3)
GLOBAL_UNCERTAINTY_ASSIGNED_CONTEXT((#9611))
GLOBAL_UNIT_ASSIGNED_CONTEXT((#9620,#9622,#9623))
REPRESENTATION_CONTEXT('','3D')
);
#9617=(
GEOMETRIC_REPRESENTATION_CONTEXT(3)
GLOBAL_UNCERTAINTY_ASSIGNED_CONTEXT((#9612))
GLOBAL_UNIT_ASSIGNED_CONTEXT((#9620,#9622,#9623))
REPRESENTATION_CONTEXT('','3D')
);
#9618=(
GEOMETRIC_REPRESENTATION_CONTEXT(3)
GLOBAL_UNCERTAINTY_ASSIGNED_CONTEXT((#9613))
GLOBAL_UNIT_ASSIGNED_CONTEXT((#9620,#9622,#9623))
REPRESENTATION_CONTEXT('','3D')
);
#9619=(
GEOMETRIC_REPRESENTATION_CONTEXT(3)
GLOBAL_UNCERTAINTY_ASSIGNED_CONTEXT((#9614))
GLOBAL_UNIT_ASSIGNED_CONTEXT((#9620,#9622,#9623))
REPRESENTATION_CONTEXT('','3D')
);
#9620=(
LENGTH_UNIT()
NAMED_UNIT(*)
SI_UNIT(.MILLI.,.METRE.)
);
#9621=(
LENGTH_UNIT()
NAMED_UNIT(*)
SI_UNIT($,.METRE.)
);
#9622=(
NAMED_UNIT(*)
PLANE_ANGLE_UNIT()
SI_UNIT($,.RADIAN.)
);
#9623=(
NAMED_UNIT(*)
SI_UNIT($,.STERADIAN.)
SOLID_ANGLE_UNIT()
);
#9624=SHAPE_DEFINITION_REPRESENTATION(#9628,#9635);
#9625=SHAPE_DEFINITION_REPRESENTATION(#9629,#9636);
#9626=SHAPE_DEFINITION_REPRESENTATION(#9630,#9637);
#9627=SHAPE_DEFINITION_REPRESENTATION(#9631,#9638);
#9628=PRODUCT_DEFINITION_SHAPE('',$,#9640);
#9629=PRODUCT_DEFINITION_SHAPE('',$,#9641);
#9630=PRODUCT_DEFINITION_SHAPE('',$,#9642);
#9631=PRODUCT_DEFINITION_SHAPE('',$,#9643);
#9632=PRODUCT_DEFINITION_SHAPE($,$,#20);
#9633=PRODUCT_DEFINITION_SHAPE($,$,#21);
#9634=PRODUCT_DEFINITION_SHAPE($,$,#22);
#9635=SHAPE_REPRESENTATION('',(#5678,#6248),#9615);
#9636=SHAPE_REPRESENTATION('',(#5679,#6247),#9616);
#9637=SHAPE_REPRESENTATION('',(#5680,#6246),#9617);
#9638=SHAPE_REPRESENTATION('',(#5681),#9618);
#9639=PRODUCT_DEFINITION_CONTEXT('part definition',#9653,'design');
#9640=PRODUCT_DEFINITION('2026-09-20-18-12-34-457','_X_carriage',#9644,
#9639);
#9641=PRODUCT_DEFINITION('2026-09-20-18-12-31-838','_Mount frame',#9645,
#9639);
#9642=PRODUCT_DEFINITION('2026-09-20-18-12-32-140','X_carriage',#9646,#9639);
#9643=PRODUCT_DEFINITION('2026-09-19-00-23-27-238','_MGN12H',#9647,#9639);
#9644=PRODUCT_DEFINITION_FORMATION('',$,#9655);
#9645=PRODUCT_DEFINITION_FORMATION('',$,#9656);
#9646=PRODUCT_DEFINITION_FORMATION('',$,#9657);
#9647=PRODUCT_DEFINITION_FORMATION('',$,#9658);
#9648=PRODUCT_RELATED_PRODUCT_CATEGORY('_X_carriage','_X_carriage',(#9655));
#9649=PRODUCT_RELATED_PRODUCT_CATEGORY('_Mount frame','_Mount frame',(#9656));
#9650=PRODUCT_RELATED_PRODUCT_CATEGORY('X_carriage','X_carriage',(#9657));
#9651=PRODUCT_RELATED_PRODUCT_CATEGORY('_MGN12H','_MGN12H',(#9658));
#9652=APPLICATION_PROTOCOL_DEFINITION('international standard',
'automotive_design',2009,#9653);
#9653=APPLICATION_CONTEXT(
'Core Data for Automotive Mechanical Design Process');
#9654=PRODUCT_CONTEXT('part definition',#9653,'mechanical');
#9655=PRODUCT('2026-09-20-18-12-34-457','_X_carriage',$,(#9654));
#9656=PRODUCT('2026-09-20-18-12-31-838','_Mount frame',$,(#9654));
#9657=PRODUCT('2026-09-20-18-12-32-140','X_carriage',$,(#9654));
#9658=PRODUCT('2026-09-19-00-23-27-238','_MGN12H',$,(#9654));
#9659=PRESENTATION_STYLE_ASSIGNMENT((#9662));
#9660=PRESENTATION_STYLE_ASSIGNMENT((#9663));
#9661=PRESENTATION_STYLE_ASSIGNMENT((#9664));
#9662=SURFACE_STYLE_USAGE(.BOTH.,#9665);
#9663=SURFACE_STYLE_USAGE(.BOTH.,#9666);
#9664=SURFACE_STYLE_USAGE(.BOTH.,#9667);
#9665=SURFACE_SIDE_STYLE('',(#9668));
#9666=SURFACE_SIDE_STYLE('',(#9669));
#9667=SURFACE_SIDE_STYLE('',(#9670));
#9668=SURFACE_STYLE_FILL_AREA(#9671);
#9669=SURFACE_STYLE_FILL_AREA(#9672);
#9670=SURFACE_STYLE_FILL_AREA(#9673);
#9671=FILL_AREA_STYLE('Steel - Satin',(#9674));
#9672=FILL_AREA_STYLE('Steel - Satin',(#9675));
#9673=FILL_AREA_STYLE('Plastic - Molded (Black)',(#9676));
#9674=FILL_AREA_STYLE_COLOUR('Steel - Satin',#9677);
#9675=FILL_AREA_STYLE_COLOUR('Steel - Satin',#9678);
#9676=FILL_AREA_STYLE_COLOUR('Plastic - Molded (Black)',#9679);
#9677=COLOUR_RGB('Steel - Satin',0.627450980392157,0.627450980392157,0.627450980392157);
#9678=COLOUR_RGB('Steel - Satin',0.627450980392157,0.627450980392157,0.627450980392157);
#9679=COLOUR_RGB('Plastic - Molded (Black)',0.0980392156862745,0.0980392156862745,
0.0980392156862745);
ENDSEC;
END-ISO-10303-21;
