ISO-10303-21;
HEADER;
/* Generated by software containing ST-Developer
 * from STEP Tools, Inc. (www.steptools.com) 
 */

FILE_DESCRIPTION(
/* description */ (''),
/* implementation_level */ '2;1');

FILE_NAME(
/* name */ '__tmp_export.step',
/* time_stamp */ '2026-09-02T18:17:08+02:00',
/* author */ (''),
/* organization */ (''),
/* preprocessor_version */ 'ST-DEVELOPER v20.1',
/* originating_system */ 'Autodesk Translation Framework v15.8.0.0',
/* authorisation */ '');

FILE_SCHEMA (('AUTOMOTIVE_DESIGN { 1 0 10303 214 3 1 1 }'));
ENDSEC;

DATA;
#10=MECHANICAL_DESIGN_GEOMETRIC_PRESENTATION_REPRESENTATION('',(#65,#66,
#67,#68,#69),#3171);
#11=INVISIBILITY((#12,#13,#14,#15,#16,#17,#18,#19,#20));
#12=CONTEXT_DEPENDENT_OVER_RIDING_STYLED_ITEM('',(#3214),#3192,#69,(#34));
#13=CONTEXT_DEPENDENT_OVER_RIDING_STYLED_ITEM('',(#3215),#3192,#69,(#32));
#14=CONTEXT_DEPENDENT_OVER_RIDING_STYLED_ITEM('',(#3216),#3192,#69,(#33));
#15=CONTEXT_DEPENDENT_OVER_RIDING_STYLED_ITEM('',(#3217),#3192,#69,(#35));
#16=CONTEXT_DEPENDENT_OVER_RIDING_STYLED_ITEM('',(#3218),#3192,#69,(#37));
#17=CONTEXT_DEPENDENT_OVER_RIDING_STYLED_ITEM('',(#3219),#3192,#69,(#38));
#18=CONTEXT_DEPENDENT_OVER_RIDING_STYLED_ITEM('',(#3220),#3192,#69,(#36));
#19=CONTEXT_DEPENDENT_OVER_RIDING_STYLED_ITEM('',(#3221),#3192,#69,(#39));
#20=CONTEXT_DEPENDENT_OVER_RIDING_STYLED_ITEM('',(#3222),#3193,#69,(#40));
#21=MAPPED_ITEM('',#22,#1969);
#22=REPRESENTATION_MAP(#1969,#3191);
#23=ITEM_DEFINED_TRANSFORMATION($,$,#1838,#1960);
#24=ITEM_DEFINED_TRANSFORMATION($,$,#1838,#1961);
#25=ITEM_DEFINED_TRANSFORMATION($,$,#1838,#1962);
#26=ITEM_DEFINED_TRANSFORMATION($,$,#1838,#1963);
#27=ITEM_DEFINED_TRANSFORMATION($,$,#1838,#1964);
#28=ITEM_DEFINED_TRANSFORMATION($,$,#1838,#1965);
#29=ITEM_DEFINED_TRANSFORMATION($,$,#1838,#1966);
#30=ITEM_DEFINED_TRANSFORMATION($,$,#1838,#1967);
#31=ITEM_DEFINED_TRANSFORMATION($,$,#1886,#1968);
#32=(
REPRESENTATION_RELATIONSHIP($,$,#3192,#3191)
REPRESENTATION_RELATIONSHIP_WITH_TRANSFORMATION(#23)
SHAPE_REPRESENTATION_RELATIONSHIP()
);
#33=(
REPRESENTATION_RELATIONSHIP($,$,#3192,#3191)
REPRESENTATION_RELATIONSHIP_WITH_TRANSFORMATION(#24)
SHAPE_REPRESENTATION_RELATIONSHIP()
);
#34=(
REPRESENTATION_RELATIONSHIP($,$,#3192,#3191)
REPRESENTATION_RELATIONSHIP_WITH_TRANSFORMATION(#25)
SHAPE_REPRESENTATION_RELATIONSHIP()
);
#35=(
REPRESENTATION_RELATIONSHIP($,$,#3192,#3191)
REPRESENTATION_RELATIONSHIP_WITH_TRANSFORMATION(#26)
SHAPE_REPRESENTATION_RELATIONSHIP()
);
#36=(
REPRESENTATION_RELATIONSHIP($,$,#3192,#3191)
REPRESENTATION_RELATIONSHIP_WITH_TRANSFORMATION(#27)
SHAPE_REPRESENTATION_RELATIONSHIP()
);
#37=(
REPRESENTATION_RELATIONSHIP($,$,#3192,#3191)
REPRESENTATION_RELATIONSHIP_WITH_TRANSFORMATION(#28)
SHAPE_REPRESENTATION_RELATIONSHIP()
);
#38=(
REPRESENTATION_RELATIONSHIP($,$,#3192,#3191)
REPRESENTATION_RELATIONSHIP_WITH_TRANSFORMATION(#29)
SHAPE_REPRESENTATION_RELATIONSHIP()
);
#39=(
REPRESENTATION_RELATIONSHIP($,$,#3192,#3191)
REPRESENTATION_RELATIONSHIP_WITH_TRANSFORMATION(#30)
SHAPE_REPRESENTATION_RELATIONSHIP()
);
#40=(
REPRESENTATION_RELATIONSHIP($,$,#3193,#3191)
REPRESENTATION_RELATIONSHIP_WITH_TRANSFORMATION(#31)
SHAPE_REPRESENTATION_RELATIONSHIP()
);
#41=CONTEXT_DEPENDENT_SHAPE_REPRESENTATION(#32,#3182);
#42=CONTEXT_DEPENDENT_SHAPE_REPRESENTATION(#33,#3183);
#43=CONTEXT_DEPENDENT_SHAPE_REPRESENTATION(#34,#3184);
#44=CONTEXT_DEPENDENT_SHAPE_REPRESENTATION(#35,#3185);
#45=CONTEXT_DEPENDENT_SHAPE_REPRESENTATION(#36,#3186);
#46=CONTEXT_DEPENDENT_SHAPE_REPRESENTATION(#37,#3187);
#47=CONTEXT_DEPENDENT_SHAPE_REPRESENTATION(#38,#3188);
#48=CONTEXT_DEPENDENT_SHAPE_REPRESENTATION(#39,#3189);
#49=CONTEXT_DEPENDENT_SHAPE_REPRESENTATION(#40,#3190);
#50=NEXT_ASSEMBLY_USAGE_OCCURRENCE('M5 2020 drop-in T-nut:2',
'M5 2020 drop-in T-nut:2','M5 2020 drop-in T-nut:2',#3195,#3196,
'M5 2020 drop-in T-nut:2');
#51=NEXT_ASSEMBLY_USAGE_OCCURRENCE('M5 2020 drop-in T-nut:3',
'M5 2020 drop-in T-nut:3','M5 2020 drop-in T-nut:3',#3195,#3196,
'M5 2020 drop-in T-nut:3');
#52=NEXT_ASSEMBLY_USAGE_OCCURRENCE('M5 2020 drop-in T-nut:1',
'M5 2020 drop-in T-nut:1','M5 2020 drop-in T-nut:1',#3195,#3196,
'M5 2020 drop-in T-nut:1');
#53=NEXT_ASSEMBLY_USAGE_OCCURRENCE('M5 2020 drop-in T-nut:4',
'M5 2020 drop-in T-nut:4','M5 2020 drop-in T-nut:4',#3195,#3196,
'M5 2020 drop-in T-nut:4');
#54=NEXT_ASSEMBLY_USAGE_OCCURRENCE('M5 2020 drop-in T-nut:7',
'M5 2020 drop-in T-nut:7','M5 2020 drop-in T-nut:7',#3195,#3196,
'M5 2020 drop-in T-nut:7');
#55=NEXT_ASSEMBLY_USAGE_OCCURRENCE('M5 2020 drop-in T-nut:5',
'M5 2020 drop-in T-nut:5','M5 2020 drop-in T-nut:5',#3195,#3196,
'M5 2020 drop-in T-nut:5');
#56=NEXT_ASSEMBLY_USAGE_OCCURRENCE('M5 2020 drop-in T-nut:6',
'M5 2020 drop-in T-nut:6','M5 2020 drop-in T-nut:6',#3195,#3196,
'M5 2020 drop-in T-nut:6');
#57=NEXT_ASSEMBLY_USAGE_OCCURRENCE('M5 2020 drop-in T-nut:8',
'M5 2020 drop-in T-nut:8','M5 2020 drop-in T-nut:8',#3195,#3196,
'M5 2020 drop-in T-nut:8');
#58=NEXT_ASSEMBLY_USAGE_OCCURRENCE('_HFSB5-2020-240:1',
'_HFSB5-2020-240:1','_HFSB5-2020-240:1',#3195,#3197,'_HFSB5-2020-240:1');
#59=FACE_BOUND('',#277,.T.);
#60=FACE_BOUND('',#279,.T.);
#61=SHAPE_REPRESENTATION_RELATIONSHIP('SRR','None',#3192,#63);
#62=SHAPE_REPRESENTATION_RELATIONSHIP('SRR','None',#3193,#64);
#63=ADVANCED_BREP_SHAPE_REPRESENTATION('',(#70),#3169);
#64=ADVANCED_BREP_SHAPE_REPRESENTATION('',(#71),#3170);
#65=STYLED_ITEM('',(#3210),#70);
#66=STYLED_ITEM('',(#3212),#1809);
#67=STYLED_ITEM('',(#3212),#1810);
#68=STYLED_ITEM('',(#3211),#71);
#69=STYLED_ITEM('',(#3213),#21);
#70=MANIFOLD_SOLID_BREP('Body1',#1812);
#71=MANIFOLD_SOLID_BREP('Body1',#1813);
#72=CYLINDRICAL_SURFACE('',#1864,7.);
#73=CYLINDRICAL_SURFACE('',#1866,2.1);
#74=CYLINDRICAL_SURFACE('',#1868,7.);
#75=CYLINDRICAL_SURFACE('',#1874,0.25);
#76=CYLINDRICAL_SURFACE('',#1877,0.25);
#77=CYLINDRICAL_SURFACE('',#1879,0.25);
#78=CYLINDRICAL_SURFACE('',#1881,0.7);
#79=CYLINDRICAL_SURFACE('',#1882,0.699999999998782);
#80=CYLINDRICAL_SURFACE('',#1884,0.25);
#81=CYLINDRICAL_SURFACE('',#1889,1.);
#82=CYLINDRICAL_SURFACE('',#1906,1.);
#83=CYLINDRICAL_SURFACE('',#1923,1.);
#84=CYLINDRICAL_SURFACE('',#1940,1.);
#85=CYLINDRICAL_SURFACE('',#1959,2.1);
#86=B_SPLINE_SURFACE_WITH_KNOTS('',3,3,((#2546,#2547,#2548,#2549,#2550,
#2551,#2552,#2553,#2554,#2555),(#2556,#2557,#2558,#2559,#2560,#2561,#2562,
#2563,#2564,#2565),(#2566,#2567,#2568,#2569,#2570,#2571,#2572,#2573,#2574,
#2575),(#2576,#2577,#2578,#2579,#2580,#2581,#2582,#2583,#2584,#2585)),
 .UNSPECIFIED.,.F.,.F.,.F.,(4,4),(4,1,1,1,1,1,1,4),(0.,1.),(-1.52019316066576,
-1.46540322492863,-1.41061328919149,-1.35582335345436,-1.30103341771723,
-1.24624348198009,-1.19145354624296,-1.13666361050582),.UNSPECIFIED.);
#87=B_SPLINE_SURFACE_WITH_KNOTS('',3,3,((#2649,#2650,#2651,#2652,#2653,
#2654,#2655,#2656,#2657,#2658),(#2659,#2660,#2661,#2662,#2663,#2664,#2665,
#2666,#2667,#2668),(#2669,#2670,#2671,#2672,#2673,#2674,#2675,#2676,#2677,
#2678),(#2679,#2680,#2681,#2682,#2683,#2684,#2685,#2686,#2687,#2688)),
 .UNSPECIFIED.,.F.,.F.,.F.,(4,4),(4,1,1,1,1,1,1,4),(0.,1.),(-0.855979138060002,
-0.801189169906271,-0.746399201752539,-0.691609233598808,-0.636819265445077,
-0.582029297291345,-0.527239329137614,-0.472449360983883),.UNSPECIFIED.);
#88=B_SPLINE_CURVE_WITH_KNOTS('',3,(#2508,#2509,#2510,#2511,#2512,#2513,
#2514,#2515,#2516,#2517,#2518,#2519,#2520),.UNSPECIFIED.,.F.,.F.,(4,3,3,
3,4),(-0.0563885981007371,-0.0424885696124739,-0.0285885411242108,-0.00603398786674395,
0.),.UNSPECIFIED.);
#89=B_SPLINE_CURVE_WITH_KNOTS('',3,(#2522,#2523,#2524,#2525),
 .UNSPECIFIED.,.F.,.F.,(4,4),(0.201755682679701,0.208739762270686),
 .UNSPECIFIED.);
#90=B_SPLINE_CURVE_WITH_KNOTS('',3,(#2529,#2530,#2531,#2532),
 .UNSPECIFIED.,.F.,.F.,(4,4),(0.761497430662031,0.768481510231839),
 .UNSPECIFIED.);
#91=B_SPLINE_CURVE_WITH_KNOTS('',3,(#2533,#2534,#2535,#2536,#2537,#2538,
#2539,#2540,#2541,#2542,#2543,#2544,#2545),.UNSPECIFIED.,.F.,.F.,(4,3,3,
3,4),(0.,0.0136409280562746,0.0272818561125492,0.0494492375338684,0.0554211668766814),
 .UNSPECIFIED.);
#92=B_SPLINE_CURVE_WITH_KNOTS('',3,(#2587,#2588,#2589,#2590,#2591,#2592,
#2593,#2594,#2595,#2596),.UNSPECIFIED.,.F.,.F.,(4,1,1,1,1,1,1,4),(-1.48884388330676,
-1.46540322492863,-1.41061328919149,-1.35582335345436,-1.30103341771723,
-1.24624348198009,-1.19145354624296,-1.16799988359494),.UNSPECIFIED.);
#93=B_SPLINE_CURVE_WITH_KNOTS('',3,(#2598,#2599,#2600,#2601,#2602,#2603,
#2604,#2605,#2606,#2607,#2608,#2609,#2610),.UNSPECIFIED.,.F.,.F.,(4,3,3,
3,4),(0.,0.0136409279886056,0.0272818559772111,0.0494543567545439,0.0554211668777534),
 .UNSPECIFIED.);
#94=B_SPLINE_CURVE_WITH_KNOTS('',3,(#2611,#2612,#2613,#2614,#2615,#2616,
#2617,#2618,#2619,#2620),.UNSPECIFIED.,.F.,.F.,(4,1,1,1,1,1,1,4),(1.13666361050582,
1.19145354624296,1.24624348198009,1.30103341771723,1.35582335345436,1.41061328919149,
1.46540322492863,1.52019316066576),.UNSPECIFIED.);
#95=B_SPLINE_CURVE_WITH_KNOTS('',3,(#2625,#2626,#2627,#2628,#2629,#2630,
#2631,#2632,#2633,#2634,#2635,#2636,#2637),.UNSPECIFIED.,.F.,.F.,(4,3,3,
3,4),(-0.0563885951374447,-0.0424885673452987,-0.0285885395531526,-0.00602884620180173,
0.),.UNSPECIFIED.);
#96=B_SPLINE_CURVE_WITH_KNOTS('',3,(#2639,#2640,#2641,#2642),
 .UNSPECIFIED.,.F.,.F.,(4,4),(1.17119481707073,1.17817889664054),
 .UNSPECIFIED.);
#97=B_SPLINE_CURVE_WITH_KNOTS('',3,(#2645,#2646,#2647,#2648),
 .UNSPECIFIED.,.F.,.F.,(4,4),(-0.208739761507171,-0.20175568206552),
 .UNSPECIFIED.);
#98=B_SPLINE_CURVE_WITH_KNOTS('',3,(#2689,#2690,#2691,#2692,#2693,#2694,
#2695,#2696,#2697,#2698),.UNSPECIFIED.,.F.,.F.,(4,1,1,1,1,1,1,4),(0.472449360983883,
0.527239329137614,0.582029297291345,0.636819265445077,0.691609233598808,
0.746399201752539,0.801189169906271,0.855979138060002),.UNSPECIFIED.);
#99=B_SPLINE_CURVE_WITH_KNOTS('',3,(#2699,#2700,#2701,#2702,#2703,#2704,
#2705,#2706,#2707,#2708),.UNSPECIFIED.,.F.,.F.,(4,1,1,1,1,1,1,4),(-0.824642865794893,
-0.801189169906271,-0.746399201752539,-0.691609233598808,-0.636819265445077,
-0.582029297291345,-0.527239329137614,-0.50379880428328),.UNSPECIFIED.);
#100=B_SPLINE_CURVE_WITH_KNOTS('',3,(#2729,#2730,#2731,#2732,#2733,#2734,
#2735,#2736,#2737,#2738,#2739,#2740,#2741,#2742),.UNSPECIFIED.,.F.,.F.,
(4,2,2,2,2,2,4),(0.0275842606222802,0.0405677006435021,0.0750502081646311,
0.142043963489513,0.209037718814395,0.243520226335524,0.256503666356746),
 .UNSPECIFIED.);
#101=B_SPLINE_CURVE_WITH_KNOTS('',3,(#2746,#2747,#2748,#2749,#2750,#2751,
#2752,#2753,#2754,#2755,#2756,#2757,#2758,#2759),.UNSPECIFIED.,.F.,.F.,
(4,2,2,2,2,2,4),(0.0275842606222803,0.0405677006435026,0.0750502081646314,
0.142043963489513,0.209037718814395,0.243520226335524,0.256503666356746),
 .UNSPECIFIED.);
#102=CONICAL_SURFACE('',#1857,2.3,0.785398163397448);
#103=CONICAL_SURFACE('',#1861,2.3,0.785398163397448);
#104=CONICAL_SURFACE('',#1870,2.3,0.785398163397448);
#105=FACE_OUTER_BOUND('',#192,.T.);
#106=FACE_OUTER_BOUND('',#193,.T.);
#107=FACE_OUTER_BOUND('',#194,.T.);
#108=FACE_OUTER_BOUND('',#195,.T.);
#109=FACE_OUTER_BOUND('',#196,.T.);
#110=FACE_OUTER_BOUND('',#197,.T.);
#111=FACE_OUTER_BOUND('',#198,.T.);
#112=FACE_OUTER_BOUND('',#199,.T.);
#113=FACE_OUTER_BOUND('',#200,.T.);
#114=FACE_OUTER_BOUND('',#201,.T.);
#115=FACE_OUTER_BOUND('',#202,.T.);
#116=FACE_OUTER_BOUND('',#203,.T.);
#117=FACE_OUTER_BOUND('',#204,.T.);
#118=FACE_OUTER_BOUND('',#205,.T.);
#119=FACE_OUTER_BOUND('',#206,.T.);
#120=FACE_OUTER_BOUND('',#207,.T.);
#121=FACE_OUTER_BOUND('',#208,.T.);
#122=FACE_OUTER_BOUND('',#209,.T.);
#123=FACE_OUTER_BOUND('',#210,.T.);
#124=FACE_OUTER_BOUND('',#211,.T.);
#125=FACE_OUTER_BOUND('',#212,.T.);
#126=FACE_OUTER_BOUND('',#213,.T.);
#127=FACE_OUTER_BOUND('',#214,.T.);
#128=FACE_OUTER_BOUND('',#215,.T.);
#129=FACE_OUTER_BOUND('',#216,.T.);
#130=FACE_OUTER_BOUND('',#217,.T.);
#131=FACE_OUTER_BOUND('',#218,.T.);
#132=FACE_OUTER_BOUND('',#219,.T.);
#133=FACE_OUTER_BOUND('',#220,.T.);
#134=FACE_OUTER_BOUND('',#221,.T.);
#135=FACE_OUTER_BOUND('',#222,.T.);
#136=FACE_OUTER_BOUND('',#223,.T.);
#137=FACE_OUTER_BOUND('',#224,.T.);
#138=FACE_OUTER_BOUND('',#225,.T.);
#139=FACE_OUTER_BOUND('',#226,.T.);
#140=FACE_OUTER_BOUND('',#227,.T.);
#141=FACE_OUTER_BOUND('',#228,.T.);
#142=FACE_OUTER_BOUND('',#229,.T.);
#143=FACE_OUTER_BOUND('',#230,.T.);
#144=FACE_OUTER_BOUND('',#231,.T.);
#145=FACE_OUTER_BOUND('',#232,.T.);
#146=FACE_OUTER_BOUND('',#233,.T.);
#147=FACE_OUTER_BOUND('',#234,.T.);
#148=FACE_OUTER_BOUND('',#235,.T.);
#149=FACE_OUTER_BOUND('',#236,.T.);
#150=FACE_OUTER_BOUND('',#237,.T.);
#151=FACE_OUTER_BOUND('',#238,.T.);
#152=FACE_OUTER_BOUND('',#239,.T.);
#153=FACE_OUTER_BOUND('',#240,.T.);
#154=FACE_OUTER_BOUND('',#241,.T.);
#155=FACE_OUTER_BOUND('',#242,.T.);
#156=FACE_OUTER_BOUND('',#243,.T.);
#157=FACE_OUTER_BOUND('',#244,.T.);
#158=FACE_OUTER_BOUND('',#245,.T.);
#159=FACE_OUTER_BOUND('',#246,.T.);
#160=FACE_OUTER_BOUND('',#247,.T.);
#161=FACE_OUTER_BOUND('',#248,.T.);
#162=FACE_OUTER_BOUND('',#249,.T.);
#163=FACE_OUTER_BOUND('',#250,.T.);
#164=FACE_OUTER_BOUND('',#251,.T.);
#165=FACE_OUTER_BOUND('',#252,.T.);
#166=FACE_OUTER_BOUND('',#253,.T.);
#167=FACE_OUTER_BOUND('',#254,.T.);
#168=FACE_OUTER_BOUND('',#255,.T.);
#169=FACE_OUTER_BOUND('',#256,.T.);
#170=FACE_OUTER_BOUND('',#257,.T.);
#171=FACE_OUTER_BOUND('',#258,.T.);
#172=FACE_OUTER_BOUND('',#259,.T.);
#173=FACE_OUTER_BOUND('',#260,.T.);
#174=FACE_OUTER_BOUND('',#261,.T.);
#175=FACE_OUTER_BOUND('',#262,.T.);
#176=FACE_OUTER_BOUND('',#263,.T.);
#177=FACE_OUTER_BOUND('',#264,.T.);
#178=FACE_OUTER_BOUND('',#265,.T.);
#179=FACE_OUTER_BOUND('',#266,.T.);
#180=FACE_OUTER_BOUND('',#267,.T.);
#181=FACE_OUTER_BOUND('',#268,.T.);
#182=FACE_OUTER_BOUND('',#269,.T.);
#183=FACE_OUTER_BOUND('',#270,.T.);
#184=FACE_OUTER_BOUND('',#271,.T.);
#185=FACE_OUTER_BOUND('',#272,.T.);
#186=FACE_OUTER_BOUND('',#273,.T.);
#187=FACE_OUTER_BOUND('',#274,.T.);
#188=FACE_OUTER_BOUND('',#275,.T.);
#189=FACE_OUTER_BOUND('',#276,.T.);
#190=FACE_OUTER_BOUND('',#278,.T.);
#191=FACE_OUTER_BOUND('',#280,.T.);
#192=EDGE_LOOP('',(#1149,#1150,#1151,#1152,#1153,#1154,#1155,#1156,#1157,
#1158,#1159,#1160,#1161,#1162));
#193=EDGE_LOOP('',(#1163,#1164,#1165,#1166,#1167,#1168,#1169,#1170,#1171,
#1172,#1173,#1174,#1175,#1176));
#194=EDGE_LOOP('',(#1177,#1178,#1179,#1180,#1181,#1182,#1183));
#195=EDGE_LOOP('',(#1184,#1185,#1186,#1187));
#196=EDGE_LOOP('',(#1188,#1189,#1190,#1191,#1192,#1193));
#197=EDGE_LOOP('',(#1194,#1195,#1196,#1197));
#198=EDGE_LOOP('',(#1198,#1199,#1200,#1201,#1202,#1203,#1204,#1205));
#199=EDGE_LOOP('',(#1206,#1207,#1208,#1209));
#200=EDGE_LOOP('',(#1210,#1211,#1212,#1213,#1214,#1215,#1216,#1217));
#201=EDGE_LOOP('',(#1218,#1219,#1220,#1221,#1222,#1223,#1224,#1225));
#202=EDGE_LOOP('',(#1226,#1227,#1228,#1229));
#203=EDGE_LOOP('',(#1230,#1231,#1232,#1233,#1234,#1235,#1236,#1237));
#204=EDGE_LOOP('',(#1238,#1239,#1240,#1241,#1242,#1243));
#205=EDGE_LOOP('',(#1244,#1245,#1246,#1247,#1248));
#206=EDGE_LOOP('',(#1249,#1250,#1251,#1252));
#207=EDGE_LOOP('',(#1253,#1254,#1255,#1256,#1257,#1258));
#208=EDGE_LOOP('',(#1259,#1260,#1261,#1262));
#209=EDGE_LOOP('',(#1263,#1264,#1265,#1266));
#210=EDGE_LOOP('',(#1267,#1268,#1269,#1270));
#211=EDGE_LOOP('',(#1271,#1272,#1273,#1274));
#212=EDGE_LOOP('',(#1275,#1276,#1277,#1278));
#213=EDGE_LOOP('',(#1279,#1280,#1281,#1282));
#214=EDGE_LOOP('',(#1283,#1284,#1285,#1286));
#215=EDGE_LOOP('',(#1287,#1288,#1289,#1290));
#216=EDGE_LOOP('',(#1291,#1292,#1293,#1294));
#217=EDGE_LOOP('',(#1295,#1296,#1297,#1298));
#218=EDGE_LOOP('',(#1299,#1300,#1301,#1302));
#219=EDGE_LOOP('',(#1303,#1304,#1305,#1306));
#220=EDGE_LOOP('',(#1307,#1308,#1309,#1310));
#221=EDGE_LOOP('',(#1311,#1312,#1313,#1314));
#222=EDGE_LOOP('',(#1315,#1316,#1317,#1318));
#223=EDGE_LOOP('',(#1319,#1320,#1321,#1322));
#224=EDGE_LOOP('',(#1323,#1324,#1325,#1326));
#225=EDGE_LOOP('',(#1327,#1328,#1329,#1330));
#226=EDGE_LOOP('',(#1331,#1332,#1333,#1334));
#227=EDGE_LOOP('',(#1335,#1336,#1337,#1338));
#228=EDGE_LOOP('',(#1339,#1340,#1341,#1342));
#229=EDGE_LOOP('',(#1343,#1344,#1345,#1346));
#230=EDGE_LOOP('',(#1347,#1348,#1349,#1350));
#231=EDGE_LOOP('',(#1351,#1352,#1353,#1354));
#232=EDGE_LOOP('',(#1355,#1356,#1357,#1358));
#233=EDGE_LOOP('',(#1359,#1360,#1361,#1362));
#234=EDGE_LOOP('',(#1363,#1364,#1365,#1366));
#235=EDGE_LOOP('',(#1367,#1368,#1369,#1370));
#236=EDGE_LOOP('',(#1371,#1372,#1373,#1374));
#237=EDGE_LOOP('',(#1375,#1376,#1377,#1378));
#238=EDGE_LOOP('',(#1379,#1380,#1381,#1382));
#239=EDGE_LOOP('',(#1383,#1384,#1385,#1386));
#240=EDGE_LOOP('',(#1387,#1388,#1389,#1390));
#241=EDGE_LOOP('',(#1391,#1392,#1393,#1394));
#242=EDGE_LOOP('',(#1395,#1396,#1397,#1398));
#243=EDGE_LOOP('',(#1399,#1400,#1401,#1402));
#244=EDGE_LOOP('',(#1403,#1404,#1405,#1406));
#245=EDGE_LOOP('',(#1407,#1408,#1409,#1410));
#246=EDGE_LOOP('',(#1411,#1412,#1413,#1414));
#247=EDGE_LOOP('',(#1415,#1416,#1417,#1418));
#248=EDGE_LOOP('',(#1419,#1420,#1421,#1422));
#249=EDGE_LOOP('',(#1423,#1424,#1425,#1426));
#250=EDGE_LOOP('',(#1427,#1428,#1429,#1430));
#251=EDGE_LOOP('',(#1431,#1432,#1433,#1434));
#252=EDGE_LOOP('',(#1435,#1436,#1437,#1438));
#253=EDGE_LOOP('',(#1439,#1440,#1441,#1442));
#254=EDGE_LOOP('',(#1443,#1444,#1445,#1446));
#255=EDGE_LOOP('',(#1447,#1448,#1449,#1450));
#256=EDGE_LOOP('',(#1451,#1452,#1453,#1454));
#257=EDGE_LOOP('',(#1455,#1456,#1457,#1458));
#258=EDGE_LOOP('',(#1459,#1460,#1461,#1462));
#259=EDGE_LOOP('',(#1463,#1464,#1465,#1466));
#260=EDGE_LOOP('',(#1467,#1468,#1469,#1470));
#261=EDGE_LOOP('',(#1471,#1472,#1473,#1474));
#262=EDGE_LOOP('',(#1475,#1476,#1477,#1478));
#263=EDGE_LOOP('',(#1479,#1480,#1481,#1482));
#264=EDGE_LOOP('',(#1483,#1484,#1485,#1486));
#265=EDGE_LOOP('',(#1487,#1488,#1489,#1490));
#266=EDGE_LOOP('',(#1491,#1492,#1493,#1494));
#267=EDGE_LOOP('',(#1495,#1496,#1497,#1498));
#268=EDGE_LOOP('',(#1499,#1500,#1501,#1502));
#269=EDGE_LOOP('',(#1503,#1504,#1505,#1506));
#270=EDGE_LOOP('',(#1507,#1508,#1509,#1510));
#271=EDGE_LOOP('',(#1511,#1512,#1513,#1514));
#272=EDGE_LOOP('',(#1515,#1516,#1517,#1518));
#273=EDGE_LOOP('',(#1519,#1520,#1521,#1522));
#274=EDGE_LOOP('',(#1523,#1524,#1525,#1526));
#275=EDGE_LOOP('',(#1527,#1528,#1529,#1530));
#276=EDGE_LOOP('',(#1531,#1532,#1533,#1534,#1535,#1536,#1537,#1538,#1539,
#1540,#1541,#1542,#1543,#1544,#1545,#1546,#1547,#1548,#1549,#1550,#1551,
#1552,#1553,#1554,#1555,#1556,#1557,#1558,#1559,#1560,#1561,#1562,#1563,
#1564,#1565,#1566,#1567,#1568,#1569,#1570,#1571,#1572,#1573,#1574,#1575,
#1576,#1577,#1578,#1579,#1580,#1581,#1582,#1583,#1584,#1585,#1586,#1587,
#1588,#1589,#1590));
#277=EDGE_LOOP('',(#1591));
#278=EDGE_LOOP('',(#1592,#1593,#1594,#1595,#1596,#1597,#1598,#1599,#1600,
#1601,#1602,#1603,#1604,#1605,#1606,#1607,#1608,#1609,#1610,#1611,#1612,
#1613,#1614,#1615,#1616,#1617,#1618,#1619,#1620,#1621,#1622,#1623,#1624,
#1625,#1626,#1627,#1628,#1629,#1630,#1631,#1632,#1633,#1634,#1635,#1636,
#1637,#1638,#1639,#1640,#1641,#1642,#1643,#1644,#1645,#1646,#1647,#1648,
#1649,#1650,#1651));
#279=EDGE_LOOP('',(#1652));
#280=EDGE_LOOP('',(#1653,#1654,#1655,#1656));
#281=LINE('',#2448,#486);
#282=LINE('',#2452,#487);
#283=LINE('',#2456,#488);
#284=LINE('',#2462,#489);
#285=LINE('',#2468,#490);
#286=LINE('',#2471,#491);
#287=LINE('',#2477,#492);
#288=LINE('',#2481,#493);
#289=LINE('',#2487,#494);
#290=LINE('',#2493,#495);
#291=LINE('',#2497,#496);
#292=LINE('',#2500,#497);
#293=LINE('',#2710,#498);
#294=LINE('',#2711,#499);
#295=LINE('',#2712,#500);
#296=LINE('',#2714,#501);
#297=LINE('',#2718,#502);
#298=LINE('',#2720,#503);
#299=LINE('',#2721,#504);
#300=LINE('',#2725,#505);
#301=LINE('',#2762,#506);
#302=LINE('',#2763,#507);
#303=LINE('',#2764,#508);
#304=LINE('',#2766,#509);
#305=LINE('',#2768,#510);
#306=LINE('',#2770,#511);
#307=LINE('',#2772,#512);
#308=LINE('',#2774,#513);
#309=LINE('',#2776,#514);
#310=LINE('',#2778,#515);
#311=LINE('',#2780,#516);
#312=LINE('',#2782,#517);
#313=LINE('',#2789,#518);
#314=LINE('',#2791,#519);
#315=LINE('',#2793,#520);
#316=LINE('',#2794,#521);
#317=LINE('',#2797,#522);
#318=LINE('',#2799,#523);
#319=LINE('',#2800,#524);
#320=LINE('',#2805,#525);
#321=LINE('',#2810,#526);
#322=LINE('',#2812,#527);
#323=LINE('',#2814,#528);
#324=LINE('',#2815,#529);
#325=LINE('',#2817,#530);
#326=LINE('',#2818,#531);
#327=LINE('',#2821,#532);
#328=LINE('',#2823,#533);
#329=LINE('',#2824,#534);
#330=LINE('',#2827,#535);
#331=LINE('',#2829,#536);
#332=LINE('',#2830,#537);
#333=LINE('',#2833,#538);
#334=LINE('',#2835,#539);
#335=LINE('',#2836,#540);
#336=LINE('',#2839,#541);
#337=LINE('',#2841,#542);
#338=LINE('',#2842,#543);
#339=LINE('',#2845,#544);
#340=LINE('',#2847,#545);
#341=LINE('',#2848,#546);
#342=LINE('',#2851,#547);
#343=LINE('',#2853,#548);
#344=LINE('',#2854,#549);
#345=LINE('',#2857,#550);
#346=LINE('',#2859,#551);
#347=LINE('',#2860,#552);
#348=LINE('',#2863,#553);
#349=LINE('',#2865,#554);
#350=LINE('',#2866,#555);
#351=LINE('',#2869,#556);
#352=LINE('',#2871,#557);
#353=LINE('',#2872,#558);
#354=LINE('',#2875,#559);
#355=LINE('',#2877,#560);
#356=LINE('',#2878,#561);
#357=LINE('',#2881,#562);
#358=LINE('',#2883,#563);
#359=LINE('',#2884,#564);
#360=LINE('',#2887,#565);
#361=LINE('',#2889,#566);
#362=LINE('',#2890,#567);
#363=LINE('',#2896,#568);
#364=LINE('',#2899,#569);
#365=LINE('',#2901,#570);
#366=LINE('',#2902,#571);
#367=LINE('',#2905,#572);
#368=LINE('',#2907,#573);
#369=LINE('',#2908,#574);
#370=LINE('',#2911,#575);
#371=LINE('',#2913,#576);
#372=LINE('',#2914,#577);
#373=LINE('',#2917,#578);
#374=LINE('',#2919,#579);
#375=LINE('',#2920,#580);
#376=LINE('',#2923,#581);
#377=LINE('',#2925,#582);
#378=LINE('',#2926,#583);
#379=LINE('',#2929,#584);
#380=LINE('',#2931,#585);
#381=LINE('',#2932,#586);
#382=LINE('',#2935,#587);
#383=LINE('',#2937,#588);
#384=LINE('',#2938,#589);
#385=LINE('',#2941,#590);
#386=LINE('',#2943,#591);
#387=LINE('',#2944,#592);
#388=LINE('',#2947,#593);
#389=LINE('',#2949,#594);
#390=LINE('',#2950,#595);
#391=LINE('',#2953,#596);
#392=LINE('',#2955,#597);
#393=LINE('',#2956,#598);
#394=LINE('',#2959,#599);
#395=LINE('',#2961,#600);
#396=LINE('',#2962,#601);
#397=LINE('',#2965,#602);
#398=LINE('',#2967,#603);
#399=LINE('',#2968,#604);
#400=LINE('',#2971,#605);
#401=LINE('',#2973,#606);
#402=LINE('',#2974,#607);
#403=LINE('',#2977,#608);
#404=LINE('',#2979,#609);
#405=LINE('',#2980,#610);
#406=LINE('',#2986,#611);
#407=LINE('',#2989,#612);
#408=LINE('',#2991,#613);
#409=LINE('',#2992,#614);
#410=LINE('',#2995,#615);
#411=LINE('',#2997,#616);
#412=LINE('',#2998,#617);
#413=LINE('',#3001,#618);
#414=LINE('',#3003,#619);
#415=LINE('',#3004,#620);
#416=LINE('',#3007,#621);
#417=LINE('',#3009,#622);
#418=LINE('',#3010,#623);
#419=LINE('',#3013,#624);
#420=LINE('',#3015,#625);
#421=LINE('',#3016,#626);
#422=LINE('',#3019,#627);
#423=LINE('',#3021,#628);
#424=LINE('',#3022,#629);
#425=LINE('',#3025,#630);
#426=LINE('',#3027,#631);
#427=LINE('',#3028,#632);
#428=LINE('',#3031,#633);
#429=LINE('',#3033,#634);
#430=LINE('',#3034,#635);
#431=LINE('',#3037,#636);
#432=LINE('',#3039,#637);
#433=LINE('',#3040,#638);
#434=LINE('',#3043,#639);
#435=LINE('',#3045,#640);
#436=LINE('',#3046,#641);
#437=LINE('',#3049,#642);
#438=LINE('',#3051,#643);
#439=LINE('',#3052,#644);
#440=LINE('',#3055,#645);
#441=LINE('',#3057,#646);
#442=LINE('',#3058,#647);
#443=LINE('',#3061,#648);
#444=LINE('',#3063,#649);
#445=LINE('',#3064,#650);
#446=LINE('',#3067,#651);
#447=LINE('',#3069,#652);
#448=LINE('',#3070,#653);
#449=LINE('',#3076,#654);
#450=LINE('',#3079,#655);
#451=LINE('',#3081,#656);
#452=LINE('',#3082,#657);
#453=LINE('',#3085,#658);
#454=LINE('',#3087,#659);
#455=LINE('',#3088,#660);
#456=LINE('',#3091,#661);
#457=LINE('',#3093,#662);
#458=LINE('',#3094,#663);
#459=LINE('',#3097,#664);
#460=LINE('',#3099,#665);
#461=LINE('',#3100,#666);
#462=LINE('',#3103,#667);
#463=LINE('',#3105,#668);
#464=LINE('',#3106,#669);
#465=LINE('',#3109,#670);
#466=LINE('',#3111,#671);
#467=LINE('',#3112,#672);
#468=LINE('',#3115,#673);
#469=LINE('',#3117,#674);
#470=LINE('',#3118,#675);
#471=LINE('',#3121,#676);
#472=LINE('',#3123,#677);
#473=LINE('',#3124,#678);
#474=LINE('',#3127,#679);
#475=LINE('',#3129,#680);
#476=LINE('',#3130,#681);
#477=LINE('',#3133,#682);
#478=LINE('',#3135,#683);
#479=LINE('',#3136,#684);
#480=LINE('',#3139,#685);
#481=LINE('',#3141,#686);
#482=LINE('',#3142,#687);
#483=LINE('',#3144,#688);
#484=LINE('',#3145,#689);
#485=LINE('',#3153,#690);
#486=VECTOR('',#1978,10.);
#487=VECTOR('',#1981,10.);
#488=VECTOR('',#1984,10.);
#489=VECTOR('',#1989,10.);
#490=VECTOR('',#1994,10.);
#491=VECTOR('',#1997,10.);
#492=VECTOR('',#2002,10.);
#493=VECTOR('',#2005,10.);
#494=VECTOR('',#2010,10.);
#495=VECTOR('',#2015,10.);
#496=VECTOR('',#2018,10.);
#497=VECTOR('',#2021,10.);
#498=VECTOR('',#2038,10.);
#499=VECTOR('',#2039,10.);
#500=VECTOR('',#2040,10.);
#501=VECTOR('',#2043,10.);
#502=VECTOR('',#2048,2.56);
#503=VECTOR('',#2051,10.);
#504=VECTOR('',#2052,10.);
#505=VECTOR('',#2057,2.3);
#506=VECTOR('',#2066,10.);
#507=VECTOR('',#2067,10.);
#508=VECTOR('',#2068,10.);
#509=VECTOR('',#2071,10.);
#510=VECTOR('',#2074,10.);
#511=VECTOR('',#2077,10.);
#512=VECTOR('',#2080,10.);
#513=VECTOR('',#2083,10.);
#514=VECTOR('',#2086,10.);
#515=VECTOR('',#2089,10.);
#516=VECTOR('',#2092,10.);
#517=VECTOR('',#2095,10.);
#518=VECTOR('',#2104,10.);
#519=VECTOR('',#2105,1000.);
#520=VECTOR('',#2106,10.);
#521=VECTOR('',#2107,1000.);
#522=VECTOR('',#2110,10.);
#523=VECTOR('',#2111,10.);
#524=VECTOR('',#2112,1000.);
#525=VECTOR('',#2117,1000.);
#526=VECTOR('',#2122,10.);
#527=VECTOR('',#2123,1000.);
#528=VECTOR('',#2124,10.);
#529=VECTOR('',#2125,1000.);
#530=VECTOR('',#2128,10.);
#531=VECTOR('',#2129,10.);
#532=VECTOR('',#2132,10.);
#533=VECTOR('',#2133,10.);
#534=VECTOR('',#2134,1000.);
#535=VECTOR('',#2137,10.);
#536=VECTOR('',#2138,10.);
#537=VECTOR('',#2139,1000.);
#538=VECTOR('',#2142,10.);
#539=VECTOR('',#2143,10.);
#540=VECTOR('',#2144,1000.);
#541=VECTOR('',#2147,10.);
#542=VECTOR('',#2148,10.);
#543=VECTOR('',#2149,1000.);
#544=VECTOR('',#2152,10.);
#545=VECTOR('',#2153,10.);
#546=VECTOR('',#2154,1000.);
#547=VECTOR('',#2157,10.);
#548=VECTOR('',#2158,10.);
#549=VECTOR('',#2159,1000.);
#550=VECTOR('',#2162,10.);
#551=VECTOR('',#2163,10.);
#552=VECTOR('',#2164,1000.);
#553=VECTOR('',#2167,10.);
#554=VECTOR('',#2168,10.);
#555=VECTOR('',#2169,1000.);
#556=VECTOR('',#2172,10.);
#557=VECTOR('',#2173,10.);
#558=VECTOR('',#2174,1000.);
#559=VECTOR('',#2177,10.);
#560=VECTOR('',#2178,10.);
#561=VECTOR('',#2179,1000.);
#562=VECTOR('',#2182,10.);
#563=VECTOR('',#2183,10.);
#564=VECTOR('',#2184,1000.);
#565=VECTOR('',#2187,10.);
#566=VECTOR('',#2188,10.);
#567=VECTOR('',#2189,1000.);
#568=VECTOR('',#2196,1000.);
#569=VECTOR('',#2199,10.);
#570=VECTOR('',#2200,10.);
#571=VECTOR('',#2201,1000.);
#572=VECTOR('',#2204,10.);
#573=VECTOR('',#2205,10.);
#574=VECTOR('',#2206,1000.);
#575=VECTOR('',#2209,10.);
#576=VECTOR('',#2210,10.);
#577=VECTOR('',#2211,1000.);
#578=VECTOR('',#2214,10.);
#579=VECTOR('',#2215,10.);
#580=VECTOR('',#2216,1000.);
#581=VECTOR('',#2219,10.);
#582=VECTOR('',#2220,10.);
#583=VECTOR('',#2221,1000.);
#584=VECTOR('',#2224,10.);
#585=VECTOR('',#2225,10.);
#586=VECTOR('',#2226,1000.);
#587=VECTOR('',#2229,10.);
#588=VECTOR('',#2230,10.);
#589=VECTOR('',#2231,1000.);
#590=VECTOR('',#2234,10.);
#591=VECTOR('',#2235,10.);
#592=VECTOR('',#2236,1000.);
#593=VECTOR('',#2239,10.);
#594=VECTOR('',#2240,10.);
#595=VECTOR('',#2241,1000.);
#596=VECTOR('',#2244,10.);
#597=VECTOR('',#2245,10.);
#598=VECTOR('',#2246,1000.);
#599=VECTOR('',#2249,10.);
#600=VECTOR('',#2250,10.);
#601=VECTOR('',#2251,1000.);
#602=VECTOR('',#2254,10.);
#603=VECTOR('',#2255,10.);
#604=VECTOR('',#2256,1000.);
#605=VECTOR('',#2259,10.);
#606=VECTOR('',#2260,10.);
#607=VECTOR('',#2261,1000.);
#608=VECTOR('',#2264,10.);
#609=VECTOR('',#2265,10.);
#610=VECTOR('',#2266,1000.);
#611=VECTOR('',#2273,1000.);
#612=VECTOR('',#2276,10.);
#613=VECTOR('',#2277,10.);
#614=VECTOR('',#2278,1000.);
#615=VECTOR('',#2281,10.);
#616=VECTOR('',#2282,10.);
#617=VECTOR('',#2283,1000.);
#618=VECTOR('',#2286,10.);
#619=VECTOR('',#2287,10.);
#620=VECTOR('',#2288,1000.);
#621=VECTOR('',#2291,10.);
#622=VECTOR('',#2292,10.);
#623=VECTOR('',#2293,1000.);
#624=VECTOR('',#2296,10.);
#625=VECTOR('',#2297,10.);
#626=VECTOR('',#2298,1000.);
#627=VECTOR('',#2301,10.);
#628=VECTOR('',#2302,10.);
#629=VECTOR('',#2303,1000.);
#630=VECTOR('',#2306,10.);
#631=VECTOR('',#2307,10.);
#632=VECTOR('',#2308,1000.);
#633=VECTOR('',#2311,10.);
#634=VECTOR('',#2312,10.);
#635=VECTOR('',#2313,1000.);
#636=VECTOR('',#2316,10.);
#637=VECTOR('',#2317,10.);
#638=VECTOR('',#2318,1000.);
#639=VECTOR('',#2321,10.);
#640=VECTOR('',#2322,10.);
#641=VECTOR('',#2323,1000.);
#642=VECTOR('',#2326,10.);
#643=VECTOR('',#2327,10.);
#644=VECTOR('',#2328,1000.);
#645=VECTOR('',#2331,10.);
#646=VECTOR('',#2332,10.);
#647=VECTOR('',#2333,1000.);
#648=VECTOR('',#2336,10.);
#649=VECTOR('',#2337,10.);
#650=VECTOR('',#2338,1000.);
#651=VECTOR('',#2341,10.);
#652=VECTOR('',#2342,10.);
#653=VECTOR('',#2343,1000.);
#654=VECTOR('',#2350,1000.);
#655=VECTOR('',#2353,10.);
#656=VECTOR('',#2354,10.);
#657=VECTOR('',#2355,1000.);
#658=VECTOR('',#2358,10.);
#659=VECTOR('',#2359,10.);
#660=VECTOR('',#2360,1000.);
#661=VECTOR('',#2363,10.);
#662=VECTOR('',#2364,10.);
#663=VECTOR('',#2365,1000.);
#664=VECTOR('',#2368,10.);
#665=VECTOR('',#2369,10.);
#666=VECTOR('',#2370,1000.);
#667=VECTOR('',#2373,10.);
#668=VECTOR('',#2374,10.);
#669=VECTOR('',#2375,1000.);
#670=VECTOR('',#2378,10.);
#671=VECTOR('',#2379,10.);
#672=VECTOR('',#2380,1000.);
#673=VECTOR('',#2383,10.);
#674=VECTOR('',#2384,10.);
#675=VECTOR('',#2385,1000.);
#676=VECTOR('',#2388,10.);
#677=VECTOR('',#2389,10.);
#678=VECTOR('',#2390,1000.);
#679=VECTOR('',#2393,10.);
#680=VECTOR('',#2394,10.);
#681=VECTOR('',#2395,1000.);
#682=VECTOR('',#2398,10.);
#683=VECTOR('',#2399,10.);
#684=VECTOR('',#2400,1000.);
#685=VECTOR('',#2403,10.);
#686=VECTOR('',#2404,10.);
#687=VECTOR('',#2405,1000.);
#688=VECTOR('',#2408,10.);
#689=VECTOR('',#2409,10.);
#690=VECTOR('',#2420,2.1);
#691=CIRCLE('',#1840,0.25);
#692=CIRCLE('',#1841,0.25);
#693=CIRCLE('',#1842,0.25);
#694=CIRCLE('',#1843,0.7);
#695=CIRCLE('',#1844,7.);
#696=CIRCLE('',#1845,7.);
#697=CIRCLE('',#1846,0.699999999998782);
#698=CIRCLE('',#1847,0.25);
#699=CIRCLE('',#1849,0.25);
#700=CIRCLE('',#1850,0.25);
#701=CIRCLE('',#1851,0.699999999998782);
#702=CIRCLE('',#1852,7.);
#703=CIRCLE('',#1853,7.);
#704=CIRCLE('',#1854,0.7);
#705=CIRCLE('',#1855,0.25);
#706=CIRCLE('',#1856,0.25);
#707=CIRCLE('',#1858,2.1);
#708=CIRCLE('',#1859,2.1);
#709=CIRCLE('',#1860,2.5);
#710=CIRCLE('',#1862,2.1);
#711=CIRCLE('',#1863,2.5);
#712=CIRCLE('',#1867,2.1);
#713=CIRCLE('',#1871,2.5);
#714=CIRCLE('',#1872,2.5);
#715=CIRCLE('',#1873,2.5);
#716=CIRCLE('',#1890,1.);
#717=CIRCLE('',#1891,1.);
#718=CIRCLE('',#1907,1.);
#719=CIRCLE('',#1908,1.);
#720=CIRCLE('',#1924,1.);
#721=CIRCLE('',#1925,1.);
#722=CIRCLE('',#1941,1.);
#723=CIRCLE('',#1942,1.);
#724=CIRCLE('',#1956,2.1);
#725=CIRCLE('',#1958,2.1);
#726=VERTEX_POINT('',#2444);
#727=VERTEX_POINT('',#2445);
#728=VERTEX_POINT('',#2447);
#729=VERTEX_POINT('',#2449);
#730=VERTEX_POINT('',#2451);
#731=VERTEX_POINT('',#2453);
#732=VERTEX_POINT('',#2455);
#733=VERTEX_POINT('',#2457);
#734=VERTEX_POINT('',#2459);
#735=VERTEX_POINT('',#2461);
#736=VERTEX_POINT('',#2463);
#737=VERTEX_POINT('',#2465);
#738=VERTEX_POINT('',#2467);
#739=VERTEX_POINT('',#2469);
#740=VERTEX_POINT('',#2473);
#741=VERTEX_POINT('',#2474);
#742=VERTEX_POINT('',#2476);
#743=VERTEX_POINT('',#2478);
#744=VERTEX_POINT('',#2480);
#745=VERTEX_POINT('',#2482);
#746=VERTEX_POINT('',#2484);
#747=VERTEX_POINT('',#2486);
#748=VERTEX_POINT('',#2488);
#749=VERTEX_POINT('',#2490);
#750=VERTEX_POINT('',#2492);
#751=VERTEX_POINT('',#2494);
#752=VERTEX_POINT('',#2496);
#753=VERTEX_POINT('',#2498);
#754=VERTEX_POINT('',#2502);
#755=VERTEX_POINT('',#2503);
#756=VERTEX_POINT('',#2505);
#757=VERTEX_POINT('',#2507);
#758=VERTEX_POINT('',#2521);
#759=VERTEX_POINT('',#2526);
#760=VERTEX_POINT('',#2528);
#761=VERTEX_POINT('',#2586);
#762=VERTEX_POINT('',#2597);
#763=VERTEX_POINT('',#2622);
#764=VERTEX_POINT('',#2624);
#765=VERTEX_POINT('',#2638);
#766=VERTEX_POINT('',#2643);
#767=VERTEX_POINT('',#2716);
#768=VERTEX_POINT('',#2724);
#769=VERTEX_POINT('',#2726);
#770=VERTEX_POINT('',#2728);
#771=VERTEX_POINT('',#2743);
#772=VERTEX_POINT('',#2745);
#773=VERTEX_POINT('',#2787);
#774=VERTEX_POINT('',#2788);
#775=VERTEX_POINT('',#2790);
#776=VERTEX_POINT('',#2792);
#777=VERTEX_POINT('',#2796);
#778=VERTEX_POINT('',#2798);
#779=VERTEX_POINT('',#2802);
#780=VERTEX_POINT('',#2804);
#781=VERTEX_POINT('',#2808);
#782=VERTEX_POINT('',#2809);
#783=VERTEX_POINT('',#2811);
#784=VERTEX_POINT('',#2813);
#785=VERTEX_POINT('',#2820);
#786=VERTEX_POINT('',#2822);
#787=VERTEX_POINT('',#2826);
#788=VERTEX_POINT('',#2828);
#789=VERTEX_POINT('',#2832);
#790=VERTEX_POINT('',#2834);
#791=VERTEX_POINT('',#2838);
#792=VERTEX_POINT('',#2840);
#793=VERTEX_POINT('',#2844);
#794=VERTEX_POINT('',#2846);
#795=VERTEX_POINT('',#2850);
#796=VERTEX_POINT('',#2852);
#797=VERTEX_POINT('',#2856);
#798=VERTEX_POINT('',#2858);
#799=VERTEX_POINT('',#2862);
#800=VERTEX_POINT('',#2864);
#801=VERTEX_POINT('',#2868);
#802=VERTEX_POINT('',#2870);
#803=VERTEX_POINT('',#2874);
#804=VERTEX_POINT('',#2876);
#805=VERTEX_POINT('',#2880);
#806=VERTEX_POINT('',#2882);
#807=VERTEX_POINT('',#2886);
#808=VERTEX_POINT('',#2888);
#809=VERTEX_POINT('',#2892);
#810=VERTEX_POINT('',#2894);
#811=VERTEX_POINT('',#2898);
#812=VERTEX_POINT('',#2900);
#813=VERTEX_POINT('',#2904);
#814=VERTEX_POINT('',#2906);
#815=VERTEX_POINT('',#2910);
#816=VERTEX_POINT('',#2912);
#817=VERTEX_POINT('',#2916);
#818=VERTEX_POINT('',#2918);
#819=VERTEX_POINT('',#2922);
#820=VERTEX_POINT('',#2924);
#821=VERTEX_POINT('',#2928);
#822=VERTEX_POINT('',#2930);
#823=VERTEX_POINT('',#2934);
#824=VERTEX_POINT('',#2936);
#825=VERTEX_POINT('',#2940);
#826=VERTEX_POINT('',#2942);
#827=VERTEX_POINT('',#2946);
#828=VERTEX_POINT('',#2948);
#829=VERTEX_POINT('',#2952);
#830=VERTEX_POINT('',#2954);
#831=VERTEX_POINT('',#2958);
#832=VERTEX_POINT('',#2960);
#833=VERTEX_POINT('',#2964);
#834=VERTEX_POINT('',#2966);
#835=VERTEX_POINT('',#2970);
#836=VERTEX_POINT('',#2972);
#837=VERTEX_POINT('',#2976);
#838=VERTEX_POINT('',#2978);
#839=VERTEX_POINT('',#2982);
#840=VERTEX_POINT('',#2984);
#841=VERTEX_POINT('',#2988);
#842=VERTEX_POINT('',#2990);
#843=VERTEX_POINT('',#2994);
#844=VERTEX_POINT('',#2996);
#845=VERTEX_POINT('',#3000);
#846=VERTEX_POINT('',#3002);
#847=VERTEX_POINT('',#3006);
#848=VERTEX_POINT('',#3008);
#849=VERTEX_POINT('',#3012);
#850=VERTEX_POINT('',#3014);
#851=VERTEX_POINT('',#3018);
#852=VERTEX_POINT('',#3020);
#853=VERTEX_POINT('',#3024);
#854=VERTEX_POINT('',#3026);
#855=VERTEX_POINT('',#3030);
#856=VERTEX_POINT('',#3032);
#857=VERTEX_POINT('',#3036);
#858=VERTEX_POINT('',#3038);
#859=VERTEX_POINT('',#3042);
#860=VERTEX_POINT('',#3044);
#861=VERTEX_POINT('',#3048);
#862=VERTEX_POINT('',#3050);
#863=VERTEX_POINT('',#3054);
#864=VERTEX_POINT('',#3056);
#865=VERTEX_POINT('',#3060);
#866=VERTEX_POINT('',#3062);
#867=VERTEX_POINT('',#3066);
#868=VERTEX_POINT('',#3068);
#869=VERTEX_POINT('',#3072);
#870=VERTEX_POINT('',#3074);
#871=VERTEX_POINT('',#3078);
#872=VERTEX_POINT('',#3080);
#873=VERTEX_POINT('',#3084);
#874=VERTEX_POINT('',#3086);
#875=VERTEX_POINT('',#3090);
#876=VERTEX_POINT('',#3092);
#877=VERTEX_POINT('',#3096);
#878=VERTEX_POINT('',#3098);
#879=VERTEX_POINT('',#3102);
#880=VERTEX_POINT('',#3104);
#881=VERTEX_POINT('',#3108);
#882=VERTEX_POINT('',#3110);
#883=VERTEX_POINT('',#3114);
#884=VERTEX_POINT('',#3116);
#885=VERTEX_POINT('',#3120);
#886=VERTEX_POINT('',#3122);
#887=VERTEX_POINT('',#3126);
#888=VERTEX_POINT('',#3128);
#889=VERTEX_POINT('',#3132);
#890=VERTEX_POINT('',#3134);
#891=VERTEX_POINT('',#3138);
#892=VERTEX_POINT('',#3140);
#893=VERTEX_POINT('',#3147);
#894=VERTEX_POINT('',#3150);
#895=EDGE_CURVE('',#726,#727,#691,.T.);
#896=EDGE_CURVE('',#727,#728,#281,.T.);
#897=EDGE_CURVE('',#728,#729,#692,.T.);
#898=EDGE_CURVE('',#729,#730,#282,.T.);
#899=EDGE_CURVE('',#730,#731,#693,.T.);
#900=EDGE_CURVE('',#731,#732,#283,.T.);
#901=EDGE_CURVE('',#732,#733,#694,.T.);
#902=EDGE_CURVE('',#733,#734,#695,.T.);
#903=EDGE_CURVE('',#734,#735,#284,.T.);
#904=EDGE_CURVE('',#735,#736,#696,.T.);
#905=EDGE_CURVE('',#736,#737,#697,.T.);
#906=EDGE_CURVE('',#737,#738,#285,.T.);
#907=EDGE_CURVE('',#738,#739,#698,.T.);
#908=EDGE_CURVE('',#739,#726,#286,.T.);
#909=EDGE_CURVE('',#740,#741,#699,.T.);
#910=EDGE_CURVE('',#741,#742,#287,.T.);
#911=EDGE_CURVE('',#742,#743,#700,.T.);
#912=EDGE_CURVE('',#743,#744,#288,.T.);
#913=EDGE_CURVE('',#744,#745,#701,.T.);
#914=EDGE_CURVE('',#745,#746,#702,.T.);
#915=EDGE_CURVE('',#746,#747,#289,.T.);
#916=EDGE_CURVE('',#747,#748,#703,.T.);
#917=EDGE_CURVE('',#748,#749,#704,.T.);
#918=EDGE_CURVE('',#749,#750,#290,.T.);
#919=EDGE_CURVE('',#750,#751,#705,.T.);
#920=EDGE_CURVE('',#751,#752,#291,.T.);
#921=EDGE_CURVE('',#752,#753,#706,.T.);
#922=EDGE_CURVE('',#753,#740,#292,.T.);
#923=EDGE_CURVE('',#754,#755,#707,.T.);
#924=EDGE_CURVE('',#755,#756,#708,.T.);
#925=EDGE_CURVE('',#756,#757,#88,.T.);
#926=EDGE_CURVE('',#757,#758,#89,.T.);
#927=EDGE_CURVE('',#758,#759,#709,.T.);
#928=EDGE_CURVE('',#759,#760,#90,.T.);
#929=EDGE_CURVE('',#754,#760,#91,.T.);
#930=EDGE_CURVE('',#756,#761,#92,.T.);
#931=EDGE_CURVE('',#761,#762,#93,.T.);
#932=EDGE_CURVE('',#762,#757,#94,.T.);
#933=EDGE_CURVE('',#761,#763,#710,.T.);
#934=EDGE_CURVE('',#763,#764,#95,.T.);
#935=EDGE_CURVE('',#764,#765,#96,.T.);
#936=EDGE_CURVE('',#765,#766,#711,.T.);
#937=EDGE_CURVE('',#766,#762,#97,.T.);
#938=EDGE_CURVE('',#760,#764,#98,.T.);
#939=EDGE_CURVE('',#763,#754,#99,.T.);
#940=EDGE_CURVE('',#766,#734,#293,.T.);
#941=EDGE_CURVE('',#748,#733,#294,.T.);
#942=EDGE_CURVE('',#747,#758,#295,.F.);
#943=EDGE_CURVE('',#765,#735,#296,.T.);
#944=EDGE_CURVE('',#767,#767,#712,.T.);
#945=EDGE_CURVE('',#767,#755,#297,.T.);
#946=EDGE_CURVE('',#759,#746,#298,.F.);
#947=EDGE_CURVE('',#745,#736,#299,.T.);
#948=EDGE_CURVE('',#767,#768,#300,.T.);
#949=EDGE_CURVE('',#768,#769,#713,.T.);
#950=EDGE_CURVE('',#769,#770,#100,.T.);
#951=EDGE_CURVE('',#770,#771,#714,.T.);
#952=EDGE_CURVE('',#771,#772,#101,.T.);
#953=EDGE_CURVE('',#772,#768,#715,.T.);
#954=EDGE_CURVE('',#769,#753,#301,.T.);
#955=EDGE_CURVE('',#752,#729,#302,.T.);
#956=EDGE_CURVE('',#770,#728,#303,.T.);
#957=EDGE_CURVE('',#772,#740,#304,.T.);
#958=EDGE_CURVE('',#771,#727,#305,.T.);
#959=EDGE_CURVE('',#741,#726,#306,.T.);
#960=EDGE_CURVE('',#751,#730,#307,.T.);
#961=EDGE_CURVE('',#731,#750,#308,.T.);
#962=EDGE_CURVE('',#742,#739,#309,.T.);
#963=EDGE_CURVE('',#749,#732,#310,.T.);
#964=EDGE_CURVE('',#744,#737,#311,.T.);
#965=EDGE_CURVE('',#743,#738,#312,.T.);
#966=EDGE_CURVE('',#773,#774,#313,.T.);
#967=EDGE_CURVE('',#775,#773,#314,.T.);
#968=EDGE_CURVE('',#775,#776,#315,.T.);
#969=EDGE_CURVE('',#776,#774,#316,.T.);
#970=EDGE_CURVE('',#774,#777,#317,.T.);
#971=EDGE_CURVE('',#776,#778,#318,.T.);
#972=EDGE_CURVE('',#778,#777,#319,.T.);
#973=EDGE_CURVE('',#779,#773,#716,.T.);
#974=EDGE_CURVE('',#780,#779,#320,.T.);
#975=EDGE_CURVE('',#780,#775,#717,.T.);
#976=EDGE_CURVE('',#781,#782,#321,.T.);
#977=EDGE_CURVE('',#783,#781,#322,.T.);
#978=EDGE_CURVE('',#783,#784,#323,.T.);
#979=EDGE_CURVE('',#784,#782,#324,.T.);
#980=EDGE_CURVE('',#782,#779,#325,.T.);
#981=EDGE_CURVE('',#784,#780,#326,.T.);
#982=EDGE_CURVE('',#777,#785,#327,.T.);
#983=EDGE_CURVE('',#778,#786,#328,.T.);
#984=EDGE_CURVE('',#786,#785,#329,.T.);
#985=EDGE_CURVE('',#785,#787,#330,.T.);
#986=EDGE_CURVE('',#786,#788,#331,.T.);
#987=EDGE_CURVE('',#788,#787,#332,.T.);
#988=EDGE_CURVE('',#787,#789,#333,.T.);
#989=EDGE_CURVE('',#788,#790,#334,.T.);
#990=EDGE_CURVE('',#790,#789,#335,.T.);
#991=EDGE_CURVE('',#789,#791,#336,.T.);
#992=EDGE_CURVE('',#790,#792,#337,.T.);
#993=EDGE_CURVE('',#792,#791,#338,.T.);
#994=EDGE_CURVE('',#791,#793,#339,.T.);
#995=EDGE_CURVE('',#792,#794,#340,.T.);
#996=EDGE_CURVE('',#794,#793,#341,.T.);
#997=EDGE_CURVE('',#793,#795,#342,.T.);
#998=EDGE_CURVE('',#794,#796,#343,.T.);
#999=EDGE_CURVE('',#796,#795,#344,.T.);
#1000=EDGE_CURVE('',#795,#797,#345,.T.);
#1001=EDGE_CURVE('',#796,#798,#346,.T.);
#1002=EDGE_CURVE('',#798,#797,#347,.T.);
#1003=EDGE_CURVE('',#797,#799,#348,.T.);
#1004=EDGE_CURVE('',#798,#800,#349,.T.);
#1005=EDGE_CURVE('',#800,#799,#350,.T.);
#1006=EDGE_CURVE('',#799,#801,#351,.T.);
#1007=EDGE_CURVE('',#800,#802,#352,.T.);
#1008=EDGE_CURVE('',#802,#801,#353,.T.);
#1009=EDGE_CURVE('',#801,#803,#354,.T.);
#1010=EDGE_CURVE('',#802,#804,#355,.T.);
#1011=EDGE_CURVE('',#804,#803,#356,.T.);
#1012=EDGE_CURVE('',#803,#805,#357,.T.);
#1013=EDGE_CURVE('',#804,#806,#358,.T.);
#1014=EDGE_CURVE('',#806,#805,#359,.T.);
#1015=EDGE_CURVE('',#805,#807,#360,.T.);
#1016=EDGE_CURVE('',#806,#808,#361,.T.);
#1017=EDGE_CURVE('',#808,#807,#362,.T.);
#1018=EDGE_CURVE('',#807,#809,#718,.T.);
#1019=EDGE_CURVE('',#808,#810,#719,.T.);
#1020=EDGE_CURVE('',#810,#809,#363,.T.);
#1021=EDGE_CURVE('',#809,#811,#364,.T.);
#1022=EDGE_CURVE('',#810,#812,#365,.T.);
#1023=EDGE_CURVE('',#812,#811,#366,.T.);
#1024=EDGE_CURVE('',#811,#813,#367,.T.);
#1025=EDGE_CURVE('',#812,#814,#368,.T.);
#1026=EDGE_CURVE('',#814,#813,#369,.T.);
#1027=EDGE_CURVE('',#813,#815,#370,.T.);
#1028=EDGE_CURVE('',#814,#816,#371,.T.);
#1029=EDGE_CURVE('',#816,#815,#372,.T.);
#1030=EDGE_CURVE('',#815,#817,#373,.T.);
#1031=EDGE_CURVE('',#816,#818,#374,.T.);
#1032=EDGE_CURVE('',#818,#817,#375,.T.);
#1033=EDGE_CURVE('',#817,#819,#376,.T.);
#1034=EDGE_CURVE('',#818,#820,#377,.T.);
#1035=EDGE_CURVE('',#820,#819,#378,.T.);
#1036=EDGE_CURVE('',#819,#821,#379,.T.);
#1037=EDGE_CURVE('',#820,#822,#380,.T.);
#1038=EDGE_CURVE('',#822,#821,#381,.T.);
#1039=EDGE_CURVE('',#821,#823,#382,.T.);
#1040=EDGE_CURVE('',#822,#824,#383,.T.);
#1041=EDGE_CURVE('',#824,#823,#384,.T.);
#1042=EDGE_CURVE('',#823,#825,#385,.T.);
#1043=EDGE_CURVE('',#824,#826,#386,.T.);
#1044=EDGE_CURVE('',#826,#825,#387,.T.);
#1045=EDGE_CURVE('',#825,#827,#388,.T.);
#1046=EDGE_CURVE('',#826,#828,#389,.T.);
#1047=EDGE_CURVE('',#828,#827,#390,.T.);
#1048=EDGE_CURVE('',#827,#829,#391,.T.);
#1049=EDGE_CURVE('',#828,#830,#392,.T.);
#1050=EDGE_CURVE('',#830,#829,#393,.T.);
#1051=EDGE_CURVE('',#829,#831,#394,.T.);
#1052=EDGE_CURVE('',#830,#832,#395,.T.);
#1053=EDGE_CURVE('',#832,#831,#396,.T.);
#1054=EDGE_CURVE('',#831,#833,#397,.T.);
#1055=EDGE_CURVE('',#832,#834,#398,.T.);
#1056=EDGE_CURVE('',#834,#833,#399,.T.);
#1057=EDGE_CURVE('',#833,#835,#400,.T.);
#1058=EDGE_CURVE('',#834,#836,#401,.T.);
#1059=EDGE_CURVE('',#836,#835,#402,.T.);
#1060=EDGE_CURVE('',#835,#837,#403,.T.);
#1061=EDGE_CURVE('',#836,#838,#404,.T.);
#1062=EDGE_CURVE('',#838,#837,#405,.T.);
#1063=EDGE_CURVE('',#837,#839,#720,.T.);
#1064=EDGE_CURVE('',#838,#840,#721,.T.);
#1065=EDGE_CURVE('',#840,#839,#406,.T.);
#1066=EDGE_CURVE('',#839,#841,#407,.T.);
#1067=EDGE_CURVE('',#840,#842,#408,.T.);
#1068=EDGE_CURVE('',#842,#841,#409,.T.);
#1069=EDGE_CURVE('',#841,#843,#410,.T.);
#1070=EDGE_CURVE('',#842,#844,#411,.T.);
#1071=EDGE_CURVE('',#844,#843,#412,.T.);
#1072=EDGE_CURVE('',#843,#845,#413,.T.);
#1073=EDGE_CURVE('',#844,#846,#414,.T.);
#1074=EDGE_CURVE('',#846,#845,#415,.T.);
#1075=EDGE_CURVE('',#845,#847,#416,.T.);
#1076=EDGE_CURVE('',#846,#848,#417,.T.);
#1077=EDGE_CURVE('',#848,#847,#418,.T.);
#1078=EDGE_CURVE('',#847,#849,#419,.T.);
#1079=EDGE_CURVE('',#848,#850,#420,.T.);
#1080=EDGE_CURVE('',#850,#849,#421,.T.);
#1081=EDGE_CURVE('',#849,#851,#422,.T.);
#1082=EDGE_CURVE('',#850,#852,#423,.T.);
#1083=EDGE_CURVE('',#852,#851,#424,.T.);
#1084=EDGE_CURVE('',#851,#853,#425,.T.);
#1085=EDGE_CURVE('',#852,#854,#426,.T.);
#1086=EDGE_CURVE('',#854,#853,#427,.T.);
#1087=EDGE_CURVE('',#853,#855,#428,.T.);
#1088=EDGE_CURVE('',#854,#856,#429,.T.);
#1089=EDGE_CURVE('',#856,#855,#430,.T.);
#1090=EDGE_CURVE('',#855,#857,#431,.T.);
#1091=EDGE_CURVE('',#856,#858,#432,.T.);
#1092=EDGE_CURVE('',#858,#857,#433,.T.);
#1093=EDGE_CURVE('',#857,#859,#434,.T.);
#1094=EDGE_CURVE('',#858,#860,#435,.T.);
#1095=EDGE_CURVE('',#860,#859,#436,.T.);
#1096=EDGE_CURVE('',#859,#861,#437,.T.);
#1097=EDGE_CURVE('',#860,#862,#438,.T.);
#1098=EDGE_CURVE('',#862,#861,#439,.T.);
#1099=EDGE_CURVE('',#861,#863,#440,.T.);
#1100=EDGE_CURVE('',#862,#864,#441,.T.);
#1101=EDGE_CURVE('',#864,#863,#442,.T.);
#1102=EDGE_CURVE('',#863,#865,#443,.T.);
#1103=EDGE_CURVE('',#864,#866,#444,.T.);
#1104=EDGE_CURVE('',#866,#865,#445,.T.);
#1105=EDGE_CURVE('',#865,#867,#446,.T.);
#1106=EDGE_CURVE('',#866,#868,#447,.T.);
#1107=EDGE_CURVE('',#868,#867,#448,.T.);
#1108=EDGE_CURVE('',#867,#869,#722,.T.);
#1109=EDGE_CURVE('',#868,#870,#723,.T.);
#1110=EDGE_CURVE('',#870,#869,#449,.T.);
#1111=EDGE_CURVE('',#869,#871,#450,.T.);
#1112=EDGE_CURVE('',#870,#872,#451,.T.);
#1113=EDGE_CURVE('',#872,#871,#452,.T.);
#1114=EDGE_CURVE('',#871,#873,#453,.T.);
#1115=EDGE_CURVE('',#872,#874,#454,.T.);
#1116=EDGE_CURVE('',#874,#873,#455,.T.);
#1117=EDGE_CURVE('',#873,#875,#456,.T.);
#1118=EDGE_CURVE('',#874,#876,#457,.T.);
#1119=EDGE_CURVE('',#876,#875,#458,.T.);
#1120=EDGE_CURVE('',#875,#877,#459,.T.);
#1121=EDGE_CURVE('',#876,#878,#460,.T.);
#1122=EDGE_CURVE('',#878,#877,#461,.T.);
#1123=EDGE_CURVE('',#877,#879,#462,.T.);
#1124=EDGE_CURVE('',#878,#880,#463,.T.);
#1125=EDGE_CURVE('',#880,#879,#464,.T.);
#1126=EDGE_CURVE('',#879,#881,#465,.T.);
#1127=EDGE_CURVE('',#880,#882,#466,.T.);
#1128=EDGE_CURVE('',#882,#881,#467,.T.);
#1129=EDGE_CURVE('',#881,#883,#468,.T.);
#1130=EDGE_CURVE('',#882,#884,#469,.T.);
#1131=EDGE_CURVE('',#884,#883,#470,.T.);
#1132=EDGE_CURVE('',#883,#885,#471,.T.);
#1133=EDGE_CURVE('',#884,#886,#472,.T.);
#1134=EDGE_CURVE('',#886,#885,#473,.T.);
#1135=EDGE_CURVE('',#885,#887,#474,.T.);
#1136=EDGE_CURVE('',#886,#888,#475,.T.);
#1137=EDGE_CURVE('',#888,#887,#476,.T.);
#1138=EDGE_CURVE('',#887,#889,#477,.T.);
#1139=EDGE_CURVE('',#888,#890,#478,.T.);
#1140=EDGE_CURVE('',#890,#889,#479,.T.);
#1141=EDGE_CURVE('',#889,#891,#480,.T.);
#1142=EDGE_CURVE('',#890,#892,#481,.T.);
#1143=EDGE_CURVE('',#892,#891,#482,.T.);
#1144=EDGE_CURVE('',#891,#781,#483,.T.);
#1145=EDGE_CURVE('',#892,#783,#484,.T.);
#1146=EDGE_CURVE('',#893,#893,#724,.F.);
#1147=EDGE_CURVE('',#894,#894,#725,.F.);
#1148=EDGE_CURVE('',#894,#893,#485,.T.);
#1149=ORIENTED_EDGE('',*,*,#895,.T.);
#1150=ORIENTED_EDGE('',*,*,#896,.T.);
#1151=ORIENTED_EDGE('',*,*,#897,.T.);
#1152=ORIENTED_EDGE('',*,*,#898,.T.);
#1153=ORIENTED_EDGE('',*,*,#899,.T.);
#1154=ORIENTED_EDGE('',*,*,#900,.T.);
#1155=ORIENTED_EDGE('',*,*,#901,.T.);
#1156=ORIENTED_EDGE('',*,*,#902,.T.);
#1157=ORIENTED_EDGE('',*,*,#903,.T.);
#1158=ORIENTED_EDGE('',*,*,#904,.T.);
#1159=ORIENTED_EDGE('',*,*,#905,.T.);
#1160=ORIENTED_EDGE('',*,*,#906,.T.);
#1161=ORIENTED_EDGE('',*,*,#907,.T.);
#1162=ORIENTED_EDGE('',*,*,#908,.T.);
#1163=ORIENTED_EDGE('',*,*,#909,.T.);
#1164=ORIENTED_EDGE('',*,*,#910,.T.);
#1165=ORIENTED_EDGE('',*,*,#911,.T.);
#1166=ORIENTED_EDGE('',*,*,#912,.T.);
#1167=ORIENTED_EDGE('',*,*,#913,.T.);
#1168=ORIENTED_EDGE('',*,*,#914,.T.);
#1169=ORIENTED_EDGE('',*,*,#915,.T.);
#1170=ORIENTED_EDGE('',*,*,#916,.T.);
#1171=ORIENTED_EDGE('',*,*,#917,.T.);
#1172=ORIENTED_EDGE('',*,*,#918,.T.);
#1173=ORIENTED_EDGE('',*,*,#919,.T.);
#1174=ORIENTED_EDGE('',*,*,#920,.T.);
#1175=ORIENTED_EDGE('',*,*,#921,.T.);
#1176=ORIENTED_EDGE('',*,*,#922,.T.);
#1177=ORIENTED_EDGE('',*,*,#923,.T.);
#1178=ORIENTED_EDGE('',*,*,#924,.T.);
#1179=ORIENTED_EDGE('',*,*,#925,.T.);
#1180=ORIENTED_EDGE('',*,*,#926,.T.);
#1181=ORIENTED_EDGE('',*,*,#927,.T.);
#1182=ORIENTED_EDGE('',*,*,#928,.T.);
#1183=ORIENTED_EDGE('',*,*,#929,.F.);
#1184=ORIENTED_EDGE('',*,*,#930,.T.);
#1185=ORIENTED_EDGE('',*,*,#931,.T.);
#1186=ORIENTED_EDGE('',*,*,#932,.T.);
#1187=ORIENTED_EDGE('',*,*,#925,.F.);
#1188=ORIENTED_EDGE('',*,*,#933,.T.);
#1189=ORIENTED_EDGE('',*,*,#934,.T.);
#1190=ORIENTED_EDGE('',*,*,#935,.T.);
#1191=ORIENTED_EDGE('',*,*,#936,.T.);
#1192=ORIENTED_EDGE('',*,*,#937,.T.);
#1193=ORIENTED_EDGE('',*,*,#931,.F.);
#1194=ORIENTED_EDGE('',*,*,#938,.T.);
#1195=ORIENTED_EDGE('',*,*,#934,.F.);
#1196=ORIENTED_EDGE('',*,*,#939,.T.);
#1197=ORIENTED_EDGE('',*,*,#929,.T.);
#1198=ORIENTED_EDGE('',*,*,#926,.F.);
#1199=ORIENTED_EDGE('',*,*,#932,.F.);
#1200=ORIENTED_EDGE('',*,*,#937,.F.);
#1201=ORIENTED_EDGE('',*,*,#940,.T.);
#1202=ORIENTED_EDGE('',*,*,#902,.F.);
#1203=ORIENTED_EDGE('',*,*,#941,.F.);
#1204=ORIENTED_EDGE('',*,*,#916,.F.);
#1205=ORIENTED_EDGE('',*,*,#942,.T.);
#1206=ORIENTED_EDGE('',*,*,#936,.F.);
#1207=ORIENTED_EDGE('',*,*,#943,.T.);
#1208=ORIENTED_EDGE('',*,*,#903,.F.);
#1209=ORIENTED_EDGE('',*,*,#940,.F.);
#1210=ORIENTED_EDGE('',*,*,#944,.F.);
#1211=ORIENTED_EDGE('',*,*,#945,.T.);
#1212=ORIENTED_EDGE('',*,*,#923,.F.);
#1213=ORIENTED_EDGE('',*,*,#939,.F.);
#1214=ORIENTED_EDGE('',*,*,#933,.F.);
#1215=ORIENTED_EDGE('',*,*,#930,.F.);
#1216=ORIENTED_EDGE('',*,*,#924,.F.);
#1217=ORIENTED_EDGE('',*,*,#945,.F.);
#1218=ORIENTED_EDGE('',*,*,#928,.F.);
#1219=ORIENTED_EDGE('',*,*,#946,.T.);
#1220=ORIENTED_EDGE('',*,*,#914,.F.);
#1221=ORIENTED_EDGE('',*,*,#947,.T.);
#1222=ORIENTED_EDGE('',*,*,#904,.F.);
#1223=ORIENTED_EDGE('',*,*,#943,.F.);
#1224=ORIENTED_EDGE('',*,*,#935,.F.);
#1225=ORIENTED_EDGE('',*,*,#938,.F.);
#1226=ORIENTED_EDGE('',*,*,#927,.F.);
#1227=ORIENTED_EDGE('',*,*,#942,.F.);
#1228=ORIENTED_EDGE('',*,*,#915,.F.);
#1229=ORIENTED_EDGE('',*,*,#946,.F.);
#1230=ORIENTED_EDGE('',*,*,#944,.T.);
#1231=ORIENTED_EDGE('',*,*,#948,.T.);
#1232=ORIENTED_EDGE('',*,*,#949,.T.);
#1233=ORIENTED_EDGE('',*,*,#950,.T.);
#1234=ORIENTED_EDGE('',*,*,#951,.T.);
#1235=ORIENTED_EDGE('',*,*,#952,.T.);
#1236=ORIENTED_EDGE('',*,*,#953,.T.);
#1237=ORIENTED_EDGE('',*,*,#948,.F.);
#1238=ORIENTED_EDGE('',*,*,#950,.F.);
#1239=ORIENTED_EDGE('',*,*,#954,.T.);
#1240=ORIENTED_EDGE('',*,*,#921,.F.);
#1241=ORIENTED_EDGE('',*,*,#955,.T.);
#1242=ORIENTED_EDGE('',*,*,#897,.F.);
#1243=ORIENTED_EDGE('',*,*,#956,.F.);
#1244=ORIENTED_EDGE('',*,*,#953,.F.);
#1245=ORIENTED_EDGE('',*,*,#957,.T.);
#1246=ORIENTED_EDGE('',*,*,#922,.F.);
#1247=ORIENTED_EDGE('',*,*,#954,.F.);
#1248=ORIENTED_EDGE('',*,*,#949,.F.);
#1249=ORIENTED_EDGE('',*,*,#951,.F.);
#1250=ORIENTED_EDGE('',*,*,#956,.T.);
#1251=ORIENTED_EDGE('',*,*,#896,.F.);
#1252=ORIENTED_EDGE('',*,*,#958,.F.);
#1253=ORIENTED_EDGE('',*,*,#952,.F.);
#1254=ORIENTED_EDGE('',*,*,#958,.T.);
#1255=ORIENTED_EDGE('',*,*,#895,.F.);
#1256=ORIENTED_EDGE('',*,*,#959,.F.);
#1257=ORIENTED_EDGE('',*,*,#909,.F.);
#1258=ORIENTED_EDGE('',*,*,#957,.F.);
#1259=ORIENTED_EDGE('',*,*,#960,.T.);
#1260=ORIENTED_EDGE('',*,*,#898,.F.);
#1261=ORIENTED_EDGE('',*,*,#955,.F.);
#1262=ORIENTED_EDGE('',*,*,#920,.F.);
#1263=ORIENTED_EDGE('',*,*,#960,.F.);
#1264=ORIENTED_EDGE('',*,*,#919,.F.);
#1265=ORIENTED_EDGE('',*,*,#961,.F.);
#1266=ORIENTED_EDGE('',*,*,#899,.F.);
#1267=ORIENTED_EDGE('',*,*,#962,.F.);
#1268=ORIENTED_EDGE('',*,*,#910,.F.);
#1269=ORIENTED_EDGE('',*,*,#959,.T.);
#1270=ORIENTED_EDGE('',*,*,#908,.F.);
#1271=ORIENTED_EDGE('',*,*,#963,.F.);
#1272=ORIENTED_EDGE('',*,*,#917,.F.);
#1273=ORIENTED_EDGE('',*,*,#941,.T.);
#1274=ORIENTED_EDGE('',*,*,#901,.F.);
#1275=ORIENTED_EDGE('',*,*,#947,.F.);
#1276=ORIENTED_EDGE('',*,*,#913,.F.);
#1277=ORIENTED_EDGE('',*,*,#964,.T.);
#1278=ORIENTED_EDGE('',*,*,#905,.F.);
#1279=ORIENTED_EDGE('',*,*,#964,.F.);
#1280=ORIENTED_EDGE('',*,*,#912,.F.);
#1281=ORIENTED_EDGE('',*,*,#965,.T.);
#1282=ORIENTED_EDGE('',*,*,#906,.F.);
#1283=ORIENTED_EDGE('',*,*,#962,.T.);
#1284=ORIENTED_EDGE('',*,*,#907,.F.);
#1285=ORIENTED_EDGE('',*,*,#965,.F.);
#1286=ORIENTED_EDGE('',*,*,#911,.F.);
#1287=ORIENTED_EDGE('',*,*,#961,.T.);
#1288=ORIENTED_EDGE('',*,*,#918,.F.);
#1289=ORIENTED_EDGE('',*,*,#963,.T.);
#1290=ORIENTED_EDGE('',*,*,#900,.F.);
#1291=ORIENTED_EDGE('',*,*,#966,.F.);
#1292=ORIENTED_EDGE('',*,*,#967,.F.);
#1293=ORIENTED_EDGE('',*,*,#968,.T.);
#1294=ORIENTED_EDGE('',*,*,#969,.T.);
#1295=ORIENTED_EDGE('',*,*,#970,.F.);
#1296=ORIENTED_EDGE('',*,*,#969,.F.);
#1297=ORIENTED_EDGE('',*,*,#971,.T.);
#1298=ORIENTED_EDGE('',*,*,#972,.T.);
#1299=ORIENTED_EDGE('',*,*,#973,.F.);
#1300=ORIENTED_EDGE('',*,*,#974,.F.);
#1301=ORIENTED_EDGE('',*,*,#975,.T.);
#1302=ORIENTED_EDGE('',*,*,#967,.T.);
#1303=ORIENTED_EDGE('',*,*,#976,.F.);
#1304=ORIENTED_EDGE('',*,*,#977,.F.);
#1305=ORIENTED_EDGE('',*,*,#978,.T.);
#1306=ORIENTED_EDGE('',*,*,#979,.T.);
#1307=ORIENTED_EDGE('',*,*,#980,.F.);
#1308=ORIENTED_EDGE('',*,*,#979,.F.);
#1309=ORIENTED_EDGE('',*,*,#981,.T.);
#1310=ORIENTED_EDGE('',*,*,#974,.T.);
#1311=ORIENTED_EDGE('',*,*,#982,.F.);
#1312=ORIENTED_EDGE('',*,*,#972,.F.);
#1313=ORIENTED_EDGE('',*,*,#983,.T.);
#1314=ORIENTED_EDGE('',*,*,#984,.T.);
#1315=ORIENTED_EDGE('',*,*,#985,.F.);
#1316=ORIENTED_EDGE('',*,*,#984,.F.);
#1317=ORIENTED_EDGE('',*,*,#986,.T.);
#1318=ORIENTED_EDGE('',*,*,#987,.T.);
#1319=ORIENTED_EDGE('',*,*,#988,.F.);
#1320=ORIENTED_EDGE('',*,*,#987,.F.);
#1321=ORIENTED_EDGE('',*,*,#989,.T.);
#1322=ORIENTED_EDGE('',*,*,#990,.T.);
#1323=ORIENTED_EDGE('',*,*,#991,.F.);
#1324=ORIENTED_EDGE('',*,*,#990,.F.);
#1325=ORIENTED_EDGE('',*,*,#992,.T.);
#1326=ORIENTED_EDGE('',*,*,#993,.T.);
#1327=ORIENTED_EDGE('',*,*,#994,.F.);
#1328=ORIENTED_EDGE('',*,*,#993,.F.);
#1329=ORIENTED_EDGE('',*,*,#995,.T.);
#1330=ORIENTED_EDGE('',*,*,#996,.T.);
#1331=ORIENTED_EDGE('',*,*,#997,.F.);
#1332=ORIENTED_EDGE('',*,*,#996,.F.);
#1333=ORIENTED_EDGE('',*,*,#998,.T.);
#1334=ORIENTED_EDGE('',*,*,#999,.T.);
#1335=ORIENTED_EDGE('',*,*,#1000,.F.);
#1336=ORIENTED_EDGE('',*,*,#999,.F.);
#1337=ORIENTED_EDGE('',*,*,#1001,.T.);
#1338=ORIENTED_EDGE('',*,*,#1002,.T.);
#1339=ORIENTED_EDGE('',*,*,#1003,.F.);
#1340=ORIENTED_EDGE('',*,*,#1002,.F.);
#1341=ORIENTED_EDGE('',*,*,#1004,.T.);
#1342=ORIENTED_EDGE('',*,*,#1005,.T.);
#1343=ORIENTED_EDGE('',*,*,#1006,.F.);
#1344=ORIENTED_EDGE('',*,*,#1005,.F.);
#1345=ORIENTED_EDGE('',*,*,#1007,.T.);
#1346=ORIENTED_EDGE('',*,*,#1008,.T.);
#1347=ORIENTED_EDGE('',*,*,#1009,.F.);
#1348=ORIENTED_EDGE('',*,*,#1008,.F.);
#1349=ORIENTED_EDGE('',*,*,#1010,.T.);
#1350=ORIENTED_EDGE('',*,*,#1011,.T.);
#1351=ORIENTED_EDGE('',*,*,#1012,.F.);
#1352=ORIENTED_EDGE('',*,*,#1011,.F.);
#1353=ORIENTED_EDGE('',*,*,#1013,.T.);
#1354=ORIENTED_EDGE('',*,*,#1014,.T.);
#1355=ORIENTED_EDGE('',*,*,#1015,.F.);
#1356=ORIENTED_EDGE('',*,*,#1014,.F.);
#1357=ORIENTED_EDGE('',*,*,#1016,.T.);
#1358=ORIENTED_EDGE('',*,*,#1017,.T.);
#1359=ORIENTED_EDGE('',*,*,#1018,.F.);
#1360=ORIENTED_EDGE('',*,*,#1017,.F.);
#1361=ORIENTED_EDGE('',*,*,#1019,.T.);
#1362=ORIENTED_EDGE('',*,*,#1020,.T.);
#1363=ORIENTED_EDGE('',*,*,#1021,.F.);
#1364=ORIENTED_EDGE('',*,*,#1020,.F.);
#1365=ORIENTED_EDGE('',*,*,#1022,.T.);
#1366=ORIENTED_EDGE('',*,*,#1023,.T.);
#1367=ORIENTED_EDGE('',*,*,#1024,.F.);
#1368=ORIENTED_EDGE('',*,*,#1023,.F.);
#1369=ORIENTED_EDGE('',*,*,#1025,.T.);
#1370=ORIENTED_EDGE('',*,*,#1026,.T.);
#1371=ORIENTED_EDGE('',*,*,#1027,.F.);
#1372=ORIENTED_EDGE('',*,*,#1026,.F.);
#1373=ORIENTED_EDGE('',*,*,#1028,.T.);
#1374=ORIENTED_EDGE('',*,*,#1029,.T.);
#1375=ORIENTED_EDGE('',*,*,#1030,.F.);
#1376=ORIENTED_EDGE('',*,*,#1029,.F.);
#1377=ORIENTED_EDGE('',*,*,#1031,.T.);
#1378=ORIENTED_EDGE('',*,*,#1032,.T.);
#1379=ORIENTED_EDGE('',*,*,#1033,.F.);
#1380=ORIENTED_EDGE('',*,*,#1032,.F.);
#1381=ORIENTED_EDGE('',*,*,#1034,.T.);
#1382=ORIENTED_EDGE('',*,*,#1035,.T.);
#1383=ORIENTED_EDGE('',*,*,#1036,.F.);
#1384=ORIENTED_EDGE('',*,*,#1035,.F.);
#1385=ORIENTED_EDGE('',*,*,#1037,.T.);
#1386=ORIENTED_EDGE('',*,*,#1038,.T.);
#1387=ORIENTED_EDGE('',*,*,#1039,.F.);
#1388=ORIENTED_EDGE('',*,*,#1038,.F.);
#1389=ORIENTED_EDGE('',*,*,#1040,.T.);
#1390=ORIENTED_EDGE('',*,*,#1041,.T.);
#1391=ORIENTED_EDGE('',*,*,#1042,.F.);
#1392=ORIENTED_EDGE('',*,*,#1041,.F.);
#1393=ORIENTED_EDGE('',*,*,#1043,.T.);
#1394=ORIENTED_EDGE('',*,*,#1044,.T.);
#1395=ORIENTED_EDGE('',*,*,#1045,.F.);
#1396=ORIENTED_EDGE('',*,*,#1044,.F.);
#1397=ORIENTED_EDGE('',*,*,#1046,.T.);
#1398=ORIENTED_EDGE('',*,*,#1047,.T.);
#1399=ORIENTED_EDGE('',*,*,#1048,.F.);
#1400=ORIENTED_EDGE('',*,*,#1047,.F.);
#1401=ORIENTED_EDGE('',*,*,#1049,.T.);
#1402=ORIENTED_EDGE('',*,*,#1050,.T.);
#1403=ORIENTED_EDGE('',*,*,#1051,.F.);
#1404=ORIENTED_EDGE('',*,*,#1050,.F.);
#1405=ORIENTED_EDGE('',*,*,#1052,.T.);
#1406=ORIENTED_EDGE('',*,*,#1053,.T.);
#1407=ORIENTED_EDGE('',*,*,#1054,.F.);
#1408=ORIENTED_EDGE('',*,*,#1053,.F.);
#1409=ORIENTED_EDGE('',*,*,#1055,.T.);
#1410=ORIENTED_EDGE('',*,*,#1056,.T.);
#1411=ORIENTED_EDGE('',*,*,#1057,.F.);
#1412=ORIENTED_EDGE('',*,*,#1056,.F.);
#1413=ORIENTED_EDGE('',*,*,#1058,.T.);
#1414=ORIENTED_EDGE('',*,*,#1059,.T.);
#1415=ORIENTED_EDGE('',*,*,#1060,.F.);
#1416=ORIENTED_EDGE('',*,*,#1059,.F.);
#1417=ORIENTED_EDGE('',*,*,#1061,.T.);
#1418=ORIENTED_EDGE('',*,*,#1062,.T.);
#1419=ORIENTED_EDGE('',*,*,#1063,.F.);
#1420=ORIENTED_EDGE('',*,*,#1062,.F.);
#1421=ORIENTED_EDGE('',*,*,#1064,.T.);
#1422=ORIENTED_EDGE('',*,*,#1065,.T.);
#1423=ORIENTED_EDGE('',*,*,#1066,.F.);
#1424=ORIENTED_EDGE('',*,*,#1065,.F.);
#1425=ORIENTED_EDGE('',*,*,#1067,.T.);
#1426=ORIENTED_EDGE('',*,*,#1068,.T.);
#1427=ORIENTED_EDGE('',*,*,#1069,.F.);
#1428=ORIENTED_EDGE('',*,*,#1068,.F.);
#1429=ORIENTED_EDGE('',*,*,#1070,.T.);
#1430=ORIENTED_EDGE('',*,*,#1071,.T.);
#1431=ORIENTED_EDGE('',*,*,#1072,.F.);
#1432=ORIENTED_EDGE('',*,*,#1071,.F.);
#1433=ORIENTED_EDGE('',*,*,#1073,.T.);
#1434=ORIENTED_EDGE('',*,*,#1074,.T.);
#1435=ORIENTED_EDGE('',*,*,#1075,.F.);
#1436=ORIENTED_EDGE('',*,*,#1074,.F.);
#1437=ORIENTED_EDGE('',*,*,#1076,.T.);
#1438=ORIENTED_EDGE('',*,*,#1077,.T.);
#1439=ORIENTED_EDGE('',*,*,#1078,.F.);
#1440=ORIENTED_EDGE('',*,*,#1077,.F.);
#1441=ORIENTED_EDGE('',*,*,#1079,.T.);
#1442=ORIENTED_EDGE('',*,*,#1080,.T.);
#1443=ORIENTED_EDGE('',*,*,#1081,.F.);
#1444=ORIENTED_EDGE('',*,*,#1080,.F.);
#1445=ORIENTED_EDGE('',*,*,#1082,.T.);
#1446=ORIENTED_EDGE('',*,*,#1083,.T.);
#1447=ORIENTED_EDGE('',*,*,#1084,.F.);
#1448=ORIENTED_EDGE('',*,*,#1083,.F.);
#1449=ORIENTED_EDGE('',*,*,#1085,.T.);
#1450=ORIENTED_EDGE('',*,*,#1086,.T.);
#1451=ORIENTED_EDGE('',*,*,#1087,.F.);
#1452=ORIENTED_EDGE('',*,*,#1086,.F.);
#1453=ORIENTED_EDGE('',*,*,#1088,.T.);
#1454=ORIENTED_EDGE('',*,*,#1089,.T.);
#1455=ORIENTED_EDGE('',*,*,#1090,.F.);
#1456=ORIENTED_EDGE('',*,*,#1089,.F.);
#1457=ORIENTED_EDGE('',*,*,#1091,.T.);
#1458=ORIENTED_EDGE('',*,*,#1092,.T.);
#1459=ORIENTED_EDGE('',*,*,#1093,.F.);
#1460=ORIENTED_EDGE('',*,*,#1092,.F.);
#1461=ORIENTED_EDGE('',*,*,#1094,.T.);
#1462=ORIENTED_EDGE('',*,*,#1095,.T.);
#1463=ORIENTED_EDGE('',*,*,#1096,.F.);
#1464=ORIENTED_EDGE('',*,*,#1095,.F.);
#1465=ORIENTED_EDGE('',*,*,#1097,.T.);
#1466=ORIENTED_EDGE('',*,*,#1098,.T.);
#1467=ORIENTED_EDGE('',*,*,#1099,.F.);
#1468=ORIENTED_EDGE('',*,*,#1098,.F.);
#1469=ORIENTED_EDGE('',*,*,#1100,.T.);
#1470=ORIENTED_EDGE('',*,*,#1101,.T.);
#1471=ORIENTED_EDGE('',*,*,#1102,.F.);
#1472=ORIENTED_EDGE('',*,*,#1101,.F.);
#1473=ORIENTED_EDGE('',*,*,#1103,.T.);
#1474=ORIENTED_EDGE('',*,*,#1104,.T.);
#1475=ORIENTED_EDGE('',*,*,#1105,.F.);
#1476=ORIENTED_EDGE('',*,*,#1104,.F.);
#1477=ORIENTED_EDGE('',*,*,#1106,.T.);
#1478=ORIENTED_EDGE('',*,*,#1107,.T.);
#1479=ORIENTED_EDGE('',*,*,#1108,.F.);
#1480=ORIENTED_EDGE('',*,*,#1107,.F.);
#1481=ORIENTED_EDGE('',*,*,#1109,.T.);
#1482=ORIENTED_EDGE('',*,*,#1110,.T.);
#1483=ORIENTED_EDGE('',*,*,#1111,.F.);
#1484=ORIENTED_EDGE('',*,*,#1110,.F.);
#1485=ORIENTED_EDGE('',*,*,#1112,.T.);
#1486=ORIENTED_EDGE('',*,*,#1113,.T.);
#1487=ORIENTED_EDGE('',*,*,#1114,.F.);
#1488=ORIENTED_EDGE('',*,*,#1113,.F.);
#1489=ORIENTED_EDGE('',*,*,#1115,.T.);
#1490=ORIENTED_EDGE('',*,*,#1116,.T.);
#1491=ORIENTED_EDGE('',*,*,#1117,.F.);
#1492=ORIENTED_EDGE('',*,*,#1116,.F.);
#1493=ORIENTED_EDGE('',*,*,#1118,.T.);
#1494=ORIENTED_EDGE('',*,*,#1119,.T.);
#1495=ORIENTED_EDGE('',*,*,#1120,.F.);
#1496=ORIENTED_EDGE('',*,*,#1119,.F.);
#1497=ORIENTED_EDGE('',*,*,#1121,.T.);
#1498=ORIENTED_EDGE('',*,*,#1122,.T.);
#1499=ORIENTED_EDGE('',*,*,#1123,.F.);
#1500=ORIENTED_EDGE('',*,*,#1122,.F.);
#1501=ORIENTED_EDGE('',*,*,#1124,.T.);
#1502=ORIENTED_EDGE('',*,*,#1125,.T.);
#1503=ORIENTED_EDGE('',*,*,#1126,.F.);
#1504=ORIENTED_EDGE('',*,*,#1125,.F.);
#1505=ORIENTED_EDGE('',*,*,#1127,.T.);
#1506=ORIENTED_EDGE('',*,*,#1128,.T.);
#1507=ORIENTED_EDGE('',*,*,#1129,.F.);
#1508=ORIENTED_EDGE('',*,*,#1128,.F.);
#1509=ORIENTED_EDGE('',*,*,#1130,.T.);
#1510=ORIENTED_EDGE('',*,*,#1131,.T.);
#1511=ORIENTED_EDGE('',*,*,#1132,.F.);
#1512=ORIENTED_EDGE('',*,*,#1131,.F.);
#1513=ORIENTED_EDGE('',*,*,#1133,.T.);
#1514=ORIENTED_EDGE('',*,*,#1134,.T.);
#1515=ORIENTED_EDGE('',*,*,#1135,.F.);
#1516=ORIENTED_EDGE('',*,*,#1134,.F.);
#1517=ORIENTED_EDGE('',*,*,#1136,.T.);
#1518=ORIENTED_EDGE('',*,*,#1137,.T.);
#1519=ORIENTED_EDGE('',*,*,#1138,.F.);
#1520=ORIENTED_EDGE('',*,*,#1137,.F.);
#1521=ORIENTED_EDGE('',*,*,#1139,.T.);
#1522=ORIENTED_EDGE('',*,*,#1140,.T.);
#1523=ORIENTED_EDGE('',*,*,#1141,.F.);
#1524=ORIENTED_EDGE('',*,*,#1140,.F.);
#1525=ORIENTED_EDGE('',*,*,#1142,.T.);
#1526=ORIENTED_EDGE('',*,*,#1143,.T.);
#1527=ORIENTED_EDGE('',*,*,#1144,.F.);
#1528=ORIENTED_EDGE('',*,*,#1143,.F.);
#1529=ORIENTED_EDGE('',*,*,#1145,.T.);
#1530=ORIENTED_EDGE('',*,*,#977,.T.);
#1531=ORIENTED_EDGE('',*,*,#976,.T.);
#1532=ORIENTED_EDGE('',*,*,#980,.T.);
#1533=ORIENTED_EDGE('',*,*,#973,.T.);
#1534=ORIENTED_EDGE('',*,*,#966,.T.);
#1535=ORIENTED_EDGE('',*,*,#970,.T.);
#1536=ORIENTED_EDGE('',*,*,#982,.T.);
#1537=ORIENTED_EDGE('',*,*,#985,.T.);
#1538=ORIENTED_EDGE('',*,*,#988,.T.);
#1539=ORIENTED_EDGE('',*,*,#991,.T.);
#1540=ORIENTED_EDGE('',*,*,#994,.T.);
#1541=ORIENTED_EDGE('',*,*,#997,.T.);
#1542=ORIENTED_EDGE('',*,*,#1000,.T.);
#1543=ORIENTED_EDGE('',*,*,#1003,.T.);
#1544=ORIENTED_EDGE('',*,*,#1006,.T.);
#1545=ORIENTED_EDGE('',*,*,#1009,.T.);
#1546=ORIENTED_EDGE('',*,*,#1012,.T.);
#1547=ORIENTED_EDGE('',*,*,#1015,.T.);
#1548=ORIENTED_EDGE('',*,*,#1018,.T.);
#1549=ORIENTED_EDGE('',*,*,#1021,.T.);
#1550=ORIENTED_EDGE('',*,*,#1024,.T.);
#1551=ORIENTED_EDGE('',*,*,#1027,.T.);
#1552=ORIENTED_EDGE('',*,*,#1030,.T.);
#1553=ORIENTED_EDGE('',*,*,#1033,.T.);
#1554=ORIENTED_EDGE('',*,*,#1036,.T.);
#1555=ORIENTED_EDGE('',*,*,#1039,.T.);
#1556=ORIENTED_EDGE('',*,*,#1042,.T.);
#1557=ORIENTED_EDGE('',*,*,#1045,.T.);
#1558=ORIENTED_EDGE('',*,*,#1048,.T.);
#1559=ORIENTED_EDGE('',*,*,#1051,.T.);
#1560=ORIENTED_EDGE('',*,*,#1054,.T.);
#1561=ORIENTED_EDGE('',*,*,#1057,.T.);
#1562=ORIENTED_EDGE('',*,*,#1060,.T.);
#1563=ORIENTED_EDGE('',*,*,#1063,.T.);
#1564=ORIENTED_EDGE('',*,*,#1066,.T.);
#1565=ORIENTED_EDGE('',*,*,#1069,.T.);
#1566=ORIENTED_EDGE('',*,*,#1072,.T.);
#1567=ORIENTED_EDGE('',*,*,#1075,.T.);
#1568=ORIENTED_EDGE('',*,*,#1078,.T.);
#1569=ORIENTED_EDGE('',*,*,#1081,.T.);
#1570=ORIENTED_EDGE('',*,*,#1084,.T.);
#1571=ORIENTED_EDGE('',*,*,#1087,.T.);
#1572=ORIENTED_EDGE('',*,*,#1090,.T.);
#1573=ORIENTED_EDGE('',*,*,#1093,.T.);
#1574=ORIENTED_EDGE('',*,*,#1096,.T.);
#1575=ORIENTED_EDGE('',*,*,#1099,.T.);
#1576=ORIENTED_EDGE('',*,*,#1102,.T.);
#1577=ORIENTED_EDGE('',*,*,#1105,.T.);
#1578=ORIENTED_EDGE('',*,*,#1108,.T.);
#1579=ORIENTED_EDGE('',*,*,#1111,.T.);
#1580=ORIENTED_EDGE('',*,*,#1114,.T.);
#1581=ORIENTED_EDGE('',*,*,#1117,.T.);
#1582=ORIENTED_EDGE('',*,*,#1120,.T.);
#1583=ORIENTED_EDGE('',*,*,#1123,.T.);
#1584=ORIENTED_EDGE('',*,*,#1126,.T.);
#1585=ORIENTED_EDGE('',*,*,#1129,.T.);
#1586=ORIENTED_EDGE('',*,*,#1132,.T.);
#1587=ORIENTED_EDGE('',*,*,#1135,.T.);
#1588=ORIENTED_EDGE('',*,*,#1138,.T.);
#1589=ORIENTED_EDGE('',*,*,#1141,.T.);
#1590=ORIENTED_EDGE('',*,*,#1144,.T.);
#1591=ORIENTED_EDGE('',*,*,#1146,.T.);
#1592=ORIENTED_EDGE('',*,*,#978,.F.);
#1593=ORIENTED_EDGE('',*,*,#1145,.F.);
#1594=ORIENTED_EDGE('',*,*,#1142,.F.);
#1595=ORIENTED_EDGE('',*,*,#1139,.F.);
#1596=ORIENTED_EDGE('',*,*,#1136,.F.);
#1597=ORIENTED_EDGE('',*,*,#1133,.F.);
#1598=ORIENTED_EDGE('',*,*,#1130,.F.);
#1599=ORIENTED_EDGE('',*,*,#1127,.F.);
#1600=ORIENTED_EDGE('',*,*,#1124,.F.);
#1601=ORIENTED_EDGE('',*,*,#1121,.F.);
#1602=ORIENTED_EDGE('',*,*,#1118,.F.);
#1603=ORIENTED_EDGE('',*,*,#1115,.F.);
#1604=ORIENTED_EDGE('',*,*,#1112,.F.);
#1605=ORIENTED_EDGE('',*,*,#1109,.F.);
#1606=ORIENTED_EDGE('',*,*,#1106,.F.);
#1607=ORIENTED_EDGE('',*,*,#1103,.F.);
#1608=ORIENTED_EDGE('',*,*,#1100,.F.);
#1609=ORIENTED_EDGE('',*,*,#1097,.F.);
#1610=ORIENTED_EDGE('',*,*,#1094,.F.);
#1611=ORIENTED_EDGE('',*,*,#1091,.F.);
#1612=ORIENTED_EDGE('',*,*,#1088,.F.);
#1613=ORIENTED_EDGE('',*,*,#1085,.F.);
#1614=ORIENTED_EDGE('',*,*,#1082,.F.);
#1615=ORIENTED_EDGE('',*,*,#1079,.F.);
#1616=ORIENTED_EDGE('',*,*,#1076,.F.);
#1617=ORIENTED_EDGE('',*,*,#1073,.F.);
#1618=ORIENTED_EDGE('',*,*,#1070,.F.);
#1619=ORIENTED_EDGE('',*,*,#1067,.F.);
#1620=ORIENTED_EDGE('',*,*,#1064,.F.);
#1621=ORIENTED_EDGE('',*,*,#1061,.F.);
#1622=ORIENTED_EDGE('',*,*,#1058,.F.);
#1623=ORIENTED_EDGE('',*,*,#1055,.F.);
#1624=ORIENTED_EDGE('',*,*,#1052,.F.);
#1625=ORIENTED_EDGE('',*,*,#1049,.F.);
#1626=ORIENTED_EDGE('',*,*,#1046,.F.);
#1627=ORIENTED_EDGE('',*,*,#1043,.F.);
#1628=ORIENTED_EDGE('',*,*,#1040,.F.);
#1629=ORIENTED_EDGE('',*,*,#1037,.F.);
#1630=ORIENTED_EDGE('',*,*,#1034,.F.);
#1631=ORIENTED_EDGE('',*,*,#1031,.F.);
#1632=ORIENTED_EDGE('',*,*,#1028,.F.);
#1633=ORIENTED_EDGE('',*,*,#1025,.F.);
#1634=ORIENTED_EDGE('',*,*,#1022,.F.);
#1635=ORIENTED_EDGE('',*,*,#1019,.F.);
#1636=ORIENTED_EDGE('',*,*,#1016,.F.);
#1637=ORIENTED_EDGE('',*,*,#1013,.F.);
#1638=ORIENTED_EDGE('',*,*,#1010,.F.);
#1639=ORIENTED_EDGE('',*,*,#1007,.F.);
#1640=ORIENTED_EDGE('',*,*,#1004,.F.);
#1641=ORIENTED_EDGE('',*,*,#1001,.F.);
#1642=ORIENTED_EDGE('',*,*,#998,.F.);
#1643=ORIENTED_EDGE('',*,*,#995,.F.);
#1644=ORIENTED_EDGE('',*,*,#992,.F.);
#1645=ORIENTED_EDGE('',*,*,#989,.F.);
#1646=ORIENTED_EDGE('',*,*,#986,.F.);
#1647=ORIENTED_EDGE('',*,*,#983,.F.);
#1648=ORIENTED_EDGE('',*,*,#971,.F.);
#1649=ORIENTED_EDGE('',*,*,#968,.F.);
#1650=ORIENTED_EDGE('',*,*,#975,.F.);
#1651=ORIENTED_EDGE('',*,*,#981,.F.);
#1652=ORIENTED_EDGE('',*,*,#1147,.F.);
#1653=ORIENTED_EDGE('',*,*,#1147,.T.);
#1654=ORIENTED_EDGE('',*,*,#1148,.T.);
#1655=ORIENTED_EDGE('',*,*,#1146,.F.);
#1656=ORIENTED_EDGE('',*,*,#1148,.F.);
#1657=PLANE('',#1839);
#1658=PLANE('',#1848);
#1659=PLANE('',#1865);
#1660=PLANE('',#1869);
#1661=PLANE('',#1875);
#1662=PLANE('',#1876);
#1663=PLANE('',#1878);
#1664=PLANE('',#1880);
#1665=PLANE('',#1883);
#1666=PLANE('',#1885);
#1667=PLANE('',#1887);
#1668=PLANE('',#1888);
#1669=PLANE('',#1892);
#1670=PLANE('',#1893);
#1671=PLANE('',#1894);
#1672=PLANE('',#1895);
#1673=PLANE('',#1896);
#1674=PLANE('',#1897);
#1675=PLANE('',#1898);
#1676=PLANE('',#1899);
#1677=PLANE('',#1900);
#1678=PLANE('',#1901);
#1679=PLANE('',#1902);
#1680=PLANE('',#1903);
#1681=PLANE('',#1904);
#1682=PLANE('',#1905);
#1683=PLANE('',#1909);
#1684=PLANE('',#1910);
#1685=PLANE('',#1911);
#1686=PLANE('',#1912);
#1687=PLANE('',#1913);
#1688=PLANE('',#1914);
#1689=PLANE('',#1915);
#1690=PLANE('',#1916);
#1691=PLANE('',#1917);
#1692=PLANE('',#1918);
#1693=PLANE('',#1919);
#1694=PLANE('',#1920);
#1695=PLANE('',#1921);
#1696=PLANE('',#1922);
#1697=PLANE('',#1926);
#1698=PLANE('',#1927);
#1699=PLANE('',#1928);
#1700=PLANE('',#1929);
#1701=PLANE('',#1930);
#1702=PLANE('',#1931);
#1703=PLANE('',#1932);
#1704=PLANE('',#1933);
#1705=PLANE('',#1934);
#1706=PLANE('',#1935);
#1707=PLANE('',#1936);
#1708=PLANE('',#1937);
#1709=PLANE('',#1938);
#1710=PLANE('',#1939);
#1711=PLANE('',#1943);
#1712=PLANE('',#1944);
#1713=PLANE('',#1945);
#1714=PLANE('',#1946);
#1715=PLANE('',#1947);
#1716=PLANE('',#1948);
#1717=PLANE('',#1949);
#1718=PLANE('',#1950);
#1719=PLANE('',#1951);
#1720=PLANE('',#1952);
#1721=PLANE('',#1953);
#1722=PLANE('',#1954);
#1723=PLANE('',#1955);
#1724=PLANE('',#1957);
#1725=ADVANCED_FACE('',(#105),#1657,.T.);
#1726=ADVANCED_FACE('',(#106),#1658,.F.);
#1727=ADVANCED_FACE('',(#107),#102,.F.);
#1728=ADVANCED_FACE('',(#108),#86,.T.);
#1729=ADVANCED_FACE('',(#109),#103,.F.);
#1730=ADVANCED_FACE('',(#110),#87,.T.);
#1731=ADVANCED_FACE('',(#111),#72,.T.);
#1732=ADVANCED_FACE('',(#112),#1659,.T.);
#1733=ADVANCED_FACE('',(#113),#73,.F.);
#1734=ADVANCED_FACE('',(#114),#74,.T.);
#1735=ADVANCED_FACE('',(#115),#1660,.T.);
#1736=ADVANCED_FACE('',(#116),#104,.F.);
#1737=ADVANCED_FACE('',(#117),#75,.T.);
#1738=ADVANCED_FACE('',(#118),#1661,.T.);
#1739=ADVANCED_FACE('',(#119),#1662,.T.);
#1740=ADVANCED_FACE('',(#120),#76,.T.);
#1741=ADVANCED_FACE('',(#121),#1663,.T.);
#1742=ADVANCED_FACE('',(#122),#77,.F.);
#1743=ADVANCED_FACE('',(#123),#1664,.T.);
#1744=ADVANCED_FACE('',(#124),#78,.T.);
#1745=ADVANCED_FACE('',(#125),#79,.T.);
#1746=ADVANCED_FACE('',(#126),#1665,.T.);
#1747=ADVANCED_FACE('',(#127),#80,.F.);
#1748=ADVANCED_FACE('',(#128),#1666,.T.);
#1749=ADVANCED_FACE('',(#129),#1667,.T.);
#1750=ADVANCED_FACE('',(#130),#1668,.T.);
#1751=ADVANCED_FACE('',(#131),#81,.T.);
#1752=ADVANCED_FACE('',(#132),#1669,.T.);
#1753=ADVANCED_FACE('',(#133),#1670,.T.);
#1754=ADVANCED_FACE('',(#134),#1671,.T.);
#1755=ADVANCED_FACE('',(#135),#1672,.T.);
#1756=ADVANCED_FACE('',(#136),#1673,.T.);
#1757=ADVANCED_FACE('',(#137),#1674,.T.);
#1758=ADVANCED_FACE('',(#138),#1675,.T.);
#1759=ADVANCED_FACE('',(#139),#1676,.T.);
#1760=ADVANCED_FACE('',(#140),#1677,.T.);
#1761=ADVANCED_FACE('',(#141),#1678,.T.);
#1762=ADVANCED_FACE('',(#142),#1679,.T.);
#1763=ADVANCED_FACE('',(#143),#1680,.T.);
#1764=ADVANCED_FACE('',(#144),#1681,.T.);
#1765=ADVANCED_FACE('',(#145),#1682,.T.);
#1766=ADVANCED_FACE('',(#146),#82,.T.);
#1767=ADVANCED_FACE('',(#147),#1683,.T.);
#1768=ADVANCED_FACE('',(#148),#1684,.T.);
#1769=ADVANCED_FACE('',(#149),#1685,.T.);
#1770=ADVANCED_FACE('',(#150),#1686,.T.);
#1771=ADVANCED_FACE('',(#151),#1687,.T.);
#1772=ADVANCED_FACE('',(#152),#1688,.T.);
#1773=ADVANCED_FACE('',(#153),#1689,.T.);
#1774=ADVANCED_FACE('',(#154),#1690,.T.);
#1775=ADVANCED_FACE('',(#155),#1691,.T.);
#1776=ADVANCED_FACE('',(#156),#1692,.T.);
#1777=ADVANCED_FACE('',(#157),#1693,.T.);
#1778=ADVANCED_FACE('',(#158),#1694,.T.);
#1779=ADVANCED_FACE('',(#159),#1695,.T.);
#1780=ADVANCED_FACE('',(#160),#1696,.T.);
#1781=ADVANCED_FACE('',(#161),#83,.T.);
#1782=ADVANCED_FACE('',(#162),#1697,.T.);
#1783=ADVANCED_FACE('',(#163),#1698,.T.);
#1784=ADVANCED_FACE('',(#164),#1699,.T.);
#1785=ADVANCED_FACE('',(#165),#1700,.T.);
#1786=ADVANCED_FACE('',(#166),#1701,.T.);
#1787=ADVANCED_FACE('',(#167),#1702,.T.);
#1788=ADVANCED_FACE('',(#168),#1703,.T.);
#1789=ADVANCED_FACE('',(#169),#1704,.T.);
#1790=ADVANCED_FACE('',(#170),#1705,.T.);
#1791=ADVANCED_FACE('',(#171),#1706,.T.);
#1792=ADVANCED_FACE('',(#172),#1707,.T.);
#1793=ADVANCED_FACE('',(#173),#1708,.T.);
#1794=ADVANCED_FACE('',(#174),#1709,.T.);
#1795=ADVANCED_FACE('',(#175),#1710,.T.);
#1796=ADVANCED_FACE('',(#176),#84,.T.);
#1797=ADVANCED_FACE('',(#177),#1711,.T.);
#1798=ADVANCED_FACE('',(#178),#1712,.T.);
#1799=ADVANCED_FACE('',(#179),#1713,.T.);
#1800=ADVANCED_FACE('',(#180),#1714,.T.);
#1801=ADVANCED_FACE('',(#181),#1715,.T.);
#1802=ADVANCED_FACE('',(#182),#1716,.T.);
#1803=ADVANCED_FACE('',(#183),#1717,.T.);
#1804=ADVANCED_FACE('',(#184),#1718,.T.);
#1805=ADVANCED_FACE('',(#185),#1719,.T.);
#1806=ADVANCED_FACE('',(#186),#1720,.T.);
#1807=ADVANCED_FACE('',(#187),#1721,.T.);
#1808=ADVANCED_FACE('',(#188),#1722,.T.);
#1809=ADVANCED_FACE('',(#189,#59),#1723,.T.);
#1810=ADVANCED_FACE('',(#190,#60),#1724,.F.);
#1811=ADVANCED_FACE('',(#191),#85,.F.);
#1812=CLOSED_SHELL('',(#1725,#1726,#1727,#1728,#1729,#1730,#1731,#1732,
#1733,#1734,#1735,#1736,#1737,#1738,#1739,#1740,#1741,#1742,#1743,#1744,
#1745,#1746,#1747,#1748));
#1813=CLOSED_SHELL('',(#1749,#1750,#1751,#1752,#1753,#1754,#1755,#1756,
#1757,#1758,#1759,#1760,#1761,#1762,#1763,#1764,#1765,#1766,#1767,#1768,
#1769,#1770,#1771,#1772,#1773,#1774,#1775,#1776,#1777,#1778,#1779,#1780,
#1781,#1782,#1783,#1784,#1785,#1786,#1787,#1788,#1789,#1790,#1791,#1792,
#1793,#1794,#1795,#1796,#1797,#1798,#1799,#1800,#1801,#1802,#1803,#1804,
#1805,#1806,#1807,#1808,#1809,#1810,#1811));
#1814=DERIVED_UNIT_ELEMENT(#1818,1.);
#1815=DERIVED_UNIT_ELEMENT(#3173,-3.);
#1816=DERIVED_UNIT_ELEMENT(#1818,1.);
#1817=DERIVED_UNIT_ELEMENT(#3173,-3.);
#1818=(
MASS_UNIT()
NAMED_UNIT(*)
SI_UNIT(.KILO.,.GRAM.)
);
#1819=DERIVED_UNIT((#1814,#1815));
#1820=DERIVED_UNIT((#1816,#1817));
#1821=MEASURE_REPRESENTATION_ITEM('density measure',
POSITIVE_RATIO_MEASURE(7850.),#1819);
#1822=MEASURE_REPRESENTATION_ITEM('density measure',
POSITIVE_RATIO_MEASURE(7850.),#1820);
#1823=PROPERTY_DEFINITION_REPRESENTATION(#1833,#1827);
#1824=PROPERTY_DEFINITION_REPRESENTATION(#1834,#1828);
#1825=PROPERTY_DEFINITION_REPRESENTATION(#1835,#1829);
#1826=PROPERTY_DEFINITION_REPRESENTATION(#1836,#1830);
#1827=REPRESENTATION('material name',(#1831),#3169);
#1828=REPRESENTATION('density',(#1821),#3169);
#1829=REPRESENTATION('material name',(#1832),#3170);
#1830=REPRESENTATION('density',(#1822),#3170);
#1831=DESCRIPTIVE_REPRESENTATION_ITEM('Steel','Steel');
#1832=DESCRIPTIVE_REPRESENTATION_ITEM('Steel','Steel');
#1833=PROPERTY_DEFINITION('material property','material name',#3196);
#1834=PROPERTY_DEFINITION('material property','density of part',#3196);
#1835=PROPERTY_DEFINITION('material property','material name',#3197);
#1836=PROPERTY_DEFINITION('material property','density of part',#3197);
#1837=AXIS2_PLACEMENT_3D('',#2441,#1970,#1971);
#1838=AXIS2_PLACEMENT_3D('',#2442,#1972,#1973);
#1839=AXIS2_PLACEMENT_3D('',#2443,#1974,#1975);
#1840=AXIS2_PLACEMENT_3D('',#2446,#1976,#1977);
#1841=AXIS2_PLACEMENT_3D('',#2450,#1979,#1980);
#1842=AXIS2_PLACEMENT_3D('',#2454,#1982,#1983);
#1843=AXIS2_PLACEMENT_3D('',#2458,#1985,#1986);
#1844=AXIS2_PLACEMENT_3D('',#2460,#1987,#1988);
#1845=AXIS2_PLACEMENT_3D('',#2464,#1990,#1991);
#1846=AXIS2_PLACEMENT_3D('',#2466,#1992,#1993);
#1847=AXIS2_PLACEMENT_3D('',#2470,#1995,#1996);
#1848=AXIS2_PLACEMENT_3D('',#2472,#1998,#1999);
#1849=AXIS2_PLACEMENT_3D('',#2475,#2000,#2001);
#1850=AXIS2_PLACEMENT_3D('',#2479,#2003,#2004);
#1851=AXIS2_PLACEMENT_3D('',#2483,#2006,#2007);
#1852=AXIS2_PLACEMENT_3D('',#2485,#2008,#2009);
#1853=AXIS2_PLACEMENT_3D('',#2489,#2011,#2012);
#1854=AXIS2_PLACEMENT_3D('',#2491,#2013,#2014);
#1855=AXIS2_PLACEMENT_3D('',#2495,#2016,#2017);
#1856=AXIS2_PLACEMENT_3D('',#2499,#2019,#2020);
#1857=AXIS2_PLACEMENT_3D('',#2501,#2022,#2023);
#1858=AXIS2_PLACEMENT_3D('',#2504,#2024,#2025);
#1859=AXIS2_PLACEMENT_3D('',#2506,#2026,#2027);
#1860=AXIS2_PLACEMENT_3D('',#2527,#2028,#2029);
#1861=AXIS2_PLACEMENT_3D('',#2621,#2030,#2031);
#1862=AXIS2_PLACEMENT_3D('',#2623,#2032,#2033);
#1863=AXIS2_PLACEMENT_3D('',#2644,#2034,#2035);
#1864=AXIS2_PLACEMENT_3D('',#2709,#2036,#2037);
#1865=AXIS2_PLACEMENT_3D('',#2713,#2041,#2042);
#1866=AXIS2_PLACEMENT_3D('',#2715,#2044,#2045);
#1867=AXIS2_PLACEMENT_3D('',#2717,#2046,#2047);
#1868=AXIS2_PLACEMENT_3D('',#2719,#2049,#2050);
#1869=AXIS2_PLACEMENT_3D('',#2722,#2053,#2054);
#1870=AXIS2_PLACEMENT_3D('',#2723,#2055,#2056);
#1871=AXIS2_PLACEMENT_3D('',#2727,#2058,#2059);
#1872=AXIS2_PLACEMENT_3D('',#2744,#2060,#2061);
#1873=AXIS2_PLACEMENT_3D('',#2760,#2062,#2063);
#1874=AXIS2_PLACEMENT_3D('',#2761,#2064,#2065);
#1875=AXIS2_PLACEMENT_3D('',#2765,#2069,#2070);
#1876=AXIS2_PLACEMENT_3D('',#2767,#2072,#2073);
#1877=AXIS2_PLACEMENT_3D('',#2769,#2075,#2076);
#1878=AXIS2_PLACEMENT_3D('',#2771,#2078,#2079);
#1879=AXIS2_PLACEMENT_3D('',#2773,#2081,#2082);
#1880=AXIS2_PLACEMENT_3D('',#2775,#2084,#2085);
#1881=AXIS2_PLACEMENT_3D('',#2777,#2087,#2088);
#1882=AXIS2_PLACEMENT_3D('',#2779,#2090,#2091);
#1883=AXIS2_PLACEMENT_3D('',#2781,#2093,#2094);
#1884=AXIS2_PLACEMENT_3D('',#2783,#2096,#2097);
#1885=AXIS2_PLACEMENT_3D('',#2784,#2098,#2099);
#1886=AXIS2_PLACEMENT_3D('',#2785,#2100,#2101);
#1887=AXIS2_PLACEMENT_3D('',#2786,#2102,#2103);
#1888=AXIS2_PLACEMENT_3D('',#2795,#2108,#2109);
#1889=AXIS2_PLACEMENT_3D('',#2801,#2113,#2114);
#1890=AXIS2_PLACEMENT_3D('',#2803,#2115,#2116);
#1891=AXIS2_PLACEMENT_3D('',#2806,#2118,#2119);
#1892=AXIS2_PLACEMENT_3D('',#2807,#2120,#2121);
#1893=AXIS2_PLACEMENT_3D('',#2816,#2126,#2127);
#1894=AXIS2_PLACEMENT_3D('',#2819,#2130,#2131);
#1895=AXIS2_PLACEMENT_3D('',#2825,#2135,#2136);
#1896=AXIS2_PLACEMENT_3D('',#2831,#2140,#2141);
#1897=AXIS2_PLACEMENT_3D('',#2837,#2145,#2146);
#1898=AXIS2_PLACEMENT_3D('',#2843,#2150,#2151);
#1899=AXIS2_PLACEMENT_3D('',#2849,#2155,#2156);
#1900=AXIS2_PLACEMENT_3D('',#2855,#2160,#2161);
#1901=AXIS2_PLACEMENT_3D('',#2861,#2165,#2166);
#1902=AXIS2_PLACEMENT_3D('',#2867,#2170,#2171);
#1903=AXIS2_PLACEMENT_3D('',#2873,#2175,#2176);
#1904=AXIS2_PLACEMENT_3D('',#2879,#2180,#2181);
#1905=AXIS2_PLACEMENT_3D('',#2885,#2185,#2186);
#1906=AXIS2_PLACEMENT_3D('',#2891,#2190,#2191);
#1907=AXIS2_PLACEMENT_3D('',#2893,#2192,#2193);
#1908=AXIS2_PLACEMENT_3D('',#2895,#2194,#2195);
#1909=AXIS2_PLACEMENT_3D('',#2897,#2197,#2198);
#1910=AXIS2_PLACEMENT_3D('',#2903,#2202,#2203);
#1911=AXIS2_PLACEMENT_3D('',#2909,#2207,#2208);
#1912=AXIS2_PLACEMENT_3D('',#2915,#2212,#2213);
#1913=AXIS2_PLACEMENT_3D('',#2921,#2217,#2218);
#1914=AXIS2_PLACEMENT_3D('',#2927,#2222,#2223);
#1915=AXIS2_PLACEMENT_3D('',#2933,#2227,#2228);
#1916=AXIS2_PLACEMENT_3D('',#2939,#2232,#2233);
#1917=AXIS2_PLACEMENT_3D('',#2945,#2237,#2238);
#1918=AXIS2_PLACEMENT_3D('',#2951,#2242,#2243);
#1919=AXIS2_PLACEMENT_3D('',#2957,#2247,#2248);
#1920=AXIS2_PLACEMENT_3D('',#2963,#2252,#2253);
#1921=AXIS2_PLACEMENT_3D('',#2969,#2257,#2258);
#1922=AXIS2_PLACEMENT_3D('',#2975,#2262,#2263);
#1923=AXIS2_PLACEMENT_3D('',#2981,#2267,#2268);
#1924=AXIS2_PLACEMENT_3D('',#2983,#2269,#2270);
#1925=AXIS2_PLACEMENT_3D('',#2985,#2271,#2272);
#1926=AXIS2_PLACEMENT_3D('',#2987,#2274,#2275);
#1927=AXIS2_PLACEMENT_3D('',#2993,#2279,#2280);
#1928=AXIS2_PLACEMENT_3D('',#2999,#2284,#2285);
#1929=AXIS2_PLACEMENT_3D('',#3005,#2289,#2290);
#1930=AXIS2_PLACEMENT_3D('',#3011,#2294,#2295);
#1931=AXIS2_PLACEMENT_3D('',#3017,#2299,#2300);
#1932=AXIS2_PLACEMENT_3D('',#3023,#2304,#2305);
#1933=AXIS2_PLACEMENT_3D('',#3029,#2309,#2310);
#1934=AXIS2_PLACEMENT_3D('',#3035,#2314,#2315);
#1935=AXIS2_PLACEMENT_3D('',#3041,#2319,#2320);
#1936=AXIS2_PLACEMENT_3D('',#3047,#2324,#2325);
#1937=AXIS2_PLACEMENT_3D('',#3053,#2329,#2330);
#1938=AXIS2_PLACEMENT_3D('',#3059,#2334,#2335);
#1939=AXIS2_PLACEMENT_3D('',#3065,#2339,#2340);
#1940=AXIS2_PLACEMENT_3D('',#3071,#2344,#2345);
#1941=AXIS2_PLACEMENT_3D('',#3073,#2346,#2347);
#1942=AXIS2_PLACEMENT_3D('',#3075,#2348,#2349);
#1943=AXIS2_PLACEMENT_3D('',#3077,#2351,#2352);
#1944=AXIS2_PLACEMENT_3D('',#3083,#2356,#2357);
#1945=AXIS2_PLACEMENT_3D('',#3089,#2361,#2362);
#1946=AXIS2_PLACEMENT_3D('',#3095,#2366,#2367);
#1947=AXIS2_PLACEMENT_3D('',#3101,#2371,#2372);
#1948=AXIS2_PLACEMENT_3D('',#3107,#2376,#2377);
#1949=AXIS2_PLACEMENT_3D('',#3113,#2381,#2382);
#1950=AXIS2_PLACEMENT_3D('',#3119,#2386,#2387);
#1951=AXIS2_PLACEMENT_3D('',#3125,#2391,#2392);
#1952=AXIS2_PLACEMENT_3D('',#3131,#2396,#2397);
#1953=AXIS2_PLACEMENT_3D('',#3137,#2401,#2402);
#1954=AXIS2_PLACEMENT_3D('',#3143,#2406,#2407);
#1955=AXIS2_PLACEMENT_3D('',#3146,#2410,#2411);
#1956=AXIS2_PLACEMENT_3D('',#3148,#2412,#2413);
#1957=AXIS2_PLACEMENT_3D('',#3149,#2414,#2415);
#1958=AXIS2_PLACEMENT_3D('',#3151,#2416,#2417);
#1959=AXIS2_PLACEMENT_3D('',#3152,#2418,#2419);
#1960=AXIS2_PLACEMENT_3D('',#3154,#2421,#2422);
#1961=AXIS2_PLACEMENT_3D('',#3155,#2423,#2424);
#1962=AXIS2_PLACEMENT_3D('',#3156,#2425,#2426);
#1963=AXIS2_PLACEMENT_3D('',#3157,#2427,#2428);
#1964=AXIS2_PLACEMENT_3D('',#3158,#2429,#2430);
#1965=AXIS2_PLACEMENT_3D('',#3159,#2431,#2432);
#1966=AXIS2_PLACEMENT_3D('',#3160,#2433,#2434);
#1967=AXIS2_PLACEMENT_3D('',#3161,#2435,#2436);
#1968=AXIS2_PLACEMENT_3D('',#3162,#2437,#2438);
#1969=AXIS2_PLACEMENT_3D('',#3163,#2439,#2440);
#1970=DIRECTION('axis',(0.,0.,1.));
#1971=DIRECTION('refdir',(1.,0.,0.));
#1972=DIRECTION('axis',(0.,0.,1.));
#1973=DIRECTION('refdir',(1.,0.,0.));
#1974=DIRECTION('center_axis',(-1.69406587095111E-21,-7.88860905221012E-31,
1.));
#1975=DIRECTION('ref_axis',(1.,5.55111512312578E-17,1.69406587095111E-21));
#1976=DIRECTION('center_axis',(-1.69406587095111E-21,-7.88860905221012E-31,
1.));
#1977=DIRECTION('ref_axis',(1.,6.10622663543836E-16,1.69406587095111E-21));
#1978=DIRECTION('',(-1.,-5.55111512312578E-17,-1.69406587095111E-21));
#1979=DIRECTION('center_axis',(-1.69406587095111E-21,-7.88860905221012E-31,
1.));
#1980=DIRECTION('ref_axis',(-1.16573417585641E-15,1.,7.8885893039053E-31));
#1981=DIRECTION('',(5.55111512312578E-17,-1.,-7.88860811181465E-31));
#1982=DIRECTION('center_axis',(1.69406587095111E-21,7.88860905221012E-31,
-1.));
#1983=DIRECTION('ref_axis',(5.55111512312578E-17,-1.,-7.88860811181465E-31));
#1984=DIRECTION('',(-1.,2.52884133386841E-16,-1.69406587095111E-21));
#1985=DIRECTION('center_axis',(-1.69406587095111E-21,-7.88860905221012E-31,
1.));
#1986=DIRECTION('ref_axis',(-5.55111512312578E-17,1.,7.88860811181465E-31));
#1987=DIRECTION('center_axis',(-1.69406587095111E-21,-7.88860905221012E-31,
1.));
#1988=DIRECTION('ref_axis',(-0.899519611719295,-0.436880381949532,-1.52384547480949E-21));
#1989=DIRECTION('',(1.,5.55111512312578E-17,1.69406587095111E-21));
#1990=DIRECTION('center_axis',(-1.69406587095111E-21,-7.88860905221012E-31,
1.));
#1991=DIRECTION('ref_axis',(0.502424793404665,-0.864620915183226,8.51140694544438E-22));
#1992=DIRECTION('center_axis',(-1.69406587095111E-21,-7.88860905221012E-31,
1.));
#1993=DIRECTION('ref_axis',(0.899519611719295,-0.436880381949532,1.52384547412021E-21));
#1994=DIRECTION('',(-1.,-3.63906435849357E-16,-1.69406587095111E-21));
#1995=DIRECTION('center_axis',(1.69406587095111E-21,7.88860905221012E-31,
-1.));
#1996=DIRECTION('ref_axis',(-1.,4.99600361081321E-16,-1.69406587095111E-21));
#1997=DIRECTION('',(-5.55111512312578E-17,1.,7.88860811181465E-31));
#1998=DIRECTION('center_axis',(-1.69406587095111E-21,-7.88860905221012E-31,
1.));
#1999=DIRECTION('ref_axis',(1.,5.55111512312578E-17,1.69406587095111E-21));
#2000=DIRECTION('center_axis',(1.69406587095111E-21,7.88860905221012E-31,
-1.));
#2001=DIRECTION('ref_axis',(1.,6.10622663543836E-16,1.69406587095111E-21));
#2002=DIRECTION('',(5.55111512312578E-17,-1.,-7.88860811181465E-31));
#2003=DIRECTION('center_axis',(-1.69406587095111E-21,-7.88860905221012E-31,
1.));
#2004=DIRECTION('ref_axis',(-1.,4.99600361081321E-16,-1.69406587095111E-21));
#2005=DIRECTION('',(1.,3.63906435849357E-16,1.69406587095111E-21));
#2006=DIRECTION('center_axis',(1.69406587095111E-21,7.88860905221012E-31,
-1.));
#2007=DIRECTION('ref_axis',(0.899519611719295,-0.436880381949532,1.52384547412021E-21));
#2008=DIRECTION('center_axis',(1.69406587095111E-21,7.88860905221012E-31,
-1.));
#2009=DIRECTION('ref_axis',(0.502424793404665,-0.864620915183226,8.51140694544438E-22));
#2010=DIRECTION('',(-1.,-5.55111512312578E-17,-1.69406587095111E-21));
#2011=DIRECTION('center_axis',(1.69406587095111E-21,7.88860905221012E-31,
-1.));
#2012=DIRECTION('ref_axis',(-0.899519611719295,-0.436880381949532,-1.52384547480949E-21));
#2013=DIRECTION('center_axis',(1.69406587095111E-21,7.88860905221012E-31,
-1.));
#2014=DIRECTION('ref_axis',(-5.55111512312578E-17,1.,7.88860811181465E-31));
#2015=DIRECTION('',(1.,-2.52884133386841E-16,1.69406587095111E-21));
#2016=DIRECTION('center_axis',(-1.69406587095111E-21,-7.88860905221012E-31,
1.));
#2017=DIRECTION('ref_axis',(5.55111512312578E-17,-1.,-7.88860811181465E-31));
#2018=DIRECTION('',(-5.55111512312578E-17,1.,7.88860811181465E-31));
#2019=DIRECTION('center_axis',(1.69406587095111E-21,7.88860905221012E-31,
-1.));
#2020=DIRECTION('ref_axis',(-1.16573417585641E-15,1.,7.8885893039053E-31));
#2021=DIRECTION('',(1.,5.55111512312578E-17,1.69406587095111E-21));
#2022=DIRECTION('center_axis',(5.55111512312578E-17,-1.,-7.88860811181465E-31));
#2023=DIRECTION('ref_axis',(5.69497951019794E-15,1.10499568003098E-30,-1.));
#2024=DIRECTION('center_axis',(-5.55111512312578E-17,1.,7.88860811181465E-31));
#2025=DIRECTION('ref_axis',(5.69497951019794E-15,1.10499568003098E-30,-1.));
#2026=DIRECTION('center_axis',(-5.55111512312578E-17,1.,7.88860811181465E-31));
#2027=DIRECTION('ref_axis',(5.69497951019794E-15,1.10499568003098E-30,-1.));
#2028=DIRECTION('center_axis',(5.55111512312578E-17,-1.,-7.88860811181465E-31));
#2029=DIRECTION('ref_axis',(5.69497951019794E-15,1.10499568003098E-30,-1.));
#2030=DIRECTION('center_axis',(5.55111512312578E-17,-1.,-7.88860811181465E-31));
#2031=DIRECTION('ref_axis',(-5.69497951019794E-15,-1.10499568003098E-30,
1.));
#2032=DIRECTION('center_axis',(-5.55111512312578E-17,1.,7.88860811181465E-31));
#2033=DIRECTION('ref_axis',(-5.69497951019794E-15,-1.10499568003098E-30,
1.));
#2034=DIRECTION('center_axis',(5.55111512312578E-17,-1.,-7.88860811181465E-31));
#2035=DIRECTION('ref_axis',(-5.69497951019794E-15,-1.10499568003098E-30,
1.));
#2036=DIRECTION('center_axis',(1.69406587095111E-21,7.88860905221012E-31,
-1.));
#2037=DIRECTION('ref_axis',(-0.899519611719295,-0.436880381949532,-1.52384547480949E-21));
#2038=DIRECTION('',(-1.69406587095111E-21,-7.88860905221012E-31,1.));
#2039=DIRECTION('',(-1.69406587095111E-21,-7.88860905221012E-31,1.));
#2040=DIRECTION('',(1.69406587095111E-21,7.88860905221012E-31,-1.));
#2041=DIRECTION('center_axis',(5.55111512312578E-17,-1.,-7.88860811181465E-31));
#2042=DIRECTION('ref_axis',(-1.,-5.55111512312578E-17,-1.69406587095111E-21));
#2043=DIRECTION('',(-1.69406587095111E-21,-7.88860905221012E-31,1.));
#2044=DIRECTION('center_axis',(5.55111512312578E-17,-1.,-7.88860811181465E-31));
#2045=DIRECTION('ref_axis',(-5.69497951019794E-15,-1.10499568003098E-30,
1.));
#2046=DIRECTION('center_axis',(5.55111512312578E-17,-1.,-7.88860811181465E-31));
#2047=DIRECTION('ref_axis',(-5.69497951019794E-15,-1.10499568003098E-30,
1.));
#2048=DIRECTION('',(5.55111512312571E-17,-1.,1.22464679914735E-16));
#2049=DIRECTION('center_axis',(1.69406587095111E-21,7.88860905221012E-31,
-1.));
#2050=DIRECTION('ref_axis',(0.502424793404665,-0.864620915183226,8.51140694544438E-22));
#2051=DIRECTION('',(-1.69406587095111E-21,-7.88860905221012E-31,1.));
#2052=DIRECTION('',(-1.69406587095111E-21,-7.88860905221012E-31,1.));
#2053=DIRECTION('center_axis',(5.55111512312578E-17,-1.,-7.88860811181465E-31));
#2054=DIRECTION('ref_axis',(-1.,-5.55111512312578E-17,-1.69406587095111E-21));
#2055=DIRECTION('center_axis',(-5.55111512312578E-17,1.,7.88860811181465E-31));
#2056=DIRECTION('ref_axis',(-5.69497951019794E-15,-1.10499568003098E-30,
1.));
#2057=DIRECTION('',(4.07430192453586E-15,0.707106781186548,-0.707106781186548));
#2058=DIRECTION('center_axis',(-5.55111512312578E-17,1.,7.88860811181465E-31));
#2059=DIRECTION('ref_axis',(-5.69497951019794E-15,-1.10499568003098E-30,
1.));
#2060=DIRECTION('center_axis',(-5.55111512312578E-17,1.,7.88860811181465E-31));
#2061=DIRECTION('ref_axis',(-5.69497951019794E-15,-1.10499568003098E-30,
1.));
#2062=DIRECTION('center_axis',(-5.55111512312578E-17,1.,7.88860811181465E-31));
#2063=DIRECTION('ref_axis',(-5.69497951019794E-15,-1.10499568003098E-30,
1.));
#2064=DIRECTION('center_axis',(1.69406587095111E-21,7.88860905221012E-31,
-1.));
#2065=DIRECTION('ref_axis',(-1.16573417585641E-15,1.,7.8885893039053E-31));
#2066=DIRECTION('',(1.69406587095111E-21,7.88860905221012E-31,-1.));
#2067=DIRECTION('',(-1.69406587095111E-21,-7.88860905221012E-31,1.));
#2068=DIRECTION('',(-1.69406587095111E-21,-7.88860905221012E-31,1.));
#2069=DIRECTION('center_axis',(-5.55111512312578E-17,1.,7.88860811181465E-31));
#2070=DIRECTION('ref_axis',(1.,5.55111512312578E-17,1.69406587095111E-21));
#2071=DIRECTION('',(1.69406587095111E-21,7.88860905221012E-31,-1.));
#2072=DIRECTION('center_axis',(-5.55111512312578E-17,1.,7.88860811181465E-31));
#2073=DIRECTION('ref_axis',(1.,5.55111512312578E-17,1.69406587095111E-21));
#2074=DIRECTION('',(-1.69406587095111E-21,-7.88860905221012E-31,1.));
#2075=DIRECTION('center_axis',(1.69406587095111E-21,7.88860905221012E-31,
-1.));
#2076=DIRECTION('ref_axis',(1.,6.10622663543836E-16,1.69406587095111E-21));
#2077=DIRECTION('',(-1.69406587095111E-21,-7.88860905221012E-31,1.));
#2078=DIRECTION('center_axis',(-1.,-5.55111512312578E-17,-1.69406587095111E-21));
#2079=DIRECTION('ref_axis',(-5.55111512312578E-17,1.,7.88860811181465E-31));
#2080=DIRECTION('',(-1.69406587095111E-21,-7.88860905221012E-31,1.));
#2081=DIRECTION('center_axis',(1.69406587095111E-21,7.88860905221012E-31,
-1.));
#2082=DIRECTION('ref_axis',(5.55111512312578E-17,-1.,-7.88860811181465E-31));
#2083=DIRECTION('',(1.69406587095111E-21,7.88860905221012E-31,-1.));
#2084=DIRECTION('center_axis',(1.,5.55111512312578E-17,1.69406587095111E-21));
#2085=DIRECTION('ref_axis',(5.55111512312578E-17,-1.,-7.88860811181465E-31));
#2086=DIRECTION('',(-1.69406587095111E-21,-7.88860905221012E-31,1.));
#2087=DIRECTION('center_axis',(1.69406587095111E-21,7.88860905221012E-31,
-1.));
#2088=DIRECTION('ref_axis',(-5.55111512312578E-17,1.,7.88860811181465E-31));
#2089=DIRECTION('',(-1.69406587095111E-21,-7.88860905221012E-31,1.));
#2090=DIRECTION('center_axis',(1.69406587095111E-21,7.88860905221012E-31,
-1.));
#2091=DIRECTION('ref_axis',(0.899519611719295,-0.436880381949532,1.52384547412021E-21));
#2092=DIRECTION('',(-1.69406587095111E-21,-7.88860905221012E-31,1.));
#2093=DIRECTION('center_axis',(-3.63906435849357E-16,1.,7.88860288739538E-31));
#2094=DIRECTION('ref_axis',(1.,3.63906435849357E-16,1.69406587095111E-21));
#2095=DIRECTION('',(-1.69406587095111E-21,-7.88860905221012E-31,1.));
#2096=DIRECTION('center_axis',(1.69406587095111E-21,7.88860905221012E-31,
-1.));
#2097=DIRECTION('ref_axis',(-1.,4.99600361081321E-16,-1.69406587095111E-21));
#2098=DIRECTION('center_axis',(2.52884133386841E-16,1.,7.88861333623391E-31));
#2099=DIRECTION('ref_axis',(1.,-2.52884133386841E-16,1.69406587095111E-21));
#2100=DIRECTION('axis',(0.,0.,1.));
#2101=DIRECTION('refdir',(1.,0.,0.));
#2102=DIRECTION('center_axis',(4.93038065763132E-32,-1.,1.04770588972581E-31));
#2103=DIRECTION('ref_axis',(4.93038065763132E-32,-1.04770588972581E-31,
-1.));
#2104=DIRECTION('',(1.,-4.93038065763132E-32,4.93038065763132E-32));
#2105=DIRECTION('',(-4.93038065763132E-32,1.04770588972581E-31,1.));
#2106=DIRECTION('',(1.,4.93038065763132E-32,4.93038065763132E-32));
#2107=DIRECTION('',(-4.93038065763132E-32,1.04770588972581E-31,1.));
#2108=DIRECTION('center_axis',(1.,2.16840434497101E-16,4.93038065763132E-32));
#2109=DIRECTION('ref_axis',(-2.16840434497101E-16,1.,-1.04770588972581E-31));
#2110=DIRECTION('',(-2.16840434497101E-16,1.,-1.60237371370933E-31));
#2111=DIRECTION('',(-2.16840434497101E-16,1.,-1.04770588972581E-31));
#2112=DIRECTION('',(-4.93038065763132E-32,1.04770588972581E-31,1.));
#2113=DIRECTION('center_axis',(4.93038065763132E-32,-1.04770588972581E-31,
-1.));
#2114=DIRECTION('ref_axis',(1.,4.93038065763132E-32,4.93038065763132E-32));
#2115=DIRECTION('center_axis',(-4.93038065763132E-32,1.60237371370933E-31,
1.));
#2116=DIRECTION('ref_axis',(1.,-4.93038065763132E-32,4.93038065763132E-32));
#2117=DIRECTION('',(-4.93038065763132E-32,1.04770588972581E-31,1.));
#2118=DIRECTION('center_axis',(-4.93038065763132E-32,1.04770588972581E-31,
1.));
#2119=DIRECTION('ref_axis',(1.,4.93038065763132E-32,4.93038065763132E-32));
#2120=DIRECTION('center_axis',(-4.93038065763132E-32,1.,-1.04770588972581E-31));
#2121=DIRECTION('ref_axis',(-4.93038065763132E-32,1.04770588972581E-31,
1.));
#2122=DIRECTION('',(-1.,4.93038065763132E-32,-4.93038065763132E-32));
#2123=DIRECTION('',(-4.93038065763132E-32,1.04770588972581E-31,1.));
#2124=DIRECTION('',(-1.,-4.93038065763132E-32,-4.93038065763132E-32));
#2125=DIRECTION('',(-4.93038065763132E-32,1.04770588972581E-31,1.));
#2126=DIRECTION('center_axis',(-1.,-4.93038065763132E-32,-4.93038065763132E-32));
#2127=DIRECTION('ref_axis',(-4.93038065763132E-32,1.04770588972581E-31,
1.));
#2128=DIRECTION('',(-4.93038065763132E-32,-1.,1.60237371370933E-31));
#2129=DIRECTION('',(4.93038065763132E-32,-1.,1.04770588972581E-31));
#2130=DIRECTION('center_axis',(-4.93038065763132E-32,1.,-1.04770588972581E-31));
#2131=DIRECTION('ref_axis',(-4.93038065763132E-32,1.04770588972581E-31,
1.));
#2132=DIRECTION('',(-1.,4.93038065763132E-32,-4.93038065763132E-32));
#2133=DIRECTION('',(-1.,-4.93038065763132E-32,-4.93038065763132E-32));
#2134=DIRECTION('',(-4.93038065763132E-32,1.04770588972581E-31,1.));
#2135=DIRECTION('center_axis',(1.,-9.23373748169331E-16,4.93038065763133E-32));
#2136=DIRECTION('ref_axis',(9.23373748169331E-16,1.,-1.04770588972581E-31));
#2137=DIRECTION('',(9.23373748169331E-16,1.,-1.60237371370933E-31));
#2138=DIRECTION('',(9.23373748169331E-16,1.,-1.04770588972581E-31));
#2139=DIRECTION('',(-4.93038065763132E-32,1.04770588972581E-31,1.));
#2140=DIRECTION('center_axis',(0.707106781186548,-0.707106781186548,1.08947049899841E-31));
#2141=DIRECTION('ref_axis',(0.707106781186548,0.707106781186548,-3.92209379629993E-32));
#2142=DIRECTION('',(0.707106781186547,0.707106781186547,-7.84418759274729E-32));
#2143=DIRECTION('',(0.707106781186548,0.707106781186548,-3.92209379629993E-32));
#2144=DIRECTION('',(-4.93038065763132E-32,1.04770588972581E-31,1.));
#2145=DIRECTION('center_axis',(4.93038065763132E-32,-1.,1.04770588972581E-31));
#2146=DIRECTION('ref_axis',(4.93038065763132E-32,-1.04770588972581E-31,
-1.));
#2147=DIRECTION('',(1.,-4.93038065763132E-32,4.93038065763132E-32));
#2148=DIRECTION('',(1.,4.93038065763132E-32,4.93038065763132E-32));
#2149=DIRECTION('',(-4.93038065763132E-32,1.04770588972581E-31,1.));
#2150=DIRECTION('center_axis',(0.499999999999999,-0.866025403784439,1.15385894907869E-31));
#2151=DIRECTION('ref_axis',(0.866025403784439,0.499999999999999,-9.68694548792864E-33));
#2152=DIRECTION('',(0.866025403784439,0.499999999999999,-3.74203366871048E-32));
#2153=DIRECTION('',(0.866025403784439,0.499999999999999,-9.68694548792865E-33));
#2154=DIRECTION('',(-4.93038065763132E-32,1.04770588972581E-31,1.));
#2155=DIRECTION('center_axis',(-0.5,-0.866025403784439,6.6082088331556E-32));
#2156=DIRECTION('ref_axis',(0.866025403784439,-0.5,9.50836434846518E-32));
#2157=DIRECTION('',(0.866025403784439,-0.5,1.22817034683828E-31));
#2158=DIRECTION('',(0.866025403784439,-0.5,9.50836434846518E-32));
#2159=DIRECTION('',(-4.93038065763132E-32,1.04770588972581E-31,1.));
#2160=DIRECTION('center_axis',(4.93038065763132E-32,-1.,1.04770588972581E-31));
#2161=DIRECTION('ref_axis',(4.93038065763132E-32,-1.04770588972581E-31,
-1.));
#2162=DIRECTION('',(1.,-4.93038065763132E-32,4.93038065763132E-32));
#2163=DIRECTION('',(1.,4.93038065763132E-32,4.93038065763132E-32));
#2164=DIRECTION('',(-4.93038065763132E-32,1.04770588972581E-31,1.));
#2165=DIRECTION('center_axis',(-0.707106781186548,-0.707106781186547,3.92209379629992E-32));
#2166=DIRECTION('ref_axis',(0.707106781186547,-0.707106781186548,1.08947049899841E-31));
#2167=DIRECTION('',(0.707106781186547,-0.707106781186548,1.48167987864315E-31));
#2168=DIRECTION('',(0.707106781186547,-0.707106781186548,1.08947049899841E-31));
#2169=DIRECTION('',(-4.93038065763132E-32,1.04770588972581E-31,1.));
#2170=DIRECTION('center_axis',(-1.,1.8467474963387E-15,-4.93038065763134E-32));
#2171=DIRECTION('ref_axis',(-1.8467474963387E-15,-1.,1.04770588972581E-31));
#2172=DIRECTION('',(-1.8467474963387E-15,-1.,1.60237371370933E-31));
#2173=DIRECTION('',(-1.8467474963387E-15,-1.,1.04770588972581E-31));
#2174=DIRECTION('',(-4.93038065763132E-32,1.04770588972581E-31,1.));
#2175=DIRECTION('center_axis',(-2.31296463463574E-15,1.,-1.04770588972581E-31));
#2176=DIRECTION('ref_axis',(-1.,-2.31296463463574E-15,-4.9303806576313E-32));
#2177=DIRECTION('',(-1.,-2.31296463463574E-15,-4.93038065763129E-32));
#2178=DIRECTION('',(-1.,-2.31296463463574E-15,-4.9303806576313E-32));
#2179=DIRECTION('',(-4.93038065763132E-32,1.04770588972581E-31,1.));
#2180=DIRECTION('center_axis',(-1.,-4.93038065763132E-32,-4.93038065763132E-32));
#2181=DIRECTION('ref_axis',(-4.93038065763132E-32,1.04770588972581E-31,
1.));
#2182=DIRECTION('',(-4.93038065763132E-32,-1.,1.60237371370933E-31));
#2183=DIRECTION('',(4.93038065763132E-32,-1.,1.04770588972581E-31));
#2184=DIRECTION('',(-4.93038065763132E-32,1.04770588972581E-31,1.));
#2185=DIRECTION('center_axis',(4.93038065763132E-32,-1.,1.04770588972581E-31));
#2186=DIRECTION('ref_axis',(4.93038065763132E-32,-1.04770588972581E-31,
-1.));
#2187=DIRECTION('',(1.,-4.93038065763132E-32,4.93038065763132E-32));
#2188=DIRECTION('',(1.,4.93038065763132E-32,4.93038065763132E-32));
#2189=DIRECTION('',(-4.93038065763132E-32,1.04770588972581E-31,1.));
#2190=DIRECTION('center_axis',(4.93038065763132E-32,-1.04770588972581E-31,
-1.));
#2191=DIRECTION('ref_axis',(1.,4.93038065763132E-32,4.93038065763132E-32));
#2192=DIRECTION('center_axis',(-4.93038065763132E-32,1.60237371370933E-31,
1.));
#2193=DIRECTION('ref_axis',(1.,-4.93038065763132E-32,4.93038065763132E-32));
#2194=DIRECTION('center_axis',(-4.93038065763132E-32,1.04770588972581E-31,
1.));
#2195=DIRECTION('ref_axis',(1.,4.93038065763132E-32,4.93038065763132E-32));
#2196=DIRECTION('',(-4.93038065763132E-32,1.04770588972581E-31,1.));
#2197=DIRECTION('center_axis',(1.,4.93038065763132E-32,4.93038065763132E-32));
#2198=DIRECTION('ref_axis',(4.93038065763132E-32,-1.04770588972581E-31,
-1.));
#2199=DIRECTION('',(4.93038065763132E-32,1.,-1.60237371370933E-31));
#2200=DIRECTION('',(-4.93038065763132E-32,1.,-1.04770588972581E-31));
#2201=DIRECTION('',(-4.93038065763132E-32,1.04770588972581E-31,1.));
#2202=DIRECTION('center_axis',(-4.93038065763132E-32,1.,-1.04770588972581E-31));
#2203=DIRECTION('ref_axis',(-4.93038065763132E-32,1.04770588972581E-31,
1.));
#2204=DIRECTION('',(-1.,4.93038065763132E-32,-4.93038065763132E-32));
#2205=DIRECTION('',(-1.,-4.93038065763132E-32,-4.93038065763132E-32));
#2206=DIRECTION('',(-4.93038065763132E-32,1.04770588972581E-31,1.));
#2207=DIRECTION('center_axis',(-1.,-4.93038065763132E-32,-4.93038065763132E-32));
#2208=DIRECTION('ref_axis',(-4.93038065763132E-32,1.04770588972581E-31,
1.));
#2209=DIRECTION('',(-4.93038065763132E-32,-1.,1.60237371370933E-31));
#2210=DIRECTION('',(4.93038065763132E-32,-1.,1.04770588972581E-31));
#2211=DIRECTION('',(-4.93038065763132E-32,1.04770588972581E-31,1.));
#2212=DIRECTION('center_axis',(1.84674749633866E-15,1.,-1.04770588972581E-31));
#2213=DIRECTION('ref_axis',(-1.,1.84674749633866E-15,-4.93038065763134E-32));
#2214=DIRECTION('',(-1.,1.84674749633866E-15,-4.93038065763135E-32));
#2215=DIRECTION('',(-1.,1.84674749633866E-15,-4.93038065763134E-32));
#2216=DIRECTION('',(-4.93038065763132E-32,1.04770588972581E-31,1.));
#2217=DIRECTION('center_axis',(0.707106781186547,0.707106781186548,-3.92209379629994E-32));
#2218=DIRECTION('ref_axis',(-0.707106781186548,0.707106781186547,-1.08947049899841E-31));
#2219=DIRECTION('',(-0.707106781186548,0.707106781186547,-1.48167987864315E-31));
#2220=DIRECTION('',(-0.707106781186548,0.707106781186547,-1.08947049899841E-31));
#2221=DIRECTION('',(-4.93038065763132E-32,1.04770588972581E-31,1.));
#2222=DIRECTION('center_axis',(1.,4.93038065763132E-32,4.93038065763132E-32));
#2223=DIRECTION('ref_axis',(4.93038065763132E-32,-1.04770588972581E-31,
-1.));
#2224=DIRECTION('',(4.93038065763132E-32,1.,-1.60237371370933E-31));
#2225=DIRECTION('',(-4.93038065763132E-32,1.,-1.04770588972581E-31));
#2226=DIRECTION('',(-4.93038065763132E-32,1.04770588972581E-31,1.));
#2227=DIRECTION('center_axis',(0.866025403784439,0.499999999999999,-9.68694548792865E-33));
#2228=DIRECTION('ref_axis',(-0.499999999999999,0.866025403784439,-1.15385894907869E-31));
#2229=DIRECTION('',(-0.499999999999999,0.866025403784439,-1.63421537531026E-31));
#2230=DIRECTION('',(-0.499999999999999,0.866025403784439,-1.15385894907869E-31));
#2231=DIRECTION('',(-4.93038065763132E-32,1.04770588972581E-31,1.));
#2232=DIRECTION('center_axis',(0.866025403784439,-0.5,9.50836434846518E-32));
#2233=DIRECTION('ref_axis',(0.5,0.866025403784439,-6.6082088331556E-32));
#2234=DIRECTION('',(0.5,0.866025403784439,-1.14117730954713E-31));
#2235=DIRECTION('',(0.5,0.866025403784439,-6.6082088331556E-32));
#2236=DIRECTION('',(-4.93038065763132E-32,1.04770588972581E-31,1.));
#2237=DIRECTION('center_axis',(1.,4.93038065763132E-32,4.93038065763132E-32));
#2238=DIRECTION('ref_axis',(4.93038065763132E-32,-1.04770588972581E-31,
-1.));
#2239=DIRECTION('',(4.93038065763132E-32,1.,-1.60237371370933E-31));
#2240=DIRECTION('',(-4.93038065763132E-32,1.,-1.04770588972581E-31));
#2241=DIRECTION('',(-4.93038065763132E-32,1.04770588972581E-31,1.));
#2242=DIRECTION('center_axis',(0.707106781186547,-0.707106781186548,1.08947049899841E-31));
#2243=DIRECTION('ref_axis',(0.707106781186548,0.707106781186547,-3.92209379629992E-32));
#2244=DIRECTION('',(0.707106781186548,0.707106781186547,-7.84418759274728E-32));
#2245=DIRECTION('',(0.707106781186548,0.707106781186547,-3.92209379629992E-32));
#2246=DIRECTION('',(-4.93038065763132E-32,1.04770588972581E-31,1.));
#2247=DIRECTION('center_axis',(-2.77012124450804E-15,-1.,1.0477058897258E-31));
#2248=DIRECTION('ref_axis',(1.,-2.77012124450804E-15,4.93038065763135E-32));
#2249=DIRECTION('',(1.,-2.77012124450804E-15,4.93038065763137E-32));
#2250=DIRECTION('',(1.,-2.77012124450804E-15,4.93038065763135E-32));
#2251=DIRECTION('',(-4.93038065763132E-32,1.04770588972581E-31,1.));
#2252=DIRECTION('center_axis',(-1.,-2.31296463463574E-15,-4.9303806576313E-32));
#2253=DIRECTION('ref_axis',(2.31296463463574E-15,-1.,1.04770588972581E-31));
#2254=DIRECTION('',(2.31296463463574E-15,-1.,1.60237371370933E-31));
#2255=DIRECTION('',(2.31296463463574E-15,-1.,1.04770588972581E-31));
#2256=DIRECTION('',(-4.93038065763132E-32,1.04770588972581E-31,1.));
#2257=DIRECTION('center_axis',(4.93038065763132E-32,-1.,1.04770588972581E-31));
#2258=DIRECTION('ref_axis',(4.93038065763132E-32,-1.04770588972581E-31,
-1.));
#2259=DIRECTION('',(1.,-4.93038065763132E-32,4.93038065763132E-32));
#2260=DIRECTION('',(1.,4.93038065763132E-32,4.93038065763132E-32));
#2261=DIRECTION('',(-4.93038065763132E-32,1.04770588972581E-31,1.));
#2262=DIRECTION('center_axis',(1.,4.93038065763132E-32,4.93038065763132E-32));
#2263=DIRECTION('ref_axis',(4.93038065763132E-32,-1.04770588972581E-31,
-1.));
#2264=DIRECTION('',(4.93038065763132E-32,1.,-1.60237371370933E-31));
#2265=DIRECTION('',(-4.93038065763132E-32,1.,-1.04770588972581E-31));
#2266=DIRECTION('',(-4.93038065763132E-32,1.04770588972581E-31,1.));
#2267=DIRECTION('center_axis',(4.93038065763132E-32,-1.04770588972581E-31,
-1.));
#2268=DIRECTION('ref_axis',(1.,4.93038065763132E-32,4.93038065763132E-32));
#2269=DIRECTION('center_axis',(-4.93038065763132E-32,1.60237371370933E-31,
1.));
#2270=DIRECTION('ref_axis',(1.,-4.93038065763132E-32,4.93038065763132E-32));
#2271=DIRECTION('center_axis',(-4.93038065763132E-32,1.04770588972581E-31,
1.));
#2272=DIRECTION('ref_axis',(1.,4.93038065763132E-32,4.93038065763132E-32));
#2273=DIRECTION('',(-4.93038065763132E-32,1.04770588972581E-31,1.));
#2274=DIRECTION('center_axis',(-4.93038065763132E-32,1.,-1.04770588972581E-31));
#2275=DIRECTION('ref_axis',(-4.93038065763132E-32,1.04770588972581E-31,
1.));
#2276=DIRECTION('',(-1.,4.93038065763132E-32,-4.93038065763132E-32));
#2277=DIRECTION('',(-1.,-4.93038065763132E-32,-4.93038065763132E-32));
#2278=DIRECTION('',(-4.93038065763132E-32,1.04770588972581E-31,1.));
#2279=DIRECTION('center_axis',(-1.,2.16840434497101E-16,-4.93038065763133E-32));
#2280=DIRECTION('ref_axis',(-2.16840434497101E-16,-1.,1.04770588972581E-31));
#2281=DIRECTION('',(-2.16840434497101E-16,-1.,1.60237371370933E-31));
#2282=DIRECTION('',(-2.16840434497101E-16,-1.,1.04770588972581E-31));
#2283=DIRECTION('',(-4.93038065763132E-32,1.04770588972581E-31,1.));
#2284=DIRECTION('center_axis',(4.93038065763132E-32,-1.,1.04770588972581E-31));
#2285=DIRECTION('ref_axis',(4.93038065763132E-32,-1.04770588972581E-31,
-1.));
#2286=DIRECTION('',(1.,-4.93038065763132E-32,4.93038065763132E-32));
#2287=DIRECTION('',(1.,4.93038065763132E-32,4.93038065763132E-32));
#2288=DIRECTION('',(-4.93038065763132E-32,1.04770588972581E-31,1.));
#2289=DIRECTION('center_axis',(-1.,2.77012124450799E-15,-4.93038065763135E-32));
#2290=DIRECTION('ref_axis',(-2.77012124450799E-15,-1.,1.0477058897258E-31));
#2291=DIRECTION('',(-2.77012124450799E-15,-1.,1.60237371370933E-31));
#2292=DIRECTION('',(-2.77012124450799E-15,-1.,1.0477058897258E-31));
#2293=DIRECTION('',(-4.93038065763132E-32,1.04770588972581E-31,1.));
#2294=DIRECTION('center_axis',(-0.707106781186548,0.707106781186547,-1.08947049899841E-31));
#2295=DIRECTION('ref_axis',(-0.707106781186547,-0.707106781186548,3.92209379629993E-32));
#2296=DIRECTION('',(-0.707106781186547,-0.707106781186548,7.8441875927473E-32));
#2297=DIRECTION('',(-0.707106781186547,-0.707106781186548,3.92209379629994E-32));
#2298=DIRECTION('',(-4.93038065763132E-32,1.04770588972581E-31,1.));
#2299=DIRECTION('center_axis',(-4.93038065763132E-32,1.,-1.04770588972581E-31));
#2300=DIRECTION('ref_axis',(-4.93038065763132E-32,1.04770588972581E-31,
1.));
#2301=DIRECTION('',(-1.,4.93038065763132E-32,-4.93038065763132E-32));
#2302=DIRECTION('',(-1.,-4.93038065763132E-32,-4.93038065763132E-32));
#2303=DIRECTION('',(-4.93038065763132E-32,1.04770588972581E-31,1.));
#2304=DIRECTION('center_axis',(-0.499999999999999,0.866025403784439,-1.15385894907869E-31));
#2305=DIRECTION('ref_axis',(-0.866025403784439,-0.499999999999999,9.68694548792864E-33));
#2306=DIRECTION('',(-0.866025403784439,-0.499999999999999,3.74203366871048E-32));
#2307=DIRECTION('',(-0.866025403784439,-0.499999999999999,9.68694548792865E-33));
#2308=DIRECTION('',(-4.93038065763132E-32,1.04770588972581E-31,1.));
#2309=DIRECTION('center_axis',(0.5,0.866025403784439,-6.6082088331556E-32));
#2310=DIRECTION('ref_axis',(-0.866025403784439,0.5,-9.50836434846518E-32));
#2311=DIRECTION('',(-0.866025403784439,0.5,-1.22817034683828E-31));
#2312=DIRECTION('',(-0.866025403784439,0.5,-9.50836434846518E-32));
#2313=DIRECTION('',(-4.93038065763132E-32,1.04770588972581E-31,1.));
#2314=DIRECTION('center_axis',(-4.93038065763132E-32,1.,-1.04770588972581E-31));
#2315=DIRECTION('ref_axis',(-4.93038065763132E-32,1.04770588972581E-31,
1.));
#2316=DIRECTION('',(-1.,4.93038065763132E-32,-4.93038065763132E-32));
#2317=DIRECTION('',(-1.,-4.93038065763132E-32,-4.93038065763132E-32));
#2318=DIRECTION('',(-4.93038065763132E-32,1.04770588972581E-31,1.));
#2319=DIRECTION('center_axis',(0.707106781186548,0.707106781186547,-3.92209379629992E-32));
#2320=DIRECTION('ref_axis',(-0.707106781186547,0.707106781186548,-1.08947049899841E-31));
#2321=DIRECTION('',(-0.707106781186547,0.707106781186548,-1.48167987864315E-31));
#2322=DIRECTION('',(-0.707106781186547,0.707106781186548,-1.08947049899841E-31));
#2323=DIRECTION('',(-4.93038065763132E-32,1.04770588972581E-31,1.));
#2324=DIRECTION('center_axis',(1.,4.93038065763132E-32,4.93038065763132E-32));
#2325=DIRECTION('ref_axis',(4.93038065763132E-32,-1.04770588972581E-31,
-1.));
#2326=DIRECTION('',(4.93038065763132E-32,1.,-1.60237371370933E-31));
#2327=DIRECTION('',(-4.93038065763132E-32,1.,-1.04770588972581E-31));
#2328=DIRECTION('',(-4.93038065763132E-32,1.04770588972581E-31,1.));
#2329=DIRECTION('center_axis',(2.31296463463574E-15,-1.,1.04770588972581E-31));
#2330=DIRECTION('ref_axis',(1.,2.31296463463574E-15,4.9303806576313E-32));
#2331=DIRECTION('',(1.,2.31296463463574E-15,4.93038065763129E-32));
#2332=DIRECTION('',(1.,2.31296463463574E-15,4.9303806576313E-32));
#2333=DIRECTION('',(-4.93038065763132E-32,1.04770588972581E-31,1.));
#2334=DIRECTION('center_axis',(1.,4.93038065763132E-32,4.93038065763132E-32));
#2335=DIRECTION('ref_axis',(4.93038065763132E-32,-1.04770588972581E-31,
-1.));
#2336=DIRECTION('',(4.93038065763132E-32,1.,-1.60237371370933E-31));
#2337=DIRECTION('',(-4.93038065763132E-32,1.,-1.04770588972581E-31));
#2338=DIRECTION('',(-4.93038065763132E-32,1.04770588972581E-31,1.));
#2339=DIRECTION('center_axis',(-4.93038065763132E-32,1.,-1.04770588972581E-31));
#2340=DIRECTION('ref_axis',(-4.93038065763132E-32,1.04770588972581E-31,
1.));
#2341=DIRECTION('',(-1.,4.93038065763132E-32,-4.93038065763132E-32));
#2342=DIRECTION('',(-1.,-4.93038065763132E-32,-4.93038065763132E-32));
#2343=DIRECTION('',(-4.93038065763132E-32,1.04770588972581E-31,1.));
#2344=DIRECTION('center_axis',(4.93038065763132E-32,-1.04770588972581E-31,
-1.));
#2345=DIRECTION('ref_axis',(1.,4.93038065763132E-32,4.93038065763132E-32));
#2346=DIRECTION('center_axis',(-4.93038065763132E-32,1.60237371370933E-31,
1.));
#2347=DIRECTION('ref_axis',(1.,-4.93038065763132E-32,4.93038065763132E-32));
#2348=DIRECTION('center_axis',(-4.93038065763132E-32,1.04770588972581E-31,
1.));
#2349=DIRECTION('ref_axis',(1.,4.93038065763132E-32,4.93038065763132E-32));
#2350=DIRECTION('',(-4.93038065763132E-32,1.04770588972581E-31,1.));
#2351=DIRECTION('center_axis',(-1.,-4.93038065763132E-32,-4.93038065763132E-32));
#2352=DIRECTION('ref_axis',(-4.93038065763132E-32,1.04770588972581E-31,
1.));
#2353=DIRECTION('',(-4.93038065763132E-32,-1.,1.60237371370933E-31));
#2354=DIRECTION('',(4.93038065763132E-32,-1.,1.04770588972581E-31));
#2355=DIRECTION('',(-4.93038065763132E-32,1.04770588972581E-31,1.));
#2356=DIRECTION('center_axis',(4.93038065763132E-32,-1.,1.04770588972581E-31));
#2357=DIRECTION('ref_axis',(4.93038065763132E-32,-1.04770588972581E-31,
-1.));
#2358=DIRECTION('',(1.,-4.93038065763132E-32,4.93038065763132E-32));
#2359=DIRECTION('',(1.,4.93038065763132E-32,4.93038065763132E-32));
#2360=DIRECTION('',(-4.93038065763132E-32,1.04770588972581E-31,1.));
#2361=DIRECTION('center_axis',(1.,4.93038065763132E-32,4.93038065763132E-32));
#2362=DIRECTION('ref_axis',(4.93038065763132E-32,-1.04770588972581E-31,
-1.));
#2363=DIRECTION('',(4.93038065763132E-32,1.,-1.60237371370933E-31));
#2364=DIRECTION('',(-4.93038065763132E-32,1.,-1.04770588972581E-31));
#2365=DIRECTION('',(-4.93038065763132E-32,1.04770588972581E-31,1.));
#2366=DIRECTION('center_axis',(4.93038065763132E-32,-1.,1.04770588972581E-31));
#2367=DIRECTION('ref_axis',(4.93038065763132E-32,-1.04770588972581E-31,
-1.));
#2368=DIRECTION('',(1.,-4.93038065763132E-32,4.93038065763132E-32));
#2369=DIRECTION('',(1.,4.93038065763132E-32,4.93038065763132E-32));
#2370=DIRECTION('',(-4.93038065763132E-32,1.04770588972581E-31,1.));
#2371=DIRECTION('center_axis',(-0.707106781186548,-0.707106781186547,3.92209379629992E-32));
#2372=DIRECTION('ref_axis',(0.707106781186547,-0.707106781186548,1.08947049899841E-31));
#2373=DIRECTION('',(0.707106781186547,-0.707106781186548,1.48167987864315E-31));
#2374=DIRECTION('',(0.707106781186547,-0.707106781186548,1.08947049899841E-31));
#2375=DIRECTION('',(-4.93038065763132E-32,1.04770588972581E-31,1.));
#2376=DIRECTION('center_axis',(-1.,-4.93038065763132E-32,-4.93038065763132E-32));
#2377=DIRECTION('ref_axis',(-4.93038065763132E-32,1.04770588972581E-31,
1.));
#2378=DIRECTION('',(-4.93038065763132E-32,-1.,1.60237371370933E-31));
#2379=DIRECTION('',(4.93038065763132E-32,-1.,1.04770588972581E-31));
#2380=DIRECTION('',(-4.93038065763132E-32,1.04770588972581E-31,1.));
#2381=DIRECTION('center_axis',(-0.866025403784439,-0.499999999999999,9.68694548792865E-33));
#2382=DIRECTION('ref_axis',(0.499999999999999,-0.866025403784439,1.15385894907869E-31));
#2383=DIRECTION('',(0.499999999999999,-0.866025403784439,1.63421537531026E-31));
#2384=DIRECTION('',(0.499999999999999,-0.866025403784439,1.15385894907869E-31));
#2385=DIRECTION('',(-4.93038065763132E-32,1.04770588972581E-31,1.));
#2386=DIRECTION('center_axis',(-0.866025403784439,0.5,-9.50836434846518E-32));
#2387=DIRECTION('ref_axis',(-0.5,-0.866025403784439,6.6082088331556E-32));
#2388=DIRECTION('',(-0.5,-0.866025403784439,1.14117730954713E-31));
#2389=DIRECTION('',(-0.5,-0.866025403784439,6.6082088331556E-32));
#2390=DIRECTION('',(-4.93038065763132E-32,1.04770588972581E-31,1.));
#2391=DIRECTION('center_axis',(-1.,-4.93038065763132E-32,-4.93038065763132E-32));
#2392=DIRECTION('ref_axis',(-4.93038065763132E-32,1.04770588972581E-31,
1.));
#2393=DIRECTION('',(-4.93038065763132E-32,-1.,1.60237371370933E-31));
#2394=DIRECTION('',(4.93038065763132E-32,-1.,1.04770588972581E-31));
#2395=DIRECTION('',(-4.93038065763132E-32,1.04770588972581E-31,1.));
#2396=DIRECTION('center_axis',(-0.707106781186547,0.707106781186548,-1.08947049899841E-31));
#2397=DIRECTION('ref_axis',(-0.707106781186548,-0.707106781186547,3.92209379629992E-32));
#2398=DIRECTION('',(-0.707106781186548,-0.707106781186547,7.84418759274728E-32));
#2399=DIRECTION('',(-0.707106781186548,-0.707106781186547,3.92209379629992E-32));
#2400=DIRECTION('',(-4.93038065763132E-32,1.04770588972581E-31,1.));
#2401=DIRECTION('center_axis',(9.23373748169348E-16,1.,-1.04770588972581E-31));
#2402=DIRECTION('ref_axis',(-1.,9.23373748169348E-16,-4.93038065763133E-32));
#2403=DIRECTION('',(-1.,9.23373748169348E-16,-4.93038065763134E-32));
#2404=DIRECTION('',(-1.,9.23373748169348E-16,-4.93038065763133E-32));
#2405=DIRECTION('',(-4.93038065763132E-32,1.04770588972581E-31,1.));
#2406=DIRECTION('center_axis',(1.,2.31296463463574E-15,4.9303806576313E-32));
#2407=DIRECTION('ref_axis',(-2.31296463463574E-15,1.,-1.04770588972581E-31));
#2408=DIRECTION('',(-2.31296463463574E-15,1.,-1.60237371370933E-31));
#2409=DIRECTION('',(-2.31296463463574E-15,1.,-1.04770588972581E-31));
#2410=DIRECTION('center_axis',(-4.93038065763132E-32,1.60237371370933E-31,
1.));
#2411=DIRECTION('ref_axis',(1.,-4.93038065763132E-32,4.93038065763132E-32));
#2412=DIRECTION('center_axis',(-4.93038065763132E-32,1.60237371370933E-31,
1.));
#2413=DIRECTION('ref_axis',(-1.,4.93038065763132E-32,-4.93038065763132E-32));
#2414=DIRECTION('center_axis',(-4.93038065763132E-32,1.04770588972581E-31,
1.));
#2415=DIRECTION('ref_axis',(1.,4.93038065763132E-32,4.93038065763132E-32));
#2416=DIRECTION('center_axis',(-4.93038065763132E-32,1.04770588972581E-31,
1.));
#2417=DIRECTION('ref_axis',(-1.,-4.93038065763132E-32,-4.93038065763132E-32));
#2418=DIRECTION('center_axis',(-4.93038065763132E-32,1.04770588972581E-31,
1.));
#2419=DIRECTION('ref_axis',(-1.,-4.93038065763132E-32,-4.93038065763132E-32));
#2420=DIRECTION('',(-4.93038065763132E-32,1.04770588972581E-31,1.));
#2421=DIRECTION('',(2.50990788424006E-12,-8.0539231614419E-14,0.999999999999991));
#2422=DIRECTION('',(1.5299074148341E-14,0.999999999999997,7.9546102424593E-14));
#2423=DIRECTION('',(2.50990788424006E-12,-8.0539231614419E-14,0.999999999999991));
#2424=DIRECTION('',(1.5299074148138E-14,0.999999999999997,7.95461024245927E-14));
#2425=DIRECTION('',(2.50929726157651E-12,-8.10665909392221E-14,0.999999999999991));
#2426=DIRECTION('',(-1.0175887909876E-14,-0.999999999999997,-8.21100271098446E-14));
#2427=DIRECTION('',(2.50929726157651E-12,-8.10665909392221E-14,0.999999999999991));
#2428=DIRECTION('',(-1.0175887909673E-14,-0.999999999999997,-8.21100271098444E-14));
#2429=DIRECTION('',(-2.50917479689659E-12,-8.17328772485526E-14,-0.999999999999991));
#2430=DIRECTION('',(1.08420217246538E-14,-0.999999999999997,8.27763134191731E-14));
#2431=DIRECTION('',(-2.50978541956015E-12,-8.12055179237495E-14,-0.999999999999991));
#2432=DIRECTION('',(-1.59652079631188E-14,0.999999999999997,-8.02123887339215E-14));
#2433=DIRECTION('',(-2.50978541956015E-12,-8.12055179237495E-14,-0.999999999999991));
#2434=DIRECTION('',(-1.59652079629158E-14,0.999999999999997,-8.02123887339212E-14));
#2435=DIRECTION('',(-2.50917479689659E-12,-8.17328772485526E-14,-0.999999999999991));
#2436=DIRECTION('',(1.08420217244508E-14,-0.999999999999997,8.27763134191729E-14));
#2437=DIRECTION('',(0.,0.,1.));
#2438=DIRECTION('',(1.,0.,0.));
#2439=DIRECTION('center_axis',(0.,0.,1.));
#2440=DIRECTION('ref_axis',(1.,0.,0.));
#2441=CARTESIAN_POINT('',(0.,0.,0.));
#2442=CARTESIAN_POINT('',(0.,0.,0.));
#2443=CARTESIAN_POINT('Origin',(0.00246885015037403,-2.30167735393916,260.799999982868));
#2444=CARTESIAN_POINT('',(2.45246885015098,-0.251677353939158,260.799999982868));
#2445=CARTESIAN_POINT('',(2.20246885015098,-0.00167735393915786,260.799999982868));
#2446=CARTESIAN_POINT('Origin',(2.20246885015098,-0.251677353939158,260.799999982868));
#2447=CARTESIAN_POINT('',(-2.19753114984902,-0.00167735393915803,260.799999982868));
#2448=CARTESIAN_POINT('',(0.00246885015098286,-0.00167735393915791,260.799999982868));
#2449=CARTESIAN_POINT('',(-2.44753114984902,-0.251677353939158,260.799999982868));
#2450=CARTESIAN_POINT('Origin',(-2.19753114984902,-0.251677353939158,260.799999982868));
#2451=CARTESIAN_POINT('',(-2.44753114984902,-0.351677353939158,260.799999982868));
#2452=CARTESIAN_POINT('',(-2.44753114984902,-0.251677353939158,260.799999982868));
#2453=CARTESIAN_POINT('',(-2.69753114984902,-0.601677353939158,260.799999982868));
#2454=CARTESIAN_POINT('Origin',(-2.69753114984902,-0.351677353939158,260.799999982868));
#2455=CARTESIAN_POINT('',(-3.14753114984902,-0.601677353939158,260.799999982868));
#2456=CARTESIAN_POINT('',(-2.69753114984902,-0.601677353939158,260.799999982868));
#2457=CARTESIAN_POINT('',(-3.77719487805252,-1.60749362130383,260.799999982868));
#2458=CARTESIAN_POINT('Origin',(-3.14753114984902,-1.30167735393916,260.799999982868));
#2459=CARTESIAN_POINT('',(-1.4693557636513,-4.30167735393916,260.799999982868));
#2460=CARTESIAN_POINT('Origin',(2.51944240398364,1.45066905234343,260.799999982868));
#2461=CARTESIAN_POINT('',(1.47429346395327,-4.30167735393916,260.799999982868));
#2462=CARTESIAN_POINT('',(0.502468850150679,-4.30167735393916,260.799999982868));
#2463=CARTESIAN_POINT('',(3.78213257835339,-1.6074936213033,260.799999982868));
#2464=CARTESIAN_POINT('Origin',(-2.51450470368167,1.45066905234343,260.799999982868));
#2465=CARTESIAN_POINT('',(3.15246885015098,-0.601677353940375,260.799999982868));
#2466=CARTESIAN_POINT('Origin',(3.15246885015098,-1.30167735393916,260.799999982868));
#2467=CARTESIAN_POINT('',(2.70246885015098,-0.601677353939158,260.799999982868));
#2468=CARTESIAN_POINT('',(2.70246885015098,-0.601677353939158,260.799999982868));
#2469=CARTESIAN_POINT('',(2.45246885015098,-0.351677353939158,260.799999982868));
#2470=CARTESIAN_POINT('Origin',(2.70246885015098,-0.351677353939158,260.799999982868));
#2471=CARTESIAN_POINT('',(2.45246885015098,-0.251677353939158,260.799999982868));
#2472=CARTESIAN_POINT('Origin',(0.00246885015037403,-2.30167735393916,247.799999982868));
#2473=CARTESIAN_POINT('',(2.20246885015098,-0.00167735393915786,247.799999982868));
#2474=CARTESIAN_POINT('',(2.45246885015098,-0.251677353939158,247.799999982868));
#2475=CARTESIAN_POINT('Origin',(2.20246885015098,-0.251677353939158,247.799999982868));
#2476=CARTESIAN_POINT('',(2.45246885015098,-0.351677353939158,247.799999982868));
#2477=CARTESIAN_POINT('',(2.45246885015098,-0.251677353939158,247.799999982868));
#2478=CARTESIAN_POINT('',(2.70246885015098,-0.601677353939158,247.799999982868));
#2479=CARTESIAN_POINT('Origin',(2.70246885015098,-0.351677353939158,247.799999982868));
#2480=CARTESIAN_POINT('',(3.15246885015098,-0.601677353940375,247.799999982868));
#2481=CARTESIAN_POINT('',(2.70246885015098,-0.601677353939158,247.799999982868));
#2482=CARTESIAN_POINT('',(3.78213257835339,-1.6074936213033,247.799999982868));
#2483=CARTESIAN_POINT('Origin',(3.15246885015098,-1.30167735393916,247.799999982868));
#2484=CARTESIAN_POINT('',(1.47429346395327,-4.30167735393916,247.799999982868));
#2485=CARTESIAN_POINT('Origin',(-2.51450470368167,1.45066905234343,247.799999982868));
#2486=CARTESIAN_POINT('',(-1.4693557636513,-4.30167735393916,247.799999982868));
#2487=CARTESIAN_POINT('',(0.502468850150679,-4.30167735393916,247.799999982868));
#2488=CARTESIAN_POINT('',(-3.77719487805252,-1.60749362130383,247.799999982868));
#2489=CARTESIAN_POINT('Origin',(2.51944240398364,1.45066905234343,247.799999982868));
#2490=CARTESIAN_POINT('',(-3.14753114984902,-0.601677353939158,247.799999982868));
#2491=CARTESIAN_POINT('Origin',(-3.14753114984902,-1.30167735393916,247.799999982868));
#2492=CARTESIAN_POINT('',(-2.69753114984902,-0.601677353939158,247.799999982868));
#2493=CARTESIAN_POINT('',(-2.69753114984902,-0.601677353939158,247.799999982868));
#2494=CARTESIAN_POINT('',(-2.44753114984902,-0.351677353939158,247.799999982868));
#2495=CARTESIAN_POINT('Origin',(-2.69753114984902,-0.351677353939158,247.799999982868));
#2496=CARTESIAN_POINT('',(-2.44753114984902,-0.251677353939158,247.799999982868));
#2497=CARTESIAN_POINT('',(-2.44753114984902,-0.251677353939158,247.799999982868));
#2498=CARTESIAN_POINT('',(-2.19753114984902,-0.00167735393915803,247.799999982868));
#2499=CARTESIAN_POINT('Origin',(-2.19753114984902,-0.251677353939158,247.799999982868));
#2500=CARTESIAN_POINT('',(0.00246885015098286,-0.00167735393915791,247.799999982868));
#2501=CARTESIAN_POINT('Origin',(0.00246885015098309,-4.10167735393916,251.999999982868));
#2502=CARTESIAN_POINT('',(1.40676461568105,-3.90169833239806,250.438308328778));
#2503=CARTESIAN_POINT('',(0.00246885015099529,-3.90167735393916,249.899999982868));
#2504=CARTESIAN_POINT('Origin',(0.00246885015098308,-3.90167735393916,251.999999982868));
#2505=CARTESIAN_POINT('',(-1.40182671115292,-3.9016984511848,250.438308221982));
#2506=CARTESIAN_POINT('Origin',(0.00246885015098308,-3.90167735393916,251.999999982868));
#2507=CARTESIAN_POINT('',(-1.50519839507721,-4.27665723821566,250.037230280322));
#2508=CARTESIAN_POINT('Ctrl Pts',(-1.40137906736969,-3.90196901553191,250.437987189957));
#2509=CARTESIAN_POINT('Ctrl Pts',(-1.40961584285152,-3.93227374533915,250.404763272695));
#2510=CARTESIAN_POINT('Ctrl Pts',(-1.41813632161946,-3.96289336762339,250.371507674396));
#2511=CARTESIAN_POINT('Ctrl Pts',(-1.42673448681071,-3.99359006261105,250.338386894722));
#2512=CARTESIAN_POINT('Ctrl Pts',(-1.43533265200196,-4.02428675759872,250.305266115047));
#2513=CARTESIAN_POINT('Ctrl Pts',(-1.44400803730612,-4.05506043015308,250.272280226636));
#2514=CARTESIAN_POINT('Ctrl Pts',(-1.45258041485138,-4.08564173367595,250.239643340299));
#2515=CARTESIAN_POINT('Ctrl Pts',(-1.46649018101128,-4.13526376427622,250.186685866748));
#2516=CARTESIAN_POINT('Ctrl Pts',(-1.4803966558121,-4.18534402653243,250.133614681639));
#2517=CARTESIAN_POINT('Ctrl Pts',(-1.49417207812393,-4.23593845816423,250.08018901913));
#2518=CARTESIAN_POINT('Ctrl Pts',(-1.49785739745346,-4.24947391520061,250.065896126885));
#2519=CARTESIAN_POINT('Ctrl Pts',(-1.50153352935179,-4.26304635196206,250.051578001227));
#2520=CARTESIAN_POINT('Ctrl Pts',(-1.50519839487747,-4.2766572380669,250.037230280469));
#2521=CARTESIAN_POINT('',(-1.4693557636513,-4.30167735393916,249.979175322932));
#2522=CARTESIAN_POINT('Ctrl Pts',(-1.50519839507837,-4.27665723821533,250.037230280321));
#2523=CARTESIAN_POINT('Ctrl Pts',(-1.49345329164074,-4.28491062209573,250.017801273048));
#2524=CARTESIAN_POINT('Ctrl Pts',(-1.48150286974222,-4.29325429470465,249.998442733207));
#2525=CARTESIAN_POINT('Ctrl Pts',(-1.46935576365131,-4.30167735393915,249.979175322932));
#2526=CARTESIAN_POINT('',(1.47429346395327,-4.30167735393916,249.979175322932));
#2527=CARTESIAN_POINT('Origin',(0.0024688501509831,-4.30167735393916,251.999999982868));
#2528=CARTESIAN_POINT('',(1.51013609522083,-4.27665723832742,250.037230280192));
#2529=CARTESIAN_POINT('Ctrl Pts',(1.47429346395328,-4.30167735393915,249.979175322932));
#2530=CARTESIAN_POINT('Ctrl Pts',(1.48644068373578,-4.29325421586851,249.998442913542));
#2531=CARTESIAN_POINT('Ctrl Pts',(1.49839076920867,-4.2849107786125,250.017800904599));
#2532=CARTESIAN_POINT('Ctrl Pts',(1.5101360952735,-4.27665723829041,250.037230280145));
#2533=CARTESIAN_POINT('Ctrl Pts',(1.40631720203573,-3.90196873201212,250.437987565093));
#2534=CARTESIAN_POINT('Ctrl Pts',(1.41454164512143,-3.93222785247685,250.404813659265));
#2535=CARTESIAN_POINT('Ctrl Pts',(1.42304879549857,-3.96280073061204,250.371608360363));
#2536=CARTESIAN_POINT('Ctrl Pts',(1.43163350109805,-3.99345027486856,250.338537779577));
#2537=CARTESIAN_POINT('Ctrl Pts',(1.44021820669752,-4.02409981912509,250.305467198791));
#2538=CARTESIAN_POINT('Ctrl Pts',(1.44888000374398,-4.05482593493973,250.272531407792));
#2539=CARTESIAN_POINT('Ctrl Pts',(1.45743939994847,-4.08536014162036,250.239943888097));
#2540=CARTESIAN_POINT('Ctrl Pts',(1.47134896677693,-4.13498018236059,250.186987082249));
#2541=CARTESIAN_POINT('Ctrl Pts',(1.48525582061495,-4.18505919591312,250.133916183926));
#2542=CARTESIAN_POINT('Ctrl Pts',(1.49903205449642,-4.23565297256534,250.080490483171));
#2543=CARTESIAN_POINT('Ctrl Pts',(1.50274339476646,-4.24928301995842,250.066097510724));
#2544=CARTESIAN_POINT('Ctrl Pts',(1.50644544995499,-4.26295060929285,250.051678926989));
#2545=CARTESIAN_POINT('Ctrl Pts',(1.51013609521152,-4.27665723833396,250.037230280184));
#2546=CARTESIAN_POINT('Ctrl Pts',(-1.50519839507696,-4.27665723821632,250.037230280323));
#2547=CARTESIAN_POINT('Ctrl Pts',(-1.64887777368599,-4.17569251928862,250.156209009631));
#2548=CARTESIAN_POINT('Ctrl Pts',(-1.90659888272696,-3.9790611748802,250.425104491628));
#2549=CARTESIAN_POINT('Ctrl Pts',(-2.22424262536467,-3.70088945259516,250.977815366528));
#2550=CARTESIAN_POINT('Ctrl Pts',(-2.39766576822632,-3.5318118440151,251.651205052197));
#2551=CARTESIAN_POINT('Ctrl Pts',(-2.39780836219075,-3.53157675035663,252.350834818297));
#2552=CARTESIAN_POINT('Ctrl Pts',(-2.2241013825894,-3.7011145139029,253.021955491394));
#2553=CARTESIAN_POINT('Ctrl Pts',(-1.90723137732611,-3.97871184917199,253.574868861722));
#2554=CARTESIAN_POINT('Ctrl Pts',(-1.64887655038995,-4.17569337891541,253.843791969121));
#2555=CARTESIAN_POINT('Ctrl Pts',(-1.50519839490951,-4.27665723833399,253.962769685551));
#2556=CARTESIAN_POINT('Ctrl Pts',(-1.39464369022935,-4.19989893177169,250.111542728248));
#2557=CARTESIAN_POINT('Ctrl Pts',(-1.53657785702543,-4.10420472669085,250.222054594328));
#2558=CARTESIAN_POINT('Ctrl Pts',(-1.7940799444577,-3.91729408500359,250.474466781765));
#2559=CARTESIAN_POINT('Ctrl Pts',(-2.11883893573772,-3.65156848232875,251.003656149965));
#2560=CARTESIAN_POINT('Ctrl Pts',(-2.30027240772782,-3.48953412592312,251.658721819469));
#2561=CARTESIAN_POINT('Ctrl Pts',(-2.30043835188273,-3.48930540684352,252.343338872822));
#2562=CARTESIAN_POINT('Ctrl Pts',(-2.11868964045888,-3.65178820170898,252.996123713394));
#2563=CARTESIAN_POINT('Ctrl Pts',(-1.79468847238151,-3.91696672843228,253.52554971536));
#2564=CARTESIAN_POINT('Ctrl Pts',(-1.53657664858705,-4.10420554144401,253.777946312335));
#2565=CARTESIAN_POINT('Ctrl Pts',(-1.39464369006392,-4.19989893188322,253.888457237616));
#2566=CARTESIAN_POINT('Ctrl Pts',(-1.28408898538173,-4.12314062532706,250.185855176174));
#2567=CARTESIAN_POINT('Ctrl Pts',(-1.42427794036487,-4.03271693409308,250.287900179026));
#2568=CARTESIAN_POINT('Ctrl Pts',(-1.68156100618844,-3.85552699512698,250.523829071902));
#2569=CARTESIAN_POINT('Ctrl Pts',(-2.01343524611078,-3.60224751206233,251.029496933402));
#2570=CARTESIAN_POINT('Ctrl Pts',(-2.20287904722932,-3.44725640783113,251.666238586742));
#2571=CARTESIAN_POINT('Ctrl Pts',(-2.20306834157472,-3.44703406333041,252.335842927347));
#2572=CARTESIAN_POINT('Ctrl Pts',(-2.01327789832836,-3.60246188951507,252.970291935394));
#2573=CARTESIAN_POINT('Ctrl Pts',(-1.68214556743692,-3.85522160769256,253.476230568998));
#2574=CARTESIAN_POINT('Ctrl Pts',(-1.42427674678415,-4.03271770397261,253.71210065555));
#2575=CARTESIAN_POINT('Ctrl Pts',(-1.28408898521832,-4.12314062543245,253.814144789681));
#2576=CARTESIAN_POINT('Ctrl Pts',(-1.17353428053411,-4.04638231888243,250.260167624099));
#2577=CARTESIAN_POINT('Ctrl Pts',(-1.31197802370431,-3.96122914149531,250.353745763723));
#2578=CARTESIAN_POINT('Ctrl Pts',(-1.56904206791918,-3.79375990525036,250.573191362039));
#2579=CARTESIAN_POINT('Ctrl Pts',(-1.90803155648384,-3.55292654179592,251.055337716839));
#2580=CARTESIAN_POINT('Ctrl Pts',(-2.10548568673082,-3.40497868973915,251.673755354014));
#2581=CARTESIAN_POINT('Ctrl Pts',(-2.1056983312667,-3.4047627198173,252.328346981872));
#2582=CARTESIAN_POINT('Ctrl Pts',(-1.90786615619784,-3.55313557732115,252.944460157394));
#2583=CARTESIAN_POINT('Ctrl Pts',(-1.56960266249232,-3.79347648695285,253.426911422636));
#2584=CARTESIAN_POINT('Ctrl Pts',(-1.31197684498125,-3.96122986650121,253.646254998764));
#2585=CARTESIAN_POINT('Ctrl Pts',(-1.17353428037273,-4.04638231898167,253.739832341746));
#2586=CARTESIAN_POINT('',(-1.40192984670766,-3.90164517306422,253.561728381966));
#2587=CARTESIAN_POINT('Ctrl Pts',(-1.40184213327474,-3.90166674944547,250.438404153832));
#2588=CARTESIAN_POINT('Ctrl Pts',(-1.45651990199861,-3.86597375263061,250.487653444721));
#2589=CARTESIAN_POINT('Ctrl Pts',(-1.63369552027209,-3.74782718782298,250.665148273474));
#2590=CARTESIAN_POINT('Ctrl Pts',(-1.90803155648384,-3.55292654179592,251.055337716839));
#2591=CARTESIAN_POINT('Ctrl Pts',(-2.10548568673082,-3.40497868973915,251.673755354014));
#2592=CARTESIAN_POINT('Ctrl Pts',(-2.1056983312667,-3.4047627198173,252.328346981872));
#2593=CARTESIAN_POINT('Ctrl Pts',(-1.90786615619784,-3.55313557732115,252.944460157394));
#2594=CARTESIAN_POINT('Ctrl Pts',(-1.63409088812612,-3.74765670711324,253.334934527023));
#2595=CARTESIAN_POINT('Ctrl Pts',(-1.45669559645542,-3.86590132948894,253.512439710009));
#2596=CARTESIAN_POINT('Ctrl Pts',(-1.40192422433685,-3.90164262798637,253.561704745346));
#2597=CARTESIAN_POINT('',(-1.50519839491886,-4.27665723832742,253.962769685543));
#2598=CARTESIAN_POINT('Ctrl Pts',(-1.40155333296453,-3.90188464339056,253.562038267657));
#2599=CARTESIAN_POINT('Ctrl Pts',(-1.40975719332409,-3.9321523924423,253.595206055041));
#2600=CARTESIAN_POINT('Ctrl Pts',(-1.41824280086694,-3.96273497110636,253.628406261433));
#2601=CARTESIAN_POINT('Ctrl Pts',(-1.42680715513113,-3.99339407242714,253.661472988432));
#2602=CARTESIAN_POINT('Ctrl Pts',(-1.43537150939533,-4.02405317374791,253.694539715432));
#2603=CARTESIAN_POINT('Ctrl Pts',(-1.44401415762269,-4.05478869378036,253.72747287813));
#2604=CARTESIAN_POINT('Ctrl Pts',(-1.45255728166881,-4.0853310972996,253.760058739004));
#2605=CARTESIAN_POINT('Ctrl Pts',(-1.46644361144869,-4.13497592104896,253.813025078697));
#2606=CARTESIAN_POINT('Ctrl Pts',(-1.48033431908987,-4.18507699745229,253.866108105926));
#2607=CARTESIAN_POINT('Ctrl Pts',(-1.49410674047572,-4.2356864695791,253.919546421859));
#2608=CARTESIAN_POINT('Ctrl Pts',(-1.4978130171908,-4.24930591258416,253.933927130994));
#2609=CARTESIAN_POINT('Ctrl Pts',(-1.50151091332419,-4.26296235880135,253.948333424323));
#2610=CARTESIAN_POINT('Ctrl Pts',(-1.50519839490951,-4.27665723833399,253.962769685551));
#2611=CARTESIAN_POINT('Ctrl Pts',(-1.50519839490951,-4.27665723833399,253.962769685551));
#2612=CARTESIAN_POINT('Ctrl Pts',(-1.64887655038995,-4.17569337891541,253.843791969121));
#2613=CARTESIAN_POINT('Ctrl Pts',(-1.90723137732611,-3.97871184917199,253.574868861722));
#2614=CARTESIAN_POINT('Ctrl Pts',(-2.2241013825894,-3.7011145139029,253.021955491394));
#2615=CARTESIAN_POINT('Ctrl Pts',(-2.39780836219075,-3.53157675035663,252.350834818297));
#2616=CARTESIAN_POINT('Ctrl Pts',(-2.39766576822632,-3.5318118440151,251.651205052197));
#2617=CARTESIAN_POINT('Ctrl Pts',(-2.22424262536467,-3.70088945259516,250.977815366528));
#2618=CARTESIAN_POINT('Ctrl Pts',(-1.90659888272696,-3.9790611748802,250.425104491628));
#2619=CARTESIAN_POINT('Ctrl Pts',(-1.64887777368599,-4.17569251928862,250.156209009631));
#2620=CARTESIAN_POINT('Ctrl Pts',(-1.50519839507696,-4.27665723821632,250.037230280323));
#2621=CARTESIAN_POINT('Origin',(0.00246885015098309,-4.10167735393916,251.999999982868));
#2622=CARTESIAN_POINT('',(1.40686760719939,-3.90164518640109,253.56172860519));
#2623=CARTESIAN_POINT('Origin',(0.00246885015098308,-3.90167735393916,251.999999982868));
#2624=CARTESIAN_POINT('',(1.5101360952371,-4.27665723830071,253.962769685565));
#2625=CARTESIAN_POINT('Ctrl Pts',(1.40649105221981,-3.9018846311824,253.562038283341));
#2626=CARTESIAN_POINT('Ctrl Pts',(1.41470726510951,-3.93219796584032,253.595256020232));
#2627=CARTESIAN_POINT('Ctrl Pts',(1.42320613250322,-3.96282732411598,253.62850654675));
#2628=CARTESIAN_POINT('Ctrl Pts',(1.43178385528656,-3.99353363087424,253.661623522506));
#2629=CARTESIAN_POINT('Ctrl Pts',(1.4403615780699,-4.02423993763249,253.694740498262));
#2630=CARTESIAN_POINT('Ctrl Pts',(1.44901770082653,-4.05502308831741,253.727723837525));
#2631=CARTESIAN_POINT('Ctrl Pts',(1.45757373724882,-4.0856126357465,253.760359118652));
#2632=CARTESIAN_POINT('Ctrl Pts',(1.47146015250469,-4.13525935732694,253.813326058407));
#2633=CARTESIAN_POINT('Ctrl Pts',(1.48535041717743,-4.18536155751982,253.86640927063));
#2634=CARTESIAN_POINT('Ctrl Pts',(1.49912201091616,-4.23597151955004,253.919847403192));
#2635=CARTESIAN_POINT('Ctrl Pts',(1.50280232781193,-4.24949651178319,253.934128194935));
#2636=CARTESIAN_POINT('Ctrl Pts',(1.50647435258123,-4.26305795029932,253.948434190733));
#2637=CARTESIAN_POINT('Ctrl Pts',(1.51013609521151,-4.27665723833397,253.962769685551));
#2638=CARTESIAN_POINT('',(1.47429346395327,-4.30167735393916,254.020824642804));
#2639=CARTESIAN_POINT('Ctrl Pts',(1.5101360952735,-4.27665723829041,253.962769685591));
#2640=CARTESIAN_POINT('Ctrl Pts',(1.49839099187025,-4.28491062214632,253.982198692805));
#2641=CARTESIAN_POINT('Ctrl Pts',(1.48644057000735,-4.29325429473019,254.001557232587));
#2642=CARTESIAN_POINT('Ctrl Pts',(1.47429346395327,-4.30167735393916,254.020824642804));
#2643=CARTESIAN_POINT('',(-1.4693557636513,-4.30167735393916,254.020824642804));
#2644=CARTESIAN_POINT('Origin',(0.0024688501509831,-4.30167735393916,251.999999982868));
#2645=CARTESIAN_POINT('Ctrl Pts',(-1.4693557636513,-4.30167735393916,254.020824642804));
#2646=CARTESIAN_POINT('Ctrl Pts',(-1.481502983518,-4.29325421581013,254.001557052061));
#2647=CARTESIAN_POINT('Ctrl Pts',(-1.4934530688272,-4.28491077866837,253.982199061268));
#2648=CARTESIAN_POINT('Ctrl Pts',(-1.50519839497153,-4.27665723829041,253.962769685591));
#2649=CARTESIAN_POINT('Ctrl Pts',(1.51013609521151,-4.27665723833397,253.962769685551));
#2650=CARTESIAN_POINT('Ctrl Pts',(1.65381433569948,-4.17569331917987,253.843791898727));
#2651=CARTESIAN_POINT('Ctrl Pts',(1.91216935441266,-3.97871163361463,253.57486866667));
#2652=CARTESIAN_POINT('Ctrl Pts',(2.22903947674491,-3.70111416309539,253.021954837259));
#2653=CARTESIAN_POINT('Ctrl Pts',(2.40274636438983,-3.53157647252546,252.350833693855));
#2654=CARTESIAN_POINT('Ctrl Pts',(2.40260341439849,-3.53181193573683,251.651203507058));
#2655=CARTESIAN_POINT('Ctrl Pts',(2.22917980307219,-3.70088997972202,250.977813715448));
#2656=CARTESIAN_POINT('Ctrl Pts',(1.91153546216187,-3.97906215026491,250.42510278018));
#2657=CARTESIAN_POINT('Ctrl Pts',(1.65381433569949,-4.17569331917986,250.156208067008));
#2658=CARTESIAN_POINT('Ctrl Pts',(1.51013609521152,-4.27665723833396,250.037230280184));
#2659=CARTESIAN_POINT('Ctrl Pts',(1.39958139036592,-4.19989893188319,253.888457237616));
#2660=CARTESIAN_POINT('Ctrl Pts',(1.54151443286403,-4.10420548482676,253.777946246951));
#2661=CARTESIAN_POINT('Ctrl Pts',(1.79962645000999,-3.91696652338479,253.525549531878));
#2662=CARTESIAN_POINT('Ctrl Pts',(2.12362774493895,-3.65178786641628,252.996123081636));
#2663=CARTESIAN_POINT('Ctrl Pts',(2.30537636468433,-3.48930514108645,252.343337770178));
#2664=CARTESIAN_POINT('Ctrl Pts',(2.30521004259986,-3.48953421488875,251.658720303418));
#2665=CARTESIAN_POINT('Ctrl Pts',(2.12377608609244,-3.65156898809245,251.00365454726));
#2666=CARTESIAN_POINT('Ctrl Pts',(1.79901650120397,-3.91729501641383,250.474465151498));
#2667=CARTESIAN_POINT('Ctrl Pts',(1.54151443286405,-4.10420548482675,250.222053718785));
#2668=CARTESIAN_POINT('Ctrl Pts',(1.39958139036594,-4.19989893188319,250.11154272812));
#2669=CARTESIAN_POINT('Ctrl Pts',(1.28902668552032,-4.12314062543242,253.814144789681));
#2670=CARTESIAN_POINT('Ctrl Pts',(1.42921453002858,-4.03271765047365,253.712100595175));
#2671=CARTESIAN_POINT('Ctrl Pts',(1.68708354560731,-3.85522141315494,253.476230397086));
#2672=CARTESIAN_POINT('Ctrl Pts',(2.01821601313298,-3.60246156973717,252.970291326013));
#2673=CARTESIAN_POINT('Ctrl Pts',(2.20800636497884,-3.44703380964743,252.335841846501));
#2674=CARTESIAN_POINT('Ctrl Pts',(2.20781667080122,-3.44725649404066,251.666237099778));
#2675=CARTESIAN_POINT('Ctrl Pts',(2.0183723691127,-3.60224799646288,251.029495379073));
#2676=CARTESIAN_POINT('Ctrl Pts',(1.68649754024606,-3.85552788256275,250.523827522815));
#2677=CARTESIAN_POINT('Ctrl Pts',(1.42921453002861,-4.03271765047364,250.287899370561));
#2678=CARTESIAN_POINT('Ctrl Pts',(1.28902668552035,-4.12314062543242,250.185855176055));
#2679=CARTESIAN_POINT('Ctrl Pts',(1.17847198067473,-4.04638231898165,253.739832341746));
#2680=CARTESIAN_POINT('Ctrl Pts',(1.31691462719313,-3.96122981612053,253.646254943399));
#2681=CARTESIAN_POINT('Ctrl Pts',(1.57454064120464,-3.7934763029251,253.426911262294));
#2682=CARTESIAN_POINT('Ctrl Pts',(1.91280428132701,-3.55313527305807,252.94445957039));
#2683=CARTESIAN_POINT('Ctrl Pts',(2.11063636527335,-3.40476247820841,252.328345922824));
#2684=CARTESIAN_POINT('Ctrl Pts',(2.11042329900258,-3.40497877319258,251.673753896137));
#2685=CARTESIAN_POINT('Ctrl Pts',(1.91296865213295,-3.55292700483332,251.055336210885));
#2686=CARTESIAN_POINT('Ctrl Pts',(1.57397857928816,-3.79376074871167,250.573189894132));
#2687=CARTESIAN_POINT('Ctrl Pts',(1.31691462719317,-3.96122981612053,250.353745022337));
#2688=CARTESIAN_POINT('Ctrl Pts',(1.17847198067477,-4.04638231898165,250.26016762399));
#2689=CARTESIAN_POINT('Ctrl Pts',(1.51013609521152,-4.27665723833396,250.037230280184));
#2690=CARTESIAN_POINT('Ctrl Pts',(1.65381433569949,-4.17569331917986,250.156208067008));
#2691=CARTESIAN_POINT('Ctrl Pts',(1.91153546216187,-3.97906215026491,250.42510278018));
#2692=CARTESIAN_POINT('Ctrl Pts',(2.22917980307219,-3.70088997972202,250.977813715448));
#2693=CARTESIAN_POINT('Ctrl Pts',(2.40260341439849,-3.53181193573683,251.651203507058));
#2694=CARTESIAN_POINT('Ctrl Pts',(2.40274636438983,-3.53157647252546,252.350833693855));
#2695=CARTESIAN_POINT('Ctrl Pts',(2.22903947674491,-3.70111416309539,253.021954837259));
#2696=CARTESIAN_POINT('Ctrl Pts',(1.91216935441266,-3.97871163361463,253.57486866667));
#2697=CARTESIAN_POINT('Ctrl Pts',(1.65381433569948,-4.17569331917987,253.843791898727));
#2698=CARTESIAN_POINT('Ctrl Pts',(1.51013609521151,-4.27665723833397,253.962769685551));
#2699=CARTESIAN_POINT('Ctrl Pts',(1.40686193786958,-3.90164261951306,253.561704766266));
#2700=CARTESIAN_POINT('Ctrl Pts',(1.46163339516018,-3.86590126557288,253.512439667787));
#2701=CARTESIAN_POINT('Ctrl Pts',(1.63902885490172,-3.74765652847747,253.334934342177));
#2702=CARTESIAN_POINT('Ctrl Pts',(1.91280428132701,-3.55313527305807,252.94445957039));
#2703=CARTESIAN_POINT('Ctrl Pts',(2.11063636527335,-3.40476247820841,252.328345922824));
#2704=CARTESIAN_POINT('Ctrl Pts',(2.11042329900258,-3.40497877319258,251.673753896137));
#2705=CARTESIAN_POINT('Ctrl Pts',(1.91296865213295,-3.55292700483332,251.055336210885));
#2706=CARTESIAN_POINT('Ctrl Pts',(1.63863244705393,-3.7478277427697,250.665147230657));
#2707=CARTESIAN_POINT('Ctrl Pts',(1.46145715982392,-3.86597404408923,250.487653013853));
#2708=CARTESIAN_POINT('Ctrl Pts',(1.40677984000846,-3.9016667452638,250.43840414362));
#2709=CARTESIAN_POINT('Origin',(2.51944240398364,1.45066905234343,259.999999982868));
#2710=CARTESIAN_POINT('',(-1.4693557636513,-4.30167735393916,259.999999982868));
#2711=CARTESIAN_POINT('',(-3.77719487805252,-1.60749362130383,259.999999982868));
#2712=CARTESIAN_POINT('',(-1.4693557636513,-4.30167735393916,259.999999982868));
#2713=CARTESIAN_POINT('Origin',(1.00246885015098,-4.30167735393916,259.999999982868));
#2714=CARTESIAN_POINT('',(1.47429346395327,-4.30167735393916,259.999999982868));
#2715=CARTESIAN_POINT('Origin',(0.00246885015098277,1.55408881531185,251.999999982868));
#2716=CARTESIAN_POINT('',(0.0024688501509951,-0.401677353939158,249.899999982868));
#2717=CARTESIAN_POINT('Origin',(0.00246885015098288,-0.401677353939158,
251.999999982868));
#2718=CARTESIAN_POINT('',(0.00246885015099499,1.55408881531185,249.899999982868));
#2719=CARTESIAN_POINT('Origin',(-2.51450470368167,1.45066905234343,259.999999982868));
#2720=CARTESIAN_POINT('',(1.47429346395327,-4.30167735393916,259.999999982868));
#2721=CARTESIAN_POINT('',(3.78213257835339,-1.6074936213033,259.999999982868));
#2722=CARTESIAN_POINT('Origin',(1.00246885015098,-4.30167735393916,259.999999982868));
#2723=CARTESIAN_POINT('Origin',(0.00246885015098287,-0.201677353939158,
251.999999982868));
#2724=CARTESIAN_POINT('',(0.0024688501509974,-0.00167735393915,249.499999982868));
#2725=CARTESIAN_POINT('',(0.00246885015099625,-0.201677353939158,249.699999982868));
#2726=CARTESIAN_POINT('',(-2.19753114984902,-0.00167735393915803,250.812565774164));
#2727=CARTESIAN_POINT('Origin',(0.00246885015098286,-0.00167735393915791,
251.999999982868));
#2728=CARTESIAN_POINT('',(-2.19753114984902,-0.00167735393915803,253.187434191572));
#2729=CARTESIAN_POINT('Ctrl Pts',(-2.19753114984902,-0.00167735393915805,
250.812565774164));
#2730=CARTESIAN_POINT('Ctrl Pts',(-2.21980800391527,-0.00167735393915867,
250.853838864148));
#2731=CARTESIAN_POINT('Ctrl Pts',(-2.23895840265225,-0.00464575057117216,
250.898628539637));
#2732=CARTESIAN_POINT('Ctrl Pts',(-2.29422281468387,-0.017477713950557,
251.04632653741));
#2733=CARTESIAN_POINT('Ctrl Pts',(-2.32569974851314,-0.0357128629727909,
251.179373052494));
#2734=CARTESIAN_POINT('Ctrl Pts',(-2.38233768565557,-0.0770636230419228,
251.510278127936));
#2735=CARTESIAN_POINT('Ctrl Pts',(-2.39753114984902,-0.101677353939158,
251.776687465118));
#2736=CARTESIAN_POINT('Ctrl Pts',(-2.39753114984902,-0.101677353939158,
252.223312500617));
#2737=CARTESIAN_POINT('Ctrl Pts',(-2.38233768565557,-0.0770636230419229,
252.489721837799));
#2738=CARTESIAN_POINT('Ctrl Pts',(-2.32569974851314,-0.0357128629727911,
252.820626913241));
#2739=CARTESIAN_POINT('Ctrl Pts',(-2.29422281468387,-0.0174777139505569,
252.953673428325));
#2740=CARTESIAN_POINT('Ctrl Pts',(-2.23895840265225,-0.00464575057117208,
253.101371426099));
#2741=CARTESIAN_POINT('Ctrl Pts',(-2.21980800391528,-0.00167735393915806,
253.146161101588));
#2742=CARTESIAN_POINT('Ctrl Pts',(-2.19753114984902,-0.00167735393915803,
253.187434191572));
#2743=CARTESIAN_POINT('',(2.20246885015098,-0.00167735393915786,253.187434191572));
#2744=CARTESIAN_POINT('Origin',(0.00246885015098286,-0.00167735393915791,
251.999999982868));
#2745=CARTESIAN_POINT('',(2.20246885015098,-0.00167735393915786,250.812565774164));
#2746=CARTESIAN_POINT('Ctrl Pts',(2.20246885015098,-0.00167735393915784,
253.187434191572));
#2747=CARTESIAN_POINT('Ctrl Pts',(2.22474570421724,-0.00167735393915737,
253.146161101588));
#2748=CARTESIAN_POINT('Ctrl Pts',(2.24389610295421,-0.00464575057117203,
253.101371426099));
#2749=CARTESIAN_POINT('Ctrl Pts',(2.29916051498584,-0.017477713950557,252.953673428325));
#2750=CARTESIAN_POINT('Ctrl Pts',(2.33063744881511,-0.035712862972791,252.820626913241));
#2751=CARTESIAN_POINT('Ctrl Pts',(2.38727538595753,-0.0770636230419227,
252.489721837799));
#2752=CARTESIAN_POINT('Ctrl Pts',(2.40246885015098,-0.101677353939158,252.223312500617));
#2753=CARTESIAN_POINT('Ctrl Pts',(2.40246885015098,-0.101677353939158,251.776687465118));
#2754=CARTESIAN_POINT('Ctrl Pts',(2.38727538595753,-0.0770636230419229,
251.510278127936));
#2755=CARTESIAN_POINT('Ctrl Pts',(2.33063744881511,-0.0357128629727911,
251.179373052494));
#2756=CARTESIAN_POINT('Ctrl Pts',(2.29916051498584,-0.0174777139505569,
251.04632653741));
#2757=CARTESIAN_POINT('Ctrl Pts',(2.24389610295421,-0.00464575057117201,
250.898628539637));
#2758=CARTESIAN_POINT('Ctrl Pts',(2.22474570421725,-0.00167735393915997,
250.853838864148));
#2759=CARTESIAN_POINT('Ctrl Pts',(2.20246885015101,-0.00167735393915784,
250.812565774164));
#2760=CARTESIAN_POINT('Origin',(0.00246885015098286,-0.00167735393915791,
251.999999982868));
#2761=CARTESIAN_POINT('Origin',(-2.19753114984902,-0.251677353939158,259.999999982868));
#2762=CARTESIAN_POINT('',(-2.19753114984902,-0.00167735393915803,259.999999982868));
#2763=CARTESIAN_POINT('',(-2.44753114984902,-0.251677353939158,259.999999982868));
#2764=CARTESIAN_POINT('',(-2.19753114984902,-0.00167735393915803,259.999999982868));
#2765=CARTESIAN_POINT('Origin',(-2.19753114984902,-0.00167735393915803,
259.999999982868));
#2766=CARTESIAN_POINT('',(2.20246885015098,-0.00167735393915786,259.999999982868));
#2767=CARTESIAN_POINT('Origin',(-2.19753114984902,-0.00167735393915803,
259.999999982868));
#2768=CARTESIAN_POINT('',(2.20246885015098,-0.00167735393915786,259.999999982868));
#2769=CARTESIAN_POINT('Origin',(2.20246885015098,-0.251677353939158,259.999999982868));
#2770=CARTESIAN_POINT('',(2.45246885015098,-0.251677353939158,259.999999982868));
#2771=CARTESIAN_POINT('Origin',(-2.44753114984902,-0.351677353939158,259.999999982868));
#2772=CARTESIAN_POINT('',(-2.44753114984902,-0.351677353939158,259.999999982868));
#2773=CARTESIAN_POINT('Origin',(-2.69753114984902,-0.351677353939158,259.999999982868));
#2774=CARTESIAN_POINT('',(-2.69753114984902,-0.601677353939158,259.999999982868));
#2775=CARTESIAN_POINT('Origin',(2.45246885015098,-0.251677353939158,259.999999982868));
#2776=CARTESIAN_POINT('',(2.45246885015098,-0.351677353939158,259.999999982868));
#2777=CARTESIAN_POINT('Origin',(-3.14753114984902,-1.30167735393916,259.999999982868));
#2778=CARTESIAN_POINT('',(-3.14753114984902,-0.601677353939158,259.999999982868));
#2779=CARTESIAN_POINT('Origin',(3.15246885015098,-1.30167735393916,259.999999982868));
#2780=CARTESIAN_POINT('',(3.15246885015098,-0.601677353940375,259.999999982868));
#2781=CARTESIAN_POINT('Origin',(2.70246885015098,-0.601677353939158,259.999999982868));
#2782=CARTESIAN_POINT('',(2.70246885015098,-0.601677353939158,259.999999982868));
#2783=CARTESIAN_POINT('Origin',(2.70246885015098,-0.351677353939158,259.999999982868));
#2784=CARTESIAN_POINT('Origin',(-3.14753114984902,-0.601677353939158,259.999999982868));
#2785=CARTESIAN_POINT('',(0.,0.,0.));
#2786=CARTESIAN_POINT('Origin',(-9.,-9.59999999999999,-200.));
#2787=CARTESIAN_POINT('',(-9.,-9.60000000000001,20.0000000000005));
#2788=CARTESIAN_POINT('',(-3.,-9.60000000000001,20.0000000000005));
#2789=CARTESIAN_POINT('',(-9.,-9.60000000000001,20.0000000000005));
#2790=CARTESIAN_POINT('',(-9.,-9.59999999999999,-220.));
#2791=CARTESIAN_POINT('',(-9.,-9.59999999999999,-200.));
#2792=CARTESIAN_POINT('',(-3.,-9.59999999999999,-220.));
#2793=CARTESIAN_POINT('',(-9.,-9.59999999999999,-220.));
#2794=CARTESIAN_POINT('',(-3.,-9.59999999999999,-200.));
#2795=CARTESIAN_POINT('Origin',(-3.,-9.59999999999999,-200.));
#2796=CARTESIAN_POINT('',(-3.,-7.60000000000001,20.0000000000005));
#2797=CARTESIAN_POINT('',(-3.,-9.10000000000001,20.0000000000005));
#2798=CARTESIAN_POINT('',(-3.,-7.59999999999999,-220.));
#2799=CARTESIAN_POINT('',(-3.,-9.09999999999999,-220.));
#2800=CARTESIAN_POINT('',(-3.,-7.59999999999999,-200.));
#2801=CARTESIAN_POINT('Origin',(-9.,-8.59999999999999,-200.));
#2802=CARTESIAN_POINT('',(-10.,-8.60000000000001,20.0000000000005));
#2803=CARTESIAN_POINT('Origin',(-9.,-8.60000000000001,20.0000000000005));
#2804=CARTESIAN_POINT('',(-10.,-8.59999999999999,-220.));
#2805=CARTESIAN_POINT('',(-10.,-8.59999999999999,-200.));
#2806=CARTESIAN_POINT('Origin',(-9.,-8.59999999999999,-220.));
#2807=CARTESIAN_POINT('Origin',(-8.,-2.59999999999999,-200.));
#2808=CARTESIAN_POINT('',(-8.,-2.60000000000001,20.0000000000005));
#2809=CARTESIAN_POINT('',(-10.,-2.60000000000001,20.0000000000005));
#2810=CARTESIAN_POINT('',(-8.5,-2.60000000000001,20.0000000000005));
#2811=CARTESIAN_POINT('',(-8.,-2.59999999999999,-220.));
#2812=CARTESIAN_POINT('',(-8.,-2.59999999999999,-200.));
#2813=CARTESIAN_POINT('',(-10.,-2.59999999999999,-220.));
#2814=CARTESIAN_POINT('',(-8.5,-2.59999999999999,-220.));
#2815=CARTESIAN_POINT('',(-10.,-2.59999999999999,-200.));
#2816=CARTESIAN_POINT('Origin',(-10.,-2.59999999999999,-200.));
#2817=CARTESIAN_POINT('',(-10.,-5.60000000000001,20.0000000000005));
#2818=CARTESIAN_POINT('',(-10.,-5.59999999999999,-220.));
#2819=CARTESIAN_POINT('Origin',(-3.,-7.59999999999999,-200.));
#2820=CARTESIAN_POINT('',(-6.,-7.60000000000001,20.0000000000005));
#2821=CARTESIAN_POINT('',(-6.,-7.60000000000001,20.0000000000005));
#2822=CARTESIAN_POINT('',(-6.,-7.59999999999999,-220.));
#2823=CARTESIAN_POINT('',(-6.,-7.59999999999999,-220.));
#2824=CARTESIAN_POINT('',(-6.,-7.59999999999999,-200.));
#2825=CARTESIAN_POINT('Origin',(-6.,-7.59999999999999,-200.));
#2826=CARTESIAN_POINT('',(-6.,-6.66066017177983,20.0000000000005));
#2827=CARTESIAN_POINT('',(-6.,-8.10000000000001,20.0000000000005));
#2828=CARTESIAN_POINT('',(-6.,-6.66066017177981,-220.));
#2829=CARTESIAN_POINT('',(-6.,-8.09999999999999,-220.));
#2830=CARTESIAN_POINT('',(-6.,-6.66066017177981,-200.));
#2831=CARTESIAN_POINT('Origin',(-6.,-6.66066017177981,-200.));
#2832=CARTESIAN_POINT('',(-2.93933982822018,-3.60000000000001,20.0000000000005));
#2833=CARTESIAN_POINT('',(-7.23483495705505,-7.89549512883487,20.0000000000005));
#2834=CARTESIAN_POINT('',(-2.93933982822018,-3.59999999999999,-220.));
#2835=CARTESIAN_POINT('',(-7.23483495705504,-7.89549512883486,-220.));
#2836=CARTESIAN_POINT('',(-2.93933982822018,-3.59999999999999,-200.));
#2837=CARTESIAN_POINT('Origin',(-2.93933982822018,-3.59999999999999,-200.));
#2838=CARTESIAN_POINT('',(-0.519615242270665,-3.60000000000001,20.0000000000005));
#2839=CARTESIAN_POINT('',(-5.96966991411009,-3.60000000000001,20.0000000000005));
#2840=CARTESIAN_POINT('',(-0.519615242270664,-3.59999999999999,-220.));
#2841=CARTESIAN_POINT('',(-5.96966991411009,-3.59999999999999,-220.));
#2842=CARTESIAN_POINT('',(-0.519615242270664,-3.59999999999999,-200.));
#2843=CARTESIAN_POINT('Origin',(-0.519615242270664,-3.59999999999999,-200.));
#2844=CARTESIAN_POINT('',(-1.48847947856267E-15,-3.30000000000001,20.0000000000005));
#2845=CARTESIAN_POINT('',(-4.78229128114972,-6.06105715851499,20.0000000000005));
#2846=CARTESIAN_POINT('',(-9.33367966249819E-16,-3.29999999999999,-220.));
#2847=CARTESIAN_POINT('',(-4.78229128114972,-6.06105715851497,-220.));
#2848=CARTESIAN_POINT('',(-1.73350916954412E-15,-3.29999999999999,-200.));
#2849=CARTESIAN_POINT('Origin',(-1.68753899743074E-15,-3.29999999999999,
-200.));
#2850=CARTESIAN_POINT('',(0.519615242270661,-3.60000000000001,20.0000000000005));
#2851=CARTESIAN_POINT('',(-2.22751633998562,-2.01394284148502,20.0000000000005));
#2852=CARTESIAN_POINT('',(0.519615242270661,-3.59999999999999,-220.));
#2853=CARTESIAN_POINT('',(-2.22751633998562,-2.01394284148501,-220.));
#2854=CARTESIAN_POINT('',(0.519615242270661,-3.59999999999999,-200.));
#2855=CARTESIAN_POINT('Origin',(0.519615242270661,-3.59999999999999,-200.));
#2856=CARTESIAN_POINT('',(2.93933982822017,-3.60000000000001,20.0000000000005));
#2857=CARTESIAN_POINT('',(-4.24019237886467,-3.60000000000001,20.0000000000005));
#2858=CARTESIAN_POINT('',(2.93933982822017,-3.59999999999999,-220.));
#2859=CARTESIAN_POINT('',(-4.24019237886467,-3.59999999999999,-220.));
#2860=CARTESIAN_POINT('',(2.93933982822017,-3.59999999999999,-200.));
#2861=CARTESIAN_POINT('Origin',(2.93933982822017,-3.59999999999999,-200.));
#2862=CARTESIAN_POINT('',(6.,-6.66066017177984,20.0000000000005));
#2863=CARTESIAN_POINT('',(1.20450487116513,-1.86516504294497,20.0000000000005));
#2864=CARTESIAN_POINT('',(6.,-6.66066017177982,-220.));
#2865=CARTESIAN_POINT('',(1.20450487116513,-1.86516504294495,-220.));
#2866=CARTESIAN_POINT('',(6.,-6.66066017177982,-200.));
#2867=CARTESIAN_POINT('Origin',(6.,-6.66066017177982,-200.));
#2868=CARTESIAN_POINT('',(6.,-7.6,20.0000000000005));
#2869=CARTESIAN_POINT('',(6.,-7.63033008588994,20.0000000000005));
#2870=CARTESIAN_POINT('',(6.,-7.59999999999998,-220.));
#2871=CARTESIAN_POINT('',(6.,-7.63033008588992,-220.));
#2872=CARTESIAN_POINT('',(6.,-7.59999999999998,-200.));
#2873=CARTESIAN_POINT('Origin',(6.,-7.59999999999998,-200.));
#2874=CARTESIAN_POINT('',(3.,-7.60000000000001,20.0000000000005));
#2875=CARTESIAN_POINT('',(-1.5,-7.60000000000002,20.0000000000005));
#2876=CARTESIAN_POINT('',(3.,-7.59999999999999,-220.));
#2877=CARTESIAN_POINT('',(-1.5,-7.6,-220.));
#2878=CARTESIAN_POINT('',(3.,-7.59999999999999,-200.));
#2879=CARTESIAN_POINT('Origin',(3.,-7.59999999999999,-200.));
#2880=CARTESIAN_POINT('',(3.,-9.60000000000001,20.0000000000005));
#2881=CARTESIAN_POINT('',(3.,-8.10000000000001,20.0000000000005));
#2882=CARTESIAN_POINT('',(3.,-9.59999999999999,-220.));
#2883=CARTESIAN_POINT('',(3.,-8.09999999999999,-220.));
#2884=CARTESIAN_POINT('',(3.,-9.59999999999999,-200.));
#2885=CARTESIAN_POINT('Origin',(3.,-9.59999999999999,-200.));
#2886=CARTESIAN_POINT('',(9.,-9.60000000000001,20.0000000000005));
#2887=CARTESIAN_POINT('',(-3.,-9.60000000000001,20.0000000000005));
#2888=CARTESIAN_POINT('',(9.,-9.59999999999999,-220.));
#2889=CARTESIAN_POINT('',(-3.,-9.59999999999999,-220.));
#2890=CARTESIAN_POINT('',(9.,-9.59999999999999,-200.));
#2891=CARTESIAN_POINT('Origin',(9.,-8.59999999999999,-200.));
#2892=CARTESIAN_POINT('',(10.,-8.60000000000001,20.0000000000005));
#2893=CARTESIAN_POINT('Origin',(9.,-8.60000000000001,20.0000000000005));
#2894=CARTESIAN_POINT('',(10.,-8.59999999999999,-220.));
#2895=CARTESIAN_POINT('Origin',(9.,-8.59999999999999,-220.));
#2896=CARTESIAN_POINT('',(10.,-8.59999999999999,-200.));
#2897=CARTESIAN_POINT('Origin',(10.,-8.59999999999999,-200.));
#2898=CARTESIAN_POINT('',(10.,-2.60000000000001,20.0000000000005));
#2899=CARTESIAN_POINT('',(10.,-8.60000000000001,20.0000000000005));
#2900=CARTESIAN_POINT('',(10.,-2.59999999999999,-220.));
#2901=CARTESIAN_POINT('',(10.,-8.59999999999999,-220.));
#2902=CARTESIAN_POINT('',(10.,-2.59999999999999,-200.));
#2903=CARTESIAN_POINT('Origin',(10.,-2.59999999999999,-200.));
#2904=CARTESIAN_POINT('',(8.,-2.60000000000001,20.0000000000005));
#2905=CARTESIAN_POINT('',(0.5,-2.60000000000001,20.0000000000005));
#2906=CARTESIAN_POINT('',(8.,-2.59999999999999,-220.));
#2907=CARTESIAN_POINT('',(0.500000000000001,-2.59999999999999,-220.));
#2908=CARTESIAN_POINT('',(8.,-2.59999999999999,-200.));
#2909=CARTESIAN_POINT('Origin',(8.,-2.59999999999999,-200.));
#2910=CARTESIAN_POINT('',(8.,-5.60000000000001,20.0000000000005));
#2911=CARTESIAN_POINT('',(8.,-5.60000000000001,20.0000000000005));
#2912=CARTESIAN_POINT('',(8.,-5.59999999999999,-220.));
#2913=CARTESIAN_POINT('',(8.,-5.59999999999999,-220.));
#2914=CARTESIAN_POINT('',(8.,-5.59999999999999,-200.));
#2915=CARTESIAN_POINT('Origin',(8.,-5.59999999999999,-200.));
#2916=CARTESIAN_POINT('',(7.06066017177982,-5.60000000000001,20.0000000000005));
#2917=CARTESIAN_POINT('',(-0.499999999999997,-5.59999999999999,20.0000000000005));
#2918=CARTESIAN_POINT('',(7.06066017177982,-5.59999999999999,-220.));
#2919=CARTESIAN_POINT('',(-0.499999999999996,-5.59999999999998,-220.));
#2920=CARTESIAN_POINT('',(7.06066017177982,-5.59999999999999,-200.));
#2921=CARTESIAN_POINT('Origin',(7.06066017177982,-5.59999999999999,-200.));
#2922=CARTESIAN_POINT('',(4.,-2.53933982822019,20.0000000000005));
#2923=CARTESIAN_POINT('',(3.79549512883486,-2.33483495705505,20.0000000000005));
#2924=CARTESIAN_POINT('',(4.,-2.53933982822017,-220.));
#2925=CARTESIAN_POINT('',(3.79549512883486,-2.33483495705504,-220.));
#2926=CARTESIAN_POINT('',(4.,-2.53933982822017,-200.));
#2927=CARTESIAN_POINT('Origin',(4.,-2.53933982822017,-200.));
#2928=CARTESIAN_POINT('',(4.,-0.119615242270674,20.0000000000005));
#2929=CARTESIAN_POINT('',(4.,-5.5696699141101,20.0000000000005));
#2930=CARTESIAN_POINT('',(4.,-0.119615242270656,-220.));
#2931=CARTESIAN_POINT('',(4.,-5.56966991411008,-220.));
#2932=CARTESIAN_POINT('',(4.,-0.119615242270656,-200.));
#2933=CARTESIAN_POINT('Origin',(4.,-0.119615242270656,-200.));
#2934=CARTESIAN_POINT('',(3.7,0.399999999999988,20.0000000000005));
#2935=CARTESIAN_POINT('',(4.21105715851499,-0.485176964119756,20.0000000000005));
#2936=CARTESIAN_POINT('',(3.7,0.400000000000006,-220.));
#2937=CARTESIAN_POINT('',(4.21105715851499,-0.485176964119738,-220.));
#2938=CARTESIAN_POINT('',(3.7,0.400000000000006,-200.));
#2939=CARTESIAN_POINT('Origin',(3.7,0.400000000000006,-200.));
#2940=CARTESIAN_POINT('',(4.,0.919615242270652,20.0000000000005));
#2941=CARTESIAN_POINT('',(0.163942841485015,-5.7246306570156,20.0000000000005));
#2942=CARTESIAN_POINT('',(4.,0.919615242270669,-220.));
#2943=CARTESIAN_POINT('',(0.163942841485016,-5.72463065701559,-220.));
#2944=CARTESIAN_POINT('',(4.,0.919615242270669,-200.));
#2945=CARTESIAN_POINT('Origin',(4.,0.919615242270669,-200.));
#2946=CARTESIAN_POINT('',(4.,3.33933982822016,20.0000000000005));
#2947=CARTESIAN_POINT('',(4.,-3.84019237886468,20.0000000000005));
#2948=CARTESIAN_POINT('',(4.,3.33933982822018,-220.));
#2949=CARTESIAN_POINT('',(4.,-3.84019237886466,-220.));
#2950=CARTESIAN_POINT('',(4.,3.33933982822018,-200.));
#2951=CARTESIAN_POINT('Origin',(4.,3.33933982822018,-200.));
#2952=CARTESIAN_POINT('',(7.06066017177983,6.39999999999999,20.0000000000005));
#2953=CARTESIAN_POINT('',(-2.23483495705505,-2.89549512883488,20.0000000000005));
#2954=CARTESIAN_POINT('',(7.06066017177983,6.40000000000001,-220.));
#2955=CARTESIAN_POINT('',(-2.23483495705505,-2.89549512883486,-220.));
#2956=CARTESIAN_POINT('',(7.06066017177983,6.40000000000001,-200.));
#2957=CARTESIAN_POINT('Origin',(7.06066017177983,6.40000000000001,-200.));
#2958=CARTESIAN_POINT('',(7.99999999999999,6.39999999999999,20.0000000000005));
#2959=CARTESIAN_POINT('',(-0.969669914110064,6.40000000000001,20.0000000000005));
#2960=CARTESIAN_POINT('',(7.99999999999999,6.40000000000001,-220.));
#2961=CARTESIAN_POINT('',(-0.969669914110063,6.40000000000003,-220.));
#2962=CARTESIAN_POINT('',(7.99999999999999,6.40000000000001,-200.));
#2963=CARTESIAN_POINT('Origin',(7.99999999999999,6.40000000000001,-200.));
#2964=CARTESIAN_POINT('',(8.,3.39999999999999,20.0000000000005));
#2965=CARTESIAN_POINT('',(8.00000000000001,-1.09999999999999,20.0000000000005));
#2966=CARTESIAN_POINT('',(8.,3.40000000000001,-220.));
#2967=CARTESIAN_POINT('',(8.00000000000001,-1.09999999999997,-220.));
#2968=CARTESIAN_POINT('',(8.,3.40000000000001,-200.));
#2969=CARTESIAN_POINT('Origin',(8.,3.40000000000001,-200.));
#2970=CARTESIAN_POINT('',(10.,3.39999999999999,20.0000000000005));
#2971=CARTESIAN_POINT('',(-0.499999999999999,3.39999999999999,20.0000000000005));
#2972=CARTESIAN_POINT('',(10.,3.40000000000001,-220.));
#2973=CARTESIAN_POINT('',(-0.499999999999999,3.40000000000001,-220.));
#2974=CARTESIAN_POINT('',(10.,3.40000000000001,-200.));
#2975=CARTESIAN_POINT('Origin',(10.,3.40000000000001,-200.));
#2976=CARTESIAN_POINT('',(10.,9.39999999999999,20.0000000000005));
#2977=CARTESIAN_POINT('',(10.,-2.60000000000001,20.0000000000005));
#2978=CARTESIAN_POINT('',(10.,9.40000000000001,-220.));
#2979=CARTESIAN_POINT('',(10.,-2.59999999999999,-220.));
#2980=CARTESIAN_POINT('',(10.,9.40000000000001,-200.));
#2981=CARTESIAN_POINT('Origin',(9.,9.40000000000001,-200.));
#2982=CARTESIAN_POINT('',(9.,10.4,20.0000000000005));
#2983=CARTESIAN_POINT('Origin',(9.,9.39999999999999,20.0000000000005));
#2984=CARTESIAN_POINT('',(9.,10.4,-220.));
#2985=CARTESIAN_POINT('Origin',(9.,9.40000000000001,-220.));
#2986=CARTESIAN_POINT('',(9.,10.4,-200.));
#2987=CARTESIAN_POINT('Origin',(9.,10.4,-200.));
#2988=CARTESIAN_POINT('',(3.,10.4,20.0000000000005));
#2989=CARTESIAN_POINT('',(4.21884749356788E-16,10.4,20.0000000000005));
#2990=CARTESIAN_POINT('',(3.,10.4,-220.));
#2991=CARTESIAN_POINT('',(9.76996261669638E-16,10.4,-220.));
#2992=CARTESIAN_POINT('',(3.,10.4,-200.));
#2993=CARTESIAN_POINT('Origin',(3.,10.4,-200.));
#2994=CARTESIAN_POINT('',(3.,8.39999999999999,20.0000000000005));
#2995=CARTESIAN_POINT('',(3.,0.89999999999999,20.0000000000005));
#2996=CARTESIAN_POINT('',(3.,8.40000000000001,-220.));
#2997=CARTESIAN_POINT('',(3.,0.900000000000008,-220.));
#2998=CARTESIAN_POINT('',(3.,8.40000000000001,-200.));
#2999=CARTESIAN_POINT('Origin',(3.,8.40000000000001,-200.));
#3000=CARTESIAN_POINT('',(6.,8.39999999999999,20.0000000000005));
#3001=CARTESIAN_POINT('',(-3.,8.39999999999999,20.0000000000005));
#3002=CARTESIAN_POINT('',(6.,8.40000000000001,-220.));
#3003=CARTESIAN_POINT('',(-3.,8.40000000000001,-220.));
#3004=CARTESIAN_POINT('',(6.,8.40000000000001,-200.));
#3005=CARTESIAN_POINT('Origin',(6.,8.40000000000001,-200.));
#3006=CARTESIAN_POINT('',(6.,7.46066017177981,20.0000000000005));
#3007=CARTESIAN_POINT('',(5.99999999999998,-0.100000000000029,20.0000000000005));
#3008=CARTESIAN_POINT('',(6.,7.46066017177983,-220.));
#3009=CARTESIAN_POINT('',(5.99999999999998,-0.100000000000011,-220.));
#3010=CARTESIAN_POINT('',(6.,7.46066017177983,-200.));
#3011=CARTESIAN_POINT('Origin',(6.,7.46066017177983,-200.));
#3012=CARTESIAN_POINT('',(2.93933982822018,4.39999999999999,20.0000000000005));
#3013=CARTESIAN_POINT('',(-1.76516504294495,-0.30450487116515,20.0000000000005));
#3014=CARTESIAN_POINT('',(2.93933982822018,4.40000000000001,-220.));
#3015=CARTESIAN_POINT('',(-1.76516504294495,-0.304504871165132,-220.));
#3016=CARTESIAN_POINT('',(2.93933982822018,4.40000000000001,-200.));
#3017=CARTESIAN_POINT('Origin',(2.93933982822018,4.40000000000001,-200.));
#3018=CARTESIAN_POINT('',(0.519615242270665,4.39999999999999,20.0000000000005));
#3019=CARTESIAN_POINT('',(-3.03033008588991,4.39999999999999,20.0000000000005));
#3020=CARTESIAN_POINT('',(0.519615242270666,4.40000000000001,-220.));
#3021=CARTESIAN_POINT('',(-3.03033008588991,4.40000000000001,-220.));
#3022=CARTESIAN_POINT('',(0.519615242270666,4.40000000000001,-200.));
#3023=CARTESIAN_POINT('Origin',(0.519615242270667,4.40000000000001,-200.));
#3024=CARTESIAN_POINT('',(3.6593124363985E-15,4.09999999999999,20.0000000000005));
#3025=CARTESIAN_POINT('',(-5.86482303588026,0.713942841485012,20.0000000000005));
#3026=CARTESIAN_POINT('',(4.21442394871135E-15,4.10000000000001,-220.));
#3027=CARTESIAN_POINT('',(-5.86482303588026,0.71394284148503,-220.));
#3028=CARTESIAN_POINT('',(4.1211825618776E-15,4.10000000000001,-200.));
#3029=CARTESIAN_POINT('Origin',(4.08562073062008E-15,4.10000000000001,-200.));
#3030=CARTESIAN_POINT('',(-0.51961524227066,4.39999999999999,20.0000000000005));
#3031=CARTESIAN_POINT('',(-0.625369342984407,4.46105715851498,20.0000000000005));
#3032=CARTESIAN_POINT('',(-0.519615242270659,4.40000000000001,-220.));
#3033=CARTESIAN_POINT('',(-0.625369342984407,4.461057158515,-220.));
#3034=CARTESIAN_POINT('',(-0.519615242270659,4.40000000000001,-200.));
#3035=CARTESIAN_POINT('Origin',(-0.519615242270659,4.40000000000001,-200.));
#3036=CARTESIAN_POINT('',(-2.93933982822017,4.39999999999999,20.0000000000005));
#3037=CARTESIAN_POINT('',(-4.75980762113533,4.39999999999999,20.0000000000005));
#3038=CARTESIAN_POINT('',(-2.93933982822017,4.40000000000001,-220.));
#3039=CARTESIAN_POINT('',(-4.75980762113533,4.40000000000001,-220.));
#3040=CARTESIAN_POINT('',(-2.93933982822017,4.40000000000001,-200.));
#3041=CARTESIAN_POINT('Origin',(-2.93933982822017,4.40000000000001,-200.));
#3042=CARTESIAN_POINT('',(-6.,7.46066017177982,20.0000000000005));
#3043=CARTESIAN_POINT('',(-1.20450487116512,2.66516504294494,20.0000000000005));
#3044=CARTESIAN_POINT('',(-6.,7.46066017177984,-220.));
#3045=CARTESIAN_POINT('',(-1.20450487116512,2.66516504294496,-220.));
#3046=CARTESIAN_POINT('',(-6.,7.46066017177984,-200.));
#3047=CARTESIAN_POINT('Origin',(-6.,7.46066017177984,-200.));
#3048=CARTESIAN_POINT('',(-6.,8.39999999999998,20.0000000000005));
#3049=CARTESIAN_POINT('',(-6.,-0.569669914110094,20.0000000000005));
#3050=CARTESIAN_POINT('',(-6.,8.4,-220.));
#3051=CARTESIAN_POINT('',(-6.,-0.569669914110076,-220.));
#3052=CARTESIAN_POINT('',(-6.,8.4,-200.));
#3053=CARTESIAN_POINT('Origin',(-6.,8.4,-200.));
#3054=CARTESIAN_POINT('',(-3.,8.39999999999999,20.0000000000005));
#3055=CARTESIAN_POINT('',(-7.50000000000002,8.39999999999998,20.0000000000005));
#3056=CARTESIAN_POINT('',(-3.,8.40000000000001,-220.));
#3057=CARTESIAN_POINT('',(-7.50000000000002,8.4,-220.));
#3058=CARTESIAN_POINT('',(-3.,8.40000000000001,-200.));
#3059=CARTESIAN_POINT('Origin',(-3.,8.40000000000001,-200.));
#3060=CARTESIAN_POINT('',(-3.,10.4,20.0000000000005));
#3061=CARTESIAN_POINT('',(-3.,-0.100000000000008,20.0000000000005));
#3062=CARTESIAN_POINT('',(-3.,10.4,-220.));
#3063=CARTESIAN_POINT('',(-3.,-0.0999999999999907,-220.));
#3064=CARTESIAN_POINT('',(-3.,10.4,-200.));
#3065=CARTESIAN_POINT('Origin',(-3.,10.4,-200.));
#3066=CARTESIAN_POINT('',(-9.,10.4,20.0000000000005));
#3067=CARTESIAN_POINT('',(-6.,10.4,20.0000000000005));
#3068=CARTESIAN_POINT('',(-9.,10.4,-220.));
#3069=CARTESIAN_POINT('',(-6.,10.4,-220.));
#3070=CARTESIAN_POINT('',(-9.,10.4,-200.));
#3071=CARTESIAN_POINT('Origin',(-9.,9.40000000000001,-200.));
#3072=CARTESIAN_POINT('',(-10.,9.39999999999999,20.0000000000005));
#3073=CARTESIAN_POINT('Origin',(-9.,9.39999999999999,20.0000000000005));
#3074=CARTESIAN_POINT('',(-10.,9.40000000000001,-220.));
#3075=CARTESIAN_POINT('Origin',(-9.,9.40000000000001,-220.));
#3076=CARTESIAN_POINT('',(-10.,9.40000000000001,-200.));
#3077=CARTESIAN_POINT('Origin',(-10.,9.40000000000001,-200.));
#3078=CARTESIAN_POINT('',(-10.,3.39999999999999,20.0000000000005));
#3079=CARTESIAN_POINT('',(-10.,0.399999999999991,20.0000000000005));
#3080=CARTESIAN_POINT('',(-10.,3.40000000000001,-220.));
#3081=CARTESIAN_POINT('',(-10.,0.400000000000009,-220.));
#3082=CARTESIAN_POINT('',(-10.,3.40000000000001,-200.));
#3083=CARTESIAN_POINT('Origin',(-10.,3.40000000000001,-200.));
#3084=CARTESIAN_POINT('',(-8.,3.39999999999999,20.0000000000005));
#3085=CARTESIAN_POINT('',(-9.5,3.39999999999999,20.0000000000005));
#3086=CARTESIAN_POINT('',(-8.,3.40000000000001,-220.));
#3087=CARTESIAN_POINT('',(-9.5,3.40000000000001,-220.));
#3088=CARTESIAN_POINT('',(-8.,3.40000000000001,-200.));
#3089=CARTESIAN_POINT('Origin',(-8.,3.40000000000001,-200.));
#3090=CARTESIAN_POINT('',(-8.,6.39999999999999,20.0000000000005));
#3091=CARTESIAN_POINT('',(-8.,-2.60000000000001,20.0000000000005));
#3092=CARTESIAN_POINT('',(-8.,6.40000000000001,-220.));
#3093=CARTESIAN_POINT('',(-8.,-2.59999999999999,-220.));
#3094=CARTESIAN_POINT('',(-8.,6.40000000000001,-200.));
#3095=CARTESIAN_POINT('Origin',(-8.,6.40000000000001,-200.));
#3096=CARTESIAN_POINT('',(-7.06066017177982,6.39999999999999,20.0000000000005));
#3097=CARTESIAN_POINT('',(-8.5,6.39999999999999,20.0000000000005));
#3098=CARTESIAN_POINT('',(-7.06066017177982,6.40000000000001,-220.));
#3099=CARTESIAN_POINT('',(-8.5,6.40000000000001,-220.));
#3100=CARTESIAN_POINT('',(-7.06066017177982,6.40000000000001,-200.));
#3101=CARTESIAN_POINT('Origin',(-7.06066017177982,6.40000000000001,-200.));
#3102=CARTESIAN_POINT('',(-4.,3.33933982822017,20.0000000000005));
#3103=CARTESIAN_POINT('',(-3.79549512883486,3.13483495705503,20.0000000000005));
#3104=CARTESIAN_POINT('',(-4.,3.33933982822019,-220.));
#3105=CARTESIAN_POINT('',(-3.79549512883486,3.13483495705505,-220.));
#3106=CARTESIAN_POINT('',(-4.,3.33933982822019,-200.));
#3107=CARTESIAN_POINT('Origin',(-4.,3.33933982822019,-200.));
#3108=CARTESIAN_POINT('',(-4.,0.919615242270656,20.0000000000005));
#3109=CARTESIAN_POINT('',(-4.,-2.63033008588992,20.0000000000005));
#3110=CARTESIAN_POINT('',(-4.,0.919615242270674,-220.));
#3111=CARTESIAN_POINT('',(-4.,-2.6303300858899,-220.));
#3112=CARTESIAN_POINT('',(-4.,0.919615242270674,-200.));
#3113=CARTESIAN_POINT('Origin',(-4.,0.919615242270674,-200.));
#3114=CARTESIAN_POINT('',(-3.7,0.399999999999994,20.0000000000005));
#3115=CARTESIAN_POINT('',(-2.56394284148501,-1.5677087188503,20.0000000000005));
#3116=CARTESIAN_POINT('',(-3.7,0.400000000000012,-220.));
#3117=CARTESIAN_POINT('',(-2.56394284148501,-1.56770871885028,-220.));
#3118=CARTESIAN_POINT('',(-3.7,0.400000000000012,-200.));
#3119=CARTESIAN_POINT('Origin',(-3.7,0.400000000000012,-200.));
#3120=CARTESIAN_POINT('',(-4.,-0.119615242270669,20.0000000000005));
#3121=CARTESIAN_POINT('',(-6.31105715851499,-4.12248366001439,20.0000000000005));
#3122=CARTESIAN_POINT('',(-4.,-0.119615242270651,-220.));
#3123=CARTESIAN_POINT('',(-6.31105715851499,-4.12248366001437,-220.));
#3124=CARTESIAN_POINT('',(-4.,-0.119615242270651,-200.));
#3125=CARTESIAN_POINT('Origin',(-4.,-0.119615242270651,-200.));
#3126=CARTESIAN_POINT('',(-4.,-2.53933982822018,20.0000000000005));
#3127=CARTESIAN_POINT('',(-4.,-4.35980762113534,20.0000000000005));
#3128=CARTESIAN_POINT('',(-4.,-2.53933982822016,-220.));
#3129=CARTESIAN_POINT('',(-4.,-4.35980762113532,-220.));
#3130=CARTESIAN_POINT('',(-4.,-2.53933982822016,-200.));
#3131=CARTESIAN_POINT('Origin',(-4.,-2.53933982822016,-200.));
#3132=CARTESIAN_POINT('',(-7.06066017177983,-5.60000000000001,20.0000000000005));
#3133=CARTESIAN_POINT('',(-6.76516504294496,-5.30450487116513,20.0000000000005));
#3134=CARTESIAN_POINT('',(-7.06066017177983,-5.59999999999999,-220.));
#3135=CARTESIAN_POINT('',(-6.76516504294496,-5.30450487116512,-220.));
#3136=CARTESIAN_POINT('',(-7.06066017177983,-5.59999999999999,-200.));
#3137=CARTESIAN_POINT('Origin',(-7.06066017177983,-5.59999999999999,-200.));
#3138=CARTESIAN_POINT('',(-7.99999999999999,-5.60000000000001,20.0000000000005));
#3139=CARTESIAN_POINT('',(-8.03033008588991,-5.60000000000001,20.0000000000005));
#3140=CARTESIAN_POINT('',(-7.99999999999999,-5.59999999999999,-220.));
#3141=CARTESIAN_POINT('',(-8.03033008588991,-5.59999999999999,-220.));
#3142=CARTESIAN_POINT('',(-7.99999999999999,-5.59999999999999,-200.));
#3143=CARTESIAN_POINT('Origin',(-7.99999999999999,-5.59999999999999,-200.));
#3144=CARTESIAN_POINT('',(-7.99999999999999,-7.10000000000001,20.0000000000005));
#3145=CARTESIAN_POINT('',(-7.99999999999999,-7.09999999999999,-220.));
#3146=CARTESIAN_POINT('Origin',(-9.,-8.60000000000001,20.0000000000005));
#3147=CARTESIAN_POINT('',(2.1,0.399999999999992,20.0000000000005));
#3148=CARTESIAN_POINT('Origin',(4.21884749356787E-16,0.399999999999991,
20.0000000000005));
#3149=CARTESIAN_POINT('Origin',(-9.,-8.59999999999999,-220.));
#3150=CARTESIAN_POINT('',(2.1,0.40000000000001,-220.));
#3151=CARTESIAN_POINT('Origin',(9.76996261669639E-16,0.400000000000009,
-220.));
#3152=CARTESIAN_POINT('Origin',(9.76996261669638E-16,0.400000000000009,
-200.));
#3153=CARTESIAN_POINT('',(2.1,0.40000000000001,-200.));
#3154=CARTESIAN_POINT('',(-8.6016773545669,0.397531149896331,-465.749999982802));
#3155=CARTESIAN_POINT('',(-8.601677354528,0.397531149895052,-450.249999982802));
#3156=CARTESIAN_POINT('',(8.60167735331163,0.402468850198403,-465.749999982795));
#3157=CARTESIAN_POINT('',(8.60167735335054,0.40246885019716,-450.249999982795));
#3158=CARTESIAN_POINT('',(-8.60167735331276,0.402468850198616,265.749999982796));
#3159=CARTESIAN_POINT('',(8.60167735456578,0.397531149896544,265.749999982803));
#3160=CARTESIAN_POINT('',(8.60167735452688,0.397531149895265,250.249999982803));
#3161=CARTESIAN_POINT('',(-8.60167735335166,0.402468850197373,250.249999982796));
#3162=CARTESIAN_POINT('',(0.,0.,0.));
#3163=CARTESIAN_POINT('Origin',(0.,0.,0.));
#3164=UNCERTAINTY_MEASURE_WITH_UNIT(LENGTH_MEASURE(0.01),#3172,
'DISTANCE_ACCURACY_VALUE',
'Maximum model space distance between geometric entities at asserted c
onnectivities');
#3165=UNCERTAINTY_MEASURE_WITH_UNIT(LENGTH_MEASURE(0.01),#3172,
'DISTANCE_ACCURACY_VALUE',
'Maximum model space distance between geometric entities at asserted c
onnectivities');
#3166=UNCERTAINTY_MEASURE_WITH_UNIT(LENGTH_MEASURE(0.01),#3172,
'DISTANCE_ACCURACY_VALUE',
'Maximum model space distance between geometric entities at asserted c
onnectivities');
#3167=UNCERTAINTY_MEASURE_WITH_UNIT(LENGTH_MEASURE(0.01),#3172,
'DISTANCE_ACCURACY_VALUE',
'Maximum model space distance between geometric entities at asserted c
onnectivities');
#3168=(
GEOMETRIC_REPRESENTATION_CONTEXT(3)
GLOBAL_UNCERTAINTY_ASSIGNED_CONTEXT((#3164))
GLOBAL_UNIT_ASSIGNED_CONTEXT((#3172,#3174,#3175))
REPRESENTATION_CONTEXT('','3D')
);
#3169=(
GEOMETRIC_REPRESENTATION_CONTEXT(3)
GLOBAL_UNCERTAINTY_ASSIGNED_CONTEXT((#3165))
GLOBAL_UNIT_ASSIGNED_CONTEXT((#3172,#3174,#3175))
REPRESENTATION_CONTEXT('','3D')
);
#3170=(
GEOMETRIC_REPRESENTATION_CONTEXT(3)
GLOBAL_UNCERTAINTY_ASSIGNED_CONTEXT((#3166))
GLOBAL_UNIT_ASSIGNED_CONTEXT((#3172,#3174,#3175))
REPRESENTATION_CONTEXT('','3D')
);
#3171=(
GEOMETRIC_REPRESENTATION_CONTEXT(3)
GLOBAL_UNCERTAINTY_ASSIGNED_CONTEXT((#3167))
GLOBAL_UNIT_ASSIGNED_CONTEXT((#3172,#3174,#3175))
REPRESENTATION_CONTEXT('','3D')
);
#3172=(
LENGTH_UNIT()
NAMED_UNIT(*)
SI_UNIT(.MILLI.,.METRE.)
);
#3173=(
LENGTH_UNIT()
NAMED_UNIT(*)
SI_UNIT($,.METRE.)
);
#3174=(
NAMED_UNIT(*)
PLANE_ANGLE_UNIT()
SI_UNIT($,.RADIAN.)
);
#3175=(
NAMED_UNIT(*)
SI_UNIT($,.STERADIAN.)
SOLID_ANGLE_UNIT()
);
#3176=SHAPE_DEFINITION_REPRESENTATION(#3179,#3191);
#3177=SHAPE_DEFINITION_REPRESENTATION(#3180,#3192);
#3178=SHAPE_DEFINITION_REPRESENTATION(#3181,#3193);
#3179=PRODUCT_DEFINITION_SHAPE('',$,#3195);
#3180=PRODUCT_DEFINITION_SHAPE('',$,#3196);
#3181=PRODUCT_DEFINITION_SHAPE('',$,#3197);
#3182=PRODUCT_DEFINITION_SHAPE($,$,#50);
#3183=PRODUCT_DEFINITION_SHAPE($,$,#51);
#3184=PRODUCT_DEFINITION_SHAPE($,$,#52);
#3185=PRODUCT_DEFINITION_SHAPE($,$,#53);
#3186=PRODUCT_DEFINITION_SHAPE($,$,#54);
#3187=PRODUCT_DEFINITION_SHAPE($,$,#55);
#3188=PRODUCT_DEFINITION_SHAPE($,$,#56);
#3189=PRODUCT_DEFINITION_SHAPE($,$,#57);
#3190=PRODUCT_DEFINITION_SHAPE($,$,#58);
#3191=SHAPE_REPRESENTATION('',(#1837,#1960,#1961,#1962,#1963,#1964,#1965,
#1966,#1967,#1968),#3168);
#3192=SHAPE_REPRESENTATION('',(#1838),#3169);
#3193=SHAPE_REPRESENTATION('',(#1886),#3170);
#3194=PRODUCT_DEFINITION_CONTEXT('part definition',#3205,'design');
#3195=PRODUCT_DEFINITION('2026-09-02-18-17-08-298',
'_Rear_extrusion_assembly_FT',#3198,#3194);
#3196=PRODUCT_DEFINITION('2026-09-02-18-17-08-298_1',
'M5 2020 drop-in T-nut',#3199,#3194);
#3197=PRODUCT_DEFINITION('2026-09-02-18-17-08-299','_HFSB5-2020-240',#3200,
#3194);
#3198=PRODUCT_DEFINITION_FORMATION('',$,#3207);
#3199=PRODUCT_DEFINITION_FORMATION('',$,#3208);
#3200=PRODUCT_DEFINITION_FORMATION('',$,#3209);
#3201=PRODUCT_RELATED_PRODUCT_CATEGORY('_Rear_extrusion_assembly_FT',
'_Rear_extrusion_assembly_FT',(#3207));
#3202=PRODUCT_RELATED_PRODUCT_CATEGORY('M5 2020 drop-in T-nut',
'M5 2020 drop-in T-nut',(#3208));
#3203=PRODUCT_RELATED_PRODUCT_CATEGORY('_HFSB5-2020-240',
'_HFSB5-2020-240',(#3209));
#3204=APPLICATION_PROTOCOL_DEFINITION('international standard',
'automotive_design',2009,#3205);
#3205=APPLICATION_CONTEXT(
'Core Data for Automotive Mechanical Design Process');
#3206=PRODUCT_CONTEXT('part definition',#3205,'mechanical');
#3207=PRODUCT('2026-09-02-18-17-08-298','_Rear_extrusion_assembly_FT',$,
(#3206));
#3208=PRODUCT('2026-09-02-18-17-08-298_1','M5 2020 drop-in T-nut',$,(#3206));
#3209=PRODUCT('2026-09-02-18-17-08-299','_HFSB5-2020-240',$,(#3206));
#3210=PRESENTATION_STYLE_ASSIGNMENT((#3223));
#3211=PRESENTATION_STYLE_ASSIGNMENT((#3224));
#3212=PRESENTATION_STYLE_ASSIGNMENT((#3225));
#3213=PRESENTATION_STYLE_ASSIGNMENT((NULL_STYLE(.NULL.)));
#3214=PRESENTATION_STYLE_ASSIGNMENT((NULL_STYLE(.NULL.)));
#3215=PRESENTATION_STYLE_ASSIGNMENT((NULL_STYLE(.NULL.)));
#3216=PRESENTATION_STYLE_ASSIGNMENT((NULL_STYLE(.NULL.)));
#3217=PRESENTATION_STYLE_ASSIGNMENT((NULL_STYLE(.NULL.)));
#3218=PRESENTATION_STYLE_ASSIGNMENT((NULL_STYLE(.NULL.)));
#3219=PRESENTATION_STYLE_ASSIGNMENT((NULL_STYLE(.NULL.)));
#3220=PRESENTATION_STYLE_ASSIGNMENT((NULL_STYLE(.NULL.)));
#3221=PRESENTATION_STYLE_ASSIGNMENT((NULL_STYLE(.NULL.)));
#3222=PRESENTATION_STYLE_ASSIGNMENT((NULL_STYLE(.NULL.)));
#3223=SURFACE_STYLE_USAGE(.BOTH.,#3226);
#3224=SURFACE_STYLE_USAGE(.BOTH.,#3227);
#3225=SURFACE_STYLE_USAGE(.BOTH.,#3228);
#3226=SURFACE_SIDE_STYLE('',(#3229));
#3227=SURFACE_SIDE_STYLE('',(#3230));
#3228=SURFACE_SIDE_STYLE('',(#3231));
#3229=SURFACE_STYLE_FILL_AREA(#3232);
#3230=SURFACE_STYLE_FILL_AREA(#3233);
#3231=SURFACE_STYLE_FILL_AREA(#3234);
#3232=FILL_AREA_STYLE('Steel - Satin',(#3235));
#3233=FILL_AREA_STYLE('Aluminum - Bead Blasted',(#3236));
#3234=FILL_AREA_STYLE('Aluminum - Satin',(#3237));
#3235=FILL_AREA_STYLE_COLOUR('Steel - Satin',#3238);
#3236=FILL_AREA_STYLE_COLOUR('Aluminum - Bead Blasted',#3239);
#3237=FILL_AREA_STYLE_COLOUR('Aluminum - Satin',#3240);
#3238=COLOUR_RGB('Steel - Satin',0.627450980392157,0.627450980392157,0.627450980392157);
#3239=COLOUR_RGB('Aluminum - Bead Blasted',0.376470588235294,0.376470588235294,
0.376470588235294);
#3240=COLOUR_RGB('Aluminum - Satin',0.96078431372549,0.96078431372549,0.964705882352941);
ENDSEC;
END-ISO-10303-21;
