ISO-10303-21;
HEADER;
/* Generated by software containing ST-Developer
 * from STEP Tools, Inc. (www.steptools.com) 
 */

FILE_DESCRIPTION(
/* description */ (''),
/* implementation_level */ '2;1');

FILE_NAME(
/* name */ '__tmp_export.step',
/* time_stamp */ '2026-09-02T18:19:40+02:00',
/* author */ (''),
/* organization */ (''),
/* preprocessor_version */ 'ST-DEVELOPER v20.1',
/* originating_system */ 'Autodesk Translation Framework v15.8.0.0',
/* authorisation */ '');

FILE_SCHEMA (('AUTOMOTIVE_DESIGN { 1 0 10303 214 3 1 1 }'));
ENDSEC;

DATA;
#10=MECHANICAL_DESIGN_GEOMETRIC_PRESENTATION_REPRESENTATION('',(#95,#96,
#97,#98,#99,#100,#101,#102,#103,#104,#105,#106,#107,#108),#13389);
#11=SPHERICAL_SURFACE('',#8466,1.30154507029067);
#12=SPHERICAL_SURFACE('',#8496,1.30154507029067);
#13=SPHERICAL_SURFACE('',#8711,1.30154507029067);
#14=SPHERICAL_SURFACE('',#8741,1.30154507029067);
#15=ITEM_DEFINED_TRANSFORMATION($,$,#8054,#8294);
#16=ITEM_DEFINED_TRANSFORMATION($,$,#8054,#8295);
#17=ITEM_DEFINED_TRANSFORMATION($,$,#8054,#8296);
#18=ITEM_DEFINED_TRANSFORMATION($,$,#8054,#8297);
#19=ITEM_DEFINED_TRANSFORMATION($,$,#8054,#8298);
#20=ITEM_DEFINED_TRANSFORMATION($,$,#8054,#8299);
#21=ITEM_DEFINED_TRANSFORMATION($,$,#8054,#8300);
#22=ITEM_DEFINED_TRANSFORMATION($,$,#8054,#8301);
#23=ITEM_DEFINED_TRANSFORMATION($,$,#8054,#8302);
#24=ITEM_DEFINED_TRANSFORMATION($,$,#8054,#8303);
#25=ITEM_DEFINED_TRANSFORMATION($,$,#8054,#8304);
#26=ITEM_DEFINED_TRANSFORMATION($,$,#8054,#8305);
#27=ITEM_DEFINED_TRANSFORMATION($,$,#8054,#8306);
#28=ITEM_DEFINED_TRANSFORMATION($,$,#8054,#8307);
#29=ITEM_DEFINED_TRANSFORMATION($,$,#8054,#8308);
#30=ITEM_DEFINED_TRANSFORMATION($,$,#8053,#8771);
#31=ITEM_DEFINED_TRANSFORMATION($,$,#8309,#8772);
#32=ITEM_DEFINED_TRANSFORMATION($,$,#8383,#8773);
#33=(
REPRESENTATION_RELATIONSHIP($,$,#13424,#13423)
REPRESENTATION_RELATIONSHIP_WITH_TRANSFORMATION(#15)
SHAPE_REPRESENTATION_RELATIONSHIP()
);
#34=(
REPRESENTATION_RELATIONSHIP($,$,#13424,#13423)
REPRESENTATION_RELATIONSHIP_WITH_TRANSFORMATION(#16)
SHAPE_REPRESENTATION_RELATIONSHIP()
);
#35=(
REPRESENTATION_RELATIONSHIP($,$,#13424,#13423)
REPRESENTATION_RELATIONSHIP_WITH_TRANSFORMATION(#17)
SHAPE_REPRESENTATION_RELATIONSHIP()
);
#36=(
REPRESENTATION_RELATIONSHIP($,$,#13424,#13423)
REPRESENTATION_RELATIONSHIP_WITH_TRANSFORMATION(#18)
SHAPE_REPRESENTATION_RELATIONSHIP()
);
#37=(
REPRESENTATION_RELATIONSHIP($,$,#13424,#13423)
REPRESENTATION_RELATIONSHIP_WITH_TRANSFORMATION(#19)
SHAPE_REPRESENTATION_RELATIONSHIP()
);
#38=(
REPRESENTATION_RELATIONSHIP($,$,#13424,#13423)
REPRESENTATION_RELATIONSHIP_WITH_TRANSFORMATION(#20)
SHAPE_REPRESENTATION_RELATIONSHIP()
);
#39=(
REPRESENTATION_RELATIONSHIP($,$,#13424,#13423)
REPRESENTATION_RELATIONSHIP_WITH_TRANSFORMATION(#21)
SHAPE_REPRESENTATION_RELATIONSHIP()
);
#40=(
REPRESENTATION_RELATIONSHIP($,$,#13424,#13423)
REPRESENTATION_RELATIONSHIP_WITH_TRANSFORMATION(#22)
SHAPE_REPRESENTATION_RELATIONSHIP()
);
#41=(
REPRESENTATION_RELATIONSHIP($,$,#13424,#13423)
REPRESENTATION_RELATIONSHIP_WITH_TRANSFORMATION(#23)
SHAPE_REPRESENTATION_RELATIONSHIP()
);
#42=(
REPRESENTATION_RELATIONSHIP($,$,#13424,#13423)
REPRESENTATION_RELATIONSHIP_WITH_TRANSFORMATION(#24)
SHAPE_REPRESENTATION_RELATIONSHIP()
);
#43=(
REPRESENTATION_RELATIONSHIP($,$,#13424,#13423)
REPRESENTATION_RELATIONSHIP_WITH_TRANSFORMATION(#25)
SHAPE_REPRESENTATION_RELATIONSHIP()
);
#44=(
REPRESENTATION_RELATIONSHIP($,$,#13424,#13423)
REPRESENTATION_RELATIONSHIP_WITH_TRANSFORMATION(#26)
SHAPE_REPRESENTATION_RELATIONSHIP()
);
#45=(
REPRESENTATION_RELATIONSHIP($,$,#13424,#13423)
REPRESENTATION_RELATIONSHIP_WITH_TRANSFORMATION(#27)
SHAPE_REPRESENTATION_RELATIONSHIP()
);
#46=(
REPRESENTATION_RELATIONSHIP($,$,#13424,#13423)
REPRESENTATION_RELATIONSHIP_WITH_TRANSFORMATION(#28)
SHAPE_REPRESENTATION_RELATIONSHIP()
);
#47=(
REPRESENTATION_RELATIONSHIP($,$,#13424,#13423)
REPRESENTATION_RELATIONSHIP_WITH_TRANSFORMATION(#29)
SHAPE_REPRESENTATION_RELATIONSHIP()
);
#48=(
REPRESENTATION_RELATIONSHIP($,$,#13423,#13422)
REPRESENTATION_RELATIONSHIP_WITH_TRANSFORMATION(#30)
SHAPE_REPRESENTATION_RELATIONSHIP()
);
#49=(
REPRESENTATION_RELATIONSHIP($,$,#13425,#13422)
REPRESENTATION_RELATIONSHIP_WITH_TRANSFORMATION(#31)
SHAPE_REPRESENTATION_RELATIONSHIP()
);
#50=(
REPRESENTATION_RELATIONSHIP($,$,#13426,#13422)
REPRESENTATION_RELATIONSHIP_WITH_TRANSFORMATION(#32)
SHAPE_REPRESENTATION_RELATIONSHIP()
);
#51=CONTEXT_DEPENDENT_SHAPE_REPRESENTATION(#33,#13402);
#52=CONTEXT_DEPENDENT_SHAPE_REPRESENTATION(#34,#13403);
#53=CONTEXT_DEPENDENT_SHAPE_REPRESENTATION(#35,#13404);
#54=CONTEXT_DEPENDENT_SHAPE_REPRESENTATION(#36,#13405);
#55=CONTEXT_DEPENDENT_SHAPE_REPRESENTATION(#37,#13406);
#56=CONTEXT_DEPENDENT_SHAPE_REPRESENTATION(#38,#13407);
#57=CONTEXT_DEPENDENT_SHAPE_REPRESENTATION(#39,#13408);
#58=CONTEXT_DEPENDENT_SHAPE_REPRESENTATION(#40,#13409);
#59=CONTEXT_DEPENDENT_SHAPE_REPRESENTATION(#41,#13410);
#60=CONTEXT_DEPENDENT_SHAPE_REPRESENTATION(#42,#13411);
#61=CONTEXT_DEPENDENT_SHAPE_REPRESENTATION(#43,#13412);
#62=CONTEXT_DEPENDENT_SHAPE_REPRESENTATION(#44,#13413);
#63=CONTEXT_DEPENDENT_SHAPE_REPRESENTATION(#45,#13414);
#64=CONTEXT_DEPENDENT_SHAPE_REPRESENTATION(#46,#13415);
#65=CONTEXT_DEPENDENT_SHAPE_REPRESENTATION(#47,#13416);
#66=CONTEXT_DEPENDENT_SHAPE_REPRESENTATION(#48,#13419);
#67=CONTEXT_DEPENDENT_SHAPE_REPRESENTATION(#49,#13420);
#68=CONTEXT_DEPENDENT_SHAPE_REPRESENTATION(#50,#13421);
#69=NEXT_ASSEMBLY_USAGE_OCCURRENCE('_M3x8 SHCS:1','_M3x8 SHCS:1',
'_M3x8 SHCS:1',#13429,#13430,'_M3x8 SHCS:1');
#70=NEXT_ASSEMBLY_USAGE_OCCURRENCE('_M3x8 SHCS:2','_M3x8 SHCS:2',
'_M3x8 SHCS:2',#13429,#13430,'_M3x8 SHCS:2');
#71=NEXT_ASSEMBLY_USAGE_OCCURRENCE('_M3x8 SHCS:3','_M3x8 SHCS:3',
'_M3x8 SHCS:3',#13429,#13430,'_M3x8 SHCS:3');
#72=NEXT_ASSEMBLY_USAGE_OCCURRENCE('_M3x8 SHCS:4','_M3x8 SHCS:4',
'_M3x8 SHCS:4',#13429,#13430,'_M3x8 SHCS:4');
#73=NEXT_ASSEMBLY_USAGE_OCCURRENCE('_M3x8 SHCS:5','_M3x8 SHCS:5',
'_M3x8 SHCS:5',#13429,#13430,'_M3x8 SHCS:5');
#74=NEXT_ASSEMBLY_USAGE_OCCURRENCE('_M3x8 SHCS:6','_M3x8 SHCS:6',
'_M3x8 SHCS:6',#13429,#13430,'_M3x8 SHCS:6');
#75=NEXT_ASSEMBLY_USAGE_OCCURRENCE('_M3x8 SHCS:7','_M3x8 SHCS:7',
'_M3x8 SHCS:7',#13429,#13430,'_M3x8 SHCS:7');
#76=NEXT_ASSEMBLY_USAGE_OCCURRENCE('_M3x8 SHCS:8','_M3x8 SHCS:8',
'_M3x8 SHCS:8',#13429,#13430,'_M3x8 SHCS:8');
#77=NEXT_ASSEMBLY_USAGE_OCCURRENCE('_M3x8 SHCS:9','_M3x8 SHCS:9',
'_M3x8 SHCS:9',#13429,#13430,'_M3x8 SHCS:9');
#78=NEXT_ASSEMBLY_USAGE_OCCURRENCE('_M3x8 SHCS:10','_M3x8 SHCS:10',
'_M3x8 SHCS:10',#13429,#13430,'_M3x8 SHCS:10');
#79=NEXT_ASSEMBLY_USAGE_OCCURRENCE('_M3x8 SHCS:11','_M3x8 SHCS:11',
'_M3x8 SHCS:11',#13429,#13430,'_M3x8 SHCS:11');
#80=NEXT_ASSEMBLY_USAGE_OCCURRENCE('_M3x8 SHCS:12','_M3x8 SHCS:12',
'_M3x8 SHCS:12',#13429,#13430,'_M3x8 SHCS:12');
#81=NEXT_ASSEMBLY_USAGE_OCCURRENCE('_M3x8 SHCS:13','_M3x8 SHCS:13',
'_M3x8 SHCS:13',#13429,#13430,'_M3x8 SHCS:13');
#82=NEXT_ASSEMBLY_USAGE_OCCURRENCE('_M3x8 SHCS:14','_M3x8 SHCS:14',
'_M3x8 SHCS:14',#13429,#13430,'_M3x8 SHCS:14');
#83=NEXT_ASSEMBLY_USAGE_OCCURRENCE('_M3x8 SHCS:15','_M3x8 SHCS:15',
'_M3x8 SHCS:15',#13429,#13430,'_M3x8 SHCS:15');
#84=NEXT_ASSEMBLY_USAGE_OCCURRENCE('_MGN9 rail - 300mm:1',
'_MGN9 rail - 300mm:1','_MGN9 rail - 300mm:1',#13428,#13429,
'_MGN9 rail - 300mm:1');
#85=NEXT_ASSEMBLY_USAGE_OCCURRENCE('_HFSB5-2020-350:1',
'_HFSB5-2020-350:1','_HFSB5-2020-350:1',#13428,#13431,
'_HFSB5-2020-350:1');
#86=NEXT_ASSEMBLY_USAGE_OCCURRENCE('_MGN9H:1','_MGN9H:1','_MGN9H:1',#13428,
#13432,'_MGN9H:1');
#87=SHAPE_REPRESENTATION_RELATIONSHIP('SRR','None',#13424,#91);
#88=SHAPE_REPRESENTATION_RELATIONSHIP('SRR','None',#13423,#92);
#89=SHAPE_REPRESENTATION_RELATIONSHIP('SRR','None',#13425,#93);
#90=SHAPE_REPRESENTATION_RELATIONSHIP('SRR','None',#13426,#94);
#91=ADVANCED_BREP_SHAPE_REPRESENTATION('',(#109),#13386);
#92=ADVANCED_BREP_SHAPE_REPRESENTATION('',(#110),#13385);
#93=ADVANCED_BREP_SHAPE_REPRESENTATION('',(#111),#13387);
#94=ADVANCED_BREP_SHAPE_REPRESENTATION('',(#112,#113,#114,#115,#116,#117,
#118,#119,#120),#13388);
#95=STYLED_ITEM('',(#13451),#109);
#96=STYLED_ITEM('',(#13451),#110);
#97=STYLED_ITEM('',(#13453),#7758);
#98=STYLED_ITEM('',(#13453),#7759);
#99=STYLED_ITEM('',(#13452),#111);
#100=STYLED_ITEM('',(#13451),#112);
#101=STYLED_ITEM('',(#13454),#113);
#102=STYLED_ITEM('',(#13451),#114);
#103=STYLED_ITEM('',(#13451),#115);
#104=STYLED_ITEM('',(#13455),#116);
#105=STYLED_ITEM('',(#13454),#117);
#106=STYLED_ITEM('',(#13455),#118);
#107=STYLED_ITEM('',(#13451),#119);
#108=STYLED_ITEM('',(#13451),#120);
#109=MANIFOLD_SOLID_BREP('Body1',#8006);
#110=MANIFOLD_SOLID_BREP('Body1',#8007);
#111=MANIFOLD_SOLID_BREP('Body1',#8008);
#112=MANIFOLD_SOLID_BREP('Body1',#8009);
#113=MANIFOLD_SOLID_BREP('Body2',#8010);
#114=MANIFOLD_SOLID_BREP('Body3',#8011);
#115=MANIFOLD_SOLID_BREP('Body4',#8012);
#116=MANIFOLD_SOLID_BREP('Body5',#8013);
#117=MANIFOLD_SOLID_BREP('Body6',#8014);
#118=MANIFOLD_SOLID_BREP('Body7',#8015);
#119=MANIFOLD_SOLID_BREP('Body8',#8016);
#120=MANIFOLD_SOLID_BREP('Body9',#8017);
#121=FACE_BOUND('',#999,.T.);
#122=FACE_BOUND('',#1001,.T.);
#123=FACE_BOUND('',#1011,.T.);
#124=FACE_BOUND('',#1012,.T.);
#125=FACE_BOUND('',#1013,.T.);
#126=FACE_BOUND('',#1014,.T.);
#127=FACE_BOUND('',#1015,.T.);
#128=FACE_BOUND('',#1016,.T.);
#129=FACE_BOUND('',#1017,.T.);
#130=FACE_BOUND('',#1018,.T.);
#131=FACE_BOUND('',#1019,.T.);
#132=FACE_BOUND('',#1020,.T.);
#133=FACE_BOUND('',#1021,.T.);
#134=FACE_BOUND('',#1022,.T.);
#135=FACE_BOUND('',#1023,.T.);
#136=FACE_BOUND('',#1024,.T.);
#137=FACE_BOUND('',#1025,.T.);
#138=FACE_BOUND('',#1044,.T.);
#139=FACE_BOUND('',#1045,.T.);
#140=FACE_BOUND('',#1046,.T.);
#141=FACE_BOUND('',#1047,.T.);
#142=FACE_BOUND('',#1048,.T.);
#143=FACE_BOUND('',#1049,.T.);
#144=FACE_BOUND('',#1050,.T.);
#145=FACE_BOUND('',#1051,.T.);
#146=FACE_BOUND('',#1052,.T.);
#147=FACE_BOUND('',#1053,.T.);
#148=FACE_BOUND('',#1054,.T.);
#149=FACE_BOUND('',#1055,.T.);
#150=FACE_BOUND('',#1056,.T.);
#151=FACE_BOUND('',#1057,.T.);
#152=FACE_BOUND('',#1058,.T.);
#153=FACE_BOUND('',#1062,.T.);
#154=FACE_BOUND('',#1068,.T.);
#155=FACE_BOUND('',#1076,.T.);
#156=FACE_BOUND('',#1080,.T.);
#157=FACE_BOUND('',#1088,.T.);
#158=FACE_BOUND('',#1092,.T.);
#159=FACE_BOUND('',#1100,.T.);
#160=FACE_BOUND('',#1104,.T.);
#161=FACE_BOUND('',#1112,.T.);
#162=FACE_BOUND('',#1116,.T.);
#163=FACE_BOUND('',#1123,.T.);
#164=FACE_BOUND('',#1132,.T.);
#165=FACE_BOUND('',#1136,.T.);
#166=FACE_BOUND('',#1144,.T.);
#167=FACE_BOUND('',#1148,.T.);
#168=FACE_BOUND('',#1212,.T.);
#169=FACE_BOUND('',#1214,.T.);
#170=FACE_BOUND('',#1243,.T.);
#171=FACE_BOUND('',#1244,.T.);
#172=FACE_BOUND('',#1247,.T.);
#173=FACE_BOUND('',#1248,.T.);
#174=FACE_BOUND('',#1254,.T.);
#175=FACE_BOUND('',#1258,.T.);
#176=FACE_BOUND('',#1273,.T.);
#177=FACE_BOUND('',#1275,.T.);
#178=FACE_BOUND('',#1340,.T.);
#179=FACE_BOUND('',#1341,.T.);
#180=FACE_BOUND('',#1342,.T.);
#181=FACE_BOUND('',#1355,.T.);
#182=FACE_BOUND('',#1383,.T.);
#183=FACE_BOUND('',#1385,.T.);
#184=FACE_BOUND('',#1420,.T.);
#185=FACE_BOUND('',#1421,.T.);
#186=FACE_BOUND('',#1422,.T.);
#187=FACE_BOUND('',#1435,.T.);
#188=PLANE('',#8074);
#189=PLANE('',#8075);
#190=PLANE('',#8076);
#191=PLANE('',#8077);
#192=PLANE('',#8078);
#193=PLANE('',#8079);
#194=PLANE('',#8080);
#195=PLANE('',#8081);
#196=PLANE('',#8082);
#197=PLANE('',#8083);
#198=PLANE('',#8084);
#199=PLANE('',#8085);
#200=PLANE('',#8101);
#201=PLANE('',#8102);
#202=PLANE('',#8103);
#203=PLANE('',#8110);
#204=PLANE('',#8111);
#205=PLANE('',#8112);
#206=PLANE('',#8113);
#207=PLANE('',#8114);
#208=PLANE('',#8115);
#209=PLANE('',#8122);
#210=PLANE('',#8123);
#211=PLANE('',#8124);
#212=PLANE('',#8125);
#213=PLANE('',#8126);
#214=PLANE('',#8147);
#215=PLANE('',#8157);
#216=PLANE('',#8172);
#217=PLANE('',#8178);
#218=PLANE('',#8192);
#219=PLANE('',#8198);
#220=PLANE('',#8212);
#221=PLANE('',#8218);
#222=PLANE('',#8232);
#223=PLANE('',#8238);
#224=PLANE('',#8240);
#225=PLANE('',#8248);
#226=PLANE('',#8252);
#227=PLANE('',#8264);
#228=PLANE('',#8270);
#229=PLANE('',#8284);
#230=PLANE('',#8290);
#231=PLANE('',#8310);
#232=PLANE('',#8311);
#233=PLANE('',#8315);
#234=PLANE('',#8316);
#235=PLANE('',#8317);
#236=PLANE('',#8318);
#237=PLANE('',#8319);
#238=PLANE('',#8320);
#239=PLANE('',#8321);
#240=PLANE('',#8322);
#241=PLANE('',#8323);
#242=PLANE('',#8324);
#243=PLANE('',#8325);
#244=PLANE('',#8326);
#245=PLANE('',#8327);
#246=PLANE('',#8328);
#247=PLANE('',#8332);
#248=PLANE('',#8333);
#249=PLANE('',#8334);
#250=PLANE('',#8335);
#251=PLANE('',#8336);
#252=PLANE('',#8337);
#253=PLANE('',#8338);
#254=PLANE('',#8339);
#255=PLANE('',#8340);
#256=PLANE('',#8341);
#257=PLANE('',#8342);
#258=PLANE('',#8343);
#259=PLANE('',#8344);
#260=PLANE('',#8345);
#261=PLANE('',#8349);
#262=PLANE('',#8350);
#263=PLANE('',#8351);
#264=PLANE('',#8352);
#265=PLANE('',#8353);
#266=PLANE('',#8354);
#267=PLANE('',#8355);
#268=PLANE('',#8356);
#269=PLANE('',#8357);
#270=PLANE('',#8358);
#271=PLANE('',#8359);
#272=PLANE('',#8360);
#273=PLANE('',#8361);
#274=PLANE('',#8362);
#275=PLANE('',#8366);
#276=PLANE('',#8367);
#277=PLANE('',#8368);
#278=PLANE('',#8369);
#279=PLANE('',#8370);
#280=PLANE('',#8371);
#281=PLANE('',#8372);
#282=PLANE('',#8373);
#283=PLANE('',#8374);
#284=PLANE('',#8375);
#285=PLANE('',#8376);
#286=PLANE('',#8377);
#287=PLANE('',#8378);
#288=PLANE('',#8380);
#289=PLANE('',#8410);
#290=PLANE('',#8411);
#291=PLANE('',#8412);
#292=PLANE('',#8413);
#293=PLANE('',#8414);
#294=PLANE('',#8415);
#295=PLANE('',#8416);
#296=PLANE('',#8417);
#297=PLANE('',#8418);
#298=PLANE('',#8419);
#299=PLANE('',#8423);
#300=PLANE('',#8424);
#301=PLANE('',#8425);
#302=PLANE('',#8426);
#303=PLANE('',#8427);
#304=PLANE('',#8428);
#305=PLANE('',#8429);
#306=PLANE('',#8430);
#307=PLANE('',#8431);
#308=PLANE('',#8432);
#309=PLANE('',#8433);
#310=PLANE('',#8434);
#311=PLANE('',#8435);
#312=PLANE('',#8436);
#313=PLANE('',#8437);
#314=PLANE('',#8438);
#315=PLANE('',#8448);
#316=PLANE('',#8449);
#317=PLANE('',#8450);
#318=PLANE('',#8451);
#319=PLANE('',#8452);
#320=PLANE('',#8453);
#321=PLANE('',#8454);
#322=PLANE('',#8455);
#323=PLANE('',#8456);
#324=PLANE('',#8457);
#325=PLANE('',#8458);
#326=PLANE('',#8459);
#327=PLANE('',#8460);
#328=PLANE('',#8461);
#329=PLANE('',#8462);
#330=PLANE('',#8463);
#331=PLANE('',#8464);
#332=PLANE('',#8465);
#333=PLANE('',#8482);
#334=PLANE('',#8483);
#335=PLANE('',#8484);
#336=PLANE('',#8485);
#337=PLANE('',#8486);
#338=PLANE('',#8487);
#339=PLANE('',#8488);
#340=PLANE('',#8489);
#341=PLANE('',#8490);
#342=PLANE('',#8491);
#343=PLANE('',#8492);
#344=PLANE('',#8493);
#345=PLANE('',#8494);
#346=PLANE('',#8495);
#347=PLANE('',#8512);
#348=PLANE('',#8513);
#349=PLANE('',#8514);
#350=PLANE('',#8515);
#351=PLANE('',#8516);
#352=PLANE('',#8517);
#353=PLANE('',#8518);
#354=PLANE('',#8519);
#355=PLANE('',#8520);
#356=PLANE('',#8521);
#357=PLANE('',#8522);
#358=PLANE('',#8523);
#359=PLANE('',#8524);
#360=PLANE('',#8525);
#361=PLANE('',#8546);
#362=PLANE('',#8547);
#363=PLANE('',#8548);
#364=PLANE('',#8554);
#365=PLANE('',#8555);
#366=PLANE('',#8556);
#367=PLANE('',#8559);
#368=PLANE('',#8560);
#369=PLANE('',#8561);
#370=PLANE('',#8564);
#371=PLANE('',#8565);
#372=PLANE('',#8566);
#373=PLANE('',#8567);
#374=PLANE('',#8568);
#375=PLANE('',#8571);
#376=PLANE('',#8572);
#377=PLANE('',#8573);
#378=PLANE('',#8576);
#379=PLANE('',#8577);
#380=PLANE('',#8578);
#381=PLANE('',#8579);
#382=PLANE('',#8580);
#383=PLANE('',#8581);
#384=PLANE('',#8582);
#385=PLANE('',#8583);
#386=PLANE('',#8584);
#387=PLANE('',#8585);
#388=PLANE('',#8586);
#389=PLANE('',#8587);
#390=PLANE('',#8588);
#391=PLANE('',#8589);
#392=PLANE('',#8590);
#393=PLANE('',#8591);
#394=PLANE('',#8592);
#395=PLANE('',#8593);
#396=PLANE('',#8594);
#397=PLANE('',#8595);
#398=PLANE('',#8596);
#399=PLANE('',#8599);
#400=PLANE('',#8600);
#401=PLANE('',#8601);
#402=PLANE('',#8602);
#403=PLANE('',#8603);
#404=PLANE('',#8604);
#405=PLANE('',#8614);
#406=PLANE('',#8615);
#407=PLANE('',#8616);
#408=PLANE('',#8617);
#409=PLANE('',#8618);
#410=PLANE('',#8619);
#411=PLANE('',#8620);
#412=PLANE('',#8621);
#413=PLANE('',#8622);
#414=PLANE('',#8623);
#415=PLANE('',#8624);
#416=PLANE('',#8625);
#417=PLANE('',#8626);
#418=PLANE('',#8627);
#419=PLANE('',#8628);
#420=PLANE('',#8629);
#421=PLANE('',#8630);
#422=PLANE('',#8631);
#423=PLANE('',#8652);
#424=PLANE('',#8653);
#425=PLANE('',#8654);
#426=PLANE('',#8660);
#427=PLANE('',#8661);
#428=PLANE('',#8662);
#429=PLANE('',#8665);
#430=PLANE('',#8666);
#431=PLANE('',#8667);
#432=PLANE('',#8670);
#433=PLANE('',#8671);
#434=PLANE('',#8672);
#435=PLANE('',#8673);
#436=PLANE('',#8674);
#437=PLANE('',#8677);
#438=PLANE('',#8678);
#439=PLANE('',#8679);
#440=PLANE('',#8682);
#441=PLANE('',#8683);
#442=PLANE('',#8684);
#443=PLANE('',#8685);
#444=PLANE('',#8686);
#445=PLANE('',#8687);
#446=PLANE('',#8688);
#447=PLANE('',#8689);
#448=PLANE('',#8690);
#449=PLANE('',#8691);
#450=PLANE('',#8692);
#451=PLANE('',#8693);
#452=PLANE('',#8694);
#453=PLANE('',#8695);
#454=PLANE('',#8696);
#455=PLANE('',#8697);
#456=PLANE('',#8698);
#457=PLANE('',#8699);
#458=PLANE('',#8700);
#459=PLANE('',#8701);
#460=PLANE('',#8702);
#461=PLANE('',#8705);
#462=PLANE('',#8706);
#463=PLANE('',#8707);
#464=PLANE('',#8708);
#465=PLANE('',#8709);
#466=PLANE('',#8710);
#467=PLANE('',#8727);
#468=PLANE('',#8728);
#469=PLANE('',#8729);
#470=PLANE('',#8730);
#471=PLANE('',#8731);
#472=PLANE('',#8732);
#473=PLANE('',#8733);
#474=PLANE('',#8734);
#475=PLANE('',#8735);
#476=PLANE('',#8736);
#477=PLANE('',#8737);
#478=PLANE('',#8738);
#479=PLANE('',#8739);
#480=PLANE('',#8740);
#481=PLANE('',#8757);
#482=PLANE('',#8758);
#483=PLANE('',#8759);
#484=PLANE('',#8760);
#485=PLANE('',#8761);
#486=PLANE('',#8762);
#487=PLANE('',#8763);
#488=PLANE('',#8764);
#489=PLANE('',#8765);
#490=PLANE('',#8766);
#491=PLANE('',#8767);
#492=PLANE('',#8768);
#493=PLANE('',#8769);
#494=PLANE('',#8770);
#495=TOROIDAL_SURFACE('',#8065,1.65,0.149999999999999);
#496=CYLINDRICAL_SURFACE('',#8060,2.75);
#497=CYLINDRICAL_SURFACE('',#8069,1.5);
#498=CYLINDRICAL_SURFACE('',#8104,1.);
#499=CYLINDRICAL_SURFACE('',#8107,1.);
#500=CYLINDRICAL_SURFACE('',#8116,1.);
#501=CYLINDRICAL_SURFACE('',#8119,1.);
#502=CYLINDRICAL_SURFACE('',#8142,1.75);
#503=CYLINDRICAL_SURFACE('',#8149,3.);
#504=CYLINDRICAL_SURFACE('',#8152,1.75);
#505=CYLINDRICAL_SURFACE('',#8159,3.);
#506=CYLINDRICAL_SURFACE('',#8164,1.75);
#507=CYLINDRICAL_SURFACE('',#8174,1.75);
#508=CYLINDRICAL_SURFACE('',#8176,3.);
#509=CYLINDRICAL_SURFACE('',#8181,3.);
#510=CYLINDRICAL_SURFACE('',#8184,1.75);
#511=CYLINDRICAL_SURFACE('',#8194,1.75);
#512=CYLINDRICAL_SURFACE('',#8196,3.);
#513=CYLINDRICAL_SURFACE('',#8201,3.);
#514=CYLINDRICAL_SURFACE('',#8204,1.75);
#515=CYLINDRICAL_SURFACE('',#8214,1.75);
#516=CYLINDRICAL_SURFACE('',#8216,3.);
#517=CYLINDRICAL_SURFACE('',#8221,3.);
#518=CYLINDRICAL_SURFACE('',#8224,1.75);
#519=CYLINDRICAL_SURFACE('',#8234,1.75);
#520=CYLINDRICAL_SURFACE('',#8236,3.);
#521=CYLINDRICAL_SURFACE('',#8242,3.);
#522=CYLINDRICAL_SURFACE('',#8243,1.75);
#523=CYLINDRICAL_SURFACE('',#8250,3.);
#524=CYLINDRICAL_SURFACE('',#8256,1.75);
#525=CYLINDRICAL_SURFACE('',#8266,1.75);
#526=CYLINDRICAL_SURFACE('',#8268,3.);
#527=CYLINDRICAL_SURFACE('',#8273,3.);
#528=CYLINDRICAL_SURFACE('',#8276,1.75);
#529=CYLINDRICAL_SURFACE('',#8286,1.75);
#530=CYLINDRICAL_SURFACE('',#8288,3.);
#531=CYLINDRICAL_SURFACE('',#8293,3.);
#532=CYLINDRICAL_SURFACE('',#8312,1.);
#533=CYLINDRICAL_SURFACE('',#8329,1.);
#534=CYLINDRICAL_SURFACE('',#8346,1.);
#535=CYLINDRICAL_SURFACE('',#8363,1.);
#536=CYLINDRICAL_SURFACE('',#8382,2.1);
#537=CYLINDRICAL_SURFACE('',#8390,1.5);
#538=CYLINDRICAL_SURFACE('',#8392,1.5);
#539=CYLINDRICAL_SURFACE('',#8394,0.644009461630724);
#540=CYLINDRICAL_SURFACE('',#8397,1.);
#541=CYLINDRICAL_SURFACE('',#8406,1.5);
#542=CYLINDRICAL_SURFACE('',#8408,1.5);
#543=CYLINDRICAL_SURFACE('',#8420,1.);
#544=CYLINDRICAL_SURFACE('',#8439,0.644009461630724);
#545=CYLINDRICAL_SURFACE('',#8442,1.);
#546=CYLINDRICAL_SURFACE('',#8445,1.);
#547=CYLINDRICAL_SURFACE('',#8526,0.5);
#548=CYLINDRICAL_SURFACE('',#8529,1.30154507029067);
#549=CYLINDRICAL_SURFACE('',#8536,0.644009461630724);
#550=CYLINDRICAL_SURFACE('',#8539,1.30154507029067);
#551=CYLINDRICAL_SURFACE('',#8557,1.);
#552=CYLINDRICAL_SURFACE('',#8562,1.);
#553=CYLINDRICAL_SURFACE('',#8569,1.);
#554=CYLINDRICAL_SURFACE('',#8574,1.);
#555=CYLINDRICAL_SURFACE('',#8597,0.5);
#556=CYLINDRICAL_SURFACE('',#8605,0.644009461630724);
#557=CYLINDRICAL_SURFACE('',#8608,1.);
#558=CYLINDRICAL_SURFACE('',#8611,1.);
#559=CYLINDRICAL_SURFACE('',#8632,0.5);
#560=CYLINDRICAL_SURFACE('',#8635,1.30154507029067);
#561=CYLINDRICAL_SURFACE('',#8642,0.644009461630724);
#562=CYLINDRICAL_SURFACE('',#8645,1.30154507029067);
#563=CYLINDRICAL_SURFACE('',#8663,1.);
#564=CYLINDRICAL_SURFACE('',#8668,1.);
#565=CYLINDRICAL_SURFACE('',#8675,1.);
#566=CYLINDRICAL_SURFACE('',#8680,1.);
#567=CYLINDRICAL_SURFACE('',#8703,0.5);
#568=FACE_OUTER_BOUND('',#990,.T.);
#569=FACE_OUTER_BOUND('',#991,.T.);
#570=FACE_OUTER_BOUND('',#992,.T.);
#571=FACE_OUTER_BOUND('',#993,.T.);
#572=FACE_OUTER_BOUND('',#994,.T.);
#573=FACE_OUTER_BOUND('',#995,.T.);
#574=FACE_OUTER_BOUND('',#996,.T.);
#575=FACE_OUTER_BOUND('',#997,.T.);
#576=FACE_OUTER_BOUND('',#998,.T.);
#577=FACE_OUTER_BOUND('',#1000,.T.);
#578=FACE_OUTER_BOUND('',#1002,.T.);
#579=FACE_OUTER_BOUND('',#1003,.T.);
#580=FACE_OUTER_BOUND('',#1004,.T.);
#581=FACE_OUTER_BOUND('',#1005,.T.);
#582=FACE_OUTER_BOUND('',#1006,.T.);
#583=FACE_OUTER_BOUND('',#1007,.T.);
#584=FACE_OUTER_BOUND('',#1008,.T.);
#585=FACE_OUTER_BOUND('',#1009,.T.);
#586=FACE_OUTER_BOUND('',#1010,.T.);
#587=FACE_OUTER_BOUND('',#1026,.T.);
#588=FACE_OUTER_BOUND('',#1027,.T.);
#589=FACE_OUTER_BOUND('',#1028,.T.);
#590=FACE_OUTER_BOUND('',#1029,.T.);
#591=FACE_OUTER_BOUND('',#1030,.T.);
#592=FACE_OUTER_BOUND('',#1031,.T.);
#593=FACE_OUTER_BOUND('',#1032,.T.);
#594=FACE_OUTER_BOUND('',#1033,.T.);
#595=FACE_OUTER_BOUND('',#1034,.T.);
#596=FACE_OUTER_BOUND('',#1035,.T.);
#597=FACE_OUTER_BOUND('',#1036,.T.);
#598=FACE_OUTER_BOUND('',#1037,.T.);
#599=FACE_OUTER_BOUND('',#1038,.T.);
#600=FACE_OUTER_BOUND('',#1039,.T.);
#601=FACE_OUTER_BOUND('',#1040,.T.);
#602=FACE_OUTER_BOUND('',#1041,.T.);
#603=FACE_OUTER_BOUND('',#1042,.T.);
#604=FACE_OUTER_BOUND('',#1043,.T.);
#605=FACE_OUTER_BOUND('',#1059,.T.);
#606=FACE_OUTER_BOUND('',#1060,.T.);
#607=FACE_OUTER_BOUND('',#1061,.T.);
#608=FACE_OUTER_BOUND('',#1063,.T.);
#609=FACE_OUTER_BOUND('',#1064,.T.);
#610=FACE_OUTER_BOUND('',#1065,.T.);
#611=FACE_OUTER_BOUND('',#1066,.T.);
#612=FACE_OUTER_BOUND('',#1067,.T.);
#613=FACE_OUTER_BOUND('',#1069,.T.);
#614=FACE_OUTER_BOUND('',#1070,.T.);
#615=FACE_OUTER_BOUND('',#1071,.T.);
#616=FACE_OUTER_BOUND('',#1072,.T.);
#617=FACE_OUTER_BOUND('',#1073,.T.);
#618=FACE_OUTER_BOUND('',#1074,.T.);
#619=FACE_OUTER_BOUND('',#1075,.T.);
#620=FACE_OUTER_BOUND('',#1077,.T.);
#621=FACE_OUTER_BOUND('',#1078,.T.);
#622=FACE_OUTER_BOUND('',#1079,.T.);
#623=FACE_OUTER_BOUND('',#1081,.T.);
#624=FACE_OUTER_BOUND('',#1082,.T.);
#625=FACE_OUTER_BOUND('',#1083,.T.);
#626=FACE_OUTER_BOUND('',#1084,.T.);
#627=FACE_OUTER_BOUND('',#1085,.T.);
#628=FACE_OUTER_BOUND('',#1086,.T.);
#629=FACE_OUTER_BOUND('',#1087,.T.);
#630=FACE_OUTER_BOUND('',#1089,.T.);
#631=FACE_OUTER_BOUND('',#1090,.T.);
#632=FACE_OUTER_BOUND('',#1091,.T.);
#633=FACE_OUTER_BOUND('',#1093,.T.);
#634=FACE_OUTER_BOUND('',#1094,.T.);
#635=FACE_OUTER_BOUND('',#1095,.T.);
#636=FACE_OUTER_BOUND('',#1096,.T.);
#637=FACE_OUTER_BOUND('',#1097,.T.);
#638=FACE_OUTER_BOUND('',#1098,.T.);
#639=FACE_OUTER_BOUND('',#1099,.T.);
#640=FACE_OUTER_BOUND('',#1101,.T.);
#641=FACE_OUTER_BOUND('',#1102,.T.);
#642=FACE_OUTER_BOUND('',#1103,.T.);
#643=FACE_OUTER_BOUND('',#1105,.T.);
#644=FACE_OUTER_BOUND('',#1106,.T.);
#645=FACE_OUTER_BOUND('',#1107,.T.);
#646=FACE_OUTER_BOUND('',#1108,.T.);
#647=FACE_OUTER_BOUND('',#1109,.T.);
#648=FACE_OUTER_BOUND('',#1110,.T.);
#649=FACE_OUTER_BOUND('',#1111,.T.);
#650=FACE_OUTER_BOUND('',#1113,.T.);
#651=FACE_OUTER_BOUND('',#1114,.T.);
#652=FACE_OUTER_BOUND('',#1115,.T.);
#653=FACE_OUTER_BOUND('',#1117,.T.);
#654=FACE_OUTER_BOUND('',#1118,.T.);
#655=FACE_OUTER_BOUND('',#1119,.T.);
#656=FACE_OUTER_BOUND('',#1120,.T.);
#657=FACE_OUTER_BOUND('',#1121,.T.);
#658=FACE_OUTER_BOUND('',#1122,.T.);
#659=FACE_OUTER_BOUND('',#1124,.T.);
#660=FACE_OUTER_BOUND('',#1125,.T.);
#661=FACE_OUTER_BOUND('',#1126,.T.);
#662=FACE_OUTER_BOUND('',#1127,.T.);
#663=FACE_OUTER_BOUND('',#1128,.T.);
#664=FACE_OUTER_BOUND('',#1129,.T.);
#665=FACE_OUTER_BOUND('',#1130,.T.);
#666=FACE_OUTER_BOUND('',#1131,.T.);
#667=FACE_OUTER_BOUND('',#1133,.T.);
#668=FACE_OUTER_BOUND('',#1134,.T.);
#669=FACE_OUTER_BOUND('',#1135,.T.);
#670=FACE_OUTER_BOUND('',#1137,.T.);
#671=FACE_OUTER_BOUND('',#1138,.T.);
#672=FACE_OUTER_BOUND('',#1139,.T.);
#673=FACE_OUTER_BOUND('',#1140,.T.);
#674=FACE_OUTER_BOUND('',#1141,.T.);
#675=FACE_OUTER_BOUND('',#1142,.T.);
#676=FACE_OUTER_BOUND('',#1143,.T.);
#677=FACE_OUTER_BOUND('',#1145,.T.);
#678=FACE_OUTER_BOUND('',#1146,.T.);
#679=FACE_OUTER_BOUND('',#1147,.T.);
#680=FACE_OUTER_BOUND('',#1149,.T.);
#681=FACE_OUTER_BOUND('',#1150,.T.);
#682=FACE_OUTER_BOUND('',#1151,.T.);
#683=FACE_OUTER_BOUND('',#1152,.T.);
#684=FACE_OUTER_BOUND('',#1153,.T.);
#685=FACE_OUTER_BOUND('',#1154,.T.);
#686=FACE_OUTER_BOUND('',#1155,.T.);
#687=FACE_OUTER_BOUND('',#1156,.T.);
#688=FACE_OUTER_BOUND('',#1157,.T.);
#689=FACE_OUTER_BOUND('',#1158,.T.);
#690=FACE_OUTER_BOUND('',#1159,.T.);
#691=FACE_OUTER_BOUND('',#1160,.T.);
#692=FACE_OUTER_BOUND('',#1161,.T.);
#693=FACE_OUTER_BOUND('',#1162,.T.);
#694=FACE_OUTER_BOUND('',#1163,.T.);
#695=FACE_OUTER_BOUND('',#1164,.T.);
#696=FACE_OUTER_BOUND('',#1165,.T.);
#697=FACE_OUTER_BOUND('',#1166,.T.);
#698=FACE_OUTER_BOUND('',#1167,.T.);
#699=FACE_OUTER_BOUND('',#1168,.T.);
#700=FACE_OUTER_BOUND('',#1169,.T.);
#701=FACE_OUTER_BOUND('',#1170,.T.);
#702=FACE_OUTER_BOUND('',#1171,.T.);
#703=FACE_OUTER_BOUND('',#1172,.T.);
#704=FACE_OUTER_BOUND('',#1173,.T.);
#705=FACE_OUTER_BOUND('',#1174,.T.);
#706=FACE_OUTER_BOUND('',#1175,.T.);
#707=FACE_OUTER_BOUND('',#1176,.T.);
#708=FACE_OUTER_BOUND('',#1177,.T.);
#709=FACE_OUTER_BOUND('',#1178,.T.);
#710=FACE_OUTER_BOUND('',#1179,.T.);
#711=FACE_OUTER_BOUND('',#1180,.T.);
#712=FACE_OUTER_BOUND('',#1181,.T.);
#713=FACE_OUTER_BOUND('',#1182,.T.);
#714=FACE_OUTER_BOUND('',#1183,.T.);
#715=FACE_OUTER_BOUND('',#1184,.T.);
#716=FACE_OUTER_BOUND('',#1185,.T.);
#717=FACE_OUTER_BOUND('',#1186,.T.);
#718=FACE_OUTER_BOUND('',#1187,.T.);
#719=FACE_OUTER_BOUND('',#1188,.T.);
#720=FACE_OUTER_BOUND('',#1189,.T.);
#721=FACE_OUTER_BOUND('',#1190,.T.);
#722=FACE_OUTER_BOUND('',#1191,.T.);
#723=FACE_OUTER_BOUND('',#1192,.T.);
#724=FACE_OUTER_BOUND('',#1193,.T.);
#725=FACE_OUTER_BOUND('',#1194,.T.);
#726=FACE_OUTER_BOUND('',#1195,.T.);
#727=FACE_OUTER_BOUND('',#1196,.T.);
#728=FACE_OUTER_BOUND('',#1197,.T.);
#729=FACE_OUTER_BOUND('',#1198,.T.);
#730=FACE_OUTER_BOUND('',#1199,.T.);
#731=FACE_OUTER_BOUND('',#1200,.T.);
#732=FACE_OUTER_BOUND('',#1201,.T.);
#733=FACE_OUTER_BOUND('',#1202,.T.);
#734=FACE_OUTER_BOUND('',#1203,.T.);
#735=FACE_OUTER_BOUND('',#1204,.T.);
#736=FACE_OUTER_BOUND('',#1205,.T.);
#737=FACE_OUTER_BOUND('',#1206,.T.);
#738=FACE_OUTER_BOUND('',#1207,.T.);
#739=FACE_OUTER_BOUND('',#1208,.T.);
#740=FACE_OUTER_BOUND('',#1209,.T.);
#741=FACE_OUTER_BOUND('',#1210,.T.);
#742=FACE_OUTER_BOUND('',#1211,.T.);
#743=FACE_OUTER_BOUND('',#1213,.T.);
#744=FACE_OUTER_BOUND('',#1215,.T.);
#745=FACE_OUTER_BOUND('',#1216,.T.);
#746=FACE_OUTER_BOUND('',#1217,.T.);
#747=FACE_OUTER_BOUND('',#1218,.T.);
#748=FACE_OUTER_BOUND('',#1219,.T.);
#749=FACE_OUTER_BOUND('',#1220,.T.);
#750=FACE_OUTER_BOUND('',#1221,.T.);
#751=FACE_OUTER_BOUND('',#1222,.T.);
#752=FACE_OUTER_BOUND('',#1223,.T.);
#753=FACE_OUTER_BOUND('',#1224,.T.);
#754=FACE_OUTER_BOUND('',#1225,.T.);
#755=FACE_OUTER_BOUND('',#1226,.T.);
#756=FACE_OUTER_BOUND('',#1227,.T.);
#757=FACE_OUTER_BOUND('',#1228,.T.);
#758=FACE_OUTER_BOUND('',#1229,.T.);
#759=FACE_OUTER_BOUND('',#1230,.T.);
#760=FACE_OUTER_BOUND('',#1231,.T.);
#761=FACE_OUTER_BOUND('',#1232,.T.);
#762=FACE_OUTER_BOUND('',#1233,.T.);
#763=FACE_OUTER_BOUND('',#1234,.T.);
#764=FACE_OUTER_BOUND('',#1235,.T.);
#765=FACE_OUTER_BOUND('',#1236,.T.);
#766=FACE_OUTER_BOUND('',#1237,.T.);
#767=FACE_OUTER_BOUND('',#1238,.T.);
#768=FACE_OUTER_BOUND('',#1239,.T.);
#769=FACE_OUTER_BOUND('',#1240,.T.);
#770=FACE_OUTER_BOUND('',#1241,.T.);
#771=FACE_OUTER_BOUND('',#1242,.T.);
#772=FACE_OUTER_BOUND('',#1245,.T.);
#773=FACE_OUTER_BOUND('',#1246,.T.);
#774=FACE_OUTER_BOUND('',#1249,.T.);
#775=FACE_OUTER_BOUND('',#1250,.T.);
#776=FACE_OUTER_BOUND('',#1251,.T.);
#777=FACE_OUTER_BOUND('',#1252,.T.);
#778=FACE_OUTER_BOUND('',#1253,.T.);
#779=FACE_OUTER_BOUND('',#1255,.T.);
#780=FACE_OUTER_BOUND('',#1256,.T.);
#781=FACE_OUTER_BOUND('',#1257,.T.);
#782=FACE_OUTER_BOUND('',#1259,.T.);
#783=FACE_OUTER_BOUND('',#1260,.T.);
#784=FACE_OUTER_BOUND('',#1261,.T.);
#785=FACE_OUTER_BOUND('',#1262,.T.);
#786=FACE_OUTER_BOUND('',#1263,.T.);
#787=FACE_OUTER_BOUND('',#1264,.T.);
#788=FACE_OUTER_BOUND('',#1265,.T.);
#789=FACE_OUTER_BOUND('',#1266,.T.);
#790=FACE_OUTER_BOUND('',#1267,.T.);
#791=FACE_OUTER_BOUND('',#1268,.T.);
#792=FACE_OUTER_BOUND('',#1269,.T.);
#793=FACE_OUTER_BOUND('',#1270,.T.);
#794=FACE_OUTER_BOUND('',#1271,.T.);
#795=FACE_OUTER_BOUND('',#1272,.T.);
#796=FACE_OUTER_BOUND('',#1274,.T.);
#797=FACE_OUTER_BOUND('',#1276,.T.);
#798=FACE_OUTER_BOUND('',#1277,.T.);
#799=FACE_OUTER_BOUND('',#1278,.T.);
#800=FACE_OUTER_BOUND('',#1279,.T.);
#801=FACE_OUTER_BOUND('',#1280,.T.);
#802=FACE_OUTER_BOUND('',#1281,.T.);
#803=FACE_OUTER_BOUND('',#1282,.T.);
#804=FACE_OUTER_BOUND('',#1283,.T.);
#805=FACE_OUTER_BOUND('',#1284,.T.);
#806=FACE_OUTER_BOUND('',#1285,.T.);
#807=FACE_OUTER_BOUND('',#1286,.T.);
#808=FACE_OUTER_BOUND('',#1287,.T.);
#809=FACE_OUTER_BOUND('',#1288,.T.);
#810=FACE_OUTER_BOUND('',#1289,.T.);
#811=FACE_OUTER_BOUND('',#1290,.T.);
#812=FACE_OUTER_BOUND('',#1291,.T.);
#813=FACE_OUTER_BOUND('',#1292,.T.);
#814=FACE_OUTER_BOUND('',#1293,.T.);
#815=FACE_OUTER_BOUND('',#1294,.T.);
#816=FACE_OUTER_BOUND('',#1295,.T.);
#817=FACE_OUTER_BOUND('',#1296,.T.);
#818=FACE_OUTER_BOUND('',#1297,.T.);
#819=FACE_OUTER_BOUND('',#1298,.T.);
#820=FACE_OUTER_BOUND('',#1299,.T.);
#821=FACE_OUTER_BOUND('',#1300,.T.);
#822=FACE_OUTER_BOUND('',#1301,.T.);
#823=FACE_OUTER_BOUND('',#1302,.T.);
#824=FACE_OUTER_BOUND('',#1303,.T.);
#825=FACE_OUTER_BOUND('',#1304,.T.);
#826=FACE_OUTER_BOUND('',#1305,.T.);
#827=FACE_OUTER_BOUND('',#1306,.T.);
#828=FACE_OUTER_BOUND('',#1307,.T.);
#829=FACE_OUTER_BOUND('',#1308,.T.);
#830=FACE_OUTER_BOUND('',#1309,.T.);
#831=FACE_OUTER_BOUND('',#1310,.T.);
#832=FACE_OUTER_BOUND('',#1311,.T.);
#833=FACE_OUTER_BOUND('',#1312,.T.);
#834=FACE_OUTER_BOUND('',#1313,.T.);
#835=FACE_OUTER_BOUND('',#1314,.T.);
#836=FACE_OUTER_BOUND('',#1315,.T.);
#837=FACE_OUTER_BOUND('',#1316,.T.);
#838=FACE_OUTER_BOUND('',#1317,.T.);
#839=FACE_OUTER_BOUND('',#1318,.T.);
#840=FACE_OUTER_BOUND('',#1319,.T.);
#841=FACE_OUTER_BOUND('',#1320,.T.);
#842=FACE_OUTER_BOUND('',#1321,.T.);
#843=FACE_OUTER_BOUND('',#1322,.T.);
#844=FACE_OUTER_BOUND('',#1323,.T.);
#845=FACE_OUTER_BOUND('',#1324,.T.);
#846=FACE_OUTER_BOUND('',#1325,.T.);
#847=FACE_OUTER_BOUND('',#1326,.T.);
#848=FACE_OUTER_BOUND('',#1327,.T.);
#849=FACE_OUTER_BOUND('',#1328,.T.);
#850=FACE_OUTER_BOUND('',#1329,.T.);
#851=FACE_OUTER_BOUND('',#1330,.T.);
#852=FACE_OUTER_BOUND('',#1331,.T.);
#853=FACE_OUTER_BOUND('',#1332,.T.);
#854=FACE_OUTER_BOUND('',#1333,.T.);
#855=FACE_OUTER_BOUND('',#1334,.T.);
#856=FACE_OUTER_BOUND('',#1335,.T.);
#857=FACE_OUTER_BOUND('',#1336,.T.);
#858=FACE_OUTER_BOUND('',#1337,.T.);
#859=FACE_OUTER_BOUND('',#1338,.T.);
#860=FACE_OUTER_BOUND('',#1339,.T.);
#861=FACE_OUTER_BOUND('',#1343,.T.);
#862=FACE_OUTER_BOUND('',#1344,.T.);
#863=FACE_OUTER_BOUND('',#1345,.T.);
#864=FACE_OUTER_BOUND('',#1346,.T.);
#865=FACE_OUTER_BOUND('',#1347,.T.);
#866=FACE_OUTER_BOUND('',#1348,.T.);
#867=FACE_OUTER_BOUND('',#1349,.T.);
#868=FACE_OUTER_BOUND('',#1350,.T.);
#869=FACE_OUTER_BOUND('',#1351,.T.);
#870=FACE_OUTER_BOUND('',#1352,.T.);
#871=FACE_OUTER_BOUND('',#1353,.T.);
#872=FACE_OUTER_BOUND('',#1354,.T.);
#873=FACE_OUTER_BOUND('',#1356,.T.);
#874=FACE_OUTER_BOUND('',#1357,.T.);
#875=FACE_OUTER_BOUND('',#1358,.T.);
#876=FACE_OUTER_BOUND('',#1359,.T.);
#877=FACE_OUTER_BOUND('',#1360,.T.);
#878=FACE_OUTER_BOUND('',#1361,.T.);
#879=FACE_OUTER_BOUND('',#1362,.T.);
#880=FACE_OUTER_BOUND('',#1363,.T.);
#881=FACE_OUTER_BOUND('',#1364,.T.);
#882=FACE_OUTER_BOUND('',#1365,.T.);
#883=FACE_OUTER_BOUND('',#1366,.T.);
#884=FACE_OUTER_BOUND('',#1367,.T.);
#885=FACE_OUTER_BOUND('',#1368,.T.);
#886=FACE_OUTER_BOUND('',#1369,.T.);
#887=FACE_OUTER_BOUND('',#1370,.T.);
#888=FACE_OUTER_BOUND('',#1371,.T.);
#889=FACE_OUTER_BOUND('',#1372,.T.);
#890=FACE_OUTER_BOUND('',#1373,.T.);
#891=FACE_OUTER_BOUND('',#1374,.T.);
#892=FACE_OUTER_BOUND('',#1375,.T.);
#893=FACE_OUTER_BOUND('',#1376,.T.);
#894=FACE_OUTER_BOUND('',#1377,.T.);
#895=FACE_OUTER_BOUND('',#1378,.T.);
#896=FACE_OUTER_BOUND('',#1379,.T.);
#897=FACE_OUTER_BOUND('',#1380,.T.);
#898=FACE_OUTER_BOUND('',#1381,.T.);
#899=FACE_OUTER_BOUND('',#1382,.T.);
#900=FACE_OUTER_BOUND('',#1384,.T.);
#901=FACE_OUTER_BOUND('',#1386,.T.);
#902=FACE_OUTER_BOUND('',#1387,.T.);
#903=FACE_OUTER_BOUND('',#1388,.T.);
#904=FACE_OUTER_BOUND('',#1389,.T.);
#905=FACE_OUTER_BOUND('',#1390,.T.);
#906=FACE_OUTER_BOUND('',#1391,.T.);
#907=FACE_OUTER_BOUND('',#1392,.T.);
#908=FACE_OUTER_BOUND('',#1393,.T.);
#909=FACE_OUTER_BOUND('',#1394,.T.);
#910=FACE_OUTER_BOUND('',#1395,.T.);
#911=FACE_OUTER_BOUND('',#1396,.T.);
#912=FACE_OUTER_BOUND('',#1397,.T.);
#913=FACE_OUTER_BOUND('',#1398,.T.);
#914=FACE_OUTER_BOUND('',#1399,.T.);
#915=FACE_OUTER_BOUND('',#1400,.T.);
#916=FACE_OUTER_BOUND('',#1401,.T.);
#917=FACE_OUTER_BOUND('',#1402,.T.);
#918=FACE_OUTER_BOUND('',#1403,.T.);
#919=FACE_OUTER_BOUND('',#1404,.T.);
#920=FACE_OUTER_BOUND('',#1405,.T.);
#921=FACE_OUTER_BOUND('',#1406,.T.);
#922=FACE_OUTER_BOUND('',#1407,.T.);
#923=FACE_OUTER_BOUND('',#1408,.T.);
#924=FACE_OUTER_BOUND('',#1409,.T.);
#925=FACE_OUTER_BOUND('',#1410,.T.);
#926=FACE_OUTER_BOUND('',#1411,.T.);
#927=FACE_OUTER_BOUND('',#1412,.T.);
#928=FACE_OUTER_BOUND('',#1413,.T.);
#929=FACE_OUTER_BOUND('',#1414,.T.);
#930=FACE_OUTER_BOUND('',#1415,.T.);
#931=FACE_OUTER_BOUND('',#1416,.T.);
#932=FACE_OUTER_BOUND('',#1417,.T.);
#933=FACE_OUTER_BOUND('',#1418,.T.);
#934=FACE_OUTER_BOUND('',#1419,.T.);
#935=FACE_OUTER_BOUND('',#1423,.T.);
#936=FACE_OUTER_BOUND('',#1424,.T.);
#937=FACE_OUTER_BOUND('',#1425,.T.);
#938=FACE_OUTER_BOUND('',#1426,.T.);
#939=FACE_OUTER_BOUND('',#1427,.T.);
#940=FACE_OUTER_BOUND('',#1428,.T.);
#941=FACE_OUTER_BOUND('',#1429,.T.);
#942=FACE_OUTER_BOUND('',#1430,.T.);
#943=FACE_OUTER_BOUND('',#1431,.T.);
#944=FACE_OUTER_BOUND('',#1432,.T.);
#945=FACE_OUTER_BOUND('',#1433,.T.);
#946=FACE_OUTER_BOUND('',#1434,.T.);
#947=FACE_OUTER_BOUND('',#1436,.T.);
#948=FACE_OUTER_BOUND('',#1437,.T.);
#949=FACE_OUTER_BOUND('',#1438,.T.);
#950=FACE_OUTER_BOUND('',#1439,.T.);
#951=FACE_OUTER_BOUND('',#1440,.T.);
#952=FACE_OUTER_BOUND('',#1441,.T.);
#953=FACE_OUTER_BOUND('',#1442,.T.);
#954=FACE_OUTER_BOUND('',#1443,.T.);
#955=FACE_OUTER_BOUND('',#1444,.T.);
#956=FACE_OUTER_BOUND('',#1445,.T.);
#957=FACE_OUTER_BOUND('',#1446,.T.);
#958=FACE_OUTER_BOUND('',#1447,.T.);
#959=FACE_OUTER_BOUND('',#1448,.T.);
#960=FACE_OUTER_BOUND('',#1449,.T.);
#961=FACE_OUTER_BOUND('',#1450,.T.);
#962=FACE_OUTER_BOUND('',#1451,.T.);
#963=FACE_OUTER_BOUND('',#1452,.T.);
#964=FACE_OUTER_BOUND('',#1453,.T.);
#965=FACE_OUTER_BOUND('',#1454,.T.);
#966=FACE_OUTER_BOUND('',#1455,.T.);
#967=FACE_OUTER_BOUND('',#1456,.T.);
#968=FACE_OUTER_BOUND('',#1457,.T.);
#969=FACE_OUTER_BOUND('',#1458,.T.);
#970=FACE_OUTER_BOUND('',#1459,.T.);
#971=FACE_OUTER_BOUND('',#1460,.T.);
#972=FACE_OUTER_BOUND('',#1461,.T.);
#973=FACE_OUTER_BOUND('',#1462,.T.);
#974=FACE_OUTER_BOUND('',#1463,.T.);
#975=FACE_OUTER_BOUND('',#1464,.T.);
#976=FACE_OUTER_BOUND('',#1465,.T.);
#977=FACE_OUTER_BOUND('',#1466,.T.);
#978=FACE_OUTER_BOUND('',#1467,.T.);
#979=FACE_OUTER_BOUND('',#1468,.T.);
#980=FACE_OUTER_BOUND('',#1469,.T.);
#981=FACE_OUTER_BOUND('',#1470,.T.);
#982=FACE_OUTER_BOUND('',#1471,.T.);
#983=FACE_OUTER_BOUND('',#1472,.T.);
#984=FACE_OUTER_BOUND('',#1473,.T.);
#985=FACE_OUTER_BOUND('',#1474,.T.);
#986=FACE_OUTER_BOUND('',#1475,.T.);
#987=FACE_OUTER_BOUND('',#1476,.T.);
#988=FACE_OUTER_BOUND('',#1477,.T.);
#989=FACE_OUTER_BOUND('',#1478,.T.);
#990=EDGE_LOOP('',(#5302,#5303,#5304,#5305,#5306,#5307,#5308,#5309,#5310,
#5311));
#991=EDGE_LOOP('',(#5312,#5313,#5314,#5315));
#992=EDGE_LOOP('',(#5316,#5317,#5318,#5319,#5320));
#993=EDGE_LOOP('',(#5321,#5322,#5323,#5324,#5325));
#994=EDGE_LOOP('',(#5326,#5327,#5328,#5329));
#995=EDGE_LOOP('',(#5330,#5331,#5332,#5333,#5334));
#996=EDGE_LOOP('',(#5335,#5336,#5337,#5338,#5339));
#997=EDGE_LOOP('',(#5340));
#998=EDGE_LOOP('',(#5341));
#999=EDGE_LOOP('',(#5342));
#1000=EDGE_LOOP('',(#5343));
#1001=EDGE_LOOP('',(#5344));
#1002=EDGE_LOOP('',(#5345,#5346,#5347,#5348,#5349,#5350));
#1003=EDGE_LOOP('',(#5351,#5352,#5353,#5354));
#1004=EDGE_LOOP('',(#5355,#5356,#5357,#5358));
#1005=EDGE_LOOP('',(#5359,#5360,#5361,#5362,#5363));
#1006=EDGE_LOOP('',(#5364,#5365,#5366,#5367));
#1007=EDGE_LOOP('',(#5368,#5369,#5370,#5371));
#1008=EDGE_LOOP('',(#5372,#5373,#5374,#5375));
#1009=EDGE_LOOP('',(#5376,#5377,#5378,#5379));
#1010=EDGE_LOOP('',(#5380,#5381,#5382,#5383));
#1011=EDGE_LOOP('',(#5384));
#1012=EDGE_LOOP('',(#5385));
#1013=EDGE_LOOP('',(#5386));
#1014=EDGE_LOOP('',(#5387));
#1015=EDGE_LOOP('',(#5388));
#1016=EDGE_LOOP('',(#5389));
#1017=EDGE_LOOP('',(#5390));
#1018=EDGE_LOOP('',(#5391));
#1019=EDGE_LOOP('',(#5392));
#1020=EDGE_LOOP('',(#5393));
#1021=EDGE_LOOP('',(#5394));
#1022=EDGE_LOOP('',(#5395));
#1023=EDGE_LOOP('',(#5396));
#1024=EDGE_LOOP('',(#5397));
#1025=EDGE_LOOP('',(#5398));
#1026=EDGE_LOOP('',(#5399,#5400,#5401,#5402));
#1027=EDGE_LOOP('',(#5403,#5404,#5405,#5406));
#1028=EDGE_LOOP('',(#5407,#5408,#5409,#5410));
#1029=EDGE_LOOP('',(#5411,#5412,#5413,#5414));
#1030=EDGE_LOOP('',(#5415,#5416,#5417,#5418));
#1031=EDGE_LOOP('',(#5419,#5420,#5421,#5422));
#1032=EDGE_LOOP('',(#5423,#5424,#5425,#5426));
#1033=EDGE_LOOP('',(#5427,#5428,#5429,#5430));
#1034=EDGE_LOOP('',(#5431,#5432,#5433,#5434));
#1035=EDGE_LOOP('',(#5435,#5436,#5437,#5438));
#1036=EDGE_LOOP('',(#5439,#5440,#5441,#5442));
#1037=EDGE_LOOP('',(#5443,#5444,#5445,#5446));
#1038=EDGE_LOOP('',(#5447,#5448,#5449,#5450));
#1039=EDGE_LOOP('',(#5451,#5452,#5453,#5454));
#1040=EDGE_LOOP('',(#5455,#5456,#5457,#5458));
#1041=EDGE_LOOP('',(#5459,#5460,#5461,#5462));
#1042=EDGE_LOOP('',(#5463,#5464,#5465,#5466));
#1043=EDGE_LOOP('',(#5467,#5468,#5469,#5470));
#1044=EDGE_LOOP('',(#5471));
#1045=EDGE_LOOP('',(#5472));
#1046=EDGE_LOOP('',(#5473));
#1047=EDGE_LOOP('',(#5474));
#1048=EDGE_LOOP('',(#5475));
#1049=EDGE_LOOP('',(#5476));
#1050=EDGE_LOOP('',(#5477));
#1051=EDGE_LOOP('',(#5478));
#1052=EDGE_LOOP('',(#5479));
#1053=EDGE_LOOP('',(#5480));
#1054=EDGE_LOOP('',(#5481));
#1055=EDGE_LOOP('',(#5482));
#1056=EDGE_LOOP('',(#5483));
#1057=EDGE_LOOP('',(#5484));
#1058=EDGE_LOOP('',(#5485));
#1059=EDGE_LOOP('',(#5486,#5487,#5488,#5489,#5490));
#1060=EDGE_LOOP('',(#5491,#5492,#5493,#5494,#5495));
#1061=EDGE_LOOP('',(#5496));
#1062=EDGE_LOOP('',(#5497));
#1063=EDGE_LOOP('',(#5498,#5499,#5500,#5501));
#1064=EDGE_LOOP('',(#5502,#5503,#5504,#5505));
#1065=EDGE_LOOP('',(#5506,#5507,#5508,#5509,#5510));
#1066=EDGE_LOOP('',(#5511,#5512,#5513,#5514,#5515));
#1067=EDGE_LOOP('',(#5516));
#1068=EDGE_LOOP('',(#5517));
#1069=EDGE_LOOP('',(#5518,#5519,#5520,#5521));
#1070=EDGE_LOOP('',(#5522,#5523,#5524,#5525));
#1071=EDGE_LOOP('',(#5526,#5527,#5528,#5529));
#1072=EDGE_LOOP('',(#5530,#5531,#5532,#5533,#5534));
#1073=EDGE_LOOP('',(#5535,#5536,#5537,#5538,#5539));
#1074=EDGE_LOOP('',(#5540,#5541,#5542,#5543,#5544));
#1075=EDGE_LOOP('',(#5545));
#1076=EDGE_LOOP('',(#5546));
#1077=EDGE_LOOP('',(#5547,#5548,#5549,#5550,#5551));
#1078=EDGE_LOOP('',(#5552,#5553,#5554,#5555));
#1079=EDGE_LOOP('',(#5556));
#1080=EDGE_LOOP('',(#5557));
#1081=EDGE_LOOP('',(#5558,#5559,#5560,#5561));
#1082=EDGE_LOOP('',(#5562,#5563,#5564,#5565));
#1083=EDGE_LOOP('',(#5566,#5567,#5568,#5569));
#1084=EDGE_LOOP('',(#5570,#5571,#5572,#5573,#5574));
#1085=EDGE_LOOP('',(#5575,#5576,#5577,#5578,#5579));
#1086=EDGE_LOOP('',(#5580,#5581,#5582,#5583,#5584));
#1087=EDGE_LOOP('',(#5585));
#1088=EDGE_LOOP('',(#5586));
#1089=EDGE_LOOP('',(#5587,#5588,#5589,#5590,#5591));
#1090=EDGE_LOOP('',(#5592,#5593,#5594,#5595));
#1091=EDGE_LOOP('',(#5596));
#1092=EDGE_LOOP('',(#5597));
#1093=EDGE_LOOP('',(#5598,#5599,#5600,#5601));
#1094=EDGE_LOOP('',(#5602,#5603,#5604,#5605));
#1095=EDGE_LOOP('',(#5606,#5607,#5608,#5609));
#1096=EDGE_LOOP('',(#5610,#5611,#5612,#5613,#5614));
#1097=EDGE_LOOP('',(#5615,#5616,#5617,#5618,#5619));
#1098=EDGE_LOOP('',(#5620,#5621,#5622,#5623,#5624));
#1099=EDGE_LOOP('',(#5625));
#1100=EDGE_LOOP('',(#5626));
#1101=EDGE_LOOP('',(#5627,#5628,#5629,#5630,#5631));
#1102=EDGE_LOOP('',(#5632,#5633,#5634,#5635));
#1103=EDGE_LOOP('',(#5636));
#1104=EDGE_LOOP('',(#5637));
#1105=EDGE_LOOP('',(#5638,#5639,#5640,#5641));
#1106=EDGE_LOOP('',(#5642,#5643,#5644,#5645));
#1107=EDGE_LOOP('',(#5646,#5647,#5648,#5649));
#1108=EDGE_LOOP('',(#5650,#5651,#5652,#5653,#5654));
#1109=EDGE_LOOP('',(#5655,#5656,#5657,#5658,#5659));
#1110=EDGE_LOOP('',(#5660,#5661,#5662,#5663,#5664));
#1111=EDGE_LOOP('',(#5665));
#1112=EDGE_LOOP('',(#5666));
#1113=EDGE_LOOP('',(#5667,#5668,#5669,#5670,#5671));
#1114=EDGE_LOOP('',(#5672,#5673,#5674,#5675));
#1115=EDGE_LOOP('',(#5676));
#1116=EDGE_LOOP('',(#5677));
#1117=EDGE_LOOP('',(#5678,#5679,#5680,#5681,#5682,#5683,#5684,#5685,#5686,
#5687,#5688,#5689,#5690,#5691,#5692,#5693,#5694,#5695,#5696,#5697));
#1118=EDGE_LOOP('',(#5698,#5699,#5700,#5701));
#1119=EDGE_LOOP('',(#5702,#5703,#5704,#5705));
#1120=EDGE_LOOP('',(#5706,#5707,#5708,#5709,#5710));
#1121=EDGE_LOOP('',(#5711,#5712,#5713,#5714,#5715));
#1122=EDGE_LOOP('',(#5716));
#1123=EDGE_LOOP('',(#5717));
#1124=EDGE_LOOP('',(#5718,#5719,#5720,#5721));
#1125=EDGE_LOOP('',(#5722,#5723,#5724,#5725,#5726,#5727,#5728,#5729,#5730,
#5731,#5732,#5733,#5734,#5735,#5736,#5737,#5738,#5739,#5740,#5741));
#1126=EDGE_LOOP('',(#5742,#5743,#5744,#5745));
#1127=EDGE_LOOP('',(#5746,#5747,#5748,#5749));
#1128=EDGE_LOOP('',(#5750,#5751,#5752,#5753,#5754));
#1129=EDGE_LOOP('',(#5755,#5756,#5757,#5758,#5759));
#1130=EDGE_LOOP('',(#5760,#5761,#5762,#5763,#5764));
#1131=EDGE_LOOP('',(#5765));
#1132=EDGE_LOOP('',(#5766));
#1133=EDGE_LOOP('',(#5767,#5768,#5769,#5770,#5771));
#1134=EDGE_LOOP('',(#5772,#5773,#5774,#5775));
#1135=EDGE_LOOP('',(#5776));
#1136=EDGE_LOOP('',(#5777));
#1137=EDGE_LOOP('',(#5778,#5779,#5780,#5781));
#1138=EDGE_LOOP('',(#5782,#5783,#5784,#5785));
#1139=EDGE_LOOP('',(#5786,#5787,#5788,#5789));
#1140=EDGE_LOOP('',(#5790,#5791,#5792,#5793,#5794));
#1141=EDGE_LOOP('',(#5795,#5796,#5797,#5798,#5799));
#1142=EDGE_LOOP('',(#5800,#5801,#5802,#5803,#5804));
#1143=EDGE_LOOP('',(#5805));
#1144=EDGE_LOOP('',(#5806));
#1145=EDGE_LOOP('',(#5807,#5808,#5809,#5810,#5811));
#1146=EDGE_LOOP('',(#5812,#5813,#5814,#5815));
#1147=EDGE_LOOP('',(#5816));
#1148=EDGE_LOOP('',(#5817));
#1149=EDGE_LOOP('',(#5818,#5819,#5820,#5821));
#1150=EDGE_LOOP('',(#5822,#5823,#5824,#5825));
#1151=EDGE_LOOP('',(#5826,#5827,#5828,#5829));
#1152=EDGE_LOOP('',(#5830,#5831,#5832,#5833));
#1153=EDGE_LOOP('',(#5834,#5835,#5836,#5837));
#1154=EDGE_LOOP('',(#5838,#5839,#5840,#5841));
#1155=EDGE_LOOP('',(#5842,#5843,#5844,#5845));
#1156=EDGE_LOOP('',(#5846,#5847,#5848,#5849));
#1157=EDGE_LOOP('',(#5850,#5851,#5852,#5853));
#1158=EDGE_LOOP('',(#5854,#5855,#5856,#5857));
#1159=EDGE_LOOP('',(#5858,#5859,#5860,#5861));
#1160=EDGE_LOOP('',(#5862,#5863,#5864,#5865));
#1161=EDGE_LOOP('',(#5866,#5867,#5868,#5869));
#1162=EDGE_LOOP('',(#5870,#5871,#5872,#5873));
#1163=EDGE_LOOP('',(#5874,#5875,#5876,#5877));
#1164=EDGE_LOOP('',(#5878,#5879,#5880,#5881));
#1165=EDGE_LOOP('',(#5882,#5883,#5884,#5885));
#1166=EDGE_LOOP('',(#5886,#5887,#5888,#5889));
#1167=EDGE_LOOP('',(#5890,#5891,#5892,#5893));
#1168=EDGE_LOOP('',(#5894,#5895,#5896,#5897));
#1169=EDGE_LOOP('',(#5898,#5899,#5900,#5901));
#1170=EDGE_LOOP('',(#5902,#5903,#5904,#5905));
#1171=EDGE_LOOP('',(#5906,#5907,#5908,#5909));
#1172=EDGE_LOOP('',(#5910,#5911,#5912,#5913));
#1173=EDGE_LOOP('',(#5914,#5915,#5916,#5917));
#1174=EDGE_LOOP('',(#5918,#5919,#5920,#5921));
#1175=EDGE_LOOP('',(#5922,#5923,#5924,#5925));
#1176=EDGE_LOOP('',(#5926,#5927,#5928,#5929));
#1177=EDGE_LOOP('',(#5930,#5931,#5932,#5933));
#1178=EDGE_LOOP('',(#5934,#5935,#5936,#5937));
#1179=EDGE_LOOP('',(#5938,#5939,#5940,#5941));
#1180=EDGE_LOOP('',(#5942,#5943,#5944,#5945));
#1181=EDGE_LOOP('',(#5946,#5947,#5948,#5949));
#1182=EDGE_LOOP('',(#5950,#5951,#5952,#5953));
#1183=EDGE_LOOP('',(#5954,#5955,#5956,#5957));
#1184=EDGE_LOOP('',(#5958,#5959,#5960,#5961));
#1185=EDGE_LOOP('',(#5962,#5963,#5964,#5965));
#1186=EDGE_LOOP('',(#5966,#5967,#5968,#5969));
#1187=EDGE_LOOP('',(#5970,#5971,#5972,#5973));
#1188=EDGE_LOOP('',(#5974,#5975,#5976,#5977));
#1189=EDGE_LOOP('',(#5978,#5979,#5980,#5981));
#1190=EDGE_LOOP('',(#5982,#5983,#5984,#5985));
#1191=EDGE_LOOP('',(#5986,#5987,#5988,#5989));
#1192=EDGE_LOOP('',(#5990,#5991,#5992,#5993));
#1193=EDGE_LOOP('',(#5994,#5995,#5996,#5997));
#1194=EDGE_LOOP('',(#5998,#5999,#6000,#6001));
#1195=EDGE_LOOP('',(#6002,#6003,#6004,#6005));
#1196=EDGE_LOOP('',(#6006,#6007,#6008,#6009));
#1197=EDGE_LOOP('',(#6010,#6011,#6012,#6013));
#1198=EDGE_LOOP('',(#6014,#6015,#6016,#6017));
#1199=EDGE_LOOP('',(#6018,#6019,#6020,#6021));
#1200=EDGE_LOOP('',(#6022,#6023,#6024,#6025));
#1201=EDGE_LOOP('',(#6026,#6027,#6028,#6029));
#1202=EDGE_LOOP('',(#6030,#6031,#6032,#6033));
#1203=EDGE_LOOP('',(#6034,#6035,#6036,#6037));
#1204=EDGE_LOOP('',(#6038,#6039,#6040,#6041));
#1205=EDGE_LOOP('',(#6042,#6043,#6044,#6045));
#1206=EDGE_LOOP('',(#6046,#6047,#6048,#6049));
#1207=EDGE_LOOP('',(#6050,#6051,#6052,#6053));
#1208=EDGE_LOOP('',(#6054,#6055,#6056,#6057));
#1209=EDGE_LOOP('',(#6058,#6059,#6060,#6061));
#1210=EDGE_LOOP('',(#6062,#6063,#6064,#6065));
#1211=EDGE_LOOP('',(#6066,#6067,#6068,#6069,#6070,#6071,#6072,#6073,#6074,
#6075,#6076,#6077,#6078,#6079,#6080,#6081,#6082,#6083,#6084,#6085,#6086,
#6087,#6088,#6089,#6090,#6091,#6092,#6093,#6094,#6095,#6096,#6097,#6098,
#6099,#6100,#6101,#6102,#6103,#6104,#6105,#6106,#6107,#6108,#6109,#6110,
#6111,#6112,#6113,#6114,#6115,#6116,#6117,#6118,#6119,#6120,#6121,#6122,
#6123,#6124,#6125));
#1212=EDGE_LOOP('',(#6126));
#1213=EDGE_LOOP('',(#6127,#6128,#6129,#6130,#6131,#6132,#6133,#6134,#6135,
#6136,#6137,#6138,#6139,#6140,#6141,#6142,#6143,#6144,#6145,#6146,#6147,
#6148,#6149,#6150,#6151,#6152,#6153,#6154,#6155,#6156,#6157,#6158,#6159,
#6160,#6161,#6162,#6163,#6164,#6165,#6166,#6167,#6168,#6169,#6170,#6171,
#6172,#6173,#6174,#6175,#6176,#6177,#6178,#6179,#6180,#6181,#6182,#6183,
#6184,#6185,#6186));
#1214=EDGE_LOOP('',(#6187));
#1215=EDGE_LOOP('',(#6188,#6189,#6190,#6191));
#1216=EDGE_LOOP('',(#6192,#6193,#6194,#6195));
#1217=EDGE_LOOP('',(#6196,#6197,#6198,#6199));
#1218=EDGE_LOOP('',(#6200,#6201,#6202,#6203));
#1219=EDGE_LOOP('',(#6204,#6205,#6206,#6207));
#1220=EDGE_LOOP('',(#6208,#6209,#6210,#6211));
#1221=EDGE_LOOP('',(#6212,#6213,#6214,#6215));
#1222=EDGE_LOOP('',(#6216,#6217,#6218,#6219));
#1223=EDGE_LOOP('',(#6220,#6221,#6222,#6223));
#1224=EDGE_LOOP('',(#6224,#6225,#6226,#6227));
#1225=EDGE_LOOP('',(#6228,#6229,#6230,#6231));
#1226=EDGE_LOOP('',(#6232));
#1227=EDGE_LOOP('',(#6233));
#1228=EDGE_LOOP('',(#6234,#6235,#6236,#6237));
#1229=EDGE_LOOP('',(#6238,#6239,#6240,#6241));
#1230=EDGE_LOOP('',(#6242,#6243,#6244,#6245));
#1231=EDGE_LOOP('',(#6246,#6247,#6248,#6249));
#1232=EDGE_LOOP('',(#6250,#6251,#6252,#6253));
#1233=EDGE_LOOP('',(#6254,#6255,#6256,#6257));
#1234=EDGE_LOOP('',(#6258,#6259,#6260,#6261));
#1235=EDGE_LOOP('',(#6262,#6263,#6264,#6265));
#1236=EDGE_LOOP('',(#6266,#6267,#6268,#6269));
#1237=EDGE_LOOP('',(#6270,#6271,#6272,#6273));
#1238=EDGE_LOOP('',(#6274,#6275,#6276,#6277));
#1239=EDGE_LOOP('',(#6278,#6279,#6280,#6281));
#1240=EDGE_LOOP('',(#6282,#6283,#6284,#6285));
#1241=EDGE_LOOP('',(#6286,#6287,#6288,#6289));
#1242=EDGE_LOOP('',(#6290,#6291,#6292,#6293));
#1243=EDGE_LOOP('',(#6294));
#1244=EDGE_LOOP('',(#6295));
#1245=EDGE_LOOP('',(#6296,#6297,#6298,#6299));
#1246=EDGE_LOOP('',(#6300,#6301,#6302,#6303));
#1247=EDGE_LOOP('',(#6304));
#1248=EDGE_LOOP('',(#6305));
#1249=EDGE_LOOP('',(#6306,#6307,#6308,#6309));
#1250=EDGE_LOOP('',(#6310,#6311,#6312,#6313));
#1251=EDGE_LOOP('',(#6314,#6315,#6316,#6317));
#1252=EDGE_LOOP('',(#6318,#6319,#6320,#6321));
#1253=EDGE_LOOP('',(#6322,#6323,#6324,#6325,#6326,#6327,#6328,#6329,#6330,
#6331,#6332,#6333,#6334,#6335,#6336,#6337,#6338,#6339,#6340,#6341,#6342,
#6343));
#1254=EDGE_LOOP('',(#6344));
#1255=EDGE_LOOP('',(#6345));
#1256=EDGE_LOOP('',(#6346));
#1257=EDGE_LOOP('',(#6347,#6348,#6349,#6350,#6351,#6352,#6353,#6354,#6355,
#6356,#6357,#6358,#6359,#6360,#6361,#6362,#6363,#6364,#6365,#6366,#6367,
#6368));
#1258=EDGE_LOOP('',(#6369));
#1259=EDGE_LOOP('',(#6370,#6371,#6372,#6373));
#1260=EDGE_LOOP('',(#6374,#6375,#6376,#6377));
#1261=EDGE_LOOP('',(#6378,#6379,#6380,#6381));
#1262=EDGE_LOOP('',(#6382,#6383,#6384,#6385));
#1263=EDGE_LOOP('',(#6386,#6387,#6388,#6389));
#1264=EDGE_LOOP('',(#6390,#6391,#6392,#6393));
#1265=EDGE_LOOP('',(#6394,#6395,#6396,#6397));
#1266=EDGE_LOOP('',(#6398,#6399,#6400,#6401));
#1267=EDGE_LOOP('',(#6402,#6403,#6404,#6405));
#1268=EDGE_LOOP('',(#6406,#6407,#6408,#6409));
#1269=EDGE_LOOP('',(#6410,#6411,#6412,#6413));
#1270=EDGE_LOOP('',(#6414,#6415,#6416,#6417));
#1271=EDGE_LOOP('',(#6418,#6419,#6420,#6421));
#1272=EDGE_LOOP('',(#6422,#6423,#6424,#6425,#6426,#6427,#6428,#6429,#6430,
#6431,#6432,#6433,#6434,#6435,#6436,#6437,#6438,#6439));
#1273=EDGE_LOOP('',(#6440));
#1274=EDGE_LOOP('',(#6441,#6442,#6443,#6444,#6445,#6446,#6447,#6448,#6449,
#6450,#6451,#6452,#6453,#6454,#6455,#6456,#6457,#6458));
#1275=EDGE_LOOP('',(#6459));
#1276=EDGE_LOOP('',(#6460,#6461,#6462,#6463));
#1277=EDGE_LOOP('',(#6464,#6465,#6466,#6467));
#1278=EDGE_LOOP('',(#6468,#6469,#6470,#6471));
#1279=EDGE_LOOP('',(#6472,#6473,#6474,#6475));
#1280=EDGE_LOOP('',(#6476,#6477,#6478,#6479));
#1281=EDGE_LOOP('',(#6480,#6481,#6482,#6483));
#1282=EDGE_LOOP('',(#6484,#6485,#6486,#6487,#6488,#6489,#6490,#6491,#6492,
#6493,#6494,#6495,#6496,#6497,#6498,#6499));
#1283=EDGE_LOOP('',(#6500));
#1284=EDGE_LOOP('',(#6501,#6502,#6503,#6504,#6505));
#1285=EDGE_LOOP('',(#6506,#6507,#6508,#6509));
#1286=EDGE_LOOP('',(#6510,#6511,#6512,#6513));
#1287=EDGE_LOOP('',(#6514,#6515,#6516,#6517));
#1288=EDGE_LOOP('',(#6518,#6519,#6520,#6521));
#1289=EDGE_LOOP('',(#6522,#6523,#6524,#6525));
#1290=EDGE_LOOP('',(#6526,#6527,#6528,#6529));
#1291=EDGE_LOOP('',(#6530,#6531,#6532,#6533));
#1292=EDGE_LOOP('',(#6534,#6535,#6536,#6537));
#1293=EDGE_LOOP('',(#6538,#6539,#6540,#6541));
#1294=EDGE_LOOP('',(#6542,#6543,#6544,#6545));
#1295=EDGE_LOOP('',(#6546,#6547,#6548,#6549));
#1296=EDGE_LOOP('',(#6550,#6551,#6552,#6553,#6554,#6555,#6556,#6557,#6558,
#6559,#6560,#6561));
#1297=EDGE_LOOP('',(#6562,#6563,#6564,#6565,#6566,#6567,#6568,#6569,#6570,
#6571,#6572,#6573,#6574,#6575,#6576,#6577));
#1298=EDGE_LOOP('',(#6578));
#1299=EDGE_LOOP('',(#6579,#6580,#6581,#6582));
#1300=EDGE_LOOP('',(#6583,#6584,#6585,#6586));
#1301=EDGE_LOOP('',(#6587,#6588,#6589,#6590));
#1302=EDGE_LOOP('',(#6591,#6592,#6593,#6594));
#1303=EDGE_LOOP('',(#6595,#6596,#6597,#6598));
#1304=EDGE_LOOP('',(#6599,#6600,#6601,#6602));
#1305=EDGE_LOOP('',(#6603,#6604,#6605,#6606,#6607));
#1306=EDGE_LOOP('',(#6608,#6609,#6610,#6611));
#1307=EDGE_LOOP('',(#6612,#6613,#6614,#6615));
#1308=EDGE_LOOP('',(#6616,#6617,#6618,#6619));
#1309=EDGE_LOOP('',(#6620,#6621,#6622,#6623));
#1310=EDGE_LOOP('',(#6624,#6625,#6626,#6627));
#1311=EDGE_LOOP('',(#6628,#6629,#6630,#6631,#6632,#6633,#6634,#6635,#6636,
#6637,#6638,#6639));
#1312=EDGE_LOOP('',(#6640,#6641,#6642,#6643));
#1313=EDGE_LOOP('',(#6644,#6645,#6646,#6647,#6648,#6649,#6650,#6651,#6652,
#6653,#6654,#6655));
#1314=EDGE_LOOP('',(#6656,#6657,#6658,#6659));
#1315=EDGE_LOOP('',(#6660,#6661,#6662,#6663,#6664,#6665,#6666,#6667,#6668,
#6669,#6670,#6671));
#1316=EDGE_LOOP('',(#6672,#6673,#6674,#6675,#6676,#6677,#6678,#6679,#6680,
#6681));
#1317=EDGE_LOOP('',(#6682,#6683,#6684,#6685,#6686,#6687,#6688,#6689));
#1318=EDGE_LOOP('',(#6690,#6691,#6692,#6693,#6694,#6695,#6696,#6697,#6698,
#6699,#6700,#6701,#6702,#6703,#6704,#6705,#6706,#6707,#6708,#6709,#6710,
#6711,#6712,#6713,#6714,#6715,#6716,#6717,#6718,#6719,#6720,#6721));
#1319=EDGE_LOOP('',(#6722,#6723,#6724,#6725,#6726,#6727,#6728,#6729));
#1320=EDGE_LOOP('',(#6730,#6731,#6732,#6733,#6734,#6735,#6736,#6737,#6738,
#6739));
#1321=EDGE_LOOP('',(#6740,#6741,#6742,#6743));
#1322=EDGE_LOOP('',(#6744,#6745,#6746,#6747));
#1323=EDGE_LOOP('',(#6748,#6749,#6750,#6751));
#1324=EDGE_LOOP('',(#6752,#6753,#6754,#6755));
#1325=EDGE_LOOP('',(#6756,#6757,#6758,#6759));
#1326=EDGE_LOOP('',(#6760,#6761,#6762,#6763));
#1327=EDGE_LOOP('',(#6764,#6765,#6766,#6767));
#1328=EDGE_LOOP('',(#6768,#6769,#6770,#6771));
#1329=EDGE_LOOP('',(#6772,#6773,#6774,#6775,#6776,#6777,#6778,#6779));
#1330=EDGE_LOOP('',(#6780,#6781,#6782,#6783));
#1331=EDGE_LOOP('',(#6784,#6785,#6786,#6787));
#1332=EDGE_LOOP('',(#6788,#6789,#6790,#6791));
#1333=EDGE_LOOP('',(#6792,#6793,#6794,#6795));
#1334=EDGE_LOOP('',(#6796,#6797,#6798,#6799));
#1335=EDGE_LOOP('',(#6800,#6801,#6802,#6803));
#1336=EDGE_LOOP('',(#6804,#6805,#6806,#6807));
#1337=EDGE_LOOP('',(#6808,#6809,#6810,#6811));
#1338=EDGE_LOOP('',(#6812,#6813,#6814,#6815));
#1339=EDGE_LOOP('',(#6816,#6817,#6818,#6819,#6820,#6821,#6822,#6823,#6824,
#6825,#6826,#6827,#6828,#6829,#6830,#6831,#6832,#6833,#6834,#6835,#6836,
#6837,#6838,#6839,#6840,#6841));
#1340=EDGE_LOOP('',(#6842));
#1341=EDGE_LOOP('',(#6843));
#1342=EDGE_LOOP('',(#6844));
#1343=EDGE_LOOP('',(#6845,#6846,#6847,#6848));
#1344=EDGE_LOOP('',(#6849,#6850,#6851,#6852));
#1345=EDGE_LOOP('',(#6853,#6854,#6855,#6856));
#1346=EDGE_LOOP('',(#6857,#6858,#6859,#6860));
#1347=EDGE_LOOP('',(#6861,#6862,#6863,#6864));
#1348=EDGE_LOOP('',(#6865,#6866,#6867,#6868));
#1349=EDGE_LOOP('',(#6869,#6870,#6871,#6872));
#1350=EDGE_LOOP('',(#6873,#6874,#6875,#6876));
#1351=EDGE_LOOP('',(#6877,#6878,#6879,#6880));
#1352=EDGE_LOOP('',(#6881,#6882,#6883,#6884));
#1353=EDGE_LOOP('',(#6885,#6886,#6887,#6888));
#1354=EDGE_LOOP('',(#6889,#6890,#6891,#6892,#6893,#6894,#6895,#6896));
#1355=EDGE_LOOP('',(#6897));
#1356=EDGE_LOOP('',(#6898,#6899,#6900,#6901));
#1357=EDGE_LOOP('',(#6902,#6903,#6904,#6905));
#1358=EDGE_LOOP('',(#6906,#6907,#6908,#6909));
#1359=EDGE_LOOP('',(#6910,#6911,#6912,#6913));
#1360=EDGE_LOOP('',(#6914,#6915,#6916,#6917));
#1361=EDGE_LOOP('',(#6918,#6919,#6920,#6921,#6922,#6923,#6924,#6925));
#1362=EDGE_LOOP('',(#6926,#6927,#6928,#6929));
#1363=EDGE_LOOP('',(#6930,#6931,#6932,#6933));
#1364=EDGE_LOOP('',(#6934,#6935,#6936,#6937));
#1365=EDGE_LOOP('',(#6938,#6939,#6940,#6941));
#1366=EDGE_LOOP('',(#6942,#6943,#6944,#6945));
#1367=EDGE_LOOP('',(#6946,#6947,#6948,#6949));
#1368=EDGE_LOOP('',(#6950,#6951,#6952,#6953,#6954,#6955,#6956,#6957));
#1369=EDGE_LOOP('',(#6958,#6959,#6960,#6961));
#1370=EDGE_LOOP('',(#6962,#6963,#6964,#6965));
#1371=EDGE_LOOP('',(#6966,#6967,#6968,#6969));
#1372=EDGE_LOOP('',(#6970,#6971,#6972,#6973));
#1373=EDGE_LOOP('',(#6974,#6975,#6976,#6977));
#1374=EDGE_LOOP('',(#6978,#6979,#6980,#6981));
#1375=EDGE_LOOP('',(#6982,#6983,#6984,#6985));
#1376=EDGE_LOOP('',(#6986,#6987,#6988,#6989));
#1377=EDGE_LOOP('',(#6990,#6991,#6992,#6993));
#1378=EDGE_LOOP('',(#6994,#6995,#6996,#6997));
#1379=EDGE_LOOP('',(#6998,#6999,#7000,#7001));
#1380=EDGE_LOOP('',(#7002,#7003,#7004,#7005));
#1381=EDGE_LOOP('',(#7006,#7007,#7008,#7009));
#1382=EDGE_LOOP('',(#7010,#7011,#7012,#7013,#7014,#7015,#7016,#7017,#7018,
#7019,#7020,#7021,#7022,#7023,#7024,#7025,#7026,#7027));
#1383=EDGE_LOOP('',(#7028));
#1384=EDGE_LOOP('',(#7029,#7030,#7031,#7032,#7033,#7034,#7035,#7036,#7037,
#7038,#7039,#7040,#7041,#7042,#7043,#7044,#7045,#7046));
#1385=EDGE_LOOP('',(#7047));
#1386=EDGE_LOOP('',(#7048,#7049,#7050,#7051));
#1387=EDGE_LOOP('',(#7052,#7053,#7054,#7055));
#1388=EDGE_LOOP('',(#7056,#7057,#7058,#7059));
#1389=EDGE_LOOP('',(#7060,#7061,#7062,#7063));
#1390=EDGE_LOOP('',(#7064,#7065,#7066,#7067));
#1391=EDGE_LOOP('',(#7068,#7069,#7070,#7071));
#1392=EDGE_LOOP('',(#7072,#7073,#7074,#7075));
#1393=EDGE_LOOP('',(#7076,#7077,#7078,#7079,#7080,#7081,#7082,#7083,#7084,
#7085,#7086,#7087));
#1394=EDGE_LOOP('',(#7088,#7089,#7090,#7091));
#1395=EDGE_LOOP('',(#7092,#7093,#7094,#7095,#7096,#7097,#7098,#7099,#7100,
#7101,#7102,#7103));
#1396=EDGE_LOOP('',(#7104,#7105,#7106,#7107,#7108,#7109,#7110,#7111,#7112,
#7113));
#1397=EDGE_LOOP('',(#7114,#7115,#7116,#7117,#7118,#7119,#7120,#7121));
#1398=EDGE_LOOP('',(#7122,#7123,#7124,#7125,#7126,#7127,#7128,#7129,#7130,
#7131,#7132,#7133,#7134,#7135,#7136,#7137,#7138,#7139,#7140,#7141,#7142,
#7143,#7144,#7145,#7146,#7147,#7148,#7149,#7150,#7151,#7152,#7153));
#1399=EDGE_LOOP('',(#7154,#7155,#7156,#7157,#7158,#7159,#7160,#7161));
#1400=EDGE_LOOP('',(#7162,#7163,#7164,#7165,#7166,#7167,#7168,#7169,#7170,
#7171));
#1401=EDGE_LOOP('',(#7172,#7173,#7174,#7175));
#1402=EDGE_LOOP('',(#7176,#7177,#7178,#7179));
#1403=EDGE_LOOP('',(#7180,#7181,#7182,#7183));
#1404=EDGE_LOOP('',(#7184,#7185,#7186,#7187));
#1405=EDGE_LOOP('',(#7188,#7189,#7190,#7191));
#1406=EDGE_LOOP('',(#7192,#7193,#7194,#7195));
#1407=EDGE_LOOP('',(#7196,#7197,#7198,#7199));
#1408=EDGE_LOOP('',(#7200,#7201,#7202,#7203));
#1409=EDGE_LOOP('',(#7204,#7205,#7206,#7207,#7208,#7209,#7210,#7211));
#1410=EDGE_LOOP('',(#7212,#7213,#7214,#7215));
#1411=EDGE_LOOP('',(#7216,#7217,#7218,#7219));
#1412=EDGE_LOOP('',(#7220,#7221,#7222,#7223));
#1413=EDGE_LOOP('',(#7224,#7225,#7226,#7227));
#1414=EDGE_LOOP('',(#7228,#7229,#7230,#7231));
#1415=EDGE_LOOP('',(#7232,#7233,#7234,#7235));
#1416=EDGE_LOOP('',(#7236,#7237,#7238,#7239));
#1417=EDGE_LOOP('',(#7240,#7241,#7242,#7243));
#1418=EDGE_LOOP('',(#7244,#7245,#7246,#7247));
#1419=EDGE_LOOP('',(#7248,#7249,#7250,#7251,#7252,#7253,#7254,#7255,#7256,
#7257,#7258,#7259,#7260,#7261,#7262,#7263,#7264,#7265,#7266,#7267,#7268,
#7269,#7270,#7271,#7272,#7273));
#1420=EDGE_LOOP('',(#7274));
#1421=EDGE_LOOP('',(#7275));
#1422=EDGE_LOOP('',(#7276));
#1423=EDGE_LOOP('',(#7277,#7278,#7279,#7280));
#1424=EDGE_LOOP('',(#7281,#7282,#7283,#7284));
#1425=EDGE_LOOP('',(#7285,#7286,#7287,#7288));
#1426=EDGE_LOOP('',(#7289,#7290,#7291,#7292));
#1427=EDGE_LOOP('',(#7293,#7294,#7295,#7296));
#1428=EDGE_LOOP('',(#7297,#7298,#7299,#7300));
#1429=EDGE_LOOP('',(#7301,#7302,#7303,#7304));
#1430=EDGE_LOOP('',(#7305,#7306,#7307,#7308));
#1431=EDGE_LOOP('',(#7309,#7310,#7311,#7312));
#1432=EDGE_LOOP('',(#7313,#7314,#7315,#7316));
#1433=EDGE_LOOP('',(#7317,#7318,#7319,#7320));
#1434=EDGE_LOOP('',(#7321,#7322,#7323,#7324,#7325,#7326,#7327,#7328));
#1435=EDGE_LOOP('',(#7329));
#1436=EDGE_LOOP('',(#7330,#7331,#7332,#7333));
#1437=EDGE_LOOP('',(#7334,#7335,#7336,#7337));
#1438=EDGE_LOOP('',(#7338,#7339,#7340,#7341));
#1439=EDGE_LOOP('',(#7342,#7343,#7344,#7345));
#1440=EDGE_LOOP('',(#7346,#7347,#7348,#7349));
#1441=EDGE_LOOP('',(#7350,#7351,#7352,#7353,#7354,#7355,#7356,#7357));
#1442=EDGE_LOOP('',(#7358,#7359,#7360,#7361));
#1443=EDGE_LOOP('',(#7362,#7363,#7364,#7365));
#1444=EDGE_LOOP('',(#7366,#7367,#7368,#7369));
#1445=EDGE_LOOP('',(#7370,#7371,#7372,#7373));
#1446=EDGE_LOOP('',(#7374,#7375,#7376,#7377));
#1447=EDGE_LOOP('',(#7378,#7379,#7380,#7381));
#1448=EDGE_LOOP('',(#7382,#7383,#7384,#7385,#7386,#7387,#7388,#7389));
#1449=EDGE_LOOP('',(#7390,#7391,#7392,#7393,#7394,#7395,#7396,#7397,#7398,
#7399,#7400,#7401,#7402,#7403,#7404,#7405));
#1450=EDGE_LOOP('',(#7406));
#1451=EDGE_LOOP('',(#7407,#7408,#7409,#7410,#7411));
#1452=EDGE_LOOP('',(#7412,#7413,#7414,#7415));
#1453=EDGE_LOOP('',(#7416,#7417,#7418,#7419));
#1454=EDGE_LOOP('',(#7420,#7421,#7422,#7423));
#1455=EDGE_LOOP('',(#7424,#7425,#7426,#7427));
#1456=EDGE_LOOP('',(#7428,#7429,#7430,#7431));
#1457=EDGE_LOOP('',(#7432,#7433,#7434,#7435));
#1458=EDGE_LOOP('',(#7436,#7437,#7438,#7439));
#1459=EDGE_LOOP('',(#7440,#7441,#7442,#7443));
#1460=EDGE_LOOP('',(#7444,#7445,#7446,#7447));
#1461=EDGE_LOOP('',(#7448,#7449,#7450,#7451));
#1462=EDGE_LOOP('',(#7452,#7453,#7454,#7455));
#1463=EDGE_LOOP('',(#7456,#7457,#7458,#7459,#7460,#7461,#7462,#7463,#7464,
#7465,#7466,#7467));
#1464=EDGE_LOOP('',(#7468,#7469,#7470,#7471,#7472,#7473,#7474,#7475,#7476,
#7477,#7478,#7479,#7480,#7481,#7482,#7483));
#1465=EDGE_LOOP('',(#7484));
#1466=EDGE_LOOP('',(#7485,#7486,#7487,#7488));
#1467=EDGE_LOOP('',(#7489,#7490,#7491,#7492));
#1468=EDGE_LOOP('',(#7493,#7494,#7495,#7496));
#1469=EDGE_LOOP('',(#7497,#7498,#7499,#7500));
#1470=EDGE_LOOP('',(#7501,#7502,#7503,#7504));
#1471=EDGE_LOOP('',(#7505,#7506,#7507,#7508));
#1472=EDGE_LOOP('',(#7509,#7510,#7511,#7512,#7513));
#1473=EDGE_LOOP('',(#7514,#7515,#7516,#7517));
#1474=EDGE_LOOP('',(#7518,#7519,#7520,#7521));
#1475=EDGE_LOOP('',(#7522,#7523,#7524,#7525));
#1476=EDGE_LOOP('',(#7526,#7527,#7528,#7529));
#1477=EDGE_LOOP('',(#7530,#7531,#7532,#7533));
#1478=EDGE_LOOP('',(#7534,#7535,#7536,#7537,#7538,#7539,#7540,#7541,#7542,
#7543,#7544,#7545));
#1479=CIRCLE('',#8056,1.55162884844712);
#1480=CIRCLE('',#8058,2.75);
#1481=CIRCLE('',#8059,2.6);
#1482=CIRCLE('',#8061,2.75);
#1483=CIRCLE('',#8062,2.75);
#1484=CIRCLE('',#8064,2.6);
#1485=CIRCLE('',#8066,1.5);
#1486=CIRCLE('',#8067,0.149999999999999);
#1487=CIRCLE('',#8068,1.65);
#1488=CIRCLE('',#8070,1.5);
#1489=CIRCLE('',#8071,1.5);
#1490=CIRCLE('',#8073,1.17524047358084);
#1491=CIRCLE('',#8086,1.9500000000002);
#1492=CIRCLE('',#8087,1.9500000000002);
#1493=CIRCLE('',#8088,1.9500000000002);
#1494=CIRCLE('',#8089,1.9500000000002);
#1495=CIRCLE('',#8090,1.9500000000002);
#1496=CIRCLE('',#8091,1.9500000000002);
#1497=CIRCLE('',#8092,1.9500000000002);
#1498=CIRCLE('',#8093,1.9500000000002);
#1499=CIRCLE('',#8094,1.9500000000002);
#1500=CIRCLE('',#8095,1.9500000000002);
#1501=CIRCLE('',#8096,1.9500000000002);
#1502=CIRCLE('',#8097,1.9500000000002);
#1503=CIRCLE('',#8098,1.9500000000002);
#1504=CIRCLE('',#8099,1.9500000000002);
#1505=CIRCLE('',#8100,1.9500000000002);
#1506=CIRCLE('',#8105,1.);
#1507=CIRCLE('',#8106,1.);
#1508=CIRCLE('',#8108,1.);
#1509=CIRCLE('',#8109,1.);
#1510=CIRCLE('',#8117,1.);
#1511=CIRCLE('',#8118,1.);
#1512=CIRCLE('',#8120,1.);
#1513=CIRCLE('',#8121,1.);
#1514=CIRCLE('',#8127,3.2);
#1515=CIRCLE('',#8128,3.2);
#1516=CIRCLE('',#8129,3.2);
#1517=CIRCLE('',#8130,3.2);
#1518=CIRCLE('',#8131,3.2);
#1519=CIRCLE('',#8132,3.2);
#1520=CIRCLE('',#8133,3.2);
#1521=CIRCLE('',#8134,3.2);
#1522=CIRCLE('',#8135,3.2);
#1523=CIRCLE('',#8136,3.2);
#1524=CIRCLE('',#8137,3.2);
#1525=CIRCLE('',#8138,3.2);
#1526=CIRCLE('',#8139,3.2);
#1527=CIRCLE('',#8140,3.2);
#1528=CIRCLE('',#8141,3.2);
#1529=CIRCLE('',#8143,1.75);
#1530=CIRCLE('',#8144,1.75);
#1531=CIRCLE('',#8145,1.75);
#1532=CIRCLE('',#8148,3.);
#1533=CIRCLE('',#8150,3.);
#1534=CIRCLE('',#8153,1.75);
#1535=CIRCLE('',#8154,1.75);
#1536=CIRCLE('',#8155,1.75);
#1537=CIRCLE('',#8158,3.);
#1538=CIRCLE('',#8160,3.);
#1539=CIRCLE('',#8163,3.);
#1540=CIRCLE('',#8165,1.75);
#1541=CIRCLE('',#8166,1.75);
#1542=CIRCLE('',#8167,1.75);
#1543=CIRCLE('',#8169,1.75);
#1544=CIRCLE('',#8170,1.75);
#1545=CIRCLE('',#8173,3.);
#1546=CIRCLE('',#8175,1.75);
#1547=CIRCLE('',#8177,3.);
#1548=CIRCLE('',#8179,3.);
#1549=CIRCLE('',#8183,3.);
#1550=CIRCLE('',#8185,1.75);
#1551=CIRCLE('',#8186,1.75);
#1552=CIRCLE('',#8187,1.75);
#1553=CIRCLE('',#8189,1.75);
#1554=CIRCLE('',#8190,1.75);
#1555=CIRCLE('',#8193,3.);
#1556=CIRCLE('',#8195,1.75);
#1557=CIRCLE('',#8197,3.);
#1558=CIRCLE('',#8199,3.);
#1559=CIRCLE('',#8203,3.);
#1560=CIRCLE('',#8205,1.75);
#1561=CIRCLE('',#8206,1.75);
#1562=CIRCLE('',#8207,1.75);
#1563=CIRCLE('',#8209,1.75);
#1564=CIRCLE('',#8210,1.75);
#1565=CIRCLE('',#8213,3.);
#1566=CIRCLE('',#8215,1.75);
#1567=CIRCLE('',#8217,3.);
#1568=CIRCLE('',#8219,3.);
#1569=CIRCLE('',#8223,3.);
#1570=CIRCLE('',#8225,1.75);
#1571=CIRCLE('',#8226,1.75);
#1572=CIRCLE('',#8227,1.75);
#1573=CIRCLE('',#8229,1.75);
#1574=CIRCLE('',#8230,1.75);
#1575=CIRCLE('',#8233,3.);
#1576=CIRCLE('',#8235,1.75);
#1577=CIRCLE('',#8237,3.);
#1578=CIRCLE('',#8239,3.);
#1579=CIRCLE('',#8244,1.75);
#1580=CIRCLE('',#8245,1.75);
#1581=CIRCLE('',#8246,1.75);
#1582=CIRCLE('',#8249,3.);
#1583=CIRCLE('',#8251,3.);
#1584=CIRCLE('',#8255,3.);
#1585=CIRCLE('',#8257,1.75);
#1586=CIRCLE('',#8258,1.75);
#1587=CIRCLE('',#8259,1.75);
#1588=CIRCLE('',#8261,1.75);
#1589=CIRCLE('',#8262,1.75);
#1590=CIRCLE('',#8265,3.);
#1591=CIRCLE('',#8267,1.75);
#1592=CIRCLE('',#8269,3.);
#1593=CIRCLE('',#8271,3.);
#1594=CIRCLE('',#8275,3.);
#1595=CIRCLE('',#8277,1.75);
#1596=CIRCLE('',#8278,1.75);
#1597=CIRCLE('',#8279,1.75);
#1598=CIRCLE('',#8281,1.75);
#1599=CIRCLE('',#8282,1.75);
#1600=CIRCLE('',#8285,3.);
#1601=CIRCLE('',#8287,1.75);
#1602=CIRCLE('',#8289,3.);
#1603=CIRCLE('',#8291,3.);
#1604=CIRCLE('',#8313,1.);
#1605=CIRCLE('',#8314,1.);
#1606=CIRCLE('',#8330,1.);
#1607=CIRCLE('',#8331,1.);
#1608=CIRCLE('',#8347,1.);
#1609=CIRCLE('',#8348,1.);
#1610=CIRCLE('',#8364,1.);
#1611=CIRCLE('',#8365,1.);
#1612=CIRCLE('',#8379,2.1);
#1613=CIRCLE('',#8381,2.1);
#1614=CIRCLE('',#8385,1.5);
#1615=CIRCLE('',#8386,1.8);
#1616=CIRCLE('',#8388,1.5);
#1617=CIRCLE('',#8389,1.8);
#1618=CIRCLE('',#8391,1.5);
#1619=CIRCLE('',#8393,1.5);
#1620=CIRCLE('',#8395,0.644009461630724);
#1621=CIRCLE('',#8396,0.644009461630724);
#1622=CIRCLE('',#8398,1.);
#1623=CIRCLE('',#8399,1.);
#1624=CIRCLE('',#8401,1.5);
#1625=CIRCLE('',#8402,1.8);
#1626=CIRCLE('',#8404,1.5);
#1627=CIRCLE('',#8405,1.8);
#1628=CIRCLE('',#8407,1.5);
#1629=CIRCLE('',#8409,1.5);
#1630=CIRCLE('',#8421,1.);
#1631=CIRCLE('',#8422,1.);
#1632=CIRCLE('',#8440,0.644009461630724);
#1633=CIRCLE('',#8441,0.644009461630724);
#1634=CIRCLE('',#8443,1.);
#1635=CIRCLE('',#8444,1.);
#1636=CIRCLE('',#8446,1.);
#1637=CIRCLE('',#8447,1.);
#1638=CIRCLE('',#8467,1.17847366830297);
#1639=CIRCLE('',#8468,1.30146994110697);
#1640=CIRCLE('',#8469,1.29981544265263);
#1641=CIRCLE('',#8470,1.20193412270979);
#1642=CIRCLE('',#8471,1.29933075830278);
#1643=CIRCLE('',#8472,1.30146994110697);
#1644=CIRCLE('',#8473,1.17430247357013);
#1645=CIRCLE('',#8474,1.29513828308694);
#1646=CIRCLE('',#8475,1.29933075830278);
#1647=CIRCLE('',#8476,1.14741772100429);
#1648=CIRCLE('',#8477,1.29981544265263);
#1649=CIRCLE('',#8478,1.29513828308694);
#1650=CIRCLE('',#8479,1.17847366830297);
#1651=CIRCLE('',#8480,1.30154507029069);
#1652=CIRCLE('',#8481,1.30154507029067);
#1653=CIRCLE('',#8497,1.17430247357013);
#1654=CIRCLE('',#8498,1.30146994110697);
#1655=CIRCLE('',#8499,1.29933075830278);
#1656=CIRCLE('',#8500,1.20193412270979);
#1657=CIRCLE('',#8501,1.29981544265263);
#1658=CIRCLE('',#8502,1.30146994110697);
#1659=CIRCLE('',#8503,1.17847366830296);
#1660=CIRCLE('',#8504,1.29513828308694);
#1661=CIRCLE('',#8505,1.29981544265263);
#1662=CIRCLE('',#8506,1.14741772100429);
#1663=CIRCLE('',#8507,1.29933075830278);
#1664=CIRCLE('',#8508,1.29513828308694);
#1665=CIRCLE('',#8509,1.17430247357013);
#1666=CIRCLE('',#8510,1.30154507029069);
#1667=CIRCLE('',#8511,1.30154507029067);
#1668=CIRCLE('',#8527,0.5);
#1669=CIRCLE('',#8528,0.5);
#1670=CIRCLE('',#8530,1.30154507029067);
#1671=CIRCLE('',#8531,1.30154507029067);
#1672=CIRCLE('',#8532,1.30154507029067);
#1673=CIRCLE('',#8533,1.30154507029067);
#1674=CIRCLE('',#8534,1.30154507029067);
#1675=CIRCLE('',#8535,1.30154507029067);
#1676=CIRCLE('',#8537,0.644009461630724);
#1677=CIRCLE('',#8538,0.644009461630724);
#1678=CIRCLE('',#8540,1.30154507029067);
#1679=CIRCLE('',#8541,1.30154507029067);
#1680=CIRCLE('',#8542,1.30154507029067);
#1681=CIRCLE('',#8543,1.30154507029067);
#1682=CIRCLE('',#8544,1.30154507029067);
#1683=CIRCLE('',#8545,1.30154507029067);
#1684=CIRCLE('',#8549,1.);
#1685=CIRCLE('',#8550,1.);
#1686=CIRCLE('',#8551,1.);
#1687=CIRCLE('',#8552,1.);
#1688=CIRCLE('',#8553,0.5);
#1689=CIRCLE('',#8558,1.);
#1690=CIRCLE('',#8563,1.);
#1691=CIRCLE('',#8570,1.);
#1692=CIRCLE('',#8575,1.);
#1693=CIRCLE('',#8598,0.5);
#1694=CIRCLE('',#8606,0.644009461630724);
#1695=CIRCLE('',#8607,0.644009461630724);
#1696=CIRCLE('',#8609,1.);
#1697=CIRCLE('',#8610,1.);
#1698=CIRCLE('',#8612,1.);
#1699=CIRCLE('',#8613,1.);
#1700=CIRCLE('',#8633,0.5);
#1701=CIRCLE('',#8634,0.5);
#1702=CIRCLE('',#8636,1.30154507029067);
#1703=CIRCLE('',#8637,1.30154507029067);
#1704=CIRCLE('',#8638,1.30154507029067);
#1705=CIRCLE('',#8639,1.30154507029067);
#1706=CIRCLE('',#8640,1.30154507029067);
#1707=CIRCLE('',#8641,1.30154507029067);
#1708=CIRCLE('',#8643,0.644009461630724);
#1709=CIRCLE('',#8644,0.644009461630724);
#1710=CIRCLE('',#8646,1.30154507029067);
#1711=CIRCLE('',#8647,1.30154507029067);
#1712=CIRCLE('',#8648,1.30154507029067);
#1713=CIRCLE('',#8649,1.30154507029067);
#1714=CIRCLE('',#8650,1.30154507029067);
#1715=CIRCLE('',#8651,1.30154507029067);
#1716=CIRCLE('',#8655,0.5);
#1717=CIRCLE('',#8656,1.);
#1718=CIRCLE('',#8657,1.);
#1719=CIRCLE('',#8658,1.);
#1720=CIRCLE('',#8659,1.);
#1721=CIRCLE('',#8664,1.);
#1722=CIRCLE('',#8669,1.);
#1723=CIRCLE('',#8676,1.);
#1724=CIRCLE('',#8681,1.);
#1725=CIRCLE('',#8704,0.5);
#1726=CIRCLE('',#8712,1.30154507029067);
#1727=CIRCLE('',#8713,1.30154507029069);
#1728=CIRCLE('',#8714,1.17847366830297);
#1729=CIRCLE('',#8715,1.29513828308694);
#1730=CIRCLE('',#8716,1.29981544265263);
#1731=CIRCLE('',#8717,1.14741772100429);
#1732=CIRCLE('',#8718,1.29933075830278);
#1733=CIRCLE('',#8719,1.29513828308694);
#1734=CIRCLE('',#8720,1.17430247357013);
#1735=CIRCLE('',#8721,1.30146994110697);
#1736=CIRCLE('',#8722,1.29933075830278);
#1737=CIRCLE('',#8723,1.20193412270979);
#1738=CIRCLE('',#8724,1.29981544265263);
#1739=CIRCLE('',#8725,1.30146994110697);
#1740=CIRCLE('',#8726,1.17847366830297);
#1741=CIRCLE('',#8742,1.30154507029067);
#1742=CIRCLE('',#8743,1.30154507029069);
#1743=CIRCLE('',#8744,1.17430247357013);
#1744=CIRCLE('',#8745,1.29513828308694);
#1745=CIRCLE('',#8746,1.29933075830278);
#1746=CIRCLE('',#8747,1.14741772100429);
#1747=CIRCLE('',#8748,1.29981544265263);
#1748=CIRCLE('',#8749,1.29513828308694);
#1749=CIRCLE('',#8750,1.17847366830296);
#1750=CIRCLE('',#8751,1.30146994110697);
#1751=CIRCLE('',#8752,1.29981544265263);
#1752=CIRCLE('',#8753,1.20193412270979);
#1753=CIRCLE('',#8754,1.29933075830278);
#1754=CIRCLE('',#8755,1.30146994110697);
#1755=CIRCLE('',#8756,1.17430247357013);
#1756=LINE('',#11078,#2594);
#1757=LINE('',#11095,#2595);
#1758=LINE('',#11102,#2596);
#1759=LINE('',#11105,#2597);
#1760=LINE('',#11118,#2598);
#1761=LINE('',#11121,#2599);
#1762=LINE('',#11129,#2600);
#1763=LINE('',#11131,#2601);
#1764=LINE('',#11133,#2602);
#1765=LINE('',#11135,#2603);
#1766=LINE('',#11137,#2604);
#1767=LINE('',#11138,#2605);
#1768=LINE('',#11140,#2606);
#1769=LINE('',#11141,#2607);
#1770=LINE('',#11143,#2608);
#1771=LINE('',#11145,#2609);
#1772=LINE('',#11147,#2610);
#1773=LINE('',#11149,#2611);
#1774=LINE('',#11154,#2612);
#1775=LINE('',#11156,#2613);
#1776=LINE('',#11158,#2614);
#1777=LINE('',#11159,#2615);
#1778=LINE('',#11162,#2616);
#1779=LINE('',#11164,#2617);
#1780=LINE('',#11165,#2618);
#1781=LINE('',#11198,#2619);
#1782=LINE('',#11200,#2620);
#1783=LINE('',#11201,#2621);
#1784=LINE('',#11204,#2622);
#1785=LINE('',#11206,#2623);
#1786=LINE('',#11207,#2624);
#1787=LINE('',#11210,#2625);
#1788=LINE('',#11212,#2626);
#1789=LINE('',#11213,#2627);
#1790=LINE('',#11218,#2628);
#1791=LINE('',#11224,#2629);
#1792=LINE('',#11228,#2630);
#1793=LINE('',#11230,#2631);
#1794=LINE('',#11231,#2632);
#1795=LINE('',#11234,#2633);
#1796=LINE('',#11236,#2634);
#1797=LINE('',#11237,#2635);
#1798=LINE('',#11240,#2636);
#1799=LINE('',#11242,#2637);
#1800=LINE('',#11243,#2638);
#1801=LINE('',#11246,#2639);
#1802=LINE('',#11248,#2640);
#1803=LINE('',#11249,#2641);
#1804=LINE('',#11252,#2642);
#1805=LINE('',#11254,#2643);
#1806=LINE('',#11255,#2644);
#1807=LINE('',#11258,#2645);
#1808=LINE('',#11260,#2646);
#1809=LINE('',#11261,#2647);
#1810=LINE('',#11266,#2648);
#1811=LINE('',#11272,#2649);
#1812=LINE('',#11276,#2650);
#1813=LINE('',#11278,#2651);
#1814=LINE('',#11279,#2652);
#1815=LINE('',#11282,#2653);
#1816=LINE('',#11284,#2654);
#1817=LINE('',#11285,#2655);
#1818=LINE('',#11288,#2656);
#1819=LINE('',#11290,#2657);
#1820=LINE('',#11291,#2658);
#1821=LINE('',#11294,#2659);
#1822=LINE('',#11296,#2660);
#1823=LINE('',#11297,#2661);
#1824=LINE('',#11299,#2662);
#1825=LINE('',#11300,#2663);
#1826=LINE('',#11336,#2664);
#1827=LINE('',#11340,#2665);
#1828=LINE('',#11346,#2666);
#1829=LINE('',#11349,#2667);
#1830=LINE('',#11355,#2668);
#1831=LINE('',#11359,#2669);
#1832=LINE('',#11365,#2670);
#1833=LINE('',#11368,#2671);
#1834=LINE('',#11372,#2672);
#1835=LINE('',#11378,#2673);
#1836=LINE('',#11385,#2674);
#1837=LINE('',#11388,#2675);
#1838=LINE('',#11394,#2676);
#1839=LINE('',#11398,#2677);
#1840=LINE('',#11404,#2678);
#1841=LINE('',#11406,#2679);
#1842=LINE('',#11410,#2680);
#1843=LINE('',#11416,#2681);
#1844=LINE('',#11423,#2682);
#1845=LINE('',#11426,#2683);
#1846=LINE('',#11432,#2684);
#1847=LINE('',#11436,#2685);
#1848=LINE('',#11442,#2686);
#1849=LINE('',#11444,#2687);
#1850=LINE('',#11448,#2688);
#1851=LINE('',#11454,#2689);
#1852=LINE('',#11461,#2690);
#1853=LINE('',#11464,#2691);
#1854=LINE('',#11470,#2692);
#1855=LINE('',#11474,#2693);
#1856=LINE('',#11480,#2694);
#1857=LINE('',#11482,#2695);
#1858=LINE('',#11486,#2696);
#1859=LINE('',#11492,#2697);
#1860=LINE('',#11499,#2698);
#1861=LINE('',#11502,#2699);
#1862=LINE('',#11508,#2700);
#1863=LINE('',#11512,#2701);
#1864=LINE('',#11519,#2702);
#1865=LINE('',#11521,#2703);
#1866=LINE('',#11527,#2704);
#1867=LINE('',#11531,#2705);
#1868=LINE('',#11537,#2706);
#1869=LINE('',#11541,#2707);
#1870=LINE('',#11545,#2708);
#1871=LINE('',#11551,#2709);
#1872=LINE('',#11558,#2710);
#1873=LINE('',#11561,#2711);
#1874=LINE('',#11567,#2712);
#1875=LINE('',#11571,#2713);
#1876=LINE('',#11577,#2714);
#1877=LINE('',#11579,#2715);
#1878=LINE('',#11583,#2716);
#1879=LINE('',#11589,#2717);
#1880=LINE('',#11596,#2718);
#1881=LINE('',#11599,#2719);
#1882=LINE('',#11605,#2720);
#1883=LINE('',#11609,#2721);
#1884=LINE('',#11615,#2722);
#1885=LINE('',#11617,#2723);
#1886=LINE('',#11637,#2724);
#1887=LINE('',#11639,#2725);
#1888=LINE('',#11641,#2726);
#1889=LINE('',#11642,#2727);
#1890=LINE('',#11645,#2728);
#1891=LINE('',#11647,#2729);
#1892=LINE('',#11648,#2730);
#1893=LINE('',#11653,#2731);
#1894=LINE('',#11658,#2732);
#1895=LINE('',#11660,#2733);
#1896=LINE('',#11662,#2734);
#1897=LINE('',#11663,#2735);
#1898=LINE('',#11665,#2736);
#1899=LINE('',#11666,#2737);
#1900=LINE('',#11669,#2738);
#1901=LINE('',#11671,#2739);
#1902=LINE('',#11672,#2740);
#1903=LINE('',#11675,#2741);
#1904=LINE('',#11677,#2742);
#1905=LINE('',#11678,#2743);
#1906=LINE('',#11681,#2744);
#1907=LINE('',#11683,#2745);
#1908=LINE('',#11684,#2746);
#1909=LINE('',#11687,#2747);
#1910=LINE('',#11689,#2748);
#1911=LINE('',#11690,#2749);
#1912=LINE('',#11693,#2750);
#1913=LINE('',#11695,#2751);
#1914=LINE('',#11696,#2752);
#1915=LINE('',#11699,#2753);
#1916=LINE('',#11701,#2754);
#1917=LINE('',#11702,#2755);
#1918=LINE('',#11705,#2756);
#1919=LINE('',#11707,#2757);
#1920=LINE('',#11708,#2758);
#1921=LINE('',#11711,#2759);
#1922=LINE('',#11713,#2760);
#1923=LINE('',#11714,#2761);
#1924=LINE('',#11717,#2762);
#1925=LINE('',#11719,#2763);
#1926=LINE('',#11720,#2764);
#1927=LINE('',#11723,#2765);
#1928=LINE('',#11725,#2766);
#1929=LINE('',#11726,#2767);
#1930=LINE('',#11729,#2768);
#1931=LINE('',#11731,#2769);
#1932=LINE('',#11732,#2770);
#1933=LINE('',#11735,#2771);
#1934=LINE('',#11737,#2772);
#1935=LINE('',#11738,#2773);
#1936=LINE('',#11744,#2774);
#1937=LINE('',#11747,#2775);
#1938=LINE('',#11749,#2776);
#1939=LINE('',#11750,#2777);
#1940=LINE('',#11753,#2778);
#1941=LINE('',#11755,#2779);
#1942=LINE('',#11756,#2780);
#1943=LINE('',#11759,#2781);
#1944=LINE('',#11761,#2782);
#1945=LINE('',#11762,#2783);
#1946=LINE('',#11765,#2784);
#1947=LINE('',#11767,#2785);
#1948=LINE('',#11768,#2786);
#1949=LINE('',#11771,#2787);
#1950=LINE('',#11773,#2788);
#1951=LINE('',#11774,#2789);
#1952=LINE('',#11777,#2790);
#1953=LINE('',#11779,#2791);
#1954=LINE('',#11780,#2792);
#1955=LINE('',#11783,#2793);
#1956=LINE('',#11785,#2794);
#1957=LINE('',#11786,#2795);
#1958=LINE('',#11789,#2796);
#1959=LINE('',#11791,#2797);
#1960=LINE('',#11792,#2798);
#1961=LINE('',#11795,#2799);
#1962=LINE('',#11797,#2800);
#1963=LINE('',#11798,#2801);
#1964=LINE('',#11801,#2802);
#1965=LINE('',#11803,#2803);
#1966=LINE('',#11804,#2804);
#1967=LINE('',#11807,#2805);
#1968=LINE('',#11809,#2806);
#1969=LINE('',#11810,#2807);
#1970=LINE('',#11813,#2808);
#1971=LINE('',#11815,#2809);
#1972=LINE('',#11816,#2810);
#1973=LINE('',#11819,#2811);
#1974=LINE('',#11821,#2812);
#1975=LINE('',#11822,#2813);
#1976=LINE('',#11825,#2814);
#1977=LINE('',#11827,#2815);
#1978=LINE('',#11828,#2816);
#1979=LINE('',#11834,#2817);
#1980=LINE('',#11837,#2818);
#1981=LINE('',#11839,#2819);
#1982=LINE('',#11840,#2820);
#1983=LINE('',#11843,#2821);
#1984=LINE('',#11845,#2822);
#1985=LINE('',#11846,#2823);
#1986=LINE('',#11849,#2824);
#1987=LINE('',#11851,#2825);
#1988=LINE('',#11852,#2826);
#1989=LINE('',#11855,#2827);
#1990=LINE('',#11857,#2828);
#1991=LINE('',#11858,#2829);
#1992=LINE('',#11861,#2830);
#1993=LINE('',#11863,#2831);
#1994=LINE('',#11864,#2832);
#1995=LINE('',#11867,#2833);
#1996=LINE('',#11869,#2834);
#1997=LINE('',#11870,#2835);
#1998=LINE('',#11873,#2836);
#1999=LINE('',#11875,#2837);
#2000=LINE('',#11876,#2838);
#2001=LINE('',#11879,#2839);
#2002=LINE('',#11881,#2840);
#2003=LINE('',#11882,#2841);
#2004=LINE('',#11885,#2842);
#2005=LINE('',#11887,#2843);
#2006=LINE('',#11888,#2844);
#2007=LINE('',#11891,#2845);
#2008=LINE('',#11893,#2846);
#2009=LINE('',#11894,#2847);
#2010=LINE('',#11897,#2848);
#2011=LINE('',#11899,#2849);
#2012=LINE('',#11900,#2850);
#2013=LINE('',#11903,#2851);
#2014=LINE('',#11905,#2852);
#2015=LINE('',#11906,#2853);
#2016=LINE('',#11909,#2854);
#2017=LINE('',#11911,#2855);
#2018=LINE('',#11912,#2856);
#2019=LINE('',#11915,#2857);
#2020=LINE('',#11917,#2858);
#2021=LINE('',#11918,#2859);
#2022=LINE('',#11924,#2860);
#2023=LINE('',#11927,#2861);
#2024=LINE('',#11929,#2862);
#2025=LINE('',#11930,#2863);
#2026=LINE('',#11933,#2864);
#2027=LINE('',#11935,#2865);
#2028=LINE('',#11936,#2866);
#2029=LINE('',#11939,#2867);
#2030=LINE('',#11941,#2868);
#2031=LINE('',#11942,#2869);
#2032=LINE('',#11945,#2870);
#2033=LINE('',#11947,#2871);
#2034=LINE('',#11948,#2872);
#2035=LINE('',#11951,#2873);
#2036=LINE('',#11953,#2874);
#2037=LINE('',#11954,#2875);
#2038=LINE('',#11957,#2876);
#2039=LINE('',#11959,#2877);
#2040=LINE('',#11960,#2878);
#2041=LINE('',#11963,#2879);
#2042=LINE('',#11965,#2880);
#2043=LINE('',#11966,#2881);
#2044=LINE('',#11969,#2882);
#2045=LINE('',#11971,#2883);
#2046=LINE('',#11972,#2884);
#2047=LINE('',#11975,#2885);
#2048=LINE('',#11977,#2886);
#2049=LINE('',#11978,#2887);
#2050=LINE('',#11981,#2888);
#2051=LINE('',#11983,#2889);
#2052=LINE('',#11984,#2890);
#2053=LINE('',#11987,#2891);
#2054=LINE('',#11989,#2892);
#2055=LINE('',#11990,#2893);
#2056=LINE('',#11992,#2894);
#2057=LINE('',#11993,#2895);
#2058=LINE('',#12001,#2896);
#2059=LINE('',#12007,#2897);
#2060=LINE('',#12013,#2898);
#2061=LINE('',#12018,#2899);
#2062=LINE('',#12022,#2900);
#2063=LINE('',#12027,#2901);
#2064=LINE('',#12034,#2902);
#2065=LINE('',#12037,#2903);
#2066=LINE('',#12042,#2904);
#2067=LINE('',#12048,#2905);
#2068=LINE('',#12053,#2906);
#2069=LINE('',#12057,#2907);
#2070=LINE('',#12063,#2908);
#2071=LINE('',#12065,#2909);
#2072=LINE('',#12067,#2910);
#2073=LINE('',#12068,#2911);
#2074=LINE('',#12072,#2912);
#2075=LINE('',#12074,#2913);
#2076=LINE('',#12076,#2914);
#2077=LINE('',#12077,#2915);
#2078=LINE('',#12081,#2916);
#2079=LINE('',#12083,#2917);
#2080=LINE('',#12085,#2918);
#2081=LINE('',#12086,#2919);
#2082=LINE('',#12090,#2920);
#2083=LINE('',#12092,#2921);
#2084=LINE('',#12094,#2922);
#2085=LINE('',#12095,#2923);
#2086=LINE('',#12099,#2924);
#2087=LINE('',#12101,#2925);
#2088=LINE('',#12103,#2926);
#2089=LINE('',#12104,#2927);
#2090=LINE('',#12108,#2928);
#2091=LINE('',#12110,#2929);
#2092=LINE('',#12112,#2930);
#2093=LINE('',#12113,#2931);
#2094=LINE('',#12117,#2932);
#2095=LINE('',#12119,#2933);
#2096=LINE('',#12121,#2934);
#2097=LINE('',#12122,#2935);
#2098=LINE('',#12126,#2936);
#2099=LINE('',#12128,#2937);
#2100=LINE('',#12130,#2938);
#2101=LINE('',#12131,#2939);
#2102=LINE('',#12135,#2940);
#2103=LINE('',#12139,#2941);
#2104=LINE('',#12144,#2942);
#2105=LINE('',#12146,#2943);
#2106=LINE('',#12148,#2944);
#2107=LINE('',#12149,#2945);
#2108=LINE('',#12151,#2946);
#2109=LINE('',#12152,#2947);
#2110=LINE('',#12154,#2948);
#2111=LINE('',#12155,#2949);
#2112=LINE('',#12157,#2950);
#2113=LINE('',#12158,#2951);
#2114=LINE('',#12160,#2952);
#2115=LINE('',#12161,#2953);
#2116=LINE('',#12163,#2954);
#2117=LINE('',#12164,#2955);
#2118=LINE('',#12166,#2956);
#2119=LINE('',#12167,#2957);
#2120=LINE('',#12169,#2958);
#2121=LINE('',#12170,#2959);
#2122=LINE('',#12172,#2960);
#2123=LINE('',#12173,#2961);
#2124=LINE('',#12175,#2962);
#2125=LINE('',#12176,#2963);
#2126=LINE('',#12178,#2964);
#2127=LINE('',#12179,#2965);
#2128=LINE('',#12181,#2966);
#2129=LINE('',#12182,#2967);
#2130=LINE('',#12191,#2968);
#2131=LINE('',#12198,#2969);
#2132=LINE('',#12201,#2970);
#2133=LINE('',#12207,#2971);
#2134=LINE('',#12210,#2972);
#2135=LINE('',#12213,#2973);
#2136=LINE('',#12215,#2974);
#2137=LINE('',#12216,#2975);
#2138=LINE('',#12220,#2976);
#2139=LINE('',#12222,#2977);
#2140=LINE('',#12224,#2978);
#2141=LINE('',#12225,#2979);
#2142=LINE('',#12229,#2980);
#2143=LINE('',#12231,#2981);
#2144=LINE('',#12233,#2982);
#2145=LINE('',#12234,#2983);
#2146=LINE('',#12238,#2984);
#2147=LINE('',#12240,#2985);
#2148=LINE('',#12242,#2986);
#2149=LINE('',#12243,#2987);
#2150=LINE('',#12247,#2988);
#2151=LINE('',#12249,#2989);
#2152=LINE('',#12251,#2990);
#2153=LINE('',#12252,#2991);
#2154=LINE('',#12256,#2992);
#2155=LINE('',#12258,#2993);
#2156=LINE('',#12260,#2994);
#2157=LINE('',#12261,#2995);
#2158=LINE('',#12264,#2996);
#2159=LINE('',#12266,#2997);
#2160=LINE('',#12267,#2998);
#2161=LINE('',#12270,#2999);
#2162=LINE('',#12272,#3000);
#2163=LINE('',#12273,#3001);
#2164=LINE('',#12276,#3002);
#2165=LINE('',#12278,#3003);
#2166=LINE('',#12279,#3004);
#2167=LINE('',#12281,#3005);
#2168=LINE('',#12282,#3006);
#2169=LINE('',#12284,#3007);
#2170=LINE('',#12285,#3008);
#2171=LINE('',#12286,#3009);
#2172=LINE('',#12287,#3010);
#2173=LINE('',#12288,#3011);
#2174=LINE('',#12289,#3012);
#2175=LINE('',#12291,#3013);
#2176=LINE('',#12292,#3014);
#2177=LINE('',#12293,#3015);
#2178=LINE('',#12294,#3016);
#2179=LINE('',#12295,#3017);
#2180=LINE('',#12296,#3018);
#2181=LINE('',#12336,#3019);
#2182=LINE('',#12338,#3020);
#2183=LINE('',#12339,#3021);
#2184=LINE('',#12342,#3022);
#2185=LINE('',#12343,#3023);
#2186=LINE('',#12346,#3024);
#2187=LINE('',#12347,#3025);
#2188=LINE('',#12350,#3026);
#2189=LINE('',#12351,#3027);
#2190=LINE('',#12354,#3028);
#2191=LINE('',#12355,#3029);
#2192=LINE('',#12358,#3030);
#2193=LINE('',#12359,#3031);
#2194=LINE('',#12362,#3032);
#2195=LINE('',#12363,#3033);
#2196=LINE('',#12366,#3034);
#2197=LINE('',#12367,#3035);
#2198=LINE('',#12370,#3036);
#2199=LINE('',#12371,#3037);
#2200=LINE('',#12374,#3038);
#2201=LINE('',#12375,#3039);
#2202=LINE('',#12378,#3040);
#2203=LINE('',#12379,#3041);
#2204=LINE('',#12381,#3042);
#2205=LINE('',#12416,#3043);
#2206=LINE('',#12418,#3044);
#2207=LINE('',#12419,#3045);
#2208=LINE('',#12422,#3046);
#2209=LINE('',#12423,#3047);
#2210=LINE('',#12426,#3048);
#2211=LINE('',#12427,#3049);
#2212=LINE('',#12430,#3050);
#2213=LINE('',#12431,#3051);
#2214=LINE('',#12434,#3052);
#2215=LINE('',#12435,#3053);
#2216=LINE('',#12438,#3054);
#2217=LINE('',#12439,#3055);
#2218=LINE('',#12442,#3056);
#2219=LINE('',#12443,#3057);
#2220=LINE('',#12446,#3058);
#2221=LINE('',#12447,#3059);
#2222=LINE('',#12450,#3060);
#2223=LINE('',#12451,#3061);
#2224=LINE('',#12454,#3062);
#2225=LINE('',#12455,#3063);
#2226=LINE('',#12458,#3064);
#2227=LINE('',#12459,#3065);
#2228=LINE('',#12461,#3066);
#2229=LINE('',#12468,#3067);
#2230=LINE('',#12471,#3068);
#2231=LINE('',#12477,#3069);
#2232=LINE('',#12481,#3070);
#2233=LINE('',#12485,#3071);
#2234=LINE('',#12489,#3072);
#2235=LINE('',#12492,#3073);
#2236=LINE('',#12498,#3074);
#2237=LINE('',#12505,#3075);
#2238=LINE('',#12510,#3076);
#2239=LINE('',#12514,#3077);
#2240=LINE('',#12518,#3078);
#2241=LINE('',#12521,#3079);
#2242=LINE('',#12524,#3080);
#2243=LINE('',#12526,#3081);
#2244=LINE('',#12528,#3082);
#2245=LINE('',#12530,#3083);
#2246=LINE('',#12532,#3084);
#2247=LINE('',#12534,#3085);
#2248=LINE('',#12536,#3086);
#2249=LINE('',#12537,#3087);
#2250=LINE('',#12540,#3088);
#2251=LINE('',#12542,#3089);
#2252=LINE('',#12544,#3090);
#2253=LINE('',#12546,#3091);
#2254=LINE('',#12548,#3092);
#2255=LINE('',#12550,#3093);
#2256=LINE('',#12551,#3094);
#2257=LINE('',#12554,#3095);
#2258=LINE('',#12555,#3096);
#2259=LINE('',#12557,#3097);
#2260=LINE('',#12558,#3098);
#2261=LINE('',#12560,#3099);
#2262=LINE('',#12562,#3100);
#2263=LINE('',#12564,#3101);
#2264=LINE('',#12566,#3102);
#2265=LINE('',#12568,#3103);
#2266=LINE('',#12572,#3104);
#2267=LINE('',#12574,#3105);
#2268=LINE('',#12576,#3106);
#2269=LINE('',#12580,#3107);
#2270=LINE('',#12582,#3108);
#2271=LINE('',#12584,#3109);
#2272=LINE('',#12588,#3110);
#2273=LINE('',#12590,#3111);
#2274=LINE('',#12592,#3112);
#2275=LINE('',#12596,#3113);
#2276=LINE('',#12597,#3114);
#2277=LINE('',#12599,#3115);
#2278=LINE('',#12601,#3116);
#2279=LINE('',#12604,#3117);
#2280=LINE('',#12607,#3118);
#2281=LINE('',#12609,#3119);
#2282=LINE('',#12611,#3120);
#2283=LINE('',#12613,#3121);
#2284=LINE('',#12615,#3122);
#2285=LINE('',#12617,#3123);
#2286=LINE('',#12618,#3124);
#2287=LINE('',#12620,#3125);
#2288=LINE('',#12622,#3126);
#2289=LINE('',#12624,#3127);
#2290=LINE('',#12626,#3128);
#2291=LINE('',#12628,#3129);
#2292=LINE('',#12630,#3130);
#2293=LINE('',#12631,#3131);
#2294=LINE('',#12635,#3132);
#2295=LINE('',#12636,#3133);
#2296=LINE('',#12637,#3134);
#2297=LINE('',#12641,#3135);
#2298=LINE('',#12644,#3136);
#2299=LINE('',#12645,#3137);
#2300=LINE('',#12648,#3138);
#2301=LINE('',#12649,#3139);
#2302=LINE('',#12652,#3140);
#2303=LINE('',#12653,#3141);
#2304=LINE('',#12657,#3142);
#2305=LINE('',#12660,#3143);
#2306=LINE('',#12661,#3144);
#2307=LINE('',#12664,#3145);
#2308=LINE('',#12666,#3146);
#2309=LINE('',#12667,#3147);
#2310=LINE('',#12670,#3148);
#2311=LINE('',#12672,#3149);
#2312=LINE('',#12673,#3150);
#2313=LINE('',#12675,#3151);
#2314=LINE('',#12677,#3152);
#2315=LINE('',#12678,#3153);
#2316=LINE('',#12682,#3154);
#2317=LINE('',#12683,#3155);
#2318=LINE('',#12684,#3156);
#2319=LINE('',#12687,#3157);
#2320=LINE('',#12689,#3158);
#2321=LINE('',#12690,#3159);
#2322=LINE('',#12694,#3160);
#2323=LINE('',#12697,#3161);
#2324=LINE('',#12698,#3162);
#2325=LINE('',#12701,#3163);
#2326=LINE('',#12702,#3164);
#2327=LINE('',#12705,#3165);
#2328=LINE('',#12706,#3166);
#2329=LINE('',#12710,#3167);
#2330=LINE('',#12713,#3168);
#2331=LINE('',#12714,#3169);
#2332=LINE('',#12716,#3170);
#2333=LINE('',#12718,#3171);
#2334=LINE('',#12719,#3172);
#2335=LINE('',#12720,#3173);
#2336=LINE('',#12721,#3174);
#2337=LINE('',#12722,#3175);
#2338=LINE('',#12723,#3176);
#2339=LINE('',#12732,#3177);
#2340=LINE('',#12733,#3178);
#2341=LINE('',#12736,#3179);
#2342=LINE('',#12737,#3180);
#2343=LINE('',#12739,#3181);
#2344=LINE('',#12741,#3182);
#2345=LINE('',#12743,#3183);
#2346=LINE('',#12747,#3184);
#2347=LINE('',#12748,#3185);
#2348=LINE('',#12750,#3186);
#2349=LINE('',#12752,#3187);
#2350=LINE('',#12755,#3188);
#2351=LINE('',#12756,#3189);
#2352=LINE('',#12758,#3190);
#2353=LINE('',#12762,#3191);
#2354=LINE('',#12765,#3192);
#2355=LINE('',#12768,#3193);
#2356=LINE('',#12769,#3194);
#2357=LINE('',#12771,#3195);
#2358=LINE('',#12773,#3196);
#2359=LINE('',#12776,#3197);
#2360=LINE('',#12777,#3198);
#2361=LINE('',#12779,#3199);
#2362=LINE('',#12785,#3200);
#2363=LINE('',#12792,#3201);
#2364=LINE('',#12795,#3202);
#2365=LINE('',#12801,#3203);
#2366=LINE('',#12804,#3204);
#2367=LINE('',#12807,#3205);
#2368=LINE('',#12809,#3206);
#2369=LINE('',#12810,#3207);
#2370=LINE('',#12814,#3208);
#2371=LINE('',#12816,#3209);
#2372=LINE('',#12818,#3210);
#2373=LINE('',#12819,#3211);
#2374=LINE('',#12823,#3212);
#2375=LINE('',#12825,#3213);
#2376=LINE('',#12827,#3214);
#2377=LINE('',#12828,#3215);
#2378=LINE('',#12832,#3216);
#2379=LINE('',#12834,#3217);
#2380=LINE('',#12836,#3218);
#2381=LINE('',#12837,#3219);
#2382=LINE('',#12841,#3220);
#2383=LINE('',#12843,#3221);
#2384=LINE('',#12845,#3222);
#2385=LINE('',#12846,#3223);
#2386=LINE('',#12850,#3224);
#2387=LINE('',#12852,#3225);
#2388=LINE('',#12854,#3226);
#2389=LINE('',#12855,#3227);
#2390=LINE('',#12858,#3228);
#2391=LINE('',#12860,#3229);
#2392=LINE('',#12861,#3230);
#2393=LINE('',#12864,#3231);
#2394=LINE('',#12866,#3232);
#2395=LINE('',#12867,#3233);
#2396=LINE('',#12870,#3234);
#2397=LINE('',#12872,#3235);
#2398=LINE('',#12873,#3236);
#2399=LINE('',#12875,#3237);
#2400=LINE('',#12876,#3238);
#2401=LINE('',#12878,#3239);
#2402=LINE('',#12879,#3240);
#2403=LINE('',#12880,#3241);
#2404=LINE('',#12881,#3242);
#2405=LINE('',#12882,#3243);
#2406=LINE('',#12883,#3244);
#2407=LINE('',#12885,#3245);
#2408=LINE('',#12886,#3246);
#2409=LINE('',#12887,#3247);
#2410=LINE('',#12888,#3248);
#2411=LINE('',#12889,#3249);
#2412=LINE('',#12890,#3250);
#2413=LINE('',#12902,#3251);
#2414=LINE('',#12905,#3252);
#2415=LINE('',#12911,#3253);
#2416=LINE('',#12916,#3254);
#2417=LINE('',#12920,#3255);
#2418=LINE('',#12924,#3256);
#2419=LINE('',#12927,#3257);
#2420=LINE('',#12932,#3258);
#2421=LINE('',#12939,#3259);
#2422=LINE('',#12943,#3260);
#2423=LINE('',#12947,#3261);
#2424=LINE('',#12951,#3262);
#2425=LINE('',#12954,#3263);
#2426=LINE('',#12958,#3264);
#2427=LINE('',#12960,#3265);
#2428=LINE('',#12962,#3266);
#2429=LINE('',#12964,#3267);
#2430=LINE('',#12966,#3268);
#2431=LINE('',#12968,#3269);
#2432=LINE('',#12970,#3270);
#2433=LINE('',#12971,#3271);
#2434=LINE('',#12974,#3272);
#2435=LINE('',#12976,#3273);
#2436=LINE('',#12978,#3274);
#2437=LINE('',#12980,#3275);
#2438=LINE('',#12982,#3276);
#2439=LINE('',#12984,#3277);
#2440=LINE('',#12985,#3278);
#2441=LINE('',#12988,#3279);
#2442=LINE('',#12990,#3280);
#2443=LINE('',#12994,#3281);
#2444=LINE('',#12995,#3282);
#2445=LINE('',#12997,#3283);
#2446=LINE('',#12999,#3284);
#2447=LINE('',#13003,#3285);
#2448=LINE('',#13005,#3286);
#2449=LINE('',#13007,#3287);
#2450=LINE('',#13011,#3288);
#2451=LINE('',#13013,#3289);
#2452=LINE('',#13015,#3290);
#2453=LINE('',#13019,#3291);
#2454=LINE('',#13021,#3292);
#2455=LINE('',#13023,#3293);
#2456=LINE('',#13027,#3294);
#2457=LINE('',#13029,#3295);
#2458=LINE('',#13031,#3296);
#2459=LINE('',#13033,#3297);
#2460=LINE('',#13034,#3298);
#2461=LINE('',#13036,#3299);
#2462=LINE('',#13037,#3300);
#2463=LINE('',#13038,#3301);
#2464=LINE('',#13041,#3302);
#2465=LINE('',#13043,#3303);
#2466=LINE('',#13045,#3304);
#2467=LINE('',#13047,#3305);
#2468=LINE('',#13049,#3306);
#2469=LINE('',#13051,#3307);
#2470=LINE('',#13052,#3308);
#2471=LINE('',#13054,#3309);
#2472=LINE('',#13056,#3310);
#2473=LINE('',#13058,#3311);
#2474=LINE('',#13060,#3312);
#2475=LINE('',#13062,#3313);
#2476=LINE('',#13064,#3314);
#2477=LINE('',#13065,#3315);
#2478=LINE('',#13069,#3316);
#2479=LINE('',#13070,#3317);
#2480=LINE('',#13071,#3318);
#2481=LINE('',#13075,#3319);
#2482=LINE('',#13078,#3320);
#2483=LINE('',#13079,#3321);
#2484=LINE('',#13082,#3322);
#2485=LINE('',#13083,#3323);
#2486=LINE('',#13086,#3324);
#2487=LINE('',#13087,#3325);
#2488=LINE('',#13091,#3326);
#2489=LINE('',#13094,#3327);
#2490=LINE('',#13095,#3328);
#2491=LINE('',#13098,#3329);
#2492=LINE('',#13100,#3330);
#2493=LINE('',#13101,#3331);
#2494=LINE('',#13104,#3332);
#2495=LINE('',#13106,#3333);
#2496=LINE('',#13108,#3334);
#2497=LINE('',#13109,#3335);
#2498=LINE('',#13111,#3336);
#2499=LINE('',#13112,#3337);
#2500=LINE('',#13116,#3338);
#2501=LINE('',#13117,#3339);
#2502=LINE('',#13118,#3340);
#2503=LINE('',#13121,#3341);
#2504=LINE('',#13123,#3342);
#2505=LINE('',#13124,#3343);
#2506=LINE('',#13128,#3344);
#2507=LINE('',#13131,#3345);
#2508=LINE('',#13132,#3346);
#2509=LINE('',#13135,#3347);
#2510=LINE('',#13136,#3348);
#2511=LINE('',#13139,#3349);
#2512=LINE('',#13140,#3350);
#2513=LINE('',#13144,#3351);
#2514=LINE('',#13147,#3352);
#2515=LINE('',#13148,#3353);
#2516=LINE('',#13150,#3354);
#2517=LINE('',#13152,#3355);
#2518=LINE('',#13153,#3356);
#2519=LINE('',#13154,#3357);
#2520=LINE('',#13155,#3358);
#2521=LINE('',#13156,#3359);
#2522=LINE('',#13157,#3360);
#2523=LINE('',#13166,#3361);
#2524=LINE('',#13167,#3362);
#2525=LINE('',#13170,#3363);
#2526=LINE('',#13171,#3364);
#2527=LINE('',#13173,#3365);
#2528=LINE('',#13175,#3366);
#2529=LINE('',#13177,#3367);
#2530=LINE('',#13181,#3368);
#2531=LINE('',#13182,#3369);
#2532=LINE('',#13184,#3370);
#2533=LINE('',#13186,#3371);
#2534=LINE('',#13189,#3372);
#2535=LINE('',#13190,#3373);
#2536=LINE('',#13192,#3374);
#2537=LINE('',#13196,#3375);
#2538=LINE('',#13199,#3376);
#2539=LINE('',#13202,#3377);
#2540=LINE('',#13203,#3378);
#2541=LINE('',#13205,#3379);
#2542=LINE('',#13207,#3380);
#2543=LINE('',#13210,#3381);
#2544=LINE('',#13211,#3382);
#2545=LINE('',#13213,#3383);
#2546=LINE('',#13248,#3384);
#2547=LINE('',#13250,#3385);
#2548=LINE('',#13251,#3386);
#2549=LINE('',#13254,#3387);
#2550=LINE('',#13255,#3388);
#2551=LINE('',#13258,#3389);
#2552=LINE('',#13259,#3390);
#2553=LINE('',#13262,#3391);
#2554=LINE('',#13263,#3392);
#2555=LINE('',#13266,#3393);
#2556=LINE('',#13267,#3394);
#2557=LINE('',#13270,#3395);
#2558=LINE('',#13271,#3396);
#2559=LINE('',#13274,#3397);
#2560=LINE('',#13275,#3398);
#2561=LINE('',#13278,#3399);
#2562=LINE('',#13279,#3400);
#2563=LINE('',#13282,#3401);
#2564=LINE('',#13283,#3402);
#2565=LINE('',#13286,#3403);
#2566=LINE('',#13287,#3404);
#2567=LINE('',#13290,#3405);
#2568=LINE('',#13291,#3406);
#2569=LINE('',#13293,#3407);
#2570=LINE('',#13328,#3408);
#2571=LINE('',#13330,#3409);
#2572=LINE('',#13331,#3410);
#2573=LINE('',#13334,#3411);
#2574=LINE('',#13335,#3412);
#2575=LINE('',#13338,#3413);
#2576=LINE('',#13339,#3414);
#2577=LINE('',#13342,#3415);
#2578=LINE('',#13343,#3416);
#2579=LINE('',#13346,#3417);
#2580=LINE('',#13347,#3418);
#2581=LINE('',#13350,#3419);
#2582=LINE('',#13351,#3420);
#2583=LINE('',#13354,#3421);
#2584=LINE('',#13355,#3422);
#2585=LINE('',#13358,#3423);
#2586=LINE('',#13359,#3424);
#2587=LINE('',#13362,#3425);
#2588=LINE('',#13363,#3426);
#2589=LINE('',#13366,#3427);
#2590=LINE('',#13367,#3428);
#2591=LINE('',#13370,#3429);
#2592=LINE('',#13371,#3430);
#2593=LINE('',#13373,#3431);
#2594=VECTOR('',#8782,1.55162884844712);
#2595=VECTOR('',#8789,2.75);
#2596=VECTOR('',#8798,2.75);
#2597=VECTOR('',#8801,2.6);
#2598=VECTOR('',#8818,1.5);
#2599=VECTOR('',#8821,1.17524047358084);
#2600=VECTOR('',#8832,1000.);
#2601=VECTOR('',#8833,1000.);
#2602=VECTOR('',#8834,1000.);
#2603=VECTOR('',#8835,1000.);
#2604=VECTOR('',#8836,1000.);
#2605=VECTOR('',#8837,1000.);
#2606=VECTOR('',#8840,1000.);
#2607=VECTOR('',#8841,1000.);
#2608=VECTOR('',#8844,1000.);
#2609=VECTOR('',#8847,1000.);
#2610=VECTOR('',#8850,1000.);
#2611=VECTOR('',#8853,1000.);
#2612=VECTOR('',#8858,300.);
#2613=VECTOR('',#8859,0.282842712474618);
#2614=VECTOR('',#8860,300.);
#2615=VECTOR('',#8861,0.282842712474618);
#2616=VECTOR('',#8864,8.6);
#2617=VECTOR('',#8865,300.);
#2618=VECTOR('',#8866,8.6);
#2619=VECTOR('',#8899,0.282842712474619);
#2620=VECTOR('',#8900,300.);
#2621=VECTOR('',#8901,0.282842712474619);
#2622=VECTOR('',#8904,3.50501256289338);
#2623=VECTOR('',#8905,300.);
#2624=VECTOR('',#8906,3.50501256289338);
#2625=VECTOR('',#8909,3.50501256289338);
#2626=VECTOR('',#8910,300.);
#2627=VECTOR('',#8911,3.50501256289338);
#2628=VECTOR('',#8916,300.);
#2629=VECTOR('',#8923,300.);
#2630=VECTOR('',#8928,0.46765315675431);
#2631=VECTOR('',#8929,300.);
#2632=VECTOR('',#8930,0.46765315675431);
#2633=VECTOR('',#8933,0.46765315675431);
#2634=VECTOR('',#8934,300.);
#2635=VECTOR('',#8935,0.46765315675431);
#2636=VECTOR('',#8938,0.5);
#2637=VECTOR('',#8939,300.);
#2638=VECTOR('',#8940,0.5);
#2639=VECTOR('',#8943,0.5);
#2640=VECTOR('',#8944,300.);
#2641=VECTOR('',#8945,0.5);
#2642=VECTOR('',#8948,0.499999999999999);
#2643=VECTOR('',#8949,300.);
#2644=VECTOR('',#8950,0.499999999999999);
#2645=VECTOR('',#8953,0.50000000000001);
#2646=VECTOR('',#8954,300.);
#2647=VECTOR('',#8955,0.50000000000001);
#2648=VECTOR('',#8960,300.);
#2649=VECTOR('',#8967,300.);
#2650=VECTOR('',#8972,0.60501256289338);
#2651=VECTOR('',#8973,300.);
#2652=VECTOR('',#8974,0.60501256289338);
#2653=VECTOR('',#8977,0.60501256289338);
#2654=VECTOR('',#8978,300.);
#2655=VECTOR('',#8979,0.60501256289338);
#2656=VECTOR('',#8982,0.282842712474619);
#2657=VECTOR('',#8983,300.);
#2658=VECTOR('',#8984,0.282842712474619);
#2659=VECTOR('',#8987,0.282842712474619);
#2660=VECTOR('',#8988,300.);
#2661=VECTOR('',#8989,0.282842712474619);
#2662=VECTOR('',#8992,8.6);
#2663=VECTOR('',#8993,8.6);
#2664=VECTOR('',#9028,1.75);
#2665=VECTOR('',#9035,1.75);
#2666=VECTOR('',#9042,3.);
#2667=VECTOR('',#9047,3.);
#2668=VECTOR('',#9052,1.75);
#2669=VECTOR('',#9059,1.75);
#2670=VECTOR('',#9066,3.);
#2671=VECTOR('',#9071,3.);
#2672=VECTOR('',#9076,3.);
#2673=VECTOR('',#9081,1.75);
#2674=VECTOR('',#9090,1.75);
#2675=VECTOR('',#9095,1.75);
#2676=VECTOR('',#9102,1.75);
#2677=VECTOR('',#9107,3.);
#2678=VECTOR('',#9116,3.);
#2679=VECTOR('',#9119,3.);
#2680=VECTOR('',#9124,3.);
#2681=VECTOR('',#9129,1.75);
#2682=VECTOR('',#9138,1.75);
#2683=VECTOR('',#9143,1.75);
#2684=VECTOR('',#9150,1.75);
#2685=VECTOR('',#9155,3.);
#2686=VECTOR('',#9164,3.);
#2687=VECTOR('',#9167,3.);
#2688=VECTOR('',#9172,3.);
#2689=VECTOR('',#9177,1.75);
#2690=VECTOR('',#9186,1.75);
#2691=VECTOR('',#9191,1.75);
#2692=VECTOR('',#9198,1.75);
#2693=VECTOR('',#9203,3.);
#2694=VECTOR('',#9212,3.);
#2695=VECTOR('',#9215,3.);
#2696=VECTOR('',#9220,3.);
#2697=VECTOR('',#9225,1.75);
#2698=VECTOR('',#9234,1.75);
#2699=VECTOR('',#9239,1.75);
#2700=VECTOR('',#9246,1.75);
#2701=VECTOR('',#9251,3.);
#2702=VECTOR('',#9262,3.);
#2703=VECTOR('',#9265,3.);
#2704=VECTOR('',#9270,1.75);
#2705=VECTOR('',#9277,1.75);
#2706=VECTOR('',#9284,3.);
#2707=VECTOR('',#9291,3.);
#2708=VECTOR('',#9296,3.);
#2709=VECTOR('',#9301,1.75);
#2710=VECTOR('',#9310,1.75);
#2711=VECTOR('',#9315,1.75);
#2712=VECTOR('',#9322,1.75);
#2713=VECTOR('',#9327,3.);
#2714=VECTOR('',#9336,3.);
#2715=VECTOR('',#9339,3.);
#2716=VECTOR('',#9344,3.);
#2717=VECTOR('',#9349,1.75);
#2718=VECTOR('',#9358,1.75);
#2719=VECTOR('',#9363,1.75);
#2720=VECTOR('',#9370,1.75);
#2721=VECTOR('',#9375,3.);
#2722=VECTOR('',#9384,3.);
#2723=VECTOR('',#9387,3.);
#2724=VECTOR('',#9422,1000.);
#2725=VECTOR('',#9423,1000.);
#2726=VECTOR('',#9424,10.);
#2727=VECTOR('',#9425,1000.);
#2728=VECTOR('',#9428,1000.);
#2729=VECTOR('',#9429,10.);
#2730=VECTOR('',#9430,1000.);
#2731=VECTOR('',#9435,1000.);
#2732=VECTOR('',#9440,1000.);
#2733=VECTOR('',#9441,1000.);
#2734=VECTOR('',#9442,10.);
#2735=VECTOR('',#9443,1000.);
#2736=VECTOR('',#9446,1000.);
#2737=VECTOR('',#9447,10.);
#2738=VECTOR('',#9450,1000.);
#2739=VECTOR('',#9451,10.);
#2740=VECTOR('',#9452,1000.);
#2741=VECTOR('',#9455,1000.);
#2742=VECTOR('',#9456,10.);
#2743=VECTOR('',#9457,1000.);
#2744=VECTOR('',#9460,1000.);
#2745=VECTOR('',#9461,10.);
#2746=VECTOR('',#9462,1000.);
#2747=VECTOR('',#9465,1000.);
#2748=VECTOR('',#9466,10.);
#2749=VECTOR('',#9467,1000.);
#2750=VECTOR('',#9470,1000.);
#2751=VECTOR('',#9471,10.);
#2752=VECTOR('',#9472,1000.);
#2753=VECTOR('',#9475,1000.);
#2754=VECTOR('',#9476,10.);
#2755=VECTOR('',#9477,1000.);
#2756=VECTOR('',#9480,1000.);
#2757=VECTOR('',#9481,10.);
#2758=VECTOR('',#9482,1000.);
#2759=VECTOR('',#9485,1000.);
#2760=VECTOR('',#9486,10.);
#2761=VECTOR('',#9487,1000.);
#2762=VECTOR('',#9490,1000.);
#2763=VECTOR('',#9491,10.);
#2764=VECTOR('',#9492,1000.);
#2765=VECTOR('',#9495,1000.);
#2766=VECTOR('',#9496,10.);
#2767=VECTOR('',#9497,1000.);
#2768=VECTOR('',#9500,1000.);
#2769=VECTOR('',#9501,10.);
#2770=VECTOR('',#9502,1000.);
#2771=VECTOR('',#9505,1000.);
#2772=VECTOR('',#9506,10.);
#2773=VECTOR('',#9507,1000.);
#2774=VECTOR('',#9514,1000.);
#2775=VECTOR('',#9517,1000.);
#2776=VECTOR('',#9518,10.);
#2777=VECTOR('',#9519,1000.);
#2778=VECTOR('',#9522,1000.);
#2779=VECTOR('',#9523,10.);
#2780=VECTOR('',#9524,1000.);
#2781=VECTOR('',#9527,1000.);
#2782=VECTOR('',#9528,10.);
#2783=VECTOR('',#9529,1000.);
#2784=VECTOR('',#9532,1000.);
#2785=VECTOR('',#9533,10.);
#2786=VECTOR('',#9534,1000.);
#2787=VECTOR('',#9537,1000.);
#2788=VECTOR('',#9538,10.);
#2789=VECTOR('',#9539,1000.);
#2790=VECTOR('',#9542,1000.);
#2791=VECTOR('',#9543,10.);
#2792=VECTOR('',#9544,1000.);
#2793=VECTOR('',#9547,1000.);
#2794=VECTOR('',#9548,10.);
#2795=VECTOR('',#9549,1000.);
#2796=VECTOR('',#9552,1000.);
#2797=VECTOR('',#9553,10.);
#2798=VECTOR('',#9554,1000.);
#2799=VECTOR('',#9557,1000.);
#2800=VECTOR('',#9558,10.);
#2801=VECTOR('',#9559,1000.);
#2802=VECTOR('',#9562,1000.);
#2803=VECTOR('',#9563,10.);
#2804=VECTOR('',#9564,1000.);
#2805=VECTOR('',#9567,1000.);
#2806=VECTOR('',#9568,10.);
#2807=VECTOR('',#9569,1000.);
#2808=VECTOR('',#9572,1000.);
#2809=VECTOR('',#9573,10.);
#2810=VECTOR('',#9574,1000.);
#2811=VECTOR('',#9577,1000.);
#2812=VECTOR('',#9578,10.);
#2813=VECTOR('',#9579,1000.);
#2814=VECTOR('',#9582,1000.);
#2815=VECTOR('',#9583,10.);
#2816=VECTOR('',#9584,1000.);
#2817=VECTOR('',#9591,1000.);
#2818=VECTOR('',#9594,1000.);
#2819=VECTOR('',#9595,10.);
#2820=VECTOR('',#9596,1000.);
#2821=VECTOR('',#9599,1000.);
#2822=VECTOR('',#9600,10.);
#2823=VECTOR('',#9601,1000.);
#2824=VECTOR('',#9604,1000.);
#2825=VECTOR('',#9605,10.);
#2826=VECTOR('',#9606,1000.);
#2827=VECTOR('',#9609,1000.);
#2828=VECTOR('',#9610,10.);
#2829=VECTOR('',#9611,1000.);
#2830=VECTOR('',#9614,1000.);
#2831=VECTOR('',#9615,10.);
#2832=VECTOR('',#9616,1000.);
#2833=VECTOR('',#9619,1000.);
#2834=VECTOR('',#9620,10.);
#2835=VECTOR('',#9621,1000.);
#2836=VECTOR('',#9624,1000.);
#2837=VECTOR('',#9625,10.);
#2838=VECTOR('',#9626,1000.);
#2839=VECTOR('',#9629,1000.);
#2840=VECTOR('',#9630,10.);
#2841=VECTOR('',#9631,1000.);
#2842=VECTOR('',#9634,1000.);
#2843=VECTOR('',#9635,10.);
#2844=VECTOR('',#9636,1000.);
#2845=VECTOR('',#9639,1000.);
#2846=VECTOR('',#9640,10.);
#2847=VECTOR('',#9641,1000.);
#2848=VECTOR('',#9644,1000.);
#2849=VECTOR('',#9645,10.);
#2850=VECTOR('',#9646,1000.);
#2851=VECTOR('',#9649,1000.);
#2852=VECTOR('',#9650,10.);
#2853=VECTOR('',#9651,1000.);
#2854=VECTOR('',#9654,1000.);
#2855=VECTOR('',#9655,10.);
#2856=VECTOR('',#9656,1000.);
#2857=VECTOR('',#9659,1000.);
#2858=VECTOR('',#9660,10.);
#2859=VECTOR('',#9661,1000.);
#2860=VECTOR('',#9668,1000.);
#2861=VECTOR('',#9671,1000.);
#2862=VECTOR('',#9672,10.);
#2863=VECTOR('',#9673,1000.);
#2864=VECTOR('',#9676,1000.);
#2865=VECTOR('',#9677,10.);
#2866=VECTOR('',#9678,1000.);
#2867=VECTOR('',#9681,1000.);
#2868=VECTOR('',#9682,10.);
#2869=VECTOR('',#9683,1000.);
#2870=VECTOR('',#9686,1000.);
#2871=VECTOR('',#9687,10.);
#2872=VECTOR('',#9688,1000.);
#2873=VECTOR('',#9691,1000.);
#2874=VECTOR('',#9692,10.);
#2875=VECTOR('',#9693,1000.);
#2876=VECTOR('',#9696,1000.);
#2877=VECTOR('',#9697,10.);
#2878=VECTOR('',#9698,1000.);
#2879=VECTOR('',#9701,1000.);
#2880=VECTOR('',#9702,10.);
#2881=VECTOR('',#9703,1000.);
#2882=VECTOR('',#9706,1000.);
#2883=VECTOR('',#9707,10.);
#2884=VECTOR('',#9708,1000.);
#2885=VECTOR('',#9711,1000.);
#2886=VECTOR('',#9712,10.);
#2887=VECTOR('',#9713,1000.);
#2888=VECTOR('',#9716,1000.);
#2889=VECTOR('',#9717,10.);
#2890=VECTOR('',#9718,1000.);
#2891=VECTOR('',#9721,1000.);
#2892=VECTOR('',#9722,10.);
#2893=VECTOR('',#9723,1000.);
#2894=VECTOR('',#9726,1000.);
#2895=VECTOR('',#9727,10.);
#2896=VECTOR('',#9738,2.1);
#2897=VECTOR('',#9745,1.5);
#2898=VECTOR('',#9752,1.5);
#2899=VECTOR('',#9759,1.5);
#2900=VECTOR('',#9764,1.5);
#2901=VECTOR('',#9769,0.644009461630724);
#2902=VECTOR('',#9776,29.9);
#2903=VECTOR('',#9779,29.9);
#2904=VECTOR('',#9784,1.5);
#2905=VECTOR('',#9791,1.5);
#2906=VECTOR('',#9798,1.5);
#2907=VECTOR('',#9803,1.5);
#2908=VECTOR('',#9810,0.424264068711929);
#2909=VECTOR('',#9811,29.9);
#2910=VECTOR('',#9812,0.424264068711929);
#2911=VECTOR('',#9813,29.9);
#2912=VECTOR('',#9816,0.42426406871193);
#2913=VECTOR('',#9817,29.9);
#2914=VECTOR('',#9818,0.42426406871193);
#2915=VECTOR('',#9819,29.9);
#2916=VECTOR('',#9822,0.424264068711929);
#2917=VECTOR('',#9823,29.9);
#2918=VECTOR('',#9824,0.424264068711929);
#2919=VECTOR('',#9825,29.9);
#2920=VECTOR('',#9828,0.424264068711928);
#2921=VECTOR('',#9829,29.9);
#2922=VECTOR('',#9830,0.424264068711928);
#2923=VECTOR('',#9831,29.9);
#2924=VECTOR('',#9834,0.424264068711929);
#2925=VECTOR('',#9835,29.9);
#2926=VECTOR('',#9836,0.424264068711929);
#2927=VECTOR('',#9837,29.9);
#2928=VECTOR('',#9840,0.424264068711929);
#2929=VECTOR('',#9841,29.9);
#2930=VECTOR('',#9842,0.424264068711929);
#2931=VECTOR('',#9843,29.9);
#2932=VECTOR('',#9846,0.424264068711929);
#2933=VECTOR('',#9847,29.9);
#2934=VECTOR('',#9848,0.424264068711929);
#2935=VECTOR('',#9849,29.9);
#2936=VECTOR('',#9852,0.424264068711929);
#2937=VECTOR('',#9853,29.9);
#2938=VECTOR('',#9854,0.424264068711929);
#2939=VECTOR('',#9855,29.9);
#2940=VECTOR('',#9858,29.9);
#2941=VECTOR('',#9861,29.9);
#2942=VECTOR('',#9866,29.9);
#2943=VECTOR('',#9867,9.);
#2944=VECTOR('',#9868,29.9);
#2945=VECTOR('',#9869,9.);
#2946=VECTOR('',#9872,0.80501256289338);
#2947=VECTOR('',#9873,0.80501256289338);
#2948=VECTOR('',#9876,1.40501256289338);
#2949=VECTOR('',#9877,1.40501256289338);
#2950=VECTOR('',#9880,4.9);
#2951=VECTOR('',#9881,4.9);
#2952=VECTOR('',#9884,7.4);
#2953=VECTOR('',#9885,7.4);
#2954=VECTOR('',#9888,4.9);
#2955=VECTOR('',#9889,4.9);
#2956=VECTOR('',#9892,9.);
#2957=VECTOR('',#9893,9.);
#2958=VECTOR('',#9896,4.9);
#2959=VECTOR('',#9897,4.9);
#2960=VECTOR('',#9900,7.4);
#2961=VECTOR('',#9901,7.4);
#2962=VECTOR('',#9904,4.9);
#2963=VECTOR('',#9905,4.9);
#2964=VECTOR('',#9908,1.40501256289338);
#2965=VECTOR('',#9909,1.40501256289338);
#2966=VECTOR('',#9912,0.805012562893379);
#2967=VECTOR('',#9913,0.805012562893379);
#2968=VECTOR('',#9926,0.644009461630724);
#2969=VECTOR('',#9933,4.1);
#2970=VECTOR('',#9936,4.1);
#2971=VECTOR('',#9941,4.1);
#2972=VECTOR('',#9944,4.1);
#2973=VECTOR('',#9947,1.30501256289338);
#2974=VECTOR('',#9948,4.1);
#2975=VECTOR('',#9949,1.30501256289338);
#2976=VECTOR('',#9952,4.7);
#2977=VECTOR('',#9953,4.1);
#2978=VECTOR('',#9954,4.7);
#2979=VECTOR('',#9955,4.1);
#2980=VECTOR('',#9958,6.3);
#2981=VECTOR('',#9959,4.1);
#2982=VECTOR('',#9960,6.3);
#2983=VECTOR('',#9961,4.1);
#2984=VECTOR('',#9964,18.);
#2985=VECTOR('',#9965,4.1);
#2986=VECTOR('',#9966,18.);
#2987=VECTOR('',#9967,4.1);
#2988=VECTOR('',#9970,6.3);
#2989=VECTOR('',#9971,4.1);
#2990=VECTOR('',#9972,6.3);
#2991=VECTOR('',#9973,4.1);
#2992=VECTOR('',#9976,4.7);
#2993=VECTOR('',#9977,4.1);
#2994=VECTOR('',#9978,4.7);
#2995=VECTOR('',#9979,4.1);
#2996=VECTOR('',#9982,1.30501256289338);
#2997=VECTOR('',#9983,4.1);
#2998=VECTOR('',#9984,1.30501256289338);
#2999=VECTOR('',#9987,0.80501256289338);
#3000=VECTOR('',#9988,4.1);
#3001=VECTOR('',#9989,0.80501256289338);
#3002=VECTOR('',#9992,9.);
#3003=VECTOR('',#9993,4.1);
#3004=VECTOR('',#9994,9.);
#3005=VECTOR('',#9997,0.805012562893379);
#3006=VECTOR('',#9998,0.805012562893379);
#3007=VECTOR('',#10001,0.56568542494924);
#3008=VECTOR('',#10002,0.56568542494924);
#3009=VECTOR('',#10003,0.56568542494924);
#3010=VECTOR('',#10004,0.56568542494924);
#3011=VECTOR('',#10005,1.4142135623731);
#3012=VECTOR('',#10006,1.4142135623731);
#3013=VECTOR('',#10009,0.565685424949239);
#3014=VECTOR('',#10010,1.4142135623731);
#3015=VECTOR('',#10011,1.4142135623731);
#3016=VECTOR('',#10012,0.565685424949239);
#3017=VECTOR('',#10013,0.565685424949239);
#3018=VECTOR('',#10014,0.565685424949239);
#3019=VECTOR('',#10063,0.91092912211838);
#3020=VECTOR('',#10064,0.17850809706447);
#3021=VECTOR('',#10065,0.927537098650306);
#3022=VECTOR('',#10068,1.07483717687923);
#3023=VECTOR('',#10069,0.48724328758245);
#3024=VECTOR('',#10072,0.884800110841934);
#3025=VECTOR('',#10073,0.48724328758245);
#3026=VECTOR('',#10076,0.883518082681851);
#3027=VECTOR('',#10077,0.178508097064469);
#3028=VECTOR('',#10080,1.07358875120314);
#3029=VECTOR('',#10081,0.48724328758245);
#3030=VECTOR('',#10084,0.905973405912182);
#3031=VECTOR('',#10085,0.487243287582451);
#3032=VECTOR('',#10088,0.922598310839889);
#3033=VECTOR('',#10089,0.17850809706447);
#3034=VECTOR('',#10092,1.08990332346241);
#3035=VECTOR('',#10093,0.487243287582451);
#3036=VECTOR('',#10096,0.948105859216312);
#3037=VECTOR('',#10097,0.48724328758244);
#3038=VECTOR('',#10100,0.949370933055629);
#3039=VECTOR('',#10101,0.178508097064469);
#3040=VECTOR('',#10104,1.09115534609182);
#3041=VECTOR('',#10105,0.48724328758244);
#3042=VECTOR('',#10108,0.48724328758245);
#3043=VECTOR('',#10147,0.927537098650307);
#3044=VECTOR('',#10148,0.17850809706447);
#3045=VECTOR('',#10149,0.91092912211838);
#3046=VECTOR('',#10152,1.09115534609182);
#3047=VECTOR('',#10153,0.48724328758245);
#3048=VECTOR('',#10156,0.949370933055629);
#3049=VECTOR('',#10157,0.48724328758244);
#3050=VECTOR('',#10160,0.948105859216312);
#3051=VECTOR('',#10161,0.178508097064469);
#3052=VECTOR('',#10164,1.08990332346241);
#3053=VECTOR('',#10165,0.48724328758244);
#3054=VECTOR('',#10168,0.922598310839889);
#3055=VECTOR('',#10169,0.487243287582441);
#3056=VECTOR('',#10172,0.905973405912182);
#3057=VECTOR('',#10173,0.17850809706447);
#3058=VECTOR('',#10176,1.07358875120314);
#3059=VECTOR('',#10177,0.487243287582441);
#3060=VECTOR('',#10180,0.883518082681851);
#3061=VECTOR('',#10181,0.48724328758245);
#3062=VECTOR('',#10184,0.884800110841934);
#3063=VECTOR('',#10185,0.178508097064469);
#3064=VECTOR('',#10188,1.07483717687923);
#3065=VECTOR('',#10189,0.48724328758245);
#3066=VECTOR('',#10192,0.48724328758245);
#3067=VECTOR('',#10199,0.199999999999998);
#3068=VECTOR('',#10202,0.199999999999998);
#3069=VECTOR('',#10207,0.199999999999998);
#3070=VECTOR('',#10210,0.199999999999998);
#3071=VECTOR('',#10213,0.199999999999998);
#3072=VECTOR('',#10216,0.199999999999998);
#3073=VECTOR('',#10219,1.30154507029067);
#3074=VECTOR('',#10226,0.644009461630724);
#3075=VECTOR('',#10233,1.30154507029067);
#3076=VECTOR('',#10238,0.199999999999998);
#3077=VECTOR('',#10241,0.199999999999998);
#3078=VECTOR('',#10244,0.199999999999998);
#3079=VECTOR('',#10247,0.199999999999998);
#3080=VECTOR('',#10250,4.63752388777021);
#3081=VECTOR('',#10251,4.1);
#3082=VECTOR('',#10252,0.565685424949238);
#3083=VECTOR('',#10253,6.3);
#3084=VECTOR('',#10254,1.41421356237309);
#3085=VECTOR('',#10255,7.58023402308373);
#3086=VECTOR('',#10256,2.2);
#3087=VECTOR('',#10257,3.0860229440701);
#3088=VECTOR('',#10260,0.199999999999998);
#3089=VECTOR('',#10261,0.499999999999999);
#3090=VECTOR('',#10262,0.199999999999998);
#3091=VECTOR('',#10263,0.1);
#3092=VECTOR('',#10264,0.899999999999999);
#3093=VECTOR('',#10265,4.7);
#3094=VECTOR('',#10266,0.899999999999999);
#3095=VECTOR('',#10269,1.64540057793999);
#3096=VECTOR('',#10270,9.63013214910606);
#3097=VECTOR('',#10271,1.64540057793999);
#3098=VECTOR('',#10272,0.4);
#3099=VECTOR('',#10273,0.45);
#3100=VECTOR('',#10274,2.20250628144669);
#3101=VECTOR('',#10275,0.1);
#3102=VECTOR('',#10276,0.565685424949239);
#3103=VECTOR('',#10277,1.30501256289338);
#3104=VECTOR('',#10280,0.5);
#3105=VECTOR('',#10281,0.5);
#3106=VECTOR('',#10282,0.5);
#3107=VECTOR('',#10285,0.80501256289338);
#3108=VECTOR('',#10286,9.);
#3109=VECTOR('',#10287,0.805012562893379);
#3110=VECTOR('',#10290,0.5);
#3111=VECTOR('',#10291,0.5);
#3112=VECTOR('',#10292,0.5);
#3113=VECTOR('',#10295,1.30501256289338);
#3114=VECTOR('',#10296,0.565685424949237);
#3115=VECTOR('',#10297,2.20250628144669);
#3116=VECTOR('',#10298,0.45);
#3117=VECTOR('',#10301,0.4);
#3118=VECTOR('',#10304,0.199999999999998);
#3119=VECTOR('',#10305,0.499999999999999);
#3120=VECTOR('',#10306,0.199999999999998);
#3121=VECTOR('',#10307,4.1);
#3122=VECTOR('',#10308,0.899999999999999);
#3123=VECTOR('',#10309,4.7);
#3124=VECTOR('',#10310,0.899999999999999);
#3125=VECTOR('',#10313,4.63752388777022);
#3126=VECTOR('',#10314,3.0860229440701);
#3127=VECTOR('',#10315,2.2);
#3128=VECTOR('',#10316,7.58023402308373);
#3129=VECTOR('',#10317,1.4142135623731);
#3130=VECTOR('',#10318,6.3);
#3131=VECTOR('',#10319,0.565685424949238);
#3132=VECTOR('',#10322,0.805012562893379);
#3133=VECTOR('',#10323,0.899999999999999);
#3134=VECTOR('',#10324,0.899999999999999);
#3135=VECTOR('',#10329,0.899999999999999);
#3136=VECTOR('',#10332,0.5);
#3137=VECTOR('',#10333,0.899999999999999);
#3138=VECTOR('',#10336,0.5);
#3139=VECTOR('',#10337,0.899999999999999);
#3140=VECTOR('',#10340,0.5);
#3141=VECTOR('',#10341,0.899999999999999);
#3142=VECTOR('',#10346,0.899999999999999);
#3143=VECTOR('',#10349,1.30501256289338);
#3144=VECTOR('',#10350,0.899999999999999);
#3145=VECTOR('',#10353,0.899999999999999);
#3146=VECTOR('',#10354,6.3);
#3147=VECTOR('',#10355,0.899999999999999);
#3148=VECTOR('',#10358,0.199999999999998);
#3149=VECTOR('',#10359,2.83953195383254);
#3150=VECTOR('',#10360,0.199999999999998);
#3151=VECTOR('',#10361,0.899999999999999);
#3152=VECTOR('',#10362,18.);
#3153=VECTOR('',#10363,0.899999999999999);
#3154=VECTOR('',#10366,6.3);
#3155=VECTOR('',#10367,0.899999999999999);
#3156=VECTOR('',#10368,0.899999999999999);
#3157=VECTOR('',#10371,0.899999999999999);
#3158=VECTOR('',#10372,1.30501256289338);
#3159=VECTOR('',#10373,0.899999999999999);
#3160=VECTOR('',#10378,0.899999999999999);
#3161=VECTOR('',#10381,0.5);
#3162=VECTOR('',#10382,0.899999999999999);
#3163=VECTOR('',#10385,0.5);
#3164=VECTOR('',#10386,0.899999999999999);
#3165=VECTOR('',#10389,0.5);
#3166=VECTOR('',#10390,0.899999999999999);
#3167=VECTOR('',#10395,0.899999999999999);
#3168=VECTOR('',#10398,0.80501256289338);
#3169=VECTOR('',#10399,0.899999999999999);
#3170=VECTOR('',#10402,9.);
#3171=VECTOR('',#10405,0.565685424949239);
#3172=VECTOR('',#10406,0.565685424949239);
#3173=VECTOR('',#10407,0.565685424949239);
#3174=VECTOR('',#10408,1.4142135623731);
#3175=VECTOR('',#10409,1.4142135623731);
#3176=VECTOR('',#10410,0.565685424949239);
#3177=VECTOR('',#10425,0.199999999999998);
#3178=VECTOR('',#10426,2.2);
#3179=VECTOR('',#10429,2.2);
#3180=VECTOR('',#10430,0.199999999999998);
#3181=VECTOR('',#10433,3.0860229440701);
#3182=VECTOR('',#10436,9.63013214910606);
#3183=VECTOR('',#10439,3.0860229440701);
#3184=VECTOR('',#10444,0.45);
#3185=VECTOR('',#10445,0.199999999999998);
#3186=VECTOR('',#10448,2.20250628144669);
#3187=VECTOR('',#10451,4.63752388777022);
#3188=VECTOR('',#10454,1.64540057793999);
#3189=VECTOR('',#10455,0.199999999999998);
#3190=VECTOR('',#10458,0.4);
#3191=VECTOR('',#10463,0.199999999999998);
#3192=VECTOR('',#10466,0.199999999999998);
#3193=VECTOR('',#10469,0.4);
#3194=VECTOR('',#10470,0.199999999999998);
#3195=VECTOR('',#10473,1.64540057793999);
#3196=VECTOR('',#10476,4.63752388777021);
#3197=VECTOR('',#10479,2.20250628144669);
#3198=VECTOR('',#10480,0.199999999999998);
#3199=VECTOR('',#10483,0.45);
#3200=VECTOR('',#10490,0.644009461630724);
#3201=VECTOR('',#10497,4.1);
#3202=VECTOR('',#10500,4.1);
#3203=VECTOR('',#10505,4.1);
#3204=VECTOR('',#10508,4.1);
#3205=VECTOR('',#10511,1.30501256289338);
#3206=VECTOR('',#10512,1.30501256289338);
#3207=VECTOR('',#10513,4.1);
#3208=VECTOR('',#10516,4.7);
#3209=VECTOR('',#10517,4.1);
#3210=VECTOR('',#10518,4.7);
#3211=VECTOR('',#10519,4.1);
#3212=VECTOR('',#10522,6.3);
#3213=VECTOR('',#10523,4.1);
#3214=VECTOR('',#10524,6.3);
#3215=VECTOR('',#10525,4.1);
#3216=VECTOR('',#10528,18.);
#3217=VECTOR('',#10529,4.1);
#3218=VECTOR('',#10530,18.);
#3219=VECTOR('',#10531,4.1);
#3220=VECTOR('',#10534,6.3);
#3221=VECTOR('',#10535,4.1);
#3222=VECTOR('',#10536,6.3);
#3223=VECTOR('',#10537,4.1);
#3224=VECTOR('',#10540,4.7);
#3225=VECTOR('',#10541,4.1);
#3226=VECTOR('',#10542,4.7);
#3227=VECTOR('',#10543,4.1);
#3228=VECTOR('',#10546,1.30501256289338);
#3229=VECTOR('',#10547,1.30501256289338);
#3230=VECTOR('',#10548,4.1);
#3231=VECTOR('',#10551,0.80501256289338);
#3232=VECTOR('',#10552,0.80501256289338);
#3233=VECTOR('',#10553,4.1);
#3234=VECTOR('',#10556,9.);
#3235=VECTOR('',#10557,9.);
#3236=VECTOR('',#10558,4.1);
#3237=VECTOR('',#10561,0.805012562893379);
#3238=VECTOR('',#10562,0.805012562893379);
#3239=VECTOR('',#10565,1.4142135623731);
#3240=VECTOR('',#10566,1.4142135623731);
#3241=VECTOR('',#10567,0.56568542494924);
#3242=VECTOR('',#10568,0.56568542494924);
#3243=VECTOR('',#10569,0.56568542494924);
#3244=VECTOR('',#10570,0.56568542494924);
#3245=VECTOR('',#10573,0.565685424949239);
#3246=VECTOR('',#10574,0.565685424949239);
#3247=VECTOR('',#10575,0.565685424949239);
#3248=VECTOR('',#10576,1.4142135623731);
#3249=VECTOR('',#10577,1.4142135623731);
#3250=VECTOR('',#10578,0.565685424949239);
#3251=VECTOR('',#10595,0.199999999999998);
#3252=VECTOR('',#10598,0.199999999999998);
#3253=VECTOR('',#10603,1.30154507029067);
#3254=VECTOR('',#10608,0.199999999999998);
#3255=VECTOR('',#10611,0.199999999999998);
#3256=VECTOR('',#10614,0.199999999999998);
#3257=VECTOR('',#10617,0.199999999999998);
#3258=VECTOR('',#10622,0.644009461630724);
#3259=VECTOR('',#10629,0.199999999999998);
#3260=VECTOR('',#10632,0.199999999999998);
#3261=VECTOR('',#10635,0.199999999999998);
#3262=VECTOR('',#10638,0.199999999999998);
#3263=VECTOR('',#10641,1.30154507029067);
#3264=VECTOR('',#10646,3.0860229440701);
#3265=VECTOR('',#10647,2.2);
#3266=VECTOR('',#10648,7.58023402308373);
#3267=VECTOR('',#10649,1.41421356237309);
#3268=VECTOR('',#10650,6.3);
#3269=VECTOR('',#10651,0.565685424949238);
#3270=VECTOR('',#10652,4.1);
#3271=VECTOR('',#10653,4.63752388777021);
#3272=VECTOR('',#10656,0.199999999999998);
#3273=VECTOR('',#10657,0.899999999999999);
#3274=VECTOR('',#10658,4.7);
#3275=VECTOR('',#10659,0.899999999999999);
#3276=VECTOR('',#10660,0.1);
#3277=VECTOR('',#10661,0.199999999999998);
#3278=VECTOR('',#10662,0.499999999999999);
#3279=VECTOR('',#10665,1.64540057793999);
#3280=VECTOR('',#10666,0.4);
#3281=VECTOR('',#10669,0.45);
#3282=VECTOR('',#10670,2.20250628144669);
#3283=VECTOR('',#10671,0.565685424949237);
#3284=VECTOR('',#10672,1.30501256289338);
#3285=VECTOR('',#10675,0.5);
#3286=VECTOR('',#10676,0.5);
#3287=VECTOR('',#10677,0.5);
#3288=VECTOR('',#10680,0.805012562893379);
#3289=VECTOR('',#10681,9.);
#3290=VECTOR('',#10682,0.80501256289338);
#3291=VECTOR('',#10685,0.5);
#3292=VECTOR('',#10686,0.5);
#3293=VECTOR('',#10687,0.5);
#3294=VECTOR('',#10690,1.30501256289338);
#3295=VECTOR('',#10691,0.565685424949239);
#3296=VECTOR('',#10692,0.1);
#3297=VECTOR('',#10693,2.20250628144669);
#3298=VECTOR('',#10694,0.45);
#3299=VECTOR('',#10695,0.4);
#3300=VECTOR('',#10696,1.64540057793999);
#3301=VECTOR('',#10697,9.63013214910606);
#3302=VECTOR('',#10700,0.199999999999998);
#3303=VECTOR('',#10701,0.899999999999999);
#3304=VECTOR('',#10702,4.7);
#3305=VECTOR('',#10703,0.899999999999999);
#3306=VECTOR('',#10704,4.1);
#3307=VECTOR('',#10705,0.199999999999998);
#3308=VECTOR('',#10706,0.499999999999999);
#3309=VECTOR('',#10709,4.63752388777022);
#3310=VECTOR('',#10710,0.565685424949238);
#3311=VECTOR('',#10711,6.3);
#3312=VECTOR('',#10712,1.4142135623731);
#3313=VECTOR('',#10713,7.58023402308373);
#3314=VECTOR('',#10714,2.2);
#3315=VECTOR('',#10715,3.0860229440701);
#3316=VECTOR('',#10718,0.805012562893379);
#3317=VECTOR('',#10719,0.899999999999999);
#3318=VECTOR('',#10720,0.899999999999999);
#3319=VECTOR('',#10725,0.899999999999999);
#3320=VECTOR('',#10728,0.5);
#3321=VECTOR('',#10729,0.899999999999999);
#3322=VECTOR('',#10732,0.5);
#3323=VECTOR('',#10733,0.899999999999999);
#3324=VECTOR('',#10736,0.5);
#3325=VECTOR('',#10737,0.899999999999999);
#3326=VECTOR('',#10742,0.899999999999999);
#3327=VECTOR('',#10745,1.30501256289338);
#3328=VECTOR('',#10746,0.899999999999999);
#3329=VECTOR('',#10749,0.899999999999999);
#3330=VECTOR('',#10750,6.3);
#3331=VECTOR('',#10751,0.899999999999999);
#3332=VECTOR('',#10754,0.199999999999998);
#3333=VECTOR('',#10755,0.899999999999999);
#3334=VECTOR('',#10756,18.);
#3335=VECTOR('',#10757,0.899999999999999);
#3336=VECTOR('',#10758,0.199999999999998);
#3337=VECTOR('',#10759,2.83953195383254);
#3338=VECTOR('',#10762,6.3);
#3339=VECTOR('',#10763,0.899999999999999);
#3340=VECTOR('',#10764,0.899999999999999);
#3341=VECTOR('',#10767,0.899999999999999);
#3342=VECTOR('',#10768,1.30501256289338);
#3343=VECTOR('',#10769,0.899999999999999);
#3344=VECTOR('',#10774,0.899999999999999);
#3345=VECTOR('',#10777,0.5);
#3346=VECTOR('',#10778,0.899999999999999);
#3347=VECTOR('',#10781,0.5);
#3348=VECTOR('',#10782,0.899999999999999);
#3349=VECTOR('',#10785,0.5);
#3350=VECTOR('',#10786,0.899999999999999);
#3351=VECTOR('',#10791,0.899999999999999);
#3352=VECTOR('',#10794,0.80501256289338);
#3353=VECTOR('',#10795,0.899999999999999);
#3354=VECTOR('',#10798,9.);
#3355=VECTOR('',#10801,0.565685424949239);
#3356=VECTOR('',#10802,1.4142135623731);
#3357=VECTOR('',#10803,1.4142135623731);
#3358=VECTOR('',#10804,0.565685424949239);
#3359=VECTOR('',#10805,0.565685424949239);
#3360=VECTOR('',#10806,0.565685424949239);
#3361=VECTOR('',#10821,2.2);
#3362=VECTOR('',#10822,0.199999999999998);
#3363=VECTOR('',#10825,0.199999999999998);
#3364=VECTOR('',#10826,2.2);
#3365=VECTOR('',#10829,3.0860229440701);
#3366=VECTOR('',#10832,9.63013214910606);
#3367=VECTOR('',#10835,3.0860229440701);
#3368=VECTOR('',#10840,0.199999999999998);
#3369=VECTOR('',#10841,0.45);
#3370=VECTOR('',#10844,2.20250628144669);
#3371=VECTOR('',#10847,4.63752388777022);
#3372=VECTOR('',#10850,0.199999999999998);
#3373=VECTOR('',#10851,1.64540057793999);
#3374=VECTOR('',#10854,0.4);
#3375=VECTOR('',#10859,0.199999999999998);
#3376=VECTOR('',#10862,0.199999999999998);
#3377=VECTOR('',#10865,0.199999999999998);
#3378=VECTOR('',#10866,0.4);
#3379=VECTOR('',#10869,1.64540057793999);
#3380=VECTOR('',#10872,4.63752388777021);
#3381=VECTOR('',#10875,0.199999999999998);
#3382=VECTOR('',#10876,2.20250628144669);
#3383=VECTOR('',#10879,0.45);
#3384=VECTOR('',#10918,0.927537098650306);
#3385=VECTOR('',#10919,0.17850809706447);
#3386=VECTOR('',#10920,0.91092912211838);
#3387=VECTOR('',#10923,0.48724328758245);
#3388=VECTOR('',#10924,1.07483717687923);
#3389=VECTOR('',#10927,0.48724328758245);
#3390=VECTOR('',#10928,0.884800110841934);
#3391=VECTOR('',#10931,0.178508097064469);
#3392=VECTOR('',#10932,0.883518082681851);
#3393=VECTOR('',#10935,0.48724328758245);
#3394=VECTOR('',#10936,1.07358875120314);
#3395=VECTOR('',#10939,0.487243287582451);
#3396=VECTOR('',#10940,0.905973405912182);
#3397=VECTOR('',#10943,0.17850809706447);
#3398=VECTOR('',#10944,0.922598310839889);
#3399=VECTOR('',#10947,0.487243287582451);
#3400=VECTOR('',#10948,1.08990332346241);
#3401=VECTOR('',#10951,0.48724328758244);
#3402=VECTOR('',#10952,0.948105859216312);
#3403=VECTOR('',#10955,0.178508097064469);
#3404=VECTOR('',#10956,0.949370933055629);
#3405=VECTOR('',#10959,0.48724328758244);
#3406=VECTOR('',#10960,1.09115534609182);
#3407=VECTOR('',#10963,0.48724328758245);
#3408=VECTOR('',#11002,0.91092912211838);
#3409=VECTOR('',#11003,0.17850809706447);
#3410=VECTOR('',#11004,0.927537098650307);
#3411=VECTOR('',#11007,0.48724328758245);
#3412=VECTOR('',#11008,1.09115534609182);
#3413=VECTOR('',#11011,0.48724328758244);
#3414=VECTOR('',#11012,0.949370933055629);
#3415=VECTOR('',#11015,0.178508097064469);
#3416=VECTOR('',#11016,0.948105859216312);
#3417=VECTOR('',#11019,0.48724328758244);
#3418=VECTOR('',#11020,1.08990332346241);
#3419=VECTOR('',#11023,0.487243287582441);
#3420=VECTOR('',#11024,0.922598310839889);
#3421=VECTOR('',#11027,0.17850809706447);
#3422=VECTOR('',#11028,0.905973405912182);
#3423=VECTOR('',#11031,0.487243287582441);
#3424=VECTOR('',#11032,1.07358875120314);
#3425=VECTOR('',#11035,0.48724328758245);
#3426=VECTOR('',#11036,0.883518082681851);
#3427=VECTOR('',#11039,0.178508097064469);
#3428=VECTOR('',#11040,0.884800110841934);
#3429=VECTOR('',#11043,0.48724328758245);
#3430=VECTOR('',#11044,1.07483717687923);
#3431=VECTOR('',#11047,0.48724328758245);
#3432=(
BOUNDED_CURVE()
B_SPLINE_CURVE(2,(#11062,#11063,#11064),.UNSPECIFIED.,.F.,.F.)
B_SPLINE_CURVE_WITH_KNOTS((3,3),(-0.37575288050971,-0.139709918898254),
 .UNSPECIFIED.)
CURVE()
GEOMETRIC_REPRESENTATION_ITEM()
RATIONAL_B_SPLINE_CURVE((1.41147367097488,1.62982940778282,1.41147367097488))
REPRESENTATION_ITEM('')
);
#3433=(
BOUNDED_CURVE()
B_SPLINE_CURVE(2,(#11066,#11067,#11068),.UNSPECIFIED.,.F.,.F.)
B_SPLINE_CURVE_WITH_KNOTS((3,3),(-0.37575288050971,-0.139709918898254),
 .UNSPECIFIED.)
CURVE()
GEOMETRIC_REPRESENTATION_ITEM()
RATIONAL_B_SPLINE_CURVE((1.41147367097488,1.62982940778282,1.41147367097488))
REPRESENTATION_ITEM('')
);
#3434=(
BOUNDED_CURVE()
B_SPLINE_CURVE(2,(#11070,#11071,#11072),.UNSPECIFIED.,.F.,.F.)
B_SPLINE_CURVE_WITH_KNOTS((3,3),(-0.37575288050971,-0.139709918898254),
 .UNSPECIFIED.)
CURVE()
GEOMETRIC_REPRESENTATION_ITEM()
RATIONAL_B_SPLINE_CURVE((1.41147367097488,1.62982940778282,1.41147367097488))
REPRESENTATION_ITEM('')
);
#3435=(
BOUNDED_CURVE()
B_SPLINE_CURVE(2,(#11074,#11075,#11076),.UNSPECIFIED.,.F.,.F.)
B_SPLINE_CURVE_WITH_KNOTS((3,3),(0.139709918898254,0.257731399703982),
 .UNSPECIFIED.)
CURVE()
GEOMETRIC_REPRESENTATION_ITEM()
RATIONAL_B_SPLINE_CURVE((1.41147367097488,1.52065153937885,1.52065153937885))
REPRESENTATION_ITEM('')
);
#3436=(
BOUNDED_CURVE()
B_SPLINE_CURVE(2,(#11081,#11082,#11083),.UNSPECIFIED.,.F.,.F.)
B_SPLINE_CURVE_WITH_KNOTS((3,3),(0.257731399703982,0.375752880509709),
 .UNSPECIFIED.)
CURVE()
GEOMETRIC_REPRESENTATION_ITEM()
RATIONAL_B_SPLINE_CURVE((1.52065153937885,1.52065153937885,1.41147367097488))
REPRESENTATION_ITEM('')
);
#3437=(
BOUNDED_CURVE()
B_SPLINE_CURVE(2,(#11085,#11086,#11087),.UNSPECIFIED.,.F.,.F.)
B_SPLINE_CURVE_WITH_KNOTS((3,3),(-0.37575288050971,-0.139709918898254),
 .UNSPECIFIED.)
CURVE()
GEOMETRIC_REPRESENTATION_ITEM()
RATIONAL_B_SPLINE_CURVE((1.41147367097488,1.62982940778282,1.41147367097488))
REPRESENTATION_ITEM('')
);
#3438=(
BOUNDED_CURVE()
B_SPLINE_CURVE(2,(#11088,#11089,#11090),.UNSPECIFIED.,.F.,.F.)
B_SPLINE_CURVE_WITH_KNOTS((3,3),(-0.37575288050971,-0.139709918898254),
 .UNSPECIFIED.)
CURVE()
GEOMETRIC_REPRESENTATION_ITEM()
RATIONAL_B_SPLINE_CURVE((1.41147367097488,1.62982940778282,1.41147367097488))
REPRESENTATION_ITEM('')
);
#3439=VERTEX_POINT('',#11060);
#3440=VERTEX_POINT('',#11061);
#3441=VERTEX_POINT('',#11065);
#3442=VERTEX_POINT('',#11069);
#3443=VERTEX_POINT('',#11073);
#3444=VERTEX_POINT('',#11077);
#3445=VERTEX_POINT('',#11080);
#3446=VERTEX_POINT('',#11084);
#3447=VERTEX_POINT('',#11092);
#3448=VERTEX_POINT('',#11094);
#3449=VERTEX_POINT('',#11098);
#3450=VERTEX_POINT('',#11099);
#3451=VERTEX_POINT('',#11104);
#3452=VERTEX_POINT('',#11108);
#3453=VERTEX_POINT('',#11110);
#3454=VERTEX_POINT('',#11114);
#3455=VERTEX_POINT('',#11115);
#3456=VERTEX_POINT('',#11120);
#3457=VERTEX_POINT('',#11127);
#3458=VERTEX_POINT('',#11128);
#3459=VERTEX_POINT('',#11130);
#3460=VERTEX_POINT('',#11132);
#3461=VERTEX_POINT('',#11134);
#3462=VERTEX_POINT('',#11136);
#3463=VERTEX_POINT('',#11152);
#3464=VERTEX_POINT('',#11153);
#3465=VERTEX_POINT('',#11155);
#3466=VERTEX_POINT('',#11157);
#3467=VERTEX_POINT('',#11161);
#3468=VERTEX_POINT('',#11163);
#3469=VERTEX_POINT('',#11166);
#3470=VERTEX_POINT('',#11168);
#3471=VERTEX_POINT('',#11170);
#3472=VERTEX_POINT('',#11172);
#3473=VERTEX_POINT('',#11174);
#3474=VERTEX_POINT('',#11176);
#3475=VERTEX_POINT('',#11178);
#3476=VERTEX_POINT('',#11180);
#3477=VERTEX_POINT('',#11182);
#3478=VERTEX_POINT('',#11184);
#3479=VERTEX_POINT('',#11186);
#3480=VERTEX_POINT('',#11188);
#3481=VERTEX_POINT('',#11190);
#3482=VERTEX_POINT('',#11192);
#3483=VERTEX_POINT('',#11194);
#3484=VERTEX_POINT('',#11197);
#3485=VERTEX_POINT('',#11199);
#3486=VERTEX_POINT('',#11203);
#3487=VERTEX_POINT('',#11205);
#3488=VERTEX_POINT('',#11209);
#3489=VERTEX_POINT('',#11211);
#3490=VERTEX_POINT('',#11215);
#3491=VERTEX_POINT('',#11217);
#3492=VERTEX_POINT('',#11221);
#3493=VERTEX_POINT('',#11223);
#3494=VERTEX_POINT('',#11227);
#3495=VERTEX_POINT('',#11229);
#3496=VERTEX_POINT('',#11233);
#3497=VERTEX_POINT('',#11235);
#3498=VERTEX_POINT('',#11239);
#3499=VERTEX_POINT('',#11241);
#3500=VERTEX_POINT('',#11245);
#3501=VERTEX_POINT('',#11247);
#3502=VERTEX_POINT('',#11251);
#3503=VERTEX_POINT('',#11253);
#3504=VERTEX_POINT('',#11257);
#3505=VERTEX_POINT('',#11259);
#3506=VERTEX_POINT('',#11263);
#3507=VERTEX_POINT('',#11265);
#3508=VERTEX_POINT('',#11269);
#3509=VERTEX_POINT('',#11271);
#3510=VERTEX_POINT('',#11275);
#3511=VERTEX_POINT('',#11277);
#3512=VERTEX_POINT('',#11281);
#3513=VERTEX_POINT('',#11283);
#3514=VERTEX_POINT('',#11287);
#3515=VERTEX_POINT('',#11289);
#3516=VERTEX_POINT('',#11293);
#3517=VERTEX_POINT('',#11295);
#3518=VERTEX_POINT('',#11301);
#3519=VERTEX_POINT('',#11303);
#3520=VERTEX_POINT('',#11305);
#3521=VERTEX_POINT('',#11307);
#3522=VERTEX_POINT('',#11309);
#3523=VERTEX_POINT('',#11311);
#3524=VERTEX_POINT('',#11313);
#3525=VERTEX_POINT('',#11315);
#3526=VERTEX_POINT('',#11317);
#3527=VERTEX_POINT('',#11319);
#3528=VERTEX_POINT('',#11321);
#3529=VERTEX_POINT('',#11323);
#3530=VERTEX_POINT('',#11325);
#3531=VERTEX_POINT('',#11327);
#3532=VERTEX_POINT('',#11329);
#3533=VERTEX_POINT('',#11332);
#3534=VERTEX_POINT('',#11333);
#3535=VERTEX_POINT('',#11335);
#3536=VERTEX_POINT('',#11342);
#3537=VERTEX_POINT('',#11345);
#3538=VERTEX_POINT('',#11351);
#3539=VERTEX_POINT('',#11352);
#3540=VERTEX_POINT('',#11354);
#3541=VERTEX_POINT('',#11361);
#3542=VERTEX_POINT('',#11364);
#3543=VERTEX_POINT('',#11370);
#3544=VERTEX_POINT('',#11374);
#3545=VERTEX_POINT('',#11375);
#3546=VERTEX_POINT('',#11377);
#3547=VERTEX_POINT('',#11382);
#3548=VERTEX_POINT('',#11383);
#3549=VERTEX_POINT('',#11390);
#3550=VERTEX_POINT('',#11393);
#3551=VERTEX_POINT('',#11397);
#3552=VERTEX_POINT('',#11401);
#3553=VERTEX_POINT('',#11408);
#3554=VERTEX_POINT('',#11412);
#3555=VERTEX_POINT('',#11413);
#3556=VERTEX_POINT('',#11415);
#3557=VERTEX_POINT('',#11420);
#3558=VERTEX_POINT('',#11421);
#3559=VERTEX_POINT('',#11428);
#3560=VERTEX_POINT('',#11431);
#3561=VERTEX_POINT('',#11435);
#3562=VERTEX_POINT('',#11439);
#3563=VERTEX_POINT('',#11446);
#3564=VERTEX_POINT('',#11450);
#3565=VERTEX_POINT('',#11451);
#3566=VERTEX_POINT('',#11453);
#3567=VERTEX_POINT('',#11458);
#3568=VERTEX_POINT('',#11459);
#3569=VERTEX_POINT('',#11466);
#3570=VERTEX_POINT('',#11469);
#3571=VERTEX_POINT('',#11473);
#3572=VERTEX_POINT('',#11477);
#3573=VERTEX_POINT('',#11484);
#3574=VERTEX_POINT('',#11488);
#3575=VERTEX_POINT('',#11489);
#3576=VERTEX_POINT('',#11491);
#3577=VERTEX_POINT('',#11496);
#3578=VERTEX_POINT('',#11497);
#3579=VERTEX_POINT('',#11504);
#3580=VERTEX_POINT('',#11507);
#3581=VERTEX_POINT('',#11511);
#3582=VERTEX_POINT('',#11515);
#3583=VERTEX_POINT('',#11523);
#3584=VERTEX_POINT('',#11524);
#3585=VERTEX_POINT('',#11526);
#3586=VERTEX_POINT('',#11533);
#3587=VERTEX_POINT('',#11536);
#3588=VERTEX_POINT('',#11543);
#3589=VERTEX_POINT('',#11547);
#3590=VERTEX_POINT('',#11548);
#3591=VERTEX_POINT('',#11550);
#3592=VERTEX_POINT('',#11555);
#3593=VERTEX_POINT('',#11556);
#3594=VERTEX_POINT('',#11563);
#3595=VERTEX_POINT('',#11566);
#3596=VERTEX_POINT('',#11570);
#3597=VERTEX_POINT('',#11574);
#3598=VERTEX_POINT('',#11581);
#3599=VERTEX_POINT('',#11585);
#3600=VERTEX_POINT('',#11586);
#3601=VERTEX_POINT('',#11588);
#3602=VERTEX_POINT('',#11593);
#3603=VERTEX_POINT('',#11594);
#3604=VERTEX_POINT('',#11601);
#3605=VERTEX_POINT('',#11604);
#3606=VERTEX_POINT('',#11608);
#3607=VERTEX_POINT('',#11612);
#3608=VERTEX_POINT('',#11635);
#3609=VERTEX_POINT('',#11636);
#3610=VERTEX_POINT('',#11638);
#3611=VERTEX_POINT('',#11640);
#3612=VERTEX_POINT('',#11644);
#3613=VERTEX_POINT('',#11646);
#3614=VERTEX_POINT('',#11650);
#3615=VERTEX_POINT('',#11652);
#3616=VERTEX_POINT('',#11656);
#3617=VERTEX_POINT('',#11657);
#3618=VERTEX_POINT('',#11659);
#3619=VERTEX_POINT('',#11661);
#3620=VERTEX_POINT('',#11668);
#3621=VERTEX_POINT('',#11670);
#3622=VERTEX_POINT('',#11674);
#3623=VERTEX_POINT('',#11676);
#3624=VERTEX_POINT('',#11680);
#3625=VERTEX_POINT('',#11682);
#3626=VERTEX_POINT('',#11686);
#3627=VERTEX_POINT('',#11688);
#3628=VERTEX_POINT('',#11692);
#3629=VERTEX_POINT('',#11694);
#3630=VERTEX_POINT('',#11698);
#3631=VERTEX_POINT('',#11700);
#3632=VERTEX_POINT('',#11704);
#3633=VERTEX_POINT('',#11706);
#3634=VERTEX_POINT('',#11710);
#3635=VERTEX_POINT('',#11712);
#3636=VERTEX_POINT('',#11716);
#3637=VERTEX_POINT('',#11718);
#3638=VERTEX_POINT('',#11722);
#3639=VERTEX_POINT('',#11724);
#3640=VERTEX_POINT('',#11728);
#3641=VERTEX_POINT('',#11730);
#3642=VERTEX_POINT('',#11734);
#3643=VERTEX_POINT('',#11736);
#3644=VERTEX_POINT('',#11740);
#3645=VERTEX_POINT('',#11742);
#3646=VERTEX_POINT('',#11746);
#3647=VERTEX_POINT('',#11748);
#3648=VERTEX_POINT('',#11752);
#3649=VERTEX_POINT('',#11754);
#3650=VERTEX_POINT('',#11758);
#3651=VERTEX_POINT('',#11760);
#3652=VERTEX_POINT('',#11764);
#3653=VERTEX_POINT('',#11766);
#3654=VERTEX_POINT('',#11770);
#3655=VERTEX_POINT('',#11772);
#3656=VERTEX_POINT('',#11776);
#3657=VERTEX_POINT('',#11778);
#3658=VERTEX_POINT('',#11782);
#3659=VERTEX_POINT('',#11784);
#3660=VERTEX_POINT('',#11788);
#3661=VERTEX_POINT('',#11790);
#3662=VERTEX_POINT('',#11794);
#3663=VERTEX_POINT('',#11796);
#3664=VERTEX_POINT('',#11800);
#3665=VERTEX_POINT('',#11802);
#3666=VERTEX_POINT('',#11806);
#3667=VERTEX_POINT('',#11808);
#3668=VERTEX_POINT('',#11812);
#3669=VERTEX_POINT('',#11814);
#3670=VERTEX_POINT('',#11818);
#3671=VERTEX_POINT('',#11820);
#3672=VERTEX_POINT('',#11824);
#3673=VERTEX_POINT('',#11826);
#3674=VERTEX_POINT('',#11830);
#3675=VERTEX_POINT('',#11832);
#3676=VERTEX_POINT('',#11836);
#3677=VERTEX_POINT('',#11838);
#3678=VERTEX_POINT('',#11842);
#3679=VERTEX_POINT('',#11844);
#3680=VERTEX_POINT('',#11848);
#3681=VERTEX_POINT('',#11850);
#3682=VERTEX_POINT('',#11854);
#3683=VERTEX_POINT('',#11856);
#3684=VERTEX_POINT('',#11860);
#3685=VERTEX_POINT('',#11862);
#3686=VERTEX_POINT('',#11866);
#3687=VERTEX_POINT('',#11868);
#3688=VERTEX_POINT('',#11872);
#3689=VERTEX_POINT('',#11874);
#3690=VERTEX_POINT('',#11878);
#3691=VERTEX_POINT('',#11880);
#3692=VERTEX_POINT('',#11884);
#3693=VERTEX_POINT('',#11886);
#3694=VERTEX_POINT('',#11890);
#3695=VERTEX_POINT('',#11892);
#3696=VERTEX_POINT('',#11896);
#3697=VERTEX_POINT('',#11898);
#3698=VERTEX_POINT('',#11902);
#3699=VERTEX_POINT('',#11904);
#3700=VERTEX_POINT('',#11908);
#3701=VERTEX_POINT('',#11910);
#3702=VERTEX_POINT('',#11914);
#3703=VERTEX_POINT('',#11916);
#3704=VERTEX_POINT('',#11920);
#3705=VERTEX_POINT('',#11922);
#3706=VERTEX_POINT('',#11926);
#3707=VERTEX_POINT('',#11928);
#3708=VERTEX_POINT('',#11932);
#3709=VERTEX_POINT('',#11934);
#3710=VERTEX_POINT('',#11938);
#3711=VERTEX_POINT('',#11940);
#3712=VERTEX_POINT('',#11944);
#3713=VERTEX_POINT('',#11946);
#3714=VERTEX_POINT('',#11950);
#3715=VERTEX_POINT('',#11952);
#3716=VERTEX_POINT('',#11956);
#3717=VERTEX_POINT('',#11958);
#3718=VERTEX_POINT('',#11962);
#3719=VERTEX_POINT('',#11964);
#3720=VERTEX_POINT('',#11968);
#3721=VERTEX_POINT('',#11970);
#3722=VERTEX_POINT('',#11974);
#3723=VERTEX_POINT('',#11976);
#3724=VERTEX_POINT('',#11980);
#3725=VERTEX_POINT('',#11982);
#3726=VERTEX_POINT('',#11986);
#3727=VERTEX_POINT('',#11988);
#3728=VERTEX_POINT('',#11995);
#3729=VERTEX_POINT('',#11998);
#3730=VERTEX_POINT('',#12004);
#3731=VERTEX_POINT('',#12006);
#3732=VERTEX_POINT('',#12010);
#3733=VERTEX_POINT('',#12012);
#3734=VERTEX_POINT('',#12016);
#3735=VERTEX_POINT('',#12020);
#3736=VERTEX_POINT('',#12024);
#3737=VERTEX_POINT('',#12026);
#3738=VERTEX_POINT('',#12030);
#3739=VERTEX_POINT('',#12031);
#3740=VERTEX_POINT('',#12033);
#3741=VERTEX_POINT('',#12035);
#3742=VERTEX_POINT('',#12039);
#3743=VERTEX_POINT('',#12041);
#3744=VERTEX_POINT('',#12045);
#3745=VERTEX_POINT('',#12047);
#3746=VERTEX_POINT('',#12051);
#3747=VERTEX_POINT('',#12055);
#3748=VERTEX_POINT('',#12061);
#3749=VERTEX_POINT('',#12062);
#3750=VERTEX_POINT('',#12064);
#3751=VERTEX_POINT('',#12066);
#3752=VERTEX_POINT('',#12070);
#3753=VERTEX_POINT('',#12071);
#3754=VERTEX_POINT('',#12073);
#3755=VERTEX_POINT('',#12075);
#3756=VERTEX_POINT('',#12079);
#3757=VERTEX_POINT('',#12080);
#3758=VERTEX_POINT('',#12082);
#3759=VERTEX_POINT('',#12084);
#3760=VERTEX_POINT('',#12088);
#3761=VERTEX_POINT('',#12089);
#3762=VERTEX_POINT('',#12091);
#3763=VERTEX_POINT('',#12093);
#3764=VERTEX_POINT('',#12097);
#3765=VERTEX_POINT('',#12098);
#3766=VERTEX_POINT('',#12100);
#3767=VERTEX_POINT('',#12102);
#3768=VERTEX_POINT('',#12106);
#3769=VERTEX_POINT('',#12107);
#3770=VERTEX_POINT('',#12109);
#3771=VERTEX_POINT('',#12111);
#3772=VERTEX_POINT('',#12115);
#3773=VERTEX_POINT('',#12116);
#3774=VERTEX_POINT('',#12118);
#3775=VERTEX_POINT('',#12120);
#3776=VERTEX_POINT('',#12124);
#3777=VERTEX_POINT('',#12125);
#3778=VERTEX_POINT('',#12127);
#3779=VERTEX_POINT('',#12129);
#3780=VERTEX_POINT('',#12133);
#3781=VERTEX_POINT('',#12134);
#3782=VERTEX_POINT('',#12136);
#3783=VERTEX_POINT('',#12138);
#3784=VERTEX_POINT('',#12142);
#3785=VERTEX_POINT('',#12143);
#3786=VERTEX_POINT('',#12145);
#3787=VERTEX_POINT('',#12147);
#3788=VERTEX_POINT('',#12188);
#3789=VERTEX_POINT('',#12190);
#3790=VERTEX_POINT('',#12194);
#3791=VERTEX_POINT('',#12195);
#3792=VERTEX_POINT('',#12197);
#3793=VERTEX_POINT('',#12199);
#3794=VERTEX_POINT('',#12203);
#3795=VERTEX_POINT('',#12204);
#3796=VERTEX_POINT('',#12206);
#3797=VERTEX_POINT('',#12208);
#3798=VERTEX_POINT('',#12212);
#3799=VERTEX_POINT('',#12214);
#3800=VERTEX_POINT('',#12218);
#3801=VERTEX_POINT('',#12219);
#3802=VERTEX_POINT('',#12221);
#3803=VERTEX_POINT('',#12223);
#3804=VERTEX_POINT('',#12227);
#3805=VERTEX_POINT('',#12228);
#3806=VERTEX_POINT('',#12230);
#3807=VERTEX_POINT('',#12232);
#3808=VERTEX_POINT('',#12236);
#3809=VERTEX_POINT('',#12237);
#3810=VERTEX_POINT('',#12239);
#3811=VERTEX_POINT('',#12241);
#3812=VERTEX_POINT('',#12245);
#3813=VERTEX_POINT('',#12246);
#3814=VERTEX_POINT('',#12248);
#3815=VERTEX_POINT('',#12250);
#3816=VERTEX_POINT('',#12254);
#3817=VERTEX_POINT('',#12255);
#3818=VERTEX_POINT('',#12257);
#3819=VERTEX_POINT('',#12259);
#3820=VERTEX_POINT('',#12263);
#3821=VERTEX_POINT('',#12265);
#3822=VERTEX_POINT('',#12269);
#3823=VERTEX_POINT('',#12271);
#3824=VERTEX_POINT('',#12275);
#3825=VERTEX_POINT('',#12277);
#3826=VERTEX_POINT('',#12304);
#3827=VERTEX_POINT('',#12305);
#3828=VERTEX_POINT('',#12307);
#3829=VERTEX_POINT('',#12309);
#3830=VERTEX_POINT('',#12311);
#3831=VERTEX_POINT('',#12313);
#3832=VERTEX_POINT('',#12315);
#3833=VERTEX_POINT('',#12317);
#3834=VERTEX_POINT('',#12319);
#3835=VERTEX_POINT('',#12321);
#3836=VERTEX_POINT('',#12323);
#3837=VERTEX_POINT('',#12325);
#3838=VERTEX_POINT('',#12327);
#3839=VERTEX_POINT('',#12330);
#3840=VERTEX_POINT('',#12335);
#3841=VERTEX_POINT('',#12337);
#3842=VERTEX_POINT('',#12341);
#3843=VERTEX_POINT('',#12345);
#3844=VERTEX_POINT('',#12349);
#3845=VERTEX_POINT('',#12353);
#3846=VERTEX_POINT('',#12357);
#3847=VERTEX_POINT('',#12361);
#3848=VERTEX_POINT('',#12365);
#3849=VERTEX_POINT('',#12369);
#3850=VERTEX_POINT('',#12373);
#3851=VERTEX_POINT('',#12377);
#3852=VERTEX_POINT('',#12384);
#3853=VERTEX_POINT('',#12385);
#3854=VERTEX_POINT('',#12387);
#3855=VERTEX_POINT('',#12389);
#3856=VERTEX_POINT('',#12391);
#3857=VERTEX_POINT('',#12393);
#3858=VERTEX_POINT('',#12395);
#3859=VERTEX_POINT('',#12397);
#3860=VERTEX_POINT('',#12399);
#3861=VERTEX_POINT('',#12401);
#3862=VERTEX_POINT('',#12403);
#3863=VERTEX_POINT('',#12405);
#3864=VERTEX_POINT('',#12407);
#3865=VERTEX_POINT('',#12410);
#3866=VERTEX_POINT('',#12415);
#3867=VERTEX_POINT('',#12417);
#3868=VERTEX_POINT('',#12421);
#3869=VERTEX_POINT('',#12425);
#3870=VERTEX_POINT('',#12429);
#3871=VERTEX_POINT('',#12433);
#3872=VERTEX_POINT('',#12437);
#3873=VERTEX_POINT('',#12441);
#3874=VERTEX_POINT('',#12445);
#3875=VERTEX_POINT('',#12449);
#3876=VERTEX_POINT('',#12453);
#3877=VERTEX_POINT('',#12457);
#3878=VERTEX_POINT('',#12464);
#3879=VERTEX_POINT('',#12465);
#3880=VERTEX_POINT('',#12467);
#3881=VERTEX_POINT('',#12469);
#3882=VERTEX_POINT('',#12473);
#3883=VERTEX_POINT('',#12474);
#3884=VERTEX_POINT('',#12476);
#3885=VERTEX_POINT('',#12478);
#3886=VERTEX_POINT('',#12480);
#3887=VERTEX_POINT('',#12482);
#3888=VERTEX_POINT('',#12484);
#3889=VERTEX_POINT('',#12486);
#3890=VERTEX_POINT('',#12488);
#3891=VERTEX_POINT('',#12491);
#3892=VERTEX_POINT('',#12495);
#3893=VERTEX_POINT('',#12497);
#3894=VERTEX_POINT('',#12501);
#3895=VERTEX_POINT('',#12502);
#3896=VERTEX_POINT('',#12504);
#3897=VERTEX_POINT('',#12507);
#3898=VERTEX_POINT('',#12509);
#3899=VERTEX_POINT('',#12511);
#3900=VERTEX_POINT('',#12513);
#3901=VERTEX_POINT('',#12515);
#3902=VERTEX_POINT('',#12517);
#3903=VERTEX_POINT('',#12519);
#3904=VERTEX_POINT('',#12523);
#3905=VERTEX_POINT('',#12525);
#3906=VERTEX_POINT('',#12527);
#3907=VERTEX_POINT('',#12529);
#3908=VERTEX_POINT('',#12531);
#3909=VERTEX_POINT('',#12533);
#3910=VERTEX_POINT('',#12535);
#3911=VERTEX_POINT('',#12539);
#3912=VERTEX_POINT('',#12541);
#3913=VERTEX_POINT('',#12543);
#3914=VERTEX_POINT('',#12545);
#3915=VERTEX_POINT('',#12547);
#3916=VERTEX_POINT('',#12549);
#3917=VERTEX_POINT('',#12553);
#3918=VERTEX_POINT('',#12556);
#3919=VERTEX_POINT('',#12559);
#3920=VERTEX_POINT('',#12561);
#3921=VERTEX_POINT('',#12563);
#3922=VERTEX_POINT('',#12565);
#3923=VERTEX_POINT('',#12567);
#3924=VERTEX_POINT('',#12569);
#3925=VERTEX_POINT('',#12571);
#3926=VERTEX_POINT('',#12573);
#3927=VERTEX_POINT('',#12575);
#3928=VERTEX_POINT('',#12577);
#3929=VERTEX_POINT('',#12579);
#3930=VERTEX_POINT('',#12581);
#3931=VERTEX_POINT('',#12583);
#3932=VERTEX_POINT('',#12585);
#3933=VERTEX_POINT('',#12587);
#3934=VERTEX_POINT('',#12589);
#3935=VERTEX_POINT('',#12591);
#3936=VERTEX_POINT('',#12593);
#3937=VERTEX_POINT('',#12595);
#3938=VERTEX_POINT('',#12598);
#3939=VERTEX_POINT('',#12600);
#3940=VERTEX_POINT('',#12602);
#3941=VERTEX_POINT('',#12606);
#3942=VERTEX_POINT('',#12608);
#3943=VERTEX_POINT('',#12610);
#3944=VERTEX_POINT('',#12612);
#3945=VERTEX_POINT('',#12614);
#3946=VERTEX_POINT('',#12616);
#3947=VERTEX_POINT('',#12621);
#3948=VERTEX_POINT('',#12623);
#3949=VERTEX_POINT('',#12625);
#3950=VERTEX_POINT('',#12627);
#3951=VERTEX_POINT('',#12629);
#3952=VERTEX_POINT('',#12633);
#3953=VERTEX_POINT('',#12634);
#3954=VERTEX_POINT('',#12639);
#3955=VERTEX_POINT('',#12643);
#3956=VERTEX_POINT('',#12647);
#3957=VERTEX_POINT('',#12651);
#3958=VERTEX_POINT('',#12655);
#3959=VERTEX_POINT('',#12659);
#3960=VERTEX_POINT('',#12663);
#3961=VERTEX_POINT('',#12665);
#3962=VERTEX_POINT('',#12669);
#3963=VERTEX_POINT('',#12671);
#3964=VERTEX_POINT('',#12674);
#3965=VERTEX_POINT('',#12676);
#3966=VERTEX_POINT('',#12680);
#3967=VERTEX_POINT('',#12681);
#3968=VERTEX_POINT('',#12686);
#3969=VERTEX_POINT('',#12688);
#3970=VERTEX_POINT('',#12692);
#3971=VERTEX_POINT('',#12696);
#3972=VERTEX_POINT('',#12700);
#3973=VERTEX_POINT('',#12704);
#3974=VERTEX_POINT('',#12708);
#3975=VERTEX_POINT('',#12712);
#3976=VERTEX_POINT('',#12731);
#3977=VERTEX_POINT('',#12735);
#3978=VERTEX_POINT('',#12746);
#3979=VERTEX_POINT('',#12754);
#3980=VERTEX_POINT('',#12761);
#3981=VERTEX_POINT('',#12763);
#3982=VERTEX_POINT('',#12767);
#3983=VERTEX_POINT('',#12775);
#3984=VERTEX_POINT('',#12782);
#3985=VERTEX_POINT('',#12784);
#3986=VERTEX_POINT('',#12788);
#3987=VERTEX_POINT('',#12789);
#3988=VERTEX_POINT('',#12791);
#3989=VERTEX_POINT('',#12793);
#3990=VERTEX_POINT('',#12797);
#3991=VERTEX_POINT('',#12798);
#3992=VERTEX_POINT('',#12800);
#3993=VERTEX_POINT('',#12802);
#3994=VERTEX_POINT('',#12806);
#3995=VERTEX_POINT('',#12808);
#3996=VERTEX_POINT('',#12812);
#3997=VERTEX_POINT('',#12813);
#3998=VERTEX_POINT('',#12815);
#3999=VERTEX_POINT('',#12817);
#4000=VERTEX_POINT('',#12821);
#4001=VERTEX_POINT('',#12822);
#4002=VERTEX_POINT('',#12824);
#4003=VERTEX_POINT('',#12826);
#4004=VERTEX_POINT('',#12830);
#4005=VERTEX_POINT('',#12831);
#4006=VERTEX_POINT('',#12833);
#4007=VERTEX_POINT('',#12835);
#4008=VERTEX_POINT('',#12839);
#4009=VERTEX_POINT('',#12840);
#4010=VERTEX_POINT('',#12842);
#4011=VERTEX_POINT('',#12844);
#4012=VERTEX_POINT('',#12848);
#4013=VERTEX_POINT('',#12849);
#4014=VERTEX_POINT('',#12851);
#4015=VERTEX_POINT('',#12853);
#4016=VERTEX_POINT('',#12857);
#4017=VERTEX_POINT('',#12859);
#4018=VERTEX_POINT('',#12863);
#4019=VERTEX_POINT('',#12865);
#4020=VERTEX_POINT('',#12869);
#4021=VERTEX_POINT('',#12871);
#4022=VERTEX_POINT('',#12898);
#4023=VERTEX_POINT('',#12899);
#4024=VERTEX_POINT('',#12901);
#4025=VERTEX_POINT('',#12903);
#4026=VERTEX_POINT('',#12907);
#4027=VERTEX_POINT('',#12908);
#4028=VERTEX_POINT('',#12910);
#4029=VERTEX_POINT('',#12913);
#4030=VERTEX_POINT('',#12915);
#4031=VERTEX_POINT('',#12917);
#4032=VERTEX_POINT('',#12919);
#4033=VERTEX_POINT('',#12921);
#4034=VERTEX_POINT('',#12923);
#4035=VERTEX_POINT('',#12925);
#4036=VERTEX_POINT('',#12929);
#4037=VERTEX_POINT('',#12931);
#4038=VERTEX_POINT('',#12935);
#4039=VERTEX_POINT('',#12936);
#4040=VERTEX_POINT('',#12938);
#4041=VERTEX_POINT('',#12940);
#4042=VERTEX_POINT('',#12942);
#4043=VERTEX_POINT('',#12944);
#4044=VERTEX_POINT('',#12946);
#4045=VERTEX_POINT('',#12948);
#4046=VERTEX_POINT('',#12950);
#4047=VERTEX_POINT('',#12953);
#4048=VERTEX_POINT('',#12957);
#4049=VERTEX_POINT('',#12959);
#4050=VERTEX_POINT('',#12961);
#4051=VERTEX_POINT('',#12963);
#4052=VERTEX_POINT('',#12965);
#4053=VERTEX_POINT('',#12967);
#4054=VERTEX_POINT('',#12969);
#4055=VERTEX_POINT('',#12973);
#4056=VERTEX_POINT('',#12975);
#4057=VERTEX_POINT('',#12977);
#4058=VERTEX_POINT('',#12979);
#4059=VERTEX_POINT('',#12981);
#4060=VERTEX_POINT('',#12983);
#4061=VERTEX_POINT('',#12987);
#4062=VERTEX_POINT('',#12989);
#4063=VERTEX_POINT('',#12991);
#4064=VERTEX_POINT('',#12993);
#4065=VERTEX_POINT('',#12996);
#4066=VERTEX_POINT('',#12998);
#4067=VERTEX_POINT('',#13000);
#4068=VERTEX_POINT('',#13002);
#4069=VERTEX_POINT('',#13004);
#4070=VERTEX_POINT('',#13006);
#4071=VERTEX_POINT('',#13008);
#4072=VERTEX_POINT('',#13010);
#4073=VERTEX_POINT('',#13012);
#4074=VERTEX_POINT('',#13014);
#4075=VERTEX_POINT('',#13016);
#4076=VERTEX_POINT('',#13018);
#4077=VERTEX_POINT('',#13020);
#4078=VERTEX_POINT('',#13022);
#4079=VERTEX_POINT('',#13024);
#4080=VERTEX_POINT('',#13026);
#4081=VERTEX_POINT('',#13028);
#4082=VERTEX_POINT('',#13030);
#4083=VERTEX_POINT('',#13032);
#4084=VERTEX_POINT('',#13035);
#4085=VERTEX_POINT('',#13040);
#4086=VERTEX_POINT('',#13042);
#4087=VERTEX_POINT('',#13044);
#4088=VERTEX_POINT('',#13046);
#4089=VERTEX_POINT('',#13048);
#4090=VERTEX_POINT('',#13050);
#4091=VERTEX_POINT('',#13055);
#4092=VERTEX_POINT('',#13057);
#4093=VERTEX_POINT('',#13059);
#4094=VERTEX_POINT('',#13061);
#4095=VERTEX_POINT('',#13063);
#4096=VERTEX_POINT('',#13067);
#4097=VERTEX_POINT('',#13068);
#4098=VERTEX_POINT('',#13073);
#4099=VERTEX_POINT('',#13077);
#4100=VERTEX_POINT('',#13081);
#4101=VERTEX_POINT('',#13085);
#4102=VERTEX_POINT('',#13089);
#4103=VERTEX_POINT('',#13093);
#4104=VERTEX_POINT('',#13097);
#4105=VERTEX_POINT('',#13099);
#4106=VERTEX_POINT('',#13103);
#4107=VERTEX_POINT('',#13105);
#4108=VERTEX_POINT('',#13107);
#4109=VERTEX_POINT('',#13110);
#4110=VERTEX_POINT('',#13114);
#4111=VERTEX_POINT('',#13115);
#4112=VERTEX_POINT('',#13120);
#4113=VERTEX_POINT('',#13122);
#4114=VERTEX_POINT('',#13126);
#4115=VERTEX_POINT('',#13130);
#4116=VERTEX_POINT('',#13134);
#4117=VERTEX_POINT('',#13138);
#4118=VERTEX_POINT('',#13142);
#4119=VERTEX_POINT('',#13146);
#4120=VERTEX_POINT('',#13165);
#4121=VERTEX_POINT('',#13169);
#4122=VERTEX_POINT('',#13180);
#4123=VERTEX_POINT('',#13188);
#4124=VERTEX_POINT('',#13195);
#4125=VERTEX_POINT('',#13197);
#4126=VERTEX_POINT('',#13201);
#4127=VERTEX_POINT('',#13209);
#4128=VERTEX_POINT('',#13216);
#4129=VERTEX_POINT('',#13218);
#4130=VERTEX_POINT('',#13220);
#4131=VERTEX_POINT('',#13222);
#4132=VERTEX_POINT('',#13224);
#4133=VERTEX_POINT('',#13226);
#4134=VERTEX_POINT('',#13228);
#4135=VERTEX_POINT('',#13230);
#4136=VERTEX_POINT('',#13232);
#4137=VERTEX_POINT('',#13234);
#4138=VERTEX_POINT('',#13236);
#4139=VERTEX_POINT('',#13238);
#4140=VERTEX_POINT('',#13240);
#4141=VERTEX_POINT('',#13242);
#4142=VERTEX_POINT('',#13247);
#4143=VERTEX_POINT('',#13249);
#4144=VERTEX_POINT('',#13253);
#4145=VERTEX_POINT('',#13257);
#4146=VERTEX_POINT('',#13261);
#4147=VERTEX_POINT('',#13265);
#4148=VERTEX_POINT('',#13269);
#4149=VERTEX_POINT('',#13273);
#4150=VERTEX_POINT('',#13277);
#4151=VERTEX_POINT('',#13281);
#4152=VERTEX_POINT('',#13285);
#4153=VERTEX_POINT('',#13289);
#4154=VERTEX_POINT('',#13296);
#4155=VERTEX_POINT('',#13298);
#4156=VERTEX_POINT('',#13300);
#4157=VERTEX_POINT('',#13302);
#4158=VERTEX_POINT('',#13304);
#4159=VERTEX_POINT('',#13306);
#4160=VERTEX_POINT('',#13308);
#4161=VERTEX_POINT('',#13310);
#4162=VERTEX_POINT('',#13312);
#4163=VERTEX_POINT('',#13314);
#4164=VERTEX_POINT('',#13316);
#4165=VERTEX_POINT('',#13318);
#4166=VERTEX_POINT('',#13320);
#4167=VERTEX_POINT('',#13322);
#4168=VERTEX_POINT('',#13327);
#4169=VERTEX_POINT('',#13329);
#4170=VERTEX_POINT('',#13333);
#4171=VERTEX_POINT('',#13337);
#4172=VERTEX_POINT('',#13341);
#4173=VERTEX_POINT('',#13345);
#4174=VERTEX_POINT('',#13349);
#4175=VERTEX_POINT('',#13353);
#4176=VERTEX_POINT('',#13357);
#4177=VERTEX_POINT('',#13361);
#4178=VERTEX_POINT('',#13365);
#4179=VERTEX_POINT('',#13369);
#4180=EDGE_CURVE('',#3439,#3440,#3432,.T.);
#4181=EDGE_CURVE('',#3441,#3439,#3433,.T.);
#4182=EDGE_CURVE('',#3442,#3441,#3434,.T.);
#4183=EDGE_CURVE('',#3443,#3442,#3435,.F.);
#4184=EDGE_CURVE('',#3443,#3444,#1756,.T.);
#4185=EDGE_CURVE('',#3444,#3444,#1479,.T.);
#4186=EDGE_CURVE('',#3445,#3443,#3436,.F.);
#4187=EDGE_CURVE('',#3446,#3445,#3437,.T.);
#4188=EDGE_CURVE('',#3440,#3446,#3438,.T.);
#4189=EDGE_CURVE('',#3447,#3447,#1480,.T.);
#4190=EDGE_CURVE('',#3447,#3448,#1757,.T.);
#4191=EDGE_CURVE('',#3448,#3448,#1481,.T.);
#4192=EDGE_CURVE('',#3449,#3450,#1482,.T.);
#4193=EDGE_CURVE('',#3450,#3449,#1483,.T.);
#4194=EDGE_CURVE('',#3450,#3447,#1758,.T.);
#4195=EDGE_CURVE('',#3449,#3451,#1759,.T.);
#4196=EDGE_CURVE('',#3451,#3451,#1484,.T.);
#4197=EDGE_CURVE('',#3452,#3452,#1485,.T.);
#4198=EDGE_CURVE('',#3452,#3453,#1486,.T.);
#4199=EDGE_CURVE('',#3453,#3453,#1487,.T.);
#4200=EDGE_CURVE('',#3454,#3455,#1488,.T.);
#4201=EDGE_CURVE('',#3455,#3454,#1489,.T.);
#4202=EDGE_CURVE('',#3455,#3452,#1760,.T.);
#4203=EDGE_CURVE('',#3454,#3456,#1761,.T.);
#4204=EDGE_CURVE('',#3456,#3456,#1490,.T.);
#4205=EDGE_CURVE('',#3457,#3458,#1762,.T.);
#4206=EDGE_CURVE('',#3458,#3459,#1763,.T.);
#4207=EDGE_CURVE('',#3459,#3460,#1764,.T.);
#4208=EDGE_CURVE('',#3460,#3461,#1765,.T.);
#4209=EDGE_CURVE('',#3461,#3462,#1766,.T.);
#4210=EDGE_CURVE('',#3462,#3457,#1767,.T.);
#4211=EDGE_CURVE('',#3457,#3441,#1768,.T.);
#4212=EDGE_CURVE('',#3458,#3439,#1769,.T.);
#4213=EDGE_CURVE('',#3462,#3442,#1770,.T.);
#4214=EDGE_CURVE('',#3461,#3445,#1771,.T.);
#4215=EDGE_CURVE('',#3460,#3446,#1772,.T.);
#4216=EDGE_CURVE('',#3459,#3440,#1773,.T.);
#4217=EDGE_CURVE('',#3463,#3464,#1774,.T.);
#4218=EDGE_CURVE('',#3463,#3465,#1775,.T.);
#4219=EDGE_CURVE('',#3465,#3466,#1776,.T.);
#4220=EDGE_CURVE('',#3464,#3466,#1777,.T.);
#4221=EDGE_CURVE('',#3467,#3464,#1778,.T.);
#4222=EDGE_CURVE('',#3468,#3467,#1779,.T.);
#4223=EDGE_CURVE('',#3468,#3463,#1780,.T.);
#4224=EDGE_CURVE('',#3469,#3469,#1491,.T.);
#4225=EDGE_CURVE('',#3470,#3470,#1492,.T.);
#4226=EDGE_CURVE('',#3471,#3471,#1493,.T.);
#4227=EDGE_CURVE('',#3472,#3472,#1494,.T.);
#4228=EDGE_CURVE('',#3473,#3473,#1495,.T.);
#4229=EDGE_CURVE('',#3474,#3474,#1496,.T.);
#4230=EDGE_CURVE('',#3475,#3475,#1497,.T.);
#4231=EDGE_CURVE('',#3476,#3476,#1498,.T.);
#4232=EDGE_CURVE('',#3477,#3477,#1499,.T.);
#4233=EDGE_CURVE('',#3478,#3478,#1500,.T.);
#4234=EDGE_CURVE('',#3479,#3479,#1501,.T.);
#4235=EDGE_CURVE('',#3480,#3480,#1502,.T.);
#4236=EDGE_CURVE('',#3481,#3481,#1503,.T.);
#4237=EDGE_CURVE('',#3482,#3482,#1504,.T.);
#4238=EDGE_CURVE('',#3483,#3483,#1505,.T.);
#4239=EDGE_CURVE('',#3484,#3467,#1781,.T.);
#4240=EDGE_CURVE('',#3485,#3484,#1782,.T.);
#4241=EDGE_CURVE('',#3485,#3468,#1783,.T.);
#4242=EDGE_CURVE('',#3465,#3486,#1784,.T.);
#4243=EDGE_CURVE('',#3486,#3487,#1785,.T.);
#4244=EDGE_CURVE('',#3466,#3487,#1786,.T.);
#4245=EDGE_CURVE('',#3488,#3484,#1787,.T.);
#4246=EDGE_CURVE('',#3489,#3488,#1788,.T.);
#4247=EDGE_CURVE('',#3489,#3485,#1789,.T.);
#4248=EDGE_CURVE('',#3486,#3490,#1506,.T.);
#4249=EDGE_CURVE('',#3490,#3491,#1790,.T.);
#4250=EDGE_CURVE('',#3487,#3491,#1507,.T.);
#4251=EDGE_CURVE('',#3492,#3488,#1508,.T.);
#4252=EDGE_CURVE('',#3493,#3492,#1791,.T.);
#4253=EDGE_CURVE('',#3493,#3489,#1509,.T.);
#4254=EDGE_CURVE('',#3490,#3494,#1792,.T.);
#4255=EDGE_CURVE('',#3494,#3495,#1793,.T.);
#4256=EDGE_CURVE('',#3491,#3495,#1794,.T.);
#4257=EDGE_CURVE('',#3496,#3492,#1795,.T.);
#4258=EDGE_CURVE('',#3497,#3496,#1796,.T.);
#4259=EDGE_CURVE('',#3497,#3493,#1797,.T.);
#4260=EDGE_CURVE('',#3494,#3498,#1798,.T.);
#4261=EDGE_CURVE('',#3498,#3499,#1799,.T.);
#4262=EDGE_CURVE('',#3495,#3499,#1800,.T.);
#4263=EDGE_CURVE('',#3500,#3496,#1801,.T.);
#4264=EDGE_CURVE('',#3501,#3500,#1802,.T.);
#4265=EDGE_CURVE('',#3501,#3497,#1803,.T.);
#4266=EDGE_CURVE('',#3498,#3502,#1804,.T.);
#4267=EDGE_CURVE('',#3502,#3503,#1805,.T.);
#4268=EDGE_CURVE('',#3499,#3503,#1806,.T.);
#4269=EDGE_CURVE('',#3504,#3500,#1807,.T.);
#4270=EDGE_CURVE('',#3505,#3504,#1808,.T.);
#4271=EDGE_CURVE('',#3505,#3501,#1809,.T.);
#4272=EDGE_CURVE('',#3502,#3506,#1510,.T.);
#4273=EDGE_CURVE('',#3506,#3507,#1810,.T.);
#4274=EDGE_CURVE('',#3503,#3507,#1511,.T.);
#4275=EDGE_CURVE('',#3508,#3504,#1512,.T.);
#4276=EDGE_CURVE('',#3509,#3508,#1811,.T.);
#4277=EDGE_CURVE('',#3509,#3505,#1513,.T.);
#4278=EDGE_CURVE('',#3506,#3510,#1812,.T.);
#4279=EDGE_CURVE('',#3510,#3511,#1813,.T.);
#4280=EDGE_CURVE('',#3507,#3511,#1814,.T.);
#4281=EDGE_CURVE('',#3512,#3508,#1815,.T.);
#4282=EDGE_CURVE('',#3513,#3512,#1816,.T.);
#4283=EDGE_CURVE('',#3513,#3509,#1817,.T.);
#4284=EDGE_CURVE('',#3510,#3514,#1818,.T.);
#4285=EDGE_CURVE('',#3514,#3515,#1819,.T.);
#4286=EDGE_CURVE('',#3511,#3515,#1820,.T.);
#4287=EDGE_CURVE('',#3516,#3512,#1821,.T.);
#4288=EDGE_CURVE('',#3517,#3516,#1822,.T.);
#4289=EDGE_CURVE('',#3517,#3513,#1823,.T.);
#4290=EDGE_CURVE('',#3514,#3517,#1824,.T.);
#4291=EDGE_CURVE('',#3515,#3516,#1825,.T.);
#4292=EDGE_CURVE('',#3518,#3518,#1514,.T.);
#4293=EDGE_CURVE('',#3519,#3519,#1515,.T.);
#4294=EDGE_CURVE('',#3520,#3520,#1516,.T.);
#4295=EDGE_CURVE('',#3521,#3521,#1517,.T.);
#4296=EDGE_CURVE('',#3522,#3522,#1518,.T.);
#4297=EDGE_CURVE('',#3523,#3523,#1519,.T.);
#4298=EDGE_CURVE('',#3524,#3524,#1520,.T.);
#4299=EDGE_CURVE('',#3525,#3525,#1521,.T.);
#4300=EDGE_CURVE('',#3526,#3526,#1522,.T.);
#4301=EDGE_CURVE('',#3527,#3527,#1523,.T.);
#4302=EDGE_CURVE('',#3528,#3528,#1524,.T.);
#4303=EDGE_CURVE('',#3529,#3529,#1525,.T.);
#4304=EDGE_CURVE('',#3530,#3530,#1526,.T.);
#4305=EDGE_CURVE('',#3531,#3531,#1527,.T.);
#4306=EDGE_CURVE('',#3532,#3532,#1528,.T.);
#4307=EDGE_CURVE('',#3533,#3534,#1529,.T.);
#4308=EDGE_CURVE('',#3533,#3535,#1826,.T.);
#4309=EDGE_CURVE('',#3535,#3535,#1530,.T.);
#4310=EDGE_CURVE('',#3534,#3533,#1531,.T.);
#4311=EDGE_CURVE('',#3534,#3477,#1827,.T.);
#4312=EDGE_CURVE('',#3536,#3536,#1532,.T.);
#4313=EDGE_CURVE('',#3536,#3537,#1828,.T.);
#4314=EDGE_CURVE('',#3537,#3537,#1533,.T.);
#4315=EDGE_CURVE('',#3537,#3523,#1829,.T.);
#4316=EDGE_CURVE('',#3538,#3539,#1534,.T.);
#4317=EDGE_CURVE('',#3538,#3540,#1830,.T.);
#4318=EDGE_CURVE('',#3540,#3540,#1535,.T.);
#4319=EDGE_CURVE('',#3539,#3538,#1536,.T.);
#4320=EDGE_CURVE('',#3539,#3483,#1831,.T.);
#4321=EDGE_CURVE('',#3541,#3541,#1537,.T.);
#4322=EDGE_CURVE('',#3541,#3542,#1832,.T.);
#4323=EDGE_CURVE('',#3542,#3542,#1538,.T.);
#4324=EDGE_CURVE('',#3542,#3529,#1833,.T.);
#4325=EDGE_CURVE('',#3543,#3543,#1539,.T.);
#4326=EDGE_CURVE('',#3543,#3525,#1834,.T.);
#4327=EDGE_CURVE('',#3544,#3545,#1540,.T.);
#4328=EDGE_CURVE('',#3544,#3546,#1835,.T.);
#4329=EDGE_CURVE('',#3546,#3546,#1541,.T.);
#4330=EDGE_CURVE('',#3545,#3544,#1542,.T.);
#4331=EDGE_CURVE('',#3547,#3548,#1543,.T.);
#4332=EDGE_CURVE('',#3548,#3481,#1836,.T.);
#4333=EDGE_CURVE('',#3548,#3547,#1544,.T.);
#4334=EDGE_CURVE('',#3545,#3479,#1837,.T.);
#4335=EDGE_CURVE('',#3549,#3549,#1545,.T.);
#4336=EDGE_CURVE('',#3547,#3550,#1838,.T.);
#4337=EDGE_CURVE('',#3550,#3550,#1546,.T.);
#4338=EDGE_CURVE('',#3549,#3551,#1839,.T.);
#4339=EDGE_CURVE('',#3551,#3551,#1547,.T.);
#4340=EDGE_CURVE('',#3552,#3552,#1548,.T.);
#4341=EDGE_CURVE('',#3551,#3527,#1840,.T.);
#4342=EDGE_CURVE('',#3552,#3543,#1841,.T.);
#4343=EDGE_CURVE('',#3553,#3553,#1549,.T.);
#4344=EDGE_CURVE('',#3553,#3528,#1842,.T.);
#4345=EDGE_CURVE('',#3554,#3555,#1550,.T.);
#4346=EDGE_CURVE('',#3554,#3556,#1843,.T.);
#4347=EDGE_CURVE('',#3556,#3556,#1551,.T.);
#4348=EDGE_CURVE('',#3555,#3554,#1552,.T.);
#4349=EDGE_CURVE('',#3557,#3558,#1553,.T.);
#4350=EDGE_CURVE('',#3558,#3478,#1844,.T.);
#4351=EDGE_CURVE('',#3558,#3557,#1554,.T.);
#4352=EDGE_CURVE('',#3555,#3482,#1845,.T.);
#4353=EDGE_CURVE('',#3559,#3559,#1555,.T.);
#4354=EDGE_CURVE('',#3557,#3560,#1846,.T.);
#4355=EDGE_CURVE('',#3560,#3560,#1556,.T.);
#4356=EDGE_CURVE('',#3559,#3561,#1847,.T.);
#4357=EDGE_CURVE('',#3561,#3561,#1557,.T.);
#4358=EDGE_CURVE('',#3562,#3562,#1558,.T.);
#4359=EDGE_CURVE('',#3561,#3524,#1848,.T.);
#4360=EDGE_CURVE('',#3562,#3553,#1849,.T.);
#4361=EDGE_CURVE('',#3563,#3563,#1559,.T.);
#4362=EDGE_CURVE('',#3563,#3530,#1850,.T.);
#4363=EDGE_CURVE('',#3564,#3565,#1560,.T.);
#4364=EDGE_CURVE('',#3564,#3566,#1851,.T.);
#4365=EDGE_CURVE('',#3566,#3566,#1561,.T.);
#4366=EDGE_CURVE('',#3565,#3564,#1562,.T.);
#4367=EDGE_CURVE('',#3567,#3568,#1563,.T.);
#4368=EDGE_CURVE('',#3568,#3470,#1852,.T.);
#4369=EDGE_CURVE('',#3568,#3567,#1564,.T.);
#4370=EDGE_CURVE('',#3565,#3480,#1853,.T.);
#4371=EDGE_CURVE('',#3569,#3569,#1565,.T.);
#4372=EDGE_CURVE('',#3567,#3570,#1854,.T.);
#4373=EDGE_CURVE('',#3570,#3570,#1566,.T.);
#4374=EDGE_CURVE('',#3569,#3571,#1855,.T.);
#4375=EDGE_CURVE('',#3571,#3571,#1567,.T.);
#4376=EDGE_CURVE('',#3572,#3572,#1568,.T.);
#4377=EDGE_CURVE('',#3571,#3526,#1856,.T.);
#4378=EDGE_CURVE('',#3572,#3563,#1857,.T.);
#4379=EDGE_CURVE('',#3573,#3573,#1569,.T.);
#4380=EDGE_CURVE('',#3573,#3532,#1858,.T.);
#4381=EDGE_CURVE('',#3574,#3575,#1570,.T.);
#4382=EDGE_CURVE('',#3574,#3576,#1859,.T.);
#4383=EDGE_CURVE('',#3576,#3576,#1571,.T.);
#4384=EDGE_CURVE('',#3575,#3574,#1572,.T.);
#4385=EDGE_CURVE('',#3577,#3578,#1573,.T.);
#4386=EDGE_CURVE('',#3578,#3469,#1860,.T.);
#4387=EDGE_CURVE('',#3578,#3577,#1574,.T.);
#4388=EDGE_CURVE('',#3575,#3471,#1861,.T.);
#4389=EDGE_CURVE('',#3579,#3579,#1575,.T.);
#4390=EDGE_CURVE('',#3577,#3580,#1862,.T.);
#4391=EDGE_CURVE('',#3580,#3580,#1576,.T.);
#4392=EDGE_CURVE('',#3579,#3581,#1863,.T.);
#4393=EDGE_CURVE('',#3581,#3581,#1577,.T.);
#4394=EDGE_CURVE('',#3582,#3582,#1578,.T.);
#4395=EDGE_CURVE('',#3581,#3531,#1864,.T.);
#4396=EDGE_CURVE('',#3582,#3573,#1865,.T.);
#4397=EDGE_CURVE('',#3583,#3584,#1579,.T.);
#4398=EDGE_CURVE('',#3583,#3585,#1866,.T.);
#4399=EDGE_CURVE('',#3585,#3585,#1580,.T.);
#4400=EDGE_CURVE('',#3584,#3583,#1581,.T.);
#4401=EDGE_CURVE('',#3584,#3473,#1867,.T.);
#4402=EDGE_CURVE('',#3586,#3586,#1582,.T.);
#4403=EDGE_CURVE('',#3586,#3587,#1868,.T.);
#4404=EDGE_CURVE('',#3587,#3587,#1583,.T.);
#4405=EDGE_CURVE('',#3587,#3520,#1869,.T.);
#4406=EDGE_CURVE('',#3588,#3588,#1584,.T.);
#4407=EDGE_CURVE('',#3588,#3522,#1870,.T.);
#4408=EDGE_CURVE('',#3589,#3590,#1585,.T.);
#4409=EDGE_CURVE('',#3589,#3591,#1871,.T.);
#4410=EDGE_CURVE('',#3591,#3591,#1586,.T.);
#4411=EDGE_CURVE('',#3590,#3589,#1587,.T.);
#4412=EDGE_CURVE('',#3592,#3593,#1588,.T.);
#4413=EDGE_CURVE('',#3593,#3476,#1872,.T.);
#4414=EDGE_CURVE('',#3593,#3592,#1589,.T.);
#4415=EDGE_CURVE('',#3590,#3475,#1873,.T.);
#4416=EDGE_CURVE('',#3594,#3594,#1590,.T.);
#4417=EDGE_CURVE('',#3592,#3595,#1874,.T.);
#4418=EDGE_CURVE('',#3595,#3595,#1591,.T.);
#4419=EDGE_CURVE('',#3594,#3596,#1875,.T.);
#4420=EDGE_CURVE('',#3596,#3596,#1592,.T.);
#4421=EDGE_CURVE('',#3597,#3597,#1593,.T.);
#4422=EDGE_CURVE('',#3596,#3518,#1876,.T.);
#4423=EDGE_CURVE('',#3597,#3588,#1877,.T.);
#4424=EDGE_CURVE('',#3598,#3598,#1594,.T.);
#4425=EDGE_CURVE('',#3598,#3519,#1878,.T.);
#4426=EDGE_CURVE('',#3599,#3600,#1595,.T.);
#4427=EDGE_CURVE('',#3599,#3601,#1879,.T.);
#4428=EDGE_CURVE('',#3601,#3601,#1596,.T.);
#4429=EDGE_CURVE('',#3600,#3599,#1597,.T.);
#4430=EDGE_CURVE('',#3602,#3603,#1598,.T.);
#4431=EDGE_CURVE('',#3603,#3474,#1880,.T.);
#4432=EDGE_CURVE('',#3603,#3602,#1599,.T.);
#4433=EDGE_CURVE('',#3600,#3472,#1881,.T.);
#4434=EDGE_CURVE('',#3604,#3604,#1600,.T.);
#4435=EDGE_CURVE('',#3602,#3605,#1882,.T.);
#4436=EDGE_CURVE('',#3605,#3605,#1601,.T.);
#4437=EDGE_CURVE('',#3604,#3606,#1883,.T.);
#4438=EDGE_CURVE('',#3606,#3606,#1602,.T.);
#4439=EDGE_CURVE('',#3607,#3607,#1603,.T.);
#4440=EDGE_CURVE('',#3606,#3521,#1884,.T.);
#4441=EDGE_CURVE('',#3607,#3598,#1885,.T.);
#4442=EDGE_CURVE('',#3608,#3609,#1886,.T.);
#4443=EDGE_CURVE('',#3610,#3608,#1887,.T.);
#4444=EDGE_CURVE('',#3610,#3611,#1888,.T.);
#4445=EDGE_CURVE('',#3611,#3609,#1889,.T.);
#4446=EDGE_CURVE('',#3609,#3612,#1890,.T.);
#4447=EDGE_CURVE('',#3611,#3613,#1891,.T.);
#4448=EDGE_CURVE('',#3613,#3612,#1892,.T.);
#4449=EDGE_CURVE('',#3614,#3608,#1604,.T.);
#4450=EDGE_CURVE('',#3615,#3614,#1893,.T.);
#4451=EDGE_CURVE('',#3615,#3610,#1605,.T.);
#4452=EDGE_CURVE('',#3616,#3617,#1894,.T.);
#4453=EDGE_CURVE('',#3618,#3616,#1895,.T.);
#4454=EDGE_CURVE('',#3618,#3619,#1896,.T.);
#4455=EDGE_CURVE('',#3619,#3617,#1897,.T.);
#4456=EDGE_CURVE('',#3617,#3614,#1898,.T.);
#4457=EDGE_CURVE('',#3619,#3615,#1899,.T.);
#4458=EDGE_CURVE('',#3612,#3620,#1900,.T.);
#4459=EDGE_CURVE('',#3613,#3621,#1901,.T.);
#4460=EDGE_CURVE('',#3621,#3620,#1902,.T.);
#4461=EDGE_CURVE('',#3620,#3622,#1903,.T.);
#4462=EDGE_CURVE('',#3621,#3623,#1904,.T.);
#4463=EDGE_CURVE('',#3623,#3622,#1905,.T.);
#4464=EDGE_CURVE('',#3622,#3624,#1906,.T.);
#4465=EDGE_CURVE('',#3623,#3625,#1907,.T.);
#4466=EDGE_CURVE('',#3625,#3624,#1908,.T.);
#4467=EDGE_CURVE('',#3624,#3626,#1909,.T.);
#4468=EDGE_CURVE('',#3625,#3627,#1910,.T.);
#4469=EDGE_CURVE('',#3627,#3626,#1911,.T.);
#4470=EDGE_CURVE('',#3626,#3628,#1912,.T.);
#4471=EDGE_CURVE('',#3627,#3629,#1913,.T.);
#4472=EDGE_CURVE('',#3629,#3628,#1914,.T.);
#4473=EDGE_CURVE('',#3628,#3630,#1915,.T.);
#4474=EDGE_CURVE('',#3629,#3631,#1916,.T.);
#4475=EDGE_CURVE('',#3631,#3630,#1917,.T.);
#4476=EDGE_CURVE('',#3630,#3632,#1918,.T.);
#4477=EDGE_CURVE('',#3631,#3633,#1919,.T.);
#4478=EDGE_CURVE('',#3633,#3632,#1920,.T.);
#4479=EDGE_CURVE('',#3632,#3634,#1921,.T.);
#4480=EDGE_CURVE('',#3633,#3635,#1922,.T.);
#4481=EDGE_CURVE('',#3635,#3634,#1923,.T.);
#4482=EDGE_CURVE('',#3634,#3636,#1924,.T.);
#4483=EDGE_CURVE('',#3635,#3637,#1925,.T.);
#4484=EDGE_CURVE('',#3637,#3636,#1926,.T.);
#4485=EDGE_CURVE('',#3636,#3638,#1927,.T.);
#4486=EDGE_CURVE('',#3637,#3639,#1928,.T.);
#4487=EDGE_CURVE('',#3639,#3638,#1929,.T.);
#4488=EDGE_CURVE('',#3638,#3640,#1930,.T.);
#4489=EDGE_CURVE('',#3639,#3641,#1931,.T.);
#4490=EDGE_CURVE('',#3641,#3640,#1932,.T.);
#4491=EDGE_CURVE('',#3640,#3642,#1933,.T.);
#4492=EDGE_CURVE('',#3641,#3643,#1934,.T.);
#4493=EDGE_CURVE('',#3643,#3642,#1935,.T.);
#4494=EDGE_CURVE('',#3642,#3644,#1606,.T.);
#4495=EDGE_CURVE('',#3643,#3645,#1607,.T.);
#4496=EDGE_CURVE('',#3645,#3644,#1936,.T.);
#4497=EDGE_CURVE('',#3644,#3646,#1937,.T.);
#4498=EDGE_CURVE('',#3645,#3647,#1938,.T.);
#4499=EDGE_CURVE('',#3647,#3646,#1939,.T.);
#4500=EDGE_CURVE('',#3646,#3648,#1940,.T.);
#4501=EDGE_CURVE('',#3647,#3649,#1941,.T.);
#4502=EDGE_CURVE('',#3649,#3648,#1942,.T.);
#4503=EDGE_CURVE('',#3648,#3650,#1943,.T.);
#4504=EDGE_CURVE('',#3649,#3651,#1944,.T.);
#4505=EDGE_CURVE('',#3651,#3650,#1945,.T.);
#4506=EDGE_CURVE('',#3650,#3652,#1946,.T.);
#4507=EDGE_CURVE('',#3651,#3653,#1947,.T.);
#4508=EDGE_CURVE('',#3653,#3652,#1948,.T.);
#4509=EDGE_CURVE('',#3652,#3654,#1949,.T.);
#4510=EDGE_CURVE('',#3653,#3655,#1950,.T.);
#4511=EDGE_CURVE('',#3655,#3654,#1951,.T.);
#4512=EDGE_CURVE('',#3654,#3656,#1952,.T.);
#4513=EDGE_CURVE('',#3655,#3657,#1953,.T.);
#4514=EDGE_CURVE('',#3657,#3656,#1954,.T.);
#4515=EDGE_CURVE('',#3656,#3658,#1955,.T.);
#4516=EDGE_CURVE('',#3657,#3659,#1956,.T.);
#4517=EDGE_CURVE('',#3659,#3658,#1957,.T.);
#4518=EDGE_CURVE('',#3658,#3660,#1958,.T.);
#4519=EDGE_CURVE('',#3659,#3661,#1959,.T.);
#4520=EDGE_CURVE('',#3661,#3660,#1960,.T.);
#4521=EDGE_CURVE('',#3660,#3662,#1961,.T.);
#4522=EDGE_CURVE('',#3661,#3663,#1962,.T.);
#4523=EDGE_CURVE('',#3663,#3662,#1963,.T.);
#4524=EDGE_CURVE('',#3662,#3664,#1964,.T.);
#4525=EDGE_CURVE('',#3663,#3665,#1965,.T.);
#4526=EDGE_CURVE('',#3665,#3664,#1966,.T.);
#4527=EDGE_CURVE('',#3664,#3666,#1967,.T.);
#4528=EDGE_CURVE('',#3665,#3667,#1968,.T.);
#4529=EDGE_CURVE('',#3667,#3666,#1969,.T.);
#4530=EDGE_CURVE('',#3666,#3668,#1970,.T.);
#4531=EDGE_CURVE('',#3667,#3669,#1971,.T.);
#4532=EDGE_CURVE('',#3669,#3668,#1972,.T.);
#4533=EDGE_CURVE('',#3668,#3670,#1973,.T.);
#4534=EDGE_CURVE('',#3669,#3671,#1974,.T.);
#4535=EDGE_CURVE('',#3671,#3670,#1975,.T.);
#4536=EDGE_CURVE('',#3670,#3672,#1976,.T.);
#4537=EDGE_CURVE('',#3671,#3673,#1977,.T.);
#4538=EDGE_CURVE('',#3673,#3672,#1978,.T.);
#4539=EDGE_CURVE('',#3672,#3674,#1608,.T.);
#4540=EDGE_CURVE('',#3673,#3675,#1609,.T.);
#4541=EDGE_CURVE('',#3675,#3674,#1979,.T.);
#4542=EDGE_CURVE('',#3674,#3676,#1980,.T.);
#4543=EDGE_CURVE('',#3675,#3677,#1981,.T.);
#4544=EDGE_CURVE('',#3677,#3676,#1982,.T.);
#4545=EDGE_CURVE('',#3676,#3678,#1983,.T.);
#4546=EDGE_CURVE('',#3677,#3679,#1984,.T.);
#4547=EDGE_CURVE('',#3679,#3678,#1985,.T.);
#4548=EDGE_CURVE('',#3678,#3680,#1986,.T.);
#4549=EDGE_CURVE('',#3679,#3681,#1987,.T.);
#4550=EDGE_CURVE('',#3681,#3680,#1988,.T.);
#4551=EDGE_CURVE('',#3680,#3682,#1989,.T.);
#4552=EDGE_CURVE('',#3681,#3683,#1990,.T.);
#4553=EDGE_CURVE('',#3683,#3682,#1991,.T.);
#4554=EDGE_CURVE('',#3682,#3684,#1992,.T.);
#4555=EDGE_CURVE('',#3683,#3685,#1993,.T.);
#4556=EDGE_CURVE('',#3685,#3684,#1994,.T.);
#4557=EDGE_CURVE('',#3684,#3686,#1995,.T.);
#4558=EDGE_CURVE('',#3685,#3687,#1996,.T.);
#4559=EDGE_CURVE('',#3687,#3686,#1997,.T.);
#4560=EDGE_CURVE('',#3686,#3688,#1998,.T.);
#4561=EDGE_CURVE('',#3687,#3689,#1999,.T.);
#4562=EDGE_CURVE('',#3689,#3688,#2000,.T.);
#4563=EDGE_CURVE('',#3688,#3690,#2001,.T.);
#4564=EDGE_CURVE('',#3689,#3691,#2002,.T.);
#4565=EDGE_CURVE('',#3691,#3690,#2003,.T.);
#4566=EDGE_CURVE('',#3690,#3692,#2004,.T.);
#4567=EDGE_CURVE('',#3691,#3693,#2005,.T.);
#4568=EDGE_CURVE('',#3693,#3692,#2006,.T.);
#4569=EDGE_CURVE('',#3692,#3694,#2007,.T.);
#4570=EDGE_CURVE('',#3693,#3695,#2008,.T.);
#4571=EDGE_CURVE('',#3695,#3694,#2009,.T.);
#4572=EDGE_CURVE('',#3694,#3696,#2010,.T.);
#4573=EDGE_CURVE('',#3695,#3697,#2011,.T.);
#4574=EDGE_CURVE('',#3697,#3696,#2012,.T.);
#4575=EDGE_CURVE('',#3696,#3698,#2013,.T.);
#4576=EDGE_CURVE('',#3697,#3699,#2014,.T.);
#4577=EDGE_CURVE('',#3699,#3698,#2015,.T.);
#4578=EDGE_CURVE('',#3698,#3700,#2016,.T.);
#4579=EDGE_CURVE('',#3699,#3701,#2017,.T.);
#4580=EDGE_CURVE('',#3701,#3700,#2018,.T.);
#4581=EDGE_CURVE('',#3700,#3702,#2019,.T.);
#4582=EDGE_CURVE('',#3701,#3703,#2020,.T.);
#4583=EDGE_CURVE('',#3703,#3702,#2021,.T.);
#4584=EDGE_CURVE('',#3702,#3704,#1610,.T.);
#4585=EDGE_CURVE('',#3703,#3705,#1611,.T.);
#4586=EDGE_CURVE('',#3705,#3704,#2022,.T.);
#4587=EDGE_CURVE('',#3704,#3706,#2023,.T.);
#4588=EDGE_CURVE('',#3705,#3707,#2024,.T.);
#4589=EDGE_CURVE('',#3707,#3706,#2025,.T.);
#4590=EDGE_CURVE('',#3706,#3708,#2026,.T.);
#4591=EDGE_CURVE('',#3707,#3709,#2027,.T.);
#4592=EDGE_CURVE('',#3709,#3708,#2028,.T.);
#4593=EDGE_CURVE('',#3708,#3710,#2029,.T.);
#4594=EDGE_CURVE('',#3709,#3711,#2030,.T.);
#4595=EDGE_CURVE('',#3711,#3710,#2031,.T.);
#4596=EDGE_CURVE('',#3710,#3712,#2032,.T.);
#4597=EDGE_CURVE('',#3711,#3713,#2033,.T.);
#4598=EDGE_CURVE('',#3713,#3712,#2034,.T.);
#4599=EDGE_CURVE('',#3712,#3714,#2035,.T.);
#4600=EDGE_CURVE('',#3713,#3715,#2036,.T.);
#4601=EDGE_CURVE('',#3715,#3714,#2037,.T.);
#4602=EDGE_CURVE('',#3714,#3716,#2038,.T.);
#4603=EDGE_CURVE('',#3715,#3717,#2039,.T.);
#4604=EDGE_CURVE('',#3717,#3716,#2040,.T.);
#4605=EDGE_CURVE('',#3716,#3718,#2041,.T.);
#4606=EDGE_CURVE('',#3717,#3719,#2042,.T.);
#4607=EDGE_CURVE('',#3719,#3718,#2043,.T.);
#4608=EDGE_CURVE('',#3718,#3720,#2044,.T.);
#4609=EDGE_CURVE('',#3719,#3721,#2045,.T.);
#4610=EDGE_CURVE('',#3721,#3720,#2046,.T.);
#4611=EDGE_CURVE('',#3720,#3722,#2047,.T.);
#4612=EDGE_CURVE('',#3721,#3723,#2048,.T.);
#4613=EDGE_CURVE('',#3723,#3722,#2049,.T.);
#4614=EDGE_CURVE('',#3722,#3724,#2050,.T.);
#4615=EDGE_CURVE('',#3723,#3725,#2051,.T.);
#4616=EDGE_CURVE('',#3725,#3724,#2052,.T.);
#4617=EDGE_CURVE('',#3724,#3726,#2053,.T.);
#4618=EDGE_CURVE('',#3725,#3727,#2054,.T.);
#4619=EDGE_CURVE('',#3727,#3726,#2055,.T.);
#4620=EDGE_CURVE('',#3726,#3616,#2056,.T.);
#4621=EDGE_CURVE('',#3727,#3618,#2057,.T.);
#4622=EDGE_CURVE('',#3728,#3728,#1612,.T.);
#4623=EDGE_CURVE('',#3729,#3729,#1613,.F.);
#4624=EDGE_CURVE('',#3729,#3728,#2058,.T.);
#4625=EDGE_CURVE('',#3730,#3730,#1614,.T.);
#4626=EDGE_CURVE('',#3730,#3731,#2059,.T.);
#4627=EDGE_CURVE('',#3731,#3731,#1615,.T.);
#4628=EDGE_CURVE('',#3732,#3732,#1616,.T.);
#4629=EDGE_CURVE('',#3732,#3733,#2060,.T.);
#4630=EDGE_CURVE('',#3733,#3733,#1617,.T.);
#4631=EDGE_CURVE('',#3734,#3734,#1618,.T.);
#4632=EDGE_CURVE('',#3734,#3730,#2061,.T.);
#4633=EDGE_CURVE('',#3735,#3735,#1619,.T.);
#4634=EDGE_CURVE('',#3735,#3732,#2062,.T.);
#4635=EDGE_CURVE('',#3736,#3736,#1620,.T.);
#4636=EDGE_CURVE('',#3736,#3737,#2063,.T.);
#4637=EDGE_CURVE('',#3737,#3737,#1621,.T.);
#4638=EDGE_CURVE('',#3738,#3739,#1622,.T.);
#4639=EDGE_CURVE('',#3739,#3740,#2064,.T.);
#4640=EDGE_CURVE('',#3741,#3740,#1623,.T.);
#4641=EDGE_CURVE('',#3738,#3741,#2065,.T.);
#4642=EDGE_CURVE('',#3742,#3742,#1624,.T.);
#4643=EDGE_CURVE('',#3742,#3743,#2066,.T.);
#4644=EDGE_CURVE('',#3743,#3743,#1625,.T.);
#4645=EDGE_CURVE('',#3744,#3744,#1626,.T.);
#4646=EDGE_CURVE('',#3744,#3745,#2067,.T.);
#4647=EDGE_CURVE('',#3745,#3745,#1627,.T.);
#4648=EDGE_CURVE('',#3746,#3746,#1628,.T.);
#4649=EDGE_CURVE('',#3746,#3742,#2068,.T.);
#4650=EDGE_CURVE('',#3747,#3747,#1629,.T.);
#4651=EDGE_CURVE('',#3747,#3744,#2069,.T.);
#4652=EDGE_CURVE('',#3748,#3749,#2070,.T.);
#4653=EDGE_CURVE('',#3750,#3748,#2071,.T.);
#4654=EDGE_CURVE('',#3750,#3751,#2072,.T.);
#4655=EDGE_CURVE('',#3749,#3751,#2073,.T.);
#4656=EDGE_CURVE('',#3752,#3753,#2074,.T.);
#4657=EDGE_CURVE('',#3754,#3752,#2075,.T.);
#4658=EDGE_CURVE('',#3754,#3755,#2076,.T.);
#4659=EDGE_CURVE('',#3753,#3755,#2077,.T.);
#4660=EDGE_CURVE('',#3756,#3757,#2078,.T.);
#4661=EDGE_CURVE('',#3758,#3756,#2079,.T.);
#4662=EDGE_CURVE('',#3758,#3759,#2080,.T.);
#4663=EDGE_CURVE('',#3757,#3759,#2081,.T.);
#4664=EDGE_CURVE('',#3760,#3761,#2082,.T.);
#4665=EDGE_CURVE('',#3762,#3760,#2083,.T.);
#4666=EDGE_CURVE('',#3762,#3763,#2084,.T.);
#4667=EDGE_CURVE('',#3761,#3763,#2085,.T.);
#4668=EDGE_CURVE('',#3764,#3765,#2086,.T.);
#4669=EDGE_CURVE('',#3766,#3764,#2087,.T.);
#4670=EDGE_CURVE('',#3766,#3767,#2088,.T.);
#4671=EDGE_CURVE('',#3765,#3767,#2089,.T.);
#4672=EDGE_CURVE('',#3768,#3769,#2090,.T.);
#4673=EDGE_CURVE('',#3770,#3768,#2091,.T.);
#4674=EDGE_CURVE('',#3770,#3771,#2092,.T.);
#4675=EDGE_CURVE('',#3769,#3771,#2093,.T.);
#4676=EDGE_CURVE('',#3772,#3773,#2094,.T.);
#4677=EDGE_CURVE('',#3772,#3774,#2095,.T.);
#4678=EDGE_CURVE('',#3774,#3775,#2096,.T.);
#4679=EDGE_CURVE('',#3773,#3775,#2097,.T.);
#4680=EDGE_CURVE('',#3776,#3777,#2098,.T.);
#4681=EDGE_CURVE('',#3778,#3776,#2099,.T.);
#4682=EDGE_CURVE('',#3778,#3779,#2100,.T.);
#4683=EDGE_CURVE('',#3777,#3779,#2101,.T.);
#4684=EDGE_CURVE('',#3780,#3781,#2102,.T.);
#4685=EDGE_CURVE('',#3781,#3782,#1630,.T.);
#4686=EDGE_CURVE('',#3783,#3782,#2103,.T.);
#4687=EDGE_CURVE('',#3780,#3783,#1631,.T.);
#4688=EDGE_CURVE('',#3784,#3785,#2104,.T.);
#4689=EDGE_CURVE('',#3785,#3786,#2105,.T.);
#4690=EDGE_CURVE('',#3787,#3786,#2106,.T.);
#4691=EDGE_CURVE('',#3784,#3787,#2107,.T.);
#4692=EDGE_CURVE('',#3741,#3785,#2108,.T.);
#4693=EDGE_CURVE('',#3738,#3784,#2109,.T.);
#4694=EDGE_CURVE('',#3765,#3739,#2110,.T.);
#4695=EDGE_CURVE('',#3767,#3740,#2111,.T.);
#4696=EDGE_CURVE('',#3759,#3766,#2112,.T.);
#4697=EDGE_CURVE('',#3757,#3764,#2113,.T.);
#4698=EDGE_CURVE('',#3756,#3761,#2114,.T.);
#4699=EDGE_CURVE('',#3758,#3763,#2115,.T.);
#4700=EDGE_CURVE('',#3760,#3773,#2116,.T.);
#4701=EDGE_CURVE('',#3762,#3775,#2117,.T.);
#4702=EDGE_CURVE('',#3774,#3779,#2118,.T.);
#4703=EDGE_CURVE('',#3772,#3777,#2119,.T.);
#4704=EDGE_CURVE('',#3778,#3751,#2120,.T.);
#4705=EDGE_CURVE('',#3776,#3749,#2121,.T.);
#4706=EDGE_CURVE('',#3753,#3748,#2122,.T.);
#4707=EDGE_CURVE('',#3755,#3750,#2123,.T.);
#4708=EDGE_CURVE('',#3769,#3752,#2124,.T.);
#4709=EDGE_CURVE('',#3771,#3754,#2125,.T.);
#4710=EDGE_CURVE('',#3770,#3782,#2126,.T.);
#4711=EDGE_CURVE('',#3768,#3783,#2127,.T.);
#4712=EDGE_CURVE('',#3781,#3786,#2128,.T.);
#4713=EDGE_CURVE('',#3780,#3787,#2129,.T.);
#4714=EDGE_CURVE('',#3788,#3788,#1632,.T.);
#4715=EDGE_CURVE('',#3788,#3789,#2130,.T.);
#4716=EDGE_CURVE('',#3789,#3789,#1633,.T.);
#4717=EDGE_CURVE('',#3790,#3791,#1634,.T.);
#4718=EDGE_CURVE('',#3791,#3792,#2131,.T.);
#4719=EDGE_CURVE('',#3793,#3792,#1635,.T.);
#4720=EDGE_CURVE('',#3790,#3793,#2132,.T.);
#4721=EDGE_CURVE('',#3794,#3795,#1636,.T.);
#4722=EDGE_CURVE('',#3796,#3794,#2133,.T.);
#4723=EDGE_CURVE('',#3796,#3797,#1637,.T.);
#4724=EDGE_CURVE('',#3797,#3795,#2134,.T.);
#4725=EDGE_CURVE('',#3798,#3794,#2135,.T.);
#4726=EDGE_CURVE('',#3798,#3799,#2136,.T.);
#4727=EDGE_CURVE('',#3799,#3796,#2137,.T.);
#4728=EDGE_CURVE('',#3800,#3801,#2138,.T.);
#4729=EDGE_CURVE('',#3800,#3802,#2139,.T.);
#4730=EDGE_CURVE('',#3802,#3803,#2140,.T.);
#4731=EDGE_CURVE('',#3803,#3801,#2141,.T.);
#4732=EDGE_CURVE('',#3804,#3805,#2142,.T.);
#4733=EDGE_CURVE('',#3804,#3806,#2143,.T.);
#4734=EDGE_CURVE('',#3806,#3807,#2144,.T.);
#4735=EDGE_CURVE('',#3807,#3805,#2145,.T.);
#4736=EDGE_CURVE('',#3808,#3809,#2146,.T.);
#4737=EDGE_CURVE('',#3808,#3810,#2147,.T.);
#4738=EDGE_CURVE('',#3810,#3811,#2148,.T.);
#4739=EDGE_CURVE('',#3811,#3809,#2149,.T.);
#4740=EDGE_CURVE('',#3812,#3813,#2150,.T.);
#4741=EDGE_CURVE('',#3812,#3814,#2151,.T.);
#4742=EDGE_CURVE('',#3814,#3815,#2152,.T.);
#4743=EDGE_CURVE('',#3815,#3813,#2153,.T.);
#4744=EDGE_CURVE('',#3816,#3817,#2154,.T.);
#4745=EDGE_CURVE('',#3816,#3818,#2155,.T.);
#4746=EDGE_CURVE('',#3818,#3819,#2156,.T.);
#4747=EDGE_CURVE('',#3819,#3817,#2157,.T.);
#4748=EDGE_CURVE('',#3820,#3791,#2158,.T.);
#4749=EDGE_CURVE('',#3820,#3821,#2159,.T.);
#4750=EDGE_CURVE('',#3821,#3792,#2160,.T.);
#4751=EDGE_CURVE('',#3793,#3822,#2161,.T.);
#4752=EDGE_CURVE('',#3823,#3822,#2162,.T.);
#4753=EDGE_CURVE('',#3790,#3823,#2163,.T.);
#4754=EDGE_CURVE('',#3822,#3824,#2164,.T.);
#4755=EDGE_CURVE('',#3825,#3824,#2165,.T.);
#4756=EDGE_CURVE('',#3823,#3825,#2166,.T.);
#4757=EDGE_CURVE('',#3795,#3824,#2167,.T.);
#4758=EDGE_CURVE('',#3797,#3825,#2168,.T.);
#4759=EDGE_CURVE('',#3814,#3816,#2169,.T.);
#4760=EDGE_CURVE('',#3817,#3820,#2170,.T.);
#4761=EDGE_CURVE('',#3799,#3800,#2171,.T.);
#4762=EDGE_CURVE('',#3801,#3804,#2172,.T.);
#4763=EDGE_CURVE('',#3805,#3811,#2173,.T.);
#4764=EDGE_CURVE('',#3810,#3815,#2174,.T.);
#4765=EDGE_CURVE('',#3818,#3812,#2175,.T.);
#4766=EDGE_CURVE('',#3813,#3808,#2176,.T.);
#4767=EDGE_CURVE('',#3809,#3807,#2177,.T.);
#4768=EDGE_CURVE('',#3806,#3803,#2178,.T.);
#4769=EDGE_CURVE('',#3802,#3798,#2179,.T.);
#4770=EDGE_CURVE('',#3821,#3819,#2180,.T.);
#4771=EDGE_CURVE('',#3826,#3827,#1638,.T.);
#4772=EDGE_CURVE('',#3828,#3826,#1639,.T.);
#4773=EDGE_CURVE('',#3829,#3828,#1640,.T.);
#4774=EDGE_CURVE('',#3830,#3829,#1641,.T.);
#4775=EDGE_CURVE('',#3831,#3830,#1642,.T.);
#4776=EDGE_CURVE('',#3832,#3831,#1643,.T.);
#4777=EDGE_CURVE('',#3833,#3832,#1644,.T.);
#4778=EDGE_CURVE('',#3834,#3833,#1645,.T.);
#4779=EDGE_CURVE('',#3835,#3834,#1646,.T.);
#4780=EDGE_CURVE('',#3836,#3835,#1647,.T.);
#4781=EDGE_CURVE('',#3837,#3836,#1648,.T.);
#4782=EDGE_CURVE('',#3838,#3837,#1649,.T.);
#4783=EDGE_CURVE('',#3827,#3838,#1650,.T.);
#4784=EDGE_CURVE('',#3827,#3839,#1651,.T.);
#4785=EDGE_CURVE('',#3839,#3839,#1652,.T.);
#4786=EDGE_CURVE('',#3838,#3840,#2181,.T.);
#4787=EDGE_CURVE('',#3840,#3841,#2182,.T.);
#4788=EDGE_CURVE('',#3826,#3841,#2183,.T.);
#4789=EDGE_CURVE('',#3837,#3842,#2184,.T.);
#4790=EDGE_CURVE('',#3842,#3840,#2185,.T.);
#4791=EDGE_CURVE('',#3836,#3843,#2186,.T.);
#4792=EDGE_CURVE('',#3843,#3842,#2187,.T.);
#4793=EDGE_CURVE('',#3835,#3844,#2188,.T.);
#4794=EDGE_CURVE('',#3844,#3843,#2189,.T.);
#4795=EDGE_CURVE('',#3834,#3845,#2190,.T.);
#4796=EDGE_CURVE('',#3845,#3844,#2191,.T.);
#4797=EDGE_CURVE('',#3833,#3846,#2192,.T.);
#4798=EDGE_CURVE('',#3846,#3845,#2193,.T.);
#4799=EDGE_CURVE('',#3832,#3847,#2194,.T.);
#4800=EDGE_CURVE('',#3847,#3846,#2195,.T.);
#4801=EDGE_CURVE('',#3831,#3848,#2196,.T.);
#4802=EDGE_CURVE('',#3848,#3847,#2197,.T.);
#4803=EDGE_CURVE('',#3830,#3849,#2198,.T.);
#4804=EDGE_CURVE('',#3849,#3848,#2199,.T.);
#4805=EDGE_CURVE('',#3829,#3850,#2200,.T.);
#4806=EDGE_CURVE('',#3850,#3849,#2201,.T.);
#4807=EDGE_CURVE('',#3828,#3851,#2202,.T.);
#4808=EDGE_CURVE('',#3851,#3850,#2203,.T.);
#4809=EDGE_CURVE('',#3841,#3851,#2204,.T.);
#4810=EDGE_CURVE('',#3852,#3853,#1653,.T.);
#4811=EDGE_CURVE('',#3854,#3852,#1654,.T.);
#4812=EDGE_CURVE('',#3855,#3854,#1655,.T.);
#4813=EDGE_CURVE('',#3856,#3855,#1656,.T.);
#4814=EDGE_CURVE('',#3857,#3856,#1657,.T.);
#4815=EDGE_CURVE('',#3858,#3857,#1658,.T.);
#4816=EDGE_CURVE('',#3859,#3858,#1659,.T.);
#4817=EDGE_CURVE('',#3860,#3859,#1660,.T.);
#4818=EDGE_CURVE('',#3861,#3860,#1661,.T.);
#4819=EDGE_CURVE('',#3862,#3861,#1662,.T.);
#4820=EDGE_CURVE('',#3863,#3862,#1663,.T.);
#4821=EDGE_CURVE('',#3864,#3863,#1664,.T.);
#4822=EDGE_CURVE('',#3853,#3864,#1665,.T.);
#4823=EDGE_CURVE('',#3853,#3865,#1666,.T.);
#4824=EDGE_CURVE('',#3865,#3865,#1667,.T.);
#4825=EDGE_CURVE('',#3858,#3866,#2205,.T.);
#4826=EDGE_CURVE('',#3867,#3866,#2206,.T.);
#4827=EDGE_CURVE('',#3859,#3867,#2207,.T.);
#4828=EDGE_CURVE('',#3857,#3868,#2208,.T.);
#4829=EDGE_CURVE('',#3866,#3868,#2209,.T.);
#4830=EDGE_CURVE('',#3856,#3869,#2210,.T.);
#4831=EDGE_CURVE('',#3868,#3869,#2211,.T.);
#4832=EDGE_CURVE('',#3855,#3870,#2212,.T.);
#4833=EDGE_CURVE('',#3869,#3870,#2213,.T.);
#4834=EDGE_CURVE('',#3854,#3871,#2214,.T.);
#4835=EDGE_CURVE('',#3870,#3871,#2215,.T.);
#4836=EDGE_CURVE('',#3852,#3872,#2216,.T.);
#4837=EDGE_CURVE('',#3871,#3872,#2217,.T.);
#4838=EDGE_CURVE('',#3864,#3873,#2218,.T.);
#4839=EDGE_CURVE('',#3872,#3873,#2219,.T.);
#4840=EDGE_CURVE('',#3863,#3874,#2220,.T.);
#4841=EDGE_CURVE('',#3873,#3874,#2221,.T.);
#4842=EDGE_CURVE('',#3862,#3875,#2222,.T.);
#4843=EDGE_CURVE('',#3874,#3875,#2223,.T.);
#4844=EDGE_CURVE('',#3861,#3876,#2224,.T.);
#4845=EDGE_CURVE('',#3875,#3876,#2225,.T.);
#4846=EDGE_CURVE('',#3860,#3877,#2226,.T.);
#4847=EDGE_CURVE('',#3876,#3877,#2227,.T.);
#4848=EDGE_CURVE('',#3877,#3867,#2228,.T.);
#4849=EDGE_CURVE('',#3878,#3879,#1668,.T.);
#4850=EDGE_CURVE('',#3878,#3880,#2229,.T.);
#4851=EDGE_CURVE('',#3880,#3881,#1669,.T.);
#4852=EDGE_CURVE('',#3879,#3881,#2230,.T.);
#4853=EDGE_CURVE('',#3882,#3883,#1670,.T.);
#4854=EDGE_CURVE('',#3884,#3882,#2231,.T.);
#4855=EDGE_CURVE('',#3885,#3884,#1671,.T.);
#4856=EDGE_CURVE('',#3885,#3886,#2232,.T.);
#4857=EDGE_CURVE('',#3887,#3886,#1672,.T.);
#4858=EDGE_CURVE('',#3888,#3887,#2233,.T.);
#4859=EDGE_CURVE('',#3889,#3888,#1673,.T.);
#4860=EDGE_CURVE('',#3889,#3890,#2234,.T.);
#4861=EDGE_CURVE('',#3883,#3890,#1674,.T.);
#4862=EDGE_CURVE('',#3883,#3891,#2235,.T.);
#4863=EDGE_CURVE('',#3891,#3891,#1675,.T.);
#4864=EDGE_CURVE('',#3892,#3892,#1676,.T.);
#4865=EDGE_CURVE('',#3892,#3893,#2236,.T.);
#4866=EDGE_CURVE('',#3893,#3893,#1677,.T.);
#4867=EDGE_CURVE('',#3894,#3895,#1678,.T.);
#4868=EDGE_CURVE('',#3895,#3896,#2237,.T.);
#4869=EDGE_CURVE('',#3896,#3896,#1679,.T.);
#4870=EDGE_CURVE('',#3895,#3897,#1680,.T.);
#4871=EDGE_CURVE('',#3898,#3897,#2238,.T.);
#4872=EDGE_CURVE('',#3899,#3898,#1681,.T.);
#4873=EDGE_CURVE('',#3899,#3900,#2239,.T.);
#4874=EDGE_CURVE('',#3900,#3901,#1682,.T.);
#4875=EDGE_CURVE('',#3902,#3901,#2240,.T.);
#4876=EDGE_CURVE('',#3903,#3902,#1683,.T.);
#4877=EDGE_CURVE('',#3903,#3894,#2241,.T.);
#4878=EDGE_CURVE('',#3890,#3904,#2242,.T.);
#4879=EDGE_CURVE('',#3904,#3905,#2243,.T.);
#4880=EDGE_CURVE('',#3905,#3906,#2244,.T.);
#4881=EDGE_CURVE('',#3906,#3907,#2245,.T.);
#4882=EDGE_CURVE('',#3907,#3908,#2246,.T.);
#4883=EDGE_CURVE('',#3909,#3908,#2247,.T.);
#4884=EDGE_CURVE('',#3909,#3910,#2248,.T.);
#4885=EDGE_CURVE('',#3882,#3910,#2249,.T.);
#4886=EDGE_CURVE('',#3911,#3904,#2250,.T.);
#4887=EDGE_CURVE('',#3912,#3911,#2251,.T.);
#4888=EDGE_CURVE('',#3912,#3913,#2252,.T.);
#4889=EDGE_CURVE('',#3914,#3913,#2253,.T.);
#4890=EDGE_CURVE('',#3914,#3915,#2254,.T.);
#4891=EDGE_CURVE('',#3915,#3916,#2255,.T.);
#4892=EDGE_CURVE('',#3916,#3905,#2256,.T.);
#4893=EDGE_CURVE('',#3887,#3917,#2257,.T.);
#4894=EDGE_CURVE('',#3886,#3901,#2258,.T.);
#4895=EDGE_CURVE('',#3900,#3918,#2259,.T.);
#4896=EDGE_CURVE('',#3881,#3918,#2260,.T.);
#4897=EDGE_CURVE('',#3880,#3919,#2261,.T.);
#4898=EDGE_CURVE('',#3919,#3920,#2262,.T.);
#4899=EDGE_CURVE('',#3920,#3921,#2263,.T.);
#4900=EDGE_CURVE('',#3921,#3922,#2264,.T.);
#4901=EDGE_CURVE('',#3922,#3923,#2265,.T.);
#4902=EDGE_CURVE('',#3923,#3924,#1684,.T.);
#4903=EDGE_CURVE('',#3924,#3925,#2266,.T.);
#4904=EDGE_CURVE('',#3925,#3926,#2267,.T.);
#4905=EDGE_CURVE('',#3927,#3926,#2268,.T.);
#4906=EDGE_CURVE('',#3927,#3928,#1685,.T.);
#4907=EDGE_CURVE('',#3928,#3929,#2269,.T.);
#4908=EDGE_CURVE('',#3929,#3930,#2270,.T.);
#4909=EDGE_CURVE('',#3931,#3930,#2271,.T.);
#4910=EDGE_CURVE('',#3932,#3931,#1686,.T.);
#4911=EDGE_CURVE('',#3932,#3933,#2272,.T.);
#4912=EDGE_CURVE('',#3934,#3933,#2273,.T.);
#4913=EDGE_CURVE('',#3935,#3934,#2274,.T.);
#4914=EDGE_CURVE('',#3936,#3935,#1687,.T.);
#4915=EDGE_CURVE('',#3937,#3936,#2275,.T.);
#4916=EDGE_CURVE('',#3937,#3914,#2276,.T.);
#4917=EDGE_CURVE('',#3938,#3913,#2277,.T.);
#4918=EDGE_CURVE('',#3939,#3938,#2278,.T.);
#4919=EDGE_CURVE('',#3939,#3940,#1688,.T.);
#4920=EDGE_CURVE('',#3940,#3917,#2279,.T.);
#4921=EDGE_CURVE('',#3941,#3920,#2280,.T.);
#4922=EDGE_CURVE('',#3942,#3941,#2281,.T.);
#4923=EDGE_CURVE('',#3942,#3943,#2282,.T.);
#4924=EDGE_CURVE('',#3944,#3943,#2283,.T.);
#4925=EDGE_CURVE('',#3944,#3945,#2284,.T.);
#4926=EDGE_CURVE('',#3945,#3946,#2285,.T.);
#4927=EDGE_CURVE('',#3946,#3921,#2286,.T.);
#4928=EDGE_CURVE('',#3897,#3943,#2287,.T.);
#4929=EDGE_CURVE('',#3947,#3894,#2288,.T.);
#4930=EDGE_CURVE('',#3948,#3947,#2289,.T.);
#4931=EDGE_CURVE('',#3949,#3948,#2290,.T.);
#4932=EDGE_CURVE('',#3949,#3950,#2291,.T.);
#4933=EDGE_CURVE('',#3951,#3950,#2292,.T.);
#4934=EDGE_CURVE('',#3951,#3944,#2293,.T.);
#4935=EDGE_CURVE('',#3952,#3953,#2294,.T.);
#4936=EDGE_CURVE('',#3931,#3952,#2295,.T.);
#4937=EDGE_CURVE('',#3930,#3953,#2296,.T.);
#4938=EDGE_CURVE('',#3954,#3952,#1689,.T.);
#4939=EDGE_CURVE('',#3932,#3954,#2297,.T.);
#4940=EDGE_CURVE('',#3954,#3955,#2298,.T.);
#4941=EDGE_CURVE('',#3933,#3955,#2299,.T.);
#4942=EDGE_CURVE('',#3956,#3955,#2300,.T.);
#4943=EDGE_CURVE('',#3934,#3956,#2301,.T.);
#4944=EDGE_CURVE('',#3957,#3956,#2302,.T.);
#4945=EDGE_CURVE('',#3935,#3957,#2303,.T.);
#4946=EDGE_CURVE('',#3958,#3957,#1690,.T.);
#4947=EDGE_CURVE('',#3936,#3958,#2304,.T.);
#4948=EDGE_CURVE('',#3959,#3958,#2305,.T.);
#4949=EDGE_CURVE('',#3959,#3937,#2306,.T.);
#4950=EDGE_CURVE('',#3906,#3960,#2307,.T.);
#4951=EDGE_CURVE('',#3960,#3961,#2308,.T.);
#4952=EDGE_CURVE('',#3961,#3907,#2309,.T.);
#4953=EDGE_CURVE('',#3962,#3948,#2310,.T.);
#4954=EDGE_CURVE('',#3963,#3962,#2311,.T.);
#4955=EDGE_CURVE('',#3963,#3909,#2312,.T.);
#4956=EDGE_CURVE('',#3908,#3964,#2313,.T.);
#4957=EDGE_CURVE('',#3965,#3964,#2314,.T.);
#4958=EDGE_CURVE('',#3965,#3949,#2315,.T.);
#4959=EDGE_CURVE('',#3966,#3967,#2316,.T.);
#4960=EDGE_CURVE('',#3966,#3951,#2317,.T.);
#4961=EDGE_CURVE('',#3950,#3967,#2318,.T.);
#4962=EDGE_CURVE('',#3922,#3968,#2319,.T.);
#4963=EDGE_CURVE('',#3968,#3969,#2320,.T.);
#4964=EDGE_CURVE('',#3923,#3969,#2321,.T.);
#4965=EDGE_CURVE('',#3969,#3970,#1691,.T.);
#4966=EDGE_CURVE('',#3924,#3970,#2322,.T.);
#4967=EDGE_CURVE('',#3970,#3971,#2323,.T.);
#4968=EDGE_CURVE('',#3925,#3971,#2324,.T.);
#4969=EDGE_CURVE('',#3971,#3972,#2325,.T.);
#4970=EDGE_CURVE('',#3926,#3972,#2326,.T.);
#4971=EDGE_CURVE('',#3973,#3972,#2327,.T.);
#4972=EDGE_CURVE('',#3927,#3973,#2328,.T.);
#4973=EDGE_CURVE('',#3973,#3974,#1692,.T.);
#4974=EDGE_CURVE('',#3928,#3974,#2329,.T.);
#4975=EDGE_CURVE('',#3974,#3975,#2330,.T.);
#4976=EDGE_CURVE('',#3929,#3975,#2331,.T.);
#4977=EDGE_CURVE('',#3975,#3953,#2332,.T.);
#4978=EDGE_CURVE('',#3915,#3959,#2333,.T.);
#4979=EDGE_CURVE('',#3968,#3946,#2334,.T.);
#4980=EDGE_CURVE('',#3945,#3966,#2335,.T.);
#4981=EDGE_CURVE('',#3967,#3965,#2336,.T.);
#4982=EDGE_CURVE('',#3964,#3961,#2337,.T.);
#4983=EDGE_CURVE('',#3960,#3916,#2338,.T.);
#4984=EDGE_CURVE('',#3976,#3947,#2339,.T.);
#4985=EDGE_CURVE('',#3962,#3976,#2340,.T.);
#4986=EDGE_CURVE('',#3963,#3977,#2341,.T.);
#4987=EDGE_CURVE('',#3977,#3910,#2342,.T.);
#4988=EDGE_CURVE('',#3884,#3977,#2343,.T.);
#4989=EDGE_CURVE('',#3885,#3902,#2344,.T.);
#4990=EDGE_CURVE('',#3976,#3903,#2345,.T.);
#4991=EDGE_CURVE('',#3878,#3978,#2346,.T.);
#4992=EDGE_CURVE('',#3978,#3919,#2347,.T.);
#4993=EDGE_CURVE('',#3978,#3941,#2348,.T.);
#4994=EDGE_CURVE('',#3898,#3942,#2349,.T.);
#4995=EDGE_CURVE('',#3899,#3979,#2350,.T.);
#4996=EDGE_CURVE('',#3979,#3918,#2351,.T.);
#4997=EDGE_CURVE('',#3879,#3979,#2352,.T.);
#4998=EDGE_CURVE('',#3980,#3939,#2353,.T.);
#4999=EDGE_CURVE('',#3980,#3981,#1693,.T.);
#5000=EDGE_CURVE('',#3981,#3940,#2354,.T.);
#5001=EDGE_CURVE('',#3981,#3982,#2355,.T.);
#5002=EDGE_CURVE('',#3982,#3917,#2356,.T.);
#5003=EDGE_CURVE('',#3888,#3982,#2357,.T.);
#5004=EDGE_CURVE('',#3889,#3911,#2358,.T.);
#5005=EDGE_CURVE('',#3983,#3912,#2359,.T.);
#5006=EDGE_CURVE('',#3983,#3938,#2360,.T.);
#5007=EDGE_CURVE('',#3980,#3983,#2361,.T.);
#5008=EDGE_CURVE('',#3984,#3984,#1694,.T.);
#5009=EDGE_CURVE('',#3984,#3985,#2362,.T.);
#5010=EDGE_CURVE('',#3985,#3985,#1695,.T.);
#5011=EDGE_CURVE('',#3986,#3987,#1696,.T.);
#5012=EDGE_CURVE('',#3986,#3988,#2363,.T.);
#5013=EDGE_CURVE('',#3988,#3989,#1697,.T.);
#5014=EDGE_CURVE('',#3987,#3989,#2364,.T.);
#5015=EDGE_CURVE('',#3990,#3991,#1698,.T.);
#5016=EDGE_CURVE('',#3992,#3991,#2365,.T.);
#5017=EDGE_CURVE('',#3993,#3992,#1699,.T.);
#5018=EDGE_CURVE('',#3993,#3990,#2366,.T.);
#5019=EDGE_CURVE('',#3994,#3990,#2367,.T.);
#5020=EDGE_CURVE('',#3995,#3993,#2368,.T.);
#5021=EDGE_CURVE('',#3994,#3995,#2369,.T.);
#5022=EDGE_CURVE('',#3996,#3997,#2370,.T.);
#5023=EDGE_CURVE('',#3998,#3997,#2371,.T.);
#5024=EDGE_CURVE('',#3999,#3998,#2372,.T.);
#5025=EDGE_CURVE('',#3996,#3999,#2373,.T.);
#5026=EDGE_CURVE('',#4000,#4001,#2374,.T.);
#5027=EDGE_CURVE('',#4002,#4001,#2375,.T.);
#5028=EDGE_CURVE('',#4003,#4002,#2376,.T.);
#5029=EDGE_CURVE('',#4000,#4003,#2377,.T.);
#5030=EDGE_CURVE('',#4004,#4005,#2378,.T.);
#5031=EDGE_CURVE('',#4006,#4005,#2379,.T.);
#5032=EDGE_CURVE('',#4007,#4006,#2380,.T.);
#5033=EDGE_CURVE('',#4004,#4007,#2381,.T.);
#5034=EDGE_CURVE('',#4008,#4009,#2382,.T.);
#5035=EDGE_CURVE('',#4010,#4009,#2383,.T.);
#5036=EDGE_CURVE('',#4011,#4010,#2384,.T.);
#5037=EDGE_CURVE('',#4008,#4011,#2385,.T.);
#5038=EDGE_CURVE('',#4012,#4013,#2386,.T.);
#5039=EDGE_CURVE('',#4014,#4013,#2387,.T.);
#5040=EDGE_CURVE('',#4015,#4014,#2388,.T.);
#5041=EDGE_CURVE('',#4012,#4015,#2389,.T.);
#5042=EDGE_CURVE('',#4016,#3987,#2390,.T.);
#5043=EDGE_CURVE('',#4017,#3989,#2391,.T.);
#5044=EDGE_CURVE('',#4016,#4017,#2392,.T.);
#5045=EDGE_CURVE('',#3988,#4018,#2393,.T.);
#5046=EDGE_CURVE('',#3986,#4019,#2394,.T.);
#5047=EDGE_CURVE('',#4019,#4018,#2395,.T.);
#5048=EDGE_CURVE('',#4018,#4020,#2396,.T.);
#5049=EDGE_CURVE('',#4019,#4021,#2397,.T.);
#5050=EDGE_CURVE('',#4021,#4020,#2398,.T.);
#5051=EDGE_CURVE('',#3991,#4020,#2399,.T.);
#5052=EDGE_CURVE('',#3992,#4021,#2400,.T.);
#5053=EDGE_CURVE('',#4007,#4010,#2401,.T.);
#5054=EDGE_CURVE('',#4001,#4006,#2402,.T.);
#5055=EDGE_CURVE('',#3997,#4000,#2403,.T.);
#5056=EDGE_CURVE('',#3995,#3996,#2404,.T.);
#5057=EDGE_CURVE('',#4013,#4016,#2405,.T.);
#5058=EDGE_CURVE('',#4011,#4012,#2406,.T.);
#5059=EDGE_CURVE('',#4017,#4014,#2407,.T.);
#5060=EDGE_CURVE('',#3999,#3994,#2408,.T.);
#5061=EDGE_CURVE('',#4003,#3998,#2409,.T.);
#5062=EDGE_CURVE('',#4005,#4002,#2410,.T.);
#5063=EDGE_CURVE('',#4009,#4004,#2411,.T.);
#5064=EDGE_CURVE('',#4015,#4008,#2412,.T.);
#5065=EDGE_CURVE('',#4022,#4023,#1700,.T.);
#5066=EDGE_CURVE('',#4023,#4024,#2413,.T.);
#5067=EDGE_CURVE('',#4025,#4024,#1701,.T.);
#5068=EDGE_CURVE('',#4022,#4025,#2414,.T.);
#5069=EDGE_CURVE('',#4026,#4027,#1702,.T.);
#5070=EDGE_CURVE('',#4027,#4028,#2415,.T.);
#5071=EDGE_CURVE('',#4028,#4028,#1703,.T.);
#5072=EDGE_CURVE('',#4027,#4029,#1704,.T.);
#5073=EDGE_CURVE('',#4030,#4029,#2416,.T.);
#5074=EDGE_CURVE('',#4030,#4031,#1705,.T.);
#5075=EDGE_CURVE('',#4031,#4032,#2417,.T.);
#5076=EDGE_CURVE('',#4032,#4033,#1706,.T.);
#5077=EDGE_CURVE('',#4034,#4033,#2418,.T.);
#5078=EDGE_CURVE('',#4034,#4035,#1707,.T.);
#5079=EDGE_CURVE('',#4035,#4026,#2419,.T.);
#5080=EDGE_CURVE('',#4036,#4036,#1708,.T.);
#5081=EDGE_CURVE('',#4036,#4037,#2420,.T.);
#5082=EDGE_CURVE('',#4037,#4037,#1709,.T.);
#5083=EDGE_CURVE('',#4038,#4039,#1710,.T.);
#5084=EDGE_CURVE('',#4040,#4038,#2421,.T.);
#5085=EDGE_CURVE('',#4040,#4041,#1711,.T.);
#5086=EDGE_CURVE('',#4041,#4042,#2422,.T.);
#5087=EDGE_CURVE('',#4043,#4042,#1712,.T.);
#5088=EDGE_CURVE('',#4044,#4043,#2423,.T.);
#5089=EDGE_CURVE('',#4044,#4045,#1713,.T.);
#5090=EDGE_CURVE('',#4045,#4046,#2424,.T.);
#5091=EDGE_CURVE('',#4039,#4046,#1714,.T.);
#5092=EDGE_CURVE('',#4039,#4047,#2425,.T.);
#5093=EDGE_CURVE('',#4047,#4047,#1715,.T.);
#5094=EDGE_CURVE('',#4026,#4048,#2426,.T.);
#5095=EDGE_CURVE('',#4049,#4048,#2427,.T.);
#5096=EDGE_CURVE('',#4049,#4050,#2428,.T.);
#5097=EDGE_CURVE('',#4051,#4050,#2429,.T.);
#5098=EDGE_CURVE('',#4052,#4051,#2430,.T.);
#5099=EDGE_CURVE('',#4053,#4052,#2431,.T.);
#5100=EDGE_CURVE('',#4054,#4053,#2432,.T.);
#5101=EDGE_CURVE('',#4029,#4054,#2433,.T.);
#5102=EDGE_CURVE('',#4055,#4054,#2434,.T.);
#5103=EDGE_CURVE('',#4056,#4053,#2435,.T.);
#5104=EDGE_CURVE('',#4057,#4056,#2436,.T.);
#5105=EDGE_CURVE('',#4058,#4057,#2437,.T.);
#5106=EDGE_CURVE('',#4058,#4059,#2438,.T.);
#5107=EDGE_CURVE('',#4060,#4059,#2439,.T.);
#5108=EDGE_CURVE('',#4060,#4055,#2440,.T.);
#5109=EDGE_CURVE('',#4032,#4061,#2441,.T.);
#5110=EDGE_CURVE('',#4062,#4061,#2442,.T.);
#5111=EDGE_CURVE('',#4063,#4062,#1716,.T.);
#5112=EDGE_CURVE('',#4063,#4064,#2443,.T.);
#5113=EDGE_CURVE('',#4064,#4059,#2444,.T.);
#5114=EDGE_CURVE('',#4065,#4058,#2445,.T.);
#5115=EDGE_CURVE('',#4065,#4066,#2446,.T.);
#5116=EDGE_CURVE('',#4066,#4067,#1717,.T.);
#5117=EDGE_CURVE('',#4067,#4068,#2447,.T.);
#5118=EDGE_CURVE('',#4068,#4069,#2448,.T.);
#5119=EDGE_CURVE('',#4070,#4069,#2449,.T.);
#5120=EDGE_CURVE('',#4070,#4071,#1718,.T.);
#5121=EDGE_CURVE('',#4071,#4072,#2450,.T.);
#5122=EDGE_CURVE('',#4073,#4072,#2451,.T.);
#5123=EDGE_CURVE('',#4074,#4073,#2452,.T.);
#5124=EDGE_CURVE('',#4075,#4074,#1719,.T.);
#5125=EDGE_CURVE('',#4075,#4076,#2453,.T.);
#5126=EDGE_CURVE('',#4077,#4076,#2454,.T.);
#5127=EDGE_CURVE('',#4078,#4077,#2455,.T.);
#5128=EDGE_CURVE('',#4079,#4078,#1720,.T.);
#5129=EDGE_CURVE('',#4080,#4079,#2456,.T.);
#5130=EDGE_CURVE('',#4081,#4080,#2457,.T.);
#5131=EDGE_CURVE('',#4082,#4081,#2458,.T.);
#5132=EDGE_CURVE('',#4083,#4082,#2459,.T.);
#5133=EDGE_CURVE('',#4025,#4083,#2460,.T.);
#5134=EDGE_CURVE('',#4024,#4084,#2461,.T.);
#5135=EDGE_CURVE('',#4043,#4084,#2462,.T.);
#5136=EDGE_CURVE('',#4033,#4042,#2463,.T.);
#5137=EDGE_CURVE('',#4085,#4082,#2464,.T.);
#5138=EDGE_CURVE('',#4086,#4081,#2465,.T.);
#5139=EDGE_CURVE('',#4087,#4086,#2466,.T.);
#5140=EDGE_CURVE('',#4088,#4087,#2467,.T.);
#5141=EDGE_CURVE('',#4088,#4089,#2468,.T.);
#5142=EDGE_CURVE('',#4090,#4089,#2469,.T.);
#5143=EDGE_CURVE('',#4090,#4085,#2470,.T.);
#5144=EDGE_CURVE('',#4046,#4089,#2471,.T.);
#5145=EDGE_CURVE('',#4091,#4088,#2472,.T.);
#5146=EDGE_CURVE('',#4091,#4092,#2473,.T.);
#5147=EDGE_CURVE('',#4093,#4092,#2474,.T.);
#5148=EDGE_CURVE('',#4093,#4094,#2475,.T.);
#5149=EDGE_CURVE('',#4094,#4095,#2476,.T.);
#5150=EDGE_CURVE('',#4095,#4038,#2477,.T.);
#5151=EDGE_CURVE('',#4096,#4097,#2478,.T.);
#5152=EDGE_CURVE('',#4072,#4097,#2479,.T.);
#5153=EDGE_CURVE('',#4071,#4096,#2480,.T.);
#5154=EDGE_CURVE('',#4098,#4096,#1721,.T.);
#5155=EDGE_CURVE('',#4070,#4098,#2481,.T.);
#5156=EDGE_CURVE('',#4098,#4099,#2482,.T.);
#5157=EDGE_CURVE('',#4069,#4099,#2483,.T.);
#5158=EDGE_CURVE('',#4100,#4099,#2484,.T.);
#5159=EDGE_CURVE('',#4068,#4100,#2485,.T.);
#5160=EDGE_CURVE('',#4101,#4100,#2486,.T.);
#5161=EDGE_CURVE('',#4067,#4101,#2487,.T.);
#5162=EDGE_CURVE('',#4102,#4101,#1722,.T.);
#5163=EDGE_CURVE('',#4066,#4102,#2488,.T.);
#5164=EDGE_CURVE('',#4103,#4102,#2489,.T.);
#5165=EDGE_CURVE('',#4103,#4065,#2490,.T.);
#5166=EDGE_CURVE('',#4104,#4051,#2491,.T.);
#5167=EDGE_CURVE('',#4105,#4104,#2492,.T.);
#5168=EDGE_CURVE('',#4052,#4105,#2493,.T.);
#5169=EDGE_CURVE('',#4106,#4094,#2494,.T.);
#5170=EDGE_CURVE('',#4107,#4093,#2495,.T.);
#5171=EDGE_CURVE('',#4107,#4108,#2496,.T.);
#5172=EDGE_CURVE('',#4050,#4108,#2497,.T.);
#5173=EDGE_CURVE('',#4109,#4049,#2498,.T.);
#5174=EDGE_CURVE('',#4109,#4106,#2499,.T.);
#5175=EDGE_CURVE('',#4110,#4111,#2500,.T.);
#5176=EDGE_CURVE('',#4092,#4111,#2501,.T.);
#5177=EDGE_CURVE('',#4110,#4091,#2502,.T.);
#5178=EDGE_CURVE('',#4079,#4112,#2503,.T.);
#5179=EDGE_CURVE('',#4113,#4112,#2504,.T.);
#5180=EDGE_CURVE('',#4080,#4113,#2505,.T.);
#5181=EDGE_CURVE('',#4112,#4114,#1723,.T.);
#5182=EDGE_CURVE('',#4078,#4114,#2506,.T.);
#5183=EDGE_CURVE('',#4114,#4115,#2507,.T.);
#5184=EDGE_CURVE('',#4077,#4115,#2508,.T.);
#5185=EDGE_CURVE('',#4115,#4116,#2509,.T.);
#5186=EDGE_CURVE('',#4076,#4116,#2510,.T.);
#5187=EDGE_CURVE('',#4117,#4116,#2511,.T.);
#5188=EDGE_CURVE('',#4075,#4117,#2512,.T.);
#5189=EDGE_CURVE('',#4117,#4118,#1724,.T.);
#5190=EDGE_CURVE('',#4074,#4118,#2513,.T.);
#5191=EDGE_CURVE('',#4118,#4119,#2514,.T.);
#5192=EDGE_CURVE('',#4073,#4119,#2515,.T.);
#5193=EDGE_CURVE('',#4119,#4097,#2516,.T.);
#5194=EDGE_CURVE('',#4105,#4056,#2517,.T.);
#5195=EDGE_CURVE('',#4108,#4104,#2518,.T.);
#5196=EDGE_CURVE('',#4111,#4107,#2519,.T.);
#5197=EDGE_CURVE('',#4087,#4110,#2520,.T.);
#5198=EDGE_CURVE('',#4113,#4086,#2521,.T.);
#5199=EDGE_CURVE('',#4057,#4103,#2522,.T.);
#5200=EDGE_CURVE('',#4106,#4120,#2523,.T.);
#5201=EDGE_CURVE('',#4120,#4095,#2524,.T.);
#5202=EDGE_CURVE('',#4121,#4048,#2525,.T.);
#5203=EDGE_CURVE('',#4109,#4121,#2526,.T.);
#5204=EDGE_CURVE('',#4035,#4121,#2527,.T.);
#5205=EDGE_CURVE('',#4034,#4041,#2528,.T.);
#5206=EDGE_CURVE('',#4120,#4040,#2529,.T.);
#5207=EDGE_CURVE('',#4122,#4083,#2530,.T.);
#5208=EDGE_CURVE('',#4022,#4122,#2531,.T.);
#5209=EDGE_CURVE('',#4122,#4085,#2532,.T.);
#5210=EDGE_CURVE('',#4045,#4090,#2533,.T.);
#5211=EDGE_CURVE('',#4123,#4084,#2534,.T.);
#5212=EDGE_CURVE('',#4044,#4123,#2535,.T.);
#5213=EDGE_CURVE('',#4023,#4123,#2536,.T.);
#5214=EDGE_CURVE('',#4124,#4062,#2537,.T.);
#5215=EDGE_CURVE('',#4125,#4124,#1725,.T.);
#5216=EDGE_CURVE('',#4125,#4063,#2538,.T.);
#5217=EDGE_CURVE('',#4126,#4061,#2539,.T.);
#5218=EDGE_CURVE('',#4124,#4126,#2540,.T.);
#5219=EDGE_CURVE('',#4031,#4126,#2541,.T.);
#5220=EDGE_CURVE('',#4030,#4055,#2542,.T.);
#5221=EDGE_CURVE('',#4127,#4064,#2543,.T.);
#5222=EDGE_CURVE('',#4127,#4060,#2544,.T.);
#5223=EDGE_CURVE('',#4125,#4127,#2545,.T.);
#5224=EDGE_CURVE('',#4128,#4128,#1726,.T.);
#5225=EDGE_CURVE('',#4128,#4129,#1727,.T.);
#5226=EDGE_CURVE('',#4129,#4130,#1728,.T.);
#5227=EDGE_CURVE('',#4130,#4131,#1729,.T.);
#5228=EDGE_CURVE('',#4131,#4132,#1730,.T.);
#5229=EDGE_CURVE('',#4132,#4133,#1731,.T.);
#5230=EDGE_CURVE('',#4133,#4134,#1732,.T.);
#5231=EDGE_CURVE('',#4134,#4135,#1733,.T.);
#5232=EDGE_CURVE('',#4135,#4136,#1734,.T.);
#5233=EDGE_CURVE('',#4136,#4137,#1735,.T.);
#5234=EDGE_CURVE('',#4137,#4138,#1736,.T.);
#5235=EDGE_CURVE('',#4138,#4139,#1737,.T.);
#5236=EDGE_CURVE('',#4139,#4140,#1738,.T.);
#5237=EDGE_CURVE('',#4140,#4141,#1739,.T.);
#5238=EDGE_CURVE('',#4141,#4129,#1740,.T.);
#5239=EDGE_CURVE('',#4141,#4142,#2546,.T.);
#5240=EDGE_CURVE('',#4143,#4142,#2547,.T.);
#5241=EDGE_CURVE('',#4130,#4143,#2548,.T.);
#5242=EDGE_CURVE('',#4144,#4143,#2549,.T.);
#5243=EDGE_CURVE('',#4131,#4144,#2550,.T.);
#5244=EDGE_CURVE('',#4145,#4144,#2551,.T.);
#5245=EDGE_CURVE('',#4132,#4145,#2552,.T.);
#5246=EDGE_CURVE('',#4146,#4145,#2553,.T.);
#5247=EDGE_CURVE('',#4133,#4146,#2554,.T.);
#5248=EDGE_CURVE('',#4147,#4146,#2555,.T.);
#5249=EDGE_CURVE('',#4134,#4147,#2556,.T.);
#5250=EDGE_CURVE('',#4148,#4147,#2557,.T.);
#5251=EDGE_CURVE('',#4135,#4148,#2558,.T.);
#5252=EDGE_CURVE('',#4149,#4148,#2559,.T.);
#5253=EDGE_CURVE('',#4136,#4149,#2560,.T.);
#5254=EDGE_CURVE('',#4150,#4149,#2561,.T.);
#5255=EDGE_CURVE('',#4137,#4150,#2562,.T.);
#5256=EDGE_CURVE('',#4151,#4150,#2563,.T.);
#5257=EDGE_CURVE('',#4138,#4151,#2564,.T.);
#5258=EDGE_CURVE('',#4152,#4151,#2565,.T.);
#5259=EDGE_CURVE('',#4139,#4152,#2566,.T.);
#5260=EDGE_CURVE('',#4153,#4152,#2567,.T.);
#5261=EDGE_CURVE('',#4140,#4153,#2568,.T.);
#5262=EDGE_CURVE('',#4142,#4153,#2569,.T.);
#5263=EDGE_CURVE('',#4154,#4154,#1741,.T.);
#5264=EDGE_CURVE('',#4154,#4155,#1742,.T.);
#5265=EDGE_CURVE('',#4155,#4156,#1743,.T.);
#5266=EDGE_CURVE('',#4156,#4157,#1744,.T.);
#5267=EDGE_CURVE('',#4157,#4158,#1745,.T.);
#5268=EDGE_CURVE('',#4158,#4159,#1746,.T.);
#5269=EDGE_CURVE('',#4159,#4160,#1747,.T.);
#5270=EDGE_CURVE('',#4160,#4161,#1748,.T.);
#5271=EDGE_CURVE('',#4161,#4162,#1749,.T.);
#5272=EDGE_CURVE('',#4162,#4163,#1750,.T.);
#5273=EDGE_CURVE('',#4163,#4164,#1751,.T.);
#5274=EDGE_CURVE('',#4164,#4165,#1752,.T.);
#5275=EDGE_CURVE('',#4165,#4166,#1753,.T.);
#5276=EDGE_CURVE('',#4166,#4167,#1754,.T.);
#5277=EDGE_CURVE('',#4167,#4155,#1755,.T.);
#5278=EDGE_CURVE('',#4161,#4168,#2570,.T.);
#5279=EDGE_CURVE('',#4168,#4169,#2571,.T.);
#5280=EDGE_CURVE('',#4162,#4169,#2572,.T.);
#5281=EDGE_CURVE('',#4169,#4170,#2573,.T.);
#5282=EDGE_CURVE('',#4163,#4170,#2574,.T.);
#5283=EDGE_CURVE('',#4170,#4171,#2575,.T.);
#5284=EDGE_CURVE('',#4164,#4171,#2576,.T.);
#5285=EDGE_CURVE('',#4171,#4172,#2577,.T.);
#5286=EDGE_CURVE('',#4165,#4172,#2578,.T.);
#5287=EDGE_CURVE('',#4172,#4173,#2579,.T.);
#5288=EDGE_CURVE('',#4166,#4173,#2580,.T.);
#5289=EDGE_CURVE('',#4173,#4174,#2581,.T.);
#5290=EDGE_CURVE('',#4167,#4174,#2582,.T.);
#5291=EDGE_CURVE('',#4174,#4175,#2583,.T.);
#5292=EDGE_CURVE('',#4156,#4175,#2584,.T.);
#5293=EDGE_CURVE('',#4175,#4176,#2585,.T.);
#5294=EDGE_CURVE('',#4157,#4176,#2586,.T.);
#5295=EDGE_CURVE('',#4176,#4177,#2587,.T.);
#5296=EDGE_CURVE('',#4158,#4177,#2588,.T.);
#5297=EDGE_CURVE('',#4177,#4178,#2589,.T.);
#5298=EDGE_CURVE('',#4159,#4178,#2590,.T.);
#5299=EDGE_CURVE('',#4178,#4179,#2591,.T.);
#5300=EDGE_CURVE('',#4160,#4179,#2592,.T.);
#5301=EDGE_CURVE('',#4179,#4168,#2593,.T.);
#5302=ORIENTED_EDGE('',*,*,#4180,.F.);
#5303=ORIENTED_EDGE('',*,*,#4181,.F.);
#5304=ORIENTED_EDGE('',*,*,#4182,.F.);
#5305=ORIENTED_EDGE('',*,*,#4183,.F.);
#5306=ORIENTED_EDGE('',*,*,#4184,.T.);
#5307=ORIENTED_EDGE('',*,*,#4185,.T.);
#5308=ORIENTED_EDGE('',*,*,#4184,.F.);
#5309=ORIENTED_EDGE('',*,*,#4186,.F.);
#5310=ORIENTED_EDGE('',*,*,#4187,.F.);
#5311=ORIENTED_EDGE('',*,*,#4188,.F.);
#5312=ORIENTED_EDGE('',*,*,#4189,.F.);
#5313=ORIENTED_EDGE('',*,*,#4190,.T.);
#5314=ORIENTED_EDGE('',*,*,#4191,.T.);
#5315=ORIENTED_EDGE('',*,*,#4190,.F.);
#5316=ORIENTED_EDGE('',*,*,#4192,.F.);
#5317=ORIENTED_EDGE('',*,*,#4193,.F.);
#5318=ORIENTED_EDGE('',*,*,#4194,.T.);
#5319=ORIENTED_EDGE('',*,*,#4189,.T.);
#5320=ORIENTED_EDGE('',*,*,#4194,.F.);
#5321=ORIENTED_EDGE('',*,*,#4192,.T.);
#5322=ORIENTED_EDGE('',*,*,#4193,.T.);
#5323=ORIENTED_EDGE('',*,*,#4195,.T.);
#5324=ORIENTED_EDGE('',*,*,#4196,.F.);
#5325=ORIENTED_EDGE('',*,*,#4195,.F.);
#5326=ORIENTED_EDGE('',*,*,#4197,.F.);
#5327=ORIENTED_EDGE('',*,*,#4198,.T.);
#5328=ORIENTED_EDGE('',*,*,#4199,.T.);
#5329=ORIENTED_EDGE('',*,*,#4198,.F.);
#5330=ORIENTED_EDGE('',*,*,#4200,.F.);
#5331=ORIENTED_EDGE('',*,*,#4201,.F.);
#5332=ORIENTED_EDGE('',*,*,#4202,.T.);
#5333=ORIENTED_EDGE('',*,*,#4197,.T.);
#5334=ORIENTED_EDGE('',*,*,#4202,.F.);
#5335=ORIENTED_EDGE('',*,*,#4200,.T.);
#5336=ORIENTED_EDGE('',*,*,#4201,.T.);
#5337=ORIENTED_EDGE('',*,*,#4203,.T.);
#5338=ORIENTED_EDGE('',*,*,#4204,.F.);
#5339=ORIENTED_EDGE('',*,*,#4203,.F.);
#5340=ORIENTED_EDGE('',*,*,#4204,.T.);
#5341=ORIENTED_EDGE('',*,*,#4196,.T.);
#5342=ORIENTED_EDGE('',*,*,#4199,.F.);
#5343=ORIENTED_EDGE('',*,*,#4191,.F.);
#5344=ORIENTED_EDGE('',*,*,#4185,.F.);
#5345=ORIENTED_EDGE('',*,*,#4205,.T.);
#5346=ORIENTED_EDGE('',*,*,#4206,.T.);
#5347=ORIENTED_EDGE('',*,*,#4207,.T.);
#5348=ORIENTED_EDGE('',*,*,#4208,.T.);
#5349=ORIENTED_EDGE('',*,*,#4209,.T.);
#5350=ORIENTED_EDGE('',*,*,#4210,.T.);
#5351=ORIENTED_EDGE('',*,*,#4211,.T.);
#5352=ORIENTED_EDGE('',*,*,#4181,.T.);
#5353=ORIENTED_EDGE('',*,*,#4212,.F.);
#5354=ORIENTED_EDGE('',*,*,#4205,.F.);
#5355=ORIENTED_EDGE('',*,*,#4213,.T.);
#5356=ORIENTED_EDGE('',*,*,#4182,.T.);
#5357=ORIENTED_EDGE('',*,*,#4211,.F.);
#5358=ORIENTED_EDGE('',*,*,#4210,.F.);
#5359=ORIENTED_EDGE('',*,*,#4214,.T.);
#5360=ORIENTED_EDGE('',*,*,#4186,.T.);
#5361=ORIENTED_EDGE('',*,*,#4183,.T.);
#5362=ORIENTED_EDGE('',*,*,#4213,.F.);
#5363=ORIENTED_EDGE('',*,*,#4209,.F.);
#5364=ORIENTED_EDGE('',*,*,#4215,.T.);
#5365=ORIENTED_EDGE('',*,*,#4187,.T.);
#5366=ORIENTED_EDGE('',*,*,#4214,.F.);
#5367=ORIENTED_EDGE('',*,*,#4208,.F.);
#5368=ORIENTED_EDGE('',*,*,#4216,.T.);
#5369=ORIENTED_EDGE('',*,*,#4188,.T.);
#5370=ORIENTED_EDGE('',*,*,#4215,.F.);
#5371=ORIENTED_EDGE('',*,*,#4207,.F.);
#5372=ORIENTED_EDGE('',*,*,#4212,.T.);
#5373=ORIENTED_EDGE('',*,*,#4180,.T.);
#5374=ORIENTED_EDGE('',*,*,#4216,.F.);
#5375=ORIENTED_EDGE('',*,*,#4206,.F.);
#5376=ORIENTED_EDGE('',*,*,#4217,.F.);
#5377=ORIENTED_EDGE('',*,*,#4218,.T.);
#5378=ORIENTED_EDGE('',*,*,#4219,.T.);
#5379=ORIENTED_EDGE('',*,*,#4220,.F.);
#5380=ORIENTED_EDGE('',*,*,#4217,.T.);
#5381=ORIENTED_EDGE('',*,*,#4221,.F.);
#5382=ORIENTED_EDGE('',*,*,#4222,.F.);
#5383=ORIENTED_EDGE('',*,*,#4223,.T.);
#5384=ORIENTED_EDGE('',*,*,#4224,.F.);
#5385=ORIENTED_EDGE('',*,*,#4225,.F.);
#5386=ORIENTED_EDGE('',*,*,#4226,.F.);
#5387=ORIENTED_EDGE('',*,*,#4227,.F.);
#5388=ORIENTED_EDGE('',*,*,#4228,.F.);
#5389=ORIENTED_EDGE('',*,*,#4229,.F.);
#5390=ORIENTED_EDGE('',*,*,#4230,.F.);
#5391=ORIENTED_EDGE('',*,*,#4231,.F.);
#5392=ORIENTED_EDGE('',*,*,#4232,.F.);
#5393=ORIENTED_EDGE('',*,*,#4233,.F.);
#5394=ORIENTED_EDGE('',*,*,#4234,.F.);
#5395=ORIENTED_EDGE('',*,*,#4235,.F.);
#5396=ORIENTED_EDGE('',*,*,#4236,.F.);
#5397=ORIENTED_EDGE('',*,*,#4237,.F.);
#5398=ORIENTED_EDGE('',*,*,#4238,.F.);
#5399=ORIENTED_EDGE('',*,*,#4222,.T.);
#5400=ORIENTED_EDGE('',*,*,#4239,.F.);
#5401=ORIENTED_EDGE('',*,*,#4240,.F.);
#5402=ORIENTED_EDGE('',*,*,#4241,.T.);
#5403=ORIENTED_EDGE('',*,*,#4219,.F.);
#5404=ORIENTED_EDGE('',*,*,#4242,.T.);
#5405=ORIENTED_EDGE('',*,*,#4243,.T.);
#5406=ORIENTED_EDGE('',*,*,#4244,.F.);
#5407=ORIENTED_EDGE('',*,*,#4240,.T.);
#5408=ORIENTED_EDGE('',*,*,#4245,.F.);
#5409=ORIENTED_EDGE('',*,*,#4246,.F.);
#5410=ORIENTED_EDGE('',*,*,#4247,.T.);
#5411=ORIENTED_EDGE('',*,*,#4243,.F.);
#5412=ORIENTED_EDGE('',*,*,#4248,.T.);
#5413=ORIENTED_EDGE('',*,*,#4249,.T.);
#5414=ORIENTED_EDGE('',*,*,#4250,.F.);
#5415=ORIENTED_EDGE('',*,*,#4246,.T.);
#5416=ORIENTED_EDGE('',*,*,#4251,.F.);
#5417=ORIENTED_EDGE('',*,*,#4252,.F.);
#5418=ORIENTED_EDGE('',*,*,#4253,.T.);
#5419=ORIENTED_EDGE('',*,*,#4249,.F.);
#5420=ORIENTED_EDGE('',*,*,#4254,.T.);
#5421=ORIENTED_EDGE('',*,*,#4255,.T.);
#5422=ORIENTED_EDGE('',*,*,#4256,.F.);
#5423=ORIENTED_EDGE('',*,*,#4252,.T.);
#5424=ORIENTED_EDGE('',*,*,#4257,.F.);
#5425=ORIENTED_EDGE('',*,*,#4258,.F.);
#5426=ORIENTED_EDGE('',*,*,#4259,.T.);
#5427=ORIENTED_EDGE('',*,*,#4255,.F.);
#5428=ORIENTED_EDGE('',*,*,#4260,.T.);
#5429=ORIENTED_EDGE('',*,*,#4261,.T.);
#5430=ORIENTED_EDGE('',*,*,#4262,.F.);
#5431=ORIENTED_EDGE('',*,*,#4258,.T.);
#5432=ORIENTED_EDGE('',*,*,#4263,.F.);
#5433=ORIENTED_EDGE('',*,*,#4264,.F.);
#5434=ORIENTED_EDGE('',*,*,#4265,.T.);
#5435=ORIENTED_EDGE('',*,*,#4261,.F.);
#5436=ORIENTED_EDGE('',*,*,#4266,.T.);
#5437=ORIENTED_EDGE('',*,*,#4267,.T.);
#5438=ORIENTED_EDGE('',*,*,#4268,.F.);
#5439=ORIENTED_EDGE('',*,*,#4264,.T.);
#5440=ORIENTED_EDGE('',*,*,#4269,.F.);
#5441=ORIENTED_EDGE('',*,*,#4270,.F.);
#5442=ORIENTED_EDGE('',*,*,#4271,.T.);
#5443=ORIENTED_EDGE('',*,*,#4267,.F.);
#5444=ORIENTED_EDGE('',*,*,#4272,.T.);
#5445=ORIENTED_EDGE('',*,*,#4273,.T.);
#5446=ORIENTED_EDGE('',*,*,#4274,.F.);
#5447=ORIENTED_EDGE('',*,*,#4270,.T.);
#5448=ORIENTED_EDGE('',*,*,#4275,.F.);
#5449=ORIENTED_EDGE('',*,*,#4276,.F.);
#5450=ORIENTED_EDGE('',*,*,#4277,.T.);
#5451=ORIENTED_EDGE('',*,*,#4273,.F.);
#5452=ORIENTED_EDGE('',*,*,#4278,.T.);
#5453=ORIENTED_EDGE('',*,*,#4279,.T.);
#5454=ORIENTED_EDGE('',*,*,#4280,.F.);
#5455=ORIENTED_EDGE('',*,*,#4276,.T.);
#5456=ORIENTED_EDGE('',*,*,#4281,.F.);
#5457=ORIENTED_EDGE('',*,*,#4282,.F.);
#5458=ORIENTED_EDGE('',*,*,#4283,.T.);
#5459=ORIENTED_EDGE('',*,*,#4279,.F.);
#5460=ORIENTED_EDGE('',*,*,#4284,.T.);
#5461=ORIENTED_EDGE('',*,*,#4285,.T.);
#5462=ORIENTED_EDGE('',*,*,#4286,.F.);
#5463=ORIENTED_EDGE('',*,*,#4282,.T.);
#5464=ORIENTED_EDGE('',*,*,#4287,.F.);
#5465=ORIENTED_EDGE('',*,*,#4288,.F.);
#5466=ORIENTED_EDGE('',*,*,#4289,.T.);
#5467=ORIENTED_EDGE('',*,*,#4285,.F.);
#5468=ORIENTED_EDGE('',*,*,#4290,.T.);
#5469=ORIENTED_EDGE('',*,*,#4288,.T.);
#5470=ORIENTED_EDGE('',*,*,#4291,.F.);
#5471=ORIENTED_EDGE('',*,*,#4292,.F.);
#5472=ORIENTED_EDGE('',*,*,#4293,.F.);
#5473=ORIENTED_EDGE('',*,*,#4294,.F.);
#5474=ORIENTED_EDGE('',*,*,#4295,.F.);
#5475=ORIENTED_EDGE('',*,*,#4296,.F.);
#5476=ORIENTED_EDGE('',*,*,#4297,.F.);
#5477=ORIENTED_EDGE('',*,*,#4298,.F.);
#5478=ORIENTED_EDGE('',*,*,#4299,.F.);
#5479=ORIENTED_EDGE('',*,*,#4300,.F.);
#5480=ORIENTED_EDGE('',*,*,#4301,.F.);
#5481=ORIENTED_EDGE('',*,*,#4302,.F.);
#5482=ORIENTED_EDGE('',*,*,#4303,.F.);
#5483=ORIENTED_EDGE('',*,*,#4304,.F.);
#5484=ORIENTED_EDGE('',*,*,#4305,.F.);
#5485=ORIENTED_EDGE('',*,*,#4306,.F.);
#5486=ORIENTED_EDGE('',*,*,#4307,.F.);
#5487=ORIENTED_EDGE('',*,*,#4308,.T.);
#5488=ORIENTED_EDGE('',*,*,#4309,.F.);
#5489=ORIENTED_EDGE('',*,*,#4308,.F.);
#5490=ORIENTED_EDGE('',*,*,#4310,.F.);
#5491=ORIENTED_EDGE('',*,*,#4307,.T.);
#5492=ORIENTED_EDGE('',*,*,#4311,.T.);
#5493=ORIENTED_EDGE('',*,*,#4232,.T.);
#5494=ORIENTED_EDGE('',*,*,#4311,.F.);
#5495=ORIENTED_EDGE('',*,*,#4310,.T.);
#5496=ORIENTED_EDGE('',*,*,#4312,.F.);
#5497=ORIENTED_EDGE('',*,*,#4309,.T.);
#5498=ORIENTED_EDGE('',*,*,#4312,.T.);
#5499=ORIENTED_EDGE('',*,*,#4313,.T.);
#5500=ORIENTED_EDGE('',*,*,#4314,.F.);
#5501=ORIENTED_EDGE('',*,*,#4313,.F.);
#5502=ORIENTED_EDGE('',*,*,#4314,.T.);
#5503=ORIENTED_EDGE('',*,*,#4315,.T.);
#5504=ORIENTED_EDGE('',*,*,#4297,.T.);
#5505=ORIENTED_EDGE('',*,*,#4315,.F.);
#5506=ORIENTED_EDGE('',*,*,#4316,.F.);
#5507=ORIENTED_EDGE('',*,*,#4317,.T.);
#5508=ORIENTED_EDGE('',*,*,#4318,.F.);
#5509=ORIENTED_EDGE('',*,*,#4317,.F.);
#5510=ORIENTED_EDGE('',*,*,#4319,.F.);
#5511=ORIENTED_EDGE('',*,*,#4316,.T.);
#5512=ORIENTED_EDGE('',*,*,#4320,.T.);
#5513=ORIENTED_EDGE('',*,*,#4238,.T.);
#5514=ORIENTED_EDGE('',*,*,#4320,.F.);
#5515=ORIENTED_EDGE('',*,*,#4319,.T.);
#5516=ORIENTED_EDGE('',*,*,#4321,.F.);
#5517=ORIENTED_EDGE('',*,*,#4318,.T.);
#5518=ORIENTED_EDGE('',*,*,#4321,.T.);
#5519=ORIENTED_EDGE('',*,*,#4322,.T.);
#5520=ORIENTED_EDGE('',*,*,#4323,.F.);
#5521=ORIENTED_EDGE('',*,*,#4322,.F.);
#5522=ORIENTED_EDGE('',*,*,#4323,.T.);
#5523=ORIENTED_EDGE('',*,*,#4324,.T.);
#5524=ORIENTED_EDGE('',*,*,#4303,.T.);
#5525=ORIENTED_EDGE('',*,*,#4324,.F.);
#5526=ORIENTED_EDGE('',*,*,#4325,.T.);
#5527=ORIENTED_EDGE('',*,*,#4326,.T.);
#5528=ORIENTED_EDGE('',*,*,#4299,.T.);
#5529=ORIENTED_EDGE('',*,*,#4326,.F.);
#5530=ORIENTED_EDGE('',*,*,#4327,.F.);
#5531=ORIENTED_EDGE('',*,*,#4328,.T.);
#5532=ORIENTED_EDGE('',*,*,#4329,.F.);
#5533=ORIENTED_EDGE('',*,*,#4328,.F.);
#5534=ORIENTED_EDGE('',*,*,#4330,.F.);
#5535=ORIENTED_EDGE('',*,*,#4331,.T.);
#5536=ORIENTED_EDGE('',*,*,#4332,.T.);
#5537=ORIENTED_EDGE('',*,*,#4236,.T.);
#5538=ORIENTED_EDGE('',*,*,#4332,.F.);
#5539=ORIENTED_EDGE('',*,*,#4333,.T.);
#5540=ORIENTED_EDGE('',*,*,#4327,.T.);
#5541=ORIENTED_EDGE('',*,*,#4334,.T.);
#5542=ORIENTED_EDGE('',*,*,#4234,.T.);
#5543=ORIENTED_EDGE('',*,*,#4334,.F.);
#5544=ORIENTED_EDGE('',*,*,#4330,.T.);
#5545=ORIENTED_EDGE('',*,*,#4335,.F.);
#5546=ORIENTED_EDGE('',*,*,#4329,.T.);
#5547=ORIENTED_EDGE('',*,*,#4331,.F.);
#5548=ORIENTED_EDGE('',*,*,#4336,.T.);
#5549=ORIENTED_EDGE('',*,*,#4337,.F.);
#5550=ORIENTED_EDGE('',*,*,#4336,.F.);
#5551=ORIENTED_EDGE('',*,*,#4333,.F.);
#5552=ORIENTED_EDGE('',*,*,#4335,.T.);
#5553=ORIENTED_EDGE('',*,*,#4338,.T.);
#5554=ORIENTED_EDGE('',*,*,#4339,.F.);
#5555=ORIENTED_EDGE('',*,*,#4338,.F.);
#5556=ORIENTED_EDGE('',*,*,#4340,.F.);
#5557=ORIENTED_EDGE('',*,*,#4337,.T.);
#5558=ORIENTED_EDGE('',*,*,#4339,.T.);
#5559=ORIENTED_EDGE('',*,*,#4341,.T.);
#5560=ORIENTED_EDGE('',*,*,#4301,.T.);
#5561=ORIENTED_EDGE('',*,*,#4341,.F.);
#5562=ORIENTED_EDGE('',*,*,#4340,.T.);
#5563=ORIENTED_EDGE('',*,*,#4342,.T.);
#5564=ORIENTED_EDGE('',*,*,#4325,.F.);
#5565=ORIENTED_EDGE('',*,*,#4342,.F.);
#5566=ORIENTED_EDGE('',*,*,#4343,.T.);
#5567=ORIENTED_EDGE('',*,*,#4344,.T.);
#5568=ORIENTED_EDGE('',*,*,#4302,.T.);
#5569=ORIENTED_EDGE('',*,*,#4344,.F.);
#5570=ORIENTED_EDGE('',*,*,#4345,.F.);
#5571=ORIENTED_EDGE('',*,*,#4346,.T.);
#5572=ORIENTED_EDGE('',*,*,#4347,.F.);
#5573=ORIENTED_EDGE('',*,*,#4346,.F.);
#5574=ORIENTED_EDGE('',*,*,#4348,.F.);
#5575=ORIENTED_EDGE('',*,*,#4349,.T.);
#5576=ORIENTED_EDGE('',*,*,#4350,.T.);
#5577=ORIENTED_EDGE('',*,*,#4233,.T.);
#5578=ORIENTED_EDGE('',*,*,#4350,.F.);
#5579=ORIENTED_EDGE('',*,*,#4351,.T.);
#5580=ORIENTED_EDGE('',*,*,#4345,.T.);
#5581=ORIENTED_EDGE('',*,*,#4352,.T.);
#5582=ORIENTED_EDGE('',*,*,#4237,.T.);
#5583=ORIENTED_EDGE('',*,*,#4352,.F.);
#5584=ORIENTED_EDGE('',*,*,#4348,.T.);
#5585=ORIENTED_EDGE('',*,*,#4353,.F.);
#5586=ORIENTED_EDGE('',*,*,#4347,.T.);
#5587=ORIENTED_EDGE('',*,*,#4349,.F.);
#5588=ORIENTED_EDGE('',*,*,#4354,.T.);
#5589=ORIENTED_EDGE('',*,*,#4355,.F.);
#5590=ORIENTED_EDGE('',*,*,#4354,.F.);
#5591=ORIENTED_EDGE('',*,*,#4351,.F.);
#5592=ORIENTED_EDGE('',*,*,#4353,.T.);
#5593=ORIENTED_EDGE('',*,*,#4356,.T.);
#5594=ORIENTED_EDGE('',*,*,#4357,.F.);
#5595=ORIENTED_EDGE('',*,*,#4356,.F.);
#5596=ORIENTED_EDGE('',*,*,#4358,.F.);
#5597=ORIENTED_EDGE('',*,*,#4355,.T.);
#5598=ORIENTED_EDGE('',*,*,#4357,.T.);
#5599=ORIENTED_EDGE('',*,*,#4359,.T.);
#5600=ORIENTED_EDGE('',*,*,#4298,.T.);
#5601=ORIENTED_EDGE('',*,*,#4359,.F.);
#5602=ORIENTED_EDGE('',*,*,#4358,.T.);
#5603=ORIENTED_EDGE('',*,*,#4360,.T.);
#5604=ORIENTED_EDGE('',*,*,#4343,.F.);
#5605=ORIENTED_EDGE('',*,*,#4360,.F.);
#5606=ORIENTED_EDGE('',*,*,#4361,.T.);
#5607=ORIENTED_EDGE('',*,*,#4362,.T.);
#5608=ORIENTED_EDGE('',*,*,#4304,.T.);
#5609=ORIENTED_EDGE('',*,*,#4362,.F.);
#5610=ORIENTED_EDGE('',*,*,#4363,.F.);
#5611=ORIENTED_EDGE('',*,*,#4364,.T.);
#5612=ORIENTED_EDGE('',*,*,#4365,.F.);
#5613=ORIENTED_EDGE('',*,*,#4364,.F.);
#5614=ORIENTED_EDGE('',*,*,#4366,.F.);
#5615=ORIENTED_EDGE('',*,*,#4367,.T.);
#5616=ORIENTED_EDGE('',*,*,#4368,.T.);
#5617=ORIENTED_EDGE('',*,*,#4225,.T.);
#5618=ORIENTED_EDGE('',*,*,#4368,.F.);
#5619=ORIENTED_EDGE('',*,*,#4369,.T.);
#5620=ORIENTED_EDGE('',*,*,#4363,.T.);
#5621=ORIENTED_EDGE('',*,*,#4370,.T.);
#5622=ORIENTED_EDGE('',*,*,#4235,.T.);
#5623=ORIENTED_EDGE('',*,*,#4370,.F.);
#5624=ORIENTED_EDGE('',*,*,#4366,.T.);
#5625=ORIENTED_EDGE('',*,*,#4371,.F.);
#5626=ORIENTED_EDGE('',*,*,#4365,.T.);
#5627=ORIENTED_EDGE('',*,*,#4367,.F.);
#5628=ORIENTED_EDGE('',*,*,#4372,.T.);
#5629=ORIENTED_EDGE('',*,*,#4373,.F.);
#5630=ORIENTED_EDGE('',*,*,#4372,.F.);
#5631=ORIENTED_EDGE('',*,*,#4369,.F.);
#5632=ORIENTED_EDGE('',*,*,#4371,.T.);
#5633=ORIENTED_EDGE('',*,*,#4374,.T.);
#5634=ORIENTED_EDGE('',*,*,#4375,.F.);
#5635=ORIENTED_EDGE('',*,*,#4374,.F.);
#5636=ORIENTED_EDGE('',*,*,#4376,.F.);
#5637=ORIENTED_EDGE('',*,*,#4373,.T.);
#5638=ORIENTED_EDGE('',*,*,#4375,.T.);
#5639=ORIENTED_EDGE('',*,*,#4377,.T.);
#5640=ORIENTED_EDGE('',*,*,#4300,.T.);
#5641=ORIENTED_EDGE('',*,*,#4377,.F.);
#5642=ORIENTED_EDGE('',*,*,#4376,.T.);
#5643=ORIENTED_EDGE('',*,*,#4378,.T.);
#5644=ORIENTED_EDGE('',*,*,#4361,.F.);
#5645=ORIENTED_EDGE('',*,*,#4378,.F.);
#5646=ORIENTED_EDGE('',*,*,#4379,.T.);
#5647=ORIENTED_EDGE('',*,*,#4380,.T.);
#5648=ORIENTED_EDGE('',*,*,#4306,.T.);
#5649=ORIENTED_EDGE('',*,*,#4380,.F.);
#5650=ORIENTED_EDGE('',*,*,#4381,.F.);
#5651=ORIENTED_EDGE('',*,*,#4382,.T.);
#5652=ORIENTED_EDGE('',*,*,#4383,.F.);
#5653=ORIENTED_EDGE('',*,*,#4382,.F.);
#5654=ORIENTED_EDGE('',*,*,#4384,.F.);
#5655=ORIENTED_EDGE('',*,*,#4385,.T.);
#5656=ORIENTED_EDGE('',*,*,#4386,.T.);
#5657=ORIENTED_EDGE('',*,*,#4224,.T.);
#5658=ORIENTED_EDGE('',*,*,#4386,.F.);
#5659=ORIENTED_EDGE('',*,*,#4387,.T.);
#5660=ORIENTED_EDGE('',*,*,#4381,.T.);
#5661=ORIENTED_EDGE('',*,*,#4388,.T.);
#5662=ORIENTED_EDGE('',*,*,#4226,.T.);
#5663=ORIENTED_EDGE('',*,*,#4388,.F.);
#5664=ORIENTED_EDGE('',*,*,#4384,.T.);
#5665=ORIENTED_EDGE('',*,*,#4389,.F.);
#5666=ORIENTED_EDGE('',*,*,#4383,.T.);
#5667=ORIENTED_EDGE('',*,*,#4385,.F.);
#5668=ORIENTED_EDGE('',*,*,#4390,.T.);
#5669=ORIENTED_EDGE('',*,*,#4391,.F.);
#5670=ORIENTED_EDGE('',*,*,#4390,.F.);
#5671=ORIENTED_EDGE('',*,*,#4387,.F.);
#5672=ORIENTED_EDGE('',*,*,#4389,.T.);
#5673=ORIENTED_EDGE('',*,*,#4392,.T.);
#5674=ORIENTED_EDGE('',*,*,#4393,.F.);
#5675=ORIENTED_EDGE('',*,*,#4392,.F.);
#5676=ORIENTED_EDGE('',*,*,#4394,.F.);
#5677=ORIENTED_EDGE('',*,*,#4391,.T.);
#5678=ORIENTED_EDGE('',*,*,#4277,.F.);
#5679=ORIENTED_EDGE('',*,*,#4283,.F.);
#5680=ORIENTED_EDGE('',*,*,#4289,.F.);
#5681=ORIENTED_EDGE('',*,*,#4290,.F.);
#5682=ORIENTED_EDGE('',*,*,#4284,.F.);
#5683=ORIENTED_EDGE('',*,*,#4278,.F.);
#5684=ORIENTED_EDGE('',*,*,#4272,.F.);
#5685=ORIENTED_EDGE('',*,*,#4266,.F.);
#5686=ORIENTED_EDGE('',*,*,#4260,.F.);
#5687=ORIENTED_EDGE('',*,*,#4254,.F.);
#5688=ORIENTED_EDGE('',*,*,#4248,.F.);
#5689=ORIENTED_EDGE('',*,*,#4242,.F.);
#5690=ORIENTED_EDGE('',*,*,#4218,.F.);
#5691=ORIENTED_EDGE('',*,*,#4223,.F.);
#5692=ORIENTED_EDGE('',*,*,#4241,.F.);
#5693=ORIENTED_EDGE('',*,*,#4247,.F.);
#5694=ORIENTED_EDGE('',*,*,#4253,.F.);
#5695=ORIENTED_EDGE('',*,*,#4259,.F.);
#5696=ORIENTED_EDGE('',*,*,#4265,.F.);
#5697=ORIENTED_EDGE('',*,*,#4271,.F.);
#5698=ORIENTED_EDGE('',*,*,#4393,.T.);
#5699=ORIENTED_EDGE('',*,*,#4395,.T.);
#5700=ORIENTED_EDGE('',*,*,#4305,.T.);
#5701=ORIENTED_EDGE('',*,*,#4395,.F.);
#5702=ORIENTED_EDGE('',*,*,#4394,.T.);
#5703=ORIENTED_EDGE('',*,*,#4396,.T.);
#5704=ORIENTED_EDGE('',*,*,#4379,.F.);
#5705=ORIENTED_EDGE('',*,*,#4396,.F.);
#5706=ORIENTED_EDGE('',*,*,#4397,.F.);
#5707=ORIENTED_EDGE('',*,*,#4398,.T.);
#5708=ORIENTED_EDGE('',*,*,#4399,.F.);
#5709=ORIENTED_EDGE('',*,*,#4398,.F.);
#5710=ORIENTED_EDGE('',*,*,#4400,.F.);
#5711=ORIENTED_EDGE('',*,*,#4397,.T.);
#5712=ORIENTED_EDGE('',*,*,#4401,.T.);
#5713=ORIENTED_EDGE('',*,*,#4228,.T.);
#5714=ORIENTED_EDGE('',*,*,#4401,.F.);
#5715=ORIENTED_EDGE('',*,*,#4400,.T.);
#5716=ORIENTED_EDGE('',*,*,#4402,.F.);
#5717=ORIENTED_EDGE('',*,*,#4399,.T.);
#5718=ORIENTED_EDGE('',*,*,#4402,.T.);
#5719=ORIENTED_EDGE('',*,*,#4403,.T.);
#5720=ORIENTED_EDGE('',*,*,#4404,.F.);
#5721=ORIENTED_EDGE('',*,*,#4403,.F.);
#5722=ORIENTED_EDGE('',*,*,#4275,.T.);
#5723=ORIENTED_EDGE('',*,*,#4269,.T.);
#5724=ORIENTED_EDGE('',*,*,#4263,.T.);
#5725=ORIENTED_EDGE('',*,*,#4257,.T.);
#5726=ORIENTED_EDGE('',*,*,#4251,.T.);
#5727=ORIENTED_EDGE('',*,*,#4245,.T.);
#5728=ORIENTED_EDGE('',*,*,#4239,.T.);
#5729=ORIENTED_EDGE('',*,*,#4221,.T.);
#5730=ORIENTED_EDGE('',*,*,#4220,.T.);
#5731=ORIENTED_EDGE('',*,*,#4244,.T.);
#5732=ORIENTED_EDGE('',*,*,#4250,.T.);
#5733=ORIENTED_EDGE('',*,*,#4256,.T.);
#5734=ORIENTED_EDGE('',*,*,#4262,.T.);
#5735=ORIENTED_EDGE('',*,*,#4268,.T.);
#5736=ORIENTED_EDGE('',*,*,#4274,.T.);
#5737=ORIENTED_EDGE('',*,*,#4280,.T.);
#5738=ORIENTED_EDGE('',*,*,#4286,.T.);
#5739=ORIENTED_EDGE('',*,*,#4291,.T.);
#5740=ORIENTED_EDGE('',*,*,#4287,.T.);
#5741=ORIENTED_EDGE('',*,*,#4281,.T.);
#5742=ORIENTED_EDGE('',*,*,#4404,.T.);
#5743=ORIENTED_EDGE('',*,*,#4405,.T.);
#5744=ORIENTED_EDGE('',*,*,#4294,.T.);
#5745=ORIENTED_EDGE('',*,*,#4405,.F.);
#5746=ORIENTED_EDGE('',*,*,#4406,.T.);
#5747=ORIENTED_EDGE('',*,*,#4407,.T.);
#5748=ORIENTED_EDGE('',*,*,#4296,.T.);
#5749=ORIENTED_EDGE('',*,*,#4407,.F.);
#5750=ORIENTED_EDGE('',*,*,#4408,.F.);
#5751=ORIENTED_EDGE('',*,*,#4409,.T.);
#5752=ORIENTED_EDGE('',*,*,#4410,.F.);
#5753=ORIENTED_EDGE('',*,*,#4409,.F.);
#5754=ORIENTED_EDGE('',*,*,#4411,.F.);
#5755=ORIENTED_EDGE('',*,*,#4412,.T.);
#5756=ORIENTED_EDGE('',*,*,#4413,.T.);
#5757=ORIENTED_EDGE('',*,*,#4231,.T.);
#5758=ORIENTED_EDGE('',*,*,#4413,.F.);
#5759=ORIENTED_EDGE('',*,*,#4414,.T.);
#5760=ORIENTED_EDGE('',*,*,#4408,.T.);
#5761=ORIENTED_EDGE('',*,*,#4415,.T.);
#5762=ORIENTED_EDGE('',*,*,#4230,.T.);
#5763=ORIENTED_EDGE('',*,*,#4415,.F.);
#5764=ORIENTED_EDGE('',*,*,#4411,.T.);
#5765=ORIENTED_EDGE('',*,*,#4416,.F.);
#5766=ORIENTED_EDGE('',*,*,#4410,.T.);
#5767=ORIENTED_EDGE('',*,*,#4412,.F.);
#5768=ORIENTED_EDGE('',*,*,#4417,.T.);
#5769=ORIENTED_EDGE('',*,*,#4418,.F.);
#5770=ORIENTED_EDGE('',*,*,#4417,.F.);
#5771=ORIENTED_EDGE('',*,*,#4414,.F.);
#5772=ORIENTED_EDGE('',*,*,#4416,.T.);
#5773=ORIENTED_EDGE('',*,*,#4419,.T.);
#5774=ORIENTED_EDGE('',*,*,#4420,.F.);
#5775=ORIENTED_EDGE('',*,*,#4419,.F.);
#5776=ORIENTED_EDGE('',*,*,#4421,.F.);
#5777=ORIENTED_EDGE('',*,*,#4418,.T.);
#5778=ORIENTED_EDGE('',*,*,#4420,.T.);
#5779=ORIENTED_EDGE('',*,*,#4422,.T.);
#5780=ORIENTED_EDGE('',*,*,#4292,.T.);
#5781=ORIENTED_EDGE('',*,*,#4422,.F.);
#5782=ORIENTED_EDGE('',*,*,#4421,.T.);
#5783=ORIENTED_EDGE('',*,*,#4423,.T.);
#5784=ORIENTED_EDGE('',*,*,#4406,.F.);
#5785=ORIENTED_EDGE('',*,*,#4423,.F.);
#5786=ORIENTED_EDGE('',*,*,#4424,.T.);
#5787=ORIENTED_EDGE('',*,*,#4425,.T.);
#5788=ORIENTED_EDGE('',*,*,#4293,.T.);
#5789=ORIENTED_EDGE('',*,*,#4425,.F.);
#5790=ORIENTED_EDGE('',*,*,#4426,.F.);
#5791=ORIENTED_EDGE('',*,*,#4427,.T.);
#5792=ORIENTED_EDGE('',*,*,#4428,.F.);
#5793=ORIENTED_EDGE('',*,*,#4427,.F.);
#5794=ORIENTED_EDGE('',*,*,#4429,.F.);
#5795=ORIENTED_EDGE('',*,*,#4430,.T.);
#5796=ORIENTED_EDGE('',*,*,#4431,.T.);
#5797=ORIENTED_EDGE('',*,*,#4229,.T.);
#5798=ORIENTED_EDGE('',*,*,#4431,.F.);
#5799=ORIENTED_EDGE('',*,*,#4432,.T.);
#5800=ORIENTED_EDGE('',*,*,#4426,.T.);
#5801=ORIENTED_EDGE('',*,*,#4433,.T.);
#5802=ORIENTED_EDGE('',*,*,#4227,.T.);
#5803=ORIENTED_EDGE('',*,*,#4433,.F.);
#5804=ORIENTED_EDGE('',*,*,#4429,.T.);
#5805=ORIENTED_EDGE('',*,*,#4434,.F.);
#5806=ORIENTED_EDGE('',*,*,#4428,.T.);
#5807=ORIENTED_EDGE('',*,*,#4430,.F.);
#5808=ORIENTED_EDGE('',*,*,#4435,.T.);
#5809=ORIENTED_EDGE('',*,*,#4436,.F.);
#5810=ORIENTED_EDGE('',*,*,#4435,.F.);
#5811=ORIENTED_EDGE('',*,*,#4432,.F.);
#5812=ORIENTED_EDGE('',*,*,#4434,.T.);
#5813=ORIENTED_EDGE('',*,*,#4437,.T.);
#5814=ORIENTED_EDGE('',*,*,#4438,.F.);
#5815=ORIENTED_EDGE('',*,*,#4437,.F.);
#5816=ORIENTED_EDGE('',*,*,#4439,.F.);
#5817=ORIENTED_EDGE('',*,*,#4436,.T.);
#5818=ORIENTED_EDGE('',*,*,#4438,.T.);
#5819=ORIENTED_EDGE('',*,*,#4440,.T.);
#5820=ORIENTED_EDGE('',*,*,#4295,.T.);
#5821=ORIENTED_EDGE('',*,*,#4440,.F.);
#5822=ORIENTED_EDGE('',*,*,#4439,.T.);
#5823=ORIENTED_EDGE('',*,*,#4441,.T.);
#5824=ORIENTED_EDGE('',*,*,#4424,.F.);
#5825=ORIENTED_EDGE('',*,*,#4441,.F.);
#5826=ORIENTED_EDGE('',*,*,#4442,.F.);
#5827=ORIENTED_EDGE('',*,*,#4443,.F.);
#5828=ORIENTED_EDGE('',*,*,#4444,.T.);
#5829=ORIENTED_EDGE('',*,*,#4445,.T.);
#5830=ORIENTED_EDGE('',*,*,#4446,.F.);
#5831=ORIENTED_EDGE('',*,*,#4445,.F.);
#5832=ORIENTED_EDGE('',*,*,#4447,.T.);
#5833=ORIENTED_EDGE('',*,*,#4448,.T.);
#5834=ORIENTED_EDGE('',*,*,#4449,.F.);
#5835=ORIENTED_EDGE('',*,*,#4450,.F.);
#5836=ORIENTED_EDGE('',*,*,#4451,.T.);
#5837=ORIENTED_EDGE('',*,*,#4443,.T.);
#5838=ORIENTED_EDGE('',*,*,#4452,.F.);
#5839=ORIENTED_EDGE('',*,*,#4453,.F.);
#5840=ORIENTED_EDGE('',*,*,#4454,.T.);
#5841=ORIENTED_EDGE('',*,*,#4455,.T.);
#5842=ORIENTED_EDGE('',*,*,#4456,.F.);
#5843=ORIENTED_EDGE('',*,*,#4455,.F.);
#5844=ORIENTED_EDGE('',*,*,#4457,.T.);
#5845=ORIENTED_EDGE('',*,*,#4450,.T.);
#5846=ORIENTED_EDGE('',*,*,#4458,.F.);
#5847=ORIENTED_EDGE('',*,*,#4448,.F.);
#5848=ORIENTED_EDGE('',*,*,#4459,.T.);
#5849=ORIENTED_EDGE('',*,*,#4460,.T.);
#5850=ORIENTED_EDGE('',*,*,#4461,.F.);
#5851=ORIENTED_EDGE('',*,*,#4460,.F.);
#5852=ORIENTED_EDGE('',*,*,#4462,.T.);
#5853=ORIENTED_EDGE('',*,*,#4463,.T.);
#5854=ORIENTED_EDGE('',*,*,#4464,.F.);
#5855=ORIENTED_EDGE('',*,*,#4463,.F.);
#5856=ORIENTED_EDGE('',*,*,#4465,.T.);
#5857=ORIENTED_EDGE('',*,*,#4466,.T.);
#5858=ORIENTED_EDGE('',*,*,#4467,.F.);
#5859=ORIENTED_EDGE('',*,*,#4466,.F.);
#5860=ORIENTED_EDGE('',*,*,#4468,.T.);
#5861=ORIENTED_EDGE('',*,*,#4469,.T.);
#5862=ORIENTED_EDGE('',*,*,#4470,.F.);
#5863=ORIENTED_EDGE('',*,*,#4469,.F.);
#5864=ORIENTED_EDGE('',*,*,#4471,.T.);
#5865=ORIENTED_EDGE('',*,*,#4472,.T.);
#5866=ORIENTED_EDGE('',*,*,#4473,.F.);
#5867=ORIENTED_EDGE('',*,*,#4472,.F.);
#5868=ORIENTED_EDGE('',*,*,#4474,.T.);
#5869=ORIENTED_EDGE('',*,*,#4475,.T.);
#5870=ORIENTED_EDGE('',*,*,#4476,.F.);
#5871=ORIENTED_EDGE('',*,*,#4475,.F.);
#5872=ORIENTED_EDGE('',*,*,#4477,.T.);
#5873=ORIENTED_EDGE('',*,*,#4478,.T.);
#5874=ORIENTED_EDGE('',*,*,#4479,.F.);
#5875=ORIENTED_EDGE('',*,*,#4478,.F.);
#5876=ORIENTED_EDGE('',*,*,#4480,.T.);
#5877=ORIENTED_EDGE('',*,*,#4481,.T.);
#5878=ORIENTED_EDGE('',*,*,#4482,.F.);
#5879=ORIENTED_EDGE('',*,*,#4481,.F.);
#5880=ORIENTED_EDGE('',*,*,#4483,.T.);
#5881=ORIENTED_EDGE('',*,*,#4484,.T.);
#5882=ORIENTED_EDGE('',*,*,#4485,.F.);
#5883=ORIENTED_EDGE('',*,*,#4484,.F.);
#5884=ORIENTED_EDGE('',*,*,#4486,.T.);
#5885=ORIENTED_EDGE('',*,*,#4487,.T.);
#5886=ORIENTED_EDGE('',*,*,#4488,.F.);
#5887=ORIENTED_EDGE('',*,*,#4487,.F.);
#5888=ORIENTED_EDGE('',*,*,#4489,.T.);
#5889=ORIENTED_EDGE('',*,*,#4490,.T.);
#5890=ORIENTED_EDGE('',*,*,#4491,.F.);
#5891=ORIENTED_EDGE('',*,*,#4490,.F.);
#5892=ORIENTED_EDGE('',*,*,#4492,.T.);
#5893=ORIENTED_EDGE('',*,*,#4493,.T.);
#5894=ORIENTED_EDGE('',*,*,#4494,.F.);
#5895=ORIENTED_EDGE('',*,*,#4493,.F.);
#5896=ORIENTED_EDGE('',*,*,#4495,.T.);
#5897=ORIENTED_EDGE('',*,*,#4496,.T.);
#5898=ORIENTED_EDGE('',*,*,#4497,.F.);
#5899=ORIENTED_EDGE('',*,*,#4496,.F.);
#5900=ORIENTED_EDGE('',*,*,#4498,.T.);
#5901=ORIENTED_EDGE('',*,*,#4499,.T.);
#5902=ORIENTED_EDGE('',*,*,#4500,.F.);
#5903=ORIENTED_EDGE('',*,*,#4499,.F.);
#5904=ORIENTED_EDGE('',*,*,#4501,.T.);
#5905=ORIENTED_EDGE('',*,*,#4502,.T.);
#5906=ORIENTED_EDGE('',*,*,#4503,.F.);
#5907=ORIENTED_EDGE('',*,*,#4502,.F.);
#5908=ORIENTED_EDGE('',*,*,#4504,.T.);
#5909=ORIENTED_EDGE('',*,*,#4505,.T.);
#5910=ORIENTED_EDGE('',*,*,#4506,.F.);
#5911=ORIENTED_EDGE('',*,*,#4505,.F.);
#5912=ORIENTED_EDGE('',*,*,#4507,.T.);
#5913=ORIENTED_EDGE('',*,*,#4508,.T.);
#5914=ORIENTED_EDGE('',*,*,#4509,.F.);
#5915=ORIENTED_EDGE('',*,*,#4508,.F.);
#5916=ORIENTED_EDGE('',*,*,#4510,.T.);
#5917=ORIENTED_EDGE('',*,*,#4511,.T.);
#5918=ORIENTED_EDGE('',*,*,#4512,.F.);
#5919=ORIENTED_EDGE('',*,*,#4511,.F.);
#5920=ORIENTED_EDGE('',*,*,#4513,.T.);
#5921=ORIENTED_EDGE('',*,*,#4514,.T.);
#5922=ORIENTED_EDGE('',*,*,#4515,.F.);
#5923=ORIENTED_EDGE('',*,*,#4514,.F.);
#5924=ORIENTED_EDGE('',*,*,#4516,.T.);
#5925=ORIENTED_EDGE('',*,*,#4517,.T.);
#5926=ORIENTED_EDGE('',*,*,#4518,.F.);
#5927=ORIENTED_EDGE('',*,*,#4517,.F.);
#5928=ORIENTED_EDGE('',*,*,#4519,.T.);
#5929=ORIENTED_EDGE('',*,*,#4520,.T.);
#5930=ORIENTED_EDGE('',*,*,#4521,.F.);
#5931=ORIENTED_EDGE('',*,*,#4520,.F.);
#5932=ORIENTED_EDGE('',*,*,#4522,.T.);
#5933=ORIENTED_EDGE('',*,*,#4523,.T.);
#5934=ORIENTED_EDGE('',*,*,#4524,.F.);
#5935=ORIENTED_EDGE('',*,*,#4523,.F.);
#5936=ORIENTED_EDGE('',*,*,#4525,.T.);
#5937=ORIENTED_EDGE('',*,*,#4526,.T.);
#5938=ORIENTED_EDGE('',*,*,#4527,.F.);
#5939=ORIENTED_EDGE('',*,*,#4526,.F.);
#5940=ORIENTED_EDGE('',*,*,#4528,.T.);
#5941=ORIENTED_EDGE('',*,*,#4529,.T.);
#5942=ORIENTED_EDGE('',*,*,#4530,.F.);
#5943=ORIENTED_EDGE('',*,*,#4529,.F.);
#5944=ORIENTED_EDGE('',*,*,#4531,.T.);
#5945=ORIENTED_EDGE('',*,*,#4532,.T.);
#5946=ORIENTED_EDGE('',*,*,#4533,.F.);
#5947=ORIENTED_EDGE('',*,*,#4532,.F.);
#5948=ORIENTED_EDGE('',*,*,#4534,.T.);
#5949=ORIENTED_EDGE('',*,*,#4535,.T.);
#5950=ORIENTED_EDGE('',*,*,#4536,.F.);
#5951=ORIENTED_EDGE('',*,*,#4535,.F.);
#5952=ORIENTED_EDGE('',*,*,#4537,.T.);
#5953=ORIENTED_EDGE('',*,*,#4538,.T.);
#5954=ORIENTED_EDGE('',*,*,#4539,.F.);
#5955=ORIENTED_EDGE('',*,*,#4538,.F.);
#5956=ORIENTED_EDGE('',*,*,#4540,.T.);
#5957=ORIENTED_EDGE('',*,*,#4541,.T.);
#5958=ORIENTED_EDGE('',*,*,#4542,.F.);
#5959=ORIENTED_EDGE('',*,*,#4541,.F.);
#5960=ORIENTED_EDGE('',*,*,#4543,.T.);
#5961=ORIENTED_EDGE('',*,*,#4544,.T.);
#5962=ORIENTED_EDGE('',*,*,#4545,.F.);
#5963=ORIENTED_EDGE('',*,*,#4544,.F.);
#5964=ORIENTED_EDGE('',*,*,#4546,.T.);
#5965=ORIENTED_EDGE('',*,*,#4547,.T.);
#5966=ORIENTED_EDGE('',*,*,#4548,.F.);
#5967=ORIENTED_EDGE('',*,*,#4547,.F.);
#5968=ORIENTED_EDGE('',*,*,#4549,.T.);
#5969=ORIENTED_EDGE('',*,*,#4550,.T.);
#5970=ORIENTED_EDGE('',*,*,#4551,.F.);
#5971=ORIENTED_EDGE('',*,*,#4550,.F.);
#5972=ORIENTED_EDGE('',*,*,#4552,.T.);
#5973=ORIENTED_EDGE('',*,*,#4553,.T.);
#5974=ORIENTED_EDGE('',*,*,#4554,.F.);
#5975=ORIENTED_EDGE('',*,*,#4553,.F.);
#5976=ORIENTED_EDGE('',*,*,#4555,.T.);
#5977=ORIENTED_EDGE('',*,*,#4556,.T.);
#5978=ORIENTED_EDGE('',*,*,#4557,.F.);
#5979=ORIENTED_EDGE('',*,*,#4556,.F.);
#5980=ORIENTED_EDGE('',*,*,#4558,.T.);
#5981=ORIENTED_EDGE('',*,*,#4559,.T.);
#5982=ORIENTED_EDGE('',*,*,#4560,.F.);
#5983=ORIENTED_EDGE('',*,*,#4559,.F.);
#5984=ORIENTED_EDGE('',*,*,#4561,.T.);
#5985=ORIENTED_EDGE('',*,*,#4562,.T.);
#5986=ORIENTED_EDGE('',*,*,#4563,.F.);
#5987=ORIENTED_EDGE('',*,*,#4562,.F.);
#5988=ORIENTED_EDGE('',*,*,#4564,.T.);
#5989=ORIENTED_EDGE('',*,*,#4565,.T.);
#5990=ORIENTED_EDGE('',*,*,#4566,.F.);
#5991=ORIENTED_EDGE('',*,*,#4565,.F.);
#5992=ORIENTED_EDGE('',*,*,#4567,.T.);
#5993=ORIENTED_EDGE('',*,*,#4568,.T.);
#5994=ORIENTED_EDGE('',*,*,#4569,.F.);
#5995=ORIENTED_EDGE('',*,*,#4568,.F.);
#5996=ORIENTED_EDGE('',*,*,#4570,.T.);
#5997=ORIENTED_EDGE('',*,*,#4571,.T.);
#5998=ORIENTED_EDGE('',*,*,#4572,.F.);
#5999=ORIENTED_EDGE('',*,*,#4571,.F.);
#6000=ORIENTED_EDGE('',*,*,#4573,.T.);
#6001=ORIENTED_EDGE('',*,*,#4574,.T.);
#6002=ORIENTED_EDGE('',*,*,#4575,.F.);
#6003=ORIENTED_EDGE('',*,*,#4574,.F.);
#6004=ORIENTED_EDGE('',*,*,#4576,.T.);
#6005=ORIENTED_EDGE('',*,*,#4577,.T.);
#6006=ORIENTED_EDGE('',*,*,#4578,.F.);
#6007=ORIENTED_EDGE('',*,*,#4577,.F.);
#6008=ORIENTED_EDGE('',*,*,#4579,.T.);
#6009=ORIENTED_EDGE('',*,*,#4580,.T.);
#6010=ORIENTED_EDGE('',*,*,#4581,.F.);
#6011=ORIENTED_EDGE('',*,*,#4580,.F.);
#6012=ORIENTED_EDGE('',*,*,#4582,.T.);
#6013=ORIENTED_EDGE('',*,*,#4583,.T.);
#6014=ORIENTED_EDGE('',*,*,#4584,.F.);
#6015=ORIENTED_EDGE('',*,*,#4583,.F.);
#6016=ORIENTED_EDGE('',*,*,#4585,.T.);
#6017=ORIENTED_EDGE('',*,*,#4586,.T.);
#6018=ORIENTED_EDGE('',*,*,#4587,.F.);
#6019=ORIENTED_EDGE('',*,*,#4586,.F.);
#6020=ORIENTED_EDGE('',*,*,#4588,.T.);
#6021=ORIENTED_EDGE('',*,*,#4589,.T.);
#6022=ORIENTED_EDGE('',*,*,#4590,.F.);
#6023=ORIENTED_EDGE('',*,*,#4589,.F.);
#6024=ORIENTED_EDGE('',*,*,#4591,.T.);
#6025=ORIENTED_EDGE('',*,*,#4592,.T.);
#6026=ORIENTED_EDGE('',*,*,#4593,.F.);
#6027=ORIENTED_EDGE('',*,*,#4592,.F.);
#6028=ORIENTED_EDGE('',*,*,#4594,.T.);
#6029=ORIENTED_EDGE('',*,*,#4595,.T.);
#6030=ORIENTED_EDGE('',*,*,#4596,.F.);
#6031=ORIENTED_EDGE('',*,*,#4595,.F.);
#6032=ORIENTED_EDGE('',*,*,#4597,.T.);
#6033=ORIENTED_EDGE('',*,*,#4598,.T.);
#6034=ORIENTED_EDGE('',*,*,#4599,.F.);
#6035=ORIENTED_EDGE('',*,*,#4598,.F.);
#6036=ORIENTED_EDGE('',*,*,#4600,.T.);
#6037=ORIENTED_EDGE('',*,*,#4601,.T.);
#6038=ORIENTED_EDGE('',*,*,#4602,.F.);
#6039=ORIENTED_EDGE('',*,*,#4601,.F.);
#6040=ORIENTED_EDGE('',*,*,#4603,.T.);
#6041=ORIENTED_EDGE('',*,*,#4604,.T.);
#6042=ORIENTED_EDGE('',*,*,#4605,.F.);
#6043=ORIENTED_EDGE('',*,*,#4604,.F.);
#6044=ORIENTED_EDGE('',*,*,#4606,.T.);
#6045=ORIENTED_EDGE('',*,*,#4607,.T.);
#6046=ORIENTED_EDGE('',*,*,#4608,.F.);
#6047=ORIENTED_EDGE('',*,*,#4607,.F.);
#6048=ORIENTED_EDGE('',*,*,#4609,.T.);
#6049=ORIENTED_EDGE('',*,*,#4610,.T.);
#6050=ORIENTED_EDGE('',*,*,#4611,.F.);
#6051=ORIENTED_EDGE('',*,*,#4610,.F.);
#6052=ORIENTED_EDGE('',*,*,#4612,.T.);
#6053=ORIENTED_EDGE('',*,*,#4613,.T.);
#6054=ORIENTED_EDGE('',*,*,#4614,.F.);
#6055=ORIENTED_EDGE('',*,*,#4613,.F.);
#6056=ORIENTED_EDGE('',*,*,#4615,.T.);
#6057=ORIENTED_EDGE('',*,*,#4616,.T.);
#6058=ORIENTED_EDGE('',*,*,#4617,.F.);
#6059=ORIENTED_EDGE('',*,*,#4616,.F.);
#6060=ORIENTED_EDGE('',*,*,#4618,.T.);
#6061=ORIENTED_EDGE('',*,*,#4619,.T.);
#6062=ORIENTED_EDGE('',*,*,#4620,.F.);
#6063=ORIENTED_EDGE('',*,*,#4619,.F.);
#6064=ORIENTED_EDGE('',*,*,#4621,.T.);
#6065=ORIENTED_EDGE('',*,*,#4453,.T.);
#6066=ORIENTED_EDGE('',*,*,#4452,.T.);
#6067=ORIENTED_EDGE('',*,*,#4456,.T.);
#6068=ORIENTED_EDGE('',*,*,#4449,.T.);
#6069=ORIENTED_EDGE('',*,*,#4442,.T.);
#6070=ORIENTED_EDGE('',*,*,#4446,.T.);
#6071=ORIENTED_EDGE('',*,*,#4458,.T.);
#6072=ORIENTED_EDGE('',*,*,#4461,.T.);
#6073=ORIENTED_EDGE('',*,*,#4464,.T.);
#6074=ORIENTED_EDGE('',*,*,#4467,.T.);
#6075=ORIENTED_EDGE('',*,*,#4470,.T.);
#6076=ORIENTED_EDGE('',*,*,#4473,.T.);
#6077=ORIENTED_EDGE('',*,*,#4476,.T.);
#6078=ORIENTED_EDGE('',*,*,#4479,.T.);
#6079=ORIENTED_EDGE('',*,*,#4482,.T.);
#6080=ORIENTED_EDGE('',*,*,#4485,.T.);
#6081=ORIENTED_EDGE('',*,*,#4488,.T.);
#6082=ORIENTED_EDGE('',*,*,#4491,.T.);
#6083=ORIENTED_EDGE('',*,*,#4494,.T.);
#6084=ORIENTED_EDGE('',*,*,#4497,.T.);
#6085=ORIENTED_EDGE('',*,*,#4500,.T.);
#6086=ORIENTED_EDGE('',*,*,#4503,.T.);
#6087=ORIENTED_EDGE('',*,*,#4506,.T.);
#6088=ORIENTED_EDGE('',*,*,#4509,.T.);
#6089=ORIENTED_EDGE('',*,*,#4512,.T.);
#6090=ORIENTED_EDGE('',*,*,#4515,.T.);
#6091=ORIENTED_EDGE('',*,*,#4518,.T.);
#6092=ORIENTED_EDGE('',*,*,#4521,.T.);
#6093=ORIENTED_EDGE('',*,*,#4524,.T.);
#6094=ORIENTED_EDGE('',*,*,#4527,.T.);
#6095=ORIENTED_EDGE('',*,*,#4530,.T.);
#6096=ORIENTED_EDGE('',*,*,#4533,.T.);
#6097=ORIENTED_EDGE('',*,*,#4536,.T.);
#6098=ORIENTED_EDGE('',*,*,#4539,.T.);
#6099=ORIENTED_EDGE('',*,*,#4542,.T.);
#6100=ORIENTED_EDGE('',*,*,#4545,.T.);
#6101=ORIENTED_EDGE('',*,*,#4548,.T.);
#6102=ORIENTED_EDGE('',*,*,#4551,.T.);
#6103=ORIENTED_EDGE('',*,*,#4554,.T.);
#6104=ORIENTED_EDGE('',*,*,#4557,.T.);
#6105=ORIENTED_EDGE('',*,*,#4560,.T.);
#6106=ORIENTED_EDGE('',*,*,#4563,.T.);
#6107=ORIENTED_EDGE('',*,*,#4566,.T.);
#6108=ORIENTED_EDGE('',*,*,#4569,.T.);
#6109=ORIENTED_EDGE('',*,*,#4572,.T.);
#6110=ORIENTED_EDGE('',*,*,#4575,.T.);
#6111=ORIENTED_EDGE('',*,*,#4578,.T.);
#6112=ORIENTED_EDGE('',*,*,#4581,.T.);
#6113=ORIENTED_EDGE('',*,*,#4584,.T.);
#6114=ORIENTED_EDGE('',*,*,#4587,.T.);
#6115=ORIENTED_EDGE('',*,*,#4590,.T.);
#6116=ORIENTED_EDGE('',*,*,#4593,.T.);
#6117=ORIENTED_EDGE('',*,*,#4596,.T.);
#6118=ORIENTED_EDGE('',*,*,#4599,.T.);
#6119=ORIENTED_EDGE('',*,*,#4602,.T.);
#6120=ORIENTED_EDGE('',*,*,#4605,.T.);
#6121=ORIENTED_EDGE('',*,*,#4608,.T.);
#6122=ORIENTED_EDGE('',*,*,#4611,.T.);
#6123=ORIENTED_EDGE('',*,*,#4614,.T.);
#6124=ORIENTED_EDGE('',*,*,#4617,.T.);
#6125=ORIENTED_EDGE('',*,*,#4620,.T.);
#6126=ORIENTED_EDGE('',*,*,#4622,.T.);
#6127=ORIENTED_EDGE('',*,*,#4454,.F.);
#6128=ORIENTED_EDGE('',*,*,#4621,.F.);
#6129=ORIENTED_EDGE('',*,*,#4618,.F.);
#6130=ORIENTED_EDGE('',*,*,#4615,.F.);
#6131=ORIENTED_EDGE('',*,*,#4612,.F.);
#6132=ORIENTED_EDGE('',*,*,#4609,.F.);
#6133=ORIENTED_EDGE('',*,*,#4606,.F.);
#6134=ORIENTED_EDGE('',*,*,#4603,.F.);
#6135=ORIENTED_EDGE('',*,*,#4600,.F.);
#6136=ORIENTED_EDGE('',*,*,#4597,.F.);
#6137=ORIENTED_EDGE('',*,*,#4594,.F.);
#6138=ORIENTED_EDGE('',*,*,#4591,.F.);
#6139=ORIENTED_EDGE('',*,*,#4588,.F.);
#6140=ORIENTED_EDGE('',*,*,#4585,.F.);
#6141=ORIENTED_EDGE('',*,*,#4582,.F.);
#6142=ORIENTED_EDGE('',*,*,#4579,.F.);
#6143=ORIENTED_EDGE('',*,*,#4576,.F.);
#6144=ORIENTED_EDGE('',*,*,#4573,.F.);
#6145=ORIENTED_EDGE('',*,*,#4570,.F.);
#6146=ORIENTED_EDGE('',*,*,#4567,.F.);
#6147=ORIENTED_EDGE('',*,*,#4564,.F.);
#6148=ORIENTED_EDGE('',*,*,#4561,.F.);
#6149=ORIENTED_EDGE('',*,*,#4558,.F.);
#6150=ORIENTED_EDGE('',*,*,#4555,.F.);
#6151=ORIENTED_EDGE('',*,*,#4552,.F.);
#6152=ORIENTED_EDGE('',*,*,#4549,.F.);
#6153=ORIENTED_EDGE('',*,*,#4546,.F.);
#6154=ORIENTED_EDGE('',*,*,#4543,.F.);
#6155=ORIENTED_EDGE('',*,*,#4540,.F.);
#6156=ORIENTED_EDGE('',*,*,#4537,.F.);
#6157=ORIENTED_EDGE('',*,*,#4534,.F.);
#6158=ORIENTED_EDGE('',*,*,#4531,.F.);
#6159=ORIENTED_EDGE('',*,*,#4528,.F.);
#6160=ORIENTED_EDGE('',*,*,#4525,.F.);
#6161=ORIENTED_EDGE('',*,*,#4522,.F.);
#6162=ORIENTED_EDGE('',*,*,#4519,.F.);
#6163=ORIENTED_EDGE('',*,*,#4516,.F.);
#6164=ORIENTED_EDGE('',*,*,#4513,.F.);
#6165=ORIENTED_EDGE('',*,*,#4510,.F.);
#6166=ORIENTED_EDGE('',*,*,#4507,.F.);
#6167=ORIENTED_EDGE('',*,*,#4504,.F.);
#6168=ORIENTED_EDGE('',*,*,#4501,.F.);
#6169=ORIENTED_EDGE('',*,*,#4498,.F.);
#6170=ORIENTED_EDGE('',*,*,#4495,.F.);
#6171=ORIENTED_EDGE('',*,*,#4492,.F.);
#6172=ORIENTED_EDGE('',*,*,#4489,.F.);
#6173=ORIENTED_EDGE('',*,*,#4486,.F.);
#6174=ORIENTED_EDGE('',*,*,#4483,.F.);
#6175=ORIENTED_EDGE('',*,*,#4480,.F.);
#6176=ORIENTED_EDGE('',*,*,#4477,.F.);
#6177=ORIENTED_EDGE('',*,*,#4474,.F.);
#6178=ORIENTED_EDGE('',*,*,#4471,.F.);
#6179=ORIENTED_EDGE('',*,*,#4468,.F.);
#6180=ORIENTED_EDGE('',*,*,#4465,.F.);
#6181=ORIENTED_EDGE('',*,*,#4462,.F.);
#6182=ORIENTED_EDGE('',*,*,#4459,.F.);
#6183=ORIENTED_EDGE('',*,*,#4447,.F.);
#6184=ORIENTED_EDGE('',*,*,#4444,.F.);
#6185=ORIENTED_EDGE('',*,*,#4451,.F.);
#6186=ORIENTED_EDGE('',*,*,#4457,.F.);
#6187=ORIENTED_EDGE('',*,*,#4623,.F.);
#6188=ORIENTED_EDGE('',*,*,#4623,.T.);
#6189=ORIENTED_EDGE('',*,*,#4624,.T.);
#6190=ORIENTED_EDGE('',*,*,#4622,.F.);
#6191=ORIENTED_EDGE('',*,*,#4624,.F.);
#6192=ORIENTED_EDGE('',*,*,#4625,.T.);
#6193=ORIENTED_EDGE('',*,*,#4626,.T.);
#6194=ORIENTED_EDGE('',*,*,#4627,.T.);
#6195=ORIENTED_EDGE('',*,*,#4626,.F.);
#6196=ORIENTED_EDGE('',*,*,#4628,.T.);
#6197=ORIENTED_EDGE('',*,*,#4629,.T.);
#6198=ORIENTED_EDGE('',*,*,#4630,.T.);
#6199=ORIENTED_EDGE('',*,*,#4629,.F.);
#6200=ORIENTED_EDGE('',*,*,#4631,.T.);
#6201=ORIENTED_EDGE('',*,*,#4632,.T.);
#6202=ORIENTED_EDGE('',*,*,#4625,.F.);
#6203=ORIENTED_EDGE('',*,*,#4632,.F.);
#6204=ORIENTED_EDGE('',*,*,#4633,.T.);
#6205=ORIENTED_EDGE('',*,*,#4634,.T.);
#6206=ORIENTED_EDGE('',*,*,#4628,.F.);
#6207=ORIENTED_EDGE('',*,*,#4634,.F.);
#6208=ORIENTED_EDGE('',*,*,#4635,.T.);
#6209=ORIENTED_EDGE('',*,*,#4636,.T.);
#6210=ORIENTED_EDGE('',*,*,#4637,.F.);
#6211=ORIENTED_EDGE('',*,*,#4636,.F.);
#6212=ORIENTED_EDGE('',*,*,#4638,.T.);
#6213=ORIENTED_EDGE('',*,*,#4639,.T.);
#6214=ORIENTED_EDGE('',*,*,#4640,.F.);
#6215=ORIENTED_EDGE('',*,*,#4641,.F.);
#6216=ORIENTED_EDGE('',*,*,#4642,.F.);
#6217=ORIENTED_EDGE('',*,*,#4643,.T.);
#6218=ORIENTED_EDGE('',*,*,#4644,.F.);
#6219=ORIENTED_EDGE('',*,*,#4643,.F.);
#6220=ORIENTED_EDGE('',*,*,#4645,.F.);
#6221=ORIENTED_EDGE('',*,*,#4646,.T.);
#6222=ORIENTED_EDGE('',*,*,#4647,.F.);
#6223=ORIENTED_EDGE('',*,*,#4646,.F.);
#6224=ORIENTED_EDGE('',*,*,#4648,.F.);
#6225=ORIENTED_EDGE('',*,*,#4649,.T.);
#6226=ORIENTED_EDGE('',*,*,#4642,.T.);
#6227=ORIENTED_EDGE('',*,*,#4649,.F.);
#6228=ORIENTED_EDGE('',*,*,#4650,.F.);
#6229=ORIENTED_EDGE('',*,*,#4651,.T.);
#6230=ORIENTED_EDGE('',*,*,#4645,.T.);
#6231=ORIENTED_EDGE('',*,*,#4651,.F.);
#6232=ORIENTED_EDGE('',*,*,#4650,.T.);
#6233=ORIENTED_EDGE('',*,*,#4648,.T.);
#6234=ORIENTED_EDGE('',*,*,#4652,.F.);
#6235=ORIENTED_EDGE('',*,*,#4653,.F.);
#6236=ORIENTED_EDGE('',*,*,#4654,.T.);
#6237=ORIENTED_EDGE('',*,*,#4655,.F.);
#6238=ORIENTED_EDGE('',*,*,#4656,.F.);
#6239=ORIENTED_EDGE('',*,*,#4657,.F.);
#6240=ORIENTED_EDGE('',*,*,#4658,.T.);
#6241=ORIENTED_EDGE('',*,*,#4659,.F.);
#6242=ORIENTED_EDGE('',*,*,#4660,.F.);
#6243=ORIENTED_EDGE('',*,*,#4661,.F.);
#6244=ORIENTED_EDGE('',*,*,#4662,.T.);
#6245=ORIENTED_EDGE('',*,*,#4663,.F.);
#6246=ORIENTED_EDGE('',*,*,#4664,.F.);
#6247=ORIENTED_EDGE('',*,*,#4665,.F.);
#6248=ORIENTED_EDGE('',*,*,#4666,.T.);
#6249=ORIENTED_EDGE('',*,*,#4667,.F.);
#6250=ORIENTED_EDGE('',*,*,#4668,.F.);
#6251=ORIENTED_EDGE('',*,*,#4669,.F.);
#6252=ORIENTED_EDGE('',*,*,#4670,.T.);
#6253=ORIENTED_EDGE('',*,*,#4671,.F.);
#6254=ORIENTED_EDGE('',*,*,#4672,.F.);
#6255=ORIENTED_EDGE('',*,*,#4673,.F.);
#6256=ORIENTED_EDGE('',*,*,#4674,.T.);
#6257=ORIENTED_EDGE('',*,*,#4675,.F.);
#6258=ORIENTED_EDGE('',*,*,#4676,.F.);
#6259=ORIENTED_EDGE('',*,*,#4677,.T.);
#6260=ORIENTED_EDGE('',*,*,#4678,.T.);
#6261=ORIENTED_EDGE('',*,*,#4679,.F.);
#6262=ORIENTED_EDGE('',*,*,#4680,.F.);
#6263=ORIENTED_EDGE('',*,*,#4681,.F.);
#6264=ORIENTED_EDGE('',*,*,#4682,.T.);
#6265=ORIENTED_EDGE('',*,*,#4683,.F.);
#6266=ORIENTED_EDGE('',*,*,#4684,.T.);
#6267=ORIENTED_EDGE('',*,*,#4685,.T.);
#6268=ORIENTED_EDGE('',*,*,#4686,.F.);
#6269=ORIENTED_EDGE('',*,*,#4687,.F.);
#6270=ORIENTED_EDGE('',*,*,#4688,.T.);
#6271=ORIENTED_EDGE('',*,*,#4689,.T.);
#6272=ORIENTED_EDGE('',*,*,#4690,.F.);
#6273=ORIENTED_EDGE('',*,*,#4691,.F.);
#6274=ORIENTED_EDGE('',*,*,#4641,.T.);
#6275=ORIENTED_EDGE('',*,*,#4692,.T.);
#6276=ORIENTED_EDGE('',*,*,#4688,.F.);
#6277=ORIENTED_EDGE('',*,*,#4693,.F.);
#6278=ORIENTED_EDGE('',*,*,#4694,.F.);
#6279=ORIENTED_EDGE('',*,*,#4671,.T.);
#6280=ORIENTED_EDGE('',*,*,#4695,.T.);
#6281=ORIENTED_EDGE('',*,*,#4639,.F.);
#6282=ORIENTED_EDGE('',*,*,#4663,.T.);
#6283=ORIENTED_EDGE('',*,*,#4696,.T.);
#6284=ORIENTED_EDGE('',*,*,#4669,.T.);
#6285=ORIENTED_EDGE('',*,*,#4697,.F.);
#6286=ORIENTED_EDGE('',*,*,#4698,.T.);
#6287=ORIENTED_EDGE('',*,*,#4667,.T.);
#6288=ORIENTED_EDGE('',*,*,#4699,.F.);
#6289=ORIENTED_EDGE('',*,*,#4661,.T.);
#6290=ORIENTED_EDGE('',*,*,#4700,.T.);
#6291=ORIENTED_EDGE('',*,*,#4679,.T.);
#6292=ORIENTED_EDGE('',*,*,#4701,.F.);
#6293=ORIENTED_EDGE('',*,*,#4665,.T.);
#6294=ORIENTED_EDGE('',*,*,#4627,.F.);
#6295=ORIENTED_EDGE('',*,*,#4644,.T.);
#6296=ORIENTED_EDGE('',*,*,#4683,.T.);
#6297=ORIENTED_EDGE('',*,*,#4702,.F.);
#6298=ORIENTED_EDGE('',*,*,#4677,.F.);
#6299=ORIENTED_EDGE('',*,*,#4703,.T.);
#6300=ORIENTED_EDGE('',*,*,#4655,.T.);
#6301=ORIENTED_EDGE('',*,*,#4704,.F.);
#6302=ORIENTED_EDGE('',*,*,#4681,.T.);
#6303=ORIENTED_EDGE('',*,*,#4705,.T.);
#6304=ORIENTED_EDGE('',*,*,#4630,.F.);
#6305=ORIENTED_EDGE('',*,*,#4647,.T.);
#6306=ORIENTED_EDGE('',*,*,#4706,.F.);
#6307=ORIENTED_EDGE('',*,*,#4659,.T.);
#6308=ORIENTED_EDGE('',*,*,#4707,.T.);
#6309=ORIENTED_EDGE('',*,*,#4653,.T.);
#6310=ORIENTED_EDGE('',*,*,#4708,.F.);
#6311=ORIENTED_EDGE('',*,*,#4675,.T.);
#6312=ORIENTED_EDGE('',*,*,#4709,.T.);
#6313=ORIENTED_EDGE('',*,*,#4657,.T.);
#6314=ORIENTED_EDGE('',*,*,#4686,.T.);
#6315=ORIENTED_EDGE('',*,*,#4710,.F.);
#6316=ORIENTED_EDGE('',*,*,#4673,.T.);
#6317=ORIENTED_EDGE('',*,*,#4711,.T.);
#6318=ORIENTED_EDGE('',*,*,#4690,.T.);
#6319=ORIENTED_EDGE('',*,*,#4712,.F.);
#6320=ORIENTED_EDGE('',*,*,#4684,.F.);
#6321=ORIENTED_EDGE('',*,*,#4713,.T.);
#6322=ORIENTED_EDGE('',*,*,#4705,.F.);
#6323=ORIENTED_EDGE('',*,*,#4680,.T.);
#6324=ORIENTED_EDGE('',*,*,#4703,.F.);
#6325=ORIENTED_EDGE('',*,*,#4676,.T.);
#6326=ORIENTED_EDGE('',*,*,#4700,.F.);
#6327=ORIENTED_EDGE('',*,*,#4664,.T.);
#6328=ORIENTED_EDGE('',*,*,#4698,.F.);
#6329=ORIENTED_EDGE('',*,*,#4660,.T.);
#6330=ORIENTED_EDGE('',*,*,#4697,.T.);
#6331=ORIENTED_EDGE('',*,*,#4668,.T.);
#6332=ORIENTED_EDGE('',*,*,#4694,.T.);
#6333=ORIENTED_EDGE('',*,*,#4638,.F.);
#6334=ORIENTED_EDGE('',*,*,#4693,.T.);
#6335=ORIENTED_EDGE('',*,*,#4691,.T.);
#6336=ORIENTED_EDGE('',*,*,#4713,.F.);
#6337=ORIENTED_EDGE('',*,*,#4687,.T.);
#6338=ORIENTED_EDGE('',*,*,#4711,.F.);
#6339=ORIENTED_EDGE('',*,*,#4672,.T.);
#6340=ORIENTED_EDGE('',*,*,#4708,.T.);
#6341=ORIENTED_EDGE('',*,*,#4656,.T.);
#6342=ORIENTED_EDGE('',*,*,#4706,.T.);
#6343=ORIENTED_EDGE('',*,*,#4652,.T.);
#6344=ORIENTED_EDGE('',*,*,#4635,.F.);
#6345=ORIENTED_EDGE('',*,*,#4633,.F.);
#6346=ORIENTED_EDGE('',*,*,#4631,.F.);
#6347=ORIENTED_EDGE('',*,*,#4704,.T.);
#6348=ORIENTED_EDGE('',*,*,#4654,.F.);
#6349=ORIENTED_EDGE('',*,*,#4707,.F.);
#6350=ORIENTED_EDGE('',*,*,#4658,.F.);
#6351=ORIENTED_EDGE('',*,*,#4709,.F.);
#6352=ORIENTED_EDGE('',*,*,#4674,.F.);
#6353=ORIENTED_EDGE('',*,*,#4710,.T.);
#6354=ORIENTED_EDGE('',*,*,#4685,.F.);
#6355=ORIENTED_EDGE('',*,*,#4712,.T.);
#6356=ORIENTED_EDGE('',*,*,#4689,.F.);
#6357=ORIENTED_EDGE('',*,*,#4692,.F.);
#6358=ORIENTED_EDGE('',*,*,#4640,.T.);
#6359=ORIENTED_EDGE('',*,*,#4695,.F.);
#6360=ORIENTED_EDGE('',*,*,#4670,.F.);
#6361=ORIENTED_EDGE('',*,*,#4696,.F.);
#6362=ORIENTED_EDGE('',*,*,#4662,.F.);
#6363=ORIENTED_EDGE('',*,*,#4699,.T.);
#6364=ORIENTED_EDGE('',*,*,#4666,.F.);
#6365=ORIENTED_EDGE('',*,*,#4701,.T.);
#6366=ORIENTED_EDGE('',*,*,#4678,.F.);
#6367=ORIENTED_EDGE('',*,*,#4702,.T.);
#6368=ORIENTED_EDGE('',*,*,#4682,.F.);
#6369=ORIENTED_EDGE('',*,*,#4637,.T.);
#6370=ORIENTED_EDGE('',*,*,#4714,.T.);
#6371=ORIENTED_EDGE('',*,*,#4715,.T.);
#6372=ORIENTED_EDGE('',*,*,#4716,.F.);
#6373=ORIENTED_EDGE('',*,*,#4715,.F.);
#6374=ORIENTED_EDGE('',*,*,#4717,.T.);
#6375=ORIENTED_EDGE('',*,*,#4718,.T.);
#6376=ORIENTED_EDGE('',*,*,#4719,.F.);
#6377=ORIENTED_EDGE('',*,*,#4720,.F.);
#6378=ORIENTED_EDGE('',*,*,#4721,.F.);
#6379=ORIENTED_EDGE('',*,*,#4722,.F.);
#6380=ORIENTED_EDGE('',*,*,#4723,.T.);
#6381=ORIENTED_EDGE('',*,*,#4724,.T.);
#6382=ORIENTED_EDGE('',*,*,#4725,.F.);
#6383=ORIENTED_EDGE('',*,*,#4726,.T.);
#6384=ORIENTED_EDGE('',*,*,#4727,.T.);
#6385=ORIENTED_EDGE('',*,*,#4722,.T.);
#6386=ORIENTED_EDGE('',*,*,#4728,.F.);
#6387=ORIENTED_EDGE('',*,*,#4729,.T.);
#6388=ORIENTED_EDGE('',*,*,#4730,.T.);
#6389=ORIENTED_EDGE('',*,*,#4731,.T.);
#6390=ORIENTED_EDGE('',*,*,#4732,.F.);
#6391=ORIENTED_EDGE('',*,*,#4733,.T.);
#6392=ORIENTED_EDGE('',*,*,#4734,.T.);
#6393=ORIENTED_EDGE('',*,*,#4735,.T.);
#6394=ORIENTED_EDGE('',*,*,#4736,.F.);
#6395=ORIENTED_EDGE('',*,*,#4737,.T.);
#6396=ORIENTED_EDGE('',*,*,#4738,.T.);
#6397=ORIENTED_EDGE('',*,*,#4739,.T.);
#6398=ORIENTED_EDGE('',*,*,#4740,.F.);
#6399=ORIENTED_EDGE('',*,*,#4741,.T.);
#6400=ORIENTED_EDGE('',*,*,#4742,.T.);
#6401=ORIENTED_EDGE('',*,*,#4743,.T.);
#6402=ORIENTED_EDGE('',*,*,#4744,.F.);
#6403=ORIENTED_EDGE('',*,*,#4745,.T.);
#6404=ORIENTED_EDGE('',*,*,#4746,.T.);
#6405=ORIENTED_EDGE('',*,*,#4747,.T.);
#6406=ORIENTED_EDGE('',*,*,#4748,.F.);
#6407=ORIENTED_EDGE('',*,*,#4749,.T.);
#6408=ORIENTED_EDGE('',*,*,#4750,.T.);
#6409=ORIENTED_EDGE('',*,*,#4718,.F.);
#6410=ORIENTED_EDGE('',*,*,#4751,.T.);
#6411=ORIENTED_EDGE('',*,*,#4752,.F.);
#6412=ORIENTED_EDGE('',*,*,#4753,.F.);
#6413=ORIENTED_EDGE('',*,*,#4720,.T.);
#6414=ORIENTED_EDGE('',*,*,#4754,.T.);
#6415=ORIENTED_EDGE('',*,*,#4755,.F.);
#6416=ORIENTED_EDGE('',*,*,#4756,.F.);
#6417=ORIENTED_EDGE('',*,*,#4752,.T.);
#6418=ORIENTED_EDGE('',*,*,#4757,.F.);
#6419=ORIENTED_EDGE('',*,*,#4724,.F.);
#6420=ORIENTED_EDGE('',*,*,#4758,.T.);
#6421=ORIENTED_EDGE('',*,*,#4755,.T.);
#6422=ORIENTED_EDGE('',*,*,#4742,.F.);
#6423=ORIENTED_EDGE('',*,*,#4759,.T.);
#6424=ORIENTED_EDGE('',*,*,#4744,.T.);
#6425=ORIENTED_EDGE('',*,*,#4760,.T.);
#6426=ORIENTED_EDGE('',*,*,#4748,.T.);
#6427=ORIENTED_EDGE('',*,*,#4717,.F.);
#6428=ORIENTED_EDGE('',*,*,#4753,.T.);
#6429=ORIENTED_EDGE('',*,*,#4756,.T.);
#6430=ORIENTED_EDGE('',*,*,#4758,.F.);
#6431=ORIENTED_EDGE('',*,*,#4723,.F.);
#6432=ORIENTED_EDGE('',*,*,#4727,.F.);
#6433=ORIENTED_EDGE('',*,*,#4761,.T.);
#6434=ORIENTED_EDGE('',*,*,#4728,.T.);
#6435=ORIENTED_EDGE('',*,*,#4762,.T.);
#6436=ORIENTED_EDGE('',*,*,#4732,.T.);
#6437=ORIENTED_EDGE('',*,*,#4763,.T.);
#6438=ORIENTED_EDGE('',*,*,#4738,.F.);
#6439=ORIENTED_EDGE('',*,*,#4764,.T.);
#6440=ORIENTED_EDGE('',*,*,#4714,.F.);
#6441=ORIENTED_EDGE('',*,*,#4746,.F.);
#6442=ORIENTED_EDGE('',*,*,#4765,.T.);
#6443=ORIENTED_EDGE('',*,*,#4740,.T.);
#6444=ORIENTED_EDGE('',*,*,#4766,.T.);
#6445=ORIENTED_EDGE('',*,*,#4736,.T.);
#6446=ORIENTED_EDGE('',*,*,#4767,.T.);
#6447=ORIENTED_EDGE('',*,*,#4734,.F.);
#6448=ORIENTED_EDGE('',*,*,#4768,.T.);
#6449=ORIENTED_EDGE('',*,*,#4730,.F.);
#6450=ORIENTED_EDGE('',*,*,#4769,.T.);
#6451=ORIENTED_EDGE('',*,*,#4725,.T.);
#6452=ORIENTED_EDGE('',*,*,#4721,.T.);
#6453=ORIENTED_EDGE('',*,*,#4757,.T.);
#6454=ORIENTED_EDGE('',*,*,#4754,.F.);
#6455=ORIENTED_EDGE('',*,*,#4751,.F.);
#6456=ORIENTED_EDGE('',*,*,#4719,.T.);
#6457=ORIENTED_EDGE('',*,*,#4750,.F.);
#6458=ORIENTED_EDGE('',*,*,#4770,.T.);
#6459=ORIENTED_EDGE('',*,*,#4716,.T.);
#6460=ORIENTED_EDGE('',*,*,#4764,.F.);
#6461=ORIENTED_EDGE('',*,*,#4737,.F.);
#6462=ORIENTED_EDGE('',*,*,#4766,.F.);
#6463=ORIENTED_EDGE('',*,*,#4743,.F.);
#6464=ORIENTED_EDGE('',*,*,#4763,.F.);
#6465=ORIENTED_EDGE('',*,*,#4735,.F.);
#6466=ORIENTED_EDGE('',*,*,#4767,.F.);
#6467=ORIENTED_EDGE('',*,*,#4739,.F.);
#6468=ORIENTED_EDGE('',*,*,#4759,.F.);
#6469=ORIENTED_EDGE('',*,*,#4741,.F.);
#6470=ORIENTED_EDGE('',*,*,#4765,.F.);
#6471=ORIENTED_EDGE('',*,*,#4745,.F.);
#6472=ORIENTED_EDGE('',*,*,#4760,.F.);
#6473=ORIENTED_EDGE('',*,*,#4747,.F.);
#6474=ORIENTED_EDGE('',*,*,#4770,.F.);
#6475=ORIENTED_EDGE('',*,*,#4749,.F.);
#6476=ORIENTED_EDGE('',*,*,#4761,.F.);
#6477=ORIENTED_EDGE('',*,*,#4726,.F.);
#6478=ORIENTED_EDGE('',*,*,#4769,.F.);
#6479=ORIENTED_EDGE('',*,*,#4729,.F.);
#6480=ORIENTED_EDGE('',*,*,#4762,.F.);
#6481=ORIENTED_EDGE('',*,*,#4731,.F.);
#6482=ORIENTED_EDGE('',*,*,#4768,.F.);
#6483=ORIENTED_EDGE('',*,*,#4733,.F.);
#6484=ORIENTED_EDGE('',*,*,#4771,.F.);
#6485=ORIENTED_EDGE('',*,*,#4772,.F.);
#6486=ORIENTED_EDGE('',*,*,#4773,.F.);
#6487=ORIENTED_EDGE('',*,*,#4774,.F.);
#6488=ORIENTED_EDGE('',*,*,#4775,.F.);
#6489=ORIENTED_EDGE('',*,*,#4776,.F.);
#6490=ORIENTED_EDGE('',*,*,#4777,.F.);
#6491=ORIENTED_EDGE('',*,*,#4778,.F.);
#6492=ORIENTED_EDGE('',*,*,#4779,.F.);
#6493=ORIENTED_EDGE('',*,*,#4780,.F.);
#6494=ORIENTED_EDGE('',*,*,#4781,.F.);
#6495=ORIENTED_EDGE('',*,*,#4782,.F.);
#6496=ORIENTED_EDGE('',*,*,#4783,.F.);
#6497=ORIENTED_EDGE('',*,*,#4784,.T.);
#6498=ORIENTED_EDGE('',*,*,#4785,.F.);
#6499=ORIENTED_EDGE('',*,*,#4784,.F.);
#6500=ORIENTED_EDGE('',*,*,#4785,.T.);
#6501=ORIENTED_EDGE('',*,*,#4771,.T.);
#6502=ORIENTED_EDGE('',*,*,#4783,.T.);
#6503=ORIENTED_EDGE('',*,*,#4786,.T.);
#6504=ORIENTED_EDGE('',*,*,#4787,.T.);
#6505=ORIENTED_EDGE('',*,*,#4788,.F.);
#6506=ORIENTED_EDGE('',*,*,#4782,.T.);
#6507=ORIENTED_EDGE('',*,*,#4789,.T.);
#6508=ORIENTED_EDGE('',*,*,#4790,.T.);
#6509=ORIENTED_EDGE('',*,*,#4786,.F.);
#6510=ORIENTED_EDGE('',*,*,#4781,.T.);
#6511=ORIENTED_EDGE('',*,*,#4791,.T.);
#6512=ORIENTED_EDGE('',*,*,#4792,.T.);
#6513=ORIENTED_EDGE('',*,*,#4789,.F.);
#6514=ORIENTED_EDGE('',*,*,#4780,.T.);
#6515=ORIENTED_EDGE('',*,*,#4793,.T.);
#6516=ORIENTED_EDGE('',*,*,#4794,.T.);
#6517=ORIENTED_EDGE('',*,*,#4791,.F.);
#6518=ORIENTED_EDGE('',*,*,#4779,.T.);
#6519=ORIENTED_EDGE('',*,*,#4795,.T.);
#6520=ORIENTED_EDGE('',*,*,#4796,.T.);
#6521=ORIENTED_EDGE('',*,*,#4793,.F.);
#6522=ORIENTED_EDGE('',*,*,#4778,.T.);
#6523=ORIENTED_EDGE('',*,*,#4797,.T.);
#6524=ORIENTED_EDGE('',*,*,#4798,.T.);
#6525=ORIENTED_EDGE('',*,*,#4795,.F.);
#6526=ORIENTED_EDGE('',*,*,#4777,.T.);
#6527=ORIENTED_EDGE('',*,*,#4799,.T.);
#6528=ORIENTED_EDGE('',*,*,#4800,.T.);
#6529=ORIENTED_EDGE('',*,*,#4797,.F.);
#6530=ORIENTED_EDGE('',*,*,#4776,.T.);
#6531=ORIENTED_EDGE('',*,*,#4801,.T.);
#6532=ORIENTED_EDGE('',*,*,#4802,.T.);
#6533=ORIENTED_EDGE('',*,*,#4799,.F.);
#6534=ORIENTED_EDGE('',*,*,#4775,.T.);
#6535=ORIENTED_EDGE('',*,*,#4803,.T.);
#6536=ORIENTED_EDGE('',*,*,#4804,.T.);
#6537=ORIENTED_EDGE('',*,*,#4801,.F.);
#6538=ORIENTED_EDGE('',*,*,#4774,.T.);
#6539=ORIENTED_EDGE('',*,*,#4805,.T.);
#6540=ORIENTED_EDGE('',*,*,#4806,.T.);
#6541=ORIENTED_EDGE('',*,*,#4803,.F.);
#6542=ORIENTED_EDGE('',*,*,#4773,.T.);
#6543=ORIENTED_EDGE('',*,*,#4807,.T.);
#6544=ORIENTED_EDGE('',*,*,#4808,.T.);
#6545=ORIENTED_EDGE('',*,*,#4805,.F.);
#6546=ORIENTED_EDGE('',*,*,#4772,.T.);
#6547=ORIENTED_EDGE('',*,*,#4788,.T.);
#6548=ORIENTED_EDGE('',*,*,#4809,.T.);
#6549=ORIENTED_EDGE('',*,*,#4807,.F.);
#6550=ORIENTED_EDGE('',*,*,#4787,.F.);
#6551=ORIENTED_EDGE('',*,*,#4790,.F.);
#6552=ORIENTED_EDGE('',*,*,#4792,.F.);
#6553=ORIENTED_EDGE('',*,*,#4794,.F.);
#6554=ORIENTED_EDGE('',*,*,#4796,.F.);
#6555=ORIENTED_EDGE('',*,*,#4798,.F.);
#6556=ORIENTED_EDGE('',*,*,#4800,.F.);
#6557=ORIENTED_EDGE('',*,*,#4802,.F.);
#6558=ORIENTED_EDGE('',*,*,#4804,.F.);
#6559=ORIENTED_EDGE('',*,*,#4806,.F.);
#6560=ORIENTED_EDGE('',*,*,#4808,.F.);
#6561=ORIENTED_EDGE('',*,*,#4809,.F.);
#6562=ORIENTED_EDGE('',*,*,#4810,.F.);
#6563=ORIENTED_EDGE('',*,*,#4811,.F.);
#6564=ORIENTED_EDGE('',*,*,#4812,.F.);
#6565=ORIENTED_EDGE('',*,*,#4813,.F.);
#6566=ORIENTED_EDGE('',*,*,#4814,.F.);
#6567=ORIENTED_EDGE('',*,*,#4815,.F.);
#6568=ORIENTED_EDGE('',*,*,#4816,.F.);
#6569=ORIENTED_EDGE('',*,*,#4817,.F.);
#6570=ORIENTED_EDGE('',*,*,#4818,.F.);
#6571=ORIENTED_EDGE('',*,*,#4819,.F.);
#6572=ORIENTED_EDGE('',*,*,#4820,.F.);
#6573=ORIENTED_EDGE('',*,*,#4821,.F.);
#6574=ORIENTED_EDGE('',*,*,#4822,.F.);
#6575=ORIENTED_EDGE('',*,*,#4823,.T.);
#6576=ORIENTED_EDGE('',*,*,#4824,.T.);
#6577=ORIENTED_EDGE('',*,*,#4823,.F.);
#6578=ORIENTED_EDGE('',*,*,#4824,.F.);
#6579=ORIENTED_EDGE('',*,*,#4816,.T.);
#6580=ORIENTED_EDGE('',*,*,#4825,.T.);
#6581=ORIENTED_EDGE('',*,*,#4826,.F.);
#6582=ORIENTED_EDGE('',*,*,#4827,.F.);
#6583=ORIENTED_EDGE('',*,*,#4815,.T.);
#6584=ORIENTED_EDGE('',*,*,#4828,.T.);
#6585=ORIENTED_EDGE('',*,*,#4829,.F.);
#6586=ORIENTED_EDGE('',*,*,#4825,.F.);
#6587=ORIENTED_EDGE('',*,*,#4814,.T.);
#6588=ORIENTED_EDGE('',*,*,#4830,.T.);
#6589=ORIENTED_EDGE('',*,*,#4831,.F.);
#6590=ORIENTED_EDGE('',*,*,#4828,.F.);
#6591=ORIENTED_EDGE('',*,*,#4813,.T.);
#6592=ORIENTED_EDGE('',*,*,#4832,.T.);
#6593=ORIENTED_EDGE('',*,*,#4833,.F.);
#6594=ORIENTED_EDGE('',*,*,#4830,.F.);
#6595=ORIENTED_EDGE('',*,*,#4812,.T.);
#6596=ORIENTED_EDGE('',*,*,#4834,.T.);
#6597=ORIENTED_EDGE('',*,*,#4835,.F.);
#6598=ORIENTED_EDGE('',*,*,#4832,.F.);
#6599=ORIENTED_EDGE('',*,*,#4811,.T.);
#6600=ORIENTED_EDGE('',*,*,#4836,.T.);
#6601=ORIENTED_EDGE('',*,*,#4837,.F.);
#6602=ORIENTED_EDGE('',*,*,#4834,.F.);
#6603=ORIENTED_EDGE('',*,*,#4810,.T.);
#6604=ORIENTED_EDGE('',*,*,#4822,.T.);
#6605=ORIENTED_EDGE('',*,*,#4838,.T.);
#6606=ORIENTED_EDGE('',*,*,#4839,.F.);
#6607=ORIENTED_EDGE('',*,*,#4836,.F.);
#6608=ORIENTED_EDGE('',*,*,#4821,.T.);
#6609=ORIENTED_EDGE('',*,*,#4840,.T.);
#6610=ORIENTED_EDGE('',*,*,#4841,.F.);
#6611=ORIENTED_EDGE('',*,*,#4838,.F.);
#6612=ORIENTED_EDGE('',*,*,#4820,.T.);
#6613=ORIENTED_EDGE('',*,*,#4842,.T.);
#6614=ORIENTED_EDGE('',*,*,#4843,.F.);
#6615=ORIENTED_EDGE('',*,*,#4840,.F.);
#6616=ORIENTED_EDGE('',*,*,#4819,.T.);
#6617=ORIENTED_EDGE('',*,*,#4844,.T.);
#6618=ORIENTED_EDGE('',*,*,#4845,.F.);
#6619=ORIENTED_EDGE('',*,*,#4842,.F.);
#6620=ORIENTED_EDGE('',*,*,#4818,.T.);
#6621=ORIENTED_EDGE('',*,*,#4846,.T.);
#6622=ORIENTED_EDGE('',*,*,#4847,.F.);
#6623=ORIENTED_EDGE('',*,*,#4844,.F.);
#6624=ORIENTED_EDGE('',*,*,#4817,.T.);
#6625=ORIENTED_EDGE('',*,*,#4827,.T.);
#6626=ORIENTED_EDGE('',*,*,#4848,.F.);
#6627=ORIENTED_EDGE('',*,*,#4846,.F.);
#6628=ORIENTED_EDGE('',*,*,#4826,.T.);
#6629=ORIENTED_EDGE('',*,*,#4829,.T.);
#6630=ORIENTED_EDGE('',*,*,#4831,.T.);
#6631=ORIENTED_EDGE('',*,*,#4833,.T.);
#6632=ORIENTED_EDGE('',*,*,#4835,.T.);
#6633=ORIENTED_EDGE('',*,*,#4837,.T.);
#6634=ORIENTED_EDGE('',*,*,#4839,.T.);
#6635=ORIENTED_EDGE('',*,*,#4841,.T.);
#6636=ORIENTED_EDGE('',*,*,#4843,.T.);
#6637=ORIENTED_EDGE('',*,*,#4845,.T.);
#6638=ORIENTED_EDGE('',*,*,#4847,.T.);
#6639=ORIENTED_EDGE('',*,*,#4848,.T.);
#6640=ORIENTED_EDGE('',*,*,#4849,.F.);
#6641=ORIENTED_EDGE('',*,*,#4850,.T.);
#6642=ORIENTED_EDGE('',*,*,#4851,.T.);
#6643=ORIENTED_EDGE('',*,*,#4852,.F.);
#6644=ORIENTED_EDGE('',*,*,#4853,.F.);
#6645=ORIENTED_EDGE('',*,*,#4854,.F.);
#6646=ORIENTED_EDGE('',*,*,#4855,.F.);
#6647=ORIENTED_EDGE('',*,*,#4856,.T.);
#6648=ORIENTED_EDGE('',*,*,#4857,.F.);
#6649=ORIENTED_EDGE('',*,*,#4858,.F.);
#6650=ORIENTED_EDGE('',*,*,#4859,.F.);
#6651=ORIENTED_EDGE('',*,*,#4860,.T.);
#6652=ORIENTED_EDGE('',*,*,#4861,.F.);
#6653=ORIENTED_EDGE('',*,*,#4862,.T.);
#6654=ORIENTED_EDGE('',*,*,#4863,.T.);
#6655=ORIENTED_EDGE('',*,*,#4862,.F.);
#6656=ORIENTED_EDGE('',*,*,#4864,.F.);
#6657=ORIENTED_EDGE('',*,*,#4865,.T.);
#6658=ORIENTED_EDGE('',*,*,#4866,.F.);
#6659=ORIENTED_EDGE('',*,*,#4865,.F.);
#6660=ORIENTED_EDGE('',*,*,#4867,.T.);
#6661=ORIENTED_EDGE('',*,*,#4868,.T.);
#6662=ORIENTED_EDGE('',*,*,#4869,.F.);
#6663=ORIENTED_EDGE('',*,*,#4868,.F.);
#6664=ORIENTED_EDGE('',*,*,#4870,.T.);
#6665=ORIENTED_EDGE('',*,*,#4871,.F.);
#6666=ORIENTED_EDGE('',*,*,#4872,.F.);
#6667=ORIENTED_EDGE('',*,*,#4873,.T.);
#6668=ORIENTED_EDGE('',*,*,#4874,.T.);
#6669=ORIENTED_EDGE('',*,*,#4875,.F.);
#6670=ORIENTED_EDGE('',*,*,#4876,.F.);
#6671=ORIENTED_EDGE('',*,*,#4877,.T.);
#6672=ORIENTED_EDGE('',*,*,#4853,.T.);
#6673=ORIENTED_EDGE('',*,*,#4861,.T.);
#6674=ORIENTED_EDGE('',*,*,#4878,.T.);
#6675=ORIENTED_EDGE('',*,*,#4879,.T.);
#6676=ORIENTED_EDGE('',*,*,#4880,.T.);
#6677=ORIENTED_EDGE('',*,*,#4881,.T.);
#6678=ORIENTED_EDGE('',*,*,#4882,.T.);
#6679=ORIENTED_EDGE('',*,*,#4883,.F.);
#6680=ORIENTED_EDGE('',*,*,#4884,.T.);
#6681=ORIENTED_EDGE('',*,*,#4885,.F.);
#6682=ORIENTED_EDGE('',*,*,#4886,.F.);
#6683=ORIENTED_EDGE('',*,*,#4887,.F.);
#6684=ORIENTED_EDGE('',*,*,#4888,.T.);
#6685=ORIENTED_EDGE('',*,*,#4889,.F.);
#6686=ORIENTED_EDGE('',*,*,#4890,.T.);
#6687=ORIENTED_EDGE('',*,*,#4891,.T.);
#6688=ORIENTED_EDGE('',*,*,#4892,.T.);
#6689=ORIENTED_EDGE('',*,*,#4879,.F.);
#6690=ORIENTED_EDGE('',*,*,#4893,.F.);
#6691=ORIENTED_EDGE('',*,*,#4857,.T.);
#6692=ORIENTED_EDGE('',*,*,#4894,.T.);
#6693=ORIENTED_EDGE('',*,*,#4874,.F.);
#6694=ORIENTED_EDGE('',*,*,#4895,.T.);
#6695=ORIENTED_EDGE('',*,*,#4896,.F.);
#6696=ORIENTED_EDGE('',*,*,#4851,.F.);
#6697=ORIENTED_EDGE('',*,*,#4897,.T.);
#6698=ORIENTED_EDGE('',*,*,#4898,.T.);
#6699=ORIENTED_EDGE('',*,*,#4899,.T.);
#6700=ORIENTED_EDGE('',*,*,#4900,.T.);
#6701=ORIENTED_EDGE('',*,*,#4901,.T.);
#6702=ORIENTED_EDGE('',*,*,#4902,.T.);
#6703=ORIENTED_EDGE('',*,*,#4903,.T.);
#6704=ORIENTED_EDGE('',*,*,#4904,.T.);
#6705=ORIENTED_EDGE('',*,*,#4905,.F.);
#6706=ORIENTED_EDGE('',*,*,#4906,.T.);
#6707=ORIENTED_EDGE('',*,*,#4907,.T.);
#6708=ORIENTED_EDGE('',*,*,#4908,.T.);
#6709=ORIENTED_EDGE('',*,*,#4909,.F.);
#6710=ORIENTED_EDGE('',*,*,#4910,.F.);
#6711=ORIENTED_EDGE('',*,*,#4911,.T.);
#6712=ORIENTED_EDGE('',*,*,#4912,.F.);
#6713=ORIENTED_EDGE('',*,*,#4913,.F.);
#6714=ORIENTED_EDGE('',*,*,#4914,.F.);
#6715=ORIENTED_EDGE('',*,*,#4915,.F.);
#6716=ORIENTED_EDGE('',*,*,#4916,.T.);
#6717=ORIENTED_EDGE('',*,*,#4889,.T.);
#6718=ORIENTED_EDGE('',*,*,#4917,.F.);
#6719=ORIENTED_EDGE('',*,*,#4918,.F.);
#6720=ORIENTED_EDGE('',*,*,#4919,.T.);
#6721=ORIENTED_EDGE('',*,*,#4920,.T.);
#6722=ORIENTED_EDGE('',*,*,#4921,.F.);
#6723=ORIENTED_EDGE('',*,*,#4922,.F.);
#6724=ORIENTED_EDGE('',*,*,#4923,.T.);
#6725=ORIENTED_EDGE('',*,*,#4924,.F.);
#6726=ORIENTED_EDGE('',*,*,#4925,.T.);
#6727=ORIENTED_EDGE('',*,*,#4926,.T.);
#6728=ORIENTED_EDGE('',*,*,#4927,.T.);
#6729=ORIENTED_EDGE('',*,*,#4899,.F.);
#6730=ORIENTED_EDGE('',*,*,#4928,.F.);
#6731=ORIENTED_EDGE('',*,*,#4870,.F.);
#6732=ORIENTED_EDGE('',*,*,#4867,.F.);
#6733=ORIENTED_EDGE('',*,*,#4929,.F.);
#6734=ORIENTED_EDGE('',*,*,#4930,.F.);
#6735=ORIENTED_EDGE('',*,*,#4931,.F.);
#6736=ORIENTED_EDGE('',*,*,#4932,.T.);
#6737=ORIENTED_EDGE('',*,*,#4933,.F.);
#6738=ORIENTED_EDGE('',*,*,#4934,.T.);
#6739=ORIENTED_EDGE('',*,*,#4924,.T.);
#6740=ORIENTED_EDGE('',*,*,#4935,.F.);
#6741=ORIENTED_EDGE('',*,*,#4936,.F.);
#6742=ORIENTED_EDGE('',*,*,#4909,.T.);
#6743=ORIENTED_EDGE('',*,*,#4937,.T.);
#6744=ORIENTED_EDGE('',*,*,#4938,.F.);
#6745=ORIENTED_EDGE('',*,*,#4939,.F.);
#6746=ORIENTED_EDGE('',*,*,#4910,.T.);
#6747=ORIENTED_EDGE('',*,*,#4936,.T.);
#6748=ORIENTED_EDGE('',*,*,#4940,.T.);
#6749=ORIENTED_EDGE('',*,*,#4941,.F.);
#6750=ORIENTED_EDGE('',*,*,#4911,.F.);
#6751=ORIENTED_EDGE('',*,*,#4939,.T.);
#6752=ORIENTED_EDGE('',*,*,#4942,.F.);
#6753=ORIENTED_EDGE('',*,*,#4943,.F.);
#6754=ORIENTED_EDGE('',*,*,#4912,.T.);
#6755=ORIENTED_EDGE('',*,*,#4941,.T.);
#6756=ORIENTED_EDGE('',*,*,#4944,.F.);
#6757=ORIENTED_EDGE('',*,*,#4945,.F.);
#6758=ORIENTED_EDGE('',*,*,#4913,.T.);
#6759=ORIENTED_EDGE('',*,*,#4943,.T.);
#6760=ORIENTED_EDGE('',*,*,#4946,.F.);
#6761=ORIENTED_EDGE('',*,*,#4947,.F.);
#6762=ORIENTED_EDGE('',*,*,#4914,.T.);
#6763=ORIENTED_EDGE('',*,*,#4945,.T.);
#6764=ORIENTED_EDGE('',*,*,#4948,.F.);
#6765=ORIENTED_EDGE('',*,*,#4949,.T.);
#6766=ORIENTED_EDGE('',*,*,#4915,.T.);
#6767=ORIENTED_EDGE('',*,*,#4947,.T.);
#6768=ORIENTED_EDGE('',*,*,#4881,.F.);
#6769=ORIENTED_EDGE('',*,*,#4950,.T.);
#6770=ORIENTED_EDGE('',*,*,#4951,.T.);
#6771=ORIENTED_EDGE('',*,*,#4952,.T.);
#6772=ORIENTED_EDGE('',*,*,#4953,.F.);
#6773=ORIENTED_EDGE('',*,*,#4954,.F.);
#6774=ORIENTED_EDGE('',*,*,#4955,.T.);
#6775=ORIENTED_EDGE('',*,*,#4883,.T.);
#6776=ORIENTED_EDGE('',*,*,#4956,.T.);
#6777=ORIENTED_EDGE('',*,*,#4957,.F.);
#6778=ORIENTED_EDGE('',*,*,#4958,.T.);
#6779=ORIENTED_EDGE('',*,*,#4931,.T.);
#6780=ORIENTED_EDGE('',*,*,#4959,.F.);
#6781=ORIENTED_EDGE('',*,*,#4960,.T.);
#6782=ORIENTED_EDGE('',*,*,#4933,.T.);
#6783=ORIENTED_EDGE('',*,*,#4961,.T.);
#6784=ORIENTED_EDGE('',*,*,#4901,.F.);
#6785=ORIENTED_EDGE('',*,*,#4962,.T.);
#6786=ORIENTED_EDGE('',*,*,#4963,.T.);
#6787=ORIENTED_EDGE('',*,*,#4964,.F.);
#6788=ORIENTED_EDGE('',*,*,#4965,.T.);
#6789=ORIENTED_EDGE('',*,*,#4966,.F.);
#6790=ORIENTED_EDGE('',*,*,#4902,.F.);
#6791=ORIENTED_EDGE('',*,*,#4964,.T.);
#6792=ORIENTED_EDGE('',*,*,#4967,.T.);
#6793=ORIENTED_EDGE('',*,*,#4968,.F.);
#6794=ORIENTED_EDGE('',*,*,#4903,.F.);
#6795=ORIENTED_EDGE('',*,*,#4966,.T.);
#6796=ORIENTED_EDGE('',*,*,#4969,.T.);
#6797=ORIENTED_EDGE('',*,*,#4970,.F.);
#6798=ORIENTED_EDGE('',*,*,#4904,.F.);
#6799=ORIENTED_EDGE('',*,*,#4968,.T.);
#6800=ORIENTED_EDGE('',*,*,#4971,.F.);
#6801=ORIENTED_EDGE('',*,*,#4972,.F.);
#6802=ORIENTED_EDGE('',*,*,#4905,.T.);
#6803=ORIENTED_EDGE('',*,*,#4970,.T.);
#6804=ORIENTED_EDGE('',*,*,#4973,.T.);
#6805=ORIENTED_EDGE('',*,*,#4974,.F.);
#6806=ORIENTED_EDGE('',*,*,#4906,.F.);
#6807=ORIENTED_EDGE('',*,*,#4972,.T.);
#6808=ORIENTED_EDGE('',*,*,#4975,.T.);
#6809=ORIENTED_EDGE('',*,*,#4976,.F.);
#6810=ORIENTED_EDGE('',*,*,#4907,.F.);
#6811=ORIENTED_EDGE('',*,*,#4974,.T.);
#6812=ORIENTED_EDGE('',*,*,#4977,.T.);
#6813=ORIENTED_EDGE('',*,*,#4937,.F.);
#6814=ORIENTED_EDGE('',*,*,#4908,.F.);
#6815=ORIENTED_EDGE('',*,*,#4976,.T.);
#6816=ORIENTED_EDGE('',*,*,#4891,.F.);
#6817=ORIENTED_EDGE('',*,*,#4978,.T.);
#6818=ORIENTED_EDGE('',*,*,#4948,.T.);
#6819=ORIENTED_EDGE('',*,*,#4946,.T.);
#6820=ORIENTED_EDGE('',*,*,#4944,.T.);
#6821=ORIENTED_EDGE('',*,*,#4942,.T.);
#6822=ORIENTED_EDGE('',*,*,#4940,.F.);
#6823=ORIENTED_EDGE('',*,*,#4938,.T.);
#6824=ORIENTED_EDGE('',*,*,#4935,.T.);
#6825=ORIENTED_EDGE('',*,*,#4977,.F.);
#6826=ORIENTED_EDGE('',*,*,#4975,.F.);
#6827=ORIENTED_EDGE('',*,*,#4973,.F.);
#6828=ORIENTED_EDGE('',*,*,#4971,.T.);
#6829=ORIENTED_EDGE('',*,*,#4969,.F.);
#6830=ORIENTED_EDGE('',*,*,#4967,.F.);
#6831=ORIENTED_EDGE('',*,*,#4965,.F.);
#6832=ORIENTED_EDGE('',*,*,#4963,.F.);
#6833=ORIENTED_EDGE('',*,*,#4979,.T.);
#6834=ORIENTED_EDGE('',*,*,#4926,.F.);
#6835=ORIENTED_EDGE('',*,*,#4980,.T.);
#6836=ORIENTED_EDGE('',*,*,#4959,.T.);
#6837=ORIENTED_EDGE('',*,*,#4981,.T.);
#6838=ORIENTED_EDGE('',*,*,#4957,.T.);
#6839=ORIENTED_EDGE('',*,*,#4982,.T.);
#6840=ORIENTED_EDGE('',*,*,#4951,.F.);
#6841=ORIENTED_EDGE('',*,*,#4983,.T.);
#6842=ORIENTED_EDGE('',*,*,#4866,.T.);
#6843=ORIENTED_EDGE('',*,*,#4869,.T.);
#6844=ORIENTED_EDGE('',*,*,#4863,.F.);
#6845=ORIENTED_EDGE('',*,*,#4882,.F.);
#6846=ORIENTED_EDGE('',*,*,#4952,.F.);
#6847=ORIENTED_EDGE('',*,*,#4982,.F.);
#6848=ORIENTED_EDGE('',*,*,#4956,.F.);
#6849=ORIENTED_EDGE('',*,*,#4932,.F.);
#6850=ORIENTED_EDGE('',*,*,#4958,.F.);
#6851=ORIENTED_EDGE('',*,*,#4981,.F.);
#6852=ORIENTED_EDGE('',*,*,#4961,.F.);
#6853=ORIENTED_EDGE('',*,*,#4916,.F.);
#6854=ORIENTED_EDGE('',*,*,#4949,.F.);
#6855=ORIENTED_EDGE('',*,*,#4978,.F.);
#6856=ORIENTED_EDGE('',*,*,#4890,.F.);
#6857=ORIENTED_EDGE('',*,*,#4880,.F.);
#6858=ORIENTED_EDGE('',*,*,#4892,.F.);
#6859=ORIENTED_EDGE('',*,*,#4983,.F.);
#6860=ORIENTED_EDGE('',*,*,#4950,.F.);
#6861=ORIENTED_EDGE('',*,*,#4900,.F.);
#6862=ORIENTED_EDGE('',*,*,#4927,.F.);
#6863=ORIENTED_EDGE('',*,*,#4979,.F.);
#6864=ORIENTED_EDGE('',*,*,#4962,.F.);
#6865=ORIENTED_EDGE('',*,*,#4934,.F.);
#6866=ORIENTED_EDGE('',*,*,#4960,.F.);
#6867=ORIENTED_EDGE('',*,*,#4980,.F.);
#6868=ORIENTED_EDGE('',*,*,#4925,.F.);
#6869=ORIENTED_EDGE('',*,*,#4930,.T.);
#6870=ORIENTED_EDGE('',*,*,#4984,.F.);
#6871=ORIENTED_EDGE('',*,*,#4985,.F.);
#6872=ORIENTED_EDGE('',*,*,#4953,.T.);
#6873=ORIENTED_EDGE('',*,*,#4884,.F.);
#6874=ORIENTED_EDGE('',*,*,#4955,.F.);
#6875=ORIENTED_EDGE('',*,*,#4986,.T.);
#6876=ORIENTED_EDGE('',*,*,#4987,.T.);
#6877=ORIENTED_EDGE('',*,*,#4885,.T.);
#6878=ORIENTED_EDGE('',*,*,#4987,.F.);
#6879=ORIENTED_EDGE('',*,*,#4988,.F.);
#6880=ORIENTED_EDGE('',*,*,#4854,.T.);
#6881=ORIENTED_EDGE('',*,*,#4894,.F.);
#6882=ORIENTED_EDGE('',*,*,#4856,.F.);
#6883=ORIENTED_EDGE('',*,*,#4989,.T.);
#6884=ORIENTED_EDGE('',*,*,#4875,.T.);
#6885=ORIENTED_EDGE('',*,*,#4929,.T.);
#6886=ORIENTED_EDGE('',*,*,#4877,.F.);
#6887=ORIENTED_EDGE('',*,*,#4990,.F.);
#6888=ORIENTED_EDGE('',*,*,#4984,.T.);
#6889=ORIENTED_EDGE('',*,*,#4985,.T.);
#6890=ORIENTED_EDGE('',*,*,#4990,.T.);
#6891=ORIENTED_EDGE('',*,*,#4876,.T.);
#6892=ORIENTED_EDGE('',*,*,#4989,.F.);
#6893=ORIENTED_EDGE('',*,*,#4855,.T.);
#6894=ORIENTED_EDGE('',*,*,#4988,.T.);
#6895=ORIENTED_EDGE('',*,*,#4986,.F.);
#6896=ORIENTED_EDGE('',*,*,#4954,.T.);
#6897=ORIENTED_EDGE('',*,*,#4864,.T.);
#6898=ORIENTED_EDGE('',*,*,#4897,.F.);
#6899=ORIENTED_EDGE('',*,*,#4850,.F.);
#6900=ORIENTED_EDGE('',*,*,#4991,.T.);
#6901=ORIENTED_EDGE('',*,*,#4992,.T.);
#6902=ORIENTED_EDGE('',*,*,#4898,.F.);
#6903=ORIENTED_EDGE('',*,*,#4992,.F.);
#6904=ORIENTED_EDGE('',*,*,#4993,.T.);
#6905=ORIENTED_EDGE('',*,*,#4921,.T.);
#6906=ORIENTED_EDGE('',*,*,#4928,.T.);
#6907=ORIENTED_EDGE('',*,*,#4923,.F.);
#6908=ORIENTED_EDGE('',*,*,#4994,.F.);
#6909=ORIENTED_EDGE('',*,*,#4871,.T.);
#6910=ORIENTED_EDGE('',*,*,#4895,.F.);
#6911=ORIENTED_EDGE('',*,*,#4873,.F.);
#6912=ORIENTED_EDGE('',*,*,#4995,.T.);
#6913=ORIENTED_EDGE('',*,*,#4996,.T.);
#6914=ORIENTED_EDGE('',*,*,#4896,.T.);
#6915=ORIENTED_EDGE('',*,*,#4996,.F.);
#6916=ORIENTED_EDGE('',*,*,#4997,.F.);
#6917=ORIENTED_EDGE('',*,*,#4852,.T.);
#6918=ORIENTED_EDGE('',*,*,#4991,.F.);
#6919=ORIENTED_EDGE('',*,*,#4849,.T.);
#6920=ORIENTED_EDGE('',*,*,#4997,.T.);
#6921=ORIENTED_EDGE('',*,*,#4995,.F.);
#6922=ORIENTED_EDGE('',*,*,#4872,.T.);
#6923=ORIENTED_EDGE('',*,*,#4994,.T.);
#6924=ORIENTED_EDGE('',*,*,#4922,.T.);
#6925=ORIENTED_EDGE('',*,*,#4993,.F.);
#6926=ORIENTED_EDGE('',*,*,#4919,.F.);
#6927=ORIENTED_EDGE('',*,*,#4998,.F.);
#6928=ORIENTED_EDGE('',*,*,#4999,.T.);
#6929=ORIENTED_EDGE('',*,*,#5000,.T.);
#6930=ORIENTED_EDGE('',*,*,#4920,.F.);
#6931=ORIENTED_EDGE('',*,*,#5000,.F.);
#6932=ORIENTED_EDGE('',*,*,#5001,.T.);
#6933=ORIENTED_EDGE('',*,*,#5002,.T.);
#6934=ORIENTED_EDGE('',*,*,#4893,.T.);
#6935=ORIENTED_EDGE('',*,*,#5002,.F.);
#6936=ORIENTED_EDGE('',*,*,#5003,.F.);
#6937=ORIENTED_EDGE('',*,*,#4858,.T.);
#6938=ORIENTED_EDGE('',*,*,#4878,.F.);
#6939=ORIENTED_EDGE('',*,*,#4860,.F.);
#6940=ORIENTED_EDGE('',*,*,#5004,.T.);
#6941=ORIENTED_EDGE('',*,*,#4886,.T.);
#6942=ORIENTED_EDGE('',*,*,#4917,.T.);
#6943=ORIENTED_EDGE('',*,*,#4888,.F.);
#6944=ORIENTED_EDGE('',*,*,#5005,.F.);
#6945=ORIENTED_EDGE('',*,*,#5006,.T.);
#6946=ORIENTED_EDGE('',*,*,#4918,.T.);
#6947=ORIENTED_EDGE('',*,*,#5006,.F.);
#6948=ORIENTED_EDGE('',*,*,#5007,.F.);
#6949=ORIENTED_EDGE('',*,*,#4998,.T.);
#6950=ORIENTED_EDGE('',*,*,#4999,.F.);
#6951=ORIENTED_EDGE('',*,*,#5007,.T.);
#6952=ORIENTED_EDGE('',*,*,#5005,.T.);
#6953=ORIENTED_EDGE('',*,*,#4887,.T.);
#6954=ORIENTED_EDGE('',*,*,#5004,.F.);
#6955=ORIENTED_EDGE('',*,*,#4859,.T.);
#6956=ORIENTED_EDGE('',*,*,#5003,.T.);
#6957=ORIENTED_EDGE('',*,*,#5001,.F.);
#6958=ORIENTED_EDGE('',*,*,#5008,.F.);
#6959=ORIENTED_EDGE('',*,*,#5009,.T.);
#6960=ORIENTED_EDGE('',*,*,#5010,.T.);
#6961=ORIENTED_EDGE('',*,*,#5009,.F.);
#6962=ORIENTED_EDGE('',*,*,#5011,.F.);
#6963=ORIENTED_EDGE('',*,*,#5012,.T.);
#6964=ORIENTED_EDGE('',*,*,#5013,.T.);
#6965=ORIENTED_EDGE('',*,*,#5014,.F.);
#6966=ORIENTED_EDGE('',*,*,#5015,.T.);
#6967=ORIENTED_EDGE('',*,*,#5016,.F.);
#6968=ORIENTED_EDGE('',*,*,#5017,.F.);
#6969=ORIENTED_EDGE('',*,*,#5018,.T.);
#6970=ORIENTED_EDGE('',*,*,#5019,.T.);
#6971=ORIENTED_EDGE('',*,*,#5018,.F.);
#6972=ORIENTED_EDGE('',*,*,#5020,.F.);
#6973=ORIENTED_EDGE('',*,*,#5021,.F.);
#6974=ORIENTED_EDGE('',*,*,#5022,.T.);
#6975=ORIENTED_EDGE('',*,*,#5023,.F.);
#6976=ORIENTED_EDGE('',*,*,#5024,.F.);
#6977=ORIENTED_EDGE('',*,*,#5025,.F.);
#6978=ORIENTED_EDGE('',*,*,#5026,.T.);
#6979=ORIENTED_EDGE('',*,*,#5027,.F.);
#6980=ORIENTED_EDGE('',*,*,#5028,.F.);
#6981=ORIENTED_EDGE('',*,*,#5029,.F.);
#6982=ORIENTED_EDGE('',*,*,#5030,.T.);
#6983=ORIENTED_EDGE('',*,*,#5031,.F.);
#6984=ORIENTED_EDGE('',*,*,#5032,.F.);
#6985=ORIENTED_EDGE('',*,*,#5033,.F.);
#6986=ORIENTED_EDGE('',*,*,#5034,.T.);
#6987=ORIENTED_EDGE('',*,*,#5035,.F.);
#6988=ORIENTED_EDGE('',*,*,#5036,.F.);
#6989=ORIENTED_EDGE('',*,*,#5037,.F.);
#6990=ORIENTED_EDGE('',*,*,#5038,.T.);
#6991=ORIENTED_EDGE('',*,*,#5039,.F.);
#6992=ORIENTED_EDGE('',*,*,#5040,.F.);
#6993=ORIENTED_EDGE('',*,*,#5041,.F.);
#6994=ORIENTED_EDGE('',*,*,#5042,.T.);
#6995=ORIENTED_EDGE('',*,*,#5014,.T.);
#6996=ORIENTED_EDGE('',*,*,#5043,.F.);
#6997=ORIENTED_EDGE('',*,*,#5044,.F.);
#6998=ORIENTED_EDGE('',*,*,#5045,.F.);
#6999=ORIENTED_EDGE('',*,*,#5012,.F.);
#7000=ORIENTED_EDGE('',*,*,#5046,.T.);
#7001=ORIENTED_EDGE('',*,*,#5047,.T.);
#7002=ORIENTED_EDGE('',*,*,#5048,.F.);
#7003=ORIENTED_EDGE('',*,*,#5047,.F.);
#7004=ORIENTED_EDGE('',*,*,#5049,.T.);
#7005=ORIENTED_EDGE('',*,*,#5050,.T.);
#7006=ORIENTED_EDGE('',*,*,#5051,.T.);
#7007=ORIENTED_EDGE('',*,*,#5050,.F.);
#7008=ORIENTED_EDGE('',*,*,#5052,.F.);
#7009=ORIENTED_EDGE('',*,*,#5016,.T.);
#7010=ORIENTED_EDGE('',*,*,#5036,.T.);
#7011=ORIENTED_EDGE('',*,*,#5053,.F.);
#7012=ORIENTED_EDGE('',*,*,#5032,.T.);
#7013=ORIENTED_EDGE('',*,*,#5054,.F.);
#7014=ORIENTED_EDGE('',*,*,#5026,.F.);
#7015=ORIENTED_EDGE('',*,*,#5055,.F.);
#7016=ORIENTED_EDGE('',*,*,#5022,.F.);
#7017=ORIENTED_EDGE('',*,*,#5056,.F.);
#7018=ORIENTED_EDGE('',*,*,#5020,.T.);
#7019=ORIENTED_EDGE('',*,*,#5017,.T.);
#7020=ORIENTED_EDGE('',*,*,#5052,.T.);
#7021=ORIENTED_EDGE('',*,*,#5049,.F.);
#7022=ORIENTED_EDGE('',*,*,#5046,.F.);
#7023=ORIENTED_EDGE('',*,*,#5011,.T.);
#7024=ORIENTED_EDGE('',*,*,#5042,.F.);
#7025=ORIENTED_EDGE('',*,*,#5057,.F.);
#7026=ORIENTED_EDGE('',*,*,#5038,.F.);
#7027=ORIENTED_EDGE('',*,*,#5058,.F.);
#7028=ORIENTED_EDGE('',*,*,#5008,.T.);
#7029=ORIENTED_EDGE('',*,*,#5040,.T.);
#7030=ORIENTED_EDGE('',*,*,#5059,.F.);
#7031=ORIENTED_EDGE('',*,*,#5043,.T.);
#7032=ORIENTED_EDGE('',*,*,#5013,.F.);
#7033=ORIENTED_EDGE('',*,*,#5045,.T.);
#7034=ORIENTED_EDGE('',*,*,#5048,.T.);
#7035=ORIENTED_EDGE('',*,*,#5051,.F.);
#7036=ORIENTED_EDGE('',*,*,#5015,.F.);
#7037=ORIENTED_EDGE('',*,*,#5019,.F.);
#7038=ORIENTED_EDGE('',*,*,#5060,.F.);
#7039=ORIENTED_EDGE('',*,*,#5024,.T.);
#7040=ORIENTED_EDGE('',*,*,#5061,.F.);
#7041=ORIENTED_EDGE('',*,*,#5028,.T.);
#7042=ORIENTED_EDGE('',*,*,#5062,.F.);
#7043=ORIENTED_EDGE('',*,*,#5030,.F.);
#7044=ORIENTED_EDGE('',*,*,#5063,.F.);
#7045=ORIENTED_EDGE('',*,*,#5034,.F.);
#7046=ORIENTED_EDGE('',*,*,#5064,.F.);
#7047=ORIENTED_EDGE('',*,*,#5010,.F.);
#7048=ORIENTED_EDGE('',*,*,#5053,.T.);
#7049=ORIENTED_EDGE('',*,*,#5035,.T.);
#7050=ORIENTED_EDGE('',*,*,#5063,.T.);
#7051=ORIENTED_EDGE('',*,*,#5033,.T.);
#7052=ORIENTED_EDGE('',*,*,#5054,.T.);
#7053=ORIENTED_EDGE('',*,*,#5031,.T.);
#7054=ORIENTED_EDGE('',*,*,#5062,.T.);
#7055=ORIENTED_EDGE('',*,*,#5027,.T.);
#7056=ORIENTED_EDGE('',*,*,#5058,.T.);
#7057=ORIENTED_EDGE('',*,*,#5041,.T.);
#7058=ORIENTED_EDGE('',*,*,#5064,.T.);
#7059=ORIENTED_EDGE('',*,*,#5037,.T.);
#7060=ORIENTED_EDGE('',*,*,#5057,.T.);
#7061=ORIENTED_EDGE('',*,*,#5044,.T.);
#7062=ORIENTED_EDGE('',*,*,#5059,.T.);
#7063=ORIENTED_EDGE('',*,*,#5039,.T.);
#7064=ORIENTED_EDGE('',*,*,#5056,.T.);
#7065=ORIENTED_EDGE('',*,*,#5025,.T.);
#7066=ORIENTED_EDGE('',*,*,#5060,.T.);
#7067=ORIENTED_EDGE('',*,*,#5021,.T.);
#7068=ORIENTED_EDGE('',*,*,#5055,.T.);
#7069=ORIENTED_EDGE('',*,*,#5029,.T.);
#7070=ORIENTED_EDGE('',*,*,#5061,.T.);
#7071=ORIENTED_EDGE('',*,*,#5023,.T.);
#7072=ORIENTED_EDGE('',*,*,#5065,.T.);
#7073=ORIENTED_EDGE('',*,*,#5066,.T.);
#7074=ORIENTED_EDGE('',*,*,#5067,.F.);
#7075=ORIENTED_EDGE('',*,*,#5068,.F.);
#7076=ORIENTED_EDGE('',*,*,#5069,.T.);
#7077=ORIENTED_EDGE('',*,*,#5070,.T.);
#7078=ORIENTED_EDGE('',*,*,#5071,.F.);
#7079=ORIENTED_EDGE('',*,*,#5070,.F.);
#7080=ORIENTED_EDGE('',*,*,#5072,.T.);
#7081=ORIENTED_EDGE('',*,*,#5073,.F.);
#7082=ORIENTED_EDGE('',*,*,#5074,.T.);
#7083=ORIENTED_EDGE('',*,*,#5075,.T.);
#7084=ORIENTED_EDGE('',*,*,#5076,.T.);
#7085=ORIENTED_EDGE('',*,*,#5077,.F.);
#7086=ORIENTED_EDGE('',*,*,#5078,.T.);
#7087=ORIENTED_EDGE('',*,*,#5079,.T.);
#7088=ORIENTED_EDGE('',*,*,#5080,.T.);
#7089=ORIENTED_EDGE('',*,*,#5081,.T.);
#7090=ORIENTED_EDGE('',*,*,#5082,.T.);
#7091=ORIENTED_EDGE('',*,*,#5081,.F.);
#7092=ORIENTED_EDGE('',*,*,#5083,.F.);
#7093=ORIENTED_EDGE('',*,*,#5084,.F.);
#7094=ORIENTED_EDGE('',*,*,#5085,.T.);
#7095=ORIENTED_EDGE('',*,*,#5086,.T.);
#7096=ORIENTED_EDGE('',*,*,#5087,.F.);
#7097=ORIENTED_EDGE('',*,*,#5088,.F.);
#7098=ORIENTED_EDGE('',*,*,#5089,.T.);
#7099=ORIENTED_EDGE('',*,*,#5090,.T.);
#7100=ORIENTED_EDGE('',*,*,#5091,.F.);
#7101=ORIENTED_EDGE('',*,*,#5092,.T.);
#7102=ORIENTED_EDGE('',*,*,#5093,.T.);
#7103=ORIENTED_EDGE('',*,*,#5092,.F.);
#7104=ORIENTED_EDGE('',*,*,#5069,.F.);
#7105=ORIENTED_EDGE('',*,*,#5094,.T.);
#7106=ORIENTED_EDGE('',*,*,#5095,.F.);
#7107=ORIENTED_EDGE('',*,*,#5096,.T.);
#7108=ORIENTED_EDGE('',*,*,#5097,.F.);
#7109=ORIENTED_EDGE('',*,*,#5098,.F.);
#7110=ORIENTED_EDGE('',*,*,#5099,.F.);
#7111=ORIENTED_EDGE('',*,*,#5100,.F.);
#7112=ORIENTED_EDGE('',*,*,#5101,.F.);
#7113=ORIENTED_EDGE('',*,*,#5072,.F.);
#7114=ORIENTED_EDGE('',*,*,#5102,.T.);
#7115=ORIENTED_EDGE('',*,*,#5100,.T.);
#7116=ORIENTED_EDGE('',*,*,#5103,.F.);
#7117=ORIENTED_EDGE('',*,*,#5104,.F.);
#7118=ORIENTED_EDGE('',*,*,#5105,.F.);
#7119=ORIENTED_EDGE('',*,*,#5106,.T.);
#7120=ORIENTED_EDGE('',*,*,#5107,.F.);
#7121=ORIENTED_EDGE('',*,*,#5108,.T.);
#7122=ORIENTED_EDGE('',*,*,#5109,.T.);
#7123=ORIENTED_EDGE('',*,*,#5110,.F.);
#7124=ORIENTED_EDGE('',*,*,#5111,.F.);
#7125=ORIENTED_EDGE('',*,*,#5112,.T.);
#7126=ORIENTED_EDGE('',*,*,#5113,.T.);
#7127=ORIENTED_EDGE('',*,*,#5106,.F.);
#7128=ORIENTED_EDGE('',*,*,#5114,.F.);
#7129=ORIENTED_EDGE('',*,*,#5115,.T.);
#7130=ORIENTED_EDGE('',*,*,#5116,.T.);
#7131=ORIENTED_EDGE('',*,*,#5117,.T.);
#7132=ORIENTED_EDGE('',*,*,#5118,.T.);
#7133=ORIENTED_EDGE('',*,*,#5119,.F.);
#7134=ORIENTED_EDGE('',*,*,#5120,.T.);
#7135=ORIENTED_EDGE('',*,*,#5121,.T.);
#7136=ORIENTED_EDGE('',*,*,#5122,.F.);
#7137=ORIENTED_EDGE('',*,*,#5123,.F.);
#7138=ORIENTED_EDGE('',*,*,#5124,.F.);
#7139=ORIENTED_EDGE('',*,*,#5125,.T.);
#7140=ORIENTED_EDGE('',*,*,#5126,.F.);
#7141=ORIENTED_EDGE('',*,*,#5127,.F.);
#7142=ORIENTED_EDGE('',*,*,#5128,.F.);
#7143=ORIENTED_EDGE('',*,*,#5129,.F.);
#7144=ORIENTED_EDGE('',*,*,#5130,.F.);
#7145=ORIENTED_EDGE('',*,*,#5131,.F.);
#7146=ORIENTED_EDGE('',*,*,#5132,.F.);
#7147=ORIENTED_EDGE('',*,*,#5133,.F.);
#7148=ORIENTED_EDGE('',*,*,#5067,.T.);
#7149=ORIENTED_EDGE('',*,*,#5134,.T.);
#7150=ORIENTED_EDGE('',*,*,#5135,.F.);
#7151=ORIENTED_EDGE('',*,*,#5087,.T.);
#7152=ORIENTED_EDGE('',*,*,#5136,.F.);
#7153=ORIENTED_EDGE('',*,*,#5076,.F.);
#7154=ORIENTED_EDGE('',*,*,#5137,.T.);
#7155=ORIENTED_EDGE('',*,*,#5131,.T.);
#7156=ORIENTED_EDGE('',*,*,#5138,.F.);
#7157=ORIENTED_EDGE('',*,*,#5139,.F.);
#7158=ORIENTED_EDGE('',*,*,#5140,.F.);
#7159=ORIENTED_EDGE('',*,*,#5141,.T.);
#7160=ORIENTED_EDGE('',*,*,#5142,.F.);
#7161=ORIENTED_EDGE('',*,*,#5143,.T.);
#7162=ORIENTED_EDGE('',*,*,#5144,.T.);
#7163=ORIENTED_EDGE('',*,*,#5141,.F.);
#7164=ORIENTED_EDGE('',*,*,#5145,.F.);
#7165=ORIENTED_EDGE('',*,*,#5146,.T.);
#7166=ORIENTED_EDGE('',*,*,#5147,.F.);
#7167=ORIENTED_EDGE('',*,*,#5148,.T.);
#7168=ORIENTED_EDGE('',*,*,#5149,.T.);
#7169=ORIENTED_EDGE('',*,*,#5150,.T.);
#7170=ORIENTED_EDGE('',*,*,#5083,.T.);
#7171=ORIENTED_EDGE('',*,*,#5091,.T.);
#7172=ORIENTED_EDGE('',*,*,#5151,.T.);
#7173=ORIENTED_EDGE('',*,*,#5152,.F.);
#7174=ORIENTED_EDGE('',*,*,#5121,.F.);
#7175=ORIENTED_EDGE('',*,*,#5153,.T.);
#7176=ORIENTED_EDGE('',*,*,#5154,.T.);
#7177=ORIENTED_EDGE('',*,*,#5153,.F.);
#7178=ORIENTED_EDGE('',*,*,#5120,.F.);
#7179=ORIENTED_EDGE('',*,*,#5155,.T.);
#7180=ORIENTED_EDGE('',*,*,#5156,.F.);
#7181=ORIENTED_EDGE('',*,*,#5155,.F.);
#7182=ORIENTED_EDGE('',*,*,#5119,.T.);
#7183=ORIENTED_EDGE('',*,*,#5157,.T.);
#7184=ORIENTED_EDGE('',*,*,#5158,.T.);
#7185=ORIENTED_EDGE('',*,*,#5157,.F.);
#7186=ORIENTED_EDGE('',*,*,#5118,.F.);
#7187=ORIENTED_EDGE('',*,*,#5159,.T.);
#7188=ORIENTED_EDGE('',*,*,#5160,.T.);
#7189=ORIENTED_EDGE('',*,*,#5159,.F.);
#7190=ORIENTED_EDGE('',*,*,#5117,.F.);
#7191=ORIENTED_EDGE('',*,*,#5161,.T.);
#7192=ORIENTED_EDGE('',*,*,#5162,.T.);
#7193=ORIENTED_EDGE('',*,*,#5161,.F.);
#7194=ORIENTED_EDGE('',*,*,#5116,.F.);
#7195=ORIENTED_EDGE('',*,*,#5163,.T.);
#7196=ORIENTED_EDGE('',*,*,#5164,.T.);
#7197=ORIENTED_EDGE('',*,*,#5163,.F.);
#7198=ORIENTED_EDGE('',*,*,#5115,.F.);
#7199=ORIENTED_EDGE('',*,*,#5165,.F.);
#7200=ORIENTED_EDGE('',*,*,#5098,.T.);
#7201=ORIENTED_EDGE('',*,*,#5166,.F.);
#7202=ORIENTED_EDGE('',*,*,#5167,.F.);
#7203=ORIENTED_EDGE('',*,*,#5168,.F.);
#7204=ORIENTED_EDGE('',*,*,#5169,.T.);
#7205=ORIENTED_EDGE('',*,*,#5148,.F.);
#7206=ORIENTED_EDGE('',*,*,#5170,.F.);
#7207=ORIENTED_EDGE('',*,*,#5171,.T.);
#7208=ORIENTED_EDGE('',*,*,#5172,.F.);
#7209=ORIENTED_EDGE('',*,*,#5096,.F.);
#7210=ORIENTED_EDGE('',*,*,#5173,.F.);
#7211=ORIENTED_EDGE('',*,*,#5174,.T.);
#7212=ORIENTED_EDGE('',*,*,#5175,.T.);
#7213=ORIENTED_EDGE('',*,*,#5176,.F.);
#7214=ORIENTED_EDGE('',*,*,#5146,.F.);
#7215=ORIENTED_EDGE('',*,*,#5177,.F.);
#7216=ORIENTED_EDGE('',*,*,#5129,.T.);
#7217=ORIENTED_EDGE('',*,*,#5178,.T.);
#7218=ORIENTED_EDGE('',*,*,#5179,.F.);
#7219=ORIENTED_EDGE('',*,*,#5180,.F.);
#7220=ORIENTED_EDGE('',*,*,#5181,.F.);
#7221=ORIENTED_EDGE('',*,*,#5178,.F.);
#7222=ORIENTED_EDGE('',*,*,#5128,.T.);
#7223=ORIENTED_EDGE('',*,*,#5182,.T.);
#7224=ORIENTED_EDGE('',*,*,#5183,.F.);
#7225=ORIENTED_EDGE('',*,*,#5182,.F.);
#7226=ORIENTED_EDGE('',*,*,#5127,.T.);
#7227=ORIENTED_EDGE('',*,*,#5184,.T.);
#7228=ORIENTED_EDGE('',*,*,#5185,.F.);
#7229=ORIENTED_EDGE('',*,*,#5184,.F.);
#7230=ORIENTED_EDGE('',*,*,#5126,.T.);
#7231=ORIENTED_EDGE('',*,*,#5186,.T.);
#7232=ORIENTED_EDGE('',*,*,#5187,.T.);
#7233=ORIENTED_EDGE('',*,*,#5186,.F.);
#7234=ORIENTED_EDGE('',*,*,#5125,.F.);
#7235=ORIENTED_EDGE('',*,*,#5188,.T.);
#7236=ORIENTED_EDGE('',*,*,#5189,.F.);
#7237=ORIENTED_EDGE('',*,*,#5188,.F.);
#7238=ORIENTED_EDGE('',*,*,#5124,.T.);
#7239=ORIENTED_EDGE('',*,*,#5190,.T.);
#7240=ORIENTED_EDGE('',*,*,#5191,.F.);
#7241=ORIENTED_EDGE('',*,*,#5190,.F.);
#7242=ORIENTED_EDGE('',*,*,#5123,.T.);
#7243=ORIENTED_EDGE('',*,*,#5192,.T.);
#7244=ORIENTED_EDGE('',*,*,#5193,.F.);
#7245=ORIENTED_EDGE('',*,*,#5192,.F.);
#7246=ORIENTED_EDGE('',*,*,#5122,.T.);
#7247=ORIENTED_EDGE('',*,*,#5152,.T.);
#7248=ORIENTED_EDGE('',*,*,#5104,.T.);
#7249=ORIENTED_EDGE('',*,*,#5194,.F.);
#7250=ORIENTED_EDGE('',*,*,#5167,.T.);
#7251=ORIENTED_EDGE('',*,*,#5195,.F.);
#7252=ORIENTED_EDGE('',*,*,#5171,.F.);
#7253=ORIENTED_EDGE('',*,*,#5196,.F.);
#7254=ORIENTED_EDGE('',*,*,#5175,.F.);
#7255=ORIENTED_EDGE('',*,*,#5197,.F.);
#7256=ORIENTED_EDGE('',*,*,#5139,.T.);
#7257=ORIENTED_EDGE('',*,*,#5198,.F.);
#7258=ORIENTED_EDGE('',*,*,#5179,.T.);
#7259=ORIENTED_EDGE('',*,*,#5181,.T.);
#7260=ORIENTED_EDGE('',*,*,#5183,.T.);
#7261=ORIENTED_EDGE('',*,*,#5185,.T.);
#7262=ORIENTED_EDGE('',*,*,#5187,.F.);
#7263=ORIENTED_EDGE('',*,*,#5189,.T.);
#7264=ORIENTED_EDGE('',*,*,#5191,.T.);
#7265=ORIENTED_EDGE('',*,*,#5193,.T.);
#7266=ORIENTED_EDGE('',*,*,#5151,.F.);
#7267=ORIENTED_EDGE('',*,*,#5154,.F.);
#7268=ORIENTED_EDGE('',*,*,#5156,.T.);
#7269=ORIENTED_EDGE('',*,*,#5158,.F.);
#7270=ORIENTED_EDGE('',*,*,#5160,.F.);
#7271=ORIENTED_EDGE('',*,*,#5162,.F.);
#7272=ORIENTED_EDGE('',*,*,#5164,.F.);
#7273=ORIENTED_EDGE('',*,*,#5199,.F.);
#7274=ORIENTED_EDGE('',*,*,#5082,.F.);
#7275=ORIENTED_EDGE('',*,*,#5093,.F.);
#7276=ORIENTED_EDGE('',*,*,#5071,.T.);
#7277=ORIENTED_EDGE('',*,*,#5097,.T.);
#7278=ORIENTED_EDGE('',*,*,#5172,.T.);
#7279=ORIENTED_EDGE('',*,*,#5195,.T.);
#7280=ORIENTED_EDGE('',*,*,#5166,.T.);
#7281=ORIENTED_EDGE('',*,*,#5147,.T.);
#7282=ORIENTED_EDGE('',*,*,#5176,.T.);
#7283=ORIENTED_EDGE('',*,*,#5196,.T.);
#7284=ORIENTED_EDGE('',*,*,#5170,.T.);
#7285=ORIENTED_EDGE('',*,*,#5114,.T.);
#7286=ORIENTED_EDGE('',*,*,#5105,.T.);
#7287=ORIENTED_EDGE('',*,*,#5199,.T.);
#7288=ORIENTED_EDGE('',*,*,#5165,.T.);
#7289=ORIENTED_EDGE('',*,*,#5099,.T.);
#7290=ORIENTED_EDGE('',*,*,#5168,.T.);
#7291=ORIENTED_EDGE('',*,*,#5194,.T.);
#7292=ORIENTED_EDGE('',*,*,#5103,.T.);
#7293=ORIENTED_EDGE('',*,*,#5130,.T.);
#7294=ORIENTED_EDGE('',*,*,#5180,.T.);
#7295=ORIENTED_EDGE('',*,*,#5198,.T.);
#7296=ORIENTED_EDGE('',*,*,#5138,.T.);
#7297=ORIENTED_EDGE('',*,*,#5145,.T.);
#7298=ORIENTED_EDGE('',*,*,#5140,.T.);
#7299=ORIENTED_EDGE('',*,*,#5197,.T.);
#7300=ORIENTED_EDGE('',*,*,#5177,.T.);
#7301=ORIENTED_EDGE('',*,*,#5149,.F.);
#7302=ORIENTED_EDGE('',*,*,#5169,.F.);
#7303=ORIENTED_EDGE('',*,*,#5200,.T.);
#7304=ORIENTED_EDGE('',*,*,#5201,.T.);
#7305=ORIENTED_EDGE('',*,*,#5095,.T.);
#7306=ORIENTED_EDGE('',*,*,#5202,.F.);
#7307=ORIENTED_EDGE('',*,*,#5203,.F.);
#7308=ORIENTED_EDGE('',*,*,#5173,.T.);
#7309=ORIENTED_EDGE('',*,*,#5094,.F.);
#7310=ORIENTED_EDGE('',*,*,#5079,.F.);
#7311=ORIENTED_EDGE('',*,*,#5204,.T.);
#7312=ORIENTED_EDGE('',*,*,#5202,.T.);
#7313=ORIENTED_EDGE('',*,*,#5136,.T.);
#7314=ORIENTED_EDGE('',*,*,#5086,.F.);
#7315=ORIENTED_EDGE('',*,*,#5205,.F.);
#7316=ORIENTED_EDGE('',*,*,#5077,.T.);
#7317=ORIENTED_EDGE('',*,*,#5150,.F.);
#7318=ORIENTED_EDGE('',*,*,#5201,.F.);
#7319=ORIENTED_EDGE('',*,*,#5206,.T.);
#7320=ORIENTED_EDGE('',*,*,#5084,.T.);
#7321=ORIENTED_EDGE('',*,*,#5200,.F.);
#7322=ORIENTED_EDGE('',*,*,#5174,.F.);
#7323=ORIENTED_EDGE('',*,*,#5203,.T.);
#7324=ORIENTED_EDGE('',*,*,#5204,.F.);
#7325=ORIENTED_EDGE('',*,*,#5078,.F.);
#7326=ORIENTED_EDGE('',*,*,#5205,.T.);
#7327=ORIENTED_EDGE('',*,*,#5085,.F.);
#7328=ORIENTED_EDGE('',*,*,#5206,.F.);
#7329=ORIENTED_EDGE('',*,*,#5080,.F.);
#7330=ORIENTED_EDGE('',*,*,#5133,.T.);
#7331=ORIENTED_EDGE('',*,*,#5207,.F.);
#7332=ORIENTED_EDGE('',*,*,#5208,.F.);
#7333=ORIENTED_EDGE('',*,*,#5068,.T.);
#7334=ORIENTED_EDGE('',*,*,#5132,.T.);
#7335=ORIENTED_EDGE('',*,*,#5137,.F.);
#7336=ORIENTED_EDGE('',*,*,#5209,.F.);
#7337=ORIENTED_EDGE('',*,*,#5207,.T.);
#7338=ORIENTED_EDGE('',*,*,#5144,.F.);
#7339=ORIENTED_EDGE('',*,*,#5090,.F.);
#7340=ORIENTED_EDGE('',*,*,#5210,.T.);
#7341=ORIENTED_EDGE('',*,*,#5142,.T.);
#7342=ORIENTED_EDGE('',*,*,#5135,.T.);
#7343=ORIENTED_EDGE('',*,*,#5211,.F.);
#7344=ORIENTED_EDGE('',*,*,#5212,.F.);
#7345=ORIENTED_EDGE('',*,*,#5088,.T.);
#7346=ORIENTED_EDGE('',*,*,#5134,.F.);
#7347=ORIENTED_EDGE('',*,*,#5066,.F.);
#7348=ORIENTED_EDGE('',*,*,#5213,.T.);
#7349=ORIENTED_EDGE('',*,*,#5211,.T.);
#7350=ORIENTED_EDGE('',*,*,#5208,.T.);
#7351=ORIENTED_EDGE('',*,*,#5209,.T.);
#7352=ORIENTED_EDGE('',*,*,#5143,.F.);
#7353=ORIENTED_EDGE('',*,*,#5210,.F.);
#7354=ORIENTED_EDGE('',*,*,#5089,.F.);
#7355=ORIENTED_EDGE('',*,*,#5212,.T.);
#7356=ORIENTED_EDGE('',*,*,#5213,.F.);
#7357=ORIENTED_EDGE('',*,*,#5065,.F.);
#7358=ORIENTED_EDGE('',*,*,#5111,.T.);
#7359=ORIENTED_EDGE('',*,*,#5214,.F.);
#7360=ORIENTED_EDGE('',*,*,#5215,.F.);
#7361=ORIENTED_EDGE('',*,*,#5216,.T.);
#7362=ORIENTED_EDGE('',*,*,#5110,.T.);
#7363=ORIENTED_EDGE('',*,*,#5217,.F.);
#7364=ORIENTED_EDGE('',*,*,#5218,.F.);
#7365=ORIENTED_EDGE('',*,*,#5214,.T.);
#7366=ORIENTED_EDGE('',*,*,#5109,.F.);
#7367=ORIENTED_EDGE('',*,*,#5075,.F.);
#7368=ORIENTED_EDGE('',*,*,#5219,.T.);
#7369=ORIENTED_EDGE('',*,*,#5217,.T.);
#7370=ORIENTED_EDGE('',*,*,#5101,.T.);
#7371=ORIENTED_EDGE('',*,*,#5102,.F.);
#7372=ORIENTED_EDGE('',*,*,#5220,.F.);
#7373=ORIENTED_EDGE('',*,*,#5073,.T.);
#7374=ORIENTED_EDGE('',*,*,#5113,.F.);
#7375=ORIENTED_EDGE('',*,*,#5221,.F.);
#7376=ORIENTED_EDGE('',*,*,#5222,.T.);
#7377=ORIENTED_EDGE('',*,*,#5107,.T.);
#7378=ORIENTED_EDGE('',*,*,#5112,.F.);
#7379=ORIENTED_EDGE('',*,*,#5216,.F.);
#7380=ORIENTED_EDGE('',*,*,#5223,.T.);
#7381=ORIENTED_EDGE('',*,*,#5221,.T.);
#7382=ORIENTED_EDGE('',*,*,#5215,.T.);
#7383=ORIENTED_EDGE('',*,*,#5218,.T.);
#7384=ORIENTED_EDGE('',*,*,#5219,.F.);
#7385=ORIENTED_EDGE('',*,*,#5074,.F.);
#7386=ORIENTED_EDGE('',*,*,#5220,.T.);
#7387=ORIENTED_EDGE('',*,*,#5108,.F.);
#7388=ORIENTED_EDGE('',*,*,#5222,.F.);
#7389=ORIENTED_EDGE('',*,*,#5223,.F.);
#7390=ORIENTED_EDGE('',*,*,#5224,.T.);
#7391=ORIENTED_EDGE('',*,*,#5225,.T.);
#7392=ORIENTED_EDGE('',*,*,#5226,.T.);
#7393=ORIENTED_EDGE('',*,*,#5227,.T.);
#7394=ORIENTED_EDGE('',*,*,#5228,.T.);
#7395=ORIENTED_EDGE('',*,*,#5229,.T.);
#7396=ORIENTED_EDGE('',*,*,#5230,.T.);
#7397=ORIENTED_EDGE('',*,*,#5231,.T.);
#7398=ORIENTED_EDGE('',*,*,#5232,.T.);
#7399=ORIENTED_EDGE('',*,*,#5233,.T.);
#7400=ORIENTED_EDGE('',*,*,#5234,.T.);
#7401=ORIENTED_EDGE('',*,*,#5235,.T.);
#7402=ORIENTED_EDGE('',*,*,#5236,.T.);
#7403=ORIENTED_EDGE('',*,*,#5237,.T.);
#7404=ORIENTED_EDGE('',*,*,#5238,.T.);
#7405=ORIENTED_EDGE('',*,*,#5225,.F.);
#7406=ORIENTED_EDGE('',*,*,#5224,.F.);
#7407=ORIENTED_EDGE('',*,*,#5238,.F.);
#7408=ORIENTED_EDGE('',*,*,#5239,.T.);
#7409=ORIENTED_EDGE('',*,*,#5240,.F.);
#7410=ORIENTED_EDGE('',*,*,#5241,.F.);
#7411=ORIENTED_EDGE('',*,*,#5226,.F.);
#7412=ORIENTED_EDGE('',*,*,#5227,.F.);
#7413=ORIENTED_EDGE('',*,*,#5241,.T.);
#7414=ORIENTED_EDGE('',*,*,#5242,.F.);
#7415=ORIENTED_EDGE('',*,*,#5243,.F.);
#7416=ORIENTED_EDGE('',*,*,#5228,.F.);
#7417=ORIENTED_EDGE('',*,*,#5243,.T.);
#7418=ORIENTED_EDGE('',*,*,#5244,.F.);
#7419=ORIENTED_EDGE('',*,*,#5245,.F.);
#7420=ORIENTED_EDGE('',*,*,#5229,.F.);
#7421=ORIENTED_EDGE('',*,*,#5245,.T.);
#7422=ORIENTED_EDGE('',*,*,#5246,.F.);
#7423=ORIENTED_EDGE('',*,*,#5247,.F.);
#7424=ORIENTED_EDGE('',*,*,#5230,.F.);
#7425=ORIENTED_EDGE('',*,*,#5247,.T.);
#7426=ORIENTED_EDGE('',*,*,#5248,.F.);
#7427=ORIENTED_EDGE('',*,*,#5249,.F.);
#7428=ORIENTED_EDGE('',*,*,#5231,.F.);
#7429=ORIENTED_EDGE('',*,*,#5249,.T.);
#7430=ORIENTED_EDGE('',*,*,#5250,.F.);
#7431=ORIENTED_EDGE('',*,*,#5251,.F.);
#7432=ORIENTED_EDGE('',*,*,#5232,.F.);
#7433=ORIENTED_EDGE('',*,*,#5251,.T.);
#7434=ORIENTED_EDGE('',*,*,#5252,.F.);
#7435=ORIENTED_EDGE('',*,*,#5253,.F.);
#7436=ORIENTED_EDGE('',*,*,#5233,.F.);
#7437=ORIENTED_EDGE('',*,*,#5253,.T.);
#7438=ORIENTED_EDGE('',*,*,#5254,.F.);
#7439=ORIENTED_EDGE('',*,*,#5255,.F.);
#7440=ORIENTED_EDGE('',*,*,#5234,.F.);
#7441=ORIENTED_EDGE('',*,*,#5255,.T.);
#7442=ORIENTED_EDGE('',*,*,#5256,.F.);
#7443=ORIENTED_EDGE('',*,*,#5257,.F.);
#7444=ORIENTED_EDGE('',*,*,#5235,.F.);
#7445=ORIENTED_EDGE('',*,*,#5257,.T.);
#7446=ORIENTED_EDGE('',*,*,#5258,.F.);
#7447=ORIENTED_EDGE('',*,*,#5259,.F.);
#7448=ORIENTED_EDGE('',*,*,#5236,.F.);
#7449=ORIENTED_EDGE('',*,*,#5259,.T.);
#7450=ORIENTED_EDGE('',*,*,#5260,.F.);
#7451=ORIENTED_EDGE('',*,*,#5261,.F.);
#7452=ORIENTED_EDGE('',*,*,#5237,.F.);
#7453=ORIENTED_EDGE('',*,*,#5261,.T.);
#7454=ORIENTED_EDGE('',*,*,#5262,.F.);
#7455=ORIENTED_EDGE('',*,*,#5239,.F.);
#7456=ORIENTED_EDGE('',*,*,#5240,.T.);
#7457=ORIENTED_EDGE('',*,*,#5262,.T.);
#7458=ORIENTED_EDGE('',*,*,#5260,.T.);
#7459=ORIENTED_EDGE('',*,*,#5258,.T.);
#7460=ORIENTED_EDGE('',*,*,#5256,.T.);
#7461=ORIENTED_EDGE('',*,*,#5254,.T.);
#7462=ORIENTED_EDGE('',*,*,#5252,.T.);
#7463=ORIENTED_EDGE('',*,*,#5250,.T.);
#7464=ORIENTED_EDGE('',*,*,#5248,.T.);
#7465=ORIENTED_EDGE('',*,*,#5246,.T.);
#7466=ORIENTED_EDGE('',*,*,#5244,.T.);
#7467=ORIENTED_EDGE('',*,*,#5242,.T.);
#7468=ORIENTED_EDGE('',*,*,#5263,.F.);
#7469=ORIENTED_EDGE('',*,*,#5264,.T.);
#7470=ORIENTED_EDGE('',*,*,#5265,.T.);
#7471=ORIENTED_EDGE('',*,*,#5266,.T.);
#7472=ORIENTED_EDGE('',*,*,#5267,.T.);
#7473=ORIENTED_EDGE('',*,*,#5268,.T.);
#7474=ORIENTED_EDGE('',*,*,#5269,.T.);
#7475=ORIENTED_EDGE('',*,*,#5270,.T.);
#7476=ORIENTED_EDGE('',*,*,#5271,.T.);
#7477=ORIENTED_EDGE('',*,*,#5272,.T.);
#7478=ORIENTED_EDGE('',*,*,#5273,.T.);
#7479=ORIENTED_EDGE('',*,*,#5274,.T.);
#7480=ORIENTED_EDGE('',*,*,#5275,.T.);
#7481=ORIENTED_EDGE('',*,*,#5276,.T.);
#7482=ORIENTED_EDGE('',*,*,#5277,.T.);
#7483=ORIENTED_EDGE('',*,*,#5264,.F.);
#7484=ORIENTED_EDGE('',*,*,#5263,.T.);
#7485=ORIENTED_EDGE('',*,*,#5271,.F.);
#7486=ORIENTED_EDGE('',*,*,#5278,.T.);
#7487=ORIENTED_EDGE('',*,*,#5279,.T.);
#7488=ORIENTED_EDGE('',*,*,#5280,.F.);
#7489=ORIENTED_EDGE('',*,*,#5272,.F.);
#7490=ORIENTED_EDGE('',*,*,#5280,.T.);
#7491=ORIENTED_EDGE('',*,*,#5281,.T.);
#7492=ORIENTED_EDGE('',*,*,#5282,.F.);
#7493=ORIENTED_EDGE('',*,*,#5273,.F.);
#7494=ORIENTED_EDGE('',*,*,#5282,.T.);
#7495=ORIENTED_EDGE('',*,*,#5283,.T.);
#7496=ORIENTED_EDGE('',*,*,#5284,.F.);
#7497=ORIENTED_EDGE('',*,*,#5274,.F.);
#7498=ORIENTED_EDGE('',*,*,#5284,.T.);
#7499=ORIENTED_EDGE('',*,*,#5285,.T.);
#7500=ORIENTED_EDGE('',*,*,#5286,.F.);
#7501=ORIENTED_EDGE('',*,*,#5275,.F.);
#7502=ORIENTED_EDGE('',*,*,#5286,.T.);
#7503=ORIENTED_EDGE('',*,*,#5287,.T.);
#7504=ORIENTED_EDGE('',*,*,#5288,.F.);
#7505=ORIENTED_EDGE('',*,*,#5276,.F.);
#7506=ORIENTED_EDGE('',*,*,#5288,.T.);
#7507=ORIENTED_EDGE('',*,*,#5289,.T.);
#7508=ORIENTED_EDGE('',*,*,#5290,.F.);
#7509=ORIENTED_EDGE('',*,*,#5277,.F.);
#7510=ORIENTED_EDGE('',*,*,#5290,.T.);
#7511=ORIENTED_EDGE('',*,*,#5291,.T.);
#7512=ORIENTED_EDGE('',*,*,#5292,.F.);
#7513=ORIENTED_EDGE('',*,*,#5265,.F.);
#7514=ORIENTED_EDGE('',*,*,#5266,.F.);
#7515=ORIENTED_EDGE('',*,*,#5292,.T.);
#7516=ORIENTED_EDGE('',*,*,#5293,.T.);
#7517=ORIENTED_EDGE('',*,*,#5294,.F.);
#7518=ORIENTED_EDGE('',*,*,#5267,.F.);
#7519=ORIENTED_EDGE('',*,*,#5294,.T.);
#7520=ORIENTED_EDGE('',*,*,#5295,.T.);
#7521=ORIENTED_EDGE('',*,*,#5296,.F.);
#7522=ORIENTED_EDGE('',*,*,#5268,.F.);
#7523=ORIENTED_EDGE('',*,*,#5296,.T.);
#7524=ORIENTED_EDGE('',*,*,#5297,.T.);
#7525=ORIENTED_EDGE('',*,*,#5298,.F.);
#7526=ORIENTED_EDGE('',*,*,#5269,.F.);
#7527=ORIENTED_EDGE('',*,*,#5298,.T.);
#7528=ORIENTED_EDGE('',*,*,#5299,.T.);
#7529=ORIENTED_EDGE('',*,*,#5300,.F.);
#7530=ORIENTED_EDGE('',*,*,#5270,.F.);
#7531=ORIENTED_EDGE('',*,*,#5300,.T.);
#7532=ORIENTED_EDGE('',*,*,#5301,.T.);
#7533=ORIENTED_EDGE('',*,*,#5278,.F.);
#7534=ORIENTED_EDGE('',*,*,#5279,.F.);
#7535=ORIENTED_EDGE('',*,*,#5301,.F.);
#7536=ORIENTED_EDGE('',*,*,#5299,.F.);
#7537=ORIENTED_EDGE('',*,*,#5297,.F.);
#7538=ORIENTED_EDGE('',*,*,#5295,.F.);
#7539=ORIENTED_EDGE('',*,*,#5293,.F.);
#7540=ORIENTED_EDGE('',*,*,#5291,.F.);
#7541=ORIENTED_EDGE('',*,*,#5289,.F.);
#7542=ORIENTED_EDGE('',*,*,#5287,.F.);
#7543=ORIENTED_EDGE('',*,*,#5285,.F.);
#7544=ORIENTED_EDGE('',*,*,#5283,.F.);
#7545=ORIENTED_EDGE('',*,*,#5281,.F.);
#7546=CONICAL_SURFACE('',#8055,1.55162884844712,0.78539816339745);
#7547=CONICAL_SURFACE('',#8057,2.75,0.785398163397451);
#7548=CONICAL_SURFACE('',#8063,2.6,0.785398163397445);
#7549=CONICAL_SURFACE('',#8072,1.17524047358084,0.785398163397446);
#7550=CONICAL_SURFACE('',#8146,1.75,0.785398163397495);
#7551=CONICAL_SURFACE('',#8151,3.,0.785398163397476);
#7552=CONICAL_SURFACE('',#8156,1.75,0.785398163397495);
#7553=CONICAL_SURFACE('',#8161,3.,0.785398163397476);
#7554=CONICAL_SURFACE('',#8162,3.,0.785398163397476);
#7555=CONICAL_SURFACE('',#8168,1.75,0.785398163397495);
#7556=CONICAL_SURFACE('',#8171,1.75,0.785398163397495);
#7557=CONICAL_SURFACE('',#8180,3.,0.785398163397476);
#7558=CONICAL_SURFACE('',#8182,3.,0.785398163397476);
#7559=CONICAL_SURFACE('',#8188,1.75,0.785398163397495);
#7560=CONICAL_SURFACE('',#8191,1.75,0.785398163397495);
#7561=CONICAL_SURFACE('',#8200,3.,0.785398163397476);
#7562=CONICAL_SURFACE('',#8202,3.,0.785398163397476);
#7563=CONICAL_SURFACE('',#8208,1.75,0.785398163397495);
#7564=CONICAL_SURFACE('',#8211,1.75,0.785398163397495);
#7565=CONICAL_SURFACE('',#8220,3.,0.785398163397476);
#7566=CONICAL_SURFACE('',#8222,3.,0.785398163397476);
#7567=CONICAL_SURFACE('',#8228,1.75,0.785398163397495);
#7568=CONICAL_SURFACE('',#8231,1.75,0.785398163397495);
#7569=CONICAL_SURFACE('',#8241,3.,0.785398163397476);
#7570=CONICAL_SURFACE('',#8247,1.75,0.785398163397495);
#7571=CONICAL_SURFACE('',#8253,3.,0.785398163397476);
#7572=CONICAL_SURFACE('',#8254,3.,0.785398163397476);
#7573=CONICAL_SURFACE('',#8260,1.75,0.785398163397495);
#7574=CONICAL_SURFACE('',#8263,1.75,0.785398163397495);
#7575=CONICAL_SURFACE('',#8272,3.,0.785398163397476);
#7576=CONICAL_SURFACE('',#8274,3.,0.785398163397476);
#7577=CONICAL_SURFACE('',#8280,1.75,0.785398163397495);
#7578=CONICAL_SURFACE('',#8283,1.75,0.785398163397495);
#7579=CONICAL_SURFACE('',#8292,3.,0.785398163397476);
#7580=CONICAL_SURFACE('',#8384,1.5,0.785398163397448);
#7581=CONICAL_SURFACE('',#8387,1.5,0.785398163397449);
#7582=CONICAL_SURFACE('',#8400,1.5,0.785398163397448);
#7583=CONICAL_SURFACE('',#8403,1.5,0.785398163397449);
#7584=ADVANCED_FACE('',(#568),#7546,.F.);
#7585=ADVANCED_FACE('',(#569),#7547,.T.);
#7586=ADVANCED_FACE('',(#570),#496,.T.);
#7587=ADVANCED_FACE('',(#571),#7548,.T.);
#7588=ADVANCED_FACE('',(#572),#495,.F.);
#7589=ADVANCED_FACE('',(#573),#497,.T.);
#7590=ADVANCED_FACE('',(#574),#7549,.T.);
#7591=ADVANCED_FACE('',(#575),#188,.T.);
#7592=ADVANCED_FACE('',(#576,#121),#189,.T.);
#7593=ADVANCED_FACE('',(#577,#122),#190,.T.);
#7594=ADVANCED_FACE('',(#578),#191,.F.);
#7595=ADVANCED_FACE('',(#579),#192,.F.);
#7596=ADVANCED_FACE('',(#580),#193,.F.);
#7597=ADVANCED_FACE('',(#581),#194,.F.);
#7598=ADVANCED_FACE('',(#582),#195,.F.);
#7599=ADVANCED_FACE('',(#583),#196,.F.);
#7600=ADVANCED_FACE('',(#584),#197,.F.);
#7601=ADVANCED_FACE('',(#585),#198,.T.);
#7602=ADVANCED_FACE('',(#586,#123,#124,#125,#126,#127,#128,#129,#130,#131,
#132,#133,#134,#135,#136,#137),#199,.T.);
#7603=ADVANCED_FACE('',(#587),#200,.T.);
#7604=ADVANCED_FACE('',(#588),#201,.T.);
#7605=ADVANCED_FACE('',(#589),#202,.T.);
#7606=ADVANCED_FACE('',(#590),#498,.F.);
#7607=ADVANCED_FACE('',(#591),#499,.F.);
#7608=ADVANCED_FACE('',(#592),#203,.T.);
#7609=ADVANCED_FACE('',(#593),#204,.T.);
#7610=ADVANCED_FACE('',(#594),#205,.T.);
#7611=ADVANCED_FACE('',(#595),#206,.T.);
#7612=ADVANCED_FACE('',(#596),#207,.T.);
#7613=ADVANCED_FACE('',(#597),#208,.T.);
#7614=ADVANCED_FACE('',(#598),#500,.F.);
#7615=ADVANCED_FACE('',(#599),#501,.F.);
#7616=ADVANCED_FACE('',(#600),#209,.T.);
#7617=ADVANCED_FACE('',(#601),#210,.T.);
#7618=ADVANCED_FACE('',(#602),#211,.T.);
#7619=ADVANCED_FACE('',(#603),#212,.T.);
#7620=ADVANCED_FACE('',(#604,#138,#139,#140,#141,#142,#143,#144,#145,#146,
#147,#148,#149,#150,#151,#152),#213,.T.);
#7621=ADVANCED_FACE('',(#605),#502,.F.);
#7622=ADVANCED_FACE('',(#606),#7550,.F.);
#7623=ADVANCED_FACE('',(#607,#153),#214,.F.);
#7624=ADVANCED_FACE('',(#608),#503,.F.);
#7625=ADVANCED_FACE('',(#609),#7551,.F.);
#7626=ADVANCED_FACE('',(#610),#504,.F.);
#7627=ADVANCED_FACE('',(#611),#7552,.F.);
#7628=ADVANCED_FACE('',(#612,#154),#215,.F.);
#7629=ADVANCED_FACE('',(#613),#505,.F.);
#7630=ADVANCED_FACE('',(#614),#7553,.F.);
#7631=ADVANCED_FACE('',(#615),#7554,.F.);
#7632=ADVANCED_FACE('',(#616),#506,.F.);
#7633=ADVANCED_FACE('',(#617),#7555,.F.);
#7634=ADVANCED_FACE('',(#618),#7556,.F.);
#7635=ADVANCED_FACE('',(#619,#155),#216,.F.);
#7636=ADVANCED_FACE('',(#620),#507,.F.);
#7637=ADVANCED_FACE('',(#621),#508,.F.);
#7638=ADVANCED_FACE('',(#622,#156),#217,.F.);
#7639=ADVANCED_FACE('',(#623),#7557,.F.);
#7640=ADVANCED_FACE('',(#624),#509,.F.);
#7641=ADVANCED_FACE('',(#625),#7558,.F.);
#7642=ADVANCED_FACE('',(#626),#510,.F.);
#7643=ADVANCED_FACE('',(#627),#7559,.F.);
#7644=ADVANCED_FACE('',(#628),#7560,.F.);
#7645=ADVANCED_FACE('',(#629,#157),#218,.F.);
#7646=ADVANCED_FACE('',(#630),#511,.F.);
#7647=ADVANCED_FACE('',(#631),#512,.F.);
#7648=ADVANCED_FACE('',(#632,#158),#219,.F.);
#7649=ADVANCED_FACE('',(#633),#7561,.F.);
#7650=ADVANCED_FACE('',(#634),#513,.F.);
#7651=ADVANCED_FACE('',(#635),#7562,.F.);
#7652=ADVANCED_FACE('',(#636),#514,.F.);
#7653=ADVANCED_FACE('',(#637),#7563,.F.);
#7654=ADVANCED_FACE('',(#638),#7564,.F.);
#7655=ADVANCED_FACE('',(#639,#159),#220,.F.);
#7656=ADVANCED_FACE('',(#640),#515,.F.);
#7657=ADVANCED_FACE('',(#641),#516,.F.);
#7658=ADVANCED_FACE('',(#642,#160),#221,.F.);
#7659=ADVANCED_FACE('',(#643),#7565,.F.);
#7660=ADVANCED_FACE('',(#644),#517,.F.);
#7661=ADVANCED_FACE('',(#645),#7566,.F.);
#7662=ADVANCED_FACE('',(#646),#518,.F.);
#7663=ADVANCED_FACE('',(#647),#7567,.F.);
#7664=ADVANCED_FACE('',(#648),#7568,.F.);
#7665=ADVANCED_FACE('',(#649,#161),#222,.F.);
#7666=ADVANCED_FACE('',(#650),#519,.F.);
#7667=ADVANCED_FACE('',(#651),#520,.F.);
#7668=ADVANCED_FACE('',(#652,#162),#223,.F.);
#7669=ADVANCED_FACE('',(#653),#224,.T.);
#7670=ADVANCED_FACE('',(#654),#7569,.F.);
#7671=ADVANCED_FACE('',(#655),#521,.F.);
#7672=ADVANCED_FACE('',(#656),#522,.F.);
#7673=ADVANCED_FACE('',(#657),#7570,.F.);
#7674=ADVANCED_FACE('',(#658,#163),#225,.F.);
#7675=ADVANCED_FACE('',(#659),#523,.F.);
#7676=ADVANCED_FACE('',(#660),#226,.F.);
#7677=ADVANCED_FACE('',(#661),#7571,.F.);
#7678=ADVANCED_FACE('',(#662),#7572,.F.);
#7679=ADVANCED_FACE('',(#663),#524,.F.);
#7680=ADVANCED_FACE('',(#664),#7573,.F.);
#7681=ADVANCED_FACE('',(#665),#7574,.F.);
#7682=ADVANCED_FACE('',(#666,#164),#227,.F.);
#7683=ADVANCED_FACE('',(#667),#525,.F.);
#7684=ADVANCED_FACE('',(#668),#526,.F.);
#7685=ADVANCED_FACE('',(#669,#165),#228,.F.);
#7686=ADVANCED_FACE('',(#670),#7575,.F.);
#7687=ADVANCED_FACE('',(#671),#527,.F.);
#7688=ADVANCED_FACE('',(#672),#7576,.F.);
#7689=ADVANCED_FACE('',(#673),#528,.F.);
#7690=ADVANCED_FACE('',(#674),#7577,.F.);
#7691=ADVANCED_FACE('',(#675),#7578,.F.);
#7692=ADVANCED_FACE('',(#676,#166),#229,.F.);
#7693=ADVANCED_FACE('',(#677),#529,.F.);
#7694=ADVANCED_FACE('',(#678),#530,.F.);
#7695=ADVANCED_FACE('',(#679,#167),#230,.F.);
#7696=ADVANCED_FACE('',(#680),#7579,.F.);
#7697=ADVANCED_FACE('',(#681),#531,.F.);
#7698=ADVANCED_FACE('',(#682),#231,.T.);
#7699=ADVANCED_FACE('',(#683),#232,.T.);
#7700=ADVANCED_FACE('',(#684),#532,.T.);
#7701=ADVANCED_FACE('',(#685),#233,.T.);
#7702=ADVANCED_FACE('',(#686),#234,.T.);
#7703=ADVANCED_FACE('',(#687),#235,.T.);
#7704=ADVANCED_FACE('',(#688),#236,.T.);
#7705=ADVANCED_FACE('',(#689),#237,.T.);
#7706=ADVANCED_FACE('',(#690),#238,.T.);
#7707=ADVANCED_FACE('',(#691),#239,.T.);
#7708=ADVANCED_FACE('',(#692),#240,.T.);
#7709=ADVANCED_FACE('',(#693),#241,.T.);
#7710=ADVANCED_FACE('',(#694),#242,.T.);
#7711=ADVANCED_FACE('',(#695),#243,.T.);
#7712=ADVANCED_FACE('',(#696),#244,.T.);
#7713=ADVANCED_FACE('',(#697),#245,.T.);
#7714=ADVANCED_FACE('',(#698),#246,.T.);
#7715=ADVANCED_FACE('',(#699),#533,.T.);
#7716=ADVANCED_FACE('',(#700),#247,.T.);
#7717=ADVANCED_FACE('',(#701),#248,.T.);
#7718=ADVANCED_FACE('',(#702),#249,.T.);
#7719=ADVANCED_FACE('',(#703),#250,.T.);
#7720=ADVANCED_FACE('',(#704),#251,.T.);
#7721=ADVANCED_FACE('',(#705),#252,.T.);
#7722=ADVANCED_FACE('',(#706),#253,.T.);
#7723=ADVANCED_FACE('',(#707),#254,.T.);
#7724=ADVANCED_FACE('',(#708),#255,.T.);
#7725=ADVANCED_FACE('',(#709),#256,.T.);
#7726=ADVANCED_FACE('',(#710),#257,.T.);
#7727=ADVANCED_FACE('',(#711),#258,.T.);
#7728=ADVANCED_FACE('',(#712),#259,.T.);
#7729=ADVANCED_FACE('',(#713),#260,.T.);
#7730=ADVANCED_FACE('',(#714),#534,.T.);
#7731=ADVANCED_FACE('',(#715),#261,.T.);
#7732=ADVANCED_FACE('',(#716),#262,.T.);
#7733=ADVANCED_FACE('',(#717),#263,.T.);
#7734=ADVANCED_FACE('',(#718),#264,.T.);
#7735=ADVANCED_FACE('',(#719),#265,.T.);
#7736=ADVANCED_FACE('',(#720),#266,.T.);
#7737=ADVANCED_FACE('',(#721),#267,.T.);
#7738=ADVANCED_FACE('',(#722),#268,.T.);
#7739=ADVANCED_FACE('',(#723),#269,.T.);
#7740=ADVANCED_FACE('',(#724),#270,.T.);
#7741=ADVANCED_FACE('',(#725),#271,.T.);
#7742=ADVANCED_FACE('',(#726),#272,.T.);
#7743=ADVANCED_FACE('',(#727),#273,.T.);
#7744=ADVANCED_FACE('',(#728),#274,.T.);
#7745=ADVANCED_FACE('',(#729),#535,.T.);
#7746=ADVANCED_FACE('',(#730),#275,.T.);
#7747=ADVANCED_FACE('',(#731),#276,.T.);
#7748=ADVANCED_FACE('',(#732),#277,.T.);
#7749=ADVANCED_FACE('',(#733),#278,.T.);
#7750=ADVANCED_FACE('',(#734),#279,.T.);
#7751=ADVANCED_FACE('',(#735),#280,.T.);
#7752=ADVANCED_FACE('',(#736),#281,.T.);
#7753=ADVANCED_FACE('',(#737),#282,.T.);
#7754=ADVANCED_FACE('',(#738),#283,.T.);
#7755=ADVANCED_FACE('',(#739),#284,.T.);
#7756=ADVANCED_FACE('',(#740),#285,.T.);
#7757=ADVANCED_FACE('',(#741),#286,.T.);
#7758=ADVANCED_FACE('',(#742,#168),#287,.T.);
#7759=ADVANCED_FACE('',(#743,#169),#288,.F.);
#7760=ADVANCED_FACE('',(#744),#536,.F.);
#7761=ADVANCED_FACE('',(#745),#7580,.F.);
#7762=ADVANCED_FACE('',(#746),#7581,.F.);
#7763=ADVANCED_FACE('',(#747),#537,.F.);
#7764=ADVANCED_FACE('',(#748),#538,.F.);
#7765=ADVANCED_FACE('',(#749),#539,.F.);
#7766=ADVANCED_FACE('',(#750),#540,.F.);
#7767=ADVANCED_FACE('',(#751),#7582,.F.);
#7768=ADVANCED_FACE('',(#752),#7583,.F.);
#7769=ADVANCED_FACE('',(#753),#541,.F.);
#7770=ADVANCED_FACE('',(#754),#542,.F.);
#7771=ADVANCED_FACE('',(#755),#289,.F.);
#7772=ADVANCED_FACE('',(#756),#290,.T.);
#7773=ADVANCED_FACE('',(#757),#291,.T.);
#7774=ADVANCED_FACE('',(#758),#292,.F.);
#7775=ADVANCED_FACE('',(#759),#293,.T.);
#7776=ADVANCED_FACE('',(#760),#294,.F.);
#7777=ADVANCED_FACE('',(#761),#295,.F.);
#7778=ADVANCED_FACE('',(#762),#296,.T.);
#7779=ADVANCED_FACE('',(#763),#297,.F.);
#7780=ADVANCED_FACE('',(#764),#298,.T.);
#7781=ADVANCED_FACE('',(#765),#543,.F.);
#7782=ADVANCED_FACE('',(#766),#299,.F.);
#7783=ADVANCED_FACE('',(#767),#300,.F.);
#7784=ADVANCED_FACE('',(#768),#301,.F.);
#7785=ADVANCED_FACE('',(#769),#302,.F.);
#7786=ADVANCED_FACE('',(#770),#303,.T.);
#7787=ADVANCED_FACE('',(#771,#170,#171),#304,.T.);
#7788=ADVANCED_FACE('',(#772),#305,.T.);
#7789=ADVANCED_FACE('',(#773,#172,#173),#306,.T.);
#7790=ADVANCED_FACE('',(#774),#307,.F.);
#7791=ADVANCED_FACE('',(#775),#308,.F.);
#7792=ADVANCED_FACE('',(#776),#309,.T.);
#7793=ADVANCED_FACE('',(#777),#310,.T.);
#7794=ADVANCED_FACE('',(#778,#174),#311,.T.);
#7795=ADVANCED_FACE('',(#779),#312,.F.);
#7796=ADVANCED_FACE('',(#780),#313,.T.);
#7797=ADVANCED_FACE('',(#781,#175),#314,.T.);
#7798=ADVANCED_FACE('',(#782),#544,.F.);
#7799=ADVANCED_FACE('',(#783),#545,.F.);
#7800=ADVANCED_FACE('',(#784),#546,.F.);
#7801=ADVANCED_FACE('',(#785),#315,.T.);
#7802=ADVANCED_FACE('',(#786),#316,.F.);
#7803=ADVANCED_FACE('',(#787),#317,.F.);
#7804=ADVANCED_FACE('',(#788),#318,.T.);
#7805=ADVANCED_FACE('',(#789),#319,.T.);
#7806=ADVANCED_FACE('',(#790),#320,.F.);
#7807=ADVANCED_FACE('',(#791),#321,.F.);
#7808=ADVANCED_FACE('',(#792),#322,.F.);
#7809=ADVANCED_FACE('',(#793),#323,.F.);
#7810=ADVANCED_FACE('',(#794),#324,.T.);
#7811=ADVANCED_FACE('',(#795,#176),#325,.T.);
#7812=ADVANCED_FACE('',(#796,#177),#326,.F.);
#7813=ADVANCED_FACE('',(#797),#327,.F.);
#7814=ADVANCED_FACE('',(#798),#328,.T.);
#7815=ADVANCED_FACE('',(#799),#329,.T.);
#7816=ADVANCED_FACE('',(#800),#330,.F.);
#7817=ADVANCED_FACE('',(#801),#331,.T.);
#7818=ADVANCED_FACE('',(#802),#332,.F.);
#7819=ADVANCED_FACE('',(#803),#11,.T.);
#7820=ADVANCED_FACE('',(#804),#333,.T.);
#7821=ADVANCED_FACE('',(#805),#334,.F.);
#7822=ADVANCED_FACE('',(#806),#335,.F.);
#7823=ADVANCED_FACE('',(#807),#336,.F.);
#7824=ADVANCED_FACE('',(#808),#337,.F.);
#7825=ADVANCED_FACE('',(#809),#338,.F.);
#7826=ADVANCED_FACE('',(#810),#339,.F.);
#7827=ADVANCED_FACE('',(#811),#340,.F.);
#7828=ADVANCED_FACE('',(#812),#341,.F.);
#7829=ADVANCED_FACE('',(#813),#342,.F.);
#7830=ADVANCED_FACE('',(#814),#343,.F.);
#7831=ADVANCED_FACE('',(#815),#344,.F.);
#7832=ADVANCED_FACE('',(#816),#345,.F.);
#7833=ADVANCED_FACE('',(#817),#346,.T.);
#7834=ADVANCED_FACE('',(#818),#12,.T.);
#7835=ADVANCED_FACE('',(#819),#347,.T.);
#7836=ADVANCED_FACE('',(#820),#348,.F.);
#7837=ADVANCED_FACE('',(#821),#349,.F.);
#7838=ADVANCED_FACE('',(#822),#350,.F.);
#7839=ADVANCED_FACE('',(#823),#351,.F.);
#7840=ADVANCED_FACE('',(#824),#352,.F.);
#7841=ADVANCED_FACE('',(#825),#353,.F.);
#7842=ADVANCED_FACE('',(#826),#354,.F.);
#7843=ADVANCED_FACE('',(#827),#355,.F.);
#7844=ADVANCED_FACE('',(#828),#356,.F.);
#7845=ADVANCED_FACE('',(#829),#357,.F.);
#7846=ADVANCED_FACE('',(#830),#358,.F.);
#7847=ADVANCED_FACE('',(#831),#359,.F.);
#7848=ADVANCED_FACE('',(#832),#360,.T.);
#7849=ADVANCED_FACE('',(#833),#547,.F.);
#7850=ADVANCED_FACE('',(#834),#548,.F.);
#7851=ADVANCED_FACE('',(#835),#549,.F.);
#7852=ADVANCED_FACE('',(#836),#550,.F.);
#7853=ADVANCED_FACE('',(#837),#361,.T.);
#7854=ADVANCED_FACE('',(#838),#362,.F.);
#7855=ADVANCED_FACE('',(#839),#363,.T.);
#7856=ADVANCED_FACE('',(#840),#364,.F.);
#7857=ADVANCED_FACE('',(#841),#365,.T.);
#7858=ADVANCED_FACE('',(#842),#366,.T.);
#7859=ADVANCED_FACE('',(#843),#551,.T.);
#7860=ADVANCED_FACE('',(#844),#367,.F.);
#7861=ADVANCED_FACE('',(#845),#368,.T.);
#7862=ADVANCED_FACE('',(#846),#369,.T.);
#7863=ADVANCED_FACE('',(#847),#552,.T.);
#7864=ADVANCED_FACE('',(#848),#370,.T.);
#7865=ADVANCED_FACE('',(#849),#371,.F.);
#7866=ADVANCED_FACE('',(#850),#372,.T.);
#7867=ADVANCED_FACE('',(#851),#373,.T.);
#7868=ADVANCED_FACE('',(#852),#374,.F.);
#7869=ADVANCED_FACE('',(#853),#553,.T.);
#7870=ADVANCED_FACE('',(#854),#375,.F.);
#7871=ADVANCED_FACE('',(#855),#376,.F.);
#7872=ADVANCED_FACE('',(#856),#377,.T.);
#7873=ADVANCED_FACE('',(#857),#554,.T.);
#7874=ADVANCED_FACE('',(#858),#378,.F.);
#7875=ADVANCED_FACE('',(#859),#379,.F.);
#7876=ADVANCED_FACE('',(#860,#178,#179,#180),#380,.F.);
#7877=ADVANCED_FACE('',(#861),#381,.T.);
#7878=ADVANCED_FACE('',(#862),#382,.F.);
#7879=ADVANCED_FACE('',(#863),#383,.T.);
#7880=ADVANCED_FACE('',(#864),#384,.F.);
#7881=ADVANCED_FACE('',(#865),#385,.F.);
#7882=ADVANCED_FACE('',(#866),#386,.T.);
#7883=ADVANCED_FACE('',(#867),#387,.F.);
#7884=ADVANCED_FACE('',(#868),#388,.T.);
#7885=ADVANCED_FACE('',(#869),#389,.F.);
#7886=ADVANCED_FACE('',(#870),#390,.T.);
#7887=ADVANCED_FACE('',(#871),#391,.F.);
#7888=ADVANCED_FACE('',(#872,#181),#392,.T.);
#7889=ADVANCED_FACE('',(#873),#393,.T.);
#7890=ADVANCED_FACE('',(#874),#394,.T.);
#7891=ADVANCED_FACE('',(#875),#395,.F.);
#7892=ADVANCED_FACE('',(#876),#396,.T.);
#7893=ADVANCED_FACE('',(#877),#397,.F.);
#7894=ADVANCED_FACE('',(#878),#398,.T.);
#7895=ADVANCED_FACE('',(#879),#555,.F.);
#7896=ADVANCED_FACE('',(#880),#399,.T.);
#7897=ADVANCED_FACE('',(#881),#400,.F.);
#7898=ADVANCED_FACE('',(#882),#401,.T.);
#7899=ADVANCED_FACE('',(#883),#402,.F.);
#7900=ADVANCED_FACE('',(#884),#403,.F.);
#7901=ADVANCED_FACE('',(#885),#404,.T.);
#7902=ADVANCED_FACE('',(#886),#556,.F.);
#7903=ADVANCED_FACE('',(#887),#557,.F.);
#7904=ADVANCED_FACE('',(#888),#558,.F.);
#7905=ADVANCED_FACE('',(#889),#405,.T.);
#7906=ADVANCED_FACE('',(#890),#406,.F.);
#7907=ADVANCED_FACE('',(#891),#407,.F.);
#7908=ADVANCED_FACE('',(#892),#408,.T.);
#7909=ADVANCED_FACE('',(#893),#409,.T.);
#7910=ADVANCED_FACE('',(#894),#410,.F.);
#7911=ADVANCED_FACE('',(#895),#411,.F.);
#7912=ADVANCED_FACE('',(#896),#412,.F.);
#7913=ADVANCED_FACE('',(#897),#413,.F.);
#7914=ADVANCED_FACE('',(#898),#414,.T.);
#7915=ADVANCED_FACE('',(#899,#182),#415,.T.);
#7916=ADVANCED_FACE('',(#900,#183),#416,.F.);
#7917=ADVANCED_FACE('',(#901),#417,.F.);
#7918=ADVANCED_FACE('',(#902),#418,.T.);
#7919=ADVANCED_FACE('',(#903),#419,.T.);
#7920=ADVANCED_FACE('',(#904),#420,.F.);
#7921=ADVANCED_FACE('',(#905),#421,.T.);
#7922=ADVANCED_FACE('',(#906),#422,.F.);
#7923=ADVANCED_FACE('',(#907),#559,.F.);
#7924=ADVANCED_FACE('',(#908),#560,.F.);
#7925=ADVANCED_FACE('',(#909),#561,.F.);
#7926=ADVANCED_FACE('',(#910),#562,.F.);
#7927=ADVANCED_FACE('',(#911),#423,.T.);
#7928=ADVANCED_FACE('',(#912),#424,.F.);
#7929=ADVANCED_FACE('',(#913),#425,.T.);
#7930=ADVANCED_FACE('',(#914),#426,.F.);
#7931=ADVANCED_FACE('',(#915),#427,.T.);
#7932=ADVANCED_FACE('',(#916),#428,.T.);
#7933=ADVANCED_FACE('',(#917),#563,.T.);
#7934=ADVANCED_FACE('',(#918),#429,.F.);
#7935=ADVANCED_FACE('',(#919),#430,.T.);
#7936=ADVANCED_FACE('',(#920),#431,.T.);
#7937=ADVANCED_FACE('',(#921),#564,.T.);
#7938=ADVANCED_FACE('',(#922),#432,.T.);
#7939=ADVANCED_FACE('',(#923),#433,.F.);
#7940=ADVANCED_FACE('',(#924),#434,.T.);
#7941=ADVANCED_FACE('',(#925),#435,.T.);
#7942=ADVANCED_FACE('',(#926),#436,.F.);
#7943=ADVANCED_FACE('',(#927),#565,.T.);
#7944=ADVANCED_FACE('',(#928),#437,.F.);
#7945=ADVANCED_FACE('',(#929),#438,.F.);
#7946=ADVANCED_FACE('',(#930),#439,.T.);
#7947=ADVANCED_FACE('',(#931),#566,.T.);
#7948=ADVANCED_FACE('',(#932),#440,.F.);
#7949=ADVANCED_FACE('',(#933),#441,.F.);
#7950=ADVANCED_FACE('',(#934,#184,#185,#186),#442,.F.);
#7951=ADVANCED_FACE('',(#935),#443,.T.);
#7952=ADVANCED_FACE('',(#936),#444,.F.);
#7953=ADVANCED_FACE('',(#937),#445,.T.);
#7954=ADVANCED_FACE('',(#938),#446,.F.);
#7955=ADVANCED_FACE('',(#939),#447,.F.);
#7956=ADVANCED_FACE('',(#940),#448,.T.);
#7957=ADVANCED_FACE('',(#941),#449,.F.);
#7958=ADVANCED_FACE('',(#942),#450,.T.);
#7959=ADVANCED_FACE('',(#943),#451,.F.);
#7960=ADVANCED_FACE('',(#944),#452,.T.);
#7961=ADVANCED_FACE('',(#945),#453,.F.);
#7962=ADVANCED_FACE('',(#946,#187),#454,.T.);
#7963=ADVANCED_FACE('',(#947),#455,.T.);
#7964=ADVANCED_FACE('',(#948),#456,.T.);
#7965=ADVANCED_FACE('',(#949),#457,.F.);
#7966=ADVANCED_FACE('',(#950),#458,.T.);
#7967=ADVANCED_FACE('',(#951),#459,.F.);
#7968=ADVANCED_FACE('',(#952),#460,.T.);
#7969=ADVANCED_FACE('',(#953),#567,.F.);
#7970=ADVANCED_FACE('',(#954),#461,.T.);
#7971=ADVANCED_FACE('',(#955),#462,.F.);
#7972=ADVANCED_FACE('',(#956),#463,.T.);
#7973=ADVANCED_FACE('',(#957),#464,.F.);
#7974=ADVANCED_FACE('',(#958),#465,.F.);
#7975=ADVANCED_FACE('',(#959),#466,.T.);
#7976=ADVANCED_FACE('',(#960),#13,.T.);
#7977=ADVANCED_FACE('',(#961),#467,.T.);
#7978=ADVANCED_FACE('',(#962),#468,.F.);
#7979=ADVANCED_FACE('',(#963),#469,.F.);
#7980=ADVANCED_FACE('',(#964),#470,.F.);
#7981=ADVANCED_FACE('',(#965),#471,.F.);
#7982=ADVANCED_FACE('',(#966),#472,.F.);
#7983=ADVANCED_FACE('',(#967),#473,.F.);
#7984=ADVANCED_FACE('',(#968),#474,.F.);
#7985=ADVANCED_FACE('',(#969),#475,.F.);
#7986=ADVANCED_FACE('',(#970),#476,.F.);
#7987=ADVANCED_FACE('',(#971),#477,.F.);
#7988=ADVANCED_FACE('',(#972),#478,.F.);
#7989=ADVANCED_FACE('',(#973),#479,.F.);
#7990=ADVANCED_FACE('',(#974),#480,.T.);
#7991=ADVANCED_FACE('',(#975),#14,.T.);
#7992=ADVANCED_FACE('',(#976),#481,.T.);
#7993=ADVANCED_FACE('',(#977),#482,.F.);
#7994=ADVANCED_FACE('',(#978),#483,.F.);
#7995=ADVANCED_FACE('',(#979),#484,.F.);
#7996=ADVANCED_FACE('',(#980),#485,.F.);
#7997=ADVANCED_FACE('',(#981),#486,.F.);
#7998=ADVANCED_FACE('',(#982),#487,.F.);
#7999=ADVANCED_FACE('',(#983),#488,.F.);
#8000=ADVANCED_FACE('',(#984),#489,.F.);
#8001=ADVANCED_FACE('',(#985),#490,.F.);
#8002=ADVANCED_FACE('',(#986),#491,.F.);
#8003=ADVANCED_FACE('',(#987),#492,.F.);
#8004=ADVANCED_FACE('',(#988),#493,.F.);
#8005=ADVANCED_FACE('',(#989),#494,.T.);
#8006=CLOSED_SHELL('',(#7584,#7585,#7586,#7587,#7588,#7589,#7590,#7591,
#7592,#7593,#7594,#7595,#7596,#7597,#7598,#7599,#7600));
#8007=CLOSED_SHELL('',(#7601,#7602,#7603,#7604,#7605,#7606,#7607,#7608,
#7609,#7610,#7611,#7612,#7613,#7614,#7615,#7616,#7617,#7618,#7619,#7620,
#7621,#7622,#7623,#7624,#7625,#7626,#7627,#7628,#7629,#7630,#7631,#7632,
#7633,#7634,#7635,#7636,#7637,#7638,#7639,#7640,#7641,#7642,#7643,#7644,
#7645,#7646,#7647,#7648,#7649,#7650,#7651,#7652,#7653,#7654,#7655,#7656,
#7657,#7658,#7659,#7660,#7661,#7662,#7663,#7664,#7665,#7666,#7667,#7668,
#7669,#7670,#7671,#7672,#7673,#7674,#7675,#7676,#7677,#7678,#7679,#7680,
#7681,#7682,#7683,#7684,#7685,#7686,#7687,#7688,#7689,#7690,#7691,#7692,
#7693,#7694,#7695,#7696,#7697));
#8008=CLOSED_SHELL('',(#7698,#7699,#7700,#7701,#7702,#7703,#7704,#7705,
#7706,#7707,#7708,#7709,#7710,#7711,#7712,#7713,#7714,#7715,#7716,#7717,
#7718,#7719,#7720,#7721,#7722,#7723,#7724,#7725,#7726,#7727,#7728,#7729,
#7730,#7731,#7732,#7733,#7734,#7735,#7736,#7737,#7738,#7739,#7740,#7741,
#7742,#7743,#7744,#7745,#7746,#7747,#7748,#7749,#7750,#7751,#7752,#7753,
#7754,#7755,#7756,#7757,#7758,#7759,#7760));
#8009=CLOSED_SHELL('',(#7761,#7762,#7763,#7764,#7765,#7766,#7767,#7768,
#7769,#7770,#7771,#7772,#7773,#7774,#7775,#7776,#7777,#7778,#7779,#7780,
#7781,#7782,#7783,#7784,#7785,#7786,#7787,#7788,#7789,#7790,#7791,#7792,
#7793,#7794,#7795,#7796,#7797));
#8010=CLOSED_SHELL('',(#7798,#7799,#7800,#7801,#7802,#7803,#7804,#7805,
#7806,#7807,#7808,#7809,#7810,#7811,#7812,#7813,#7814,#7815,#7816,#7817,
#7818));
#8011=CLOSED_SHELL('',(#7819,#7820,#7821,#7822,#7823,#7824,#7825,#7826,
#7827,#7828,#7829,#7830,#7831,#7832,#7833));
#8012=CLOSED_SHELL('',(#7834,#7835,#7836,#7837,#7838,#7839,#7840,#7841,
#7842,#7843,#7844,#7845,#7846,#7847,#7848));
#8013=CLOSED_SHELL('',(#7849,#7850,#7851,#7852,#7853,#7854,#7855,#7856,
#7857,#7858,#7859,#7860,#7861,#7862,#7863,#7864,#7865,#7866,#7867,#7868,
#7869,#7870,#7871,#7872,#7873,#7874,#7875,#7876,#7877,#7878,#7879,#7880,
#7881,#7882,#7883,#7884,#7885,#7886,#7887,#7888,#7889,#7890,#7891,#7892,
#7893,#7894,#7895,#7896,#7897,#7898,#7899,#7900,#7901));
#8014=CLOSED_SHELL('',(#7902,#7903,#7904,#7905,#7906,#7907,#7908,#7909,
#7910,#7911,#7912,#7913,#7914,#7915,#7916,#7917,#7918,#7919,#7920,#7921,
#7922));
#8015=CLOSED_SHELL('',(#7923,#7924,#7925,#7926,#7927,#7928,#7929,#7930,
#7931,#7932,#7933,#7934,#7935,#7936,#7937,#7938,#7939,#7940,#7941,#7942,
#7943,#7944,#7945,#7946,#7947,#7948,#7949,#7950,#7951,#7952,#7953,#7954,
#7955,#7956,#7957,#7958,#7959,#7960,#7961,#7962,#7963,#7964,#7965,#7966,
#7967,#7968,#7969,#7970,#7971,#7972,#7973,#7974,#7975));
#8016=CLOSED_SHELL('',(#7976,#7977,#7978,#7979,#7980,#7981,#7982,#7983,
#7984,#7985,#7986,#7987,#7988,#7989,#7990));
#8017=CLOSED_SHELL('',(#7991,#7992,#7993,#7994,#7995,#7996,#7997,#7998,
#7999,#8000,#8001,#8002,#8003,#8004,#8005));
#8018=DERIVED_UNIT_ELEMENT(#8024,1.);
#8019=DERIVED_UNIT_ELEMENT(#13391,-3.);
#8020=DERIVED_UNIT_ELEMENT(#8024,1.);
#8021=DERIVED_UNIT_ELEMENT(#13391,-3.);
#8022=DERIVED_UNIT_ELEMENT(#8024,1.);
#8023=DERIVED_UNIT_ELEMENT(#13391,-3.);
#8024=(
MASS_UNIT()
NAMED_UNIT(*)
SI_UNIT(.KILO.,.GRAM.)
);
#8025=DERIVED_UNIT((#8018,#8019));
#8026=DERIVED_UNIT((#8020,#8021));
#8027=DERIVED_UNIT((#8022,#8023));
#8028=MEASURE_REPRESENTATION_ITEM('density measure',
POSITIVE_RATIO_MEASURE(7850.),#8025);
#8029=MEASURE_REPRESENTATION_ITEM('density measure',
POSITIVE_RATIO_MEASURE(7850.),#8026);
#8030=MEASURE_REPRESENTATION_ITEM('density measure',
POSITIVE_RATIO_MEASURE(7850.),#8027);
#8031=PROPERTY_DEFINITION_REPRESENTATION(#8046,#8037);
#8032=PROPERTY_DEFINITION_REPRESENTATION(#8047,#8038);
#8033=PROPERTY_DEFINITION_REPRESENTATION(#8048,#8039);
#8034=PROPERTY_DEFINITION_REPRESENTATION(#8049,#8040);
#8035=PROPERTY_DEFINITION_REPRESENTATION(#8050,#8041);
#8036=PROPERTY_DEFINITION_REPRESENTATION(#8051,#8042);
#8037=REPRESENTATION('material name',(#8043),#13386);
#8038=REPRESENTATION('density',(#8028),#13386);
#8039=REPRESENTATION('material name',(#8044),#13387);
#8040=REPRESENTATION('density',(#8029),#13387);
#8041=REPRESENTATION('material name',(#8045),#13388);
#8042=REPRESENTATION('density',(#8030),#13388);
#8043=DESCRIPTIVE_REPRESENTATION_ITEM('Steel','Steel');
#8044=DESCRIPTIVE_REPRESENTATION_ITEM('Steel','Steel');
#8045=DESCRIPTIVE_REPRESENTATION_ITEM('Steel','Steel');
#8046=PROPERTY_DEFINITION('material property','material name',#13430);
#8047=PROPERTY_DEFINITION('material property','density of part',#13430);
#8048=PROPERTY_DEFINITION('material property','material name',#13431);
#8049=PROPERTY_DEFINITION('material property','density of part',#13431);
#8050=PROPERTY_DEFINITION('material property','material name',#13432);
#8051=PROPERTY_DEFINITION('material property','density of part',#13432);
#8052=AXIS2_PLACEMENT_3D('',#11056,#8774,#8775);
#8053=AXIS2_PLACEMENT_3D('',#11057,#8776,#8777);
#8054=AXIS2_PLACEMENT_3D('',#11058,#8778,#8779);
#8055=AXIS2_PLACEMENT_3D('',#11059,#8780,#8781);
#8056=AXIS2_PLACEMENT_3D('',#11079,#8783,#8784);
#8057=AXIS2_PLACEMENT_3D('',#11091,#8785,#8786);
#8058=AXIS2_PLACEMENT_3D('',#11093,#8787,#8788);
#8059=AXIS2_PLACEMENT_3D('',#11096,#8790,#8791);
#8060=AXIS2_PLACEMENT_3D('',#11097,#8792,#8793);
#8061=AXIS2_PLACEMENT_3D('',#11100,#8794,#8795);
#8062=AXIS2_PLACEMENT_3D('',#11101,#8796,#8797);
#8063=AXIS2_PLACEMENT_3D('',#11103,#8799,#8800);
#8064=AXIS2_PLACEMENT_3D('',#11106,#8802,#8803);
#8065=AXIS2_PLACEMENT_3D('',#11107,#8804,#8805);
#8066=AXIS2_PLACEMENT_3D('',#11109,#8806,#8807);
#8067=AXIS2_PLACEMENT_3D('',#11111,#8808,#8809);
#8068=AXIS2_PLACEMENT_3D('',#11112,#8810,#8811);
#8069=AXIS2_PLACEMENT_3D('',#11113,#8812,#8813);
#8070=AXIS2_PLACEMENT_3D('',#11116,#8814,#8815);
#8071=AXIS2_PLACEMENT_3D('',#11117,#8816,#8817);
#8072=AXIS2_PLACEMENT_3D('',#11119,#8819,#8820);
#8073=AXIS2_PLACEMENT_3D('',#11122,#8822,#8823);
#8074=AXIS2_PLACEMENT_3D('',#11123,#8824,#8825);
#8075=AXIS2_PLACEMENT_3D('',#11124,#8826,#8827);
#8076=AXIS2_PLACEMENT_3D('',#11125,#8828,#8829);
#8077=AXIS2_PLACEMENT_3D('',#11126,#8830,#8831);
#8078=AXIS2_PLACEMENT_3D('',#11139,#8838,#8839);
#8079=AXIS2_PLACEMENT_3D('',#11142,#8842,#8843);
#8080=AXIS2_PLACEMENT_3D('',#11144,#8845,#8846);
#8081=AXIS2_PLACEMENT_3D('',#11146,#8848,#8849);
#8082=AXIS2_PLACEMENT_3D('',#11148,#8851,#8852);
#8083=AXIS2_PLACEMENT_3D('',#11150,#8854,#8855);
#8084=AXIS2_PLACEMENT_3D('',#11151,#8856,#8857);
#8085=AXIS2_PLACEMENT_3D('',#11160,#8862,#8863);
#8086=AXIS2_PLACEMENT_3D('',#11167,#8867,#8868);
#8087=AXIS2_PLACEMENT_3D('',#11169,#8869,#8870);
#8088=AXIS2_PLACEMENT_3D('',#11171,#8871,#8872);
#8089=AXIS2_PLACEMENT_3D('',#11173,#8873,#8874);
#8090=AXIS2_PLACEMENT_3D('',#11175,#8875,#8876);
#8091=AXIS2_PLACEMENT_3D('',#11177,#8877,#8878);
#8092=AXIS2_PLACEMENT_3D('',#11179,#8879,#8880);
#8093=AXIS2_PLACEMENT_3D('',#11181,#8881,#8882);
#8094=AXIS2_PLACEMENT_3D('',#11183,#8883,#8884);
#8095=AXIS2_PLACEMENT_3D('',#11185,#8885,#8886);
#8096=AXIS2_PLACEMENT_3D('',#11187,#8887,#8888);
#8097=AXIS2_PLACEMENT_3D('',#11189,#8889,#8890);
#8098=AXIS2_PLACEMENT_3D('',#11191,#8891,#8892);
#8099=AXIS2_PLACEMENT_3D('',#11193,#8893,#8894);
#8100=AXIS2_PLACEMENT_3D('',#11195,#8895,#8896);
#8101=AXIS2_PLACEMENT_3D('',#11196,#8897,#8898);
#8102=AXIS2_PLACEMENT_3D('',#11202,#8902,#8903);
#8103=AXIS2_PLACEMENT_3D('',#11208,#8907,#8908);
#8104=AXIS2_PLACEMENT_3D('',#11214,#8912,#8913);
#8105=AXIS2_PLACEMENT_3D('',#11216,#8914,#8915);
#8106=AXIS2_PLACEMENT_3D('',#11219,#8917,#8918);
#8107=AXIS2_PLACEMENT_3D('',#11220,#8919,#8920);
#8108=AXIS2_PLACEMENT_3D('',#11222,#8921,#8922);
#8109=AXIS2_PLACEMENT_3D('',#11225,#8924,#8925);
#8110=AXIS2_PLACEMENT_3D('',#11226,#8926,#8927);
#8111=AXIS2_PLACEMENT_3D('',#11232,#8931,#8932);
#8112=AXIS2_PLACEMENT_3D('',#11238,#8936,#8937);
#8113=AXIS2_PLACEMENT_3D('',#11244,#8941,#8942);
#8114=AXIS2_PLACEMENT_3D('',#11250,#8946,#8947);
#8115=AXIS2_PLACEMENT_3D('',#11256,#8951,#8952);
#8116=AXIS2_PLACEMENT_3D('',#11262,#8956,#8957);
#8117=AXIS2_PLACEMENT_3D('',#11264,#8958,#8959);
#8118=AXIS2_PLACEMENT_3D('',#11267,#8961,#8962);
#8119=AXIS2_PLACEMENT_3D('',#11268,#8963,#8964);
#8120=AXIS2_PLACEMENT_3D('',#11270,#8965,#8966);
#8121=AXIS2_PLACEMENT_3D('',#11273,#8968,#8969);
#8122=AXIS2_PLACEMENT_3D('',#11274,#8970,#8971);
#8123=AXIS2_PLACEMENT_3D('',#11280,#8975,#8976);
#8124=AXIS2_PLACEMENT_3D('',#11286,#8980,#8981);
#8125=AXIS2_PLACEMENT_3D('',#11292,#8985,#8986);
#8126=AXIS2_PLACEMENT_3D('',#11298,#8990,#8991);
#8127=AXIS2_PLACEMENT_3D('',#11302,#8994,#8995);
#8128=AXIS2_PLACEMENT_3D('',#11304,#8996,#8997);
#8129=AXIS2_PLACEMENT_3D('',#11306,#8998,#8999);
#8130=AXIS2_PLACEMENT_3D('',#11308,#9000,#9001);
#8131=AXIS2_PLACEMENT_3D('',#11310,#9002,#9003);
#8132=AXIS2_PLACEMENT_3D('',#11312,#9004,#9005);
#8133=AXIS2_PLACEMENT_3D('',#11314,#9006,#9007);
#8134=AXIS2_PLACEMENT_3D('',#11316,#9008,#9009);
#8135=AXIS2_PLACEMENT_3D('',#11318,#9010,#9011);
#8136=AXIS2_PLACEMENT_3D('',#11320,#9012,#9013);
#8137=AXIS2_PLACEMENT_3D('',#11322,#9014,#9015);
#8138=AXIS2_PLACEMENT_3D('',#11324,#9016,#9017);
#8139=AXIS2_PLACEMENT_3D('',#11326,#9018,#9019);
#8140=AXIS2_PLACEMENT_3D('',#11328,#9020,#9021);
#8141=AXIS2_PLACEMENT_3D('',#11330,#9022,#9023);
#8142=AXIS2_PLACEMENT_3D('',#11331,#9024,#9025);
#8143=AXIS2_PLACEMENT_3D('',#11334,#9026,#9027);
#8144=AXIS2_PLACEMENT_3D('',#11337,#9029,#9030);
#8145=AXIS2_PLACEMENT_3D('',#11338,#9031,#9032);
#8146=AXIS2_PLACEMENT_3D('',#11339,#9033,#9034);
#8147=AXIS2_PLACEMENT_3D('',#11341,#9036,#9037);
#8148=AXIS2_PLACEMENT_3D('',#11343,#9038,#9039);
#8149=AXIS2_PLACEMENT_3D('',#11344,#9040,#9041);
#8150=AXIS2_PLACEMENT_3D('',#11347,#9043,#9044);
#8151=AXIS2_PLACEMENT_3D('',#11348,#9045,#9046);
#8152=AXIS2_PLACEMENT_3D('',#11350,#9048,#9049);
#8153=AXIS2_PLACEMENT_3D('',#11353,#9050,#9051);
#8154=AXIS2_PLACEMENT_3D('',#11356,#9053,#9054);
#8155=AXIS2_PLACEMENT_3D('',#11357,#9055,#9056);
#8156=AXIS2_PLACEMENT_3D('',#11358,#9057,#9058);
#8157=AXIS2_PLACEMENT_3D('',#11360,#9060,#9061);
#8158=AXIS2_PLACEMENT_3D('',#11362,#9062,#9063);
#8159=AXIS2_PLACEMENT_3D('',#11363,#9064,#9065);
#8160=AXIS2_PLACEMENT_3D('',#11366,#9067,#9068);
#8161=AXIS2_PLACEMENT_3D('',#11367,#9069,#9070);
#8162=AXIS2_PLACEMENT_3D('',#11369,#9072,#9073);
#8163=AXIS2_PLACEMENT_3D('',#11371,#9074,#9075);
#8164=AXIS2_PLACEMENT_3D('',#11373,#9077,#9078);
#8165=AXIS2_PLACEMENT_3D('',#11376,#9079,#9080);
#8166=AXIS2_PLACEMENT_3D('',#11379,#9082,#9083);
#8167=AXIS2_PLACEMENT_3D('',#11380,#9084,#9085);
#8168=AXIS2_PLACEMENT_3D('',#11381,#9086,#9087);
#8169=AXIS2_PLACEMENT_3D('',#11384,#9088,#9089);
#8170=AXIS2_PLACEMENT_3D('',#11386,#9091,#9092);
#8171=AXIS2_PLACEMENT_3D('',#11387,#9093,#9094);
#8172=AXIS2_PLACEMENT_3D('',#11389,#9096,#9097);
#8173=AXIS2_PLACEMENT_3D('',#11391,#9098,#9099);
#8174=AXIS2_PLACEMENT_3D('',#11392,#9100,#9101);
#8175=AXIS2_PLACEMENT_3D('',#11395,#9103,#9104);
#8176=AXIS2_PLACEMENT_3D('',#11396,#9105,#9106);
#8177=AXIS2_PLACEMENT_3D('',#11399,#9108,#9109);
#8178=AXIS2_PLACEMENT_3D('',#11400,#9110,#9111);
#8179=AXIS2_PLACEMENT_3D('',#11402,#9112,#9113);
#8180=AXIS2_PLACEMENT_3D('',#11403,#9114,#9115);
#8181=AXIS2_PLACEMENT_3D('',#11405,#9117,#9118);
#8182=AXIS2_PLACEMENT_3D('',#11407,#9120,#9121);
#8183=AXIS2_PLACEMENT_3D('',#11409,#9122,#9123);
#8184=AXIS2_PLACEMENT_3D('',#11411,#9125,#9126);
#8185=AXIS2_PLACEMENT_3D('',#11414,#9127,#9128);
#8186=AXIS2_PLACEMENT_3D('',#11417,#9130,#9131);
#8187=AXIS2_PLACEMENT_3D('',#11418,#9132,#9133);
#8188=AXIS2_PLACEMENT_3D('',#11419,#9134,#9135);
#8189=AXIS2_PLACEMENT_3D('',#11422,#9136,#9137);
#8190=AXIS2_PLACEMENT_3D('',#11424,#9139,#9140);
#8191=AXIS2_PLACEMENT_3D('',#11425,#9141,#9142);
#8192=AXIS2_PLACEMENT_3D('',#11427,#9144,#9145);
#8193=AXIS2_PLACEMENT_3D('',#11429,#9146,#9147);
#8194=AXIS2_PLACEMENT_3D('',#11430,#9148,#9149);
#8195=AXIS2_PLACEMENT_3D('',#11433,#9151,#9152);
#8196=AXIS2_PLACEMENT_3D('',#11434,#9153,#9154);
#8197=AXIS2_PLACEMENT_3D('',#11437,#9156,#9157);
#8198=AXIS2_PLACEMENT_3D('',#11438,#9158,#9159);
#8199=AXIS2_PLACEMENT_3D('',#11440,#9160,#9161);
#8200=AXIS2_PLACEMENT_3D('',#11441,#9162,#9163);
#8201=AXIS2_PLACEMENT_3D('',#11443,#9165,#9166);
#8202=AXIS2_PLACEMENT_3D('',#11445,#9168,#9169);
#8203=AXIS2_PLACEMENT_3D('',#11447,#9170,#9171);
#8204=AXIS2_PLACEMENT_3D('',#11449,#9173,#9174);
#8205=AXIS2_PLACEMENT_3D('',#11452,#9175,#9176);
#8206=AXIS2_PLACEMENT_3D('',#11455,#9178,#9179);
#8207=AXIS2_PLACEMENT_3D('',#11456,#9180,#9181);
#8208=AXIS2_PLACEMENT_3D('',#11457,#9182,#9183);
#8209=AXIS2_PLACEMENT_3D('',#11460,#9184,#9185);
#8210=AXIS2_PLACEMENT_3D('',#11462,#9187,#9188);
#8211=AXIS2_PLACEMENT_3D('',#11463,#9189,#9190);
#8212=AXIS2_PLACEMENT_3D('',#11465,#9192,#9193);
#8213=AXIS2_PLACEMENT_3D('',#11467,#9194,#9195);
#8214=AXIS2_PLACEMENT_3D('',#11468,#9196,#9197);
#8215=AXIS2_PLACEMENT_3D('',#11471,#9199,#9200);
#8216=AXIS2_PLACEMENT_3D('',#11472,#9201,#9202);
#8217=AXIS2_PLACEMENT_3D('',#11475,#9204,#9205);
#8218=AXIS2_PLACEMENT_3D('',#11476,#9206,#9207);
#8219=AXIS2_PLACEMENT_3D('',#11478,#9208,#9209);
#8220=AXIS2_PLACEMENT_3D('',#11479,#9210,#9211);
#8221=AXIS2_PLACEMENT_3D('',#11481,#9213,#9214);
#8222=AXIS2_PLACEMENT_3D('',#11483,#9216,#9217);
#8223=AXIS2_PLACEMENT_3D('',#11485,#9218,#9219);
#8224=AXIS2_PLACEMENT_3D('',#11487,#9221,#9222);
#8225=AXIS2_PLACEMENT_3D('',#11490,#9223,#9224);
#8226=AXIS2_PLACEMENT_3D('',#11493,#9226,#9227);
#8227=AXIS2_PLACEMENT_3D('',#11494,#9228,#9229);
#8228=AXIS2_PLACEMENT_3D('',#11495,#9230,#9231);
#8229=AXIS2_PLACEMENT_3D('',#11498,#9232,#9233);
#8230=AXIS2_PLACEMENT_3D('',#11500,#9235,#9236);
#8231=AXIS2_PLACEMENT_3D('',#11501,#9237,#9238);
#8232=AXIS2_PLACEMENT_3D('',#11503,#9240,#9241);
#8233=AXIS2_PLACEMENT_3D('',#11505,#9242,#9243);
#8234=AXIS2_PLACEMENT_3D('',#11506,#9244,#9245);
#8235=AXIS2_PLACEMENT_3D('',#11509,#9247,#9248);
#8236=AXIS2_PLACEMENT_3D('',#11510,#9249,#9250);
#8237=AXIS2_PLACEMENT_3D('',#11513,#9252,#9253);
#8238=AXIS2_PLACEMENT_3D('',#11514,#9254,#9255);
#8239=AXIS2_PLACEMENT_3D('',#11516,#9256,#9257);
#8240=AXIS2_PLACEMENT_3D('',#11517,#9258,#9259);
#8241=AXIS2_PLACEMENT_3D('',#11518,#9260,#9261);
#8242=AXIS2_PLACEMENT_3D('',#11520,#9263,#9264);
#8243=AXIS2_PLACEMENT_3D('',#11522,#9266,#9267);
#8244=AXIS2_PLACEMENT_3D('',#11525,#9268,#9269);
#8245=AXIS2_PLACEMENT_3D('',#11528,#9271,#9272);
#8246=AXIS2_PLACEMENT_3D('',#11529,#9273,#9274);
#8247=AXIS2_PLACEMENT_3D('',#11530,#9275,#9276);
#8248=AXIS2_PLACEMENT_3D('',#11532,#9278,#9279);
#8249=AXIS2_PLACEMENT_3D('',#11534,#9280,#9281);
#8250=AXIS2_PLACEMENT_3D('',#11535,#9282,#9283);
#8251=AXIS2_PLACEMENT_3D('',#11538,#9285,#9286);
#8252=AXIS2_PLACEMENT_3D('',#11539,#9287,#9288);
#8253=AXIS2_PLACEMENT_3D('',#11540,#9289,#9290);
#8254=AXIS2_PLACEMENT_3D('',#11542,#9292,#9293);
#8255=AXIS2_PLACEMENT_3D('',#11544,#9294,#9295);
#8256=AXIS2_PLACEMENT_3D('',#11546,#9297,#9298);
#8257=AXIS2_PLACEMENT_3D('',#11549,#9299,#9300);
#8258=AXIS2_PLACEMENT_3D('',#11552,#9302,#9303);
#8259=AXIS2_PLACEMENT_3D('',#11553,#9304,#9305);
#8260=AXIS2_PLACEMENT_3D('',#11554,#9306,#9307);
#8261=AXIS2_PLACEMENT_3D('',#11557,#9308,#9309);
#8262=AXIS2_PLACEMENT_3D('',#11559,#9311,#9312);
#8263=AXIS2_PLACEMENT_3D('',#11560,#9313,#9314);
#8264=AXIS2_PLACEMENT_3D('',#11562,#9316,#9317);
#8265=AXIS2_PLACEMENT_3D('',#11564,#9318,#9319);
#8266=AXIS2_PLACEMENT_3D('',#11565,#9320,#9321);
#8267=AXIS2_PLACEMENT_3D('',#11568,#9323,#9324);
#8268=AXIS2_PLACEMENT_3D('',#11569,#9325,#9326);
#8269=AXIS2_PLACEMENT_3D('',#11572,#9328,#9329);
#8270=AXIS2_PLACEMENT_3D('',#11573,#9330,#9331);
#8271=AXIS2_PLACEMENT_3D('',#11575,#9332,#9333);
#8272=AXIS2_PLACEMENT_3D('',#11576,#9334,#9335);
#8273=AXIS2_PLACEMENT_3D('',#11578,#9337,#9338);
#8274=AXIS2_PLACEMENT_3D('',#11580,#9340,#9341);
#8275=AXIS2_PLACEMENT_3D('',#11582,#9342,#9343);
#8276=AXIS2_PLACEMENT_3D('',#11584,#9345,#9346);
#8277=AXIS2_PLACEMENT_3D('',#11587,#9347,#9348);
#8278=AXIS2_PLACEMENT_3D('',#11590,#9350,#9351);
#8279=AXIS2_PLACEMENT_3D('',#11591,#9352,#9353);
#8280=AXIS2_PLACEMENT_3D('',#11592,#9354,#9355);
#8281=AXIS2_PLACEMENT_3D('',#11595,#9356,#9357);
#8282=AXIS2_PLACEMENT_3D('',#11597,#9359,#9360);
#8283=AXIS2_PLACEMENT_3D('',#11598,#9361,#9362);
#8284=AXIS2_PLACEMENT_3D('',#11600,#9364,#9365);
#8285=AXIS2_PLACEMENT_3D('',#11602,#9366,#9367);
#8286=AXIS2_PLACEMENT_3D('',#11603,#9368,#9369);
#8287=AXIS2_PLACEMENT_3D('',#11606,#9371,#9372);
#8288=AXIS2_PLACEMENT_3D('',#11607,#9373,#9374);
#8289=AXIS2_PLACEMENT_3D('',#11610,#9376,#9377);
#8290=AXIS2_PLACEMENT_3D('',#11611,#9378,#9379);
#8291=AXIS2_PLACEMENT_3D('',#11613,#9380,#9381);
#8292=AXIS2_PLACEMENT_3D('',#11614,#9382,#9383);
#8293=AXIS2_PLACEMENT_3D('',#11616,#9385,#9386);
#8294=AXIS2_PLACEMENT_3D('',#11618,#9388,#9389);
#8295=AXIS2_PLACEMENT_3D('',#11619,#9390,#9391);
#8296=AXIS2_PLACEMENT_3D('',#11620,#9392,#9393);
#8297=AXIS2_PLACEMENT_3D('',#11621,#9394,#9395);
#8298=AXIS2_PLACEMENT_3D('',#11622,#9396,#9397);
#8299=AXIS2_PLACEMENT_3D('',#11623,#9398,#9399);
#8300=AXIS2_PLACEMENT_3D('',#11624,#9400,#9401);
#8301=AXIS2_PLACEMENT_3D('',#11625,#9402,#9403);
#8302=AXIS2_PLACEMENT_3D('',#11626,#9404,#9405);
#8303=AXIS2_PLACEMENT_3D('',#11627,#9406,#9407);
#8304=AXIS2_PLACEMENT_3D('',#11628,#9408,#9409);
#8305=AXIS2_PLACEMENT_3D('',#11629,#9410,#9411);
#8306=AXIS2_PLACEMENT_3D('',#11630,#9412,#9413);
#8307=AXIS2_PLACEMENT_3D('',#11631,#9414,#9415);
#8308=AXIS2_PLACEMENT_3D('',#11632,#9416,#9417);
#8309=AXIS2_PLACEMENT_3D('',#11633,#9418,#9419);
#8310=AXIS2_PLACEMENT_3D('',#11634,#9420,#9421);
#8311=AXIS2_PLACEMENT_3D('',#11643,#9426,#9427);
#8312=AXIS2_PLACEMENT_3D('',#11649,#9431,#9432);
#8313=AXIS2_PLACEMENT_3D('',#11651,#9433,#9434);
#8314=AXIS2_PLACEMENT_3D('',#11654,#9436,#9437);
#8315=AXIS2_PLACEMENT_3D('',#11655,#9438,#9439);
#8316=AXIS2_PLACEMENT_3D('',#11664,#9444,#9445);
#8317=AXIS2_PLACEMENT_3D('',#11667,#9448,#9449);
#8318=AXIS2_PLACEMENT_3D('',#11673,#9453,#9454);
#8319=AXIS2_PLACEMENT_3D('',#11679,#9458,#9459);
#8320=AXIS2_PLACEMENT_3D('',#11685,#9463,#9464);
#8321=AXIS2_PLACEMENT_3D('',#11691,#9468,#9469);
#8322=AXIS2_PLACEMENT_3D('',#11697,#9473,#9474);
#8323=AXIS2_PLACEMENT_3D('',#11703,#9478,#9479);
#8324=AXIS2_PLACEMENT_3D('',#11709,#9483,#9484);
#8325=AXIS2_PLACEMENT_3D('',#11715,#9488,#9489);
#8326=AXIS2_PLACEMENT_3D('',#11721,#9493,#9494);
#8327=AXIS2_PLACEMENT_3D('',#11727,#9498,#9499);
#8328=AXIS2_PLACEMENT_3D('',#11733,#9503,#9504);
#8329=AXIS2_PLACEMENT_3D('',#11739,#9508,#9509);
#8330=AXIS2_PLACEMENT_3D('',#11741,#9510,#9511);
#8331=AXIS2_PLACEMENT_3D('',#11743,#9512,#9513);
#8332=AXIS2_PLACEMENT_3D('',#11745,#9515,#9516);
#8333=AXIS2_PLACEMENT_3D('',#11751,#9520,#9521);
#8334=AXIS2_PLACEMENT_3D('',#11757,#9525,#9526);
#8335=AXIS2_PLACEMENT_3D('',#11763,#9530,#9531);
#8336=AXIS2_PLACEMENT_3D('',#11769,#9535,#9536);
#8337=AXIS2_PLACEMENT_3D('',#11775,#9540,#9541);
#8338=AXIS2_PLACEMENT_3D('',#11781,#9545,#9546);
#8339=AXIS2_PLACEMENT_3D('',#11787,#9550,#9551);
#8340=AXIS2_PLACEMENT_3D('',#11793,#9555,#9556);
#8341=AXIS2_PLACEMENT_3D('',#11799,#9560,#9561);
#8342=AXIS2_PLACEMENT_3D('',#11805,#9565,#9566);
#8343=AXIS2_PLACEMENT_3D('',#11811,#9570,#9571);
#8344=AXIS2_PLACEMENT_3D('',#11817,#9575,#9576);
#8345=AXIS2_PLACEMENT_3D('',#11823,#9580,#9581);
#8346=AXIS2_PLACEMENT_3D('',#11829,#9585,#9586);
#8347=AXIS2_PLACEMENT_3D('',#11831,#9587,#9588);
#8348=AXIS2_PLACEMENT_3D('',#11833,#9589,#9590);
#8349=AXIS2_PLACEMENT_3D('',#11835,#9592,#9593);
#8350=AXIS2_PLACEMENT_3D('',#11841,#9597,#9598);
#8351=AXIS2_PLACEMENT_3D('',#11847,#9602,#9603);
#8352=AXIS2_PLACEMENT_3D('',#11853,#9607,#9608);
#8353=AXIS2_PLACEMENT_3D('',#11859,#9612,#9613);
#8354=AXIS2_PLACEMENT_3D('',#11865,#9617,#9618);
#8355=AXIS2_PLACEMENT_3D('',#11871,#9622,#9623);
#8356=AXIS2_PLACEMENT_3D('',#11877,#9627,#9628);
#8357=AXIS2_PLACEMENT_3D('',#11883,#9632,#9633);
#8358=AXIS2_PLACEMENT_3D('',#11889,#9637,#9638);
#8359=AXIS2_PLACEMENT_3D('',#11895,#9642,#9643);
#8360=AXIS2_PLACEMENT_3D('',#11901,#9647,#9648);
#8361=AXIS2_PLACEMENT_3D('',#11907,#9652,#9653);
#8362=AXIS2_PLACEMENT_3D('',#11913,#9657,#9658);
#8363=AXIS2_PLACEMENT_3D('',#11919,#9662,#9663);
#8364=AXIS2_PLACEMENT_3D('',#11921,#9664,#9665);
#8365=AXIS2_PLACEMENT_3D('',#11923,#9666,#9667);
#8366=AXIS2_PLACEMENT_3D('',#11925,#9669,#9670);
#8367=AXIS2_PLACEMENT_3D('',#11931,#9674,#9675);
#8368=AXIS2_PLACEMENT_3D('',#11937,#9679,#9680);
#8369=AXIS2_PLACEMENT_3D('',#11943,#9684,#9685);
#8370=AXIS2_PLACEMENT_3D('',#11949,#9689,#9690);
#8371=AXIS2_PLACEMENT_3D('',#11955,#9694,#9695);
#8372=AXIS2_PLACEMENT_3D('',#11961,#9699,#9700);
#8373=AXIS2_PLACEMENT_3D('',#11967,#9704,#9705);
#8374=AXIS2_PLACEMENT_3D('',#11973,#9709,#9710);
#8375=AXIS2_PLACEMENT_3D('',#11979,#9714,#9715);
#8376=AXIS2_PLACEMENT_3D('',#11985,#9719,#9720);
#8377=AXIS2_PLACEMENT_3D('',#11991,#9724,#9725);
#8378=AXIS2_PLACEMENT_3D('',#11994,#9728,#9729);
#8379=AXIS2_PLACEMENT_3D('',#11996,#9730,#9731);
#8380=AXIS2_PLACEMENT_3D('',#11997,#9732,#9733);
#8381=AXIS2_PLACEMENT_3D('',#11999,#9734,#9735);
#8382=AXIS2_PLACEMENT_3D('',#12000,#9736,#9737);
#8383=AXIS2_PLACEMENT_3D('',#12002,#9739,#9740);
#8384=AXIS2_PLACEMENT_3D('',#12003,#9741,#9742);
#8385=AXIS2_PLACEMENT_3D('',#12005,#9743,#9744);
#8386=AXIS2_PLACEMENT_3D('',#12008,#9746,#9747);
#8387=AXIS2_PLACEMENT_3D('',#12009,#9748,#9749);
#8388=AXIS2_PLACEMENT_3D('',#12011,#9750,#9751);
#8389=AXIS2_PLACEMENT_3D('',#12014,#9753,#9754);
#8390=AXIS2_PLACEMENT_3D('',#12015,#9755,#9756);
#8391=AXIS2_PLACEMENT_3D('',#12017,#9757,#9758);
#8392=AXIS2_PLACEMENT_3D('',#12019,#9760,#9761);
#8393=AXIS2_PLACEMENT_3D('',#12021,#9762,#9763);
#8394=AXIS2_PLACEMENT_3D('',#12023,#9765,#9766);
#8395=AXIS2_PLACEMENT_3D('',#12025,#9767,#9768);
#8396=AXIS2_PLACEMENT_3D('',#12028,#9770,#9771);
#8397=AXIS2_PLACEMENT_3D('',#12029,#9772,#9773);
#8398=AXIS2_PLACEMENT_3D('',#12032,#9774,#9775);
#8399=AXIS2_PLACEMENT_3D('',#12036,#9777,#9778);
#8400=AXIS2_PLACEMENT_3D('',#12038,#9780,#9781);
#8401=AXIS2_PLACEMENT_3D('',#12040,#9782,#9783);
#8402=AXIS2_PLACEMENT_3D('',#12043,#9785,#9786);
#8403=AXIS2_PLACEMENT_3D('',#12044,#9787,#9788);
#8404=AXIS2_PLACEMENT_3D('',#12046,#9789,#9790);
#8405=AXIS2_PLACEMENT_3D('',#12049,#9792,#9793);
#8406=AXIS2_PLACEMENT_3D('',#12050,#9794,#9795);
#8407=AXIS2_PLACEMENT_3D('',#12052,#9796,#9797);
#8408=AXIS2_PLACEMENT_3D('',#12054,#9799,#9800);
#8409=AXIS2_PLACEMENT_3D('',#12056,#9801,#9802);
#8410=AXIS2_PLACEMENT_3D('',#12058,#9804,#9805);
#8411=AXIS2_PLACEMENT_3D('',#12059,#9806,#9807);
#8412=AXIS2_PLACEMENT_3D('',#12060,#9808,#9809);
#8413=AXIS2_PLACEMENT_3D('',#12069,#9814,#9815);
#8414=AXIS2_PLACEMENT_3D('',#12078,#9820,#9821);
#8415=AXIS2_PLACEMENT_3D('',#12087,#9826,#9827);
#8416=AXIS2_PLACEMENT_3D('',#12096,#9832,#9833);
#8417=AXIS2_PLACEMENT_3D('',#12105,#9838,#9839);
#8418=AXIS2_PLACEMENT_3D('',#12114,#9844,#9845);
#8419=AXIS2_PLACEMENT_3D('',#12123,#9850,#9851);
#8420=AXIS2_PLACEMENT_3D('',#12132,#9856,#9857);
#8421=AXIS2_PLACEMENT_3D('',#12137,#9859,#9860);
#8422=AXIS2_PLACEMENT_3D('',#12140,#9862,#9863);
#8423=AXIS2_PLACEMENT_3D('',#12141,#9864,#9865);
#8424=AXIS2_PLACEMENT_3D('',#12150,#9870,#9871);
#8425=AXIS2_PLACEMENT_3D('',#12153,#9874,#9875);
#8426=AXIS2_PLACEMENT_3D('',#12156,#9878,#9879);
#8427=AXIS2_PLACEMENT_3D('',#12159,#9882,#9883);
#8428=AXIS2_PLACEMENT_3D('',#12162,#9886,#9887);
#8429=AXIS2_PLACEMENT_3D('',#12165,#9890,#9891);
#8430=AXIS2_PLACEMENT_3D('',#12168,#9894,#9895);
#8431=AXIS2_PLACEMENT_3D('',#12171,#9898,#9899);
#8432=AXIS2_PLACEMENT_3D('',#12174,#9902,#9903);
#8433=AXIS2_PLACEMENT_3D('',#12177,#9906,#9907);
#8434=AXIS2_PLACEMENT_3D('',#12180,#9910,#9911);
#8435=AXIS2_PLACEMENT_3D('',#12183,#9914,#9915);
#8436=AXIS2_PLACEMENT_3D('',#12184,#9916,#9917);
#8437=AXIS2_PLACEMENT_3D('',#12185,#9918,#9919);
#8438=AXIS2_PLACEMENT_3D('',#12186,#9920,#9921);
#8439=AXIS2_PLACEMENT_3D('',#12187,#9922,#9923);
#8440=AXIS2_PLACEMENT_3D('',#12189,#9924,#9925);
#8441=AXIS2_PLACEMENT_3D('',#12192,#9927,#9928);
#8442=AXIS2_PLACEMENT_3D('',#12193,#9929,#9930);
#8443=AXIS2_PLACEMENT_3D('',#12196,#9931,#9932);
#8444=AXIS2_PLACEMENT_3D('',#12200,#9934,#9935);
#8445=AXIS2_PLACEMENT_3D('',#12202,#9937,#9938);
#8446=AXIS2_PLACEMENT_3D('',#12205,#9939,#9940);
#8447=AXIS2_PLACEMENT_3D('',#12209,#9942,#9943);
#8448=AXIS2_PLACEMENT_3D('',#12211,#9945,#9946);
#8449=AXIS2_PLACEMENT_3D('',#12217,#9950,#9951);
#8450=AXIS2_PLACEMENT_3D('',#12226,#9956,#9957);
#8451=AXIS2_PLACEMENT_3D('',#12235,#9962,#9963);
#8452=AXIS2_PLACEMENT_3D('',#12244,#9968,#9969);
#8453=AXIS2_PLACEMENT_3D('',#12253,#9974,#9975);
#8454=AXIS2_PLACEMENT_3D('',#12262,#9980,#9981);
#8455=AXIS2_PLACEMENT_3D('',#12268,#9985,#9986);
#8456=AXIS2_PLACEMENT_3D('',#12274,#9990,#9991);
#8457=AXIS2_PLACEMENT_3D('',#12280,#9995,#9996);
#8458=AXIS2_PLACEMENT_3D('',#12283,#9999,#10000);
#8459=AXIS2_PLACEMENT_3D('',#12290,#10007,#10008);
#8460=AXIS2_PLACEMENT_3D('',#12297,#10015,#10016);
#8461=AXIS2_PLACEMENT_3D('',#12298,#10017,#10018);
#8462=AXIS2_PLACEMENT_3D('',#12299,#10019,#10020);
#8463=AXIS2_PLACEMENT_3D('',#12300,#10021,#10022);
#8464=AXIS2_PLACEMENT_3D('',#12301,#10023,#10024);
#8465=AXIS2_PLACEMENT_3D('',#12302,#10025,#10026);
#8466=AXIS2_PLACEMENT_3D('',#12303,#10027,#10028);
#8467=AXIS2_PLACEMENT_3D('',#12306,#10029,#10030);
#8468=AXIS2_PLACEMENT_3D('',#12308,#10031,#10032);
#8469=AXIS2_PLACEMENT_3D('',#12310,#10033,#10034);
#8470=AXIS2_PLACEMENT_3D('',#12312,#10035,#10036);
#8471=AXIS2_PLACEMENT_3D('',#12314,#10037,#10038);
#8472=AXIS2_PLACEMENT_3D('',#12316,#10039,#10040);
#8473=AXIS2_PLACEMENT_3D('',#12318,#10041,#10042);
#8474=AXIS2_PLACEMENT_3D('',#12320,#10043,#10044);
#8475=AXIS2_PLACEMENT_3D('',#12322,#10045,#10046);
#8476=AXIS2_PLACEMENT_3D('',#12324,#10047,#10048);
#8477=AXIS2_PLACEMENT_3D('',#12326,#10049,#10050);
#8478=AXIS2_PLACEMENT_3D('',#12328,#10051,#10052);
#8479=AXIS2_PLACEMENT_3D('',#12329,#10053,#10054);
#8480=AXIS2_PLACEMENT_3D('',#12331,#10055,#10056);
#8481=AXIS2_PLACEMENT_3D('',#12332,#10057,#10058);
#8482=AXIS2_PLACEMENT_3D('',#12333,#10059,#10060);
#8483=AXIS2_PLACEMENT_3D('',#12334,#10061,#10062);
#8484=AXIS2_PLACEMENT_3D('',#12340,#10066,#10067);
#8485=AXIS2_PLACEMENT_3D('',#12344,#10070,#10071);
#8486=AXIS2_PLACEMENT_3D('',#12348,#10074,#10075);
#8487=AXIS2_PLACEMENT_3D('',#12352,#10078,#10079);
#8488=AXIS2_PLACEMENT_3D('',#12356,#10082,#10083);
#8489=AXIS2_PLACEMENT_3D('',#12360,#10086,#10087);
#8490=AXIS2_PLACEMENT_3D('',#12364,#10090,#10091);
#8491=AXIS2_PLACEMENT_3D('',#12368,#10094,#10095);
#8492=AXIS2_PLACEMENT_3D('',#12372,#10098,#10099);
#8493=AXIS2_PLACEMENT_3D('',#12376,#10102,#10103);
#8494=AXIS2_PLACEMENT_3D('',#12380,#10106,#10107);
#8495=AXIS2_PLACEMENT_3D('',#12382,#10109,#10110);
#8496=AXIS2_PLACEMENT_3D('',#12383,#10111,#10112);
#8497=AXIS2_PLACEMENT_3D('',#12386,#10113,#10114);
#8498=AXIS2_PLACEMENT_3D('',#12388,#10115,#10116);
#8499=AXIS2_PLACEMENT_3D('',#12390,#10117,#10118);
#8500=AXIS2_PLACEMENT_3D('',#12392,#10119,#10120);
#8501=AXIS2_PLACEMENT_3D('',#12394,#10121,#10122);
#8502=AXIS2_PLACEMENT_3D('',#12396,#10123,#10124);
#8503=AXIS2_PLACEMENT_3D('',#12398,#10125,#10126);
#8504=AXIS2_PLACEMENT_3D('',#12400,#10127,#10128);
#8505=AXIS2_PLACEMENT_3D('',#12402,#10129,#10130);
#8506=AXIS2_PLACEMENT_3D('',#12404,#10131,#10132);
#8507=AXIS2_PLACEMENT_3D('',#12406,#10133,#10134);
#8508=AXIS2_PLACEMENT_3D('',#12408,#10135,#10136);
#8509=AXIS2_PLACEMENT_3D('',#12409,#10137,#10138);
#8510=AXIS2_PLACEMENT_3D('',#12411,#10139,#10140);
#8511=AXIS2_PLACEMENT_3D('',#12412,#10141,#10142);
#8512=AXIS2_PLACEMENT_3D('',#12413,#10143,#10144);
#8513=AXIS2_PLACEMENT_3D('',#12414,#10145,#10146);
#8514=AXIS2_PLACEMENT_3D('',#12420,#10150,#10151);
#8515=AXIS2_PLACEMENT_3D('',#12424,#10154,#10155);
#8516=AXIS2_PLACEMENT_3D('',#12428,#10158,#10159);
#8517=AXIS2_PLACEMENT_3D('',#12432,#10162,#10163);
#8518=AXIS2_PLACEMENT_3D('',#12436,#10166,#10167);
#8519=AXIS2_PLACEMENT_3D('',#12440,#10170,#10171);
#8520=AXIS2_PLACEMENT_3D('',#12444,#10174,#10175);
#8521=AXIS2_PLACEMENT_3D('',#12448,#10178,#10179);
#8522=AXIS2_PLACEMENT_3D('',#12452,#10182,#10183);
#8523=AXIS2_PLACEMENT_3D('',#12456,#10186,#10187);
#8524=AXIS2_PLACEMENT_3D('',#12460,#10190,#10191);
#8525=AXIS2_PLACEMENT_3D('',#12462,#10193,#10194);
#8526=AXIS2_PLACEMENT_3D('',#12463,#10195,#10196);
#8527=AXIS2_PLACEMENT_3D('',#12466,#10197,#10198);
#8528=AXIS2_PLACEMENT_3D('',#12470,#10200,#10201);
#8529=AXIS2_PLACEMENT_3D('',#12472,#10203,#10204);
#8530=AXIS2_PLACEMENT_3D('',#12475,#10205,#10206);
#8531=AXIS2_PLACEMENT_3D('',#12479,#10208,#10209);
#8532=AXIS2_PLACEMENT_3D('',#12483,#10211,#10212);
#8533=AXIS2_PLACEMENT_3D('',#12487,#10214,#10215);
#8534=AXIS2_PLACEMENT_3D('',#12490,#10217,#10218);
#8535=AXIS2_PLACEMENT_3D('',#12493,#10220,#10221);
#8536=AXIS2_PLACEMENT_3D('',#12494,#10222,#10223);
#8537=AXIS2_PLACEMENT_3D('',#12496,#10224,#10225);
#8538=AXIS2_PLACEMENT_3D('',#12499,#10227,#10228);
#8539=AXIS2_PLACEMENT_3D('',#12500,#10229,#10230);
#8540=AXIS2_PLACEMENT_3D('',#12503,#10231,#10232);
#8541=AXIS2_PLACEMENT_3D('',#12506,#10234,#10235);
#8542=AXIS2_PLACEMENT_3D('',#12508,#10236,#10237);
#8543=AXIS2_PLACEMENT_3D('',#12512,#10239,#10240);
#8544=AXIS2_PLACEMENT_3D('',#12516,#10242,#10243);
#8545=AXIS2_PLACEMENT_3D('',#12520,#10245,#10246);
#8546=AXIS2_PLACEMENT_3D('',#12522,#10248,#10249);
#8547=AXIS2_PLACEMENT_3D('',#12538,#10258,#10259);
#8548=AXIS2_PLACEMENT_3D('',#12552,#10267,#10268);
#8549=AXIS2_PLACEMENT_3D('',#12570,#10278,#10279);
#8550=AXIS2_PLACEMENT_3D('',#12578,#10283,#10284);
#8551=AXIS2_PLACEMENT_3D('',#12586,#10288,#10289);
#8552=AXIS2_PLACEMENT_3D('',#12594,#10293,#10294);
#8553=AXIS2_PLACEMENT_3D('',#12603,#10299,#10300);
#8554=AXIS2_PLACEMENT_3D('',#12605,#10302,#10303);
#8555=AXIS2_PLACEMENT_3D('',#12619,#10311,#10312);
#8556=AXIS2_PLACEMENT_3D('',#12632,#10320,#10321);
#8557=AXIS2_PLACEMENT_3D('',#12638,#10325,#10326);
#8558=AXIS2_PLACEMENT_3D('',#12640,#10327,#10328);
#8559=AXIS2_PLACEMENT_3D('',#12642,#10330,#10331);
#8560=AXIS2_PLACEMENT_3D('',#12646,#10334,#10335);
#8561=AXIS2_PLACEMENT_3D('',#12650,#10338,#10339);
#8562=AXIS2_PLACEMENT_3D('',#12654,#10342,#10343);
#8563=AXIS2_PLACEMENT_3D('',#12656,#10344,#10345);
#8564=AXIS2_PLACEMENT_3D('',#12658,#10347,#10348);
#8565=AXIS2_PLACEMENT_3D('',#12662,#10351,#10352);
#8566=AXIS2_PLACEMENT_3D('',#12668,#10356,#10357);
#8567=AXIS2_PLACEMENT_3D('',#12679,#10364,#10365);
#8568=AXIS2_PLACEMENT_3D('',#12685,#10369,#10370);
#8569=AXIS2_PLACEMENT_3D('',#12691,#10374,#10375);
#8570=AXIS2_PLACEMENT_3D('',#12693,#10376,#10377);
#8571=AXIS2_PLACEMENT_3D('',#12695,#10379,#10380);
#8572=AXIS2_PLACEMENT_3D('',#12699,#10383,#10384);
#8573=AXIS2_PLACEMENT_3D('',#12703,#10387,#10388);
#8574=AXIS2_PLACEMENT_3D('',#12707,#10391,#10392);
#8575=AXIS2_PLACEMENT_3D('',#12709,#10393,#10394);
#8576=AXIS2_PLACEMENT_3D('',#12711,#10396,#10397);
#8577=AXIS2_PLACEMENT_3D('',#12715,#10400,#10401);
#8578=AXIS2_PLACEMENT_3D('',#12717,#10403,#10404);
#8579=AXIS2_PLACEMENT_3D('',#12724,#10411,#10412);
#8580=AXIS2_PLACEMENT_3D('',#12725,#10413,#10414);
#8581=AXIS2_PLACEMENT_3D('',#12726,#10415,#10416);
#8582=AXIS2_PLACEMENT_3D('',#12727,#10417,#10418);
#8583=AXIS2_PLACEMENT_3D('',#12728,#10419,#10420);
#8584=AXIS2_PLACEMENT_3D('',#12729,#10421,#10422);
#8585=AXIS2_PLACEMENT_3D('',#12730,#10423,#10424);
#8586=AXIS2_PLACEMENT_3D('',#12734,#10427,#10428);
#8587=AXIS2_PLACEMENT_3D('',#12738,#10431,#10432);
#8588=AXIS2_PLACEMENT_3D('',#12740,#10434,#10435);
#8589=AXIS2_PLACEMENT_3D('',#12742,#10437,#10438);
#8590=AXIS2_PLACEMENT_3D('',#12744,#10440,#10441);
#8591=AXIS2_PLACEMENT_3D('',#12745,#10442,#10443);
#8592=AXIS2_PLACEMENT_3D('',#12749,#10446,#10447);
#8593=AXIS2_PLACEMENT_3D('',#12751,#10449,#10450);
#8594=AXIS2_PLACEMENT_3D('',#12753,#10452,#10453);
#8595=AXIS2_PLACEMENT_3D('',#12757,#10456,#10457);
#8596=AXIS2_PLACEMENT_3D('',#12759,#10459,#10460);
#8597=AXIS2_PLACEMENT_3D('',#12760,#10461,#10462);
#8598=AXIS2_PLACEMENT_3D('',#12764,#10464,#10465);
#8599=AXIS2_PLACEMENT_3D('',#12766,#10467,#10468);
#8600=AXIS2_PLACEMENT_3D('',#12770,#10471,#10472);
#8601=AXIS2_PLACEMENT_3D('',#12772,#10474,#10475);
#8602=AXIS2_PLACEMENT_3D('',#12774,#10477,#10478);
#8603=AXIS2_PLACEMENT_3D('',#12778,#10481,#10482);
#8604=AXIS2_PLACEMENT_3D('',#12780,#10484,#10485);
#8605=AXIS2_PLACEMENT_3D('',#12781,#10486,#10487);
#8606=AXIS2_PLACEMENT_3D('',#12783,#10488,#10489);
#8607=AXIS2_PLACEMENT_3D('',#12786,#10491,#10492);
#8608=AXIS2_PLACEMENT_3D('',#12787,#10493,#10494);
#8609=AXIS2_PLACEMENT_3D('',#12790,#10495,#10496);
#8610=AXIS2_PLACEMENT_3D('',#12794,#10498,#10499);
#8611=AXIS2_PLACEMENT_3D('',#12796,#10501,#10502);
#8612=AXIS2_PLACEMENT_3D('',#12799,#10503,#10504);
#8613=AXIS2_PLACEMENT_3D('',#12803,#10506,#10507);
#8614=AXIS2_PLACEMENT_3D('',#12805,#10509,#10510);
#8615=AXIS2_PLACEMENT_3D('',#12811,#10514,#10515);
#8616=AXIS2_PLACEMENT_3D('',#12820,#10520,#10521);
#8617=AXIS2_PLACEMENT_3D('',#12829,#10526,#10527);
#8618=AXIS2_PLACEMENT_3D('',#12838,#10532,#10533);
#8619=AXIS2_PLACEMENT_3D('',#12847,#10538,#10539);
#8620=AXIS2_PLACEMENT_3D('',#12856,#10544,#10545);
#8621=AXIS2_PLACEMENT_3D('',#12862,#10549,#10550);
#8622=AXIS2_PLACEMENT_3D('',#12868,#10554,#10555);
#8623=AXIS2_PLACEMENT_3D('',#12874,#10559,#10560);
#8624=AXIS2_PLACEMENT_3D('',#12877,#10563,#10564);
#8625=AXIS2_PLACEMENT_3D('',#12884,#10571,#10572);
#8626=AXIS2_PLACEMENT_3D('',#12891,#10579,#10580);
#8627=AXIS2_PLACEMENT_3D('',#12892,#10581,#10582);
#8628=AXIS2_PLACEMENT_3D('',#12893,#10583,#10584);
#8629=AXIS2_PLACEMENT_3D('',#12894,#10585,#10586);
#8630=AXIS2_PLACEMENT_3D('',#12895,#10587,#10588);
#8631=AXIS2_PLACEMENT_3D('',#12896,#10589,#10590);
#8632=AXIS2_PLACEMENT_3D('',#12897,#10591,#10592);
#8633=AXIS2_PLACEMENT_3D('',#12900,#10593,#10594);
#8634=AXIS2_PLACEMENT_3D('',#12904,#10596,#10597);
#8635=AXIS2_PLACEMENT_3D('',#12906,#10599,#10600);
#8636=AXIS2_PLACEMENT_3D('',#12909,#10601,#10602);
#8637=AXIS2_PLACEMENT_3D('',#12912,#10604,#10605);
#8638=AXIS2_PLACEMENT_3D('',#12914,#10606,#10607);
#8639=AXIS2_PLACEMENT_3D('',#12918,#10609,#10610);
#8640=AXIS2_PLACEMENT_3D('',#12922,#10612,#10613);
#8641=AXIS2_PLACEMENT_3D('',#12926,#10615,#10616);
#8642=AXIS2_PLACEMENT_3D('',#12928,#10618,#10619);
#8643=AXIS2_PLACEMENT_3D('',#12930,#10620,#10621);
#8644=AXIS2_PLACEMENT_3D('',#12933,#10623,#10624);
#8645=AXIS2_PLACEMENT_3D('',#12934,#10625,#10626);
#8646=AXIS2_PLACEMENT_3D('',#12937,#10627,#10628);
#8647=AXIS2_PLACEMENT_3D('',#12941,#10630,#10631);
#8648=AXIS2_PLACEMENT_3D('',#12945,#10633,#10634);
#8649=AXIS2_PLACEMENT_3D('',#12949,#10636,#10637);
#8650=AXIS2_PLACEMENT_3D('',#12952,#10639,#10640);
#8651=AXIS2_PLACEMENT_3D('',#12955,#10642,#10643);
#8652=AXIS2_PLACEMENT_3D('',#12956,#10644,#10645);
#8653=AXIS2_PLACEMENT_3D('',#12972,#10654,#10655);
#8654=AXIS2_PLACEMENT_3D('',#12986,#10663,#10664);
#8655=AXIS2_PLACEMENT_3D('',#12992,#10667,#10668);
#8656=AXIS2_PLACEMENT_3D('',#13001,#10673,#10674);
#8657=AXIS2_PLACEMENT_3D('',#13009,#10678,#10679);
#8658=AXIS2_PLACEMENT_3D('',#13017,#10683,#10684);
#8659=AXIS2_PLACEMENT_3D('',#13025,#10688,#10689);
#8660=AXIS2_PLACEMENT_3D('',#13039,#10698,#10699);
#8661=AXIS2_PLACEMENT_3D('',#13053,#10707,#10708);
#8662=AXIS2_PLACEMENT_3D('',#13066,#10716,#10717);
#8663=AXIS2_PLACEMENT_3D('',#13072,#10721,#10722);
#8664=AXIS2_PLACEMENT_3D('',#13074,#10723,#10724);
#8665=AXIS2_PLACEMENT_3D('',#13076,#10726,#10727);
#8666=AXIS2_PLACEMENT_3D('',#13080,#10730,#10731);
#8667=AXIS2_PLACEMENT_3D('',#13084,#10734,#10735);
#8668=AXIS2_PLACEMENT_3D('',#13088,#10738,#10739);
#8669=AXIS2_PLACEMENT_3D('',#13090,#10740,#10741);
#8670=AXIS2_PLACEMENT_3D('',#13092,#10743,#10744);
#8671=AXIS2_PLACEMENT_3D('',#13096,#10747,#10748);
#8672=AXIS2_PLACEMENT_3D('',#13102,#10752,#10753);
#8673=AXIS2_PLACEMENT_3D('',#13113,#10760,#10761);
#8674=AXIS2_PLACEMENT_3D('',#13119,#10765,#10766);
#8675=AXIS2_PLACEMENT_3D('',#13125,#10770,#10771);
#8676=AXIS2_PLACEMENT_3D('',#13127,#10772,#10773);
#8677=AXIS2_PLACEMENT_3D('',#13129,#10775,#10776);
#8678=AXIS2_PLACEMENT_3D('',#13133,#10779,#10780);
#8679=AXIS2_PLACEMENT_3D('',#13137,#10783,#10784);
#8680=AXIS2_PLACEMENT_3D('',#13141,#10787,#10788);
#8681=AXIS2_PLACEMENT_3D('',#13143,#10789,#10790);
#8682=AXIS2_PLACEMENT_3D('',#13145,#10792,#10793);
#8683=AXIS2_PLACEMENT_3D('',#13149,#10796,#10797);
#8684=AXIS2_PLACEMENT_3D('',#13151,#10799,#10800);
#8685=AXIS2_PLACEMENT_3D('',#13158,#10807,#10808);
#8686=AXIS2_PLACEMENT_3D('',#13159,#10809,#10810);
#8687=AXIS2_PLACEMENT_3D('',#13160,#10811,#10812);
#8688=AXIS2_PLACEMENT_3D('',#13161,#10813,#10814);
#8689=AXIS2_PLACEMENT_3D('',#13162,#10815,#10816);
#8690=AXIS2_PLACEMENT_3D('',#13163,#10817,#10818);
#8691=AXIS2_PLACEMENT_3D('',#13164,#10819,#10820);
#8692=AXIS2_PLACEMENT_3D('',#13168,#10823,#10824);
#8693=AXIS2_PLACEMENT_3D('',#13172,#10827,#10828);
#8694=AXIS2_PLACEMENT_3D('',#13174,#10830,#10831);
#8695=AXIS2_PLACEMENT_3D('',#13176,#10833,#10834);
#8696=AXIS2_PLACEMENT_3D('',#13178,#10836,#10837);
#8697=AXIS2_PLACEMENT_3D('',#13179,#10838,#10839);
#8698=AXIS2_PLACEMENT_3D('',#13183,#10842,#10843);
#8699=AXIS2_PLACEMENT_3D('',#13185,#10845,#10846);
#8700=AXIS2_PLACEMENT_3D('',#13187,#10848,#10849);
#8701=AXIS2_PLACEMENT_3D('',#13191,#10852,#10853);
#8702=AXIS2_PLACEMENT_3D('',#13193,#10855,#10856);
#8703=AXIS2_PLACEMENT_3D('',#13194,#10857,#10858);
#8704=AXIS2_PLACEMENT_3D('',#13198,#10860,#10861);
#8705=AXIS2_PLACEMENT_3D('',#13200,#10863,#10864);
#8706=AXIS2_PLACEMENT_3D('',#13204,#10867,#10868);
#8707=AXIS2_PLACEMENT_3D('',#13206,#10870,#10871);
#8708=AXIS2_PLACEMENT_3D('',#13208,#10873,#10874);
#8709=AXIS2_PLACEMENT_3D('',#13212,#10877,#10878);
#8710=AXIS2_PLACEMENT_3D('',#13214,#10880,#10881);
#8711=AXIS2_PLACEMENT_3D('',#13215,#10882,#10883);
#8712=AXIS2_PLACEMENT_3D('',#13217,#10884,#10885);
#8713=AXIS2_PLACEMENT_3D('',#13219,#10886,#10887);
#8714=AXIS2_PLACEMENT_3D('',#13221,#10888,#10889);
#8715=AXIS2_PLACEMENT_3D('',#13223,#10890,#10891);
#8716=AXIS2_PLACEMENT_3D('',#13225,#10892,#10893);
#8717=AXIS2_PLACEMENT_3D('',#13227,#10894,#10895);
#8718=AXIS2_PLACEMENT_3D('',#13229,#10896,#10897);
#8719=AXIS2_PLACEMENT_3D('',#13231,#10898,#10899);
#8720=AXIS2_PLACEMENT_3D('',#13233,#10900,#10901);
#8721=AXIS2_PLACEMENT_3D('',#13235,#10902,#10903);
#8722=AXIS2_PLACEMENT_3D('',#13237,#10904,#10905);
#8723=AXIS2_PLACEMENT_3D('',#13239,#10906,#10907);
#8724=AXIS2_PLACEMENT_3D('',#13241,#10908,#10909);
#8725=AXIS2_PLACEMENT_3D('',#13243,#10910,#10911);
#8726=AXIS2_PLACEMENT_3D('',#13244,#10912,#10913);
#8727=AXIS2_PLACEMENT_3D('',#13245,#10914,#10915);
#8728=AXIS2_PLACEMENT_3D('',#13246,#10916,#10917);
#8729=AXIS2_PLACEMENT_3D('',#13252,#10921,#10922);
#8730=AXIS2_PLACEMENT_3D('',#13256,#10925,#10926);
#8731=AXIS2_PLACEMENT_3D('',#13260,#10929,#10930);
#8732=AXIS2_PLACEMENT_3D('',#13264,#10933,#10934);
#8733=AXIS2_PLACEMENT_3D('',#13268,#10937,#10938);
#8734=AXIS2_PLACEMENT_3D('',#13272,#10941,#10942);
#8735=AXIS2_PLACEMENT_3D('',#13276,#10945,#10946);
#8736=AXIS2_PLACEMENT_3D('',#13280,#10949,#10950);
#8737=AXIS2_PLACEMENT_3D('',#13284,#10953,#10954);
#8738=AXIS2_PLACEMENT_3D('',#13288,#10957,#10958);
#8739=AXIS2_PLACEMENT_3D('',#13292,#10961,#10962);
#8740=AXIS2_PLACEMENT_3D('',#13294,#10964,#10965);
#8741=AXIS2_PLACEMENT_3D('',#13295,#10966,#10967);
#8742=AXIS2_PLACEMENT_3D('',#13297,#10968,#10969);
#8743=AXIS2_PLACEMENT_3D('',#13299,#10970,#10971);
#8744=AXIS2_PLACEMENT_3D('',#13301,#10972,#10973);
#8745=AXIS2_PLACEMENT_3D('',#13303,#10974,#10975);
#8746=AXIS2_PLACEMENT_3D('',#13305,#10976,#10977);
#8747=AXIS2_PLACEMENT_3D('',#13307,#10978,#10979);
#8748=AXIS2_PLACEMENT_3D('',#13309,#10980,#10981);
#8749=AXIS2_PLACEMENT_3D('',#13311,#10982,#10983);
#8750=AXIS2_PLACEMENT_3D('',#13313,#10984,#10985);
#8751=AXIS2_PLACEMENT_3D('',#13315,#10986,#10987);
#8752=AXIS2_PLACEMENT_3D('',#13317,#10988,#10989);
#8753=AXIS2_PLACEMENT_3D('',#13319,#10990,#10991);
#8754=AXIS2_PLACEMENT_3D('',#13321,#10992,#10993);
#8755=AXIS2_PLACEMENT_3D('',#13323,#10994,#10995);
#8756=AXIS2_PLACEMENT_3D('',#13324,#10996,#10997);
#8757=AXIS2_PLACEMENT_3D('',#13325,#10998,#10999);
#8758=AXIS2_PLACEMENT_3D('',#13326,#11000,#11001);
#8759=AXIS2_PLACEMENT_3D('',#13332,#11005,#11006);
#8760=AXIS2_PLACEMENT_3D('',#13336,#11009,#11010);
#8761=AXIS2_PLACEMENT_3D('',#13340,#11013,#11014);
#8762=AXIS2_PLACEMENT_3D('',#13344,#11017,#11018);
#8763=AXIS2_PLACEMENT_3D('',#13348,#11021,#11022);
#8764=AXIS2_PLACEMENT_3D('',#13352,#11025,#11026);
#8765=AXIS2_PLACEMENT_3D('',#13356,#11029,#11030);
#8766=AXIS2_PLACEMENT_3D('',#13360,#11033,#11034);
#8767=AXIS2_PLACEMENT_3D('',#13364,#11037,#11038);
#8768=AXIS2_PLACEMENT_3D('',#13368,#11041,#11042);
#8769=AXIS2_PLACEMENT_3D('',#13372,#11045,#11046);
#8770=AXIS2_PLACEMENT_3D('',#13374,#11048,#11049);
#8771=AXIS2_PLACEMENT_3D('',#13375,#11050,#11051);
#8772=AXIS2_PLACEMENT_3D('',#13376,#11052,#11053);
#8773=AXIS2_PLACEMENT_3D('',#13377,#11054,#11055);
#8774=DIRECTION('axis',(0.,0.,1.));
#8775=DIRECTION('refdir',(1.,0.,0.));
#8776=DIRECTION('axis',(0.,0.,1.));
#8777=DIRECTION('refdir',(1.,0.,0.));
#8778=DIRECTION('axis',(0.,0.,1.));
#8779=DIRECTION('refdir',(1.,0.,0.));
#8780=DIRECTION('center_axis',(0.,0.,1.));
#8781=DIRECTION('ref_axis',(1.,0.,0.));
#8782=DIRECTION('',(-0.707106781186549,-8.65956056235495E-17,0.707106781186546));
#8783=DIRECTION('center_axis',(0.,0.,1.));
#8784=DIRECTION('ref_axis',(1.,0.,0.));
#8785=DIRECTION('center_axis',(0.,1.17850097379249E-56,-1.));
#8786=DIRECTION('ref_axis',(0.,1.,1.17850097379249E-56));
#8787=DIRECTION('center_axis',(0.,1.17850097379249E-56,-1.));
#8788=DIRECTION('ref_axis',(0.,1.,1.17850097379249E-56));
#8789=DIRECTION('',(8.65956056235496E-17,0.70710678118655,0.707106781186545));
#8790=DIRECTION('center_axis',(0.,1.17850097379249E-56,-1.));
#8791=DIRECTION('ref_axis',(0.,1.,1.17850097379249E-56));
#8792=DIRECTION('center_axis',(0.,1.17850097379249E-56,-1.));
#8793=DIRECTION('ref_axis',(0.,1.,1.17850097379249E-56));
#8794=DIRECTION('center_axis',(0.,1.17850097379249E-56,-1.));
#8795=DIRECTION('ref_axis',(0.,1.,1.17850097379249E-56));
#8796=DIRECTION('center_axis',(0.,1.17850097379249E-56,-1.));
#8797=DIRECTION('ref_axis',(0.,1.,1.17850097379249E-56));
#8798=DIRECTION('',(0.,-1.17850097379249E-56,1.));
#8799=DIRECTION('center_axis',(0.,-1.17850097379249E-56,1.));
#8800=DIRECTION('ref_axis',(0.,-1.,-1.17850097379249E-56));
#8801=DIRECTION('',(8.65956056235491E-17,-0.707106781186545,-0.70710678118655));
#8802=DIRECTION('center_axis',(0.,1.17850097379249E-56,-1.));
#8803=DIRECTION('ref_axis',(0.,1.,1.17850097379249E-56));
#8804=DIRECTION('center_axis',(0.,1.17850097379249E-56,-1.));
#8805=DIRECTION('ref_axis',(0.,1.,0.));
#8806=DIRECTION('center_axis',(0.,1.17850097379249E-56,-1.));
#8807=DIRECTION('ref_axis',(0.,1.,1.17850097379249E-56));
#8808=DIRECTION('center_axis',(1.,-1.22464679914735E-16,-1.44324744534701E-72));
#8809=DIRECTION('ref_axis',(-1.22464679914735E-16,-1.,0.));
#8810=DIRECTION('center_axis',(0.,1.17850097379249E-56,-1.));
#8811=DIRECTION('ref_axis',(0.,1.,1.17850097379249E-56));
#8812=DIRECTION('center_axis',(0.,1.17850097379249E-56,-1.));
#8813=DIRECTION('ref_axis',(0.,1.,1.17850097379249E-56));
#8814=DIRECTION('center_axis',(0.,1.17850097379249E-56,-1.));
#8815=DIRECTION('ref_axis',(0.,1.,1.17850097379249E-56));
#8816=DIRECTION('center_axis',(0.,1.17850097379249E-56,-1.));
#8817=DIRECTION('ref_axis',(0.,1.,1.17850097379249E-56));
#8818=DIRECTION('',(0.,-1.17850097379249E-56,1.));
#8819=DIRECTION('center_axis',(0.,-1.17850097379249E-56,1.));
#8820=DIRECTION('ref_axis',(0.,-1.,-1.17850097379249E-56));
#8821=DIRECTION('',(8.65956056235492E-17,-0.707106781186546,-0.707106781186549));
#8822=DIRECTION('center_axis',(0.,1.17850097379249E-56,-1.));
#8823=DIRECTION('ref_axis',(0.,1.,1.17850097379249E-56));
#8824=DIRECTION('center_axis',(0.,1.17850097379249E-56,-1.));
#8825=DIRECTION('ref_axis',(0.,1.,1.17850097379249E-56));
#8826=DIRECTION('center_axis',(0.,1.17850097379249E-56,-1.));
#8827=DIRECTION('ref_axis',(0.,1.,1.17850097379249E-56));
#8828=DIRECTION('center_axis',(0.,-1.17850097379249E-56,1.));
#8829=DIRECTION('ref_axis',(0.,-1.,-1.17850097379249E-56));
#8830=DIRECTION('center_axis',(0.,1.17850097379249E-56,-1.));
#8831=DIRECTION('ref_axis',(0.,1.,1.17850097379249E-56));
#8832=DIRECTION('',(0.866025403784438,0.5,5.89250486896246E-57));
#8833=DIRECTION('',(0.,1.,1.17850097379249E-56));
#8834=DIRECTION('',(-0.866025403784439,0.5,5.89250486896245E-57));
#8835=DIRECTION('',(-0.866025403784438,-0.5,-5.89250486896246E-57));
#8836=DIRECTION('',(0.,-1.,-1.17850097379249E-56));
#8837=DIRECTION('',(0.866025403784439,-0.5,-5.89250486896245E-57));
#8838=DIRECTION('center_axis',(0.5,-0.866025403784438,0.));
#8839=DIRECTION('ref_axis',(0.866025403784438,0.5,0.));
#8840=DIRECTION('',(0.,0.,1.));
#8841=DIRECTION('',(0.,0.,1.));
#8842=DIRECTION('center_axis',(-0.5,-0.866025403784439,0.));
#8843=DIRECTION('ref_axis',(0.866025403784439,-0.5,0.));
#8844=DIRECTION('',(0.,0.,1.));
#8845=DIRECTION('center_axis',(-1.,0.,0.));
#8846=DIRECTION('ref_axis',(0.,0.,1.));
#8847=DIRECTION('',(0.,0.,1.));
#8848=DIRECTION('center_axis',(-0.5,0.866025403784439,0.));
#8849=DIRECTION('ref_axis',(-0.866025403784439,-0.5,0.));
#8850=DIRECTION('',(0.,0.,1.));
#8851=DIRECTION('center_axis',(0.5,0.866025403784439,0.));
#8852=DIRECTION('ref_axis',(-0.866025403784439,0.5,0.));
#8853=DIRECTION('',(0.,0.,1.));
#8854=DIRECTION('center_axis',(1.,0.,0.));
#8855=DIRECTION('ref_axis',(0.,0.,-1.));
#8856=DIRECTION('center_axis',(0.707106781186547,-0.707106781186548,-5.89400650346853E-16));
#8857=DIRECTION('ref_axis',(-8.33538393396922E-16,-4.89478043637268E-27,
-1.));
#8858=DIRECTION('',(8.33538393396922E-16,4.90151204943057E-27,1.));
#8859=DIRECTION('',(0.707106781186549,0.707106781186547,3.39546136059387E-29));
#8860=DIRECTION('',(8.33538393396922E-16,4.90151204943057E-27,1.));
#8861=DIRECTION('',(0.707106781186548,0.707106781186547,-5.89400650353688E-16));
#8862=DIRECTION('center_axis',(1.32468372801533E-16,-1.,4.8942010532971E-27));
#8863=DIRECTION('ref_axis',(-8.33538393396922E-16,-4.89478043637268E-27,
-1.));
#8864=DIRECTION('',(1.,1.32468372800913E-16,-8.3353839339691E-16));
#8865=DIRECTION('',(8.33538393396922E-16,4.90151204943057E-27,1.));
#8866=DIRECTION('',(1.,-8.07793566946316E-28,0.));
#8867=DIRECTION('center_axis',(2.0401981905121E-37,-1.,2.17269172667518E-66));
#8868=DIRECTION('ref_axis',(-6.31088724176809E-30,-3.46023779979329E-66,
-1.));
#8869=DIRECTION('center_axis',(1.32468372801533E-16,-1.,4.8942010532971E-27));
#8870=DIRECTION('ref_axis',(-8.33538393396928E-16,-4.91808217387904E-27,
-1.));
#8871=DIRECTION('center_axis',(2.0401981905121E-37,-1.,2.17269172667518E-66));
#8872=DIRECTION('ref_axis',(-6.31088724176809E-30,-3.46023779979329E-66,
-1.));
#8873=DIRECTION('center_axis',(1.32468372801533E-16,-1.,4.8942010532971E-27));
#8874=DIRECTION('ref_axis',(-8.33538393396928E-16,-4.91808217387904E-27,
-1.));
#8875=DIRECTION('center_axis',(1.32468372801533E-16,-1.,4.8942010532971E-27));
#8876=DIRECTION('ref_axis',(-8.33538393396928E-16,-4.91808217387904E-27,
-1.));
#8877=DIRECTION('center_axis',(1.32468372801533E-16,-1.,4.8942010532971E-27));
#8878=DIRECTION('ref_axis',(-8.33538393396928E-16,-4.91808217387904E-27,
-1.));
#8879=DIRECTION('center_axis',(1.32468372801533E-16,-1.,4.8942010532971E-27));
#8880=DIRECTION('ref_axis',(-8.33538393396928E-16,-4.91808217387904E-27,
-1.));
#8881=DIRECTION('center_axis',(1.32468372801533E-16,-1.,4.8942010532971E-27));
#8882=DIRECTION('ref_axis',(-8.33538393396928E-16,-4.91808217387904E-27,
-1.));
#8883=DIRECTION('center_axis',(1.32468372801533E-16,-1.,4.8942010532971E-27));
#8884=DIRECTION('ref_axis',(-8.33538393396928E-16,-4.91808217387904E-27,
-1.));
#8885=DIRECTION('center_axis',(1.32468372801533E-16,-1.,4.8942010532971E-27));
#8886=DIRECTION('ref_axis',(-8.33538393396928E-16,-4.91808217387904E-27,
-1.));
#8887=DIRECTION('center_axis',(1.32468372801533E-16,-1.,4.8942010532971E-27));
#8888=DIRECTION('ref_axis',(-8.33538393396928E-16,-4.91808217387904E-27,
-1.));
#8889=DIRECTION('center_axis',(1.32468372801533E-16,-1.,4.8942010532971E-27));
#8890=DIRECTION('ref_axis',(-8.33538393396928E-16,-4.91808217387904E-27,
-1.));
#8891=DIRECTION('center_axis',(1.32468372801533E-16,-1.,4.8942010532971E-27));
#8892=DIRECTION('ref_axis',(-8.33538393396928E-16,-4.91808217387904E-27,
-1.));
#8893=DIRECTION('center_axis',(1.32468372801533E-16,-1.,4.8942010532971E-27));
#8894=DIRECTION('ref_axis',(-8.33538393396928E-16,-4.91808217387904E-27,
-1.));
#8895=DIRECTION('center_axis',(1.32468372801533E-16,-1.,4.8942010532971E-27));
#8896=DIRECTION('ref_axis',(-8.33538393396928E-16,-4.91808217387904E-27,
-1.));
#8897=DIRECTION('center_axis',(-0.707106781186549,-0.707106781186546,5.89400650353781E-16));
#8898=DIRECTION('ref_axis',(8.33538393396922E-16,4.89478043637268E-27,1.));
#8899=DIRECTION('',(0.707106781186547,-0.707106781186548,-5.89400650346897E-16));
#8900=DIRECTION('',(8.33538393396922E-16,4.90151204943057E-27,1.));
#8901=DIRECTION('',(0.707106781186547,-0.707106781186549,-3.39546136059388E-29));
#8902=DIRECTION('center_axis',(1.,-3.62458091754605E-16,-8.33538393396922E-16));
#8903=DIRECTION('ref_axis',(-8.33538393396922E-16,-4.89478043637268E-27,
-1.));
#8904=DIRECTION('',(4.75129405974464E-16,1.,4.80190750666566E-29));
#8905=DIRECTION('',(8.33538393396922E-16,4.90151204943057E-27,1.));
#8906=DIRECTION('',(3.42661033173089E-16,1.,-4.78708132238347E-27));
#8907=DIRECTION('center_axis',(-1.,-1.32468372801533E-16,8.33538393396923E-16));
#8908=DIRECTION('ref_axis',(8.33538393396923E-16,4.89478043637269E-27,1.));
#8909=DIRECTION('',(9.24350716089994E-16,-1.,4.78386594868735E-27));
#8910=DIRECTION('',(8.33538393396922E-16,4.90151204943057E-27,1.));
#8911=DIRECTION('',(7.91882343288619E-16,-1.,-4.80190750666566E-29));
#8912=DIRECTION('center_axis',(-8.33538393396922E-16,-4.89478043637268E-27,
-1.));
#8913=DIRECTION('ref_axis',(-1.,-1.32468372801533E-16,8.33538393396922E-16));
#8914=DIRECTION('center_axis',(3.87894999295574E-56,4.80190750666566E-29,
-1.));
#8915=DIRECTION('ref_axis',(-1.,8.07793566946316E-28,0.));
#8916=DIRECTION('',(8.33538393396922E-16,4.90151204943057E-27,1.));
#8917=DIRECTION('center_axis',(-8.3353839339691E-16,-4.77103071440472E-27,
-1.));
#8918=DIRECTION('ref_axis',(-1.,-1.32468372800725E-16,8.3353839339691E-16));
#8919=DIRECTION('center_axis',(-8.33538393396922E-16,-4.89478043637268E-27,
-1.));
#8920=DIRECTION('ref_axis',(-1.,-1.32468372801533E-16,8.33538393396922E-16));
#8921=DIRECTION('center_axis',(-8.3353839339691E-16,-4.77103071440472E-27,
-1.));
#8922=DIRECTION('ref_axis',(-1.,-1.32468372800725E-16,8.3353839339691E-16));
#8923=DIRECTION('',(8.33538393396922E-16,4.90151204943057E-27,1.));
#8924=DIRECTION('center_axis',(3.87894999295574E-56,4.80190750666566E-29,
-1.));
#8925=DIRECTION('ref_axis',(-1.,8.07793566946316E-28,0.));
#8926=DIRECTION('center_axis',(-1.32468372801533E-16,1.,-4.8942010532971E-27));
#8927=DIRECTION('ref_axis',(8.33538393396922E-16,4.89478043637268E-27,1.));
#8928=DIRECTION('',(-1.,8.07793566946316E-28,0.));
#8929=DIRECTION('',(8.33538393396922E-16,4.90151204943057E-27,1.));
#8930=DIRECTION('',(-1.,-1.32468372800616E-16,8.3353839339691E-16));
#8931=DIRECTION('center_axis',(-1.32468372801533E-16,1.,-4.8942010532971E-27));
#8932=DIRECTION('ref_axis',(8.33538393396922E-16,4.89478043637268E-27,1.));
#8933=DIRECTION('',(-1.,-1.32468372800617E-16,8.3353839339691E-16));
#8934=DIRECTION('',(8.33538393396922E-16,4.90151204943057E-27,1.));
#8935=DIRECTION('',(-1.,8.07793566946316E-28,0.));
#8936=DIRECTION('center_axis',(1.,1.32468372801533E-16,-8.33538393396922E-16));
#8937=DIRECTION('ref_axis',(-8.33538393396922E-16,-4.89478043637268E-27,
-1.));
#8938=DIRECTION('',(8.07793566946316E-28,1.,4.80190750666566E-29));
#8939=DIRECTION('',(8.33538393396922E-16,4.90151204943057E-27,1.));
#8940=DIRECTION('',(-1.32468372800725E-16,1.,-4.75782955684568E-27));
#8941=DIRECTION('center_axis',(-1.,-1.32468372801533E-16,8.33538393396922E-16));
#8942=DIRECTION('ref_axis',(8.33538393396922E-16,4.89478043637268E-27,1.));
#8943=DIRECTION('',(1.32468372800725E-16,-1.,4.75782955684568E-27));
#8944=DIRECTION('',(8.33538393396922E-16,4.90151204943057E-27,1.));
#8945=DIRECTION('',(-8.07793566946316E-28,-1.,-4.80190750666566E-29));
#8946=DIRECTION('center_axis',(1.32468372801533E-16,-1.,4.8942010532971E-27));
#8947=DIRECTION('ref_axis',(-8.33538393396922E-16,-4.89478043637268E-27,
-1.));
#8948=DIRECTION('',(1.,-8.07793566946316E-28,0.));
#8949=DIRECTION('',(8.33538393396922E-16,4.90151204943057E-27,1.));
#8950=DIRECTION('',(1.,1.32468372800725E-16,-8.3353839339691E-16));
#8951=DIRECTION('center_axis',(1.32468372801533E-16,-1.,4.8942010532971E-27));
#8952=DIRECTION('ref_axis',(-8.33538393396922E-16,-4.89478043637268E-27,
-1.));
#8953=DIRECTION('',(1.,1.32468372800722E-16,-8.3353839339691E-16));
#8954=DIRECTION('',(8.33538393396922E-16,4.90151204943057E-27,1.));
#8955=DIRECTION('',(1.,-8.07793566946316E-28,0.));
#8956=DIRECTION('center_axis',(-8.33538393396922E-16,-4.89478043637268E-27,
-1.));
#8957=DIRECTION('ref_axis',(-1.,-1.32468372801533E-16,8.33538393396922E-16));
#8958=DIRECTION('center_axis',(3.87894999295574E-56,4.80190750666566E-29,
-1.));
#8959=DIRECTION('ref_axis',(-1.,8.07793566946316E-28,0.));
#8960=DIRECTION('',(8.33538393396922E-16,4.90151204943057E-27,1.));
#8961=DIRECTION('center_axis',(-8.3353839339691E-16,-4.77103071440472E-27,
-1.));
#8962=DIRECTION('ref_axis',(-1.,-1.32468372800725E-16,8.3353839339691E-16));
#8963=DIRECTION('center_axis',(-8.33538393396922E-16,-4.89478043637268E-27,
-1.));
#8964=DIRECTION('ref_axis',(-1.,-1.32468372801533E-16,8.33538393396922E-16));
#8965=DIRECTION('center_axis',(-8.3353839339691E-16,-4.77103071440472E-27,
-1.));
#8966=DIRECTION('ref_axis',(-1.,-1.32468372800725E-16,8.3353839339691E-16));
#8967=DIRECTION('',(0.,0.,1.));
#8968=DIRECTION('center_axis',(3.87894999295574E-56,4.80190750666566E-29,
-1.));
#8969=DIRECTION('ref_axis',(-1.,8.07793566946316E-28,0.));
#8970=DIRECTION('center_axis',(1.,1.566094368666E-15,-8.33538393396922E-16));
#8971=DIRECTION('ref_axis',(-8.33538393396922E-16,-4.89478043637268E-27,
-1.));
#8972=DIRECTION('',(-1.83504127470543E-15,1.,4.80190750666566E-29));
#8973=DIRECTION('',(8.33538393396922E-16,4.90151204943057E-27,1.));
#8974=DIRECTION('',(-1.96750964750621E-15,1.,-4.76961721465614E-27));
#8975=DIRECTION('center_axis',(-1.,1.30115762306293E-15,8.33538393396922E-16));
#8976=DIRECTION('ref_axis',(8.33538393396922E-16,4.89478043637268E-27,1.));
#8977=DIRECTION('',(-1.70257290190626E-15,-1.,4.77893100902216E-27));
#8978=DIRECTION('',(8.33538393396922E-16,4.90151204943057E-27,1.));
#8979=DIRECTION('',(-1.83504127470705E-15,-1.,-4.80190750666566E-29));
#8980=DIRECTION('center_axis',(0.707106781186548,0.707106781186548,-5.89400650353752E-16));
#8981=DIRECTION('ref_axis',(-8.33538393396922E-16,-4.89478043637268E-27,
-1.));
#8982=DIRECTION('',(-0.707106781186547,0.707106781186549,3.39546136059388E-29));
#8983=DIRECTION('',(8.33538393396922E-16,4.90151204943057E-27,1.));
#8984=DIRECTION('',(-0.707106781186547,0.707106781186548,5.89400650346897E-16));
#8985=DIRECTION('center_axis',(-0.707106781186548,0.707106781186548,5.89400650346854E-16));
#8986=DIRECTION('ref_axis',(8.33538393396922E-16,4.89478043637268E-27,1.));
#8987=DIRECTION('',(-0.707106781186546,-0.707106781186549,5.89400650353659E-16));
#8988=DIRECTION('',(8.33538393396922E-16,4.90151204943057E-27,1.));
#8989=DIRECTION('',(-0.707106781186547,-0.707106781186549,-3.39546136059388E-29));
#8990=DIRECTION('center_axis',(-1.32468372801533E-16,1.,-4.8942010532971E-27));
#8991=DIRECTION('ref_axis',(8.33538393396922E-16,4.89478043637268E-27,1.));
#8992=DIRECTION('',(-1.,8.07793566946316E-28,0.));
#8993=DIRECTION('',(-1.,-1.32468372800913E-16,8.3353839339691E-16));
#8994=DIRECTION('center_axis',(-1.32468372801533E-16,1.,-4.8942010532971E-27));
#8995=DIRECTION('ref_axis',(8.33538393396929E-16,4.9089799326667E-27,1.));
#8996=DIRECTION('center_axis',(-1.32468372801533E-16,1.,-4.8942010532971E-27));
#8997=DIRECTION('ref_axis',(8.33538393396929E-16,4.9089799326667E-27,1.));
#8998=DIRECTION('center_axis',(-1.32468372801533E-16,1.,-4.8942010532971E-27));
#8999=DIRECTION('ref_axis',(8.33538393396929E-16,4.9089799326667E-27,1.));
#9000=DIRECTION('center_axis',(-1.32468372801533E-16,1.,-4.8942010532971E-27));
#9001=DIRECTION('ref_axis',(8.33538393396929E-16,4.9089799326667E-27,1.));
#9002=DIRECTION('center_axis',(-1.32468372801533E-16,1.,-4.8942010532971E-27));
#9003=DIRECTION('ref_axis',(8.33538393396929E-16,4.9089799326667E-27,1.));
#9004=DIRECTION('center_axis',(-1.32468372801533E-16,1.,-4.8942010532971E-27));
#9005=DIRECTION('ref_axis',(8.33538393396929E-16,4.9089799326667E-27,1.));
#9006=DIRECTION('center_axis',(-1.32468372801533E-16,1.,-4.8942010532971E-27));
#9007=DIRECTION('ref_axis',(8.33538393396929E-16,4.9089799326667E-27,1.));
#9008=DIRECTION('center_axis',(-1.32468372801533E-16,1.,-4.8942010532971E-27));
#9009=DIRECTION('ref_axis',(8.33538393396929E-16,4.9089799326667E-27,1.));
#9010=DIRECTION('center_axis',(-1.32468372801533E-16,1.,-4.8942010532971E-27));
#9011=DIRECTION('ref_axis',(8.33538393396929E-16,4.9089799326667E-27,1.));
#9012=DIRECTION('center_axis',(-1.32468372801533E-16,1.,-4.8942010532971E-27));
#9013=DIRECTION('ref_axis',(8.33538393396929E-16,4.9089799326667E-27,1.));
#9014=DIRECTION('center_axis',(-1.32468372801533E-16,1.,-4.8942010532971E-27));
#9015=DIRECTION('ref_axis',(8.33538393396929E-16,4.9089799326667E-27,1.));
#9016=DIRECTION('center_axis',(-1.32468372801533E-16,1.,-4.8942010532971E-27));
#9017=DIRECTION('ref_axis',(8.33538393396929E-16,4.9089799326667E-27,1.));
#9018=DIRECTION('center_axis',(-1.32468372801533E-16,1.,-4.8942010532971E-27));
#9019=DIRECTION('ref_axis',(8.33538393396929E-16,4.9089799326667E-27,1.));
#9020=DIRECTION('center_axis',(-2.0401981905121E-37,1.,-2.17269172667518E-66));
#9021=DIRECTION('ref_axis',(6.31088724176809E-30,3.4602377997933E-66,1.));
#9022=DIRECTION('center_axis',(-2.0401981905121E-37,1.,-2.17269172667518E-66));
#9023=DIRECTION('ref_axis',(6.31088724176809E-30,3.4602377997933E-66,1.));
#9024=DIRECTION('center_axis',(1.32468372801533E-16,-1.,4.8942010532971E-27));
#9025=DIRECTION('ref_axis',(-8.33538393396929E-16,-4.8875679938107E-27,
-1.));
#9026=DIRECTION('center_axis',(-1.32468372801533E-16,1.,-4.8942010532971E-27));
#9027=DIRECTION('ref_axis',(-8.33538393396929E-16,-4.8875679938107E-27,
-1.));
#9028=DIRECTION('',(-1.32468372801533E-16,1.,-4.8942010532971E-27));
#9029=DIRECTION('center_axis',(1.32468372801533E-16,-1.,4.8942010532971E-27));
#9030=DIRECTION('ref_axis',(-8.33538393396929E-16,-4.8875679938107E-27,
-1.));
#9031=DIRECTION('center_axis',(-1.32468372801533E-16,1.,-4.8942010532971E-27));
#9032=DIRECTION('ref_axis',(-8.33538393396929E-16,-4.8875679938107E-27,
-1.));
#9033=DIRECTION('center_axis',(1.32468372801533E-16,-1.,4.8942010532971E-27));
#9034=DIRECTION('ref_axis',(8.33538393396929E-16,4.8875679938107E-27,1.));
#9035=DIRECTION('',(-5.82326971273182E-16,-0.707106781186515,-0.70710678118658));
#9036=DIRECTION('center_axis',(1.32468372801533E-16,-1.,4.8942010532971E-27));
#9037=DIRECTION('ref_axis',(-8.33538393396929E-16,-4.89478043637273E-27,
-1.));
#9038=DIRECTION('center_axis',(1.32468372801533E-16,-1.,4.8942010532971E-27));
#9039=DIRECTION('ref_axis',(-8.33538393396928E-16,-4.89057317821155E-27,
-1.));
#9040=DIRECTION('center_axis',(1.32468372801533E-16,-1.,4.8942010532971E-27));
#9041=DIRECTION('ref_axis',(-8.33538393396928E-16,-4.89057317821155E-27,
-1.));
#9042=DIRECTION('',(-1.32468372801533E-16,1.,-4.8942010532971E-27));
#9043=DIRECTION('center_axis',(1.32468372801533E-16,-1.,4.8942010532971E-27));
#9044=DIRECTION('ref_axis',(8.33538393396928E-16,4.89057317821155E-27,1.));
#9045=DIRECTION('center_axis',(-1.32468372801533E-16,1.,-4.8942010532971E-27));
#9046=DIRECTION('ref_axis',(-8.33538393396928E-16,-4.89057317821155E-27,
-1.));
#9047=DIRECTION('',(4.09135760026064E-16,0.707106781186528,0.707106781186567));
#9048=DIRECTION('center_axis',(1.32468372801533E-16,-1.,4.8942010532971E-27));
#9049=DIRECTION('ref_axis',(-8.33538393396929E-16,-4.8875679938107E-27,
-1.));
#9050=DIRECTION('center_axis',(-1.32468372801533E-16,1.,-4.8942010532971E-27));
#9051=DIRECTION('ref_axis',(-8.33538393396929E-16,-4.8875679938107E-27,
-1.));
#9052=DIRECTION('',(-1.32468372801533E-16,1.,-4.8942010532971E-27));
#9053=DIRECTION('center_axis',(1.32468372801533E-16,-1.,4.8942010532971E-27));
#9054=DIRECTION('ref_axis',(-8.33538393396929E-16,-4.8875679938107E-27,
-1.));
#9055=DIRECTION('center_axis',(-1.32468372801533E-16,1.,-4.8942010532971E-27));
#9056=DIRECTION('ref_axis',(-8.33538393396929E-16,-4.8875679938107E-27,
-1.));
#9057=DIRECTION('center_axis',(1.32468372801533E-16,-1.,4.8942010532971E-27));
#9058=DIRECTION('ref_axis',(8.33538393396929E-16,4.8875679938107E-27,1.));
#9059=DIRECTION('',(-5.82326971273182E-16,-0.707106781186515,-0.70710678118658));
#9060=DIRECTION('center_axis',(1.32468372801533E-16,-1.,4.8942010532971E-27));
#9061=DIRECTION('ref_axis',(-8.33538393396929E-16,-4.89478043637273E-27,
-1.));
#9062=DIRECTION('center_axis',(1.32468372801533E-16,-1.,4.8942010532971E-27));
#9063=DIRECTION('ref_axis',(-8.33538393396928E-16,-4.89057317821155E-27,
-1.));
#9064=DIRECTION('center_axis',(1.32468372801533E-16,-1.,4.8942010532971E-27));
#9065=DIRECTION('ref_axis',(-8.33538393396928E-16,-4.89057317821155E-27,
-1.));
#9066=DIRECTION('',(-1.32468372801533E-16,1.,-4.8942010532971E-27));
#9067=DIRECTION('center_axis',(1.32468372801533E-16,-1.,4.8942010532971E-27));
#9068=DIRECTION('ref_axis',(8.33538393396928E-16,4.89057317821155E-27,1.));
#9069=DIRECTION('center_axis',(-1.32468372801533E-16,1.,-4.8942010532971E-27));
#9070=DIRECTION('ref_axis',(-8.33538393396928E-16,-4.89057317821155E-27,
-1.));
#9071=DIRECTION('',(4.09135760026064E-16,0.707106781186528,0.707106781186567));
#9072=DIRECTION('center_axis',(-1.32468372801533E-16,1.,-4.8942010532971E-27));
#9073=DIRECTION('ref_axis',(-8.33538393396928E-16,-4.89057317821155E-27,
-1.));
#9074=DIRECTION('center_axis',(1.32468372801533E-16,-1.,4.8942010532971E-27));
#9075=DIRECTION('ref_axis',(8.33538393396928E-16,4.89057317821155E-27,1.));
#9076=DIRECTION('',(4.09135760026064E-16,0.707106781186528,0.707106781186567));
#9077=DIRECTION('center_axis',(1.32468372801533E-16,-1.,4.8942010532971E-27));
#9078=DIRECTION('ref_axis',(-8.33538393396929E-16,-4.8875679938107E-27,
-1.));
#9079=DIRECTION('center_axis',(-1.32468372801533E-16,1.,-4.8942010532971E-27));
#9080=DIRECTION('ref_axis',(-8.33538393396929E-16,-4.8875679938107E-27,
-1.));
#9081=DIRECTION('',(-1.32468372801533E-16,1.,-4.8942010532971E-27));
#9082=DIRECTION('center_axis',(1.32468372801533E-16,-1.,4.8942010532971E-27));
#9083=DIRECTION('ref_axis',(-8.33538393396929E-16,-4.8875679938107E-27,
-1.));
#9084=DIRECTION('center_axis',(-1.32468372801533E-16,1.,-4.8942010532971E-27));
#9085=DIRECTION('ref_axis',(-8.33538393396929E-16,-4.8875679938107E-27,
-1.));
#9086=DIRECTION('center_axis',(1.32468372801533E-16,-1.,4.8942010532971E-27));
#9087=DIRECTION('ref_axis',(8.33538393396929E-16,4.8875679938107E-27,1.));
#9088=DIRECTION('center_axis',(-1.32468372801533E-16,1.,-4.8942010532971E-27));
#9089=DIRECTION('ref_axis',(-8.33538393396929E-16,-4.8875679938107E-27,
-1.));
#9090=DIRECTION('',(-5.82326971273182E-16,-0.707106781186515,-0.70710678118658));
#9091=DIRECTION('center_axis',(-1.32468372801533E-16,1.,-4.8942010532971E-27));
#9092=DIRECTION('ref_axis',(-8.33538393396929E-16,-4.8875679938107E-27,
-1.));
#9093=DIRECTION('center_axis',(1.32468372801533E-16,-1.,4.8942010532971E-27));
#9094=DIRECTION('ref_axis',(8.33538393396929E-16,4.8875679938107E-27,1.));
#9095=DIRECTION('',(-5.82326971273182E-16,-0.707106781186515,-0.70710678118658));
#9096=DIRECTION('center_axis',(1.32468372801533E-16,-1.,4.8942010532971E-27));
#9097=DIRECTION('ref_axis',(-8.33538393396929E-16,-4.89478043637273E-27,
-1.));
#9098=DIRECTION('center_axis',(1.32468372801533E-16,-1.,4.8942010532971E-27));
#9099=DIRECTION('ref_axis',(-8.33538393396928E-16,-4.89057317821155E-27,
-1.));
#9100=DIRECTION('center_axis',(1.32468372801533E-16,-1.,4.8942010532971E-27));
#9101=DIRECTION('ref_axis',(-8.33538393396929E-16,-4.8875679938107E-27,
-1.));
#9102=DIRECTION('',(-1.32468372801533E-16,1.,-4.8942010532971E-27));
#9103=DIRECTION('center_axis',(1.32468372801533E-16,-1.,4.8942010532971E-27));
#9104=DIRECTION('ref_axis',(-8.33538393396929E-16,-4.8875679938107E-27,
-1.));
#9105=DIRECTION('center_axis',(1.32468372801533E-16,-1.,4.8942010532971E-27));
#9106=DIRECTION('ref_axis',(-8.33538393396928E-16,-4.89057317821155E-27,
-1.));
#9107=DIRECTION('',(-1.32468372801533E-16,1.,-4.8942010532971E-27));
#9108=DIRECTION('center_axis',(1.32468372801533E-16,-1.,4.8942010532971E-27));
#9109=DIRECTION('ref_axis',(8.33538393396928E-16,4.89057317821155E-27,1.));
#9110=DIRECTION('center_axis',(1.32468372801533E-16,-1.,4.8942010532971E-27));
#9111=DIRECTION('ref_axis',(-8.33538393396929E-16,-4.89478043637273E-27,
-1.));
#9112=DIRECTION('center_axis',(1.32468372801533E-16,-1.,4.8942010532971E-27));
#9113=DIRECTION('ref_axis',(-8.33538393396928E-16,-4.89057317821155E-27,
-1.));
#9114=DIRECTION('center_axis',(-1.32468372801533E-16,1.,-4.8942010532971E-27));
#9115=DIRECTION('ref_axis',(-8.33538393396928E-16,-4.89057317821155E-27,
-1.));
#9116=DIRECTION('',(4.09135760026064E-16,0.707106781186528,0.707106781186567));
#9117=DIRECTION('center_axis',(1.32468372801533E-16,-1.,4.8942010532971E-27));
#9118=DIRECTION('ref_axis',(-8.33538393396928E-16,-4.89057317821155E-27,
-1.));
#9119=DIRECTION('',(-1.32468372801533E-16,1.,-4.8942010532971E-27));
#9120=DIRECTION('center_axis',(-1.32468372801533E-16,1.,-4.8942010532971E-27));
#9121=DIRECTION('ref_axis',(-8.33538393396928E-16,-4.89057317821155E-27,
-1.));
#9122=DIRECTION('center_axis',(1.32468372801533E-16,-1.,4.8942010532971E-27));
#9123=DIRECTION('ref_axis',(8.33538393396928E-16,4.89057317821155E-27,1.));
#9124=DIRECTION('',(4.09135760026064E-16,0.707106781186528,0.707106781186567));
#9125=DIRECTION('center_axis',(1.32468372801533E-16,-1.,4.8942010532971E-27));
#9126=DIRECTION('ref_axis',(-8.33538393396929E-16,-4.8875679938107E-27,
-1.));
#9127=DIRECTION('center_axis',(-1.32468372801533E-16,1.,-4.8942010532971E-27));
#9128=DIRECTION('ref_axis',(-8.33538393396929E-16,-4.8875679938107E-27,
-1.));
#9129=DIRECTION('',(-1.32468372801533E-16,1.,-4.8942010532971E-27));
#9130=DIRECTION('center_axis',(1.32468372801533E-16,-1.,4.8942010532971E-27));
#9131=DIRECTION('ref_axis',(-8.33538393396929E-16,-4.8875679938107E-27,
-1.));
#9132=DIRECTION('center_axis',(-1.32468372801533E-16,1.,-4.8942010532971E-27));
#9133=DIRECTION('ref_axis',(-8.33538393396929E-16,-4.8875679938107E-27,
-1.));
#9134=DIRECTION('center_axis',(1.32468372801533E-16,-1.,4.8942010532971E-27));
#9135=DIRECTION('ref_axis',(8.33538393396929E-16,4.8875679938107E-27,1.));
#9136=DIRECTION('center_axis',(-1.32468372801533E-16,1.,-4.8942010532971E-27));
#9137=DIRECTION('ref_axis',(-8.33538393396929E-16,-4.8875679938107E-27,
-1.));
#9138=DIRECTION('',(-5.82326971273182E-16,-0.707106781186515,-0.70710678118658));
#9139=DIRECTION('center_axis',(-1.32468372801533E-16,1.,-4.8942010532971E-27));
#9140=DIRECTION('ref_axis',(-8.33538393396929E-16,-4.8875679938107E-27,
-1.));
#9141=DIRECTION('center_axis',(1.32468372801533E-16,-1.,4.8942010532971E-27));
#9142=DIRECTION('ref_axis',(8.33538393396929E-16,4.8875679938107E-27,1.));
#9143=DIRECTION('',(-5.82326971273182E-16,-0.707106781186515,-0.70710678118658));
#9144=DIRECTION('center_axis',(1.32468372801533E-16,-1.,4.8942010532971E-27));
#9145=DIRECTION('ref_axis',(-8.33538393396929E-16,-4.89478043637273E-27,
-1.));
#9146=DIRECTION('center_axis',(1.32468372801533E-16,-1.,4.8942010532971E-27));
#9147=DIRECTION('ref_axis',(-8.33538393396928E-16,-4.89057317821155E-27,
-1.));
#9148=DIRECTION('center_axis',(1.32468372801533E-16,-1.,4.8942010532971E-27));
#9149=DIRECTION('ref_axis',(-8.33538393396929E-16,-4.8875679938107E-27,
-1.));
#9150=DIRECTION('',(-1.32468372801533E-16,1.,-4.8942010532971E-27));
#9151=DIRECTION('center_axis',(1.32468372801533E-16,-1.,4.8942010532971E-27));
#9152=DIRECTION('ref_axis',(-8.33538393396929E-16,-4.8875679938107E-27,
-1.));
#9153=DIRECTION('center_axis',(1.32468372801533E-16,-1.,4.8942010532971E-27));
#9154=DIRECTION('ref_axis',(-8.33538393396928E-16,-4.89057317821155E-27,
-1.));
#9155=DIRECTION('',(-1.32468372801533E-16,1.,-4.8942010532971E-27));
#9156=DIRECTION('center_axis',(1.32468372801533E-16,-1.,4.8942010532971E-27));
#9157=DIRECTION('ref_axis',(8.33538393396928E-16,4.89057317821155E-27,1.));
#9158=DIRECTION('center_axis',(1.32468372801533E-16,-1.,4.8942010532971E-27));
#9159=DIRECTION('ref_axis',(-8.33538393396929E-16,-4.89478043637273E-27,
-1.));
#9160=DIRECTION('center_axis',(1.32468372801533E-16,-1.,4.8942010532971E-27));
#9161=DIRECTION('ref_axis',(-8.33538393396928E-16,-4.89057317821155E-27,
-1.));
#9162=DIRECTION('center_axis',(-1.32468372801533E-16,1.,-4.8942010532971E-27));
#9163=DIRECTION('ref_axis',(-8.33538393396928E-16,-4.89057317821155E-27,
-1.));
#9164=DIRECTION('',(4.09135760026064E-16,0.707106781186528,0.707106781186567));
#9165=DIRECTION('center_axis',(1.32468372801533E-16,-1.,4.8942010532971E-27));
#9166=DIRECTION('ref_axis',(-8.33538393396928E-16,-4.89057317821155E-27,
-1.));
#9167=DIRECTION('',(-1.32468372801533E-16,1.,-4.8942010532971E-27));
#9168=DIRECTION('center_axis',(-1.32468372801533E-16,1.,-4.8942010532971E-27));
#9169=DIRECTION('ref_axis',(-8.33538393396928E-16,-4.89057317821155E-27,
-1.));
#9170=DIRECTION('center_axis',(1.32468372801533E-16,-1.,4.8942010532971E-27));
#9171=DIRECTION('ref_axis',(8.33538393396928E-16,4.89057317821155E-27,1.));
#9172=DIRECTION('',(4.09135760026064E-16,0.707106781186528,0.707106781186567));
#9173=DIRECTION('center_axis',(1.32468372801533E-16,-1.,4.8942010532971E-27));
#9174=DIRECTION('ref_axis',(-8.33538393396929E-16,-4.8875679938107E-27,
-1.));
#9175=DIRECTION('center_axis',(-1.32468372801533E-16,1.,-4.8942010532971E-27));
#9176=DIRECTION('ref_axis',(-8.33538393396929E-16,-4.8875679938107E-27,
-1.));
#9177=DIRECTION('',(-1.32468372801533E-16,1.,-4.8942010532971E-27));
#9178=DIRECTION('center_axis',(1.32468372801533E-16,-1.,4.8942010532971E-27));
#9179=DIRECTION('ref_axis',(-8.33538393396929E-16,-4.8875679938107E-27,
-1.));
#9180=DIRECTION('center_axis',(-1.32468372801533E-16,1.,-4.8942010532971E-27));
#9181=DIRECTION('ref_axis',(-8.33538393396929E-16,-4.8875679938107E-27,
-1.));
#9182=DIRECTION('center_axis',(1.32468372801533E-16,-1.,4.8942010532971E-27));
#9183=DIRECTION('ref_axis',(8.33538393396929E-16,4.8875679938107E-27,1.));
#9184=DIRECTION('center_axis',(-1.32468372801533E-16,1.,-4.8942010532971E-27));
#9185=DIRECTION('ref_axis',(-8.33538393396929E-16,-4.8875679938107E-27,
-1.));
#9186=DIRECTION('',(-5.82326971273182E-16,-0.707106781186515,-0.70710678118658));
#9187=DIRECTION('center_axis',(-1.32468372801533E-16,1.,-4.8942010532971E-27));
#9188=DIRECTION('ref_axis',(-8.33538393396929E-16,-4.8875679938107E-27,
-1.));
#9189=DIRECTION('center_axis',(1.32468372801533E-16,-1.,4.8942010532971E-27));
#9190=DIRECTION('ref_axis',(8.33538393396929E-16,4.8875679938107E-27,1.));
#9191=DIRECTION('',(-5.82326971273182E-16,-0.707106781186515,-0.70710678118658));
#9192=DIRECTION('center_axis',(1.32468372801533E-16,-1.,4.8942010532971E-27));
#9193=DIRECTION('ref_axis',(-8.33538393396929E-16,-4.89478043637273E-27,
-1.));
#9194=DIRECTION('center_axis',(1.32468372801533E-16,-1.,4.8942010532971E-27));
#9195=DIRECTION('ref_axis',(-8.33538393396928E-16,-4.89057317821155E-27,
-1.));
#9196=DIRECTION('center_axis',(1.32468372801533E-16,-1.,4.8942010532971E-27));
#9197=DIRECTION('ref_axis',(-8.33538393396929E-16,-4.8875679938107E-27,
-1.));
#9198=DIRECTION('',(-1.32468372801533E-16,1.,-4.8942010532971E-27));
#9199=DIRECTION('center_axis',(1.32468372801533E-16,-1.,4.8942010532971E-27));
#9200=DIRECTION('ref_axis',(-8.33538393396929E-16,-4.8875679938107E-27,
-1.));
#9201=DIRECTION('center_axis',(1.32468372801533E-16,-1.,4.8942010532971E-27));
#9202=DIRECTION('ref_axis',(-8.33538393396928E-16,-4.89057317821155E-27,
-1.));
#9203=DIRECTION('',(-1.32468372801533E-16,1.,-4.8942010532971E-27));
#9204=DIRECTION('center_axis',(1.32468372801533E-16,-1.,4.8942010532971E-27));
#9205=DIRECTION('ref_axis',(8.33538393396928E-16,4.89057317821155E-27,1.));
#9206=DIRECTION('center_axis',(1.32468372801533E-16,-1.,4.8942010532971E-27));
#9207=DIRECTION('ref_axis',(-8.33538393396929E-16,-4.89478043637273E-27,
-1.));
#9208=DIRECTION('center_axis',(1.32468372801533E-16,-1.,4.8942010532971E-27));
#9209=DIRECTION('ref_axis',(-8.33538393396928E-16,-4.89057317821155E-27,
-1.));
#9210=DIRECTION('center_axis',(-1.32468372801533E-16,1.,-4.8942010532971E-27));
#9211=DIRECTION('ref_axis',(-8.33538393396928E-16,-4.89057317821155E-27,
-1.));
#9212=DIRECTION('',(4.09135760026064E-16,0.707106781186528,0.707106781186567));
#9213=DIRECTION('center_axis',(1.32468372801533E-16,-1.,4.8942010532971E-27));
#9214=DIRECTION('ref_axis',(-8.33538393396928E-16,-4.89057317821155E-27,
-1.));
#9215=DIRECTION('',(-1.32468372801533E-16,1.,-4.8942010532971E-27));
#9216=DIRECTION('center_axis',(-2.0401981905121E-37,1.,-2.17269172667518E-66));
#9217=DIRECTION('ref_axis',(-6.31088724176809E-30,-3.46023779979329E-66,
-1.));
#9218=DIRECTION('center_axis',(2.0401981905121E-37,-1.,2.17269172667518E-66));
#9219=DIRECTION('ref_axis',(6.31088724176809E-30,3.46023779979329E-66,1.));
#9220=DIRECTION('',(-8.65956056235472E-17,0.707106781186528,0.707106781186567));
#9221=DIRECTION('center_axis',(2.0401981905121E-37,-1.,2.17269172667518E-66));
#9222=DIRECTION('ref_axis',(-6.31088724176809E-30,-3.4602377997933E-66,
-1.));
#9223=DIRECTION('center_axis',(-2.0401981905121E-37,1.,-2.17269172667518E-66));
#9224=DIRECTION('ref_axis',(-6.31088724176809E-30,-3.4602377997933E-66,
-1.));
#9225=DIRECTION('',(-2.0401981905121E-37,1.,-2.17269172667518E-66));
#9226=DIRECTION('center_axis',(2.0401981905121E-37,-1.,2.17269172667518E-66));
#9227=DIRECTION('ref_axis',(-6.31088724176809E-30,-3.4602377997933E-66,
-1.));
#9228=DIRECTION('center_axis',(-2.0401981905121E-37,1.,-2.17269172667518E-66));
#9229=DIRECTION('ref_axis',(-6.31088724176809E-30,-3.4602377997933E-66,
-1.));
#9230=DIRECTION('center_axis',(2.0401981905121E-37,-1.,2.17269172667518E-66));
#9231=DIRECTION('ref_axis',(6.31088724176809E-30,3.4602377997933E-66,1.));
#9232=DIRECTION('center_axis',(-2.0401981905121E-37,1.,-2.17269172667518E-66));
#9233=DIRECTION('ref_axis',(-6.31088724176809E-30,-3.4602377997933E-66,
-1.));
#9234=DIRECTION('',(-8.65956056235578E-17,-0.707106781186515,-0.70710678118658));
#9235=DIRECTION('center_axis',(-2.0401981905121E-37,1.,-2.17269172667518E-66));
#9236=DIRECTION('ref_axis',(-6.31088724176809E-30,-3.4602377997933E-66,
-1.));
#9237=DIRECTION('center_axis',(2.0401981905121E-37,-1.,2.17269172667518E-66));
#9238=DIRECTION('ref_axis',(6.31088724176809E-30,3.4602377997933E-66,1.));
#9239=DIRECTION('',(-8.65956056235578E-17,-0.707106781186515,-0.70710678118658));
#9240=DIRECTION('center_axis',(2.0401981905121E-37,-1.,2.17269172667518E-66));
#9241=DIRECTION('ref_axis',(-6.31088724176809E-30,-3.4602377997933E-66,
-1.));
#9242=DIRECTION('center_axis',(2.0401981905121E-37,-1.,2.17269172667518E-66));
#9243=DIRECTION('ref_axis',(-6.31088724176809E-30,-3.46023779979329E-66,
-1.));
#9244=DIRECTION('center_axis',(2.0401981905121E-37,-1.,2.17269172667518E-66));
#9245=DIRECTION('ref_axis',(-6.31088724176809E-30,-3.4602377997933E-66,
-1.));
#9246=DIRECTION('',(-2.0401981905121E-37,1.,-2.17269172667518E-66));
#9247=DIRECTION('center_axis',(2.0401981905121E-37,-1.,2.17269172667518E-66));
#9248=DIRECTION('ref_axis',(-6.31088724176809E-30,-3.4602377997933E-66,
-1.));
#9249=DIRECTION('center_axis',(2.0401981905121E-37,-1.,2.17269172667518E-66));
#9250=DIRECTION('ref_axis',(-6.31088724176809E-30,-3.46023779979329E-66,
-1.));
#9251=DIRECTION('',(-2.0401981905121E-37,1.,-2.17269172667518E-66));
#9252=DIRECTION('center_axis',(2.0401981905121E-37,-1.,2.17269172667518E-66));
#9253=DIRECTION('ref_axis',(6.31088724176809E-30,3.46023779979329E-66,1.));
#9254=DIRECTION('center_axis',(2.0401981905121E-37,-1.,2.17269172667518E-66));
#9255=DIRECTION('ref_axis',(-6.31088724176809E-30,-3.4602377997933E-66,
-1.));
#9256=DIRECTION('center_axis',(2.0401981905121E-37,-1.,2.17269172667518E-66));
#9257=DIRECTION('ref_axis',(-6.31088724176809E-30,-3.46023779979329E-66,
-1.));
#9258=DIRECTION('center_axis',(3.87894999295574E-56,4.80190750666566E-29,
-1.));
#9259=DIRECTION('ref_axis',(-1.,8.07793566946316E-28,0.));
#9260=DIRECTION('center_axis',(-2.0401981905121E-37,1.,-2.17269172667518E-66));
#9261=DIRECTION('ref_axis',(-6.31088724176809E-30,-3.46023779979329E-66,
-1.));
#9262=DIRECTION('',(-8.65956056235472E-17,0.707106781186528,0.707106781186567));
#9263=DIRECTION('center_axis',(2.0401981905121E-37,-1.,2.17269172667518E-66));
#9264=DIRECTION('ref_axis',(-6.31088724176809E-30,-3.46023779979329E-66,
-1.));
#9265=DIRECTION('',(-2.0401981905121E-37,1.,-2.17269172667518E-66));
#9266=DIRECTION('center_axis',(1.32468372801533E-16,-1.,4.8942010532971E-27));
#9267=DIRECTION('ref_axis',(-8.33538393396929E-16,-4.8875679938107E-27,
-1.));
#9268=DIRECTION('center_axis',(-1.32468372801533E-16,1.,-4.8942010532971E-27));
#9269=DIRECTION('ref_axis',(-8.33538393396929E-16,-4.8875679938107E-27,
-1.));
#9270=DIRECTION('',(-1.32468372801533E-16,1.,-4.8942010532971E-27));
#9271=DIRECTION('center_axis',(1.32468372801533E-16,-1.,4.8942010532971E-27));
#9272=DIRECTION('ref_axis',(-8.33538393396929E-16,-4.8875679938107E-27,
-1.));
#9273=DIRECTION('center_axis',(-1.32468372801533E-16,1.,-4.8942010532971E-27));
#9274=DIRECTION('ref_axis',(-8.33538393396929E-16,-4.8875679938107E-27,
-1.));
#9275=DIRECTION('center_axis',(1.32468372801533E-16,-1.,4.8942010532971E-27));
#9276=DIRECTION('ref_axis',(8.33538393396929E-16,4.8875679938107E-27,1.));
#9277=DIRECTION('',(-5.82326971273182E-16,-0.707106781186515,-0.70710678118658));
#9278=DIRECTION('center_axis',(1.32468372801533E-16,-1.,4.8942010532971E-27));
#9279=DIRECTION('ref_axis',(-8.33538393396929E-16,-4.89478043637273E-27,
-1.));
#9280=DIRECTION('center_axis',(1.32468372801533E-16,-1.,4.8942010532971E-27));
#9281=DIRECTION('ref_axis',(-8.33538393396928E-16,-4.89057317821155E-27,
-1.));
#9282=DIRECTION('center_axis',(1.32468372801533E-16,-1.,4.8942010532971E-27));
#9283=DIRECTION('ref_axis',(-8.33538393396928E-16,-4.89057317821155E-27,
-1.));
#9284=DIRECTION('',(-1.32468372801533E-16,1.,-4.8942010532971E-27));
#9285=DIRECTION('center_axis',(1.32468372801533E-16,-1.,4.8942010532971E-27));
#9286=DIRECTION('ref_axis',(8.33538393396928E-16,4.89057317821155E-27,1.));
#9287=DIRECTION('center_axis',(-8.3353839339691E-16,-4.77103071440472E-27,
-1.));
#9288=DIRECTION('ref_axis',(-1.,-1.32468372800725E-16,8.3353839339691E-16));
#9289=DIRECTION('center_axis',(-1.32468372801533E-16,1.,-4.8942010532971E-27));
#9290=DIRECTION('ref_axis',(-8.33538393396928E-16,-4.89057317821155E-27,
-1.));
#9291=DIRECTION('',(4.09135760026064E-16,0.707106781186528,0.707106781186567));
#9292=DIRECTION('center_axis',(-1.32468372801533E-16,1.,-4.8942010532971E-27));
#9293=DIRECTION('ref_axis',(-8.33538393396928E-16,-4.89057317821155E-27,
-1.));
#9294=DIRECTION('center_axis',(1.32468372801533E-16,-1.,4.8942010532971E-27));
#9295=DIRECTION('ref_axis',(8.33538393396928E-16,4.89057317821155E-27,1.));
#9296=DIRECTION('',(4.09135760026064E-16,0.707106781186528,0.707106781186567));
#9297=DIRECTION('center_axis',(1.32468372801533E-16,-1.,4.8942010532971E-27));
#9298=DIRECTION('ref_axis',(-8.33538393396929E-16,-4.8875679938107E-27,
-1.));
#9299=DIRECTION('center_axis',(-1.32468372801533E-16,1.,-4.8942010532971E-27));
#9300=DIRECTION('ref_axis',(-8.33538393396929E-16,-4.8875679938107E-27,
-1.));
#9301=DIRECTION('',(-1.32468372801533E-16,1.,-4.8942010532971E-27));
#9302=DIRECTION('center_axis',(1.32468372801533E-16,-1.,4.8942010532971E-27));
#9303=DIRECTION('ref_axis',(-8.33538393396929E-16,-4.8875679938107E-27,
-1.));
#9304=DIRECTION('center_axis',(-1.32468372801533E-16,1.,-4.8942010532971E-27));
#9305=DIRECTION('ref_axis',(-8.33538393396929E-16,-4.8875679938107E-27,
-1.));
#9306=DIRECTION('center_axis',(1.32468372801533E-16,-1.,4.8942010532971E-27));
#9307=DIRECTION('ref_axis',(8.33538393396929E-16,4.8875679938107E-27,1.));
#9308=DIRECTION('center_axis',(-1.32468372801533E-16,1.,-4.8942010532971E-27));
#9309=DIRECTION('ref_axis',(-8.33538393396929E-16,-4.8875679938107E-27,
-1.));
#9310=DIRECTION('',(-5.82326971273182E-16,-0.707106781186515,-0.70710678118658));
#9311=DIRECTION('center_axis',(-1.32468372801533E-16,1.,-4.8942010532971E-27));
#9312=DIRECTION('ref_axis',(-8.33538393396929E-16,-4.8875679938107E-27,
-1.));
#9313=DIRECTION('center_axis',(1.32468372801533E-16,-1.,4.8942010532971E-27));
#9314=DIRECTION('ref_axis',(8.33538393396929E-16,4.8875679938107E-27,1.));
#9315=DIRECTION('',(-5.82326971273182E-16,-0.707106781186515,-0.70710678118658));
#9316=DIRECTION('center_axis',(1.32468372801533E-16,-1.,4.8942010532971E-27));
#9317=DIRECTION('ref_axis',(-8.33538393396929E-16,-4.89478043637273E-27,
-1.));
#9318=DIRECTION('center_axis',(1.32468372801533E-16,-1.,4.8942010532971E-27));
#9319=DIRECTION('ref_axis',(-8.33538393396928E-16,-4.89057317821155E-27,
-1.));
#9320=DIRECTION('center_axis',(1.32468372801533E-16,-1.,4.8942010532971E-27));
#9321=DIRECTION('ref_axis',(-8.33538393396929E-16,-4.8875679938107E-27,
-1.));
#9322=DIRECTION('',(-1.32468372801533E-16,1.,-4.8942010532971E-27));
#9323=DIRECTION('center_axis',(1.32468372801533E-16,-1.,4.8942010532971E-27));
#9324=DIRECTION('ref_axis',(-8.33538393396929E-16,-4.8875679938107E-27,
-1.));
#9325=DIRECTION('center_axis',(1.32468372801533E-16,-1.,4.8942010532971E-27));
#9326=DIRECTION('ref_axis',(-8.33538393396928E-16,-4.89057317821155E-27,
-1.));
#9327=DIRECTION('',(-1.32468372801533E-16,1.,-4.8942010532971E-27));
#9328=DIRECTION('center_axis',(1.32468372801533E-16,-1.,4.8942010532971E-27));
#9329=DIRECTION('ref_axis',(8.33538393396928E-16,4.89057317821155E-27,1.));
#9330=DIRECTION('center_axis',(1.32468372801533E-16,-1.,4.8942010532971E-27));
#9331=DIRECTION('ref_axis',(-8.33538393396929E-16,-4.89478043637273E-27,
-1.));
#9332=DIRECTION('center_axis',(1.32468372801533E-16,-1.,4.8942010532971E-27));
#9333=DIRECTION('ref_axis',(-8.33538393396928E-16,-4.89057317821155E-27,
-1.));
#9334=DIRECTION('center_axis',(-1.32468372801533E-16,1.,-4.8942010532971E-27));
#9335=DIRECTION('ref_axis',(-8.33538393396928E-16,-4.89057317821155E-27,
-1.));
#9336=DIRECTION('',(4.09135760026064E-16,0.707106781186528,0.707106781186567));
#9337=DIRECTION('center_axis',(1.32468372801533E-16,-1.,4.8942010532971E-27));
#9338=DIRECTION('ref_axis',(-8.33538393396928E-16,-4.89057317821155E-27,
-1.));
#9339=DIRECTION('',(-1.32468372801533E-16,1.,-4.8942010532971E-27));
#9340=DIRECTION('center_axis',(-1.32468372801533E-16,1.,-4.8942010532971E-27));
#9341=DIRECTION('ref_axis',(-8.33538393396928E-16,-4.89057317821155E-27,
-1.));
#9342=DIRECTION('center_axis',(1.32468372801533E-16,-1.,4.8942010532971E-27));
#9343=DIRECTION('ref_axis',(8.33538393396928E-16,4.89057317821155E-27,1.));
#9344=DIRECTION('',(4.09135760026064E-16,0.707106781186528,0.707106781186567));
#9345=DIRECTION('center_axis',(1.32468372801533E-16,-1.,4.8942010532971E-27));
#9346=DIRECTION('ref_axis',(-8.33538393396929E-16,-4.8875679938107E-27,
-1.));
#9347=DIRECTION('center_axis',(-1.32468372801533E-16,1.,-4.8942010532971E-27));
#9348=DIRECTION('ref_axis',(-8.33538393396929E-16,-4.8875679938107E-27,
-1.));
#9349=DIRECTION('',(-1.32468372801533E-16,1.,-4.8942010532971E-27));
#9350=DIRECTION('center_axis',(1.32468372801533E-16,-1.,4.8942010532971E-27));
#9351=DIRECTION('ref_axis',(-8.33538393396929E-16,-4.8875679938107E-27,
-1.));
#9352=DIRECTION('center_axis',(-1.32468372801533E-16,1.,-4.8942010532971E-27));
#9353=DIRECTION('ref_axis',(-8.33538393396929E-16,-4.8875679938107E-27,
-1.));
#9354=DIRECTION('center_axis',(1.32468372801533E-16,-1.,4.8942010532971E-27));
#9355=DIRECTION('ref_axis',(8.33538393396929E-16,4.8875679938107E-27,1.));
#9356=DIRECTION('center_axis',(-1.32468372801533E-16,1.,-4.8942010532971E-27));
#9357=DIRECTION('ref_axis',(-8.33538393396929E-16,-4.8875679938107E-27,
-1.));
#9358=DIRECTION('',(-5.82326971273182E-16,-0.707106781186515,-0.70710678118658));
#9359=DIRECTION('center_axis',(-1.32468372801533E-16,1.,-4.8942010532971E-27));
#9360=DIRECTION('ref_axis',(-8.33538393396929E-16,-4.8875679938107E-27,
-1.));
#9361=DIRECTION('center_axis',(1.32468372801533E-16,-1.,4.8942010532971E-27));
#9362=DIRECTION('ref_axis',(8.33538393396929E-16,4.8875679938107E-27,1.));
#9363=DIRECTION('',(-5.82326971273182E-16,-0.707106781186515,-0.70710678118658));
#9364=DIRECTION('center_axis',(1.32468372801533E-16,-1.,4.8942010532971E-27));
#9365=DIRECTION('ref_axis',(-8.33538393396929E-16,-4.89478043637273E-27,
-1.));
#9366=DIRECTION('center_axis',(1.32468372801533E-16,-1.,4.8942010532971E-27));
#9367=DIRECTION('ref_axis',(-8.33538393396928E-16,-4.89057317821155E-27,
-1.));
#9368=DIRECTION('center_axis',(1.32468372801533E-16,-1.,4.8942010532971E-27));
#9369=DIRECTION('ref_axis',(-8.33538393396929E-16,-4.8875679938107E-27,
-1.));
#9370=DIRECTION('',(-1.32468372801533E-16,1.,-4.8942010532971E-27));
#9371=DIRECTION('center_axis',(1.32468372801533E-16,-1.,4.8942010532971E-27));
#9372=DIRECTION('ref_axis',(-8.33538393396929E-16,-4.8875679938107E-27,
-1.));
#9373=DIRECTION('center_axis',(1.32468372801533E-16,-1.,4.8942010532971E-27));
#9374=DIRECTION('ref_axis',(-8.33538393396928E-16,-4.89057317821155E-27,
-1.));
#9375=DIRECTION('',(-1.32468372801533E-16,1.,-4.8942010532971E-27));
#9376=DIRECTION('center_axis',(1.32468372801533E-16,-1.,4.8942010532971E-27));
#9377=DIRECTION('ref_axis',(8.33538393396928E-16,4.89057317821155E-27,1.));
#9378=DIRECTION('center_axis',(1.32468372801533E-16,-1.,4.8942010532971E-27));
#9379=DIRECTION('ref_axis',(-8.33538393396929E-16,-4.89478043637273E-27,
-1.));
#9380=DIRECTION('center_axis',(1.32468372801533E-16,-1.,4.8942010532971E-27));
#9381=DIRECTION('ref_axis',(-8.33538393396928E-16,-4.89057317821155E-27,
-1.));
#9382=DIRECTION('center_axis',(-1.32468372801533E-16,1.,-4.8942010532971E-27));
#9383=DIRECTION('ref_axis',(-8.33538393396928E-16,-4.89057317821155E-27,
-1.));
#9384=DIRECTION('',(4.09135760026064E-16,0.707106781186528,0.707106781186567));
#9385=DIRECTION('center_axis',(1.32468372801533E-16,-1.,4.8942010532971E-27));
#9386=DIRECTION('ref_axis',(-8.33538393396928E-16,-4.89057317821155E-27,
-1.));
#9387=DIRECTION('',(-1.32468372801533E-16,1.,-4.8942010532971E-27));
#9388=DIRECTION('',(-7.13526374214549E-12,0.999999999999997,-2.22464501791376E-15));
#9389=DIRECTION('',(1.,7.13498073827334E-12,-1.72393349595624E-13));
#9390=DIRECTION('',(-7.13526374214549E-12,0.999999999999997,-2.22464501791376E-15));
#9391=DIRECTION('',(1.,7.13498073827334E-12,-1.72393349595624E-13));
#9392=DIRECTION('',(-7.13526374214549E-12,0.999999999999997,-2.22464501791376E-15));
#9393=DIRECTION('',(1.,7.13498073827334E-12,-1.72393349595624E-13));
#9394=DIRECTION('',(-7.13526374214549E-12,0.999999999999997,-2.22464501791376E-15));
#9395=DIRECTION('',(1.,7.13498073827334E-12,-1.72393349595624E-13));
#9396=DIRECTION('',(-7.13526374214549E-12,0.999999999999997,-2.22464501791376E-15));
#9397=DIRECTION('',(1.,7.13498073827334E-12,-1.72393349595624E-13));
#9398=DIRECTION('',(-7.13526374214549E-12,0.999999999999997,-2.22464501791376E-15));
#9399=DIRECTION('',(1.,7.13498073827334E-12,-1.72393349595624E-13));
#9400=DIRECTION('',(-7.13526374214549E-12,0.999999999999997,-2.22464501791376E-15));
#9401=DIRECTION('',(1.,7.13498073827334E-12,-1.72393349595624E-13));
#9402=DIRECTION('',(-7.13526374214549E-12,0.999999999999997,-2.22464501791376E-15));
#9403=DIRECTION('',(1.,7.13498073827334E-12,-1.72393349595624E-13));
#9404=DIRECTION('',(-7.13526374214549E-12,0.999999999999997,-2.22464501791376E-15));
#9405=DIRECTION('',(1.,7.13498073827334E-12,-1.72393349595624E-13));
#9406=DIRECTION('',(-7.13526374214549E-12,0.999999999999997,-2.22464501791376E-15));
#9407=DIRECTION('',(1.,7.13498073827334E-12,-1.72393349595624E-13));
#9408=DIRECTION('',(-7.13526374214549E-12,0.999999999999997,-2.22464501791376E-15));
#9409=DIRECTION('',(1.,7.13498073827334E-12,-1.72393349595624E-13));
#9410=DIRECTION('',(-7.13526374214549E-12,0.999999999999997,-2.22464501791376E-15));
#9411=DIRECTION('',(1.,7.13498073827334E-12,-1.72393349595624E-13));
#9412=DIRECTION('',(-7.13526374214549E-12,0.999999999999997,-2.22464501791376E-15));
#9413=DIRECTION('',(1.,7.13498073827334E-12,-1.72393349595624E-13));
#9414=DIRECTION('',(-7.13526374214549E-12,0.999999999999997,-2.22464501791376E-15));
#9415=DIRECTION('',(1.,7.13498073827334E-12,-1.72393349595624E-13));
#9416=DIRECTION('',(-7.13526374214549E-12,0.999999999999997,-2.22464501791376E-15));
#9417=DIRECTION('',(1.,7.13498073827334E-12,-1.72393349595624E-13));
#9418=DIRECTION('axis',(0.,0.,1.));
#9419=DIRECTION('refdir',(1.,0.,0.));
#9420=DIRECTION('center_axis',(0.,-1.,0.));
#9421=DIRECTION('ref_axis',(0.,0.,-1.));
#9422=DIRECTION('',(1.,2.17429787001541E-29,9.86076131526265E-31));
#9423=DIRECTION('',(0.,0.,1.));
#9424=DIRECTION('',(1.,-9.86076131526265E-32,-1.4791141972894E-31));
#9425=DIRECTION('',(0.,0.,1.));
#9426=DIRECTION('center_axis',(1.,2.16840434497101E-16,0.));
#9427=DIRECTION('ref_axis',(-2.16840434497101E-16,1.,0.));
#9428=DIRECTION('',(-2.16840434497123E-16,1.,6.69768083741855E-30));
#9429=DIRECTION('',(-2.16840434497101E-16,1.,-5.53416489417596E-30));
#9430=DIRECTION('',(0.,0.,1.));
#9431=DIRECTION('center_axis',(0.,0.,-1.));
#9432=DIRECTION('ref_axis',(1.,0.,0.));
#9433=DIRECTION('center_axis',(-9.86076131526265E-31,-6.69768083741855E-30,
1.));
#9434=DIRECTION('ref_axis',(1.,2.17429787001541E-29,9.86076131526265E-31));
#9435=DIRECTION('',(0.,0.,1.));
#9436=DIRECTION('center_axis',(1.4791141972894E-31,5.53416489417596E-30,
1.));
#9437=DIRECTION('ref_axis',(1.,-9.86076131526265E-32,-1.4791141972894E-31));
#9438=DIRECTION('center_axis',(0.,1.,0.));
#9439=DIRECTION('ref_axis',(0.,0.,1.));
#9440=DIRECTION('',(-1.,-2.17429787001541E-29,-9.86076131526265E-31));
#9441=DIRECTION('',(0.,0.,1.));
#9442=DIRECTION('',(-1.,9.86076131526265E-32,1.4791141972894E-31));
#9443=DIRECTION('',(0.,0.,1.));
#9444=DIRECTION('center_axis',(-1.,0.,0.));
#9445=DIRECTION('ref_axis',(0.,0.,1.));
#9446=DIRECTION('',(2.17429787001541E-29,-1.,-6.69768083741855E-30));
#9447=DIRECTION('',(-9.86076131526265E-32,-1.,5.53416489417596E-30));
#9448=DIRECTION('center_axis',(0.,1.,0.));
#9449=DIRECTION('ref_axis',(0.,0.,1.));
#9450=DIRECTION('',(-1.,-2.17429787001541E-29,-9.86076131526265E-31));
#9451=DIRECTION('',(-1.,9.86076131526265E-32,1.4791141972894E-31));
#9452=DIRECTION('',(0.,0.,1.));
#9453=DIRECTION('center_axis',(1.,-9.23373748169331E-16,0.));
#9454=DIRECTION('ref_axis',(9.23373748169331E-16,1.,0.));
#9455=DIRECTION('',(9.23373748169309E-16,1.,6.69768083741855E-30));
#9456=DIRECTION('',(9.23373748169331E-16,1.,-5.53416489417596E-30));
#9457=DIRECTION('',(0.,0.,1.));
#9458=DIRECTION('center_axis',(0.707106781186548,-0.707106781186548,0.));
#9459=DIRECTION('ref_axis',(0.707106781186548,0.707106781186548,0.));
#9460=DIRECTION('',(0.707106781186548,0.707106781186548,5.43323665773027E-30));
#9461=DIRECTION('',(0.707106781186547,0.707106781186547,-4.01783469278162E-30));
#9462=DIRECTION('',(0.,0.,1.));
#9463=DIRECTION('center_axis',(0.,-1.,0.));
#9464=DIRECTION('ref_axis',(0.,0.,-1.));
#9465=DIRECTION('',(1.,2.17429787001541E-29,9.86076131526265E-31));
#9466=DIRECTION('',(1.,-9.86076131526265E-32,-1.4791141972894E-31));
#9467=DIRECTION('',(0.,0.,1.));
#9468=DIRECTION('center_axis',(0.499999999999999,-0.866025403784439,0.));
#9469=DIRECTION('ref_axis',(0.866025403784439,0.499999999999999,0.));
#9470=DIRECTION('',(0.866025403784439,0.499999999999999,4.2028073986765E-30));
#9471=DIRECTION('',(0.866025403784439,0.499999999999999,-2.89517749408306E-30));
#9472=DIRECTION('',(0.,0.,1.));
#9473=DIRECTION('center_axis',(-0.5,-0.866025403784439,0.));
#9474=DIRECTION('ref_axis',(0.866025403784439,-0.5,0.));
#9475=DIRECTION('',(0.866025403784439,-0.5,-2.49487343874204E-30));
#9476=DIRECTION('',(0.866025403784439,-0.5,2.63898740009289E-30));
#9477=DIRECTION('',(0.,0.,1.));
#9478=DIRECTION('center_axis',(0.,-1.,0.));
#9479=DIRECTION('ref_axis',(0.,0.,-1.));
#9480=DIRECTION('',(1.,2.17429787001541E-29,9.86076131526265E-31));
#9481=DIRECTION('',(1.,-9.86076131526265E-32,-1.4791141972894E-31));
#9482=DIRECTION('',(0.,0.,1.));
#9483=DIRECTION('center_axis',(-0.707106781186548,-0.707106781186547,0.));
#9484=DIRECTION('ref_axis',(0.707106781186547,-0.707106781186548,0.));
#9485=DIRECTION('',(0.707106781186547,-0.707106781186548,-4.03871441899343E-30));
#9486=DIRECTION('',(0.707106781186547,-0.707106781186548,3.80865635697109E-30));
#9487=DIRECTION('',(0.,0.,1.));
#9488=DIRECTION('center_axis',(-1.,1.8467474963387E-15,0.));
#9489=DIRECTION('ref_axis',(-1.8467474963387E-15,-1.,0.));
#9490=DIRECTION('',(-1.84674749633868E-15,-1.,-6.69768083741855E-30));
#9491=DIRECTION('',(-1.8467474963387E-15,-1.,5.53416489417596E-30));
#9492=DIRECTION('',(0.,0.,1.));
#9493=DIRECTION('center_axis',(-2.31296463463574E-15,1.,0.));
#9494=DIRECTION('ref_axis',(-1.,-2.31296463463574E-15,0.));
#9495=DIRECTION('',(-1.,-2.31296463463576E-15,-9.8607613152628E-31));
#9496=DIRECTION('',(-1.,-2.31296463463574E-15,1.47911419728953E-31));
#9497=DIRECTION('',(0.,0.,1.));
#9498=DIRECTION('center_axis',(-1.,0.,0.));
#9499=DIRECTION('ref_axis',(0.,0.,1.));
#9500=DIRECTION('',(2.17429787001541E-29,-1.,-6.69768083741855E-30));
#9501=DIRECTION('',(-9.86076131526265E-32,-1.,5.53416489417596E-30));
#9502=DIRECTION('',(0.,0.,1.));
#9503=DIRECTION('center_axis',(0.,-1.,0.));
#9504=DIRECTION('ref_axis',(0.,0.,-1.));
#9505=DIRECTION('',(1.,2.17429787001541E-29,9.86076131526265E-31));
#9506=DIRECTION('',(1.,-9.86076131526265E-32,-1.4791141972894E-31));
#9507=DIRECTION('',(0.,0.,1.));
#9508=DIRECTION('center_axis',(0.,0.,-1.));
#9509=DIRECTION('ref_axis',(1.,0.,0.));
#9510=DIRECTION('center_axis',(-9.86076131526265E-31,-6.69768083741855E-30,
1.));
#9511=DIRECTION('ref_axis',(1.,2.17429787001541E-29,9.86076131526265E-31));
#9512=DIRECTION('center_axis',(1.4791141972894E-31,5.53416489417596E-30,
1.));
#9513=DIRECTION('ref_axis',(1.,-9.86076131526265E-32,-1.4791141972894E-31));
#9514=DIRECTION('',(0.,0.,1.));
#9515=DIRECTION('center_axis',(1.,0.,0.));
#9516=DIRECTION('ref_axis',(0.,0.,-1.));
#9517=DIRECTION('',(-2.17429787001541E-29,1.,6.69768083741855E-30));
#9518=DIRECTION('',(9.86076131526265E-32,1.,-5.53416489417596E-30));
#9519=DIRECTION('',(0.,0.,1.));
#9520=DIRECTION('center_axis',(0.,1.,0.));
#9521=DIRECTION('ref_axis',(0.,0.,1.));
#9522=DIRECTION('',(-1.,-2.17429787001541E-29,-9.86076131526265E-31));
#9523=DIRECTION('',(-1.,9.86076131526265E-32,1.4791141972894E-31));
#9524=DIRECTION('',(0.,0.,1.));
#9525=DIRECTION('center_axis',(-1.,0.,0.));
#9526=DIRECTION('ref_axis',(0.,0.,1.));
#9527=DIRECTION('',(2.17429787001541E-29,-1.,-6.69768083741855E-30));
#9528=DIRECTION('',(-9.86076131526265E-32,-1.,5.53416489417596E-30));
#9529=DIRECTION('',(0.,0.,1.));
#9530=DIRECTION('center_axis',(1.84674749633866E-15,1.,0.));
#9531=DIRECTION('ref_axis',(-1.,1.84674749633866E-15,0.));
#9532=DIRECTION('',(-1.,1.84674749633864E-15,-9.86076131526252E-31));
#9533=DIRECTION('',(-1.,1.84674749633866E-15,1.47911419728929E-31));
#9534=DIRECTION('',(0.,0.,1.));
#9535=DIRECTION('center_axis',(0.707106781186547,0.707106781186548,0.));
#9536=DIRECTION('ref_axis',(-0.707106781186548,0.707106781186547,0.));
#9537=DIRECTION('',(-0.707106781186548,0.707106781186547,4.03871441899342E-30));
#9538=DIRECTION('',(-0.707106781186548,0.707106781186547,-3.80865635697109E-30));
#9539=DIRECTION('',(0.,0.,1.));
#9540=DIRECTION('center_axis',(1.,0.,0.));
#9541=DIRECTION('ref_axis',(0.,0.,-1.));
#9542=DIRECTION('',(-2.17429787001541E-29,1.,6.69768083741855E-30));
#9543=DIRECTION('',(9.86076131526265E-32,1.,-5.53416489417596E-30));
#9544=DIRECTION('',(0.,0.,1.));
#9545=DIRECTION('center_axis',(0.866025403784439,0.499999999999999,0.));
#9546=DIRECTION('ref_axis',(-0.499999999999999,0.866025403784439,0.));
#9547=DIRECTION('',(-0.499999999999999,0.866025403784439,5.30732368588156E-30));
#9548=DIRECTION('',(-0.499999999999999,0.866025403784439,-4.71877167722394E-30));
#9549=DIRECTION('',(0.,0.,1.));
#9550=DIRECTION('center_axis',(0.866025403784439,-0.5,0.));
#9551=DIRECTION('ref_axis',(0.5,0.866025403784439,0.));
#9552=DIRECTION('',(0.5,0.866025403784439,6.29339981740783E-30));
#9553=DIRECTION('',(0.5,0.866025403784439,-4.86668309695287E-30));
#9554=DIRECTION('',(0.,0.,1.));
#9555=DIRECTION('center_axis',(1.,0.,0.));
#9556=DIRECTION('ref_axis',(0.,0.,-1.));
#9557=DIRECTION('',(-2.17429787001541E-29,1.,6.69768083741855E-30));
#9558=DIRECTION('',(9.86076131526265E-32,1.,-5.53416489417596E-30));
#9559=DIRECTION('',(0.,0.,1.));
#9560=DIRECTION('center_axis',(0.707106781186547,-0.707106781186548,0.));
#9561=DIRECTION('ref_axis',(0.707106781186548,0.707106781186547,0.));
#9562=DIRECTION('',(0.707106781186548,0.707106781186547,5.43323665773026E-30));
#9563=DIRECTION('',(0.707106781186548,0.707106781186547,-4.01783469278161E-30));
#9564=DIRECTION('',(0.,0.,1.));
#9565=DIRECTION('center_axis',(-2.77012124450804E-15,-1.,0.));
#9566=DIRECTION('ref_axis',(1.,-2.77012124450804E-15,0.));
#9567=DIRECTION('',(1.,-2.77012124450802E-15,9.86076131526246E-31));
#9568=DIRECTION('',(1.,-2.77012124450804E-15,-1.47911419728924E-31));
#9569=DIRECTION('',(0.,0.,1.));
#9570=DIRECTION('center_axis',(-1.,-2.31296463463574E-15,0.));
#9571=DIRECTION('ref_axis',(2.31296463463574E-15,-1.,0.));
#9572=DIRECTION('',(2.31296463463576E-15,-1.,-6.69768083741854E-30));
#9573=DIRECTION('',(2.31296463463574E-15,-1.,5.53416489417596E-30));
#9574=DIRECTION('',(0.,0.,1.));
#9575=DIRECTION('center_axis',(0.,-1.,0.));
#9576=DIRECTION('ref_axis',(0.,0.,-1.));
#9577=DIRECTION('',(1.,2.17429787001541E-29,9.86076131526265E-31));
#9578=DIRECTION('',(1.,-9.86076131526265E-32,-1.4791141972894E-31));
#9579=DIRECTION('',(0.,0.,1.));
#9580=DIRECTION('center_axis',(1.,0.,0.));
#9581=DIRECTION('ref_axis',(0.,0.,-1.));
#9582=DIRECTION('',(-2.17429787001541E-29,1.,6.69768083741855E-30));
#9583=DIRECTION('',(9.86076131526265E-32,1.,-5.53416489417596E-30));
#9584=DIRECTION('',(0.,0.,1.));
#9585=DIRECTION('center_axis',(0.,0.,-1.));
#9586=DIRECTION('ref_axis',(1.,0.,0.));
#9587=DIRECTION('center_axis',(-9.86076131526265E-31,-6.69768083741855E-30,
1.));
#9588=DIRECTION('ref_axis',(1.,2.17429787001541E-29,9.86076131526265E-31));
#9589=DIRECTION('center_axis',(1.4791141972894E-31,5.53416489417596E-30,
1.));
#9590=DIRECTION('ref_axis',(1.,-9.86076131526265E-32,-1.4791141972894E-31));
#9591=DIRECTION('',(0.,0.,1.));
#9592=DIRECTION('center_axis',(0.,1.,0.));
#9593=DIRECTION('ref_axis',(0.,0.,1.));
#9594=DIRECTION('',(-1.,-2.17429787001541E-29,-9.86076131526265E-31));
#9595=DIRECTION('',(-1.,9.86076131526265E-32,1.4791141972894E-31));
#9596=DIRECTION('',(0.,0.,1.));
#9597=DIRECTION('center_axis',(-1.,2.16840434497101E-16,0.));
#9598=DIRECTION('ref_axis',(-2.16840434497101E-16,-1.,0.));
#9599=DIRECTION('',(-2.16840434497079E-16,-1.,-6.69768083741855E-30));
#9600=DIRECTION('',(-2.16840434497101E-16,-1.,5.53416489417596E-30));
#9601=DIRECTION('',(0.,0.,1.));
#9602=DIRECTION('center_axis',(0.,-1.,0.));
#9603=DIRECTION('ref_axis',(0.,0.,-1.));
#9604=DIRECTION('',(1.,2.17429787001541E-29,9.86076131526265E-31));
#9605=DIRECTION('',(1.,-9.86076131526265E-32,-1.4791141972894E-31));
#9606=DIRECTION('',(0.,0.,1.));
#9607=DIRECTION('center_axis',(-1.,2.77012124450799E-15,0.));
#9608=DIRECTION('ref_axis',(-2.77012124450799E-15,-1.,0.));
#9609=DIRECTION('',(-2.77012124450797E-15,-1.,-6.69768083741855E-30));
#9610=DIRECTION('',(-2.77012124450799E-15,-1.,5.53416489417596E-30));
#9611=DIRECTION('',(0.,0.,1.));
#9612=DIRECTION('center_axis',(-0.707106781186548,0.707106781186547,0.));
#9613=DIRECTION('ref_axis',(-0.707106781186547,-0.707106781186548,0.));
#9614=DIRECTION('',(-0.707106781186547,-0.707106781186548,-5.43323665773027E-30));
#9615=DIRECTION('',(-0.707106781186547,-0.707106781186548,4.01783469278162E-30));
#9616=DIRECTION('',(0.,0.,1.));
#9617=DIRECTION('center_axis',(0.,1.,0.));
#9618=DIRECTION('ref_axis',(0.,0.,1.));
#9619=DIRECTION('',(-1.,-2.17429787001541E-29,-9.86076131526265E-31));
#9620=DIRECTION('',(-1.,9.86076131526265E-32,1.4791141972894E-31));
#9621=DIRECTION('',(0.,0.,1.));
#9622=DIRECTION('center_axis',(-0.499999999999999,0.866025403784439,0.));
#9623=DIRECTION('ref_axis',(-0.866025403784439,-0.499999999999999,0.));
#9624=DIRECTION('',(-0.866025403784439,-0.499999999999999,-4.2028073986765E-30));
#9625=DIRECTION('',(-0.866025403784439,-0.499999999999999,2.89517749408306E-30));
#9626=DIRECTION('',(0.,0.,1.));
#9627=DIRECTION('center_axis',(0.5,0.866025403784439,0.));
#9628=DIRECTION('ref_axis',(-0.866025403784439,0.5,0.));
#9629=DIRECTION('',(-0.866025403784439,0.5,2.49487343874204E-30));
#9630=DIRECTION('',(-0.866025403784439,0.5,-2.63898740009289E-30));
#9631=DIRECTION('',(0.,0.,1.));
#9632=DIRECTION('center_axis',(0.,1.,0.));
#9633=DIRECTION('ref_axis',(0.,0.,1.));
#9634=DIRECTION('',(-1.,-2.17429787001541E-29,-9.86076131526265E-31));
#9635=DIRECTION('',(-1.,9.86076131526265E-32,1.4791141972894E-31));
#9636=DIRECTION('',(0.,0.,1.));
#9637=DIRECTION('center_axis',(0.707106781186548,0.707106781186547,0.));
#9638=DIRECTION('ref_axis',(-0.707106781186547,0.707106781186548,0.));
#9639=DIRECTION('',(-0.707106781186547,0.707106781186548,4.03871441899343E-30));
#9640=DIRECTION('',(-0.707106781186547,0.707106781186548,-3.80865635697109E-30));
#9641=DIRECTION('',(0.,0.,1.));
#9642=DIRECTION('center_axis',(1.,0.,0.));
#9643=DIRECTION('ref_axis',(0.,0.,-1.));
#9644=DIRECTION('',(-2.17429787001541E-29,1.,6.69768083741855E-30));
#9645=DIRECTION('',(9.86076131526265E-32,1.,-5.53416489417596E-30));
#9646=DIRECTION('',(0.,0.,1.));
#9647=DIRECTION('center_axis',(2.31296463463574E-15,-1.,0.));
#9648=DIRECTION('ref_axis',(1.,2.31296463463574E-15,0.));
#9649=DIRECTION('',(1.,2.31296463463576E-15,9.8607613152628E-31));
#9650=DIRECTION('',(1.,2.31296463463574E-15,-1.47911419728953E-31));
#9651=DIRECTION('',(0.,0.,1.));
#9652=DIRECTION('center_axis',(1.,0.,0.));
#9653=DIRECTION('ref_axis',(0.,0.,-1.));
#9654=DIRECTION('',(-2.17429787001541E-29,1.,6.69768083741855E-30));
#9655=DIRECTION('',(9.86076131526265E-32,1.,-5.53416489417596E-30));
#9656=DIRECTION('',(0.,0.,1.));
#9657=DIRECTION('center_axis',(0.,1.,0.));
#9658=DIRECTION('ref_axis',(0.,0.,1.));
#9659=DIRECTION('',(-1.,-2.17429787001541E-29,-9.86076131526265E-31));
#9660=DIRECTION('',(-1.,9.86076131526265E-32,1.4791141972894E-31));
#9661=DIRECTION('',(0.,0.,1.));
#9662=DIRECTION('center_axis',(0.,0.,-1.));
#9663=DIRECTION('ref_axis',(1.,0.,0.));
#9664=DIRECTION('center_axis',(-9.86076131526265E-31,-6.69768083741855E-30,
1.));
#9665=DIRECTION('ref_axis',(1.,2.17429787001541E-29,9.86076131526265E-31));
#9666=DIRECTION('center_axis',(1.4791141972894E-31,5.53416489417596E-30,
1.));
#9667=DIRECTION('ref_axis',(1.,-9.86076131526265E-32,-1.4791141972894E-31));
#9668=DIRECTION('',(0.,0.,1.));
#9669=DIRECTION('center_axis',(-1.,0.,0.));
#9670=DIRECTION('ref_axis',(0.,0.,1.));
#9671=DIRECTION('',(2.17429787001541E-29,-1.,-6.69768083741855E-30));
#9672=DIRECTION('',(-9.86076131526265E-32,-1.,5.53416489417596E-30));
#9673=DIRECTION('',(0.,0.,1.));
#9674=DIRECTION('center_axis',(0.,-1.,0.));
#9675=DIRECTION('ref_axis',(0.,0.,-1.));
#9676=DIRECTION('',(1.,2.17429787001541E-29,9.86076131526265E-31));
#9677=DIRECTION('',(1.,-9.86076131526265E-32,-1.4791141972894E-31));
#9678=DIRECTION('',(0.,0.,1.));
#9679=DIRECTION('center_axis',(1.,0.,0.));
#9680=DIRECTION('ref_axis',(0.,0.,-1.));
#9681=DIRECTION('',(-2.17429787001541E-29,1.,6.69768083741855E-30));
#9682=DIRECTION('',(9.86076131526265E-32,1.,-5.53416489417596E-30));
#9683=DIRECTION('',(0.,0.,1.));
#9684=DIRECTION('center_axis',(0.,-1.,0.));
#9685=DIRECTION('ref_axis',(0.,0.,-1.));
#9686=DIRECTION('',(1.,2.17429787001541E-29,9.86076131526265E-31));
#9687=DIRECTION('',(1.,-9.86076131526265E-32,-1.4791141972894E-31));
#9688=DIRECTION('',(0.,0.,1.));
#9689=DIRECTION('center_axis',(-0.707106781186548,-0.707106781186547,0.));
#9690=DIRECTION('ref_axis',(0.707106781186547,-0.707106781186548,0.));
#9691=DIRECTION('',(0.707106781186547,-0.707106781186548,-4.03871441899343E-30));
#9692=DIRECTION('',(0.707106781186547,-0.707106781186548,3.80865635697109E-30));
#9693=DIRECTION('',(0.,0.,1.));
#9694=DIRECTION('center_axis',(-1.,0.,0.));
#9695=DIRECTION('ref_axis',(0.,0.,1.));
#9696=DIRECTION('',(2.17429787001541E-29,-1.,-6.69768083741855E-30));
#9697=DIRECTION('',(-9.86076131526265E-32,-1.,5.53416489417596E-30));
#9698=DIRECTION('',(0.,0.,1.));
#9699=DIRECTION('center_axis',(-0.866025403784439,-0.499999999999999,0.));
#9700=DIRECTION('ref_axis',(0.499999999999999,-0.866025403784439,0.));
#9701=DIRECTION('',(0.499999999999999,-0.866025403784439,-5.30732368588156E-30));
#9702=DIRECTION('',(0.499999999999999,-0.866025403784439,4.71877167722394E-30));
#9703=DIRECTION('',(0.,0.,1.));
#9704=DIRECTION('center_axis',(-0.866025403784439,0.5,0.));
#9705=DIRECTION('ref_axis',(-0.5,-0.866025403784439,0.));
#9706=DIRECTION('',(-0.5,-0.866025403784439,-6.29339981740783E-30));
#9707=DIRECTION('',(-0.5,-0.866025403784439,4.86668309695287E-30));
#9708=DIRECTION('',(0.,0.,1.));
#9709=DIRECTION('center_axis',(-1.,0.,0.));
#9710=DIRECTION('ref_axis',(0.,0.,1.));
#9711=DIRECTION('',(2.17429787001541E-29,-1.,-6.69768083741855E-30));
#9712=DIRECTION('',(-9.86076131526265E-32,-1.,5.53416489417596E-30));
#9713=DIRECTION('',(0.,0.,1.));
#9714=DIRECTION('center_axis',(-0.707106781186547,0.707106781186548,0.));
#9715=DIRECTION('ref_axis',(-0.707106781186548,-0.707106781186547,0.));
#9716=DIRECTION('',(-0.707106781186548,-0.707106781186547,-5.43323665773026E-30));
#9717=DIRECTION('',(-0.707106781186548,-0.707106781186547,4.01783469278161E-30));
#9718=DIRECTION('',(0.,0.,1.));
#9719=DIRECTION('center_axis',(9.23373748169348E-16,1.,0.));
#9720=DIRECTION('ref_axis',(-1.,9.23373748169348E-16,0.));
#9721=DIRECTION('',(-1.,9.23373748169326E-16,-9.86076131526259E-31));
#9722=DIRECTION('',(-1.,9.23373748169348E-16,1.47911419728935E-31));
#9723=DIRECTION('',(0.,0.,1.));
#9724=DIRECTION('center_axis',(1.,2.31296463463574E-15,0.));
#9725=DIRECTION('ref_axis',(-2.31296463463574E-15,1.,0.));
#9726=DIRECTION('',(-2.31296463463576E-15,1.,6.69768083741854E-30));
#9727=DIRECTION('',(-2.31296463463574E-15,1.,-5.53416489417596E-30));
#9728=DIRECTION('center_axis',(-9.86076131526265E-31,-6.69768083741855E-30,
1.));
#9729=DIRECTION('ref_axis',(1.,2.17429787001541E-29,9.86076131526265E-31));
#9730=DIRECTION('center_axis',(9.86076131526265E-31,6.69768083741855E-30,
-1.));
#9731=DIRECTION('ref_axis',(-1.,-2.17429787001541E-29,-9.86076131526265E-31));
#9732=DIRECTION('center_axis',(1.4791141972894E-31,5.53416489417596E-30,
1.));
#9733=DIRECTION('ref_axis',(1.,-9.86076131526265E-32,-1.4791141972894E-31));
#9734=DIRECTION('center_axis',(1.4791141972894E-31,5.53416489417596E-30,
1.));
#9735=DIRECTION('ref_axis',(-1.,9.86076131526265E-32,1.4791141972894E-31));
#9736=DIRECTION('center_axis',(0.,0.,1.));
#9737=DIRECTION('ref_axis',(-1.,0.,0.));
#9738=DIRECTION('',(0.,0.,1.));
#9739=DIRECTION('axis',(0.,0.,1.));
#9740=DIRECTION('refdir',(1.,0.,0.));
#9741=DIRECTION('center_axis',(1.,4.71484343506663E-16,2.12523875749632E-13));
#9742=DIRECTION('ref_axis',(4.71484343495036E-16,-1.,5.47079666113152E-14));
#9743=DIRECTION('center_axis',(-1.,-4.71484343506663E-16,-2.12523875749632E-13));
#9744=DIRECTION('ref_axis',(4.71484343495036E-16,-1.,5.47079666113152E-14));
#9745=DIRECTION('',(0.707106781186547,0.707106781186548,1.11679295136447E-13));
#9746=DIRECTION('center_axis',(1.,4.71484343506663E-16,2.12523875749632E-13));
#9747=DIRECTION('ref_axis',(4.71484343495036E-16,-1.,5.47079666113152E-14));
#9748=DIRECTION('center_axis',(1.,4.71484343506663E-16,2.12523875749632E-13));
#9749=DIRECTION('ref_axis',(4.71484343495036E-16,-1.,5.47079666113152E-14));
#9750=DIRECTION('center_axis',(-1.,-4.71484343506663E-16,-2.12523875749632E-13));
#9751=DIRECTION('ref_axis',(4.71484343495036E-16,-1.,5.47079666113152E-14));
#9752=DIRECTION('',(0.707106781186547,0.707106781186548,1.11679295136447E-13));
#9753=DIRECTION('center_axis',(1.,4.71484343506671E-16,2.12681577883812E-13));
#9754=DIRECTION('ref_axis',(2.12681577883812E-13,-5.47079666113151E-14,
-1.));
#9755=DIRECTION('center_axis',(1.,4.71484343506663E-16,2.12523875749632E-13));
#9756=DIRECTION('ref_axis',(4.71484343495036E-16,-1.,5.47079666113152E-14));
#9757=DIRECTION('center_axis',(-1.,-4.71484343506662E-16,-2.12523875749632E-13));
#9758=DIRECTION('ref_axis',(4.71484343495036E-16,-1.,5.47079666113152E-14));
#9759=DIRECTION('',(1.,4.71484343506663E-16,2.12523875749632E-13));
#9760=DIRECTION('center_axis',(1.,4.71484343506663E-16,2.12523875749632E-13));
#9761=DIRECTION('ref_axis',(4.71484343495036E-16,-1.,5.47079666113152E-14));
#9762=DIRECTION('center_axis',(-1.,-4.71484343506663E-16,-2.12523875749632E-13));
#9763=DIRECTION('ref_axis',(-4.71484343495036E-16,1.,-5.47079666113153E-14));
#9764=DIRECTION('',(1.,4.71484343506663E-16,2.12523875749632E-13));
#9765=DIRECTION('center_axis',(4.71484343495036E-16,-1.,5.47079666113152E-14));
#9766=DIRECTION('ref_axis',(2.12523875749632E-13,-5.47079666113151E-14,
-1.));
#9767=DIRECTION('center_axis',(-4.71484343495036E-16,1.,-5.47079666113152E-14));
#9768=DIRECTION('ref_axis',(-2.12523875749632E-13,5.47079666113151E-14,
1.));
#9769=DIRECTION('',(4.71484343495036E-16,-1.,5.47079666113152E-14));
#9770=DIRECTION('center_axis',(-4.71484343495036E-16,1.,-5.47079666113152E-14));
#9771=DIRECTION('ref_axis',(-2.12523875749632E-13,5.47079666113151E-14,
1.));
#9772=DIRECTION('center_axis',(4.71484343495036E-16,-1.,5.47079666113152E-14));
#9773=DIRECTION('ref_axis',(2.12523875749632E-13,-5.47079666113151E-14,
-1.));
#9774=DIRECTION('center_axis',(-4.71484343495036E-16,1.,-5.47079666113152E-14));
#9775=DIRECTION('ref_axis',(-2.12523875749632E-13,5.47079666113151E-14,
1.));
#9776=DIRECTION('',(4.71484343495036E-16,-1.,5.47079666113152E-14));
#9777=DIRECTION('center_axis',(-4.71484343495036E-16,1.,-5.47079666113152E-14));
#9778=DIRECTION('ref_axis',(-2.12523875749632E-13,5.47079666113151E-14,
1.));
#9779=DIRECTION('',(4.71484343495036E-16,-1.,5.47079666113152E-14));
#9780=DIRECTION('center_axis',(1.,4.71484343506663E-16,2.12523875749632E-13));
#9781=DIRECTION('ref_axis',(-4.71484343495036E-16,1.,-5.47079666113152E-14));
#9782=DIRECTION('center_axis',(1.,4.71484343506663E-16,2.12523875749632E-13));
#9783=DIRECTION('ref_axis',(-4.71484343495036E-16,1.,-5.47079666113152E-14));
#9784=DIRECTION('',(0.707106781186548,-0.707106781186547,1.88874852276777E-13));
#9785=DIRECTION('center_axis',(-1.,-4.71484343506663E-16,-2.12523875749632E-13));
#9786=DIRECTION('ref_axis',(-4.71484343495036E-16,1.,-5.47079666113152E-14));
#9787=DIRECTION('center_axis',(1.,4.71484343506663E-16,2.12523875749632E-13));
#9788=DIRECTION('ref_axis',(-4.71484343495036E-16,1.,-5.47079666113152E-14));
#9789=DIRECTION('center_axis',(1.,4.71484343506663E-16,2.12523875749632E-13));
#9790=DIRECTION('ref_axis',(-4.71484343495036E-16,1.,-5.47079666113152E-14));
#9791=DIRECTION('',(0.707106781186547,-0.707106781186548,1.88874852276777E-13));
#9792=DIRECTION('center_axis',(-1.,-4.71484343506671E-16,-2.12681577883812E-13));
#9793=DIRECTION('ref_axis',(2.12681577883812E-13,-5.47079666113151E-14,
-1.));
#9794=DIRECTION('center_axis',(1.,4.71484343506663E-16,2.12523875749632E-13));
#9795=DIRECTION('ref_axis',(-4.71484343495036E-16,1.,-5.47079666113152E-14));
#9796=DIRECTION('center_axis',(1.,4.71484343506662E-16,2.12523875749632E-13));
#9797=DIRECTION('ref_axis',(-4.71484343495036E-16,1.,-5.47079666113152E-14));
#9798=DIRECTION('',(1.,4.71484343506663E-16,2.12523875749632E-13));
#9799=DIRECTION('center_axis',(1.,4.71484343506663E-16,2.12523875749632E-13));
#9800=DIRECTION('ref_axis',(-4.71484343495036E-16,1.,-5.47079666113152E-14));
#9801=DIRECTION('center_axis',(1.,4.71484343506663E-16,2.12523875749632E-13));
#9802=DIRECTION('ref_axis',(4.71484343495036E-16,-1.,5.47079666113153E-14));
#9803=DIRECTION('',(1.,4.71484343506663E-16,2.12523875749632E-13));
#9804=DIRECTION('center_axis',(-1.,-4.71484343506663E-16,-2.12523875749632E-13));
#9805=DIRECTION('ref_axis',(4.71484343495036E-16,-1.,5.47079666113153E-14));
#9806=DIRECTION('center_axis',(1.,4.71484343506662E-16,2.12523875749632E-13));
#9807=DIRECTION('ref_axis',(-4.71484343495036E-16,1.,-5.47079666113152E-14));
#9808=DIRECTION('center_axis',(0.707106781186395,3.90177639523051E-14,0.7071067811867));
#9809=DIRECTION('ref_axis',(4.71484343495036E-16,-1.,5.47079666113152E-14));
#9810=DIRECTION('',(0.707106781186699,-3.83509843992712E-14,-0.707106781186396));
#9811=DIRECTION('',(-4.71484343495036E-16,1.,-5.47079666113152E-14));
#9812=DIRECTION('',(0.707106781186699,-3.83509843992712E-14,-0.707106781186396));
#9813=DIRECTION('',(4.71484343495036E-16,-1.,5.47079666113152E-14));
#9814=DIRECTION('center_axis',(0.707106781186698,-3.83509843992713E-14,
-0.707106781186397));
#9815=DIRECTION('ref_axis',(-4.71484343495036E-16,1.,-5.47079666113152E-14));
#9816=DIRECTION('',(0.707106781186399,3.90177639523049E-14,0.707106781186696));
#9817=DIRECTION('',(-4.71484343495036E-16,1.,-5.47079666113152E-14));
#9818=DIRECTION('',(0.707106781186399,3.90177639523049E-14,0.707106781186696));
#9819=DIRECTION('',(4.71484343495036E-16,-1.,5.47079666113152E-14));
#9820=DIRECTION('center_axis',(-0.707106781186393,-3.90177639523052E-14,
-0.707106781186702));
#9821=DIRECTION('ref_axis',(-4.71484343495036E-16,1.,-5.47079666113152E-14));
#9822=DIRECTION('',(-0.707106781186702,3.83509843992711E-14,0.707106781186393));
#9823=DIRECTION('',(-4.71484343495036E-16,1.,-5.47079666113152E-14));
#9824=DIRECTION('',(-0.707106781186702,3.83509843992711E-14,0.707106781186393));
#9825=DIRECTION('',(4.71484343495036E-16,-1.,5.47079666113152E-14));
#9826=DIRECTION('center_axis',(-0.707106781186695,3.83509843992714E-14,
0.7071067811864));
#9827=DIRECTION('ref_axis',(4.71484343495036E-16,-1.,5.47079666113152E-14));
#9828=DIRECTION('',(-0.707106781186401,-3.90177639523048E-14,-0.707106781186694));
#9829=DIRECTION('',(-4.71484343495036E-16,1.,-5.47079666113152E-14));
#9830=DIRECTION('',(-0.707106781186401,-3.90177639523048E-14,-0.707106781186694));
#9831=DIRECTION('',(4.71484343495036E-16,-1.,5.47079666113152E-14));
#9832=DIRECTION('center_axis',(0.707106781186698,-3.83509843992713E-14,
-0.707106781186397));
#9833=DIRECTION('ref_axis',(-4.71484343495036E-16,1.,-5.47079666113152E-14));
#9834=DIRECTION('',(0.707106781186398,3.9017763952305E-14,0.707106781186697));
#9835=DIRECTION('',(-4.71484343495036E-16,1.,-5.47079666113152E-14));
#9836=DIRECTION('',(0.707106781186398,3.9017763952305E-14,0.707106781186697));
#9837=DIRECTION('',(4.71484343495036E-16,-1.,5.47079666113152E-14));
#9838=DIRECTION('center_axis',(-0.707106781186397,-3.9017763952305E-14,
-0.707106781186698));
#9839=DIRECTION('ref_axis',(-4.71484343495036E-16,1.,-5.47079666113152E-14));
#9840=DIRECTION('',(-0.707106781186698,3.83509843992713E-14,0.707106781186397));
#9841=DIRECTION('',(-4.71484343495036E-16,1.,-5.47079666113152E-14));
#9842=DIRECTION('',(-0.707106781186698,3.83509843992713E-14,0.707106781186397));
#9843=DIRECTION('',(4.71484343495036E-16,-1.,5.47079666113152E-14));
#9844=DIRECTION('center_axis',(-0.707106781186397,-3.9017763952305E-14,
-0.707106781186698));
#9845=DIRECTION('ref_axis',(-4.71484343495036E-16,1.,-5.47079666113152E-14));
#9846=DIRECTION('',(0.707106781186698,-3.83509843992713E-14,-0.707106781186397));
#9847=DIRECTION('',(4.71484343495036E-16,-1.,5.47079666113152E-14));
#9848=DIRECTION('',(0.707106781186698,-3.83509843992713E-14,-0.707106781186397));
#9849=DIRECTION('',(4.71484343495036E-16,-1.,5.47079666113152E-14));
#9850=DIRECTION('center_axis',(0.707106781186698,-3.83509843992713E-14,
-0.707106781186397));
#9851=DIRECTION('ref_axis',(-4.71484343495036E-16,1.,-5.47079666113152E-14));
#9852=DIRECTION('',(-0.707106781186398,-3.9017763952305E-14,-0.707106781186697));
#9853=DIRECTION('',(-4.71484343495036E-16,1.,-5.47079666113152E-14));
#9854=DIRECTION('',(-0.707106781186398,-3.9017763952305E-14,-0.707106781186697));
#9855=DIRECTION('',(4.71484343495036E-16,-1.,5.47079666113152E-14));
#9856=DIRECTION('center_axis',(4.71484343495036E-16,-1.,5.47079666113152E-14));
#9857=DIRECTION('ref_axis',(-2.12401411069717E-13,5.47079666113151E-14,
1.));
#9858=DIRECTION('',(4.71484343495036E-16,-1.,5.47079666113152E-14));
#9859=DIRECTION('center_axis',(4.71484343495036E-16,-1.,5.47079666113152E-14));
#9860=DIRECTION('ref_axis',(-2.12523875749632E-13,5.47079666113151E-14,
1.));
#9861=DIRECTION('',(4.71484343495036E-16,-1.,5.47079666113152E-14));
#9862=DIRECTION('center_axis',(4.71484343495036E-16,-1.,5.47079666113152E-14));
#9863=DIRECTION('ref_axis',(-2.12523875749632E-13,5.47079666113151E-14,
1.));
#9864=DIRECTION('center_axis',(1.,4.71484343506663E-16,2.12523875749632E-13));
#9865=DIRECTION('ref_axis',(-4.71484343495036E-16,1.,-5.47079666113152E-14));
#9866=DIRECTION('',(4.71484343495036E-16,-1.,5.47079666113152E-14));
#9867=DIRECTION('',(-2.12523875749632E-13,5.47079666113151E-14,1.));
#9868=DIRECTION('',(4.71484343495036E-16,-1.,5.47079666113152E-14));
#9869=DIRECTION('',(-2.12523875749632E-13,5.47079666113151E-14,1.));
#9870=DIRECTION('center_axis',(2.11446424566919E-13,-5.47079666113151E-14,
-1.));
#9871=DIRECTION('ref_axis',(-4.71484343495036E-16,1.,-5.47079666113152E-14));
#9872=DIRECTION('',(1.,4.71484343506587E-16,2.11144738235759E-13));
#9873=DIRECTION('',(1.,4.71484343506587E-16,2.11144738235759E-13));
#9874=DIRECTION('center_axis',(2.13541301376709E-13,-5.47079666113151E-14,
-1.));
#9875=DIRECTION('ref_axis',(-4.71484343495036E-16,1.,-5.47079666113152E-14));
#9876=DIRECTION('',(1.,4.71484343506684E-16,2.12918969378666E-13));
#9877=DIRECTION('',(1.,4.71484343506684E-16,2.12918969378666E-13));
#9878=DIRECTION('center_axis',(1.,4.71484343506663E-16,2.12523875749632E-13));
#9879=DIRECTION('ref_axis',(-4.71484343495036E-16,1.,-5.47079666113152E-14));
#9880=DIRECTION('',(-2.12523875749632E-13,5.47079666113151E-14,1.));
#9881=DIRECTION('',(-2.12523875749632E-13,5.47079666113151E-14,1.));
#9882=DIRECTION('center_axis',(2.12307035315135E-13,-5.47079666113151E-14,
-1.));
#9883=DIRECTION('ref_axis',(-4.71484343495036E-16,1.,-5.47079666113152E-14));
#9884=DIRECTION('',(1.,4.71484343506663E-16,2.12523875749632E-13));
#9885=DIRECTION('',(1.,4.71484343506663E-16,2.12523875749632E-13));
#9886=DIRECTION('center_axis',(1.,4.71484343506663E-16,2.12523875749632E-13));
#9887=DIRECTION('ref_axis',(-4.71484343495036E-16,1.,-5.47079666113152E-14));
#9888=DIRECTION('',(-2.12523875749632E-13,5.47079666113151E-14,1.));
#9889=DIRECTION('',(-2.12523875749632E-13,5.47079666113151E-14,1.));
#9890=DIRECTION('center_axis',(1.,4.71484343506663E-16,2.12523875749632E-13));
#9891=DIRECTION('ref_axis',(-4.71484343495036E-16,1.,-5.47079666113152E-14));
#9892=DIRECTION('',(-2.12585554806556E-13,5.47079666113151E-14,1.));
#9893=DIRECTION('',(-2.12585554806556E-13,5.47079666113151E-14,1.));
#9894=DIRECTION('center_axis',(1.,4.71484343506663E-16,2.12523875749632E-13));
#9895=DIRECTION('ref_axis',(-4.71484343495036E-16,1.,-5.47079666113152E-14));
#9896=DIRECTION('',(-2.12637163813369E-13,5.47079666113151E-14,1.));
#9897=DIRECTION('',(-2.12637163813369E-13,5.47079666113151E-14,1.));
#9898=DIRECTION('center_axis',(2.12740716184129E-13,-5.47079666113151E-14,
-1.));
#9899=DIRECTION('ref_axis',(-4.71484343495036E-16,1.,-5.47079666113152E-14));
#9900=DIRECTION('',(1.,4.71484343506663E-16,2.12523875749632E-13));
#9901=DIRECTION('',(1.,4.71484343506663E-16,2.12523875749632E-13));
#9902=DIRECTION('center_axis',(1.,4.71484343506663E-16,2.12523875749632E-13));
#9903=DIRECTION('ref_axis',(-4.71484343495036E-16,1.,-5.47079666113152E-14));
#9904=DIRECTION('',(-2.12523875749632E-13,5.47079666113151E-14,1.));
#9905=DIRECTION('',(-2.12523875749632E-13,5.47079666113151E-14,1.));
#9906=DIRECTION('center_axis',(2.12523875749632E-13,-5.47079666113151E-14,
-1.));
#9907=DIRECTION('ref_axis',(-4.71484343495036E-16,1.,-5.47079666113152E-14));
#9908=DIRECTION('',(1.,4.71484343506663E-16,2.12523875749632E-13));
#9909=DIRECTION('',(1.,4.71484343506663E-16,2.12523875749632E-13));
#9910=DIRECTION('center_axis',(2.11446424566919E-13,-5.47079666113151E-14,
-1.));
#9911=DIRECTION('ref_axis',(-4.71484343495036E-16,1.,-5.47079666113152E-14));
#9912=DIRECTION('',(1.,4.71484343506625E-16,2.11834306992696E-13));
#9913=DIRECTION('',(1.,4.71484343506625E-16,2.11834306992696E-13));
#9914=DIRECTION('center_axis',(-4.71484343495036E-16,1.,-5.47079666113152E-14));
#9915=DIRECTION('ref_axis',(-2.12523875749632E-13,5.47079666113151E-14,
1.));
#9916=DIRECTION('center_axis',(-1.,-4.71484343506663E-16,-2.12523875749632E-13));
#9917=DIRECTION('ref_axis',(4.71484343495036E-16,-1.,5.47079666113153E-14));
#9918=DIRECTION('center_axis',(1.,4.71484343506662E-16,2.12523875749632E-13));
#9919=DIRECTION('ref_axis',(-4.71484343495036E-16,1.,-5.47079666113152E-14));
#9920=DIRECTION('center_axis',(4.71484343495036E-16,-1.,5.47079666113152E-14));
#9921=DIRECTION('ref_axis',(2.12523875749632E-13,-5.47079666113151E-14,
-1.));
#9922=DIRECTION('center_axis',(4.71484343495036E-16,-1.,5.47079666113152E-14));
#9923=DIRECTION('ref_axis',(2.12523875749632E-13,-5.47079666113151E-14,
-1.));
#9924=DIRECTION('center_axis',(-4.71484343495036E-16,1.,-5.47079666113152E-14));
#9925=DIRECTION('ref_axis',(-2.12523875749632E-13,5.47079666113151E-14,
1.));
#9926=DIRECTION('',(4.71484343495036E-16,-1.,5.47079666113152E-14));
#9927=DIRECTION('center_axis',(-4.71484343495036E-16,1.,-5.47079666113152E-14));
#9928=DIRECTION('ref_axis',(-2.12523875749632E-13,5.47079666113151E-14,
1.));
#9929=DIRECTION('center_axis',(4.71484343495036E-16,-1.,5.47079666113152E-14));
#9930=DIRECTION('ref_axis',(2.12523875749632E-13,-5.47079666113151E-14,
-1.));
#9931=DIRECTION('center_axis',(-4.71484343495036E-16,1.,-5.47079666113152E-14));
#9932=DIRECTION('ref_axis',(-2.12523875749632E-13,5.47079666113151E-14,
1.));
#9933=DIRECTION('',(4.71484343495036E-16,-1.,5.47079666113152E-14));
#9934=DIRECTION('center_axis',(-4.71484343495036E-16,1.,-5.47079666113152E-14));
#9935=DIRECTION('ref_axis',(-2.12523875749632E-13,5.47079666113151E-14,
1.));
#9936=DIRECTION('',(4.71484343495036E-16,-1.,5.47079666113152E-14));
#9937=DIRECTION('center_axis',(4.71484343495036E-16,-1.,5.47079666113152E-14));
#9938=DIRECTION('ref_axis',(-2.12401411069717E-13,5.47079666113151E-14,
1.));
#9939=DIRECTION('center_axis',(-4.71484343495036E-16,1.,-5.47079666113152E-14));
#9940=DIRECTION('ref_axis',(-2.12523875749632E-13,5.47079666113151E-14,
1.));
#9941=DIRECTION('',(4.71484343495036E-16,-1.,5.47079666113152E-14));
#9942=DIRECTION('center_axis',(-4.71484343495036E-16,1.,-5.47079666113152E-14));
#9943=DIRECTION('ref_axis',(-2.12523875749632E-13,5.47079666113151E-14,
1.));
#9944=DIRECTION('',(4.71484343495036E-16,-1.,5.47079666113152E-14));
#9945=DIRECTION('center_axis',(2.12523875749632E-13,-5.47079666113151E-14,
-1.));
#9946=DIRECTION('ref_axis',(-4.71484343495036E-16,1.,-5.47079666113152E-14));
#9947=DIRECTION('',(1.,4.71484343506663E-16,2.12523875749632E-13));
#9948=DIRECTION('',(-4.71484343495036E-16,1.,-5.47079666113152E-14));
#9949=DIRECTION('',(1.,4.71484343506663E-16,2.12523875749632E-13));
#9950=DIRECTION('center_axis',(1.,4.71484343506663E-16,2.12523875749632E-13));
#9951=DIRECTION('ref_axis',(-4.71484343495036E-16,1.,-5.47079666113152E-14));
#9952=DIRECTION('',(-2.12523875749632E-13,5.47079666113151E-14,1.));
#9953=DIRECTION('',(4.71484343495036E-16,-1.,5.47079666113152E-14));
#9954=DIRECTION('',(-2.12523875749632E-13,5.47079666113151E-14,1.));
#9955=DIRECTION('',(-4.71484343495036E-16,1.,-5.47079666113152E-14));
#9956=DIRECTION('center_axis',(2.12740716184129E-13,-5.47079666113151E-14,
-1.));
#9957=DIRECTION('ref_axis',(-4.71484343495036E-16,1.,-5.47079666113152E-14));
#9958=DIRECTION('',(1.,4.71484343506663E-16,2.12523875749632E-13));
#9959=DIRECTION('',(4.71484343495036E-16,-1.,5.47079666113152E-14));
#9960=DIRECTION('',(1.,4.71484343506663E-16,2.12523875749632E-13));
#9961=DIRECTION('',(-4.71484343495036E-16,1.,-5.47079666113152E-14));
#9962=DIRECTION('center_axis',(1.,4.71484343506663E-16,2.12523875749632E-13));
#9963=DIRECTION('ref_axis',(-4.71484343495036E-16,1.,-5.47079666113152E-14));
#9964=DIRECTION('',(-2.12616394335017E-13,5.47079666113151E-14,1.));
#9965=DIRECTION('',(-4.71484343495036E-16,1.,-5.47079666113152E-14));
#9966=DIRECTION('',(-2.12616394335017E-13,5.47079666113151E-14,1.));
#9967=DIRECTION('',(4.71484343495036E-16,-1.,5.47079666113152E-14));
#9968=DIRECTION('center_axis',(2.12307035315135E-13,-5.47079666113151E-14,
-1.));
#9969=DIRECTION('ref_axis',(-4.71484343495036E-16,1.,-5.47079666113152E-14));
#9970=DIRECTION('',(1.,4.71484343506663E-16,2.12523875749632E-13));
#9971=DIRECTION('',(-4.71484343495036E-16,1.,-5.47079666113152E-14));
#9972=DIRECTION('',(1.,4.71484343506663E-16,2.12523875749632E-13));
#9973=DIRECTION('',(4.71484343495036E-16,-1.,5.47079666113152E-14));
#9974=DIRECTION('center_axis',(1.,4.71484343506663E-16,2.12523875749632E-13));
#9975=DIRECTION('ref_axis',(-4.71484343495036E-16,1.,-5.47079666113152E-14));
#9976=DIRECTION('',(-2.12523875749632E-13,5.47079666113151E-14,1.));
#9977=DIRECTION('',(4.71484343495036E-16,-1.,5.47079666113152E-14));
#9978=DIRECTION('',(-2.12523875749632E-13,5.47079666113151E-14,1.));
#9979=DIRECTION('',(-4.71484343495036E-16,1.,-5.47079666113152E-14));
#9980=DIRECTION('center_axis',(2.13541301376709E-13,-5.47079666113151E-14,
-1.));
#9981=DIRECTION('ref_axis',(-4.71484343495036E-16,1.,-5.47079666113152E-14));
#9982=DIRECTION('',(1.,4.71484343506686E-16,2.12949244461089E-13));
#9983=DIRECTION('',(4.71484343495036E-16,-1.,5.47079666113152E-14));
#9984=DIRECTION('',(1.,4.71484343506686E-16,2.12949244461089E-13));
#9985=DIRECTION('center_axis',(2.11446424566919E-13,-5.47079666113151E-14,
-1.));
#9986=DIRECTION('ref_axis',(-4.71484343495036E-16,1.,-5.47079666113152E-14));
#9987=DIRECTION('',(1.,4.71484343506587E-16,2.11144738235759E-13));
#9988=DIRECTION('',(4.71484343495036E-16,-1.,5.47079666113152E-14));
#9989=DIRECTION('',(1.,4.71484343506587E-16,2.11144738235759E-13));
#9990=DIRECTION('center_axis',(1.,4.71484343506663E-16,2.12523875749632E-13));
#9991=DIRECTION('ref_axis',(-4.71484343495036E-16,1.,-5.47079666113152E-14));
#9992=DIRECTION('',(-2.12523875749632E-13,5.47079666113151E-14,1.));
#9993=DIRECTION('',(4.71484343495036E-16,-1.,5.47079666113152E-14));
#9994=DIRECTION('',(-2.12523875749632E-13,5.47079666113151E-14,1.));
#9995=DIRECTION('center_axis',(2.11446424566919E-13,-5.47079666113151E-14,
-1.));
#9996=DIRECTION('ref_axis',(-4.71484343495036E-16,1.,-5.47079666113152E-14));
#9997=DIRECTION('',(1.,4.71484343506625E-16,2.11834306992696E-13));
#9998=DIRECTION('',(1.,4.71484343506625E-16,2.11834306992696E-13));
#9999=DIRECTION('center_axis',(-4.71484343495036E-16,1.,-5.47079666113152E-14));
#10000=DIRECTION('ref_axis',(-2.12523875749632E-13,5.47079666113151E-14,
1.));
#10001=DIRECTION('',(-0.707106781186698,3.83509843992713E-14,0.707106781186397));
#10002=DIRECTION('',(0.707106781186398,3.9017763952305E-14,0.707106781186697));
#10003=DIRECTION('',(-0.707106781186698,3.83509843992713E-14,0.707106781186397));
#10004=DIRECTION('',(0.707106781186397,3.9017763952305E-14,0.707106781186698));
#10005=DIRECTION('',(0.707106781186697,-3.83509843992713E-14,-0.707106781186398));
#10006=DIRECTION('',(-0.707106781186396,-3.90177639523051E-14,-0.707106781186699));
#10007=DIRECTION('center_axis',(-4.71484343495036E-16,1.,-5.47079666113152E-14));
#10008=DIRECTION('ref_axis',(-2.12523875749632E-13,5.47079666113151E-14,
1.));
#10009=DIRECTION('',(0.707106781186699,-3.83509843992713E-14,-0.707106781186396));
#10010=DIRECTION('',(0.707106781186396,3.90177639523051E-14,0.707106781186699));
#10011=DIRECTION('',(-0.707106781186697,3.83509843992713E-14,0.707106781186398));
#10012=DIRECTION('',(-0.707106781186398,-3.9017763952305E-14,-0.707106781186697));
#10013=DIRECTION('',(0.707106781186698,-3.83509843992713E-14,-0.707106781186397));
#10014=DIRECTION('',(-0.707106781186397,-3.9017763952305E-14,-0.707106781186698));
#10015=DIRECTION('center_axis',(-0.707106781186699,3.83509843992712E-14,
0.707106781186396));
#10016=DIRECTION('ref_axis',(4.71484343495036E-16,-1.,5.47079666113152E-14));
#10017=DIRECTION('center_axis',(0.707106781186397,3.9017763952305E-14,0.707106781186698));
#10018=DIRECTION('ref_axis',(4.71484343495036E-16,-1.,5.47079666113152E-14));
#10019=DIRECTION('center_axis',(-0.707106781186397,-3.9017763952305E-14,
-0.707106781186698));
#10020=DIRECTION('ref_axis',(-4.71484343495036E-16,1.,-5.47079666113152E-14));
#10021=DIRECTION('center_axis',(0.707106781186698,-3.83509843992713E-14,
-0.707106781186397));
#10022=DIRECTION('ref_axis',(-4.71484343495036E-16,1.,-5.47079666113152E-14));
#10023=DIRECTION('center_axis',(-0.707106781186397,-3.9017763952305E-14,
-0.707106781186698));
#10024=DIRECTION('ref_axis',(-4.71484343495036E-16,1.,-5.47079666113152E-14));
#10025=DIRECTION('center_axis',(0.707106781186698,-3.83509843992713E-14,
-0.707106781186397));
#10026=DIRECTION('ref_axis',(-4.71484343495036E-16,1.,-5.47079666113152E-14));
#10027=DIRECTION('center_axis',(0.,1.,-6.55106997348696E-14));
#10028=DIRECTION('ref_axis',(-2.18368999116232E-13,6.55106997348696E-14,
1.));
#10029=DIRECTION('center_axis',(-2.11756250807843E-13,0.0871557427477129,
0.996194698091741));
#10030=DIRECTION('ref_axis',(1.80529860393472E-14,0.996194698091741,-0.0871557427477128));
#10031=DIRECTION('center_axis',(-0.996194698091746,0.0871557427476579,-2.16483271703916E-13));
#10032=DIRECTION('ref_axis',(0.0871557427476579,0.996194698091746,-3.5310662270527E-14));
#10033=DIRECTION('center_axis',(-2.11756250807843E-13,0.0871557427477129,
0.996194698091741));
#10034=DIRECTION('ref_axis',(2.68946589809247E-14,0.996194698091741,-0.0871557427477129));
#10035=DIRECTION('center_axis',(-0.996194698091746,0.0871557427476579,-2.16483271703916E-13));
#10036=DIRECTION('ref_axis',(0.0871557427476579,0.996194698091745,-3.59771100390022E-14));
#10037=DIRECTION('center_axis',(2.11674065671541E-13,0.0871557427476039,
-0.99619469809175));
#10038=DIRECTION('ref_axis',(1.89923664457933E-14,-0.99619469809175,-0.0871557427476039));
#10039=DIRECTION('center_axis',(-0.996194698091746,0.0871557427476579,-2.16483271703916E-13));
#10040=DIRECTION('ref_axis',(0.0871557427476579,0.996194698091746,-3.39777667335764E-14));
#10041=DIRECTION('center_axis',(2.06833606449125E-13,0.0871557427476039,
-0.99619469809175));
#10042=DIRECTION('ref_axis',(2.43473518451665E-14,-0.99619469809175,-0.0871557427476039));
#10043=DIRECTION('center_axis',(0.996194698091746,0.0871557427476588,2.06947044775469E-13));
#10044=DIRECTION('ref_axis',(0.0871557427476588,-0.996194698091745,7.30224625241427E-14));
#10045=DIRECTION('center_axis',(2.11674065671541E-13,0.0871557427476039,
-0.99619469809175));
#10046=DIRECTION('ref_axis',(2.24969776430124E-14,-0.99619469809175,-0.0871557427476039));
#10047=DIRECTION('center_axis',(0.996194698091746,0.0871557427476588,2.06947044775469E-13));
#10048=DIRECTION('ref_axis',(0.0871557427476588,-0.996194698091745,8.36054124904455E-14));
#10049=DIRECTION('center_axis',(-2.11756250807843E-13,0.0871557427477129,
0.996194698091741));
#10050=DIRECTION('ref_axis',(1.88871061281753E-14,0.996194698091741,-0.0871557427477129));
#10051=DIRECTION('center_axis',(0.996194698091746,0.0871557427476588,2.06947044775469E-13));
#10052=DIRECTION('ref_axis',(0.0871557427476588,-0.996194698091745,6.96739330685812E-14));
#10053=DIRECTION('center_axis',(-2.11756250807843E-13,0.0871557427477129,
0.996194698091741));
#10054=DIRECTION('ref_axis',(1.80529860393472E-14,0.996194698091741,-0.0871557427477128));
#10055=DIRECTION('center_axis',(-1.,-4.71484343506983E-16,-2.1836899911623E-13));
#10056=DIRECTION('ref_axis',(2.1836899911623E-13,-5.45922497790574E-14,
-1.));
#10057=DIRECTION('center_axis',(7.45444702118131E-15,-1.,5.47079666113167E-14));
#10058=DIRECTION('ref_axis',(-2.12523875749632E-13,5.47079666113151E-14,
1.));
#10059=DIRECTION('center_axis',(7.45444702118131E-15,-1.,5.47079666113167E-14));
#10060=DIRECTION('ref_axis',(2.12523875749632E-13,-5.47079666113151E-14,
-1.));
#10061=DIRECTION('center_axis',(2.11756250807843E-13,-0.0871557427477129,
-0.996194698091741));
#10062=DIRECTION('ref_axis',(1.80529860393472E-14,0.996194698091741,-0.0871557427477129));
#10063=DIRECTION('',(0.0868265938642296,-0.992432509138962,0.0868265938643203));
#10064=DIRECTION('',(1.,4.71484343506663E-16,2.12523875749632E-13));
#10065=DIRECTION('',(-0.0868265938642661,-0.992432509138962,0.0868265938642828));
#10066=DIRECTION('center_axis',(-0.996194698091746,-0.0871557427476588,
-2.06947044775469E-13));
#10067=DIRECTION('ref_axis',(0.0871557427476588,-0.996194698091745,7.30224625241427E-14));
#10068=DIRECTION('',(0.0868265938642299,-0.992432509138962,0.0868265938643201));
#10069=DIRECTION('',(2.12523875749632E-13,-5.47079666113151E-14,-1.));
#10070=DIRECTION('center_axis',(2.11756250807843E-13,-0.0871557427477129,
-0.996194698091741));
#10071=DIRECTION('ref_axis',(1.80529860393472E-14,0.996194698091741,-0.0871557427477129));
#10072=DIRECTION('',(0.0868265938642298,-0.992432509138962,0.0868265938643212));
#10073=DIRECTION('',(1.,4.71484343506663E-16,2.12523875749632E-13));
#10074=DIRECTION('center_axis',(-0.996194698091746,-0.0871557427476588,
-2.06947044775469E-13));
#10075=DIRECTION('ref_axis',(0.0871557427476588,-0.996194698091745,7.30224625241427E-14));
#10076=DIRECTION('',(0.0868265938642668,-0.992432509138972,-0.0868265938641758));
#10077=DIRECTION('',(2.12523875749632E-13,-5.47079666113151E-14,-1.));
#10078=DIRECTION('center_axis',(-2.11674065671541E-13,-0.0871557427476039,
0.99619469809175));
#10079=DIRECTION('ref_axis',(1.89923664457933E-14,-0.99619469809175,-0.0871557427476039));
#10080=DIRECTION('',(0.086826593864267,-0.992432509138972,-0.0868265938641746));
#10081=DIRECTION('',(-1.,-4.71484343506663E-16,-2.12523875749632E-13));
#10082=DIRECTION('center_axis',(-0.996194698091746,-0.0871557427476588,
-2.06947044775469E-13));
#10083=DIRECTION('ref_axis',(0.0871557427476588,-0.996194698091745,7.30224625241427E-14));
#10084=DIRECTION('',(0.0868265938642669,-0.992432509138972,-0.0868265938641752));
#10085=DIRECTION('',(2.12523875749632E-13,-5.47079666113151E-14,-1.));
#10086=DIRECTION('center_axis',(-2.06833606449125E-13,-0.0871557427476039,
0.99619469809175));
#10087=DIRECTION('ref_axis',(1.89923664457933E-14,-0.99619469809175,-0.0871557427476039));
#10088=DIRECTION('',(-0.0868265938642285,-0.992432509138972,-0.086826593864211));
#10089=DIRECTION('',(-1.,-4.71484343506663E-16,-2.12523875749632E-13));
#10090=DIRECTION('center_axis',(0.996194698091746,-0.0871557427476579,2.16483271703916E-13));
#10091=DIRECTION('ref_axis',(0.0871557427476579,0.996194698091746,-3.59771100390022E-14));
#10092=DIRECTION('',(-0.0868265938642287,-0.992432509138972,-0.0868265938642123));
#10093=DIRECTION('',(-2.12523875749632E-13,5.47079666113151E-14,1.));
#10094=DIRECTION('center_axis',(-2.11674065671541E-13,-0.0871557427476039,
0.99619469809175));
#10095=DIRECTION('ref_axis',(1.89923664457933E-14,-0.99619469809175,-0.0871557427476039));
#10096=DIRECTION('',(-0.0868265938642291,-0.992432509138972,-0.0868265938642119));
#10097=DIRECTION('',(-1.,-4.71484343506663E-16,-2.12523875749632E-13));
#10098=DIRECTION('center_axis',(0.996194698091746,-0.0871557427476579,2.16483271703916E-13));
#10099=DIRECTION('ref_axis',(0.0871557427476579,0.996194698091746,-3.59771100390022E-14));
#10100=DIRECTION('',(-0.086826593864266,-0.992432509138962,0.0868265938642836));
#10101=DIRECTION('',(-2.12523875749632E-13,5.47079666113151E-14,1.));
#10102=DIRECTION('center_axis',(2.11756250807843E-13,-0.0871557427477129,
-0.996194698091741));
#10103=DIRECTION('ref_axis',(1.80529860393472E-14,0.996194698091741,-0.0871557427477129));
#10104=DIRECTION('',(-0.0868265938642658,-0.992432509138963,0.0868265938642842));
#10105=DIRECTION('',(1.,4.71484343506663E-16,2.12523875749632E-13));
#10106=DIRECTION('center_axis',(0.996194698091746,-0.0871557427476579,2.16483271703916E-13));
#10107=DIRECTION('ref_axis',(0.0871557427476579,0.996194698091746,-3.59771100390022E-14));
#10108=DIRECTION('',(-2.12523875749632E-13,5.47079666113151E-14,1.));
#10109=DIRECTION('center_axis',(-4.71484343495036E-16,1.,-5.47079666113152E-14));
#10110=DIRECTION('ref_axis',(-2.12523875749632E-13,5.47079666113151E-14,
1.));
#10111=DIRECTION('center_axis',(0.,1.,-6.55106997348696E-14));
#10112=DIRECTION('ref_axis',(-2.18368999116232E-13,6.55106997348696E-14,
1.));
#10113=DIRECTION('center_axis',(-2.1659671003026E-13,0.0871557427477129,
0.996194698091741));
#10114=DIRECTION('ref_axis',(1.80529860393472E-14,0.996194698091741,-0.0871557427477128));
#10115=DIRECTION('center_axis',(-0.996194698091746,0.0871557427476579,-2.16483271703916E-13));
#10116=DIRECTION('ref_axis',(0.0871557427476579,0.996194698091746,-3.59771100390022E-14));
#10117=DIRECTION('center_axis',(-2.11756250807843E-13,0.0871557427477129,
0.996194698091741));
#10118=DIRECTION('ref_axis',(1.53828060795612E-14,0.996194698091741,-0.0871557427477128));
#10119=DIRECTION('center_axis',(-0.996194698091746,0.0871557427476579,-2.16483271703916E-13));
#10120=DIRECTION('ref_axis',(0.0871557427476579,0.996194698091745,-3.59771100390022E-14));
#10121=DIRECTION('center_axis',(2.11674065671541E-13,0.0871557427476039,
-0.99619469809175));
#10122=DIRECTION('ref_axis',(2.24956708188711E-14,-0.99619469809175,-0.0871557427476039));
#10123=DIRECTION('center_axis',(-0.996194698091746,0.0871557427476579,-2.16483271703916E-13));
#10124=DIRECTION('ref_axis',(0.0871557427476579,0.996194698091746,-4.33080354922304E-14));
#10125=DIRECTION('center_axis',(2.11674065671541E-13,0.0871557427476039,
-0.99619469809175));
#10126=DIRECTION('ref_axis',(1.89923664457933E-14,-0.99619469809175,-0.0871557427476039));
#10127=DIRECTION('center_axis',(0.996194698091746,0.0871557427476588,2.06947044775469E-13));
#10128=DIRECTION('ref_axis',(0.0871557427476588,-0.996194698091745,8.9095403910838E-14));
#10129=DIRECTION('center_axis',(2.11674065671541E-13,0.0871557427476039,
-0.99619469809175));
#10130=DIRECTION('ref_axis',(1.89923664457933E-14,-0.99619469809175,-0.0871557427476039));
#10131=DIRECTION('center_axis',(0.996194698091746,0.0871557427476588,2.06947044775469E-13));
#10132=DIRECTION('ref_axis',(0.0871557427476588,-0.996194698091745,7.30224625241427E-14));
#10133=DIRECTION('center_axis',(-2.11756250807843E-13,0.0871557427477129,
0.996194698091741));
#10134=DIRECTION('ref_axis',(1.80529860393472E-14,0.996194698091741,-0.0871557427477128));
#10135=DIRECTION('center_axis',(0.996194698091746,0.0871557427476588,2.06947044775469E-13));
#10136=DIRECTION('ref_axis',(0.0871557427476588,-0.996194698091745,7.63709919797042E-14));
#10137=DIRECTION('center_axis',(-2.1659671003026E-13,0.0871557427477129,
0.996194698091741));
#10138=DIRECTION('ref_axis',(1.80529860393472E-14,0.996194698091741,-0.0871557427477128));
#10139=DIRECTION('center_axis',(-1.,-4.71484343506983E-16,-2.1836899911623E-13));
#10140=DIRECTION('ref_axis',(2.1836899911623E-13,-5.45922497790574E-14,
-1.));
#10141=DIRECTION('center_axis',(-7.45444702118131E-15,1.,-5.47079666113167E-14));
#10142=DIRECTION('ref_axis',(-2.12523875749632E-13,5.47079666113151E-14,
1.));
#10143=DIRECTION('center_axis',(7.45444702118131E-15,-1.,5.47079666113167E-14));
#10144=DIRECTION('ref_axis',(2.12523875749632E-13,-5.47079666113151E-14,
-1.));
#10145=DIRECTION('center_axis',(-2.11674065671541E-13,-0.0871557427476039,
0.99619469809175));
#10146=DIRECTION('ref_axis',(1.89923664457933E-14,-0.99619469809175,-0.0871557427476039));
#10147=DIRECTION('',(-0.0868265938642286,-0.992432509138972,-0.0868265938642123));
#10148=DIRECTION('',(1.,4.71484343506663E-16,2.12523875749632E-13));
#10149=DIRECTION('',(0.0868265938642668,-0.992432509138972,-0.0868265938641749));
#10150=DIRECTION('center_axis',(0.996194698091746,-0.0871557427476579,2.16483271703916E-13));
#10151=DIRECTION('ref_axis',(0.0871557427476579,0.996194698091746,-3.59771100390022E-14));
#10152=DIRECTION('',(-0.0868265938642289,-0.992432509138972,-0.0868265938642125));
#10153=DIRECTION('',(2.12523875749632E-13,-5.47079666113151E-14,-1.));
#10154=DIRECTION('center_axis',(-2.11674065671541E-13,-0.0871557427476039,
0.99619469809175));
#10155=DIRECTION('ref_axis',(1.89923664457933E-14,-0.99619469809175,-0.0871557427476039));
#10156=DIRECTION('',(-0.0868265938642294,-0.992432509138972,-0.086826593864212));
#10157=DIRECTION('',(1.,4.71484343506663E-16,2.12523875749632E-13));
#10158=DIRECTION('center_axis',(0.996194698091746,-0.0871557427476579,2.16483271703916E-13));
#10159=DIRECTION('ref_axis',(0.0871557427476579,0.996194698091746,-3.59771100390022E-14));
#10160=DIRECTION('',(-0.086826593864266,-0.992432509138962,0.0868265938642835));
#10161=DIRECTION('',(2.12523875749632E-13,-5.47079666113151E-14,-1.));
#10162=DIRECTION('center_axis',(2.11756250807843E-13,-0.0871557427477129,
-0.996194698091741));
#10163=DIRECTION('ref_axis',(1.80529860393472E-14,0.996194698091741,-0.0871557427477129));
#10164=DIRECTION('',(-0.0868265938642661,-0.992432509138962,0.086826593864284));
#10165=DIRECTION('',(-1.,-4.71484343506663E-16,-2.12523875749632E-13));
#10166=DIRECTION('center_axis',(0.996194698091746,-0.0871557427476579,2.16483271703916E-13));
#10167=DIRECTION('ref_axis',(0.0871557427476579,0.996194698091746,-3.59771100390022E-14));
#10168=DIRECTION('',(-0.086826593864266,-0.992432509138962,0.0868265938642838));
#10169=DIRECTION('',(2.12523875749632E-13,-5.47079666113151E-14,-1.));
#10170=DIRECTION('center_axis',(2.1659671003026E-13,-0.0871557427477129,
-0.996194698091741));
#10171=DIRECTION('ref_axis',(1.80529860393472E-14,0.996194698091741,-0.0871557427477129));
#10172=DIRECTION('',(0.08682659386423,-0.992432509138962,0.0868265938643208));
#10173=DIRECTION('',(-1.,-4.71484343507003E-16,-2.18743330457192E-13));
#10174=DIRECTION('center_axis',(-0.996194698091746,-0.0871557427476588,
-2.06947044775469E-13));
#10175=DIRECTION('ref_axis',(0.0871557427476588,-0.996194698091745,7.30224625241427E-14));
#10176=DIRECTION('',(0.0868265938642298,-0.992432509138962,0.086826593864321));
#10177=DIRECTION('',(-2.12523875749632E-13,5.47079666113151E-14,1.));
#10178=DIRECTION('center_axis',(2.11756250807843E-13,-0.0871557427477129,
-0.996194698091741));
#10179=DIRECTION('ref_axis',(1.80529860393472E-14,0.996194698091741,-0.0871557427477129));
#10180=DIRECTION('',(0.0868265938642301,-0.992432509138962,0.0868265938643214));
#10181=DIRECTION('',(-1.,-4.71484343506663E-16,-2.12523875749632E-13));
#10182=DIRECTION('center_axis',(-0.996194698091746,-0.0871557427476588,
-2.06947044775469E-13));
#10183=DIRECTION('ref_axis',(0.0871557427476588,-0.996194698091745,7.30224625241427E-14));
#10184=DIRECTION('',(0.0868265938642667,-0.992432509138972,-0.0868265938641757));
#10185=DIRECTION('',(-2.12523875749632E-13,5.47079666113151E-14,1.));
#10186=DIRECTION('center_axis',(-2.11674065671541E-13,-0.0871557427476039,
0.99619469809175));
#10187=DIRECTION('ref_axis',(1.89923664457933E-14,-0.99619469809175,-0.0871557427476039));
#10188=DIRECTION('',(0.086826593864267,-0.992432509138972,-0.0868265938641757));
#10189=DIRECTION('',(1.,4.71484343506663E-16,2.12523875749632E-13));
#10190=DIRECTION('center_axis',(-0.996194698091746,-0.0871557427476588,
-2.06947044775469E-13));
#10191=DIRECTION('ref_axis',(0.0871557427476588,-0.996194698091745,7.30224625241427E-14));
#10192=DIRECTION('',(-2.12523875749632E-13,5.47079666113151E-14,1.));
#10193=DIRECTION('center_axis',(-4.71484343495036E-16,1.,-5.47079666113152E-14));
#10194=DIRECTION('ref_axis',(-2.12523875749632E-13,5.47079666113151E-14,
1.));
#10195=DIRECTION('center_axis',(-4.71484343495036E-16,1.,-5.47079666113152E-14));
#10196=DIRECTION('ref_axis',(-2.12523875749632E-13,5.47079666113151E-14,
1.));
#10197=DIRECTION('center_axis',(-4.71484343495036E-16,1.,-5.47079666113152E-14));
#10198=DIRECTION('ref_axis',(-2.12523875749632E-13,5.47079666113151E-14,
1.));
#10199=DIRECTION('',(-4.71484343495036E-16,1.,-5.47079666113152E-14));
#10200=DIRECTION('center_axis',(-4.71484343495036E-16,1.,-5.47079666113152E-14));
#10201=DIRECTION('ref_axis',(-2.12523875749632E-13,5.47079666113151E-14,
1.));
#10202=DIRECTION('',(-4.71484343495036E-16,1.,-5.47079666113152E-14));
#10203=DIRECTION('center_axis',(4.71484343495036E-16,-1.,5.47079666113152E-14));
#10204=DIRECTION('ref_axis',(2.12523875749632E-13,-5.47079666113151E-14,
-1.));
#10205=DIRECTION('center_axis',(4.71484343495036E-16,-1.,5.47079666113152E-14));
#10206=DIRECTION('ref_axis',(-2.12523875749632E-13,5.47079666113151E-14,
1.));
#10207=DIRECTION('',(-4.71484343495036E-16,1.,-5.47079666113152E-14));
#10208=DIRECTION('center_axis',(4.71484343495036E-16,-1.,5.47079666113152E-14));
#10209=DIRECTION('ref_axis',(-2.12523875749632E-13,5.47079666113151E-14,
1.));
#10210=DIRECTION('',(-4.71484343495036E-16,1.,-5.47079666113152E-14));
#10211=DIRECTION('center_axis',(4.71484343495036E-16,-1.,5.47079666113152E-14));
#10212=DIRECTION('ref_axis',(-2.07192601357146E-13,5.47079666113151E-14,
1.));
#10213=DIRECTION('',(-4.71484343495036E-16,1.,-5.47079666113152E-14));
#10214=DIRECTION('center_axis',(4.71484343495036E-16,-1.,5.47079666113152E-14));
#10215=DIRECTION('ref_axis',(-2.14356501322049E-13,5.47079666113151E-14,
1.));
#10216=DIRECTION('',(-4.71484343495036E-16,1.,-5.47079666113152E-14));
#10217=DIRECTION('center_axis',(4.71484343495036E-16,-1.,5.47079666113152E-14));
#10218=DIRECTION('ref_axis',(-2.12523875749632E-13,5.47079666113151E-14,
1.));
#10219=DIRECTION('',(4.71484343495036E-16,-1.,5.47079666113152E-14));
#10220=DIRECTION('center_axis',(4.71484343495036E-16,-1.,5.47079666113152E-14));
#10221=DIRECTION('ref_axis',(-2.12523875749632E-13,5.47079666113151E-14,
1.));
#10222=DIRECTION('center_axis',(4.71484343495036E-16,-1.,5.47079666113152E-14));
#10223=DIRECTION('ref_axis',(2.12523875749632E-13,-5.47079666113151E-14,
-1.));
#10224=DIRECTION('center_axis',(4.71484343495036E-16,-1.,5.47079666113152E-14));
#10225=DIRECTION('ref_axis',(-2.12523875749632E-13,5.47079666113151E-14,
1.));
#10226=DIRECTION('',(4.71484343495036E-16,-1.,5.47079666113152E-14));
#10227=DIRECTION('center_axis',(-4.71484343495036E-16,1.,-5.47079666113152E-14));
#10228=DIRECTION('ref_axis',(-2.12523875749632E-13,5.47079666113151E-14,
1.));
#10229=DIRECTION('center_axis',(4.71484343495036E-16,-1.,5.47079666113152E-14));
#10230=DIRECTION('ref_axis',(2.12523875749632E-13,-5.47079666113151E-14,
-1.));
#10231=DIRECTION('center_axis',(-4.71484343495036E-16,1.,-5.47079666113152E-14));
#10232=DIRECTION('ref_axis',(-2.12523875749632E-13,5.47079666113151E-14,
1.));
#10233=DIRECTION('',(4.71484343495036E-16,-1.,5.47079666113152E-14));
#10234=DIRECTION('center_axis',(-4.71484343495036E-16,1.,-5.47079666113152E-14));
#10235=DIRECTION('ref_axis',(-2.12523875749632E-13,5.47079666113151E-14,
1.));
#10236=DIRECTION('center_axis',(-4.71484343495036E-16,1.,-5.47079666113152E-14));
#10237=DIRECTION('ref_axis',(-2.12523875749632E-13,5.47079666113151E-14,
1.));
#10238=DIRECTION('',(-4.71484343495036E-16,1.,-5.47079666113152E-14));
#10239=DIRECTION('center_axis',(4.71484343495036E-16,-1.,5.47079666113152E-14));
#10240=DIRECTION('ref_axis',(-2.11690864125806E-13,5.47079666113151E-14,
1.));
#10241=DIRECTION('',(-4.71484343495036E-16,1.,-5.47079666113152E-14));
#10242=DIRECTION('center_axis',(-4.71484343495036E-16,1.,-5.47079666113152E-14));
#10243=DIRECTION('ref_axis',(-2.12523875749632E-13,5.47079666113151E-14,
1.));
#10244=DIRECTION('',(-4.71484343495036E-16,1.,-5.47079666113152E-14));
#10245=DIRECTION('center_axis',(4.71484343495036E-16,-1.,5.47079666113152E-14));
#10246=DIRECTION('ref_axis',(-2.12523875749632E-13,5.47079666113151E-14,
1.));
#10247=DIRECTION('',(-4.71484343495036E-16,1.,-5.47079666113152E-14));
#10248=DIRECTION('center_axis',(-4.71484343495036E-16,1.,-5.47079666113152E-14));
#10249=DIRECTION('ref_axis',(-2.12523875749632E-13,5.47079666113151E-14,
1.));
#10250=DIRECTION('',(-1.,-4.71484343506663E-16,-2.12523875749632E-13));
#10251=DIRECTION('',(-2.12523875749632E-13,5.47079666113151E-14,1.));
#10252=DIRECTION('',(0.707106781186397,3.9017763952305E-14,0.707106781186698));
#10253=DIRECTION('',(1.,4.71484343506663E-16,2.12523875749632E-13));
#10254=DIRECTION('',(0.7071067811867,-3.83509843992712E-14,-0.707106781186395));
#10255=DIRECTION('',(-2.1259710719745E-13,5.47079666113151E-14,1.));
#10256=DIRECTION('',(-1.,-4.71484343506663E-16,-2.12523875749632E-13));
#10257=DIRECTION('',(2.12523875749632E-13,-5.47079666113151E-14,-1.));
#10258=DIRECTION('center_axis',(1.,4.71484343506663E-16,2.12523875749632E-13));
#10259=DIRECTION('ref_axis',(-4.71484343495036E-16,1.,-5.47079666113152E-14));
#10260=DIRECTION('',(-4.71484343495036E-16,1.,-5.47079666113152E-14));
#10261=DIRECTION('',(-2.12523875749632E-13,5.47079666113151E-14,1.));
#10262=DIRECTION('',(-4.71484343495036E-16,1.,-5.47079666113152E-14));
#10263=DIRECTION('',(-2.12523875749632E-13,5.47079666113151E-14,1.));
#10264=DIRECTION('',(4.71484343495036E-16,-1.,5.47079666113152E-14));
#10265=DIRECTION('',(-2.12523875749632E-13,5.47079666113151E-14,1.));
#10266=DIRECTION('',(-4.71484343495036E-16,1.,-5.47079666113152E-14));
#10267=DIRECTION('center_axis',(-4.71484343495036E-16,1.,-5.47079666113152E-14));
#10268=DIRECTION('ref_axis',(-2.12523875749632E-13,5.47079666113151E-14,
1.));
#10269=DIRECTION('',(-1.,-4.71484343506663E-16,-2.12523875749632E-13));
#10270=DIRECTION('',(2.12437410968508E-13,-5.47079666113151E-14,-1.));
#10271=DIRECTION('',(-1.,-4.71484343506607E-16,-2.11511760791569E-13));
#10272=DIRECTION('',(2.12523875749632E-13,-5.47079666113151E-14,-1.));
#10273=DIRECTION('',(2.12523875749632E-13,-5.47079666113151E-14,-1.));
#10274=DIRECTION('',(-1.,-4.71484343506566E-16,-2.10759621718249E-13));
#10275=DIRECTION('',(-2.12523875749632E-13,5.47079666113151E-14,1.));
#10276=DIRECTION('',(0.707106781186393,3.90177639523052E-14,0.707106781186702));
#10277=DIRECTION('',(1.,4.71484343506686E-16,2.12949244461089E-13));
#10278=DIRECTION('center_axis',(-4.71484343495036E-16,1.,-5.47079666113152E-14));
#10279=DIRECTION('ref_axis',(-2.12523875749632E-13,5.47079666113151E-14,
1.));
#10280=DIRECTION('',(-2.12523875749632E-13,5.47079666113151E-14,1.));
#10281=DIRECTION('',(1.,4.71484343506663E-16,2.12523875749632E-13));
#10282=DIRECTION('',(-2.12523875749632E-13,5.47079666113151E-14,1.));
#10283=DIRECTION('center_axis',(-4.71484343495036E-16,1.,-5.47079666113152E-14));
#10284=DIRECTION('ref_axis',(-2.12523875749632E-13,5.47079666113151E-14,
1.));
#10285=DIRECTION('',(1.,4.71484343506587E-16,2.11144738235759E-13));
#10286=DIRECTION('',(-2.12523875749632E-13,5.47079666113151E-14,1.));
#10287=DIRECTION('',(1.,4.71484343506625E-16,2.11834306992696E-13));
#10288=DIRECTION('center_axis',(4.71484343495036E-16,-1.,5.47079666113152E-14));
#10289=DIRECTION('ref_axis',(-2.14258599225609E-13,5.47079666113151E-14,
1.));
#10290=DIRECTION('',(2.12523875749632E-13,-5.47079666113151E-14,-1.));
#10291=DIRECTION('',(1.,4.71484343506663E-16,2.12523875749632E-13));
#10292=DIRECTION('',(2.12523875749632E-13,-5.47079666113151E-14,-1.));
#10293=DIRECTION('center_axis',(4.71484343495036E-16,-1.,5.47079666113152E-14));
#10294=DIRECTION('ref_axis',(-2.12523875749632E-13,5.47079666113151E-14,
1.));
#10295=DIRECTION('',(1.,4.71484343506663E-16,2.12523875749632E-13));
#10296=DIRECTION('',(-0.707106781186701,3.83509843992711E-14,0.707106781186394));
#10297=DIRECTION('',(-1.,-4.71484343506759E-16,-2.14288129781015E-13));
#10298=DIRECTION('',(-2.12523875749632E-13,5.47079666113151E-14,1.));
#10299=DIRECTION('center_axis',(4.71484343495036E-16,-1.,5.47079666113152E-14));
#10300=DIRECTION('ref_axis',(-2.12523875749632E-13,5.47079666113151E-14,
1.));
#10301=DIRECTION('',(-2.12523875749632E-13,5.47079666113151E-14,1.));
#10302=DIRECTION('center_axis',(1.,4.71484343506663E-16,2.12523875749632E-13));
#10303=DIRECTION('ref_axis',(-4.71484343495036E-16,1.,-5.47079666113152E-14));
#10304=DIRECTION('',(-4.71484343495036E-16,1.,-5.47079666113152E-14));
#10305=DIRECTION('',(-2.12523875749632E-13,5.47079666113151E-14,1.));
#10306=DIRECTION('',(-4.71484343495036E-16,1.,-5.47079666113152E-14));
#10307=DIRECTION('',(-2.12523875749632E-13,5.47079666113151E-14,1.));
#10308=DIRECTION('',(4.71484343495036E-16,-1.,5.47079666113152E-14));
#10309=DIRECTION('',(-2.12523875749632E-13,5.47079666113151E-14,1.));
#10310=DIRECTION('',(-4.71484343495036E-16,1.,-5.47079666113152E-14));
#10311=DIRECTION('center_axis',(-4.71484343495036E-16,1.,-5.47079666113152E-14));
#10312=DIRECTION('ref_axis',(-2.12523875749632E-13,5.47079666113151E-14,
1.));
#10313=DIRECTION('',(-1.,-4.71484343506663E-16,-2.12523875749632E-13));
#10314=DIRECTION('',(2.12523875749632E-13,-5.47079666113151E-14,-1.));
#10315=DIRECTION('',(-1.,-4.71484343506663E-16,-2.12523875749632E-13));
#10316=DIRECTION('',(-2.12670338645269E-13,5.47079666113151E-14,1.));
#10317=DIRECTION('',(-0.707106781186396,-3.90177639523051E-14,-0.707106781186699));
#10318=DIRECTION('',(1.,4.71484343506663E-16,2.12523875749632E-13));
#10319=DIRECTION('',(-0.707106781186699,3.83509843992712E-14,0.707106781186396));
#10320=DIRECTION('center_axis',(2.11446424566919E-13,-5.47079666113151E-14,
-1.));
#10321=DIRECTION('ref_axis',(-4.71484343495036E-16,1.,-5.47079666113152E-14));
#10322=DIRECTION('',(1.,4.71484343506625E-16,2.11834306992696E-13));
#10323=DIRECTION('',(4.71484343495036E-16,-1.,5.47079666113152E-14));
#10324=DIRECTION('',(4.71484343495036E-16,-1.,5.47079666113152E-14));
#10325=DIRECTION('center_axis',(4.71484343495036E-16,-1.,5.47079666113152E-14));
#10326=DIRECTION('ref_axis',(2.12523875749632E-13,-5.47079666113151E-14,
-1.));
#10327=DIRECTION('center_axis',(4.71484343495036E-16,-1.,5.47079666113152E-14));
#10328=DIRECTION('ref_axis',(-2.14258599225609E-13,5.47079666113151E-14,
1.));
#10329=DIRECTION('',(4.71484343495036E-16,-1.,5.47079666113152E-14));
#10330=DIRECTION('center_axis',(-1.,-4.71484343506663E-16,-2.12523875749632E-13));
#10331=DIRECTION('ref_axis',(4.71484343495036E-16,-1.,5.47079666113152E-14));
#10332=DIRECTION('',(2.12523875749632E-13,-5.47079666113151E-14,-1.));
#10333=DIRECTION('',(4.71484343495036E-16,-1.,5.47079666113152E-14));
#10334=DIRECTION('center_axis',(2.12523875749632E-13,-5.47079666113151E-14,
-1.));
#10335=DIRECTION('ref_axis',(-4.71484343495036E-16,1.,-5.47079666113152E-14));
#10336=DIRECTION('',(1.,4.71484343506663E-16,2.12523875749632E-13));
#10337=DIRECTION('',(4.71484343495036E-16,-1.,5.47079666113152E-14));
#10338=DIRECTION('center_axis',(-1.,-4.71484343506663E-16,-2.12523875749632E-13));
#10339=DIRECTION('ref_axis',(4.71484343495036E-16,-1.,5.47079666113152E-14));
#10340=DIRECTION('',(2.12523875749632E-13,-5.47079666113151E-14,-1.));
#10341=DIRECTION('',(4.71484343495036E-16,-1.,5.47079666113152E-14));
#10342=DIRECTION('center_axis',(4.71484343495036E-16,-1.,5.47079666113152E-14));
#10343=DIRECTION('ref_axis',(2.12523875749632E-13,-5.47079666113151E-14,
-1.));
#10344=DIRECTION('center_axis',(4.71484343495036E-16,-1.,5.47079666113152E-14));
#10345=DIRECTION('ref_axis',(-2.12523875749632E-13,5.47079666113151E-14,
1.));
#10346=DIRECTION('',(4.71484343495036E-16,-1.,5.47079666113152E-14));
#10347=DIRECTION('center_axis',(2.12523875749632E-13,-5.47079666113151E-14,
-1.));
#10348=DIRECTION('ref_axis',(-4.71484343495036E-16,1.,-5.47079666113152E-14));
#10349=DIRECTION('',(1.,4.71484343506663E-16,2.12523875749632E-13));
#10350=DIRECTION('',(-4.71484343495036E-16,1.,-5.47079666113152E-14));
#10351=DIRECTION('center_axis',(2.12740716184129E-13,-5.47079666113151E-14,
-1.));
#10352=DIRECTION('ref_axis',(-4.71484343495036E-16,1.,-5.47079666113152E-14));
#10353=DIRECTION('',(4.71484343495036E-16,-1.,5.47079666113152E-14));
#10354=DIRECTION('',(1.,4.71484343506663E-16,2.12523875749632E-13));
#10355=DIRECTION('',(-4.71484343495036E-16,1.,-5.47079666113152E-14));
#10356=DIRECTION('center_axis',(1.,4.71484343506663E-16,2.12523875749632E-13));
#10357=DIRECTION('ref_axis',(-4.71484343495036E-16,1.,-5.47079666113152E-14));
#10358=DIRECTION('',(-4.71484343495036E-16,1.,-5.47079666113152E-14));
#10359=DIRECTION('',(2.12523875749632E-13,-5.47079666113151E-14,-1.));
#10360=DIRECTION('',(-4.71484343495036E-16,1.,-5.47079666113152E-14));
#10361=DIRECTION('',(4.71484343495036E-16,-1.,5.47079666113152E-14));
#10362=DIRECTION('',(-2.12616394335017E-13,5.47079666113151E-14,1.));
#10363=DIRECTION('',(-4.71484343495036E-16,1.,-5.47079666113152E-14));
#10364=DIRECTION('center_axis',(2.12307035315135E-13,-5.47079666113151E-14,
-1.));
#10365=DIRECTION('ref_axis',(-4.71484343495036E-16,1.,-5.47079666113152E-14));
#10366=DIRECTION('',(1.,4.71484343506663E-16,2.12523875749632E-13));
#10367=DIRECTION('',(-4.71484343495036E-16,1.,-5.47079666113152E-14));
#10368=DIRECTION('',(4.71484343495036E-16,-1.,5.47079666113152E-14));
#10369=DIRECTION('center_axis',(2.13541301376709E-13,-5.47079666113151E-14,
-1.));
#10370=DIRECTION('ref_axis',(-4.71484343495036E-16,1.,-5.47079666113152E-14));
#10371=DIRECTION('',(4.71484343495036E-16,-1.,5.47079666113152E-14));
#10372=DIRECTION('',(1.,4.71484343506686E-16,2.12949244461089E-13));
#10373=DIRECTION('',(4.71484343495036E-16,-1.,5.47079666113152E-14));
#10374=DIRECTION('center_axis',(4.71484343495036E-16,-1.,5.47079666113152E-14));
#10375=DIRECTION('ref_axis',(2.12523875749632E-13,-5.47079666113151E-14,
-1.));
#10376=DIRECTION('center_axis',(-4.71484343495036E-16,1.,-5.47079666113152E-14));
#10377=DIRECTION('ref_axis',(-2.12523875749632E-13,5.47079666113151E-14,
1.));
#10378=DIRECTION('',(4.71484343495036E-16,-1.,5.47079666113152E-14));
#10379=DIRECTION('center_axis',(1.,4.71484343506663E-16,2.12523875749632E-13));
#10380=DIRECTION('ref_axis',(-4.71484343495036E-16,1.,-5.47079666113152E-14));
#10381=DIRECTION('',(-2.12523875749632E-13,5.47079666113151E-14,1.));
#10382=DIRECTION('',(4.71484343495036E-16,-1.,5.47079666113152E-14));
#10383=DIRECTION('center_axis',(2.12523875749632E-13,-5.47079666113151E-14,
-1.));
#10384=DIRECTION('ref_axis',(-4.71484343495036E-16,1.,-5.47079666113152E-14));
#10385=DIRECTION('',(1.,4.71484343506663E-16,2.12523875749632E-13));
#10386=DIRECTION('',(4.71484343495036E-16,-1.,5.47079666113152E-14));
#10387=DIRECTION('center_axis',(1.,4.71484343506663E-16,2.12523875749632E-13));
#10388=DIRECTION('ref_axis',(-4.71484343495036E-16,1.,-5.47079666113152E-14));
#10389=DIRECTION('',(-2.12523875749632E-13,5.47079666113151E-14,1.));
#10390=DIRECTION('',(4.71484343495036E-16,-1.,5.47079666113152E-14));
#10391=DIRECTION('center_axis',(4.71484343495036E-16,-1.,5.47079666113152E-14));
#10392=DIRECTION('ref_axis',(2.12523875749632E-13,-5.47079666113151E-14,
-1.));
#10393=DIRECTION('center_axis',(-4.71484343495036E-16,1.,-5.47079666113152E-14));
#10394=DIRECTION('ref_axis',(-2.12523875749632E-13,5.47079666113151E-14,
1.));
#10395=DIRECTION('',(4.71484343495036E-16,-1.,5.47079666113152E-14));
#10396=DIRECTION('center_axis',(2.11446424566919E-13,-5.47079666113151E-14,
-1.));
#10397=DIRECTION('ref_axis',(-4.71484343495036E-16,1.,-5.47079666113152E-14));
#10398=DIRECTION('',(1.,4.71484343506587E-16,2.11144738235759E-13));
#10399=DIRECTION('',(4.71484343495036E-16,-1.,5.47079666113152E-14));
#10400=DIRECTION('center_axis',(1.,4.71484343506663E-16,2.12523875749632E-13));
#10401=DIRECTION('ref_axis',(-4.71484343495036E-16,1.,-5.47079666113152E-14));
#10402=DIRECTION('',(-2.12523875749632E-13,5.47079666113151E-14,1.));
#10403=DIRECTION('center_axis',(-4.71484343495036E-16,1.,-5.47079666113152E-14));
#10404=DIRECTION('ref_axis',(-2.12523875749632E-13,5.47079666113151E-14,
1.));
#10405=DIRECTION('',(0.7071067811867,-3.83509843992712E-14,-0.707106781186395));
#10406=DIRECTION('',(-0.707106781186395,-3.90177639523051E-14,-0.7071067811867));
#10407=DIRECTION('',(0.7071067811867,-3.83509843992712E-14,-0.707106781186395));
#10408=DIRECTION('',(0.707106781186396,3.90177639523051E-14,0.707106781186699));
#10409=DIRECTION('',(-0.707106781186699,3.83509843992713E-14,0.707106781186396));
#10410=DIRECTION('',(-0.707106781186397,-3.9017763952305E-14,-0.707106781186698));
#10411=DIRECTION('center_axis',(0.707106781186396,3.90177639523051E-14,
0.707106781186699));
#10412=DIRECTION('ref_axis',(4.71484343495036E-16,-1.,5.47079666113152E-14));
#10413=DIRECTION('center_axis',(-0.707106781186699,3.83509843992712E-14,
0.707106781186396));
#10414=DIRECTION('ref_axis',(4.71484343495036E-16,-1.,5.47079666113152E-14));
#10415=DIRECTION('center_axis',(-0.707106781186394,-3.90177639523052E-14,
-0.707106781186701));
#10416=DIRECTION('ref_axis',(-4.71484343495036E-16,1.,-5.47079666113152E-14));
#10417=DIRECTION('center_axis',(0.707106781186699,-3.83509843992712E-14,
-0.707106781186396));
#10418=DIRECTION('ref_axis',(-4.71484343495036E-16,1.,-5.47079666113152E-14));
#10419=DIRECTION('center_axis',(0.707106781186701,-3.83509843992711E-14,
-0.707106781186394));
#10420=DIRECTION('ref_axis',(-4.71484343495036E-16,1.,-5.47079666113152E-14));
#10421=DIRECTION('center_axis',(-0.707106781186396,-3.90177639523051E-14,
-0.707106781186699));
#10422=DIRECTION('ref_axis',(-4.71484343495036E-16,1.,-5.47079666113152E-14));
#10423=DIRECTION('center_axis',(2.12523875749632E-13,-5.47079666113151E-14,
-1.));
#10424=DIRECTION('ref_axis',(-4.71484343495036E-16,1.,-5.47079666113152E-14));
#10425=DIRECTION('',(-4.71484343495036E-16,1.,-5.47079666113152E-14));
#10426=DIRECTION('',(-1.,-4.71484343506663E-16,-2.12523875749632E-13));
#10427=DIRECTION('center_axis',(2.12523875749632E-13,-5.47079666113151E-14,
-1.));
#10428=DIRECTION('ref_axis',(-4.71484343495036E-16,1.,-5.47079666113152E-14));
#10429=DIRECTION('',(-1.,-4.71484343506663E-16,-2.12523875749632E-13));
#10430=DIRECTION('',(-4.71484343495036E-16,1.,-5.47079666113152E-14));
#10431=DIRECTION('center_axis',(1.,4.71484343506663E-16,2.12523875749632E-13));
#10432=DIRECTION('ref_axis',(-4.71484343495036E-16,1.,-5.47079666113152E-14));
#10433=DIRECTION('',(2.12523875749632E-13,-5.47079666113151E-14,-1.));
#10434=DIRECTION('center_axis',(1.,4.71484343506663E-16,2.12523875749632E-13));
#10435=DIRECTION('ref_axis',(-4.71484343495036E-16,1.,-5.47079666113152E-14));
#10436=DIRECTION('',(2.12437410968508E-13,-5.47079666113151E-14,-1.));
#10437=DIRECTION('center_axis',(1.,4.71484343506663E-16,2.12523875749632E-13));
#10438=DIRECTION('ref_axis',(-4.71484343495036E-16,1.,-5.47079666113152E-14));
#10439=DIRECTION('',(2.12523875749632E-13,-5.47079666113151E-14,-1.));
#10440=DIRECTION('center_axis',(-4.71484343495036E-16,1.,-5.47079666113152E-14));
#10441=DIRECTION('ref_axis',(-2.12523875749632E-13,5.47079666113151E-14,
1.));
#10442=DIRECTION('center_axis',(1.,4.71484343506663E-16,2.12523875749632E-13));
#10443=DIRECTION('ref_axis',(-4.71484343495036E-16,1.,-5.47079666113152E-14));
#10444=DIRECTION('',(2.12523875749632E-13,-5.47079666113151E-14,-1.));
#10445=DIRECTION('',(-4.71484343495036E-16,1.,-5.47079666113152E-14));
#10446=DIRECTION('center_axis',(2.11113868048316E-13,-5.47079666113151E-14,
-1.));
#10447=DIRECTION('ref_axis',(-4.71484343495036E-16,1.,-5.47079666113152E-14));
#10448=DIRECTION('',(-1.,-4.71484343506566E-16,-2.10759621718249E-13));
#10449=DIRECTION('center_axis',(2.12523875749632E-13,-5.47079666113151E-14,
-1.));
#10450=DIRECTION('ref_axis',(-4.71484343495036E-16,1.,-5.47079666113152E-14));
#10451=DIRECTION('',(-1.,-4.71484343506663E-16,-2.12523875749632E-13));
#10452=DIRECTION('center_axis',(2.11078272852985E-13,-5.47079666113151E-14,
-1.));
#10453=DIRECTION('ref_axis',(-4.71484343495036E-16,1.,-5.47079666113152E-14));
#10454=DIRECTION('',(-1.,-4.71484343506607E-16,-2.11511760791569E-13));
#10455=DIRECTION('',(-4.71484343495036E-16,1.,-5.47079666113152E-14));
#10456=DIRECTION('center_axis',(1.,4.71484343506663E-16,2.12523875749632E-13));
#10457=DIRECTION('ref_axis',(-4.71484343495036E-16,1.,-5.47079666113152E-14));
#10458=DIRECTION('',(2.12523875749632E-13,-5.47079666113151E-14,-1.));
#10459=DIRECTION('center_axis',(-4.71484343495036E-16,1.,-5.47079666113152E-14));
#10460=DIRECTION('ref_axis',(-2.12523875749632E-13,5.47079666113151E-14,
1.));
#10461=DIRECTION('center_axis',(-4.71484343495036E-16,1.,-5.47079666113152E-14));
#10462=DIRECTION('ref_axis',(0.0500627750600308,-5.4615763006269E-14,-0.998746073110322));
#10463=DIRECTION('',(-4.71484343495036E-16,1.,-5.47079666113152E-14));
#10464=DIRECTION('center_axis',(4.71484343495036E-16,-1.,5.47079666113152E-14));
#10465=DIRECTION('ref_axis',(-2.12523875749632E-13,5.47079666113151E-14,
1.));
#10466=DIRECTION('',(-4.71484343495036E-16,1.,-5.47079666113152E-14));
#10467=DIRECTION('center_axis',(-1.,-4.71484343506663E-16,-2.12523875749632E-13));
#10468=DIRECTION('ref_axis',(4.71484343495036E-16,-1.,5.47079666113152E-14));
#10469=DIRECTION('',(-2.12523875749632E-13,5.47079666113151E-14,1.));
#10470=DIRECTION('',(-4.71484343495036E-16,1.,-5.47079666113152E-14));
#10471=DIRECTION('center_axis',(2.12042008117416E-13,-5.47079666113151E-14,
-1.));
#10472=DIRECTION('ref_axis',(-4.71484343495036E-16,1.,-5.47079666113152E-14));
#10473=DIRECTION('',(-1.,-4.71484343506663E-16,-2.12523875749632E-13));
#10474=DIRECTION('center_axis',(2.12523875749632E-13,-5.47079666113151E-14,
-1.));
#10475=DIRECTION('ref_axis',(-4.71484343495036E-16,1.,-5.47079666113152E-14));
#10476=DIRECTION('',(-1.,-4.71484343506663E-16,-2.12523875749632E-13));
#10477=DIRECTION('center_axis',(2.13933883450948E-13,-5.47079666113151E-14,
-1.));
#10478=DIRECTION('ref_axis',(-4.71484343495036E-16,1.,-5.47079666113152E-14));
#10479=DIRECTION('',(-1.,-4.71484343506759E-16,-2.14288129781015E-13));
#10480=DIRECTION('',(-4.71484343495036E-16,1.,-5.47079666113152E-14));
#10481=DIRECTION('center_axis',(-1.,-4.71484343506663E-16,-2.12523875749632E-13));
#10482=DIRECTION('ref_axis',(4.71484343495036E-16,-1.,5.47079666113152E-14));
#10483=DIRECTION('',(-2.12523875749632E-13,5.47079666113151E-14,1.));
#10484=DIRECTION('center_axis',(-4.71484343495036E-16,1.,-5.47079666113152E-14));
#10485=DIRECTION('ref_axis',(-2.12523875749632E-13,5.47079666113151E-14,
1.));
#10486=DIRECTION('center_axis',(-4.71484343495036E-16,1.,-5.47079666113152E-14));
#10487=DIRECTION('ref_axis',(2.12523875749632E-13,-5.47079666113151E-14,
-1.));
#10488=DIRECTION('center_axis',(-4.71484343495036E-16,1.,-5.47079666113152E-14));
#10489=DIRECTION('ref_axis',(-2.12523875749632E-13,5.47079666113151E-14,
1.));
#10490=DIRECTION('',(-4.71484343495036E-16,1.,-5.47079666113152E-14));
#10491=DIRECTION('center_axis',(-4.71484343495036E-16,1.,-5.47079666113152E-14));
#10492=DIRECTION('ref_axis',(-2.12523875749632E-13,5.47079666113151E-14,
1.));
#10493=DIRECTION('center_axis',(-4.71484343495036E-16,1.,-5.47079666113152E-14));
#10494=DIRECTION('ref_axis',(2.12523875749632E-13,-5.47079666113151E-14,
-1.));
#10495=DIRECTION('center_axis',(-4.71484343495036E-16,1.,-5.47079666113152E-14));
#10496=DIRECTION('ref_axis',(-2.12523875749632E-13,5.47079666113151E-14,
1.));
#10497=DIRECTION('',(-4.71484343495036E-16,1.,-5.47079666113152E-14));
#10498=DIRECTION('center_axis',(-4.71484343495036E-16,1.,-5.47079666113152E-14));
#10499=DIRECTION('ref_axis',(-2.12523875749632E-13,5.47079666113151E-14,
1.));
#10500=DIRECTION('',(-4.71484343495036E-16,1.,-5.47079666113152E-14));
#10501=DIRECTION('center_axis',(-4.71484343495036E-16,1.,-5.47079666113152E-14));
#10502=DIRECTION('ref_axis',(-2.12646340429547E-13,5.47079666113151E-14,
1.));
#10503=DIRECTION('center_axis',(-4.71484343495036E-16,1.,-5.47079666113152E-14));
#10504=DIRECTION('ref_axis',(-2.12523875749632E-13,5.47079666113151E-14,
1.));
#10505=DIRECTION('',(-4.71484343495036E-16,1.,-5.47079666113152E-14));
#10506=DIRECTION('center_axis',(-4.71484343495036E-16,1.,-5.47079666113152E-14));
#10507=DIRECTION('ref_axis',(-2.12523875749632E-13,5.47079666113151E-14,
1.));
#10508=DIRECTION('',(-4.71484343495036E-16,1.,-5.47079666113152E-14));
#10509=DIRECTION('center_axis',(2.12523875749632E-13,-5.47079666113151E-14,
-1.));
#10510=DIRECTION('ref_axis',(-4.71484343495036E-16,1.,-5.47079666113152E-14));
#10511=DIRECTION('',(1.,4.71484343506663E-16,2.12523875749632E-13));
#10512=DIRECTION('',(1.,4.71484343506663E-16,2.12523875749632E-13));
#10513=DIRECTION('',(4.71484343495036E-16,-1.,5.47079666113152E-14));
#10514=DIRECTION('center_axis',(1.,4.71484343506663E-16,2.12523875749632E-13));
#10515=DIRECTION('ref_axis',(-4.71484343495036E-16,1.,-5.47079666113152E-14));
#10516=DIRECTION('',(-2.12523875749632E-13,5.47079666113151E-14,1.));
#10517=DIRECTION('',(4.71484343495036E-16,-1.,5.47079666113152E-14));
#10518=DIRECTION('',(-2.12523875749632E-13,5.47079666113151E-14,1.));
#10519=DIRECTION('',(-4.71484343495036E-16,1.,-5.47079666113152E-14));
#10520=DIRECTION('center_axis',(2.12740716184129E-13,-5.47079666113151E-14,
-1.));
#10521=DIRECTION('ref_axis',(-4.71484343495036E-16,1.,-5.47079666113152E-14));
#10522=DIRECTION('',(1.,4.71484343506663E-16,2.12523875749632E-13));
#10523=DIRECTION('',(4.71484343495036E-16,-1.,5.47079666113152E-14));
#10524=DIRECTION('',(1.,4.71484343506663E-16,2.12523875749632E-13));
#10525=DIRECTION('',(-4.71484343495036E-16,1.,-5.47079666113152E-14));
#10526=DIRECTION('center_axis',(1.,4.71484343506663E-16,2.12523875749632E-13));
#10527=DIRECTION('ref_axis',(-4.71484343495036E-16,1.,-5.47079666113152E-14));
#10528=DIRECTION('',(-2.12616394335017E-13,5.47079666113151E-14,1.));
#10529=DIRECTION('',(-4.71484343495036E-16,1.,-5.47079666113152E-14));
#10530=DIRECTION('',(-2.12616394335017E-13,5.47079666113151E-14,1.));
#10531=DIRECTION('',(4.71484343495036E-16,-1.,5.47079666113152E-14));
#10532=DIRECTION('center_axis',(2.12307035315135E-13,-5.47079666113151E-14,
-1.));
#10533=DIRECTION('ref_axis',(-4.71484343495036E-16,1.,-5.47079666113152E-14));
#10534=DIRECTION('',(1.,4.71484343506663E-16,2.12523875749632E-13));
#10535=DIRECTION('',(-4.71484343495036E-16,1.,-5.47079666113152E-14));
#10536=DIRECTION('',(1.,4.71484343506663E-16,2.12523875749632E-13));
#10537=DIRECTION('',(4.71484343495036E-16,-1.,5.47079666113152E-14));
#10538=DIRECTION('center_axis',(1.,4.71484343506663E-16,2.12523875749632E-13));
#10539=DIRECTION('ref_axis',(-4.71484343495036E-16,1.,-5.47079666113152E-14));
#10540=DIRECTION('',(-2.12523875749632E-13,5.47079666113151E-14,1.));
#10541=DIRECTION('',(4.71484343495036E-16,-1.,5.47079666113152E-14));
#10542=DIRECTION('',(-2.12523875749632E-13,5.47079666113151E-14,1.));
#10543=DIRECTION('',(-4.71484343495036E-16,1.,-5.47079666113152E-14));
#10544=DIRECTION('center_axis',(2.13541301376709E-13,-5.47079666113151E-14,
-1.));
#10545=DIRECTION('ref_axis',(-4.71484343495036E-16,1.,-5.47079666113152E-14));
#10546=DIRECTION('',(1.,4.71484343506686E-16,2.12949244461089E-13));
#10547=DIRECTION('',(1.,4.71484343506686E-16,2.12949244461089E-13));
#10548=DIRECTION('',(-4.71484343495036E-16,1.,-5.47079666113152E-14));
#10549=DIRECTION('center_axis',(2.11446424566919E-13,-5.47079666113151E-14,
-1.));
#10550=DIRECTION('ref_axis',(-4.71484343495036E-16,1.,-5.47079666113152E-14));
#10551=DIRECTION('',(1.,4.71484343506587E-16,2.11144738235759E-13));
#10552=DIRECTION('',(1.,4.71484343506587E-16,2.11144738235759E-13));
#10553=DIRECTION('',(-4.71484343495036E-16,1.,-5.47079666113152E-14));
#10554=DIRECTION('center_axis',(1.,4.71484343506663E-16,2.12523875749632E-13));
#10555=DIRECTION('ref_axis',(-4.71484343495036E-16,1.,-5.47079666113152E-14));
#10556=DIRECTION('',(-2.12523875749632E-13,5.47079666113151E-14,1.));
#10557=DIRECTION('',(-2.12523875749632E-13,5.47079666113151E-14,1.));
#10558=DIRECTION('',(-4.71484343495036E-16,1.,-5.47079666113152E-14));
#10559=DIRECTION('center_axis',(2.11446424566919E-13,-5.47079666113151E-14,
-1.));
#10560=DIRECTION('ref_axis',(-4.71484343495036E-16,1.,-5.47079666113152E-14));
#10561=DIRECTION('',(1.,4.71484343506625E-16,2.11834306992696E-13));
#10562=DIRECTION('',(1.,4.71484343506625E-16,2.11834306992696E-13));
#10563=DIRECTION('center_axis',(4.71484343495036E-16,-1.,5.47079666113152E-14));
#10564=DIRECTION('ref_axis',(2.12523875749632E-13,-5.47079666113151E-14,
-1.));
#10565=DIRECTION('',(-0.707106781186396,-3.90177639523051E-14,-0.707106781186699));
#10566=DIRECTION('',(0.707106781186697,-3.83509843992713E-14,-0.707106781186398));
#10567=DIRECTION('',(0.707106781186397,3.9017763952305E-14,0.707106781186698));
#10568=DIRECTION('',(-0.707106781186698,3.83509843992713E-14,0.707106781186397));
#10569=DIRECTION('',(0.707106781186398,3.9017763952305E-14,0.707106781186697));
#10570=DIRECTION('',(-0.707106781186698,3.83509843992713E-14,0.707106781186397));
#10571=DIRECTION('center_axis',(4.71484343495036E-16,-1.,5.47079666113152E-14));
#10572=DIRECTION('ref_axis',(2.12523875749632E-13,-5.47079666113151E-14,
-1.));
#10573=DIRECTION('',(-0.707106781186397,-3.9017763952305E-14,-0.707106781186698));
#10574=DIRECTION('',(0.707106781186698,-3.83509843992713E-14,-0.707106781186397));
#10575=DIRECTION('',(-0.707106781186398,-3.9017763952305E-14,-0.707106781186697));
#10576=DIRECTION('',(-0.707106781186697,3.83509843992713E-14,0.707106781186398));
#10577=DIRECTION('',(0.707106781186396,3.90177639523051E-14,0.707106781186699));
#10578=DIRECTION('',(0.707106781186699,-3.83509843992713E-14,-0.707106781186396));
#10579=DIRECTION('center_axis',(-0.707106781186699,3.83509843992712E-14,
0.707106781186396));
#10580=DIRECTION('ref_axis',(4.71484343495036E-16,-1.,5.47079666113152E-14));
#10581=DIRECTION('center_axis',(0.707106781186397,3.9017763952305E-14,0.707106781186698));
#10582=DIRECTION('ref_axis',(4.71484343495036E-16,-1.,5.47079666113152E-14));
#10583=DIRECTION('center_axis',(-0.707106781186397,-3.9017763952305E-14,
-0.707106781186698));
#10584=DIRECTION('ref_axis',(-4.71484343495036E-16,1.,-5.47079666113152E-14));
#10585=DIRECTION('center_axis',(0.707106781186698,-3.83509843992713E-14,
-0.707106781186397));
#10586=DIRECTION('ref_axis',(-4.71484343495036E-16,1.,-5.47079666113152E-14));
#10587=DIRECTION('center_axis',(-0.707106781186397,-3.9017763952305E-14,
-0.707106781186698));
#10588=DIRECTION('ref_axis',(-4.71484343495036E-16,1.,-5.47079666113152E-14));
#10589=DIRECTION('center_axis',(0.707106781186698,-3.83509843992713E-14,
-0.707106781186397));
#10590=DIRECTION('ref_axis',(-4.71484343495036E-16,1.,-5.47079666113152E-14));
#10591=DIRECTION('center_axis',(4.71484343495036E-16,-1.,5.47079666113152E-14));
#10592=DIRECTION('ref_axis',(-2.12523875749632E-13,5.47079666113151E-14,
1.));
#10593=DIRECTION('center_axis',(-4.71484343495036E-16,1.,-5.47079666113152E-14));
#10594=DIRECTION('ref_axis',(-2.12523875749632E-13,5.47079666113151E-14,
1.));
#10595=DIRECTION('',(4.71484343495036E-16,-1.,5.47079666113152E-14));
#10596=DIRECTION('center_axis',(-4.71484343495036E-16,1.,-5.47079666113152E-14));
#10597=DIRECTION('ref_axis',(-2.12523875749632E-13,5.47079666113151E-14,
1.));
#10598=DIRECTION('',(4.71484343495036E-16,-1.,5.47079666113152E-14));
#10599=DIRECTION('center_axis',(-4.71484343495036E-16,1.,-5.47079666113152E-14));
#10600=DIRECTION('ref_axis',(2.12523875749632E-13,-5.47079666113151E-14,
-1.));
#10601=DIRECTION('center_axis',(4.71484343495036E-16,-1.,5.47079666113152E-14));
#10602=DIRECTION('ref_axis',(-2.12523875749632E-13,5.47079666113151E-14,
1.));
#10603=DIRECTION('',(-4.71484343495036E-16,1.,-5.47079666113152E-14));
#10604=DIRECTION('center_axis',(4.71484343495036E-16,-1.,5.47079666113152E-14));
#10605=DIRECTION('ref_axis',(-2.12523875749632E-13,5.47079666113151E-14,
1.));
#10606=DIRECTION('center_axis',(4.71484343495036E-16,-1.,5.47079666113152E-14));
#10607=DIRECTION('ref_axis',(-2.12523875749632E-13,5.47079666113151E-14,
1.));
#10608=DIRECTION('',(4.71484343495036E-16,-1.,5.47079666113152E-14));
#10609=DIRECTION('center_axis',(4.71484343495036E-16,-1.,5.47079666113152E-14));
#10610=DIRECTION('ref_axis',(-2.14356501322049E-13,5.47079666113151E-14,
1.));
#10611=DIRECTION('',(4.71484343495036E-16,-1.,5.47079666113152E-14));
#10612=DIRECTION('center_axis',(4.71484343495036E-16,-1.,5.47079666113152E-14));
#10613=DIRECTION('ref_axis',(-2.07192601357146E-13,5.47079666113151E-14,
1.));
#10614=DIRECTION('',(4.71484343495036E-16,-1.,5.47079666113152E-14));
#10615=DIRECTION('center_axis',(4.71484343495036E-16,-1.,5.47079666113152E-14));
#10616=DIRECTION('ref_axis',(-2.12523875749632E-13,5.47079666113151E-14,
1.));
#10617=DIRECTION('',(4.71484343495036E-16,-1.,5.47079666113152E-14));
#10618=DIRECTION('center_axis',(-4.71484343495036E-16,1.,-5.47079666113152E-14));
#10619=DIRECTION('ref_axis',(2.12523875749632E-13,-5.47079666113151E-14,
-1.));
#10620=DIRECTION('center_axis',(4.71484343495036E-16,-1.,5.47079666113152E-14));
#10621=DIRECTION('ref_axis',(-2.12523875749632E-13,5.47079666113151E-14,
1.));
#10622=DIRECTION('',(-4.71484343495036E-16,1.,-5.47079666113152E-14));
#10623=DIRECTION('center_axis',(-4.71484343495036E-16,1.,-5.47079666113152E-14));
#10624=DIRECTION('ref_axis',(-2.12523875749632E-13,5.47079666113151E-14,
1.));
#10625=DIRECTION('center_axis',(-4.71484343495036E-16,1.,-5.47079666113152E-14));
#10626=DIRECTION('ref_axis',(2.12523875749632E-13,-5.47079666113151E-14,
-1.));
#10627=DIRECTION('center_axis',(-4.71484343495036E-16,1.,-5.47079666113152E-14));
#10628=DIRECTION('ref_axis',(-2.12523875749632E-13,5.47079666113151E-14,
1.));
#10629=DIRECTION('',(4.71484343495036E-16,-1.,5.47079666113152E-14));
#10630=DIRECTION('center_axis',(4.71484343495036E-16,-1.,5.47079666113152E-14));
#10631=DIRECTION('ref_axis',(-2.12523875749632E-13,5.47079666113151E-14,
1.));
#10632=DIRECTION('',(4.71484343495036E-16,-1.,5.47079666113152E-14));
#10633=DIRECTION('center_axis',(-4.71484343495036E-16,1.,-5.47079666113152E-14));
#10634=DIRECTION('ref_axis',(-2.12523875749632E-13,5.47079666113151E-14,
1.));
#10635=DIRECTION('',(4.71484343495036E-16,-1.,5.47079666113152E-14));
#10636=DIRECTION('center_axis',(4.71484343495036E-16,-1.,5.47079666113152E-14));
#10637=DIRECTION('ref_axis',(-2.11690864125806E-13,5.47079666113151E-14,
1.));
#10638=DIRECTION('',(4.71484343495036E-16,-1.,5.47079666113152E-14));
#10639=DIRECTION('center_axis',(-4.71484343495036E-16,1.,-5.47079666113152E-14));
#10640=DIRECTION('ref_axis',(-2.12523875749632E-13,5.47079666113151E-14,
1.));
#10641=DIRECTION('',(-4.71484343495036E-16,1.,-5.47079666113152E-14));
#10642=DIRECTION('center_axis',(-4.71484343495036E-16,1.,-5.47079666113152E-14));
#10643=DIRECTION('ref_axis',(-2.12523875749632E-13,5.47079666113151E-14,
1.));
#10644=DIRECTION('center_axis',(4.71484343495036E-16,-1.,5.47079666113152E-14));
#10645=DIRECTION('ref_axis',(2.12523875749632E-13,-5.47079666113151E-14,
-1.));
#10646=DIRECTION('',(2.12523875749632E-13,-5.47079666113151E-14,-1.));
#10647=DIRECTION('',(-1.,-4.71484343506663E-16,-2.12523875749632E-13));
#10648=DIRECTION('',(-2.1259710719745E-13,5.47079666113151E-14,1.));
#10649=DIRECTION('',(0.7071067811867,-3.83509843992712E-14,-0.707106781186395));
#10650=DIRECTION('',(1.,4.71484343506663E-16,2.12523875749632E-13));
#10651=DIRECTION('',(0.707106781186397,3.9017763952305E-14,0.707106781186698));
#10652=DIRECTION('',(-2.12523875749632E-13,5.47079666113151E-14,1.));
#10653=DIRECTION('',(-1.,-4.71484343506663E-16,-2.12523875749632E-13));
#10654=DIRECTION('center_axis',(1.,4.71484343506663E-16,2.12523875749632E-13));
#10655=DIRECTION('ref_axis',(-4.71484343495036E-16,1.,-5.47079666113152E-14));
#10656=DIRECTION('',(4.71484343495036E-16,-1.,5.47079666113152E-14));
#10657=DIRECTION('',(4.71484343495036E-16,-1.,5.47079666113152E-14));
#10658=DIRECTION('',(-2.12523875749632E-13,5.47079666113151E-14,1.));
#10659=DIRECTION('',(-4.71484343495036E-16,1.,-5.47079666113152E-14));
#10660=DIRECTION('',(-2.12523875749632E-13,5.47079666113151E-14,1.));
#10661=DIRECTION('',(4.71484343495036E-16,-1.,5.47079666113152E-14));
#10662=DIRECTION('',(-2.12523875749632E-13,5.47079666113151E-14,1.));
#10663=DIRECTION('center_axis',(4.71484343495036E-16,-1.,5.47079666113152E-14));
#10664=DIRECTION('ref_axis',(2.12523875749632E-13,-5.47079666113151E-14,
-1.));
#10665=DIRECTION('',(-1.,-4.71484343506663E-16,-2.12523875749632E-13));
#10666=DIRECTION('',(-2.12523875749632E-13,5.47079666113151E-14,1.));
#10667=DIRECTION('center_axis',(4.71484343495036E-16,-1.,5.47079666113152E-14));
#10668=DIRECTION('ref_axis',(-2.12523875749632E-13,5.47079666113151E-14,
1.));
#10669=DIRECTION('',(-2.12523875749632E-13,5.47079666113151E-14,1.));
#10670=DIRECTION('',(-1.,-4.71484343506759E-16,-2.14288129781015E-13));
#10671=DIRECTION('',(-0.707106781186701,3.83509843992711E-14,0.707106781186394));
#10672=DIRECTION('',(1.,4.71484343506663E-16,2.12523875749632E-13));
#10673=DIRECTION('center_axis',(4.71484343495036E-16,-1.,5.47079666113152E-14));
#10674=DIRECTION('ref_axis',(-2.12523875749632E-13,5.47079666113151E-14,
1.));
#10675=DIRECTION('',(2.12523875749632E-13,-5.47079666113151E-14,-1.));
#10676=DIRECTION('',(1.,4.71484343506663E-16,2.12523875749632E-13));
#10677=DIRECTION('',(2.12523875749632E-13,-5.47079666113151E-14,-1.));
#10678=DIRECTION('center_axis',(4.71484343495036E-16,-1.,5.47079666113152E-14));
#10679=DIRECTION('ref_axis',(-2.14258599225609E-13,5.47079666113151E-14,
1.));
#10680=DIRECTION('',(1.,4.71484343506625E-16,2.11834306992696E-13));
#10681=DIRECTION('',(-2.12523875749632E-13,5.47079666113151E-14,1.));
#10682=DIRECTION('',(1.,4.71484343506587E-16,2.11144738235759E-13));
#10683=DIRECTION('center_axis',(-4.71484343495036E-16,1.,-5.47079666113152E-14));
#10684=DIRECTION('ref_axis',(-2.12523875749632E-13,5.47079666113151E-14,
1.));
#10685=DIRECTION('',(-2.12523875749632E-13,5.47079666113151E-14,1.));
#10686=DIRECTION('',(1.,4.71484343506663E-16,2.12523875749632E-13));
#10687=DIRECTION('',(-2.12523875749632E-13,5.47079666113151E-14,1.));
#10688=DIRECTION('center_axis',(-4.71484343495036E-16,1.,-5.47079666113152E-14));
#10689=DIRECTION('ref_axis',(-2.12523875749632E-13,5.47079666113151E-14,
1.));
#10690=DIRECTION('',(1.,4.71484343506686E-16,2.12949244461089E-13));
#10691=DIRECTION('',(0.707106781186393,3.90177639523052E-14,0.707106781186702));
#10692=DIRECTION('',(-2.12523875749632E-13,5.47079666113151E-14,1.));
#10693=DIRECTION('',(-1.,-4.71484343506566E-16,-2.10759621718249E-13));
#10694=DIRECTION('',(2.12523875749632E-13,-5.47079666113151E-14,-1.));
#10695=DIRECTION('',(2.12523875749632E-13,-5.47079666113151E-14,-1.));
#10696=DIRECTION('',(-1.,-4.71484343506607E-16,-2.11511760791569E-13));
#10697=DIRECTION('',(2.12437410968508E-13,-5.47079666113151E-14,-1.));
#10698=DIRECTION('center_axis',(1.,4.71484343506663E-16,2.12523875749632E-13));
#10699=DIRECTION('ref_axis',(-4.71484343495036E-16,1.,-5.47079666113152E-14));
#10700=DIRECTION('',(4.71484343495036E-16,-1.,5.47079666113152E-14));
#10701=DIRECTION('',(4.71484343495036E-16,-1.,5.47079666113152E-14));
#10702=DIRECTION('',(-2.12523875749632E-13,5.47079666113151E-14,1.));
#10703=DIRECTION('',(-4.71484343495036E-16,1.,-5.47079666113152E-14));
#10704=DIRECTION('',(-2.12523875749632E-13,5.47079666113151E-14,1.));
#10705=DIRECTION('',(4.71484343495036E-16,-1.,5.47079666113152E-14));
#10706=DIRECTION('',(-2.12523875749632E-13,5.47079666113151E-14,1.));
#10707=DIRECTION('center_axis',(4.71484343495036E-16,-1.,5.47079666113152E-14));
#10708=DIRECTION('ref_axis',(2.12523875749632E-13,-5.47079666113151E-14,
-1.));
#10709=DIRECTION('',(-1.,-4.71484343506663E-16,-2.12523875749632E-13));
#10710=DIRECTION('',(-0.707106781186699,3.83509843992712E-14,0.707106781186396));
#10711=DIRECTION('',(1.,4.71484343506663E-16,2.12523875749632E-13));
#10712=DIRECTION('',(-0.707106781186396,-3.90177639523051E-14,-0.707106781186699));
#10713=DIRECTION('',(-2.12670338645269E-13,5.47079666113151E-14,1.));
#10714=DIRECTION('',(-1.,-4.71484343506663E-16,-2.12523875749632E-13));
#10715=DIRECTION('',(2.12523875749632E-13,-5.47079666113151E-14,-1.));
#10716=DIRECTION('center_axis',(2.11446424566919E-13,-5.47079666113151E-14,
-1.));
#10717=DIRECTION('ref_axis',(-4.71484343495036E-16,1.,-5.47079666113152E-14));
#10718=DIRECTION('',(1.,4.71484343506625E-16,2.11834306992696E-13));
#10719=DIRECTION('',(-4.71484343495036E-16,1.,-5.47079666113152E-14));
#10720=DIRECTION('',(-4.71484343495036E-16,1.,-5.47079666113152E-14));
#10721=DIRECTION('center_axis',(-4.71484343495036E-16,1.,-5.47079666113152E-14));
#10722=DIRECTION('ref_axis',(2.12523875749632E-13,-5.47079666113151E-14,
-1.));
#10723=DIRECTION('center_axis',(4.71484343495036E-16,-1.,5.47079666113152E-14));
#10724=DIRECTION('ref_axis',(-2.14258599225609E-13,5.47079666113151E-14,
1.));
#10725=DIRECTION('',(-4.71484343495036E-16,1.,-5.47079666113152E-14));
#10726=DIRECTION('center_axis',(-1.,-4.71484343506663E-16,-2.12523875749632E-13));
#10727=DIRECTION('ref_axis',(4.71484343495036E-16,-1.,5.47079666113152E-14));
#10728=DIRECTION('',(2.12523875749632E-13,-5.47079666113151E-14,-1.));
#10729=DIRECTION('',(-4.71484343495036E-16,1.,-5.47079666113152E-14));
#10730=DIRECTION('center_axis',(2.12523875749632E-13,-5.47079666113151E-14,
-1.));
#10731=DIRECTION('ref_axis',(-4.71484343495036E-16,1.,-5.47079666113152E-14));
#10732=DIRECTION('',(1.,4.71484343506663E-16,2.12523875749632E-13));
#10733=DIRECTION('',(-4.71484343495036E-16,1.,-5.47079666113152E-14));
#10734=DIRECTION('center_axis',(-1.,-4.71484343506663E-16,-2.12523875749632E-13));
#10735=DIRECTION('ref_axis',(4.71484343495036E-16,-1.,5.47079666113152E-14));
#10736=DIRECTION('',(2.12523875749632E-13,-5.47079666113151E-14,-1.));
#10737=DIRECTION('',(-4.71484343495036E-16,1.,-5.47079666113152E-14));
#10738=DIRECTION('center_axis',(-4.71484343495036E-16,1.,-5.47079666113152E-14));
#10739=DIRECTION('ref_axis',(2.12523875749632E-13,-5.47079666113151E-14,
-1.));
#10740=DIRECTION('center_axis',(4.71484343495036E-16,-1.,5.47079666113152E-14));
#10741=DIRECTION('ref_axis',(-2.12523875749632E-13,5.47079666113151E-14,
1.));
#10742=DIRECTION('',(-4.71484343495036E-16,1.,-5.47079666113152E-14));
#10743=DIRECTION('center_axis',(2.12523875749632E-13,-5.47079666113151E-14,
-1.));
#10744=DIRECTION('ref_axis',(-4.71484343495036E-16,1.,-5.47079666113152E-14));
#10745=DIRECTION('',(1.,4.71484343506663E-16,2.12523875749632E-13));
#10746=DIRECTION('',(4.71484343495036E-16,-1.,5.47079666113152E-14));
#10747=DIRECTION('center_axis',(2.12740716184129E-13,-5.47079666113151E-14,
-1.));
#10748=DIRECTION('ref_axis',(-4.71484343495036E-16,1.,-5.47079666113152E-14));
#10749=DIRECTION('',(4.71484343495036E-16,-1.,5.47079666113152E-14));
#10750=DIRECTION('',(1.,4.71484343506663E-16,2.12523875749632E-13));
#10751=DIRECTION('',(-4.71484343495036E-16,1.,-5.47079666113152E-14));
#10752=DIRECTION('center_axis',(1.,4.71484343506663E-16,2.12523875749632E-13));
#10753=DIRECTION('ref_axis',(-4.71484343495036E-16,1.,-5.47079666113152E-14));
#10754=DIRECTION('',(4.71484343495036E-16,-1.,5.47079666113152E-14));
#10755=DIRECTION('',(4.71484343495036E-16,-1.,5.47079666113152E-14));
#10756=DIRECTION('',(-2.12616394335017E-13,5.47079666113151E-14,1.));
#10757=DIRECTION('',(-4.71484343495036E-16,1.,-5.47079666113152E-14));
#10758=DIRECTION('',(4.71484343495036E-16,-1.,5.47079666113152E-14));
#10759=DIRECTION('',(2.12523875749632E-13,-5.47079666113151E-14,-1.));
#10760=DIRECTION('center_axis',(2.12307035315135E-13,-5.47079666113151E-14,
-1.));
#10761=DIRECTION('ref_axis',(-4.71484343495036E-16,1.,-5.47079666113152E-14));
#10762=DIRECTION('',(1.,4.71484343506663E-16,2.12523875749632E-13));
#10763=DIRECTION('',(-4.71484343495036E-16,1.,-5.47079666113152E-14));
#10764=DIRECTION('',(4.71484343495036E-16,-1.,5.47079666113152E-14));
#10765=DIRECTION('center_axis',(2.13541301376709E-13,-5.47079666113151E-14,
-1.));
#10766=DIRECTION('ref_axis',(-4.71484343495036E-16,1.,-5.47079666113152E-14));
#10767=DIRECTION('',(-4.71484343495036E-16,1.,-5.47079666113152E-14));
#10768=DIRECTION('',(1.,4.71484343506686E-16,2.12949244461089E-13));
#10769=DIRECTION('',(-4.71484343495036E-16,1.,-5.47079666113152E-14));
#10770=DIRECTION('center_axis',(-4.71484343495036E-16,1.,-5.47079666113152E-14));
#10771=DIRECTION('ref_axis',(2.12523875749632E-13,-5.47079666113151E-14,
-1.));
#10772=DIRECTION('center_axis',(-4.71484343495036E-16,1.,-5.47079666113152E-14));
#10773=DIRECTION('ref_axis',(-2.12523875749632E-13,5.47079666113151E-14,
1.));
#10774=DIRECTION('',(-4.71484343495036E-16,1.,-5.47079666113152E-14));
#10775=DIRECTION('center_axis',(1.,4.71484343506663E-16,2.12523875749632E-13));
#10776=DIRECTION('ref_axis',(-4.71484343495036E-16,1.,-5.47079666113152E-14));
#10777=DIRECTION('',(-2.12523875749632E-13,5.47079666113151E-14,1.));
#10778=DIRECTION('',(-4.71484343495036E-16,1.,-5.47079666113152E-14));
#10779=DIRECTION('center_axis',(2.12523875749632E-13,-5.47079666113151E-14,
-1.));
#10780=DIRECTION('ref_axis',(-4.71484343495036E-16,1.,-5.47079666113152E-14));
#10781=DIRECTION('',(1.,4.71484343506663E-16,2.12523875749632E-13));
#10782=DIRECTION('',(-4.71484343495036E-16,1.,-5.47079666113152E-14));
#10783=DIRECTION('center_axis',(1.,4.71484343506663E-16,2.12523875749632E-13));
#10784=DIRECTION('ref_axis',(-4.71484343495036E-16,1.,-5.47079666113152E-14));
#10785=DIRECTION('',(-2.12523875749632E-13,5.47079666113151E-14,1.));
#10786=DIRECTION('',(-4.71484343495036E-16,1.,-5.47079666113152E-14));
#10787=DIRECTION('center_axis',(-4.71484343495036E-16,1.,-5.47079666113152E-14));
#10788=DIRECTION('ref_axis',(2.12523875749632E-13,-5.47079666113151E-14,
-1.));
#10789=DIRECTION('center_axis',(-4.71484343495036E-16,1.,-5.47079666113152E-14));
#10790=DIRECTION('ref_axis',(-2.12523875749632E-13,5.47079666113151E-14,
1.));
#10791=DIRECTION('',(-4.71484343495036E-16,1.,-5.47079666113152E-14));
#10792=DIRECTION('center_axis',(2.11446424566919E-13,-5.47079666113151E-14,
-1.));
#10793=DIRECTION('ref_axis',(-4.71484343495036E-16,1.,-5.47079666113152E-14));
#10794=DIRECTION('',(1.,4.71484343506587E-16,2.11144738235759E-13));
#10795=DIRECTION('',(-4.71484343495036E-16,1.,-5.47079666113152E-14));
#10796=DIRECTION('center_axis',(1.,4.71484343506663E-16,2.12523875749632E-13));
#10797=DIRECTION('ref_axis',(-4.71484343495036E-16,1.,-5.47079666113152E-14));
#10798=DIRECTION('',(-2.12523875749632E-13,5.47079666113151E-14,1.));
#10799=DIRECTION('center_axis',(4.71484343495036E-16,-1.,5.47079666113152E-14));
#10800=DIRECTION('ref_axis',(2.12523875749632E-13,-5.47079666113151E-14,
-1.));
#10801=DIRECTION('',(-0.707106781186397,-3.9017763952305E-14,-0.707106781186698));
#10802=DIRECTION('',(-0.707106781186699,3.83509843992713E-14,0.707106781186396));
#10803=DIRECTION('',(0.707106781186396,3.90177639523051E-14,0.707106781186699));
#10804=DIRECTION('',(0.7071067811867,-3.83509843992712E-14,-0.707106781186395));
#10805=DIRECTION('',(-0.707106781186395,-3.90177639523051E-14,-0.7071067811867));
#10806=DIRECTION('',(0.7071067811867,-3.83509843992712E-14,-0.707106781186395));
#10807=DIRECTION('center_axis',(0.707106781186396,3.90177639523051E-14,
0.707106781186699));
#10808=DIRECTION('ref_axis',(4.71484343495036E-16,-1.,5.47079666113152E-14));
#10809=DIRECTION('center_axis',(-0.707106781186699,3.83509843992712E-14,
0.707106781186396));
#10810=DIRECTION('ref_axis',(4.71484343495036E-16,-1.,5.47079666113152E-14));
#10811=DIRECTION('center_axis',(-0.707106781186394,-3.90177639523052E-14,
-0.707106781186701));
#10812=DIRECTION('ref_axis',(-4.71484343495036E-16,1.,-5.47079666113152E-14));
#10813=DIRECTION('center_axis',(0.707106781186699,-3.83509843992712E-14,
-0.707106781186396));
#10814=DIRECTION('ref_axis',(-4.71484343495036E-16,1.,-5.47079666113152E-14));
#10815=DIRECTION('center_axis',(0.707106781186701,-3.83509843992711E-14,
-0.707106781186394));
#10816=DIRECTION('ref_axis',(-4.71484343495036E-16,1.,-5.47079666113152E-14));
#10817=DIRECTION('center_axis',(-0.707106781186396,-3.90177639523051E-14,
-0.707106781186699));
#10818=DIRECTION('ref_axis',(-4.71484343495036E-16,1.,-5.47079666113152E-14));
#10819=DIRECTION('center_axis',(2.12523875749632E-13,-5.47079666113151E-14,
-1.));
#10820=DIRECTION('ref_axis',(-4.71484343495036E-16,1.,-5.47079666113152E-14));
#10821=DIRECTION('',(-1.,-4.71484343506663E-16,-2.12523875749632E-13));
#10822=DIRECTION('',(4.71484343495036E-16,-1.,5.47079666113152E-14));
#10823=DIRECTION('center_axis',(2.12523875749632E-13,-5.47079666113151E-14,
-1.));
#10824=DIRECTION('ref_axis',(-4.71484343495036E-16,1.,-5.47079666113152E-14));
#10825=DIRECTION('',(4.71484343495036E-16,-1.,5.47079666113152E-14));
#10826=DIRECTION('',(-1.,-4.71484343506663E-16,-2.12523875749632E-13));
#10827=DIRECTION('center_axis',(1.,4.71484343506663E-16,2.12523875749632E-13));
#10828=DIRECTION('ref_axis',(-4.71484343495036E-16,1.,-5.47079666113152E-14));
#10829=DIRECTION('',(2.12523875749632E-13,-5.47079666113151E-14,-1.));
#10830=DIRECTION('center_axis',(1.,4.71484343506663E-16,2.12523875749632E-13));
#10831=DIRECTION('ref_axis',(-4.71484343495036E-16,1.,-5.47079666113152E-14));
#10832=DIRECTION('',(2.12437410968508E-13,-5.47079666113151E-14,-1.));
#10833=DIRECTION('center_axis',(1.,4.71484343506663E-16,2.12523875749632E-13));
#10834=DIRECTION('ref_axis',(-4.71484343495036E-16,1.,-5.47079666113152E-14));
#10835=DIRECTION('',(2.12523875749632E-13,-5.47079666113151E-14,-1.));
#10836=DIRECTION('center_axis',(4.71484343495036E-16,-1.,5.47079666113152E-14));
#10837=DIRECTION('ref_axis',(2.12523875749632E-13,-5.47079666113151E-14,
-1.));
#10838=DIRECTION('center_axis',(1.,4.71484343506663E-16,2.12523875749632E-13));
#10839=DIRECTION('ref_axis',(-4.71484343495036E-16,1.,-5.47079666113152E-14));
#10840=DIRECTION('',(4.71484343495036E-16,-1.,5.47079666113152E-14));
#10841=DIRECTION('',(2.12523875749632E-13,-5.47079666113151E-14,-1.));
#10842=DIRECTION('center_axis',(2.11113868048316E-13,-5.47079666113151E-14,
-1.));
#10843=DIRECTION('ref_axis',(-4.71484343495036E-16,1.,-5.47079666113152E-14));
#10844=DIRECTION('',(-1.,-4.71484343506566E-16,-2.10759621718249E-13));
#10845=DIRECTION('center_axis',(2.12523875749632E-13,-5.47079666113151E-14,
-1.));
#10846=DIRECTION('ref_axis',(-4.71484343495036E-16,1.,-5.47079666113152E-14));
#10847=DIRECTION('',(-1.,-4.71484343506663E-16,-2.12523875749632E-13));
#10848=DIRECTION('center_axis',(2.11078272852985E-13,-5.47079666113151E-14,
-1.));
#10849=DIRECTION('ref_axis',(-4.71484343495036E-16,1.,-5.47079666113152E-14));
#10850=DIRECTION('',(4.71484343495036E-16,-1.,5.47079666113152E-14));
#10851=DIRECTION('',(-1.,-4.71484343506607E-16,-2.11511760791569E-13));
#10852=DIRECTION('center_axis',(1.,4.71484343506663E-16,2.12523875749632E-13));
#10853=DIRECTION('ref_axis',(-4.71484343495036E-16,1.,-5.47079666113152E-14));
#10854=DIRECTION('',(2.12523875749632E-13,-5.47079666113151E-14,-1.));
#10855=DIRECTION('center_axis',(4.71484343495036E-16,-1.,5.47079666113152E-14));
#10856=DIRECTION('ref_axis',(2.12523875749632E-13,-5.47079666113151E-14,
-1.));
#10857=DIRECTION('center_axis',(4.71484343495036E-16,-1.,5.47079666113152E-14));
#10858=DIRECTION('ref_axis',(0.0500627750600306,-5.4615763006269E-14,-0.998746073110322));
#10859=DIRECTION('',(4.71484343495036E-16,-1.,5.47079666113152E-14));
#10860=DIRECTION('center_axis',(4.71484343495036E-16,-1.,5.47079666113152E-14));
#10861=DIRECTION('ref_axis',(-2.12523875749632E-13,5.47079666113151E-14,
1.));
#10862=DIRECTION('',(4.71484343495036E-16,-1.,5.47079666113152E-14));
#10863=DIRECTION('center_axis',(-1.,-4.71484343506663E-16,-2.12523875749632E-13));
#10864=DIRECTION('ref_axis',(4.71484343495036E-16,-1.,5.47079666113152E-14));
#10865=DIRECTION('',(4.71484343495036E-16,-1.,5.47079666113152E-14));
#10866=DIRECTION('',(-2.12523875749632E-13,5.47079666113151E-14,1.));
#10867=DIRECTION('center_axis',(2.12042008117416E-13,-5.47079666113151E-14,
-1.));
#10868=DIRECTION('ref_axis',(-4.71484343495036E-16,1.,-5.47079666113152E-14));
#10869=DIRECTION('',(-1.,-4.71484343506663E-16,-2.12523875749632E-13));
#10870=DIRECTION('center_axis',(2.12523875749632E-13,-5.47079666113151E-14,
-1.));
#10871=DIRECTION('ref_axis',(-4.71484343495036E-16,1.,-5.47079666113152E-14));
#10872=DIRECTION('',(-1.,-4.71484343506663E-16,-2.12523875749632E-13));
#10873=DIRECTION('center_axis',(2.13933883450948E-13,-5.47079666113151E-14,
-1.));
#10874=DIRECTION('ref_axis',(-4.71484343495036E-16,1.,-5.47079666113152E-14));
#10875=DIRECTION('',(4.71484343495036E-16,-1.,5.47079666113152E-14));
#10876=DIRECTION('',(-1.,-4.71484343506759E-16,-2.14288129781015E-13));
#10877=DIRECTION('center_axis',(-1.,-4.71484343506663E-16,-2.12523875749632E-13));
#10878=DIRECTION('ref_axis',(4.71484343495036E-16,-1.,5.47079666113152E-14));
#10879=DIRECTION('',(-2.12523875749632E-13,5.47079666113151E-14,1.));
#10880=DIRECTION('center_axis',(4.71484343495036E-16,-1.,5.47079666113152E-14));
#10881=DIRECTION('ref_axis',(2.12523875749632E-13,-5.47079666113151E-14,
-1.));
#10882=DIRECTION('center_axis',(0.,1.,-6.55106997348696E-14));
#10883=DIRECTION('ref_axis',(-2.18368999116232E-13,6.55106997348696E-14,
1.));
#10884=DIRECTION('center_axis',(-6.51147833419123E-15,-1.,5.47079666113137E-14));
#10885=DIRECTION('ref_axis',(-2.12523875749632E-13,5.47079666113151E-14,
1.));
#10886=DIRECTION('center_axis',(-1.,-4.71484343506983E-16,-2.1836899911623E-13));
#10887=DIRECTION('ref_axis',(2.1836899911623E-13,-5.45922497790574E-14,
-1.));
#10888=DIRECTION('center_axis',(2.11674065671541E-13,0.0871557427476039,
-0.99619469809175));
#10889=DIRECTION('ref_axis',(1.89923664457933E-14,-0.99619469809175,-0.0871557427476039));
#10890=DIRECTION('center_axis',(-0.996194698091746,0.0871557427476579,-2.16483271703916E-13));
#10891=DIRECTION('ref_axis',(0.0871557427476579,0.996194698091746,-3.93256394945638E-14));
#10892=DIRECTION('center_axis',(2.11674065671541E-13,0.0871557427476039,
-0.99619469809175));
#10893=DIRECTION('ref_axis',(1.98264865346213E-14,-0.99619469809175,-0.0871557427476039));
#10894=DIRECTION('center_axis',(-0.996194698091746,0.0871557427476579,-2.16483271703916E-13));
#10895=DIRECTION('ref_axis',(0.0871557427476579,0.996194698091746,-2.53941600726994E-14));
#10896=DIRECTION('center_axis',(-2.11756250807843E-13,0.0871557427477129,
0.996194698091741));
#10897=DIRECTION('ref_axis',(2.15575972365663E-14,0.996194698091741,-0.0871557427477128));
#10898=DIRECTION('center_axis',(-0.996194698091746,0.0871557427476579,-2.16483271703916E-13));
#10899=DIRECTION('ref_axis',(0.0871557427476579,0.996194698091746,-3.59771100390022E-14));
#10900=DIRECTION('center_axis',(-2.06915791585427E-13,0.0871557427477129,
0.996194698091741));
#10901=DIRECTION('ref_axis',(2.34079714387204E-14,0.996194698091741,-0.0871557427477128));
#10902=DIRECTION('center_axis',(0.996194698091746,0.0871557427476588,2.06947044775469E-13));
#10903=DIRECTION('ref_axis',(0.0871557427476588,-0.996194698091746,7.50218058295686E-14));
#10904=DIRECTION('center_axis',(-2.11756250807843E-13,0.0871557427477129,
0.996194698091741));
#10905=DIRECTION('ref_axis',(1.80529860393472E-14,0.996194698091741,-0.0871557427477128));
#10906=DIRECTION('center_axis',(0.996194698091746,0.0871557427476588,2.06947044775469E-13));
#10907=DIRECTION('ref_axis',(0.0871557427476588,-0.996194698091745,7.30224625241427E-14));
#10908=DIRECTION('center_axis',(2.11674065671541E-13,0.0871557427476039,
-0.99619469809175));
#10909=DIRECTION('ref_axis',(2.78340393873707E-14,-0.99619469809175,-0.0871557427476039));
#10910=DIRECTION('center_axis',(0.996194698091746,0.0871557427476588,2.06947044775469E-13));
#10911=DIRECTION('ref_axis',(0.0871557427476588,-0.996194698091746,7.3688910292618E-14));
#10912=DIRECTION('center_axis',(2.11674065671541E-13,0.0871557427476039,
-0.99619469809175));
#10913=DIRECTION('ref_axis',(1.89923664457933E-14,-0.99619469809175,-0.0871557427476039));
#10914=DIRECTION('center_axis',(6.51147833419123E-15,1.,-5.47079666113137E-14));
#10915=DIRECTION('ref_axis',(-2.12523875749632E-13,5.47079666113151E-14,
1.));
#10916=DIRECTION('center_axis',(2.11674065671541E-13,0.0871557427476039,
-0.99619469809175));
#10917=DIRECTION('ref_axis',(-1.89923664457933E-14,0.99619469809175,0.0871557427476039));
#10918=DIRECTION('',(-0.0868265938642671,0.992432509138972,0.0868265938641742));
#10919=DIRECTION('',(1.,4.71484343506663E-16,2.12523875749632E-13));
#10920=DIRECTION('',(0.0868265938642287,0.992432509138972,0.0868265938642118));
#10921=DIRECTION('center_axis',(-0.996194698091746,0.0871557427476579,-2.16483271703916E-13));
#10922=DIRECTION('ref_axis',(-0.0871557427476579,-0.996194698091746,3.59771100390022E-14));
#10923=DIRECTION('',(2.12523875749632E-13,-5.47079666113151E-14,-1.));
#10924=DIRECTION('',(0.086826593864229,0.992432509138972,0.0868265938642115));
#10925=DIRECTION('center_axis',(2.11674065671541E-13,0.0871557427476039,
-0.99619469809175));
#10926=DIRECTION('ref_axis',(-1.89923664457933E-14,0.99619469809175,0.0871557427476039));
#10927=DIRECTION('',(1.,4.71484343506663E-16,2.12523875749632E-13));
#10928=DIRECTION('',(0.0868265938642289,0.992432509138972,0.0868265938642126));
#10929=DIRECTION('center_axis',(-0.996194698091746,0.0871557427476579,-2.16483271703916E-13));
#10930=DIRECTION('ref_axis',(-0.0871557427476579,-0.996194698091746,3.59771100390022E-14));
#10931=DIRECTION('',(2.12523875749632E-13,-5.47079666113151E-14,-1.));
#10932=DIRECTION('',(0.0868265938642659,0.992432509138962,-0.0868265938642844));
#10933=DIRECTION('center_axis',(-2.11756250807843E-13,0.0871557427477129,
0.996194698091741));
#10934=DIRECTION('ref_axis',(-1.80529860393472E-14,-0.996194698091741,0.0871557427477129));
#10935=DIRECTION('',(-1.,-4.71484343506663E-16,-2.12523875749632E-13));
#10936=DIRECTION('',(0.0868265938642661,0.992432509138962,-0.0868265938642832));
#10937=DIRECTION('center_axis',(-0.996194698091746,0.0871557427476579,-2.16483271703916E-13));
#10938=DIRECTION('ref_axis',(-0.0871557427476579,-0.996194698091746,3.59771100390022E-14));
#10939=DIRECTION('',(2.12523875749632E-13,-5.47079666113151E-14,-1.));
#10940=DIRECTION('',(0.086826593864266,0.992432509138962,-0.0868265938642838));
#10941=DIRECTION('center_axis',(-2.06915791585427E-13,0.0871557427477129,
0.996194698091741));
#10942=DIRECTION('ref_axis',(-1.80529860393472E-14,-0.996194698091741,0.0871557427477129));
#10943=DIRECTION('',(-1.,-4.71484343506663E-16,-2.12523875749632E-13));
#10944=DIRECTION('',(-0.0868265938642295,0.992432509138962,-0.0868265938643196));
#10945=DIRECTION('center_axis',(0.996194698091746,0.0871557427476588,2.06947044775469E-13));
#10946=DIRECTION('ref_axis',(-0.0871557427476588,0.996194698091745,-7.30224625241427E-14));
#10947=DIRECTION('',(-2.12523875749632E-13,5.47079666113151E-14,1.));
#10948=DIRECTION('',(-0.0868265938642296,0.992432509138962,-0.0868265938643208));
#10949=DIRECTION('center_axis',(-2.11756250807843E-13,0.0871557427477129,
0.996194698091741));
#10950=DIRECTION('ref_axis',(-1.80529860393472E-14,-0.996194698091741,0.0871557427477129));
#10951=DIRECTION('',(-1.,-4.71484343506663E-16,-2.12523875749632E-13));
#10952=DIRECTION('',(-0.08682659386423,0.992432509138962,-0.0868265938643205));
#10953=DIRECTION('center_axis',(0.996194698091746,0.0871557427476588,2.06947044775469E-13));
#10954=DIRECTION('ref_axis',(-0.0871557427476588,0.996194698091745,-7.30224625241427E-14));
#10955=DIRECTION('',(-2.12523875749632E-13,5.47079666113151E-14,1.));
#10956=DIRECTION('',(-0.0868265938642669,0.992432509138972,0.0868265938641751));
#10957=DIRECTION('center_axis',(2.11674065671541E-13,0.0871557427476039,
-0.99619469809175));
#10958=DIRECTION('ref_axis',(-1.89923664457933E-14,0.99619469809175,0.0871557427476039));
#10959=DIRECTION('',(1.,4.71484343506663E-16,2.12523875749632E-13));
#10960=DIRECTION('',(-0.0868265938642667,0.992432509138972,0.0868265938641756));
#10961=DIRECTION('center_axis',(0.996194698091746,0.0871557427476588,2.06947044775469E-13));
#10962=DIRECTION('ref_axis',(-0.0871557427476588,0.996194698091745,-7.30224625241427E-14));
#10963=DIRECTION('',(-2.12523875749632E-13,5.47079666113151E-14,1.));
#10964=DIRECTION('center_axis',(4.71484343495036E-16,-1.,5.47079666113152E-14));
#10965=DIRECTION('ref_axis',(2.12523875749632E-13,-5.47079666113151E-14,
-1.));
#10966=DIRECTION('center_axis',(0.,1.,-6.55106997348696E-14));
#10967=DIRECTION('ref_axis',(-2.18368999116232E-13,6.55106997348696E-14,
1.));
#10968=DIRECTION('center_axis',(6.51147833419123E-15,1.,-5.47079666113137E-14));
#10969=DIRECTION('ref_axis',(-2.12523875749632E-13,5.47079666113151E-14,
1.));
#10970=DIRECTION('center_axis',(-1.,-4.71484343506983E-16,-2.1836899911623E-13));
#10971=DIRECTION('ref_axis',(2.1836899911623E-13,-5.45922497790574E-14,
-1.));
#10972=DIRECTION('center_axis',(2.16514524893957E-13,0.0871557427476039,
-0.99619469809175));
#10973=DIRECTION('ref_axis',(1.89923664457933E-14,-0.99619469809175,-0.0871557427476039));
#10974=DIRECTION('center_axis',(-0.996194698091746,0.0871557427476579,-2.16483271703916E-13));
#10975=DIRECTION('ref_axis',(0.0871557427476579,0.996194698091746,-3.26285805834407E-14));
#10976=DIRECTION('center_axis',(2.11674065671541E-13,0.0871557427476039,
-0.99619469809175));
#10977=DIRECTION('ref_axis',(1.89923664457933E-14,-0.99619469809175,-0.0871557427476039));
#10978=DIRECTION('center_axis',(-0.996194698091746,0.0871557427476579,-2.16483271703916E-13));
#10979=DIRECTION('ref_axis',(0.0871557427476579,0.996194698091746,-3.59771100390022E-14));
#10980=DIRECTION('center_axis',(-2.11756250807843E-13,0.0871557427477129,
0.996194698091741));
#10981=DIRECTION('ref_axis',(1.80529860393472E-14,0.996194698091741,-0.0871557427477129));
#10982=DIRECTION('center_axis',(-0.996194698091746,0.0871557427476579,-2.16483271703916E-13));
#10983=DIRECTION('ref_axis',(0.0871557427476579,0.996194698091746,-1.99041686523069E-14));
#10984=DIRECTION('center_axis',(-2.11756250807843E-13,0.0871557427477129,
0.996194698091741));
#10985=DIRECTION('ref_axis',(1.80529860393472E-14,0.996194698091741,-0.0871557427477128));
#10986=DIRECTION('center_axis',(0.996194698091746,0.0871557427476588,2.06947044775469E-13));
#10987=DIRECTION('ref_axis',(0.0871557427476588,-0.996194698091746,6.56915370709146E-14));
#10988=DIRECTION('center_axis',(-2.11756250807843E-13,0.0871557427477129,
0.996194698091741));
#10989=DIRECTION('ref_axis',(2.15562904124251E-14,0.996194698091741,-0.0871557427477129));
#10990=DIRECTION('center_axis',(0.996194698091746,0.0871557427476588,2.06947044775469E-13));
#10991=DIRECTION('ref_axis',(0.0871557427476588,-0.996194698091745,7.30224625241427E-14));
#10992=DIRECTION('center_axis',(2.11674065671541E-13,0.0871557427476039,
-0.99619469809175));
#10993=DIRECTION('ref_axis',(1.63221864860073E-14,-0.99619469809175,-0.0871557427476039));
#10994=DIRECTION('center_axis',(0.996194698091746,0.0871557427476588,2.06947044775469E-13));
#10995=DIRECTION('ref_axis',(0.0871557427476588,-0.996194698091746,7.30224625241427E-14));
#10996=DIRECTION('center_axis',(2.16514524893957E-13,0.0871557427476039,
-0.99619469809175));
#10997=DIRECTION('ref_axis',(1.89923664457933E-14,-0.99619469809175,-0.0871557427476039));
#10998=DIRECTION('center_axis',(6.51147833419123E-15,1.,-5.47079666113137E-14));
#10999=DIRECTION('ref_axis',(-2.12523875749632E-13,5.47079666113151E-14,
1.));
#11000=DIRECTION('center_axis',(-2.11756250807843E-13,0.0871557427477129,
0.996194698091741));
#11001=DIRECTION('ref_axis',(-1.80529860393472E-14,-0.996194698091741,0.0871557427477129));
#11002=DIRECTION('',(0.0868265938642659,0.992432509138962,-0.0868265938642834));
#11003=DIRECTION('',(1.,4.71484343506663E-16,2.12523875749632E-13));
#11004=DIRECTION('',(-0.0868265938642295,0.992432509138962,-0.0868265938643208));
#11005=DIRECTION('center_axis',(0.996194698091746,0.0871557427476588,2.06947044775469E-13));
#11006=DIRECTION('ref_axis',(-0.0871557427476588,0.996194698091745,-7.30224625241427E-14));
#11007=DIRECTION('',(2.12523875749632E-13,-5.47079666113151E-14,-1.));
#11008=DIRECTION('',(-0.0868265938642298,0.992432509138962,-0.0868265938643211));
#11009=DIRECTION('center_axis',(-2.11756250807843E-13,0.0871557427477129,
0.996194698091741));
#11010=DIRECTION('ref_axis',(-1.80529860393472E-14,-0.996194698091741,0.0871557427477129));
#11011=DIRECTION('',(1.,4.71484343506663E-16,2.12523875749632E-13));
#11012=DIRECTION('',(-0.0868265938642303,0.992432509138962,-0.0868265938643206));
#11013=DIRECTION('center_axis',(0.996194698091746,0.0871557427476588,2.06947044775469E-13));
#11014=DIRECTION('ref_axis',(-0.0871557427476588,0.996194698091745,-7.30224625241427E-14));
#11015=DIRECTION('',(2.12523875749632E-13,-5.47079666113151E-14,-1.));
#11016=DIRECTION('',(-0.0868265938642669,0.992432509138972,0.0868265938641749));
#11017=DIRECTION('center_axis',(2.11674065671541E-13,0.0871557427476039,
-0.99619469809175));
#11018=DIRECTION('ref_axis',(-1.89923664457933E-14,0.99619469809175,0.0871557427476039));
#11019=DIRECTION('',(-1.,-4.71484343506663E-16,-2.12523875749632E-13));
#11020=DIRECTION('',(-0.086826593864267,0.992432509138972,0.0868265938641753));
#11021=DIRECTION('center_axis',(0.996194698091746,0.0871557427476588,2.06947044775469E-13));
#11022=DIRECTION('ref_axis',(-0.0871557427476588,0.996194698091745,-7.30224625241427E-14));
#11023=DIRECTION('',(2.12523875749632E-13,-5.47079666113151E-14,-1.));
#11024=DIRECTION('',(-0.0868265938642669,0.992432509138972,0.0868265938641753));
#11025=DIRECTION('center_axis',(2.16514524893957E-13,0.0871557427476039,
-0.99619469809175));
#11026=DIRECTION('ref_axis',(-1.89923664457933E-14,0.99619469809175,0.0871557427476039));
#11027=DIRECTION('',(-1.,-4.71484343507003E-16,-2.18743330457192E-13));
#11028=DIRECTION('',(0.0868265938642291,0.992432509138972,0.0868265938642122));
#11029=DIRECTION('center_axis',(-0.996194698091746,0.0871557427476579,-2.16483271703916E-13));
#11030=DIRECTION('ref_axis',(-0.0871557427476579,-0.996194698091746,3.59771100390022E-14));
#11031=DIRECTION('',(-2.12523875749632E-13,5.47079666113151E-14,1.));
#11032=DIRECTION('',(0.0868265938642289,0.992432509138972,0.0868265938642125));
#11033=DIRECTION('center_axis',(2.11674065671541E-13,0.0871557427476039,
-0.99619469809175));
#11034=DIRECTION('ref_axis',(-1.89923664457933E-14,0.99619469809175,0.0871557427476039));
#11035=DIRECTION('',(-1.,-4.71484343506663E-16,-2.12523875749632E-13));
#11036=DIRECTION('',(0.0868265938642292,0.992432509138972,0.0868265938642128));
#11037=DIRECTION('center_axis',(-0.996194698091746,0.0871557427476579,-2.16483271703916E-13));
#11038=DIRECTION('ref_axis',(-0.0871557427476579,-0.996194698091746,3.59771100390022E-14));
#11039=DIRECTION('',(-2.12523875749632E-13,5.47079666113151E-14,1.));
#11040=DIRECTION('',(0.0868265938642658,0.992432509138962,-0.0868265938642842));
#11041=DIRECTION('center_axis',(-2.11756250807843E-13,0.0871557427477129,
0.996194698091741));
#11042=DIRECTION('ref_axis',(-1.80529860393472E-14,-0.996194698091741,0.0871557427477129));
#11043=DIRECTION('',(1.,4.71484343506663E-16,2.12523875749632E-13));
#11044=DIRECTION('',(0.0868265938642661,0.992432509138962,-0.0868265938642842));
#11045=DIRECTION('center_axis',(-0.996194698091746,0.0871557427476579,-2.16483271703916E-13));
#11046=DIRECTION('ref_axis',(-0.0871557427476579,-0.996194698091746,3.59771100390022E-14));
#11047=DIRECTION('',(-2.12523875749632E-13,5.47079666113151E-14,1.));
#11048=DIRECTION('center_axis',(4.71484343495036E-16,-1.,5.47079666113152E-14));
#11049=DIRECTION('ref_axis',(2.12523875749632E-13,-5.47079666113151E-14,
-1.));
#11050=DIRECTION('',(-3.01654208891037E-15,-2.2708224189927E-13,-1.));
#11051=DIRECTION('',(0.999999999999995,7.1405589774365E-12,-2.16565803080591E-15));
#11052=DIRECTION('',(0.,0.,1.));
#11053=DIRECTION('',(1.,0.,0.));
#11054=DIRECTION('',(-0.999999999999995,-1.46091472252862E-13,5.42292254464201E-14));
#11055=DIRECTION('',(-1.45730649769858E-13,1.,4.61578862906682E-14));
#11056=CARTESIAN_POINT('',(0.,0.,0.));
#11057=CARTESIAN_POINT('',(0.,0.,0.));
#11058=CARTESIAN_POINT('',(0.,0.,0.));
#11059=CARTESIAN_POINT('Origin',(0.,-6.4817553558587E-56,5.5));
#11060=CARTESIAN_POINT('',(1.25,-0.721687836487032,5.39174682452694));
#11061=CARTESIAN_POINT('',(1.25,0.721687836487032,5.39174682452694));
#11062=CARTESIAN_POINT('Ctrl Pts',(1.25,-0.721687836487015,5.39174682452694));
#11063=CARTESIAN_POINT('Ctrl Pts',(1.25,8.32667268468867E-17,5.03090290628344));
#11064=CARTESIAN_POINT('Ctrl Pts',(1.25,0.721687836487015,5.39174682452694));
#11065=CARTESIAN_POINT('',(6.8102065467296E-16,-1.44337567297406,5.39174682452695));
#11066=CARTESIAN_POINT('Ctrl Pts',(1.45515473493596E-14,-1.44337567297406,
5.39174682452694));
#11067=CARTESIAN_POINT('Ctrl Pts',(0.625,-1.08253175473055,5.03090290628344));
#11068=CARTESIAN_POINT('Ctrl Pts',(1.24999999999998,-0.721687836487041,
5.39174682452694));
#11069=CARTESIAN_POINT('',(-1.25,-0.721687836487032,5.39174682452694));
#11070=CARTESIAN_POINT('Ctrl Pts',(-1.24999999999998,-0.721687836487041,
5.39174682452694));
#11071=CARTESIAN_POINT('Ctrl Pts',(-0.625,-1.08253175473055,5.03090290628344));
#11072=CARTESIAN_POINT('Ctrl Pts',(-1.42762478049123E-14,-1.44337567297406,
5.39174682452694));
#11073=CARTESIAN_POINT('',(-1.25,-7.65404249467096E-17,5.19837115155288));
#11074=CARTESIAN_POINT('Ctrl Pts',(-1.25,-0.721687836487015,5.39174682452694));
#11075=CARTESIAN_POINT('Ctrl Pts',(-1.25,-0.334936490538896,5.19837115155288));
#11076=CARTESIAN_POINT('Ctrl Pts',(-1.25,0.,5.19837115155288));
#11077=CARTESIAN_POINT('',(-1.55162884844712,-1.90019730271546E-16,5.5));
#11078=CARTESIAN_POINT('',(-1.55162884844712,-1.90019730271546E-16,5.5));
#11079=CARTESIAN_POINT('Origin',(0.,-6.4817553558587E-56,5.5));
#11080=CARTESIAN_POINT('',(-1.25,0.721687836487032,5.39174682452694));
#11081=CARTESIAN_POINT('Ctrl Pts',(-1.25,0.,5.19837115155288));
#11082=CARTESIAN_POINT('Ctrl Pts',(-1.25,0.334936490538896,5.19837115155288));
#11083=CARTESIAN_POINT('Ctrl Pts',(-1.25,0.721687836487013,5.39174682452694));
#11084=CARTESIAN_POINT('',(-3.84265069311922E-16,1.44337567297406,5.39174682452694));
#11085=CARTESIAN_POINT('Ctrl Pts',(-1.43549048176115E-14,1.44337567297406,
5.39174682452694));
#11086=CARTESIAN_POINT('Ctrl Pts',(-0.624999999999999,1.08253175473055,
5.03090290628344));
#11087=CARTESIAN_POINT('Ctrl Pts',(-1.24999999999998,0.721687836487041,
5.39174682452694));
#11088=CARTESIAN_POINT('Ctrl Pts',(1.24999999999998,0.721687836487041,5.39174682452694));
#11089=CARTESIAN_POINT('Ctrl Pts',(0.625,1.08253175473055,5.03090290628344));
#11090=CARTESIAN_POINT('Ctrl Pts',(1.55347600081001E-14,1.44337567297406,
5.39174682452694));
#11091=CARTESIAN_POINT('Origin',(0.,1.76775146068872E-57,5.35));
#11092=CARTESIAN_POINT('',(-3.36777869765522E-16,-2.75,5.35));
#11093=CARTESIAN_POINT('Origin',(0.,1.76775146068872E-57,5.35));
#11094=CARTESIAN_POINT('',(-3.18408167778312E-16,-2.6,5.5));
#11095=CARTESIAN_POINT('',(-3.36777869765522E-16,-2.75,5.35));
#11096=CARTESIAN_POINT('Origin',(0.,0.,5.5));
#11097=CARTESIAN_POINT('Origin',(0.,1.29635107117174E-55,-5.5));
#11098=CARTESIAN_POINT('',(3.36777869765522E-16,2.75,2.65));
#11099=CARTESIAN_POINT('',(-3.36777869765522E-16,-2.75,2.65));
#11100=CARTESIAN_POINT('Origin',(0.,3.3587277753086E-56,2.65));
#11101=CARTESIAN_POINT('Origin',(0.,3.3587277753086E-56,2.65));
#11102=CARTESIAN_POINT('',(-3.36777869765522E-16,-2.75,-5.5));
#11103=CARTESIAN_POINT('Origin',(0.,3.53550292137747E-56,2.5));
#11104=CARTESIAN_POINT('',(-3.18408167778312E-16,2.6,2.5));
#11105=CARTESIAN_POINT('',(-3.18408167778312E-16,2.6,2.5));
#11106=CARTESIAN_POINT('Origin',(0.,3.53550292137747E-56,2.5));
#11107=CARTESIAN_POINT('Origin',(0.,0.,2.35));
#11108=CARTESIAN_POINT('',(-1.83697019872103E-16,-1.5,2.35));
#11109=CARTESIAN_POINT('Origin',(0.,3.71227806744635E-56,2.35));
#11110=CARTESIAN_POINT('',(-2.02066721859313E-16,-1.65,2.5));
#11111=CARTESIAN_POINT('Origin',(-2.02066721859313E-16,-1.65,2.35));
#11112=CARTESIAN_POINT('Origin',(0.,3.53550292137747E-56,2.5));
#11113=CARTESIAN_POINT('Origin',(0.,1.29635107117174E-55,-5.5));
#11114=CARTESIAN_POINT('',(1.83697019872103E-16,1.5,-5.17524047358083));
#11115=CARTESIAN_POINT('',(-1.83697019872103E-16,-1.5,-5.17524047358083));
#11116=CARTESIAN_POINT('Origin',(0.,1.2580781293584E-55,-5.17524047358083));
#11117=CARTESIAN_POINT('Origin',(0.,1.2580781293584E-55,-5.17524047358083));
#11118=CARTESIAN_POINT('',(-1.83697019872103E-16,-1.5,-5.5));
#11119=CARTESIAN_POINT('Origin',(0.,1.29635107117174E-55,-5.5));
#11120=CARTESIAN_POINT('',(-1.43925448419919E-16,1.17524047358084,-5.5));
#11121=CARTESIAN_POINT('',(-1.43925448419919E-16,1.17524047358084,-5.5));
#11122=CARTESIAN_POINT('Origin',(0.,1.29635107117174E-55,-5.5));
#11123=CARTESIAN_POINT('Origin',(0.,1.17524047358084,-5.5));
#11124=CARTESIAN_POINT('Origin',(0.,2.6,2.5));
#11125=CARTESIAN_POINT('Origin',(0.,1.80552390879881E-112,5.5));
#11126=CARTESIAN_POINT('Origin',(0.,2.6,3.5));
#11127=CARTESIAN_POINT('',(6.50521303491303E-16,-1.44337567297406,3.5));
#11128=CARTESIAN_POINT('',(1.25,-0.721687836487032,3.5));
#11129=CARTESIAN_POINT('',(7.62940761368227E-16,-1.44337567297406,3.5));
#11130=CARTESIAN_POINT('',(1.25,0.721687836487032,3.5));
#11131=CARTESIAN_POINT('',(1.25,-0.721687836487032,3.5));
#11132=CARTESIAN_POINT('',(-2.16840434497101E-16,1.44337567297406,3.5));
#11133=CARTESIAN_POINT('',(1.25,0.721687836487032,3.5));
#11134=CARTESIAN_POINT('',(-1.25,0.721687836487032,3.5));
#11135=CARTESIAN_POINT('',(-3.13480004751408E-16,1.44337567297406,3.5));
#11136=CARTESIAN_POINT('',(-1.25,-0.721687836487033,3.5));
#11137=CARTESIAN_POINT('',(-1.25,0.721687836487032,3.5));
#11138=CARTESIAN_POINT('',(-1.25,-0.721687836487032,3.5));
#11139=CARTESIAN_POINT('Origin',(7.62940761368227E-16,-1.44337567297406,
-1.31881307912987));
#11140=CARTESIAN_POINT('',(7.62940761368227E-16,-1.44337567297406,-1.31881307912987));
#11141=CARTESIAN_POINT('',(1.25,-0.721687836487032,-1.31881307912987));
#11142=CARTESIAN_POINT('Origin',(-1.25,-0.721687836487032,-1.31881307912987));
#11143=CARTESIAN_POINT('',(-1.25,-0.721687836487032,-1.31881307912987));
#11144=CARTESIAN_POINT('Origin',(-1.25,0.721687836487032,-1.31881307912987));
#11145=CARTESIAN_POINT('',(-1.25,0.721687836487032,-1.31881307912987));
#11146=CARTESIAN_POINT('Origin',(-3.13480004751408E-16,1.44337567297406,
-1.31881307912987));
#11147=CARTESIAN_POINT('',(-3.13480004751408E-16,1.44337567297406,-1.31881307912987));
#11148=CARTESIAN_POINT('Origin',(1.25,0.721687836487032,-1.31881307912987));
#11149=CARTESIAN_POINT('',(1.25,0.721687836487032,-1.31881307912987));
#11150=CARTESIAN_POINT('Origin',(1.25,-0.721687836487032,-1.31881307912987));
#11151=CARTESIAN_POINT('Origin',(4.3000000000006,-3.25000000004344,-9.99999999999993));
#11152=CARTESIAN_POINT('',(4.3,-3.24999999999999,-262.5));
#11153=CARTESIAN_POINT('',(4.30000000000069,-3.25000000004704,37.5000000000001));
#11154=CARTESIAN_POINT('',(4.30000000000032,-3.25000000002904,-102.5));
#11155=CARTESIAN_POINT('',(4.5,-3.04999999999999,-262.5));
#11156=CARTESIAN_POINT('',(4.3,-3.24999999999999,-262.5));
#11157=CARTESIAN_POINT('',(4.50000000000069,-3.05000000004704,37.5000000000001));
#11158=CARTESIAN_POINT('',(4.50000000000032,-3.05000000002903,-102.5));
#11159=CARTESIAN_POINT('',(4.30000000000069,-3.25000000004704,37.5000000000001));
#11160=CARTESIAN_POINT('Origin',(-4.2999999999994,-3.25000000004343,-9.99999999999991));
#11161=CARTESIAN_POINT('',(-4.29999999999931,-3.25000000004704,37.5000000000001));
#11162=CARTESIAN_POINT('',(-4.29999999999931,-3.25000000004704,37.5000000000001));
#11163=CARTESIAN_POINT('',(-4.3,-3.24999999999999,-262.5));
#11164=CARTESIAN_POINT('',(-4.29999999999968,-3.25000000002904,-102.5));
#11165=CARTESIAN_POINT('',(-4.3,-3.24999999999999,-262.5));
#11166=CARTESIAN_POINT('',(1.59816407288578E-15,-3.25000000000001,-254.45));
#11167=CARTESIAN_POINT('Origin',(1.83697019871955E-15,-3.25,-252.5));
#11168=CARTESIAN_POINT('',(-7.52131602702997E-14,-3.25000000000745,-214.450000000001));
#11169=CARTESIAN_POINT('Origin',(-7.33489542774435E-14,-3.25000000000744,
-212.5));
#11170=CARTESIAN_POINT('',(1.5981640728859E-15,-3.25000000000001,-234.450000000001));
#11171=CARTESIAN_POINT('Origin',(1.83697019871967E-15,-3.25,-232.5));
#11172=CARTESIAN_POINT('',(6.15717595814198E-13,-3.25000000004344,5.54999999999951));
#11173=CARTESIAN_POINT('Origin',(6.17581801807183E-13,-3.25000000004344,
7.49999999999972));
#11174=CARTESIAN_POINT('',(6.83143594635937E-13,-3.25000000004706,25.5499999999996));
#11175=CARTESIAN_POINT('Origin',(6.85007800628858E-13,-3.25000000004704,
27.4999999999998));
#11176=CARTESIAN_POINT('',(5.99046827946318E-13,-3.25000000004344,-14.4500000000003));
#11177=CARTESIAN_POINT('Origin',(6.00911033939304E-13,-3.25000000004344,
-12.5000000000001));
#11178=CARTESIAN_POINT('',(4.80865598170913E-13,-3.25000000003625,-34.4500000000005));
#11179=CARTESIAN_POINT('Origin',(4.82729804163834E-13,-3.25000000003625,
-32.5000000000003));
#11180=CARTESIAN_POINT('',(4.64194830302969E-13,-3.25000000003624,-54.4500000000003));
#11181=CARTESIAN_POINT('Origin',(4.66059036295954E-13,-3.25000000003624,
-52.5000000000001));
#11182=CARTESIAN_POINT('',(3.46013600527499E-13,-3.25000000002904,-74.4500000000006));
#11183=CARTESIAN_POINT('Origin',(3.47877806520484E-13,-3.25000000002904,
-72.5000000000004));
#11184=CARTESIAN_POINT('',(1.9449083501627E-13,-3.25000000002184,-134.45));
#11185=CARTESIAN_POINT('Origin',(1.96355041009255E-13,-3.25000000002184,
-132.5));
#11186=CARTESIAN_POINT('',(7.63096052408645E-14,-3.25000000001465,-154.450000000001));
#11187=CARTESIAN_POINT('Origin',(7.81738112338499E-14,-3.25000000001465,
-152.5));
#11188=CARTESIAN_POINT('',(-5.85423924025496E-14,-3.25000000000744,-194.450000000001));
#11189=CARTESIAN_POINT('Origin',(-5.66781864095642E-14,-3.25000000000744,
-192.500000000001));
#11190=CARTESIAN_POINT('',(5.96388373729205E-14,-3.25000000001465,-174.450000000001));
#11191=CARTESIAN_POINT('Origin',(6.15030433659059E-14,-3.25000000001464,
-172.5));
#11192=CARTESIAN_POINT('',(2.11161602884214E-13,-3.25000000002184,-114.450000000001));
#11193=CARTESIAN_POINT('Origin',(2.13025808877199E-13,-3.25000000002184,
-112.5));
#11194=CARTESIAN_POINT('',(2.78587601705889E-13,-3.25000000002544,-94.4500000000006));
#11195=CARTESIAN_POINT('Origin',(2.80451807698874E-13,-3.25000000002544,
-92.5000000000004));
#11196=CARTESIAN_POINT('Origin',(-4.4999999999994,-3.05000000004344,-9.99999999999991));
#11197=CARTESIAN_POINT('',(-4.49999999999931,-3.05000000004704,37.5000000000001));
#11198=CARTESIAN_POINT('',(-4.49999999999931,-3.05000000004704,37.5000000000001));
#11199=CARTESIAN_POINT('',(-4.5,-3.04999999999999,-262.5));
#11200=CARTESIAN_POINT('',(-4.49999999999968,-3.05000000002904,-102.5));
#11201=CARTESIAN_POINT('',(-4.5,-3.04999999999999,-262.5));
#11202=CARTESIAN_POINT('Origin',(4.5000000000006,-3.05000000004344,-9.99999999999993));
#11203=CARTESIAN_POINT('',(4.5,0.45501256289339,-262.5));
#11204=CARTESIAN_POINT('',(4.5,-3.04999999999999,-262.5));
#11205=CARTESIAN_POINT('',(4.50000000000069,0.455012562846342,37.5000000000001));
#11206=CARTESIAN_POINT('',(4.50000000000032,0.455012562864345,-102.5));
#11207=CARTESIAN_POINT('',(4.50000000000069,-3.05000000004704,37.5000000000001));
#11208=CARTESIAN_POINT('Origin',(-4.4999999999994,-3.05000000004344,-9.99999999999991));
#11209=CARTESIAN_POINT('',(-4.49999999999931,0.455012562846342,37.5000000000001));
#11210=CARTESIAN_POINT('',(-4.49999999999931,0.455012562846342,37.5000000000001));
#11211=CARTESIAN_POINT('',(-4.5,0.45501256289339,-262.5));
#11212=CARTESIAN_POINT('',(-4.49999999999968,0.455012562864345,-102.5));
#11213=CARTESIAN_POINT('',(-4.5,0.45501256289339,-262.5));
#11214=CARTESIAN_POINT('Origin',(4.6000000000006,1.44999999995655,-9.99999999999991));
#11215=CARTESIAN_POINT('',(3.61773539715614,1.26250000000001,-262.5));
#11216=CARTESIAN_POINT('Origin',(4.6,1.45000000000001,-262.5));
#11217=CARTESIAN_POINT('',(3.61773539715683,1.26249999995296,37.5000000000001));
#11218=CARTESIAN_POINT('',(3.61773539715646,1.26249999997096,-102.5));
#11219=CARTESIAN_POINT('Origin',(4.60000000000069,1.44999999995296,37.5000000000001));
#11220=CARTESIAN_POINT('Origin',(-4.5999999999994,1.44999999995656,-9.99999999999989));
#11221=CARTESIAN_POINT('',(-3.61773539715545,1.26249999995295,37.5000000000001));
#11222=CARTESIAN_POINT('Origin',(-4.59999999999931,1.44999999995296,37.5000000000001));
#11223=CARTESIAN_POINT('',(-3.61773539715614,1.26250000000001,-262.5));
#11224=CARTESIAN_POINT('',(-3.61773539715582,1.26249999997096,-102.5));
#11225=CARTESIAN_POINT('Origin',(-4.6,1.45000000000001,-262.5));
#11226=CARTESIAN_POINT('Origin',(3.61773539715674,1.26249999995657,-9.99999999999991));
#11227=CARTESIAN_POINT('',(3.15008224040183,1.26250000000001,-262.5));
#11228=CARTESIAN_POINT('',(3.61773539715614,1.26250000000001,-262.5));
#11229=CARTESIAN_POINT('',(3.15008224040252,1.26249999995296,37.5000000000001));
#11230=CARTESIAN_POINT('',(3.15008224040215,1.26249999997096,-102.5));
#11231=CARTESIAN_POINT('',(3.61773539715683,1.26249999995296,37.5000000000001));
#11232=CARTESIAN_POINT('Origin',(-3.61773539715554,1.26249999995656,-9.99999999999989));
#11233=CARTESIAN_POINT('',(-3.15008224040114,1.26249999995295,37.5000000000001));
#11234=CARTESIAN_POINT('',(-3.15008224040114,1.26249999995295,37.5000000000001));
#11235=CARTESIAN_POINT('',(-3.15008224040183,1.26250000000001,-262.5));
#11236=CARTESIAN_POINT('',(-3.15008224040151,1.26249999997096,-102.5));
#11237=CARTESIAN_POINT('',(-3.15008224040183,1.26250000000001,-262.5));
#11238=CARTESIAN_POINT('Origin',(3.15008224040243,1.26249999995657,-9.99999999999989));
#11239=CARTESIAN_POINT('',(3.15008224040183,1.76250000000001,-262.5));
#11240=CARTESIAN_POINT('',(3.15008224040183,1.26250000000001,-262.5));
#11241=CARTESIAN_POINT('',(3.15008224040252,1.76249999995296,37.5000000000001));
#11242=CARTESIAN_POINT('',(3.15008224040215,1.76249999997097,-102.5));
#11243=CARTESIAN_POINT('',(3.15008224040252,1.26249999995296,37.5000000000001));
#11244=CARTESIAN_POINT('Origin',(-3.15008224040123,1.26249999995656,-9.99999999999991));
#11245=CARTESIAN_POINT('',(-3.15008224040114,1.76249999995296,37.5000000000001));
#11246=CARTESIAN_POINT('',(-3.15008224040114,1.76249999995296,37.5000000000001));
#11247=CARTESIAN_POINT('',(-3.15008224040183,1.76250000000001,-262.5));
#11248=CARTESIAN_POINT('',(-3.15008224040151,1.76249999997096,-102.5));
#11249=CARTESIAN_POINT('',(-3.15008224040183,1.76250000000001,-262.5));
#11250=CARTESIAN_POINT('Origin',(3.65008224040244,1.76249999995656,-9.99999999999993));
#11251=CARTESIAN_POINT('',(3.65008224040183,1.76250000000001,-262.5));
#11252=CARTESIAN_POINT('',(3.15008224040183,1.76250000000001,-262.5));
#11253=CARTESIAN_POINT('',(3.65008224040252,1.76249999995296,37.5000000000001));
#11254=CARTESIAN_POINT('',(3.65008224040216,1.76249999997097,-102.5));
#11255=CARTESIAN_POINT('',(3.15008224040252,1.76249999995296,37.5000000000001));
#11256=CARTESIAN_POINT('Origin',(-3.65008224040124,1.76249999995655,-9.99999999999989));
#11257=CARTESIAN_POINT('',(-3.65008224040115,1.76249999995296,37.5000000000001));
#11258=CARTESIAN_POINT('',(-3.65008224040115,1.76249999995296,37.5000000000001));
#11259=CARTESIAN_POINT('',(-3.65008224040184,1.76250000000001,-262.5));
#11260=CARTESIAN_POINT('',(-3.65008224040118,1.76249999995296,-2.49999999999986));
#11261=CARTESIAN_POINT('',(-3.65008224040184,1.76250000000001,-262.5));
#11262=CARTESIAN_POINT('Origin',(4.6000000000006,1.44999999995655,-9.99999999999991));
#11263=CARTESIAN_POINT('',(4.5,2.44498743710663,-262.5));
#11264=CARTESIAN_POINT('Origin',(4.6,1.45000000000001,-262.5));
#11265=CARTESIAN_POINT('',(4.50000000000069,2.44498743705957,37.5000000000001));
#11266=CARTESIAN_POINT('',(4.50000000000032,2.44498743707759,-102.5));
#11267=CARTESIAN_POINT('Origin',(4.60000000000069,1.44999999995296,37.5000000000001));
#11268=CARTESIAN_POINT('Origin',(-4.5999999999994,1.44999999995656,-9.99999999999989));
#11269=CARTESIAN_POINT('',(-4.49999999999931,2.44498743705957,37.5000000000001));
#11270=CARTESIAN_POINT('Origin',(-4.59999999999931,1.44999999995296,37.5000000000001));
#11271=CARTESIAN_POINT('',(-4.5,2.44498743710663,-262.5));
#11272=CARTESIAN_POINT('',(-4.5,2.44498743710662,-262.5));
#11273=CARTESIAN_POINT('Origin',(-4.6,1.45000000000001,-262.5));
#11274=CARTESIAN_POINT('Origin',(4.5000000000006,2.44498743706318,-9.99999999999991));
#11275=CARTESIAN_POINT('',(4.5,3.05000000000001,-262.5));
#11276=CARTESIAN_POINT('',(4.5,2.44498743710663,-262.5));
#11277=CARTESIAN_POINT('',(4.50000000000069,3.04999999995296,37.5000000000001));
#11278=CARTESIAN_POINT('',(4.50000000000066,3.04999999995296,-2.49999999999988));
#11279=CARTESIAN_POINT('',(4.50000000000069,2.44498743705957,37.5000000000001));
#11280=CARTESIAN_POINT('Origin',(-4.4999999999994,2.44498743706318,-9.99999999999989));
#11281=CARTESIAN_POINT('',(-4.49999999999931,3.04999999995296,37.5000000000001));
#11282=CARTESIAN_POINT('',(-4.49999999999931,3.04999999995296,37.5000000000001));
#11283=CARTESIAN_POINT('',(-4.5,3.05000000000001,-262.5));
#11284=CARTESIAN_POINT('',(-4.49999999999968,3.04999999997096,-102.5));
#11285=CARTESIAN_POINT('',(-4.5,3.05000000000001,-262.5));
#11286=CARTESIAN_POINT('Origin',(4.3000000000006,3.24999999995656,-9.99999999999991));
#11287=CARTESIAN_POINT('',(4.3,3.25000000000001,-262.5));
#11288=CARTESIAN_POINT('',(4.5,3.05000000000001,-262.5));
#11289=CARTESIAN_POINT('',(4.30000000000069,3.24999999995295,37.5000000000001));
#11290=CARTESIAN_POINT('',(4.30000000000059,3.24999999995656,-22.4999999999999));
#11291=CARTESIAN_POINT('',(4.50000000000069,3.04999999995296,37.5000000000001));
#11292=CARTESIAN_POINT('Origin',(-4.4999999999994,3.04999999995657,-9.99999999999989));
#11293=CARTESIAN_POINT('',(-4.29999999999931,3.24999999995296,37.5000000000001));
#11294=CARTESIAN_POINT('',(-4.29999999999931,3.24999999995296,37.5000000000001));
#11295=CARTESIAN_POINT('',(-4.3,3.25000000000001,-262.5));
#11296=CARTESIAN_POINT('',(-4.29999999999934,3.24999999995296,-2.49999999999988));
#11297=CARTESIAN_POINT('',(-4.3,3.25000000000001,-262.5));
#11298=CARTESIAN_POINT('Origin',(-4.2999999999994,3.24999999995656,-9.99999999999989));
#11299=CARTESIAN_POINT('',(4.3,3.25000000000001,-262.5));
#11300=CARTESIAN_POINT('',(4.30000000000069,3.24999999995295,37.5000000000001));
#11301=CARTESIAN_POINT('',(4.84144195623839E-13,3.24999999996375,-29.3000000000003));
#11302=CARTESIAN_POINT('Origin',(4.81868759740668E-13,3.24999999996376,
-32.5000000000003));
#11303=CARTESIAN_POINT('',(6.02325425399244E-13,3.24999999995655,-9.30000000000005));
#11304=CARTESIAN_POINT('Origin',(6.00049989516073E-13,3.24999999995655,
-12.5000000000001));
#11305=CARTESIAN_POINT('',(6.86422192088798E-13,3.24999999995297,30.6999999999998));
#11306=CARTESIAN_POINT('Origin',(6.84146756205757E-13,3.24999999995295,
27.4999999999998));
#11307=CARTESIAN_POINT('',(6.18996193267123E-13,3.24999999995655,10.6999999999998));
#11308=CARTESIAN_POINT('Origin',(6.16720757384017E-13,3.24999999995656,
7.49999999999975));
#11309=CARTESIAN_POINT('',(4.67473427755895E-13,3.24999999996376,-49.3000000000001));
#11310=CARTESIAN_POINT('Origin',(4.65197991872659E-13,3.24999999996376,
-52.5000000000001));
#11311=CARTESIAN_POINT('',(3.49292197980424E-13,3.24999999997096,-69.3000000000004));
#11312=CARTESIAN_POINT('Origin',(3.47016762097319E-13,3.24999999997096,
-72.5000000000004));
#11313=CARTESIAN_POINT('',(2.1444020033714E-13,3.24999999997816,-109.3));
#11314=CARTESIAN_POINT('Origin',(2.12164764453969E-13,3.24999999997816,
-112.5));
#11315=CARTESIAN_POINT('',(6.29174348258462E-14,3.24999999998536,-169.3));
#11316=CARTESIAN_POINT('Origin',(6.06419989426757E-14,3.24999999998536,
-172.5));
#11317=CARTESIAN_POINT('',(-5.52637949496239E-14,3.24999999999256,-189.3));
#11318=CARTESIAN_POINT('Origin',(-5.75392308326651E-14,3.24999999999256,
-192.500000000001));
#11319=CARTESIAN_POINT('',(7.95882026937256E-14,3.24999999998535,-149.3));
#11320=CARTESIAN_POINT('Origin',(7.73127668106197E-14,3.24999999998536,
-152.5));
#11321=CARTESIAN_POINT('',(1.97769432469196E-13,3.24999999997816,-129.3));
#11322=CARTESIAN_POINT('Origin',(1.95493996585961E-13,3.24999999997816,
-132.5));
#11323=CARTESIAN_POINT('',(2.81866199158814E-13,3.24999999997456,-89.3000000000004));
#11324=CARTESIAN_POINT('Origin',(2.79590763275644E-13,3.24999999997456,
-92.5000000000004));
#11325=CARTESIAN_POINT('',(-7.19345628175032E-14,3.24999999999256,-209.3));
#11326=CARTESIAN_POINT('Origin',(-7.42099987006091E-14,3.24999999999256,
-212.5));
#11327=CARTESIAN_POINT('',(1.44508322299254E-15,3.25,-229.3));
#11328=CARTESIAN_POINT('Origin',(1.83697019871967E-15,3.25,-232.5));
#11329=CARTESIAN_POINT('',(1.44508322299241E-15,3.25,-249.3));
#11330=CARTESIAN_POINT('Origin',(1.83697019871955E-15,3.25,-252.5));
#11331=CARTESIAN_POINT('Origin',(3.47877938988806E-13,-3.25100000002903,
-72.5000000000004));
#11332=CARTESIAN_POINT('',(3.49524318224279E-13,-3.05000000002886,-70.7500000000004));
#11333=CARTESIAN_POINT('',(3.46178307467601E-13,-3.05000000002885,-74.2500000000004));
#11334=CARTESIAN_POINT('Origin',(3.47851312845896E-13,-3.05000000002885,
-72.5000000000004));
#11335=CARTESIAN_POINT('',(3.48724780400623E-13,-0.250000000029038,-70.7500000000004));
#11336=CARTESIAN_POINT('',(3.491223179874E-13,-3.25100000002903,-70.7500000000004));
#11337=CARTESIAN_POINT('Origin',(3.47480401402055E-13,-0.250000000029038,
-72.5000000000004));
#11338=CARTESIAN_POINT('Origin',(3.47851312845896E-13,-3.05000000002885,
-72.5000000000004));
#11339=CARTESIAN_POINT('Origin',(3.47851312845896E-13,-3.05000000002885,
-72.5000000000004));
#11340=CARTESIAN_POINT('',(3.46178307467601E-13,-3.05000000002885,-74.2500000000004));
#11341=CARTESIAN_POINT('Origin',(3.47480401402055E-13,-0.250000000029038,
-72.5000000000004));
#11342=CARTESIAN_POINT('',(3.49613622542502E-13,-0.250000000029038,-69.5000000000004));
#11343=CARTESIAN_POINT('Origin',(3.47480401402055E-13,-0.250000000029038,
-72.5000000000004));
#11344=CARTESIAN_POINT('Origin',(3.47480401402055E-13,-0.250000000029038,
-72.5000000000004));
#11345=CARTESIAN_POINT('',(3.49176476912257E-13,3.04999999997096,-69.5000000000004));
#11346=CARTESIAN_POINT('',(3.49613622542502E-13,-0.250000000029038,-69.5000000000004));
#11347=CARTESIAN_POINT('Origin',(3.47043255771842E-13,3.04999999997096,
-72.5000000000004));
#11348=CARTESIAN_POINT('Origin',(3.47043255771842E-13,3.04999999997096,
-72.5000000000004));
#11349=CARTESIAN_POINT('',(3.49176476912288E-13,3.04999999997096,-69.5000000000004));
#11350=CARTESIAN_POINT('Origin',(2.80451940167261E-13,-3.25100000002544,
-92.5000000000004));
#11351=CARTESIAN_POINT('',(2.82098319402605E-13,-3.05000000002526,-90.7500000000004));
#11352=CARTESIAN_POINT('',(2.78752308645991E-13,-3.05000000002526,-94.2500000000004));
#11353=CARTESIAN_POINT('Origin',(2.80425314024286E-13,-3.05000000002526,
-92.5000000000004));
#11354=CARTESIAN_POINT('',(2.81298781579077E-13,-0.250000000025441,-90.7500000000004));
#11355=CARTESIAN_POINT('',(2.81696319165855E-13,-3.25100000002544,-90.7500000000004));
#11356=CARTESIAN_POINT('Origin',(2.80054402580445E-13,-0.250000000025441,
-92.5000000000004));
#11357=CARTESIAN_POINT('Origin',(2.80425314024286E-13,-3.05000000002526,
-92.5000000000004));
#11358=CARTESIAN_POINT('Origin',(2.80425314024286E-13,-3.05000000002526,
-92.5000000000004));
#11359=CARTESIAN_POINT('',(2.78752308645991E-13,-3.05000000002526,-94.2500000000004));
#11360=CARTESIAN_POINT('Origin',(2.80054402580445E-13,-0.250000000025441,
-92.5000000000004));
#11361=CARTESIAN_POINT('',(2.82187623720892E-13,-0.250000000025441,-89.5000000000004));
#11362=CARTESIAN_POINT('Origin',(2.80054402580445E-13,-0.250000000025441,
-92.5000000000004));
#11363=CARTESIAN_POINT('Origin',(2.80054402580445E-13,-0.250000000025441,
-92.5000000000004));
#11364=CARTESIAN_POINT('',(2.81750478090647E-13,3.04999999997456,-89.5000000000004));
#11365=CARTESIAN_POINT('',(2.82187623720892E-13,-0.250000000025441,-89.5000000000004));
#11366=CARTESIAN_POINT('Origin',(2.79617256950232E-13,3.04999999997456,
-92.5000000000004));
#11367=CARTESIAN_POINT('Origin',(2.79617256950232E-13,3.04999999997456,
-92.5000000000004));
#11368=CARTESIAN_POINT('',(2.81750478090678E-13,3.04999999997456,-89.5000000000004));
#11369=CARTESIAN_POINT('Origin',(6.06684926172635E-14,3.04999999998536,
-172.5));
#11370=CARTESIAN_POINT('',(6.28017137577101E-14,3.04999999998536,-169.5));
#11371=CARTESIAN_POINT('Origin',(6.06684926172635E-14,3.04999999998536,
-172.5));
#11372=CARTESIAN_POINT('',(6.28017137577101E-14,3.04999999998536,-169.5));
#11373=CARTESIAN_POINT('Origin',(7.81739437022367E-14,-3.25100000001465,
-152.5));
#11374=CARTESIAN_POINT('',(7.98203229375804E-14,-3.05000000001446,-150.750000000001));
#11375=CARTESIAN_POINT('',(7.64743121809667E-14,-3.05000000001446,-154.25));
#11376=CARTESIAN_POINT('Origin',(7.81473175592621E-14,-3.05000000001447,
-152.5));
#11377=CARTESIAN_POINT('',(7.90207851140531E-14,-0.250000000014641,-150.75));
#11378=CARTESIAN_POINT('',(7.94183227008305E-14,-3.25100000001465,-150.75));
#11379=CARTESIAN_POINT('Origin',(7.77764061153564E-14,-0.250000000014641,
-152.5));
#11380=CARTESIAN_POINT('Origin',(7.81473175592621E-14,-3.05000000001447,
-152.5));
#11381=CARTESIAN_POINT('Origin',(6.14765496913181E-14,-3.05000000001446,
-172.5));
#11382=CARTESIAN_POINT('',(6.31495550695718E-14,-3.05000000001446,-170.75));
#11383=CARTESIAN_POINT('',(5.98035443130227E-14,-3.05000000001446,-174.25));
#11384=CARTESIAN_POINT('Origin',(6.14765496913181E-14,-3.05000000001446,
-172.5));
#11385=CARTESIAN_POINT('',(5.98035443130227E-14,-3.05000000001446,-174.25));
#11386=CARTESIAN_POINT('Origin',(6.14765496913181E-14,-3.05000000001446,
-172.5));
#11387=CARTESIAN_POINT('Origin',(7.81473175592621E-14,-3.05000000001447,
-152.5));
#11388=CARTESIAN_POINT('',(7.64743121809667E-14,-3.05000000001447,-154.25));
#11389=CARTESIAN_POINT('Origin',(7.77764061153564E-14,-0.250000000014641,
-152.5));
#11390=CARTESIAN_POINT('',(7.9909627255803E-14,-0.250000000014641,-149.5));
#11391=CARTESIAN_POINT('Origin',(7.77764061153564E-14,-0.250000000014641,
-152.5));
#11392=CARTESIAN_POINT('Origin',(6.15031758342281E-14,-3.25100000001464,
-172.5));
#11393=CARTESIAN_POINT('',(6.23500172460446E-14,-0.250000000014632,-170.75));
#11394=CARTESIAN_POINT('',(6.27475548328219E-14,-3.25100000001464,-170.75));
#11395=CARTESIAN_POINT('Origin',(6.11056382474771E-14,-0.250000000014632,
-172.5));
#11396=CARTESIAN_POINT('Origin',(7.77764061153564E-14,-0.250000000014641,
-152.5));
#11397=CARTESIAN_POINT('',(7.94724816255579E-14,3.04999999998536,-149.5));
#11398=CARTESIAN_POINT('',(7.9909627255803E-14,-0.250000000014641,-149.5));
#11399=CARTESIAN_POINT('Origin',(7.73392604851429E-14,3.04999999998536,
-152.5));
#11400=CARTESIAN_POINT('Origin',(6.11056382474771E-14,-0.250000000014632,
-172.5));
#11401=CARTESIAN_POINT('',(6.32388593879237E-14,-0.250000000014632,-169.5));
#11402=CARTESIAN_POINT('Origin',(6.11056382474771E-14,-0.250000000014632,
-172.5));
#11403=CARTESIAN_POINT('Origin',(7.73392604851429E-14,3.04999999998536,
-152.5));
#11404=CARTESIAN_POINT('',(7.94724816255894E-14,3.04999999998536,-149.5));
#11405=CARTESIAN_POINT('Origin',(6.11056382474771E-14,-0.250000000014632,
-172.5));
#11406=CARTESIAN_POINT('',(6.32388593879237E-14,-0.250000000014632,-169.5));
#11407=CARTESIAN_POINT('Origin',(1.95520490260613E-13,3.04999999997816,
-132.5));
#11408=CARTESIAN_POINT('',(1.97653711401059E-13,3.04999999997816,-129.5));
#11409=CARTESIAN_POINT('Origin',(1.95520490260613E-13,3.04999999997816,
-132.5));
#11410=CARTESIAN_POINT('',(1.97653711401059E-13,3.04999999997816,-129.5));
#11411=CARTESIAN_POINT('Origin',(2.13025941345586E-13,-3.25100000002184,
-112.5));
#11412=CARTESIAN_POINT('',(2.1467232058093E-13,-3.05000000002166,-110.75));
#11413=CARTESIAN_POINT('',(2.11326309824316E-13,-3.05000000002166,-114.25));
#11414=CARTESIAN_POINT('Origin',(2.12999315202612E-13,-3.05000000002166,
-112.5));
#11415=CARTESIAN_POINT('',(2.13872782757403E-13,-0.250000000021844,-110.75));
#11416=CARTESIAN_POINT('',(2.1427032034418E-13,-3.25100000002184,-110.75));
#11417=CARTESIAN_POINT('Origin',(2.1262840375877E-13,-0.250000000021844,
-112.5));
#11418=CARTESIAN_POINT('Origin',(2.12999315202612E-13,-3.05000000002166,
-112.5));
#11419=CARTESIAN_POINT('Origin',(1.96328547334668E-13,-3.05000000002166,
-132.5));
#11420=CARTESIAN_POINT('',(1.98001552712986E-13,-3.05000000002166,-130.75));
#11421=CARTESIAN_POINT('',(1.94655541956372E-13,-3.05000000002166,-134.25));
#11422=CARTESIAN_POINT('Origin',(1.96328547334668E-13,-3.05000000002166,
-132.5));
#11423=CARTESIAN_POINT('',(1.94655541956372E-13,-3.05000000002166,-134.25));
#11424=CARTESIAN_POINT('Origin',(1.96328547334668E-13,-3.05000000002166,
-132.5));
#11425=CARTESIAN_POINT('Origin',(2.12999315202612E-13,-3.05000000002166,
-112.5));
#11426=CARTESIAN_POINT('',(2.11326309824316E-13,-3.05000000002166,-114.25));
#11427=CARTESIAN_POINT('Origin',(2.1262840375877E-13,-0.250000000021844,
-112.5));
#11428=CARTESIAN_POINT('',(2.14761624899217E-13,-0.250000000021844,-109.5));
#11429=CARTESIAN_POINT('Origin',(2.1262840375877E-13,-0.250000000021844,
-112.5));
#11430=CARTESIAN_POINT('Origin',(1.96355173477578E-13,-3.25100000002184,
-132.5));
#11431=CARTESIAN_POINT('',(1.97202014889394E-13,-0.250000000021844,-130.75));
#11432=CARTESIAN_POINT('',(1.97599552476171E-13,-3.25100000002184,-130.75));
#11433=CARTESIAN_POINT('Origin',(1.95957635890826E-13,-0.250000000021844,
-132.5));
#11434=CARTESIAN_POINT('Origin',(2.1262840375877E-13,-0.250000000021844,
-112.5));
#11435=CARTESIAN_POINT('',(2.14324479268972E-13,3.04999999997816,-109.5));
#11436=CARTESIAN_POINT('',(2.14761624899217E-13,-0.250000000021844,-109.5));
#11437=CARTESIAN_POINT('Origin',(2.12191258128557E-13,3.04999999997816,
-112.5));
#11438=CARTESIAN_POINT('Origin',(1.95957635890826E-13,-0.250000000021844,
-132.5));
#11439=CARTESIAN_POINT('',(1.98090857031273E-13,-0.250000000021844,-129.5));
#11440=CARTESIAN_POINT('Origin',(1.95957635890826E-13,-0.250000000021844,
-132.5));
#11441=CARTESIAN_POINT('Origin',(2.12191258128557E-13,3.04999999997816,
-112.5));
#11442=CARTESIAN_POINT('',(2.14324479269003E-13,3.04999999997816,-109.5));
#11443=CARTESIAN_POINT('Origin',(1.95957635890826E-13,-0.250000000021844,
-132.5));
#11444=CARTESIAN_POINT('',(1.98090857031273E-13,-0.250000000021844,-129.5));
#11445=CARTESIAN_POINT('Origin',(-7.41835050260859E-14,3.04999999999256,
-212.5));
#11446=CARTESIAN_POINT('',(-7.20502838856393E-14,3.04999999999256,-209.5));
#11447=CARTESIAN_POINT('Origin',(-7.41835050260859E-14,3.04999999999256,
-212.5));
#11448=CARTESIAN_POINT('',(-7.20502838856393E-14,3.04999999999256,-209.5));
#11449=CARTESIAN_POINT('Origin',(-5.66780539411774E-14,-3.25100000000743,
-192.500000000001));
#11450=CARTESIAN_POINT('',(-5.50316747057044E-14,-3.05000000000726,-190.750000000001));
#11451=CARTESIAN_POINT('',(-5.83776854624474E-14,-3.05000000000725,-194.250000000001));
#11452=CARTESIAN_POINT('Origin',(-5.6704680084152E-14,-3.05000000000725,
-192.500000000001));
#11453=CARTESIAN_POINT('',(-5.58312125293609E-14,-0.250000000007438,-190.750000000001));
#11454=CARTESIAN_POINT('',(-5.54336749425835E-14,-3.25100000000743,-190.750000000001));
#11455=CARTESIAN_POINT('Origin',(-5.7075591527993E-14,-0.250000000007438,
-192.500000000001));
#11456=CARTESIAN_POINT('Origin',(-5.6704680084152E-14,-3.05000000000725,
-192.500000000001));
#11457=CARTESIAN_POINT('Origin',(-7.33754479519021E-14,-3.05000000000726,
-212.5));
#11458=CARTESIAN_POINT('',(-7.1702442573713E-14,-3.05000000000726,-210.75));
#11459=CARTESIAN_POINT('',(-7.50484533301975E-14,-3.05000000000726,-214.25));
#11460=CARTESIAN_POINT('Origin',(-7.33754479519021E-14,-3.05000000000726,
-212.5));
#11461=CARTESIAN_POINT('',(-7.50484533301975E-14,-3.05000000000726,-214.25));
#11462=CARTESIAN_POINT('Origin',(-7.33754479519021E-14,-3.05000000000726,
-212.5));
#11463=CARTESIAN_POINT('Origin',(-5.6704680084152E-14,-3.05000000000725,
-192.500000000001));
#11464=CARTESIAN_POINT('',(-5.83776854624474E-14,-3.05000000000725,-194.250000000001));
#11465=CARTESIAN_POINT('Origin',(-5.7075591527993E-14,-0.250000000007438,
-192.500000000001));
#11466=CARTESIAN_POINT('',(-5.49423703875464E-14,-0.250000000007438,-189.500000000001));
#11467=CARTESIAN_POINT('Origin',(-5.7075591527993E-14,-0.250000000007438,
-192.500000000001));
#11468=CARTESIAN_POINT('Origin',(-7.33488218090567E-14,-3.25100000000744,
-212.5));
#11469=CARTESIAN_POINT('',(-7.25019803972403E-14,-0.250000000007438,-210.75));
#11470=CARTESIAN_POINT('',(-7.21044428104629E-14,-3.25100000000744,-210.75));
#11471=CARTESIAN_POINT('Origin',(-7.37463593958077E-14,-0.250000000007438,
-212.5));
#11472=CARTESIAN_POINT('Origin',(-5.7075591527993E-14,-0.250000000007438,
-192.500000000001));
#11473=CARTESIAN_POINT('',(-5.53795160177915E-14,3.04999999999256,-189.500000000001));
#11474=CARTESIAN_POINT('',(-5.49423703875464E-14,-0.250000000007438,-189.500000000001));
#11475=CARTESIAN_POINT('Origin',(-5.75127371582066E-14,3.04999999999256,
-192.500000000001));
#11476=CARTESIAN_POINT('Origin',(-7.37463593958077E-14,-0.250000000007438,
-212.5));
#11477=CARTESIAN_POINT('',(-7.16131382553612E-14,-0.250000000007438,-209.5));
#11478=CARTESIAN_POINT('Origin',(-7.37463593958077E-14,-0.250000000007438,
-212.5));
#11479=CARTESIAN_POINT('Origin',(-5.75127371582066E-14,3.04999999999256,
-192.500000000001));
#11480=CARTESIAN_POINT('',(-5.537951601776E-14,3.04999999999256,-189.5));
#11481=CARTESIAN_POINT('Origin',(-7.37463593958077E-14,-0.250000000007438,
-212.5));
#11482=CARTESIAN_POINT('',(-7.16131382553612E-14,-0.250000000007438,-209.5));
#11483=CARTESIAN_POINT('Origin',(1.83697019871955E-15,3.05,-252.5));
#11484=CARTESIAN_POINT('',(1.46957615897536E-15,3.05,-249.5));
#11485=CARTESIAN_POINT('Origin',(1.83697019871955E-15,3.05,-252.5));
#11486=CARTESIAN_POINT('',(1.46957615897536E-15,3.05,-249.5));
#11487=CARTESIAN_POINT('Origin',(1.83697019871967E-15,-3.251,-232.5));
#11488=CARTESIAN_POINT('',(2.05128338857047E-15,-3.04999999999982,-230.75));
#11489=CARTESIAN_POINT('',(1.62265700886888E-15,-3.04999999999982,-234.25));
#11490=CARTESIAN_POINT('Origin',(1.83697019871967E-15,-3.04999999999982,
-232.5));
#11491=CARTESIAN_POINT('',(1.6226570088689E-15,-0.25,-230.75));
#11492=CARTESIAN_POINT('',(1.6226570088689E-15,-3.251,-230.75));
#11493=CARTESIAN_POINT('Origin',(1.83697019871967E-15,-0.25,-232.5));
#11494=CARTESIAN_POINT('Origin',(1.83697019871967E-15,-3.04999999999982,
-232.5));
#11495=CARTESIAN_POINT('Origin',(1.83697019871955E-15,-3.04999999999982,
-252.5));
#11496=CARTESIAN_POINT('',(2.05128338857035E-15,-3.04999999999982,-250.75));
#11497=CARTESIAN_POINT('',(1.62265700886875E-15,-3.04999999999982,-254.25));
#11498=CARTESIAN_POINT('Origin',(1.83697019871955E-15,-3.04999999999982,
-252.5));
#11499=CARTESIAN_POINT('',(1.62265700886875E-15,-3.04999999999982,-254.25));
#11500=CARTESIAN_POINT('Origin',(1.83697019871955E-15,-3.04999999999982,
-252.5));
#11501=CARTESIAN_POINT('Origin',(1.83697019871967E-15,-3.04999999999982,
-232.5));
#11502=CARTESIAN_POINT('',(1.62265700886888E-15,-3.04999999999982,-234.25));
#11503=CARTESIAN_POINT('Origin',(1.83697019871967E-15,-0.25,-232.5));
#11504=CARTESIAN_POINT('',(1.46957615897549E-15,-0.25,-229.5));
#11505=CARTESIAN_POINT('Origin',(1.83697019871967E-15,-0.25,-232.5));
#11506=CARTESIAN_POINT('Origin',(1.83697019871955E-15,-3.251,-252.5));
#11507=CARTESIAN_POINT('',(1.62265700886877E-15,-0.25,-250.75));
#11508=CARTESIAN_POINT('',(1.62265700886877E-15,-3.251,-250.75));
#11509=CARTESIAN_POINT('Origin',(1.83697019871955E-15,-0.25,-252.5));
#11510=CARTESIAN_POINT('Origin',(1.83697019871967E-15,-0.25,-232.5));
#11511=CARTESIAN_POINT('',(1.46957615897549E-15,3.05,-229.5));
#11512=CARTESIAN_POINT('',(1.46957615897549E-15,-0.25,-229.5));
#11513=CARTESIAN_POINT('Origin',(1.83697019871967E-15,3.05,-232.5));
#11514=CARTESIAN_POINT('Origin',(1.83697019871955E-15,-0.25,-252.5));
#11515=CARTESIAN_POINT('',(1.46957615897536E-15,-0.25,-249.5));
#11516=CARTESIAN_POINT('Origin',(1.83697019871955E-15,-0.25,-252.5));
#11517=CARTESIAN_POINT('Origin',(-4.6,1.45000000000001,-262.5));
#11518=CARTESIAN_POINT('Origin',(1.83697019871967E-15,3.05,-232.5));
#11519=CARTESIAN_POINT('',(1.46957615897549E-15,3.05,-229.5));
#11520=CARTESIAN_POINT('Origin',(1.83697019871955E-15,-0.25,-252.5));
#11521=CARTESIAN_POINT('',(1.46957615897536E-15,-0.25,-249.5));
#11522=CARTESIAN_POINT('Origin',(6.85007933097245E-13,-3.25100000004704,
27.4999999999998));
#11523=CARTESIAN_POINT('',(6.86654312332653E-13,-3.05000000004686,29.2499999999998));
#11524=CARTESIAN_POINT('',(6.83308301576039E-13,-3.05000000004686,25.7499999999998));
#11525=CARTESIAN_POINT('Origin',(6.84981306954335E-13,-3.05000000004686,
27.4999999999998));
#11526=CARTESIAN_POINT('',(6.85854774509061E-13,-0.250000000047041,29.2499999999998));
#11527=CARTESIAN_POINT('',(6.86252312095838E-13,-3.25100000004704,29.2499999999998));
#11528=CARTESIAN_POINT('Origin',(6.84610395510493E-13,-0.250000000047041,
27.4999999999998));
#11529=CARTESIAN_POINT('Origin',(6.84981306954335E-13,-3.05000000004686,
27.4999999999998));
#11530=CARTESIAN_POINT('Origin',(6.84981306954335E-13,-3.05000000004686,
27.4999999999998));
#11531=CARTESIAN_POINT('',(6.83308301576039E-13,-3.05000000004686,25.7499999999998));
#11532=CARTESIAN_POINT('Origin',(6.84610395510493E-13,-0.250000000047041,
27.4999999999998));
#11533=CARTESIAN_POINT('',(6.8674361665094E-13,-0.250000000047041,30.4999999999998));
#11534=CARTESIAN_POINT('Origin',(6.84610395510493E-13,-0.250000000047041,
27.4999999999998));
#11535=CARTESIAN_POINT('Origin',(6.84610395510493E-13,-0.250000000047041,
27.4999999999998));
#11536=CARTESIAN_POINT('',(6.86306471020695E-13,3.04999999995296,30.4999999999998));
#11537=CARTESIAN_POINT('',(6.8674361665094E-13,-0.250000000047041,30.4999999999998));
#11538=CARTESIAN_POINT('Origin',(6.84173249880215E-13,3.04999999995296,
27.4999999999998));
#11539=CARTESIAN_POINT('Origin',(-4.59999999999931,1.44999999995296,37.5000000000001));
#11540=CARTESIAN_POINT('Origin',(6.84173249880215E-13,3.04999999995296,
27.4999999999998));
#11541=CARTESIAN_POINT('',(6.86306471020662E-13,3.04999999995296,30.4999999999998));
#11542=CARTESIAN_POINT('Origin',(4.65224485547312E-13,3.04999999996376,
-52.5000000000001));
#11543=CARTESIAN_POINT('',(4.67357706687758E-13,3.04999999996376,-49.5000000000001));
#11544=CARTESIAN_POINT('Origin',(4.65224485547312E-13,3.04999999996376,
-52.5000000000001));
#11545=CARTESIAN_POINT('',(4.67357706687758E-13,3.04999999996376,-49.5000000000001));
#11546=CARTESIAN_POINT('Origin',(4.8272993663222E-13,-3.25100000003625,
-32.5000000000003));
#11547=CARTESIAN_POINT('',(4.84376315867564E-13,-3.05000000003606,-30.7500000000003));
#11548=CARTESIAN_POINT('',(4.81030305111015E-13,-3.05000000003607,-34.2500000000003));
#11549=CARTESIAN_POINT('Origin',(4.8270331048931E-13,-3.05000000003607,
-32.5000000000003));
#11550=CARTESIAN_POINT('',(4.83576778044037E-13,-0.250000000036241,-30.7500000000003));
#11551=CARTESIAN_POINT('',(4.83974315630814E-13,-3.25100000003625,-30.7500000000003));
#11552=CARTESIAN_POINT('Origin',(4.82332399045405E-13,-0.250000000036241,
-32.5000000000003));
#11553=CARTESIAN_POINT('Origin',(4.8270331048931E-13,-3.05000000003607,
-32.5000000000003));
#11554=CARTESIAN_POINT('Origin',(4.66032542621366E-13,-3.05000000003606,
-52.5000000000001));
#11555=CARTESIAN_POINT('',(4.6770554799962E-13,-3.05000000003607,-50.7500000000001));
#11556=CARTESIAN_POINT('',(4.64359537243071E-13,-3.05000000003606,-54.2500000000001));
#11557=CARTESIAN_POINT('Origin',(4.66032542621366E-13,-3.05000000003606,
-52.5000000000001));
#11558=CARTESIAN_POINT('',(4.64359537243071E-13,-3.05000000003606,-54.2500000000001));
#11559=CARTESIAN_POINT('Origin',(4.66032542621366E-13,-3.05000000003606,
-52.5000000000001));
#11560=CARTESIAN_POINT('Origin',(4.8270331048931E-13,-3.05000000003607,
-32.5000000000003));
#11561=CARTESIAN_POINT('',(4.81030305111015E-13,-3.05000000003607,-34.2500000000003));
#11562=CARTESIAN_POINT('Origin',(4.82332399045405E-13,-0.250000000036241,
-32.5000000000003));
#11563=CARTESIAN_POINT('',(4.84465620185851E-13,-0.250000000036241,-29.5000000000003));
#11564=CARTESIAN_POINT('Origin',(4.82332399045405E-13,-0.250000000036241,
-32.5000000000003));
#11565=CARTESIAN_POINT('Origin',(4.66059168764276E-13,-3.25100000003624,
-52.5000000000001));
#11566=CARTESIAN_POINT('',(4.66906010176093E-13,-0.250000000036241,-50.7500000000001));
#11567=CARTESIAN_POINT('',(4.6730354776287E-13,-3.25100000003624,-50.7500000000001));
#11568=CARTESIAN_POINT('Origin',(4.65661631177525E-13,-0.250000000036241,
-52.5000000000001));
#11569=CARTESIAN_POINT('Origin',(4.82332399045405E-13,-0.250000000036241,
-32.5000000000003));
#11570=CARTESIAN_POINT('',(4.84028474555606E-13,3.04999999996375,-29.5000000000003));
#11571=CARTESIAN_POINT('',(4.84465620185851E-13,-0.250000000036241,-29.5000000000003));
#11572=CARTESIAN_POINT('Origin',(4.81895253415256E-13,3.04999999996375,
-32.5000000000003));
#11573=CARTESIAN_POINT('Origin',(4.65661631177525E-13,-0.250000000036241,
-52.5000000000001));
#11574=CARTESIAN_POINT('',(4.67794852317972E-13,-0.250000000036241,-49.5000000000001));
#11575=CARTESIAN_POINT('Origin',(4.65661631177525E-13,-0.250000000036241,
-52.5000000000001));
#11576=CARTESIAN_POINT('Origin',(4.81895253415256E-13,3.04999999996375,
-32.5000000000003));
#11577=CARTESIAN_POINT('',(4.84028474555702E-13,3.04999999996375,-29.5000000000003));
#11578=CARTESIAN_POINT('Origin',(4.65661631177525E-13,-0.250000000036241,
-52.5000000000001));
#11579=CARTESIAN_POINT('',(4.67794852317972E-13,-0.250000000036241,-49.5000000000001));
#11580=CARTESIAN_POINT('Origin',(6.00076483190661E-13,3.04999999995656,
-12.5000000000001));
#11581=CARTESIAN_POINT('',(6.02209704331108E-13,3.04999999995656,-9.50000000000005));
#11582=CARTESIAN_POINT('Origin',(6.00076483190661E-13,3.04999999995656,
-12.5000000000001));
#11583=CARTESIAN_POINT('',(6.02209704331108E-13,3.04999999995656,-9.50000000000005));
#11584=CARTESIAN_POINT('Origin',(6.1758193427557E-13,-3.25100000004344,
7.49999999999972));
#11585=CARTESIAN_POINT('',(6.19228313510978E-13,-3.05000000004326,9.24999999999969));
#11586=CARTESIAN_POINT('',(6.158823027543E-13,-3.05000000004326,5.74999999999972));
#11587=CARTESIAN_POINT('Origin',(6.17555308132595E-13,-3.05000000004326,
7.49999999999972));
#11588=CARTESIAN_POINT('',(6.18428775687386E-13,-0.250000000043444,9.24999999999972));
#11589=CARTESIAN_POINT('',(6.18826313274164E-13,-3.25100000004344,9.24999999999972));
#11590=CARTESIAN_POINT('Origin',(6.17184396688819E-13,-0.250000000043444,
7.49999999999972));
#11591=CARTESIAN_POINT('Origin',(6.17555308132595E-13,-3.05000000004326,
7.49999999999972));
#11592=CARTESIAN_POINT('Origin',(6.00884540264716E-13,-3.05000000004326,
-12.5000000000001));
#11593=CARTESIAN_POINT('',(6.0255754564297E-13,-3.05000000004326,-10.7500000000001));
#11594=CARTESIAN_POINT('',(5.9921153488642E-13,-3.05000000004326,-14.2500000000001));
#11595=CARTESIAN_POINT('Origin',(6.00884540264716E-13,-3.05000000004326,
-12.5000000000001));
#11596=CARTESIAN_POINT('',(5.9921153488642E-13,-3.05000000004326,-14.2500000000001));
#11597=CARTESIAN_POINT('Origin',(6.00884540264716E-13,-3.05000000004326,
-12.5000000000001));
#11598=CARTESIAN_POINT('Origin',(6.17555308132595E-13,-3.05000000004326,
7.49999999999972));
#11599=CARTESIAN_POINT('',(6.158823027543E-13,-3.05000000004326,5.74999999999972));
#11600=CARTESIAN_POINT('Origin',(6.17184396688819E-13,-0.250000000043444,
7.49999999999972));
#11601=CARTESIAN_POINT('',(6.19317617829265E-13,-0.250000000043444,10.4999999999997));
#11602=CARTESIAN_POINT('Origin',(6.17184396688819E-13,-0.250000000043444,
7.49999999999972));
#11603=CARTESIAN_POINT('Origin',(6.00911166407561E-13,-3.25100000004344,
-12.5000000000001));
#11604=CARTESIAN_POINT('',(6.01758007819378E-13,-0.250000000043444,-10.7500000000001));
#11605=CARTESIAN_POINT('',(6.02155545406155E-13,-3.25100000004344,-10.7500000000001));
#11606=CARTESIAN_POINT('Origin',(6.00513628820875E-13,-0.250000000043444,
-12.5000000000001));
#11607=CARTESIAN_POINT('Origin',(6.17184396688819E-13,-0.250000000043444,
7.49999999999972));
#11608=CARTESIAN_POINT('',(6.1888047219902E-13,3.04999999995656,10.4999999999997));
#11609=CARTESIAN_POINT('',(6.19317617829265E-13,-0.250000000043444,10.4999999999997));
#11610=CARTESIAN_POINT('Origin',(6.16747251058541E-13,3.04999999995656,
7.49999999999975));
#11611=CARTESIAN_POINT('Origin',(6.00513628820875E-13,-0.250000000043444,
-12.5000000000001));
#11612=CARTESIAN_POINT('',(6.02646849961321E-13,-0.250000000043444,-9.50000000000005));
#11613=CARTESIAN_POINT('Origin',(6.00513628820875E-13,-0.250000000043444,
-12.5000000000001));
#11614=CARTESIAN_POINT('Origin',(6.16747251058541E-13,3.04999999995656,
7.49999999999975));
#11615=CARTESIAN_POINT('',(6.18880472198987E-13,3.04999999995656,10.4999999999998));
#11616=CARTESIAN_POINT('Origin',(6.00513628820875E-13,-0.250000000043444,
-12.5000000000001));
#11617=CARTESIAN_POINT('',(6.02646849961321E-13,-0.250000000043444,-9.50000000000005));
#11618=CARTESIAN_POINT('',(1.49496205132882E-11,-2.75000000005032,27.4999999999998));
#11619=CARTESIAN_POINT('',(1.4903509250332E-11,-2.75000000004717,7.49999999999982));
#11620=CARTESIAN_POINT('',(1.4857397987376E-11,-2.75000000004405,-12.5000000000002));
#11621=CARTESIAN_POINT('',(1.48112867244197E-11,-2.75000000004089,-32.5000000000002));
#11622=CARTESIAN_POINT('',(1.47651754614638E-11,-2.75000000003777,-52.5000000000003));
#11623=CARTESIAN_POINT('',(1.47190641985075E-11,-2.75000000003461,-72.5000000000003));
#11624=CARTESIAN_POINT('',(1.46729529355515E-11,-2.75000000003149,-92.5000000000004));
#11625=CARTESIAN_POINT('',(1.46268416725953E-11,-2.75000000002834,-112.5));
#11626=CARTESIAN_POINT('',(1.45807304096393E-11,-2.75000000002522,-132.5));
#11627=CARTESIAN_POINT('',(1.45346191466831E-11,-2.75000000002206,-152.5));
#11628=CARTESIAN_POINT('',(1.44885078837271E-11,-2.75000000001894,-172.5));
#11629=CARTESIAN_POINT('',(1.44423966207711E-11,-2.75000000001582,-192.5));
#11630=CARTESIAN_POINT('',(1.43962853578151E-11,-2.7500000000127,-212.500000000001));
#11631=CARTESIAN_POINT('',(1.43501740948589E-11,-2.75000000000954,-232.500000000001));
#11632=CARTESIAN_POINT('',(1.43040628319029E-11,-2.75000000000642,-252.500000000001));
#11633=CARTESIAN_POINT('',(0.,0.,0.));
#11634=CARTESIAN_POINT('Origin',(-9.,-10.,-200.));
#11635=CARTESIAN_POINT('',(-8.99999999999999,-9.99999999999999,9.99999999999998));
#11636=CARTESIAN_POINT('',(-2.99999999999999,-9.99999999999999,9.99999999999998));
#11637=CARTESIAN_POINT('',(-8.99999999999999,-9.99999999999999,9.99999999999998));
#11638=CARTESIAN_POINT('',(-9.,-10.,-340.));
#11639=CARTESIAN_POINT('',(-9.,-10.,-200.));
#11640=CARTESIAN_POINT('',(-3.,-10.,-340.));
#11641=CARTESIAN_POINT('',(-9.,-10.,-340.));
#11642=CARTESIAN_POINT('',(-3.,-10.,-200.));
#11643=CARTESIAN_POINT('Origin',(-3.,-10.,-200.));
#11644=CARTESIAN_POINT('',(-2.99999999999999,-7.99999999999999,9.99999999999998));
#11645=CARTESIAN_POINT('',(-2.99999999999999,-9.99999999999999,9.99999999999998));
#11646=CARTESIAN_POINT('',(-3.,-8.00000000000004,-340.));
#11647=CARTESIAN_POINT('',(-3.,-9.50000000000004,-340.));
#11648=CARTESIAN_POINT('',(-3.,-8.,-200.));
#11649=CARTESIAN_POINT('Origin',(-9.,-9.,-200.));
#11650=CARTESIAN_POINT('',(-9.99999999999999,-8.99999999999999,9.99999999999998));
#11651=CARTESIAN_POINT('Origin',(-8.99999999999999,-8.99999999999999,9.99999999999998));
#11652=CARTESIAN_POINT('',(-10.,-9.00000000000004,-340.));
#11653=CARTESIAN_POINT('',(-10.,-9.,-200.));
#11654=CARTESIAN_POINT('Origin',(-9.,-9.00000000000004,-340.));
#11655=CARTESIAN_POINT('Origin',(-8.,-3.,-200.));
#11656=CARTESIAN_POINT('',(-7.99999999999999,-2.99999999999999,9.99999999999998));
#11657=CARTESIAN_POINT('',(-9.99999999999999,-2.99999999999999,9.99999999999998));
#11658=CARTESIAN_POINT('',(-7.99999999999999,-2.99999999999999,9.99999999999998));
#11659=CARTESIAN_POINT('',(-8.,-3.00000000000004,-340.));
#11660=CARTESIAN_POINT('',(-8.,-3.,-200.));
#11661=CARTESIAN_POINT('',(-10.,-3.00000000000004,-340.));
#11662=CARTESIAN_POINT('',(-8.5,-3.00000000000004,-340.));
#11663=CARTESIAN_POINT('',(-10.,-3.,-200.));
#11664=CARTESIAN_POINT('Origin',(-10.,-3.,-200.));
#11665=CARTESIAN_POINT('',(-9.99999999999999,-2.99999999999999,9.99999999999998));
#11666=CARTESIAN_POINT('',(-10.,-6.00000000000005,-340.));
#11667=CARTESIAN_POINT('Origin',(-3.,-8.,-200.));
#11668=CARTESIAN_POINT('',(-6.,-7.99999999999999,9.99999999999998));
#11669=CARTESIAN_POINT('',(-2.99999999999999,-7.99999999999999,9.99999999999998));
#11670=CARTESIAN_POINT('',(-6.,-8.00000000000004,-340.));
#11671=CARTESIAN_POINT('',(-6.,-8.00000000000004,-340.));
#11672=CARTESIAN_POINT('',(-6.,-8.,-200.));
#11673=CARTESIAN_POINT('Origin',(-6.,-8.,-200.));
#11674=CARTESIAN_POINT('',(-6.,-7.06066017177981,9.99999999999998));
#11675=CARTESIAN_POINT('',(-6.,-7.99999999999999,9.99999999999998));
#11676=CARTESIAN_POINT('',(-6.,-7.06066017177986,-340.));
#11677=CARTESIAN_POINT('',(-6.,-8.50000000000005,-340.));
#11678=CARTESIAN_POINT('',(-6.,-7.06066017177982,-200.));
#11679=CARTESIAN_POINT('Origin',(-6.,-7.06066017177982,-200.));
#11680=CARTESIAN_POINT('',(-2.93933982822017,-3.99999999999999,9.99999999999998));
#11681=CARTESIAN_POINT('',(-6.,-7.06066017177981,9.99999999999998));
#11682=CARTESIAN_POINT('',(-2.93933982822018,-4.00000000000004,-340.));
#11683=CARTESIAN_POINT('',(-7.23483495705505,-8.29549512883492,-340.));
#11684=CARTESIAN_POINT('',(-2.93933982822018,-4.,-200.));
#11685=CARTESIAN_POINT('Origin',(-2.93933982822018,-4.,-200.));
#11686=CARTESIAN_POINT('',(-0.519615242270659,-3.99999999999999,9.99999999999998));
#11687=CARTESIAN_POINT('',(-2.93933982822017,-3.99999999999999,9.99999999999998));
#11688=CARTESIAN_POINT('',(-0.519615242270666,-4.00000000000004,-340.));
#11689=CARTESIAN_POINT('',(-5.96966991411009,-4.00000000000004,-340.));
#11690=CARTESIAN_POINT('',(-0.519615242270665,-4.,-200.));
#11691=CARTESIAN_POINT('Origin',(-0.519615242270665,-4.,-200.));
#11692=CARTESIAN_POINT('',(3.1875231527693E-15,-3.69999999999999,9.99999999999998));
#11693=CARTESIAN_POINT('',(-0.519615242270659,-3.99999999999999,9.99999999999998));
#11694=CARTESIAN_POINT('',(-3.78390030754395E-15,-3.70000000000005,-340.));
#11695=CARTESIAN_POINT('',(-4.78229128114972,-6.46105715851502,-340.));
#11696=CARTESIAN_POINT('',(-2.71050543121376E-15,-3.7,-200.));
#11697=CARTESIAN_POINT('Origin',(-2.66453525910038E-15,-3.7,-200.));
#11698=CARTESIAN_POINT('',(0.519615242270666,-3.99999999999999,9.99999999999998));
#11699=CARTESIAN_POINT('',(3.23349332488268E-15,-3.69999999999999,9.99999999999998));
#11700=CARTESIAN_POINT('',(0.519615242270659,-4.00000000000004,-340.));
#11701=CARTESIAN_POINT('',(-2.22751633998562,-2.41394284148505,-340.));
#11702=CARTESIAN_POINT('',(0.51961524227066,-4.,-200.));
#11703=CARTESIAN_POINT('Origin',(0.51961524227066,-4.,-200.));
#11704=CARTESIAN_POINT('',(2.93933982822018,-3.99999999999999,9.99999999999998));
#11705=CARTESIAN_POINT('',(0.519615242270666,-3.99999999999999,9.99999999999998));
#11706=CARTESIAN_POINT('',(2.93933982822017,-4.00000000000004,-340.));
#11707=CARTESIAN_POINT('',(-4.24019237886467,-4.00000000000004,-340.));
#11708=CARTESIAN_POINT('',(2.93933982822017,-4.,-200.));
#11709=CARTESIAN_POINT('Origin',(2.93933982822017,-4.,-200.));
#11710=CARTESIAN_POINT('',(6.00000000000001,-7.06066017177982,9.99999999999998));
#11711=CARTESIAN_POINT('',(2.93933982822018,-3.99999999999999,9.99999999999998));
#11712=CARTESIAN_POINT('',(6.,-7.06066017177987,-340.));
#11713=CARTESIAN_POINT('',(1.20450487116513,-2.265165042945,-340.));
#11714=CARTESIAN_POINT('',(6.,-7.06066017177983,-200.));
#11715=CARTESIAN_POINT('Origin',(6.,-7.06066017177983,-200.));
#11716=CARTESIAN_POINT('',(6.00000000000001,-7.99999999999998,9.99999999999998));
#11717=CARTESIAN_POINT('',(6.00000000000001,-7.06066017177982,9.99999999999998));
#11718=CARTESIAN_POINT('',(6.,-8.00000000000004,-340.));
#11719=CARTESIAN_POINT('',(6.,-8.03033008588997,-340.));
#11720=CARTESIAN_POINT('',(6.,-7.99999999999999,-200.));
#11721=CARTESIAN_POINT('Origin',(6.,-7.99999999999999,-200.));
#11722=CARTESIAN_POINT('',(3.00000000000001,-7.99999999999999,9.99999999999998));
#11723=CARTESIAN_POINT('',(6.00000000000001,-7.99999999999998,9.99999999999998));
#11724=CARTESIAN_POINT('',(3.,-8.00000000000004,-340.));
#11725=CARTESIAN_POINT('',(-1.5,-8.00000000000006,-340.));
#11726=CARTESIAN_POINT('',(3.,-8.,-200.));
#11727=CARTESIAN_POINT('Origin',(3.,-8.,-200.));
#11728=CARTESIAN_POINT('',(3.00000000000001,-9.99999999999999,9.99999999999998));
#11729=CARTESIAN_POINT('',(3.00000000000001,-7.99999999999999,9.99999999999998));
#11730=CARTESIAN_POINT('',(3.,-10.,-340.));
#11731=CARTESIAN_POINT('',(3.,-8.50000000000005,-340.));
#11732=CARTESIAN_POINT('',(3.,-10.,-200.));
#11733=CARTESIAN_POINT('Origin',(3.,-10.,-200.));
#11734=CARTESIAN_POINT('',(9.00000000000001,-9.99999999999999,9.99999999999998));
#11735=CARTESIAN_POINT('',(3.00000000000001,-9.99999999999999,9.99999999999998));
#11736=CARTESIAN_POINT('',(9.,-10.,-340.));
#11737=CARTESIAN_POINT('',(-3.,-10.,-340.));
#11738=CARTESIAN_POINT('',(9.,-10.,-200.));
#11739=CARTESIAN_POINT('Origin',(9.,-9.,-200.));
#11740=CARTESIAN_POINT('',(10.,-8.99999999999999,9.99999999999998));
#11741=CARTESIAN_POINT('Origin',(9.00000000000001,-8.99999999999999,9.99999999999998));
#11742=CARTESIAN_POINT('',(10.,-9.00000000000004,-340.));
#11743=CARTESIAN_POINT('Origin',(9.,-9.00000000000004,-340.));
#11744=CARTESIAN_POINT('',(10.,-9.,-200.));
#11745=CARTESIAN_POINT('Origin',(10.,-9.,-200.));
#11746=CARTESIAN_POINT('',(10.,-2.99999999999999,9.99999999999998));
#11747=CARTESIAN_POINT('',(10.,-8.99999999999999,9.99999999999998));
#11748=CARTESIAN_POINT('',(10.,-3.00000000000004,-340.));
#11749=CARTESIAN_POINT('',(10.,-9.00000000000004,-340.));
#11750=CARTESIAN_POINT('',(10.,-3.,-200.));
#11751=CARTESIAN_POINT('Origin',(10.,-3.,-200.));
#11752=CARTESIAN_POINT('',(8.00000000000001,-2.99999999999999,9.99999999999998));
#11753=CARTESIAN_POINT('',(10.,-2.99999999999999,9.99999999999998));
#11754=CARTESIAN_POINT('',(8.,-3.00000000000004,-340.));
#11755=CARTESIAN_POINT('',(0.499999999999999,-3.00000000000004,-340.));
#11756=CARTESIAN_POINT('',(8.,-3.,-200.));
#11757=CARTESIAN_POINT('Origin',(8.,-3.,-200.));
#11758=CARTESIAN_POINT('',(8.00000000000001,-5.99999999999999,9.99999999999998));
#11759=CARTESIAN_POINT('',(8.00000000000001,-2.99999999999999,9.99999999999998));
#11760=CARTESIAN_POINT('',(8.,-6.00000000000005,-340.));
#11761=CARTESIAN_POINT('',(8.,-6.00000000000005,-340.));
#11762=CARTESIAN_POINT('',(8.,-6.,-200.));
#11763=CARTESIAN_POINT('Origin',(8.,-6.,-200.));
#11764=CARTESIAN_POINT('',(7.06066017177983,-5.99999999999999,9.99999999999998));
#11765=CARTESIAN_POINT('',(8.00000000000001,-5.99999999999999,9.99999999999998));
#11766=CARTESIAN_POINT('',(7.06066017177982,-6.00000000000005,-340.));
#11767=CARTESIAN_POINT('',(-0.499999999999998,-6.00000000000004,-340.));
#11768=CARTESIAN_POINT('',(7.06066017177982,-6.,-200.));
#11769=CARTESIAN_POINT('Origin',(7.06066017177982,-6.,-200.));
#11770=CARTESIAN_POINT('',(4.00000000000001,-2.93933982822017,9.99999999999998));
#11771=CARTESIAN_POINT('',(7.06066017177983,-5.99999999999999,9.99999999999998));
#11772=CARTESIAN_POINT('',(4.,-2.93933982822022,-340.));
#11773=CARTESIAN_POINT('',(3.79549512883486,-2.73483495705509,-340.));
#11774=CARTESIAN_POINT('',(4.,-2.93933982822018,-200.));
#11775=CARTESIAN_POINT('Origin',(4.,-2.93933982822018,-200.));
#11776=CARTESIAN_POINT('',(4.00000000000001,-0.519615242270656,9.99999999999998));
#11777=CARTESIAN_POINT('',(4.00000000000001,-2.93933982822017,9.99999999999998));
#11778=CARTESIAN_POINT('',(4.,-0.519615242270709,-340.));
#11779=CARTESIAN_POINT('',(4.,-5.96966991411013,-340.));
#11780=CARTESIAN_POINT('',(4.,-0.519615242270665,-200.));
#11781=CARTESIAN_POINT('Origin',(4.,-0.519615242270665,-200.));
#11782=CARTESIAN_POINT('',(3.70000000000001,5.95443833129047E-15,9.99999999999998));
#11783=CARTESIAN_POINT('',(4.00000000000001,-0.519615242270656,9.99999999999998));
#11784=CARTESIAN_POINT('',(3.7,-4.75379284548031E-14,-340.));
#11785=CARTESIAN_POINT('',(4.21105715851499,-0.885176964119793,-340.));
#11786=CARTESIAN_POINT('',(3.7,-2.92734586571086E-15,-200.));
#11787=CARTESIAN_POINT('Origin',(3.7,-2.88657986402541E-15,-200.));
#11788=CARTESIAN_POINT('',(4.00000000000001,0.519615242270669,9.99999999999998));
#11789=CARTESIAN_POINT('',(3.70000000000001,5.99520433297592E-15,9.99999999999998));
#11790=CARTESIAN_POINT('',(4.,0.519615242270616,-340.));
#11791=CARTESIAN_POINT('',(0.163942841485014,-6.12463065701565,-340.));
#11792=CARTESIAN_POINT('',(4.,0.51961524227066,-200.));
#11793=CARTESIAN_POINT('Origin',(4.,0.51961524227066,-200.));
#11794=CARTESIAN_POINT('',(4.00000000000001,2.93933982822018,9.99999999999998));
#11795=CARTESIAN_POINT('',(4.00000000000001,0.519615242270669,9.99999999999998));
#11796=CARTESIAN_POINT('',(4.,2.93933982822013,-340.));
#11797=CARTESIAN_POINT('',(4.,-4.24019237886471,-340.));
#11798=CARTESIAN_POINT('',(4.,2.93933982822017,-200.));
#11799=CARTESIAN_POINT('Origin',(4.,2.93933982822017,-200.));
#11800=CARTESIAN_POINT('',(7.06066017177984,6.00000000000001,9.99999999999998));
#11801=CARTESIAN_POINT('',(4.00000000000001,2.93933982822018,9.99999999999998));
#11802=CARTESIAN_POINT('',(7.06066017177983,5.99999999999996,-340.));
#11803=CARTESIAN_POINT('',(-2.23483495705505,-3.29549512883492,-340.));
#11804=CARTESIAN_POINT('',(7.06066017177983,6.,-200.));
#11805=CARTESIAN_POINT('Origin',(7.06066017177983,6.,-200.));
#11806=CARTESIAN_POINT('',(8.,6.00000000000001,9.99999999999998));
#11807=CARTESIAN_POINT('',(7.06066017177984,6.00000000000001,9.99999999999998));
#11808=CARTESIAN_POINT('',(7.99999999999999,5.99999999999996,-340.));
#11809=CARTESIAN_POINT('',(-0.969669914110065,5.99999999999998,-340.));
#11810=CARTESIAN_POINT('',(7.99999999999999,6.,-200.));
#11811=CARTESIAN_POINT('Origin',(7.99999999999999,6.,-200.));
#11812=CARTESIAN_POINT('',(8.00000000000001,3.00000000000001,9.99999999999998));
#11813=CARTESIAN_POINT('',(8.,6.00000000000001,9.99999999999998));
#11814=CARTESIAN_POINT('',(8.,2.99999999999996,-340.));
#11815=CARTESIAN_POINT('',(8.00000000000001,-1.50000000000002,-340.));
#11816=CARTESIAN_POINT('',(8.,3.,-200.));
#11817=CARTESIAN_POINT('Origin',(8.,3.,-200.));
#11818=CARTESIAN_POINT('',(10.,3.00000000000001,9.99999999999998));
#11819=CARTESIAN_POINT('',(8.00000000000001,3.00000000000001,9.99999999999998));
#11820=CARTESIAN_POINT('',(10.,2.99999999999996,-340.));
#11821=CARTESIAN_POINT('',(-0.500000000000001,2.99999999999996,-340.));
#11822=CARTESIAN_POINT('',(10.,3.,-200.));
#11823=CARTESIAN_POINT('Origin',(10.,3.,-200.));
#11824=CARTESIAN_POINT('',(10.,9.00000000000001,9.99999999999998));
#11825=CARTESIAN_POINT('',(10.,3.00000000000001,9.99999999999998));
#11826=CARTESIAN_POINT('',(10.,8.99999999999996,-340.));
#11827=CARTESIAN_POINT('',(10.,-3.00000000000004,-340.));
#11828=CARTESIAN_POINT('',(10.,9.,-200.));
#11829=CARTESIAN_POINT('Origin',(9.,9.,-200.));
#11830=CARTESIAN_POINT('',(9.00000000000001,10.,9.99999999999998));
#11831=CARTESIAN_POINT('Origin',(9.00000000000001,9.00000000000001,9.99999999999998));
#11832=CARTESIAN_POINT('',(9.,9.99999999999996,-340.));
#11833=CARTESIAN_POINT('Origin',(9.,8.99999999999996,-340.));
#11834=CARTESIAN_POINT('',(9.,10.,-200.));
#11835=CARTESIAN_POINT('Origin',(9.,10.,-200.));
#11836=CARTESIAN_POINT('',(3.00000000000001,10.,9.99999999999998));
#11837=CARTESIAN_POINT('',(9.00000000000001,10.,9.99999999999998));
#11838=CARTESIAN_POINT('',(3.,9.99999999999996,-340.));
#11839=CARTESIAN_POINT('',(-7.63313054999336E-16,9.99999999999996,-340.));
#11840=CARTESIAN_POINT('',(3.,10.,-200.));
#11841=CARTESIAN_POINT('Origin',(3.,10.,-200.));
#11842=CARTESIAN_POINT('',(3.00000000000001,8.00000000000001,9.99999999999998));
#11843=CARTESIAN_POINT('',(3.00000000000001,10.,9.99999999999998));
#11844=CARTESIAN_POINT('',(3.,7.99999999999996,-340.));
#11845=CARTESIAN_POINT('',(3.,0.499999999999955,-340.));
#11846=CARTESIAN_POINT('',(3.,8.,-200.));
#11847=CARTESIAN_POINT('Origin',(3.,8.,-200.));
#11848=CARTESIAN_POINT('',(6.00000000000001,8.00000000000001,9.99999999999998));
#11849=CARTESIAN_POINT('',(3.00000000000001,8.00000000000001,9.99999999999998));
#11850=CARTESIAN_POINT('',(6.,7.99999999999996,-340.));
#11851=CARTESIAN_POINT('',(-3.,7.99999999999996,-340.));
#11852=CARTESIAN_POINT('',(6.,8.,-200.));
#11853=CARTESIAN_POINT('Origin',(6.,8.,-200.));
#11854=CARTESIAN_POINT('',(6.00000000000001,7.06066017177983,9.99999999999998));
#11855=CARTESIAN_POINT('',(6.00000000000001,8.00000000000001,9.99999999999998));
#11856=CARTESIAN_POINT('',(6.,7.06066017177978,-340.));
#11857=CARTESIAN_POINT('',(5.99999999999998,-0.500000000000065,-340.));
#11858=CARTESIAN_POINT('',(6.,7.06066017177982,-200.));
#11859=CARTESIAN_POINT('Origin',(6.,7.06066017177982,-200.));
#11860=CARTESIAN_POINT('',(2.93933982822019,4.00000000000001,9.99999999999998));
#11861=CARTESIAN_POINT('',(6.00000000000001,7.06066017177983,9.99999999999998));
#11862=CARTESIAN_POINT('',(2.93933982822018,3.99999999999996,-340.));
#11863=CARTESIAN_POINT('',(-1.76516504294495,-0.704504871165186,-340.));
#11864=CARTESIAN_POINT('',(2.93933982822018,4.,-200.));
#11865=CARTESIAN_POINT('Origin',(2.93933982822018,4.,-200.));
#11866=CARTESIAN_POINT('',(0.519615242270671,4.00000000000001,9.99999999999998));
#11867=CARTESIAN_POINT('',(2.93933982822019,4.00000000000001,9.99999999999998));
#11868=CARTESIAN_POINT('',(0.519615242270664,3.99999999999996,-340.));
#11869=CARTESIAN_POINT('',(-3.03033008588991,3.99999999999996,-340.));
#11870=CARTESIAN_POINT('',(0.519615242270665,4.,-200.));
#11871=CARTESIAN_POINT('Origin',(0.519615242270666,4.,-200.));
#11872=CARTESIAN_POINT('',(9.04221488419086E-15,3.70000000000001,9.99999999999998));
#11873=CARTESIAN_POINT('',(0.519615242270672,4.00000000000001,9.99999999999998));
#11874=CARTESIAN_POINT('',(2.47411463204238E-15,3.69999999999996,-340.));
#11875=CARTESIAN_POINT('',(-5.86482303588026,0.313942841484976,-340.));
#11876=CARTESIAN_POINT('',(3.14418630020796E-15,3.7,-200.));
#11877=CARTESIAN_POINT('Origin',(3.10862446895044E-15,3.7,-200.));
#11878=CARTESIAN_POINT('',(-0.519615242270654,4.00000000000001,9.99999999999998));
#11879=CARTESIAN_POINT('',(9.00665305293334E-15,3.70000000000001,9.99999999999998));
#11880=CARTESIAN_POINT('',(-0.519615242270661,3.99999999999996,-340.));
#11881=CARTESIAN_POINT('',(-0.625369342984409,4.06105715851495,-340.));
#11882=CARTESIAN_POINT('',(-0.51961524227066,4.,-200.));
#11883=CARTESIAN_POINT('Origin',(-0.51961524227066,4.,-200.));
#11884=CARTESIAN_POINT('',(-2.93933982822016,4.00000000000001,9.99999999999998));
#11885=CARTESIAN_POINT('',(-0.519615242270654,4.00000000000001,9.99999999999998));
#11886=CARTESIAN_POINT('',(-2.93933982822017,3.99999999999996,-340.));
#11887=CARTESIAN_POINT('',(-4.75980762113533,3.99999999999996,-340.));
#11888=CARTESIAN_POINT('',(-2.93933982822017,4.,-200.));
#11889=CARTESIAN_POINT('Origin',(-2.93933982822017,4.,-200.));
#11890=CARTESIAN_POINT('',(-6.,7.06066017177984,9.99999999999998));
#11891=CARTESIAN_POINT('',(-2.93933982822016,4.00000000000001,9.99999999999998));
#11892=CARTESIAN_POINT('',(-6.,7.06066017177979,-340.));
#11893=CARTESIAN_POINT('',(-1.20450487116513,2.26516504294491,-340.));
#11894=CARTESIAN_POINT('',(-6.,7.06066017177983,-200.));
#11895=CARTESIAN_POINT('Origin',(-6.,7.06066017177983,-200.));
#11896=CARTESIAN_POINT('',(-6.,8.,9.99999999999998));
#11897=CARTESIAN_POINT('',(-6.,7.06066017177984,9.99999999999998));
#11898=CARTESIAN_POINT('',(-6.,7.99999999999995,-340.));
#11899=CARTESIAN_POINT('',(-6.,-0.969669914110129,-340.));
#11900=CARTESIAN_POINT('',(-6.,7.99999999999999,-200.));
#11901=CARTESIAN_POINT('Origin',(-6.,7.99999999999999,-200.));
#11902=CARTESIAN_POINT('',(-2.99999999999999,8.00000000000001,9.99999999999998));
#11903=CARTESIAN_POINT('',(-6.,8.,9.99999999999998));
#11904=CARTESIAN_POINT('',(-3.,7.99999999999996,-340.));
#11905=CARTESIAN_POINT('',(-7.50000000000002,7.99999999999995,-340.));
#11906=CARTESIAN_POINT('',(-3.,8.,-200.));
#11907=CARTESIAN_POINT('Origin',(-3.,8.,-200.));
#11908=CARTESIAN_POINT('',(-2.99999999999999,10.,9.99999999999998));
#11909=CARTESIAN_POINT('',(-2.99999999999999,8.00000000000001,9.99999999999998));
#11910=CARTESIAN_POINT('',(-3.,9.99999999999996,-340.));
#11911=CARTESIAN_POINT('',(-3.,-0.500000000000044,-340.));
#11912=CARTESIAN_POINT('',(-3.,10.,-200.));
#11913=CARTESIAN_POINT('Origin',(-3.,10.,-200.));
#11914=CARTESIAN_POINT('',(-8.99999999999999,10.,9.99999999999998));
#11915=CARTESIAN_POINT('',(-2.99999999999999,10.,9.99999999999998));
#11916=CARTESIAN_POINT('',(-9.,9.99999999999996,-340.));
#11917=CARTESIAN_POINT('',(-6.,9.99999999999996,-340.));
#11918=CARTESIAN_POINT('',(-9.,10.,-200.));
#11919=CARTESIAN_POINT('Origin',(-9.,9.,-200.));
#11920=CARTESIAN_POINT('',(-9.99999999999999,9.00000000000001,9.99999999999998));
#11921=CARTESIAN_POINT('Origin',(-8.99999999999999,9.00000000000001,9.99999999999998));
#11922=CARTESIAN_POINT('',(-10.,8.99999999999996,-340.));
#11923=CARTESIAN_POINT('Origin',(-9.,8.99999999999996,-340.));
#11924=CARTESIAN_POINT('',(-10.,9.,-200.));
#11925=CARTESIAN_POINT('Origin',(-10.,9.,-200.));
#11926=CARTESIAN_POINT('',(-9.99999999999999,3.00000000000001,9.99999999999998));
#11927=CARTESIAN_POINT('',(-9.99999999999999,9.00000000000001,9.99999999999998));
#11928=CARTESIAN_POINT('',(-10.,2.99999999999996,-340.));
#11929=CARTESIAN_POINT('',(-10.,-4.44089209850099E-14,-340.));
#11930=CARTESIAN_POINT('',(-10.,3.,-200.));
#11931=CARTESIAN_POINT('Origin',(-10.,3.,-200.));
#11932=CARTESIAN_POINT('',(-7.99999999999999,3.00000000000001,9.99999999999998));
#11933=CARTESIAN_POINT('',(-9.99999999999999,3.00000000000001,9.99999999999998));
#11934=CARTESIAN_POINT('',(-8.,2.99999999999996,-340.));
#11935=CARTESIAN_POINT('',(-9.5,2.99999999999996,-340.));
#11936=CARTESIAN_POINT('',(-8.,3.,-200.));
#11937=CARTESIAN_POINT('Origin',(-8.,3.,-200.));
#11938=CARTESIAN_POINT('',(-7.99999999999999,6.00000000000001,9.99999999999998));
#11939=CARTESIAN_POINT('',(-7.99999999999999,3.00000000000001,9.99999999999998));
#11940=CARTESIAN_POINT('',(-8.,5.99999999999996,-340.));
#11941=CARTESIAN_POINT('',(-8.,-3.00000000000004,-340.));
#11942=CARTESIAN_POINT('',(-8.,6.,-200.));
#11943=CARTESIAN_POINT('Origin',(-8.,6.,-200.));
#11944=CARTESIAN_POINT('',(-7.06066017177981,6.00000000000001,9.99999999999998));
#11945=CARTESIAN_POINT('',(-7.99999999999999,6.00000000000001,9.99999999999998));
#11946=CARTESIAN_POINT('',(-7.06066017177982,5.99999999999996,-340.));
#11947=CARTESIAN_POINT('',(-8.5,5.99999999999996,-340.));
#11948=CARTESIAN_POINT('',(-7.06066017177982,6.,-200.));
#11949=CARTESIAN_POINT('Origin',(-7.06066017177982,6.,-200.));
#11950=CARTESIAN_POINT('',(-3.99999999999999,2.93933982822019,9.99999999999998));
#11951=CARTESIAN_POINT('',(-7.06066017177981,6.00000000000001,9.99999999999998));
#11952=CARTESIAN_POINT('',(-4.,2.93933982822014,-340.));
#11953=CARTESIAN_POINT('',(-3.79549512883486,2.734834957055,-340.));
#11954=CARTESIAN_POINT('',(-4.,2.93933982822018,-200.));
#11955=CARTESIAN_POINT('Origin',(-4.,2.93933982822018,-200.));
#11956=CARTESIAN_POINT('',(-3.99999999999999,0.519615242270674,9.99999999999998));
#11957=CARTESIAN_POINT('',(-3.99999999999999,2.93933982822019,9.99999999999998));
#11958=CARTESIAN_POINT('',(-4.,0.519615242270621,-340.));
#11959=CARTESIAN_POINT('',(-4.,-3.03033008588995,-340.));
#11960=CARTESIAN_POINT('',(-4.,0.519615242270665,-200.));
#11961=CARTESIAN_POINT('Origin',(-4.,0.519615242270665,-200.));
#11962=CARTESIAN_POINT('',(-3.69999999999999,1.13754491937178E-14,9.99999999999998));
#11963=CARTESIAN_POINT('',(-3.99999999999999,0.519615242270674,9.99999999999998));
#11964=CARTESIAN_POINT('',(-3.7,-4.20518654620264E-14,-340.));
#11965=CARTESIAN_POINT('',(-2.56394284148501,-1.96770871885033,-340.));
#11966=CARTESIAN_POINT('',(-3.7,2.49366499671666E-15,-200.));
#11967=CARTESIAN_POINT('Origin',(-3.7,2.44249065417534E-15,-200.));
#11968=CARTESIAN_POINT('',(-3.99999999999999,-0.519615242270651,9.99999999999998));
#11969=CARTESIAN_POINT('',(-3.69999999999999,1.13242748511765E-14,9.99999999999998));
#11970=CARTESIAN_POINT('',(-4.,-0.519615242270704,-340.));
#11971=CARTESIAN_POINT('',(-6.31105715851499,-4.52248366001442,-340.));
#11972=CARTESIAN_POINT('',(-4.,-0.51961524227066,-200.));
#11973=CARTESIAN_POINT('Origin',(-4.,-0.51961524227066,-200.));
#11974=CARTESIAN_POINT('',(-3.99999999999999,-2.93933982822016,9.99999999999998));
#11975=CARTESIAN_POINT('',(-3.99999999999999,-0.519615242270651,9.99999999999998));
#11976=CARTESIAN_POINT('',(-4.,-2.93933982822022,-340.));
#11977=CARTESIAN_POINT('',(-4.,-4.75980762113537,-340.));
#11978=CARTESIAN_POINT('',(-4.,-2.93933982822017,-200.));
#11979=CARTESIAN_POINT('Origin',(-4.,-2.93933982822017,-200.));
#11980=CARTESIAN_POINT('',(-7.06066017177982,-5.99999999999999,9.99999999999998));
#11981=CARTESIAN_POINT('',(-3.99999999999999,-2.93933982822016,9.99999999999998));
#11982=CARTESIAN_POINT('',(-7.06066017177983,-6.00000000000005,-340.));
#11983=CARTESIAN_POINT('',(-6.76516504294496,-5.70450487116517,-340.));
#11984=CARTESIAN_POINT('',(-7.06066017177983,-6.,-200.));
#11985=CARTESIAN_POINT('Origin',(-7.06066017177983,-6.,-200.));
#11986=CARTESIAN_POINT('',(-7.99999999999998,-5.99999999999999,9.99999999999998));
#11987=CARTESIAN_POINT('',(-7.06066017177982,-5.99999999999999,9.99999999999998));
#11988=CARTESIAN_POINT('',(-7.99999999999999,-6.00000000000005,-340.));
#11989=CARTESIAN_POINT('',(-8.03033008588991,-6.00000000000005,-340.));
#11990=CARTESIAN_POINT('',(-7.99999999999999,-6.,-200.));
#11991=CARTESIAN_POINT('Origin',(-7.99999999999999,-6.,-200.));
#11992=CARTESIAN_POINT('',(-7.99999999999998,-5.99999999999999,9.99999999999998));
#11993=CARTESIAN_POINT('',(-7.99999999999999,-7.50000000000004,-340.));
#11994=CARTESIAN_POINT('Origin',(-8.99999999999999,-8.99999999999999,9.99999999999998));
#11995=CARTESIAN_POINT('',(2.1,2.57175827820944E-16,10.));
#11996=CARTESIAN_POINT('Origin',(5.89802858398298E-15,8.88178419700125E-15,
9.99999999999998));
#11997=CARTESIAN_POINT('Origin',(-9.,-9.00000000000004,-340.));
#11998=CARTESIAN_POINT('',(2.1,-4.4151745157189E-14,-340.));
#11999=CARTESIAN_POINT('Origin',(-7.63313054999337E-16,-4.44089209850099E-14,
-340.));
#12000=CARTESIAN_POINT('Origin',(0.,0.,-200.));
#12001=CARTESIAN_POINT('',(2.1,2.57175827820944E-16,-200.));
#12002=CARTESIAN_POINT('',(0.,0.,0.));
#12003=CARTESIAN_POINT('Origin',(152.168177984385,197.048234427269,-188.456586180644));
#12004=CARTESIAN_POINT('',(152.168177984385,198.548234427269,-188.456586180644));
#12005=CARTESIAN_POINT('Origin',(152.168177984385,197.048234427269,-188.456586180644));
#12006=CARTESIAN_POINT('',(152.468177984385,198.848234427269,-188.456586180644));
#12007=CARTESIAN_POINT('',(152.168177984385,198.548234427269,-188.456586180644));
#12008=CARTESIAN_POINT('Origin',(152.468177984385,197.048234427269,-188.456586180644));
#12009=CARTESIAN_POINT('Origin',(152.168177984381,197.048234427269,-173.456586180644));
#12010=CARTESIAN_POINT('',(152.168177984381,198.548234427269,-173.456586180644));
#12011=CARTESIAN_POINT('Origin',(152.168177984381,197.048234427269,-173.456586180644));
#12012=CARTESIAN_POINT('',(152.468177984381,198.848234427269,-173.456586180644));
#12013=CARTESIAN_POINT('',(152.168177984381,198.548234427269,-173.456586180644));
#12014=CARTESIAN_POINT('Origin',(152.468177984381,197.048234427269,-173.456586180644));
#12015=CARTESIAN_POINT('Origin',(149.468177984385,197.048234427269,-188.456586180644));
#12016=CARTESIAN_POINT('',(148.968177984385,198.548234427269,-188.456586180644));
#12017=CARTESIAN_POINT('Origin',(148.968177984385,197.048234427269,-188.456586180644));
#12018=CARTESIAN_POINT('',(149.468177984385,198.548234427269,-188.456586180644));
#12019=CARTESIAN_POINT('Origin',(149.468177984381,197.048234427269,-173.456586180644));
#12020=CARTESIAN_POINT('',(148.968177984381,198.548234427269,-173.456586180644));
#12021=CARTESIAN_POINT('Origin',(148.968177984381,197.048234427269,-173.456586180644));
#12022=CARTESIAN_POINT('',(149.468177984381,198.548234427269,-173.456586180644));
#12023=CARTESIAN_POINT('Origin',(150.591180891651,219.998234427269,-180.956586180645));
#12024=CARTESIAN_POINT('',(150.591180891651,219.998234427269,-180.312576719015));
#12025=CARTESIAN_POINT('Origin',(150.591180891651,219.998234427269,-180.956586180645));
#12026=CARTESIAN_POINT('',(150.591180891651,190.098234427269,-180.312576719013));
#12027=CARTESIAN_POINT('',(150.591180891651,219.998234427269,-180.312576719015));
#12028=CARTESIAN_POINT('Origin',(150.591180891651,190.098234427269,-180.956586180644));
#12029=CARTESIAN_POINT('Origin',(147.168177984384,224.999234427269,-185.556586180646));
#12030=CARTESIAN_POINT('',(148.163165421491,219.998234427269,-185.456586180646));
#12031=CARTESIAN_POINT('',(146.173190547277,219.998234427269,-185.456586180646));
#12032=CARTESIAN_POINT('Origin',(147.168177984384,219.998234427269,-185.556586180646));
#12033=CARTESIAN_POINT('',(146.173190547277,190.098234427269,-185.456586180645));
#12034=CARTESIAN_POINT('',(146.173190547277,219.998234427269,-185.456586180646));
#12035=CARTESIAN_POINT('',(148.163165421491,190.098234427269,-185.456586180644));
#12036=CARTESIAN_POINT('Origin',(147.168177984384,190.098234427269,-185.556586180644));
#12037=CARTESIAN_POINT('',(148.163165421491,219.998234427269,-185.456586180646));
#12038=CARTESIAN_POINT('Origin',(152.168177984385,213.048234427269,-188.456586180645));
#12039=CARTESIAN_POINT('',(152.168177984385,211.548234427269,-188.456586180645));
#12040=CARTESIAN_POINT('Origin',(152.168177984385,213.048234427269,-188.456586180645));
#12041=CARTESIAN_POINT('',(152.468177984385,211.248234427269,-188.456586180644));
#12042=CARTESIAN_POINT('',(152.168177984385,211.548234427269,-188.456586180645));
#12043=CARTESIAN_POINT('Origin',(152.468177984385,213.048234427269,-188.456586180645));
#12044=CARTESIAN_POINT('Origin',(152.168177984381,213.048234427269,-173.456586180645));
#12045=CARTESIAN_POINT('',(152.168177984381,211.548234427269,-173.456586180645));
#12046=CARTESIAN_POINT('Origin',(152.168177984381,213.048234427269,-173.456586180645));
#12047=CARTESIAN_POINT('',(152.468177984381,211.248234427269,-173.456586180644));
#12048=CARTESIAN_POINT('',(152.168177984381,211.548234427269,-173.456586180645));
#12049=CARTESIAN_POINT('Origin',(152.468177984381,213.048234427269,-173.456586180645));
#12050=CARTESIAN_POINT('Origin',(149.468177984385,213.048234427269,-188.456586180645));
#12051=CARTESIAN_POINT('',(148.968177984385,211.548234427269,-188.456586180645));
#12052=CARTESIAN_POINT('Origin',(148.968177984385,213.048234427269,-188.456586180645));
#12053=CARTESIAN_POINT('',(149.468177984385,211.548234427269,-188.456586180645));
#12054=CARTESIAN_POINT('Origin',(149.468177984381,213.048234427269,-173.456586180645));
#12055=CARTESIAN_POINT('',(148.968177984381,211.548234427269,-173.456586180645));
#12056=CARTESIAN_POINT('Origin',(148.968177984381,213.048234427269,-173.456586180645));
#12057=CARTESIAN_POINT('',(149.468177984381,211.548234427269,-173.456586180645));
#12058=CARTESIAN_POINT('Origin',(148.968177984381,213.048234427269,-173.456586180645));
#12059=CARTESIAN_POINT('Origin',(148.968177984385,213.048234427269,-188.456586180645));
#12060=CARTESIAN_POINT('Origin',(152.468177984381,219.99823442727,-171.256586180645));
#12061=CARTESIAN_POINT('',(152.168177984381,219.99823442727,-170.956586180645));
#12062=CARTESIAN_POINT('',(152.468177984381,219.99823442727,-171.256586180645));
#12063=CARTESIAN_POINT('',(152.168177984381,219.99823442727,-170.956586180645));
#12064=CARTESIAN_POINT('',(152.168177984381,190.09823442727,-170.956586180643));
#12065=CARTESIAN_POINT('',(152.168177984381,190.09823442727,-170.956586180643));
#12066=CARTESIAN_POINT('',(152.468177984381,190.09823442727,-171.256586180643));
#12067=CARTESIAN_POINT('',(152.168177984381,190.09823442727,-170.956586180643));
#12068=CARTESIAN_POINT('',(152.468177984381,219.99823442727,-171.256586180645));
#12069=CARTESIAN_POINT('Origin',(144.768177984381,219.99823442727,-170.956586180647));
#12070=CARTESIAN_POINT('',(144.468177984381,219.99823442727,-171.256586180647));
#12071=CARTESIAN_POINT('',(144.768177984381,219.99823442727,-170.956586180647));
#12072=CARTESIAN_POINT('',(144.468177984381,219.99823442727,-171.256586180647));
#12073=CARTESIAN_POINT('',(144.468177984381,190.09823442727,-171.256586180645));
#12074=CARTESIAN_POINT('',(144.468177984381,190.09823442727,-171.256586180645));
#12075=CARTESIAN_POINT('',(144.768177984381,190.09823442727,-170.956586180645));
#12076=CARTESIAN_POINT('',(144.468177984381,190.09823442727,-171.256586180645));
#12077=CARTESIAN_POINT('',(144.768177984381,219.99823442727,-170.956586180647));
#12078=CARTESIAN_POINT('Origin',(144.468177984385,219.998234427268,-190.656586180647));
#12079=CARTESIAN_POINT('',(144.768177984385,219.998234427268,-190.956586180647));
#12080=CARTESIAN_POINT('',(144.468177984385,219.998234427268,-190.656586180647));
#12081=CARTESIAN_POINT('',(144.768177984385,219.998234427268,-190.956586180647));
#12082=CARTESIAN_POINT('',(144.768177984385,190.098234427268,-190.956586180645));
#12083=CARTESIAN_POINT('',(144.768177984385,190.098234427268,-190.956586180645));
#12084=CARTESIAN_POINT('',(144.468177984385,190.098234427268,-190.656586180645));
#12085=CARTESIAN_POINT('',(144.768177984385,190.098234427268,-190.956586180645));
#12086=CARTESIAN_POINT('',(144.468177984385,219.998234427268,-190.656586180647));
#12087=CARTESIAN_POINT('Origin',(152.168177984385,219.998234427268,-190.956586180645));
#12088=CARTESIAN_POINT('',(152.468177984385,219.998234427268,-190.656586180645));
#12089=CARTESIAN_POINT('',(152.168177984385,219.998234427268,-190.956586180645));
#12090=CARTESIAN_POINT('',(152.468177984385,219.998234427268,-190.656586180645));
#12091=CARTESIAN_POINT('',(152.468177984385,190.098234427268,-190.656586180643));
#12092=CARTESIAN_POINT('',(152.468177984385,190.098234427268,-190.656586180643));
#12093=CARTESIAN_POINT('',(152.168177984385,190.098234427268,-190.956586180643));
#12094=CARTESIAN_POINT('',(152.468177984385,190.098234427268,-190.656586180643));
#12095=CARTESIAN_POINT('',(152.168177984385,219.998234427268,-190.956586180645));
#12096=CARTESIAN_POINT('Origin',(144.768177984384,219.998234427269,-185.456586180647));
#12097=CARTESIAN_POINT('',(144.468177984384,219.998234427269,-185.756586180647));
#12098=CARTESIAN_POINT('',(144.768177984384,219.998234427269,-185.456586180647));
#12099=CARTESIAN_POINT('',(144.468177984384,219.998234427269,-185.756586180647));
#12100=CARTESIAN_POINT('',(144.468177984384,190.098234427269,-185.756586180645));
#12101=CARTESIAN_POINT('',(144.468177984384,190.098234427269,-185.756586180645));
#12102=CARTESIAN_POINT('',(144.768177984384,190.098234427269,-185.456586180645));
#12103=CARTESIAN_POINT('',(144.468177984384,190.098234427269,-185.756586180645));
#12104=CARTESIAN_POINT('',(144.768177984384,219.998234427269,-185.456586180647));
#12105=CARTESIAN_POINT('Origin',(144.468177984382,219.998234427269,-176.156586180647));
#12106=CARTESIAN_POINT('',(144.768177984382,219.998234427269,-176.456586180647));
#12107=CARTESIAN_POINT('',(144.468177984382,219.998234427269,-176.156586180647));
#12108=CARTESIAN_POINT('',(144.768177984382,219.998234427269,-176.456586180647));
#12109=CARTESIAN_POINT('',(144.768177984382,190.098234427269,-176.456586180645));
#12110=CARTESIAN_POINT('',(144.768177984382,190.098234427269,-176.456586180645));
#12111=CARTESIAN_POINT('',(144.468177984382,190.098234427269,-176.156586180645));
#12112=CARTESIAN_POINT('',(144.768177984382,190.098234427269,-176.456586180645));
#12113=CARTESIAN_POINT('',(144.468177984382,219.998234427269,-176.156586180647));
#12114=CARTESIAN_POINT('Origin',(152.468177984384,219.998234427269,-185.756586180645));
#12115=CARTESIAN_POINT('',(152.168177984384,219.998234427269,-185.456586180645));
#12116=CARTESIAN_POINT('',(152.468177984384,219.998234427269,-185.756586180645));
#12117=CARTESIAN_POINT('',(152.168177984384,219.998234427269,-185.456586180645));
#12118=CARTESIAN_POINT('',(152.168177984384,190.098234427269,-185.456586180643));
#12119=CARTESIAN_POINT('',(152.168177984384,219.998234427269,-185.456586180645));
#12120=CARTESIAN_POINT('',(152.468177984384,190.098234427269,-185.756586180643));
#12121=CARTESIAN_POINT('',(152.168177984384,190.098234427269,-185.456586180643));
#12122=CARTESIAN_POINT('',(152.468177984384,219.998234427269,-185.756586180645));
#12123=CARTESIAN_POINT('Origin',(152.168177984382,219.998234427269,-176.456586180645));
#12124=CARTESIAN_POINT('',(152.468177984382,219.998234427269,-176.156586180645));
#12125=CARTESIAN_POINT('',(152.168177984382,219.998234427269,-176.456586180645));
#12126=CARTESIAN_POINT('',(152.468177984382,219.998234427269,-176.156586180645));
#12127=CARTESIAN_POINT('',(152.468177984382,190.098234427269,-176.156586180643));
#12128=CARTESIAN_POINT('',(152.468177984382,190.098234427269,-176.156586180643));
#12129=CARTESIAN_POINT('',(152.168177984382,190.098234427269,-176.456586180643));
#12130=CARTESIAN_POINT('',(152.468177984382,190.098234427269,-176.156586180643));
#12131=CARTESIAN_POINT('',(152.168177984382,219.998234427269,-176.456586180645));
#12132=CARTESIAN_POINT('Origin',(147.168177984382,224.999234427269,-176.356586180646));
#12133=CARTESIAN_POINT('',(148.163165421489,219.998234427269,-176.456586180646));
#12134=CARTESIAN_POINT('',(148.163165421489,190.098234427269,-176.456586180644));
#12135=CARTESIAN_POINT('',(148.163165421489,219.998234427269,-176.456586180646));
#12136=CARTESIAN_POINT('',(146.173190547275,190.098234427269,-176.456586180645));
#12137=CARTESIAN_POINT('Origin',(147.168177984382,190.098234427269,-176.356586180644));
#12138=CARTESIAN_POINT('',(146.173190547275,219.998234427269,-176.456586180646));
#12139=CARTESIAN_POINT('',(146.173190547275,219.998234427269,-176.456586180646));
#12140=CARTESIAN_POINT('Origin',(147.168177984382,219.998234427269,-176.356586180646));
#12141=CARTESIAN_POINT('Origin',(148.968177984383,219.998234427269,-180.956586180646));
#12142=CARTESIAN_POINT('',(148.968177984384,219.998234427269,-185.456586180646));
#12143=CARTESIAN_POINT('',(148.968177984384,190.098234427269,-185.456586180644));
#12144=CARTESIAN_POINT('',(148.968177984384,219.998234427269,-185.456586180646));
#12145=CARTESIAN_POINT('',(148.968177984382,190.098234427269,-176.456586180644));
#12146=CARTESIAN_POINT('',(148.968177984384,190.098234427269,-185.456586180644));
#12147=CARTESIAN_POINT('',(148.968177984382,219.998234427269,-176.456586180646));
#12148=CARTESIAN_POINT('',(148.968177984382,219.998234427269,-176.456586180646));
#12149=CARTESIAN_POINT('',(148.968177984384,219.998234427269,-185.456586180646));
#12150=CARTESIAN_POINT('Origin',(148.468177984384,219.998234427269,-185.456586180646));
#12151=CARTESIAN_POINT('',(148.163165421491,190.098234427269,-185.456586180644));
#12152=CARTESIAN_POINT('',(148.163165421491,219.998234427269,-185.456586180646));
#12153=CARTESIAN_POINT('Origin',(148.468177984384,219.998234427269,-185.456586180646));
#12154=CARTESIAN_POINT('',(144.768177984384,219.998234427269,-185.456586180647));
#12155=CARTESIAN_POINT('',(144.768177984384,190.098234427269,-185.456586180645));
#12156=CARTESIAN_POINT('Origin',(144.468177984383,219.998234427269,-180.956586180647));
#12157=CARTESIAN_POINT('',(144.468177984385,190.098234427268,-190.656586180645));
#12158=CARTESIAN_POINT('',(144.468177984385,219.998234427268,-190.656586180647));
#12159=CARTESIAN_POINT('Origin',(148.468177984385,219.998234427268,-190.956586180646));
#12160=CARTESIAN_POINT('',(144.768177984385,219.998234427268,-190.956586180647));
#12161=CARTESIAN_POINT('',(144.768177984385,190.098234427268,-190.956586180645));
#12162=CARTESIAN_POINT('Origin',(152.468177984383,219.998234427269,-180.956586180645));
#12163=CARTESIAN_POINT('',(152.468177984385,219.998234427268,-190.656586180645));
#12164=CARTESIAN_POINT('',(152.468177984385,190.098234427268,-190.656586180643));
#12165=CARTESIAN_POINT('Origin',(152.168177984383,219.998234427269,-180.956586180645));
#12166=CARTESIAN_POINT('',(152.168177984384,190.098234427269,-185.456586180643));
#12167=CARTESIAN_POINT('',(152.168177984384,219.998234427269,-185.456586180645));
#12168=CARTESIAN_POINT('Origin',(152.468177984383,219.998234427269,-180.956586180645));
#12169=CARTESIAN_POINT('',(152.468177984382,190.098234427269,-176.156586180643));
#12170=CARTESIAN_POINT('',(152.468177984382,219.998234427269,-176.156586180645));
#12171=CARTESIAN_POINT('Origin',(148.468177984381,219.99823442727,-170.956586180646));
#12172=CARTESIAN_POINT('',(144.768177984381,219.99823442727,-170.956586180647));
#12173=CARTESIAN_POINT('',(144.768177984381,190.09823442727,-170.956586180645));
#12174=CARTESIAN_POINT('Origin',(144.468177984383,219.998234427269,-180.956586180647));
#12175=CARTESIAN_POINT('',(144.468177984382,219.998234427269,-176.156586180647));
#12176=CARTESIAN_POINT('',(144.468177984382,190.098234427269,-176.156586180645));
#12177=CARTESIAN_POINT('Origin',(148.468177984382,219.998234427269,-176.456586180646));
#12178=CARTESIAN_POINT('',(144.768177984382,190.098234427269,-176.456586180645));
#12179=CARTESIAN_POINT('',(144.768177984382,219.998234427269,-176.456586180647));
#12180=CARTESIAN_POINT('Origin',(148.468177984382,219.998234427269,-176.456586180646));
#12181=CARTESIAN_POINT('',(148.163165421489,190.098234427269,-176.456586180644));
#12182=CARTESIAN_POINT('',(148.163165421489,219.998234427269,-176.456586180646));
#12183=CARTESIAN_POINT('Origin',(148.468177984383,219.998234427269,-180.956586180646));
#12184=CARTESIAN_POINT('Origin',(148.968177984381,197.048234427269,-173.456586180644));
#12185=CARTESIAN_POINT('Origin',(148.968177984385,197.048234427269,-188.456586180644));
#12186=CARTESIAN_POINT('Origin',(148.468177984383,190.098234427269,-180.956586180644));
#12187=CARTESIAN_POINT('Origin',(150.591180891651,224.098234427269,-180.956586180646));
#12188=CARTESIAN_POINT('',(150.591180891651,224.098234427269,-180.312576719015));
#12189=CARTESIAN_POINT('Origin',(150.591180891651,224.098234427269,-180.956586180646));
#12190=CARTESIAN_POINT('',(150.591180891651,219.998234427269,-180.312576719015));
#12191=CARTESIAN_POINT('',(150.591180891651,224.098234427269,-180.312576719015));
#12192=CARTESIAN_POINT('Origin',(150.591180891651,219.998234427269,-180.956586180645));
#12193=CARTESIAN_POINT('Origin',(147.168177984384,224.098234427269,-185.556586180646));
#12194=CARTESIAN_POINT('',(148.163165421491,224.098234427269,-185.456586180646));
#12195=CARTESIAN_POINT('',(146.173190547277,224.098234427269,-185.456586180646));
#12196=CARTESIAN_POINT('Origin',(147.168177984384,224.098234427269,-185.556586180646));
#12197=CARTESIAN_POINT('',(146.173190547277,219.998234427269,-185.456586180646));
#12198=CARTESIAN_POINT('',(146.173190547277,224.098234427269,-185.456586180646));
#12199=CARTESIAN_POINT('',(148.163165421491,219.998234427269,-185.456586180646));
#12200=CARTESIAN_POINT('Origin',(147.168177984384,219.998234427269,-185.556586180646));
#12201=CARTESIAN_POINT('',(148.163165421491,224.098234427269,-185.456586180646));
#12202=CARTESIAN_POINT('Origin',(147.168177984382,224.098234427269,-176.356586180646));
#12203=CARTESIAN_POINT('',(146.173190547275,219.998234427269,-176.456586180646));
#12204=CARTESIAN_POINT('',(148.163165421489,219.998234427269,-176.456586180646));
#12205=CARTESIAN_POINT('Origin',(147.168177984382,219.998234427269,-176.356586180646));
#12206=CARTESIAN_POINT('',(146.173190547275,224.098234427269,-176.456586180646));
#12207=CARTESIAN_POINT('',(146.173190547275,224.098234427269,-176.456586180646));
#12208=CARTESIAN_POINT('',(148.163165421489,224.098234427269,-176.456586180646));
#12209=CARTESIAN_POINT('Origin',(147.168177984382,224.098234427269,-176.356586180646));
#12210=CARTESIAN_POINT('',(148.163165421489,224.098234427269,-176.456586180646));
#12211=CARTESIAN_POINT('Origin',(148.468177984382,224.098234427269,-176.456586180646));
#12212=CARTESIAN_POINT('',(144.868177984382,219.998234427269,-176.456586180647));
#12213=CARTESIAN_POINT('',(144.868177984382,219.998234427269,-176.456586180647));
#12214=CARTESIAN_POINT('',(144.868177984382,224.098234427269,-176.456586180647));
#12215=CARTESIAN_POINT('',(144.868177984382,219.998234427269,-176.456586180647));
#12216=CARTESIAN_POINT('',(144.868177984382,224.098234427269,-176.456586180647));
#12217=CARTESIAN_POINT('Origin',(144.468177984383,224.098234427269,-180.956586180647));
#12218=CARTESIAN_POINT('',(144.468177984382,224.098234427269,-176.056586180647));
#12219=CARTESIAN_POINT('',(144.468177984381,224.09823442727,-171.356586180647));
#12220=CARTESIAN_POINT('',(144.468177984382,224.098234427269,-176.056586180647));
#12221=CARTESIAN_POINT('',(144.468177984382,219.998234427269,-176.056586180647));
#12222=CARTESIAN_POINT('',(144.468177984382,224.098234427269,-176.056586180647));
#12223=CARTESIAN_POINT('',(144.468177984381,219.998234427269,-171.356586180647));
#12224=CARTESIAN_POINT('',(144.468177984382,219.998234427269,-176.056586180647));
#12225=CARTESIAN_POINT('',(144.468177984381,219.998234427269,-171.356586180647));
#12226=CARTESIAN_POINT('Origin',(148.468177984381,224.09823442727,-170.956586180646));
#12227=CARTESIAN_POINT('',(144.868177984381,224.09823442727,-170.956586180647));
#12228=CARTESIAN_POINT('',(151.168177984381,224.09823442727,-170.956586180645));
#12229=CARTESIAN_POINT('',(144.868177984381,224.09823442727,-170.956586180647));
#12230=CARTESIAN_POINT('',(144.868177984381,219.99823442727,-170.956586180647));
#12231=CARTESIAN_POINT('',(144.868177984381,224.09823442727,-170.956586180647));
#12232=CARTESIAN_POINT('',(151.168177984381,219.99823442727,-170.956586180645));
#12233=CARTESIAN_POINT('',(144.868177984381,219.99823442727,-170.956586180647));
#12234=CARTESIAN_POINT('',(151.168177984381,219.99823442727,-170.956586180645));
#12235=CARTESIAN_POINT('Origin',(152.168177984383,224.098234427269,-180.956586180645));
#12236=CARTESIAN_POINT('',(152.168177984385,219.998234427268,-189.956586180645));
#12237=CARTESIAN_POINT('',(152.168177984381,219.998234427269,-171.956586180645));
#12238=CARTESIAN_POINT('',(152.168177984385,219.998234427268,-189.956586180645));
#12239=CARTESIAN_POINT('',(152.168177984385,224.098234427268,-189.956586180645));
#12240=CARTESIAN_POINT('',(152.168177984385,219.998234427268,-189.956586180645));
#12241=CARTESIAN_POINT('',(152.168177984381,224.098234427269,-171.956586180645));
#12242=CARTESIAN_POINT('',(152.168177984385,224.098234427268,-189.956586180645));
#12243=CARTESIAN_POINT('',(152.168177984381,224.098234427269,-171.956586180645));
#12244=CARTESIAN_POINT('Origin',(148.468177984385,224.098234427268,-190.956586180646));
#12245=CARTESIAN_POINT('',(144.868177984385,219.998234427268,-190.956586180647));
#12246=CARTESIAN_POINT('',(151.168177984385,219.998234427268,-190.956586180645));
#12247=CARTESIAN_POINT('',(144.868177984385,219.998234427268,-190.956586180647));
#12248=CARTESIAN_POINT('',(144.868177984385,224.098234427268,-190.956586180647));
#12249=CARTESIAN_POINT('',(144.868177984385,219.998234427268,-190.956586180647));
#12250=CARTESIAN_POINT('',(151.168177984385,224.098234427268,-190.956586180645));
#12251=CARTESIAN_POINT('',(144.868177984385,224.098234427268,-190.956586180647));
#12252=CARTESIAN_POINT('',(151.168177984385,224.098234427268,-190.956586180645));
#12253=CARTESIAN_POINT('Origin',(144.468177984383,224.098234427269,-180.956586180647));
#12254=CARTESIAN_POINT('',(144.468177984385,224.098234427268,-190.556586180647));
#12255=CARTESIAN_POINT('',(144.468177984384,224.098234427269,-185.856586180647));
#12256=CARTESIAN_POINT('',(144.468177984385,224.098234427268,-190.556586180647));
#12257=CARTESIAN_POINT('',(144.468177984385,219.998234427268,-190.556586180647));
#12258=CARTESIAN_POINT('',(144.468177984385,224.098234427268,-190.556586180647));
#12259=CARTESIAN_POINT('',(144.468177984384,219.998234427269,-185.856586180647));
#12260=CARTESIAN_POINT('',(144.468177984385,219.998234427268,-190.556586180647));
#12261=CARTESIAN_POINT('',(144.468177984384,219.998234427269,-185.856586180647));
#12262=CARTESIAN_POINT('Origin',(148.468177984384,224.098234427269,-185.456586180646));
#12263=CARTESIAN_POINT('',(144.868177984384,224.098234427269,-185.456586180647));
#12264=CARTESIAN_POINT('',(144.868177984384,224.098234427269,-185.456586180647));
#12265=CARTESIAN_POINT('',(144.868177984384,219.998234427269,-185.456586180647));
#12266=CARTESIAN_POINT('',(144.868177984384,224.098234427269,-185.456586180647));
#12267=CARTESIAN_POINT('',(144.868177984384,219.998234427269,-185.456586180647));
#12268=CARTESIAN_POINT('Origin',(148.468177984384,224.098234427269,-185.456586180646));
#12269=CARTESIAN_POINT('',(148.968177984384,219.998234427269,-185.456586180646));
#12270=CARTESIAN_POINT('',(148.163165421491,219.998234427269,-185.456586180646));
#12271=CARTESIAN_POINT('',(148.968177984384,224.098234427269,-185.456586180646));
#12272=CARTESIAN_POINT('',(148.968177984384,224.098234427269,-185.456586180646));
#12273=CARTESIAN_POINT('',(148.163165421491,224.098234427269,-185.456586180646));
#12274=CARTESIAN_POINT('Origin',(148.968177984383,224.098234427269,-180.956586180646));
#12275=CARTESIAN_POINT('',(148.968177984382,219.998234427269,-176.456586180646));
#12276=CARTESIAN_POINT('',(148.968177984384,219.998234427269,-185.456586180646));
#12277=CARTESIAN_POINT('',(148.968177984382,224.098234427269,-176.456586180646));
#12278=CARTESIAN_POINT('',(148.968177984382,224.098234427269,-176.456586180646));
#12279=CARTESIAN_POINT('',(148.968177984384,224.098234427269,-185.456586180646));
#12280=CARTESIAN_POINT('Origin',(148.468177984382,224.098234427269,-176.456586180646));
#12281=CARTESIAN_POINT('',(148.163165421489,219.998234427269,-176.456586180646));
#12282=CARTESIAN_POINT('',(148.163165421489,224.098234427269,-176.456586180646));
#12283=CARTESIAN_POINT('Origin',(148.468177984383,224.098234427269,-180.956586180646));
#12284=CARTESIAN_POINT('',(144.868177984385,224.098234427268,-190.956586180647));
#12285=CARTESIAN_POINT('',(144.468177984384,224.098234427269,-185.856586180647));
#12286=CARTESIAN_POINT('',(144.868177984382,224.098234427269,-176.456586180647));
#12287=CARTESIAN_POINT('',(144.468177984381,224.09823442727,-171.356586180647));
#12288=CARTESIAN_POINT('',(151.168177984381,224.09823442727,-170.956586180645));
#12289=CARTESIAN_POINT('',(152.168177984385,224.098234427268,-189.956586180645));
#12290=CARTESIAN_POINT('Origin',(148.468177984383,219.998234427269,-180.956586180646));
#12291=CARTESIAN_POINT('',(144.468177984385,219.998234427268,-190.556586180647));
#12292=CARTESIAN_POINT('',(151.168177984385,219.998234427268,-190.956586180645));
#12293=CARTESIAN_POINT('',(152.168177984381,219.998234427269,-171.956586180645));
#12294=CARTESIAN_POINT('',(144.868177984381,219.99823442727,-170.956586180647));
#12295=CARTESIAN_POINT('',(144.468177984382,219.998234427269,-176.056586180647));
#12296=CARTESIAN_POINT('',(144.868177984384,219.998234427269,-185.456586180647));
#12297=CARTESIAN_POINT('Origin',(151.168177984385,224.098234427268,-190.956586180645));
#12298=CARTESIAN_POINT('Origin',(152.168177984381,224.098234427269,-171.956586180645));
#12299=CARTESIAN_POINT('Origin',(144.468177984385,224.098234427268,-190.556586180647));
#12300=CARTESIAN_POINT('Origin',(144.868177984384,224.098234427269,-185.456586180647));
#12301=CARTESIAN_POINT('Origin',(144.468177984382,224.098234427269,-176.056586180647));
#12302=CARTESIAN_POINT('Origin',(144.868177984381,224.09823442727,-170.956586180647));
#12303=CARTESIAN_POINT('Origin',(150.385165879264,224.098234427269,-186.695314948308));
#12304=CARTESIAN_POINT('',(150.497236279364,225.218752397402,-187.347924536062));
#12305=CARTESIAN_POINT('',(150.385165879264,225.22407300753,-187.348390029131));
#12306=CARTESIAN_POINT('Origin',(150.385165879264,224.050083787326,-187.245679281262));
#12307=CARTESIAN_POINT('',(150.511442694484,225.381132465251,-186.874887663599));
#12308=CARTESIAN_POINT('Origin',(150.399097026987,224.097015609773,-186.695314948308));
#12309=CARTESIAN_POINT('',(150.986375324419,225.240421004465,-186.862577005952));
#12310=CARTESIAN_POINT('Origin',(150.385165879264,224.092388241811,-186.762137153863));
#12311=CARTESIAN_POINT('',(150.986265482366,225.23916550406,-186.519317462078));
#12312=CARTESIAN_POINT('Origin',(150.882639154385,224.054711155288,-186.695314948308));
#12313=CARTESIAN_POINT('',(150.511333985623,225.379889917291,-186.507005671239));
#12314=CARTESIAN_POINT('Origin',(150.385165879264,224.091620259247,-186.619714661882));
#12315=CARTESIAN_POINT('',(150.496807461241,225.213850983823,-186.034288908039));
#12316=CARTESIAN_POINT('Origin',(150.399097026987,224.097015609773,-186.695314948308));
#12317=CARTESIAN_POINT('',(150.159530710374,225.197351887711,-186.035732391907));
#12318=CARTESIAN_POINT('Origin',(150.385165879264,224.049315804763,-186.136172534484));
#12319=CARTESIAN_POINT('',(150.144977240863,225.363698805409,-186.508422209979));
#12320=CARTESIAN_POINT('Origin',(150.256674535006,224.086992891285,-186.695314948308));
#12321=CARTESIAN_POINT('',(149.674237142022,225.175066494934,-186.52492539872));
#12322=CARTESIAN_POINT('Origin',(150.385165879264,224.091620259247,-186.619714661882));
#12323=CARTESIAN_POINT('',(149.674125827884,225.176338821358,-186.856970541396));
#12324=CARTESIAN_POINT('Origin',(149.773132407607,224.0446884368,-186.695314948308));
#12325=CARTESIAN_POINT('',(150.144868844314,225.364937783635,-186.873470812548));
#12326=CARTESIAN_POINT('Origin',(150.385165879264,224.092388241811,-186.762137153863));
#12327=CARTESIAN_POINT('',(150.159100422416,225.20227010158,-187.346482522029));
#12328=CARTESIAN_POINT('Origin',(150.256674535006,224.086992891285,-186.695314948308));
#12329=CARTESIAN_POINT('Origin',(150.385165879264,224.050083787326,-187.245679281262));
#12330=CARTESIAN_POINT('',(150.385165879264,224.098234427269,-187.996860018599));
#12331=CARTESIAN_POINT('Origin',(150.385165879264,224.098234427269,-186.695314948308));
#12332=CARTESIAN_POINT('Origin',(150.385165879264,224.098234427269,-186.695314948308));
#12333=CARTESIAN_POINT('Origin',(152.302153774142,224.098234427269,-180.956586180645));
#12334=CARTESIAN_POINT('Origin',(148.468177984384,224.298234427269,-187.267389649104));
#12335=CARTESIAN_POINT('',(150.238193295341,224.298234427269,-187.267389649104));
#12336=CARTESIAN_POINT('',(150.159100422416,225.20227010158,-187.346482522029));
#12337=CARTESIAN_POINT('',(150.416701392406,224.298234427269,-187.267389649104));
#12338=CARTESIAN_POINT('',(150.238193295341,224.298234427269,-187.267389649104));
#12339=CARTESIAN_POINT('',(150.497236279364,225.218752397402,-187.347924536062));
#12340=CARTESIAN_POINT('Origin',(150.23819329534,224.298234427269,-180.956586180646));
#12341=CARTESIAN_POINT('',(150.238193295341,224.298234427269,-186.780146361521));
#12342=CARTESIAN_POINT('',(150.144868844314,225.364937783635,-186.873470812548));
#12343=CARTESIAN_POINT('',(150.238193295341,224.298234427269,-186.780146361521));
#12344=CARTESIAN_POINT('Origin',(148.468177984384,224.298234427269,-186.780146361522));
#12345=CARTESIAN_POINT('',(149.750950007759,224.298234427269,-186.780146361521));
#12346=CARTESIAN_POINT('',(149.674125827884,225.176338821358,-186.856970541396));
#12347=CARTESIAN_POINT('',(149.750950007759,224.298234427269,-186.780146361521));
#12348=CARTESIAN_POINT('Origin',(149.750950007757,224.298234427269,-180.956586180646));
#12349=CARTESIAN_POINT('',(149.750950007759,224.298234427269,-186.601638264457));
#12350=CARTESIAN_POINT('',(149.674237142022,225.175066494934,-186.52492539872));
#12351=CARTESIAN_POINT('',(149.750950007759,224.298234427269,-186.601638264457));
#12352=CARTESIAN_POINT('Origin',(148.468177984384,224.298234427269,-186.601638264457));
#12353=CARTESIAN_POINT('',(150.238193295341,224.298234427269,-186.601638264457));
#12354=CARTESIAN_POINT('',(150.144977240863,225.363698805409,-186.508422209979));
#12355=CARTESIAN_POINT('',(150.238193295341,224.298234427269,-186.601638264457));
#12356=CARTESIAN_POINT('Origin',(150.23819329534,224.298234427269,-180.956586180646));
#12357=CARTESIAN_POINT('',(150.238193295341,224.298234427269,-186.114394976874));
#12358=CARTESIAN_POINT('',(150.159530710374,225.197351887711,-186.035732391907));
#12359=CARTESIAN_POINT('',(150.238193295341,224.298234427269,-186.114394976874));
#12360=CARTESIAN_POINT('Origin',(148.468177984384,224.298234427269,-186.114394976875));
#12361=CARTESIAN_POINT('',(150.416701392405,224.298234427269,-186.114394976874));
#12362=CARTESIAN_POINT('',(150.496807461241,225.213850983823,-186.034288908039));
#12363=CARTESIAN_POINT('',(150.416701392405,224.298234427269,-186.114394976874));
#12364=CARTESIAN_POINT('Origin',(150.416701392404,224.298234427269,-180.956586180646));
#12365=CARTESIAN_POINT('',(150.416701392406,224.298234427269,-186.601638264457));
#12366=CARTESIAN_POINT('',(150.511333985623,225.379889917291,-186.507005671239));
#12367=CARTESIAN_POINT('',(150.416701392406,224.298234427269,-186.601638264457));
#12368=CARTESIAN_POINT('Origin',(148.468177984384,224.298234427269,-186.601638264457));
#12369=CARTESIAN_POINT('',(150.903944679988,224.298234427269,-186.601638264457));
#12370=CARTESIAN_POINT('',(150.986265482366,225.23916550406,-186.519317462078));
#12371=CARTESIAN_POINT('',(150.903944679988,224.298234427269,-186.601638264457));
#12372=CARTESIAN_POINT('Origin',(150.903944679987,224.298234427269,-180.956586180645));
#12373=CARTESIAN_POINT('',(150.903944679988,224.298234427269,-186.780146361521));
#12374=CARTESIAN_POINT('',(150.986375324419,225.240421004465,-186.862577005952));
#12375=CARTESIAN_POINT('',(150.903944679988,224.298234427269,-186.780146361521));
#12376=CARTESIAN_POINT('Origin',(148.468177984384,224.298234427269,-186.780146361522));
#12377=CARTESIAN_POINT('',(150.416701392406,224.298234427269,-186.780146361521));
#12378=CARTESIAN_POINT('',(150.511442694484,225.381132465251,-186.874887663599));
#12379=CARTESIAN_POINT('',(150.416701392406,224.298234427269,-186.780146361521));
#12380=CARTESIAN_POINT('Origin',(150.416701392404,224.298234427269,-180.956586180646));
#12381=CARTESIAN_POINT('',(150.416701392406,224.298234427269,-187.267389649104));
#12382=CARTESIAN_POINT('Origin',(148.468177984383,224.298234427269,-180.956586180646));
#12383=CARTESIAN_POINT('Origin',(150.385165879261,224.098234427269,-175.217857412983));
#12384=CARTESIAN_POINT('',(150.496807461238,225.213850983823,-175.878883453252));
#12385=CARTESIAN_POINT('',(150.385165879261,225.21914970289,-175.879347031102));
#12386=CARTESIAN_POINT('Origin',(150.385165879261,224.049315804763,-175.776999826807));
#12387=CARTESIAN_POINT('',(150.511333985621,225.379889917292,-175.406166690052));
#12388=CARTESIAN_POINT('Origin',(150.399097026984,224.097015609774,-175.217857412983));
#12389=CARTESIAN_POINT('',(150.986265482364,225.239165504061,-175.393854899213));
#12390=CARTESIAN_POINT('Origin',(150.385165879261,224.091620259248,-175.293457699409));
#12391=CARTESIAN_POINT('',(150.986375324417,225.240421004465,-175.050595355339));
#12392=CARTESIAN_POINT('Origin',(150.882639154383,224.054711155289,-175.217857412983));
#12393=CARTESIAN_POINT('',(150.511442694481,225.381132465252,-175.038284697692));
#12394=CARTESIAN_POINT('Origin',(150.385165879261,224.092388241811,-175.151035207428));
#12395=CARTESIAN_POINT('',(150.497236279362,225.218752397402,-174.565247825229));
#12396=CARTESIAN_POINT('Origin',(150.399097026984,224.097015609774,-175.217857412983));
#12397=CARTESIAN_POINT('',(150.159100422413,225.202270101581,-174.566689839262));
#12398=CARTESIAN_POINT('Origin',(150.385165879261,224.050083787327,-174.667493080029));
#12399=CARTESIAN_POINT('',(150.144868844312,225.364937783635,-175.039701548743));
#12400=CARTESIAN_POINT('Origin',(150.256674535003,224.086992891285,-175.217857412983));
#12401=CARTESIAN_POINT('',(149.674125827881,225.176338821359,-175.056201819895));
#12402=CARTESIAN_POINT('Origin',(150.385165879261,224.092388241811,-175.151035207428));
#12403=CARTESIAN_POINT('',(149.67423714202,225.175066494935,-175.388246962571));
#12404=CARTESIAN_POINT('Origin',(149.773132407605,224.044688436801,-175.217857412983));
#12405=CARTESIAN_POINT('',(150.144977240861,225.363698805409,-175.404750151313));
#12406=CARTESIAN_POINT('Origin',(150.385165879261,224.091620259248,-175.293457699409));
#12407=CARTESIAN_POINT('',(150.159530710372,225.197351887712,-175.877439969384));
#12408=CARTESIAN_POINT('Origin',(150.256674535003,224.086992891285,-175.217857412983));
#12409=CARTESIAN_POINT('Origin',(150.385165879261,224.049315804763,-175.776999826807));
#12410=CARTESIAN_POINT('',(150.385165879262,224.098234427269,-176.519402483274));
#12411=CARTESIAN_POINT('Origin',(150.385165879261,224.098234427269,-175.217857412983));
#12412=CARTESIAN_POINT('Origin',(150.385165879261,224.098234427269,-175.217857412983));
#12413=CARTESIAN_POINT('Origin',(152.302153774142,224.098234427269,-180.956586180645));
#12414=CARTESIAN_POINT('Origin',(148.468177984382,224.298234427269,-174.645782712188));
#12415=CARTESIAN_POINT('',(150.416701392403,224.298234427269,-174.645782712188));
#12416=CARTESIAN_POINT('',(150.497236279362,225.218752397402,-174.565247825229));
#12417=CARTESIAN_POINT('',(150.238193295339,224.298234427269,-174.645782712188));
#12418=CARTESIAN_POINT('',(150.238193295339,224.298234427269,-174.645782712188));
#12419=CARTESIAN_POINT('',(150.159100422413,225.202270101581,-174.566689839262));
#12420=CARTESIAN_POINT('Origin',(150.416701392404,224.298234427269,-180.956586180646));
#12421=CARTESIAN_POINT('',(150.416701392403,224.298234427269,-175.13302599977));
#12422=CARTESIAN_POINT('',(150.511442694481,225.381132465252,-175.038284697692));
#12423=CARTESIAN_POINT('',(150.416701392403,224.298234427269,-174.645782712188));
#12424=CARTESIAN_POINT('Origin',(148.468177984382,224.298234427269,-175.13302599977));
#12425=CARTESIAN_POINT('',(150.903944679986,224.298234427269,-175.13302599977));
#12426=CARTESIAN_POINT('',(150.986375324417,225.240421004465,-175.050595355339));
#12427=CARTESIAN_POINT('',(150.416701392403,224.298234427269,-175.13302599977));
#12428=CARTESIAN_POINT('Origin',(150.903944679987,224.298234427269,-180.956586180645));
#12429=CARTESIAN_POINT('',(150.903944679986,224.298234427269,-175.311534096834));
#12430=CARTESIAN_POINT('',(150.986265482364,225.239165504061,-175.393854899213));
#12431=CARTESIAN_POINT('',(150.903944679986,224.298234427269,-175.13302599977));
#12432=CARTESIAN_POINT('Origin',(148.468177984382,224.298234427269,-175.311534096835));
#12433=CARTESIAN_POINT('',(150.416701392403,224.298234427269,-175.311534096835));
#12434=CARTESIAN_POINT('',(150.511333985621,225.379889917292,-175.406166690052));
#12435=CARTESIAN_POINT('',(150.903944679986,224.298234427269,-175.311534096834));
#12436=CARTESIAN_POINT('Origin',(150.416701392404,224.298234427269,-180.956586180646));
#12437=CARTESIAN_POINT('',(150.416701392403,224.298234427269,-175.798777384417));
#12438=CARTESIAN_POINT('',(150.496807461238,225.213850983823,-175.878883453252));
#12439=CARTESIAN_POINT('',(150.416701392403,224.298234427269,-175.311534096835));
#12440=CARTESIAN_POINT('Origin',(148.468177984382,224.298234427269,-175.798777384417));
#12441=CARTESIAN_POINT('',(150.238193295339,224.298234427269,-175.798777384417));
#12442=CARTESIAN_POINT('',(150.159530710372,225.197351887712,-175.877439969384));
#12443=CARTESIAN_POINT('',(150.416701392403,224.298234427269,-175.798777384417));
#12444=CARTESIAN_POINT('Origin',(150.23819329534,224.298234427269,-180.956586180646));
#12445=CARTESIAN_POINT('',(150.238193295339,224.298234427269,-175.311534096835));
#12446=CARTESIAN_POINT('',(150.144977240861,225.363698805409,-175.404750151313));
#12447=CARTESIAN_POINT('',(150.238193295339,224.298234427269,-175.798777384417));
#12448=CARTESIAN_POINT('Origin',(148.468177984382,224.298234427269,-175.311534096835));
#12449=CARTESIAN_POINT('',(149.750950007756,224.298234427269,-175.311534096835));
#12450=CARTESIAN_POINT('',(149.67423714202,225.175066494935,-175.388246962571));
#12451=CARTESIAN_POINT('',(150.238193295339,224.298234427269,-175.311534096835));
#12452=CARTESIAN_POINT('Origin',(149.750950007757,224.298234427269,-180.956586180646));
#12453=CARTESIAN_POINT('',(149.750950007756,224.298234427269,-175.13302599977));
#12454=CARTESIAN_POINT('',(149.674125827881,225.176338821359,-175.056201819895));
#12455=CARTESIAN_POINT('',(149.750950007756,224.298234427269,-175.311534096835));
#12456=CARTESIAN_POINT('Origin',(148.468177984382,224.298234427269,-175.13302599977));
#12457=CARTESIAN_POINT('',(150.238193295339,224.298234427269,-175.13302599977));
#12458=CARTESIAN_POINT('',(150.144868844312,225.364937783635,-175.039701548743));
#12459=CARTESIAN_POINT('',(149.750950007756,224.298234427269,-175.13302599977));
#12460=CARTESIAN_POINT('Origin',(150.23819329534,224.298234427269,-180.956586180646));
#12461=CARTESIAN_POINT('',(150.238193295339,224.298234427269,-175.13302599977));
#12462=CARTESIAN_POINT('Origin',(148.468177984383,224.298234427269,-180.956586180646));
#12463=CARTESIAN_POINT('Origin',(147.168177984384,224.798234427269,-185.556586180646));
#12464=CARTESIAN_POINT('',(146.670684265831,224.798234427269,-185.506586180646));
#12465=CARTESIAN_POINT('',(147.668177984384,224.798234427269,-185.556586180646));
#12466=CARTESIAN_POINT('Origin',(147.168177984384,224.798234427269,-185.556586180646));
#12467=CARTESIAN_POINT('',(146.670684265831,224.998234427269,-185.506586180646));
#12468=CARTESIAN_POINT('',(146.670684265831,224.798234427269,-185.506586180646));
#12469=CARTESIAN_POINT('',(147.668177984384,224.998234427269,-185.556586180646));
#12470=CARTESIAN_POINT('Origin',(147.168177984384,224.998234427269,-185.556586180646));
#12471=CARTESIAN_POINT('',(147.668177984384,224.798234427269,-185.556586180646));
#12472=CARTESIAN_POINT('Origin',(150.385165879261,224.998234427269,-175.217857412983));
#12473=CARTESIAN_POINT('',(149.968177984382,224.998234427269,-176.450797259659));
#12474=CARTESIAN_POINT('',(150.385165879261,224.998234427269,-173.916312342692));
#12475=CARTESIAN_POINT('Origin',(150.385165879261,224.998234427269,-175.217857412983));
#12476=CARTESIAN_POINT('',(149.968177984382,224.798234427269,-176.450797259659));
#12477=CARTESIAN_POINT('',(149.968177984382,224.798234427269,-176.450797259659));
#12478=CARTESIAN_POINT('',(149.468177984382,224.798234427269,-176.141520106093));
#12479=CARTESIAN_POINT('Origin',(150.385165879261,224.798234427269,-175.217857412983));
#12480=CARTESIAN_POINT('',(149.468177984382,224.998234427269,-176.141520106093));
#12481=CARTESIAN_POINT('',(149.468177984382,224.798234427269,-176.141520106093));
#12482=CARTESIAN_POINT('',(149.313578562322,224.998234427269,-175.956586180646));
#12483=CARTESIAN_POINT('Origin',(150.385165879261,224.998234427269,-175.217857412983));
#12484=CARTESIAN_POINT('',(149.313578562322,224.798234427269,-175.956586180646));
#12485=CARTESIAN_POINT('',(149.313578562322,224.798234427269,-175.956586180646));
#12486=CARTESIAN_POINT('',(149.105701872152,224.798234427269,-175.456586180646));
#12487=CARTESIAN_POINT('Origin',(150.385165879261,224.798234427269,-175.217857412983));
#12488=CARTESIAN_POINT('',(149.105701872152,224.998234427269,-175.456586180646));
#12489=CARTESIAN_POINT('',(149.105701872152,224.798234427269,-175.456586180646));
#12490=CARTESIAN_POINT('Origin',(150.385165879261,224.998234427269,-175.217857412983));
#12491=CARTESIAN_POINT('',(150.385165879261,224.098234427269,-173.916312342692));
#12492=CARTESIAN_POINT('',(150.385165879261,224.998234427269,-173.916312342692));
#12493=CARTESIAN_POINT('Origin',(150.385165879261,224.098234427269,-175.217857412983));
#12494=CARTESIAN_POINT('Origin',(150.591180891651,224.998234427269,-180.956586180646));
#12495=CARTESIAN_POINT('',(150.591180891651,224.798234427269,-180.312576719015));
#12496=CARTESIAN_POINT('Origin',(150.591180891651,224.798234427269,-180.956586180646));
#12497=CARTESIAN_POINT('',(150.591180891651,224.098234427269,-180.312576719015));
#12498=CARTESIAN_POINT('',(150.591180891651,224.998234427269,-180.312576719015));
#12499=CARTESIAN_POINT('Origin',(150.591180891651,224.098234427269,-180.956586180646));
#12500=CARTESIAN_POINT('Origin',(150.385165879264,224.998234427269,-186.695314948308));
#12501=CARTESIAN_POINT('',(149.968177984384,224.998234427269,-185.462375101632));
#12502=CARTESIAN_POINT('',(150.385165879263,224.998234427269,-185.393769878017));
#12503=CARTESIAN_POINT('Origin',(150.385165879264,224.998234427269,-186.695314948308));
#12504=CARTESIAN_POINT('',(150.385165879263,224.098234427269,-185.393769878017));
#12505=CARTESIAN_POINT('',(150.385165879263,224.998234427269,-185.393769878017));
#12506=CARTESIAN_POINT('Origin',(150.385165879264,224.098234427269,-186.695314948308));
#12507=CARTESIAN_POINT('',(149.105701872154,224.998234427269,-186.456586180646));
#12508=CARTESIAN_POINT('Origin',(150.385165879264,224.998234427269,-186.695314948308));
#12509=CARTESIAN_POINT('',(149.105701872154,224.798234427269,-186.456586180646));
#12510=CARTESIAN_POINT('',(149.105701872154,224.798234427269,-186.456586180646));
#12511=CARTESIAN_POINT('',(149.313578562324,224.798234427269,-185.956586180646));
#12512=CARTESIAN_POINT('Origin',(150.385165879264,224.798234427269,-186.695314948308));
#12513=CARTESIAN_POINT('',(149.313578562324,224.998234427269,-185.956586180646));
#12514=CARTESIAN_POINT('',(149.313578562324,224.798234427269,-185.956586180646));
#12515=CARTESIAN_POINT('',(149.468177984384,224.998234427269,-185.771652255199));
#12516=CARTESIAN_POINT('Origin',(150.385165879264,224.998234427269,-186.695314948308));
#12517=CARTESIAN_POINT('',(149.468177984384,224.798234427269,-185.771652255199));
#12518=CARTESIAN_POINT('',(149.468177984384,224.798234427269,-185.771652255199));
#12519=CARTESIAN_POINT('',(149.968177984384,224.798234427269,-185.462375101632));
#12520=CARTESIAN_POINT('Origin',(150.385165879264,224.798234427269,-186.695314948308));
#12521=CARTESIAN_POINT('',(149.968177984384,224.798234427269,-185.462375101632));
#12522=CARTESIAN_POINT('Origin',(148.468177984383,224.998234427269,-180.956586180646));
#12523=CARTESIAN_POINT('',(144.468177984382,224.998234427269,-175.456586180647));
#12524=CARTESIAN_POINT('',(149.105701872152,224.998234427269,-175.456586180646));
#12525=CARTESIAN_POINT('',(144.468177984381,224.998234427269,-171.356586180647));
#12526=CARTESIAN_POINT('',(144.468177984382,224.998234427269,-175.456586180647));
#12527=CARTESIAN_POINT('',(144.868177984381,224.99823442727,-170.956586180647));
#12528=CARTESIAN_POINT('',(144.468177984381,224.998234427269,-171.356586180647));
#12529=CARTESIAN_POINT('',(151.168177984381,224.99823442727,-170.956586180645));
#12530=CARTESIAN_POINT('',(144.868177984381,224.99823442727,-170.956586180647));
#12531=CARTESIAN_POINT('',(152.168177984381,224.998234427269,-171.956586180645));
#12532=CARTESIAN_POINT('',(151.168177984381,224.99823442727,-170.956586180645));
#12533=CARTESIAN_POINT('',(152.168177984383,224.998234427269,-179.536820203729));
#12534=CARTESIAN_POINT('',(152.168177984383,224.998234427269,-179.536820203729));
#12535=CARTESIAN_POINT('',(149.968177984383,224.998234427269,-179.536820203729));
#12536=CARTESIAN_POINT('',(152.168177984383,224.998234427269,-179.536820203729));
#12537=CARTESIAN_POINT('',(149.968177984382,224.998234427269,-176.450797259659));
#12538=CARTESIAN_POINT('Origin',(144.468177984383,224.998234427269,-180.956586180647));
#12539=CARTESIAN_POINT('',(144.468177984382,224.798234427269,-175.456586180647));
#12540=CARTESIAN_POINT('',(144.468177984382,224.798234427269,-175.456586180647));
#12541=CARTESIAN_POINT('',(144.468177984382,224.798234427269,-175.956586180647));
#12542=CARTESIAN_POINT('',(144.468177984382,224.798234427269,-175.956586180647));
#12543=CARTESIAN_POINT('',(144.468177984382,224.998234427269,-175.956586180647));
#12544=CARTESIAN_POINT('',(144.468177984382,224.798234427269,-175.956586180647));
#12545=CARTESIAN_POINT('',(144.468177984382,224.998234427269,-176.056586180647));
#12546=CARTESIAN_POINT('',(144.468177984382,224.998234427269,-176.056586180647));
#12547=CARTESIAN_POINT('',(144.468177984382,224.098234427269,-176.056586180647));
#12548=CARTESIAN_POINT('',(144.468177984382,224.998234427269,-176.056586180647));
#12549=CARTESIAN_POINT('',(144.468177984381,224.09823442727,-171.356586180647));
#12550=CARTESIAN_POINT('',(144.468177984382,224.098234427269,-176.056586180647));
#12551=CARTESIAN_POINT('',(144.468177984381,224.09823442727,-171.356586180647));
#12552=CARTESIAN_POINT('Origin',(148.468177984383,224.998234427269,-180.956586180646));
#12553=CARTESIAN_POINT('',(147.668177984382,224.998234427269,-175.956586180646));
#12554=CARTESIAN_POINT('',(149.313578562322,224.998234427269,-175.956586180646));
#12555=CARTESIAN_POINT('',(149.468177984382,224.998234427269,-176.141520106093));
#12556=CARTESIAN_POINT('',(147.668177984384,224.998234427269,-185.956586180646));
#12557=CARTESIAN_POINT('',(149.313578562324,224.998234427269,-185.956586180646));
#12558=CARTESIAN_POINT('',(147.668177984384,224.998234427269,-185.556586180646));
#12559=CARTESIAN_POINT('',(146.670684265831,224.998234427269,-185.956586180646));
#12560=CARTESIAN_POINT('',(146.670684265831,224.998234427269,-185.506586180646));
#12561=CARTESIAN_POINT('',(144.468177984384,224.998234427269,-185.956586180647));
#12562=CARTESIAN_POINT('',(146.670684265831,224.998234427269,-185.956586180646));
#12563=CARTESIAN_POINT('',(144.468177984384,224.998234427269,-185.856586180647));
#12564=CARTESIAN_POINT('',(144.468177984384,224.998234427269,-185.956586180647));
#12565=CARTESIAN_POINT('',(144.868177984384,224.998234427269,-185.456586180647));
#12566=CARTESIAN_POINT('',(144.468177984384,224.998234427269,-185.856586180647));
#12567=CARTESIAN_POINT('',(146.173190547277,224.998234427269,-185.456586180647));
#12568=CARTESIAN_POINT('',(144.868177984384,224.998234427269,-185.456586180647));
#12569=CARTESIAN_POINT('',(146.918177984384,224.998234427269,-184.588340344095));
#12570=CARTESIAN_POINT('Origin',(147.168177984384,224.998234427269,-185.556586180646));
#12571=CARTESIAN_POINT('',(146.918177984384,224.998234427269,-184.088340344095));
#12572=CARTESIAN_POINT('',(146.918177984384,224.998234427269,-184.588340344095));
#12573=CARTESIAN_POINT('',(147.418177984384,224.998234427269,-184.088340344094));
#12574=CARTESIAN_POINT('',(146.918177984384,224.998234427269,-184.088340344095));
#12575=CARTESIAN_POINT('',(147.418177984384,224.998234427269,-184.588340344094));
#12576=CARTESIAN_POINT('',(147.418177984384,224.998234427269,-184.588340344094));
#12577=CARTESIAN_POINT('',(148.163165421491,224.998234427269,-185.456586180646));
#12578=CARTESIAN_POINT('Origin',(147.168177984384,224.998234427269,-185.556586180646));
#12579=CARTESIAN_POINT('',(148.968177984384,224.998234427269,-185.456586180646));
#12580=CARTESIAN_POINT('',(148.163165421491,224.998234427269,-185.456586180646));
#12581=CARTESIAN_POINT('',(148.968177984382,224.998234427269,-176.456586180646));
#12582=CARTESIAN_POINT('',(148.968177984384,224.998234427269,-185.456586180646));
#12583=CARTESIAN_POINT('',(148.163165421489,224.998234427269,-176.456586180646));
#12584=CARTESIAN_POINT('',(148.163165421489,224.998234427269,-176.456586180646));
#12585=CARTESIAN_POINT('',(147.418177984382,224.998234427269,-177.324832017198));
#12586=CARTESIAN_POINT('Origin',(147.168177984382,224.998234427269,-176.356586180646));
#12587=CARTESIAN_POINT('',(147.418177984382,224.998234427269,-177.824832017198));
#12588=CARTESIAN_POINT('',(147.418177984382,224.998234427269,-177.324832017198));
#12589=CARTESIAN_POINT('',(146.918177984382,224.998234427269,-177.824832017198));
#12590=CARTESIAN_POINT('',(146.918177984382,224.998234427269,-177.824832017198));
#12591=CARTESIAN_POINT('',(146.918177984382,224.998234427269,-177.324832017198));
#12592=CARTESIAN_POINT('',(146.918177984382,224.998234427269,-177.324832017198));
#12593=CARTESIAN_POINT('',(146.173190547275,224.998234427269,-176.456586180647));
#12594=CARTESIAN_POINT('Origin',(147.168177984382,224.998234427269,-176.356586180646));
#12595=CARTESIAN_POINT('',(144.868177984382,224.998234427269,-176.456586180647));
#12596=CARTESIAN_POINT('',(144.868177984382,224.998234427269,-176.456586180647));
#12597=CARTESIAN_POINT('',(144.868177984382,224.998234427269,-176.456586180647));
#12598=CARTESIAN_POINT('',(146.670684265829,224.998234427269,-175.956586180646));
#12599=CARTESIAN_POINT('',(146.670684265829,224.998234427269,-175.956586180646));
#12600=CARTESIAN_POINT('',(146.670684265829,224.998234427269,-176.406586180646));
#12601=CARTESIAN_POINT('',(146.670684265829,224.998234427269,-176.406586180646));
#12602=CARTESIAN_POINT('',(147.668177984382,224.998234427269,-176.356586180646));
#12603=CARTESIAN_POINT('Origin',(147.168177984382,224.998234427269,-176.356586180646));
#12604=CARTESIAN_POINT('',(147.668177984382,224.998234427269,-176.356586180646));
#12605=CARTESIAN_POINT('Origin',(144.468177984383,224.998234427269,-180.956586180647));
#12606=CARTESIAN_POINT('',(144.468177984384,224.798234427269,-185.956586180647));
#12607=CARTESIAN_POINT('',(144.468177984384,224.798234427269,-185.956586180647));
#12608=CARTESIAN_POINT('',(144.468177984384,224.798234427269,-186.456586180647));
#12609=CARTESIAN_POINT('',(144.468177984384,224.798234427269,-186.456586180647));
#12610=CARTESIAN_POINT('',(144.468177984384,224.998234427269,-186.456586180647));
#12611=CARTESIAN_POINT('',(144.468177984384,224.798234427269,-186.456586180647));
#12612=CARTESIAN_POINT('',(144.468177984385,224.998234427268,-190.556586180647));
#12613=CARTESIAN_POINT('',(144.468177984385,224.998234427268,-190.556586180647));
#12614=CARTESIAN_POINT('',(144.468177984385,224.098234427268,-190.556586180647));
#12615=CARTESIAN_POINT('',(144.468177984385,224.998234427268,-190.556586180647));
#12616=CARTESIAN_POINT('',(144.468177984384,224.098234427269,-185.856586180647));
#12617=CARTESIAN_POINT('',(144.468177984385,224.098234427268,-190.556586180647));
#12618=CARTESIAN_POINT('',(144.468177984384,224.098234427269,-185.856586180647));
#12619=CARTESIAN_POINT('Origin',(148.468177984383,224.998234427269,-180.956586180646));
#12620=CARTESIAN_POINT('',(149.105701872154,224.998234427269,-186.456586180646));
#12621=CARTESIAN_POINT('',(149.968177984383,224.998234427269,-182.376352157562));
#12622=CARTESIAN_POINT('',(149.968177984383,224.998234427269,-182.376352157562));
#12623=CARTESIAN_POINT('',(152.168177984383,224.998234427269,-182.376352157561));
#12624=CARTESIAN_POINT('',(152.168177984383,224.998234427269,-182.376352157561));
#12625=CARTESIAN_POINT('',(152.168177984385,224.998234427268,-189.956586180645));
#12626=CARTESIAN_POINT('',(152.168177984385,224.998234427268,-189.956586180645));
#12627=CARTESIAN_POINT('',(151.168177984385,224.998234427268,-190.956586180645));
#12628=CARTESIAN_POINT('',(152.168177984385,224.998234427268,-189.956586180645));
#12629=CARTESIAN_POINT('',(144.868177984385,224.998234427268,-190.956586180647));
#12630=CARTESIAN_POINT('',(144.868177984385,224.998234427268,-190.956586180647));
#12631=CARTESIAN_POINT('',(144.868177984385,224.998234427268,-190.956586180647));
#12632=CARTESIAN_POINT('Origin',(148.468177984382,224.998234427269,-176.456586180646));
#12633=CARTESIAN_POINT('',(148.163165421489,224.098234427269,-176.456586180646));
#12634=CARTESIAN_POINT('',(148.968177984382,224.098234427269,-176.456586180646));
#12635=CARTESIAN_POINT('',(148.163165421489,224.098234427269,-176.456586180646));
#12636=CARTESIAN_POINT('',(148.163165421489,224.998234427269,-176.456586180646));
#12637=CARTESIAN_POINT('',(148.968177984382,224.998234427269,-176.456586180646));
#12638=CARTESIAN_POINT('Origin',(147.168177984382,224.998234427269,-176.356586180646));
#12639=CARTESIAN_POINT('',(147.418177984382,224.098234427269,-177.324832017198));
#12640=CARTESIAN_POINT('Origin',(147.168177984382,224.098234427269,-176.356586180646));
#12641=CARTESIAN_POINT('',(147.418177984382,224.998234427269,-177.324832017198));
#12642=CARTESIAN_POINT('Origin',(147.418177984383,224.998234427269,-180.956586180646));
#12643=CARTESIAN_POINT('',(147.418177984382,224.098234427269,-177.824832017198));
#12644=CARTESIAN_POINT('',(147.418177984382,224.098234427269,-177.324832017198));
#12645=CARTESIAN_POINT('',(147.418177984382,224.998234427269,-177.824832017198));
#12646=CARTESIAN_POINT('Origin',(148.468177984382,224.998234427269,-177.824832017198));
#12647=CARTESIAN_POINT('',(146.918177984382,224.098234427269,-177.824832017198));
#12648=CARTESIAN_POINT('',(146.918177984382,224.098234427269,-177.824832017198));
#12649=CARTESIAN_POINT('',(146.918177984382,224.998234427269,-177.824832017198));
#12650=CARTESIAN_POINT('Origin',(146.918177984383,224.998234427269,-180.956586180646));
#12651=CARTESIAN_POINT('',(146.918177984382,224.098234427269,-177.324832017198));
#12652=CARTESIAN_POINT('',(146.918177984382,224.098234427269,-177.324832017198));
#12653=CARTESIAN_POINT('',(146.918177984382,224.998234427269,-177.324832017198));
#12654=CARTESIAN_POINT('Origin',(147.168177984382,224.998234427269,-176.356586180646));
#12655=CARTESIAN_POINT('',(146.173190547275,224.098234427269,-176.456586180646));
#12656=CARTESIAN_POINT('Origin',(147.168177984382,224.098234427269,-176.356586180646));
#12657=CARTESIAN_POINT('',(146.173190547275,224.998234427269,-176.456586180647));
#12658=CARTESIAN_POINT('Origin',(148.468177984382,224.998234427269,-176.456586180646));
#12659=CARTESIAN_POINT('',(144.868177984382,224.098234427269,-176.456586180647));
#12660=CARTESIAN_POINT('',(144.868177984382,224.098234427269,-176.456586180647));
#12661=CARTESIAN_POINT('',(144.868177984382,224.098234427269,-176.456586180647));
#12662=CARTESIAN_POINT('Origin',(148.468177984381,224.99823442727,-170.956586180646));
#12663=CARTESIAN_POINT('',(144.868177984381,224.09823442727,-170.956586180647));
#12664=CARTESIAN_POINT('',(144.868177984381,224.99823442727,-170.956586180647));
#12665=CARTESIAN_POINT('',(151.168177984381,224.09823442727,-170.956586180645));
#12666=CARTESIAN_POINT('',(144.868177984381,224.09823442727,-170.956586180647));
#12667=CARTESIAN_POINT('',(151.168177984381,224.09823442727,-170.956586180645));
#12668=CARTESIAN_POINT('Origin',(152.168177984383,224.998234427269,-180.956586180645));
#12669=CARTESIAN_POINT('',(152.168177984383,224.798234427269,-182.376352157561));
#12670=CARTESIAN_POINT('',(152.168177984383,224.798234427269,-182.376352157561));
#12671=CARTESIAN_POINT('',(152.168177984383,224.798234427269,-179.536820203729));
#12672=CARTESIAN_POINT('',(152.168177984383,224.798234427269,-179.536820203729));
#12673=CARTESIAN_POINT('',(152.168177984383,224.798234427269,-179.536820203729));
#12674=CARTESIAN_POINT('',(152.168177984381,224.098234427269,-171.956586180645));
#12675=CARTESIAN_POINT('',(152.168177984381,224.998234427269,-171.956586180645));
#12676=CARTESIAN_POINT('',(152.168177984385,224.098234427268,-189.956586180645));
#12677=CARTESIAN_POINT('',(152.168177984385,224.098234427268,-189.956586180645));
#12678=CARTESIAN_POINT('',(152.168177984385,224.098234427268,-189.956586180645));
#12679=CARTESIAN_POINT('Origin',(148.468177984385,224.998234427268,-190.956586180646));
#12680=CARTESIAN_POINT('',(144.868177984385,224.098234427268,-190.956586180647));
#12681=CARTESIAN_POINT('',(151.168177984385,224.098234427268,-190.956586180645));
#12682=CARTESIAN_POINT('',(144.868177984385,224.098234427268,-190.956586180647));
#12683=CARTESIAN_POINT('',(144.868177984385,224.098234427268,-190.956586180647));
#12684=CARTESIAN_POINT('',(151.168177984385,224.998234427268,-190.956586180645));
#12685=CARTESIAN_POINT('Origin',(148.468177984384,224.998234427269,-185.456586180646));
#12686=CARTESIAN_POINT('',(144.868177984384,224.098234427269,-185.456586180647));
#12687=CARTESIAN_POINT('',(144.868177984384,224.998234427269,-185.456586180647));
#12688=CARTESIAN_POINT('',(146.173190547277,224.098234427269,-185.456586180646));
#12689=CARTESIAN_POINT('',(144.868177984384,224.098234427269,-185.456586180647));
#12690=CARTESIAN_POINT('',(146.173190547277,224.998234427269,-185.456586180647));
#12691=CARTESIAN_POINT('Origin',(147.168177984384,224.998234427269,-185.556586180646));
#12692=CARTESIAN_POINT('',(146.918177984384,224.098234427269,-184.588340344094));
#12693=CARTESIAN_POINT('Origin',(147.168177984384,224.098234427269,-185.556586180646));
#12694=CARTESIAN_POINT('',(146.918177984384,224.998234427269,-184.588340344095));
#12695=CARTESIAN_POINT('Origin',(146.918177984383,224.998234427269,-180.956586180646));
#12696=CARTESIAN_POINT('',(146.918177984384,224.098234427269,-184.088340344094));
#12697=CARTESIAN_POINT('',(146.918177984384,224.098234427269,-184.588340344094));
#12698=CARTESIAN_POINT('',(146.918177984384,224.998234427269,-184.088340344095));
#12699=CARTESIAN_POINT('Origin',(148.468177984384,224.998234427269,-184.088340344094));
#12700=CARTESIAN_POINT('',(147.418177984384,224.098234427269,-184.088340344094));
#12701=CARTESIAN_POINT('',(146.918177984384,224.098234427269,-184.088340344094));
#12702=CARTESIAN_POINT('',(147.418177984384,224.998234427269,-184.088340344094));
#12703=CARTESIAN_POINT('Origin',(147.418177984383,224.998234427269,-180.956586180646));
#12704=CARTESIAN_POINT('',(147.418177984384,224.098234427269,-184.588340344094));
#12705=CARTESIAN_POINT('',(147.418177984384,224.098234427269,-184.588340344094));
#12706=CARTESIAN_POINT('',(147.418177984384,224.998234427269,-184.588340344094));
#12707=CARTESIAN_POINT('Origin',(147.168177984384,224.998234427269,-185.556586180646));
#12708=CARTESIAN_POINT('',(148.163165421491,224.098234427269,-185.456586180646));
#12709=CARTESIAN_POINT('Origin',(147.168177984384,224.098234427269,-185.556586180646));
#12710=CARTESIAN_POINT('',(148.163165421491,224.998234427269,-185.456586180646));
#12711=CARTESIAN_POINT('Origin',(148.468177984384,224.998234427269,-185.456586180646));
#12712=CARTESIAN_POINT('',(148.968177984384,224.098234427269,-185.456586180646));
#12713=CARTESIAN_POINT('',(148.163165421491,224.098234427269,-185.456586180646));
#12714=CARTESIAN_POINT('',(148.968177984384,224.998234427269,-185.456586180646));
#12715=CARTESIAN_POINT('Origin',(148.968177984383,224.998234427269,-180.956586180646));
#12716=CARTESIAN_POINT('',(148.968177984384,224.098234427269,-185.456586180646));
#12717=CARTESIAN_POINT('Origin',(148.468177984383,224.098234427269,-180.956586180646));
#12718=CARTESIAN_POINT('',(144.468177984382,224.098234427269,-176.056586180647));
#12719=CARTESIAN_POINT('',(144.868177984384,224.098234427269,-185.456586180647));
#12720=CARTESIAN_POINT('',(144.468177984385,224.098234427268,-190.556586180647));
#12721=CARTESIAN_POINT('',(151.168177984385,224.098234427268,-190.956586180645));
#12722=CARTESIAN_POINT('',(152.168177984381,224.098234427269,-171.956586180645));
#12723=CARTESIAN_POINT('',(144.868177984381,224.09823442727,-170.956586180647));
#12724=CARTESIAN_POINT('Origin',(152.168177984381,224.998234427269,-171.956586180645));
#12725=CARTESIAN_POINT('Origin',(151.168177984385,224.998234427268,-190.956586180645));
#12726=CARTESIAN_POINT('Origin',(144.468177984382,224.998234427269,-176.056586180647));
#12727=CARTESIAN_POINT('Origin',(144.868177984381,224.99823442727,-170.956586180647));
#12728=CARTESIAN_POINT('Origin',(144.868177984384,224.998234427269,-185.456586180647));
#12729=CARTESIAN_POINT('Origin',(144.468177984385,224.998234427268,-190.556586180647));
#12730=CARTESIAN_POINT('Origin',(148.468177984383,224.798234427269,-182.376352157562));
#12731=CARTESIAN_POINT('',(149.968177984383,224.798234427269,-182.376352157562));
#12732=CARTESIAN_POINT('',(149.968177984383,224.798234427269,-182.376352157562));
#12733=CARTESIAN_POINT('',(152.168177984383,224.798234427269,-182.376352157561));
#12734=CARTESIAN_POINT('Origin',(148.468177984383,224.798234427269,-179.53682020373));
#12735=CARTESIAN_POINT('',(149.968177984383,224.798234427269,-179.536820203729));
#12736=CARTESIAN_POINT('',(152.168177984383,224.798234427269,-179.536820203729));
#12737=CARTESIAN_POINT('',(149.968177984383,224.798234427269,-179.536820203729));
#12738=CARTESIAN_POINT('Origin',(149.968177984383,224.798234427269,-180.956586180646));
#12739=CARTESIAN_POINT('',(149.968177984382,224.798234427269,-176.450797259659));
#12740=CARTESIAN_POINT('Origin',(149.468177984383,224.798234427269,-180.956586180646));
#12741=CARTESIAN_POINT('',(149.468177984382,224.798234427269,-176.141520106093));
#12742=CARTESIAN_POINT('Origin',(149.968177984383,224.798234427269,-180.956586180646));
#12743=CARTESIAN_POINT('',(149.968177984383,224.798234427269,-182.376352157562));
#12744=CARTESIAN_POINT('Origin',(148.468177984383,224.798234427269,-180.956586180646));
#12745=CARTESIAN_POINT('Origin',(146.67068426583,224.798234427269,-180.956586180646));
#12746=CARTESIAN_POINT('',(146.670684265831,224.798234427269,-185.956586180646));
#12747=CARTESIAN_POINT('',(146.670684265831,224.798234427269,-185.506586180646));
#12748=CARTESIAN_POINT('',(146.670684265831,224.798234427269,-185.956586180646));
#12749=CARTESIAN_POINT('Origin',(148.468177984384,224.798234427269,-185.956586180646));
#12750=CARTESIAN_POINT('',(146.670684265831,224.798234427269,-185.956586180646));
#12751=CARTESIAN_POINT('Origin',(148.468177984384,224.798234427269,-186.456586180646));
#12752=CARTESIAN_POINT('',(149.105701872154,224.798234427269,-186.456586180646));
#12753=CARTESIAN_POINT('Origin',(148.468177984384,224.798234427269,-185.956586180646));
#12754=CARTESIAN_POINT('',(147.668177984384,224.798234427269,-185.956586180646));
#12755=CARTESIAN_POINT('',(149.313578562324,224.798234427269,-185.956586180646));
#12756=CARTESIAN_POINT('',(147.668177984384,224.798234427269,-185.956586180646));
#12757=CARTESIAN_POINT('Origin',(147.668177984383,224.798234427269,-180.956586180646));
#12758=CARTESIAN_POINT('',(147.668177984384,224.798234427269,-185.556586180646));
#12759=CARTESIAN_POINT('Origin',(148.468177984383,224.798234427269,-180.956586180646));
#12760=CARTESIAN_POINT('Origin',(147.168177984382,224.798234427269,-176.356586180646));
#12761=CARTESIAN_POINT('',(146.670684265829,224.798234427269,-176.406586180646));
#12762=CARTESIAN_POINT('',(146.670684265829,224.798234427269,-176.406586180646));
#12763=CARTESIAN_POINT('',(147.668177984382,224.798234427269,-176.356586180646));
#12764=CARTESIAN_POINT('Origin',(147.168177984382,224.798234427269,-176.356586180646));
#12765=CARTESIAN_POINT('',(147.668177984382,224.798234427269,-176.356586180646));
#12766=CARTESIAN_POINT('Origin',(147.668177984383,224.798234427269,-180.956586180646));
#12767=CARTESIAN_POINT('',(147.668177984382,224.798234427269,-175.956586180646));
#12768=CARTESIAN_POINT('',(147.668177984382,224.798234427269,-176.356586180646));
#12769=CARTESIAN_POINT('',(147.668177984382,224.798234427269,-175.956586180646));
#12770=CARTESIAN_POINT('Origin',(148.468177984382,224.798234427269,-175.956586180646));
#12771=CARTESIAN_POINT('',(149.313578562322,224.798234427269,-175.956586180646));
#12772=CARTESIAN_POINT('Origin',(148.468177984382,224.798234427269,-175.456586180646));
#12773=CARTESIAN_POINT('',(149.105701872152,224.798234427269,-175.456586180646));
#12774=CARTESIAN_POINT('Origin',(148.468177984382,224.798234427269,-175.956586180646));
#12775=CARTESIAN_POINT('',(146.670684265829,224.798234427269,-175.956586180646));
#12776=CARTESIAN_POINT('',(146.670684265829,224.798234427269,-175.956586180646));
#12777=CARTESIAN_POINT('',(146.670684265829,224.798234427269,-175.956586180646));
#12778=CARTESIAN_POINT('Origin',(146.67068426583,224.798234427269,-180.956586180646));
#12779=CARTESIAN_POINT('',(146.670684265829,224.798234427269,-176.406586180646));
#12780=CARTESIAN_POINT('Origin',(148.468177984383,224.798234427269,-180.956586180646));
#12781=CARTESIAN_POINT('Origin',(150.591180891651,185.998234427269,-180.956586180643));
#12782=CARTESIAN_POINT('',(150.591180891651,185.998234427269,-180.312576719013));
#12783=CARTESIAN_POINT('Origin',(150.591180891651,185.998234427269,-180.956586180643));
#12784=CARTESIAN_POINT('',(150.591180891651,190.098234427269,-180.312576719013));
#12785=CARTESIAN_POINT('',(150.591180891651,185.998234427269,-180.312576719013));
#12786=CARTESIAN_POINT('Origin',(150.591180891651,190.098234427269,-180.956586180644));
#12787=CARTESIAN_POINT('Origin',(147.168177984384,185.998234427269,-185.556586180644));
#12788=CARTESIAN_POINT('',(148.163165421491,185.998234427269,-185.456586180644));
#12789=CARTESIAN_POINT('',(146.173190547277,185.998234427269,-185.456586180644));
#12790=CARTESIAN_POINT('Origin',(147.168177984384,185.998234427269,-185.556586180644));
#12791=CARTESIAN_POINT('',(148.163165421491,190.098234427269,-185.456586180644));
#12792=CARTESIAN_POINT('',(148.163165421491,185.998234427269,-185.456586180644));
#12793=CARTESIAN_POINT('',(146.173190547277,190.098234427269,-185.456586180645));
#12794=CARTESIAN_POINT('Origin',(147.168177984384,190.098234427269,-185.556586180644));
#12795=CARTESIAN_POINT('',(146.173190547277,185.998234427269,-185.456586180644));
#12796=CARTESIAN_POINT('Origin',(147.168177984382,185.998234427269,-176.356586180644));
#12797=CARTESIAN_POINT('',(146.173190547275,190.098234427269,-176.456586180645));
#12798=CARTESIAN_POINT('',(148.163165421489,190.098234427269,-176.456586180644));
#12799=CARTESIAN_POINT('Origin',(147.168177984382,190.098234427269,-176.356586180644));
#12800=CARTESIAN_POINT('',(148.163165421489,185.998234427269,-176.456586180644));
#12801=CARTESIAN_POINT('',(148.163165421489,185.998234427269,-176.456586180644));
#12802=CARTESIAN_POINT('',(146.173190547275,185.998234427269,-176.456586180644));
#12803=CARTESIAN_POINT('Origin',(147.168177984382,185.998234427269,-176.356586180644));
#12804=CARTESIAN_POINT('',(146.173190547275,185.998234427269,-176.456586180644));
#12805=CARTESIAN_POINT('Origin',(148.468177984382,185.998234427269,-176.456586180644));
#12806=CARTESIAN_POINT('',(144.868177984382,190.098234427269,-176.456586180645));
#12807=CARTESIAN_POINT('',(144.868177984382,190.098234427269,-176.456586180645));
#12808=CARTESIAN_POINT('',(144.868177984382,185.998234427269,-176.456586180645));
#12809=CARTESIAN_POINT('',(144.868177984382,185.998234427269,-176.456586180645));
#12810=CARTESIAN_POINT('',(144.868177984382,190.098234427269,-176.456586180645));
#12811=CARTESIAN_POINT('Origin',(144.468177984383,185.998234427269,-180.956586180645));
#12812=CARTESIAN_POINT('',(144.468177984382,185.998234427269,-176.056586180645));
#12813=CARTESIAN_POINT('',(144.468177984381,185.998234427269,-171.356586180645));
#12814=CARTESIAN_POINT('',(144.468177984382,185.998234427269,-176.056586180645));
#12815=CARTESIAN_POINT('',(144.468177984381,190.09823442727,-171.356586180645));
#12816=CARTESIAN_POINT('',(144.468177984381,190.09823442727,-171.356586180645));
#12817=CARTESIAN_POINT('',(144.468177984382,190.098234427269,-176.056586180645));
#12818=CARTESIAN_POINT('',(144.468177984382,190.098234427269,-176.056586180645));
#12819=CARTESIAN_POINT('',(144.468177984382,185.998234427269,-176.056586180645));
#12820=CARTESIAN_POINT('Origin',(148.468177984381,185.99823442727,-170.956586180644));
#12821=CARTESIAN_POINT('',(144.868177984381,185.99823442727,-170.956586180645));
#12822=CARTESIAN_POINT('',(151.168177984381,185.99823442727,-170.956586180643));
#12823=CARTESIAN_POINT('',(144.868177984381,185.99823442727,-170.956586180645));
#12824=CARTESIAN_POINT('',(151.168177984381,190.09823442727,-170.956586180644));
#12825=CARTESIAN_POINT('',(151.168177984381,190.09823442727,-170.956586180644));
#12826=CARTESIAN_POINT('',(144.868177984381,190.09823442727,-170.956586180645));
#12827=CARTESIAN_POINT('',(144.868177984381,190.09823442727,-170.956586180645));
#12828=CARTESIAN_POINT('',(144.868177984381,185.99823442727,-170.956586180645));
#12829=CARTESIAN_POINT('Origin',(152.168177984383,185.998234427269,-180.956586180643));
#12830=CARTESIAN_POINT('',(152.168177984385,190.098234427268,-189.956586180643));
#12831=CARTESIAN_POINT('',(152.168177984381,190.098234427269,-171.956586180643));
#12832=CARTESIAN_POINT('',(152.168177984385,190.098234427268,-189.956586180643));
#12833=CARTESIAN_POINT('',(152.168177984381,185.998234427269,-171.956586180643));
#12834=CARTESIAN_POINT('',(152.168177984381,185.998234427269,-171.956586180643));
#12835=CARTESIAN_POINT('',(152.168177984385,185.998234427268,-189.956586180643));
#12836=CARTESIAN_POINT('',(152.168177984385,185.998234427268,-189.956586180643));
#12837=CARTESIAN_POINT('',(152.168177984385,190.098234427268,-189.956586180643));
#12838=CARTESIAN_POINT('Origin',(148.468177984385,185.998234427268,-190.956586180644));
#12839=CARTESIAN_POINT('',(144.868177984385,190.098234427268,-190.956586180645));
#12840=CARTESIAN_POINT('',(151.168177984385,190.098234427268,-190.956586180644));
#12841=CARTESIAN_POINT('',(144.868177984385,190.098234427268,-190.956586180645));
#12842=CARTESIAN_POINT('',(151.168177984385,185.998234427268,-190.956586180643));
#12843=CARTESIAN_POINT('',(151.168177984385,185.998234427268,-190.956586180643));
#12844=CARTESIAN_POINT('',(144.868177984385,185.998234427268,-190.956586180645));
#12845=CARTESIAN_POINT('',(144.868177984385,185.998234427268,-190.956586180645));
#12846=CARTESIAN_POINT('',(144.868177984385,190.098234427268,-190.956586180645));
#12847=CARTESIAN_POINT('Origin',(144.468177984383,185.998234427269,-180.956586180645));
#12848=CARTESIAN_POINT('',(144.468177984385,185.998234427268,-190.556586180645));
#12849=CARTESIAN_POINT('',(144.468177984384,185.998234427269,-185.856586180645));
#12850=CARTESIAN_POINT('',(144.468177984385,185.998234427268,-190.556586180645));
#12851=CARTESIAN_POINT('',(144.468177984384,190.098234427269,-185.856586180645));
#12852=CARTESIAN_POINT('',(144.468177984384,190.098234427269,-185.856586180645));
#12853=CARTESIAN_POINT('',(144.468177984385,190.098234427268,-190.556586180645));
#12854=CARTESIAN_POINT('',(144.468177984385,190.098234427268,-190.556586180645));
#12855=CARTESIAN_POINT('',(144.468177984385,185.998234427268,-190.556586180645));
#12856=CARTESIAN_POINT('Origin',(148.468177984384,185.998234427269,-185.456586180644));
#12857=CARTESIAN_POINT('',(144.868177984384,185.998234427269,-185.456586180645));
#12858=CARTESIAN_POINT('',(144.868177984384,185.998234427269,-185.456586180645));
#12859=CARTESIAN_POINT('',(144.868177984384,190.098234427269,-185.456586180645));
#12860=CARTESIAN_POINT('',(144.868177984384,190.098234427269,-185.456586180645));
#12861=CARTESIAN_POINT('',(144.868177984384,185.998234427269,-185.456586180645));
#12862=CARTESIAN_POINT('Origin',(148.468177984384,185.998234427269,-185.456586180644));
#12863=CARTESIAN_POINT('',(148.968177984384,190.098234427269,-185.456586180644));
#12864=CARTESIAN_POINT('',(148.163165421491,190.098234427269,-185.456586180644));
#12865=CARTESIAN_POINT('',(148.968177984384,185.998234427269,-185.456586180644));
#12866=CARTESIAN_POINT('',(148.163165421491,185.998234427269,-185.456586180644));
#12867=CARTESIAN_POINT('',(148.968177984384,185.998234427269,-185.456586180644));
#12868=CARTESIAN_POINT('Origin',(148.968177984383,185.998234427269,-180.956586180644));
#12869=CARTESIAN_POINT('',(148.968177984382,190.098234427269,-176.456586180644));
#12870=CARTESIAN_POINT('',(148.968177984384,190.098234427269,-185.456586180644));
#12871=CARTESIAN_POINT('',(148.968177984382,185.998234427269,-176.456586180644));
#12872=CARTESIAN_POINT('',(148.968177984384,185.998234427269,-185.456586180644));
#12873=CARTESIAN_POINT('',(148.968177984382,185.998234427269,-176.456586180644));
#12874=CARTESIAN_POINT('Origin',(148.468177984382,185.998234427269,-176.456586180644));
#12875=CARTESIAN_POINT('',(148.163165421489,190.098234427269,-176.456586180644));
#12876=CARTESIAN_POINT('',(148.163165421489,185.998234427269,-176.456586180644));
#12877=CARTESIAN_POINT('Origin',(148.468177984383,185.998234427269,-180.956586180644));
#12878=CARTESIAN_POINT('',(152.168177984385,185.998234427268,-189.956586180643));
#12879=CARTESIAN_POINT('',(151.168177984381,185.99823442727,-170.956586180643));
#12880=CARTESIAN_POINT('',(144.468177984381,185.998234427269,-171.356586180645));
#12881=CARTESIAN_POINT('',(144.868177984382,185.998234427269,-176.456586180645));
#12882=CARTESIAN_POINT('',(144.468177984384,185.998234427269,-185.856586180645));
#12883=CARTESIAN_POINT('',(144.868177984385,185.998234427268,-190.956586180645));
#12884=CARTESIAN_POINT('Origin',(148.468177984383,190.098234427269,-180.956586180644));
#12885=CARTESIAN_POINT('',(144.868177984384,190.098234427269,-185.456586180645));
#12886=CARTESIAN_POINT('',(144.468177984382,190.098234427269,-176.056586180645));
#12887=CARTESIAN_POINT('',(144.868177984381,190.09823442727,-170.956586180645));
#12888=CARTESIAN_POINT('',(152.168177984381,190.098234427269,-171.956586180643));
#12889=CARTESIAN_POINT('',(151.168177984385,190.098234427268,-190.956586180644));
#12890=CARTESIAN_POINT('',(144.468177984385,190.098234427268,-190.556586180645));
#12891=CARTESIAN_POINT('Origin',(151.168177984385,185.998234427268,-190.956586180643));
#12892=CARTESIAN_POINT('Origin',(152.168177984381,185.998234427269,-171.956586180643));
#12893=CARTESIAN_POINT('Origin',(144.468177984385,185.998234427268,-190.556586180645));
#12894=CARTESIAN_POINT('Origin',(144.868177984384,185.998234427269,-185.456586180645));
#12895=CARTESIAN_POINT('Origin',(144.468177984382,185.998234427269,-176.056586180645));
#12896=CARTESIAN_POINT('Origin',(144.868177984381,185.99823442727,-170.956586180645));
#12897=CARTESIAN_POINT('Origin',(147.168177984384,185.298234427269,-185.556586180644));
#12898=CARTESIAN_POINT('',(146.670684265831,185.298234427269,-185.506586180644));
#12899=CARTESIAN_POINT('',(147.668177984384,185.298234427269,-185.556586180644));
#12900=CARTESIAN_POINT('Origin',(147.168177984384,185.298234427269,-185.556586180644));
#12901=CARTESIAN_POINT('',(147.668177984384,185.098234427269,-185.556586180644));
#12902=CARTESIAN_POINT('',(147.668177984384,185.298234427269,-185.556586180644));
#12903=CARTESIAN_POINT('',(146.670684265831,185.098234427269,-185.506586180644));
#12904=CARTESIAN_POINT('Origin',(147.168177984384,185.098234427269,-185.556586180644));
#12905=CARTESIAN_POINT('',(146.670684265831,185.298234427269,-185.506586180644));
#12906=CARTESIAN_POINT('Origin',(150.385165879261,185.098234427269,-175.217857412981));
#12907=CARTESIAN_POINT('',(149.968177984382,185.098234427269,-176.450797259657));
#12908=CARTESIAN_POINT('',(150.385165879261,185.098234427269,-173.91631234269));
#12909=CARTESIAN_POINT('Origin',(150.385165879261,185.098234427269,-175.217857412981));
#12910=CARTESIAN_POINT('',(150.385165879261,185.998234427269,-173.91631234269));
#12911=CARTESIAN_POINT('',(150.385165879261,185.098234427269,-173.91631234269));
#12912=CARTESIAN_POINT('Origin',(150.385165879261,185.998234427269,-175.217857412981));
#12913=CARTESIAN_POINT('',(149.105701872152,185.098234427269,-175.456586180644));
#12914=CARTESIAN_POINT('Origin',(150.385165879261,185.098234427269,-175.217857412981));
#12915=CARTESIAN_POINT('',(149.105701872152,185.298234427269,-175.456586180644));
#12916=CARTESIAN_POINT('',(149.105701872152,185.298234427269,-175.456586180644));
#12917=CARTESIAN_POINT('',(149.313578562322,185.298234427269,-175.956586180644));
#12918=CARTESIAN_POINT('Origin',(150.385165879261,185.298234427269,-175.217857412981));
#12919=CARTESIAN_POINT('',(149.313578562322,185.098234427269,-175.956586180644));
#12920=CARTESIAN_POINT('',(149.313578562322,185.298234427269,-175.956586180644));
#12921=CARTESIAN_POINT('',(149.468177984382,185.098234427269,-176.141520106091));
#12922=CARTESIAN_POINT('Origin',(150.385165879261,185.098234427269,-175.217857412981));
#12923=CARTESIAN_POINT('',(149.468177984382,185.298234427269,-176.141520106091));
#12924=CARTESIAN_POINT('',(149.468177984382,185.298234427269,-176.141520106091));
#12925=CARTESIAN_POINT('',(149.968177984382,185.298234427269,-176.450797259657));
#12926=CARTESIAN_POINT('Origin',(150.385165879261,185.298234427269,-175.217857412981));
#12927=CARTESIAN_POINT('',(149.968177984382,185.298234427269,-176.450797259657));
#12928=CARTESIAN_POINT('Origin',(150.591180891651,185.098234427269,-180.956586180643));
#12929=CARTESIAN_POINT('',(150.591180891651,185.298234427269,-180.312576719013));
#12930=CARTESIAN_POINT('Origin',(150.591180891651,185.298234427269,-180.956586180643));
#12931=CARTESIAN_POINT('',(150.591180891651,185.998234427269,-180.312576719013));
#12932=CARTESIAN_POINT('',(150.591180891651,185.098234427269,-180.312576719013));
#12933=CARTESIAN_POINT('Origin',(150.591180891651,185.998234427269,-180.956586180643));
#12934=CARTESIAN_POINT('Origin',(150.385165879264,185.098234427269,-186.695314948306));
#12935=CARTESIAN_POINT('',(149.968177984384,185.098234427269,-185.46237510163));
#12936=CARTESIAN_POINT('',(150.385165879263,185.098234427269,-185.393769878015));
#12937=CARTESIAN_POINT('Origin',(150.385165879264,185.098234427269,-186.695314948306));
#12938=CARTESIAN_POINT('',(149.968177984384,185.298234427269,-185.46237510163));
#12939=CARTESIAN_POINT('',(149.968177984384,185.298234427269,-185.46237510163));
#12940=CARTESIAN_POINT('',(149.468177984384,185.298234427269,-185.771652255197));
#12941=CARTESIAN_POINT('Origin',(150.385165879264,185.298234427269,-186.695314948306));
#12942=CARTESIAN_POINT('',(149.468177984384,185.098234427269,-185.771652255197));
#12943=CARTESIAN_POINT('',(149.468177984384,185.298234427269,-185.771652255197));
#12944=CARTESIAN_POINT('',(149.313578562324,185.098234427269,-185.956586180644));
#12945=CARTESIAN_POINT('Origin',(150.385165879264,185.098234427269,-186.695314948306));
#12946=CARTESIAN_POINT('',(149.313578562324,185.298234427269,-185.956586180644));
#12947=CARTESIAN_POINT('',(149.313578562324,185.298234427269,-185.956586180644));
#12948=CARTESIAN_POINT('',(149.105701872154,185.298234427269,-186.456586180644));
#12949=CARTESIAN_POINT('Origin',(150.385165879264,185.298234427269,-186.695314948306));
#12950=CARTESIAN_POINT('',(149.105701872154,185.098234427269,-186.456586180644));
#12951=CARTESIAN_POINT('',(149.105701872154,185.298234427269,-186.456586180644));
#12952=CARTESIAN_POINT('Origin',(150.385165879264,185.098234427269,-186.695314948306));
#12953=CARTESIAN_POINT('',(150.385165879263,185.998234427269,-185.393769878015));
#12954=CARTESIAN_POINT('',(150.385165879263,185.098234427269,-185.393769878015));
#12955=CARTESIAN_POINT('Origin',(150.385165879264,185.998234427269,-186.695314948306));
#12956=CARTESIAN_POINT('Origin',(148.468177984383,185.098234427269,-180.956586180644));
#12957=CARTESIAN_POINT('',(149.968177984383,185.098234427269,-179.536820203727));
#12958=CARTESIAN_POINT('',(149.968177984382,185.098234427269,-176.450797259657));
#12959=CARTESIAN_POINT('',(152.168177984383,185.098234427269,-179.536820203727));
#12960=CARTESIAN_POINT('',(152.168177984383,185.098234427269,-179.536820203727));
#12961=CARTESIAN_POINT('',(152.168177984381,185.098234427269,-171.956586180643));
#12962=CARTESIAN_POINT('',(152.168177984383,185.098234427269,-179.536820203727));
#12963=CARTESIAN_POINT('',(151.168177984381,185.09823442727,-170.956586180643));
#12964=CARTESIAN_POINT('',(151.168177984381,185.09823442727,-170.956586180643));
#12965=CARTESIAN_POINT('',(144.868177984381,185.09823442727,-170.956586180645));
#12966=CARTESIAN_POINT('',(144.868177984381,185.09823442727,-170.956586180645));
#12967=CARTESIAN_POINT('',(144.468177984381,185.09823442727,-171.356586180645));
#12968=CARTESIAN_POINT('',(144.468177984381,185.09823442727,-171.356586180645));
#12969=CARTESIAN_POINT('',(144.468177984382,185.098234427269,-175.456586180645));
#12970=CARTESIAN_POINT('',(144.468177984382,185.098234427269,-175.456586180645));
#12971=CARTESIAN_POINT('',(149.105701872152,185.098234427269,-175.456586180644));
#12972=CARTESIAN_POINT('Origin',(144.468177984383,185.098234427269,-180.956586180645));
#12973=CARTESIAN_POINT('',(144.468177984382,185.298234427269,-175.456586180645));
#12974=CARTESIAN_POINT('',(144.468177984382,185.298234427269,-175.456586180645));
#12975=CARTESIAN_POINT('',(144.468177984381,185.998234427269,-171.356586180645));
#12976=CARTESIAN_POINT('',(144.468177984381,185.998234427269,-171.356586180645));
#12977=CARTESIAN_POINT('',(144.468177984382,185.998234427269,-176.056586180645));
#12978=CARTESIAN_POINT('',(144.468177984382,185.998234427269,-176.056586180645));
#12979=CARTESIAN_POINT('',(144.468177984382,185.098234427269,-176.056586180645));
#12980=CARTESIAN_POINT('',(144.468177984382,185.098234427269,-176.056586180645));
#12981=CARTESIAN_POINT('',(144.468177984382,185.098234427269,-175.956586180645));
#12982=CARTESIAN_POINT('',(144.468177984382,185.098234427269,-176.056586180645));
#12983=CARTESIAN_POINT('',(144.468177984382,185.298234427269,-175.956586180645));
#12984=CARTESIAN_POINT('',(144.468177984382,185.298234427269,-175.956586180645));
#12985=CARTESIAN_POINT('',(144.468177984382,185.298234427269,-175.956586180645));
#12986=CARTESIAN_POINT('Origin',(148.468177984383,185.098234427269,-180.956586180644));
#12987=CARTESIAN_POINT('',(147.668177984382,185.098234427269,-175.956586180644));
#12988=CARTESIAN_POINT('',(149.313578562322,185.098234427269,-175.956586180644));
#12989=CARTESIAN_POINT('',(147.668177984382,185.098234427269,-176.356586180644));
#12990=CARTESIAN_POINT('',(147.668177984382,185.098234427269,-176.356586180644));
#12991=CARTESIAN_POINT('',(146.670684265829,185.098234427269,-176.406586180644));
#12992=CARTESIAN_POINT('Origin',(147.168177984382,185.098234427269,-176.356586180644));
#12993=CARTESIAN_POINT('',(146.670684265829,185.098234427269,-175.956586180644));
#12994=CARTESIAN_POINT('',(146.670684265829,185.098234427269,-176.406586180644));
#12995=CARTESIAN_POINT('',(146.670684265829,185.098234427269,-175.956586180644));
#12996=CARTESIAN_POINT('',(144.868177984382,185.098234427269,-176.456586180645));
#12997=CARTESIAN_POINT('',(144.868177984382,185.098234427269,-176.456586180645));
#12998=CARTESIAN_POINT('',(146.173190547275,185.098234427269,-176.456586180644));
#12999=CARTESIAN_POINT('',(144.868177984382,185.098234427269,-176.456586180645));
#13000=CARTESIAN_POINT('',(146.918177984382,185.098234427269,-177.324832017196));
#13001=CARTESIAN_POINT('Origin',(147.168177984382,185.098234427269,-176.356586180644));
#13002=CARTESIAN_POINT('',(146.918177984382,185.098234427269,-177.824832017196));
#13003=CARTESIAN_POINT('',(146.918177984382,185.098234427269,-177.324832017196));
#13004=CARTESIAN_POINT('',(147.418177984382,185.098234427269,-177.824832017196));
#13005=CARTESIAN_POINT('',(146.918177984382,185.098234427269,-177.824832017196));
#13006=CARTESIAN_POINT('',(147.418177984382,185.098234427269,-177.324832017196));
#13007=CARTESIAN_POINT('',(147.418177984382,185.098234427269,-177.324832017196));
#13008=CARTESIAN_POINT('',(148.163165421489,185.098234427269,-176.456586180644));
#13009=CARTESIAN_POINT('Origin',(147.168177984382,185.098234427269,-176.356586180644));
#13010=CARTESIAN_POINT('',(148.968177984382,185.098234427269,-176.456586180644));
#13011=CARTESIAN_POINT('',(148.163165421489,185.098234427269,-176.456586180644));
#13012=CARTESIAN_POINT('',(148.968177984384,185.098234427269,-185.456586180644));
#13013=CARTESIAN_POINT('',(148.968177984384,185.098234427269,-185.456586180644));
#13014=CARTESIAN_POINT('',(148.163165421491,185.098234427269,-185.456586180644));
#13015=CARTESIAN_POINT('',(148.163165421491,185.098234427269,-185.456586180644));
#13016=CARTESIAN_POINT('',(147.418177984384,185.098234427269,-184.588340344092));
#13017=CARTESIAN_POINT('Origin',(147.168177984384,185.098234427269,-185.556586180644));
#13018=CARTESIAN_POINT('',(147.418177984384,185.098234427269,-184.088340344092));
#13019=CARTESIAN_POINT('',(147.418177984384,185.098234427269,-184.588340344092));
#13020=CARTESIAN_POINT('',(146.918177984384,185.098234427269,-184.088340344092));
#13021=CARTESIAN_POINT('',(146.918177984384,185.098234427269,-184.088340344092));
#13022=CARTESIAN_POINT('',(146.918177984384,185.098234427269,-184.588340344092));
#13023=CARTESIAN_POINT('',(146.918177984384,185.098234427269,-184.588340344092));
#13024=CARTESIAN_POINT('',(146.173190547277,185.098234427269,-185.456586180644));
#13025=CARTESIAN_POINT('Origin',(147.168177984384,185.098234427269,-185.556586180644));
#13026=CARTESIAN_POINT('',(144.868177984384,185.098234427269,-185.456586180645));
#13027=CARTESIAN_POINT('',(144.868177984384,185.098234427269,-185.456586180645));
#13028=CARTESIAN_POINT('',(144.468177984384,185.098234427269,-185.856586180645));
#13029=CARTESIAN_POINT('',(144.468177984384,185.098234427269,-185.856586180645));
#13030=CARTESIAN_POINT('',(144.468177984384,185.098234427269,-185.956586180645));
#13031=CARTESIAN_POINT('',(144.468177984384,185.098234427269,-185.956586180645));
#13032=CARTESIAN_POINT('',(146.670684265831,185.098234427269,-185.956586180644));
#13033=CARTESIAN_POINT('',(146.670684265831,185.098234427269,-185.956586180644));
#13034=CARTESIAN_POINT('',(146.670684265831,185.098234427269,-185.506586180644));
#13035=CARTESIAN_POINT('',(147.668177984384,185.098234427269,-185.956586180644));
#13036=CARTESIAN_POINT('',(147.668177984384,185.098234427269,-185.556586180644));
#13037=CARTESIAN_POINT('',(149.313578562324,185.098234427269,-185.956586180644));
#13038=CARTESIAN_POINT('',(149.468177984382,185.098234427269,-176.141520106091));
#13039=CARTESIAN_POINT('Origin',(144.468177984383,185.098234427269,-180.956586180645));
#13040=CARTESIAN_POINT('',(144.468177984384,185.298234427269,-185.956586180645));
#13041=CARTESIAN_POINT('',(144.468177984384,185.298234427269,-185.956586180645));
#13042=CARTESIAN_POINT('',(144.468177984384,185.998234427269,-185.856586180645));
#13043=CARTESIAN_POINT('',(144.468177984384,185.998234427269,-185.856586180645));
#13044=CARTESIAN_POINT('',(144.468177984385,185.998234427268,-190.556586180645));
#13045=CARTESIAN_POINT('',(144.468177984385,185.998234427268,-190.556586180645));
#13046=CARTESIAN_POINT('',(144.468177984385,185.098234427268,-190.556586180645));
#13047=CARTESIAN_POINT('',(144.468177984385,185.098234427268,-190.556586180645));
#13048=CARTESIAN_POINT('',(144.468177984384,185.098234427269,-186.456586180645));
#13049=CARTESIAN_POINT('',(144.468177984385,185.098234427268,-190.556586180645));
#13050=CARTESIAN_POINT('',(144.468177984384,185.298234427269,-186.456586180645));
#13051=CARTESIAN_POINT('',(144.468177984384,185.298234427269,-186.456586180645));
#13052=CARTESIAN_POINT('',(144.468177984384,185.298234427269,-186.456586180645));
#13053=CARTESIAN_POINT('Origin',(148.468177984383,185.098234427269,-180.956586180644));
#13054=CARTESIAN_POINT('',(149.105701872154,185.098234427269,-186.456586180644));
#13055=CARTESIAN_POINT('',(144.868177984385,185.098234427268,-190.956586180645));
#13056=CARTESIAN_POINT('',(144.868177984385,185.098234427268,-190.956586180645));
#13057=CARTESIAN_POINT('',(151.168177984385,185.098234427268,-190.956586180643));
#13058=CARTESIAN_POINT('',(144.868177984385,185.098234427268,-190.956586180645));
#13059=CARTESIAN_POINT('',(152.168177984385,185.098234427268,-189.956586180643));
#13060=CARTESIAN_POINT('',(152.168177984385,185.098234427268,-189.956586180643));
#13061=CARTESIAN_POINT('',(152.168177984383,185.098234427269,-182.376352157559));
#13062=CARTESIAN_POINT('',(152.168177984385,185.098234427268,-189.956586180643));
#13063=CARTESIAN_POINT('',(149.968177984383,185.098234427269,-182.37635215756));
#13064=CARTESIAN_POINT('',(152.168177984383,185.098234427269,-182.376352157559));
#13065=CARTESIAN_POINT('',(149.968177984383,185.098234427269,-182.37635215756));
#13066=CARTESIAN_POINT('Origin',(148.468177984382,185.098234427269,-176.456586180644));
#13067=CARTESIAN_POINT('',(148.163165421489,185.998234427269,-176.456586180644));
#13068=CARTESIAN_POINT('',(148.968177984382,185.998234427269,-176.456586180644));
#13069=CARTESIAN_POINT('',(148.163165421489,185.998234427269,-176.456586180644));
#13070=CARTESIAN_POINT('',(148.968177984382,185.098234427269,-176.456586180644));
#13071=CARTESIAN_POINT('',(148.163165421489,185.098234427269,-176.456586180644));
#13072=CARTESIAN_POINT('Origin',(147.168177984382,185.098234427269,-176.356586180644));
#13073=CARTESIAN_POINT('',(147.418177984382,185.998234427269,-177.324832017196));
#13074=CARTESIAN_POINT('Origin',(147.168177984382,185.998234427269,-176.356586180644));
#13075=CARTESIAN_POINT('',(147.418177984382,185.098234427269,-177.324832017196));
#13076=CARTESIAN_POINT('Origin',(147.418177984383,185.098234427269,-180.956586180644));
#13077=CARTESIAN_POINT('',(147.418177984382,185.998234427269,-177.824832017196));
#13078=CARTESIAN_POINT('',(147.418177984382,185.998234427269,-177.324832017196));
#13079=CARTESIAN_POINT('',(147.418177984382,185.098234427269,-177.824832017196));
#13080=CARTESIAN_POINT('Origin',(148.468177984382,185.098234427269,-177.824832017196));
#13081=CARTESIAN_POINT('',(146.918177984382,185.998234427269,-177.824832017196));
#13082=CARTESIAN_POINT('',(146.918177984382,185.998234427269,-177.824832017196));
#13083=CARTESIAN_POINT('',(146.918177984382,185.098234427269,-177.824832017196));
#13084=CARTESIAN_POINT('Origin',(146.918177984383,185.098234427269,-180.956586180644));
#13085=CARTESIAN_POINT('',(146.918177984382,185.998234427269,-177.324832017196));
#13086=CARTESIAN_POINT('',(146.918177984382,185.998234427269,-177.324832017196));
#13087=CARTESIAN_POINT('',(146.918177984382,185.098234427269,-177.324832017196));
#13088=CARTESIAN_POINT('Origin',(147.168177984382,185.098234427269,-176.356586180644));
#13089=CARTESIAN_POINT('',(146.173190547275,185.998234427269,-176.456586180644));
#13090=CARTESIAN_POINT('Origin',(147.168177984382,185.998234427269,-176.356586180644));
#13091=CARTESIAN_POINT('',(146.173190547275,185.098234427269,-176.456586180644));
#13092=CARTESIAN_POINT('Origin',(148.468177984382,185.098234427269,-176.456586180644));
#13093=CARTESIAN_POINT('',(144.868177984382,185.998234427269,-176.456586180645));
#13094=CARTESIAN_POINT('',(144.868177984382,185.998234427269,-176.456586180645));
#13095=CARTESIAN_POINT('',(144.868177984382,185.998234427269,-176.456586180645));
#13096=CARTESIAN_POINT('Origin',(148.468177984381,185.09823442727,-170.956586180644));
#13097=CARTESIAN_POINT('',(151.168177984381,185.99823442727,-170.956586180643));
#13098=CARTESIAN_POINT('',(151.168177984381,185.99823442727,-170.956586180643));
#13099=CARTESIAN_POINT('',(144.868177984381,185.99823442727,-170.956586180645));
#13100=CARTESIAN_POINT('',(144.868177984381,185.99823442727,-170.956586180645));
#13101=CARTESIAN_POINT('',(144.868177984381,185.09823442727,-170.956586180645));
#13102=CARTESIAN_POINT('Origin',(152.168177984383,185.098234427269,-180.956586180643));
#13103=CARTESIAN_POINT('',(152.168177984383,185.298234427269,-182.376352157559));
#13104=CARTESIAN_POINT('',(152.168177984383,185.298234427269,-182.376352157559));
#13105=CARTESIAN_POINT('',(152.168177984385,185.998234427268,-189.956586180643));
#13106=CARTESIAN_POINT('',(152.168177984385,185.998234427268,-189.956586180643));
#13107=CARTESIAN_POINT('',(152.168177984381,185.998234427269,-171.956586180643));
#13108=CARTESIAN_POINT('',(152.168177984385,185.998234427268,-189.956586180643));
#13109=CARTESIAN_POINT('',(152.168177984381,185.098234427269,-171.956586180643));
#13110=CARTESIAN_POINT('',(152.168177984383,185.298234427269,-179.536820203727));
#13111=CARTESIAN_POINT('',(152.168177984383,185.298234427269,-179.536820203727));
#13112=CARTESIAN_POINT('',(152.168177984383,185.298234427269,-179.536820203727));
#13113=CARTESIAN_POINT('Origin',(148.468177984385,185.098234427268,-190.956586180644));
#13114=CARTESIAN_POINT('',(144.868177984385,185.998234427268,-190.956586180645));
#13115=CARTESIAN_POINT('',(151.168177984385,185.998234427268,-190.956586180643));
#13116=CARTESIAN_POINT('',(144.868177984385,185.998234427268,-190.956586180645));
#13117=CARTESIAN_POINT('',(151.168177984385,185.098234427268,-190.956586180643));
#13118=CARTESIAN_POINT('',(144.868177984385,185.998234427268,-190.956586180645));
#13119=CARTESIAN_POINT('Origin',(148.468177984384,185.098234427269,-185.456586180644));
#13120=CARTESIAN_POINT('',(146.173190547277,185.998234427269,-185.456586180644));
#13121=CARTESIAN_POINT('',(146.173190547277,185.098234427269,-185.456586180644));
#13122=CARTESIAN_POINT('',(144.868177984384,185.998234427269,-185.456586180645));
#13123=CARTESIAN_POINT('',(144.868177984384,185.998234427269,-185.456586180645));
#13124=CARTESIAN_POINT('',(144.868177984384,185.098234427269,-185.456586180645));
#13125=CARTESIAN_POINT('Origin',(147.168177984384,185.098234427269,-185.556586180644));
#13126=CARTESIAN_POINT('',(146.918177984384,185.998234427269,-184.588340344092));
#13127=CARTESIAN_POINT('Origin',(147.168177984384,185.998234427269,-185.556586180644));
#13128=CARTESIAN_POINT('',(146.918177984384,185.098234427269,-184.588340344092));
#13129=CARTESIAN_POINT('Origin',(146.918177984383,185.098234427269,-180.956586180644));
#13130=CARTESIAN_POINT('',(146.918177984384,185.998234427269,-184.088340344092));
#13131=CARTESIAN_POINT('',(146.918177984384,185.998234427269,-184.588340344092));
#13132=CARTESIAN_POINT('',(146.918177984384,185.098234427269,-184.088340344092));
#13133=CARTESIAN_POINT('Origin',(148.468177984384,185.098234427269,-184.088340344092));
#13134=CARTESIAN_POINT('',(147.418177984384,185.998234427269,-184.088340344092));
#13135=CARTESIAN_POINT('',(146.918177984384,185.998234427269,-184.088340344092));
#13136=CARTESIAN_POINT('',(147.418177984384,185.098234427269,-184.088340344092));
#13137=CARTESIAN_POINT('Origin',(147.418177984383,185.098234427269,-180.956586180644));
#13138=CARTESIAN_POINT('',(147.418177984384,185.998234427269,-184.588340344092));
#13139=CARTESIAN_POINT('',(147.418177984384,185.998234427269,-184.588340344092));
#13140=CARTESIAN_POINT('',(147.418177984384,185.098234427269,-184.588340344092));
#13141=CARTESIAN_POINT('Origin',(147.168177984384,185.098234427269,-185.556586180644));
#13142=CARTESIAN_POINT('',(148.163165421491,185.998234427269,-185.456586180644));
#13143=CARTESIAN_POINT('Origin',(147.168177984384,185.998234427269,-185.556586180644));
#13144=CARTESIAN_POINT('',(148.163165421491,185.098234427269,-185.456586180644));
#13145=CARTESIAN_POINT('Origin',(148.468177984384,185.098234427269,-185.456586180644));
#13146=CARTESIAN_POINT('',(148.968177984384,185.998234427269,-185.456586180644));
#13147=CARTESIAN_POINT('',(148.163165421491,185.998234427269,-185.456586180644));
#13148=CARTESIAN_POINT('',(148.968177984384,185.098234427269,-185.456586180644));
#13149=CARTESIAN_POINT('Origin',(148.968177984383,185.098234427269,-180.956586180644));
#13150=CARTESIAN_POINT('',(148.968177984384,185.998234427269,-185.456586180644));
#13151=CARTESIAN_POINT('Origin',(148.468177984383,185.998234427269,-180.956586180644));
#13152=CARTESIAN_POINT('',(144.868177984381,185.99823442727,-170.956586180645));
#13153=CARTESIAN_POINT('',(152.168177984381,185.998234427269,-171.956586180643));
#13154=CARTESIAN_POINT('',(151.168177984385,185.998234427268,-190.956586180643));
#13155=CARTESIAN_POINT('',(144.468177984385,185.998234427268,-190.556586180645));
#13156=CARTESIAN_POINT('',(144.868177984384,185.998234427269,-185.456586180645));
#13157=CARTESIAN_POINT('',(144.468177984382,185.998234427269,-176.056586180645));
#13158=CARTESIAN_POINT('Origin',(152.168177984381,185.098234427269,-171.956586180643));
#13159=CARTESIAN_POINT('Origin',(151.168177984385,185.098234427268,-190.956586180643));
#13160=CARTESIAN_POINT('Origin',(144.468177984382,185.098234427269,-176.056586180645));
#13161=CARTESIAN_POINT('Origin',(144.868177984381,185.09823442727,-170.956586180645));
#13162=CARTESIAN_POINT('Origin',(144.868177984384,185.098234427269,-185.456586180645));
#13163=CARTESIAN_POINT('Origin',(144.468177984385,185.098234427268,-190.556586180645));
#13164=CARTESIAN_POINT('Origin',(148.468177984383,185.298234427269,-182.37635215756));
#13165=CARTESIAN_POINT('',(149.968177984383,185.298234427269,-182.37635215756));
#13166=CARTESIAN_POINT('',(152.168177984383,185.298234427269,-182.376352157559));
#13167=CARTESIAN_POINT('',(149.968177984383,185.298234427269,-182.37635215756));
#13168=CARTESIAN_POINT('Origin',(148.468177984383,185.298234427269,-179.536820203728));
#13169=CARTESIAN_POINT('',(149.968177984383,185.298234427269,-179.536820203727));
#13170=CARTESIAN_POINT('',(149.968177984383,185.298234427269,-179.536820203727));
#13171=CARTESIAN_POINT('',(152.168177984383,185.298234427269,-179.536820203727));
#13172=CARTESIAN_POINT('Origin',(149.968177984383,185.298234427269,-180.956586180644));
#13173=CARTESIAN_POINT('',(149.968177984382,185.298234427269,-176.450797259657));
#13174=CARTESIAN_POINT('Origin',(149.468177984383,185.298234427269,-180.956586180644));
#13175=CARTESIAN_POINT('',(149.468177984382,185.298234427269,-176.141520106091));
#13176=CARTESIAN_POINT('Origin',(149.968177984383,185.298234427269,-180.956586180644));
#13177=CARTESIAN_POINT('',(149.968177984383,185.298234427269,-182.37635215756));
#13178=CARTESIAN_POINT('Origin',(148.468177984383,185.298234427269,-180.956586180644));
#13179=CARTESIAN_POINT('Origin',(146.67068426583,185.298234427269,-180.956586180644));
#13180=CARTESIAN_POINT('',(146.670684265831,185.298234427269,-185.956586180644));
#13181=CARTESIAN_POINT('',(146.670684265831,185.298234427269,-185.956586180644));
#13182=CARTESIAN_POINT('',(146.670684265831,185.298234427269,-185.506586180644));
#13183=CARTESIAN_POINT('Origin',(148.468177984384,185.298234427269,-185.956586180644));
#13184=CARTESIAN_POINT('',(146.670684265831,185.298234427269,-185.956586180644));
#13185=CARTESIAN_POINT('Origin',(148.468177984384,185.298234427269,-186.456586180644));
#13186=CARTESIAN_POINT('',(149.105701872154,185.298234427269,-186.456586180644));
#13187=CARTESIAN_POINT('Origin',(148.468177984384,185.298234427269,-185.956586180644));
#13188=CARTESIAN_POINT('',(147.668177984384,185.298234427269,-185.956586180644));
#13189=CARTESIAN_POINT('',(147.668177984384,185.298234427269,-185.956586180644));
#13190=CARTESIAN_POINT('',(149.313578562324,185.298234427269,-185.956586180644));
#13191=CARTESIAN_POINT('Origin',(147.668177984383,185.298234427269,-180.956586180644));
#13192=CARTESIAN_POINT('',(147.668177984384,185.298234427269,-185.556586180644));
#13193=CARTESIAN_POINT('Origin',(148.468177984383,185.298234427269,-180.956586180644));
#13194=CARTESIAN_POINT('Origin',(147.168177984382,185.298234427269,-176.356586180644));
#13195=CARTESIAN_POINT('',(147.668177984382,185.298234427269,-176.356586180644));
#13196=CARTESIAN_POINT('',(147.668177984382,185.298234427269,-176.356586180644));
#13197=CARTESIAN_POINT('',(146.670684265829,185.298234427269,-176.406586180644));
#13198=CARTESIAN_POINT('Origin',(147.168177984382,185.298234427269,-176.356586180644));
#13199=CARTESIAN_POINT('',(146.670684265829,185.298234427269,-176.406586180644));
#13200=CARTESIAN_POINT('Origin',(147.668177984383,185.298234427269,-180.956586180644));
#13201=CARTESIAN_POINT('',(147.668177984382,185.298234427269,-175.956586180644));
#13202=CARTESIAN_POINT('',(147.668177984382,185.298234427269,-175.956586180644));
#13203=CARTESIAN_POINT('',(147.668177984382,185.298234427269,-176.356586180644));
#13204=CARTESIAN_POINT('Origin',(148.468177984382,185.298234427269,-175.956586180644));
#13205=CARTESIAN_POINT('',(149.313578562322,185.298234427269,-175.956586180644));
#13206=CARTESIAN_POINT('Origin',(148.468177984382,185.298234427269,-175.456586180644));
#13207=CARTESIAN_POINT('',(149.105701872152,185.298234427269,-175.456586180644));
#13208=CARTESIAN_POINT('Origin',(148.468177984382,185.298234427269,-175.956586180644));
#13209=CARTESIAN_POINT('',(146.670684265829,185.298234427269,-175.956586180644));
#13210=CARTESIAN_POINT('',(146.670684265829,185.298234427269,-175.956586180644));
#13211=CARTESIAN_POINT('',(146.670684265829,185.298234427269,-175.956586180644));
#13212=CARTESIAN_POINT('Origin',(146.67068426583,185.298234427269,-180.956586180644));
#13213=CARTESIAN_POINT('',(146.670684265829,185.298234427269,-176.406586180644));
#13214=CARTESIAN_POINT('Origin',(148.468177984383,185.298234427269,-180.956586180644));
#13215=CARTESIAN_POINT('Origin',(150.385165879264,185.998234427269,-186.695314948306));
#13216=CARTESIAN_POINT('',(150.385165879264,185.998234427269,-187.996860018597));
#13217=CARTESIAN_POINT('Origin',(150.385165879264,185.998234427269,-186.695314948306));
#13218=CARTESIAN_POINT('',(150.385165879264,184.872395847007,-187.348390029129));
#13219=CARTESIAN_POINT('Origin',(150.385165879264,185.998234427269,-186.695314948306));
#13220=CARTESIAN_POINT('',(150.159100422416,184.894198752957,-187.346482522027));
#13221=CARTESIAN_POINT('Origin',(150.385165879264,186.046385067211,-187.24567928126));
#13222=CARTESIAN_POINT('',(150.144868844314,184.731531070903,-186.873470812546));
#13223=CARTESIAN_POINT('Origin',(150.256674535006,186.009475963252,-186.695314948306));
#13224=CARTESIAN_POINT('',(149.674125827884,184.920130033179,-186.856970541394));
#13225=CARTESIAN_POINT('Origin',(150.385165879264,186.004080612727,-186.762137153861));
#13226=CARTESIAN_POINT('',(149.674237142022,184.921402359603,-186.524925398718));
#13227=CARTESIAN_POINT('Origin',(149.773132407607,186.051780417737,-186.695314948306));
#13228=CARTESIAN_POINT('',(150.144977240863,184.732770049129,-186.508422209977));
#13229=CARTESIAN_POINT('Origin',(150.385165879264,186.00484859529,-186.61971466188));
#13230=CARTESIAN_POINT('',(150.159530710374,184.899116966826,-186.035732391905));
#13231=CARTESIAN_POINT('Origin',(150.256674535006,186.009475963252,-186.695314948306));
#13232=CARTESIAN_POINT('',(150.496807461241,184.882617870715,-186.034288908037));
#13233=CARTESIAN_POINT('Origin',(150.385165879264,186.047153049775,-186.136172534482));
#13234=CARTESIAN_POINT('',(150.511333985623,184.716578937246,-186.507005671237));
#13235=CARTESIAN_POINT('Origin',(150.399097026987,185.999453244764,-186.695314948306));
#13236=CARTESIAN_POINT('',(150.986265482367,184.857303350477,-186.519317462076));
#13237=CARTESIAN_POINT('Origin',(150.385165879264,186.00484859529,-186.61971466188));
#13238=CARTESIAN_POINT('',(150.986375324419,184.856047850073,-186.86257700595));
#13239=CARTESIAN_POINT('Origin',(150.882639154385,186.041757699249,-186.695314948306));
#13240=CARTESIAN_POINT('',(150.511442694484,184.715336389286,-186.874887663597));
#13241=CARTESIAN_POINT('Origin',(150.385165879264,186.004080612727,-186.762137153861));
#13242=CARTESIAN_POINT('',(150.497236279364,184.877716457136,-187.34792453606));
#13243=CARTESIAN_POINT('Origin',(150.399097026987,185.999453244764,-186.695314948306));
#13244=CARTESIAN_POINT('Origin',(150.385165879264,186.046385067211,-187.24567928126));
#13245=CARTESIAN_POINT('Origin',(152.302153774142,185.998234427269,-180.956586180643));
#13246=CARTESIAN_POINT('Origin',(148.468177984384,185.798234427269,-187.267389649102));
#13247=CARTESIAN_POINT('',(150.416701392406,185.798234427269,-187.267389649101));
#13248=CARTESIAN_POINT('',(150.497236279364,184.877716457136,-187.34792453606));
#13249=CARTESIAN_POINT('',(150.238193295341,185.798234427269,-187.267389649101));
#13250=CARTESIAN_POINT('',(150.238193295341,185.798234427269,-187.267389649101));
#13251=CARTESIAN_POINT('',(150.159100422416,184.894198752957,-187.346482522027));
#13252=CARTESIAN_POINT('Origin',(150.23819329534,185.798234427269,-180.956586180644));
#13253=CARTESIAN_POINT('',(150.238193295341,185.798234427269,-186.780146361519));
#13254=CARTESIAN_POINT('',(150.238193295341,185.798234427269,-186.780146361519));
#13255=CARTESIAN_POINT('',(150.144868844314,184.731531070903,-186.873470812546));
#13256=CARTESIAN_POINT('Origin',(148.468177984384,185.798234427269,-186.780146361519));
#13257=CARTESIAN_POINT('',(149.750950007759,185.798234427269,-186.780146361519));
#13258=CARTESIAN_POINT('',(149.750950007759,185.798234427269,-186.780146361519));
#13259=CARTESIAN_POINT('',(149.674125827884,184.920130033179,-186.856970541394));
#13260=CARTESIAN_POINT('Origin',(149.750950007757,185.798234427269,-180.956586180644));
#13261=CARTESIAN_POINT('',(149.750950007759,185.798234427269,-186.601638264455));
#13262=CARTESIAN_POINT('',(149.750950007759,185.798234427269,-186.601638264455));
#13263=CARTESIAN_POINT('',(149.674237142022,184.921402359603,-186.524925398718));
#13264=CARTESIAN_POINT('Origin',(148.468177984384,185.798234427269,-186.601638264455));
#13265=CARTESIAN_POINT('',(150.238193295341,185.798234427269,-186.601638264455));
#13266=CARTESIAN_POINT('',(150.238193295341,185.798234427269,-186.601638264455));
#13267=CARTESIAN_POINT('',(150.144977240863,184.732770049129,-186.508422209977));
#13268=CARTESIAN_POINT('Origin',(150.23819329534,185.798234427269,-180.956586180644));
#13269=CARTESIAN_POINT('',(150.238193295341,185.798234427269,-186.114394976872));
#13270=CARTESIAN_POINT('',(150.238193295341,185.798234427269,-186.114394976872));
#13271=CARTESIAN_POINT('',(150.159530710374,184.899116966826,-186.035732391905));
#13272=CARTESIAN_POINT('Origin',(148.468177984384,185.798234427269,-186.114394976872));
#13273=CARTESIAN_POINT('',(150.416701392406,185.798234427269,-186.114394976872));
#13274=CARTESIAN_POINT('',(150.416701392406,185.798234427269,-186.114394976872));
#13275=CARTESIAN_POINT('',(150.496807461241,184.882617870715,-186.034288908037));
#13276=CARTESIAN_POINT('Origin',(150.416701392404,185.798234427269,-180.956586180643));
#13277=CARTESIAN_POINT('',(150.416701392406,185.798234427269,-186.601638264455));
#13278=CARTESIAN_POINT('',(150.416701392406,185.798234427269,-186.601638264455));
#13279=CARTESIAN_POINT('',(150.511333985623,184.716578937246,-186.507005671237));
#13280=CARTESIAN_POINT('Origin',(148.468177984384,185.798234427269,-186.601638264455));
#13281=CARTESIAN_POINT('',(150.903944679988,185.798234427269,-186.601638264454));
#13282=CARTESIAN_POINT('',(150.903944679988,185.798234427269,-186.601638264454));
#13283=CARTESIAN_POINT('',(150.986265482367,184.857303350477,-186.519317462076));
#13284=CARTESIAN_POINT('Origin',(150.903944679987,185.798234427269,-180.956586180643));
#13285=CARTESIAN_POINT('',(150.903944679988,185.798234427269,-186.780146361519));
#13286=CARTESIAN_POINT('',(150.903944679988,185.798234427269,-186.780146361519));
#13287=CARTESIAN_POINT('',(150.986375324419,184.856047850073,-186.86257700595));
#13288=CARTESIAN_POINT('Origin',(148.468177984384,185.798234427269,-186.780146361519));
#13289=CARTESIAN_POINT('',(150.416701392406,185.798234427269,-186.780146361519));
#13290=CARTESIAN_POINT('',(150.416701392406,185.798234427269,-186.780146361519));
#13291=CARTESIAN_POINT('',(150.511442694484,184.715336389286,-186.874887663597));
#13292=CARTESIAN_POINT('Origin',(150.416701392404,185.798234427269,-180.956586180643));
#13293=CARTESIAN_POINT('',(150.416701392406,185.798234427269,-187.267389649101));
#13294=CARTESIAN_POINT('Origin',(148.468177984383,185.798234427269,-180.956586180644));
#13295=CARTESIAN_POINT('Origin',(150.385165879261,185.998234427269,-175.217857412981));
#13296=CARTESIAN_POINT('',(150.385165879262,185.998234427269,-176.519402483272));
#13297=CARTESIAN_POINT('Origin',(150.385165879261,185.998234427269,-175.217857412981));
#13298=CARTESIAN_POINT('',(150.385165879261,184.877319151649,-175.879347031099));
#13299=CARTESIAN_POINT('Origin',(150.385165879261,185.998234427269,-175.217857412981));
#13300=CARTESIAN_POINT('',(150.159530710372,184.899116966827,-175.877439969382));
#13301=CARTESIAN_POINT('Origin',(150.385165879261,186.047153049775,-175.776999826805));
#13302=CARTESIAN_POINT('',(150.144977240861,184.732770049129,-175.40475015131));
#13303=CARTESIAN_POINT('Origin',(150.256674535003,186.009475963253,-175.217857412981));
#13304=CARTESIAN_POINT('',(149.67423714202,184.921402359604,-175.388246962569));
#13305=CARTESIAN_POINT('Origin',(150.385165879261,186.004848595291,-175.293457699407));
#13306=CARTESIAN_POINT('',(149.674125827881,184.92013003318,-175.056201819893));
#13307=CARTESIAN_POINT('Origin',(149.773132407605,186.051780417738,-175.217857412981));
#13308=CARTESIAN_POINT('',(150.144868844312,184.731531070903,-175.039701548741));
#13309=CARTESIAN_POINT('Origin',(150.385165879261,186.004080612727,-175.151035207426));
#13310=CARTESIAN_POINT('',(150.159100422413,184.894198752958,-174.56668983926));
#13311=CARTESIAN_POINT('Origin',(150.256674535003,186.009475963253,-175.217857412981));
#13312=CARTESIAN_POINT('',(150.497236279362,184.877716457136,-174.565247825227));
#13313=CARTESIAN_POINT('Origin',(150.385165879261,186.046385067212,-174.667493080027));
#13314=CARTESIAN_POINT('',(150.511442694481,184.715336389287,-175.03828469769));
#13315=CARTESIAN_POINT('Origin',(150.399097026984,185.999453244765,-175.217857412981));
#13316=CARTESIAN_POINT('',(150.986375324417,184.856047850073,-175.050595355337));
#13317=CARTESIAN_POINT('Origin',(150.385165879261,186.004080612727,-175.151035207426));
#13318=CARTESIAN_POINT('',(150.986265482364,184.857303350478,-175.393854899211));
#13319=CARTESIAN_POINT('Origin',(150.882639154383,186.04175769925,-175.217857412981));
#13320=CARTESIAN_POINT('',(150.511333985621,184.716578937247,-175.40616669005));
#13321=CARTESIAN_POINT('Origin',(150.385165879261,186.004848595291,-175.293457699407));
#13322=CARTESIAN_POINT('',(150.496807461238,184.882617870715,-175.87888345325));
#13323=CARTESIAN_POINT('Origin',(150.399097026984,185.999453244765,-175.217857412981));
#13324=CARTESIAN_POINT('Origin',(150.385165879261,186.047153049775,-175.776999826805));
#13325=CARTESIAN_POINT('Origin',(152.302153774142,185.998234427269,-180.956586180643));
#13326=CARTESIAN_POINT('Origin',(148.468177984382,185.798234427269,-174.645782712186));
#13327=CARTESIAN_POINT('',(150.238193295339,185.798234427269,-174.645782712186));
#13328=CARTESIAN_POINT('',(150.159100422413,184.894198752958,-174.56668983926));
#13329=CARTESIAN_POINT('',(150.416701392403,185.798234427269,-174.645782712186));
#13330=CARTESIAN_POINT('',(150.238193295339,185.798234427269,-174.645782712186));
#13331=CARTESIAN_POINT('',(150.497236279362,184.877716457136,-174.565247825227));
#13332=CARTESIAN_POINT('Origin',(150.416701392404,185.798234427269,-180.956586180643));
#13333=CARTESIAN_POINT('',(150.416701392403,185.798234427269,-175.133025999768));
#13334=CARTESIAN_POINT('',(150.416701392403,185.798234427269,-174.645782712186));
#13335=CARTESIAN_POINT('',(150.511442694481,184.715336389287,-175.03828469769));
#13336=CARTESIAN_POINT('Origin',(148.468177984382,185.798234427269,-175.133025999768));
#13337=CARTESIAN_POINT('',(150.903944679986,185.798234427269,-175.133025999768));
#13338=CARTESIAN_POINT('',(150.416701392403,185.798234427269,-175.133025999768));
#13339=CARTESIAN_POINT('',(150.986375324417,184.856047850073,-175.050595355337));
#13340=CARTESIAN_POINT('Origin',(150.903944679987,185.798234427269,-180.956586180643));
#13341=CARTESIAN_POINT('',(150.903944679986,185.798234427269,-175.311534096832));
#13342=CARTESIAN_POINT('',(150.903944679986,185.798234427269,-175.133025999768));
#13343=CARTESIAN_POINT('',(150.986265482364,184.857303350478,-175.393854899211));
#13344=CARTESIAN_POINT('Origin',(148.468177984382,185.798234427269,-175.311534096833));
#13345=CARTESIAN_POINT('',(150.416701392403,185.798234427269,-175.311534096832));
#13346=CARTESIAN_POINT('',(150.903944679986,185.798234427269,-175.311534096832));
#13347=CARTESIAN_POINT('',(150.511333985621,184.716578937247,-175.40616669005));
#13348=CARTESIAN_POINT('Origin',(150.416701392404,185.798234427269,-180.956586180643));
#13349=CARTESIAN_POINT('',(150.416701392403,185.798234427269,-175.798777384415));
#13350=CARTESIAN_POINT('',(150.416701392403,185.798234427269,-175.311534096832));
#13351=CARTESIAN_POINT('',(150.496807461238,184.882617870715,-175.87888345325));
#13352=CARTESIAN_POINT('Origin',(148.468177984382,185.798234427269,-175.798777384415));
#13353=CARTESIAN_POINT('',(150.238193295339,185.798234427269,-175.798777384415));
#13354=CARTESIAN_POINT('',(150.416701392403,185.798234427269,-175.798777384415));
#13355=CARTESIAN_POINT('',(150.159530710372,184.899116966827,-175.877439969382));
#13356=CARTESIAN_POINT('Origin',(150.23819329534,185.798234427269,-180.956586180644));
#13357=CARTESIAN_POINT('',(150.238193295339,185.798234427269,-175.311534096832));
#13358=CARTESIAN_POINT('',(150.238193295339,185.798234427269,-175.798777384415));
#13359=CARTESIAN_POINT('',(150.144977240861,184.732770049129,-175.40475015131));
#13360=CARTESIAN_POINT('Origin',(148.468177984382,185.798234427269,-175.311534096833));
#13361=CARTESIAN_POINT('',(149.750950007756,185.798234427269,-175.311534096833));
#13362=CARTESIAN_POINT('',(150.238193295339,185.798234427269,-175.311534096832));
#13363=CARTESIAN_POINT('',(149.67423714202,184.921402359604,-175.388246962569));
#13364=CARTESIAN_POINT('Origin',(149.750950007757,185.798234427269,-180.956586180644));
#13365=CARTESIAN_POINT('',(149.750950007756,185.798234427269,-175.133025999768));
#13366=CARTESIAN_POINT('',(149.750950007756,185.798234427269,-175.311534096833));
#13367=CARTESIAN_POINT('',(149.674125827881,184.92013003318,-175.056201819893));
#13368=CARTESIAN_POINT('Origin',(148.468177984382,185.798234427269,-175.133025999768));
#13369=CARTESIAN_POINT('',(150.238193295339,185.798234427269,-175.133025999768));
#13370=CARTESIAN_POINT('',(149.750950007756,185.798234427269,-175.133025999768));
#13371=CARTESIAN_POINT('',(150.144868844312,184.731531070903,-175.039701548741));
#13372=CARTESIAN_POINT('Origin',(150.23819329534,185.798234427269,-180.956586180644));
#13373=CARTESIAN_POINT('',(150.238193295339,185.798234427269,-175.133025999768));
#13374=CARTESIAN_POINT('Origin',(148.468177984383,185.798234427269,-180.956586180644));
#13375=CARTESIAN_POINT('',(2.27572361965379E-11,-13.2500000000496,-277.499999999999));
#13376=CARTESIAN_POINT('',(0.,0.,0.));
#13377=CARTESIAN_POINT('',(-180.956413819333,-522.467822015651,47.5482344272814));
#13378=UNCERTAINTY_MEASURE_WITH_UNIT(LENGTH_MEASURE(0.01),#13390,
'DISTANCE_ACCURACY_VALUE',
'Maximum model space distance between geometric entities at asserted c
onnectivities');
#13379=UNCERTAINTY_MEASURE_WITH_UNIT(LENGTH_MEASURE(0.01),#13390,
'DISTANCE_ACCURACY_VALUE',
'Maximum model space distance between geometric entities at asserted c
onnectivities');
#13380=UNCERTAINTY_MEASURE_WITH_UNIT(LENGTH_MEASURE(0.01),#13390,
'DISTANCE_ACCURACY_VALUE',
'Maximum model space distance between geometric entities at asserted c
onnectivities');
#13381=UNCERTAINTY_MEASURE_WITH_UNIT(LENGTH_MEASURE(0.01),#13390,
'DISTANCE_ACCURACY_VALUE',
'Maximum model space distance between geometric entities at asserted c
onnectivities');
#13382=UNCERTAINTY_MEASURE_WITH_UNIT(LENGTH_MEASURE(0.01),#13390,
'DISTANCE_ACCURACY_VALUE',
'Maximum model space distance between geometric entities at asserted c
onnectivities');
#13383=UNCERTAINTY_MEASURE_WITH_UNIT(LENGTH_MEASURE(0.01),#13390,
'DISTANCE_ACCURACY_VALUE',
'Maximum model space distance between geometric entities at asserted c
onnectivities');
#13384=(
GEOMETRIC_REPRESENTATION_CONTEXT(3)
GLOBAL_UNCERTAINTY_ASSIGNED_CONTEXT((#13378))
GLOBAL_UNIT_ASSIGNED_CONTEXT((#13390,#13392,#13393))
REPRESENTATION_CONTEXT('','3D')
);
#13385=(
GEOMETRIC_REPRESENTATION_CONTEXT(3)
GLOBAL_UNCERTAINTY_ASSIGNED_CONTEXT((#13379))
GLOBAL_UNIT_ASSIGNED_CONTEXT((#13390,#13392,#13393))
REPRESENTATION_CONTEXT('','3D')
);
#13386=(
GEOMETRIC_REPRESENTATION_CONTEXT(3)
GLOBAL_UNCERTAINTY_ASSIGNED_CONTEXT((#13380))
GLOBAL_UNIT_ASSIGNED_CONTEXT((#13390,#13392,#13393))
REPRESENTATION_CONTEXT('','3D')
);
#13387=(
GEOMETRIC_REPRESENTATION_CONTEXT(3)
GLOBAL_UNCERTAINTY_ASSIGNED_CONTEXT((#13381))
GLOBAL_UNIT_ASSIGNED_CONTEXT((#13390,#13392,#13393))
REPRESENTATION_CONTEXT('','3D')
);
#13388=(
GEOMETRIC_REPRESENTATION_CONTEXT(3)
GLOBAL_UNCERTAINTY_ASSIGNED_CONTEXT((#13382))
GLOBAL_UNIT_ASSIGNED_CONTEXT((#13390,#13392,#13393))
REPRESENTATION_CONTEXT('','3D')
);
#13389=(
GEOMETRIC_REPRESENTATION_CONTEXT(3)
GLOBAL_UNCERTAINTY_ASSIGNED_CONTEXT((#13383))
GLOBAL_UNIT_ASSIGNED_CONTEXT((#13390,#13392,#13393))
REPRESENTATION_CONTEXT('','3D')
);
#13390=(
LENGTH_UNIT()
NAMED_UNIT(*)
SI_UNIT(.MILLI.,.METRE.)
);
#13391=(
LENGTH_UNIT()
NAMED_UNIT(*)
SI_UNIT($,.METRE.)
);
#13392=(
NAMED_UNIT(*)
PLANE_ANGLE_UNIT()
SI_UNIT($,.RADIAN.)
);
#13393=(
NAMED_UNIT(*)
SI_UNIT($,.STERADIAN.)
SOLID_ANGLE_UNIT()
);
#13394=SHAPE_DEFINITION_REPRESENTATION(#13399,#13422);
#13395=SHAPE_DEFINITION_REPRESENTATION(#13400,#13423);
#13396=SHAPE_DEFINITION_REPRESENTATION(#13401,#13424);
#13397=SHAPE_DEFINITION_REPRESENTATION(#13417,#13425);
#13398=SHAPE_DEFINITION_REPRESENTATION(#13418,#13426);
#13399=PRODUCT_DEFINITION_SHAPE('',$,#13428);
#13400=PRODUCT_DEFINITION_SHAPE('',$,#13429);
#13401=PRODUCT_DEFINITION_SHAPE('',$,#13430);
#13402=PRODUCT_DEFINITION_SHAPE($,$,#69);
#13403=PRODUCT_DEFINITION_SHAPE($,$,#70);
#13404=PRODUCT_DEFINITION_SHAPE($,$,#71);
#13405=PRODUCT_DEFINITION_SHAPE($,$,#72);
#13406=PRODUCT_DEFINITION_SHAPE($,$,#73);
#13407=PRODUCT_DEFINITION_SHAPE($,$,#74);
#13408=PRODUCT_DEFINITION_SHAPE($,$,#75);
#13409=PRODUCT_DEFINITION_SHAPE($,$,#76);
#13410=PRODUCT_DEFINITION_SHAPE($,$,#77);
#13411=PRODUCT_DEFINITION_SHAPE($,$,#78);
#13412=PRODUCT_DEFINITION_SHAPE($,$,#79);
#13413=PRODUCT_DEFINITION_SHAPE($,$,#80);
#13414=PRODUCT_DEFINITION_SHAPE($,$,#81);
#13415=PRODUCT_DEFINITION_SHAPE($,$,#82);
#13416=PRODUCT_DEFINITION_SHAPE($,$,#83);
#13417=PRODUCT_DEFINITION_SHAPE('',$,#13431);
#13418=PRODUCT_DEFINITION_SHAPE('',$,#13432);
#13419=PRODUCT_DEFINITION_SHAPE($,$,#84);
#13420=PRODUCT_DEFINITION_SHAPE($,$,#85);
#13421=PRODUCT_DEFINITION_SHAPE($,$,#86);
#13422=SHAPE_REPRESENTATION('',(#8052,#8771,#8772,#8773),#13384);
#13423=SHAPE_REPRESENTATION('',(#8053,#8294,#8295,#8296,#8297,#8298,#8299,
#8300,#8301,#8302,#8303,#8304,#8305,#8306,#8307,#8308),#13385);
#13424=SHAPE_REPRESENTATION('',(#8054),#13386);
#13425=SHAPE_REPRESENTATION('',(#8309),#13387);
#13426=SHAPE_REPRESENTATION('',(#8383),#13388);
#13427=PRODUCT_DEFINITION_CONTEXT('part definition',#13444,'design');
#13428=PRODUCT_DEFINITION('2026-09-02-18-19-40-662',
'_V2_Y_extrusion_assembly',#13433,#13427);
#13429=PRODUCT_DEFINITION('2026-09-02-18-19-40-662_1',
'_MGN9 rail - 300mm',#13434,#13427);
#13430=PRODUCT_DEFINITION('2026-09-02-18-19-40-665','_M3x8 SHCS',#13435,
#13427);
#13431=PRODUCT_DEFINITION('2026-09-02-18-19-40-665_1','_HFSB5-2020-350',
#13436,#13427);
#13432=PRODUCT_DEFINITION('2026-09-02-18-19-40-662_2','_MGN9H',#13437,#13427);
#13433=PRODUCT_DEFINITION_FORMATION('',$,#13446);
#13434=PRODUCT_DEFINITION_FORMATION('',$,#13447);
#13435=PRODUCT_DEFINITION_FORMATION('',$,#13448);
#13436=PRODUCT_DEFINITION_FORMATION('',$,#13449);
#13437=PRODUCT_DEFINITION_FORMATION('',$,#13450);
#13438=PRODUCT_RELATED_PRODUCT_CATEGORY('_V2_Y_extrusion_assembly',
'_V2_Y_extrusion_assembly',(#13446));
#13439=PRODUCT_RELATED_PRODUCT_CATEGORY('_MGN9 rail - 300mm',
'_MGN9 rail - 300mm',(#13447));
#13440=PRODUCT_RELATED_PRODUCT_CATEGORY('_M3x8 SHCS','_M3x8 SHCS',(#13448));
#13441=PRODUCT_RELATED_PRODUCT_CATEGORY('_HFSB5-2020-350',
'_HFSB5-2020-350',(#13449));
#13442=PRODUCT_RELATED_PRODUCT_CATEGORY('_MGN9H','_MGN9H',(#13450));
#13443=APPLICATION_PROTOCOL_DEFINITION('international standard',
'automotive_design',2009,#13444);
#13444=APPLICATION_CONTEXT(
'Core Data for Automotive Mechanical Design Process');
#13445=PRODUCT_CONTEXT('part definition',#13444,'mechanical');
#13446=PRODUCT('2026-09-02-18-19-40-662','_V2_Y_extrusion_assembly',$,(#13445));
#13447=PRODUCT('2026-09-02-18-19-40-662_1','_MGN9 rail - 300mm',$,(#13445));
#13448=PRODUCT('2026-09-02-18-19-40-665','_M3x8 SHCS',$,(#13445));
#13449=PRODUCT('2026-09-02-18-19-40-665_1','_HFSB5-2020-350',$,(#13445));
#13450=PRODUCT('2026-09-02-18-19-40-662_2','_MGN9H',$,(#13445));
#13451=PRESENTATION_STYLE_ASSIGNMENT((#13456));
#13452=PRESENTATION_STYLE_ASSIGNMENT((#13457));
#13453=PRESENTATION_STYLE_ASSIGNMENT((#13458));
#13454=PRESENTATION_STYLE_ASSIGNMENT((#13459));
#13455=PRESENTATION_STYLE_ASSIGNMENT((#13460));
#13456=SURFACE_STYLE_USAGE(.BOTH.,#13461);
#13457=SURFACE_STYLE_USAGE(.BOTH.,#13462);
#13458=SURFACE_STYLE_USAGE(.BOTH.,#13463);
#13459=SURFACE_STYLE_USAGE(.BOTH.,#13464);
#13460=SURFACE_STYLE_USAGE(.BOTH.,#13465);
#13461=SURFACE_SIDE_STYLE('',(#13466));
#13462=SURFACE_SIDE_STYLE('',(#13467));
#13463=SURFACE_SIDE_STYLE('',(#13468));
#13464=SURFACE_SIDE_STYLE('',(#13469));
#13465=SURFACE_SIDE_STYLE('',(#13470));
#13466=SURFACE_STYLE_FILL_AREA(#13471);
#13467=SURFACE_STYLE_FILL_AREA(#13472);
#13468=SURFACE_STYLE_FILL_AREA(#13473);
#13469=SURFACE_STYLE_FILL_AREA(#13474);
#13470=SURFACE_STYLE_FILL_AREA(#13475);
#13471=FILL_AREA_STYLE('Steel - Satin',(#13476));
#13472=FILL_AREA_STYLE('Aluminum - Bead Blasted',(#13477));
#13473=FILL_AREA_STYLE('Aluminum - Satin',(#13478));
#13474=FILL_AREA_STYLE('Opaque(40,40,40)',(#13479));
#13475=FILL_AREA_STYLE('Prism Opaque',(#13480));
#13476=FILL_AREA_STYLE_COLOUR('Steel - Satin',#13481);
#13477=FILL_AREA_STYLE_COLOUR('Aluminum - Bead Blasted',#13482);
#13478=FILL_AREA_STYLE_COLOUR('Aluminum - Satin',#13483);
#13479=FILL_AREA_STYLE_COLOUR('Opaque(40,40,40)',#13484);
#13480=FILL_AREA_STYLE_COLOUR('Prism Opaque',#13485);
#13481=COLOUR_RGB('Steel - Satin',0.627450980392157,0.627450980392157,0.627450980392157);
#13482=COLOUR_RGB('Aluminum - Bead Blasted',0.376470588235294,0.376470588235294,
0.376470588235294);
#13483=COLOUR_RGB('Aluminum - Satin',0.96078431372549,0.96078431372549,
0.964705882352941);
#13484=COLOUR_RGB('Opaque(40,40,40)',0.156862745098039,0.156862745098039,
0.156862745098039);
#13485=COLOUR_RGB('Prism Opaque',1.,1.,1.);
ENDSEC;
END-ISO-10303-21;
