ISO-10303-21;
HEADER;
/* Generated by software containing ST-Developer
 * from STEP Tools, Inc. (www.steptools.com) 
 */

FILE_DESCRIPTION(
/* description */ (''),
/* implementation_level */ '2;1');

FILE_NAME(
/* name */ '__tmp_export.step',
/* time_stamp */ '2026-09-02T18:17:10+02:00',
/* author */ (''),
/* organization */ (''),
/* preprocessor_version */ 'ST-DEVELOPER v20.1',
/* originating_system */ 'Autodesk Translation Framework v15.8.0.0',
/* authorisation */ '');

FILE_SCHEMA (('AUTOMOTIVE_DESIGN { 1 0 10303 214 3 1 1 }'));
ENDSEC;

DATA;
#10=MECHANICAL_DESIGN_GEOMETRIC_PRESENTATION_REPRESENTATION('',(#181,#182,
#183,#184,#185,#186,#187,#188,#189,#190,#191,#192,#193,#194,#195),#15418);
#11=SPHERICAL_SURFACE('',#9429,2.72808437944638);
#12=SPHERICAL_SURFACE('',#9459,2.72808437944638);
#13=SPHERICAL_SURFACE('',#9489,2.72808437944638);
#14=SPHERICAL_SURFACE('',#9599,2.72808437944638);
#15=ITEM_DEFINED_TRANSFORMATION($,$,#9083,#9263);
#16=ITEM_DEFINED_TRANSFORMATION($,$,#9083,#9264);
#17=ITEM_DEFINED_TRANSFORMATION($,$,#9083,#9265);
#18=ITEM_DEFINED_TRANSFORMATION($,$,#9083,#9266);
#19=ITEM_DEFINED_TRANSFORMATION($,$,#9083,#9267);
#20=ITEM_DEFINED_TRANSFORMATION($,$,#9083,#9268);
#21=ITEM_DEFINED_TRANSFORMATION($,$,#9083,#9269);
#22=ITEM_DEFINED_TRANSFORMATION($,$,#9083,#9270);
#23=ITEM_DEFINED_TRANSFORMATION($,$,#9083,#9271);
#24=ITEM_DEFINED_TRANSFORMATION($,$,#9083,#9272);
#25=ITEM_DEFINED_TRANSFORMATION($,$,#9083,#9273);
#26=ITEM_DEFINED_TRANSFORMATION($,$,#9083,#9274);
#27=ITEM_DEFINED_TRANSFORMATION($,$,#9034,#9914);
#28=ITEM_DEFINED_TRANSFORMATION($,$,#9034,#9915);
#29=ITEM_DEFINED_TRANSFORMATION($,$,#9034,#9916);
#30=ITEM_DEFINED_TRANSFORMATION($,$,#9034,#9917);
#31=ITEM_DEFINED_TRANSFORMATION($,$,#9034,#9918);
#32=ITEM_DEFINED_TRANSFORMATION($,$,#9034,#9919);
#33=ITEM_DEFINED_TRANSFORMATION($,$,#9082,#9920);
#34=ITEM_DEFINED_TRANSFORMATION($,$,#9275,#9921);
#35=ITEM_DEFINED_TRANSFORMATION($,$,#9840,#9922);
#36=(
REPRESENTATION_RELATIONSHIP($,$,#15459,#15458)
REPRESENTATION_RELATIONSHIP_WITH_TRANSFORMATION(#15)
SHAPE_REPRESENTATION_RELATIONSHIP()
);
#37=(
REPRESENTATION_RELATIONSHIP($,$,#15459,#15458)
REPRESENTATION_RELATIONSHIP_WITH_TRANSFORMATION(#16)
SHAPE_REPRESENTATION_RELATIONSHIP()
);
#38=(
REPRESENTATION_RELATIONSHIP($,$,#15459,#15458)
REPRESENTATION_RELATIONSHIP_WITH_TRANSFORMATION(#17)
SHAPE_REPRESENTATION_RELATIONSHIP()
);
#39=(
REPRESENTATION_RELATIONSHIP($,$,#15459,#15458)
REPRESENTATION_RELATIONSHIP_WITH_TRANSFORMATION(#18)
SHAPE_REPRESENTATION_RELATIONSHIP()
);
#40=(
REPRESENTATION_RELATIONSHIP($,$,#15459,#15458)
REPRESENTATION_RELATIONSHIP_WITH_TRANSFORMATION(#19)
SHAPE_REPRESENTATION_RELATIONSHIP()
);
#41=(
REPRESENTATION_RELATIONSHIP($,$,#15459,#15458)
REPRESENTATION_RELATIONSHIP_WITH_TRANSFORMATION(#20)
SHAPE_REPRESENTATION_RELATIONSHIP()
);
#42=(
REPRESENTATION_RELATIONSHIP($,$,#15459,#15458)
REPRESENTATION_RELATIONSHIP_WITH_TRANSFORMATION(#21)
SHAPE_REPRESENTATION_RELATIONSHIP()
);
#43=(
REPRESENTATION_RELATIONSHIP($,$,#15459,#15458)
REPRESENTATION_RELATIONSHIP_WITH_TRANSFORMATION(#22)
SHAPE_REPRESENTATION_RELATIONSHIP()
);
#44=(
REPRESENTATION_RELATIONSHIP($,$,#15459,#15458)
REPRESENTATION_RELATIONSHIP_WITH_TRANSFORMATION(#23)
SHAPE_REPRESENTATION_RELATIONSHIP()
);
#45=(
REPRESENTATION_RELATIONSHIP($,$,#15459,#15458)
REPRESENTATION_RELATIONSHIP_WITH_TRANSFORMATION(#24)
SHAPE_REPRESENTATION_RELATIONSHIP()
);
#46=(
REPRESENTATION_RELATIONSHIP($,$,#15459,#15458)
REPRESENTATION_RELATIONSHIP_WITH_TRANSFORMATION(#25)
SHAPE_REPRESENTATION_RELATIONSHIP()
);
#47=(
REPRESENTATION_RELATIONSHIP($,$,#15459,#15458)
REPRESENTATION_RELATIONSHIP_WITH_TRANSFORMATION(#26)
SHAPE_REPRESENTATION_RELATIONSHIP()
);
#48=(
REPRESENTATION_RELATIONSHIP($,$,#15457,#15456)
REPRESENTATION_RELATIONSHIP_WITH_TRANSFORMATION(#27)
SHAPE_REPRESENTATION_RELATIONSHIP()
);
#49=(
REPRESENTATION_RELATIONSHIP($,$,#15457,#15456)
REPRESENTATION_RELATIONSHIP_WITH_TRANSFORMATION(#28)
SHAPE_REPRESENTATION_RELATIONSHIP()
);
#50=(
REPRESENTATION_RELATIONSHIP($,$,#15457,#15456)
REPRESENTATION_RELATIONSHIP_WITH_TRANSFORMATION(#29)
SHAPE_REPRESENTATION_RELATIONSHIP()
);
#51=(
REPRESENTATION_RELATIONSHIP($,$,#15457,#15456)
REPRESENTATION_RELATIONSHIP_WITH_TRANSFORMATION(#30)
SHAPE_REPRESENTATION_RELATIONSHIP()
);
#52=(
REPRESENTATION_RELATIONSHIP($,$,#15457,#15456)
REPRESENTATION_RELATIONSHIP_WITH_TRANSFORMATION(#31)
SHAPE_REPRESENTATION_RELATIONSHIP()
);
#53=(
REPRESENTATION_RELATIONSHIP($,$,#15457,#15456)
REPRESENTATION_RELATIONSHIP_WITH_TRANSFORMATION(#32)
SHAPE_REPRESENTATION_RELATIONSHIP()
);
#54=(
REPRESENTATION_RELATIONSHIP($,$,#15458,#15456)
REPRESENTATION_RELATIONSHIP_WITH_TRANSFORMATION(#33)
SHAPE_REPRESENTATION_RELATIONSHIP()
);
#55=(
REPRESENTATION_RELATIONSHIP($,$,#15460,#15456)
REPRESENTATION_RELATIONSHIP_WITH_TRANSFORMATION(#34)
SHAPE_REPRESENTATION_RELATIONSHIP()
);
#56=(
REPRESENTATION_RELATIONSHIP($,$,#15461,#15456)
REPRESENTATION_RELATIONSHIP_WITH_TRANSFORMATION(#35)
SHAPE_REPRESENTATION_RELATIONSHIP()
);
#57=CONTEXT_DEPENDENT_SHAPE_REPRESENTATION(#36,#15433);
#58=CONTEXT_DEPENDENT_SHAPE_REPRESENTATION(#37,#15434);
#59=CONTEXT_DEPENDENT_SHAPE_REPRESENTATION(#38,#15435);
#60=CONTEXT_DEPENDENT_SHAPE_REPRESENTATION(#39,#15436);
#61=CONTEXT_DEPENDENT_SHAPE_REPRESENTATION(#40,#15437);
#62=CONTEXT_DEPENDENT_SHAPE_REPRESENTATION(#41,#15438);
#63=CONTEXT_DEPENDENT_SHAPE_REPRESENTATION(#42,#15439);
#64=CONTEXT_DEPENDENT_SHAPE_REPRESENTATION(#43,#15440);
#65=CONTEXT_DEPENDENT_SHAPE_REPRESENTATION(#44,#15441);
#66=CONTEXT_DEPENDENT_SHAPE_REPRESENTATION(#45,#15442);
#67=CONTEXT_DEPENDENT_SHAPE_REPRESENTATION(#46,#15443);
#68=CONTEXT_DEPENDENT_SHAPE_REPRESENTATION(#47,#15444);
#69=CONTEXT_DEPENDENT_SHAPE_REPRESENTATION(#48,#15447);
#70=CONTEXT_DEPENDENT_SHAPE_REPRESENTATION(#49,#15448);
#71=CONTEXT_DEPENDENT_SHAPE_REPRESENTATION(#50,#15449);
#72=CONTEXT_DEPENDENT_SHAPE_REPRESENTATION(#51,#15450);
#73=CONTEXT_DEPENDENT_SHAPE_REPRESENTATION(#52,#15451);
#74=CONTEXT_DEPENDENT_SHAPE_REPRESENTATION(#53,#15452);
#75=CONTEXT_DEPENDENT_SHAPE_REPRESENTATION(#54,#15453);
#76=CONTEXT_DEPENDENT_SHAPE_REPRESENTATION(#55,#15454);
#77=CONTEXT_DEPENDENT_SHAPE_REPRESENTATION(#56,#15455);
#78=NEXT_ASSEMBLY_USAGE_OCCURRENCE('_M3x8 SHCS:1','_M3x8 SHCS:1',
'_M3x8 SHCS:1',#15465,#15466,'_M3x8 SHCS:1');
#79=NEXT_ASSEMBLY_USAGE_OCCURRENCE('_M3x8 SHCS:2','_M3x8 SHCS:2',
'_M3x8 SHCS:2',#15465,#15466,'_M3x8 SHCS:2');
#80=NEXT_ASSEMBLY_USAGE_OCCURRENCE('_M3x8 SHCS:3','_M3x8 SHCS:3',
'_M3x8 SHCS:3',#15465,#15466,'_M3x8 SHCS:3');
#81=NEXT_ASSEMBLY_USAGE_OCCURRENCE('_M3x8 SHCS:4','_M3x8 SHCS:4',
'_M3x8 SHCS:4',#15465,#15466,'_M3x8 SHCS:4');
#82=NEXT_ASSEMBLY_USAGE_OCCURRENCE('_M3x8 SHCS:5','_M3x8 SHCS:5',
'_M3x8 SHCS:5',#15465,#15466,'_M3x8 SHCS:5');
#83=NEXT_ASSEMBLY_USAGE_OCCURRENCE('_M3x8 SHCS:6','_M3x8 SHCS:6',
'_M3x8 SHCS:6',#15465,#15466,'_M3x8 SHCS:6');
#84=NEXT_ASSEMBLY_USAGE_OCCURRENCE('_M3x8 SHCS:7','_M3x8 SHCS:7',
'_M3x8 SHCS:7',#15465,#15466,'_M3x8 SHCS:7');
#85=NEXT_ASSEMBLY_USAGE_OCCURRENCE('_M3x8 SHCS:8','_M3x8 SHCS:8',
'_M3x8 SHCS:8',#15465,#15466,'_M3x8 SHCS:8');
#86=NEXT_ASSEMBLY_USAGE_OCCURRENCE('_M3x8 SHCS:9','_M3x8 SHCS:9',
'_M3x8 SHCS:9',#15465,#15466,'_M3x8 SHCS:9');
#87=NEXT_ASSEMBLY_USAGE_OCCURRENCE('_M3x8 SHCS:10','_M3x8 SHCS:10',
'_M3x8 SHCS:10',#15465,#15466,'_M3x8 SHCS:10');
#88=NEXT_ASSEMBLY_USAGE_OCCURRENCE('_M3x8 SHCS:11','_M3x8 SHCS:11',
'_M3x8 SHCS:11',#15465,#15466,'_M3x8 SHCS:11');
#89=NEXT_ASSEMBLY_USAGE_OCCURRENCE('_M3x8 SHCS:12','_M3x8 SHCS:12',
'_M3x8 SHCS:12',#15465,#15466,'_M3x8 SHCS:12');
#90=NEXT_ASSEMBLY_USAGE_OCCURRENCE('M5 2020 drop-in T-nut:1',
'M5 2020 drop-in T-nut:1','M5 2020 drop-in T-nut:1',#15463,#15464,
'M5 2020 drop-in T-nut:1');
#91=NEXT_ASSEMBLY_USAGE_OCCURRENCE('M5 2020 drop-in T-nut:2',
'M5 2020 drop-in T-nut:2','M5 2020 drop-in T-nut:2',#15463,#15464,
'M5 2020 drop-in T-nut:2');
#92=NEXT_ASSEMBLY_USAGE_OCCURRENCE('M5 2020 drop-in T-nut:3',
'M5 2020 drop-in T-nut:3','M5 2020 drop-in T-nut:3',#15463,#15464,
'M5 2020 drop-in T-nut:3');
#93=NEXT_ASSEMBLY_USAGE_OCCURRENCE('M5 2020 drop-in T-nut:4',
'M5 2020 drop-in T-nut:4','M5 2020 drop-in T-nut:4',#15463,#15464,
'M5 2020 drop-in T-nut:4');
#94=NEXT_ASSEMBLY_USAGE_OCCURRENCE('M5 2020 drop-in T-nut:5',
'M5 2020 drop-in T-nut:5','M5 2020 drop-in T-nut:5',#15463,#15464,
'M5 2020 drop-in T-nut:5');
#95=NEXT_ASSEMBLY_USAGE_OCCURRENCE('M5 2020 drop-in T-nut:6',
'M5 2020 drop-in T-nut:6','M5 2020 drop-in T-nut:6',#15463,#15464,
'M5 2020 drop-in T-nut:6');
#96=NEXT_ASSEMBLY_USAGE_OCCURRENCE('_MGN12 rail - 300mm:1',
'_MGN12 rail - 300mm:1','_MGN12 rail - 300mm:1',#15463,#15465,
'_MGN12 rail - 300mm:1');
#97=NEXT_ASSEMBLY_USAGE_OCCURRENCE('_MGN12H:1','_MGN12H:1','_MGN12H:1',
#15463,#15467,'_MGN12H:1');
#98=NEXT_ASSEMBLY_USAGE_OCCURRENCE('_HFSB5-2020-330:1',
'_HFSB5-2020-330:1','_HFSB5-2020-330:1',#15463,#15468,
'_HFSB5-2020-330:1');
#99=FACE_BOUND('',#914,.T.);
#100=FACE_BOUND('',#916,.T.);
#101=FACE_BOUND('',#966,.T.);
#102=FACE_BOUND('',#967,.T.);
#103=FACE_BOUND('',#968,.T.);
#104=FACE_BOUND('',#969,.T.);
#105=FACE_BOUND('',#970,.T.);
#106=FACE_BOUND('',#971,.T.);
#107=FACE_BOUND('',#972,.T.);
#108=FACE_BOUND('',#973,.T.);
#109=FACE_BOUND('',#974,.T.);
#110=FACE_BOUND('',#975,.T.);
#111=FACE_BOUND('',#976,.T.);
#112=FACE_BOUND('',#977,.T.);
#113=FACE_BOUND('',#980,.T.);
#114=FACE_BOUND('',#982,.T.);
#115=FACE_BOUND('',#984,.T.);
#116=FACE_BOUND('',#986,.T.);
#117=FACE_BOUND('',#988,.T.);
#118=FACE_BOUND('',#990,.T.);
#119=FACE_BOUND('',#992,.T.);
#120=FACE_BOUND('',#994,.T.);
#121=FACE_BOUND('',#996,.T.);
#122=FACE_BOUND('',#998,.T.);
#123=FACE_BOUND('',#1000,.T.);
#124=FACE_BOUND('',#1015,.T.);
#125=FACE_BOUND('',#1017,.T.);
#126=FACE_BOUND('',#1018,.T.);
#127=FACE_BOUND('',#1019,.T.);
#128=FACE_BOUND('',#1020,.T.);
#129=FACE_BOUND('',#1021,.T.);
#130=FACE_BOUND('',#1022,.T.);
#131=FACE_BOUND('',#1023,.T.);
#132=FACE_BOUND('',#1024,.T.);
#133=FACE_BOUND('',#1025,.T.);
#134=FACE_BOUND('',#1026,.T.);
#135=FACE_BOUND('',#1027,.T.);
#136=FACE_BOUND('',#1028,.T.);
#137=FACE_BOUND('',#1035,.T.);
#138=FACE_BOUND('',#1037,.T.);
#139=FACE_BOUND('',#1045,.T.);
#140=FACE_BOUND('',#1055,.T.);
#141=FACE_BOUND('',#1056,.T.);
#142=FACE_BOUND('',#1099,.T.);
#143=FACE_BOUND('',#1100,.T.);
#144=FACE_BOUND('',#1105,.T.);
#145=FACE_BOUND('',#1122,.T.);
#146=FACE_BOUND('',#1139,.T.);
#147=FACE_BOUND('',#1156,.T.);
#148=FACE_BOUND('',#1201,.T.);
#149=FACE_BOUND('',#1202,.T.);
#150=FACE_BOUND('',#1219,.T.);
#151=FACE_BOUND('',#1264,.T.);
#152=FACE_BOUND('',#1265,.T.);
#153=FACE_BOUND('',#1308,.T.);
#154=FACE_BOUND('',#1309,.T.);
#155=FACE_BOUND('',#1311,.T.);
#156=FACE_BOUND('',#1312,.T.);
#157=FACE_BOUND('',#1354,.T.);
#158=FACE_BOUND('',#1355,.T.);
#159=FACE_BOUND('',#1357,.T.);
#160=FACE_BOUND('',#1358,.T.);
#161=FACE_BOUND('',#1421,.T.);
#162=FACE_BOUND('',#1423,.T.);
#163=TOROIDAL_SURFACE('',#9094,1.65,0.149999999999999);
#164=(
BOUNDED_CURVE()
B_SPLINE_CURVE(2,(#12917,#12918,#12919),.UNSPECIFIED.,.F.,.F.)
B_SPLINE_CURVE_WITH_KNOTS((3,3),(-0.37575288050971,-0.139709918898254),
 .UNSPECIFIED.)
CURVE()
GEOMETRIC_REPRESENTATION_ITEM()
RATIONAL_B_SPLINE_CURVE((1.41147367097488,1.62982940778282,1.41147367097488))
REPRESENTATION_ITEM('')
);
#165=(
BOUNDED_CURVE()
B_SPLINE_CURVE(2,(#12921,#12922,#12923),.UNSPECIFIED.,.F.,.F.)
B_SPLINE_CURVE_WITH_KNOTS((3,3),(-0.37575288050971,-0.139709918898254),
 .UNSPECIFIED.)
CURVE()
GEOMETRIC_REPRESENTATION_ITEM()
RATIONAL_B_SPLINE_CURVE((1.41147367097488,1.62982940778282,1.41147367097488))
REPRESENTATION_ITEM('')
);
#166=(
BOUNDED_CURVE()
B_SPLINE_CURVE(2,(#12925,#12926,#12927),.UNSPECIFIED.,.F.,.F.)
B_SPLINE_CURVE_WITH_KNOTS((3,3),(-0.37575288050971,-0.139709918898254),
 .UNSPECIFIED.)
CURVE()
GEOMETRIC_REPRESENTATION_ITEM()
RATIONAL_B_SPLINE_CURVE((1.41147367097488,1.62982940778282,1.41147367097488))
REPRESENTATION_ITEM('')
);
#167=(
BOUNDED_CURVE()
B_SPLINE_CURVE(2,(#12929,#12930,#12931),.UNSPECIFIED.,.F.,.F.)
B_SPLINE_CURVE_WITH_KNOTS((3,3),(0.139709918898254,0.257731399703982),
 .UNSPECIFIED.)
CURVE()
GEOMETRIC_REPRESENTATION_ITEM()
RATIONAL_B_SPLINE_CURVE((1.41147367097488,1.52065153937885,1.52065153937885))
REPRESENTATION_ITEM('')
);
#168=(
BOUNDED_CURVE()
B_SPLINE_CURVE(2,(#12936,#12937,#12938),.UNSPECIFIED.,.F.,.F.)
B_SPLINE_CURVE_WITH_KNOTS((3,3),(0.257731399703982,0.375752880509709),
 .UNSPECIFIED.)
CURVE()
GEOMETRIC_REPRESENTATION_ITEM()
RATIONAL_B_SPLINE_CURVE((1.52065153937885,1.52065153937885,1.41147367097488))
REPRESENTATION_ITEM('')
);
#169=(
BOUNDED_CURVE()
B_SPLINE_CURVE(2,(#12940,#12941,#12942),.UNSPECIFIED.,.F.,.F.)
B_SPLINE_CURVE_WITH_KNOTS((3,3),(-0.37575288050971,-0.139709918898254),
 .UNSPECIFIED.)
CURVE()
GEOMETRIC_REPRESENTATION_ITEM()
RATIONAL_B_SPLINE_CURVE((1.41147367097488,1.62982940778282,1.41147367097488))
REPRESENTATION_ITEM('')
);
#170=(
BOUNDED_CURVE()
B_SPLINE_CURVE(2,(#12943,#12944,#12945),.UNSPECIFIED.,.F.,.F.)
B_SPLINE_CURVE_WITH_KNOTS((3,3),(-0.37575288050971,-0.139709918898254),
 .UNSPECIFIED.)
CURVE()
GEOMETRIC_REPRESENTATION_ITEM()
RATIONAL_B_SPLINE_CURVE((1.41147367097488,1.62982940778282,1.41147367097488))
REPRESENTATION_ITEM('')
);
#171=SHAPE_REPRESENTATION_RELATIONSHIP('SRR','None',#15457,#176);
#172=SHAPE_REPRESENTATION_RELATIONSHIP('SRR','None',#15459,#177);
#173=SHAPE_REPRESENTATION_RELATIONSHIP('SRR','None',#15458,#178);
#174=SHAPE_REPRESENTATION_RELATIONSHIP('SRR','None',#15460,#179);
#175=SHAPE_REPRESENTATION_RELATIONSHIP('SRR','None',#15461,#180);
#176=ADVANCED_BREP_SHAPE_REPRESENTATION('',(#196),#15413);
#177=ADVANCED_BREP_SHAPE_REPRESENTATION('',(#197),#15415);
#178=ADVANCED_BREP_SHAPE_REPRESENTATION('',(#198),#15414);
#179=ADVANCED_BREP_SHAPE_REPRESENTATION('',(#199,#200,#201,#202,#203,#204,
#205,#206,#207),#15416);
#180=ADVANCED_BREP_SHAPE_REPRESENTATION('',(#208),#15417);
#181=STYLED_ITEM('',(#15490),#196);
#182=STYLED_ITEM('',(#15490),#197);
#183=STYLED_ITEM('',(#15490),#198);
#184=STYLED_ITEM('',(#15490),#199);
#185=STYLED_ITEM('',(#15490),#200);
#186=STYLED_ITEM('',(#15490),#201);
#187=STYLED_ITEM('',(#15490),#202);
#188=STYLED_ITEM('',(#15491),#203);
#189=STYLED_ITEM('',(#15490),#204);
#190=STYLED_ITEM('',(#15491),#205);
#191=STYLED_ITEM('',(#15492),#206);
#192=STYLED_ITEM('',(#15492),#207);
#193=STYLED_ITEM('',(#15494),#8972);
#194=STYLED_ITEM('',(#15494),#8973);
#195=STYLED_ITEM('',(#15493),#208);
#196=MANIFOLD_SOLID_BREP('Body1',#8975);
#197=MANIFOLD_SOLID_BREP('Body1',#8976);
#198=MANIFOLD_SOLID_BREP('Body1',#8977);
#199=MANIFOLD_SOLID_BREP('Body1',#8978);
#200=MANIFOLD_SOLID_BREP('Body2',#8979);
#201=MANIFOLD_SOLID_BREP('Body3',#8980);
#202=MANIFOLD_SOLID_BREP('Body4',#8981);
#203=MANIFOLD_SOLID_BREP('Body5',#8982);
#204=MANIFOLD_SOLID_BREP('Body6',#8983);
#205=MANIFOLD_SOLID_BREP('Body7',#8984);
#206=MANIFOLD_SOLID_BREP('Body8',#8985);
#207=MANIFOLD_SOLID_BREP('Body9',#8986);
#208=MANIFOLD_SOLID_BREP('Body1',#8987);
#209=CYLINDRICAL_SURFACE('',#9060,7.);
#210=CYLINDRICAL_SURFACE('',#9062,2.1);
#211=CYLINDRICAL_SURFACE('',#9064,7.);
#212=CYLINDRICAL_SURFACE('',#9070,0.25);
#213=CYLINDRICAL_SURFACE('',#9073,0.25);
#214=CYLINDRICAL_SURFACE('',#9075,0.25);
#215=CYLINDRICAL_SURFACE('',#9077,0.7);
#216=CYLINDRICAL_SURFACE('',#9078,0.699999999998782);
#217=CYLINDRICAL_SURFACE('',#9080,0.25);
#218=CYLINDRICAL_SURFACE('',#9089,2.75);
#219=CYLINDRICAL_SURFACE('',#9098,1.5);
#220=CYLINDRICAL_SURFACE('',#9147,1.75);
#221=CYLINDRICAL_SURFACE('',#9150,1.75);
#222=CYLINDRICAL_SURFACE('',#9153,1.75);
#223=CYLINDRICAL_SURFACE('',#9156,1.75);
#224=CYLINDRICAL_SURFACE('',#9159,1.75);
#225=CYLINDRICAL_SURFACE('',#9162,1.75);
#226=CYLINDRICAL_SURFACE('',#9165,1.75);
#227=CYLINDRICAL_SURFACE('',#9168,1.75);
#228=CYLINDRICAL_SURFACE('',#9171,1.75);
#229=CYLINDRICAL_SURFACE('',#9174,1.75);
#230=CYLINDRICAL_SURFACE('',#9177,1.75);
#231=CYLINDRICAL_SURFACE('',#9180,1.75);
#232=CYLINDRICAL_SURFACE('',#9184,0.249999999999999);
#233=CYLINDRICAL_SURFACE('',#9185,1.2);
#234=CYLINDRICAL_SURFACE('',#9186,0.250000000000001);
#235=CYLINDRICAL_SURFACE('',#9188,0.25);
#236=CYLINDRICAL_SURFACE('',#9190,0.250000000000001);
#237=CYLINDRICAL_SURFACE('',#9192,0.250000000000006);
#238=CYLINDRICAL_SURFACE('',#9193,1.2);
#239=CYLINDRICAL_SURFACE('',#9194,0.249999999999999);
#240=CYLINDRICAL_SURFACE('',#9197,0.250000000000002);
#241=CYLINDRICAL_SURFACE('',#9198,1.2);
#242=CYLINDRICAL_SURFACE('',#9199,0.249999999999995);
#243=CYLINDRICAL_SURFACE('',#9201,0.249999999999999);
#244=CYLINDRICAL_SURFACE('',#9203,0.249999999999999);
#245=CYLINDRICAL_SURFACE('',#9205,0.249999999999997);
#246=CYLINDRICAL_SURFACE('',#9206,1.2);
#247=CYLINDRICAL_SURFACE('',#9207,0.249999999999999);
#248=CYLINDRICAL_SURFACE('',#9236,3.);
#249=CYLINDRICAL_SURFACE('',#9238,3.);
#250=CYLINDRICAL_SURFACE('',#9240,3.);
#251=CYLINDRICAL_SURFACE('',#9242,3.);
#252=CYLINDRICAL_SURFACE('',#9244,3.);
#253=CYLINDRICAL_SURFACE('',#9246,3.);
#254=CYLINDRICAL_SURFACE('',#9248,3.);
#255=CYLINDRICAL_SURFACE('',#9250,3.);
#256=CYLINDRICAL_SURFACE('',#9252,3.);
#257=CYLINDRICAL_SURFACE('',#9254,3.);
#258=CYLINDRICAL_SURFACE('',#9256,3.);
#259=CYLINDRICAL_SURFACE('',#9262,3.);
#260=CYLINDRICAL_SURFACE('',#9280,1.2295);
#261=CYLINDRICAL_SURFACE('',#9282,1.2295);
#262=CYLINDRICAL_SURFACE('',#9294,1.2295);
#263=CYLINDRICAL_SURFACE('',#9296,1.2295);
#264=CYLINDRICAL_SURFACE('',#9298,1.2295);
#265=CYLINDRICAL_SURFACE('',#9316,0.500000000000002);
#266=CYLINDRICAL_SURFACE('',#9323,0.249999999999999);
#267=CYLINDRICAL_SURFACE('',#9326,1.2);
#268=CYLINDRICAL_SURFACE('',#9329,0.250000000000001);
#269=CYLINDRICAL_SURFACE('',#9333,0.25);
#270=CYLINDRICAL_SURFACE('',#9337,0.250000000000001);
#271=CYLINDRICAL_SURFACE('',#9341,0.250000000000006);
#272=CYLINDRICAL_SURFACE('',#9344,1.2);
#273=CYLINDRICAL_SURFACE('',#9347,0.249999999999999);
#274=CYLINDRICAL_SURFACE('',#9355,0.250000000000002);
#275=CYLINDRICAL_SURFACE('',#9358,1.2);
#276=CYLINDRICAL_SURFACE('',#9361,0.249999999999995);
#277=CYLINDRICAL_SURFACE('',#9365,0.249999999999999);
#278=CYLINDRICAL_SURFACE('',#9369,0.249999999999999);
#279=CYLINDRICAL_SURFACE('',#9373,0.249999999999997);
#280=CYLINDRICAL_SURFACE('',#9376,1.2);
#281=CYLINDRICAL_SURFACE('',#9379,0.249999999999999);
#282=CYLINDRICAL_SURFACE('',#9383,1.2295);
#283=CYLINDRICAL_SURFACE('',#9395,1.2295);
#284=CYLINDRICAL_SURFACE('',#9401,1.2295);
#285=CYLINDRICAL_SURFACE('',#9513,0.249999999999999);
#286=CYLINDRICAL_SURFACE('',#9515,1.2);
#287=CYLINDRICAL_SURFACE('',#9517,0.249999999999997);
#288=CYLINDRICAL_SURFACE('',#9520,0.249999999999999);
#289=CYLINDRICAL_SURFACE('',#9523,0.249999999999999);
#290=CYLINDRICAL_SURFACE('',#9526,0.249999999999995);
#291=CYLINDRICAL_SURFACE('',#9528,1.2);
#292=CYLINDRICAL_SURFACE('',#9530,0.250000000000002);
#293=CYLINDRICAL_SURFACE('',#9537,0.249999999999999);
#294=CYLINDRICAL_SURFACE('',#9539,1.2);
#295=CYLINDRICAL_SURFACE('',#9541,0.250000000000006);
#296=CYLINDRICAL_SURFACE('',#9544,0.250000000000001);
#297=CYLINDRICAL_SURFACE('',#9547,0.25);
#298=CYLINDRICAL_SURFACE('',#9550,0.250000000000001);
#299=CYLINDRICAL_SURFACE('',#9552,1.2);
#300=CYLINDRICAL_SURFACE('',#9554,0.249999999999999);
#301=CYLINDRICAL_SURFACE('',#9567,2.1);
#302=CYLINDRICAL_SURFACE('',#9573,2.1);
#303=CYLINDRICAL_SURFACE('',#9623,0.249999999999999);
#304=CYLINDRICAL_SURFACE('',#9625,1.2);
#305=CYLINDRICAL_SURFACE('',#9627,0.249999999999997);
#306=CYLINDRICAL_SURFACE('',#9630,0.249999999999999);
#307=CYLINDRICAL_SURFACE('',#9633,0.249999999999999);
#308=CYLINDRICAL_SURFACE('',#9636,0.249999999999995);
#309=CYLINDRICAL_SURFACE('',#9638,1.2);
#310=CYLINDRICAL_SURFACE('',#9640,0.250000000000002);
#311=CYLINDRICAL_SURFACE('',#9647,0.249999999999999);
#312=CYLINDRICAL_SURFACE('',#9649,1.2);
#313=CYLINDRICAL_SURFACE('',#9651,0.250000000000006);
#314=CYLINDRICAL_SURFACE('',#9654,0.250000000000001);
#315=CYLINDRICAL_SURFACE('',#9657,0.25);
#316=CYLINDRICAL_SURFACE('',#9660,0.250000000000001);
#317=CYLINDRICAL_SURFACE('',#9662,1.2);
#318=CYLINDRICAL_SURFACE('',#9664,0.249999999999999);
#319=CYLINDRICAL_SURFACE('',#9677,2.1);
#320=CYLINDRICAL_SURFACE('',#9683,2.1);
#321=CYLINDRICAL_SURFACE('',#9684,0.249999999999999);
#322=CYLINDRICAL_SURFACE('',#9687,1.2);
#323=CYLINDRICAL_SURFACE('',#9690,0.249999999999997);
#324=CYLINDRICAL_SURFACE('',#9694,0.249999999999999);
#325=CYLINDRICAL_SURFACE('',#9698,0.249999999999999);
#326=CYLINDRICAL_SURFACE('',#9702,0.249999999999995);
#327=CYLINDRICAL_SURFACE('',#9705,1.2);
#328=CYLINDRICAL_SURFACE('',#9708,0.250000000000002);
#329=CYLINDRICAL_SURFACE('',#9716,0.249999999999999);
#330=CYLINDRICAL_SURFACE('',#9719,1.2);
#331=CYLINDRICAL_SURFACE('',#9722,0.250000000000006);
#332=CYLINDRICAL_SURFACE('',#9726,0.250000000000001);
#333=CYLINDRICAL_SURFACE('',#9730,0.25);
#334=CYLINDRICAL_SURFACE('',#9734,0.250000000000001);
#335=CYLINDRICAL_SURFACE('',#9737,1.2);
#336=CYLINDRICAL_SURFACE('',#9740,0.249999999999999);
#337=CYLINDRICAL_SURFACE('',#9754,2.1);
#338=CYLINDRICAL_SURFACE('',#9761,2.1);
#339=CYLINDRICAL_SURFACE('',#9772,0.249999999999999);
#340=CYLINDRICAL_SURFACE('',#9775,1.2);
#341=CYLINDRICAL_SURFACE('',#9778,0.250000000000001);
#342=CYLINDRICAL_SURFACE('',#9782,0.25);
#343=CYLINDRICAL_SURFACE('',#9786,0.250000000000001);
#344=CYLINDRICAL_SURFACE('',#9790,0.250000000000006);
#345=CYLINDRICAL_SURFACE('',#9793,1.2);
#346=CYLINDRICAL_SURFACE('',#9796,0.249999999999999);
#347=CYLINDRICAL_SURFACE('',#9804,0.250000000000002);
#348=CYLINDRICAL_SURFACE('',#9807,1.2);
#349=CYLINDRICAL_SURFACE('',#9810,0.249999999999995);
#350=CYLINDRICAL_SURFACE('',#9814,0.249999999999999);
#351=CYLINDRICAL_SURFACE('',#9818,0.249999999999999);
#352=CYLINDRICAL_SURFACE('',#9822,0.249999999999997);
#353=CYLINDRICAL_SURFACE('',#9825,1.2);
#354=CYLINDRICAL_SURFACE('',#9828,0.249999999999999);
#355=CYLINDRICAL_SURFACE('',#9832,2.1);
#356=CYLINDRICAL_SURFACE('',#9839,2.1);
#357=CYLINDRICAL_SURFACE('',#9843,1.);
#358=CYLINDRICAL_SURFACE('',#9860,1.);
#359=CYLINDRICAL_SURFACE('',#9877,1.);
#360=CYLINDRICAL_SURFACE('',#9894,1.);
#361=CYLINDRICAL_SURFACE('',#9913,2.1);
#362=B_SPLINE_SURFACE_WITH_KNOTS('',3,3,((#12673,#12674,#12675,#12676,#12677,
#12678,#12679,#12680,#12681,#12682),(#12683,#12684,#12685,#12686,#12687,
#12688,#12689,#12690,#12691,#12692),(#12693,#12694,#12695,#12696,#12697,
#12698,#12699,#12700,#12701,#12702),(#12703,#12704,#12705,#12706,#12707,
#12708,#12709,#12710,#12711,#12712)),.UNSPECIFIED.,.F.,.F.,.F.,(4,4),(4,
1,1,1,1,1,1,4),(0.,1.),(-1.52019316066576,-1.46540322492863,-1.41061328919149,
-1.35582335345436,-1.30103341771723,-1.24624348198009,-1.19145354624296,
-1.13666361050582),.UNSPECIFIED.);
#363=B_SPLINE_SURFACE_WITH_KNOTS('',3,3,((#12776,#12777,#12778,#12779,#12780,
#12781,#12782,#12783,#12784,#12785),(#12786,#12787,#12788,#12789,#12790,
#12791,#12792,#12793,#12794,#12795),(#12796,#12797,#12798,#12799,#12800,
#12801,#12802,#12803,#12804,#12805),(#12806,#12807,#12808,#12809,#12810,
#12811,#12812,#12813,#12814,#12815)),.UNSPECIFIED.,.F.,.F.,.F.,(4,4),(4,
1,1,1,1,1,1,4),(0.,1.),(-0.855979138060002,-0.801189169906271,-0.746399201752539,
-0.691609233598808,-0.636819265445077,-0.582029297291345,-0.527239329137614,
-0.472449360983883),.UNSPECIFIED.);
#364=B_SPLINE_CURVE_WITH_KNOTS('',3,(#12635,#12636,#12637,#12638,#12639,
#12640,#12641,#12642,#12643,#12644,#12645,#12646,#12647),.UNSPECIFIED.,
 .F.,.F.,(4,3,3,3,4),(-0.0563885981007371,-0.0424885696124739,-0.0285885411242108,
-0.00603398786674395,0.),.UNSPECIFIED.);
#365=B_SPLINE_CURVE_WITH_KNOTS('',3,(#12649,#12650,#12651,#12652),
 .UNSPECIFIED.,.F.,.F.,(4,4),(0.201755682679701,0.208739762270686),
 .UNSPECIFIED.);
#366=B_SPLINE_CURVE_WITH_KNOTS('',3,(#12656,#12657,#12658,#12659),
 .UNSPECIFIED.,.F.,.F.,(4,4),(0.761497430662031,0.768481510231839),
 .UNSPECIFIED.);
#367=B_SPLINE_CURVE_WITH_KNOTS('',3,(#12660,#12661,#12662,#12663,#12664,
#12665,#12666,#12667,#12668,#12669,#12670,#12671,#12672),.UNSPECIFIED.,
 .F.,.F.,(4,3,3,3,4),(0.,0.0136409280562746,0.0272818561125492,0.0494492375338684,
0.0554211668766814),.UNSPECIFIED.);
#368=B_SPLINE_CURVE_WITH_KNOTS('',3,(#12714,#12715,#12716,#12717,#12718,
#12719,#12720,#12721,#12722,#12723),.UNSPECIFIED.,.F.,.F.,(4,1,1,1,1,1,
1,4),(-1.48884388330676,-1.46540322492863,-1.41061328919149,-1.35582335345436,
-1.30103341771723,-1.24624348198009,-1.19145354624296,-1.16799988359494),
 .UNSPECIFIED.);
#369=B_SPLINE_CURVE_WITH_KNOTS('',3,(#12725,#12726,#12727,#12728,#12729,
#12730,#12731,#12732,#12733,#12734,#12735,#12736,#12737),.UNSPECIFIED.,
 .F.,.F.,(4,3,3,3,4),(0.,0.0136409279886056,0.0272818559772111,0.0494543567545439,
0.0554211668777534),.UNSPECIFIED.);
#370=B_SPLINE_CURVE_WITH_KNOTS('',3,(#12738,#12739,#12740,#12741,#12742,
#12743,#12744,#12745,#12746,#12747),.UNSPECIFIED.,.F.,.F.,(4,1,1,1,1,1,
1,4),(1.13666361050582,1.19145354624296,1.24624348198009,1.30103341771723,
1.35582335345436,1.41061328919149,1.46540322492863,1.52019316066576),
 .UNSPECIFIED.);
#371=B_SPLINE_CURVE_WITH_KNOTS('',3,(#12752,#12753,#12754,#12755,#12756,
#12757,#12758,#12759,#12760,#12761,#12762,#12763,#12764),.UNSPECIFIED.,
 .F.,.F.,(4,3,3,3,4),(-0.0563885951374447,-0.0424885673452987,-0.0285885395531526,
-0.00602884620180173,0.),.UNSPECIFIED.);
#372=B_SPLINE_CURVE_WITH_KNOTS('',3,(#12766,#12767,#12768,#12769),
 .UNSPECIFIED.,.F.,.F.,(4,4),(1.17119481707073,1.17817889664054),
 .UNSPECIFIED.);
#373=B_SPLINE_CURVE_WITH_KNOTS('',3,(#12772,#12773,#12774,#12775),
 .UNSPECIFIED.,.F.,.F.,(4,4),(-0.208739761507171,-0.20175568206552),
 .UNSPECIFIED.);
#374=B_SPLINE_CURVE_WITH_KNOTS('',3,(#12816,#12817,#12818,#12819,#12820,
#12821,#12822,#12823,#12824,#12825),.UNSPECIFIED.,.F.,.F.,(4,1,1,1,1,1,
1,4),(0.472449360983883,0.527239329137614,0.582029297291345,0.636819265445077,
0.691609233598808,0.746399201752539,0.801189169906271,0.855979138060002),
 .UNSPECIFIED.);
#375=B_SPLINE_CURVE_WITH_KNOTS('',3,(#12826,#12827,#12828,#12829,#12830,
#12831,#12832,#12833,#12834,#12835),.UNSPECIFIED.,.F.,.F.,(4,1,1,1,1,1,
1,4),(-0.824642865794893,-0.801189169906271,-0.746399201752539,-0.691609233598808,
-0.636819265445077,-0.582029297291345,-0.527239329137614,-0.50379880428328),
 .UNSPECIFIED.);
#376=B_SPLINE_CURVE_WITH_KNOTS('',3,(#12856,#12857,#12858,#12859,#12860,
#12861,#12862,#12863,#12864,#12865,#12866,#12867,#12868,#12869),
 .UNSPECIFIED.,.F.,.F.,(4,2,2,2,2,2,4),(0.0275842606222802,0.0405677006435021,
0.0750502081646311,0.142043963489513,0.209037718814395,0.243520226335524,
0.256503666356746),.UNSPECIFIED.);
#377=B_SPLINE_CURVE_WITH_KNOTS('',3,(#12873,#12874,#12875,#12876,#12877,
#12878,#12879,#12880,#12881,#12882,#12883,#12884,#12885,#12886),
 .UNSPECIFIED.,.F.,.F.,(4,2,2,2,2,2,4),(0.0275842606222803,0.0405677006435026,
0.0750502081646314,0.142043963489513,0.209037718814395,0.243520226335524,
0.256503666356746),.UNSPECIFIED.);
#378=CONICAL_SURFACE('',#9053,2.3,0.785398163397448);
#379=CONICAL_SURFACE('',#9057,2.3,0.785398163397448);
#380=CONICAL_SURFACE('',#9066,2.3,0.785398163397448);
#381=CONICAL_SURFACE('',#9084,1.55162884844712,0.78539816339745);
#382=CONICAL_SURFACE('',#9086,2.75,0.785398163397451);
#383=CONICAL_SURFACE('',#9092,2.6,0.785398163397445);
#384=CONICAL_SURFACE('',#9101,1.17524047358084,0.785398163397446);
#385=CONICAL_SURFACE('',#9276,0.614749999999999,1.10714871779409);
#386=CONICAL_SURFACE('',#9278,0.614749999999999,1.10714871779409);
#387=CONICAL_SURFACE('',#9288,0.614749999999999,1.10714871779409);
#388=CONICAL_SURFACE('',#9290,1.36475,0.785398163397448);
#389=CONICAL_SURFACE('',#9292,1.36475,0.785398163397448);
#390=CONICAL_SURFACE('',#9302,1.36475,0.785398163397448);
#391=CONICAL_SURFACE('',#9304,1.36475,0.785398163397448);
#392=CONICAL_SURFACE('',#9306,1.36475,0.785398163397448);
#393=CONICAL_SURFACE('',#9389,1.36475,0.785398163397448);
#394=CONICAL_SURFACE('',#9393,1.36475,0.785398163397448);
#395=CONICAL_SURFACE('',#9397,1.36475,0.785398163397448);
#396=CONICAL_SURFACE('',#9403,0.614749999999999,1.10714871779409);
#397=CONICAL_SURFACE('',#9433,1.96500453458963,0.0872664625997163);
#398=CONICAL_SURFACE('',#9463,1.96500453458963,0.0872664625997163);
#399=CONICAL_SURFACE('',#9493,1.96500453458963,0.0872664625997163);
#400=CONICAL_SURFACE('',#9603,1.96500453458963,0.0872664625997163);
#401=FACE_OUTER_BOUND('',#881,.T.);
#402=FACE_OUTER_BOUND('',#882,.T.);
#403=FACE_OUTER_BOUND('',#883,.T.);
#404=FACE_OUTER_BOUND('',#884,.T.);
#405=FACE_OUTER_BOUND('',#885,.T.);
#406=FACE_OUTER_BOUND('',#886,.T.);
#407=FACE_OUTER_BOUND('',#887,.T.);
#408=FACE_OUTER_BOUND('',#888,.T.);
#409=FACE_OUTER_BOUND('',#889,.T.);
#410=FACE_OUTER_BOUND('',#890,.T.);
#411=FACE_OUTER_BOUND('',#891,.T.);
#412=FACE_OUTER_BOUND('',#892,.T.);
#413=FACE_OUTER_BOUND('',#893,.T.);
#414=FACE_OUTER_BOUND('',#894,.T.);
#415=FACE_OUTER_BOUND('',#895,.T.);
#416=FACE_OUTER_BOUND('',#896,.T.);
#417=FACE_OUTER_BOUND('',#897,.T.);
#418=FACE_OUTER_BOUND('',#898,.T.);
#419=FACE_OUTER_BOUND('',#899,.T.);
#420=FACE_OUTER_BOUND('',#900,.T.);
#421=FACE_OUTER_BOUND('',#901,.T.);
#422=FACE_OUTER_BOUND('',#902,.T.);
#423=FACE_OUTER_BOUND('',#903,.T.);
#424=FACE_OUTER_BOUND('',#904,.T.);
#425=FACE_OUTER_BOUND('',#905,.T.);
#426=FACE_OUTER_BOUND('',#906,.T.);
#427=FACE_OUTER_BOUND('',#907,.T.);
#428=FACE_OUTER_BOUND('',#908,.T.);
#429=FACE_OUTER_BOUND('',#909,.T.);
#430=FACE_OUTER_BOUND('',#910,.T.);
#431=FACE_OUTER_BOUND('',#911,.T.);
#432=FACE_OUTER_BOUND('',#912,.T.);
#433=FACE_OUTER_BOUND('',#913,.T.);
#434=FACE_OUTER_BOUND('',#915,.T.);
#435=FACE_OUTER_BOUND('',#917,.T.);
#436=FACE_OUTER_BOUND('',#918,.T.);
#437=FACE_OUTER_BOUND('',#919,.T.);
#438=FACE_OUTER_BOUND('',#920,.T.);
#439=FACE_OUTER_BOUND('',#921,.T.);
#440=FACE_OUTER_BOUND('',#922,.T.);
#441=FACE_OUTER_BOUND('',#923,.T.);
#442=FACE_OUTER_BOUND('',#924,.T.);
#443=FACE_OUTER_BOUND('',#925,.T.);
#444=FACE_OUTER_BOUND('',#926,.T.);
#445=FACE_OUTER_BOUND('',#927,.T.);
#446=FACE_OUTER_BOUND('',#928,.T.);
#447=FACE_OUTER_BOUND('',#929,.T.);
#448=FACE_OUTER_BOUND('',#930,.T.);
#449=FACE_OUTER_BOUND('',#931,.T.);
#450=FACE_OUTER_BOUND('',#932,.T.);
#451=FACE_OUTER_BOUND('',#933,.T.);
#452=FACE_OUTER_BOUND('',#934,.T.);
#453=FACE_OUTER_BOUND('',#935,.T.);
#454=FACE_OUTER_BOUND('',#936,.T.);
#455=FACE_OUTER_BOUND('',#937,.T.);
#456=FACE_OUTER_BOUND('',#938,.T.);
#457=FACE_OUTER_BOUND('',#939,.T.);
#458=FACE_OUTER_BOUND('',#940,.T.);
#459=FACE_OUTER_BOUND('',#941,.T.);
#460=FACE_OUTER_BOUND('',#942,.T.);
#461=FACE_OUTER_BOUND('',#943,.T.);
#462=FACE_OUTER_BOUND('',#944,.T.);
#463=FACE_OUTER_BOUND('',#945,.T.);
#464=FACE_OUTER_BOUND('',#946,.T.);
#465=FACE_OUTER_BOUND('',#947,.T.);
#466=FACE_OUTER_BOUND('',#948,.T.);
#467=FACE_OUTER_BOUND('',#949,.T.);
#468=FACE_OUTER_BOUND('',#950,.T.);
#469=FACE_OUTER_BOUND('',#951,.T.);
#470=FACE_OUTER_BOUND('',#952,.T.);
#471=FACE_OUTER_BOUND('',#953,.T.);
#472=FACE_OUTER_BOUND('',#954,.T.);
#473=FACE_OUTER_BOUND('',#955,.T.);
#474=FACE_OUTER_BOUND('',#956,.T.);
#475=FACE_OUTER_BOUND('',#957,.T.);
#476=FACE_OUTER_BOUND('',#958,.T.);
#477=FACE_OUTER_BOUND('',#959,.T.);
#478=FACE_OUTER_BOUND('',#960,.T.);
#479=FACE_OUTER_BOUND('',#961,.T.);
#480=FACE_OUTER_BOUND('',#962,.T.);
#481=FACE_OUTER_BOUND('',#963,.T.);
#482=FACE_OUTER_BOUND('',#964,.T.);
#483=FACE_OUTER_BOUND('',#965,.T.);
#484=FACE_OUTER_BOUND('',#978,.T.);
#485=FACE_OUTER_BOUND('',#979,.T.);
#486=FACE_OUTER_BOUND('',#981,.T.);
#487=FACE_OUTER_BOUND('',#983,.T.);
#488=FACE_OUTER_BOUND('',#985,.T.);
#489=FACE_OUTER_BOUND('',#987,.T.);
#490=FACE_OUTER_BOUND('',#989,.T.);
#491=FACE_OUTER_BOUND('',#991,.T.);
#492=FACE_OUTER_BOUND('',#993,.T.);
#493=FACE_OUTER_BOUND('',#995,.T.);
#494=FACE_OUTER_BOUND('',#997,.T.);
#495=FACE_OUTER_BOUND('',#999,.T.);
#496=FACE_OUTER_BOUND('',#1001,.T.);
#497=FACE_OUTER_BOUND('',#1002,.T.);
#498=FACE_OUTER_BOUND('',#1003,.T.);
#499=FACE_OUTER_BOUND('',#1004,.T.);
#500=FACE_OUTER_BOUND('',#1005,.T.);
#501=FACE_OUTER_BOUND('',#1006,.T.);
#502=FACE_OUTER_BOUND('',#1007,.T.);
#503=FACE_OUTER_BOUND('',#1008,.T.);
#504=FACE_OUTER_BOUND('',#1009,.T.);
#505=FACE_OUTER_BOUND('',#1010,.T.);
#506=FACE_OUTER_BOUND('',#1011,.T.);
#507=FACE_OUTER_BOUND('',#1012,.T.);
#508=FACE_OUTER_BOUND('',#1013,.T.);
#509=FACE_OUTER_BOUND('',#1014,.T.);
#510=FACE_OUTER_BOUND('',#1016,.T.);
#511=FACE_OUTER_BOUND('',#1029,.T.);
#512=FACE_OUTER_BOUND('',#1030,.T.);
#513=FACE_OUTER_BOUND('',#1031,.T.);
#514=FACE_OUTER_BOUND('',#1032,.T.);
#515=FACE_OUTER_BOUND('',#1033,.T.);
#516=FACE_OUTER_BOUND('',#1034,.T.);
#517=FACE_OUTER_BOUND('',#1036,.T.);
#518=FACE_OUTER_BOUND('',#1038,.T.);
#519=FACE_OUTER_BOUND('',#1039,.T.);
#520=FACE_OUTER_BOUND('',#1040,.T.);
#521=FACE_OUTER_BOUND('',#1041,.T.);
#522=FACE_OUTER_BOUND('',#1042,.T.);
#523=FACE_OUTER_BOUND('',#1043,.T.);
#524=FACE_OUTER_BOUND('',#1044,.T.);
#525=FACE_OUTER_BOUND('',#1046,.T.);
#526=FACE_OUTER_BOUND('',#1047,.T.);
#527=FACE_OUTER_BOUND('',#1048,.T.);
#528=FACE_OUTER_BOUND('',#1049,.T.);
#529=FACE_OUTER_BOUND('',#1050,.T.);
#530=FACE_OUTER_BOUND('',#1051,.T.);
#531=FACE_OUTER_BOUND('',#1052,.T.);
#532=FACE_OUTER_BOUND('',#1053,.T.);
#533=FACE_OUTER_BOUND('',#1054,.T.);
#534=FACE_OUTER_BOUND('',#1057,.T.);
#535=FACE_OUTER_BOUND('',#1058,.T.);
#536=FACE_OUTER_BOUND('',#1059,.T.);
#537=FACE_OUTER_BOUND('',#1060,.T.);
#538=FACE_OUTER_BOUND('',#1061,.T.);
#539=FACE_OUTER_BOUND('',#1062,.T.);
#540=FACE_OUTER_BOUND('',#1063,.T.);
#541=FACE_OUTER_BOUND('',#1064,.T.);
#542=FACE_OUTER_BOUND('',#1065,.T.);
#543=FACE_OUTER_BOUND('',#1066,.T.);
#544=FACE_OUTER_BOUND('',#1067,.T.);
#545=FACE_OUTER_BOUND('',#1068,.T.);
#546=FACE_OUTER_BOUND('',#1069,.T.);
#547=FACE_OUTER_BOUND('',#1070,.T.);
#548=FACE_OUTER_BOUND('',#1071,.T.);
#549=FACE_OUTER_BOUND('',#1072,.T.);
#550=FACE_OUTER_BOUND('',#1073,.T.);
#551=FACE_OUTER_BOUND('',#1074,.T.);
#552=FACE_OUTER_BOUND('',#1075,.T.);
#553=FACE_OUTER_BOUND('',#1076,.T.);
#554=FACE_OUTER_BOUND('',#1077,.T.);
#555=FACE_OUTER_BOUND('',#1078,.T.);
#556=FACE_OUTER_BOUND('',#1079,.T.);
#557=FACE_OUTER_BOUND('',#1080,.T.);
#558=FACE_OUTER_BOUND('',#1081,.T.);
#559=FACE_OUTER_BOUND('',#1082,.T.);
#560=FACE_OUTER_BOUND('',#1083,.T.);
#561=FACE_OUTER_BOUND('',#1084,.T.);
#562=FACE_OUTER_BOUND('',#1085,.T.);
#563=FACE_OUTER_BOUND('',#1086,.T.);
#564=FACE_OUTER_BOUND('',#1087,.T.);
#565=FACE_OUTER_BOUND('',#1088,.T.);
#566=FACE_OUTER_BOUND('',#1089,.T.);
#567=FACE_OUTER_BOUND('',#1090,.T.);
#568=FACE_OUTER_BOUND('',#1091,.T.);
#569=FACE_OUTER_BOUND('',#1092,.T.);
#570=FACE_OUTER_BOUND('',#1093,.T.);
#571=FACE_OUTER_BOUND('',#1094,.T.);
#572=FACE_OUTER_BOUND('',#1095,.T.);
#573=FACE_OUTER_BOUND('',#1096,.T.);
#574=FACE_OUTER_BOUND('',#1097,.T.);
#575=FACE_OUTER_BOUND('',#1098,.T.);
#576=FACE_OUTER_BOUND('',#1101,.T.);
#577=FACE_OUTER_BOUND('',#1102,.T.);
#578=FACE_OUTER_BOUND('',#1103,.T.);
#579=FACE_OUTER_BOUND('',#1104,.T.);
#580=FACE_OUTER_BOUND('',#1106,.T.);
#581=FACE_OUTER_BOUND('',#1107,.T.);
#582=FACE_OUTER_BOUND('',#1108,.T.);
#583=FACE_OUTER_BOUND('',#1109,.T.);
#584=FACE_OUTER_BOUND('',#1110,.T.);
#585=FACE_OUTER_BOUND('',#1111,.T.);
#586=FACE_OUTER_BOUND('',#1112,.T.);
#587=FACE_OUTER_BOUND('',#1113,.T.);
#588=FACE_OUTER_BOUND('',#1114,.T.);
#589=FACE_OUTER_BOUND('',#1115,.T.);
#590=FACE_OUTER_BOUND('',#1116,.T.);
#591=FACE_OUTER_BOUND('',#1117,.T.);
#592=FACE_OUTER_BOUND('',#1118,.T.);
#593=FACE_OUTER_BOUND('',#1119,.T.);
#594=FACE_OUTER_BOUND('',#1120,.T.);
#595=FACE_OUTER_BOUND('',#1121,.T.);
#596=FACE_OUTER_BOUND('',#1123,.T.);
#597=FACE_OUTER_BOUND('',#1124,.T.);
#598=FACE_OUTER_BOUND('',#1125,.T.);
#599=FACE_OUTER_BOUND('',#1126,.T.);
#600=FACE_OUTER_BOUND('',#1127,.T.);
#601=FACE_OUTER_BOUND('',#1128,.T.);
#602=FACE_OUTER_BOUND('',#1129,.T.);
#603=FACE_OUTER_BOUND('',#1130,.T.);
#604=FACE_OUTER_BOUND('',#1131,.T.);
#605=FACE_OUTER_BOUND('',#1132,.T.);
#606=FACE_OUTER_BOUND('',#1133,.T.);
#607=FACE_OUTER_BOUND('',#1134,.T.);
#608=FACE_OUTER_BOUND('',#1135,.T.);
#609=FACE_OUTER_BOUND('',#1136,.T.);
#610=FACE_OUTER_BOUND('',#1137,.T.);
#611=FACE_OUTER_BOUND('',#1138,.T.);
#612=FACE_OUTER_BOUND('',#1140,.T.);
#613=FACE_OUTER_BOUND('',#1141,.T.);
#614=FACE_OUTER_BOUND('',#1142,.T.);
#615=FACE_OUTER_BOUND('',#1143,.T.);
#616=FACE_OUTER_BOUND('',#1144,.T.);
#617=FACE_OUTER_BOUND('',#1145,.T.);
#618=FACE_OUTER_BOUND('',#1146,.T.);
#619=FACE_OUTER_BOUND('',#1147,.T.);
#620=FACE_OUTER_BOUND('',#1148,.T.);
#621=FACE_OUTER_BOUND('',#1149,.T.);
#622=FACE_OUTER_BOUND('',#1150,.T.);
#623=FACE_OUTER_BOUND('',#1151,.T.);
#624=FACE_OUTER_BOUND('',#1152,.T.);
#625=FACE_OUTER_BOUND('',#1153,.T.);
#626=FACE_OUTER_BOUND('',#1154,.T.);
#627=FACE_OUTER_BOUND('',#1155,.T.);
#628=FACE_OUTER_BOUND('',#1157,.T.);
#629=FACE_OUTER_BOUND('',#1158,.T.);
#630=FACE_OUTER_BOUND('',#1159,.T.);
#631=FACE_OUTER_BOUND('',#1160,.T.);
#632=FACE_OUTER_BOUND('',#1161,.T.);
#633=FACE_OUTER_BOUND('',#1162,.T.);
#634=FACE_OUTER_BOUND('',#1163,.T.);
#635=FACE_OUTER_BOUND('',#1164,.T.);
#636=FACE_OUTER_BOUND('',#1165,.T.);
#637=FACE_OUTER_BOUND('',#1166,.T.);
#638=FACE_OUTER_BOUND('',#1167,.T.);
#639=FACE_OUTER_BOUND('',#1168,.T.);
#640=FACE_OUTER_BOUND('',#1169,.T.);
#641=FACE_OUTER_BOUND('',#1170,.T.);
#642=FACE_OUTER_BOUND('',#1171,.T.);
#643=FACE_OUTER_BOUND('',#1172,.T.);
#644=FACE_OUTER_BOUND('',#1173,.T.);
#645=FACE_OUTER_BOUND('',#1174,.T.);
#646=FACE_OUTER_BOUND('',#1175,.T.);
#647=FACE_OUTER_BOUND('',#1176,.T.);
#648=FACE_OUTER_BOUND('',#1177,.T.);
#649=FACE_OUTER_BOUND('',#1178,.T.);
#650=FACE_OUTER_BOUND('',#1179,.T.);
#651=FACE_OUTER_BOUND('',#1180,.T.);
#652=FACE_OUTER_BOUND('',#1181,.T.);
#653=FACE_OUTER_BOUND('',#1182,.T.);
#654=FACE_OUTER_BOUND('',#1183,.T.);
#655=FACE_OUTER_BOUND('',#1184,.T.);
#656=FACE_OUTER_BOUND('',#1185,.T.);
#657=FACE_OUTER_BOUND('',#1186,.T.);
#658=FACE_OUTER_BOUND('',#1187,.T.);
#659=FACE_OUTER_BOUND('',#1188,.T.);
#660=FACE_OUTER_BOUND('',#1189,.T.);
#661=FACE_OUTER_BOUND('',#1190,.T.);
#662=FACE_OUTER_BOUND('',#1191,.T.);
#663=FACE_OUTER_BOUND('',#1192,.T.);
#664=FACE_OUTER_BOUND('',#1193,.T.);
#665=FACE_OUTER_BOUND('',#1194,.T.);
#666=FACE_OUTER_BOUND('',#1195,.T.);
#667=FACE_OUTER_BOUND('',#1196,.T.);
#668=FACE_OUTER_BOUND('',#1197,.T.);
#669=FACE_OUTER_BOUND('',#1198,.T.);
#670=FACE_OUTER_BOUND('',#1199,.T.);
#671=FACE_OUTER_BOUND('',#1200,.T.);
#672=FACE_OUTER_BOUND('',#1203,.T.);
#673=FACE_OUTER_BOUND('',#1204,.T.);
#674=FACE_OUTER_BOUND('',#1205,.T.);
#675=FACE_OUTER_BOUND('',#1206,.T.);
#676=FACE_OUTER_BOUND('',#1207,.T.);
#677=FACE_OUTER_BOUND('',#1208,.T.);
#678=FACE_OUTER_BOUND('',#1209,.T.);
#679=FACE_OUTER_BOUND('',#1210,.T.);
#680=FACE_OUTER_BOUND('',#1211,.T.);
#681=FACE_OUTER_BOUND('',#1212,.T.);
#682=FACE_OUTER_BOUND('',#1213,.T.);
#683=FACE_OUTER_BOUND('',#1214,.T.);
#684=FACE_OUTER_BOUND('',#1215,.T.);
#685=FACE_OUTER_BOUND('',#1216,.T.);
#686=FACE_OUTER_BOUND('',#1217,.T.);
#687=FACE_OUTER_BOUND('',#1218,.T.);
#688=FACE_OUTER_BOUND('',#1220,.T.);
#689=FACE_OUTER_BOUND('',#1221,.T.);
#690=FACE_OUTER_BOUND('',#1222,.T.);
#691=FACE_OUTER_BOUND('',#1223,.T.);
#692=FACE_OUTER_BOUND('',#1224,.T.);
#693=FACE_OUTER_BOUND('',#1225,.T.);
#694=FACE_OUTER_BOUND('',#1226,.T.);
#695=FACE_OUTER_BOUND('',#1227,.T.);
#696=FACE_OUTER_BOUND('',#1228,.T.);
#697=FACE_OUTER_BOUND('',#1229,.T.);
#698=FACE_OUTER_BOUND('',#1230,.T.);
#699=FACE_OUTER_BOUND('',#1231,.T.);
#700=FACE_OUTER_BOUND('',#1232,.T.);
#701=FACE_OUTER_BOUND('',#1233,.T.);
#702=FACE_OUTER_BOUND('',#1234,.T.);
#703=FACE_OUTER_BOUND('',#1235,.T.);
#704=FACE_OUTER_BOUND('',#1236,.T.);
#705=FACE_OUTER_BOUND('',#1237,.T.);
#706=FACE_OUTER_BOUND('',#1238,.T.);
#707=FACE_OUTER_BOUND('',#1239,.T.);
#708=FACE_OUTER_BOUND('',#1240,.T.);
#709=FACE_OUTER_BOUND('',#1241,.T.);
#710=FACE_OUTER_BOUND('',#1242,.T.);
#711=FACE_OUTER_BOUND('',#1243,.T.);
#712=FACE_OUTER_BOUND('',#1244,.T.);
#713=FACE_OUTER_BOUND('',#1245,.T.);
#714=FACE_OUTER_BOUND('',#1246,.T.);
#715=FACE_OUTER_BOUND('',#1247,.T.);
#716=FACE_OUTER_BOUND('',#1248,.T.);
#717=FACE_OUTER_BOUND('',#1249,.T.);
#718=FACE_OUTER_BOUND('',#1250,.T.);
#719=FACE_OUTER_BOUND('',#1251,.T.);
#720=FACE_OUTER_BOUND('',#1252,.T.);
#721=FACE_OUTER_BOUND('',#1253,.T.);
#722=FACE_OUTER_BOUND('',#1254,.T.);
#723=FACE_OUTER_BOUND('',#1255,.T.);
#724=FACE_OUTER_BOUND('',#1256,.T.);
#725=FACE_OUTER_BOUND('',#1257,.T.);
#726=FACE_OUTER_BOUND('',#1258,.T.);
#727=FACE_OUTER_BOUND('',#1259,.T.);
#728=FACE_OUTER_BOUND('',#1260,.T.);
#729=FACE_OUTER_BOUND('',#1261,.T.);
#730=FACE_OUTER_BOUND('',#1262,.T.);
#731=FACE_OUTER_BOUND('',#1263,.T.);
#732=FACE_OUTER_BOUND('',#1266,.T.);
#733=FACE_OUTER_BOUND('',#1267,.T.);
#734=FACE_OUTER_BOUND('',#1268,.T.);
#735=FACE_OUTER_BOUND('',#1269,.T.);
#736=FACE_OUTER_BOUND('',#1270,.T.);
#737=FACE_OUTER_BOUND('',#1271,.T.);
#738=FACE_OUTER_BOUND('',#1272,.T.);
#739=FACE_OUTER_BOUND('',#1273,.T.);
#740=FACE_OUTER_BOUND('',#1274,.T.);
#741=FACE_OUTER_BOUND('',#1275,.T.);
#742=FACE_OUTER_BOUND('',#1276,.T.);
#743=FACE_OUTER_BOUND('',#1277,.T.);
#744=FACE_OUTER_BOUND('',#1278,.T.);
#745=FACE_OUTER_BOUND('',#1279,.T.);
#746=FACE_OUTER_BOUND('',#1280,.T.);
#747=FACE_OUTER_BOUND('',#1281,.T.);
#748=FACE_OUTER_BOUND('',#1282,.T.);
#749=FACE_OUTER_BOUND('',#1283,.T.);
#750=FACE_OUTER_BOUND('',#1284,.T.);
#751=FACE_OUTER_BOUND('',#1285,.T.);
#752=FACE_OUTER_BOUND('',#1286,.T.);
#753=FACE_OUTER_BOUND('',#1287,.T.);
#754=FACE_OUTER_BOUND('',#1288,.T.);
#755=FACE_OUTER_BOUND('',#1289,.T.);
#756=FACE_OUTER_BOUND('',#1290,.T.);
#757=FACE_OUTER_BOUND('',#1291,.T.);
#758=FACE_OUTER_BOUND('',#1292,.T.);
#759=FACE_OUTER_BOUND('',#1293,.T.);
#760=FACE_OUTER_BOUND('',#1294,.T.);
#761=FACE_OUTER_BOUND('',#1295,.T.);
#762=FACE_OUTER_BOUND('',#1296,.T.);
#763=FACE_OUTER_BOUND('',#1297,.T.);
#764=FACE_OUTER_BOUND('',#1298,.T.);
#765=FACE_OUTER_BOUND('',#1299,.T.);
#766=FACE_OUTER_BOUND('',#1300,.T.);
#767=FACE_OUTER_BOUND('',#1301,.T.);
#768=FACE_OUTER_BOUND('',#1302,.T.);
#769=FACE_OUTER_BOUND('',#1303,.T.);
#770=FACE_OUTER_BOUND('',#1304,.T.);
#771=FACE_OUTER_BOUND('',#1305,.T.);
#772=FACE_OUTER_BOUND('',#1306,.T.);
#773=FACE_OUTER_BOUND('',#1307,.T.);
#774=FACE_OUTER_BOUND('',#1310,.T.);
#775=FACE_OUTER_BOUND('',#1313,.T.);
#776=FACE_OUTER_BOUND('',#1314,.T.);
#777=FACE_OUTER_BOUND('',#1315,.T.);
#778=FACE_OUTER_BOUND('',#1316,.T.);
#779=FACE_OUTER_BOUND('',#1317,.T.);
#780=FACE_OUTER_BOUND('',#1318,.T.);
#781=FACE_OUTER_BOUND('',#1319,.T.);
#782=FACE_OUTER_BOUND('',#1320,.T.);
#783=FACE_OUTER_BOUND('',#1321,.T.);
#784=FACE_OUTER_BOUND('',#1322,.T.);
#785=FACE_OUTER_BOUND('',#1323,.T.);
#786=FACE_OUTER_BOUND('',#1324,.T.);
#787=FACE_OUTER_BOUND('',#1325,.T.);
#788=FACE_OUTER_BOUND('',#1326,.T.);
#789=FACE_OUTER_BOUND('',#1327,.T.);
#790=FACE_OUTER_BOUND('',#1328,.T.);
#791=FACE_OUTER_BOUND('',#1329,.T.);
#792=FACE_OUTER_BOUND('',#1330,.T.);
#793=FACE_OUTER_BOUND('',#1331,.T.);
#794=FACE_OUTER_BOUND('',#1332,.T.);
#795=FACE_OUTER_BOUND('',#1333,.T.);
#796=FACE_OUTER_BOUND('',#1334,.T.);
#797=FACE_OUTER_BOUND('',#1335,.T.);
#798=FACE_OUTER_BOUND('',#1336,.T.);
#799=FACE_OUTER_BOUND('',#1337,.T.);
#800=FACE_OUTER_BOUND('',#1338,.T.);
#801=FACE_OUTER_BOUND('',#1339,.T.);
#802=FACE_OUTER_BOUND('',#1340,.T.);
#803=FACE_OUTER_BOUND('',#1341,.T.);
#804=FACE_OUTER_BOUND('',#1342,.T.);
#805=FACE_OUTER_BOUND('',#1343,.T.);
#806=FACE_OUTER_BOUND('',#1344,.T.);
#807=FACE_OUTER_BOUND('',#1345,.T.);
#808=FACE_OUTER_BOUND('',#1346,.T.);
#809=FACE_OUTER_BOUND('',#1347,.T.);
#810=FACE_OUTER_BOUND('',#1348,.T.);
#811=FACE_OUTER_BOUND('',#1349,.T.);
#812=FACE_OUTER_BOUND('',#1350,.T.);
#813=FACE_OUTER_BOUND('',#1351,.T.);
#814=FACE_OUTER_BOUND('',#1352,.T.);
#815=FACE_OUTER_BOUND('',#1353,.T.);
#816=FACE_OUTER_BOUND('',#1356,.T.);
#817=FACE_OUTER_BOUND('',#1359,.T.);
#818=FACE_OUTER_BOUND('',#1360,.T.);
#819=FACE_OUTER_BOUND('',#1361,.T.);
#820=FACE_OUTER_BOUND('',#1362,.T.);
#821=FACE_OUTER_BOUND('',#1363,.T.);
#822=FACE_OUTER_BOUND('',#1364,.T.);
#823=FACE_OUTER_BOUND('',#1365,.T.);
#824=FACE_OUTER_BOUND('',#1366,.T.);
#825=FACE_OUTER_BOUND('',#1367,.T.);
#826=FACE_OUTER_BOUND('',#1368,.T.);
#827=FACE_OUTER_BOUND('',#1369,.T.);
#828=FACE_OUTER_BOUND('',#1370,.T.);
#829=FACE_OUTER_BOUND('',#1371,.T.);
#830=FACE_OUTER_BOUND('',#1372,.T.);
#831=FACE_OUTER_BOUND('',#1373,.T.);
#832=FACE_OUTER_BOUND('',#1374,.T.);
#833=FACE_OUTER_BOUND('',#1375,.T.);
#834=FACE_OUTER_BOUND('',#1376,.T.);
#835=FACE_OUTER_BOUND('',#1377,.T.);
#836=FACE_OUTER_BOUND('',#1378,.T.);
#837=FACE_OUTER_BOUND('',#1379,.T.);
#838=FACE_OUTER_BOUND('',#1380,.T.);
#839=FACE_OUTER_BOUND('',#1381,.T.);
#840=FACE_OUTER_BOUND('',#1382,.T.);
#841=FACE_OUTER_BOUND('',#1383,.T.);
#842=FACE_OUTER_BOUND('',#1384,.T.);
#843=FACE_OUTER_BOUND('',#1385,.T.);
#844=FACE_OUTER_BOUND('',#1386,.T.);
#845=FACE_OUTER_BOUND('',#1387,.T.);
#846=FACE_OUTER_BOUND('',#1388,.T.);
#847=FACE_OUTER_BOUND('',#1389,.T.);
#848=FACE_OUTER_BOUND('',#1390,.T.);
#849=FACE_OUTER_BOUND('',#1391,.T.);
#850=FACE_OUTER_BOUND('',#1392,.T.);
#851=FACE_OUTER_BOUND('',#1393,.T.);
#852=FACE_OUTER_BOUND('',#1394,.T.);
#853=FACE_OUTER_BOUND('',#1395,.T.);
#854=FACE_OUTER_BOUND('',#1396,.T.);
#855=FACE_OUTER_BOUND('',#1397,.T.);
#856=FACE_OUTER_BOUND('',#1398,.T.);
#857=FACE_OUTER_BOUND('',#1399,.T.);
#858=FACE_OUTER_BOUND('',#1400,.T.);
#859=FACE_OUTER_BOUND('',#1401,.T.);
#860=FACE_OUTER_BOUND('',#1402,.T.);
#861=FACE_OUTER_BOUND('',#1403,.T.);
#862=FACE_OUTER_BOUND('',#1404,.T.);
#863=FACE_OUTER_BOUND('',#1405,.T.);
#864=FACE_OUTER_BOUND('',#1406,.T.);
#865=FACE_OUTER_BOUND('',#1407,.T.);
#866=FACE_OUTER_BOUND('',#1408,.T.);
#867=FACE_OUTER_BOUND('',#1409,.T.);
#868=FACE_OUTER_BOUND('',#1410,.T.);
#869=FACE_OUTER_BOUND('',#1411,.T.);
#870=FACE_OUTER_BOUND('',#1412,.T.);
#871=FACE_OUTER_BOUND('',#1413,.T.);
#872=FACE_OUTER_BOUND('',#1414,.T.);
#873=FACE_OUTER_BOUND('',#1415,.T.);
#874=FACE_OUTER_BOUND('',#1416,.T.);
#875=FACE_OUTER_BOUND('',#1417,.T.);
#876=FACE_OUTER_BOUND('',#1418,.T.);
#877=FACE_OUTER_BOUND('',#1419,.T.);
#878=FACE_OUTER_BOUND('',#1420,.T.);
#879=FACE_OUTER_BOUND('',#1422,.T.);
#880=FACE_OUTER_BOUND('',#1424,.T.);
#881=EDGE_LOOP('',(#5656,#5657,#5658,#5659,#5660,#5661,#5662,#5663,#5664,
#5665,#5666,#5667,#5668,#5669));
#882=EDGE_LOOP('',(#5670,#5671,#5672,#5673,#5674,#5675,#5676,#5677,#5678,
#5679,#5680,#5681,#5682,#5683));
#883=EDGE_LOOP('',(#5684,#5685,#5686,#5687,#5688,#5689,#5690));
#884=EDGE_LOOP('',(#5691,#5692,#5693,#5694));
#885=EDGE_LOOP('',(#5695,#5696,#5697,#5698,#5699,#5700));
#886=EDGE_LOOP('',(#5701,#5702,#5703,#5704));
#887=EDGE_LOOP('',(#5705,#5706,#5707,#5708,#5709,#5710,#5711,#5712));
#888=EDGE_LOOP('',(#5713,#5714,#5715,#5716));
#889=EDGE_LOOP('',(#5717,#5718,#5719,#5720,#5721,#5722,#5723,#5724));
#890=EDGE_LOOP('',(#5725,#5726,#5727,#5728,#5729,#5730,#5731,#5732));
#891=EDGE_LOOP('',(#5733,#5734,#5735,#5736));
#892=EDGE_LOOP('',(#5737,#5738,#5739,#5740,#5741,#5742,#5743,#5744));
#893=EDGE_LOOP('',(#5745,#5746,#5747,#5748,#5749,#5750));
#894=EDGE_LOOP('',(#5751,#5752,#5753,#5754,#5755));
#895=EDGE_LOOP('',(#5756,#5757,#5758,#5759));
#896=EDGE_LOOP('',(#5760,#5761,#5762,#5763,#5764,#5765));
#897=EDGE_LOOP('',(#5766,#5767,#5768,#5769));
#898=EDGE_LOOP('',(#5770,#5771,#5772,#5773));
#899=EDGE_LOOP('',(#5774,#5775,#5776,#5777));
#900=EDGE_LOOP('',(#5778,#5779,#5780,#5781));
#901=EDGE_LOOP('',(#5782,#5783,#5784,#5785));
#902=EDGE_LOOP('',(#5786,#5787,#5788,#5789));
#903=EDGE_LOOP('',(#5790,#5791,#5792,#5793));
#904=EDGE_LOOP('',(#5794,#5795,#5796,#5797));
#905=EDGE_LOOP('',(#5798,#5799,#5800,#5801,#5802,#5803,#5804,#5805,#5806,
#5807));
#906=EDGE_LOOP('',(#5808,#5809,#5810,#5811));
#907=EDGE_LOOP('',(#5812,#5813,#5814,#5815,#5816));
#908=EDGE_LOOP('',(#5817,#5818,#5819,#5820,#5821));
#909=EDGE_LOOP('',(#5822,#5823,#5824,#5825));
#910=EDGE_LOOP('',(#5826,#5827,#5828,#5829,#5830));
#911=EDGE_LOOP('',(#5831,#5832,#5833,#5834,#5835));
#912=EDGE_LOOP('',(#5836));
#913=EDGE_LOOP('',(#5837));
#914=EDGE_LOOP('',(#5838));
#915=EDGE_LOOP('',(#5839));
#916=EDGE_LOOP('',(#5840));
#917=EDGE_LOOP('',(#5841,#5842,#5843,#5844,#5845,#5846));
#918=EDGE_LOOP('',(#5847,#5848,#5849,#5850));
#919=EDGE_LOOP('',(#5851,#5852,#5853,#5854));
#920=EDGE_LOOP('',(#5855,#5856,#5857,#5858,#5859));
#921=EDGE_LOOP('',(#5860,#5861,#5862,#5863));
#922=EDGE_LOOP('',(#5864,#5865,#5866,#5867));
#923=EDGE_LOOP('',(#5868,#5869,#5870,#5871));
#924=EDGE_LOOP('',(#5872,#5873,#5874,#5875,#5876,#5877,#5878,#5879,#5880,
#5881,#5882,#5883,#5884,#5885,#5886,#5887,#5888,#5889,#5890,#5891,#5892,
#5893,#5894,#5895,#5896,#5897,#5898,#5899,#5900,#5901,#5902,#5903));
#925=EDGE_LOOP('',(#5904,#5905,#5906,#5907,#5908,#5909,#5910,#5911,#5912,
#5913,#5914,#5915,#5916,#5917,#5918,#5919,#5920,#5921,#5922,#5923,#5924,
#5925,#5926,#5927,#5928,#5929,#5930,#5931,#5932,#5933,#5934,#5935));
#926=EDGE_LOOP('',(#5936,#5937,#5938,#5939));
#927=EDGE_LOOP('',(#5940,#5941,#5942,#5943));
#928=EDGE_LOOP('',(#5944,#5945,#5946,#5947));
#929=EDGE_LOOP('',(#5948,#5949,#5950,#5951));
#930=EDGE_LOOP('',(#5952,#5953,#5954,#5955));
#931=EDGE_LOOP('',(#5956,#5957,#5958,#5959));
#932=EDGE_LOOP('',(#5960,#5961,#5962,#5963));
#933=EDGE_LOOP('',(#5964,#5965,#5966,#5967));
#934=EDGE_LOOP('',(#5968,#5969,#5970,#5971));
#935=EDGE_LOOP('',(#5972,#5973,#5974,#5975));
#936=EDGE_LOOP('',(#5976,#5977,#5978,#5979));
#937=EDGE_LOOP('',(#5980,#5981,#5982,#5983));
#938=EDGE_LOOP('',(#5984,#5985,#5986,#5987));
#939=EDGE_LOOP('',(#5988,#5989,#5990,#5991));
#940=EDGE_LOOP('',(#5992,#5993,#5994,#5995));
#941=EDGE_LOOP('',(#5996,#5997,#5998,#5999));
#942=EDGE_LOOP('',(#6000,#6001,#6002,#6003));
#943=EDGE_LOOP('',(#6004,#6005,#6006,#6007));
#944=EDGE_LOOP('',(#6008,#6009,#6010,#6011));
#945=EDGE_LOOP('',(#6012,#6013,#6014,#6015));
#946=EDGE_LOOP('',(#6016,#6017,#6018,#6019));
#947=EDGE_LOOP('',(#6020,#6021,#6022,#6023));
#948=EDGE_LOOP('',(#6024,#6025,#6026,#6027));
#949=EDGE_LOOP('',(#6028,#6029,#6030,#6031));
#950=EDGE_LOOP('',(#6032,#6033,#6034,#6035));
#951=EDGE_LOOP('',(#6036,#6037,#6038,#6039));
#952=EDGE_LOOP('',(#6040,#6041,#6042,#6043));
#953=EDGE_LOOP('',(#6044,#6045,#6046,#6047));
#954=EDGE_LOOP('',(#6048,#6049,#6050,#6051));
#955=EDGE_LOOP('',(#6052,#6053,#6054,#6055));
#956=EDGE_LOOP('',(#6056,#6057,#6058,#6059));
#957=EDGE_LOOP('',(#6060,#6061,#6062,#6063));
#958=EDGE_LOOP('',(#6064,#6065,#6066,#6067));
#959=EDGE_LOOP('',(#6068,#6069,#6070,#6071));
#960=EDGE_LOOP('',(#6072,#6073,#6074,#6075));
#961=EDGE_LOOP('',(#6076,#6077,#6078,#6079));
#962=EDGE_LOOP('',(#6080,#6081,#6082,#6083));
#963=EDGE_LOOP('',(#6084,#6085,#6086,#6087));
#964=EDGE_LOOP('',(#6088,#6089,#6090,#6091));
#965=EDGE_LOOP('',(#6092,#6093,#6094,#6095));
#966=EDGE_LOOP('',(#6096));
#967=EDGE_LOOP('',(#6097));
#968=EDGE_LOOP('',(#6098));
#969=EDGE_LOOP('',(#6099));
#970=EDGE_LOOP('',(#6100));
#971=EDGE_LOOP('',(#6101));
#972=EDGE_LOOP('',(#6102));
#973=EDGE_LOOP('',(#6103));
#974=EDGE_LOOP('',(#6104));
#975=EDGE_LOOP('',(#6105));
#976=EDGE_LOOP('',(#6106));
#977=EDGE_LOOP('',(#6107));
#978=EDGE_LOOP('',(#6108,#6109,#6110,#6111));
#979=EDGE_LOOP('',(#6112));
#980=EDGE_LOOP('',(#6113));
#981=EDGE_LOOP('',(#6114));
#982=EDGE_LOOP('',(#6115));
#983=EDGE_LOOP('',(#6116));
#984=EDGE_LOOP('',(#6117));
#985=EDGE_LOOP('',(#6118));
#986=EDGE_LOOP('',(#6119));
#987=EDGE_LOOP('',(#6120));
#988=EDGE_LOOP('',(#6121));
#989=EDGE_LOOP('',(#6122));
#990=EDGE_LOOP('',(#6123));
#991=EDGE_LOOP('',(#6124));
#992=EDGE_LOOP('',(#6125));
#993=EDGE_LOOP('',(#6126));
#994=EDGE_LOOP('',(#6127));
#995=EDGE_LOOP('',(#6128));
#996=EDGE_LOOP('',(#6129));
#997=EDGE_LOOP('',(#6130));
#998=EDGE_LOOP('',(#6131));
#999=EDGE_LOOP('',(#6132));
#1000=EDGE_LOOP('',(#6133));
#1001=EDGE_LOOP('',(#6134,#6135,#6136,#6137));
#1002=EDGE_LOOP('',(#6138,#6139,#6140,#6141));
#1003=EDGE_LOOP('',(#6142,#6143,#6144,#6145));
#1004=EDGE_LOOP('',(#6146,#6147,#6148,#6149));
#1005=EDGE_LOOP('',(#6150,#6151,#6152,#6153));
#1006=EDGE_LOOP('',(#6154,#6155,#6156,#6157));
#1007=EDGE_LOOP('',(#6158,#6159,#6160,#6161));
#1008=EDGE_LOOP('',(#6162,#6163,#6164,#6165));
#1009=EDGE_LOOP('',(#6166,#6167,#6168,#6169));
#1010=EDGE_LOOP('',(#6170,#6171,#6172,#6173));
#1011=EDGE_LOOP('',(#6174,#6175,#6176,#6177));
#1012=EDGE_LOOP('',(#6178,#6179,#6180,#6181));
#1013=EDGE_LOOP('',(#6182,#6183,#6184,#6185));
#1014=EDGE_LOOP('',(#6186));
#1015=EDGE_LOOP('',(#6187));
#1016=EDGE_LOOP('',(#6188,#6189,#6190,#6191));
#1017=EDGE_LOOP('',(#6192));
#1018=EDGE_LOOP('',(#6193));
#1019=EDGE_LOOP('',(#6194));
#1020=EDGE_LOOP('',(#6195));
#1021=EDGE_LOOP('',(#6196));
#1022=EDGE_LOOP('',(#6197));
#1023=EDGE_LOOP('',(#6198));
#1024=EDGE_LOOP('',(#6199));
#1025=EDGE_LOOP('',(#6200));
#1026=EDGE_LOOP('',(#6201));
#1027=EDGE_LOOP('',(#6202));
#1028=EDGE_LOOP('',(#6203));
#1029=EDGE_LOOP('',(#6204,#6205,#6206,#6207));
#1030=EDGE_LOOP('',(#6208,#6209,#6210));
#1031=EDGE_LOOP('',(#6211,#6212,#6213));
#1032=EDGE_LOOP('',(#6214,#6215,#6216,#6217));
#1033=EDGE_LOOP('',(#6218,#6219,#6220,#6221));
#1034=EDGE_LOOP('',(#6222));
#1035=EDGE_LOOP('',(#6223));
#1036=EDGE_LOOP('',(#6224));
#1037=EDGE_LOOP('',(#6225));
#1038=EDGE_LOOP('',(#6226,#6227,#6228));
#1039=EDGE_LOOP('',(#6229,#6230,#6231,#6232));
#1040=EDGE_LOOP('',(#6233,#6234,#6235,#6236));
#1041=EDGE_LOOP('',(#6237,#6238,#6239,#6240));
#1042=EDGE_LOOP('',(#6241,#6242,#6243,#6244));
#1043=EDGE_LOOP('',(#6245,#6246,#6247,#6248));
#1044=EDGE_LOOP('',(#6249));
#1045=EDGE_LOOP('',(#6250));
#1046=EDGE_LOOP('',(#6251,#6252,#6253,#6254));
#1047=EDGE_LOOP('',(#6255,#6256,#6257,#6258));
#1048=EDGE_LOOP('',(#6259,#6260,#6261,#6262));
#1049=EDGE_LOOP('',(#6263,#6264,#6265,#6266));
#1050=EDGE_LOOP('',(#6267,#6268,#6269,#6270));
#1051=EDGE_LOOP('',(#6271,#6272,#6273,#6274));
#1052=EDGE_LOOP('',(#6275,#6276,#6277,#6278));
#1053=EDGE_LOOP('',(#6279,#6280,#6281,#6282));
#1054=EDGE_LOOP('',(#6283,#6284,#6285,#6286));
#1055=EDGE_LOOP('',(#6287));
#1056=EDGE_LOOP('',(#6288));
#1057=EDGE_LOOP('',(#6289,#6290,#6291,#6292));
#1058=EDGE_LOOP('',(#6293,#6294,#6295,#6296));
#1059=EDGE_LOOP('',(#6297,#6298,#6299,#6300));
#1060=EDGE_LOOP('',(#6301,#6302,#6303,#6304));
#1061=EDGE_LOOP('',(#6305,#6306,#6307,#6308));
#1062=EDGE_LOOP('',(#6309,#6310,#6311,#6312));
#1063=EDGE_LOOP('',(#6313,#6314,#6315,#6316));
#1064=EDGE_LOOP('',(#6317,#6318,#6319,#6320));
#1065=EDGE_LOOP('',(#6321,#6322,#6323,#6324));
#1066=EDGE_LOOP('',(#6325,#6326,#6327,#6328));
#1067=EDGE_LOOP('',(#6329,#6330,#6331,#6332));
#1068=EDGE_LOOP('',(#6333,#6334,#6335,#6336));
#1069=EDGE_LOOP('',(#6337,#6338,#6339,#6340));
#1070=EDGE_LOOP('',(#6341,#6342,#6343,#6344));
#1071=EDGE_LOOP('',(#6345,#6346,#6347,#6348));
#1072=EDGE_LOOP('',(#6349,#6350,#6351,#6352));
#1073=EDGE_LOOP('',(#6353,#6354,#6355,#6356));
#1074=EDGE_LOOP('',(#6357,#6358,#6359,#6360));
#1075=EDGE_LOOP('',(#6361,#6362,#6363,#6364));
#1076=EDGE_LOOP('',(#6365,#6366,#6367,#6368));
#1077=EDGE_LOOP('',(#6369,#6370,#6371,#6372));
#1078=EDGE_LOOP('',(#6373,#6374,#6375,#6376));
#1079=EDGE_LOOP('',(#6377,#6378,#6379,#6380));
#1080=EDGE_LOOP('',(#6381,#6382,#6383,#6384));
#1081=EDGE_LOOP('',(#6385,#6386,#6387,#6388));
#1082=EDGE_LOOP('',(#6389,#6390,#6391,#6392));
#1083=EDGE_LOOP('',(#6393,#6394,#6395,#6396));
#1084=EDGE_LOOP('',(#6397,#6398,#6399,#6400));
#1085=EDGE_LOOP('',(#6401,#6402,#6403,#6404));
#1086=EDGE_LOOP('',(#6405,#6406,#6407,#6408));
#1087=EDGE_LOOP('',(#6409,#6410,#6411,#6412));
#1088=EDGE_LOOP('',(#6413,#6414,#6415,#6416));
#1089=EDGE_LOOP('',(#6417,#6418,#6419,#6420));
#1090=EDGE_LOOP('',(#6421,#6422,#6423,#6424));
#1091=EDGE_LOOP('',(#6425,#6426,#6427,#6428));
#1092=EDGE_LOOP('',(#6429,#6430,#6431,#6432));
#1093=EDGE_LOOP('',(#6433,#6434,#6435,#6436));
#1094=EDGE_LOOP('',(#6437,#6438,#6439,#6440,#6441,#6442,#6443,#6444,#6445,
#6446,#6447,#6448,#6449,#6450,#6451,#6452,#6453,#6454,#6455,#6456,#6457,
#6458,#6459,#6460,#6461,#6462,#6463,#6464,#6465,#6466,#6467,#6468,#6469,
#6470,#6471,#6472,#6473,#6474,#6475,#6476,#6477,#6478,#6479,#6480));
#1095=EDGE_LOOP('',(#6481,#6482,#6483,#6484));
#1096=EDGE_LOOP('',(#6485,#6486,#6487,#6488,#6489,#6490,#6491,#6492,#6493,
#6494,#6495,#6496,#6497,#6498,#6499,#6500,#6501,#6502,#6503,#6504,#6505,
#6506,#6507,#6508,#6509,#6510,#6511,#6512,#6513,#6514,#6515,#6516,#6517,
#6518,#6519,#6520,#6521,#6522,#6523,#6524,#6525,#6526,#6527,#6528));
#1097=EDGE_LOOP('',(#6529,#6530,#6531,#6532));
#1098=EDGE_LOOP('',(#6533,#6534,#6535,#6536));
#1099=EDGE_LOOP('',(#6537));
#1100=EDGE_LOOP('',(#6538));
#1101=EDGE_LOOP('',(#6539,#6540,#6541,#6542));
#1102=EDGE_LOOP('',(#6543,#6544,#6545,#6546));
#1103=EDGE_LOOP('',(#6547,#6548,#6549,#6550));
#1104=EDGE_LOOP('',(#6551));
#1105=EDGE_LOOP('',(#6552));
#1106=EDGE_LOOP('',(#6553,#6554,#6555,#6556));
#1107=EDGE_LOOP('',(#6557,#6558,#6559));
#1108=EDGE_LOOP('',(#6560,#6561,#6562,#6563,#6564,#6565,#6566,#6567,#6568,
#6569,#6570,#6571));
#1109=EDGE_LOOP('',(#6572,#6573,#6574,#6575));
#1110=EDGE_LOOP('',(#6576,#6577,#6578,#6579));
#1111=EDGE_LOOP('',(#6580,#6581,#6582,#6583));
#1112=EDGE_LOOP('',(#6584,#6585,#6586,#6587));
#1113=EDGE_LOOP('',(#6588,#6589,#6590,#6591));
#1114=EDGE_LOOP('',(#6592,#6593,#6594,#6595));
#1115=EDGE_LOOP('',(#6596,#6597,#6598,#6599));
#1116=EDGE_LOOP('',(#6600,#6601,#6602,#6603));
#1117=EDGE_LOOP('',(#6604,#6605,#6606,#6607));
#1118=EDGE_LOOP('',(#6608,#6609,#6610,#6611));
#1119=EDGE_LOOP('',(#6612,#6613,#6614,#6615));
#1120=EDGE_LOOP('',(#6616,#6617,#6618,#6619));
#1121=EDGE_LOOP('',(#6620));
#1122=EDGE_LOOP('',(#6621,#6622,#6623,#6624,#6625,#6626,#6627,#6628,#6629,
#6630,#6631,#6632));
#1123=EDGE_LOOP('',(#6633));
#1124=EDGE_LOOP('',(#6634,#6635,#6636,#6637));
#1125=EDGE_LOOP('',(#6638,#6639,#6640,#6641,#6642,#6643,#6644,#6645,#6646,
#6647,#6648,#6649));
#1126=EDGE_LOOP('',(#6650,#6651,#6652,#6653));
#1127=EDGE_LOOP('',(#6654,#6655,#6656,#6657));
#1128=EDGE_LOOP('',(#6658,#6659,#6660,#6661));
#1129=EDGE_LOOP('',(#6662,#6663,#6664,#6665));
#1130=EDGE_LOOP('',(#6666,#6667,#6668,#6669));
#1131=EDGE_LOOP('',(#6670,#6671,#6672,#6673));
#1132=EDGE_LOOP('',(#6674,#6675,#6676,#6677));
#1133=EDGE_LOOP('',(#6678,#6679,#6680,#6681));
#1134=EDGE_LOOP('',(#6682,#6683,#6684,#6685));
#1135=EDGE_LOOP('',(#6686,#6687,#6688,#6689));
#1136=EDGE_LOOP('',(#6690,#6691,#6692,#6693));
#1137=EDGE_LOOP('',(#6694,#6695,#6696,#6697));
#1138=EDGE_LOOP('',(#6698));
#1139=EDGE_LOOP('',(#6699,#6700,#6701,#6702,#6703,#6704,#6705,#6706,#6707,
#6708,#6709,#6710));
#1140=EDGE_LOOP('',(#6711));
#1141=EDGE_LOOP('',(#6712,#6713,#6714,#6715));
#1142=EDGE_LOOP('',(#6716,#6717,#6718,#6719,#6720,#6721,#6722,#6723,#6724,
#6725,#6726,#6727));
#1143=EDGE_LOOP('',(#6728,#6729,#6730,#6731));
#1144=EDGE_LOOP('',(#6732,#6733,#6734,#6735));
#1145=EDGE_LOOP('',(#6736,#6737,#6738,#6739));
#1146=EDGE_LOOP('',(#6740,#6741,#6742,#6743));
#1147=EDGE_LOOP('',(#6744,#6745,#6746,#6747));
#1148=EDGE_LOOP('',(#6748,#6749,#6750,#6751));
#1149=EDGE_LOOP('',(#6752,#6753,#6754,#6755));
#1150=EDGE_LOOP('',(#6756,#6757,#6758,#6759));
#1151=EDGE_LOOP('',(#6760,#6761,#6762,#6763));
#1152=EDGE_LOOP('',(#6764,#6765,#6766,#6767));
#1153=EDGE_LOOP('',(#6768,#6769,#6770,#6771));
#1154=EDGE_LOOP('',(#6772,#6773,#6774,#6775));
#1155=EDGE_LOOP('',(#6776));
#1156=EDGE_LOOP('',(#6777,#6778,#6779,#6780,#6781,#6782,#6783,#6784,#6785,
#6786,#6787,#6788));
#1157=EDGE_LOOP('',(#6789));
#1158=EDGE_LOOP('',(#6790,#6791,#6792,#6793));
#1159=EDGE_LOOP('',(#6794,#6795,#6796,#6797,#6798,#6799,#6800,#6801,#6802,
#6803,#6804,#6805,#6806,#6807,#6808,#6809,#6810,#6811,#6812,#6813,#6814,
#6815,#6816,#6817,#6818,#6819,#6820,#6821,#6822,#6823,#6824,#6825,#6826,
#6827,#6828,#6829,#6830,#6831));
#1160=EDGE_LOOP('',(#6832));
#1161=EDGE_LOOP('',(#6833,#6834,#6835,#6836));
#1162=EDGE_LOOP('',(#6837,#6838,#6839,#6840));
#1163=EDGE_LOOP('',(#6841,#6842,#6843,#6844));
#1164=EDGE_LOOP('',(#6845,#6846,#6847,#6848));
#1165=EDGE_LOOP('',(#6849,#6850,#6851,#6852));
#1166=EDGE_LOOP('',(#6853,#6854,#6855,#6856));
#1167=EDGE_LOOP('',(#6857,#6858,#6859,#6860));
#1168=EDGE_LOOP('',(#6861,#6862,#6863,#6864));
#1169=EDGE_LOOP('',(#6865,#6866,#6867,#6868));
#1170=EDGE_LOOP('',(#6869,#6870,#6871,#6872));
#1171=EDGE_LOOP('',(#6873,#6874,#6875,#6876));
#1172=EDGE_LOOP('',(#6877,#6878,#6879,#6880));
#1173=EDGE_LOOP('',(#6881,#6882,#6883,#6884));
#1174=EDGE_LOOP('',(#6885,#6886,#6887,#6888));
#1175=EDGE_LOOP('',(#6889,#6890,#6891,#6892));
#1176=EDGE_LOOP('',(#6893,#6894,#6895,#6896));
#1177=EDGE_LOOP('',(#6897,#6898,#6899,#6900));
#1178=EDGE_LOOP('',(#6901,#6902,#6903,#6904));
#1179=EDGE_LOOP('',(#6905,#6906,#6907,#6908));
#1180=EDGE_LOOP('',(#6909,#6910,#6911,#6912));
#1181=EDGE_LOOP('',(#6913,#6914,#6915,#6916));
#1182=EDGE_LOOP('',(#6917,#6918,#6919,#6920));
#1183=EDGE_LOOP('',(#6921,#6922,#6923,#6924));
#1184=EDGE_LOOP('',(#6925,#6926,#6927,#6928));
#1185=EDGE_LOOP('',(#6929,#6930,#6931,#6932));
#1186=EDGE_LOOP('',(#6933,#6934,#6935,#6936));
#1187=EDGE_LOOP('',(#6937,#6938,#6939,#6940));
#1188=EDGE_LOOP('',(#6941,#6942,#6943,#6944));
#1189=EDGE_LOOP('',(#6945,#6946,#6947,#6948));
#1190=EDGE_LOOP('',(#6949,#6950,#6951,#6952));
#1191=EDGE_LOOP('',(#6953,#6954,#6955,#6956));
#1192=EDGE_LOOP('',(#6957,#6958,#6959,#6960));
#1193=EDGE_LOOP('',(#6961,#6962,#6963,#6964));
#1194=EDGE_LOOP('',(#6965,#6966,#6967,#6968));
#1195=EDGE_LOOP('',(#6969,#6970,#6971,#6972));
#1196=EDGE_LOOP('',(#6973,#6974,#6975,#6976));
#1197=EDGE_LOOP('',(#6977,#6978,#6979,#6980));
#1198=EDGE_LOOP('',(#6981,#6982,#6983,#6984));
#1199=EDGE_LOOP('',(#6985,#6986,#6987,#6988));
#1200=EDGE_LOOP('',(#6989,#6990,#6991,#6992,#6993,#6994,#6995,#6996,#6997,
#6998,#6999,#7000,#7001,#7002,#7003,#7004,#7005,#7006,#7007,#7008,#7009,
#7010,#7011,#7012,#7013,#7014,#7015,#7016,#7017,#7018,#7019,#7020,#7021,
#7022,#7023,#7024,#7025,#7026));
#1201=EDGE_LOOP('',(#7027));
#1202=EDGE_LOOP('',(#7028));
#1203=EDGE_LOOP('',(#7029));
#1204=EDGE_LOOP('',(#7030,#7031,#7032,#7033));
#1205=EDGE_LOOP('',(#7034,#7035,#7036,#7037,#7038,#7039,#7040,#7041,#7042,
#7043,#7044,#7045));
#1206=EDGE_LOOP('',(#7046,#7047,#7048,#7049));
#1207=EDGE_LOOP('',(#7050,#7051,#7052,#7053));
#1208=EDGE_LOOP('',(#7054,#7055,#7056,#7057));
#1209=EDGE_LOOP('',(#7058,#7059,#7060,#7061));
#1210=EDGE_LOOP('',(#7062,#7063,#7064,#7065));
#1211=EDGE_LOOP('',(#7066,#7067,#7068,#7069));
#1212=EDGE_LOOP('',(#7070,#7071,#7072,#7073));
#1213=EDGE_LOOP('',(#7074,#7075,#7076,#7077));
#1214=EDGE_LOOP('',(#7078,#7079,#7080,#7081));
#1215=EDGE_LOOP('',(#7082,#7083,#7084,#7085));
#1216=EDGE_LOOP('',(#7086,#7087,#7088,#7089));
#1217=EDGE_LOOP('',(#7090,#7091,#7092,#7093));
#1218=EDGE_LOOP('',(#7094));
#1219=EDGE_LOOP('',(#7095,#7096,#7097,#7098,#7099,#7100,#7101,#7102,#7103,
#7104,#7105,#7106));
#1220=EDGE_LOOP('',(#7107));
#1221=EDGE_LOOP('',(#7108,#7109,#7110,#7111));
#1222=EDGE_LOOP('',(#7112,#7113,#7114,#7115,#7116,#7117,#7118,#7119,#7120,
#7121,#7122,#7123,#7124,#7125,#7126,#7127,#7128,#7129,#7130,#7131,#7132,
#7133,#7134,#7135,#7136,#7137,#7138,#7139,#7140,#7141,#7142,#7143,#7144,
#7145,#7146,#7147,#7148,#7149));
#1223=EDGE_LOOP('',(#7150));
#1224=EDGE_LOOP('',(#7151,#7152,#7153,#7154));
#1225=EDGE_LOOP('',(#7155,#7156,#7157,#7158));
#1226=EDGE_LOOP('',(#7159,#7160,#7161,#7162));
#1227=EDGE_LOOP('',(#7163,#7164,#7165,#7166));
#1228=EDGE_LOOP('',(#7167,#7168,#7169,#7170));
#1229=EDGE_LOOP('',(#7171,#7172,#7173,#7174));
#1230=EDGE_LOOP('',(#7175,#7176,#7177,#7178));
#1231=EDGE_LOOP('',(#7179,#7180,#7181,#7182));
#1232=EDGE_LOOP('',(#7183,#7184,#7185,#7186));
#1233=EDGE_LOOP('',(#7187,#7188,#7189,#7190));
#1234=EDGE_LOOP('',(#7191,#7192,#7193,#7194));
#1235=EDGE_LOOP('',(#7195,#7196,#7197,#7198));
#1236=EDGE_LOOP('',(#7199,#7200,#7201,#7202));
#1237=EDGE_LOOP('',(#7203,#7204,#7205,#7206));
#1238=EDGE_LOOP('',(#7207,#7208,#7209,#7210));
#1239=EDGE_LOOP('',(#7211,#7212,#7213,#7214));
#1240=EDGE_LOOP('',(#7215,#7216,#7217,#7218));
#1241=EDGE_LOOP('',(#7219,#7220,#7221,#7222));
#1242=EDGE_LOOP('',(#7223,#7224,#7225,#7226));
#1243=EDGE_LOOP('',(#7227,#7228,#7229,#7230));
#1244=EDGE_LOOP('',(#7231,#7232,#7233,#7234));
#1245=EDGE_LOOP('',(#7235,#7236,#7237,#7238));
#1246=EDGE_LOOP('',(#7239,#7240,#7241,#7242));
#1247=EDGE_LOOP('',(#7243,#7244,#7245,#7246));
#1248=EDGE_LOOP('',(#7247,#7248,#7249,#7250));
#1249=EDGE_LOOP('',(#7251,#7252,#7253,#7254));
#1250=EDGE_LOOP('',(#7255,#7256,#7257,#7258));
#1251=EDGE_LOOP('',(#7259,#7260,#7261,#7262));
#1252=EDGE_LOOP('',(#7263,#7264,#7265,#7266));
#1253=EDGE_LOOP('',(#7267,#7268,#7269,#7270));
#1254=EDGE_LOOP('',(#7271,#7272,#7273,#7274));
#1255=EDGE_LOOP('',(#7275,#7276,#7277,#7278));
#1256=EDGE_LOOP('',(#7279,#7280,#7281,#7282));
#1257=EDGE_LOOP('',(#7283,#7284,#7285,#7286));
#1258=EDGE_LOOP('',(#7287,#7288,#7289,#7290));
#1259=EDGE_LOOP('',(#7291,#7292,#7293,#7294));
#1260=EDGE_LOOP('',(#7295,#7296,#7297,#7298));
#1261=EDGE_LOOP('',(#7299,#7300,#7301,#7302));
#1262=EDGE_LOOP('',(#7303,#7304,#7305,#7306));
#1263=EDGE_LOOP('',(#7307,#7308,#7309,#7310,#7311,#7312,#7313,#7314,#7315,
#7316,#7317,#7318,#7319,#7320,#7321,#7322,#7323,#7324,#7325,#7326,#7327,
#7328,#7329,#7330,#7331,#7332,#7333,#7334,#7335,#7336,#7337,#7338,#7339,
#7340,#7341,#7342,#7343,#7344));
#1264=EDGE_LOOP('',(#7345));
#1265=EDGE_LOOP('',(#7346));
#1266=EDGE_LOOP('',(#7347));
#1267=EDGE_LOOP('',(#7348,#7349,#7350,#7351));
#1268=EDGE_LOOP('',(#7352,#7353,#7354,#7355));
#1269=EDGE_LOOP('',(#7356,#7357,#7358,#7359));
#1270=EDGE_LOOP('',(#7360,#7361,#7362,#7363));
#1271=EDGE_LOOP('',(#7364,#7365,#7366,#7367));
#1272=EDGE_LOOP('',(#7368,#7369,#7370,#7371));
#1273=EDGE_LOOP('',(#7372,#7373,#7374,#7375));
#1274=EDGE_LOOP('',(#7376,#7377,#7378,#7379));
#1275=EDGE_LOOP('',(#7380,#7381,#7382,#7383));
#1276=EDGE_LOOP('',(#7384,#7385,#7386,#7387));
#1277=EDGE_LOOP('',(#7388,#7389,#7390,#7391));
#1278=EDGE_LOOP('',(#7392,#7393,#7394,#7395));
#1279=EDGE_LOOP('',(#7396,#7397,#7398,#7399));
#1280=EDGE_LOOP('',(#7400,#7401,#7402,#7403));
#1281=EDGE_LOOP('',(#7404,#7405,#7406,#7407));
#1282=EDGE_LOOP('',(#7408,#7409,#7410,#7411));
#1283=EDGE_LOOP('',(#7412,#7413,#7414,#7415));
#1284=EDGE_LOOP('',(#7416,#7417,#7418,#7419));
#1285=EDGE_LOOP('',(#7420,#7421,#7422,#7423));
#1286=EDGE_LOOP('',(#7424,#7425,#7426,#7427));
#1287=EDGE_LOOP('',(#7428,#7429,#7430,#7431));
#1288=EDGE_LOOP('',(#7432,#7433,#7434,#7435));
#1289=EDGE_LOOP('',(#7436,#7437,#7438,#7439));
#1290=EDGE_LOOP('',(#7440,#7441,#7442,#7443));
#1291=EDGE_LOOP('',(#7444,#7445,#7446,#7447));
#1292=EDGE_LOOP('',(#7448,#7449,#7450,#7451));
#1293=EDGE_LOOP('',(#7452,#7453,#7454,#7455));
#1294=EDGE_LOOP('',(#7456,#7457,#7458,#7459));
#1295=EDGE_LOOP('',(#7460,#7461,#7462,#7463));
#1296=EDGE_LOOP('',(#7464,#7465,#7466,#7467));
#1297=EDGE_LOOP('',(#7468,#7469,#7470,#7471));
#1298=EDGE_LOOP('',(#7472,#7473,#7474,#7475));
#1299=EDGE_LOOP('',(#7476,#7477,#7478,#7479));
#1300=EDGE_LOOP('',(#7480,#7481,#7482,#7483));
#1301=EDGE_LOOP('',(#7484,#7485,#7486,#7487));
#1302=EDGE_LOOP('',(#7488,#7489,#7490,#7491));
#1303=EDGE_LOOP('',(#7492,#7493,#7494,#7495));
#1304=EDGE_LOOP('',(#7496,#7497,#7498,#7499));
#1305=EDGE_LOOP('',(#7500,#7501,#7502,#7503));
#1306=EDGE_LOOP('',(#7504,#7505,#7506,#7507));
#1307=EDGE_LOOP('',(#7508,#7509,#7510,#7511,#7512,#7513,#7514,#7515,#7516,
#7517,#7518,#7519,#7520,#7521,#7522,#7523,#7524,#7525,#7526,#7527,#7528,
#7529,#7530,#7531,#7532,#7533,#7534,#7535,#7536,#7537,#7538,#7539,#7540,
#7541,#7542,#7543,#7544,#7545));
#1308=EDGE_LOOP('',(#7546));
#1309=EDGE_LOOP('',(#7547));
#1310=EDGE_LOOP('',(#7548,#7549,#7550,#7551,#7552,#7553,#7554,#7555,#7556,
#7557,#7558,#7559,#7560,#7561,#7562,#7563,#7564,#7565,#7566,#7567,#7568,
#7569,#7570,#7571,#7572,#7573,#7574,#7575,#7576,#7577,#7578,#7579,#7580,
#7581,#7582,#7583,#7584,#7585));
#1311=EDGE_LOOP('',(#7586));
#1312=EDGE_LOOP('',(#7587));
#1313=EDGE_LOOP('',(#7588,#7589,#7590,#7591));
#1314=EDGE_LOOP('',(#7592,#7593,#7594,#7595));
#1315=EDGE_LOOP('',(#7596,#7597,#7598,#7599));
#1316=EDGE_LOOP('',(#7600,#7601,#7602,#7603));
#1317=EDGE_LOOP('',(#7604,#7605,#7606,#7607));
#1318=EDGE_LOOP('',(#7608,#7609,#7610,#7611));
#1319=EDGE_LOOP('',(#7612,#7613,#7614,#7615));
#1320=EDGE_LOOP('',(#7616,#7617,#7618,#7619));
#1321=EDGE_LOOP('',(#7620,#7621,#7622,#7623));
#1322=EDGE_LOOP('',(#7624,#7625,#7626,#7627));
#1323=EDGE_LOOP('',(#7628,#7629,#7630,#7631));
#1324=EDGE_LOOP('',(#7632,#7633,#7634,#7635));
#1325=EDGE_LOOP('',(#7636,#7637,#7638,#7639));
#1326=EDGE_LOOP('',(#7640,#7641,#7642,#7643));
#1327=EDGE_LOOP('',(#7644,#7645,#7646,#7647));
#1328=EDGE_LOOP('',(#7648,#7649,#7650,#7651));
#1329=EDGE_LOOP('',(#7652,#7653,#7654,#7655));
#1330=EDGE_LOOP('',(#7656,#7657,#7658,#7659));
#1331=EDGE_LOOP('',(#7660,#7661,#7662,#7663));
#1332=EDGE_LOOP('',(#7664,#7665,#7666,#7667));
#1333=EDGE_LOOP('',(#7668,#7669,#7670,#7671));
#1334=EDGE_LOOP('',(#7672,#7673,#7674,#7675));
#1335=EDGE_LOOP('',(#7676,#7677,#7678,#7679));
#1336=EDGE_LOOP('',(#7680,#7681,#7682,#7683));
#1337=EDGE_LOOP('',(#7684,#7685,#7686,#7687));
#1338=EDGE_LOOP('',(#7688,#7689,#7690,#7691));
#1339=EDGE_LOOP('',(#7692,#7693,#7694,#7695));
#1340=EDGE_LOOP('',(#7696,#7697,#7698,#7699));
#1341=EDGE_LOOP('',(#7700,#7701,#7702,#7703));
#1342=EDGE_LOOP('',(#7704,#7705,#7706,#7707));
#1343=EDGE_LOOP('',(#7708,#7709,#7710,#7711));
#1344=EDGE_LOOP('',(#7712,#7713,#7714,#7715));
#1345=EDGE_LOOP('',(#7716,#7717,#7718,#7719));
#1346=EDGE_LOOP('',(#7720,#7721,#7722,#7723));
#1347=EDGE_LOOP('',(#7724,#7725,#7726,#7727));
#1348=EDGE_LOOP('',(#7728,#7729,#7730,#7731));
#1349=EDGE_LOOP('',(#7732,#7733,#7734,#7735));
#1350=EDGE_LOOP('',(#7736,#7737,#7738,#7739));
#1351=EDGE_LOOP('',(#7740,#7741,#7742,#7743));
#1352=EDGE_LOOP('',(#7744,#7745,#7746,#7747));
#1353=EDGE_LOOP('',(#7748,#7749,#7750,#7751,#7752,#7753,#7754,#7755,#7756,
#7757,#7758,#7759,#7760,#7761,#7762,#7763,#7764,#7765,#7766,#7767,#7768,
#7769,#7770,#7771,#7772,#7773,#7774,#7775,#7776,#7777,#7778,#7779,#7780,
#7781,#7782,#7783,#7784,#7785));
#1354=EDGE_LOOP('',(#7786));
#1355=EDGE_LOOP('',(#7787));
#1356=EDGE_LOOP('',(#7788,#7789,#7790,#7791,#7792,#7793,#7794,#7795,#7796,
#7797,#7798,#7799,#7800,#7801,#7802,#7803,#7804,#7805,#7806,#7807,#7808,
#7809,#7810,#7811,#7812,#7813,#7814,#7815,#7816,#7817,#7818,#7819,#7820,
#7821,#7822,#7823,#7824,#7825));
#1357=EDGE_LOOP('',(#7826));
#1358=EDGE_LOOP('',(#7827));
#1359=EDGE_LOOP('',(#7828,#7829,#7830,#7831));
#1360=EDGE_LOOP('',(#7832,#7833,#7834,#7835));
#1361=EDGE_LOOP('',(#7836,#7837,#7838,#7839));
#1362=EDGE_LOOP('',(#7840,#7841,#7842,#7843));
#1363=EDGE_LOOP('',(#7844,#7845,#7846,#7847));
#1364=EDGE_LOOP('',(#7848,#7849,#7850,#7851));
#1365=EDGE_LOOP('',(#7852,#7853,#7854,#7855));
#1366=EDGE_LOOP('',(#7856,#7857,#7858,#7859));
#1367=EDGE_LOOP('',(#7860,#7861,#7862,#7863));
#1368=EDGE_LOOP('',(#7864,#7865,#7866,#7867));
#1369=EDGE_LOOP('',(#7868,#7869,#7870,#7871));
#1370=EDGE_LOOP('',(#7872,#7873,#7874,#7875));
#1371=EDGE_LOOP('',(#7876,#7877,#7878,#7879));
#1372=EDGE_LOOP('',(#7880,#7881,#7882,#7883));
#1373=EDGE_LOOP('',(#7884,#7885,#7886,#7887));
#1374=EDGE_LOOP('',(#7888,#7889,#7890,#7891));
#1375=EDGE_LOOP('',(#7892,#7893,#7894,#7895));
#1376=EDGE_LOOP('',(#7896,#7897,#7898,#7899));
#1377=EDGE_LOOP('',(#7900,#7901,#7902,#7903));
#1378=EDGE_LOOP('',(#7904,#7905,#7906,#7907));
#1379=EDGE_LOOP('',(#7908,#7909,#7910,#7911));
#1380=EDGE_LOOP('',(#7912,#7913,#7914,#7915));
#1381=EDGE_LOOP('',(#7916,#7917,#7918,#7919));
#1382=EDGE_LOOP('',(#7920,#7921,#7922,#7923));
#1383=EDGE_LOOP('',(#7924,#7925,#7926,#7927));
#1384=EDGE_LOOP('',(#7928,#7929,#7930,#7931));
#1385=EDGE_LOOP('',(#7932,#7933,#7934,#7935));
#1386=EDGE_LOOP('',(#7936,#7937,#7938,#7939));
#1387=EDGE_LOOP('',(#7940,#7941,#7942,#7943));
#1388=EDGE_LOOP('',(#7944,#7945,#7946,#7947));
#1389=EDGE_LOOP('',(#7948,#7949,#7950,#7951));
#1390=EDGE_LOOP('',(#7952,#7953,#7954,#7955));
#1391=EDGE_LOOP('',(#7956,#7957,#7958,#7959));
#1392=EDGE_LOOP('',(#7960,#7961,#7962,#7963));
#1393=EDGE_LOOP('',(#7964,#7965,#7966,#7967));
#1394=EDGE_LOOP('',(#7968,#7969,#7970,#7971));
#1395=EDGE_LOOP('',(#7972,#7973,#7974,#7975));
#1396=EDGE_LOOP('',(#7976,#7977,#7978,#7979));
#1397=EDGE_LOOP('',(#7980,#7981,#7982,#7983));
#1398=EDGE_LOOP('',(#7984,#7985,#7986,#7987));
#1399=EDGE_LOOP('',(#7988,#7989,#7990,#7991));
#1400=EDGE_LOOP('',(#7992,#7993,#7994,#7995));
#1401=EDGE_LOOP('',(#7996,#7997,#7998,#7999));
#1402=EDGE_LOOP('',(#8000,#8001,#8002,#8003));
#1403=EDGE_LOOP('',(#8004,#8005,#8006,#8007));
#1404=EDGE_LOOP('',(#8008,#8009,#8010,#8011));
#1405=EDGE_LOOP('',(#8012,#8013,#8014,#8015));
#1406=EDGE_LOOP('',(#8016,#8017,#8018,#8019));
#1407=EDGE_LOOP('',(#8020,#8021,#8022,#8023));
#1408=EDGE_LOOP('',(#8024,#8025,#8026,#8027));
#1409=EDGE_LOOP('',(#8028,#8029,#8030,#8031));
#1410=EDGE_LOOP('',(#8032,#8033,#8034,#8035));
#1411=EDGE_LOOP('',(#8036,#8037,#8038,#8039));
#1412=EDGE_LOOP('',(#8040,#8041,#8042,#8043));
#1413=EDGE_LOOP('',(#8044,#8045,#8046,#8047));
#1414=EDGE_LOOP('',(#8048,#8049,#8050,#8051));
#1415=EDGE_LOOP('',(#8052,#8053,#8054,#8055));
#1416=EDGE_LOOP('',(#8056,#8057,#8058,#8059));
#1417=EDGE_LOOP('',(#8060,#8061,#8062,#8063));
#1418=EDGE_LOOP('',(#8064,#8065,#8066,#8067));
#1419=EDGE_LOOP('',(#8068,#8069,#8070,#8071));
#1420=EDGE_LOOP('',(#8072,#8073,#8074,#8075,#8076,#8077,#8078,#8079,#8080,
#8081,#8082,#8083,#8084,#8085,#8086,#8087,#8088,#8089,#8090,#8091,#8092,
#8093,#8094,#8095,#8096,#8097,#8098,#8099,#8100,#8101,#8102,#8103,#8104,
#8105,#8106,#8107,#8108,#8109,#8110,#8111,#8112,#8113,#8114,#8115,#8116,
#8117,#8118,#8119,#8120,#8121,#8122,#8123,#8124,#8125,#8126,#8127,#8128,
#8129,#8130,#8131));
#1421=EDGE_LOOP('',(#8132));
#1422=EDGE_LOOP('',(#8133,#8134,#8135,#8136,#8137,#8138,#8139,#8140,#8141,
#8142,#8143,#8144,#8145,#8146,#8147,#8148,#8149,#8150,#8151,#8152,#8153,
#8154,#8155,#8156,#8157,#8158,#8159,#8160,#8161,#8162,#8163,#8164,#8165,
#8166,#8167,#8168,#8169,#8170,#8171,#8172,#8173,#8174,#8175,#8176,#8177,
#8178,#8179,#8180,#8181,#8182,#8183,#8184,#8185,#8186,#8187,#8188,#8189,
#8190,#8191,#8192));
#1423=EDGE_LOOP('',(#8193));
#1424=EDGE_LOOP('',(#8194,#8195,#8196,#8197));
#1425=LINE('',#12575,#2290);
#1426=LINE('',#12579,#2291);
#1427=LINE('',#12583,#2292);
#1428=LINE('',#12589,#2293);
#1429=LINE('',#12595,#2294);
#1430=LINE('',#12598,#2295);
#1431=LINE('',#12604,#2296);
#1432=LINE('',#12608,#2297);
#1433=LINE('',#12614,#2298);
#1434=LINE('',#12620,#2299);
#1435=LINE('',#12624,#2300);
#1436=LINE('',#12627,#2301);
#1437=LINE('',#12837,#2302);
#1438=LINE('',#12838,#2303);
#1439=LINE('',#12839,#2304);
#1440=LINE('',#12841,#2305);
#1441=LINE('',#12845,#2306);
#1442=LINE('',#12847,#2307);
#1443=LINE('',#12848,#2308);
#1444=LINE('',#12852,#2309);
#1445=LINE('',#12889,#2310);
#1446=LINE('',#12890,#2311);
#1447=LINE('',#12891,#2312);
#1448=LINE('',#12893,#2313);
#1449=LINE('',#12895,#2314);
#1450=LINE('',#12897,#2315);
#1451=LINE('',#12899,#2316);
#1452=LINE('',#12901,#2317);
#1453=LINE('',#12903,#2318);
#1454=LINE('',#12905,#2319);
#1455=LINE('',#12907,#2320);
#1456=LINE('',#12909,#2321);
#1457=LINE('',#12933,#2322);
#1458=LINE('',#12950,#2323);
#1459=LINE('',#12957,#2324);
#1460=LINE('',#12960,#2325);
#1461=LINE('',#12973,#2326);
#1462=LINE('',#12976,#2327);
#1463=LINE('',#12984,#2328);
#1464=LINE('',#12986,#2329);
#1465=LINE('',#12988,#2330);
#1466=LINE('',#12990,#2331);
#1467=LINE('',#12992,#2332);
#1468=LINE('',#12993,#2333);
#1469=LINE('',#12995,#2334);
#1470=LINE('',#12996,#2335);
#1471=LINE('',#12998,#2336);
#1472=LINE('',#13000,#2337);
#1473=LINE('',#13002,#2338);
#1474=LINE('',#13004,#2339);
#1475=LINE('',#13009,#2340);
#1476=LINE('',#13011,#2341);
#1477=LINE('',#13013,#2342);
#1478=LINE('',#13021,#2343);
#1479=LINE('',#13025,#2344);
#1480=LINE('',#13029,#2345);
#1481=LINE('',#13037,#2346);
#1482=LINE('',#13039,#2347);
#1483=LINE('',#13041,#2348);
#1484=LINE('',#13043,#2349);
#1485=LINE('',#13045,#2350);
#1486=LINE('',#13053,#2351);
#1487=LINE('',#13057,#2352);
#1488=LINE('',#13061,#2353);
#1489=LINE('',#13069,#2354);
#1490=LINE('',#13070,#2355);
#1491=LINE('',#13074,#2356);
#1492=LINE('',#13076,#2357);
#1493=LINE('',#13078,#2358);
#1494=LINE('',#13086,#2359);
#1495=LINE('',#13090,#2360);
#1496=LINE('',#13094,#2361);
#1497=LINE('',#13102,#2362);
#1498=LINE('',#13104,#2363);
#1499=LINE('',#13106,#2364);
#1500=LINE('',#13108,#2365);
#1501=LINE('',#13110,#2366);
#1502=LINE('',#13118,#2367);
#1503=LINE('',#13122,#2368);
#1504=LINE('',#13126,#2369);
#1505=LINE('',#13134,#2370);
#1506=LINE('',#13135,#2371);
#1507=LINE('',#13140,#2372);
#1508=LINE('',#13146,#2373);
#1509=LINE('',#13152,#2374);
#1510=LINE('',#13158,#2375);
#1511=LINE('',#13164,#2376);
#1512=LINE('',#13170,#2377);
#1513=LINE('',#13176,#2378);
#1514=LINE('',#13182,#2379);
#1515=LINE('',#13188,#2380);
#1516=LINE('',#13194,#2381);
#1517=LINE('',#13200,#2382);
#1518=LINE('',#13206,#2383);
#1519=LINE('',#13209,#2384);
#1520=LINE('',#13210,#2385);
#1521=LINE('',#13212,#2386);
#1522=LINE('',#13214,#2387);
#1523=LINE('',#13216,#2388);
#1524=LINE('',#13218,#2389);
#1525=LINE('',#13220,#2390);
#1526=LINE('',#13222,#2391);
#1527=LINE('',#13224,#2392);
#1528=LINE('',#13226,#2393);
#1529=LINE('',#13228,#2394);
#1530=LINE('',#13230,#2395);
#1531=LINE('',#13232,#2396);
#1532=LINE('',#13234,#2397);
#1533=LINE('',#13236,#2398);
#1534=LINE('',#13237,#2399);
#1535=LINE('',#13239,#2400);
#1536=LINE('',#13241,#2401);
#1537=LINE('',#13243,#2402);
#1538=LINE('',#13245,#2403);
#1539=LINE('',#13247,#2404);
#1540=LINE('',#13249,#2405);
#1541=LINE('',#13251,#2406);
#1542=LINE('',#13253,#2407);
#1543=LINE('',#13255,#2408);
#1544=LINE('',#13257,#2409);
#1545=LINE('',#13259,#2410);
#1546=LINE('',#13261,#2411);
#1547=LINE('',#13263,#2412);
#1548=LINE('',#13265,#2413);
#1549=LINE('',#13301,#2414);
#1550=LINE('',#13303,#2415);
#1551=LINE('',#13306,#2416);
#1552=LINE('',#13310,#2417);
#1553=LINE('',#13314,#2418);
#1554=LINE('',#13318,#2419);
#1555=LINE('',#13322,#2420);
#1556=LINE('',#13326,#2421);
#1557=LINE('',#13330,#2422);
#1558=LINE('',#13334,#2423);
#1559=LINE('',#13338,#2424);
#1560=LINE('',#13342,#2425);
#1561=LINE('',#13347,#2426);
#1562=LINE('',#13355,#2427);
#1563=LINE('',#13372,#2428);
#1564=LINE('',#13377,#2429);
#1565=LINE('',#13382,#2430);
#1566=LINE('',#13386,#2431);
#1567=LINE('',#13396,#2432);
#1568=LINE('',#13401,#2433);
#1569=LINE('',#13405,#2434);
#1570=LINE('',#13409,#2435);
#1571=LINE('',#13413,#2436);
#1572=LINE('',#13417,#2437);
#1573=LINE('',#13423,#2438);
#1574=LINE('',#13427,#2439);
#1575=LINE('',#13432,#2440);
#1576=LINE('',#13436,#2441);
#1577=LINE('',#13438,#2442);
#1578=LINE('',#13440,#2443);
#1579=LINE('',#13441,#2444);
#1580=LINE('',#13444,#2445);
#1581=LINE('',#13446,#2446);
#1582=LINE('',#13447,#2447);
#1583=LINE('',#13450,#2448);
#1584=LINE('',#13452,#2449);
#1585=LINE('',#13453,#2450);
#1586=LINE('',#13457,#2451);
#1587=LINE('',#13459,#2452);
#1588=LINE('',#13461,#2453);
#1589=LINE('',#13462,#2454);
#1590=LINE('',#13465,#2455);
#1591=LINE('',#13467,#2456);
#1592=LINE('',#13468,#2457);
#1593=LINE('',#13471,#2458);
#1594=LINE('',#13473,#2459);
#1595=LINE('',#13474,#2460);
#1596=LINE('',#13477,#2461);
#1597=LINE('',#13479,#2462);
#1598=LINE('',#13480,#2463);
#1599=LINE('',#13483,#2464);
#1600=LINE('',#13485,#2465);
#1601=LINE('',#13486,#2466);
#1602=LINE('',#13491,#2467);
#1603=LINE('',#13495,#2468);
#1604=LINE('',#13497,#2469);
#1605=LINE('',#13498,#2470);
#1606=LINE('',#13501,#2471);
#1607=LINE('',#13503,#2472);
#1608=LINE('',#13504,#2473);
#1609=LINE('',#13508,#2474);
#1610=LINE('',#13509,#2475);
#1611=LINE('',#13510,#2476);
#1612=LINE('',#13513,#2477);
#1613=LINE('',#13515,#2478);
#1614=LINE('',#13516,#2479);
#1615=LINE('',#13521,#2480);
#1616=LINE('',#13527,#2481);
#1617=LINE('',#13533,#2482);
#1618=LINE('',#13537,#2483);
#1619=LINE('',#13539,#2484);
#1620=LINE('',#13540,#2485);
#1621=LINE('',#13545,#2486);
#1622=LINE('',#13549,#2487);
#1623=LINE('',#13551,#2488);
#1624=LINE('',#13552,#2489);
#1625=LINE('',#13557,#2490);
#1626=LINE('',#13561,#2491);
#1627=LINE('',#13563,#2492);
#1628=LINE('',#13564,#2493);
#1629=LINE('',#13569,#2494);
#1630=LINE('',#13575,#2495);
#1631=LINE('',#13581,#2496);
#1632=LINE('',#13585,#2497);
#1633=LINE('',#13587,#2498);
#1634=LINE('',#13588,#2499);
#1635=LINE('',#13591,#2500);
#1636=LINE('',#13593,#2501);
#1637=LINE('',#13594,#2502);
#1638=LINE('',#13597,#2503);
#1639=LINE('',#13599,#2504);
#1640=LINE('',#13600,#2505);
#1641=LINE('',#13603,#2506);
#1642=LINE('',#13605,#2507);
#1643=LINE('',#13606,#2508);
#1644=LINE('',#13609,#2509);
#1645=LINE('',#13611,#2510);
#1646=LINE('',#13612,#2511);
#1647=LINE('',#13617,#2512);
#1648=LINE('',#13623,#2513);
#1649=LINE('',#13629,#2514);
#1650=LINE('',#13633,#2515);
#1651=LINE('',#13635,#2516);
#1652=LINE('',#13636,#2517);
#1653=LINE('',#13641,#2518);
#1654=LINE('',#13645,#2519);
#1655=LINE('',#13647,#2520);
#1656=LINE('',#13648,#2521);
#1657=LINE('',#13653,#2522);
#1658=LINE('',#13657,#2523);
#1659=LINE('',#13659,#2524);
#1660=LINE('',#13660,#2525);
#1661=LINE('',#13665,#2526);
#1662=LINE('',#13671,#2527);
#1663=LINE('',#13677,#2528);
#1664=LINE('',#13680,#2529);
#1665=LINE('',#13681,#2530);
#1666=LINE('',#13685,#2531);
#1667=LINE('',#13688,#2532);
#1668=LINE('',#13690,#2533);
#1669=LINE('',#13691,#2534);
#1670=LINE('',#13694,#2535);
#1671=LINE('',#13695,#2536);
#1672=LINE('',#13698,#2537);
#1673=LINE('',#13699,#2538);
#1674=LINE('',#13701,#2539);
#1675=LINE('',#13704,#2540);
#1676=LINE('',#13712,#2541);
#1677=LINE('',#13715,#2542);
#1678=LINE('',#13719,#2543);
#1679=LINE('',#13726,#2544);
#1680=LINE('',#13730,#2545);
#1681=LINE('',#13734,#2546);
#1682=LINE('',#13736,#2547);
#1683=LINE('',#13738,#2548);
#1684=LINE('',#13740,#2549);
#1685=LINE('',#13742,#2550);
#1686=LINE('',#13744,#2551);
#1687=LINE('',#13746,#2552);
#1688=LINE('',#13748,#2553);
#1689=LINE('',#13750,#2554);
#1690=LINE('',#13752,#2555);
#1691=LINE('',#13754,#2556);
#1692=LINE('',#13755,#2557);
#1693=LINE('',#13758,#2558);
#1694=LINE('',#13760,#2559);
#1695=LINE('',#13765,#2560);
#1696=LINE('',#13769,#2561);
#1697=LINE('',#13773,#2562);
#1698=LINE('',#13777,#2563);
#1699=LINE('',#13781,#2564);
#1700=LINE('',#13784,#2565);
#1701=LINE('',#13789,#2566);
#1702=LINE('',#13793,#2567);
#1703=LINE('',#13797,#2568);
#1704=LINE('',#13801,#2569);
#1705=LINE('',#13811,#2570);
#1706=LINE('',#13815,#2571);
#1707=LINE('',#13817,#2572);
#1708=LINE('',#13819,#2573);
#1709=LINE('',#13821,#2574);
#1710=LINE('',#13823,#2575);
#1711=LINE('',#13825,#2576);
#1712=LINE('',#13827,#2577);
#1713=LINE('',#13829,#2578);
#1714=LINE('',#13831,#2579);
#1715=LINE('',#13833,#2580);
#1716=LINE('',#13835,#2581);
#1717=LINE('',#13836,#2582);
#1718=LINE('',#13839,#2583);
#1719=LINE('',#13841,#2584);
#1720=LINE('',#13846,#2585);
#1721=LINE('',#13850,#2586);
#1722=LINE('',#13854,#2587);
#1723=LINE('',#13858,#2588);
#1724=LINE('',#13862,#2589);
#1725=LINE('',#13865,#2590);
#1726=LINE('',#13870,#2591);
#1727=LINE('',#13874,#2592);
#1728=LINE('',#13878,#2593);
#1729=LINE('',#13882,#2594);
#1730=LINE('',#13892,#2595);
#1731=LINE('',#13896,#2596);
#1732=LINE('',#13898,#2597);
#1733=LINE('',#13900,#2598);
#1734=LINE('',#13902,#2599);
#1735=LINE('',#13904,#2600);
#1736=LINE('',#13906,#2601);
#1737=LINE('',#13908,#2602);
#1738=LINE('',#13910,#2603);
#1739=LINE('',#13912,#2604);
#1740=LINE('',#13914,#2605);
#1741=LINE('',#13916,#2606);
#1742=LINE('',#13917,#2607);
#1743=LINE('',#13920,#2608);
#1744=LINE('',#13922,#2609);
#1745=LINE('',#13927,#2610);
#1746=LINE('',#13931,#2611);
#1747=LINE('',#13935,#2612);
#1748=LINE('',#13939,#2613);
#1749=LINE('',#13943,#2614);
#1750=LINE('',#13946,#2615);
#1751=LINE('',#13951,#2616);
#1752=LINE('',#13955,#2617);
#1753=LINE('',#13959,#2618);
#1754=LINE('',#13963,#2619);
#1755=LINE('',#13973,#2620);
#1756=LINE('',#13977,#2621);
#1757=LINE('',#13985,#2622);
#1758=LINE('',#13989,#2623);
#1759=LINE('',#13993,#2624);
#1760=LINE('',#14001,#2625);
#1761=LINE('',#14003,#2626);
#1762=LINE('',#14005,#2627);
#1763=LINE('',#14007,#2628);
#1764=LINE('',#14009,#2629);
#1765=LINE('',#14017,#2630);
#1766=LINE('',#14021,#2631);
#1767=LINE('',#14025,#2632);
#1768=LINE('',#14033,#2633);
#1769=LINE('',#14035,#2634);
#1770=LINE('',#14037,#2635);
#1771=LINE('',#14039,#2636);
#1772=LINE('',#14041,#2637);
#1773=LINE('',#14043,#2638);
#1774=LINE('',#14045,#2639);
#1775=LINE('',#14047,#2640);
#1776=LINE('',#14049,#2641);
#1777=LINE('',#14050,#2642);
#1778=LINE('',#14056,#2643);
#1779=LINE('',#14059,#2644);
#1780=LINE('',#14063,#2645);
#1781=LINE('',#14067,#2646);
#1782=LINE('',#14070,#2647);
#1783=LINE('',#14071,#2648);
#1784=LINE('',#14075,#2649);
#1785=LINE('',#14078,#2650);
#1786=LINE('',#14079,#2651);
#1787=LINE('',#14083,#2652);
#1788=LINE('',#14086,#2653);
#1789=LINE('',#14087,#2654);
#1790=LINE('',#14091,#2655);
#1791=LINE('',#14095,#2656);
#1792=LINE('',#14099,#2657);
#1793=LINE('',#14102,#2658);
#1794=LINE('',#14103,#2659);
#1795=LINE('',#14106,#2660);
#1796=LINE('',#14107,#2661);
#1797=LINE('',#14110,#2662);
#1798=LINE('',#14111,#2663);
#1799=LINE('',#14114,#2664);
#1800=LINE('',#14115,#2665);
#1801=LINE('',#14118,#2666);
#1802=LINE('',#14119,#2667);
#1803=LINE('',#14123,#2668);
#1804=LINE('',#14127,#2669);
#1805=LINE('',#14131,#2670);
#1806=LINE('',#14134,#2671);
#1807=LINE('',#14135,#2672);
#1808=LINE('',#14139,#2673);
#1809=LINE('',#14142,#2674);
#1810=LINE('',#14143,#2675);
#1811=LINE('',#14147,#2676);
#1812=LINE('',#14150,#2677);
#1813=LINE('',#14151,#2678);
#1814=LINE('',#14155,#2679);
#1815=LINE('',#14159,#2680);
#1816=LINE('',#14163,#2681);
#1817=LINE('',#14166,#2682);
#1818=LINE('',#14167,#2683);
#1819=LINE('',#14170,#2684);
#1820=LINE('',#14171,#2685);
#1821=LINE('',#14174,#2686);
#1822=LINE('',#14175,#2687);
#1823=LINE('',#14178,#2688);
#1824=LINE('',#14179,#2689);
#1825=LINE('',#14182,#2690);
#1826=LINE('',#14183,#2691);
#1827=LINE('',#14186,#2692);
#1828=LINE('',#14187,#2693);
#1829=LINE('',#14190,#2694);
#1830=LINE('',#14191,#2695);
#1831=LINE('',#14194,#2696);
#1832=LINE('',#14195,#2697);
#1833=LINE('',#14198,#2698);
#1834=LINE('',#14199,#2699);
#1835=LINE('',#14202,#2700);
#1836=LINE('',#14203,#2701);
#1837=LINE('',#14205,#2702);
#1838=LINE('',#14209,#2703);
#1839=LINE('',#14217,#2704);
#1840=LINE('',#14221,#2705);
#1841=LINE('',#14223,#2706);
#1842=LINE('',#14225,#2707);
#1843=LINE('',#14227,#2708);
#1844=LINE('',#14229,#2709);
#1845=LINE('',#14231,#2710);
#1846=LINE('',#14233,#2711);
#1847=LINE('',#14235,#2712);
#1848=LINE('',#14237,#2713);
#1849=LINE('',#14239,#2714);
#1850=LINE('',#14241,#2715);
#1851=LINE('',#14242,#2716);
#1852=LINE('',#14245,#2717);
#1853=LINE('',#14247,#2718);
#1854=LINE('',#14252,#2719);
#1855=LINE('',#14256,#2720);
#1856=LINE('',#14260,#2721);
#1857=LINE('',#14264,#2722);
#1858=LINE('',#14268,#2723);
#1859=LINE('',#14271,#2724);
#1860=LINE('',#14276,#2725);
#1861=LINE('',#14280,#2726);
#1862=LINE('',#14284,#2727);
#1863=LINE('',#14288,#2728);
#1864=LINE('',#14298,#2729);
#1865=LINE('',#14302,#2730);
#1866=LINE('',#14310,#2731);
#1867=LINE('',#14314,#2732);
#1868=LINE('',#14318,#2733);
#1869=LINE('',#14326,#2734);
#1870=LINE('',#14328,#2735);
#1871=LINE('',#14330,#2736);
#1872=LINE('',#14332,#2737);
#1873=LINE('',#14334,#2738);
#1874=LINE('',#14342,#2739);
#1875=LINE('',#14346,#2740);
#1876=LINE('',#14350,#2741);
#1877=LINE('',#14358,#2742);
#1878=LINE('',#14360,#2743);
#1879=LINE('',#14362,#2744);
#1880=LINE('',#14364,#2745);
#1881=LINE('',#14366,#2746);
#1882=LINE('',#14368,#2747);
#1883=LINE('',#14370,#2748);
#1884=LINE('',#14372,#2749);
#1885=LINE('',#14374,#2750);
#1886=LINE('',#14375,#2751);
#1887=LINE('',#14381,#2752);
#1888=LINE('',#14384,#2753);
#1889=LINE('',#14388,#2754);
#1890=LINE('',#14392,#2755);
#1891=LINE('',#14395,#2756);
#1892=LINE('',#14396,#2757);
#1893=LINE('',#14400,#2758);
#1894=LINE('',#14403,#2759);
#1895=LINE('',#14404,#2760);
#1896=LINE('',#14408,#2761);
#1897=LINE('',#14411,#2762);
#1898=LINE('',#14412,#2763);
#1899=LINE('',#14416,#2764);
#1900=LINE('',#14420,#2765);
#1901=LINE('',#14424,#2766);
#1902=LINE('',#14427,#2767);
#1903=LINE('',#14428,#2768);
#1904=LINE('',#14431,#2769);
#1905=LINE('',#14432,#2770);
#1906=LINE('',#14435,#2771);
#1907=LINE('',#14436,#2772);
#1908=LINE('',#14439,#2773);
#1909=LINE('',#14440,#2774);
#1910=LINE('',#14443,#2775);
#1911=LINE('',#14444,#2776);
#1912=LINE('',#14448,#2777);
#1913=LINE('',#14452,#2778);
#1914=LINE('',#14456,#2779);
#1915=LINE('',#14459,#2780);
#1916=LINE('',#14460,#2781);
#1917=LINE('',#14464,#2782);
#1918=LINE('',#14467,#2783);
#1919=LINE('',#14468,#2784);
#1920=LINE('',#14472,#2785);
#1921=LINE('',#14475,#2786);
#1922=LINE('',#14476,#2787);
#1923=LINE('',#14480,#2788);
#1924=LINE('',#14484,#2789);
#1925=LINE('',#14488,#2790);
#1926=LINE('',#14491,#2791);
#1927=LINE('',#14492,#2792);
#1928=LINE('',#14495,#2793);
#1929=LINE('',#14496,#2794);
#1930=LINE('',#14499,#2795);
#1931=LINE('',#14500,#2796);
#1932=LINE('',#14503,#2797);
#1933=LINE('',#14504,#2798);
#1934=LINE('',#14507,#2799);
#1935=LINE('',#14508,#2800);
#1936=LINE('',#14511,#2801);
#1937=LINE('',#14512,#2802);
#1938=LINE('',#14515,#2803);
#1939=LINE('',#14516,#2804);
#1940=LINE('',#14519,#2805);
#1941=LINE('',#14520,#2806);
#1942=LINE('',#14523,#2807);
#1943=LINE('',#14524,#2808);
#1944=LINE('',#14527,#2809);
#1945=LINE('',#14528,#2810);
#1946=LINE('',#14530,#2811);
#1947=LINE('',#14534,#2812);
#1948=LINE('',#14542,#2813);
#1949=LINE('',#14548,#2814);
#1950=LINE('',#14551,#2815);
#1951=LINE('',#14557,#2816);
#1952=LINE('',#14563,#2817);
#1953=LINE('',#14566,#2818);
#1954=LINE('',#14568,#2819);
#1955=LINE('',#14569,#2820);
#1956=LINE('',#14575,#2821);
#1957=LINE('',#14578,#2822);
#1958=LINE('',#14580,#2823);
#1959=LINE('',#14581,#2824);
#1960=LINE('',#14587,#2825);
#1961=LINE('',#14590,#2826);
#1962=LINE('',#14592,#2827);
#1963=LINE('',#14593,#2828);
#1964=LINE('',#14599,#2829);
#1965=LINE('',#14605,#2830);
#1966=LINE('',#14611,#2831);
#1967=LINE('',#14614,#2832);
#1968=LINE('',#14616,#2833);
#1969=LINE('',#14617,#2834);
#1970=LINE('',#14620,#2835);
#1971=LINE('',#14622,#2836);
#1972=LINE('',#14623,#2837);
#1973=LINE('',#14626,#2838);
#1974=LINE('',#14628,#2839);
#1975=LINE('',#14629,#2840);
#1976=LINE('',#14632,#2841);
#1977=LINE('',#14634,#2842);
#1978=LINE('',#14635,#2843);
#1979=LINE('',#14638,#2844);
#1980=LINE('',#14640,#2845);
#1981=LINE('',#14641,#2846);
#1982=LINE('',#14647,#2847);
#1983=LINE('',#14653,#2848);
#1984=LINE('',#14659,#2849);
#1985=LINE('',#14662,#2850);
#1986=LINE('',#14664,#2851);
#1987=LINE('',#14665,#2852);
#1988=LINE('',#14671,#2853);
#1989=LINE('',#14674,#2854);
#1990=LINE('',#14676,#2855);
#1991=LINE('',#14677,#2856);
#1992=LINE('',#14683,#2857);
#1993=LINE('',#14686,#2858);
#1994=LINE('',#14688,#2859);
#1995=LINE('',#14689,#2860);
#1996=LINE('',#14695,#2861);
#1997=LINE('',#14701,#2862);
#1998=LINE('',#14707,#2863);
#1999=LINE('',#14711,#2864);
#2000=LINE('',#14712,#2865);
#2001=LINE('',#14713,#2866);
#2002=LINE('',#14716,#2867);
#2003=LINE('',#14718,#2868);
#2004=LINE('',#14719,#2869);
#2005=LINE('',#14722,#2870);
#2006=LINE('',#14724,#2871);
#2007=LINE('',#14725,#2872);
#2008=LINE('',#14728,#2873);
#2009=LINE('',#14730,#2874);
#2010=LINE('',#14731,#2875);
#2011=LINE('',#14734,#2876);
#2012=LINE('',#14736,#2877);
#2013=LINE('',#14737,#2878);
#2014=LINE('',#14740,#2879);
#2015=LINE('',#14742,#2880);
#2016=LINE('',#14743,#2881);
#2017=LINE('',#14746,#2882);
#2018=LINE('',#14748,#2883);
#2019=LINE('',#14749,#2884);
#2020=LINE('',#14752,#2885);
#2021=LINE('',#14754,#2886);
#2022=LINE('',#14755,#2887);
#2023=LINE('',#14758,#2888);
#2024=LINE('',#14760,#2889);
#2025=LINE('',#14761,#2890);
#2026=LINE('',#14765,#2891);
#2027=LINE('',#14766,#2892);
#2028=LINE('',#14767,#2893);
#2029=LINE('',#14769,#2894);
#2030=LINE('',#14770,#2895);
#2031=LINE('',#14775,#2896);
#2032=LINE('',#14784,#2897);
#2033=LINE('',#14788,#2898);
#2034=LINE('',#14790,#2899);
#2035=LINE('',#14792,#2900);
#2036=LINE('',#14793,#2901);
#2037=LINE('',#14796,#2902);
#2038=LINE('',#14798,#2903);
#2039=LINE('',#14799,#2904);
#2040=LINE('',#14802,#2905);
#2041=LINE('',#14804,#2906);
#2042=LINE('',#14805,#2907);
#2043=LINE('',#14808,#2908);
#2044=LINE('',#14810,#2909);
#2045=LINE('',#14811,#2910);
#2046=LINE('',#14814,#2911);
#2047=LINE('',#14816,#2912);
#2048=LINE('',#14817,#2913);
#2049=LINE('',#14820,#2914);
#2050=LINE('',#14822,#2915);
#2051=LINE('',#14823,#2916);
#2052=LINE('',#14826,#2917);
#2053=LINE('',#14828,#2918);
#2054=LINE('',#14829,#2919);
#2055=LINE('',#14832,#2920);
#2056=LINE('',#14834,#2921);
#2057=LINE('',#14835,#2922);
#2058=LINE('',#14839,#2923);
#2059=LINE('',#14840,#2924);
#2060=LINE('',#14841,#2925);
#2061=LINE('',#14844,#2926);
#2062=LINE('',#14846,#2927);
#2063=LINE('',#14847,#2928);
#2064=LINE('',#14852,#2929);
#2065=LINE('',#14858,#2930);
#2066=LINE('',#14864,#2931);
#2067=LINE('',#14868,#2932);
#2068=LINE('',#14870,#2933);
#2069=LINE('',#14871,#2934);
#2070=LINE('',#14876,#2935);
#2071=LINE('',#14880,#2936);
#2072=LINE('',#14882,#2937);
#2073=LINE('',#14883,#2938);
#2074=LINE('',#14888,#2939);
#2075=LINE('',#14892,#2940);
#2076=LINE('',#14894,#2941);
#2077=LINE('',#14895,#2942);
#2078=LINE('',#14900,#2943);
#2079=LINE('',#14906,#2944);
#2080=LINE('',#14912,#2945);
#2081=LINE('',#14916,#2946);
#2082=LINE('',#14918,#2947);
#2083=LINE('',#14919,#2948);
#2084=LINE('',#14922,#2949);
#2085=LINE('',#14924,#2950);
#2086=LINE('',#14925,#2951);
#2087=LINE('',#14928,#2952);
#2088=LINE('',#14930,#2953);
#2089=LINE('',#14931,#2954);
#2090=LINE('',#14934,#2955);
#2091=LINE('',#14936,#2956);
#2092=LINE('',#14937,#2957);
#2093=LINE('',#14940,#2958);
#2094=LINE('',#14942,#2959);
#2095=LINE('',#14943,#2960);
#2096=LINE('',#14948,#2961);
#2097=LINE('',#14954,#2962);
#2098=LINE('',#14960,#2963);
#2099=LINE('',#14964,#2964);
#2100=LINE('',#14966,#2965);
#2101=LINE('',#14967,#2966);
#2102=LINE('',#14972,#2967);
#2103=LINE('',#14976,#2968);
#2104=LINE('',#14978,#2969);
#2105=LINE('',#14979,#2970);
#2106=LINE('',#14984,#2971);
#2107=LINE('',#14988,#2972);
#2108=LINE('',#14990,#2973);
#2109=LINE('',#14991,#2974);
#2110=LINE('',#14996,#2975);
#2111=LINE('',#15002,#2976);
#2112=LINE('',#15008,#2977);
#2113=LINE('',#15011,#2978);
#2114=LINE('',#15012,#2979);
#2115=LINE('',#15017,#2980);
#2116=LINE('',#15026,#2981);
#2117=LINE('',#15031,#2982);
#2118=LINE('',#15033,#2983);
#2119=LINE('',#15035,#2984);
#2120=LINE('',#15036,#2985);
#2121=LINE('',#15039,#2986);
#2122=LINE('',#15041,#2987);
#2123=LINE('',#15042,#2988);
#2124=LINE('',#15047,#2989);
#2125=LINE('',#15052,#2990);
#2126=LINE('',#15054,#2991);
#2127=LINE('',#15056,#2992);
#2128=LINE('',#15057,#2993);
#2129=LINE('',#15059,#2994);
#2130=LINE('',#15060,#2995);
#2131=LINE('',#15063,#2996);
#2132=LINE('',#15065,#2997);
#2133=LINE('',#15066,#2998);
#2134=LINE('',#15069,#2999);
#2135=LINE('',#15071,#3000);
#2136=LINE('',#15072,#3001);
#2137=LINE('',#15075,#3002);
#2138=LINE('',#15077,#3003);
#2139=LINE('',#15078,#3004);
#2140=LINE('',#15081,#3005);
#2141=LINE('',#15083,#3006);
#2142=LINE('',#15084,#3007);
#2143=LINE('',#15087,#3008);
#2144=LINE('',#15089,#3009);
#2145=LINE('',#15090,#3010);
#2146=LINE('',#15093,#3011);
#2147=LINE('',#15095,#3012);
#2148=LINE('',#15096,#3013);
#2149=LINE('',#15099,#3014);
#2150=LINE('',#15101,#3015);
#2151=LINE('',#15102,#3016);
#2152=LINE('',#15105,#3017);
#2153=LINE('',#15107,#3018);
#2154=LINE('',#15108,#3019);
#2155=LINE('',#15111,#3020);
#2156=LINE('',#15113,#3021);
#2157=LINE('',#15114,#3022);
#2158=LINE('',#15117,#3023);
#2159=LINE('',#15119,#3024);
#2160=LINE('',#15120,#3025);
#2161=LINE('',#15123,#3026);
#2162=LINE('',#15125,#3027);
#2163=LINE('',#15126,#3028);
#2164=LINE('',#15129,#3029);
#2165=LINE('',#15131,#3030);
#2166=LINE('',#15132,#3031);
#2167=LINE('',#15138,#3032);
#2168=LINE('',#15141,#3033);
#2169=LINE('',#15143,#3034);
#2170=LINE('',#15144,#3035);
#2171=LINE('',#15147,#3036);
#2172=LINE('',#15149,#3037);
#2173=LINE('',#15150,#3038);
#2174=LINE('',#15153,#3039);
#2175=LINE('',#15155,#3040);
#2176=LINE('',#15156,#3041);
#2177=LINE('',#15159,#3042);
#2178=LINE('',#15161,#3043);
#2179=LINE('',#15162,#3044);
#2180=LINE('',#15165,#3045);
#2181=LINE('',#15167,#3046);
#2182=LINE('',#15168,#3047);
#2183=LINE('',#15171,#3048);
#2184=LINE('',#15173,#3049);
#2185=LINE('',#15174,#3050);
#2186=LINE('',#15177,#3051);
#2187=LINE('',#15179,#3052);
#2188=LINE('',#15180,#3053);
#2189=LINE('',#15183,#3054);
#2190=LINE('',#15185,#3055);
#2191=LINE('',#15186,#3056);
#2192=LINE('',#15189,#3057);
#2193=LINE('',#15191,#3058);
#2194=LINE('',#15192,#3059);
#2195=LINE('',#15195,#3060);
#2196=LINE('',#15197,#3061);
#2197=LINE('',#15198,#3062);
#2198=LINE('',#15201,#3063);
#2199=LINE('',#15203,#3064);
#2200=LINE('',#15204,#3065);
#2201=LINE('',#15207,#3066);
#2202=LINE('',#15209,#3067);
#2203=LINE('',#15210,#3068);
#2204=LINE('',#15213,#3069);
#2205=LINE('',#15215,#3070);
#2206=LINE('',#15216,#3071);
#2207=LINE('',#15219,#3072);
#2208=LINE('',#15221,#3073);
#2209=LINE('',#15222,#3074);
#2210=LINE('',#15228,#3075);
#2211=LINE('',#15231,#3076);
#2212=LINE('',#15233,#3077);
#2213=LINE('',#15234,#3078);
#2214=LINE('',#15237,#3079);
#2215=LINE('',#15239,#3080);
#2216=LINE('',#15240,#3081);
#2217=LINE('',#15243,#3082);
#2218=LINE('',#15245,#3083);
#2219=LINE('',#15246,#3084);
#2220=LINE('',#15249,#3085);
#2221=LINE('',#15251,#3086);
#2222=LINE('',#15252,#3087);
#2223=LINE('',#15255,#3088);
#2224=LINE('',#15257,#3089);
#2225=LINE('',#15258,#3090);
#2226=LINE('',#15261,#3091);
#2227=LINE('',#15263,#3092);
#2228=LINE('',#15264,#3093);
#2229=LINE('',#15267,#3094);
#2230=LINE('',#15269,#3095);
#2231=LINE('',#15270,#3096);
#2232=LINE('',#15273,#3097);
#2233=LINE('',#15275,#3098);
#2234=LINE('',#15276,#3099);
#2235=LINE('',#15279,#3100);
#2236=LINE('',#15281,#3101);
#2237=LINE('',#15282,#3102);
#2238=LINE('',#15285,#3103);
#2239=LINE('',#15287,#3104);
#2240=LINE('',#15288,#3105);
#2241=LINE('',#15291,#3106);
#2242=LINE('',#15293,#3107);
#2243=LINE('',#15294,#3108);
#2244=LINE('',#15297,#3109);
#2245=LINE('',#15299,#3110);
#2246=LINE('',#15300,#3111);
#2247=LINE('',#15303,#3112);
#2248=LINE('',#15305,#3113);
#2249=LINE('',#15306,#3114);
#2250=LINE('',#15309,#3115);
#2251=LINE('',#15311,#3116);
#2252=LINE('',#15312,#3117);
#2253=LINE('',#15318,#3118);
#2254=LINE('',#15321,#3119);
#2255=LINE('',#15323,#3120);
#2256=LINE('',#15324,#3121);
#2257=LINE('',#15327,#3122);
#2258=LINE('',#15329,#3123);
#2259=LINE('',#15330,#3124);
#2260=LINE('',#15333,#3125);
#2261=LINE('',#15335,#3126);
#2262=LINE('',#15336,#3127);
#2263=LINE('',#15339,#3128);
#2264=LINE('',#15341,#3129);
#2265=LINE('',#15342,#3130);
#2266=LINE('',#15345,#3131);
#2267=LINE('',#15347,#3132);
#2268=LINE('',#15348,#3133);
#2269=LINE('',#15351,#3134);
#2270=LINE('',#15353,#3135);
#2271=LINE('',#15354,#3136);
#2272=LINE('',#15357,#3137);
#2273=LINE('',#15359,#3138);
#2274=LINE('',#15360,#3139);
#2275=LINE('',#15363,#3140);
#2276=LINE('',#15365,#3141);
#2277=LINE('',#15366,#3142);
#2278=LINE('',#15369,#3143);
#2279=LINE('',#15371,#3144);
#2280=LINE('',#15372,#3145);
#2281=LINE('',#15375,#3146);
#2282=LINE('',#15377,#3147);
#2283=LINE('',#15378,#3148);
#2284=LINE('',#15381,#3149);
#2285=LINE('',#15383,#3150);
#2286=LINE('',#15384,#3151);
#2287=LINE('',#15386,#3152);
#2288=LINE('',#15387,#3153);
#2289=LINE('',#15395,#3154);
#2290=VECTOR('',#9931,10.);
#2291=VECTOR('',#9934,10.);
#2292=VECTOR('',#9937,10.);
#2293=VECTOR('',#9942,10.);
#2294=VECTOR('',#9947,10.);
#2295=VECTOR('',#9950,10.);
#2296=VECTOR('',#9955,10.);
#2297=VECTOR('',#9958,10.);
#2298=VECTOR('',#9963,10.);
#2299=VECTOR('',#9968,10.);
#2300=VECTOR('',#9971,10.);
#2301=VECTOR('',#9974,10.);
#2302=VECTOR('',#9991,10.);
#2303=VECTOR('',#9992,10.);
#2304=VECTOR('',#9993,10.);
#2305=VECTOR('',#9996,10.);
#2306=VECTOR('',#10001,2.56);
#2307=VECTOR('',#10004,10.);
#2308=VECTOR('',#10005,10.);
#2309=VECTOR('',#10010,2.3);
#2310=VECTOR('',#10019,10.);
#2311=VECTOR('',#10020,10.);
#2312=VECTOR('',#10021,10.);
#2313=VECTOR('',#10024,10.);
#2314=VECTOR('',#10027,10.);
#2315=VECTOR('',#10030,10.);
#2316=VECTOR('',#10033,10.);
#2317=VECTOR('',#10036,10.);
#2318=VECTOR('',#10039,10.);
#2319=VECTOR('',#10042,10.);
#2320=VECTOR('',#10045,10.);
#2321=VECTOR('',#10048,10.);
#2322=VECTOR('',#10059,1.55162884844712);
#2323=VECTOR('',#10066,2.75);
#2324=VECTOR('',#10075,2.75);
#2325=VECTOR('',#10078,2.6);
#2326=VECTOR('',#10095,1.5);
#2327=VECTOR('',#10098,1.17524047358084);
#2328=VECTOR('',#10109,1000.);
#2329=VECTOR('',#10110,1000.);
#2330=VECTOR('',#10111,1000.);
#2331=VECTOR('',#10112,1000.);
#2332=VECTOR('',#10113,1000.);
#2333=VECTOR('',#10114,1000.);
#2334=VECTOR('',#10117,1000.);
#2335=VECTOR('',#10118,1000.);
#2336=VECTOR('',#10121,1000.);
#2337=VECTOR('',#10124,1000.);
#2338=VECTOR('',#10127,1000.);
#2339=VECTOR('',#10130,1000.);
#2340=VECTOR('',#10135,1.);
#2341=VECTOR('',#10136,1.);
#2342=VECTOR('',#10137,1.);
#2343=VECTOR('',#10144,1.);
#2344=VECTOR('',#10147,1.);
#2345=VECTOR('',#10150,1.);
#2346=VECTOR('',#10157,1.);
#2347=VECTOR('',#10158,1.);
#2348=VECTOR('',#10159,1.);
#2349=VECTOR('',#10160,1.);
#2350=VECTOR('',#10161,1.);
#2351=VECTOR('',#10168,1.);
#2352=VECTOR('',#10171,1.);
#2353=VECTOR('',#10174,1.);
#2354=VECTOR('',#10181,1.);
#2355=VECTOR('',#10182,1.);
#2356=VECTOR('',#10185,1.);
#2357=VECTOR('',#10186,1.);
#2358=VECTOR('',#10187,1.);
#2359=VECTOR('',#10194,1.);
#2360=VECTOR('',#10197,1.);
#2361=VECTOR('',#10200,1.);
#2362=VECTOR('',#10207,1.);
#2363=VECTOR('',#10208,1.);
#2364=VECTOR('',#10209,1.);
#2365=VECTOR('',#10210,1.);
#2366=VECTOR('',#10211,1.);
#2367=VECTOR('',#10218,1.);
#2368=VECTOR('',#10221,1.);
#2369=VECTOR('',#10224,1.);
#2370=VECTOR('',#10231,1.);
#2371=VECTOR('',#10232,1.);
#2372=VECTOR('',#10237,1.75);
#2373=VECTOR('',#10244,1.75);
#2374=VECTOR('',#10251,1.75);
#2375=VECTOR('',#10258,1.75);
#2376=VECTOR('',#10265,1.75);
#2377=VECTOR('',#10272,1.75);
#2378=VECTOR('',#10279,1.75);
#2379=VECTOR('',#10286,1.75);
#2380=VECTOR('',#10293,1.75);
#2381=VECTOR('',#10300,1.75);
#2382=VECTOR('',#10307,1.75);
#2383=VECTOR('',#10314,1.75);
#2384=VECTOR('',#10319,1.);
#2385=VECTOR('',#10320,1.);
#2386=VECTOR('',#10323,1.);
#2387=VECTOR('',#10326,1.);
#2388=VECTOR('',#10329,1.);
#2389=VECTOR('',#10332,1.);
#2390=VECTOR('',#10335,1.);
#2391=VECTOR('',#10338,1.);
#2392=VECTOR('',#10341,1.);
#2393=VECTOR('',#10344,1.);
#2394=VECTOR('',#10347,1.);
#2395=VECTOR('',#10350,1.);
#2396=VECTOR('',#10353,1.);
#2397=VECTOR('',#10356,1.);
#2398=VECTOR('',#10359,1.);
#2399=VECTOR('',#10360,1.);
#2400=VECTOR('',#10363,1.);
#2401=VECTOR('',#10366,1.);
#2402=VECTOR('',#10369,1.);
#2403=VECTOR('',#10372,1.);
#2404=VECTOR('',#10375,1.);
#2405=VECTOR('',#10378,1.);
#2406=VECTOR('',#10381,1.);
#2407=VECTOR('',#10384,1.);
#2408=VECTOR('',#10387,1.);
#2409=VECTOR('',#10390,1.);
#2410=VECTOR('',#10393,1.);
#2411=VECTOR('',#10396,1.);
#2412=VECTOR('',#10399,1.);
#2413=VECTOR('',#10402,1.);
#2414=VECTOR('',#10451,1.);
#2415=VECTOR('',#10454,1.);
#2416=VECTOR('',#10457,3.);
#2417=VECTOR('',#10462,3.);
#2418=VECTOR('',#10467,3.);
#2419=VECTOR('',#10472,3.);
#2420=VECTOR('',#10477,3.);
#2421=VECTOR('',#10482,3.);
#2422=VECTOR('',#10487,3.);
#2423=VECTOR('',#10492,3.);
#2424=VECTOR('',#10497,3.);
#2425=VECTOR('',#10502,3.);
#2426=VECTOR('',#10509,3.);
#2427=VECTOR('',#10520,3.);
#2428=VECTOR('',#10549,0.614749999999999);
#2429=VECTOR('',#10554,0.614749999999999);
#2430=VECTOR('',#10561,1.2295);
#2431=VECTOR('',#10566,1.2295);
#2432=VECTOR('',#10577,0.614749999999999);
#2433=VECTOR('',#10584,1.36475);
#2434=VECTOR('',#10589,1.36475);
#2435=VECTOR('',#10594,1.2295);
#2436=VECTOR('',#10599,1.2295);
#2437=VECTOR('',#10604,1.2295);
#2438=VECTOR('',#10611,1.36475);
#2439=VECTOR('',#10616,1.36475);
#2440=VECTOR('',#10623,1.36475);
#2441=VECTOR('',#10626,1.);
#2442=VECTOR('',#10627,1.);
#2443=VECTOR('',#10628,1.);
#2444=VECTOR('',#10629,1.);
#2445=VECTOR('',#10632,0.999999999999999);
#2446=VECTOR('',#10633,1.);
#2447=VECTOR('',#10634,0.999999999999999);
#2448=VECTOR('',#10637,1.);
#2449=VECTOR('',#10638,1.);
#2450=VECTOR('',#10639,1.);
#2451=VECTOR('',#10642,1.);
#2452=VECTOR('',#10643,1.);
#2453=VECTOR('',#10644,1.);
#2454=VECTOR('',#10645,1.);
#2455=VECTOR('',#10648,1.);
#2456=VECTOR('',#10649,1.);
#2457=VECTOR('',#10650,1.);
#2458=VECTOR('',#10653,1.);
#2459=VECTOR('',#10654,1.);
#2460=VECTOR('',#10655,1.);
#2461=VECTOR('',#10658,0.999999999999999);
#2462=VECTOR('',#10659,1.);
#2463=VECTOR('',#10660,0.999999999999999);
#2464=VECTOR('',#10663,1.);
#2465=VECTOR('',#10664,1.);
#2466=VECTOR('',#10665,1.);
#2467=VECTOR('',#10670,1.);
#2468=VECTOR('',#10675,1.);
#2469=VECTOR('',#10676,1.);
#2470=VECTOR('',#10677,1.);
#2471=VECTOR('',#10680,0.999999999999999);
#2472=VECTOR('',#10681,1.);
#2473=VECTOR('',#10682,0.999999999999999);
#2474=VECTOR('',#10685,1.);
#2475=VECTOR('',#10686,1.);
#2476=VECTOR('',#10687,1.);
#2477=VECTOR('',#10690,1.);
#2478=VECTOR('',#10691,1.);
#2479=VECTOR('',#10692,1.);
#2480=VECTOR('',#10697,1.);
#2481=VECTOR('',#10704,1.);
#2482=VECTOR('',#10711,1.);
#2483=VECTOR('',#10716,1.);
#2484=VECTOR('',#10717,1.);
#2485=VECTOR('',#10718,1.);
#2486=VECTOR('',#10723,1.);
#2487=VECTOR('',#10728,1.);
#2488=VECTOR('',#10729,1.);
#2489=VECTOR('',#10730,1.);
#2490=VECTOR('',#10735,1.);
#2491=VECTOR('',#10740,1.);
#2492=VECTOR('',#10741,1.);
#2493=VECTOR('',#10742,1.);
#2494=VECTOR('',#10747,1.);
#2495=VECTOR('',#10754,1.);
#2496=VECTOR('',#10761,1.);
#2497=VECTOR('',#10766,1.);
#2498=VECTOR('',#10767,1.);
#2499=VECTOR('',#10768,1.);
#2500=VECTOR('',#10771,0.999999999999999);
#2501=VECTOR('',#10772,1.);
#2502=VECTOR('',#10773,0.999999999999999);
#2503=VECTOR('',#10776,1.);
#2504=VECTOR('',#10777,1.);
#2505=VECTOR('',#10778,1.);
#2506=VECTOR('',#10781,0.999999999999999);
#2507=VECTOR('',#10782,1.);
#2508=VECTOR('',#10783,0.999999999999999);
#2509=VECTOR('',#10786,1.);
#2510=VECTOR('',#10787,1.);
#2511=VECTOR('',#10788,1.);
#2512=VECTOR('',#10793,1.);
#2513=VECTOR('',#10800,1.);
#2514=VECTOR('',#10807,1.);
#2515=VECTOR('',#10812,1.);
#2516=VECTOR('',#10813,1.);
#2517=VECTOR('',#10814,1.);
#2518=VECTOR('',#10819,1.);
#2519=VECTOR('',#10824,1.);
#2520=VECTOR('',#10825,1.);
#2521=VECTOR('',#10826,1.);
#2522=VECTOR('',#10831,1.);
#2523=VECTOR('',#10836,1.);
#2524=VECTOR('',#10837,1.);
#2525=VECTOR('',#10838,1.);
#2526=VECTOR('',#10843,1.);
#2527=VECTOR('',#10850,1.);
#2528=VECTOR('',#10857,1.);
#2529=VECTOR('',#10862,1.);
#2530=VECTOR('',#10863,1.);
#2531=VECTOR('',#10868,1.2295);
#2532=VECTOR('',#10871,0.999999999999999);
#2533=VECTOR('',#10872,1.);
#2534=VECTOR('',#10873,0.999999999999999);
#2535=VECTOR('',#10876,1.);
#2536=VECTOR('',#10877,1.);
#2537=VECTOR('',#10880,1.);
#2538=VECTOR('',#10881,1.);
#2539=VECTOR('',#10884,1.);
#2540=VECTOR('',#10887,1.36475);
#2541=VECTOR('',#10898,1.36475);
#2542=VECTOR('',#10901,1.2295);
#2543=VECTOR('',#10906,1.36475);
#2544=VECTOR('',#10915,1.2295);
#2545=VECTOR('',#10920,0.614749999999999);
#2546=VECTOR('',#10923,1.);
#2547=VECTOR('',#10924,1.);
#2548=VECTOR('',#10925,1.);
#2549=VECTOR('',#10926,1.);
#2550=VECTOR('',#10927,1.);
#2551=VECTOR('',#10928,1.);
#2552=VECTOR('',#10929,1.);
#2553=VECTOR('',#10930,1.);
#2554=VECTOR('',#10931,1.);
#2555=VECTOR('',#10932,1.);
#2556=VECTOR('',#10933,1.);
#2557=VECTOR('',#10934,1.);
#2558=VECTOR('',#10937,1.);
#2559=VECTOR('',#10938,1.);
#2560=VECTOR('',#10945,1.);
#2561=VECTOR('',#10950,1.);
#2562=VECTOR('',#10955,1.);
#2563=VECTOR('',#10960,1.);
#2564=VECTOR('',#10965,1.);
#2565=VECTOR('',#10968,1.);
#2566=VECTOR('',#10975,1.);
#2567=VECTOR('',#10980,1.);
#2568=VECTOR('',#10985,1.);
#2569=VECTOR('',#10990,1.);
#2570=VECTOR('',#11005,1.96500453458963);
#2571=VECTOR('',#11008,1.);
#2572=VECTOR('',#11009,1.);
#2573=VECTOR('',#11010,1.);
#2574=VECTOR('',#11011,1.);
#2575=VECTOR('',#11012,1.);
#2576=VECTOR('',#11013,1.);
#2577=VECTOR('',#11014,1.);
#2578=VECTOR('',#11015,1.);
#2579=VECTOR('',#11016,1.);
#2580=VECTOR('',#11017,1.);
#2581=VECTOR('',#11018,1.);
#2582=VECTOR('',#11019,1.);
#2583=VECTOR('',#11022,1.);
#2584=VECTOR('',#11023,1.);
#2585=VECTOR('',#11030,1.);
#2586=VECTOR('',#11035,1.);
#2587=VECTOR('',#11040,1.);
#2588=VECTOR('',#11045,1.);
#2589=VECTOR('',#11050,1.);
#2590=VECTOR('',#11053,1.);
#2591=VECTOR('',#11060,1.);
#2592=VECTOR('',#11065,1.);
#2593=VECTOR('',#11070,1.);
#2594=VECTOR('',#11075,1.);
#2595=VECTOR('',#11090,1.96500453458963);
#2596=VECTOR('',#11093,1.);
#2597=VECTOR('',#11094,1.);
#2598=VECTOR('',#11095,1.);
#2599=VECTOR('',#11096,1.);
#2600=VECTOR('',#11097,1.);
#2601=VECTOR('',#11098,1.);
#2602=VECTOR('',#11099,1.);
#2603=VECTOR('',#11100,1.);
#2604=VECTOR('',#11101,1.);
#2605=VECTOR('',#11102,1.);
#2606=VECTOR('',#11103,1.);
#2607=VECTOR('',#11104,1.);
#2608=VECTOR('',#11107,1.);
#2609=VECTOR('',#11108,1.);
#2610=VECTOR('',#11115,1.);
#2611=VECTOR('',#11120,1.);
#2612=VECTOR('',#11125,1.);
#2613=VECTOR('',#11130,1.);
#2614=VECTOR('',#11135,1.);
#2615=VECTOR('',#11138,1.);
#2616=VECTOR('',#11145,1.);
#2617=VECTOR('',#11150,1.);
#2618=VECTOR('',#11155,1.);
#2619=VECTOR('',#11160,1.);
#2620=VECTOR('',#11175,1.96500453458963);
#2621=VECTOR('',#11178,1.);
#2622=VECTOR('',#11185,1.);
#2623=VECTOR('',#11188,1.);
#2624=VECTOR('',#11191,1.);
#2625=VECTOR('',#11198,1.);
#2626=VECTOR('',#11199,0.999999999999999);
#2627=VECTOR('',#11200,1.);
#2628=VECTOR('',#11201,0.999999999999999);
#2629=VECTOR('',#11202,1.);
#2630=VECTOR('',#11209,1.);
#2631=VECTOR('',#11212,1.);
#2632=VECTOR('',#11215,1.);
#2633=VECTOR('',#11222,1.);
#2634=VECTOR('',#11223,1.);
#2635=VECTOR('',#11224,0.999999999999999);
#2636=VECTOR('',#11225,1.);
#2637=VECTOR('',#11226,0.999999999999999);
#2638=VECTOR('',#11227,1.);
#2639=VECTOR('',#11228,0.999999999999999);
#2640=VECTOR('',#11229,1.);
#2641=VECTOR('',#11230,0.999999999999999);
#2642=VECTOR('',#11231,1.);
#2643=VECTOR('',#11238,1.);
#2644=VECTOR('',#11241,1.);
#2645=VECTOR('',#11246,1.);
#2646=VECTOR('',#11251,1.);
#2647=VECTOR('',#11254,1.);
#2648=VECTOR('',#11255,1.);
#2649=VECTOR('',#11260,1.);
#2650=VECTOR('',#11263,1.);
#2651=VECTOR('',#11264,1.);
#2652=VECTOR('',#11269,1.);
#2653=VECTOR('',#11272,1.);
#2654=VECTOR('',#11273,1.);
#2655=VECTOR('',#11278,1.);
#2656=VECTOR('',#11283,1.);
#2657=VECTOR('',#11288,1.);
#2658=VECTOR('',#11291,1.);
#2659=VECTOR('',#11292,1.);
#2660=VECTOR('',#11295,0.999999999999999);
#2661=VECTOR('',#11296,1.);
#2662=VECTOR('',#11299,1.);
#2663=VECTOR('',#11300,1.);
#2664=VECTOR('',#11303,0.999999999999999);
#2665=VECTOR('',#11304,1.);
#2666=VECTOR('',#11307,1.);
#2667=VECTOR('',#11308,1.);
#2668=VECTOR('',#11313,1.);
#2669=VECTOR('',#11318,1.);
#2670=VECTOR('',#11323,1.);
#2671=VECTOR('',#11326,1.);
#2672=VECTOR('',#11327,1.);
#2673=VECTOR('',#11332,1.);
#2674=VECTOR('',#11335,1.);
#2675=VECTOR('',#11336,1.);
#2676=VECTOR('',#11341,1.);
#2677=VECTOR('',#11344,1.);
#2678=VECTOR('',#11345,1.);
#2679=VECTOR('',#11350,1.);
#2680=VECTOR('',#11355,1.);
#2681=VECTOR('',#11360,1.);
#2682=VECTOR('',#11363,1.);
#2683=VECTOR('',#11364,1.);
#2684=VECTOR('',#11367,1.);
#2685=VECTOR('',#11368,1.);
#2686=VECTOR('',#11371,0.999999999999999);
#2687=VECTOR('',#11372,1.);
#2688=VECTOR('',#11375,1.);
#2689=VECTOR('',#11376,1.);
#2690=VECTOR('',#11379,0.999999999999999);
#2691=VECTOR('',#11380,1.);
#2692=VECTOR('',#11383,1.);
#2693=VECTOR('',#11384,1.);
#2694=VECTOR('',#11387,0.999999999999999);
#2695=VECTOR('',#11388,1.);
#2696=VECTOR('',#11391,1.);
#2697=VECTOR('',#11392,1.);
#2698=VECTOR('',#11395,0.999999999999999);
#2699=VECTOR('',#11396,1.);
#2700=VECTOR('',#11399,1.);
#2701=VECTOR('',#11400,1.);
#2702=VECTOR('',#11403,1.);
#2703=VECTOR('',#11408,2.1);
#2704=VECTOR('',#11419,2.1);
#2705=VECTOR('',#11422,1.);
#2706=VECTOR('',#11423,1.);
#2707=VECTOR('',#11424,1.);
#2708=VECTOR('',#11425,1.);
#2709=VECTOR('',#11426,1.);
#2710=VECTOR('',#11427,1.);
#2711=VECTOR('',#11428,1.);
#2712=VECTOR('',#11429,1.);
#2713=VECTOR('',#11430,1.);
#2714=VECTOR('',#11431,1.);
#2715=VECTOR('',#11432,1.);
#2716=VECTOR('',#11433,1.);
#2717=VECTOR('',#11436,1.);
#2718=VECTOR('',#11437,1.);
#2719=VECTOR('',#11444,1.);
#2720=VECTOR('',#11449,1.);
#2721=VECTOR('',#11454,1.);
#2722=VECTOR('',#11459,1.);
#2723=VECTOR('',#11464,1.);
#2724=VECTOR('',#11467,1.);
#2725=VECTOR('',#11474,1.);
#2726=VECTOR('',#11479,1.);
#2727=VECTOR('',#11484,1.);
#2728=VECTOR('',#11489,1.);
#2729=VECTOR('',#11504,1.96500453458963);
#2730=VECTOR('',#11507,1.);
#2731=VECTOR('',#11514,1.);
#2732=VECTOR('',#11517,1.);
#2733=VECTOR('',#11520,1.);
#2734=VECTOR('',#11527,1.);
#2735=VECTOR('',#11528,0.999999999999999);
#2736=VECTOR('',#11529,1.);
#2737=VECTOR('',#11530,0.999999999999999);
#2738=VECTOR('',#11531,1.);
#2739=VECTOR('',#11538,1.);
#2740=VECTOR('',#11541,1.);
#2741=VECTOR('',#11544,1.);
#2742=VECTOR('',#11551,1.);
#2743=VECTOR('',#11552,1.);
#2744=VECTOR('',#11553,0.999999999999999);
#2745=VECTOR('',#11554,1.);
#2746=VECTOR('',#11555,0.999999999999999);
#2747=VECTOR('',#11556,1.);
#2748=VECTOR('',#11557,0.999999999999999);
#2749=VECTOR('',#11558,1.);
#2750=VECTOR('',#11559,0.999999999999999);
#2751=VECTOR('',#11560,1.);
#2752=VECTOR('',#11567,1.);
#2753=VECTOR('',#11570,1.);
#2754=VECTOR('',#11575,1.);
#2755=VECTOR('',#11580,1.);
#2756=VECTOR('',#11583,1.);
#2757=VECTOR('',#11584,1.);
#2758=VECTOR('',#11589,1.);
#2759=VECTOR('',#11592,1.);
#2760=VECTOR('',#11593,1.);
#2761=VECTOR('',#11598,1.);
#2762=VECTOR('',#11601,1.);
#2763=VECTOR('',#11602,1.);
#2764=VECTOR('',#11607,1.);
#2765=VECTOR('',#11612,1.);
#2766=VECTOR('',#11617,1.);
#2767=VECTOR('',#11620,1.);
#2768=VECTOR('',#11621,1.);
#2769=VECTOR('',#11624,0.999999999999999);
#2770=VECTOR('',#11625,1.);
#2771=VECTOR('',#11628,1.);
#2772=VECTOR('',#11629,1.);
#2773=VECTOR('',#11632,0.999999999999999);
#2774=VECTOR('',#11633,1.);
#2775=VECTOR('',#11636,1.);
#2776=VECTOR('',#11637,1.);
#2777=VECTOR('',#11642,1.);
#2778=VECTOR('',#11647,1.);
#2779=VECTOR('',#11652,1.);
#2780=VECTOR('',#11655,1.);
#2781=VECTOR('',#11656,1.);
#2782=VECTOR('',#11661,1.);
#2783=VECTOR('',#11664,1.);
#2784=VECTOR('',#11665,1.);
#2785=VECTOR('',#11670,1.);
#2786=VECTOR('',#11673,1.);
#2787=VECTOR('',#11674,1.);
#2788=VECTOR('',#11679,1.);
#2789=VECTOR('',#11684,1.);
#2790=VECTOR('',#11689,1.);
#2791=VECTOR('',#11692,1.);
#2792=VECTOR('',#11693,1.);
#2793=VECTOR('',#11696,1.);
#2794=VECTOR('',#11697,1.);
#2795=VECTOR('',#11700,0.999999999999999);
#2796=VECTOR('',#11701,1.);
#2797=VECTOR('',#11704,1.);
#2798=VECTOR('',#11705,1.);
#2799=VECTOR('',#11708,0.999999999999999);
#2800=VECTOR('',#11709,1.);
#2801=VECTOR('',#11712,1.);
#2802=VECTOR('',#11713,1.);
#2803=VECTOR('',#11716,0.999999999999999);
#2804=VECTOR('',#11717,1.);
#2805=VECTOR('',#11720,1.);
#2806=VECTOR('',#11721,1.);
#2807=VECTOR('',#11724,0.999999999999999);
#2808=VECTOR('',#11725,1.);
#2809=VECTOR('',#11728,1.);
#2810=VECTOR('',#11729,1.);
#2811=VECTOR('',#11732,1.);
#2812=VECTOR('',#11737,2.1);
#2813=VECTOR('',#11748,2.1);
#2814=VECTOR('',#11753,1.);
#2815=VECTOR('',#11756,1.);
#2816=VECTOR('',#11763,1.);
#2817=VECTOR('',#11770,1.);
#2818=VECTOR('',#11773,1.);
#2819=VECTOR('',#11774,1.);
#2820=VECTOR('',#11775,1.);
#2821=VECTOR('',#11782,1.);
#2822=VECTOR('',#11785,1.);
#2823=VECTOR('',#11786,1.);
#2824=VECTOR('',#11787,1.);
#2825=VECTOR('',#11794,1.);
#2826=VECTOR('',#11797,1.);
#2827=VECTOR('',#11798,1.);
#2828=VECTOR('',#11799,1.);
#2829=VECTOR('',#11806,1.);
#2830=VECTOR('',#11813,1.);
#2831=VECTOR('',#11820,1.);
#2832=VECTOR('',#11823,1.);
#2833=VECTOR('',#11824,1.);
#2834=VECTOR('',#11825,1.);
#2835=VECTOR('',#11828,0.999999999999999);
#2836=VECTOR('',#11829,0.999999999999999);
#2837=VECTOR('',#11830,1.);
#2838=VECTOR('',#11833,1.);
#2839=VECTOR('',#11834,1.);
#2840=VECTOR('',#11835,1.);
#2841=VECTOR('',#11838,0.999999999999999);
#2842=VECTOR('',#11839,0.999999999999999);
#2843=VECTOR('',#11840,1.);
#2844=VECTOR('',#11843,1.);
#2845=VECTOR('',#11844,1.);
#2846=VECTOR('',#11845,1.);
#2847=VECTOR('',#11852,1.);
#2848=VECTOR('',#11859,1.);
#2849=VECTOR('',#11866,1.);
#2850=VECTOR('',#11869,1.);
#2851=VECTOR('',#11870,1.);
#2852=VECTOR('',#11871,1.);
#2853=VECTOR('',#11878,1.);
#2854=VECTOR('',#11881,1.);
#2855=VECTOR('',#11882,1.);
#2856=VECTOR('',#11883,1.);
#2857=VECTOR('',#11890,1.);
#2858=VECTOR('',#11893,1.);
#2859=VECTOR('',#11894,1.);
#2860=VECTOR('',#11895,1.);
#2861=VECTOR('',#11902,1.);
#2862=VECTOR('',#11909,1.);
#2863=VECTOR('',#11916,1.);
#2864=VECTOR('',#11919,1.);
#2865=VECTOR('',#11920,1.);
#2866=VECTOR('',#11921,1.);
#2867=VECTOR('',#11924,1.);
#2868=VECTOR('',#11925,1.);
#2869=VECTOR('',#11926,1.);
#2870=VECTOR('',#11929,0.999999999999999);
#2871=VECTOR('',#11930,0.999999999999999);
#2872=VECTOR('',#11931,1.);
#2873=VECTOR('',#11934,1.);
#2874=VECTOR('',#11935,1.);
#2875=VECTOR('',#11936,1.);
#2876=VECTOR('',#11939,0.999999999999999);
#2877=VECTOR('',#11940,0.999999999999999);
#2878=VECTOR('',#11941,1.);
#2879=VECTOR('',#11944,1.);
#2880=VECTOR('',#11945,1.);
#2881=VECTOR('',#11946,1.);
#2882=VECTOR('',#11949,0.999999999999999);
#2883=VECTOR('',#11950,0.999999999999999);
#2884=VECTOR('',#11951,1.);
#2885=VECTOR('',#11954,1.);
#2886=VECTOR('',#11955,1.);
#2887=VECTOR('',#11956,1.);
#2888=VECTOR('',#11959,0.999999999999999);
#2889=VECTOR('',#11960,0.999999999999999);
#2890=VECTOR('',#11961,1.);
#2891=VECTOR('',#11964,1.);
#2892=VECTOR('',#11965,1.);
#2893=VECTOR('',#11966,1.);
#2894=VECTOR('',#11969,1.);
#2895=VECTOR('',#11970,1.);
#2896=VECTOR('',#11975,2.1);
#2897=VECTOR('',#11988,2.1);
#2898=VECTOR('',#11991,1.);
#2899=VECTOR('',#11992,1.);
#2900=VECTOR('',#11993,1.);
#2901=VECTOR('',#11994,1.);
#2902=VECTOR('',#11997,0.999999999999999);
#2903=VECTOR('',#11998,1.);
#2904=VECTOR('',#11999,0.999999999999999);
#2905=VECTOR('',#12002,1.);
#2906=VECTOR('',#12003,1.);
#2907=VECTOR('',#12004,1.);
#2908=VECTOR('',#12007,0.999999999999999);
#2909=VECTOR('',#12008,1.);
#2910=VECTOR('',#12009,0.999999999999999);
#2911=VECTOR('',#12012,1.);
#2912=VECTOR('',#12013,1.);
#2913=VECTOR('',#12014,1.);
#2914=VECTOR('',#12017,0.999999999999999);
#2915=VECTOR('',#12018,1.);
#2916=VECTOR('',#12019,0.999999999999999);
#2917=VECTOR('',#12022,1.);
#2918=VECTOR('',#12023,1.);
#2919=VECTOR('',#12024,1.);
#2920=VECTOR('',#12027,0.999999999999999);
#2921=VECTOR('',#12028,1.);
#2922=VECTOR('',#12029,0.999999999999999);
#2923=VECTOR('',#12032,1.);
#2924=VECTOR('',#12033,1.);
#2925=VECTOR('',#12034,1.);
#2926=VECTOR('',#12037,1.);
#2927=VECTOR('',#12038,1.);
#2928=VECTOR('',#12039,1.);
#2929=VECTOR('',#12044,1.);
#2930=VECTOR('',#12051,1.);
#2931=VECTOR('',#12058,1.);
#2932=VECTOR('',#12063,1.);
#2933=VECTOR('',#12064,1.);
#2934=VECTOR('',#12065,1.);
#2935=VECTOR('',#12070,1.);
#2936=VECTOR('',#12075,1.);
#2937=VECTOR('',#12076,1.);
#2938=VECTOR('',#12077,1.);
#2939=VECTOR('',#12082,1.);
#2940=VECTOR('',#12087,1.);
#2941=VECTOR('',#12088,1.);
#2942=VECTOR('',#12089,1.);
#2943=VECTOR('',#12094,1.);
#2944=VECTOR('',#12101,1.);
#2945=VECTOR('',#12108,1.);
#2946=VECTOR('',#12113,1.);
#2947=VECTOR('',#12114,1.);
#2948=VECTOR('',#12115,1.);
#2949=VECTOR('',#12118,0.999999999999999);
#2950=VECTOR('',#12119,1.);
#2951=VECTOR('',#12120,0.999999999999999);
#2952=VECTOR('',#12123,1.);
#2953=VECTOR('',#12124,1.);
#2954=VECTOR('',#12125,1.);
#2955=VECTOR('',#12128,0.999999999999999);
#2956=VECTOR('',#12129,1.);
#2957=VECTOR('',#12130,0.999999999999999);
#2958=VECTOR('',#12133,1.);
#2959=VECTOR('',#12134,1.);
#2960=VECTOR('',#12135,1.);
#2961=VECTOR('',#12140,1.);
#2962=VECTOR('',#12147,1.);
#2963=VECTOR('',#12154,1.);
#2964=VECTOR('',#12159,1.);
#2965=VECTOR('',#12160,1.);
#2966=VECTOR('',#12161,1.);
#2967=VECTOR('',#12166,1.);
#2968=VECTOR('',#12171,1.);
#2969=VECTOR('',#12172,1.);
#2970=VECTOR('',#12173,1.);
#2971=VECTOR('',#12178,1.);
#2972=VECTOR('',#12183,1.);
#2973=VECTOR('',#12184,1.);
#2974=VECTOR('',#12185,1.);
#2975=VECTOR('',#12190,1.);
#2976=VECTOR('',#12197,1.);
#2977=VECTOR('',#12204,1.);
#2978=VECTOR('',#12209,1.);
#2979=VECTOR('',#12210,1.);
#2980=VECTOR('',#12215,2.1);
#2981=VECTOR('',#12228,2.1);
#2982=VECTOR('',#12233,10.);
#2983=VECTOR('',#12234,1000.);
#2984=VECTOR('',#12235,10.);
#2985=VECTOR('',#12236,1000.);
#2986=VECTOR('',#12239,10.);
#2987=VECTOR('',#12240,10.);
#2988=VECTOR('',#12241,1000.);
#2989=VECTOR('',#12246,1000.);
#2990=VECTOR('',#12251,10.);
#2991=VECTOR('',#12252,1000.);
#2992=VECTOR('',#12253,10.);
#2993=VECTOR('',#12254,1000.);
#2994=VECTOR('',#12257,10.);
#2995=VECTOR('',#12258,10.);
#2996=VECTOR('',#12261,10.);
#2997=VECTOR('',#12262,10.);
#2998=VECTOR('',#12263,1000.);
#2999=VECTOR('',#12266,10.);
#3000=VECTOR('',#12267,10.);
#3001=VECTOR('',#12268,1000.);
#3002=VECTOR('',#12271,10.);
#3003=VECTOR('',#12272,10.);
#3004=VECTOR('',#12273,1000.);
#3005=VECTOR('',#12276,10.);
#3006=VECTOR('',#12277,10.);
#3007=VECTOR('',#12278,1000.);
#3008=VECTOR('',#12281,10.);
#3009=VECTOR('',#12282,10.);
#3010=VECTOR('',#12283,1000.);
#3011=VECTOR('',#12286,10.);
#3012=VECTOR('',#12287,10.);
#3013=VECTOR('',#12288,1000.);
#3014=VECTOR('',#12291,10.);
#3015=VECTOR('',#12292,10.);
#3016=VECTOR('',#12293,1000.);
#3017=VECTOR('',#12296,10.);
#3018=VECTOR('',#12297,10.);
#3019=VECTOR('',#12298,1000.);
#3020=VECTOR('',#12301,10.);
#3021=VECTOR('',#12302,10.);
#3022=VECTOR('',#12303,1000.);
#3023=VECTOR('',#12306,10.);
#3024=VECTOR('',#12307,10.);
#3025=VECTOR('',#12308,1000.);
#3026=VECTOR('',#12311,10.);
#3027=VECTOR('',#12312,10.);
#3028=VECTOR('',#12313,1000.);
#3029=VECTOR('',#12316,10.);
#3030=VECTOR('',#12317,10.);
#3031=VECTOR('',#12318,1000.);
#3032=VECTOR('',#12325,1000.);
#3033=VECTOR('',#12328,10.);
#3034=VECTOR('',#12329,10.);
#3035=VECTOR('',#12330,1000.);
#3036=VECTOR('',#12333,10.);
#3037=VECTOR('',#12334,10.);
#3038=VECTOR('',#12335,1000.);
#3039=VECTOR('',#12338,10.);
#3040=VECTOR('',#12339,10.);
#3041=VECTOR('',#12340,1000.);
#3042=VECTOR('',#12343,10.);
#3043=VECTOR('',#12344,10.);
#3044=VECTOR('',#12345,1000.);
#3045=VECTOR('',#12348,10.);
#3046=VECTOR('',#12349,10.);
#3047=VECTOR('',#12350,1000.);
#3048=VECTOR('',#12353,10.);
#3049=VECTOR('',#12354,10.);
#3050=VECTOR('',#12355,1000.);
#3051=VECTOR('',#12358,10.);
#3052=VECTOR('',#12359,10.);
#3053=VECTOR('',#12360,1000.);
#3054=VECTOR('',#12363,10.);
#3055=VECTOR('',#12364,10.);
#3056=VECTOR('',#12365,1000.);
#3057=VECTOR('',#12368,10.);
#3058=VECTOR('',#12369,10.);
#3059=VECTOR('',#12370,1000.);
#3060=VECTOR('',#12373,10.);
#3061=VECTOR('',#12374,10.);
#3062=VECTOR('',#12375,1000.);
#3063=VECTOR('',#12378,10.);
#3064=VECTOR('',#12379,10.);
#3065=VECTOR('',#12380,1000.);
#3066=VECTOR('',#12383,10.);
#3067=VECTOR('',#12384,10.);
#3068=VECTOR('',#12385,1000.);
#3069=VECTOR('',#12388,10.);
#3070=VECTOR('',#12389,10.);
#3071=VECTOR('',#12390,1000.);
#3072=VECTOR('',#12393,10.);
#3073=VECTOR('',#12394,10.);
#3074=VECTOR('',#12395,1000.);
#3075=VECTOR('',#12402,1000.);
#3076=VECTOR('',#12405,10.);
#3077=VECTOR('',#12406,10.);
#3078=VECTOR('',#12407,1000.);
#3079=VECTOR('',#12410,10.);
#3080=VECTOR('',#12411,10.);
#3081=VECTOR('',#12412,1000.);
#3082=VECTOR('',#12415,10.);
#3083=VECTOR('',#12416,10.);
#3084=VECTOR('',#12417,1000.);
#3085=VECTOR('',#12420,10.);
#3086=VECTOR('',#12421,10.);
#3087=VECTOR('',#12422,1000.);
#3088=VECTOR('',#12425,10.);
#3089=VECTOR('',#12426,10.);
#3090=VECTOR('',#12427,1000.);
#3091=VECTOR('',#12430,10.);
#3092=VECTOR('',#12431,10.);
#3093=VECTOR('',#12432,1000.);
#3094=VECTOR('',#12435,10.);
#3095=VECTOR('',#12436,10.);
#3096=VECTOR('',#12437,1000.);
#3097=VECTOR('',#12440,10.);
#3098=VECTOR('',#12441,10.);
#3099=VECTOR('',#12442,1000.);
#3100=VECTOR('',#12445,10.);
#3101=VECTOR('',#12446,10.);
#3102=VECTOR('',#12447,1000.);
#3103=VECTOR('',#12450,10.);
#3104=VECTOR('',#12451,10.);
#3105=VECTOR('',#12452,1000.);
#3106=VECTOR('',#12455,10.);
#3107=VECTOR('',#12456,10.);
#3108=VECTOR('',#12457,1000.);
#3109=VECTOR('',#12460,10.);
#3110=VECTOR('',#12461,10.);
#3111=VECTOR('',#12462,1000.);
#3112=VECTOR('',#12465,10.);
#3113=VECTOR('',#12466,10.);
#3114=VECTOR('',#12467,1000.);
#3115=VECTOR('',#12470,10.);
#3116=VECTOR('',#12471,10.);
#3117=VECTOR('',#12472,1000.);
#3118=VECTOR('',#12479,1000.);
#3119=VECTOR('',#12482,10.);
#3120=VECTOR('',#12483,10.);
#3121=VECTOR('',#12484,1000.);
#3122=VECTOR('',#12487,10.);
#3123=VECTOR('',#12488,10.);
#3124=VECTOR('',#12489,1000.);
#3125=VECTOR('',#12492,10.);
#3126=VECTOR('',#12493,10.);
#3127=VECTOR('',#12494,1000.);
#3128=VECTOR('',#12497,10.);
#3129=VECTOR('',#12498,10.);
#3130=VECTOR('',#12499,1000.);
#3131=VECTOR('',#12502,10.);
#3132=VECTOR('',#12503,10.);
#3133=VECTOR('',#12504,1000.);
#3134=VECTOR('',#12507,10.);
#3135=VECTOR('',#12508,10.);
#3136=VECTOR('',#12509,1000.);
#3137=VECTOR('',#12512,10.);
#3138=VECTOR('',#12513,10.);
#3139=VECTOR('',#12514,1000.);
#3140=VECTOR('',#12517,10.);
#3141=VECTOR('',#12518,10.);
#3142=VECTOR('',#12519,1000.);
#3143=VECTOR('',#12522,10.);
#3144=VECTOR('',#12523,10.);
#3145=VECTOR('',#12524,1000.);
#3146=VECTOR('',#12527,10.);
#3147=VECTOR('',#12528,10.);
#3148=VECTOR('',#12529,1000.);
#3149=VECTOR('',#12532,10.);
#3150=VECTOR('',#12533,10.);
#3151=VECTOR('',#12534,1000.);
#3152=VECTOR('',#12537,10.);
#3153=VECTOR('',#12538,10.);
#3154=VECTOR('',#12549,2.1);
#3155=CIRCLE('',#9036,0.25);
#3156=CIRCLE('',#9037,0.25);
#3157=CIRCLE('',#9038,0.25);
#3158=CIRCLE('',#9039,0.7);
#3159=CIRCLE('',#9040,7.);
#3160=CIRCLE('',#9041,7.);
#3161=CIRCLE('',#9042,0.699999999998782);
#3162=CIRCLE('',#9043,0.25);
#3163=CIRCLE('',#9045,0.25);
#3164=CIRCLE('',#9046,0.25);
#3165=CIRCLE('',#9047,0.699999999998782);
#3166=CIRCLE('',#9048,7.);
#3167=CIRCLE('',#9049,7.);
#3168=CIRCLE('',#9050,0.7);
#3169=CIRCLE('',#9051,0.25);
#3170=CIRCLE('',#9052,0.25);
#3171=CIRCLE('',#9054,2.1);
#3172=CIRCLE('',#9055,2.1);
#3173=CIRCLE('',#9056,2.5);
#3174=CIRCLE('',#9058,2.1);
#3175=CIRCLE('',#9059,2.5);
#3176=CIRCLE('',#9063,2.1);
#3177=CIRCLE('',#9067,2.5);
#3178=CIRCLE('',#9068,2.5);
#3179=CIRCLE('',#9069,2.5);
#3180=CIRCLE('',#9085,1.55162884844712);
#3181=CIRCLE('',#9087,2.75);
#3182=CIRCLE('',#9088,2.6);
#3183=CIRCLE('',#9090,2.75);
#3184=CIRCLE('',#9091,2.75);
#3185=CIRCLE('',#9093,2.6);
#3186=CIRCLE('',#9095,1.5);
#3187=CIRCLE('',#9096,0.149999999999999);
#3188=CIRCLE('',#9097,1.65);
#3189=CIRCLE('',#9099,1.5);
#3190=CIRCLE('',#9100,1.5);
#3191=CIRCLE('',#9102,1.17524047358084);
#3192=CIRCLE('',#9114,0.249999999999999);
#3193=CIRCLE('',#9115,1.2);
#3194=CIRCLE('',#9116,0.249999999999997);
#3195=CIRCLE('',#9117,0.249999999999999);
#3196=CIRCLE('',#9118,0.249999999999999);
#3197=CIRCLE('',#9119,0.249999999999995);
#3198=CIRCLE('',#9120,1.2);
#3199=CIRCLE('',#9121,0.250000000000002);
#3200=CIRCLE('',#9122,0.249999999999999);
#3201=CIRCLE('',#9123,1.2);
#3202=CIRCLE('',#9124,0.250000000000006);
#3203=CIRCLE('',#9125,0.250000000000001);
#3204=CIRCLE('',#9126,0.25);
#3205=CIRCLE('',#9127,0.250000000000001);
#3206=CIRCLE('',#9128,1.2);
#3207=CIRCLE('',#9129,0.249999999999999);
#3208=CIRCLE('',#9131,0.249999999999999);
#3209=CIRCLE('',#9132,1.2);
#3210=CIRCLE('',#9133,0.250000000000001);
#3211=CIRCLE('',#9134,0.25);
#3212=CIRCLE('',#9135,0.250000000000001);
#3213=CIRCLE('',#9136,0.250000000000006);
#3214=CIRCLE('',#9137,1.2);
#3215=CIRCLE('',#9138,0.249999999999999);
#3216=CIRCLE('',#9139,0.250000000000002);
#3217=CIRCLE('',#9140,1.2);
#3218=CIRCLE('',#9141,0.249999999999995);
#3219=CIRCLE('',#9142,0.249999999999999);
#3220=CIRCLE('',#9143,0.249999999999999);
#3221=CIRCLE('',#9144,0.249999999999997);
#3222=CIRCLE('',#9145,1.2);
#3223=CIRCLE('',#9146,0.249999999999999);
#3224=CIRCLE('',#9148,1.75);
#3225=CIRCLE('',#9149,1.75);
#3226=CIRCLE('',#9151,1.75);
#3227=CIRCLE('',#9152,1.75);
#3228=CIRCLE('',#9154,1.75);
#3229=CIRCLE('',#9155,1.75);
#3230=CIRCLE('',#9157,1.75);
#3231=CIRCLE('',#9158,1.75);
#3232=CIRCLE('',#9160,1.75);
#3233=CIRCLE('',#9161,1.75);
#3234=CIRCLE('',#9163,1.75);
#3235=CIRCLE('',#9164,1.75);
#3236=CIRCLE('',#9166,1.75);
#3237=CIRCLE('',#9167,1.75);
#3238=CIRCLE('',#9169,1.75);
#3239=CIRCLE('',#9170,1.75);
#3240=CIRCLE('',#9172,1.75);
#3241=CIRCLE('',#9173,1.75);
#3242=CIRCLE('',#9175,1.75);
#3243=CIRCLE('',#9176,1.75);
#3244=CIRCLE('',#9178,1.75);
#3245=CIRCLE('',#9179,1.75);
#3246=CIRCLE('',#9181,1.75);
#3247=CIRCLE('',#9182,1.75);
#3248=CIRCLE('',#9213,3.);
#3249=CIRCLE('',#9215,3.);
#3250=CIRCLE('',#9217,3.);
#3251=CIRCLE('',#9219,3.);
#3252=CIRCLE('',#9221,3.);
#3253=CIRCLE('',#9223,3.);
#3254=CIRCLE('',#9225,3.);
#3255=CIRCLE('',#9227,3.);
#3256=CIRCLE('',#9229,3.);
#3257=CIRCLE('',#9231,3.);
#3258=CIRCLE('',#9233,3.);
#3259=CIRCLE('',#9237,3.);
#3260=CIRCLE('',#9239,3.);
#3261=CIRCLE('',#9241,3.);
#3262=CIRCLE('',#9243,3.);
#3263=CIRCLE('',#9245,3.);
#3264=CIRCLE('',#9247,3.);
#3265=CIRCLE('',#9249,3.);
#3266=CIRCLE('',#9251,3.);
#3267=CIRCLE('',#9253,3.);
#3268=CIRCLE('',#9255,3.);
#3269=CIRCLE('',#9257,3.);
#3270=CIRCLE('',#9259,3.);
#3271=CIRCLE('',#9261,3.);
#3272=CIRCLE('',#9277,1.2295);
#3273=CIRCLE('',#9279,1.2295);
#3274=CIRCLE('',#9281,1.2295);
#3275=CIRCLE('',#9283,1.2295);
#3276=CIRCLE('',#9285,1.5);
#3277=CIRCLE('',#9287,1.5);
#3278=CIRCLE('',#9289,1.2295);
#3279=CIRCLE('',#9291,1.2295);
#3280=CIRCLE('',#9293,1.2295);
#3281=CIRCLE('',#9295,1.2295);
#3282=CIRCLE('',#9297,1.2295);
#3283=CIRCLE('',#9299,1.2295);
#3284=CIRCLE('',#9301,1.5);
#3285=CIRCLE('',#9303,1.5);
#3286=CIRCLE('',#9305,1.5);
#3287=CIRCLE('',#9307,1.2295);
#3288=CIRCLE('',#9317,0.500000000000002);
#3289=CIRCLE('',#9318,0.500000000000002);
#3290=CIRCLE('',#9324,0.249999999999999);
#3291=CIRCLE('',#9325,0.249999999999999);
#3292=CIRCLE('',#9327,1.2);
#3293=CIRCLE('',#9328,1.2);
#3294=CIRCLE('',#9330,0.250000000000001);
#3295=CIRCLE('',#9331,0.250000000000001);
#3296=CIRCLE('',#9334,0.25);
#3297=CIRCLE('',#9335,0.25);
#3298=CIRCLE('',#9338,0.250000000000001);
#3299=CIRCLE('',#9339,0.250000000000001);
#3300=CIRCLE('',#9342,0.250000000000006);
#3301=CIRCLE('',#9343,0.250000000000006);
#3302=CIRCLE('',#9345,1.2);
#3303=CIRCLE('',#9346,1.2);
#3304=CIRCLE('',#9348,0.249999999999999);
#3305=CIRCLE('',#9349,0.249999999999999);
#3306=CIRCLE('',#9356,0.250000000000002);
#3307=CIRCLE('',#9357,0.250000000000002);
#3308=CIRCLE('',#9359,1.2);
#3309=CIRCLE('',#9360,1.2);
#3310=CIRCLE('',#9362,0.249999999999995);
#3311=CIRCLE('',#9363,0.249999999999995);
#3312=CIRCLE('',#9366,0.249999999999999);
#3313=CIRCLE('',#9367,0.249999999999999);
#3314=CIRCLE('',#9370,0.249999999999999);
#3315=CIRCLE('',#9371,0.249999999999999);
#3316=CIRCLE('',#9374,0.249999999999997);
#3317=CIRCLE('',#9375,0.249999999999997);
#3318=CIRCLE('',#9377,1.2);
#3319=CIRCLE('',#9378,1.2);
#3320=CIRCLE('',#9380,0.249999999999999);
#3321=CIRCLE('',#9381,0.249999999999999);
#3322=CIRCLE('',#9384,1.2295);
#3323=CIRCLE('',#9390,1.5);
#3324=CIRCLE('',#9392,1.5);
#3325=CIRCLE('',#9394,1.2295);
#3326=CIRCLE('',#9396,1.2295);
#3327=CIRCLE('',#9398,1.5);
#3328=CIRCLE('',#9400,1.2295);
#3329=CIRCLE('',#9402,1.2295);
#3330=CIRCLE('',#9406,2.72213966970458);
#3331=CIRCLE('',#9408,2.72213966970458);
#3332=CIRCLE('',#9410,2.55733149618491);
#3333=CIRCLE('',#9412,2.72213966970458);
#3334=CIRCLE('',#9414,2.72213966970458);
#3335=CIRCLE('',#9416,2.55733149618491);
#3336=CIRCLE('',#9418,2.72213966970458);
#3337=CIRCLE('',#9420,2.72213966970458);
#3338=CIRCLE('',#9422,2.55733149618491);
#3339=CIRCLE('',#9424,2.72213966970458);
#3340=CIRCLE('',#9426,2.72213966970458);
#3341=CIRCLE('',#9428,2.55733149618491);
#3342=CIRCLE('',#9430,1.93000906917927);
#3343=CIRCLE('',#9432,2.);
#3344=CIRCLE('',#9436,2.72213966970458);
#3345=CIRCLE('',#9438,2.72213966970458);
#3346=CIRCLE('',#9440,2.55733149618491);
#3347=CIRCLE('',#9442,2.72213966970458);
#3348=CIRCLE('',#9444,2.72213966970458);
#3349=CIRCLE('',#9446,2.55733149618491);
#3350=CIRCLE('',#9448,2.72213966970458);
#3351=CIRCLE('',#9450,2.72213966970458);
#3352=CIRCLE('',#9452,2.55733149618491);
#3353=CIRCLE('',#9454,2.72213966970458);
#3354=CIRCLE('',#9456,2.72213966970458);
#3355=CIRCLE('',#9458,2.55733149618491);
#3356=CIRCLE('',#9460,1.93000906917927);
#3357=CIRCLE('',#9462,2.);
#3358=CIRCLE('',#9466,2.72213966970458);
#3359=CIRCLE('',#9468,2.72213966970458);
#3360=CIRCLE('',#9470,2.55733149618491);
#3361=CIRCLE('',#9472,2.72213966970458);
#3362=CIRCLE('',#9474,2.72213966970458);
#3363=CIRCLE('',#9476,2.55733149618491);
#3364=CIRCLE('',#9478,2.72213966970458);
#3365=CIRCLE('',#9480,2.72213966970458);
#3366=CIRCLE('',#9482,2.55733149618491);
#3367=CIRCLE('',#9484,2.72213966970458);
#3368=CIRCLE('',#9486,2.72213966970458);
#3369=CIRCLE('',#9488,2.55733149618491);
#3370=CIRCLE('',#9490,1.93000906917927);
#3371=CIRCLE('',#9492,2.);
#3372=CIRCLE('',#9495,0.249999999999999);
#3373=CIRCLE('',#9496,1.2);
#3374=CIRCLE('',#9497,0.249999999999997);
#3375=CIRCLE('',#9498,0.249999999999999);
#3376=CIRCLE('',#9499,0.249999999999999);
#3377=CIRCLE('',#9500,0.249999999999995);
#3378=CIRCLE('',#9501,1.2);
#3379=CIRCLE('',#9502,0.250000000000002);
#3380=CIRCLE('',#9503,0.249999999999999);
#3381=CIRCLE('',#9504,1.2);
#3382=CIRCLE('',#9505,0.250000000000006);
#3383=CIRCLE('',#9506,0.250000000000001);
#3384=CIRCLE('',#9507,0.25);
#3385=CIRCLE('',#9508,0.250000000000001);
#3386=CIRCLE('',#9509,1.2);
#3387=CIRCLE('',#9510,0.249999999999999);
#3388=CIRCLE('',#9512,2.1);
#3389=CIRCLE('',#9514,0.249999999999999);
#3390=CIRCLE('',#9516,1.2);
#3391=CIRCLE('',#9518,0.249999999999997);
#3392=CIRCLE('',#9521,0.249999999999999);
#3393=CIRCLE('',#9524,0.249999999999999);
#3394=CIRCLE('',#9527,0.249999999999995);
#3395=CIRCLE('',#9529,1.2);
#3396=CIRCLE('',#9531,0.250000000000002);
#3397=CIRCLE('',#9538,0.249999999999999);
#3398=CIRCLE('',#9540,1.2);
#3399=CIRCLE('',#9542,0.250000000000006);
#3400=CIRCLE('',#9545,0.250000000000001);
#3401=CIRCLE('',#9548,0.25);
#3402=CIRCLE('',#9551,0.250000000000001);
#3403=CIRCLE('',#9553,1.2);
#3404=CIRCLE('',#9555,0.249999999999999);
#3405=CIRCLE('',#9568,2.1);
#3406=CIRCLE('',#9570,2.1);
#3407=CIRCLE('',#9572,2.1);
#3408=CIRCLE('',#9576,2.72213966970458);
#3409=CIRCLE('',#9578,2.72213966970458);
#3410=CIRCLE('',#9580,2.55733149618491);
#3411=CIRCLE('',#9582,2.72213966970458);
#3412=CIRCLE('',#9584,2.72213966970458);
#3413=CIRCLE('',#9586,2.55733149618491);
#3414=CIRCLE('',#9588,2.72213966970458);
#3415=CIRCLE('',#9590,2.72213966970458);
#3416=CIRCLE('',#9592,2.55733149618491);
#3417=CIRCLE('',#9594,2.72213966970458);
#3418=CIRCLE('',#9596,2.72213966970458);
#3419=CIRCLE('',#9598,2.55733149618491);
#3420=CIRCLE('',#9600,1.93000906917927);
#3421=CIRCLE('',#9602,2.);
#3422=CIRCLE('',#9605,0.249999999999999);
#3423=CIRCLE('',#9606,1.2);
#3424=CIRCLE('',#9607,0.249999999999997);
#3425=CIRCLE('',#9608,0.249999999999999);
#3426=CIRCLE('',#9609,0.249999999999999);
#3427=CIRCLE('',#9610,0.249999999999995);
#3428=CIRCLE('',#9611,1.2);
#3429=CIRCLE('',#9612,0.250000000000002);
#3430=CIRCLE('',#9613,0.249999999999999);
#3431=CIRCLE('',#9614,1.2);
#3432=CIRCLE('',#9615,0.250000000000006);
#3433=CIRCLE('',#9616,0.250000000000001);
#3434=CIRCLE('',#9617,0.25);
#3435=CIRCLE('',#9618,0.250000000000001);
#3436=CIRCLE('',#9619,1.2);
#3437=CIRCLE('',#9620,0.249999999999999);
#3438=CIRCLE('',#9622,2.1);
#3439=CIRCLE('',#9624,0.249999999999999);
#3440=CIRCLE('',#9626,1.2);
#3441=CIRCLE('',#9628,0.249999999999997);
#3442=CIRCLE('',#9631,0.249999999999999);
#3443=CIRCLE('',#9634,0.249999999999999);
#3444=CIRCLE('',#9637,0.249999999999995);
#3445=CIRCLE('',#9639,1.2);
#3446=CIRCLE('',#9641,0.250000000000002);
#3447=CIRCLE('',#9648,0.249999999999999);
#3448=CIRCLE('',#9650,1.2);
#3449=CIRCLE('',#9652,0.250000000000006);
#3450=CIRCLE('',#9655,0.250000000000001);
#3451=CIRCLE('',#9658,0.25);
#3452=CIRCLE('',#9661,0.250000000000001);
#3453=CIRCLE('',#9663,1.2);
#3454=CIRCLE('',#9665,0.249999999999999);
#3455=CIRCLE('',#9678,2.1);
#3456=CIRCLE('',#9680,2.1);
#3457=CIRCLE('',#9682,2.1);
#3458=CIRCLE('',#9685,0.249999999999999);
#3459=CIRCLE('',#9686,0.249999999999999);
#3460=CIRCLE('',#9688,1.2);
#3461=CIRCLE('',#9689,1.2);
#3462=CIRCLE('',#9691,0.249999999999997);
#3463=CIRCLE('',#9692,0.249999999999997);
#3464=CIRCLE('',#9695,0.249999999999999);
#3465=CIRCLE('',#9696,0.249999999999999);
#3466=CIRCLE('',#9699,0.249999999999999);
#3467=CIRCLE('',#9700,0.249999999999999);
#3468=CIRCLE('',#9703,0.249999999999995);
#3469=CIRCLE('',#9704,0.249999999999995);
#3470=CIRCLE('',#9706,1.2);
#3471=CIRCLE('',#9707,1.2);
#3472=CIRCLE('',#9709,0.250000000000002);
#3473=CIRCLE('',#9710,0.250000000000002);
#3474=CIRCLE('',#9717,0.249999999999999);
#3475=CIRCLE('',#9718,0.249999999999999);
#3476=CIRCLE('',#9720,1.2);
#3477=CIRCLE('',#9721,1.2);
#3478=CIRCLE('',#9723,0.250000000000006);
#3479=CIRCLE('',#9724,0.250000000000006);
#3480=CIRCLE('',#9727,0.250000000000001);
#3481=CIRCLE('',#9728,0.250000000000001);
#3482=CIRCLE('',#9731,0.25);
#3483=CIRCLE('',#9732,0.25);
#3484=CIRCLE('',#9735,0.250000000000001);
#3485=CIRCLE('',#9736,0.250000000000001);
#3486=CIRCLE('',#9738,1.2);
#3487=CIRCLE('',#9739,1.2);
#3488=CIRCLE('',#9741,0.249999999999999);
#3489=CIRCLE('',#9742,0.249999999999999);
#3490=CIRCLE('',#9755,2.1);
#3491=CIRCLE('',#9756,2.1);
#3492=CIRCLE('',#9758,2.1);
#3493=CIRCLE('',#9760,2.1);
#3494=CIRCLE('',#9773,0.249999999999999);
#3495=CIRCLE('',#9774,0.249999999999999);
#3496=CIRCLE('',#9776,1.2);
#3497=CIRCLE('',#9777,1.2);
#3498=CIRCLE('',#9779,0.250000000000001);
#3499=CIRCLE('',#9780,0.250000000000001);
#3500=CIRCLE('',#9783,0.25);
#3501=CIRCLE('',#9784,0.25);
#3502=CIRCLE('',#9787,0.250000000000001);
#3503=CIRCLE('',#9788,0.250000000000001);
#3504=CIRCLE('',#9791,0.250000000000006);
#3505=CIRCLE('',#9792,0.250000000000006);
#3506=CIRCLE('',#9794,1.2);
#3507=CIRCLE('',#9795,1.2);
#3508=CIRCLE('',#9797,0.249999999999999);
#3509=CIRCLE('',#9798,0.249999999999999);
#3510=CIRCLE('',#9805,0.250000000000002);
#3511=CIRCLE('',#9806,0.250000000000002);
#3512=CIRCLE('',#9808,1.2);
#3513=CIRCLE('',#9809,1.2);
#3514=CIRCLE('',#9811,0.249999999999995);
#3515=CIRCLE('',#9812,0.249999999999995);
#3516=CIRCLE('',#9815,0.249999999999999);
#3517=CIRCLE('',#9816,0.249999999999999);
#3518=CIRCLE('',#9819,0.249999999999999);
#3519=CIRCLE('',#9820,0.249999999999999);
#3520=CIRCLE('',#9823,0.249999999999997);
#3521=CIRCLE('',#9824,0.249999999999997);
#3522=CIRCLE('',#9826,1.2);
#3523=CIRCLE('',#9827,1.2);
#3524=CIRCLE('',#9829,0.249999999999999);
#3525=CIRCLE('',#9830,0.249999999999999);
#3526=CIRCLE('',#9833,2.1);
#3527=CIRCLE('',#9834,2.1);
#3528=CIRCLE('',#9836,2.1);
#3529=CIRCLE('',#9838,2.1);
#3530=CIRCLE('',#9844,1.);
#3531=CIRCLE('',#9845,1.);
#3532=CIRCLE('',#9861,1.);
#3533=CIRCLE('',#9862,1.);
#3534=CIRCLE('',#9878,1.);
#3535=CIRCLE('',#9879,1.);
#3536=CIRCLE('',#9895,1.);
#3537=CIRCLE('',#9896,1.);
#3538=CIRCLE('',#9910,2.1);
#3539=CIRCLE('',#9912,2.1);
#3540=VERTEX_POINT('',#12571);
#3541=VERTEX_POINT('',#12572);
#3542=VERTEX_POINT('',#12574);
#3543=VERTEX_POINT('',#12576);
#3544=VERTEX_POINT('',#12578);
#3545=VERTEX_POINT('',#12580);
#3546=VERTEX_POINT('',#12582);
#3547=VERTEX_POINT('',#12584);
#3548=VERTEX_POINT('',#12586);
#3549=VERTEX_POINT('',#12588);
#3550=VERTEX_POINT('',#12590);
#3551=VERTEX_POINT('',#12592);
#3552=VERTEX_POINT('',#12594);
#3553=VERTEX_POINT('',#12596);
#3554=VERTEX_POINT('',#12600);
#3555=VERTEX_POINT('',#12601);
#3556=VERTEX_POINT('',#12603);
#3557=VERTEX_POINT('',#12605);
#3558=VERTEX_POINT('',#12607);
#3559=VERTEX_POINT('',#12609);
#3560=VERTEX_POINT('',#12611);
#3561=VERTEX_POINT('',#12613);
#3562=VERTEX_POINT('',#12615);
#3563=VERTEX_POINT('',#12617);
#3564=VERTEX_POINT('',#12619);
#3565=VERTEX_POINT('',#12621);
#3566=VERTEX_POINT('',#12623);
#3567=VERTEX_POINT('',#12625);
#3568=VERTEX_POINT('',#12629);
#3569=VERTEX_POINT('',#12630);
#3570=VERTEX_POINT('',#12632);
#3571=VERTEX_POINT('',#12634);
#3572=VERTEX_POINT('',#12648);
#3573=VERTEX_POINT('',#12653);
#3574=VERTEX_POINT('',#12655);
#3575=VERTEX_POINT('',#12713);
#3576=VERTEX_POINT('',#12724);
#3577=VERTEX_POINT('',#12749);
#3578=VERTEX_POINT('',#12751);
#3579=VERTEX_POINT('',#12765);
#3580=VERTEX_POINT('',#12770);
#3581=VERTEX_POINT('',#12843);
#3582=VERTEX_POINT('',#12851);
#3583=VERTEX_POINT('',#12853);
#3584=VERTEX_POINT('',#12855);
#3585=VERTEX_POINT('',#12870);
#3586=VERTEX_POINT('',#12872);
#3587=VERTEX_POINT('',#12915);
#3588=VERTEX_POINT('',#12916);
#3589=VERTEX_POINT('',#12920);
#3590=VERTEX_POINT('',#12924);
#3591=VERTEX_POINT('',#12928);
#3592=VERTEX_POINT('',#12932);
#3593=VERTEX_POINT('',#12935);
#3594=VERTEX_POINT('',#12939);
#3595=VERTEX_POINT('',#12947);
#3596=VERTEX_POINT('',#12949);
#3597=VERTEX_POINT('',#12953);
#3598=VERTEX_POINT('',#12954);
#3599=VERTEX_POINT('',#12959);
#3600=VERTEX_POINT('',#12963);
#3601=VERTEX_POINT('',#12965);
#3602=VERTEX_POINT('',#12969);
#3603=VERTEX_POINT('',#12970);
#3604=VERTEX_POINT('',#12975);
#3605=VERTEX_POINT('',#12982);
#3606=VERTEX_POINT('',#12983);
#3607=VERTEX_POINT('',#12985);
#3608=VERTEX_POINT('',#12987);
#3609=VERTEX_POINT('',#12989);
#3610=VERTEX_POINT('',#12991);
#3611=VERTEX_POINT('',#13007);
#3612=VERTEX_POINT('',#13008);
#3613=VERTEX_POINT('',#13010);
#3614=VERTEX_POINT('',#13012);
#3615=VERTEX_POINT('',#13014);
#3616=VERTEX_POINT('',#13016);
#3617=VERTEX_POINT('',#13018);
#3618=VERTEX_POINT('',#13020);
#3619=VERTEX_POINT('',#13022);
#3620=VERTEX_POINT('',#13024);
#3621=VERTEX_POINT('',#13026);
#3622=VERTEX_POINT('',#13028);
#3623=VERTEX_POINT('',#13030);
#3624=VERTEX_POINT('',#13032);
#3625=VERTEX_POINT('',#13034);
#3626=VERTEX_POINT('',#13036);
#3627=VERTEX_POINT('',#13038);
#3628=VERTEX_POINT('',#13040);
#3629=VERTEX_POINT('',#13042);
#3630=VERTEX_POINT('',#13044);
#3631=VERTEX_POINT('',#13046);
#3632=VERTEX_POINT('',#13048);
#3633=VERTEX_POINT('',#13050);
#3634=VERTEX_POINT('',#13052);
#3635=VERTEX_POINT('',#13054);
#3636=VERTEX_POINT('',#13056);
#3637=VERTEX_POINT('',#13058);
#3638=VERTEX_POINT('',#13060);
#3639=VERTEX_POINT('',#13062);
#3640=VERTEX_POINT('',#13064);
#3641=VERTEX_POINT('',#13066);
#3642=VERTEX_POINT('',#13068);
#3643=VERTEX_POINT('',#13072);
#3644=VERTEX_POINT('',#13073);
#3645=VERTEX_POINT('',#13075);
#3646=VERTEX_POINT('',#13077);
#3647=VERTEX_POINT('',#13079);
#3648=VERTEX_POINT('',#13081);
#3649=VERTEX_POINT('',#13083);
#3650=VERTEX_POINT('',#13085);
#3651=VERTEX_POINT('',#13087);
#3652=VERTEX_POINT('',#13089);
#3653=VERTEX_POINT('',#13091);
#3654=VERTEX_POINT('',#13093);
#3655=VERTEX_POINT('',#13095);
#3656=VERTEX_POINT('',#13097);
#3657=VERTEX_POINT('',#13099);
#3658=VERTEX_POINT('',#13101);
#3659=VERTEX_POINT('',#13103);
#3660=VERTEX_POINT('',#13105);
#3661=VERTEX_POINT('',#13107);
#3662=VERTEX_POINT('',#13109);
#3663=VERTEX_POINT('',#13111);
#3664=VERTEX_POINT('',#13113);
#3665=VERTEX_POINT('',#13115);
#3666=VERTEX_POINT('',#13117);
#3667=VERTEX_POINT('',#13119);
#3668=VERTEX_POINT('',#13121);
#3669=VERTEX_POINT('',#13123);
#3670=VERTEX_POINT('',#13125);
#3671=VERTEX_POINT('',#13127);
#3672=VERTEX_POINT('',#13129);
#3673=VERTEX_POINT('',#13131);
#3674=VERTEX_POINT('',#13133);
#3675=VERTEX_POINT('',#13137);
#3676=VERTEX_POINT('',#13139);
#3677=VERTEX_POINT('',#13143);
#3678=VERTEX_POINT('',#13145);
#3679=VERTEX_POINT('',#13149);
#3680=VERTEX_POINT('',#13151);
#3681=VERTEX_POINT('',#13155);
#3682=VERTEX_POINT('',#13157);
#3683=VERTEX_POINT('',#13161);
#3684=VERTEX_POINT('',#13163);
#3685=VERTEX_POINT('',#13167);
#3686=VERTEX_POINT('',#13169);
#3687=VERTEX_POINT('',#13173);
#3688=VERTEX_POINT('',#13175);
#3689=VERTEX_POINT('',#13179);
#3690=VERTEX_POINT('',#13181);
#3691=VERTEX_POINT('',#13185);
#3692=VERTEX_POINT('',#13187);
#3693=VERTEX_POINT('',#13191);
#3694=VERTEX_POINT('',#13193);
#3695=VERTEX_POINT('',#13197);
#3696=VERTEX_POINT('',#13199);
#3697=VERTEX_POINT('',#13203);
#3698=VERTEX_POINT('',#13205);
#3699=VERTEX_POINT('',#13268);
#3700=VERTEX_POINT('',#13271);
#3701=VERTEX_POINT('',#13274);
#3702=VERTEX_POINT('',#13277);
#3703=VERTEX_POINT('',#13280);
#3704=VERTEX_POINT('',#13283);
#3705=VERTEX_POINT('',#13286);
#3706=VERTEX_POINT('',#13289);
#3707=VERTEX_POINT('',#13292);
#3708=VERTEX_POINT('',#13295);
#3709=VERTEX_POINT('',#13298);
#3710=VERTEX_POINT('',#13305);
#3711=VERTEX_POINT('',#13309);
#3712=VERTEX_POINT('',#13313);
#3713=VERTEX_POINT('',#13317);
#3714=VERTEX_POINT('',#13321);
#3715=VERTEX_POINT('',#13325);
#3716=VERTEX_POINT('',#13329);
#3717=VERTEX_POINT('',#13333);
#3718=VERTEX_POINT('',#13337);
#3719=VERTEX_POINT('',#13341);
#3720=VERTEX_POINT('',#13345);
#3721=VERTEX_POINT('',#13349);
#3722=VERTEX_POINT('',#13352);
#3723=VERTEX_POINT('',#13370);
#3724=VERTEX_POINT('',#13371);
#3725=VERTEX_POINT('',#13375);
#3726=VERTEX_POINT('',#13376);
#3727=VERTEX_POINT('',#13380);
#3728=VERTEX_POINT('',#13384);
#3729=VERTEX_POINT('',#13388);
#3730=VERTEX_POINT('',#13391);
#3731=VERTEX_POINT('',#13394);
#3732=VERTEX_POINT('',#13395);
#3733=VERTEX_POINT('',#13399);
#3734=VERTEX_POINT('',#13403);
#3735=VERTEX_POINT('',#13407);
#3736=VERTEX_POINT('',#13411);
#3737=VERTEX_POINT('',#13415);
#3738=VERTEX_POINT('',#13419);
#3739=VERTEX_POINT('',#13422);
#3740=VERTEX_POINT('',#13426);
#3741=VERTEX_POINT('',#13430);
#3742=VERTEX_POINT('',#13434);
#3743=VERTEX_POINT('',#13435);
#3744=VERTEX_POINT('',#13437);
#3745=VERTEX_POINT('',#13439);
#3746=VERTEX_POINT('',#13443);
#3747=VERTEX_POINT('',#13445);
#3748=VERTEX_POINT('',#13449);
#3749=VERTEX_POINT('',#13451);
#3750=VERTEX_POINT('',#13455);
#3751=VERTEX_POINT('',#13456);
#3752=VERTEX_POINT('',#13458);
#3753=VERTEX_POINT('',#13460);
#3754=VERTEX_POINT('',#13464);
#3755=VERTEX_POINT('',#13466);
#3756=VERTEX_POINT('',#13470);
#3757=VERTEX_POINT('',#13472);
#3758=VERTEX_POINT('',#13476);
#3759=VERTEX_POINT('',#13478);
#3760=VERTEX_POINT('',#13482);
#3761=VERTEX_POINT('',#13484);
#3762=VERTEX_POINT('',#13488);
#3763=VERTEX_POINT('',#13490);
#3764=VERTEX_POINT('',#13494);
#3765=VERTEX_POINT('',#13496);
#3766=VERTEX_POINT('',#13500);
#3767=VERTEX_POINT('',#13502);
#3768=VERTEX_POINT('',#13506);
#3769=VERTEX_POINT('',#13507);
#3770=VERTEX_POINT('',#13512);
#3771=VERTEX_POINT('',#13514);
#3772=VERTEX_POINT('',#13518);
#3773=VERTEX_POINT('',#13520);
#3774=VERTEX_POINT('',#13524);
#3775=VERTEX_POINT('',#13526);
#3776=VERTEX_POINT('',#13530);
#3777=VERTEX_POINT('',#13532);
#3778=VERTEX_POINT('',#13536);
#3779=VERTEX_POINT('',#13538);
#3780=VERTEX_POINT('',#13542);
#3781=VERTEX_POINT('',#13544);
#3782=VERTEX_POINT('',#13548);
#3783=VERTEX_POINT('',#13550);
#3784=VERTEX_POINT('',#13554);
#3785=VERTEX_POINT('',#13556);
#3786=VERTEX_POINT('',#13560);
#3787=VERTEX_POINT('',#13562);
#3788=VERTEX_POINT('',#13566);
#3789=VERTEX_POINT('',#13568);
#3790=VERTEX_POINT('',#13572);
#3791=VERTEX_POINT('',#13574);
#3792=VERTEX_POINT('',#13578);
#3793=VERTEX_POINT('',#13580);
#3794=VERTEX_POINT('',#13584);
#3795=VERTEX_POINT('',#13586);
#3796=VERTEX_POINT('',#13590);
#3797=VERTEX_POINT('',#13592);
#3798=VERTEX_POINT('',#13596);
#3799=VERTEX_POINT('',#13598);
#3800=VERTEX_POINT('',#13602);
#3801=VERTEX_POINT('',#13604);
#3802=VERTEX_POINT('',#13608);
#3803=VERTEX_POINT('',#13610);
#3804=VERTEX_POINT('',#13614);
#3805=VERTEX_POINT('',#13616);
#3806=VERTEX_POINT('',#13620);
#3807=VERTEX_POINT('',#13622);
#3808=VERTEX_POINT('',#13626);
#3809=VERTEX_POINT('',#13628);
#3810=VERTEX_POINT('',#13632);
#3811=VERTEX_POINT('',#13634);
#3812=VERTEX_POINT('',#13638);
#3813=VERTEX_POINT('',#13640);
#3814=VERTEX_POINT('',#13644);
#3815=VERTEX_POINT('',#13646);
#3816=VERTEX_POINT('',#13650);
#3817=VERTEX_POINT('',#13652);
#3818=VERTEX_POINT('',#13656);
#3819=VERTEX_POINT('',#13658);
#3820=VERTEX_POINT('',#13662);
#3821=VERTEX_POINT('',#13664);
#3822=VERTEX_POINT('',#13668);
#3823=VERTEX_POINT('',#13670);
#3824=VERTEX_POINT('',#13674);
#3825=VERTEX_POINT('',#13676);
#3826=VERTEX_POINT('',#13683);
#3827=VERTEX_POINT('',#13687);
#3828=VERTEX_POINT('',#13689);
#3829=VERTEX_POINT('',#13693);
#3830=VERTEX_POINT('',#13697);
#3831=VERTEX_POINT('',#13703);
#3832=VERTEX_POINT('',#13707);
#3833=VERTEX_POINT('',#13710);
#3834=VERTEX_POINT('',#13714);
#3835=VERTEX_POINT('',#13718);
#3836=VERTEX_POINT('',#13722);
#3837=VERTEX_POINT('',#13725);
#3838=VERTEX_POINT('',#13729);
#3839=VERTEX_POINT('',#13732);
#3840=VERTEX_POINT('',#13733);
#3841=VERTEX_POINT('',#13735);
#3842=VERTEX_POINT('',#13737);
#3843=VERTEX_POINT('',#13739);
#3844=VERTEX_POINT('',#13741);
#3845=VERTEX_POINT('',#13743);
#3846=VERTEX_POINT('',#13745);
#3847=VERTEX_POINT('',#13747);
#3848=VERTEX_POINT('',#13749);
#3849=VERTEX_POINT('',#13751);
#3850=VERTEX_POINT('',#13753);
#3851=VERTEX_POINT('',#13757);
#3852=VERTEX_POINT('',#13759);
#3853=VERTEX_POINT('',#13763);
#3854=VERTEX_POINT('',#13767);
#3855=VERTEX_POINT('',#13771);
#3856=VERTEX_POINT('',#13775);
#3857=VERTEX_POINT('',#13779);
#3858=VERTEX_POINT('',#13783);
#3859=VERTEX_POINT('',#13787);
#3860=VERTEX_POINT('',#13791);
#3861=VERTEX_POINT('',#13795);
#3862=VERTEX_POINT('',#13799);
#3863=VERTEX_POINT('',#13805);
#3864=VERTEX_POINT('',#13808);
#3865=VERTEX_POINT('',#13813);
#3866=VERTEX_POINT('',#13814);
#3867=VERTEX_POINT('',#13816);
#3868=VERTEX_POINT('',#13818);
#3869=VERTEX_POINT('',#13820);
#3870=VERTEX_POINT('',#13822);
#3871=VERTEX_POINT('',#13824);
#3872=VERTEX_POINT('',#13826);
#3873=VERTEX_POINT('',#13828);
#3874=VERTEX_POINT('',#13830);
#3875=VERTEX_POINT('',#13832);
#3876=VERTEX_POINT('',#13834);
#3877=VERTEX_POINT('',#13838);
#3878=VERTEX_POINT('',#13840);
#3879=VERTEX_POINT('',#13844);
#3880=VERTEX_POINT('',#13848);
#3881=VERTEX_POINT('',#13852);
#3882=VERTEX_POINT('',#13856);
#3883=VERTEX_POINT('',#13860);
#3884=VERTEX_POINT('',#13864);
#3885=VERTEX_POINT('',#13868);
#3886=VERTEX_POINT('',#13872);
#3887=VERTEX_POINT('',#13876);
#3888=VERTEX_POINT('',#13880);
#3889=VERTEX_POINT('',#13886);
#3890=VERTEX_POINT('',#13889);
#3891=VERTEX_POINT('',#13894);
#3892=VERTEX_POINT('',#13895);
#3893=VERTEX_POINT('',#13897);
#3894=VERTEX_POINT('',#13899);
#3895=VERTEX_POINT('',#13901);
#3896=VERTEX_POINT('',#13903);
#3897=VERTEX_POINT('',#13905);
#3898=VERTEX_POINT('',#13907);
#3899=VERTEX_POINT('',#13909);
#3900=VERTEX_POINT('',#13911);
#3901=VERTEX_POINT('',#13913);
#3902=VERTEX_POINT('',#13915);
#3903=VERTEX_POINT('',#13919);
#3904=VERTEX_POINT('',#13921);
#3905=VERTEX_POINT('',#13925);
#3906=VERTEX_POINT('',#13929);
#3907=VERTEX_POINT('',#13933);
#3908=VERTEX_POINT('',#13937);
#3909=VERTEX_POINT('',#13941);
#3910=VERTEX_POINT('',#13945);
#3911=VERTEX_POINT('',#13949);
#3912=VERTEX_POINT('',#13953);
#3913=VERTEX_POINT('',#13957);
#3914=VERTEX_POINT('',#13961);
#3915=VERTEX_POINT('',#13967);
#3916=VERTEX_POINT('',#13970);
#3917=VERTEX_POINT('',#13975);
#3918=VERTEX_POINT('',#13976);
#3919=VERTEX_POINT('',#13978);
#3920=VERTEX_POINT('',#13980);
#3921=VERTEX_POINT('',#13982);
#3922=VERTEX_POINT('',#13984);
#3923=VERTEX_POINT('',#13986);
#3924=VERTEX_POINT('',#13988);
#3925=VERTEX_POINT('',#13990);
#3926=VERTEX_POINT('',#13992);
#3927=VERTEX_POINT('',#13994);
#3928=VERTEX_POINT('',#13996);
#3929=VERTEX_POINT('',#13998);
#3930=VERTEX_POINT('',#14000);
#3931=VERTEX_POINT('',#14002);
#3932=VERTEX_POINT('',#14004);
#3933=VERTEX_POINT('',#14006);
#3934=VERTEX_POINT('',#14008);
#3935=VERTEX_POINT('',#14010);
#3936=VERTEX_POINT('',#14012);
#3937=VERTEX_POINT('',#14014);
#3938=VERTEX_POINT('',#14016);
#3939=VERTEX_POINT('',#14018);
#3940=VERTEX_POINT('',#14020);
#3941=VERTEX_POINT('',#14022);
#3942=VERTEX_POINT('',#14024);
#3943=VERTEX_POINT('',#14026);
#3944=VERTEX_POINT('',#14028);
#3945=VERTEX_POINT('',#14030);
#3946=VERTEX_POINT('',#14032);
#3947=VERTEX_POINT('',#14034);
#3948=VERTEX_POINT('',#14036);
#3949=VERTEX_POINT('',#14038);
#3950=VERTEX_POINT('',#14040);
#3951=VERTEX_POINT('',#14042);
#3952=VERTEX_POINT('',#14044);
#3953=VERTEX_POINT('',#14046);
#3954=VERTEX_POINT('',#14048);
#3955=VERTEX_POINT('',#14052);
#3956=VERTEX_POINT('',#14055);
#3957=VERTEX_POINT('',#14057);
#3958=VERTEX_POINT('',#14061);
#3959=VERTEX_POINT('',#14065);
#3960=VERTEX_POINT('',#14069);
#3961=VERTEX_POINT('',#14073);
#3962=VERTEX_POINT('',#14077);
#3963=VERTEX_POINT('',#14081);
#3964=VERTEX_POINT('',#14085);
#3965=VERTEX_POINT('',#14089);
#3966=VERTEX_POINT('',#14093);
#3967=VERTEX_POINT('',#14097);
#3968=VERTEX_POINT('',#14101);
#3969=VERTEX_POINT('',#14105);
#3970=VERTEX_POINT('',#14109);
#3971=VERTEX_POINT('',#14113);
#3972=VERTEX_POINT('',#14117);
#3973=VERTEX_POINT('',#14121);
#3974=VERTEX_POINT('',#14125);
#3975=VERTEX_POINT('',#14129);
#3976=VERTEX_POINT('',#14133);
#3977=VERTEX_POINT('',#14137);
#3978=VERTEX_POINT('',#14141);
#3979=VERTEX_POINT('',#14145);
#3980=VERTEX_POINT('',#14149);
#3981=VERTEX_POINT('',#14153);
#3982=VERTEX_POINT('',#14157);
#3983=VERTEX_POINT('',#14161);
#3984=VERTEX_POINT('',#14165);
#3985=VERTEX_POINT('',#14169);
#3986=VERTEX_POINT('',#14173);
#3987=VERTEX_POINT('',#14177);
#3988=VERTEX_POINT('',#14181);
#3989=VERTEX_POINT('',#14185);
#3990=VERTEX_POINT('',#14189);
#3991=VERTEX_POINT('',#14193);
#3992=VERTEX_POINT('',#14197);
#3993=VERTEX_POINT('',#14201);
#3994=VERTEX_POINT('',#14207);
#3995=VERTEX_POINT('',#14211);
#3996=VERTEX_POINT('',#14214);
#3997=VERTEX_POINT('',#14219);
#3998=VERTEX_POINT('',#14220);
#3999=VERTEX_POINT('',#14222);
#4000=VERTEX_POINT('',#14224);
#4001=VERTEX_POINT('',#14226);
#4002=VERTEX_POINT('',#14228);
#4003=VERTEX_POINT('',#14230);
#4004=VERTEX_POINT('',#14232);
#4005=VERTEX_POINT('',#14234);
#4006=VERTEX_POINT('',#14236);
#4007=VERTEX_POINT('',#14238);
#4008=VERTEX_POINT('',#14240);
#4009=VERTEX_POINT('',#14244);
#4010=VERTEX_POINT('',#14246);
#4011=VERTEX_POINT('',#14250);
#4012=VERTEX_POINT('',#14254);
#4013=VERTEX_POINT('',#14258);
#4014=VERTEX_POINT('',#14262);
#4015=VERTEX_POINT('',#14266);
#4016=VERTEX_POINT('',#14270);
#4017=VERTEX_POINT('',#14274);
#4018=VERTEX_POINT('',#14278);
#4019=VERTEX_POINT('',#14282);
#4020=VERTEX_POINT('',#14286);
#4021=VERTEX_POINT('',#14292);
#4022=VERTEX_POINT('',#14295);
#4023=VERTEX_POINT('',#14300);
#4024=VERTEX_POINT('',#14301);
#4025=VERTEX_POINT('',#14303);
#4026=VERTEX_POINT('',#14305);
#4027=VERTEX_POINT('',#14307);
#4028=VERTEX_POINT('',#14309);
#4029=VERTEX_POINT('',#14311);
#4030=VERTEX_POINT('',#14313);
#4031=VERTEX_POINT('',#14315);
#4032=VERTEX_POINT('',#14317);
#4033=VERTEX_POINT('',#14319);
#4034=VERTEX_POINT('',#14321);
#4035=VERTEX_POINT('',#14323);
#4036=VERTEX_POINT('',#14325);
#4037=VERTEX_POINT('',#14327);
#4038=VERTEX_POINT('',#14329);
#4039=VERTEX_POINT('',#14331);
#4040=VERTEX_POINT('',#14333);
#4041=VERTEX_POINT('',#14335);
#4042=VERTEX_POINT('',#14337);
#4043=VERTEX_POINT('',#14339);
#4044=VERTEX_POINT('',#14341);
#4045=VERTEX_POINT('',#14343);
#4046=VERTEX_POINT('',#14345);
#4047=VERTEX_POINT('',#14347);
#4048=VERTEX_POINT('',#14349);
#4049=VERTEX_POINT('',#14351);
#4050=VERTEX_POINT('',#14353);
#4051=VERTEX_POINT('',#14355);
#4052=VERTEX_POINT('',#14357);
#4053=VERTEX_POINT('',#14359);
#4054=VERTEX_POINT('',#14361);
#4055=VERTEX_POINT('',#14363);
#4056=VERTEX_POINT('',#14365);
#4057=VERTEX_POINT('',#14367);
#4058=VERTEX_POINT('',#14369);
#4059=VERTEX_POINT('',#14371);
#4060=VERTEX_POINT('',#14373);
#4061=VERTEX_POINT('',#14377);
#4062=VERTEX_POINT('',#14380);
#4063=VERTEX_POINT('',#14382);
#4064=VERTEX_POINT('',#14386);
#4065=VERTEX_POINT('',#14390);
#4066=VERTEX_POINT('',#14394);
#4067=VERTEX_POINT('',#14398);
#4068=VERTEX_POINT('',#14402);
#4069=VERTEX_POINT('',#14406);
#4070=VERTEX_POINT('',#14410);
#4071=VERTEX_POINT('',#14414);
#4072=VERTEX_POINT('',#14418);
#4073=VERTEX_POINT('',#14422);
#4074=VERTEX_POINT('',#14426);
#4075=VERTEX_POINT('',#14430);
#4076=VERTEX_POINT('',#14434);
#4077=VERTEX_POINT('',#14438);
#4078=VERTEX_POINT('',#14442);
#4079=VERTEX_POINT('',#14446);
#4080=VERTEX_POINT('',#14450);
#4081=VERTEX_POINT('',#14454);
#4082=VERTEX_POINT('',#14458);
#4083=VERTEX_POINT('',#14462);
#4084=VERTEX_POINT('',#14466);
#4085=VERTEX_POINT('',#14470);
#4086=VERTEX_POINT('',#14474);
#4087=VERTEX_POINT('',#14478);
#4088=VERTEX_POINT('',#14482);
#4089=VERTEX_POINT('',#14486);
#4090=VERTEX_POINT('',#14490);
#4091=VERTEX_POINT('',#14494);
#4092=VERTEX_POINT('',#14498);
#4093=VERTEX_POINT('',#14502);
#4094=VERTEX_POINT('',#14506);
#4095=VERTEX_POINT('',#14510);
#4096=VERTEX_POINT('',#14514);
#4097=VERTEX_POINT('',#14518);
#4098=VERTEX_POINT('',#14522);
#4099=VERTEX_POINT('',#14526);
#4100=VERTEX_POINT('',#14532);
#4101=VERTEX_POINT('',#14536);
#4102=VERTEX_POINT('',#14539);
#4103=VERTEX_POINT('',#14544);
#4104=VERTEX_POINT('',#14545);
#4105=VERTEX_POINT('',#14547);
#4106=VERTEX_POINT('',#14549);
#4107=VERTEX_POINT('',#14553);
#4108=VERTEX_POINT('',#14555);
#4109=VERTEX_POINT('',#14559);
#4110=VERTEX_POINT('',#14561);
#4111=VERTEX_POINT('',#14565);
#4112=VERTEX_POINT('',#14567);
#4113=VERTEX_POINT('',#14571);
#4114=VERTEX_POINT('',#14573);
#4115=VERTEX_POINT('',#14577);
#4116=VERTEX_POINT('',#14579);
#4117=VERTEX_POINT('',#14583);
#4118=VERTEX_POINT('',#14585);
#4119=VERTEX_POINT('',#14589);
#4120=VERTEX_POINT('',#14591);
#4121=VERTEX_POINT('',#14595);
#4122=VERTEX_POINT('',#14597);
#4123=VERTEX_POINT('',#14601);
#4124=VERTEX_POINT('',#14603);
#4125=VERTEX_POINT('',#14607);
#4126=VERTEX_POINT('',#14609);
#4127=VERTEX_POINT('',#14613);
#4128=VERTEX_POINT('',#14615);
#4129=VERTEX_POINT('',#14619);
#4130=VERTEX_POINT('',#14621);
#4131=VERTEX_POINT('',#14625);
#4132=VERTEX_POINT('',#14627);
#4133=VERTEX_POINT('',#14631);
#4134=VERTEX_POINT('',#14633);
#4135=VERTEX_POINT('',#14637);
#4136=VERTEX_POINT('',#14639);
#4137=VERTEX_POINT('',#14643);
#4138=VERTEX_POINT('',#14645);
#4139=VERTEX_POINT('',#14649);
#4140=VERTEX_POINT('',#14651);
#4141=VERTEX_POINT('',#14655);
#4142=VERTEX_POINT('',#14657);
#4143=VERTEX_POINT('',#14661);
#4144=VERTEX_POINT('',#14663);
#4145=VERTEX_POINT('',#14667);
#4146=VERTEX_POINT('',#14669);
#4147=VERTEX_POINT('',#14673);
#4148=VERTEX_POINT('',#14675);
#4149=VERTEX_POINT('',#14679);
#4150=VERTEX_POINT('',#14681);
#4151=VERTEX_POINT('',#14685);
#4152=VERTEX_POINT('',#14687);
#4153=VERTEX_POINT('',#14691);
#4154=VERTEX_POINT('',#14693);
#4155=VERTEX_POINT('',#14697);
#4156=VERTEX_POINT('',#14699);
#4157=VERTEX_POINT('',#14703);
#4158=VERTEX_POINT('',#14705);
#4159=VERTEX_POINT('',#14709);
#4160=VERTEX_POINT('',#14710);
#4161=VERTEX_POINT('',#14715);
#4162=VERTEX_POINT('',#14717);
#4163=VERTEX_POINT('',#14721);
#4164=VERTEX_POINT('',#14723);
#4165=VERTEX_POINT('',#14727);
#4166=VERTEX_POINT('',#14729);
#4167=VERTEX_POINT('',#14733);
#4168=VERTEX_POINT('',#14735);
#4169=VERTEX_POINT('',#14739);
#4170=VERTEX_POINT('',#14741);
#4171=VERTEX_POINT('',#14745);
#4172=VERTEX_POINT('',#14747);
#4173=VERTEX_POINT('',#14751);
#4174=VERTEX_POINT('',#14753);
#4175=VERTEX_POINT('',#14757);
#4176=VERTEX_POINT('',#14759);
#4177=VERTEX_POINT('',#14763);
#4178=VERTEX_POINT('',#14764);
#4179=VERTEX_POINT('',#14772);
#4180=VERTEX_POINT('',#14774);
#4181=VERTEX_POINT('',#14778);
#4182=VERTEX_POINT('',#14781);
#4183=VERTEX_POINT('',#14786);
#4184=VERTEX_POINT('',#14787);
#4185=VERTEX_POINT('',#14789);
#4186=VERTEX_POINT('',#14791);
#4187=VERTEX_POINT('',#14795);
#4188=VERTEX_POINT('',#14797);
#4189=VERTEX_POINT('',#14801);
#4190=VERTEX_POINT('',#14803);
#4191=VERTEX_POINT('',#14807);
#4192=VERTEX_POINT('',#14809);
#4193=VERTEX_POINT('',#14813);
#4194=VERTEX_POINT('',#14815);
#4195=VERTEX_POINT('',#14819);
#4196=VERTEX_POINT('',#14821);
#4197=VERTEX_POINT('',#14825);
#4198=VERTEX_POINT('',#14827);
#4199=VERTEX_POINT('',#14831);
#4200=VERTEX_POINT('',#14833);
#4201=VERTEX_POINT('',#14837);
#4202=VERTEX_POINT('',#14838);
#4203=VERTEX_POINT('',#14843);
#4204=VERTEX_POINT('',#14845);
#4205=VERTEX_POINT('',#14849);
#4206=VERTEX_POINT('',#14851);
#4207=VERTEX_POINT('',#14855);
#4208=VERTEX_POINT('',#14857);
#4209=VERTEX_POINT('',#14861);
#4210=VERTEX_POINT('',#14863);
#4211=VERTEX_POINT('',#14867);
#4212=VERTEX_POINT('',#14869);
#4213=VERTEX_POINT('',#14873);
#4214=VERTEX_POINT('',#14875);
#4215=VERTEX_POINT('',#14879);
#4216=VERTEX_POINT('',#14881);
#4217=VERTEX_POINT('',#14885);
#4218=VERTEX_POINT('',#14887);
#4219=VERTEX_POINT('',#14891);
#4220=VERTEX_POINT('',#14893);
#4221=VERTEX_POINT('',#14897);
#4222=VERTEX_POINT('',#14899);
#4223=VERTEX_POINT('',#14903);
#4224=VERTEX_POINT('',#14905);
#4225=VERTEX_POINT('',#14909);
#4226=VERTEX_POINT('',#14911);
#4227=VERTEX_POINT('',#14915);
#4228=VERTEX_POINT('',#14917);
#4229=VERTEX_POINT('',#14921);
#4230=VERTEX_POINT('',#14923);
#4231=VERTEX_POINT('',#14927);
#4232=VERTEX_POINT('',#14929);
#4233=VERTEX_POINT('',#14933);
#4234=VERTEX_POINT('',#14935);
#4235=VERTEX_POINT('',#14939);
#4236=VERTEX_POINT('',#14941);
#4237=VERTEX_POINT('',#14945);
#4238=VERTEX_POINT('',#14947);
#4239=VERTEX_POINT('',#14951);
#4240=VERTEX_POINT('',#14953);
#4241=VERTEX_POINT('',#14957);
#4242=VERTEX_POINT('',#14959);
#4243=VERTEX_POINT('',#14963);
#4244=VERTEX_POINT('',#14965);
#4245=VERTEX_POINT('',#14969);
#4246=VERTEX_POINT('',#14971);
#4247=VERTEX_POINT('',#14975);
#4248=VERTEX_POINT('',#14977);
#4249=VERTEX_POINT('',#14981);
#4250=VERTEX_POINT('',#14983);
#4251=VERTEX_POINT('',#14987);
#4252=VERTEX_POINT('',#14989);
#4253=VERTEX_POINT('',#14993);
#4254=VERTEX_POINT('',#14995);
#4255=VERTEX_POINT('',#14999);
#4256=VERTEX_POINT('',#15001);
#4257=VERTEX_POINT('',#15005);
#4258=VERTEX_POINT('',#15007);
#4259=VERTEX_POINT('',#15014);
#4260=VERTEX_POINT('',#15016);
#4261=VERTEX_POINT('',#15020);
#4262=VERTEX_POINT('',#15023);
#4263=VERTEX_POINT('',#15029);
#4264=VERTEX_POINT('',#15030);
#4265=VERTEX_POINT('',#15032);
#4266=VERTEX_POINT('',#15034);
#4267=VERTEX_POINT('',#15038);
#4268=VERTEX_POINT('',#15040);
#4269=VERTEX_POINT('',#15044);
#4270=VERTEX_POINT('',#15046);
#4271=VERTEX_POINT('',#15050);
#4272=VERTEX_POINT('',#15051);
#4273=VERTEX_POINT('',#15053);
#4274=VERTEX_POINT('',#15055);
#4275=VERTEX_POINT('',#15062);
#4276=VERTEX_POINT('',#15064);
#4277=VERTEX_POINT('',#15068);
#4278=VERTEX_POINT('',#15070);
#4279=VERTEX_POINT('',#15074);
#4280=VERTEX_POINT('',#15076);
#4281=VERTEX_POINT('',#15080);
#4282=VERTEX_POINT('',#15082);
#4283=VERTEX_POINT('',#15086);
#4284=VERTEX_POINT('',#15088);
#4285=VERTEX_POINT('',#15092);
#4286=VERTEX_POINT('',#15094);
#4287=VERTEX_POINT('',#15098);
#4288=VERTEX_POINT('',#15100);
#4289=VERTEX_POINT('',#15104);
#4290=VERTEX_POINT('',#15106);
#4291=VERTEX_POINT('',#15110);
#4292=VERTEX_POINT('',#15112);
#4293=VERTEX_POINT('',#15116);
#4294=VERTEX_POINT('',#15118);
#4295=VERTEX_POINT('',#15122);
#4296=VERTEX_POINT('',#15124);
#4297=VERTEX_POINT('',#15128);
#4298=VERTEX_POINT('',#15130);
#4299=VERTEX_POINT('',#15134);
#4300=VERTEX_POINT('',#15136);
#4301=VERTEX_POINT('',#15140);
#4302=VERTEX_POINT('',#15142);
#4303=VERTEX_POINT('',#15146);
#4304=VERTEX_POINT('',#15148);
#4305=VERTEX_POINT('',#15152);
#4306=VERTEX_POINT('',#15154);
#4307=VERTEX_POINT('',#15158);
#4308=VERTEX_POINT('',#15160);
#4309=VERTEX_POINT('',#15164);
#4310=VERTEX_POINT('',#15166);
#4311=VERTEX_POINT('',#15170);
#4312=VERTEX_POINT('',#15172);
#4313=VERTEX_POINT('',#15176);
#4314=VERTEX_POINT('',#15178);
#4315=VERTEX_POINT('',#15182);
#4316=VERTEX_POINT('',#15184);
#4317=VERTEX_POINT('',#15188);
#4318=VERTEX_POINT('',#15190);
#4319=VERTEX_POINT('',#15194);
#4320=VERTEX_POINT('',#15196);
#4321=VERTEX_POINT('',#15200);
#4322=VERTEX_POINT('',#15202);
#4323=VERTEX_POINT('',#15206);
#4324=VERTEX_POINT('',#15208);
#4325=VERTEX_POINT('',#15212);
#4326=VERTEX_POINT('',#15214);
#4327=VERTEX_POINT('',#15218);
#4328=VERTEX_POINT('',#15220);
#4329=VERTEX_POINT('',#15224);
#4330=VERTEX_POINT('',#15226);
#4331=VERTEX_POINT('',#15230);
#4332=VERTEX_POINT('',#15232);
#4333=VERTEX_POINT('',#15236);
#4334=VERTEX_POINT('',#15238);
#4335=VERTEX_POINT('',#15242);
#4336=VERTEX_POINT('',#15244);
#4337=VERTEX_POINT('',#15248);
#4338=VERTEX_POINT('',#15250);
#4339=VERTEX_POINT('',#15254);
#4340=VERTEX_POINT('',#15256);
#4341=VERTEX_POINT('',#15260);
#4342=VERTEX_POINT('',#15262);
#4343=VERTEX_POINT('',#15266);
#4344=VERTEX_POINT('',#15268);
#4345=VERTEX_POINT('',#15272);
#4346=VERTEX_POINT('',#15274);
#4347=VERTEX_POINT('',#15278);
#4348=VERTEX_POINT('',#15280);
#4349=VERTEX_POINT('',#15284);
#4350=VERTEX_POINT('',#15286);
#4351=VERTEX_POINT('',#15290);
#4352=VERTEX_POINT('',#15292);
#4353=VERTEX_POINT('',#15296);
#4354=VERTEX_POINT('',#15298);
#4355=VERTEX_POINT('',#15302);
#4356=VERTEX_POINT('',#15304);
#4357=VERTEX_POINT('',#15308);
#4358=VERTEX_POINT('',#15310);
#4359=VERTEX_POINT('',#15314);
#4360=VERTEX_POINT('',#15316);
#4361=VERTEX_POINT('',#15320);
#4362=VERTEX_POINT('',#15322);
#4363=VERTEX_POINT('',#15326);
#4364=VERTEX_POINT('',#15328);
#4365=VERTEX_POINT('',#15332);
#4366=VERTEX_POINT('',#15334);
#4367=VERTEX_POINT('',#15338);
#4368=VERTEX_POINT('',#15340);
#4369=VERTEX_POINT('',#15344);
#4370=VERTEX_POINT('',#15346);
#4371=VERTEX_POINT('',#15350);
#4372=VERTEX_POINT('',#15352);
#4373=VERTEX_POINT('',#15356);
#4374=VERTEX_POINT('',#15358);
#4375=VERTEX_POINT('',#15362);
#4376=VERTEX_POINT('',#15364);
#4377=VERTEX_POINT('',#15368);
#4378=VERTEX_POINT('',#15370);
#4379=VERTEX_POINT('',#15374);
#4380=VERTEX_POINT('',#15376);
#4381=VERTEX_POINT('',#15380);
#4382=VERTEX_POINT('',#15382);
#4383=VERTEX_POINT('',#15389);
#4384=VERTEX_POINT('',#15392);
#4385=EDGE_CURVE('',#3540,#3541,#3155,.T.);
#4386=EDGE_CURVE('',#3541,#3542,#1425,.T.);
#4387=EDGE_CURVE('',#3542,#3543,#3156,.T.);
#4388=EDGE_CURVE('',#3543,#3544,#1426,.T.);
#4389=EDGE_CURVE('',#3544,#3545,#3157,.T.);
#4390=EDGE_CURVE('',#3545,#3546,#1427,.T.);
#4391=EDGE_CURVE('',#3546,#3547,#3158,.T.);
#4392=EDGE_CURVE('',#3547,#3548,#3159,.T.);
#4393=EDGE_CURVE('',#3548,#3549,#1428,.T.);
#4394=EDGE_CURVE('',#3549,#3550,#3160,.T.);
#4395=EDGE_CURVE('',#3550,#3551,#3161,.T.);
#4396=EDGE_CURVE('',#3551,#3552,#1429,.T.);
#4397=EDGE_CURVE('',#3552,#3553,#3162,.T.);
#4398=EDGE_CURVE('',#3553,#3540,#1430,.T.);
#4399=EDGE_CURVE('',#3554,#3555,#3163,.T.);
#4400=EDGE_CURVE('',#3555,#3556,#1431,.T.);
#4401=EDGE_CURVE('',#3556,#3557,#3164,.T.);
#4402=EDGE_CURVE('',#3557,#3558,#1432,.T.);
#4403=EDGE_CURVE('',#3558,#3559,#3165,.T.);
#4404=EDGE_CURVE('',#3559,#3560,#3166,.T.);
#4405=EDGE_CURVE('',#3560,#3561,#1433,.T.);
#4406=EDGE_CURVE('',#3561,#3562,#3167,.T.);
#4407=EDGE_CURVE('',#3562,#3563,#3168,.T.);
#4408=EDGE_CURVE('',#3563,#3564,#1434,.T.);
#4409=EDGE_CURVE('',#3564,#3565,#3169,.T.);
#4410=EDGE_CURVE('',#3565,#3566,#1435,.T.);
#4411=EDGE_CURVE('',#3566,#3567,#3170,.T.);
#4412=EDGE_CURVE('',#3567,#3554,#1436,.T.);
#4413=EDGE_CURVE('',#3568,#3569,#3171,.T.);
#4414=EDGE_CURVE('',#3569,#3570,#3172,.T.);
#4415=EDGE_CURVE('',#3570,#3571,#364,.T.);
#4416=EDGE_CURVE('',#3571,#3572,#365,.T.);
#4417=EDGE_CURVE('',#3572,#3573,#3173,.T.);
#4418=EDGE_CURVE('',#3573,#3574,#366,.T.);
#4419=EDGE_CURVE('',#3568,#3574,#367,.T.);
#4420=EDGE_CURVE('',#3570,#3575,#368,.T.);
#4421=EDGE_CURVE('',#3575,#3576,#369,.T.);
#4422=EDGE_CURVE('',#3576,#3571,#370,.T.);
#4423=EDGE_CURVE('',#3575,#3577,#3174,.T.);
#4424=EDGE_CURVE('',#3577,#3578,#371,.T.);
#4425=EDGE_CURVE('',#3578,#3579,#372,.T.);
#4426=EDGE_CURVE('',#3579,#3580,#3175,.T.);
#4427=EDGE_CURVE('',#3580,#3576,#373,.T.);
#4428=EDGE_CURVE('',#3574,#3578,#374,.T.);
#4429=EDGE_CURVE('',#3577,#3568,#375,.T.);
#4430=EDGE_CURVE('',#3580,#3548,#1437,.T.);
#4431=EDGE_CURVE('',#3562,#3547,#1438,.T.);
#4432=EDGE_CURVE('',#3561,#3572,#1439,.F.);
#4433=EDGE_CURVE('',#3579,#3549,#1440,.T.);
#4434=EDGE_CURVE('',#3581,#3581,#3176,.T.);
#4435=EDGE_CURVE('',#3581,#3569,#1441,.T.);
#4436=EDGE_CURVE('',#3573,#3560,#1442,.F.);
#4437=EDGE_CURVE('',#3559,#3550,#1443,.T.);
#4438=EDGE_CURVE('',#3581,#3582,#1444,.T.);
#4439=EDGE_CURVE('',#3582,#3583,#3177,.T.);
#4440=EDGE_CURVE('',#3583,#3584,#376,.T.);
#4441=EDGE_CURVE('',#3584,#3585,#3178,.T.);
#4442=EDGE_CURVE('',#3585,#3586,#377,.T.);
#4443=EDGE_CURVE('',#3586,#3582,#3179,.T.);
#4444=EDGE_CURVE('',#3583,#3567,#1445,.T.);
#4445=EDGE_CURVE('',#3566,#3543,#1446,.T.);
#4446=EDGE_CURVE('',#3584,#3542,#1447,.T.);
#4447=EDGE_CURVE('',#3586,#3554,#1448,.T.);
#4448=EDGE_CURVE('',#3585,#3541,#1449,.T.);
#4449=EDGE_CURVE('',#3555,#3540,#1450,.T.);
#4450=EDGE_CURVE('',#3565,#3544,#1451,.T.);
#4451=EDGE_CURVE('',#3545,#3564,#1452,.T.);
#4452=EDGE_CURVE('',#3556,#3553,#1453,.T.);
#4453=EDGE_CURVE('',#3563,#3546,#1454,.T.);
#4454=EDGE_CURVE('',#3558,#3551,#1455,.T.);
#4455=EDGE_CURVE('',#3557,#3552,#1456,.T.);
#4456=EDGE_CURVE('',#3587,#3588,#164,.T.);
#4457=EDGE_CURVE('',#3589,#3587,#165,.T.);
#4458=EDGE_CURVE('',#3590,#3589,#166,.T.);
#4459=EDGE_CURVE('',#3591,#3590,#167,.F.);
#4460=EDGE_CURVE('',#3591,#3592,#1457,.T.);
#4461=EDGE_CURVE('',#3592,#3592,#3180,.T.);
#4462=EDGE_CURVE('',#3593,#3591,#168,.F.);
#4463=EDGE_CURVE('',#3594,#3593,#169,.T.);
#4464=EDGE_CURVE('',#3588,#3594,#170,.T.);
#4465=EDGE_CURVE('',#3595,#3595,#3181,.T.);
#4466=EDGE_CURVE('',#3595,#3596,#1458,.T.);
#4467=EDGE_CURVE('',#3596,#3596,#3182,.T.);
#4468=EDGE_CURVE('',#3597,#3598,#3183,.T.);
#4469=EDGE_CURVE('',#3598,#3597,#3184,.T.);
#4470=EDGE_CURVE('',#3598,#3595,#1459,.T.);
#4471=EDGE_CURVE('',#3597,#3599,#1460,.T.);
#4472=EDGE_CURVE('',#3599,#3599,#3185,.T.);
#4473=EDGE_CURVE('',#3600,#3600,#3186,.T.);
#4474=EDGE_CURVE('',#3600,#3601,#3187,.T.);
#4475=EDGE_CURVE('',#3601,#3601,#3188,.T.);
#4476=EDGE_CURVE('',#3602,#3603,#3189,.T.);
#4477=EDGE_CURVE('',#3603,#3602,#3190,.T.);
#4478=EDGE_CURVE('',#3603,#3600,#1461,.T.);
#4479=EDGE_CURVE('',#3602,#3604,#1462,.T.);
#4480=EDGE_CURVE('',#3604,#3604,#3191,.T.);
#4481=EDGE_CURVE('',#3605,#3606,#1463,.T.);
#4482=EDGE_CURVE('',#3606,#3607,#1464,.T.);
#4483=EDGE_CURVE('',#3607,#3608,#1465,.T.);
#4484=EDGE_CURVE('',#3608,#3609,#1466,.T.);
#4485=EDGE_CURVE('',#3609,#3610,#1467,.T.);
#4486=EDGE_CURVE('',#3610,#3605,#1468,.T.);
#4487=EDGE_CURVE('',#3605,#3589,#1469,.T.);
#4488=EDGE_CURVE('',#3606,#3587,#1470,.T.);
#4489=EDGE_CURVE('',#3610,#3590,#1471,.T.);
#4490=EDGE_CURVE('',#3609,#3593,#1472,.T.);
#4491=EDGE_CURVE('',#3608,#3594,#1473,.T.);
#4492=EDGE_CURVE('',#3607,#3588,#1474,.T.);
#4493=EDGE_CURVE('',#3611,#3612,#1475,.T.);
#4494=EDGE_CURVE('',#3613,#3611,#1476,.T.);
#4495=EDGE_CURVE('',#3614,#3613,#1477,.T.);
#4496=EDGE_CURVE('',#3615,#3614,#3192,.T.);
#4497=EDGE_CURVE('',#3616,#3615,#3193,.T.);
#4498=EDGE_CURVE('',#3617,#3616,#3194,.T.);
#4499=EDGE_CURVE('',#3618,#3617,#1478,.T.);
#4500=EDGE_CURVE('',#3619,#3618,#3195,.T.);
#4501=EDGE_CURVE('',#3620,#3619,#1479,.T.);
#4502=EDGE_CURVE('',#3621,#3620,#3196,.T.);
#4503=EDGE_CURVE('',#3622,#3621,#1480,.T.);
#4504=EDGE_CURVE('',#3623,#3622,#3197,.T.);
#4505=EDGE_CURVE('',#3624,#3623,#3198,.T.);
#4506=EDGE_CURVE('',#3625,#3624,#3199,.T.);
#4507=EDGE_CURVE('',#3626,#3625,#1481,.T.);
#4508=EDGE_CURVE('',#3627,#3626,#1482,.T.);
#4509=EDGE_CURVE('',#3628,#3627,#1483,.T.);
#4510=EDGE_CURVE('',#3629,#3628,#1484,.T.);
#4511=EDGE_CURVE('',#3630,#3629,#1485,.T.);
#4512=EDGE_CURVE('',#3631,#3630,#3200,.T.);
#4513=EDGE_CURVE('',#3632,#3631,#3201,.T.);
#4514=EDGE_CURVE('',#3633,#3632,#3202,.T.);
#4515=EDGE_CURVE('',#3634,#3633,#1486,.T.);
#4516=EDGE_CURVE('',#3635,#3634,#3203,.T.);
#4517=EDGE_CURVE('',#3636,#3635,#1487,.T.);
#4518=EDGE_CURVE('',#3637,#3636,#3204,.T.);
#4519=EDGE_CURVE('',#3638,#3637,#1488,.T.);
#4520=EDGE_CURVE('',#3639,#3638,#3205,.T.);
#4521=EDGE_CURVE('',#3640,#3639,#3206,.T.);
#4522=EDGE_CURVE('',#3641,#3640,#3207,.T.);
#4523=EDGE_CURVE('',#3642,#3641,#1489,.T.);
#4524=EDGE_CURVE('',#3612,#3642,#1490,.T.);
#4525=EDGE_CURVE('',#3643,#3644,#1491,.T.);
#4526=EDGE_CURVE('',#3644,#3645,#1492,.T.);
#4527=EDGE_CURVE('',#3645,#3646,#1493,.T.);
#4528=EDGE_CURVE('',#3646,#3647,#3208,.T.);
#4529=EDGE_CURVE('',#3647,#3648,#3209,.T.);
#4530=EDGE_CURVE('',#3648,#3649,#3210,.T.);
#4531=EDGE_CURVE('',#3649,#3650,#1494,.T.);
#4532=EDGE_CURVE('',#3650,#3651,#3211,.T.);
#4533=EDGE_CURVE('',#3651,#3652,#1495,.T.);
#4534=EDGE_CURVE('',#3652,#3653,#3212,.T.);
#4535=EDGE_CURVE('',#3653,#3654,#1496,.T.);
#4536=EDGE_CURVE('',#3654,#3655,#3213,.T.);
#4537=EDGE_CURVE('',#3655,#3656,#3214,.T.);
#4538=EDGE_CURVE('',#3656,#3657,#3215,.T.);
#4539=EDGE_CURVE('',#3657,#3658,#1497,.T.);
#4540=EDGE_CURVE('',#3658,#3659,#1498,.T.);
#4541=EDGE_CURVE('',#3659,#3660,#1499,.T.);
#4542=EDGE_CURVE('',#3660,#3661,#1500,.T.);
#4543=EDGE_CURVE('',#3661,#3662,#1501,.T.);
#4544=EDGE_CURVE('',#3662,#3663,#3216,.T.);
#4545=EDGE_CURVE('',#3663,#3664,#3217,.T.);
#4546=EDGE_CURVE('',#3664,#3665,#3218,.T.);
#4547=EDGE_CURVE('',#3665,#3666,#1502,.T.);
#4548=EDGE_CURVE('',#3666,#3667,#3219,.T.);
#4549=EDGE_CURVE('',#3667,#3668,#1503,.T.);
#4550=EDGE_CURVE('',#3668,#3669,#3220,.T.);
#4551=EDGE_CURVE('',#3669,#3670,#1504,.T.);
#4552=EDGE_CURVE('',#3670,#3671,#3221,.T.);
#4553=EDGE_CURVE('',#3671,#3672,#3222,.T.);
#4554=EDGE_CURVE('',#3672,#3673,#3223,.T.);
#4555=EDGE_CURVE('',#3673,#3674,#1505,.T.);
#4556=EDGE_CURVE('',#3674,#3643,#1506,.T.);
#4557=EDGE_CURVE('',#3675,#3675,#3224,.T.);
#4558=EDGE_CURVE('',#3675,#3676,#1507,.T.);
#4559=EDGE_CURVE('',#3676,#3676,#3225,.T.);
#4560=EDGE_CURVE('',#3677,#3677,#3226,.T.);
#4561=EDGE_CURVE('',#3677,#3678,#1508,.T.);
#4562=EDGE_CURVE('',#3678,#3678,#3227,.T.);
#4563=EDGE_CURVE('',#3679,#3679,#3228,.T.);
#4564=EDGE_CURVE('',#3679,#3680,#1509,.T.);
#4565=EDGE_CURVE('',#3680,#3680,#3229,.T.);
#4566=EDGE_CURVE('',#3681,#3681,#3230,.T.);
#4567=EDGE_CURVE('',#3681,#3682,#1510,.T.);
#4568=EDGE_CURVE('',#3682,#3682,#3231,.T.);
#4569=EDGE_CURVE('',#3683,#3683,#3232,.T.);
#4570=EDGE_CURVE('',#3683,#3684,#1511,.T.);
#4571=EDGE_CURVE('',#3684,#3684,#3233,.T.);
#4572=EDGE_CURVE('',#3685,#3685,#3234,.T.);
#4573=EDGE_CURVE('',#3685,#3686,#1512,.T.);
#4574=EDGE_CURVE('',#3686,#3686,#3235,.T.);
#4575=EDGE_CURVE('',#3687,#3687,#3236,.T.);
#4576=EDGE_CURVE('',#3687,#3688,#1513,.T.);
#4577=EDGE_CURVE('',#3688,#3688,#3237,.T.);
#4578=EDGE_CURVE('',#3689,#3689,#3238,.T.);
#4579=EDGE_CURVE('',#3689,#3690,#1514,.T.);
#4580=EDGE_CURVE('',#3690,#3690,#3239,.T.);
#4581=EDGE_CURVE('',#3691,#3691,#3240,.T.);
#4582=EDGE_CURVE('',#3691,#3692,#1515,.T.);
#4583=EDGE_CURVE('',#3692,#3692,#3241,.T.);
#4584=EDGE_CURVE('',#3693,#3693,#3242,.T.);
#4585=EDGE_CURVE('',#3693,#3694,#1516,.T.);
#4586=EDGE_CURVE('',#3694,#3694,#3243,.T.);
#4587=EDGE_CURVE('',#3695,#3695,#3244,.T.);
#4588=EDGE_CURVE('',#3695,#3696,#1517,.T.);
#4589=EDGE_CURVE('',#3696,#3696,#3245,.T.);
#4590=EDGE_CURVE('',#3697,#3697,#3246,.T.);
#4591=EDGE_CURVE('',#3697,#3698,#1518,.T.);
#4592=EDGE_CURVE('',#3698,#3698,#3247,.T.);
#4593=EDGE_CURVE('',#3646,#3641,#1519,.T.);
#4594=EDGE_CURVE('',#3645,#3642,#1520,.T.);
#4595=EDGE_CURVE('',#3647,#3640,#1521,.T.);
#4596=EDGE_CURVE('',#3648,#3639,#1522,.T.);
#4597=EDGE_CURVE('',#3649,#3638,#1523,.T.);
#4598=EDGE_CURVE('',#3650,#3637,#1524,.T.);
#4599=EDGE_CURVE('',#3651,#3636,#1525,.T.);
#4600=EDGE_CURVE('',#3652,#3635,#1526,.T.);
#4601=EDGE_CURVE('',#3653,#3634,#1527,.T.);
#4602=EDGE_CURVE('',#3654,#3633,#1528,.T.);
#4603=EDGE_CURVE('',#3655,#3632,#1529,.T.);
#4604=EDGE_CURVE('',#3656,#3631,#1530,.T.);
#4605=EDGE_CURVE('',#3657,#3630,#1531,.T.);
#4606=EDGE_CURVE('',#3658,#3629,#1532,.T.);
#4607=EDGE_CURVE('',#3662,#3625,#1533,.T.);
#4608=EDGE_CURVE('',#3661,#3626,#1534,.T.);
#4609=EDGE_CURVE('',#3663,#3624,#1535,.T.);
#4610=EDGE_CURVE('',#3664,#3623,#1536,.T.);
#4611=EDGE_CURVE('',#3665,#3622,#1537,.T.);
#4612=EDGE_CURVE('',#3666,#3621,#1538,.T.);
#4613=EDGE_CURVE('',#3667,#3620,#1539,.T.);
#4614=EDGE_CURVE('',#3668,#3619,#1540,.T.);
#4615=EDGE_CURVE('',#3669,#3618,#1541,.T.);
#4616=EDGE_CURVE('',#3670,#3617,#1542,.T.);
#4617=EDGE_CURVE('',#3671,#3616,#1543,.T.);
#4618=EDGE_CURVE('',#3672,#3615,#1544,.T.);
#4619=EDGE_CURVE('',#3673,#3614,#1545,.T.);
#4620=EDGE_CURVE('',#3674,#3613,#1546,.T.);
#4621=EDGE_CURVE('',#3643,#3611,#1547,.T.);
#4622=EDGE_CURVE('',#3644,#3612,#1548,.T.);
#4623=EDGE_CURVE('',#3699,#3699,#3248,.T.);
#4624=EDGE_CURVE('',#3700,#3700,#3249,.T.);
#4625=EDGE_CURVE('',#3701,#3701,#3250,.T.);
#4626=EDGE_CURVE('',#3702,#3702,#3251,.T.);
#4627=EDGE_CURVE('',#3703,#3703,#3252,.T.);
#4628=EDGE_CURVE('',#3704,#3704,#3253,.T.);
#4629=EDGE_CURVE('',#3705,#3705,#3254,.T.);
#4630=EDGE_CURVE('',#3706,#3706,#3255,.T.);
#4631=EDGE_CURVE('',#3707,#3707,#3256,.T.);
#4632=EDGE_CURVE('',#3708,#3708,#3257,.T.);
#4633=EDGE_CURVE('',#3709,#3709,#3258,.T.);
#4634=EDGE_CURVE('',#3659,#3628,#1549,.T.);
#4635=EDGE_CURVE('',#3660,#3627,#1550,.T.);
#4636=EDGE_CURVE('',#3699,#3710,#1551,.T.);
#4637=EDGE_CURVE('',#3710,#3710,#3259,.T.);
#4638=EDGE_CURVE('',#3700,#3711,#1552,.T.);
#4639=EDGE_CURVE('',#3711,#3711,#3260,.T.);
#4640=EDGE_CURVE('',#3701,#3712,#1553,.T.);
#4641=EDGE_CURVE('',#3712,#3712,#3261,.T.);
#4642=EDGE_CURVE('',#3702,#3713,#1554,.T.);
#4643=EDGE_CURVE('',#3713,#3713,#3262,.T.);
#4644=EDGE_CURVE('',#3703,#3714,#1555,.T.);
#4645=EDGE_CURVE('',#3714,#3714,#3263,.T.);
#4646=EDGE_CURVE('',#3704,#3715,#1556,.T.);
#4647=EDGE_CURVE('',#3715,#3715,#3264,.T.);
#4648=EDGE_CURVE('',#3705,#3716,#1557,.T.);
#4649=EDGE_CURVE('',#3716,#3716,#3265,.T.);
#4650=EDGE_CURVE('',#3706,#3717,#1558,.T.);
#4651=EDGE_CURVE('',#3717,#3717,#3266,.T.);
#4652=EDGE_CURVE('',#3707,#3718,#1559,.T.);
#4653=EDGE_CURVE('',#3718,#3718,#3267,.T.);
#4654=EDGE_CURVE('',#3708,#3719,#1560,.T.);
#4655=EDGE_CURVE('',#3719,#3719,#3268,.T.);
#4656=EDGE_CURVE('',#3720,#3720,#3269,.T.);
#4657=EDGE_CURVE('',#3720,#3709,#1561,.T.);
#4658=EDGE_CURVE('',#3721,#3721,#3270,.T.);
#4659=EDGE_CURVE('',#3722,#3722,#3271,.T.);
#4660=EDGE_CURVE('',#3721,#3722,#1562,.T.);
#4661=EDGE_CURVE('',#3723,#3724,#1563,.T.);
#4662=EDGE_CURVE('',#3724,#3724,#3272,.T.);
#4663=EDGE_CURVE('',#3725,#3726,#1564,.T.);
#4664=EDGE_CURVE('',#3726,#3726,#3273,.T.);
#4665=EDGE_CURVE('',#3727,#3727,#3274,.T.);
#4666=EDGE_CURVE('',#3727,#3724,#1565,.T.);
#4667=EDGE_CURVE('',#3728,#3728,#3275,.T.);
#4668=EDGE_CURVE('',#3728,#3726,#1566,.T.);
#4669=EDGE_CURVE('',#3729,#3729,#3276,.T.);
#4670=EDGE_CURVE('',#3730,#3730,#3277,.T.);
#4671=EDGE_CURVE('',#3731,#3732,#1567,.T.);
#4672=EDGE_CURVE('',#3732,#3732,#3278,.T.);
#4673=EDGE_CURVE('',#3733,#3733,#3279,.T.);
#4674=EDGE_CURVE('',#3733,#3729,#1568,.T.);
#4675=EDGE_CURVE('',#3734,#3734,#3280,.T.);
#4676=EDGE_CURVE('',#3734,#3730,#1569,.T.);
#4677=EDGE_CURVE('',#3735,#3735,#3281,.T.);
#4678=EDGE_CURVE('',#3735,#3732,#1570,.T.);
#4679=EDGE_CURVE('',#3736,#3736,#3282,.T.);
#4680=EDGE_CURVE('',#3736,#3733,#1571,.T.);
#4681=EDGE_CURVE('',#3737,#3737,#3283,.T.);
#4682=EDGE_CURVE('',#3737,#3734,#1572,.T.);
#4683=EDGE_CURVE('',#3738,#3738,#3284,.T.);
#4684=EDGE_CURVE('',#3736,#3739,#1573,.T.);
#4685=EDGE_CURVE('',#3739,#3739,#3285,.T.);
#4686=EDGE_CURVE('',#3737,#3740,#1574,.T.);
#4687=EDGE_CURVE('',#3740,#3740,#3286,.T.);
#4688=EDGE_CURVE('',#3741,#3741,#3287,.T.);
#4689=EDGE_CURVE('',#3741,#3738,#1575,.T.);
#4690=EDGE_CURVE('',#3742,#3743,#1576,.T.);
#4691=EDGE_CURVE('',#3743,#3744,#1577,.T.);
#4692=EDGE_CURVE('',#3745,#3744,#1578,.T.);
#4693=EDGE_CURVE('',#3742,#3745,#1579,.T.);
#4694=EDGE_CURVE('',#3744,#3746,#1580,.T.);
#4695=EDGE_CURVE('',#3747,#3746,#1581,.T.);
#4696=EDGE_CURVE('',#3745,#3747,#1582,.T.);
#4697=EDGE_CURVE('',#3746,#3748,#1583,.T.);
#4698=EDGE_CURVE('',#3749,#3748,#1584,.T.);
#4699=EDGE_CURVE('',#3747,#3749,#1585,.T.);
#4700=EDGE_CURVE('',#3750,#3751,#1586,.T.);
#4701=EDGE_CURVE('',#3752,#3751,#1587,.T.);
#4702=EDGE_CURVE('',#3753,#3752,#1588,.T.);
#4703=EDGE_CURVE('',#3753,#3750,#1589,.T.);
#4704=EDGE_CURVE('',#3751,#3754,#1590,.T.);
#4705=EDGE_CURVE('',#3755,#3754,#1591,.T.);
#4706=EDGE_CURVE('',#3752,#3755,#1592,.T.);
#4707=EDGE_CURVE('',#3754,#3756,#1593,.T.);
#4708=EDGE_CURVE('',#3757,#3756,#1594,.T.);
#4709=EDGE_CURVE('',#3755,#3757,#1595,.T.);
#4710=EDGE_CURVE('',#3756,#3758,#1596,.T.);
#4711=EDGE_CURVE('',#3759,#3758,#1597,.T.);
#4712=EDGE_CURVE('',#3757,#3759,#1598,.T.);
#4713=EDGE_CURVE('',#3758,#3760,#1599,.T.);
#4714=EDGE_CURVE('',#3761,#3760,#1600,.T.);
#4715=EDGE_CURVE('',#3759,#3761,#1601,.T.);
#4716=EDGE_CURVE('',#3760,#3762,#3288,.T.);
#4717=EDGE_CURVE('',#3763,#3762,#1602,.T.);
#4718=EDGE_CURVE('',#3761,#3763,#3289,.T.);
#4719=EDGE_CURVE('',#3762,#3764,#1603,.T.);
#4720=EDGE_CURVE('',#3765,#3764,#1604,.T.);
#4721=EDGE_CURVE('',#3763,#3765,#1605,.T.);
#4722=EDGE_CURVE('',#3764,#3766,#1606,.T.);
#4723=EDGE_CURVE('',#3767,#3766,#1607,.T.);
#4724=EDGE_CURVE('',#3765,#3767,#1608,.T.);
#4725=EDGE_CURVE('',#3768,#3769,#1609,.T.);
#4726=EDGE_CURVE('',#3767,#3769,#1610,.T.);
#4727=EDGE_CURVE('',#3766,#3768,#1611,.T.);
#4728=EDGE_CURVE('',#3770,#3768,#1612,.T.);
#4729=EDGE_CURVE('',#3771,#3770,#1613,.T.);
#4730=EDGE_CURVE('',#3769,#3771,#1614,.T.);
#4731=EDGE_CURVE('',#3772,#3770,#3290,.T.);
#4732=EDGE_CURVE('',#3773,#3772,#1615,.T.);
#4733=EDGE_CURVE('',#3771,#3773,#3291,.T.);
#4734=EDGE_CURVE('',#3774,#3772,#3292,.T.);
#4735=EDGE_CURVE('',#3775,#3774,#1616,.T.);
#4736=EDGE_CURVE('',#3773,#3775,#3293,.T.);
#4737=EDGE_CURVE('',#3776,#3774,#3294,.T.);
#4738=EDGE_CURVE('',#3777,#3776,#1617,.T.);
#4739=EDGE_CURVE('',#3775,#3777,#3295,.T.);
#4740=EDGE_CURVE('',#3778,#3776,#1618,.T.);
#4741=EDGE_CURVE('',#3779,#3778,#1619,.T.);
#4742=EDGE_CURVE('',#3777,#3779,#1620,.T.);
#4743=EDGE_CURVE('',#3780,#3778,#3296,.T.);
#4744=EDGE_CURVE('',#3781,#3780,#1621,.T.);
#4745=EDGE_CURVE('',#3779,#3781,#3297,.T.);
#4746=EDGE_CURVE('',#3782,#3780,#1622,.T.);
#4747=EDGE_CURVE('',#3783,#3782,#1623,.T.);
#4748=EDGE_CURVE('',#3781,#3783,#1624,.T.);
#4749=EDGE_CURVE('',#3784,#3782,#3298,.T.);
#4750=EDGE_CURVE('',#3785,#3784,#1625,.T.);
#4751=EDGE_CURVE('',#3783,#3785,#3299,.T.);
#4752=EDGE_CURVE('',#3786,#3784,#1626,.T.);
#4753=EDGE_CURVE('',#3787,#3786,#1627,.T.);
#4754=EDGE_CURVE('',#3785,#3787,#1628,.T.);
#4755=EDGE_CURVE('',#3788,#3786,#3300,.T.);
#4756=EDGE_CURVE('',#3789,#3788,#1629,.T.);
#4757=EDGE_CURVE('',#3787,#3789,#3301,.T.);
#4758=EDGE_CURVE('',#3790,#3788,#3302,.T.);
#4759=EDGE_CURVE('',#3791,#3790,#1630,.T.);
#4760=EDGE_CURVE('',#3789,#3791,#3303,.T.);
#4761=EDGE_CURVE('',#3792,#3790,#3304,.T.);
#4762=EDGE_CURVE('',#3793,#3792,#1631,.T.);
#4763=EDGE_CURVE('',#3791,#3793,#3305,.T.);
#4764=EDGE_CURVE('',#3794,#3792,#1632,.T.);
#4765=EDGE_CURVE('',#3795,#3794,#1633,.T.);
#4766=EDGE_CURVE('',#3793,#3795,#1634,.T.);
#4767=EDGE_CURVE('',#3796,#3794,#1635,.T.);
#4768=EDGE_CURVE('',#3797,#3796,#1636,.T.);
#4769=EDGE_CURVE('',#3795,#3797,#1637,.T.);
#4770=EDGE_CURVE('',#3798,#3796,#1638,.T.);
#4771=EDGE_CURVE('',#3799,#3798,#1639,.T.);
#4772=EDGE_CURVE('',#3797,#3799,#1640,.T.);
#4773=EDGE_CURVE('',#3800,#3798,#1641,.T.);
#4774=EDGE_CURVE('',#3801,#3800,#1642,.T.);
#4775=EDGE_CURVE('',#3799,#3801,#1643,.T.);
#4776=EDGE_CURVE('',#3802,#3800,#1644,.T.);
#4777=EDGE_CURVE('',#3803,#3802,#1645,.T.);
#4778=EDGE_CURVE('',#3801,#3803,#1646,.T.);
#4779=EDGE_CURVE('',#3804,#3802,#3306,.T.);
#4780=EDGE_CURVE('',#3805,#3804,#1647,.T.);
#4781=EDGE_CURVE('',#3803,#3805,#3307,.T.);
#4782=EDGE_CURVE('',#3806,#3804,#3308,.T.);
#4783=EDGE_CURVE('',#3807,#3806,#1648,.T.);
#4784=EDGE_CURVE('',#3805,#3807,#3309,.T.);
#4785=EDGE_CURVE('',#3808,#3806,#3310,.T.);
#4786=EDGE_CURVE('',#3809,#3808,#1649,.T.);
#4787=EDGE_CURVE('',#3807,#3809,#3311,.T.);
#4788=EDGE_CURVE('',#3810,#3808,#1650,.T.);
#4789=EDGE_CURVE('',#3811,#3810,#1651,.T.);
#4790=EDGE_CURVE('',#3809,#3811,#1652,.T.);
#4791=EDGE_CURVE('',#3812,#3810,#3312,.T.);
#4792=EDGE_CURVE('',#3813,#3812,#1653,.T.);
#4793=EDGE_CURVE('',#3811,#3813,#3313,.T.);
#4794=EDGE_CURVE('',#3814,#3812,#1654,.T.);
#4795=EDGE_CURVE('',#3815,#3814,#1655,.T.);
#4796=EDGE_CURVE('',#3813,#3815,#1656,.T.);
#4797=EDGE_CURVE('',#3816,#3814,#3314,.T.);
#4798=EDGE_CURVE('',#3817,#3816,#1657,.T.);
#4799=EDGE_CURVE('',#3815,#3817,#3315,.T.);
#4800=EDGE_CURVE('',#3818,#3816,#1658,.T.);
#4801=EDGE_CURVE('',#3819,#3818,#1659,.T.);
#4802=EDGE_CURVE('',#3817,#3819,#1660,.T.);
#4803=EDGE_CURVE('',#3820,#3818,#3316,.T.);
#4804=EDGE_CURVE('',#3821,#3820,#1661,.T.);
#4805=EDGE_CURVE('',#3819,#3821,#3317,.T.);
#4806=EDGE_CURVE('',#3822,#3820,#3318,.T.);
#4807=EDGE_CURVE('',#3823,#3822,#1662,.T.);
#4808=EDGE_CURVE('',#3821,#3823,#3319,.T.);
#4809=EDGE_CURVE('',#3824,#3822,#3320,.T.);
#4810=EDGE_CURVE('',#3825,#3824,#1663,.T.);
#4811=EDGE_CURVE('',#3823,#3825,#3321,.T.);
#4812=EDGE_CURVE('',#3825,#3742,#1664,.T.);
#4813=EDGE_CURVE('',#3743,#3824,#1665,.T.);
#4814=EDGE_CURVE('',#3826,#3826,#3322,.T.);
#4815=EDGE_CURVE('',#3826,#3741,#1666,.T.);
#4816=EDGE_CURVE('',#3748,#3827,#1667,.T.);
#4817=EDGE_CURVE('',#3828,#3827,#1668,.T.);
#4818=EDGE_CURVE('',#3749,#3828,#1669,.T.);
#4819=EDGE_CURVE('',#3828,#3829,#1670,.T.);
#4820=EDGE_CURVE('',#3829,#3753,#1671,.T.);
#4821=EDGE_CURVE('',#3830,#3750,#1672,.T.);
#4822=EDGE_CURVE('',#3829,#3830,#1673,.T.);
#4823=EDGE_CURVE('',#3827,#3830,#1674,.T.);
#4824=EDGE_CURVE('',#3826,#3831,#1675,.T.);
#4825=EDGE_CURVE('',#3831,#3831,#3323,.T.);
#4826=EDGE_CURVE('',#3832,#3832,#3324,.T.);
#4827=EDGE_CURVE('',#3833,#3833,#3325,.T.);
#4828=EDGE_CURVE('',#3833,#3832,#1676,.T.);
#4829=EDGE_CURVE('',#3833,#3834,#1677,.T.);
#4830=EDGE_CURVE('',#3834,#3834,#3326,.T.);
#4831=EDGE_CURVE('',#3834,#3835,#1678,.T.);
#4832=EDGE_CURVE('',#3835,#3835,#3327,.T.);
#4833=EDGE_CURVE('',#3836,#3836,#3328,.T.);
#4834=EDGE_CURVE('',#3836,#3837,#1679,.T.);
#4835=EDGE_CURVE('',#3837,#3837,#3329,.T.);
#4836=EDGE_CURVE('',#3838,#3837,#1680,.T.);
#4837=EDGE_CURVE('',#3839,#3840,#1681,.T.);
#4838=EDGE_CURVE('',#3840,#3841,#1682,.T.);
#4839=EDGE_CURVE('',#3842,#3841,#1683,.T.);
#4840=EDGE_CURVE('',#3843,#3842,#1684,.T.);
#4841=EDGE_CURVE('',#3843,#3844,#1685,.T.);
#4842=EDGE_CURVE('',#3844,#3845,#1686,.T.);
#4843=EDGE_CURVE('',#3846,#3845,#1687,.T.);
#4844=EDGE_CURVE('',#3846,#3847,#1688,.T.);
#4845=EDGE_CURVE('',#3847,#3848,#1689,.T.);
#4846=EDGE_CURVE('',#3848,#3849,#1690,.T.);
#4847=EDGE_CURVE('',#3849,#3850,#1691,.T.);
#4848=EDGE_CURVE('',#3839,#3850,#1692,.T.);
#4849=EDGE_CURVE('',#3851,#3848,#1693,.T.);
#4850=EDGE_CURVE('',#3847,#3852,#1694,.T.);
#4851=EDGE_CURVE('',#3851,#3852,#3330,.T.);
#4852=EDGE_CURVE('',#3853,#3851,#3331,.T.);
#4853=EDGE_CURVE('',#3853,#3849,#1695,.T.);
#4854=EDGE_CURVE('',#3854,#3853,#3332,.T.);
#4855=EDGE_CURVE('',#3850,#3854,#1696,.T.);
#4856=EDGE_CURVE('',#3855,#3854,#3333,.T.);
#4857=EDGE_CURVE('',#3839,#3855,#1697,.T.);
#4858=EDGE_CURVE('',#3856,#3855,#3334,.T.);
#4859=EDGE_CURVE('',#3856,#3840,#1698,.T.);
#4860=EDGE_CURVE('',#3857,#3856,#3335,.T.);
#4861=EDGE_CURVE('',#3841,#3857,#1699,.T.);
#4862=EDGE_CURVE('',#3858,#3842,#1700,.T.);
#4863=EDGE_CURVE('',#3858,#3857,#3336,.T.);
#4864=EDGE_CURVE('',#3859,#3858,#3337,.T.);
#4865=EDGE_CURVE('',#3859,#3843,#1701,.T.);
#4866=EDGE_CURVE('',#3860,#3859,#3338,.T.);
#4867=EDGE_CURVE('',#3844,#3860,#1702,.T.);
#4868=EDGE_CURVE('',#3861,#3860,#3339,.T.);
#4869=EDGE_CURVE('',#3845,#3861,#1703,.T.);
#4870=EDGE_CURVE('',#3862,#3861,#3340,.T.);
#4871=EDGE_CURVE('',#3862,#3846,#1704,.T.);
#4872=EDGE_CURVE('',#3852,#3862,#3341,.T.);
#4873=EDGE_CURVE('',#3863,#3863,#3342,.T.);
#4874=EDGE_CURVE('',#3864,#3864,#3343,.T.);
#4875=EDGE_CURVE('',#3864,#3863,#1705,.T.);
#4876=EDGE_CURVE('',#3865,#3866,#1706,.T.);
#4877=EDGE_CURVE('',#3866,#3867,#1707,.T.);
#4878=EDGE_CURVE('',#3868,#3867,#1708,.T.);
#4879=EDGE_CURVE('',#3869,#3868,#1709,.T.);
#4880=EDGE_CURVE('',#3869,#3870,#1710,.T.);
#4881=EDGE_CURVE('',#3870,#3871,#1711,.T.);
#4882=EDGE_CURVE('',#3872,#3871,#1712,.T.);
#4883=EDGE_CURVE('',#3872,#3873,#1713,.T.);
#4884=EDGE_CURVE('',#3873,#3874,#1714,.T.);
#4885=EDGE_CURVE('',#3874,#3875,#1715,.T.);
#4886=EDGE_CURVE('',#3875,#3876,#1716,.T.);
#4887=EDGE_CURVE('',#3865,#3876,#1717,.T.);
#4888=EDGE_CURVE('',#3877,#3874,#1718,.T.);
#4889=EDGE_CURVE('',#3873,#3878,#1719,.T.);
#4890=EDGE_CURVE('',#3877,#3878,#3344,.T.);
#4891=EDGE_CURVE('',#3879,#3877,#3345,.T.);
#4892=EDGE_CURVE('',#3879,#3875,#1720,.T.);
#4893=EDGE_CURVE('',#3880,#3879,#3346,.T.);
#4894=EDGE_CURVE('',#3876,#3880,#1721,.T.);
#4895=EDGE_CURVE('',#3881,#3880,#3347,.T.);
#4896=EDGE_CURVE('',#3865,#3881,#1722,.T.);
#4897=EDGE_CURVE('',#3882,#3881,#3348,.T.);
#4898=EDGE_CURVE('',#3882,#3866,#1723,.T.);
#4899=EDGE_CURVE('',#3883,#3882,#3349,.T.);
#4900=EDGE_CURVE('',#3867,#3883,#1724,.T.);
#4901=EDGE_CURVE('',#3884,#3868,#1725,.T.);
#4902=EDGE_CURVE('',#3884,#3883,#3350,.T.);
#4903=EDGE_CURVE('',#3885,#3884,#3351,.T.);
#4904=EDGE_CURVE('',#3885,#3869,#1726,.T.);
#4905=EDGE_CURVE('',#3886,#3885,#3352,.T.);
#4906=EDGE_CURVE('',#3870,#3886,#1727,.T.);
#4907=EDGE_CURVE('',#3887,#3886,#3353,.T.);
#4908=EDGE_CURVE('',#3871,#3887,#1728,.T.);
#4909=EDGE_CURVE('',#3888,#3887,#3354,.T.);
#4910=EDGE_CURVE('',#3888,#3872,#1729,.T.);
#4911=EDGE_CURVE('',#3878,#3888,#3355,.T.);
#4912=EDGE_CURVE('',#3889,#3889,#3356,.T.);
#4913=EDGE_CURVE('',#3890,#3890,#3357,.T.);
#4914=EDGE_CURVE('',#3890,#3889,#1730,.T.);
#4915=EDGE_CURVE('',#3891,#3892,#1731,.T.);
#4916=EDGE_CURVE('',#3892,#3893,#1732,.T.);
#4917=EDGE_CURVE('',#3894,#3893,#1733,.T.);
#4918=EDGE_CURVE('',#3895,#3894,#1734,.T.);
#4919=EDGE_CURVE('',#3895,#3896,#1735,.T.);
#4920=EDGE_CURVE('',#3896,#3897,#1736,.T.);
#4921=EDGE_CURVE('',#3898,#3897,#1737,.T.);
#4922=EDGE_CURVE('',#3898,#3899,#1738,.T.);
#4923=EDGE_CURVE('',#3899,#3900,#1739,.T.);
#4924=EDGE_CURVE('',#3900,#3901,#1740,.T.);
#4925=EDGE_CURVE('',#3901,#3902,#1741,.T.);
#4926=EDGE_CURVE('',#3891,#3902,#1742,.T.);
#4927=EDGE_CURVE('',#3903,#3900,#1743,.T.);
#4928=EDGE_CURVE('',#3899,#3904,#1744,.T.);
#4929=EDGE_CURVE('',#3903,#3904,#3358,.T.);
#4930=EDGE_CURVE('',#3905,#3903,#3359,.T.);
#4931=EDGE_CURVE('',#3905,#3901,#1745,.T.);
#4932=EDGE_CURVE('',#3906,#3905,#3360,.T.);
#4933=EDGE_CURVE('',#3902,#3906,#1746,.T.);
#4934=EDGE_CURVE('',#3907,#3906,#3361,.T.);
#4935=EDGE_CURVE('',#3891,#3907,#1747,.T.);
#4936=EDGE_CURVE('',#3908,#3907,#3362,.T.);
#4937=EDGE_CURVE('',#3908,#3892,#1748,.T.);
#4938=EDGE_CURVE('',#3909,#3908,#3363,.T.);
#4939=EDGE_CURVE('',#3893,#3909,#1749,.T.);
#4940=EDGE_CURVE('',#3910,#3894,#1750,.T.);
#4941=EDGE_CURVE('',#3910,#3909,#3364,.T.);
#4942=EDGE_CURVE('',#3911,#3910,#3365,.T.);
#4943=EDGE_CURVE('',#3911,#3895,#1751,.T.);
#4944=EDGE_CURVE('',#3912,#3911,#3366,.T.);
#4945=EDGE_CURVE('',#3896,#3912,#1752,.T.);
#4946=EDGE_CURVE('',#3913,#3912,#3367,.T.);
#4947=EDGE_CURVE('',#3897,#3913,#1753,.T.);
#4948=EDGE_CURVE('',#3914,#3913,#3368,.T.);
#4949=EDGE_CURVE('',#3914,#3898,#1754,.T.);
#4950=EDGE_CURVE('',#3904,#3914,#3369,.T.);
#4951=EDGE_CURVE('',#3915,#3915,#3370,.T.);
#4952=EDGE_CURVE('',#3916,#3916,#3371,.T.);
#4953=EDGE_CURVE('',#3916,#3915,#1755,.T.);
#4954=EDGE_CURVE('',#3917,#3918,#1756,.T.);
#4955=EDGE_CURVE('',#3918,#3919,#3372,.T.);
#4956=EDGE_CURVE('',#3919,#3920,#3373,.T.);
#4957=EDGE_CURVE('',#3920,#3921,#3374,.T.);
#4958=EDGE_CURVE('',#3921,#3922,#1757,.T.);
#4959=EDGE_CURVE('',#3922,#3923,#3375,.T.);
#4960=EDGE_CURVE('',#3923,#3924,#1758,.T.);
#4961=EDGE_CURVE('',#3924,#3925,#3376,.T.);
#4962=EDGE_CURVE('',#3925,#3926,#1759,.T.);
#4963=EDGE_CURVE('',#3926,#3927,#3377,.T.);
#4964=EDGE_CURVE('',#3927,#3928,#3378,.T.);
#4965=EDGE_CURVE('',#3928,#3929,#3379,.T.);
#4966=EDGE_CURVE('',#3929,#3930,#1760,.T.);
#4967=EDGE_CURVE('',#3930,#3931,#1761,.T.);
#4968=EDGE_CURVE('',#3931,#3932,#1762,.T.);
#4969=EDGE_CURVE('',#3932,#3933,#1763,.T.);
#4970=EDGE_CURVE('',#3933,#3934,#1764,.T.);
#4971=EDGE_CURVE('',#3934,#3935,#3380,.T.);
#4972=EDGE_CURVE('',#3935,#3936,#3381,.T.);
#4973=EDGE_CURVE('',#3936,#3937,#3382,.T.);
#4974=EDGE_CURVE('',#3937,#3938,#1765,.T.);
#4975=EDGE_CURVE('',#3938,#3939,#3383,.T.);
#4976=EDGE_CURVE('',#3939,#3940,#1766,.T.);
#4977=EDGE_CURVE('',#3940,#3941,#3384,.T.);
#4978=EDGE_CURVE('',#3941,#3942,#1767,.T.);
#4979=EDGE_CURVE('',#3942,#3943,#3385,.T.);
#4980=EDGE_CURVE('',#3943,#3944,#3386,.T.);
#4981=EDGE_CURVE('',#3944,#3945,#3387,.T.);
#4982=EDGE_CURVE('',#3945,#3946,#1768,.T.);
#4983=EDGE_CURVE('',#3947,#3946,#1769,.T.);
#4984=EDGE_CURVE('',#3948,#3947,#1770,.T.);
#4985=EDGE_CURVE('',#3949,#3948,#1771,.T.);
#4986=EDGE_CURVE('',#3950,#3949,#1772,.T.);
#4987=EDGE_CURVE('',#3951,#3950,#1773,.T.);
#4988=EDGE_CURVE('',#3952,#3951,#1774,.T.);
#4989=EDGE_CURVE('',#3953,#3952,#1775,.T.);
#4990=EDGE_CURVE('',#3954,#3953,#1776,.T.);
#4991=EDGE_CURVE('',#3917,#3954,#1777,.T.);
#4992=EDGE_CURVE('',#3955,#3955,#3388,.T.);
#4993=EDGE_CURVE('',#3956,#3918,#1778,.T.);
#4994=EDGE_CURVE('',#3957,#3956,#3389,.T.);
#4995=EDGE_CURVE('',#3957,#3919,#1779,.T.);
#4996=EDGE_CURVE('',#3958,#3957,#3390,.T.);
#4997=EDGE_CURVE('',#3958,#3920,#1780,.T.);
#4998=EDGE_CURVE('',#3959,#3958,#3391,.T.);
#4999=EDGE_CURVE('',#3959,#3921,#1781,.T.);
#5000=EDGE_CURVE('',#3960,#3959,#1782,.T.);
#5001=EDGE_CURVE('',#3960,#3922,#1783,.T.);
#5002=EDGE_CURVE('',#3961,#3960,#3392,.T.);
#5003=EDGE_CURVE('',#3961,#3923,#1784,.T.);
#5004=EDGE_CURVE('',#3962,#3961,#1785,.T.);
#5005=EDGE_CURVE('',#3962,#3924,#1786,.T.);
#5006=EDGE_CURVE('',#3963,#3962,#3393,.T.);
#5007=EDGE_CURVE('',#3963,#3925,#1787,.T.);
#5008=EDGE_CURVE('',#3964,#3963,#1788,.T.);
#5009=EDGE_CURVE('',#3964,#3926,#1789,.T.);
#5010=EDGE_CURVE('',#3965,#3964,#3394,.T.);
#5011=EDGE_CURVE('',#3965,#3927,#1790,.T.);
#5012=EDGE_CURVE('',#3966,#3965,#3395,.T.);
#5013=EDGE_CURVE('',#3966,#3928,#1791,.T.);
#5014=EDGE_CURVE('',#3967,#3966,#3396,.T.);
#5015=EDGE_CURVE('',#3967,#3929,#1792,.T.);
#5016=EDGE_CURVE('',#3968,#3967,#1793,.T.);
#5017=EDGE_CURVE('',#3968,#3930,#1794,.T.);
#5018=EDGE_CURVE('',#3969,#3968,#1795,.T.);
#5019=EDGE_CURVE('',#3969,#3931,#1796,.T.);
#5020=EDGE_CURVE('',#3970,#3969,#1797,.T.);
#5021=EDGE_CURVE('',#3970,#3932,#1798,.T.);
#5022=EDGE_CURVE('',#3971,#3970,#1799,.T.);
#5023=EDGE_CURVE('',#3971,#3933,#1800,.T.);
#5024=EDGE_CURVE('',#3972,#3971,#1801,.T.);
#5025=EDGE_CURVE('',#3972,#3934,#1802,.T.);
#5026=EDGE_CURVE('',#3973,#3972,#3397,.T.);
#5027=EDGE_CURVE('',#3973,#3935,#1803,.T.);
#5028=EDGE_CURVE('',#3974,#3973,#3398,.T.);
#5029=EDGE_CURVE('',#3974,#3936,#1804,.T.);
#5030=EDGE_CURVE('',#3975,#3974,#3399,.T.);
#5031=EDGE_CURVE('',#3975,#3937,#1805,.T.);
#5032=EDGE_CURVE('',#3976,#3975,#1806,.T.);
#5033=EDGE_CURVE('',#3976,#3938,#1807,.T.);
#5034=EDGE_CURVE('',#3977,#3976,#3400,.T.);
#5035=EDGE_CURVE('',#3977,#3939,#1808,.T.);
#5036=EDGE_CURVE('',#3978,#3977,#1809,.T.);
#5037=EDGE_CURVE('',#3978,#3940,#1810,.T.);
#5038=EDGE_CURVE('',#3979,#3978,#3401,.T.);
#5039=EDGE_CURVE('',#3979,#3941,#1811,.T.);
#5040=EDGE_CURVE('',#3980,#3979,#1812,.T.);
#5041=EDGE_CURVE('',#3980,#3942,#1813,.T.);
#5042=EDGE_CURVE('',#3981,#3980,#3402,.T.);
#5043=EDGE_CURVE('',#3981,#3943,#1814,.T.);
#5044=EDGE_CURVE('',#3982,#3981,#3403,.T.);
#5045=EDGE_CURVE('',#3982,#3944,#1815,.T.);
#5046=EDGE_CURVE('',#3983,#3982,#3404,.T.);
#5047=EDGE_CURVE('',#3983,#3945,#1816,.T.);
#5048=EDGE_CURVE('',#3946,#3984,#1817,.T.);
#5049=EDGE_CURVE('',#3984,#3983,#1818,.T.);
#5050=EDGE_CURVE('',#3985,#3984,#1819,.T.);
#5051=EDGE_CURVE('',#3985,#3947,#1820,.T.);
#5052=EDGE_CURVE('',#3986,#3985,#1821,.T.);
#5053=EDGE_CURVE('',#3986,#3948,#1822,.T.);
#5054=EDGE_CURVE('',#3987,#3986,#1823,.T.);
#5055=EDGE_CURVE('',#3987,#3949,#1824,.T.);
#5056=EDGE_CURVE('',#3988,#3987,#1825,.T.);
#5057=EDGE_CURVE('',#3988,#3950,#1826,.T.);
#5058=EDGE_CURVE('',#3989,#3988,#1827,.T.);
#5059=EDGE_CURVE('',#3989,#3951,#1828,.T.);
#5060=EDGE_CURVE('',#3990,#3989,#1829,.T.);
#5061=EDGE_CURVE('',#3990,#3952,#1830,.T.);
#5062=EDGE_CURVE('',#3991,#3990,#1831,.T.);
#5063=EDGE_CURVE('',#3991,#3953,#1832,.T.);
#5064=EDGE_CURVE('',#3992,#3991,#1833,.T.);
#5065=EDGE_CURVE('',#3992,#3954,#1834,.T.);
#5066=EDGE_CURVE('',#3993,#3917,#1835,.T.);
#5067=EDGE_CURVE('',#3993,#3992,#1836,.T.);
#5068=EDGE_CURVE('',#3956,#3993,#1837,.T.);
#5069=EDGE_CURVE('',#3994,#3994,#3405,.T.);
#5070=EDGE_CURVE('',#3994,#3955,#1838,.T.);
#5071=EDGE_CURVE('',#3995,#3995,#3406,.T.);
#5072=EDGE_CURVE('',#3996,#3996,#3407,.T.);
#5073=EDGE_CURVE('',#3995,#3996,#1839,.T.);
#5074=EDGE_CURVE('',#3997,#3998,#1840,.T.);
#5075=EDGE_CURVE('',#3998,#3999,#1841,.T.);
#5076=EDGE_CURVE('',#4000,#3999,#1842,.T.);
#5077=EDGE_CURVE('',#4001,#4000,#1843,.T.);
#5078=EDGE_CURVE('',#4001,#4002,#1844,.T.);
#5079=EDGE_CURVE('',#4002,#4003,#1845,.T.);
#5080=EDGE_CURVE('',#4004,#4003,#1846,.T.);
#5081=EDGE_CURVE('',#4004,#4005,#1847,.T.);
#5082=EDGE_CURVE('',#4005,#4006,#1848,.T.);
#5083=EDGE_CURVE('',#4006,#4007,#1849,.T.);
#5084=EDGE_CURVE('',#4007,#4008,#1850,.T.);
#5085=EDGE_CURVE('',#3997,#4008,#1851,.T.);
#5086=EDGE_CURVE('',#4009,#4006,#1852,.T.);
#5087=EDGE_CURVE('',#4005,#4010,#1853,.T.);
#5088=EDGE_CURVE('',#4009,#4010,#3408,.T.);
#5089=EDGE_CURVE('',#4011,#4009,#3409,.T.);
#5090=EDGE_CURVE('',#4011,#4007,#1854,.T.);
#5091=EDGE_CURVE('',#4012,#4011,#3410,.T.);
#5092=EDGE_CURVE('',#4008,#4012,#1855,.T.);
#5093=EDGE_CURVE('',#4013,#4012,#3411,.T.);
#5094=EDGE_CURVE('',#3997,#4013,#1856,.T.);
#5095=EDGE_CURVE('',#4014,#4013,#3412,.T.);
#5096=EDGE_CURVE('',#4014,#3998,#1857,.T.);
#5097=EDGE_CURVE('',#4015,#4014,#3413,.T.);
#5098=EDGE_CURVE('',#3999,#4015,#1858,.T.);
#5099=EDGE_CURVE('',#4016,#4000,#1859,.T.);
#5100=EDGE_CURVE('',#4016,#4015,#3414,.T.);
#5101=EDGE_CURVE('',#4017,#4016,#3415,.T.);
#5102=EDGE_CURVE('',#4017,#4001,#1860,.T.);
#5103=EDGE_CURVE('',#4018,#4017,#3416,.T.);
#5104=EDGE_CURVE('',#4002,#4018,#1861,.T.);
#5105=EDGE_CURVE('',#4019,#4018,#3417,.T.);
#5106=EDGE_CURVE('',#4003,#4019,#1862,.T.);
#5107=EDGE_CURVE('',#4020,#4019,#3418,.T.);
#5108=EDGE_CURVE('',#4020,#4004,#1863,.T.);
#5109=EDGE_CURVE('',#4010,#4020,#3419,.T.);
#5110=EDGE_CURVE('',#4021,#4021,#3420,.T.);
#5111=EDGE_CURVE('',#4022,#4022,#3421,.T.);
#5112=EDGE_CURVE('',#4022,#4021,#1864,.T.);
#5113=EDGE_CURVE('',#4023,#4024,#1865,.T.);
#5114=EDGE_CURVE('',#4024,#4025,#3422,.T.);
#5115=EDGE_CURVE('',#4025,#4026,#3423,.T.);
#5116=EDGE_CURVE('',#4026,#4027,#3424,.T.);
#5117=EDGE_CURVE('',#4027,#4028,#1866,.T.);
#5118=EDGE_CURVE('',#4028,#4029,#3425,.T.);
#5119=EDGE_CURVE('',#4029,#4030,#1867,.T.);
#5120=EDGE_CURVE('',#4030,#4031,#3426,.T.);
#5121=EDGE_CURVE('',#4031,#4032,#1868,.T.);
#5122=EDGE_CURVE('',#4032,#4033,#3427,.T.);
#5123=EDGE_CURVE('',#4033,#4034,#3428,.T.);
#5124=EDGE_CURVE('',#4034,#4035,#3429,.T.);
#5125=EDGE_CURVE('',#4035,#4036,#1869,.T.);
#5126=EDGE_CURVE('',#4036,#4037,#1870,.T.);
#5127=EDGE_CURVE('',#4037,#4038,#1871,.T.);
#5128=EDGE_CURVE('',#4038,#4039,#1872,.T.);
#5129=EDGE_CURVE('',#4039,#4040,#1873,.T.);
#5130=EDGE_CURVE('',#4040,#4041,#3430,.T.);
#5131=EDGE_CURVE('',#4041,#4042,#3431,.T.);
#5132=EDGE_CURVE('',#4042,#4043,#3432,.T.);
#5133=EDGE_CURVE('',#4043,#4044,#1874,.T.);
#5134=EDGE_CURVE('',#4044,#4045,#3433,.T.);
#5135=EDGE_CURVE('',#4045,#4046,#1875,.T.);
#5136=EDGE_CURVE('',#4046,#4047,#3434,.T.);
#5137=EDGE_CURVE('',#4047,#4048,#1876,.T.);
#5138=EDGE_CURVE('',#4048,#4049,#3435,.T.);
#5139=EDGE_CURVE('',#4049,#4050,#3436,.T.);
#5140=EDGE_CURVE('',#4050,#4051,#3437,.T.);
#5141=EDGE_CURVE('',#4051,#4052,#1877,.T.);
#5142=EDGE_CURVE('',#4053,#4052,#1878,.T.);
#5143=EDGE_CURVE('',#4054,#4053,#1879,.T.);
#5144=EDGE_CURVE('',#4055,#4054,#1880,.T.);
#5145=EDGE_CURVE('',#4056,#4055,#1881,.T.);
#5146=EDGE_CURVE('',#4057,#4056,#1882,.T.);
#5147=EDGE_CURVE('',#4058,#4057,#1883,.T.);
#5148=EDGE_CURVE('',#4059,#4058,#1884,.T.);
#5149=EDGE_CURVE('',#4060,#4059,#1885,.T.);
#5150=EDGE_CURVE('',#4023,#4060,#1886,.T.);
#5151=EDGE_CURVE('',#4061,#4061,#3438,.T.);
#5152=EDGE_CURVE('',#4062,#4024,#1887,.T.);
#5153=EDGE_CURVE('',#4063,#4062,#3439,.T.);
#5154=EDGE_CURVE('',#4063,#4025,#1888,.T.);
#5155=EDGE_CURVE('',#4064,#4063,#3440,.T.);
#5156=EDGE_CURVE('',#4064,#4026,#1889,.T.);
#5157=EDGE_CURVE('',#4065,#4064,#3441,.T.);
#5158=EDGE_CURVE('',#4065,#4027,#1890,.T.);
#5159=EDGE_CURVE('',#4066,#4065,#1891,.T.);
#5160=EDGE_CURVE('',#4066,#4028,#1892,.T.);
#5161=EDGE_CURVE('',#4067,#4066,#3442,.T.);
#5162=EDGE_CURVE('',#4067,#4029,#1893,.T.);
#5163=EDGE_CURVE('',#4068,#4067,#1894,.T.);
#5164=EDGE_CURVE('',#4068,#4030,#1895,.T.);
#5165=EDGE_CURVE('',#4069,#4068,#3443,.T.);
#5166=EDGE_CURVE('',#4069,#4031,#1896,.T.);
#5167=EDGE_CURVE('',#4070,#4069,#1897,.T.);
#5168=EDGE_CURVE('',#4070,#4032,#1898,.T.);
#5169=EDGE_CURVE('',#4071,#4070,#3444,.T.);
#5170=EDGE_CURVE('',#4071,#4033,#1899,.T.);
#5171=EDGE_CURVE('',#4072,#4071,#3445,.T.);
#5172=EDGE_CURVE('',#4072,#4034,#1900,.T.);
#5173=EDGE_CURVE('',#4073,#4072,#3446,.T.);
#5174=EDGE_CURVE('',#4073,#4035,#1901,.T.);
#5175=EDGE_CURVE('',#4074,#4073,#1902,.T.);
#5176=EDGE_CURVE('',#4074,#4036,#1903,.T.);
#5177=EDGE_CURVE('',#4075,#4074,#1904,.T.);
#5178=EDGE_CURVE('',#4075,#4037,#1905,.T.);
#5179=EDGE_CURVE('',#4076,#4075,#1906,.T.);
#5180=EDGE_CURVE('',#4076,#4038,#1907,.T.);
#5181=EDGE_CURVE('',#4077,#4076,#1908,.T.);
#5182=EDGE_CURVE('',#4077,#4039,#1909,.T.);
#5183=EDGE_CURVE('',#4078,#4077,#1910,.T.);
#5184=EDGE_CURVE('',#4078,#4040,#1911,.T.);
#5185=EDGE_CURVE('',#4079,#4078,#3447,.T.);
#5186=EDGE_CURVE('',#4079,#4041,#1912,.T.);
#5187=EDGE_CURVE('',#4080,#4079,#3448,.T.);
#5188=EDGE_CURVE('',#4080,#4042,#1913,.T.);
#5189=EDGE_CURVE('',#4081,#4080,#3449,.T.);
#5190=EDGE_CURVE('',#4081,#4043,#1914,.T.);
#5191=EDGE_CURVE('',#4082,#4081,#1915,.T.);
#5192=EDGE_CURVE('',#4082,#4044,#1916,.T.);
#5193=EDGE_CURVE('',#4083,#4082,#3450,.T.);
#5194=EDGE_CURVE('',#4083,#4045,#1917,.T.);
#5195=EDGE_CURVE('',#4084,#4083,#1918,.T.);
#5196=EDGE_CURVE('',#4084,#4046,#1919,.T.);
#5197=EDGE_CURVE('',#4085,#4084,#3451,.T.);
#5198=EDGE_CURVE('',#4085,#4047,#1920,.T.);
#5199=EDGE_CURVE('',#4086,#4085,#1921,.T.);
#5200=EDGE_CURVE('',#4086,#4048,#1922,.T.);
#5201=EDGE_CURVE('',#4087,#4086,#3452,.T.);
#5202=EDGE_CURVE('',#4087,#4049,#1923,.T.);
#5203=EDGE_CURVE('',#4088,#4087,#3453,.T.);
#5204=EDGE_CURVE('',#4088,#4050,#1924,.T.);
#5205=EDGE_CURVE('',#4089,#4088,#3454,.T.);
#5206=EDGE_CURVE('',#4089,#4051,#1925,.T.);
#5207=EDGE_CURVE('',#4052,#4090,#1926,.T.);
#5208=EDGE_CURVE('',#4090,#4089,#1927,.T.);
#5209=EDGE_CURVE('',#4091,#4090,#1928,.T.);
#5210=EDGE_CURVE('',#4091,#4053,#1929,.T.);
#5211=EDGE_CURVE('',#4092,#4091,#1930,.T.);
#5212=EDGE_CURVE('',#4092,#4054,#1931,.T.);
#5213=EDGE_CURVE('',#4093,#4092,#1932,.T.);
#5214=EDGE_CURVE('',#4093,#4055,#1933,.T.);
#5215=EDGE_CURVE('',#4094,#4093,#1934,.T.);
#5216=EDGE_CURVE('',#4094,#4056,#1935,.T.);
#5217=EDGE_CURVE('',#4095,#4094,#1936,.T.);
#5218=EDGE_CURVE('',#4095,#4057,#1937,.T.);
#5219=EDGE_CURVE('',#4096,#4095,#1938,.T.);
#5220=EDGE_CURVE('',#4096,#4058,#1939,.T.);
#5221=EDGE_CURVE('',#4097,#4096,#1940,.T.);
#5222=EDGE_CURVE('',#4097,#4059,#1941,.T.);
#5223=EDGE_CURVE('',#4098,#4097,#1942,.T.);
#5224=EDGE_CURVE('',#4098,#4060,#1943,.T.);
#5225=EDGE_CURVE('',#4099,#4023,#1944,.T.);
#5226=EDGE_CURVE('',#4099,#4098,#1945,.T.);
#5227=EDGE_CURVE('',#4062,#4099,#1946,.T.);
#5228=EDGE_CURVE('',#4100,#4100,#3455,.T.);
#5229=EDGE_CURVE('',#4100,#4061,#1947,.T.);
#5230=EDGE_CURVE('',#4101,#4101,#3456,.T.);
#5231=EDGE_CURVE('',#4102,#4102,#3457,.T.);
#5232=EDGE_CURVE('',#4101,#4102,#1948,.T.);
#5233=EDGE_CURVE('',#4103,#4104,#3458,.T.);
#5234=EDGE_CURVE('',#4105,#4103,#1949,.T.);
#5235=EDGE_CURVE('',#4106,#4105,#3459,.T.);
#5236=EDGE_CURVE('',#4106,#4104,#1950,.T.);
#5237=EDGE_CURVE('',#4104,#4107,#3460,.T.);
#5238=EDGE_CURVE('',#4108,#4106,#3461,.T.);
#5239=EDGE_CURVE('',#4108,#4107,#1951,.T.);
#5240=EDGE_CURVE('',#4107,#4109,#3462,.T.);
#5241=EDGE_CURVE('',#4110,#4108,#3463,.T.);
#5242=EDGE_CURVE('',#4110,#4109,#1952,.T.);
#5243=EDGE_CURVE('',#4109,#4111,#1953,.T.);
#5244=EDGE_CURVE('',#4112,#4110,#1954,.T.);
#5245=EDGE_CURVE('',#4112,#4111,#1955,.T.);
#5246=EDGE_CURVE('',#4111,#4113,#3464,.T.);
#5247=EDGE_CURVE('',#4114,#4112,#3465,.T.);
#5248=EDGE_CURVE('',#4114,#4113,#1956,.T.);
#5249=EDGE_CURVE('',#4113,#4115,#1957,.T.);
#5250=EDGE_CURVE('',#4116,#4114,#1958,.T.);
#5251=EDGE_CURVE('',#4116,#4115,#1959,.T.);
#5252=EDGE_CURVE('',#4115,#4117,#3466,.T.);
#5253=EDGE_CURVE('',#4118,#4116,#3467,.T.);
#5254=EDGE_CURVE('',#4118,#4117,#1960,.T.);
#5255=EDGE_CURVE('',#4117,#4119,#1961,.T.);
#5256=EDGE_CURVE('',#4120,#4118,#1962,.T.);
#5257=EDGE_CURVE('',#4120,#4119,#1963,.T.);
#5258=EDGE_CURVE('',#4119,#4121,#3468,.T.);
#5259=EDGE_CURVE('',#4122,#4120,#3469,.T.);
#5260=EDGE_CURVE('',#4122,#4121,#1964,.T.);
#5261=EDGE_CURVE('',#4121,#4123,#3470,.T.);
#5262=EDGE_CURVE('',#4124,#4122,#3471,.T.);
#5263=EDGE_CURVE('',#4124,#4123,#1965,.T.);
#5264=EDGE_CURVE('',#4123,#4125,#3472,.T.);
#5265=EDGE_CURVE('',#4126,#4124,#3473,.T.);
#5266=EDGE_CURVE('',#4126,#4125,#1966,.T.);
#5267=EDGE_CURVE('',#4125,#4127,#1967,.T.);
#5268=EDGE_CURVE('',#4128,#4126,#1968,.T.);
#5269=EDGE_CURVE('',#4128,#4127,#1969,.T.);
#5270=EDGE_CURVE('',#4127,#4129,#1970,.T.);
#5271=EDGE_CURVE('',#4130,#4128,#1971,.T.);
#5272=EDGE_CURVE('',#4130,#4129,#1972,.T.);
#5273=EDGE_CURVE('',#4129,#4131,#1973,.T.);
#5274=EDGE_CURVE('',#4132,#4130,#1974,.T.);
#5275=EDGE_CURVE('',#4132,#4131,#1975,.T.);
#5276=EDGE_CURVE('',#4131,#4133,#1976,.T.);
#5277=EDGE_CURVE('',#4134,#4132,#1977,.T.);
#5278=EDGE_CURVE('',#4134,#4133,#1978,.T.);
#5279=EDGE_CURVE('',#4133,#4135,#1979,.T.);
#5280=EDGE_CURVE('',#4136,#4134,#1980,.T.);
#5281=EDGE_CURVE('',#4136,#4135,#1981,.T.);
#5282=EDGE_CURVE('',#4135,#4137,#3474,.T.);
#5283=EDGE_CURVE('',#4138,#4136,#3475,.T.);
#5284=EDGE_CURVE('',#4138,#4137,#1982,.T.);
#5285=EDGE_CURVE('',#4137,#4139,#3476,.T.);
#5286=EDGE_CURVE('',#4140,#4138,#3477,.T.);
#5287=EDGE_CURVE('',#4140,#4139,#1983,.T.);
#5288=EDGE_CURVE('',#4139,#4141,#3478,.T.);
#5289=EDGE_CURVE('',#4142,#4140,#3479,.T.);
#5290=EDGE_CURVE('',#4142,#4141,#1984,.T.);
#5291=EDGE_CURVE('',#4141,#4143,#1985,.T.);
#5292=EDGE_CURVE('',#4144,#4142,#1986,.T.);
#5293=EDGE_CURVE('',#4144,#4143,#1987,.T.);
#5294=EDGE_CURVE('',#4143,#4145,#3480,.T.);
#5295=EDGE_CURVE('',#4146,#4144,#3481,.T.);
#5296=EDGE_CURVE('',#4146,#4145,#1988,.T.);
#5297=EDGE_CURVE('',#4145,#4147,#1989,.T.);
#5298=EDGE_CURVE('',#4148,#4146,#1990,.T.);
#5299=EDGE_CURVE('',#4148,#4147,#1991,.T.);
#5300=EDGE_CURVE('',#4147,#4149,#3482,.T.);
#5301=EDGE_CURVE('',#4150,#4148,#3483,.T.);
#5302=EDGE_CURVE('',#4150,#4149,#1992,.T.);
#5303=EDGE_CURVE('',#4149,#4151,#1993,.T.);
#5304=EDGE_CURVE('',#4152,#4150,#1994,.T.);
#5305=EDGE_CURVE('',#4152,#4151,#1995,.T.);
#5306=EDGE_CURVE('',#4151,#4153,#3484,.T.);
#5307=EDGE_CURVE('',#4154,#4152,#3485,.T.);
#5308=EDGE_CURVE('',#4154,#4153,#1996,.T.);
#5309=EDGE_CURVE('',#4153,#4155,#3486,.T.);
#5310=EDGE_CURVE('',#4156,#4154,#3487,.T.);
#5311=EDGE_CURVE('',#4156,#4155,#1997,.T.);
#5312=EDGE_CURVE('',#4155,#4157,#3488,.T.);
#5313=EDGE_CURVE('',#4158,#4156,#3489,.T.);
#5314=EDGE_CURVE('',#4158,#4157,#1998,.T.);
#5315=EDGE_CURVE('',#4159,#4160,#1999,.T.);
#5316=EDGE_CURVE('',#4157,#4159,#2000,.T.);
#5317=EDGE_CURVE('',#4160,#4158,#2001,.T.);
#5318=EDGE_CURVE('',#4161,#4160,#2002,.T.);
#5319=EDGE_CURVE('',#4161,#4162,#2003,.T.);
#5320=EDGE_CURVE('',#4162,#4159,#2004,.T.);
#5321=EDGE_CURVE('',#4163,#4162,#2005,.T.);
#5322=EDGE_CURVE('',#4164,#4161,#2006,.T.);
#5323=EDGE_CURVE('',#4164,#4163,#2007,.T.);
#5324=EDGE_CURVE('',#4165,#4163,#2008,.T.);
#5325=EDGE_CURVE('',#4166,#4164,#2009,.T.);
#5326=EDGE_CURVE('',#4166,#4165,#2010,.T.);
#5327=EDGE_CURVE('',#4167,#4165,#2011,.T.);
#5328=EDGE_CURVE('',#4168,#4166,#2012,.T.);
#5329=EDGE_CURVE('',#4168,#4167,#2013,.T.);
#5330=EDGE_CURVE('',#4169,#4167,#2014,.T.);
#5331=EDGE_CURVE('',#4170,#4168,#2015,.T.);
#5332=EDGE_CURVE('',#4170,#4169,#2016,.T.);
#5333=EDGE_CURVE('',#4171,#4169,#2017,.T.);
#5334=EDGE_CURVE('',#4172,#4170,#2018,.T.);
#5335=EDGE_CURVE('',#4172,#4171,#2019,.T.);
#5336=EDGE_CURVE('',#4173,#4171,#2020,.T.);
#5337=EDGE_CURVE('',#4174,#4172,#2021,.T.);
#5338=EDGE_CURVE('',#4174,#4173,#2022,.T.);
#5339=EDGE_CURVE('',#4175,#4173,#2023,.T.);
#5340=EDGE_CURVE('',#4176,#4174,#2024,.T.);
#5341=EDGE_CURVE('',#4176,#4175,#2025,.T.);
#5342=EDGE_CURVE('',#4177,#4178,#2026,.T.);
#5343=EDGE_CURVE('',#4178,#4175,#2027,.T.);
#5344=EDGE_CURVE('',#4177,#4176,#2028,.T.);
#5345=EDGE_CURVE('',#4105,#4177,#2029,.T.);
#5346=EDGE_CURVE('',#4178,#4103,#2030,.T.);
#5347=EDGE_CURVE('',#4179,#4179,#3490,.T.);
#5348=EDGE_CURVE('',#4179,#4180,#2031,.T.);
#5349=EDGE_CURVE('',#4180,#4180,#3491,.T.);
#5350=EDGE_CURVE('',#4181,#4181,#3492,.T.);
#5351=EDGE_CURVE('',#4182,#4182,#3493,.T.);
#5352=EDGE_CURVE('',#4181,#4182,#2032,.T.);
#5353=EDGE_CURVE('',#4183,#4184,#2033,.T.);
#5354=EDGE_CURVE('',#4184,#4185,#2034,.T.);
#5355=EDGE_CURVE('',#4186,#4185,#2035,.T.);
#5356=EDGE_CURVE('',#4183,#4186,#2036,.T.);
#5357=EDGE_CURVE('',#4185,#4187,#2037,.T.);
#5358=EDGE_CURVE('',#4188,#4187,#2038,.T.);
#5359=EDGE_CURVE('',#4186,#4188,#2039,.T.);
#5360=EDGE_CURVE('',#4187,#4189,#2040,.T.);
#5361=EDGE_CURVE('',#4190,#4189,#2041,.T.);
#5362=EDGE_CURVE('',#4188,#4190,#2042,.T.);
#5363=EDGE_CURVE('',#4189,#4191,#2043,.T.);
#5364=EDGE_CURVE('',#4192,#4191,#2044,.T.);
#5365=EDGE_CURVE('',#4190,#4192,#2045,.T.);
#5366=EDGE_CURVE('',#4191,#4193,#2046,.T.);
#5367=EDGE_CURVE('',#4194,#4193,#2047,.T.);
#5368=EDGE_CURVE('',#4192,#4194,#2048,.T.);
#5369=EDGE_CURVE('',#4193,#4195,#2049,.T.);
#5370=EDGE_CURVE('',#4196,#4195,#2050,.T.);
#5371=EDGE_CURVE('',#4194,#4196,#2051,.T.);
#5372=EDGE_CURVE('',#4195,#4197,#2052,.T.);
#5373=EDGE_CURVE('',#4198,#4197,#2053,.T.);
#5374=EDGE_CURVE('',#4196,#4198,#2054,.T.);
#5375=EDGE_CURVE('',#4197,#4199,#2055,.T.);
#5376=EDGE_CURVE('',#4200,#4199,#2056,.T.);
#5377=EDGE_CURVE('',#4198,#4200,#2057,.T.);
#5378=EDGE_CURVE('',#4201,#4202,#2058,.T.);
#5379=EDGE_CURVE('',#4200,#4202,#2059,.T.);
#5380=EDGE_CURVE('',#4199,#4201,#2060,.T.);
#5381=EDGE_CURVE('',#4203,#4201,#2061,.T.);
#5382=EDGE_CURVE('',#4204,#4203,#2062,.T.);
#5383=EDGE_CURVE('',#4202,#4204,#2063,.T.);
#5384=EDGE_CURVE('',#4205,#4203,#3494,.T.);
#5385=EDGE_CURVE('',#4206,#4205,#2064,.T.);
#5386=EDGE_CURVE('',#4204,#4206,#3495,.T.);
#5387=EDGE_CURVE('',#4207,#4205,#3496,.T.);
#5388=EDGE_CURVE('',#4208,#4207,#2065,.T.);
#5389=EDGE_CURVE('',#4206,#4208,#3497,.T.);
#5390=EDGE_CURVE('',#4209,#4207,#3498,.T.);
#5391=EDGE_CURVE('',#4210,#4209,#2066,.T.);
#5392=EDGE_CURVE('',#4208,#4210,#3499,.T.);
#5393=EDGE_CURVE('',#4211,#4209,#2067,.T.);
#5394=EDGE_CURVE('',#4212,#4211,#2068,.T.);
#5395=EDGE_CURVE('',#4210,#4212,#2069,.T.);
#5396=EDGE_CURVE('',#4213,#4211,#3500,.T.);
#5397=EDGE_CURVE('',#4214,#4213,#2070,.T.);
#5398=EDGE_CURVE('',#4212,#4214,#3501,.T.);
#5399=EDGE_CURVE('',#4215,#4213,#2071,.T.);
#5400=EDGE_CURVE('',#4216,#4215,#2072,.T.);
#5401=EDGE_CURVE('',#4214,#4216,#2073,.T.);
#5402=EDGE_CURVE('',#4217,#4215,#3502,.T.);
#5403=EDGE_CURVE('',#4218,#4217,#2074,.T.);
#5404=EDGE_CURVE('',#4216,#4218,#3503,.T.);
#5405=EDGE_CURVE('',#4219,#4217,#2075,.T.);
#5406=EDGE_CURVE('',#4220,#4219,#2076,.T.);
#5407=EDGE_CURVE('',#4218,#4220,#2077,.T.);
#5408=EDGE_CURVE('',#4221,#4219,#3504,.T.);
#5409=EDGE_CURVE('',#4222,#4221,#2078,.T.);
#5410=EDGE_CURVE('',#4220,#4222,#3505,.T.);
#5411=EDGE_CURVE('',#4223,#4221,#3506,.T.);
#5412=EDGE_CURVE('',#4224,#4223,#2079,.T.);
#5413=EDGE_CURVE('',#4222,#4224,#3507,.T.);
#5414=EDGE_CURVE('',#4225,#4223,#3508,.T.);
#5415=EDGE_CURVE('',#4226,#4225,#2080,.T.);
#5416=EDGE_CURVE('',#4224,#4226,#3509,.T.);
#5417=EDGE_CURVE('',#4227,#4225,#2081,.T.);
#5418=EDGE_CURVE('',#4228,#4227,#2082,.T.);
#5419=EDGE_CURVE('',#4226,#4228,#2083,.T.);
#5420=EDGE_CURVE('',#4229,#4227,#2084,.T.);
#5421=EDGE_CURVE('',#4230,#4229,#2085,.T.);
#5422=EDGE_CURVE('',#4228,#4230,#2086,.T.);
#5423=EDGE_CURVE('',#4231,#4229,#2087,.T.);
#5424=EDGE_CURVE('',#4232,#4231,#2088,.T.);
#5425=EDGE_CURVE('',#4230,#4232,#2089,.T.);
#5426=EDGE_CURVE('',#4233,#4231,#2090,.T.);
#5427=EDGE_CURVE('',#4234,#4233,#2091,.T.);
#5428=EDGE_CURVE('',#4232,#4234,#2092,.T.);
#5429=EDGE_CURVE('',#4235,#4233,#2093,.T.);
#5430=EDGE_CURVE('',#4236,#4235,#2094,.T.);
#5431=EDGE_CURVE('',#4234,#4236,#2095,.T.);
#5432=EDGE_CURVE('',#4237,#4235,#3510,.T.);
#5433=EDGE_CURVE('',#4238,#4237,#2096,.T.);
#5434=EDGE_CURVE('',#4236,#4238,#3511,.T.);
#5435=EDGE_CURVE('',#4239,#4237,#3512,.T.);
#5436=EDGE_CURVE('',#4240,#4239,#2097,.T.);
#5437=EDGE_CURVE('',#4238,#4240,#3513,.T.);
#5438=EDGE_CURVE('',#4241,#4239,#3514,.T.);
#5439=EDGE_CURVE('',#4242,#4241,#2098,.T.);
#5440=EDGE_CURVE('',#4240,#4242,#3515,.T.);
#5441=EDGE_CURVE('',#4243,#4241,#2099,.T.);
#5442=EDGE_CURVE('',#4244,#4243,#2100,.T.);
#5443=EDGE_CURVE('',#4242,#4244,#2101,.T.);
#5444=EDGE_CURVE('',#4245,#4243,#3516,.T.);
#5445=EDGE_CURVE('',#4246,#4245,#2102,.T.);
#5446=EDGE_CURVE('',#4244,#4246,#3517,.T.);
#5447=EDGE_CURVE('',#4247,#4245,#2103,.T.);
#5448=EDGE_CURVE('',#4248,#4247,#2104,.T.);
#5449=EDGE_CURVE('',#4246,#4248,#2105,.T.);
#5450=EDGE_CURVE('',#4249,#4247,#3518,.T.);
#5451=EDGE_CURVE('',#4250,#4249,#2106,.T.);
#5452=EDGE_CURVE('',#4248,#4250,#3519,.T.);
#5453=EDGE_CURVE('',#4251,#4249,#2107,.T.);
#5454=EDGE_CURVE('',#4252,#4251,#2108,.T.);
#5455=EDGE_CURVE('',#4250,#4252,#2109,.T.);
#5456=EDGE_CURVE('',#4253,#4251,#3520,.T.);
#5457=EDGE_CURVE('',#4254,#4253,#2110,.T.);
#5458=EDGE_CURVE('',#4252,#4254,#3521,.T.);
#5459=EDGE_CURVE('',#4255,#4253,#3522,.T.);
#5460=EDGE_CURVE('',#4256,#4255,#2111,.T.);
#5461=EDGE_CURVE('',#4254,#4256,#3523,.T.);
#5462=EDGE_CURVE('',#4257,#4255,#3524,.T.);
#5463=EDGE_CURVE('',#4258,#4257,#2112,.T.);
#5464=EDGE_CURVE('',#4256,#4258,#3525,.T.);
#5465=EDGE_CURVE('',#4258,#4183,#2113,.T.);
#5466=EDGE_CURVE('',#4184,#4257,#2114,.T.);
#5467=EDGE_CURVE('',#4259,#4259,#3526,.T.);
#5468=EDGE_CURVE('',#4259,#4260,#2115,.T.);
#5469=EDGE_CURVE('',#4260,#4260,#3527,.T.);
#5470=EDGE_CURVE('',#4261,#4261,#3528,.T.);
#5471=EDGE_CURVE('',#4262,#4262,#3529,.T.);
#5472=EDGE_CURVE('',#4261,#4262,#2116,.T.);
#5473=EDGE_CURVE('',#4263,#4264,#2117,.T.);
#5474=EDGE_CURVE('',#4265,#4263,#2118,.T.);
#5475=EDGE_CURVE('',#4265,#4266,#2119,.T.);
#5476=EDGE_CURVE('',#4266,#4264,#2120,.T.);
#5477=EDGE_CURVE('',#4264,#4267,#2121,.T.);
#5478=EDGE_CURVE('',#4266,#4268,#2122,.T.);
#5479=EDGE_CURVE('',#4268,#4267,#2123,.T.);
#5480=EDGE_CURVE('',#4269,#4263,#3530,.T.);
#5481=EDGE_CURVE('',#4270,#4269,#2124,.T.);
#5482=EDGE_CURVE('',#4270,#4265,#3531,.T.);
#5483=EDGE_CURVE('',#4271,#4272,#2125,.T.);
#5484=EDGE_CURVE('',#4273,#4271,#2126,.T.);
#5485=EDGE_CURVE('',#4273,#4274,#2127,.T.);
#5486=EDGE_CURVE('',#4274,#4272,#2128,.T.);
#5487=EDGE_CURVE('',#4272,#4269,#2129,.T.);
#5488=EDGE_CURVE('',#4274,#4270,#2130,.T.);
#5489=EDGE_CURVE('',#4267,#4275,#2131,.T.);
#5490=EDGE_CURVE('',#4268,#4276,#2132,.T.);
#5491=EDGE_CURVE('',#4276,#4275,#2133,.T.);
#5492=EDGE_CURVE('',#4275,#4277,#2134,.T.);
#5493=EDGE_CURVE('',#4276,#4278,#2135,.T.);
#5494=EDGE_CURVE('',#4278,#4277,#2136,.T.);
#5495=EDGE_CURVE('',#4277,#4279,#2137,.T.);
#5496=EDGE_CURVE('',#4278,#4280,#2138,.T.);
#5497=EDGE_CURVE('',#4280,#4279,#2139,.T.);
#5498=EDGE_CURVE('',#4279,#4281,#2140,.T.);
#5499=EDGE_CURVE('',#4280,#4282,#2141,.T.);
#5500=EDGE_CURVE('',#4282,#4281,#2142,.T.);
#5501=EDGE_CURVE('',#4281,#4283,#2143,.T.);
#5502=EDGE_CURVE('',#4282,#4284,#2144,.T.);
#5503=EDGE_CURVE('',#4284,#4283,#2145,.T.);
#5504=EDGE_CURVE('',#4283,#4285,#2146,.T.);
#5505=EDGE_CURVE('',#4284,#4286,#2147,.T.);
#5506=EDGE_CURVE('',#4286,#4285,#2148,.T.);
#5507=EDGE_CURVE('',#4285,#4287,#2149,.T.);
#5508=EDGE_CURVE('',#4286,#4288,#2150,.T.);
#5509=EDGE_CURVE('',#4288,#4287,#2151,.T.);
#5510=EDGE_CURVE('',#4287,#4289,#2152,.T.);
#5511=EDGE_CURVE('',#4288,#4290,#2153,.T.);
#5512=EDGE_CURVE('',#4290,#4289,#2154,.T.);
#5513=EDGE_CURVE('',#4289,#4291,#2155,.T.);
#5514=EDGE_CURVE('',#4290,#4292,#2156,.T.);
#5515=EDGE_CURVE('',#4292,#4291,#2157,.T.);
#5516=EDGE_CURVE('',#4291,#4293,#2158,.T.);
#5517=EDGE_CURVE('',#4292,#4294,#2159,.T.);
#5518=EDGE_CURVE('',#4294,#4293,#2160,.T.);
#5519=EDGE_CURVE('',#4293,#4295,#2161,.T.);
#5520=EDGE_CURVE('',#4294,#4296,#2162,.T.);
#5521=EDGE_CURVE('',#4296,#4295,#2163,.T.);
#5522=EDGE_CURVE('',#4295,#4297,#2164,.T.);
#5523=EDGE_CURVE('',#4296,#4298,#2165,.T.);
#5524=EDGE_CURVE('',#4298,#4297,#2166,.T.);
#5525=EDGE_CURVE('',#4297,#4299,#3532,.T.);
#5526=EDGE_CURVE('',#4298,#4300,#3533,.T.);
#5527=EDGE_CURVE('',#4300,#4299,#2167,.T.);
#5528=EDGE_CURVE('',#4299,#4301,#2168,.T.);
#5529=EDGE_CURVE('',#4300,#4302,#2169,.T.);
#5530=EDGE_CURVE('',#4302,#4301,#2170,.T.);
#5531=EDGE_CURVE('',#4301,#4303,#2171,.T.);
#5532=EDGE_CURVE('',#4302,#4304,#2172,.T.);
#5533=EDGE_CURVE('',#4304,#4303,#2173,.T.);
#5534=EDGE_CURVE('',#4303,#4305,#2174,.T.);
#5535=EDGE_CURVE('',#4304,#4306,#2175,.T.);
#5536=EDGE_CURVE('',#4306,#4305,#2176,.T.);
#5537=EDGE_CURVE('',#4305,#4307,#2177,.T.);
#5538=EDGE_CURVE('',#4306,#4308,#2178,.T.);
#5539=EDGE_CURVE('',#4308,#4307,#2179,.T.);
#5540=EDGE_CURVE('',#4307,#4309,#2180,.T.);
#5541=EDGE_CURVE('',#4308,#4310,#2181,.T.);
#5542=EDGE_CURVE('',#4310,#4309,#2182,.T.);
#5543=EDGE_CURVE('',#4309,#4311,#2183,.T.);
#5544=EDGE_CURVE('',#4310,#4312,#2184,.T.);
#5545=EDGE_CURVE('',#4312,#4311,#2185,.T.);
#5546=EDGE_CURVE('',#4311,#4313,#2186,.T.);
#5547=EDGE_CURVE('',#4312,#4314,#2187,.T.);
#5548=EDGE_CURVE('',#4314,#4313,#2188,.T.);
#5549=EDGE_CURVE('',#4313,#4315,#2189,.T.);
#5550=EDGE_CURVE('',#4314,#4316,#2190,.T.);
#5551=EDGE_CURVE('',#4316,#4315,#2191,.T.);
#5552=EDGE_CURVE('',#4315,#4317,#2192,.T.);
#5553=EDGE_CURVE('',#4316,#4318,#2193,.T.);
#5554=EDGE_CURVE('',#4318,#4317,#2194,.T.);
#5555=EDGE_CURVE('',#4317,#4319,#2195,.T.);
#5556=EDGE_CURVE('',#4318,#4320,#2196,.T.);
#5557=EDGE_CURVE('',#4320,#4319,#2197,.T.);
#5558=EDGE_CURVE('',#4319,#4321,#2198,.T.);
#5559=EDGE_CURVE('',#4320,#4322,#2199,.T.);
#5560=EDGE_CURVE('',#4322,#4321,#2200,.T.);
#5561=EDGE_CURVE('',#4321,#4323,#2201,.T.);
#5562=EDGE_CURVE('',#4322,#4324,#2202,.T.);
#5563=EDGE_CURVE('',#4324,#4323,#2203,.T.);
#5564=EDGE_CURVE('',#4323,#4325,#2204,.T.);
#5565=EDGE_CURVE('',#4324,#4326,#2205,.T.);
#5566=EDGE_CURVE('',#4326,#4325,#2206,.T.);
#5567=EDGE_CURVE('',#4325,#4327,#2207,.T.);
#5568=EDGE_CURVE('',#4326,#4328,#2208,.T.);
#5569=EDGE_CURVE('',#4328,#4327,#2209,.T.);
#5570=EDGE_CURVE('',#4327,#4329,#3534,.T.);
#5571=EDGE_CURVE('',#4328,#4330,#3535,.T.);
#5572=EDGE_CURVE('',#4330,#4329,#2210,.T.);
#5573=EDGE_CURVE('',#4329,#4331,#2211,.T.);
#5574=EDGE_CURVE('',#4330,#4332,#2212,.T.);
#5575=EDGE_CURVE('',#4332,#4331,#2213,.T.);
#5576=EDGE_CURVE('',#4331,#4333,#2214,.T.);
#5577=EDGE_CURVE('',#4332,#4334,#2215,.T.);
#5578=EDGE_CURVE('',#4334,#4333,#2216,.T.);
#5579=EDGE_CURVE('',#4333,#4335,#2217,.T.);
#5580=EDGE_CURVE('',#4334,#4336,#2218,.T.);
#5581=EDGE_CURVE('',#4336,#4335,#2219,.T.);
#5582=EDGE_CURVE('',#4335,#4337,#2220,.T.);
#5583=EDGE_CURVE('',#4336,#4338,#2221,.T.);
#5584=EDGE_CURVE('',#4338,#4337,#2222,.T.);
#5585=EDGE_CURVE('',#4337,#4339,#2223,.T.);
#5586=EDGE_CURVE('',#4338,#4340,#2224,.T.);
#5587=EDGE_CURVE('',#4340,#4339,#2225,.T.);
#5588=EDGE_CURVE('',#4339,#4341,#2226,.T.);
#5589=EDGE_CURVE('',#4340,#4342,#2227,.T.);
#5590=EDGE_CURVE('',#4342,#4341,#2228,.T.);
#5591=EDGE_CURVE('',#4341,#4343,#2229,.T.);
#5592=EDGE_CURVE('',#4342,#4344,#2230,.T.);
#5593=EDGE_CURVE('',#4344,#4343,#2231,.T.);
#5594=EDGE_CURVE('',#4343,#4345,#2232,.T.);
#5595=EDGE_CURVE('',#4344,#4346,#2233,.T.);
#5596=EDGE_CURVE('',#4346,#4345,#2234,.T.);
#5597=EDGE_CURVE('',#4345,#4347,#2235,.T.);
#5598=EDGE_CURVE('',#4346,#4348,#2236,.T.);
#5599=EDGE_CURVE('',#4348,#4347,#2237,.T.);
#5600=EDGE_CURVE('',#4347,#4349,#2238,.T.);
#5601=EDGE_CURVE('',#4348,#4350,#2239,.T.);
#5602=EDGE_CURVE('',#4350,#4349,#2240,.T.);
#5603=EDGE_CURVE('',#4349,#4351,#2241,.T.);
#5604=EDGE_CURVE('',#4350,#4352,#2242,.T.);
#5605=EDGE_CURVE('',#4352,#4351,#2243,.T.);
#5606=EDGE_CURVE('',#4351,#4353,#2244,.T.);
#5607=EDGE_CURVE('',#4352,#4354,#2245,.T.);
#5608=EDGE_CURVE('',#4354,#4353,#2246,.T.);
#5609=EDGE_CURVE('',#4353,#4355,#2247,.T.);
#5610=EDGE_CURVE('',#4354,#4356,#2248,.T.);
#5611=EDGE_CURVE('',#4356,#4355,#2249,.T.);
#5612=EDGE_CURVE('',#4355,#4357,#2250,.T.);
#5613=EDGE_CURVE('',#4356,#4358,#2251,.T.);
#5614=EDGE_CURVE('',#4358,#4357,#2252,.T.);
#5615=EDGE_CURVE('',#4357,#4359,#3536,.T.);
#5616=EDGE_CURVE('',#4358,#4360,#3537,.T.);
#5617=EDGE_CURVE('',#4360,#4359,#2253,.T.);
#5618=EDGE_CURVE('',#4359,#4361,#2254,.T.);
#5619=EDGE_CURVE('',#4360,#4362,#2255,.T.);
#5620=EDGE_CURVE('',#4362,#4361,#2256,.T.);
#5621=EDGE_CURVE('',#4361,#4363,#2257,.T.);
#5622=EDGE_CURVE('',#4362,#4364,#2258,.T.);
#5623=EDGE_CURVE('',#4364,#4363,#2259,.T.);
#5624=EDGE_CURVE('',#4363,#4365,#2260,.T.);
#5625=EDGE_CURVE('',#4364,#4366,#2261,.T.);
#5626=EDGE_CURVE('',#4366,#4365,#2262,.T.);
#5627=EDGE_CURVE('',#4365,#4367,#2263,.T.);
#5628=EDGE_CURVE('',#4366,#4368,#2264,.T.);
#5629=EDGE_CURVE('',#4368,#4367,#2265,.T.);
#5630=EDGE_CURVE('',#4367,#4369,#2266,.T.);
#5631=EDGE_CURVE('',#4368,#4370,#2267,.T.);
#5632=EDGE_CURVE('',#4370,#4369,#2268,.T.);
#5633=EDGE_CURVE('',#4369,#4371,#2269,.T.);
#5634=EDGE_CURVE('',#4370,#4372,#2270,.T.);
#5635=EDGE_CURVE('',#4372,#4371,#2271,.T.);
#5636=EDGE_CURVE('',#4371,#4373,#2272,.T.);
#5637=EDGE_CURVE('',#4372,#4374,#2273,.T.);
#5638=EDGE_CURVE('',#4374,#4373,#2274,.T.);
#5639=EDGE_CURVE('',#4373,#4375,#2275,.T.);
#5640=EDGE_CURVE('',#4374,#4376,#2276,.T.);
#5641=EDGE_CURVE('',#4376,#4375,#2277,.T.);
#5642=EDGE_CURVE('',#4375,#4377,#2278,.T.);
#5643=EDGE_CURVE('',#4376,#4378,#2279,.T.);
#5644=EDGE_CURVE('',#4378,#4377,#2280,.T.);
#5645=EDGE_CURVE('',#4377,#4379,#2281,.T.);
#5646=EDGE_CURVE('',#4378,#4380,#2282,.T.);
#5647=EDGE_CURVE('',#4380,#4379,#2283,.T.);
#5648=EDGE_CURVE('',#4379,#4381,#2284,.T.);
#5649=EDGE_CURVE('',#4380,#4382,#2285,.T.);
#5650=EDGE_CURVE('',#4382,#4381,#2286,.T.);
#5651=EDGE_CURVE('',#4381,#4271,#2287,.T.);
#5652=EDGE_CURVE('',#4382,#4273,#2288,.T.);
#5653=EDGE_CURVE('',#4383,#4383,#3538,.F.);
#5654=EDGE_CURVE('',#4384,#4384,#3539,.F.);
#5655=EDGE_CURVE('',#4384,#4383,#2289,.T.);
#5656=ORIENTED_EDGE('',*,*,#4385,.T.);
#5657=ORIENTED_EDGE('',*,*,#4386,.T.);
#5658=ORIENTED_EDGE('',*,*,#4387,.T.);
#5659=ORIENTED_EDGE('',*,*,#4388,.T.);
#5660=ORIENTED_EDGE('',*,*,#4389,.T.);
#5661=ORIENTED_EDGE('',*,*,#4390,.T.);
#5662=ORIENTED_EDGE('',*,*,#4391,.T.);
#5663=ORIENTED_EDGE('',*,*,#4392,.T.);
#5664=ORIENTED_EDGE('',*,*,#4393,.T.);
#5665=ORIENTED_EDGE('',*,*,#4394,.T.);
#5666=ORIENTED_EDGE('',*,*,#4395,.T.);
#5667=ORIENTED_EDGE('',*,*,#4396,.T.);
#5668=ORIENTED_EDGE('',*,*,#4397,.T.);
#5669=ORIENTED_EDGE('',*,*,#4398,.T.);
#5670=ORIENTED_EDGE('',*,*,#4399,.T.);
#5671=ORIENTED_EDGE('',*,*,#4400,.T.);
#5672=ORIENTED_EDGE('',*,*,#4401,.T.);
#5673=ORIENTED_EDGE('',*,*,#4402,.T.);
#5674=ORIENTED_EDGE('',*,*,#4403,.T.);
#5675=ORIENTED_EDGE('',*,*,#4404,.T.);
#5676=ORIENTED_EDGE('',*,*,#4405,.T.);
#5677=ORIENTED_EDGE('',*,*,#4406,.T.);
#5678=ORIENTED_EDGE('',*,*,#4407,.T.);
#5679=ORIENTED_EDGE('',*,*,#4408,.T.);
#5680=ORIENTED_EDGE('',*,*,#4409,.T.);
#5681=ORIENTED_EDGE('',*,*,#4410,.T.);
#5682=ORIENTED_EDGE('',*,*,#4411,.T.);
#5683=ORIENTED_EDGE('',*,*,#4412,.T.);
#5684=ORIENTED_EDGE('',*,*,#4413,.T.);
#5685=ORIENTED_EDGE('',*,*,#4414,.T.);
#5686=ORIENTED_EDGE('',*,*,#4415,.T.);
#5687=ORIENTED_EDGE('',*,*,#4416,.T.);
#5688=ORIENTED_EDGE('',*,*,#4417,.T.);
#5689=ORIENTED_EDGE('',*,*,#4418,.T.);
#5690=ORIENTED_EDGE('',*,*,#4419,.F.);
#5691=ORIENTED_EDGE('',*,*,#4420,.T.);
#5692=ORIENTED_EDGE('',*,*,#4421,.T.);
#5693=ORIENTED_EDGE('',*,*,#4422,.T.);
#5694=ORIENTED_EDGE('',*,*,#4415,.F.);
#5695=ORIENTED_EDGE('',*,*,#4423,.T.);
#5696=ORIENTED_EDGE('',*,*,#4424,.T.);
#5697=ORIENTED_EDGE('',*,*,#4425,.T.);
#5698=ORIENTED_EDGE('',*,*,#4426,.T.);
#5699=ORIENTED_EDGE('',*,*,#4427,.T.);
#5700=ORIENTED_EDGE('',*,*,#4421,.F.);
#5701=ORIENTED_EDGE('',*,*,#4428,.T.);
#5702=ORIENTED_EDGE('',*,*,#4424,.F.);
#5703=ORIENTED_EDGE('',*,*,#4429,.T.);
#5704=ORIENTED_EDGE('',*,*,#4419,.T.);
#5705=ORIENTED_EDGE('',*,*,#4416,.F.);
#5706=ORIENTED_EDGE('',*,*,#4422,.F.);
#5707=ORIENTED_EDGE('',*,*,#4427,.F.);
#5708=ORIENTED_EDGE('',*,*,#4430,.T.);
#5709=ORIENTED_EDGE('',*,*,#4392,.F.);
#5710=ORIENTED_EDGE('',*,*,#4431,.F.);
#5711=ORIENTED_EDGE('',*,*,#4406,.F.);
#5712=ORIENTED_EDGE('',*,*,#4432,.T.);
#5713=ORIENTED_EDGE('',*,*,#4426,.F.);
#5714=ORIENTED_EDGE('',*,*,#4433,.T.);
#5715=ORIENTED_EDGE('',*,*,#4393,.F.);
#5716=ORIENTED_EDGE('',*,*,#4430,.F.);
#5717=ORIENTED_EDGE('',*,*,#4434,.F.);
#5718=ORIENTED_EDGE('',*,*,#4435,.T.);
#5719=ORIENTED_EDGE('',*,*,#4413,.F.);
#5720=ORIENTED_EDGE('',*,*,#4429,.F.);
#5721=ORIENTED_EDGE('',*,*,#4423,.F.);
#5722=ORIENTED_EDGE('',*,*,#4420,.F.);
#5723=ORIENTED_EDGE('',*,*,#4414,.F.);
#5724=ORIENTED_EDGE('',*,*,#4435,.F.);
#5725=ORIENTED_EDGE('',*,*,#4418,.F.);
#5726=ORIENTED_EDGE('',*,*,#4436,.T.);
#5727=ORIENTED_EDGE('',*,*,#4404,.F.);
#5728=ORIENTED_EDGE('',*,*,#4437,.T.);
#5729=ORIENTED_EDGE('',*,*,#4394,.F.);
#5730=ORIENTED_EDGE('',*,*,#4433,.F.);
#5731=ORIENTED_EDGE('',*,*,#4425,.F.);
#5732=ORIENTED_EDGE('',*,*,#4428,.F.);
#5733=ORIENTED_EDGE('',*,*,#4417,.F.);
#5734=ORIENTED_EDGE('',*,*,#4432,.F.);
#5735=ORIENTED_EDGE('',*,*,#4405,.F.);
#5736=ORIENTED_EDGE('',*,*,#4436,.F.);
#5737=ORIENTED_EDGE('',*,*,#4434,.T.);
#5738=ORIENTED_EDGE('',*,*,#4438,.T.);
#5739=ORIENTED_EDGE('',*,*,#4439,.T.);
#5740=ORIENTED_EDGE('',*,*,#4440,.T.);
#5741=ORIENTED_EDGE('',*,*,#4441,.T.);
#5742=ORIENTED_EDGE('',*,*,#4442,.T.);
#5743=ORIENTED_EDGE('',*,*,#4443,.T.);
#5744=ORIENTED_EDGE('',*,*,#4438,.F.);
#5745=ORIENTED_EDGE('',*,*,#4440,.F.);
#5746=ORIENTED_EDGE('',*,*,#4444,.T.);
#5747=ORIENTED_EDGE('',*,*,#4411,.F.);
#5748=ORIENTED_EDGE('',*,*,#4445,.T.);
#5749=ORIENTED_EDGE('',*,*,#4387,.F.);
#5750=ORIENTED_EDGE('',*,*,#4446,.F.);
#5751=ORIENTED_EDGE('',*,*,#4443,.F.);
#5752=ORIENTED_EDGE('',*,*,#4447,.T.);
#5753=ORIENTED_EDGE('',*,*,#4412,.F.);
#5754=ORIENTED_EDGE('',*,*,#4444,.F.);
#5755=ORIENTED_EDGE('',*,*,#4439,.F.);
#5756=ORIENTED_EDGE('',*,*,#4441,.F.);
#5757=ORIENTED_EDGE('',*,*,#4446,.T.);
#5758=ORIENTED_EDGE('',*,*,#4386,.F.);
#5759=ORIENTED_EDGE('',*,*,#4448,.F.);
#5760=ORIENTED_EDGE('',*,*,#4442,.F.);
#5761=ORIENTED_EDGE('',*,*,#4448,.T.);
#5762=ORIENTED_EDGE('',*,*,#4385,.F.);
#5763=ORIENTED_EDGE('',*,*,#4449,.F.);
#5764=ORIENTED_EDGE('',*,*,#4399,.F.);
#5765=ORIENTED_EDGE('',*,*,#4447,.F.);
#5766=ORIENTED_EDGE('',*,*,#4450,.T.);
#5767=ORIENTED_EDGE('',*,*,#4388,.F.);
#5768=ORIENTED_EDGE('',*,*,#4445,.F.);
#5769=ORIENTED_EDGE('',*,*,#4410,.F.);
#5770=ORIENTED_EDGE('',*,*,#4450,.F.);
#5771=ORIENTED_EDGE('',*,*,#4409,.F.);
#5772=ORIENTED_EDGE('',*,*,#4451,.F.);
#5773=ORIENTED_EDGE('',*,*,#4389,.F.);
#5774=ORIENTED_EDGE('',*,*,#4452,.F.);
#5775=ORIENTED_EDGE('',*,*,#4400,.F.);
#5776=ORIENTED_EDGE('',*,*,#4449,.T.);
#5777=ORIENTED_EDGE('',*,*,#4398,.F.);
#5778=ORIENTED_EDGE('',*,*,#4453,.F.);
#5779=ORIENTED_EDGE('',*,*,#4407,.F.);
#5780=ORIENTED_EDGE('',*,*,#4431,.T.);
#5781=ORIENTED_EDGE('',*,*,#4391,.F.);
#5782=ORIENTED_EDGE('',*,*,#4437,.F.);
#5783=ORIENTED_EDGE('',*,*,#4403,.F.);
#5784=ORIENTED_EDGE('',*,*,#4454,.T.);
#5785=ORIENTED_EDGE('',*,*,#4395,.F.);
#5786=ORIENTED_EDGE('',*,*,#4454,.F.);
#5787=ORIENTED_EDGE('',*,*,#4402,.F.);
#5788=ORIENTED_EDGE('',*,*,#4455,.T.);
#5789=ORIENTED_EDGE('',*,*,#4396,.F.);
#5790=ORIENTED_EDGE('',*,*,#4452,.T.);
#5791=ORIENTED_EDGE('',*,*,#4397,.F.);
#5792=ORIENTED_EDGE('',*,*,#4455,.F.);
#5793=ORIENTED_EDGE('',*,*,#4401,.F.);
#5794=ORIENTED_EDGE('',*,*,#4451,.T.);
#5795=ORIENTED_EDGE('',*,*,#4408,.F.);
#5796=ORIENTED_EDGE('',*,*,#4453,.T.);
#5797=ORIENTED_EDGE('',*,*,#4390,.F.);
#5798=ORIENTED_EDGE('',*,*,#4456,.F.);
#5799=ORIENTED_EDGE('',*,*,#4457,.F.);
#5800=ORIENTED_EDGE('',*,*,#4458,.F.);
#5801=ORIENTED_EDGE('',*,*,#4459,.F.);
#5802=ORIENTED_EDGE('',*,*,#4460,.T.);
#5803=ORIENTED_EDGE('',*,*,#4461,.T.);
#5804=ORIENTED_EDGE('',*,*,#4460,.F.);
#5805=ORIENTED_EDGE('',*,*,#4462,.F.);
#5806=ORIENTED_EDGE('',*,*,#4463,.F.);
#5807=ORIENTED_EDGE('',*,*,#4464,.F.);
#5808=ORIENTED_EDGE('',*,*,#4465,.F.);
#5809=ORIENTED_EDGE('',*,*,#4466,.T.);
#5810=ORIENTED_EDGE('',*,*,#4467,.T.);
#5811=ORIENTED_EDGE('',*,*,#4466,.F.);
#5812=ORIENTED_EDGE('',*,*,#4468,.F.);
#5813=ORIENTED_EDGE('',*,*,#4469,.F.);
#5814=ORIENTED_EDGE('',*,*,#4470,.T.);
#5815=ORIENTED_EDGE('',*,*,#4465,.T.);
#5816=ORIENTED_EDGE('',*,*,#4470,.F.);
#5817=ORIENTED_EDGE('',*,*,#4468,.T.);
#5818=ORIENTED_EDGE('',*,*,#4469,.T.);
#5819=ORIENTED_EDGE('',*,*,#4471,.T.);
#5820=ORIENTED_EDGE('',*,*,#4472,.F.);
#5821=ORIENTED_EDGE('',*,*,#4471,.F.);
#5822=ORIENTED_EDGE('',*,*,#4473,.F.);
#5823=ORIENTED_EDGE('',*,*,#4474,.T.);
#5824=ORIENTED_EDGE('',*,*,#4475,.T.);
#5825=ORIENTED_EDGE('',*,*,#4474,.F.);
#5826=ORIENTED_EDGE('',*,*,#4476,.F.);
#5827=ORIENTED_EDGE('',*,*,#4477,.F.);
#5828=ORIENTED_EDGE('',*,*,#4478,.T.);
#5829=ORIENTED_EDGE('',*,*,#4473,.T.);
#5830=ORIENTED_EDGE('',*,*,#4478,.F.);
#5831=ORIENTED_EDGE('',*,*,#4476,.T.);
#5832=ORIENTED_EDGE('',*,*,#4477,.T.);
#5833=ORIENTED_EDGE('',*,*,#4479,.T.);
#5834=ORIENTED_EDGE('',*,*,#4480,.F.);
#5835=ORIENTED_EDGE('',*,*,#4479,.F.);
#5836=ORIENTED_EDGE('',*,*,#4480,.T.);
#5837=ORIENTED_EDGE('',*,*,#4472,.T.);
#5838=ORIENTED_EDGE('',*,*,#4475,.F.);
#5839=ORIENTED_EDGE('',*,*,#4467,.F.);
#5840=ORIENTED_EDGE('',*,*,#4461,.F.);
#5841=ORIENTED_EDGE('',*,*,#4481,.T.);
#5842=ORIENTED_EDGE('',*,*,#4482,.T.);
#5843=ORIENTED_EDGE('',*,*,#4483,.T.);
#5844=ORIENTED_EDGE('',*,*,#4484,.T.);
#5845=ORIENTED_EDGE('',*,*,#4485,.T.);
#5846=ORIENTED_EDGE('',*,*,#4486,.T.);
#5847=ORIENTED_EDGE('',*,*,#4487,.T.);
#5848=ORIENTED_EDGE('',*,*,#4457,.T.);
#5849=ORIENTED_EDGE('',*,*,#4488,.F.);
#5850=ORIENTED_EDGE('',*,*,#4481,.F.);
#5851=ORIENTED_EDGE('',*,*,#4489,.T.);
#5852=ORIENTED_EDGE('',*,*,#4458,.T.);
#5853=ORIENTED_EDGE('',*,*,#4487,.F.);
#5854=ORIENTED_EDGE('',*,*,#4486,.F.);
#5855=ORIENTED_EDGE('',*,*,#4490,.T.);
#5856=ORIENTED_EDGE('',*,*,#4462,.T.);
#5857=ORIENTED_EDGE('',*,*,#4459,.T.);
#5858=ORIENTED_EDGE('',*,*,#4489,.F.);
#5859=ORIENTED_EDGE('',*,*,#4485,.F.);
#5860=ORIENTED_EDGE('',*,*,#4491,.T.);
#5861=ORIENTED_EDGE('',*,*,#4463,.T.);
#5862=ORIENTED_EDGE('',*,*,#4490,.F.);
#5863=ORIENTED_EDGE('',*,*,#4484,.F.);
#5864=ORIENTED_EDGE('',*,*,#4492,.T.);
#5865=ORIENTED_EDGE('',*,*,#4464,.T.);
#5866=ORIENTED_EDGE('',*,*,#4491,.F.);
#5867=ORIENTED_EDGE('',*,*,#4483,.F.);
#5868=ORIENTED_EDGE('',*,*,#4488,.T.);
#5869=ORIENTED_EDGE('',*,*,#4456,.T.);
#5870=ORIENTED_EDGE('',*,*,#4492,.F.);
#5871=ORIENTED_EDGE('',*,*,#4482,.F.);
#5872=ORIENTED_EDGE('',*,*,#4493,.F.);
#5873=ORIENTED_EDGE('',*,*,#4494,.F.);
#5874=ORIENTED_EDGE('',*,*,#4495,.F.);
#5875=ORIENTED_EDGE('',*,*,#4496,.F.);
#5876=ORIENTED_EDGE('',*,*,#4497,.F.);
#5877=ORIENTED_EDGE('',*,*,#4498,.F.);
#5878=ORIENTED_EDGE('',*,*,#4499,.F.);
#5879=ORIENTED_EDGE('',*,*,#4500,.F.);
#5880=ORIENTED_EDGE('',*,*,#4501,.F.);
#5881=ORIENTED_EDGE('',*,*,#4502,.F.);
#5882=ORIENTED_EDGE('',*,*,#4503,.F.);
#5883=ORIENTED_EDGE('',*,*,#4504,.F.);
#5884=ORIENTED_EDGE('',*,*,#4505,.F.);
#5885=ORIENTED_EDGE('',*,*,#4506,.F.);
#5886=ORIENTED_EDGE('',*,*,#4507,.F.);
#5887=ORIENTED_EDGE('',*,*,#4508,.F.);
#5888=ORIENTED_EDGE('',*,*,#4509,.F.);
#5889=ORIENTED_EDGE('',*,*,#4510,.F.);
#5890=ORIENTED_EDGE('',*,*,#4511,.F.);
#5891=ORIENTED_EDGE('',*,*,#4512,.F.);
#5892=ORIENTED_EDGE('',*,*,#4513,.F.);
#5893=ORIENTED_EDGE('',*,*,#4514,.F.);
#5894=ORIENTED_EDGE('',*,*,#4515,.F.);
#5895=ORIENTED_EDGE('',*,*,#4516,.F.);
#5896=ORIENTED_EDGE('',*,*,#4517,.F.);
#5897=ORIENTED_EDGE('',*,*,#4518,.F.);
#5898=ORIENTED_EDGE('',*,*,#4519,.F.);
#5899=ORIENTED_EDGE('',*,*,#4520,.F.);
#5900=ORIENTED_EDGE('',*,*,#4521,.F.);
#5901=ORIENTED_EDGE('',*,*,#4522,.F.);
#5902=ORIENTED_EDGE('',*,*,#4523,.F.);
#5903=ORIENTED_EDGE('',*,*,#4524,.F.);
#5904=ORIENTED_EDGE('',*,*,#4525,.T.);
#5905=ORIENTED_EDGE('',*,*,#4526,.T.);
#5906=ORIENTED_EDGE('',*,*,#4527,.T.);
#5907=ORIENTED_EDGE('',*,*,#4528,.T.);
#5908=ORIENTED_EDGE('',*,*,#4529,.T.);
#5909=ORIENTED_EDGE('',*,*,#4530,.T.);
#5910=ORIENTED_EDGE('',*,*,#4531,.T.);
#5911=ORIENTED_EDGE('',*,*,#4532,.T.);
#5912=ORIENTED_EDGE('',*,*,#4533,.T.);
#5913=ORIENTED_EDGE('',*,*,#4534,.T.);
#5914=ORIENTED_EDGE('',*,*,#4535,.T.);
#5915=ORIENTED_EDGE('',*,*,#4536,.T.);
#5916=ORIENTED_EDGE('',*,*,#4537,.T.);
#5917=ORIENTED_EDGE('',*,*,#4538,.T.);
#5918=ORIENTED_EDGE('',*,*,#4539,.T.);
#5919=ORIENTED_EDGE('',*,*,#4540,.T.);
#5920=ORIENTED_EDGE('',*,*,#4541,.T.);
#5921=ORIENTED_EDGE('',*,*,#4542,.T.);
#5922=ORIENTED_EDGE('',*,*,#4543,.T.);
#5923=ORIENTED_EDGE('',*,*,#4544,.T.);
#5924=ORIENTED_EDGE('',*,*,#4545,.T.);
#5925=ORIENTED_EDGE('',*,*,#4546,.T.);
#5926=ORIENTED_EDGE('',*,*,#4547,.T.);
#5927=ORIENTED_EDGE('',*,*,#4548,.T.);
#5928=ORIENTED_EDGE('',*,*,#4549,.T.);
#5929=ORIENTED_EDGE('',*,*,#4550,.T.);
#5930=ORIENTED_EDGE('',*,*,#4551,.T.);
#5931=ORIENTED_EDGE('',*,*,#4552,.T.);
#5932=ORIENTED_EDGE('',*,*,#4553,.T.);
#5933=ORIENTED_EDGE('',*,*,#4554,.T.);
#5934=ORIENTED_EDGE('',*,*,#4555,.T.);
#5935=ORIENTED_EDGE('',*,*,#4556,.T.);
#5936=ORIENTED_EDGE('',*,*,#4557,.F.);
#5937=ORIENTED_EDGE('',*,*,#4558,.T.);
#5938=ORIENTED_EDGE('',*,*,#4559,.T.);
#5939=ORIENTED_EDGE('',*,*,#4558,.F.);
#5940=ORIENTED_EDGE('',*,*,#4560,.F.);
#5941=ORIENTED_EDGE('',*,*,#4561,.T.);
#5942=ORIENTED_EDGE('',*,*,#4562,.T.);
#5943=ORIENTED_EDGE('',*,*,#4561,.F.);
#5944=ORIENTED_EDGE('',*,*,#4563,.F.);
#5945=ORIENTED_EDGE('',*,*,#4564,.T.);
#5946=ORIENTED_EDGE('',*,*,#4565,.T.);
#5947=ORIENTED_EDGE('',*,*,#4564,.F.);
#5948=ORIENTED_EDGE('',*,*,#4566,.F.);
#5949=ORIENTED_EDGE('',*,*,#4567,.T.);
#5950=ORIENTED_EDGE('',*,*,#4568,.T.);
#5951=ORIENTED_EDGE('',*,*,#4567,.F.);
#5952=ORIENTED_EDGE('',*,*,#4569,.F.);
#5953=ORIENTED_EDGE('',*,*,#4570,.T.);
#5954=ORIENTED_EDGE('',*,*,#4571,.T.);
#5955=ORIENTED_EDGE('',*,*,#4570,.F.);
#5956=ORIENTED_EDGE('',*,*,#4572,.F.);
#5957=ORIENTED_EDGE('',*,*,#4573,.T.);
#5958=ORIENTED_EDGE('',*,*,#4574,.T.);
#5959=ORIENTED_EDGE('',*,*,#4573,.F.);
#5960=ORIENTED_EDGE('',*,*,#4575,.F.);
#5961=ORIENTED_EDGE('',*,*,#4576,.T.);
#5962=ORIENTED_EDGE('',*,*,#4577,.T.);
#5963=ORIENTED_EDGE('',*,*,#4576,.F.);
#5964=ORIENTED_EDGE('',*,*,#4578,.F.);
#5965=ORIENTED_EDGE('',*,*,#4579,.T.);
#5966=ORIENTED_EDGE('',*,*,#4580,.T.);
#5967=ORIENTED_EDGE('',*,*,#4579,.F.);
#5968=ORIENTED_EDGE('',*,*,#4581,.F.);
#5969=ORIENTED_EDGE('',*,*,#4582,.T.);
#5970=ORIENTED_EDGE('',*,*,#4583,.T.);
#5971=ORIENTED_EDGE('',*,*,#4582,.F.);
#5972=ORIENTED_EDGE('',*,*,#4584,.F.);
#5973=ORIENTED_EDGE('',*,*,#4585,.T.);
#5974=ORIENTED_EDGE('',*,*,#4586,.T.);
#5975=ORIENTED_EDGE('',*,*,#4585,.F.);
#5976=ORIENTED_EDGE('',*,*,#4587,.F.);
#5977=ORIENTED_EDGE('',*,*,#4588,.T.);
#5978=ORIENTED_EDGE('',*,*,#4589,.T.);
#5979=ORIENTED_EDGE('',*,*,#4588,.F.);
#5980=ORIENTED_EDGE('',*,*,#4590,.F.);
#5981=ORIENTED_EDGE('',*,*,#4591,.T.);
#5982=ORIENTED_EDGE('',*,*,#4592,.F.);
#5983=ORIENTED_EDGE('',*,*,#4591,.F.);
#5984=ORIENTED_EDGE('',*,*,#4523,.T.);
#5985=ORIENTED_EDGE('',*,*,#4593,.F.);
#5986=ORIENTED_EDGE('',*,*,#4527,.F.);
#5987=ORIENTED_EDGE('',*,*,#4594,.T.);
#5988=ORIENTED_EDGE('',*,*,#4522,.T.);
#5989=ORIENTED_EDGE('',*,*,#4595,.F.);
#5990=ORIENTED_EDGE('',*,*,#4528,.F.);
#5991=ORIENTED_EDGE('',*,*,#4593,.T.);
#5992=ORIENTED_EDGE('',*,*,#4521,.T.);
#5993=ORIENTED_EDGE('',*,*,#4596,.F.);
#5994=ORIENTED_EDGE('',*,*,#4529,.F.);
#5995=ORIENTED_EDGE('',*,*,#4595,.T.);
#5996=ORIENTED_EDGE('',*,*,#4520,.T.);
#5997=ORIENTED_EDGE('',*,*,#4597,.F.);
#5998=ORIENTED_EDGE('',*,*,#4530,.F.);
#5999=ORIENTED_EDGE('',*,*,#4596,.T.);
#6000=ORIENTED_EDGE('',*,*,#4519,.T.);
#6001=ORIENTED_EDGE('',*,*,#4598,.F.);
#6002=ORIENTED_EDGE('',*,*,#4531,.F.);
#6003=ORIENTED_EDGE('',*,*,#4597,.T.);
#6004=ORIENTED_EDGE('',*,*,#4518,.T.);
#6005=ORIENTED_EDGE('',*,*,#4599,.F.);
#6006=ORIENTED_EDGE('',*,*,#4532,.F.);
#6007=ORIENTED_EDGE('',*,*,#4598,.T.);
#6008=ORIENTED_EDGE('',*,*,#4517,.T.);
#6009=ORIENTED_EDGE('',*,*,#4600,.F.);
#6010=ORIENTED_EDGE('',*,*,#4533,.F.);
#6011=ORIENTED_EDGE('',*,*,#4599,.T.);
#6012=ORIENTED_EDGE('',*,*,#4516,.T.);
#6013=ORIENTED_EDGE('',*,*,#4601,.F.);
#6014=ORIENTED_EDGE('',*,*,#4534,.F.);
#6015=ORIENTED_EDGE('',*,*,#4600,.T.);
#6016=ORIENTED_EDGE('',*,*,#4515,.T.);
#6017=ORIENTED_EDGE('',*,*,#4602,.F.);
#6018=ORIENTED_EDGE('',*,*,#4535,.F.);
#6019=ORIENTED_EDGE('',*,*,#4601,.T.);
#6020=ORIENTED_EDGE('',*,*,#4514,.T.);
#6021=ORIENTED_EDGE('',*,*,#4603,.F.);
#6022=ORIENTED_EDGE('',*,*,#4536,.F.);
#6023=ORIENTED_EDGE('',*,*,#4602,.T.);
#6024=ORIENTED_EDGE('',*,*,#4513,.T.);
#6025=ORIENTED_EDGE('',*,*,#4604,.F.);
#6026=ORIENTED_EDGE('',*,*,#4537,.F.);
#6027=ORIENTED_EDGE('',*,*,#4603,.T.);
#6028=ORIENTED_EDGE('',*,*,#4512,.T.);
#6029=ORIENTED_EDGE('',*,*,#4605,.F.);
#6030=ORIENTED_EDGE('',*,*,#4538,.F.);
#6031=ORIENTED_EDGE('',*,*,#4604,.T.);
#6032=ORIENTED_EDGE('',*,*,#4511,.T.);
#6033=ORIENTED_EDGE('',*,*,#4606,.F.);
#6034=ORIENTED_EDGE('',*,*,#4539,.F.);
#6035=ORIENTED_EDGE('',*,*,#4605,.T.);
#6036=ORIENTED_EDGE('',*,*,#4507,.T.);
#6037=ORIENTED_EDGE('',*,*,#4607,.F.);
#6038=ORIENTED_EDGE('',*,*,#4543,.F.);
#6039=ORIENTED_EDGE('',*,*,#4608,.T.);
#6040=ORIENTED_EDGE('',*,*,#4506,.T.);
#6041=ORIENTED_EDGE('',*,*,#4609,.F.);
#6042=ORIENTED_EDGE('',*,*,#4544,.F.);
#6043=ORIENTED_EDGE('',*,*,#4607,.T.);
#6044=ORIENTED_EDGE('',*,*,#4505,.T.);
#6045=ORIENTED_EDGE('',*,*,#4610,.F.);
#6046=ORIENTED_EDGE('',*,*,#4545,.F.);
#6047=ORIENTED_EDGE('',*,*,#4609,.T.);
#6048=ORIENTED_EDGE('',*,*,#4504,.T.);
#6049=ORIENTED_EDGE('',*,*,#4611,.F.);
#6050=ORIENTED_EDGE('',*,*,#4546,.F.);
#6051=ORIENTED_EDGE('',*,*,#4610,.T.);
#6052=ORIENTED_EDGE('',*,*,#4503,.T.);
#6053=ORIENTED_EDGE('',*,*,#4612,.F.);
#6054=ORIENTED_EDGE('',*,*,#4547,.F.);
#6055=ORIENTED_EDGE('',*,*,#4611,.T.);
#6056=ORIENTED_EDGE('',*,*,#4502,.T.);
#6057=ORIENTED_EDGE('',*,*,#4613,.F.);
#6058=ORIENTED_EDGE('',*,*,#4548,.F.);
#6059=ORIENTED_EDGE('',*,*,#4612,.T.);
#6060=ORIENTED_EDGE('',*,*,#4501,.T.);
#6061=ORIENTED_EDGE('',*,*,#4614,.F.);
#6062=ORIENTED_EDGE('',*,*,#4549,.F.);
#6063=ORIENTED_EDGE('',*,*,#4613,.T.);
#6064=ORIENTED_EDGE('',*,*,#4500,.T.);
#6065=ORIENTED_EDGE('',*,*,#4615,.F.);
#6066=ORIENTED_EDGE('',*,*,#4550,.F.);
#6067=ORIENTED_EDGE('',*,*,#4614,.T.);
#6068=ORIENTED_EDGE('',*,*,#4499,.T.);
#6069=ORIENTED_EDGE('',*,*,#4616,.F.);
#6070=ORIENTED_EDGE('',*,*,#4551,.F.);
#6071=ORIENTED_EDGE('',*,*,#4615,.T.);
#6072=ORIENTED_EDGE('',*,*,#4498,.T.);
#6073=ORIENTED_EDGE('',*,*,#4617,.F.);
#6074=ORIENTED_EDGE('',*,*,#4552,.F.);
#6075=ORIENTED_EDGE('',*,*,#4616,.T.);
#6076=ORIENTED_EDGE('',*,*,#4497,.T.);
#6077=ORIENTED_EDGE('',*,*,#4618,.F.);
#6078=ORIENTED_EDGE('',*,*,#4553,.F.);
#6079=ORIENTED_EDGE('',*,*,#4617,.T.);
#6080=ORIENTED_EDGE('',*,*,#4496,.T.);
#6081=ORIENTED_EDGE('',*,*,#4619,.F.);
#6082=ORIENTED_EDGE('',*,*,#4554,.F.);
#6083=ORIENTED_EDGE('',*,*,#4618,.T.);
#6084=ORIENTED_EDGE('',*,*,#4495,.T.);
#6085=ORIENTED_EDGE('',*,*,#4620,.F.);
#6086=ORIENTED_EDGE('',*,*,#4555,.F.);
#6087=ORIENTED_EDGE('',*,*,#4619,.T.);
#6088=ORIENTED_EDGE('',*,*,#4494,.T.);
#6089=ORIENTED_EDGE('',*,*,#4621,.F.);
#6090=ORIENTED_EDGE('',*,*,#4556,.F.);
#6091=ORIENTED_EDGE('',*,*,#4620,.T.);
#6092=ORIENTED_EDGE('',*,*,#4493,.T.);
#6093=ORIENTED_EDGE('',*,*,#4622,.F.);
#6094=ORIENTED_EDGE('',*,*,#4525,.F.);
#6095=ORIENTED_EDGE('',*,*,#4621,.T.);
#6096=ORIENTED_EDGE('',*,*,#4557,.T.);
#6097=ORIENTED_EDGE('',*,*,#4560,.T.);
#6098=ORIENTED_EDGE('',*,*,#4563,.T.);
#6099=ORIENTED_EDGE('',*,*,#4566,.T.);
#6100=ORIENTED_EDGE('',*,*,#4569,.T.);
#6101=ORIENTED_EDGE('',*,*,#4572,.T.);
#6102=ORIENTED_EDGE('',*,*,#4575,.T.);
#6103=ORIENTED_EDGE('',*,*,#4578,.T.);
#6104=ORIENTED_EDGE('',*,*,#4581,.T.);
#6105=ORIENTED_EDGE('',*,*,#4584,.T.);
#6106=ORIENTED_EDGE('',*,*,#4587,.T.);
#6107=ORIENTED_EDGE('',*,*,#4592,.T.);
#6108=ORIENTED_EDGE('',*,*,#4524,.T.);
#6109=ORIENTED_EDGE('',*,*,#4594,.F.);
#6110=ORIENTED_EDGE('',*,*,#4526,.F.);
#6111=ORIENTED_EDGE('',*,*,#4622,.T.);
#6112=ORIENTED_EDGE('',*,*,#4623,.T.);
#6113=ORIENTED_EDGE('',*,*,#4562,.F.);
#6114=ORIENTED_EDGE('',*,*,#4624,.T.);
#6115=ORIENTED_EDGE('',*,*,#4565,.F.);
#6116=ORIENTED_EDGE('',*,*,#4625,.T.);
#6117=ORIENTED_EDGE('',*,*,#4568,.F.);
#6118=ORIENTED_EDGE('',*,*,#4626,.T.);
#6119=ORIENTED_EDGE('',*,*,#4571,.F.);
#6120=ORIENTED_EDGE('',*,*,#4627,.T.);
#6121=ORIENTED_EDGE('',*,*,#4574,.F.);
#6122=ORIENTED_EDGE('',*,*,#4628,.T.);
#6123=ORIENTED_EDGE('',*,*,#4577,.F.);
#6124=ORIENTED_EDGE('',*,*,#4629,.T.);
#6125=ORIENTED_EDGE('',*,*,#4580,.F.);
#6126=ORIENTED_EDGE('',*,*,#4630,.T.);
#6127=ORIENTED_EDGE('',*,*,#4583,.F.);
#6128=ORIENTED_EDGE('',*,*,#4631,.T.);
#6129=ORIENTED_EDGE('',*,*,#4586,.F.);
#6130=ORIENTED_EDGE('',*,*,#4632,.T.);
#6131=ORIENTED_EDGE('',*,*,#4589,.F.);
#6132=ORIENTED_EDGE('',*,*,#4633,.F.);
#6133=ORIENTED_EDGE('',*,*,#4590,.T.);
#6134=ORIENTED_EDGE('',*,*,#4510,.T.);
#6135=ORIENTED_EDGE('',*,*,#4634,.F.);
#6136=ORIENTED_EDGE('',*,*,#4540,.F.);
#6137=ORIENTED_EDGE('',*,*,#4606,.T.);
#6138=ORIENTED_EDGE('',*,*,#4508,.T.);
#6139=ORIENTED_EDGE('',*,*,#4608,.F.);
#6140=ORIENTED_EDGE('',*,*,#4542,.F.);
#6141=ORIENTED_EDGE('',*,*,#4635,.T.);
#6142=ORIENTED_EDGE('',*,*,#4623,.F.);
#6143=ORIENTED_EDGE('',*,*,#4636,.T.);
#6144=ORIENTED_EDGE('',*,*,#4637,.F.);
#6145=ORIENTED_EDGE('',*,*,#4636,.F.);
#6146=ORIENTED_EDGE('',*,*,#4624,.F.);
#6147=ORIENTED_EDGE('',*,*,#4638,.T.);
#6148=ORIENTED_EDGE('',*,*,#4639,.F.);
#6149=ORIENTED_EDGE('',*,*,#4638,.F.);
#6150=ORIENTED_EDGE('',*,*,#4625,.F.);
#6151=ORIENTED_EDGE('',*,*,#4640,.T.);
#6152=ORIENTED_EDGE('',*,*,#4641,.F.);
#6153=ORIENTED_EDGE('',*,*,#4640,.F.);
#6154=ORIENTED_EDGE('',*,*,#4626,.F.);
#6155=ORIENTED_EDGE('',*,*,#4642,.T.);
#6156=ORIENTED_EDGE('',*,*,#4643,.F.);
#6157=ORIENTED_EDGE('',*,*,#4642,.F.);
#6158=ORIENTED_EDGE('',*,*,#4627,.F.);
#6159=ORIENTED_EDGE('',*,*,#4644,.T.);
#6160=ORIENTED_EDGE('',*,*,#4645,.F.);
#6161=ORIENTED_EDGE('',*,*,#4644,.F.);
#6162=ORIENTED_EDGE('',*,*,#4628,.F.);
#6163=ORIENTED_EDGE('',*,*,#4646,.T.);
#6164=ORIENTED_EDGE('',*,*,#4647,.F.);
#6165=ORIENTED_EDGE('',*,*,#4646,.F.);
#6166=ORIENTED_EDGE('',*,*,#4629,.F.);
#6167=ORIENTED_EDGE('',*,*,#4648,.T.);
#6168=ORIENTED_EDGE('',*,*,#4649,.F.);
#6169=ORIENTED_EDGE('',*,*,#4648,.F.);
#6170=ORIENTED_EDGE('',*,*,#4630,.F.);
#6171=ORIENTED_EDGE('',*,*,#4650,.T.);
#6172=ORIENTED_EDGE('',*,*,#4651,.F.);
#6173=ORIENTED_EDGE('',*,*,#4650,.F.);
#6174=ORIENTED_EDGE('',*,*,#4631,.F.);
#6175=ORIENTED_EDGE('',*,*,#4652,.T.);
#6176=ORIENTED_EDGE('',*,*,#4653,.F.);
#6177=ORIENTED_EDGE('',*,*,#4652,.F.);
#6178=ORIENTED_EDGE('',*,*,#4632,.F.);
#6179=ORIENTED_EDGE('',*,*,#4654,.T.);
#6180=ORIENTED_EDGE('',*,*,#4655,.F.);
#6181=ORIENTED_EDGE('',*,*,#4654,.F.);
#6182=ORIENTED_EDGE('',*,*,#4656,.F.);
#6183=ORIENTED_EDGE('',*,*,#4657,.T.);
#6184=ORIENTED_EDGE('',*,*,#4633,.T.);
#6185=ORIENTED_EDGE('',*,*,#4657,.F.);
#6186=ORIENTED_EDGE('',*,*,#4658,.T.);
#6187=ORIENTED_EDGE('',*,*,#4559,.F.);
#6188=ORIENTED_EDGE('',*,*,#4509,.T.);
#6189=ORIENTED_EDGE('',*,*,#4635,.F.);
#6190=ORIENTED_EDGE('',*,*,#4541,.F.);
#6191=ORIENTED_EDGE('',*,*,#4634,.T.);
#6192=ORIENTED_EDGE('',*,*,#4656,.T.);
#6193=ORIENTED_EDGE('',*,*,#4655,.T.);
#6194=ORIENTED_EDGE('',*,*,#4653,.T.);
#6195=ORIENTED_EDGE('',*,*,#4651,.T.);
#6196=ORIENTED_EDGE('',*,*,#4649,.T.);
#6197=ORIENTED_EDGE('',*,*,#4647,.T.);
#6198=ORIENTED_EDGE('',*,*,#4645,.T.);
#6199=ORIENTED_EDGE('',*,*,#4643,.T.);
#6200=ORIENTED_EDGE('',*,*,#4641,.T.);
#6201=ORIENTED_EDGE('',*,*,#4639,.T.);
#6202=ORIENTED_EDGE('',*,*,#4637,.T.);
#6203=ORIENTED_EDGE('',*,*,#4659,.T.);
#6204=ORIENTED_EDGE('',*,*,#4658,.F.);
#6205=ORIENTED_EDGE('',*,*,#4660,.T.);
#6206=ORIENTED_EDGE('',*,*,#4659,.F.);
#6207=ORIENTED_EDGE('',*,*,#4660,.F.);
#6208=ORIENTED_EDGE('',*,*,#4661,.T.);
#6209=ORIENTED_EDGE('',*,*,#4662,.F.);
#6210=ORIENTED_EDGE('',*,*,#4661,.F.);
#6211=ORIENTED_EDGE('',*,*,#4663,.T.);
#6212=ORIENTED_EDGE('',*,*,#4664,.F.);
#6213=ORIENTED_EDGE('',*,*,#4663,.F.);
#6214=ORIENTED_EDGE('',*,*,#4665,.F.);
#6215=ORIENTED_EDGE('',*,*,#4666,.T.);
#6216=ORIENTED_EDGE('',*,*,#4662,.T.);
#6217=ORIENTED_EDGE('',*,*,#4666,.F.);
#6218=ORIENTED_EDGE('',*,*,#4667,.F.);
#6219=ORIENTED_EDGE('',*,*,#4668,.T.);
#6220=ORIENTED_EDGE('',*,*,#4664,.T.);
#6221=ORIENTED_EDGE('',*,*,#4668,.F.);
#6222=ORIENTED_EDGE('',*,*,#4669,.F.);
#6223=ORIENTED_EDGE('',*,*,#4665,.T.);
#6224=ORIENTED_EDGE('',*,*,#4670,.F.);
#6225=ORIENTED_EDGE('',*,*,#4667,.T.);
#6226=ORIENTED_EDGE('',*,*,#4671,.T.);
#6227=ORIENTED_EDGE('',*,*,#4672,.F.);
#6228=ORIENTED_EDGE('',*,*,#4671,.F.);
#6229=ORIENTED_EDGE('',*,*,#4673,.F.);
#6230=ORIENTED_EDGE('',*,*,#4674,.T.);
#6231=ORIENTED_EDGE('',*,*,#4669,.T.);
#6232=ORIENTED_EDGE('',*,*,#4674,.F.);
#6233=ORIENTED_EDGE('',*,*,#4675,.F.);
#6234=ORIENTED_EDGE('',*,*,#4676,.T.);
#6235=ORIENTED_EDGE('',*,*,#4670,.T.);
#6236=ORIENTED_EDGE('',*,*,#4676,.F.);
#6237=ORIENTED_EDGE('',*,*,#4677,.F.);
#6238=ORIENTED_EDGE('',*,*,#4678,.T.);
#6239=ORIENTED_EDGE('',*,*,#4672,.T.);
#6240=ORIENTED_EDGE('',*,*,#4678,.F.);
#6241=ORIENTED_EDGE('',*,*,#4679,.F.);
#6242=ORIENTED_EDGE('',*,*,#4680,.T.);
#6243=ORIENTED_EDGE('',*,*,#4673,.T.);
#6244=ORIENTED_EDGE('',*,*,#4680,.F.);
#6245=ORIENTED_EDGE('',*,*,#4681,.F.);
#6246=ORIENTED_EDGE('',*,*,#4682,.T.);
#6247=ORIENTED_EDGE('',*,*,#4675,.T.);
#6248=ORIENTED_EDGE('',*,*,#4682,.F.);
#6249=ORIENTED_EDGE('',*,*,#4683,.F.);
#6250=ORIENTED_EDGE('',*,*,#4677,.T.);
#6251=ORIENTED_EDGE('',*,*,#4679,.T.);
#6252=ORIENTED_EDGE('',*,*,#4684,.T.);
#6253=ORIENTED_EDGE('',*,*,#4685,.F.);
#6254=ORIENTED_EDGE('',*,*,#4684,.F.);
#6255=ORIENTED_EDGE('',*,*,#4681,.T.);
#6256=ORIENTED_EDGE('',*,*,#4686,.T.);
#6257=ORIENTED_EDGE('',*,*,#4687,.F.);
#6258=ORIENTED_EDGE('',*,*,#4686,.F.);
#6259=ORIENTED_EDGE('',*,*,#4688,.F.);
#6260=ORIENTED_EDGE('',*,*,#4689,.T.);
#6261=ORIENTED_EDGE('',*,*,#4683,.T.);
#6262=ORIENTED_EDGE('',*,*,#4689,.F.);
#6263=ORIENTED_EDGE('',*,*,#4690,.T.);
#6264=ORIENTED_EDGE('',*,*,#4691,.T.);
#6265=ORIENTED_EDGE('',*,*,#4692,.F.);
#6266=ORIENTED_EDGE('',*,*,#4693,.F.);
#6267=ORIENTED_EDGE('',*,*,#4694,.T.);
#6268=ORIENTED_EDGE('',*,*,#4695,.F.);
#6269=ORIENTED_EDGE('',*,*,#4696,.F.);
#6270=ORIENTED_EDGE('',*,*,#4692,.T.);
#6271=ORIENTED_EDGE('',*,*,#4697,.T.);
#6272=ORIENTED_EDGE('',*,*,#4698,.F.);
#6273=ORIENTED_EDGE('',*,*,#4699,.F.);
#6274=ORIENTED_EDGE('',*,*,#4695,.T.);
#6275=ORIENTED_EDGE('',*,*,#4700,.T.);
#6276=ORIENTED_EDGE('',*,*,#4701,.F.);
#6277=ORIENTED_EDGE('',*,*,#4702,.F.);
#6278=ORIENTED_EDGE('',*,*,#4703,.T.);
#6279=ORIENTED_EDGE('',*,*,#4704,.T.);
#6280=ORIENTED_EDGE('',*,*,#4705,.F.);
#6281=ORIENTED_EDGE('',*,*,#4706,.F.);
#6282=ORIENTED_EDGE('',*,*,#4701,.T.);
#6283=ORIENTED_EDGE('',*,*,#4707,.T.);
#6284=ORIENTED_EDGE('',*,*,#4708,.F.);
#6285=ORIENTED_EDGE('',*,*,#4709,.F.);
#6286=ORIENTED_EDGE('',*,*,#4705,.T.);
#6287=ORIENTED_EDGE('',*,*,#4687,.T.);
#6288=ORIENTED_EDGE('',*,*,#4685,.T.);
#6289=ORIENTED_EDGE('',*,*,#4710,.T.);
#6290=ORIENTED_EDGE('',*,*,#4711,.F.);
#6291=ORIENTED_EDGE('',*,*,#4712,.F.);
#6292=ORIENTED_EDGE('',*,*,#4708,.T.);
#6293=ORIENTED_EDGE('',*,*,#4713,.T.);
#6294=ORIENTED_EDGE('',*,*,#4714,.F.);
#6295=ORIENTED_EDGE('',*,*,#4715,.F.);
#6296=ORIENTED_EDGE('',*,*,#4711,.T.);
#6297=ORIENTED_EDGE('',*,*,#4716,.T.);
#6298=ORIENTED_EDGE('',*,*,#4717,.F.);
#6299=ORIENTED_EDGE('',*,*,#4718,.F.);
#6300=ORIENTED_EDGE('',*,*,#4714,.T.);
#6301=ORIENTED_EDGE('',*,*,#4719,.T.);
#6302=ORIENTED_EDGE('',*,*,#4720,.F.);
#6303=ORIENTED_EDGE('',*,*,#4721,.F.);
#6304=ORIENTED_EDGE('',*,*,#4717,.T.);
#6305=ORIENTED_EDGE('',*,*,#4722,.T.);
#6306=ORIENTED_EDGE('',*,*,#4723,.F.);
#6307=ORIENTED_EDGE('',*,*,#4724,.F.);
#6308=ORIENTED_EDGE('',*,*,#4720,.T.);
#6309=ORIENTED_EDGE('',*,*,#4725,.T.);
#6310=ORIENTED_EDGE('',*,*,#4726,.F.);
#6311=ORIENTED_EDGE('',*,*,#4723,.T.);
#6312=ORIENTED_EDGE('',*,*,#4727,.T.);
#6313=ORIENTED_EDGE('',*,*,#4725,.F.);
#6314=ORIENTED_EDGE('',*,*,#4728,.F.);
#6315=ORIENTED_EDGE('',*,*,#4729,.F.);
#6316=ORIENTED_EDGE('',*,*,#4730,.F.);
#6317=ORIENTED_EDGE('',*,*,#4731,.F.);
#6318=ORIENTED_EDGE('',*,*,#4732,.F.);
#6319=ORIENTED_EDGE('',*,*,#4733,.F.);
#6320=ORIENTED_EDGE('',*,*,#4729,.T.);
#6321=ORIENTED_EDGE('',*,*,#4734,.F.);
#6322=ORIENTED_EDGE('',*,*,#4735,.F.);
#6323=ORIENTED_EDGE('',*,*,#4736,.F.);
#6324=ORIENTED_EDGE('',*,*,#4732,.T.);
#6325=ORIENTED_EDGE('',*,*,#4737,.F.);
#6326=ORIENTED_EDGE('',*,*,#4738,.F.);
#6327=ORIENTED_EDGE('',*,*,#4739,.F.);
#6328=ORIENTED_EDGE('',*,*,#4735,.T.);
#6329=ORIENTED_EDGE('',*,*,#4740,.F.);
#6330=ORIENTED_EDGE('',*,*,#4741,.F.);
#6331=ORIENTED_EDGE('',*,*,#4742,.F.);
#6332=ORIENTED_EDGE('',*,*,#4738,.T.);
#6333=ORIENTED_EDGE('',*,*,#4743,.F.);
#6334=ORIENTED_EDGE('',*,*,#4744,.F.);
#6335=ORIENTED_EDGE('',*,*,#4745,.F.);
#6336=ORIENTED_EDGE('',*,*,#4741,.T.);
#6337=ORIENTED_EDGE('',*,*,#4746,.F.);
#6338=ORIENTED_EDGE('',*,*,#4747,.F.);
#6339=ORIENTED_EDGE('',*,*,#4748,.F.);
#6340=ORIENTED_EDGE('',*,*,#4744,.T.);
#6341=ORIENTED_EDGE('',*,*,#4749,.F.);
#6342=ORIENTED_EDGE('',*,*,#4750,.F.);
#6343=ORIENTED_EDGE('',*,*,#4751,.F.);
#6344=ORIENTED_EDGE('',*,*,#4747,.T.);
#6345=ORIENTED_EDGE('',*,*,#4752,.F.);
#6346=ORIENTED_EDGE('',*,*,#4753,.F.);
#6347=ORIENTED_EDGE('',*,*,#4754,.F.);
#6348=ORIENTED_EDGE('',*,*,#4750,.T.);
#6349=ORIENTED_EDGE('',*,*,#4755,.F.);
#6350=ORIENTED_EDGE('',*,*,#4756,.F.);
#6351=ORIENTED_EDGE('',*,*,#4757,.F.);
#6352=ORIENTED_EDGE('',*,*,#4753,.T.);
#6353=ORIENTED_EDGE('',*,*,#4758,.F.);
#6354=ORIENTED_EDGE('',*,*,#4759,.F.);
#6355=ORIENTED_EDGE('',*,*,#4760,.F.);
#6356=ORIENTED_EDGE('',*,*,#4756,.T.);
#6357=ORIENTED_EDGE('',*,*,#4761,.F.);
#6358=ORIENTED_EDGE('',*,*,#4762,.F.);
#6359=ORIENTED_EDGE('',*,*,#4763,.F.);
#6360=ORIENTED_EDGE('',*,*,#4759,.T.);
#6361=ORIENTED_EDGE('',*,*,#4764,.F.);
#6362=ORIENTED_EDGE('',*,*,#4765,.F.);
#6363=ORIENTED_EDGE('',*,*,#4766,.F.);
#6364=ORIENTED_EDGE('',*,*,#4762,.T.);
#6365=ORIENTED_EDGE('',*,*,#4767,.F.);
#6366=ORIENTED_EDGE('',*,*,#4768,.F.);
#6367=ORIENTED_EDGE('',*,*,#4769,.F.);
#6368=ORIENTED_EDGE('',*,*,#4765,.T.);
#6369=ORIENTED_EDGE('',*,*,#4770,.F.);
#6370=ORIENTED_EDGE('',*,*,#4771,.F.);
#6371=ORIENTED_EDGE('',*,*,#4772,.F.);
#6372=ORIENTED_EDGE('',*,*,#4768,.T.);
#6373=ORIENTED_EDGE('',*,*,#4773,.F.);
#6374=ORIENTED_EDGE('',*,*,#4774,.F.);
#6375=ORIENTED_EDGE('',*,*,#4775,.F.);
#6376=ORIENTED_EDGE('',*,*,#4771,.T.);
#6377=ORIENTED_EDGE('',*,*,#4776,.F.);
#6378=ORIENTED_EDGE('',*,*,#4777,.F.);
#6379=ORIENTED_EDGE('',*,*,#4778,.F.);
#6380=ORIENTED_EDGE('',*,*,#4774,.T.);
#6381=ORIENTED_EDGE('',*,*,#4779,.F.);
#6382=ORIENTED_EDGE('',*,*,#4780,.F.);
#6383=ORIENTED_EDGE('',*,*,#4781,.F.);
#6384=ORIENTED_EDGE('',*,*,#4777,.T.);
#6385=ORIENTED_EDGE('',*,*,#4782,.F.);
#6386=ORIENTED_EDGE('',*,*,#4783,.F.);
#6387=ORIENTED_EDGE('',*,*,#4784,.F.);
#6388=ORIENTED_EDGE('',*,*,#4780,.T.);
#6389=ORIENTED_EDGE('',*,*,#4785,.F.);
#6390=ORIENTED_EDGE('',*,*,#4786,.F.);
#6391=ORIENTED_EDGE('',*,*,#4787,.F.);
#6392=ORIENTED_EDGE('',*,*,#4783,.T.);
#6393=ORIENTED_EDGE('',*,*,#4788,.F.);
#6394=ORIENTED_EDGE('',*,*,#4789,.F.);
#6395=ORIENTED_EDGE('',*,*,#4790,.F.);
#6396=ORIENTED_EDGE('',*,*,#4786,.T.);
#6397=ORIENTED_EDGE('',*,*,#4791,.F.);
#6398=ORIENTED_EDGE('',*,*,#4792,.F.);
#6399=ORIENTED_EDGE('',*,*,#4793,.F.);
#6400=ORIENTED_EDGE('',*,*,#4789,.T.);
#6401=ORIENTED_EDGE('',*,*,#4794,.F.);
#6402=ORIENTED_EDGE('',*,*,#4795,.F.);
#6403=ORIENTED_EDGE('',*,*,#4796,.F.);
#6404=ORIENTED_EDGE('',*,*,#4792,.T.);
#6405=ORIENTED_EDGE('',*,*,#4797,.F.);
#6406=ORIENTED_EDGE('',*,*,#4798,.F.);
#6407=ORIENTED_EDGE('',*,*,#4799,.F.);
#6408=ORIENTED_EDGE('',*,*,#4795,.T.);
#6409=ORIENTED_EDGE('',*,*,#4800,.F.);
#6410=ORIENTED_EDGE('',*,*,#4801,.F.);
#6411=ORIENTED_EDGE('',*,*,#4802,.F.);
#6412=ORIENTED_EDGE('',*,*,#4798,.T.);
#6413=ORIENTED_EDGE('',*,*,#4803,.F.);
#6414=ORIENTED_EDGE('',*,*,#4804,.F.);
#6415=ORIENTED_EDGE('',*,*,#4805,.F.);
#6416=ORIENTED_EDGE('',*,*,#4801,.T.);
#6417=ORIENTED_EDGE('',*,*,#4806,.F.);
#6418=ORIENTED_EDGE('',*,*,#4807,.F.);
#6419=ORIENTED_EDGE('',*,*,#4808,.F.);
#6420=ORIENTED_EDGE('',*,*,#4804,.T.);
#6421=ORIENTED_EDGE('',*,*,#4809,.F.);
#6422=ORIENTED_EDGE('',*,*,#4810,.F.);
#6423=ORIENTED_EDGE('',*,*,#4811,.F.);
#6424=ORIENTED_EDGE('',*,*,#4807,.T.);
#6425=ORIENTED_EDGE('',*,*,#4690,.F.);
#6426=ORIENTED_EDGE('',*,*,#4812,.F.);
#6427=ORIENTED_EDGE('',*,*,#4810,.T.);
#6428=ORIENTED_EDGE('',*,*,#4813,.F.);
#6429=ORIENTED_EDGE('',*,*,#4814,.F.);
#6430=ORIENTED_EDGE('',*,*,#4815,.T.);
#6431=ORIENTED_EDGE('',*,*,#4688,.T.);
#6432=ORIENTED_EDGE('',*,*,#4815,.F.);
#6433=ORIENTED_EDGE('',*,*,#4816,.T.);
#6434=ORIENTED_EDGE('',*,*,#4817,.F.);
#6435=ORIENTED_EDGE('',*,*,#4818,.F.);
#6436=ORIENTED_EDGE('',*,*,#4698,.T.);
#6437=ORIENTED_EDGE('',*,*,#4812,.T.);
#6438=ORIENTED_EDGE('',*,*,#4693,.T.);
#6439=ORIENTED_EDGE('',*,*,#4696,.T.);
#6440=ORIENTED_EDGE('',*,*,#4699,.T.);
#6441=ORIENTED_EDGE('',*,*,#4818,.T.);
#6442=ORIENTED_EDGE('',*,*,#4819,.T.);
#6443=ORIENTED_EDGE('',*,*,#4820,.T.);
#6444=ORIENTED_EDGE('',*,*,#4702,.T.);
#6445=ORIENTED_EDGE('',*,*,#4706,.T.);
#6446=ORIENTED_EDGE('',*,*,#4709,.T.);
#6447=ORIENTED_EDGE('',*,*,#4712,.T.);
#6448=ORIENTED_EDGE('',*,*,#4715,.T.);
#6449=ORIENTED_EDGE('',*,*,#4718,.T.);
#6450=ORIENTED_EDGE('',*,*,#4721,.T.);
#6451=ORIENTED_EDGE('',*,*,#4724,.T.);
#6452=ORIENTED_EDGE('',*,*,#4726,.T.);
#6453=ORIENTED_EDGE('',*,*,#4730,.T.);
#6454=ORIENTED_EDGE('',*,*,#4733,.T.);
#6455=ORIENTED_EDGE('',*,*,#4736,.T.);
#6456=ORIENTED_EDGE('',*,*,#4739,.T.);
#6457=ORIENTED_EDGE('',*,*,#4742,.T.);
#6458=ORIENTED_EDGE('',*,*,#4745,.T.);
#6459=ORIENTED_EDGE('',*,*,#4748,.T.);
#6460=ORIENTED_EDGE('',*,*,#4751,.T.);
#6461=ORIENTED_EDGE('',*,*,#4754,.T.);
#6462=ORIENTED_EDGE('',*,*,#4757,.T.);
#6463=ORIENTED_EDGE('',*,*,#4760,.T.);
#6464=ORIENTED_EDGE('',*,*,#4763,.T.);
#6465=ORIENTED_EDGE('',*,*,#4766,.T.);
#6466=ORIENTED_EDGE('',*,*,#4769,.T.);
#6467=ORIENTED_EDGE('',*,*,#4772,.T.);
#6468=ORIENTED_EDGE('',*,*,#4775,.T.);
#6469=ORIENTED_EDGE('',*,*,#4778,.T.);
#6470=ORIENTED_EDGE('',*,*,#4781,.T.);
#6471=ORIENTED_EDGE('',*,*,#4784,.T.);
#6472=ORIENTED_EDGE('',*,*,#4787,.T.);
#6473=ORIENTED_EDGE('',*,*,#4790,.T.);
#6474=ORIENTED_EDGE('',*,*,#4793,.T.);
#6475=ORIENTED_EDGE('',*,*,#4796,.T.);
#6476=ORIENTED_EDGE('',*,*,#4799,.T.);
#6477=ORIENTED_EDGE('',*,*,#4802,.T.);
#6478=ORIENTED_EDGE('',*,*,#4805,.T.);
#6479=ORIENTED_EDGE('',*,*,#4808,.T.);
#6480=ORIENTED_EDGE('',*,*,#4811,.T.);
#6481=ORIENTED_EDGE('',*,*,#4821,.T.);
#6482=ORIENTED_EDGE('',*,*,#4703,.F.);
#6483=ORIENTED_EDGE('',*,*,#4820,.F.);
#6484=ORIENTED_EDGE('',*,*,#4822,.T.);
#6485=ORIENTED_EDGE('',*,*,#4813,.T.);
#6486=ORIENTED_EDGE('',*,*,#4809,.T.);
#6487=ORIENTED_EDGE('',*,*,#4806,.T.);
#6488=ORIENTED_EDGE('',*,*,#4803,.T.);
#6489=ORIENTED_EDGE('',*,*,#4800,.T.);
#6490=ORIENTED_EDGE('',*,*,#4797,.T.);
#6491=ORIENTED_EDGE('',*,*,#4794,.T.);
#6492=ORIENTED_EDGE('',*,*,#4791,.T.);
#6493=ORIENTED_EDGE('',*,*,#4788,.T.);
#6494=ORIENTED_EDGE('',*,*,#4785,.T.);
#6495=ORIENTED_EDGE('',*,*,#4782,.T.);
#6496=ORIENTED_EDGE('',*,*,#4779,.T.);
#6497=ORIENTED_EDGE('',*,*,#4776,.T.);
#6498=ORIENTED_EDGE('',*,*,#4773,.T.);
#6499=ORIENTED_EDGE('',*,*,#4770,.T.);
#6500=ORIENTED_EDGE('',*,*,#4767,.T.);
#6501=ORIENTED_EDGE('',*,*,#4764,.T.);
#6502=ORIENTED_EDGE('',*,*,#4761,.T.);
#6503=ORIENTED_EDGE('',*,*,#4758,.T.);
#6504=ORIENTED_EDGE('',*,*,#4755,.T.);
#6505=ORIENTED_EDGE('',*,*,#4752,.T.);
#6506=ORIENTED_EDGE('',*,*,#4749,.T.);
#6507=ORIENTED_EDGE('',*,*,#4746,.T.);
#6508=ORIENTED_EDGE('',*,*,#4743,.T.);
#6509=ORIENTED_EDGE('',*,*,#4740,.T.);
#6510=ORIENTED_EDGE('',*,*,#4737,.T.);
#6511=ORIENTED_EDGE('',*,*,#4734,.T.);
#6512=ORIENTED_EDGE('',*,*,#4731,.T.);
#6513=ORIENTED_EDGE('',*,*,#4728,.T.);
#6514=ORIENTED_EDGE('',*,*,#4727,.F.);
#6515=ORIENTED_EDGE('',*,*,#4722,.F.);
#6516=ORIENTED_EDGE('',*,*,#4719,.F.);
#6517=ORIENTED_EDGE('',*,*,#4716,.F.);
#6518=ORIENTED_EDGE('',*,*,#4713,.F.);
#6519=ORIENTED_EDGE('',*,*,#4710,.F.);
#6520=ORIENTED_EDGE('',*,*,#4707,.F.);
#6521=ORIENTED_EDGE('',*,*,#4704,.F.);
#6522=ORIENTED_EDGE('',*,*,#4700,.F.);
#6523=ORIENTED_EDGE('',*,*,#4821,.F.);
#6524=ORIENTED_EDGE('',*,*,#4823,.F.);
#6525=ORIENTED_EDGE('',*,*,#4816,.F.);
#6526=ORIENTED_EDGE('',*,*,#4697,.F.);
#6527=ORIENTED_EDGE('',*,*,#4694,.F.);
#6528=ORIENTED_EDGE('',*,*,#4691,.F.);
#6529=ORIENTED_EDGE('',*,*,#4814,.T.);
#6530=ORIENTED_EDGE('',*,*,#4824,.T.);
#6531=ORIENTED_EDGE('',*,*,#4825,.F.);
#6532=ORIENTED_EDGE('',*,*,#4824,.F.);
#6533=ORIENTED_EDGE('',*,*,#4823,.T.);
#6534=ORIENTED_EDGE('',*,*,#4822,.F.);
#6535=ORIENTED_EDGE('',*,*,#4819,.F.);
#6536=ORIENTED_EDGE('',*,*,#4817,.T.);
#6537=ORIENTED_EDGE('',*,*,#4825,.T.);
#6538=ORIENTED_EDGE('',*,*,#4826,.T.);
#6539=ORIENTED_EDGE('',*,*,#4827,.T.);
#6540=ORIENTED_EDGE('',*,*,#4828,.T.);
#6541=ORIENTED_EDGE('',*,*,#4826,.F.);
#6542=ORIENTED_EDGE('',*,*,#4828,.F.);
#6543=ORIENTED_EDGE('',*,*,#4827,.F.);
#6544=ORIENTED_EDGE('',*,*,#4829,.T.);
#6545=ORIENTED_EDGE('',*,*,#4830,.T.);
#6546=ORIENTED_EDGE('',*,*,#4829,.F.);
#6547=ORIENTED_EDGE('',*,*,#4830,.F.);
#6548=ORIENTED_EDGE('',*,*,#4831,.T.);
#6549=ORIENTED_EDGE('',*,*,#4832,.T.);
#6550=ORIENTED_EDGE('',*,*,#4831,.F.);
#6551=ORIENTED_EDGE('',*,*,#4832,.F.);
#6552=ORIENTED_EDGE('',*,*,#4833,.T.);
#6553=ORIENTED_EDGE('',*,*,#4833,.F.);
#6554=ORIENTED_EDGE('',*,*,#4834,.T.);
#6555=ORIENTED_EDGE('',*,*,#4835,.T.);
#6556=ORIENTED_EDGE('',*,*,#4834,.F.);
#6557=ORIENTED_EDGE('',*,*,#4836,.T.);
#6558=ORIENTED_EDGE('',*,*,#4835,.F.);
#6559=ORIENTED_EDGE('',*,*,#4836,.F.);
#6560=ORIENTED_EDGE('',*,*,#4837,.T.);
#6561=ORIENTED_EDGE('',*,*,#4838,.T.);
#6562=ORIENTED_EDGE('',*,*,#4839,.F.);
#6563=ORIENTED_EDGE('',*,*,#4840,.F.);
#6564=ORIENTED_EDGE('',*,*,#4841,.T.);
#6565=ORIENTED_EDGE('',*,*,#4842,.T.);
#6566=ORIENTED_EDGE('',*,*,#4843,.F.);
#6567=ORIENTED_EDGE('',*,*,#4844,.T.);
#6568=ORIENTED_EDGE('',*,*,#4845,.T.);
#6569=ORIENTED_EDGE('',*,*,#4846,.T.);
#6570=ORIENTED_EDGE('',*,*,#4847,.T.);
#6571=ORIENTED_EDGE('',*,*,#4848,.F.);
#6572=ORIENTED_EDGE('',*,*,#4849,.T.);
#6573=ORIENTED_EDGE('',*,*,#4845,.F.);
#6574=ORIENTED_EDGE('',*,*,#4850,.T.);
#6575=ORIENTED_EDGE('',*,*,#4851,.F.);
#6576=ORIENTED_EDGE('',*,*,#4852,.F.);
#6577=ORIENTED_EDGE('',*,*,#4853,.T.);
#6578=ORIENTED_EDGE('',*,*,#4846,.F.);
#6579=ORIENTED_EDGE('',*,*,#4849,.F.);
#6580=ORIENTED_EDGE('',*,*,#4854,.F.);
#6581=ORIENTED_EDGE('',*,*,#4855,.F.);
#6582=ORIENTED_EDGE('',*,*,#4847,.F.);
#6583=ORIENTED_EDGE('',*,*,#4853,.F.);
#6584=ORIENTED_EDGE('',*,*,#4856,.F.);
#6585=ORIENTED_EDGE('',*,*,#4857,.F.);
#6586=ORIENTED_EDGE('',*,*,#4848,.T.);
#6587=ORIENTED_EDGE('',*,*,#4855,.T.);
#6588=ORIENTED_EDGE('',*,*,#4857,.T.);
#6589=ORIENTED_EDGE('',*,*,#4858,.F.);
#6590=ORIENTED_EDGE('',*,*,#4859,.T.);
#6591=ORIENTED_EDGE('',*,*,#4837,.F.);
#6592=ORIENTED_EDGE('',*,*,#4860,.F.);
#6593=ORIENTED_EDGE('',*,*,#4861,.F.);
#6594=ORIENTED_EDGE('',*,*,#4838,.F.);
#6595=ORIENTED_EDGE('',*,*,#4859,.F.);
#6596=ORIENTED_EDGE('',*,*,#4862,.T.);
#6597=ORIENTED_EDGE('',*,*,#4839,.T.);
#6598=ORIENTED_EDGE('',*,*,#4861,.T.);
#6599=ORIENTED_EDGE('',*,*,#4863,.F.);
#6600=ORIENTED_EDGE('',*,*,#4864,.F.);
#6601=ORIENTED_EDGE('',*,*,#4865,.T.);
#6602=ORIENTED_EDGE('',*,*,#4840,.T.);
#6603=ORIENTED_EDGE('',*,*,#4862,.F.);
#6604=ORIENTED_EDGE('',*,*,#4866,.F.);
#6605=ORIENTED_EDGE('',*,*,#4867,.F.);
#6606=ORIENTED_EDGE('',*,*,#4841,.F.);
#6607=ORIENTED_EDGE('',*,*,#4865,.F.);
#6608=ORIENTED_EDGE('',*,*,#4868,.F.);
#6609=ORIENTED_EDGE('',*,*,#4869,.F.);
#6610=ORIENTED_EDGE('',*,*,#4842,.F.);
#6611=ORIENTED_EDGE('',*,*,#4867,.T.);
#6612=ORIENTED_EDGE('',*,*,#4869,.T.);
#6613=ORIENTED_EDGE('',*,*,#4870,.F.);
#6614=ORIENTED_EDGE('',*,*,#4871,.T.);
#6615=ORIENTED_EDGE('',*,*,#4843,.T.);
#6616=ORIENTED_EDGE('',*,*,#4872,.F.);
#6617=ORIENTED_EDGE('',*,*,#4850,.F.);
#6618=ORIENTED_EDGE('',*,*,#4844,.F.);
#6619=ORIENTED_EDGE('',*,*,#4871,.F.);
#6620=ORIENTED_EDGE('',*,*,#4873,.F.);
#6621=ORIENTED_EDGE('',*,*,#4860,.T.);
#6622=ORIENTED_EDGE('',*,*,#4858,.T.);
#6623=ORIENTED_EDGE('',*,*,#4856,.T.);
#6624=ORIENTED_EDGE('',*,*,#4854,.T.);
#6625=ORIENTED_EDGE('',*,*,#4852,.T.);
#6626=ORIENTED_EDGE('',*,*,#4851,.T.);
#6627=ORIENTED_EDGE('',*,*,#4872,.T.);
#6628=ORIENTED_EDGE('',*,*,#4870,.T.);
#6629=ORIENTED_EDGE('',*,*,#4868,.T.);
#6630=ORIENTED_EDGE('',*,*,#4866,.T.);
#6631=ORIENTED_EDGE('',*,*,#4864,.T.);
#6632=ORIENTED_EDGE('',*,*,#4863,.T.);
#6633=ORIENTED_EDGE('',*,*,#4874,.T.);
#6634=ORIENTED_EDGE('',*,*,#4874,.F.);
#6635=ORIENTED_EDGE('',*,*,#4875,.T.);
#6636=ORIENTED_EDGE('',*,*,#4873,.T.);
#6637=ORIENTED_EDGE('',*,*,#4875,.F.);
#6638=ORIENTED_EDGE('',*,*,#4876,.T.);
#6639=ORIENTED_EDGE('',*,*,#4877,.T.);
#6640=ORIENTED_EDGE('',*,*,#4878,.F.);
#6641=ORIENTED_EDGE('',*,*,#4879,.F.);
#6642=ORIENTED_EDGE('',*,*,#4880,.T.);
#6643=ORIENTED_EDGE('',*,*,#4881,.T.);
#6644=ORIENTED_EDGE('',*,*,#4882,.F.);
#6645=ORIENTED_EDGE('',*,*,#4883,.T.);
#6646=ORIENTED_EDGE('',*,*,#4884,.T.);
#6647=ORIENTED_EDGE('',*,*,#4885,.T.);
#6648=ORIENTED_EDGE('',*,*,#4886,.T.);
#6649=ORIENTED_EDGE('',*,*,#4887,.F.);
#6650=ORIENTED_EDGE('',*,*,#4888,.T.);
#6651=ORIENTED_EDGE('',*,*,#4884,.F.);
#6652=ORIENTED_EDGE('',*,*,#4889,.T.);
#6653=ORIENTED_EDGE('',*,*,#4890,.F.);
#6654=ORIENTED_EDGE('',*,*,#4891,.F.);
#6655=ORIENTED_EDGE('',*,*,#4892,.T.);
#6656=ORIENTED_EDGE('',*,*,#4885,.F.);
#6657=ORIENTED_EDGE('',*,*,#4888,.F.);
#6658=ORIENTED_EDGE('',*,*,#4893,.F.);
#6659=ORIENTED_EDGE('',*,*,#4894,.F.);
#6660=ORIENTED_EDGE('',*,*,#4886,.F.);
#6661=ORIENTED_EDGE('',*,*,#4892,.F.);
#6662=ORIENTED_EDGE('',*,*,#4895,.F.);
#6663=ORIENTED_EDGE('',*,*,#4896,.F.);
#6664=ORIENTED_EDGE('',*,*,#4887,.T.);
#6665=ORIENTED_EDGE('',*,*,#4894,.T.);
#6666=ORIENTED_EDGE('',*,*,#4896,.T.);
#6667=ORIENTED_EDGE('',*,*,#4897,.F.);
#6668=ORIENTED_EDGE('',*,*,#4898,.T.);
#6669=ORIENTED_EDGE('',*,*,#4876,.F.);
#6670=ORIENTED_EDGE('',*,*,#4899,.F.);
#6671=ORIENTED_EDGE('',*,*,#4900,.F.);
#6672=ORIENTED_EDGE('',*,*,#4877,.F.);
#6673=ORIENTED_EDGE('',*,*,#4898,.F.);
#6674=ORIENTED_EDGE('',*,*,#4901,.T.);
#6675=ORIENTED_EDGE('',*,*,#4878,.T.);
#6676=ORIENTED_EDGE('',*,*,#4900,.T.);
#6677=ORIENTED_EDGE('',*,*,#4902,.F.);
#6678=ORIENTED_EDGE('',*,*,#4903,.F.);
#6679=ORIENTED_EDGE('',*,*,#4904,.T.);
#6680=ORIENTED_EDGE('',*,*,#4879,.T.);
#6681=ORIENTED_EDGE('',*,*,#4901,.F.);
#6682=ORIENTED_EDGE('',*,*,#4905,.F.);
#6683=ORIENTED_EDGE('',*,*,#4906,.F.);
#6684=ORIENTED_EDGE('',*,*,#4880,.F.);
#6685=ORIENTED_EDGE('',*,*,#4904,.F.);
#6686=ORIENTED_EDGE('',*,*,#4907,.F.);
#6687=ORIENTED_EDGE('',*,*,#4908,.F.);
#6688=ORIENTED_EDGE('',*,*,#4881,.F.);
#6689=ORIENTED_EDGE('',*,*,#4906,.T.);
#6690=ORIENTED_EDGE('',*,*,#4908,.T.);
#6691=ORIENTED_EDGE('',*,*,#4909,.F.);
#6692=ORIENTED_EDGE('',*,*,#4910,.T.);
#6693=ORIENTED_EDGE('',*,*,#4882,.T.);
#6694=ORIENTED_EDGE('',*,*,#4911,.F.);
#6695=ORIENTED_EDGE('',*,*,#4889,.F.);
#6696=ORIENTED_EDGE('',*,*,#4883,.F.);
#6697=ORIENTED_EDGE('',*,*,#4910,.F.);
#6698=ORIENTED_EDGE('',*,*,#4912,.F.);
#6699=ORIENTED_EDGE('',*,*,#4899,.T.);
#6700=ORIENTED_EDGE('',*,*,#4897,.T.);
#6701=ORIENTED_EDGE('',*,*,#4895,.T.);
#6702=ORIENTED_EDGE('',*,*,#4893,.T.);
#6703=ORIENTED_EDGE('',*,*,#4891,.T.);
#6704=ORIENTED_EDGE('',*,*,#4890,.T.);
#6705=ORIENTED_EDGE('',*,*,#4911,.T.);
#6706=ORIENTED_EDGE('',*,*,#4909,.T.);
#6707=ORIENTED_EDGE('',*,*,#4907,.T.);
#6708=ORIENTED_EDGE('',*,*,#4905,.T.);
#6709=ORIENTED_EDGE('',*,*,#4903,.T.);
#6710=ORIENTED_EDGE('',*,*,#4902,.T.);
#6711=ORIENTED_EDGE('',*,*,#4913,.T.);
#6712=ORIENTED_EDGE('',*,*,#4913,.F.);
#6713=ORIENTED_EDGE('',*,*,#4914,.T.);
#6714=ORIENTED_EDGE('',*,*,#4912,.T.);
#6715=ORIENTED_EDGE('',*,*,#4914,.F.);
#6716=ORIENTED_EDGE('',*,*,#4915,.T.);
#6717=ORIENTED_EDGE('',*,*,#4916,.T.);
#6718=ORIENTED_EDGE('',*,*,#4917,.F.);
#6719=ORIENTED_EDGE('',*,*,#4918,.F.);
#6720=ORIENTED_EDGE('',*,*,#4919,.T.);
#6721=ORIENTED_EDGE('',*,*,#4920,.T.);
#6722=ORIENTED_EDGE('',*,*,#4921,.F.);
#6723=ORIENTED_EDGE('',*,*,#4922,.T.);
#6724=ORIENTED_EDGE('',*,*,#4923,.T.);
#6725=ORIENTED_EDGE('',*,*,#4924,.T.);
#6726=ORIENTED_EDGE('',*,*,#4925,.T.);
#6727=ORIENTED_EDGE('',*,*,#4926,.F.);
#6728=ORIENTED_EDGE('',*,*,#4927,.T.);
#6729=ORIENTED_EDGE('',*,*,#4923,.F.);
#6730=ORIENTED_EDGE('',*,*,#4928,.T.);
#6731=ORIENTED_EDGE('',*,*,#4929,.F.);
#6732=ORIENTED_EDGE('',*,*,#4930,.F.);
#6733=ORIENTED_EDGE('',*,*,#4931,.T.);
#6734=ORIENTED_EDGE('',*,*,#4924,.F.);
#6735=ORIENTED_EDGE('',*,*,#4927,.F.);
#6736=ORIENTED_EDGE('',*,*,#4932,.F.);
#6737=ORIENTED_EDGE('',*,*,#4933,.F.);
#6738=ORIENTED_EDGE('',*,*,#4925,.F.);
#6739=ORIENTED_EDGE('',*,*,#4931,.F.);
#6740=ORIENTED_EDGE('',*,*,#4934,.F.);
#6741=ORIENTED_EDGE('',*,*,#4935,.F.);
#6742=ORIENTED_EDGE('',*,*,#4926,.T.);
#6743=ORIENTED_EDGE('',*,*,#4933,.T.);
#6744=ORIENTED_EDGE('',*,*,#4935,.T.);
#6745=ORIENTED_EDGE('',*,*,#4936,.F.);
#6746=ORIENTED_EDGE('',*,*,#4937,.T.);
#6747=ORIENTED_EDGE('',*,*,#4915,.F.);
#6748=ORIENTED_EDGE('',*,*,#4938,.F.);
#6749=ORIENTED_EDGE('',*,*,#4939,.F.);
#6750=ORIENTED_EDGE('',*,*,#4916,.F.);
#6751=ORIENTED_EDGE('',*,*,#4937,.F.);
#6752=ORIENTED_EDGE('',*,*,#4940,.T.);
#6753=ORIENTED_EDGE('',*,*,#4917,.T.);
#6754=ORIENTED_EDGE('',*,*,#4939,.T.);
#6755=ORIENTED_EDGE('',*,*,#4941,.F.);
#6756=ORIENTED_EDGE('',*,*,#4942,.F.);
#6757=ORIENTED_EDGE('',*,*,#4943,.T.);
#6758=ORIENTED_EDGE('',*,*,#4918,.T.);
#6759=ORIENTED_EDGE('',*,*,#4940,.F.);
#6760=ORIENTED_EDGE('',*,*,#4944,.F.);
#6761=ORIENTED_EDGE('',*,*,#4945,.F.);
#6762=ORIENTED_EDGE('',*,*,#4919,.F.);
#6763=ORIENTED_EDGE('',*,*,#4943,.F.);
#6764=ORIENTED_EDGE('',*,*,#4946,.F.);
#6765=ORIENTED_EDGE('',*,*,#4947,.F.);
#6766=ORIENTED_EDGE('',*,*,#4920,.F.);
#6767=ORIENTED_EDGE('',*,*,#4945,.T.);
#6768=ORIENTED_EDGE('',*,*,#4947,.T.);
#6769=ORIENTED_EDGE('',*,*,#4948,.F.);
#6770=ORIENTED_EDGE('',*,*,#4949,.T.);
#6771=ORIENTED_EDGE('',*,*,#4921,.T.);
#6772=ORIENTED_EDGE('',*,*,#4950,.F.);
#6773=ORIENTED_EDGE('',*,*,#4928,.F.);
#6774=ORIENTED_EDGE('',*,*,#4922,.F.);
#6775=ORIENTED_EDGE('',*,*,#4949,.F.);
#6776=ORIENTED_EDGE('',*,*,#4951,.F.);
#6777=ORIENTED_EDGE('',*,*,#4938,.T.);
#6778=ORIENTED_EDGE('',*,*,#4936,.T.);
#6779=ORIENTED_EDGE('',*,*,#4934,.T.);
#6780=ORIENTED_EDGE('',*,*,#4932,.T.);
#6781=ORIENTED_EDGE('',*,*,#4930,.T.);
#6782=ORIENTED_EDGE('',*,*,#4929,.T.);
#6783=ORIENTED_EDGE('',*,*,#4950,.T.);
#6784=ORIENTED_EDGE('',*,*,#4948,.T.);
#6785=ORIENTED_EDGE('',*,*,#4946,.T.);
#6786=ORIENTED_EDGE('',*,*,#4944,.T.);
#6787=ORIENTED_EDGE('',*,*,#4942,.T.);
#6788=ORIENTED_EDGE('',*,*,#4941,.T.);
#6789=ORIENTED_EDGE('',*,*,#4952,.T.);
#6790=ORIENTED_EDGE('',*,*,#4952,.F.);
#6791=ORIENTED_EDGE('',*,*,#4953,.T.);
#6792=ORIENTED_EDGE('',*,*,#4951,.T.);
#6793=ORIENTED_EDGE('',*,*,#4953,.F.);
#6794=ORIENTED_EDGE('',*,*,#4954,.T.);
#6795=ORIENTED_EDGE('',*,*,#4955,.T.);
#6796=ORIENTED_EDGE('',*,*,#4956,.T.);
#6797=ORIENTED_EDGE('',*,*,#4957,.T.);
#6798=ORIENTED_EDGE('',*,*,#4958,.T.);
#6799=ORIENTED_EDGE('',*,*,#4959,.T.);
#6800=ORIENTED_EDGE('',*,*,#4960,.T.);
#6801=ORIENTED_EDGE('',*,*,#4961,.T.);
#6802=ORIENTED_EDGE('',*,*,#4962,.T.);
#6803=ORIENTED_EDGE('',*,*,#4963,.T.);
#6804=ORIENTED_EDGE('',*,*,#4964,.T.);
#6805=ORIENTED_EDGE('',*,*,#4965,.T.);
#6806=ORIENTED_EDGE('',*,*,#4966,.T.);
#6807=ORIENTED_EDGE('',*,*,#4967,.T.);
#6808=ORIENTED_EDGE('',*,*,#4968,.T.);
#6809=ORIENTED_EDGE('',*,*,#4969,.T.);
#6810=ORIENTED_EDGE('',*,*,#4970,.T.);
#6811=ORIENTED_EDGE('',*,*,#4971,.T.);
#6812=ORIENTED_EDGE('',*,*,#4972,.T.);
#6813=ORIENTED_EDGE('',*,*,#4973,.T.);
#6814=ORIENTED_EDGE('',*,*,#4974,.T.);
#6815=ORIENTED_EDGE('',*,*,#4975,.T.);
#6816=ORIENTED_EDGE('',*,*,#4976,.T.);
#6817=ORIENTED_EDGE('',*,*,#4977,.T.);
#6818=ORIENTED_EDGE('',*,*,#4978,.T.);
#6819=ORIENTED_EDGE('',*,*,#4979,.T.);
#6820=ORIENTED_EDGE('',*,*,#4980,.T.);
#6821=ORIENTED_EDGE('',*,*,#4981,.T.);
#6822=ORIENTED_EDGE('',*,*,#4982,.T.);
#6823=ORIENTED_EDGE('',*,*,#4983,.F.);
#6824=ORIENTED_EDGE('',*,*,#4984,.F.);
#6825=ORIENTED_EDGE('',*,*,#4985,.F.);
#6826=ORIENTED_EDGE('',*,*,#4986,.F.);
#6827=ORIENTED_EDGE('',*,*,#4987,.F.);
#6828=ORIENTED_EDGE('',*,*,#4988,.F.);
#6829=ORIENTED_EDGE('',*,*,#4989,.F.);
#6830=ORIENTED_EDGE('',*,*,#4990,.F.);
#6831=ORIENTED_EDGE('',*,*,#4991,.F.);
#6832=ORIENTED_EDGE('',*,*,#4992,.F.);
#6833=ORIENTED_EDGE('',*,*,#4955,.F.);
#6834=ORIENTED_EDGE('',*,*,#4993,.F.);
#6835=ORIENTED_EDGE('',*,*,#4994,.F.);
#6836=ORIENTED_EDGE('',*,*,#4995,.T.);
#6837=ORIENTED_EDGE('',*,*,#4956,.F.);
#6838=ORIENTED_EDGE('',*,*,#4995,.F.);
#6839=ORIENTED_EDGE('',*,*,#4996,.F.);
#6840=ORIENTED_EDGE('',*,*,#4997,.T.);
#6841=ORIENTED_EDGE('',*,*,#4957,.F.);
#6842=ORIENTED_EDGE('',*,*,#4997,.F.);
#6843=ORIENTED_EDGE('',*,*,#4998,.F.);
#6844=ORIENTED_EDGE('',*,*,#4999,.T.);
#6845=ORIENTED_EDGE('',*,*,#4958,.F.);
#6846=ORIENTED_EDGE('',*,*,#4999,.F.);
#6847=ORIENTED_EDGE('',*,*,#5000,.F.);
#6848=ORIENTED_EDGE('',*,*,#5001,.T.);
#6849=ORIENTED_EDGE('',*,*,#4959,.F.);
#6850=ORIENTED_EDGE('',*,*,#5001,.F.);
#6851=ORIENTED_EDGE('',*,*,#5002,.F.);
#6852=ORIENTED_EDGE('',*,*,#5003,.T.);
#6853=ORIENTED_EDGE('',*,*,#4960,.F.);
#6854=ORIENTED_EDGE('',*,*,#5003,.F.);
#6855=ORIENTED_EDGE('',*,*,#5004,.F.);
#6856=ORIENTED_EDGE('',*,*,#5005,.T.);
#6857=ORIENTED_EDGE('',*,*,#4961,.F.);
#6858=ORIENTED_EDGE('',*,*,#5005,.F.);
#6859=ORIENTED_EDGE('',*,*,#5006,.F.);
#6860=ORIENTED_EDGE('',*,*,#5007,.T.);
#6861=ORIENTED_EDGE('',*,*,#4962,.F.);
#6862=ORIENTED_EDGE('',*,*,#5007,.F.);
#6863=ORIENTED_EDGE('',*,*,#5008,.F.);
#6864=ORIENTED_EDGE('',*,*,#5009,.T.);
#6865=ORIENTED_EDGE('',*,*,#4963,.F.);
#6866=ORIENTED_EDGE('',*,*,#5009,.F.);
#6867=ORIENTED_EDGE('',*,*,#5010,.F.);
#6868=ORIENTED_EDGE('',*,*,#5011,.T.);
#6869=ORIENTED_EDGE('',*,*,#4964,.F.);
#6870=ORIENTED_EDGE('',*,*,#5011,.F.);
#6871=ORIENTED_EDGE('',*,*,#5012,.F.);
#6872=ORIENTED_EDGE('',*,*,#5013,.T.);
#6873=ORIENTED_EDGE('',*,*,#4965,.F.);
#6874=ORIENTED_EDGE('',*,*,#5013,.F.);
#6875=ORIENTED_EDGE('',*,*,#5014,.F.);
#6876=ORIENTED_EDGE('',*,*,#5015,.T.);
#6877=ORIENTED_EDGE('',*,*,#4966,.F.);
#6878=ORIENTED_EDGE('',*,*,#5015,.F.);
#6879=ORIENTED_EDGE('',*,*,#5016,.F.);
#6880=ORIENTED_EDGE('',*,*,#5017,.T.);
#6881=ORIENTED_EDGE('',*,*,#4967,.F.);
#6882=ORIENTED_EDGE('',*,*,#5017,.F.);
#6883=ORIENTED_EDGE('',*,*,#5018,.F.);
#6884=ORIENTED_EDGE('',*,*,#5019,.T.);
#6885=ORIENTED_EDGE('',*,*,#4968,.F.);
#6886=ORIENTED_EDGE('',*,*,#5019,.F.);
#6887=ORIENTED_EDGE('',*,*,#5020,.F.);
#6888=ORIENTED_EDGE('',*,*,#5021,.T.);
#6889=ORIENTED_EDGE('',*,*,#4969,.F.);
#6890=ORIENTED_EDGE('',*,*,#5021,.F.);
#6891=ORIENTED_EDGE('',*,*,#5022,.F.);
#6892=ORIENTED_EDGE('',*,*,#5023,.T.);
#6893=ORIENTED_EDGE('',*,*,#4970,.F.);
#6894=ORIENTED_EDGE('',*,*,#5023,.F.);
#6895=ORIENTED_EDGE('',*,*,#5024,.F.);
#6896=ORIENTED_EDGE('',*,*,#5025,.T.);
#6897=ORIENTED_EDGE('',*,*,#4971,.F.);
#6898=ORIENTED_EDGE('',*,*,#5025,.F.);
#6899=ORIENTED_EDGE('',*,*,#5026,.F.);
#6900=ORIENTED_EDGE('',*,*,#5027,.T.);
#6901=ORIENTED_EDGE('',*,*,#4972,.F.);
#6902=ORIENTED_EDGE('',*,*,#5027,.F.);
#6903=ORIENTED_EDGE('',*,*,#5028,.F.);
#6904=ORIENTED_EDGE('',*,*,#5029,.T.);
#6905=ORIENTED_EDGE('',*,*,#4973,.F.);
#6906=ORIENTED_EDGE('',*,*,#5029,.F.);
#6907=ORIENTED_EDGE('',*,*,#5030,.F.);
#6908=ORIENTED_EDGE('',*,*,#5031,.T.);
#6909=ORIENTED_EDGE('',*,*,#4974,.F.);
#6910=ORIENTED_EDGE('',*,*,#5031,.F.);
#6911=ORIENTED_EDGE('',*,*,#5032,.F.);
#6912=ORIENTED_EDGE('',*,*,#5033,.T.);
#6913=ORIENTED_EDGE('',*,*,#4975,.F.);
#6914=ORIENTED_EDGE('',*,*,#5033,.F.);
#6915=ORIENTED_EDGE('',*,*,#5034,.F.);
#6916=ORIENTED_EDGE('',*,*,#5035,.T.);
#6917=ORIENTED_EDGE('',*,*,#4976,.F.);
#6918=ORIENTED_EDGE('',*,*,#5035,.F.);
#6919=ORIENTED_EDGE('',*,*,#5036,.F.);
#6920=ORIENTED_EDGE('',*,*,#5037,.T.);
#6921=ORIENTED_EDGE('',*,*,#4977,.F.);
#6922=ORIENTED_EDGE('',*,*,#5037,.F.);
#6923=ORIENTED_EDGE('',*,*,#5038,.F.);
#6924=ORIENTED_EDGE('',*,*,#5039,.T.);
#6925=ORIENTED_EDGE('',*,*,#4978,.F.);
#6926=ORIENTED_EDGE('',*,*,#5039,.F.);
#6927=ORIENTED_EDGE('',*,*,#5040,.F.);
#6928=ORIENTED_EDGE('',*,*,#5041,.T.);
#6929=ORIENTED_EDGE('',*,*,#4979,.F.);
#6930=ORIENTED_EDGE('',*,*,#5041,.F.);
#6931=ORIENTED_EDGE('',*,*,#5042,.F.);
#6932=ORIENTED_EDGE('',*,*,#5043,.T.);
#6933=ORIENTED_EDGE('',*,*,#4980,.F.);
#6934=ORIENTED_EDGE('',*,*,#5043,.F.);
#6935=ORIENTED_EDGE('',*,*,#5044,.F.);
#6936=ORIENTED_EDGE('',*,*,#5045,.T.);
#6937=ORIENTED_EDGE('',*,*,#4981,.F.);
#6938=ORIENTED_EDGE('',*,*,#5045,.F.);
#6939=ORIENTED_EDGE('',*,*,#5046,.F.);
#6940=ORIENTED_EDGE('',*,*,#5047,.T.);
#6941=ORIENTED_EDGE('',*,*,#5048,.F.);
#6942=ORIENTED_EDGE('',*,*,#4982,.F.);
#6943=ORIENTED_EDGE('',*,*,#5047,.F.);
#6944=ORIENTED_EDGE('',*,*,#5049,.F.);
#6945=ORIENTED_EDGE('',*,*,#5048,.T.);
#6946=ORIENTED_EDGE('',*,*,#5050,.F.);
#6947=ORIENTED_EDGE('',*,*,#5051,.T.);
#6948=ORIENTED_EDGE('',*,*,#4983,.T.);
#6949=ORIENTED_EDGE('',*,*,#4984,.T.);
#6950=ORIENTED_EDGE('',*,*,#5051,.F.);
#6951=ORIENTED_EDGE('',*,*,#5052,.F.);
#6952=ORIENTED_EDGE('',*,*,#5053,.T.);
#6953=ORIENTED_EDGE('',*,*,#4985,.T.);
#6954=ORIENTED_EDGE('',*,*,#5053,.F.);
#6955=ORIENTED_EDGE('',*,*,#5054,.F.);
#6956=ORIENTED_EDGE('',*,*,#5055,.T.);
#6957=ORIENTED_EDGE('',*,*,#4986,.T.);
#6958=ORIENTED_EDGE('',*,*,#5055,.F.);
#6959=ORIENTED_EDGE('',*,*,#5056,.F.);
#6960=ORIENTED_EDGE('',*,*,#5057,.T.);
#6961=ORIENTED_EDGE('',*,*,#4987,.T.);
#6962=ORIENTED_EDGE('',*,*,#5057,.F.);
#6963=ORIENTED_EDGE('',*,*,#5058,.F.);
#6964=ORIENTED_EDGE('',*,*,#5059,.T.);
#6965=ORIENTED_EDGE('',*,*,#4988,.T.);
#6966=ORIENTED_EDGE('',*,*,#5059,.F.);
#6967=ORIENTED_EDGE('',*,*,#5060,.F.);
#6968=ORIENTED_EDGE('',*,*,#5061,.T.);
#6969=ORIENTED_EDGE('',*,*,#4989,.T.);
#6970=ORIENTED_EDGE('',*,*,#5061,.F.);
#6971=ORIENTED_EDGE('',*,*,#5062,.F.);
#6972=ORIENTED_EDGE('',*,*,#5063,.T.);
#6973=ORIENTED_EDGE('',*,*,#4990,.T.);
#6974=ORIENTED_EDGE('',*,*,#5063,.F.);
#6975=ORIENTED_EDGE('',*,*,#5064,.F.);
#6976=ORIENTED_EDGE('',*,*,#5065,.T.);
#6977=ORIENTED_EDGE('',*,*,#5066,.T.);
#6978=ORIENTED_EDGE('',*,*,#4991,.T.);
#6979=ORIENTED_EDGE('',*,*,#5065,.F.);
#6980=ORIENTED_EDGE('',*,*,#5067,.F.);
#6981=ORIENTED_EDGE('',*,*,#5066,.F.);
#6982=ORIENTED_EDGE('',*,*,#5068,.F.);
#6983=ORIENTED_EDGE('',*,*,#4993,.T.);
#6984=ORIENTED_EDGE('',*,*,#4954,.F.);
#6985=ORIENTED_EDGE('',*,*,#5069,.F.);
#6986=ORIENTED_EDGE('',*,*,#5070,.T.);
#6987=ORIENTED_EDGE('',*,*,#4992,.T.);
#6988=ORIENTED_EDGE('',*,*,#5070,.F.);
#6989=ORIENTED_EDGE('',*,*,#5068,.T.);
#6990=ORIENTED_EDGE('',*,*,#5067,.T.);
#6991=ORIENTED_EDGE('',*,*,#5064,.T.);
#6992=ORIENTED_EDGE('',*,*,#5062,.T.);
#6993=ORIENTED_EDGE('',*,*,#5060,.T.);
#6994=ORIENTED_EDGE('',*,*,#5058,.T.);
#6995=ORIENTED_EDGE('',*,*,#5056,.T.);
#6996=ORIENTED_EDGE('',*,*,#5054,.T.);
#6997=ORIENTED_EDGE('',*,*,#5052,.T.);
#6998=ORIENTED_EDGE('',*,*,#5050,.T.);
#6999=ORIENTED_EDGE('',*,*,#5049,.T.);
#7000=ORIENTED_EDGE('',*,*,#5046,.T.);
#7001=ORIENTED_EDGE('',*,*,#5044,.T.);
#7002=ORIENTED_EDGE('',*,*,#5042,.T.);
#7003=ORIENTED_EDGE('',*,*,#5040,.T.);
#7004=ORIENTED_EDGE('',*,*,#5038,.T.);
#7005=ORIENTED_EDGE('',*,*,#5036,.T.);
#7006=ORIENTED_EDGE('',*,*,#5034,.T.);
#7007=ORIENTED_EDGE('',*,*,#5032,.T.);
#7008=ORIENTED_EDGE('',*,*,#5030,.T.);
#7009=ORIENTED_EDGE('',*,*,#5028,.T.);
#7010=ORIENTED_EDGE('',*,*,#5026,.T.);
#7011=ORIENTED_EDGE('',*,*,#5024,.T.);
#7012=ORIENTED_EDGE('',*,*,#5022,.T.);
#7013=ORIENTED_EDGE('',*,*,#5020,.T.);
#7014=ORIENTED_EDGE('',*,*,#5018,.T.);
#7015=ORIENTED_EDGE('',*,*,#5016,.T.);
#7016=ORIENTED_EDGE('',*,*,#5014,.T.);
#7017=ORIENTED_EDGE('',*,*,#5012,.T.);
#7018=ORIENTED_EDGE('',*,*,#5010,.T.);
#7019=ORIENTED_EDGE('',*,*,#5008,.T.);
#7020=ORIENTED_EDGE('',*,*,#5006,.T.);
#7021=ORIENTED_EDGE('',*,*,#5004,.T.);
#7022=ORIENTED_EDGE('',*,*,#5002,.T.);
#7023=ORIENTED_EDGE('',*,*,#5000,.T.);
#7024=ORIENTED_EDGE('',*,*,#4998,.T.);
#7025=ORIENTED_EDGE('',*,*,#4996,.T.);
#7026=ORIENTED_EDGE('',*,*,#4994,.T.);
#7027=ORIENTED_EDGE('',*,*,#5069,.T.);
#7028=ORIENTED_EDGE('',*,*,#5071,.T.);
#7029=ORIENTED_EDGE('',*,*,#5072,.F.);
#7030=ORIENTED_EDGE('',*,*,#5071,.F.);
#7031=ORIENTED_EDGE('',*,*,#5073,.T.);
#7032=ORIENTED_EDGE('',*,*,#5072,.T.);
#7033=ORIENTED_EDGE('',*,*,#5073,.F.);
#7034=ORIENTED_EDGE('',*,*,#5074,.T.);
#7035=ORIENTED_EDGE('',*,*,#5075,.T.);
#7036=ORIENTED_EDGE('',*,*,#5076,.F.);
#7037=ORIENTED_EDGE('',*,*,#5077,.F.);
#7038=ORIENTED_EDGE('',*,*,#5078,.T.);
#7039=ORIENTED_EDGE('',*,*,#5079,.T.);
#7040=ORIENTED_EDGE('',*,*,#5080,.F.);
#7041=ORIENTED_EDGE('',*,*,#5081,.T.);
#7042=ORIENTED_EDGE('',*,*,#5082,.T.);
#7043=ORIENTED_EDGE('',*,*,#5083,.T.);
#7044=ORIENTED_EDGE('',*,*,#5084,.T.);
#7045=ORIENTED_EDGE('',*,*,#5085,.F.);
#7046=ORIENTED_EDGE('',*,*,#5086,.T.);
#7047=ORIENTED_EDGE('',*,*,#5082,.F.);
#7048=ORIENTED_EDGE('',*,*,#5087,.T.);
#7049=ORIENTED_EDGE('',*,*,#5088,.F.);
#7050=ORIENTED_EDGE('',*,*,#5089,.F.);
#7051=ORIENTED_EDGE('',*,*,#5090,.T.);
#7052=ORIENTED_EDGE('',*,*,#5083,.F.);
#7053=ORIENTED_EDGE('',*,*,#5086,.F.);
#7054=ORIENTED_EDGE('',*,*,#5091,.F.);
#7055=ORIENTED_EDGE('',*,*,#5092,.F.);
#7056=ORIENTED_EDGE('',*,*,#5084,.F.);
#7057=ORIENTED_EDGE('',*,*,#5090,.F.);
#7058=ORIENTED_EDGE('',*,*,#5093,.F.);
#7059=ORIENTED_EDGE('',*,*,#5094,.F.);
#7060=ORIENTED_EDGE('',*,*,#5085,.T.);
#7061=ORIENTED_EDGE('',*,*,#5092,.T.);
#7062=ORIENTED_EDGE('',*,*,#5094,.T.);
#7063=ORIENTED_EDGE('',*,*,#5095,.F.);
#7064=ORIENTED_EDGE('',*,*,#5096,.T.);
#7065=ORIENTED_EDGE('',*,*,#5074,.F.);
#7066=ORIENTED_EDGE('',*,*,#5097,.F.);
#7067=ORIENTED_EDGE('',*,*,#5098,.F.);
#7068=ORIENTED_EDGE('',*,*,#5075,.F.);
#7069=ORIENTED_EDGE('',*,*,#5096,.F.);
#7070=ORIENTED_EDGE('',*,*,#5099,.T.);
#7071=ORIENTED_EDGE('',*,*,#5076,.T.);
#7072=ORIENTED_EDGE('',*,*,#5098,.T.);
#7073=ORIENTED_EDGE('',*,*,#5100,.F.);
#7074=ORIENTED_EDGE('',*,*,#5101,.F.);
#7075=ORIENTED_EDGE('',*,*,#5102,.T.);
#7076=ORIENTED_EDGE('',*,*,#5077,.T.);
#7077=ORIENTED_EDGE('',*,*,#5099,.F.);
#7078=ORIENTED_EDGE('',*,*,#5103,.F.);
#7079=ORIENTED_EDGE('',*,*,#5104,.F.);
#7080=ORIENTED_EDGE('',*,*,#5078,.F.);
#7081=ORIENTED_EDGE('',*,*,#5102,.F.);
#7082=ORIENTED_EDGE('',*,*,#5105,.F.);
#7083=ORIENTED_EDGE('',*,*,#5106,.F.);
#7084=ORIENTED_EDGE('',*,*,#5079,.F.);
#7085=ORIENTED_EDGE('',*,*,#5104,.T.);
#7086=ORIENTED_EDGE('',*,*,#5106,.T.);
#7087=ORIENTED_EDGE('',*,*,#5107,.F.);
#7088=ORIENTED_EDGE('',*,*,#5108,.T.);
#7089=ORIENTED_EDGE('',*,*,#5080,.T.);
#7090=ORIENTED_EDGE('',*,*,#5109,.F.);
#7091=ORIENTED_EDGE('',*,*,#5087,.F.);
#7092=ORIENTED_EDGE('',*,*,#5081,.F.);
#7093=ORIENTED_EDGE('',*,*,#5108,.F.);
#7094=ORIENTED_EDGE('',*,*,#5110,.F.);
#7095=ORIENTED_EDGE('',*,*,#5097,.T.);
#7096=ORIENTED_EDGE('',*,*,#5095,.T.);
#7097=ORIENTED_EDGE('',*,*,#5093,.T.);
#7098=ORIENTED_EDGE('',*,*,#5091,.T.);
#7099=ORIENTED_EDGE('',*,*,#5089,.T.);
#7100=ORIENTED_EDGE('',*,*,#5088,.T.);
#7101=ORIENTED_EDGE('',*,*,#5109,.T.);
#7102=ORIENTED_EDGE('',*,*,#5107,.T.);
#7103=ORIENTED_EDGE('',*,*,#5105,.T.);
#7104=ORIENTED_EDGE('',*,*,#5103,.T.);
#7105=ORIENTED_EDGE('',*,*,#5101,.T.);
#7106=ORIENTED_EDGE('',*,*,#5100,.T.);
#7107=ORIENTED_EDGE('',*,*,#5111,.T.);
#7108=ORIENTED_EDGE('',*,*,#5111,.F.);
#7109=ORIENTED_EDGE('',*,*,#5112,.T.);
#7110=ORIENTED_EDGE('',*,*,#5110,.T.);
#7111=ORIENTED_EDGE('',*,*,#5112,.F.);
#7112=ORIENTED_EDGE('',*,*,#5113,.T.);
#7113=ORIENTED_EDGE('',*,*,#5114,.T.);
#7114=ORIENTED_EDGE('',*,*,#5115,.T.);
#7115=ORIENTED_EDGE('',*,*,#5116,.T.);
#7116=ORIENTED_EDGE('',*,*,#5117,.T.);
#7117=ORIENTED_EDGE('',*,*,#5118,.T.);
#7118=ORIENTED_EDGE('',*,*,#5119,.T.);
#7119=ORIENTED_EDGE('',*,*,#5120,.T.);
#7120=ORIENTED_EDGE('',*,*,#5121,.T.);
#7121=ORIENTED_EDGE('',*,*,#5122,.T.);
#7122=ORIENTED_EDGE('',*,*,#5123,.T.);
#7123=ORIENTED_EDGE('',*,*,#5124,.T.);
#7124=ORIENTED_EDGE('',*,*,#5125,.T.);
#7125=ORIENTED_EDGE('',*,*,#5126,.T.);
#7126=ORIENTED_EDGE('',*,*,#5127,.T.);
#7127=ORIENTED_EDGE('',*,*,#5128,.T.);
#7128=ORIENTED_EDGE('',*,*,#5129,.T.);
#7129=ORIENTED_EDGE('',*,*,#5130,.T.);
#7130=ORIENTED_EDGE('',*,*,#5131,.T.);
#7131=ORIENTED_EDGE('',*,*,#5132,.T.);
#7132=ORIENTED_EDGE('',*,*,#5133,.T.);
#7133=ORIENTED_EDGE('',*,*,#5134,.T.);
#7134=ORIENTED_EDGE('',*,*,#5135,.T.);
#7135=ORIENTED_EDGE('',*,*,#5136,.T.);
#7136=ORIENTED_EDGE('',*,*,#5137,.T.);
#7137=ORIENTED_EDGE('',*,*,#5138,.T.);
#7138=ORIENTED_EDGE('',*,*,#5139,.T.);
#7139=ORIENTED_EDGE('',*,*,#5140,.T.);
#7140=ORIENTED_EDGE('',*,*,#5141,.T.);
#7141=ORIENTED_EDGE('',*,*,#5142,.F.);
#7142=ORIENTED_EDGE('',*,*,#5143,.F.);
#7143=ORIENTED_EDGE('',*,*,#5144,.F.);
#7144=ORIENTED_EDGE('',*,*,#5145,.F.);
#7145=ORIENTED_EDGE('',*,*,#5146,.F.);
#7146=ORIENTED_EDGE('',*,*,#5147,.F.);
#7147=ORIENTED_EDGE('',*,*,#5148,.F.);
#7148=ORIENTED_EDGE('',*,*,#5149,.F.);
#7149=ORIENTED_EDGE('',*,*,#5150,.F.);
#7150=ORIENTED_EDGE('',*,*,#5151,.F.);
#7151=ORIENTED_EDGE('',*,*,#5114,.F.);
#7152=ORIENTED_EDGE('',*,*,#5152,.F.);
#7153=ORIENTED_EDGE('',*,*,#5153,.F.);
#7154=ORIENTED_EDGE('',*,*,#5154,.T.);
#7155=ORIENTED_EDGE('',*,*,#5115,.F.);
#7156=ORIENTED_EDGE('',*,*,#5154,.F.);
#7157=ORIENTED_EDGE('',*,*,#5155,.F.);
#7158=ORIENTED_EDGE('',*,*,#5156,.T.);
#7159=ORIENTED_EDGE('',*,*,#5116,.F.);
#7160=ORIENTED_EDGE('',*,*,#5156,.F.);
#7161=ORIENTED_EDGE('',*,*,#5157,.F.);
#7162=ORIENTED_EDGE('',*,*,#5158,.T.);
#7163=ORIENTED_EDGE('',*,*,#5117,.F.);
#7164=ORIENTED_EDGE('',*,*,#5158,.F.);
#7165=ORIENTED_EDGE('',*,*,#5159,.F.);
#7166=ORIENTED_EDGE('',*,*,#5160,.T.);
#7167=ORIENTED_EDGE('',*,*,#5118,.F.);
#7168=ORIENTED_EDGE('',*,*,#5160,.F.);
#7169=ORIENTED_EDGE('',*,*,#5161,.F.);
#7170=ORIENTED_EDGE('',*,*,#5162,.T.);
#7171=ORIENTED_EDGE('',*,*,#5119,.F.);
#7172=ORIENTED_EDGE('',*,*,#5162,.F.);
#7173=ORIENTED_EDGE('',*,*,#5163,.F.);
#7174=ORIENTED_EDGE('',*,*,#5164,.T.);
#7175=ORIENTED_EDGE('',*,*,#5120,.F.);
#7176=ORIENTED_EDGE('',*,*,#5164,.F.);
#7177=ORIENTED_EDGE('',*,*,#5165,.F.);
#7178=ORIENTED_EDGE('',*,*,#5166,.T.);
#7179=ORIENTED_EDGE('',*,*,#5121,.F.);
#7180=ORIENTED_EDGE('',*,*,#5166,.F.);
#7181=ORIENTED_EDGE('',*,*,#5167,.F.);
#7182=ORIENTED_EDGE('',*,*,#5168,.T.);
#7183=ORIENTED_EDGE('',*,*,#5122,.F.);
#7184=ORIENTED_EDGE('',*,*,#5168,.F.);
#7185=ORIENTED_EDGE('',*,*,#5169,.F.);
#7186=ORIENTED_EDGE('',*,*,#5170,.T.);
#7187=ORIENTED_EDGE('',*,*,#5123,.F.);
#7188=ORIENTED_EDGE('',*,*,#5170,.F.);
#7189=ORIENTED_EDGE('',*,*,#5171,.F.);
#7190=ORIENTED_EDGE('',*,*,#5172,.T.);
#7191=ORIENTED_EDGE('',*,*,#5124,.F.);
#7192=ORIENTED_EDGE('',*,*,#5172,.F.);
#7193=ORIENTED_EDGE('',*,*,#5173,.F.);
#7194=ORIENTED_EDGE('',*,*,#5174,.T.);
#7195=ORIENTED_EDGE('',*,*,#5125,.F.);
#7196=ORIENTED_EDGE('',*,*,#5174,.F.);
#7197=ORIENTED_EDGE('',*,*,#5175,.F.);
#7198=ORIENTED_EDGE('',*,*,#5176,.T.);
#7199=ORIENTED_EDGE('',*,*,#5126,.F.);
#7200=ORIENTED_EDGE('',*,*,#5176,.F.);
#7201=ORIENTED_EDGE('',*,*,#5177,.F.);
#7202=ORIENTED_EDGE('',*,*,#5178,.T.);
#7203=ORIENTED_EDGE('',*,*,#5127,.F.);
#7204=ORIENTED_EDGE('',*,*,#5178,.F.);
#7205=ORIENTED_EDGE('',*,*,#5179,.F.);
#7206=ORIENTED_EDGE('',*,*,#5180,.T.);
#7207=ORIENTED_EDGE('',*,*,#5128,.F.);
#7208=ORIENTED_EDGE('',*,*,#5180,.F.);
#7209=ORIENTED_EDGE('',*,*,#5181,.F.);
#7210=ORIENTED_EDGE('',*,*,#5182,.T.);
#7211=ORIENTED_EDGE('',*,*,#5129,.F.);
#7212=ORIENTED_EDGE('',*,*,#5182,.F.);
#7213=ORIENTED_EDGE('',*,*,#5183,.F.);
#7214=ORIENTED_EDGE('',*,*,#5184,.T.);
#7215=ORIENTED_EDGE('',*,*,#5130,.F.);
#7216=ORIENTED_EDGE('',*,*,#5184,.F.);
#7217=ORIENTED_EDGE('',*,*,#5185,.F.);
#7218=ORIENTED_EDGE('',*,*,#5186,.T.);
#7219=ORIENTED_EDGE('',*,*,#5131,.F.);
#7220=ORIENTED_EDGE('',*,*,#5186,.F.);
#7221=ORIENTED_EDGE('',*,*,#5187,.F.);
#7222=ORIENTED_EDGE('',*,*,#5188,.T.);
#7223=ORIENTED_EDGE('',*,*,#5132,.F.);
#7224=ORIENTED_EDGE('',*,*,#5188,.F.);
#7225=ORIENTED_EDGE('',*,*,#5189,.F.);
#7226=ORIENTED_EDGE('',*,*,#5190,.T.);
#7227=ORIENTED_EDGE('',*,*,#5133,.F.);
#7228=ORIENTED_EDGE('',*,*,#5190,.F.);
#7229=ORIENTED_EDGE('',*,*,#5191,.F.);
#7230=ORIENTED_EDGE('',*,*,#5192,.T.);
#7231=ORIENTED_EDGE('',*,*,#5134,.F.);
#7232=ORIENTED_EDGE('',*,*,#5192,.F.);
#7233=ORIENTED_EDGE('',*,*,#5193,.F.);
#7234=ORIENTED_EDGE('',*,*,#5194,.T.);
#7235=ORIENTED_EDGE('',*,*,#5135,.F.);
#7236=ORIENTED_EDGE('',*,*,#5194,.F.);
#7237=ORIENTED_EDGE('',*,*,#5195,.F.);
#7238=ORIENTED_EDGE('',*,*,#5196,.T.);
#7239=ORIENTED_EDGE('',*,*,#5136,.F.);
#7240=ORIENTED_EDGE('',*,*,#5196,.F.);
#7241=ORIENTED_EDGE('',*,*,#5197,.F.);
#7242=ORIENTED_EDGE('',*,*,#5198,.T.);
#7243=ORIENTED_EDGE('',*,*,#5137,.F.);
#7244=ORIENTED_EDGE('',*,*,#5198,.F.);
#7245=ORIENTED_EDGE('',*,*,#5199,.F.);
#7246=ORIENTED_EDGE('',*,*,#5200,.T.);
#7247=ORIENTED_EDGE('',*,*,#5138,.F.);
#7248=ORIENTED_EDGE('',*,*,#5200,.F.);
#7249=ORIENTED_EDGE('',*,*,#5201,.F.);
#7250=ORIENTED_EDGE('',*,*,#5202,.T.);
#7251=ORIENTED_EDGE('',*,*,#5139,.F.);
#7252=ORIENTED_EDGE('',*,*,#5202,.F.);
#7253=ORIENTED_EDGE('',*,*,#5203,.F.);
#7254=ORIENTED_EDGE('',*,*,#5204,.T.);
#7255=ORIENTED_EDGE('',*,*,#5140,.F.);
#7256=ORIENTED_EDGE('',*,*,#5204,.F.);
#7257=ORIENTED_EDGE('',*,*,#5205,.F.);
#7258=ORIENTED_EDGE('',*,*,#5206,.T.);
#7259=ORIENTED_EDGE('',*,*,#5207,.F.);
#7260=ORIENTED_EDGE('',*,*,#5141,.F.);
#7261=ORIENTED_EDGE('',*,*,#5206,.F.);
#7262=ORIENTED_EDGE('',*,*,#5208,.F.);
#7263=ORIENTED_EDGE('',*,*,#5207,.T.);
#7264=ORIENTED_EDGE('',*,*,#5209,.F.);
#7265=ORIENTED_EDGE('',*,*,#5210,.T.);
#7266=ORIENTED_EDGE('',*,*,#5142,.T.);
#7267=ORIENTED_EDGE('',*,*,#5143,.T.);
#7268=ORIENTED_EDGE('',*,*,#5210,.F.);
#7269=ORIENTED_EDGE('',*,*,#5211,.F.);
#7270=ORIENTED_EDGE('',*,*,#5212,.T.);
#7271=ORIENTED_EDGE('',*,*,#5144,.T.);
#7272=ORIENTED_EDGE('',*,*,#5212,.F.);
#7273=ORIENTED_EDGE('',*,*,#5213,.F.);
#7274=ORIENTED_EDGE('',*,*,#5214,.T.);
#7275=ORIENTED_EDGE('',*,*,#5145,.T.);
#7276=ORIENTED_EDGE('',*,*,#5214,.F.);
#7277=ORIENTED_EDGE('',*,*,#5215,.F.);
#7278=ORIENTED_EDGE('',*,*,#5216,.T.);
#7279=ORIENTED_EDGE('',*,*,#5146,.T.);
#7280=ORIENTED_EDGE('',*,*,#5216,.F.);
#7281=ORIENTED_EDGE('',*,*,#5217,.F.);
#7282=ORIENTED_EDGE('',*,*,#5218,.T.);
#7283=ORIENTED_EDGE('',*,*,#5147,.T.);
#7284=ORIENTED_EDGE('',*,*,#5218,.F.);
#7285=ORIENTED_EDGE('',*,*,#5219,.F.);
#7286=ORIENTED_EDGE('',*,*,#5220,.T.);
#7287=ORIENTED_EDGE('',*,*,#5148,.T.);
#7288=ORIENTED_EDGE('',*,*,#5220,.F.);
#7289=ORIENTED_EDGE('',*,*,#5221,.F.);
#7290=ORIENTED_EDGE('',*,*,#5222,.T.);
#7291=ORIENTED_EDGE('',*,*,#5149,.T.);
#7292=ORIENTED_EDGE('',*,*,#5222,.F.);
#7293=ORIENTED_EDGE('',*,*,#5223,.F.);
#7294=ORIENTED_EDGE('',*,*,#5224,.T.);
#7295=ORIENTED_EDGE('',*,*,#5225,.T.);
#7296=ORIENTED_EDGE('',*,*,#5150,.T.);
#7297=ORIENTED_EDGE('',*,*,#5224,.F.);
#7298=ORIENTED_EDGE('',*,*,#5226,.F.);
#7299=ORIENTED_EDGE('',*,*,#5225,.F.);
#7300=ORIENTED_EDGE('',*,*,#5227,.F.);
#7301=ORIENTED_EDGE('',*,*,#5152,.T.);
#7302=ORIENTED_EDGE('',*,*,#5113,.F.);
#7303=ORIENTED_EDGE('',*,*,#5228,.F.);
#7304=ORIENTED_EDGE('',*,*,#5229,.T.);
#7305=ORIENTED_EDGE('',*,*,#5151,.T.);
#7306=ORIENTED_EDGE('',*,*,#5229,.F.);
#7307=ORIENTED_EDGE('',*,*,#5227,.T.);
#7308=ORIENTED_EDGE('',*,*,#5226,.T.);
#7309=ORIENTED_EDGE('',*,*,#5223,.T.);
#7310=ORIENTED_EDGE('',*,*,#5221,.T.);
#7311=ORIENTED_EDGE('',*,*,#5219,.T.);
#7312=ORIENTED_EDGE('',*,*,#5217,.T.);
#7313=ORIENTED_EDGE('',*,*,#5215,.T.);
#7314=ORIENTED_EDGE('',*,*,#5213,.T.);
#7315=ORIENTED_EDGE('',*,*,#5211,.T.);
#7316=ORIENTED_EDGE('',*,*,#5209,.T.);
#7317=ORIENTED_EDGE('',*,*,#5208,.T.);
#7318=ORIENTED_EDGE('',*,*,#5205,.T.);
#7319=ORIENTED_EDGE('',*,*,#5203,.T.);
#7320=ORIENTED_EDGE('',*,*,#5201,.T.);
#7321=ORIENTED_EDGE('',*,*,#5199,.T.);
#7322=ORIENTED_EDGE('',*,*,#5197,.T.);
#7323=ORIENTED_EDGE('',*,*,#5195,.T.);
#7324=ORIENTED_EDGE('',*,*,#5193,.T.);
#7325=ORIENTED_EDGE('',*,*,#5191,.T.);
#7326=ORIENTED_EDGE('',*,*,#5189,.T.);
#7327=ORIENTED_EDGE('',*,*,#5187,.T.);
#7328=ORIENTED_EDGE('',*,*,#5185,.T.);
#7329=ORIENTED_EDGE('',*,*,#5183,.T.);
#7330=ORIENTED_EDGE('',*,*,#5181,.T.);
#7331=ORIENTED_EDGE('',*,*,#5179,.T.);
#7332=ORIENTED_EDGE('',*,*,#5177,.T.);
#7333=ORIENTED_EDGE('',*,*,#5175,.T.);
#7334=ORIENTED_EDGE('',*,*,#5173,.T.);
#7335=ORIENTED_EDGE('',*,*,#5171,.T.);
#7336=ORIENTED_EDGE('',*,*,#5169,.T.);
#7337=ORIENTED_EDGE('',*,*,#5167,.T.);
#7338=ORIENTED_EDGE('',*,*,#5165,.T.);
#7339=ORIENTED_EDGE('',*,*,#5163,.T.);
#7340=ORIENTED_EDGE('',*,*,#5161,.T.);
#7341=ORIENTED_EDGE('',*,*,#5159,.T.);
#7342=ORIENTED_EDGE('',*,*,#5157,.T.);
#7343=ORIENTED_EDGE('',*,*,#5155,.T.);
#7344=ORIENTED_EDGE('',*,*,#5153,.T.);
#7345=ORIENTED_EDGE('',*,*,#5228,.T.);
#7346=ORIENTED_EDGE('',*,*,#5230,.T.);
#7347=ORIENTED_EDGE('',*,*,#5231,.F.);
#7348=ORIENTED_EDGE('',*,*,#5230,.F.);
#7349=ORIENTED_EDGE('',*,*,#5232,.T.);
#7350=ORIENTED_EDGE('',*,*,#5231,.T.);
#7351=ORIENTED_EDGE('',*,*,#5232,.F.);
#7352=ORIENTED_EDGE('',*,*,#5233,.F.);
#7353=ORIENTED_EDGE('',*,*,#5234,.F.);
#7354=ORIENTED_EDGE('',*,*,#5235,.F.);
#7355=ORIENTED_EDGE('',*,*,#5236,.T.);
#7356=ORIENTED_EDGE('',*,*,#5237,.F.);
#7357=ORIENTED_EDGE('',*,*,#5236,.F.);
#7358=ORIENTED_EDGE('',*,*,#5238,.F.);
#7359=ORIENTED_EDGE('',*,*,#5239,.T.);
#7360=ORIENTED_EDGE('',*,*,#5240,.F.);
#7361=ORIENTED_EDGE('',*,*,#5239,.F.);
#7362=ORIENTED_EDGE('',*,*,#5241,.F.);
#7363=ORIENTED_EDGE('',*,*,#5242,.T.);
#7364=ORIENTED_EDGE('',*,*,#5243,.F.);
#7365=ORIENTED_EDGE('',*,*,#5242,.F.);
#7366=ORIENTED_EDGE('',*,*,#5244,.F.);
#7367=ORIENTED_EDGE('',*,*,#5245,.T.);
#7368=ORIENTED_EDGE('',*,*,#5246,.F.);
#7369=ORIENTED_EDGE('',*,*,#5245,.F.);
#7370=ORIENTED_EDGE('',*,*,#5247,.F.);
#7371=ORIENTED_EDGE('',*,*,#5248,.T.);
#7372=ORIENTED_EDGE('',*,*,#5249,.F.);
#7373=ORIENTED_EDGE('',*,*,#5248,.F.);
#7374=ORIENTED_EDGE('',*,*,#5250,.F.);
#7375=ORIENTED_EDGE('',*,*,#5251,.T.);
#7376=ORIENTED_EDGE('',*,*,#5252,.F.);
#7377=ORIENTED_EDGE('',*,*,#5251,.F.);
#7378=ORIENTED_EDGE('',*,*,#5253,.F.);
#7379=ORIENTED_EDGE('',*,*,#5254,.T.);
#7380=ORIENTED_EDGE('',*,*,#5255,.F.);
#7381=ORIENTED_EDGE('',*,*,#5254,.F.);
#7382=ORIENTED_EDGE('',*,*,#5256,.F.);
#7383=ORIENTED_EDGE('',*,*,#5257,.T.);
#7384=ORIENTED_EDGE('',*,*,#5258,.F.);
#7385=ORIENTED_EDGE('',*,*,#5257,.F.);
#7386=ORIENTED_EDGE('',*,*,#5259,.F.);
#7387=ORIENTED_EDGE('',*,*,#5260,.T.);
#7388=ORIENTED_EDGE('',*,*,#5261,.F.);
#7389=ORIENTED_EDGE('',*,*,#5260,.F.);
#7390=ORIENTED_EDGE('',*,*,#5262,.F.);
#7391=ORIENTED_EDGE('',*,*,#5263,.T.);
#7392=ORIENTED_EDGE('',*,*,#5264,.F.);
#7393=ORIENTED_EDGE('',*,*,#5263,.F.);
#7394=ORIENTED_EDGE('',*,*,#5265,.F.);
#7395=ORIENTED_EDGE('',*,*,#5266,.T.);
#7396=ORIENTED_EDGE('',*,*,#5267,.F.);
#7397=ORIENTED_EDGE('',*,*,#5266,.F.);
#7398=ORIENTED_EDGE('',*,*,#5268,.F.);
#7399=ORIENTED_EDGE('',*,*,#5269,.T.);
#7400=ORIENTED_EDGE('',*,*,#5270,.F.);
#7401=ORIENTED_EDGE('',*,*,#5269,.F.);
#7402=ORIENTED_EDGE('',*,*,#5271,.F.);
#7403=ORIENTED_EDGE('',*,*,#5272,.T.);
#7404=ORIENTED_EDGE('',*,*,#5273,.F.);
#7405=ORIENTED_EDGE('',*,*,#5272,.F.);
#7406=ORIENTED_EDGE('',*,*,#5274,.F.);
#7407=ORIENTED_EDGE('',*,*,#5275,.T.);
#7408=ORIENTED_EDGE('',*,*,#5276,.F.);
#7409=ORIENTED_EDGE('',*,*,#5275,.F.);
#7410=ORIENTED_EDGE('',*,*,#5277,.F.);
#7411=ORIENTED_EDGE('',*,*,#5278,.T.);
#7412=ORIENTED_EDGE('',*,*,#5279,.F.);
#7413=ORIENTED_EDGE('',*,*,#5278,.F.);
#7414=ORIENTED_EDGE('',*,*,#5280,.F.);
#7415=ORIENTED_EDGE('',*,*,#5281,.T.);
#7416=ORIENTED_EDGE('',*,*,#5282,.F.);
#7417=ORIENTED_EDGE('',*,*,#5281,.F.);
#7418=ORIENTED_EDGE('',*,*,#5283,.F.);
#7419=ORIENTED_EDGE('',*,*,#5284,.T.);
#7420=ORIENTED_EDGE('',*,*,#5285,.F.);
#7421=ORIENTED_EDGE('',*,*,#5284,.F.);
#7422=ORIENTED_EDGE('',*,*,#5286,.F.);
#7423=ORIENTED_EDGE('',*,*,#5287,.T.);
#7424=ORIENTED_EDGE('',*,*,#5288,.F.);
#7425=ORIENTED_EDGE('',*,*,#5287,.F.);
#7426=ORIENTED_EDGE('',*,*,#5289,.F.);
#7427=ORIENTED_EDGE('',*,*,#5290,.T.);
#7428=ORIENTED_EDGE('',*,*,#5291,.F.);
#7429=ORIENTED_EDGE('',*,*,#5290,.F.);
#7430=ORIENTED_EDGE('',*,*,#5292,.F.);
#7431=ORIENTED_EDGE('',*,*,#5293,.T.);
#7432=ORIENTED_EDGE('',*,*,#5294,.F.);
#7433=ORIENTED_EDGE('',*,*,#5293,.F.);
#7434=ORIENTED_EDGE('',*,*,#5295,.F.);
#7435=ORIENTED_EDGE('',*,*,#5296,.T.);
#7436=ORIENTED_EDGE('',*,*,#5297,.F.);
#7437=ORIENTED_EDGE('',*,*,#5296,.F.);
#7438=ORIENTED_EDGE('',*,*,#5298,.F.);
#7439=ORIENTED_EDGE('',*,*,#5299,.T.);
#7440=ORIENTED_EDGE('',*,*,#5300,.F.);
#7441=ORIENTED_EDGE('',*,*,#5299,.F.);
#7442=ORIENTED_EDGE('',*,*,#5301,.F.);
#7443=ORIENTED_EDGE('',*,*,#5302,.T.);
#7444=ORIENTED_EDGE('',*,*,#5303,.F.);
#7445=ORIENTED_EDGE('',*,*,#5302,.F.);
#7446=ORIENTED_EDGE('',*,*,#5304,.F.);
#7447=ORIENTED_EDGE('',*,*,#5305,.T.);
#7448=ORIENTED_EDGE('',*,*,#5306,.F.);
#7449=ORIENTED_EDGE('',*,*,#5305,.F.);
#7450=ORIENTED_EDGE('',*,*,#5307,.F.);
#7451=ORIENTED_EDGE('',*,*,#5308,.T.);
#7452=ORIENTED_EDGE('',*,*,#5309,.F.);
#7453=ORIENTED_EDGE('',*,*,#5308,.F.);
#7454=ORIENTED_EDGE('',*,*,#5310,.F.);
#7455=ORIENTED_EDGE('',*,*,#5311,.T.);
#7456=ORIENTED_EDGE('',*,*,#5312,.F.);
#7457=ORIENTED_EDGE('',*,*,#5311,.F.);
#7458=ORIENTED_EDGE('',*,*,#5313,.F.);
#7459=ORIENTED_EDGE('',*,*,#5314,.T.);
#7460=ORIENTED_EDGE('',*,*,#5315,.F.);
#7461=ORIENTED_EDGE('',*,*,#5316,.F.);
#7462=ORIENTED_EDGE('',*,*,#5314,.F.);
#7463=ORIENTED_EDGE('',*,*,#5317,.F.);
#7464=ORIENTED_EDGE('',*,*,#5315,.T.);
#7465=ORIENTED_EDGE('',*,*,#5318,.F.);
#7466=ORIENTED_EDGE('',*,*,#5319,.T.);
#7467=ORIENTED_EDGE('',*,*,#5320,.T.);
#7468=ORIENTED_EDGE('',*,*,#5321,.T.);
#7469=ORIENTED_EDGE('',*,*,#5319,.F.);
#7470=ORIENTED_EDGE('',*,*,#5322,.F.);
#7471=ORIENTED_EDGE('',*,*,#5323,.T.);
#7472=ORIENTED_EDGE('',*,*,#5324,.T.);
#7473=ORIENTED_EDGE('',*,*,#5323,.F.);
#7474=ORIENTED_EDGE('',*,*,#5325,.F.);
#7475=ORIENTED_EDGE('',*,*,#5326,.T.);
#7476=ORIENTED_EDGE('',*,*,#5327,.T.);
#7477=ORIENTED_EDGE('',*,*,#5326,.F.);
#7478=ORIENTED_EDGE('',*,*,#5328,.F.);
#7479=ORIENTED_EDGE('',*,*,#5329,.T.);
#7480=ORIENTED_EDGE('',*,*,#5330,.T.);
#7481=ORIENTED_EDGE('',*,*,#5329,.F.);
#7482=ORIENTED_EDGE('',*,*,#5331,.F.);
#7483=ORIENTED_EDGE('',*,*,#5332,.T.);
#7484=ORIENTED_EDGE('',*,*,#5333,.T.);
#7485=ORIENTED_EDGE('',*,*,#5332,.F.);
#7486=ORIENTED_EDGE('',*,*,#5334,.F.);
#7487=ORIENTED_EDGE('',*,*,#5335,.T.);
#7488=ORIENTED_EDGE('',*,*,#5336,.T.);
#7489=ORIENTED_EDGE('',*,*,#5335,.F.);
#7490=ORIENTED_EDGE('',*,*,#5337,.F.);
#7491=ORIENTED_EDGE('',*,*,#5338,.T.);
#7492=ORIENTED_EDGE('',*,*,#5339,.T.);
#7493=ORIENTED_EDGE('',*,*,#5338,.F.);
#7494=ORIENTED_EDGE('',*,*,#5340,.F.);
#7495=ORIENTED_EDGE('',*,*,#5341,.T.);
#7496=ORIENTED_EDGE('',*,*,#5342,.T.);
#7497=ORIENTED_EDGE('',*,*,#5343,.T.);
#7498=ORIENTED_EDGE('',*,*,#5341,.F.);
#7499=ORIENTED_EDGE('',*,*,#5344,.F.);
#7500=ORIENTED_EDGE('',*,*,#5342,.F.);
#7501=ORIENTED_EDGE('',*,*,#5345,.F.);
#7502=ORIENTED_EDGE('',*,*,#5234,.T.);
#7503=ORIENTED_EDGE('',*,*,#5346,.F.);
#7504=ORIENTED_EDGE('',*,*,#5347,.F.);
#7505=ORIENTED_EDGE('',*,*,#5348,.T.);
#7506=ORIENTED_EDGE('',*,*,#5349,.F.);
#7507=ORIENTED_EDGE('',*,*,#5348,.F.);
#7508=ORIENTED_EDGE('',*,*,#5346,.T.);
#7509=ORIENTED_EDGE('',*,*,#5233,.T.);
#7510=ORIENTED_EDGE('',*,*,#5237,.T.);
#7511=ORIENTED_EDGE('',*,*,#5240,.T.);
#7512=ORIENTED_EDGE('',*,*,#5243,.T.);
#7513=ORIENTED_EDGE('',*,*,#5246,.T.);
#7514=ORIENTED_EDGE('',*,*,#5249,.T.);
#7515=ORIENTED_EDGE('',*,*,#5252,.T.);
#7516=ORIENTED_EDGE('',*,*,#5255,.T.);
#7517=ORIENTED_EDGE('',*,*,#5258,.T.);
#7518=ORIENTED_EDGE('',*,*,#5261,.T.);
#7519=ORIENTED_EDGE('',*,*,#5264,.T.);
#7520=ORIENTED_EDGE('',*,*,#5267,.T.);
#7521=ORIENTED_EDGE('',*,*,#5270,.T.);
#7522=ORIENTED_EDGE('',*,*,#5273,.T.);
#7523=ORIENTED_EDGE('',*,*,#5276,.T.);
#7524=ORIENTED_EDGE('',*,*,#5279,.T.);
#7525=ORIENTED_EDGE('',*,*,#5282,.T.);
#7526=ORIENTED_EDGE('',*,*,#5285,.T.);
#7527=ORIENTED_EDGE('',*,*,#5288,.T.);
#7528=ORIENTED_EDGE('',*,*,#5291,.T.);
#7529=ORIENTED_EDGE('',*,*,#5294,.T.);
#7530=ORIENTED_EDGE('',*,*,#5297,.T.);
#7531=ORIENTED_EDGE('',*,*,#5300,.T.);
#7532=ORIENTED_EDGE('',*,*,#5303,.T.);
#7533=ORIENTED_EDGE('',*,*,#5306,.T.);
#7534=ORIENTED_EDGE('',*,*,#5309,.T.);
#7535=ORIENTED_EDGE('',*,*,#5312,.T.);
#7536=ORIENTED_EDGE('',*,*,#5316,.T.);
#7537=ORIENTED_EDGE('',*,*,#5320,.F.);
#7538=ORIENTED_EDGE('',*,*,#5321,.F.);
#7539=ORIENTED_EDGE('',*,*,#5324,.F.);
#7540=ORIENTED_EDGE('',*,*,#5327,.F.);
#7541=ORIENTED_EDGE('',*,*,#5330,.F.);
#7542=ORIENTED_EDGE('',*,*,#5333,.F.);
#7543=ORIENTED_EDGE('',*,*,#5336,.F.);
#7544=ORIENTED_EDGE('',*,*,#5339,.F.);
#7545=ORIENTED_EDGE('',*,*,#5343,.F.);
#7546=ORIENTED_EDGE('',*,*,#5347,.T.);
#7547=ORIENTED_EDGE('',*,*,#5350,.T.);
#7548=ORIENTED_EDGE('',*,*,#5345,.T.);
#7549=ORIENTED_EDGE('',*,*,#5344,.T.);
#7550=ORIENTED_EDGE('',*,*,#5340,.T.);
#7551=ORIENTED_EDGE('',*,*,#5337,.T.);
#7552=ORIENTED_EDGE('',*,*,#5334,.T.);
#7553=ORIENTED_EDGE('',*,*,#5331,.T.);
#7554=ORIENTED_EDGE('',*,*,#5328,.T.);
#7555=ORIENTED_EDGE('',*,*,#5325,.T.);
#7556=ORIENTED_EDGE('',*,*,#5322,.T.);
#7557=ORIENTED_EDGE('',*,*,#5318,.T.);
#7558=ORIENTED_EDGE('',*,*,#5317,.T.);
#7559=ORIENTED_EDGE('',*,*,#5313,.T.);
#7560=ORIENTED_EDGE('',*,*,#5310,.T.);
#7561=ORIENTED_EDGE('',*,*,#5307,.T.);
#7562=ORIENTED_EDGE('',*,*,#5304,.T.);
#7563=ORIENTED_EDGE('',*,*,#5301,.T.);
#7564=ORIENTED_EDGE('',*,*,#5298,.T.);
#7565=ORIENTED_EDGE('',*,*,#5295,.T.);
#7566=ORIENTED_EDGE('',*,*,#5292,.T.);
#7567=ORIENTED_EDGE('',*,*,#5289,.T.);
#7568=ORIENTED_EDGE('',*,*,#5286,.T.);
#7569=ORIENTED_EDGE('',*,*,#5283,.T.);
#7570=ORIENTED_EDGE('',*,*,#5280,.T.);
#7571=ORIENTED_EDGE('',*,*,#5277,.T.);
#7572=ORIENTED_EDGE('',*,*,#5274,.T.);
#7573=ORIENTED_EDGE('',*,*,#5271,.T.);
#7574=ORIENTED_EDGE('',*,*,#5268,.T.);
#7575=ORIENTED_EDGE('',*,*,#5265,.T.);
#7576=ORIENTED_EDGE('',*,*,#5262,.T.);
#7577=ORIENTED_EDGE('',*,*,#5259,.T.);
#7578=ORIENTED_EDGE('',*,*,#5256,.T.);
#7579=ORIENTED_EDGE('',*,*,#5253,.T.);
#7580=ORIENTED_EDGE('',*,*,#5250,.T.);
#7581=ORIENTED_EDGE('',*,*,#5247,.T.);
#7582=ORIENTED_EDGE('',*,*,#5244,.T.);
#7583=ORIENTED_EDGE('',*,*,#5241,.T.);
#7584=ORIENTED_EDGE('',*,*,#5238,.T.);
#7585=ORIENTED_EDGE('',*,*,#5235,.T.);
#7586=ORIENTED_EDGE('',*,*,#5349,.T.);
#7587=ORIENTED_EDGE('',*,*,#5351,.T.);
#7588=ORIENTED_EDGE('',*,*,#5350,.F.);
#7589=ORIENTED_EDGE('',*,*,#5352,.T.);
#7590=ORIENTED_EDGE('',*,*,#5351,.F.);
#7591=ORIENTED_EDGE('',*,*,#5352,.F.);
#7592=ORIENTED_EDGE('',*,*,#5353,.T.);
#7593=ORIENTED_EDGE('',*,*,#5354,.T.);
#7594=ORIENTED_EDGE('',*,*,#5355,.F.);
#7595=ORIENTED_EDGE('',*,*,#5356,.F.);
#7596=ORIENTED_EDGE('',*,*,#5357,.T.);
#7597=ORIENTED_EDGE('',*,*,#5358,.F.);
#7598=ORIENTED_EDGE('',*,*,#5359,.F.);
#7599=ORIENTED_EDGE('',*,*,#5355,.T.);
#7600=ORIENTED_EDGE('',*,*,#5360,.T.);
#7601=ORIENTED_EDGE('',*,*,#5361,.F.);
#7602=ORIENTED_EDGE('',*,*,#5362,.F.);
#7603=ORIENTED_EDGE('',*,*,#5358,.T.);
#7604=ORIENTED_EDGE('',*,*,#5363,.T.);
#7605=ORIENTED_EDGE('',*,*,#5364,.F.);
#7606=ORIENTED_EDGE('',*,*,#5365,.F.);
#7607=ORIENTED_EDGE('',*,*,#5361,.T.);
#7608=ORIENTED_EDGE('',*,*,#5366,.T.);
#7609=ORIENTED_EDGE('',*,*,#5367,.F.);
#7610=ORIENTED_EDGE('',*,*,#5368,.F.);
#7611=ORIENTED_EDGE('',*,*,#5364,.T.);
#7612=ORIENTED_EDGE('',*,*,#5369,.T.);
#7613=ORIENTED_EDGE('',*,*,#5370,.F.);
#7614=ORIENTED_EDGE('',*,*,#5371,.F.);
#7615=ORIENTED_EDGE('',*,*,#5367,.T.);
#7616=ORIENTED_EDGE('',*,*,#5372,.T.);
#7617=ORIENTED_EDGE('',*,*,#5373,.F.);
#7618=ORIENTED_EDGE('',*,*,#5374,.F.);
#7619=ORIENTED_EDGE('',*,*,#5370,.T.);
#7620=ORIENTED_EDGE('',*,*,#5375,.T.);
#7621=ORIENTED_EDGE('',*,*,#5376,.F.);
#7622=ORIENTED_EDGE('',*,*,#5377,.F.);
#7623=ORIENTED_EDGE('',*,*,#5373,.T.);
#7624=ORIENTED_EDGE('',*,*,#5378,.T.);
#7625=ORIENTED_EDGE('',*,*,#5379,.F.);
#7626=ORIENTED_EDGE('',*,*,#5376,.T.);
#7627=ORIENTED_EDGE('',*,*,#5380,.T.);
#7628=ORIENTED_EDGE('',*,*,#5378,.F.);
#7629=ORIENTED_EDGE('',*,*,#5381,.F.);
#7630=ORIENTED_EDGE('',*,*,#5382,.F.);
#7631=ORIENTED_EDGE('',*,*,#5383,.F.);
#7632=ORIENTED_EDGE('',*,*,#5384,.F.);
#7633=ORIENTED_EDGE('',*,*,#5385,.F.);
#7634=ORIENTED_EDGE('',*,*,#5386,.F.);
#7635=ORIENTED_EDGE('',*,*,#5382,.T.);
#7636=ORIENTED_EDGE('',*,*,#5387,.F.);
#7637=ORIENTED_EDGE('',*,*,#5388,.F.);
#7638=ORIENTED_EDGE('',*,*,#5389,.F.);
#7639=ORIENTED_EDGE('',*,*,#5385,.T.);
#7640=ORIENTED_EDGE('',*,*,#5390,.F.);
#7641=ORIENTED_EDGE('',*,*,#5391,.F.);
#7642=ORIENTED_EDGE('',*,*,#5392,.F.);
#7643=ORIENTED_EDGE('',*,*,#5388,.T.);
#7644=ORIENTED_EDGE('',*,*,#5393,.F.);
#7645=ORIENTED_EDGE('',*,*,#5394,.F.);
#7646=ORIENTED_EDGE('',*,*,#5395,.F.);
#7647=ORIENTED_EDGE('',*,*,#5391,.T.);
#7648=ORIENTED_EDGE('',*,*,#5396,.F.);
#7649=ORIENTED_EDGE('',*,*,#5397,.F.);
#7650=ORIENTED_EDGE('',*,*,#5398,.F.);
#7651=ORIENTED_EDGE('',*,*,#5394,.T.);
#7652=ORIENTED_EDGE('',*,*,#5399,.F.);
#7653=ORIENTED_EDGE('',*,*,#5400,.F.);
#7654=ORIENTED_EDGE('',*,*,#5401,.F.);
#7655=ORIENTED_EDGE('',*,*,#5397,.T.);
#7656=ORIENTED_EDGE('',*,*,#5402,.F.);
#7657=ORIENTED_EDGE('',*,*,#5403,.F.);
#7658=ORIENTED_EDGE('',*,*,#5404,.F.);
#7659=ORIENTED_EDGE('',*,*,#5400,.T.);
#7660=ORIENTED_EDGE('',*,*,#5405,.F.);
#7661=ORIENTED_EDGE('',*,*,#5406,.F.);
#7662=ORIENTED_EDGE('',*,*,#5407,.F.);
#7663=ORIENTED_EDGE('',*,*,#5403,.T.);
#7664=ORIENTED_EDGE('',*,*,#5408,.F.);
#7665=ORIENTED_EDGE('',*,*,#5409,.F.);
#7666=ORIENTED_EDGE('',*,*,#5410,.F.);
#7667=ORIENTED_EDGE('',*,*,#5406,.T.);
#7668=ORIENTED_EDGE('',*,*,#5411,.F.);
#7669=ORIENTED_EDGE('',*,*,#5412,.F.);
#7670=ORIENTED_EDGE('',*,*,#5413,.F.);
#7671=ORIENTED_EDGE('',*,*,#5409,.T.);
#7672=ORIENTED_EDGE('',*,*,#5414,.F.);
#7673=ORIENTED_EDGE('',*,*,#5415,.F.);
#7674=ORIENTED_EDGE('',*,*,#5416,.F.);
#7675=ORIENTED_EDGE('',*,*,#5412,.T.);
#7676=ORIENTED_EDGE('',*,*,#5417,.F.);
#7677=ORIENTED_EDGE('',*,*,#5418,.F.);
#7678=ORIENTED_EDGE('',*,*,#5419,.F.);
#7679=ORIENTED_EDGE('',*,*,#5415,.T.);
#7680=ORIENTED_EDGE('',*,*,#5420,.F.);
#7681=ORIENTED_EDGE('',*,*,#5421,.F.);
#7682=ORIENTED_EDGE('',*,*,#5422,.F.);
#7683=ORIENTED_EDGE('',*,*,#5418,.T.);
#7684=ORIENTED_EDGE('',*,*,#5423,.F.);
#7685=ORIENTED_EDGE('',*,*,#5424,.F.);
#7686=ORIENTED_EDGE('',*,*,#5425,.F.);
#7687=ORIENTED_EDGE('',*,*,#5421,.T.);
#7688=ORIENTED_EDGE('',*,*,#5426,.F.);
#7689=ORIENTED_EDGE('',*,*,#5427,.F.);
#7690=ORIENTED_EDGE('',*,*,#5428,.F.);
#7691=ORIENTED_EDGE('',*,*,#5424,.T.);
#7692=ORIENTED_EDGE('',*,*,#5429,.F.);
#7693=ORIENTED_EDGE('',*,*,#5430,.F.);
#7694=ORIENTED_EDGE('',*,*,#5431,.F.);
#7695=ORIENTED_EDGE('',*,*,#5427,.T.);
#7696=ORIENTED_EDGE('',*,*,#5432,.F.);
#7697=ORIENTED_EDGE('',*,*,#5433,.F.);
#7698=ORIENTED_EDGE('',*,*,#5434,.F.);
#7699=ORIENTED_EDGE('',*,*,#5430,.T.);
#7700=ORIENTED_EDGE('',*,*,#5435,.F.);
#7701=ORIENTED_EDGE('',*,*,#5436,.F.);
#7702=ORIENTED_EDGE('',*,*,#5437,.F.);
#7703=ORIENTED_EDGE('',*,*,#5433,.T.);
#7704=ORIENTED_EDGE('',*,*,#5438,.F.);
#7705=ORIENTED_EDGE('',*,*,#5439,.F.);
#7706=ORIENTED_EDGE('',*,*,#5440,.F.);
#7707=ORIENTED_EDGE('',*,*,#5436,.T.);
#7708=ORIENTED_EDGE('',*,*,#5441,.F.);
#7709=ORIENTED_EDGE('',*,*,#5442,.F.);
#7710=ORIENTED_EDGE('',*,*,#5443,.F.);
#7711=ORIENTED_EDGE('',*,*,#5439,.T.);
#7712=ORIENTED_EDGE('',*,*,#5444,.F.);
#7713=ORIENTED_EDGE('',*,*,#5445,.F.);
#7714=ORIENTED_EDGE('',*,*,#5446,.F.);
#7715=ORIENTED_EDGE('',*,*,#5442,.T.);
#7716=ORIENTED_EDGE('',*,*,#5447,.F.);
#7717=ORIENTED_EDGE('',*,*,#5448,.F.);
#7718=ORIENTED_EDGE('',*,*,#5449,.F.);
#7719=ORIENTED_EDGE('',*,*,#5445,.T.);
#7720=ORIENTED_EDGE('',*,*,#5450,.F.);
#7721=ORIENTED_EDGE('',*,*,#5451,.F.);
#7722=ORIENTED_EDGE('',*,*,#5452,.F.);
#7723=ORIENTED_EDGE('',*,*,#5448,.T.);
#7724=ORIENTED_EDGE('',*,*,#5453,.F.);
#7725=ORIENTED_EDGE('',*,*,#5454,.F.);
#7726=ORIENTED_EDGE('',*,*,#5455,.F.);
#7727=ORIENTED_EDGE('',*,*,#5451,.T.);
#7728=ORIENTED_EDGE('',*,*,#5456,.F.);
#7729=ORIENTED_EDGE('',*,*,#5457,.F.);
#7730=ORIENTED_EDGE('',*,*,#5458,.F.);
#7731=ORIENTED_EDGE('',*,*,#5454,.T.);
#7732=ORIENTED_EDGE('',*,*,#5459,.F.);
#7733=ORIENTED_EDGE('',*,*,#5460,.F.);
#7734=ORIENTED_EDGE('',*,*,#5461,.F.);
#7735=ORIENTED_EDGE('',*,*,#5457,.T.);
#7736=ORIENTED_EDGE('',*,*,#5462,.F.);
#7737=ORIENTED_EDGE('',*,*,#5463,.F.);
#7738=ORIENTED_EDGE('',*,*,#5464,.F.);
#7739=ORIENTED_EDGE('',*,*,#5460,.T.);
#7740=ORIENTED_EDGE('',*,*,#5353,.F.);
#7741=ORIENTED_EDGE('',*,*,#5465,.F.);
#7742=ORIENTED_EDGE('',*,*,#5463,.T.);
#7743=ORIENTED_EDGE('',*,*,#5466,.F.);
#7744=ORIENTED_EDGE('',*,*,#5467,.F.);
#7745=ORIENTED_EDGE('',*,*,#5468,.T.);
#7746=ORIENTED_EDGE('',*,*,#5469,.F.);
#7747=ORIENTED_EDGE('',*,*,#5468,.F.);
#7748=ORIENTED_EDGE('',*,*,#5465,.T.);
#7749=ORIENTED_EDGE('',*,*,#5356,.T.);
#7750=ORIENTED_EDGE('',*,*,#5359,.T.);
#7751=ORIENTED_EDGE('',*,*,#5362,.T.);
#7752=ORIENTED_EDGE('',*,*,#5365,.T.);
#7753=ORIENTED_EDGE('',*,*,#5368,.T.);
#7754=ORIENTED_EDGE('',*,*,#5371,.T.);
#7755=ORIENTED_EDGE('',*,*,#5374,.T.);
#7756=ORIENTED_EDGE('',*,*,#5377,.T.);
#7757=ORIENTED_EDGE('',*,*,#5379,.T.);
#7758=ORIENTED_EDGE('',*,*,#5383,.T.);
#7759=ORIENTED_EDGE('',*,*,#5386,.T.);
#7760=ORIENTED_EDGE('',*,*,#5389,.T.);
#7761=ORIENTED_EDGE('',*,*,#5392,.T.);
#7762=ORIENTED_EDGE('',*,*,#5395,.T.);
#7763=ORIENTED_EDGE('',*,*,#5398,.T.);
#7764=ORIENTED_EDGE('',*,*,#5401,.T.);
#7765=ORIENTED_EDGE('',*,*,#5404,.T.);
#7766=ORIENTED_EDGE('',*,*,#5407,.T.);
#7767=ORIENTED_EDGE('',*,*,#5410,.T.);
#7768=ORIENTED_EDGE('',*,*,#5413,.T.);
#7769=ORIENTED_EDGE('',*,*,#5416,.T.);
#7770=ORIENTED_EDGE('',*,*,#5419,.T.);
#7771=ORIENTED_EDGE('',*,*,#5422,.T.);
#7772=ORIENTED_EDGE('',*,*,#5425,.T.);
#7773=ORIENTED_EDGE('',*,*,#5428,.T.);
#7774=ORIENTED_EDGE('',*,*,#5431,.T.);
#7775=ORIENTED_EDGE('',*,*,#5434,.T.);
#7776=ORIENTED_EDGE('',*,*,#5437,.T.);
#7777=ORIENTED_EDGE('',*,*,#5440,.T.);
#7778=ORIENTED_EDGE('',*,*,#5443,.T.);
#7779=ORIENTED_EDGE('',*,*,#5446,.T.);
#7780=ORIENTED_EDGE('',*,*,#5449,.T.);
#7781=ORIENTED_EDGE('',*,*,#5452,.T.);
#7782=ORIENTED_EDGE('',*,*,#5455,.T.);
#7783=ORIENTED_EDGE('',*,*,#5458,.T.);
#7784=ORIENTED_EDGE('',*,*,#5461,.T.);
#7785=ORIENTED_EDGE('',*,*,#5464,.T.);
#7786=ORIENTED_EDGE('',*,*,#5467,.T.);
#7787=ORIENTED_EDGE('',*,*,#5470,.T.);
#7788=ORIENTED_EDGE('',*,*,#5466,.T.);
#7789=ORIENTED_EDGE('',*,*,#5462,.T.);
#7790=ORIENTED_EDGE('',*,*,#5459,.T.);
#7791=ORIENTED_EDGE('',*,*,#5456,.T.);
#7792=ORIENTED_EDGE('',*,*,#5453,.T.);
#7793=ORIENTED_EDGE('',*,*,#5450,.T.);
#7794=ORIENTED_EDGE('',*,*,#5447,.T.);
#7795=ORIENTED_EDGE('',*,*,#5444,.T.);
#7796=ORIENTED_EDGE('',*,*,#5441,.T.);
#7797=ORIENTED_EDGE('',*,*,#5438,.T.);
#7798=ORIENTED_EDGE('',*,*,#5435,.T.);
#7799=ORIENTED_EDGE('',*,*,#5432,.T.);
#7800=ORIENTED_EDGE('',*,*,#5429,.T.);
#7801=ORIENTED_EDGE('',*,*,#5426,.T.);
#7802=ORIENTED_EDGE('',*,*,#5423,.T.);
#7803=ORIENTED_EDGE('',*,*,#5420,.T.);
#7804=ORIENTED_EDGE('',*,*,#5417,.T.);
#7805=ORIENTED_EDGE('',*,*,#5414,.T.);
#7806=ORIENTED_EDGE('',*,*,#5411,.T.);
#7807=ORIENTED_EDGE('',*,*,#5408,.T.);
#7808=ORIENTED_EDGE('',*,*,#5405,.T.);
#7809=ORIENTED_EDGE('',*,*,#5402,.T.);
#7810=ORIENTED_EDGE('',*,*,#5399,.T.);
#7811=ORIENTED_EDGE('',*,*,#5396,.T.);
#7812=ORIENTED_EDGE('',*,*,#5393,.T.);
#7813=ORIENTED_EDGE('',*,*,#5390,.T.);
#7814=ORIENTED_EDGE('',*,*,#5387,.T.);
#7815=ORIENTED_EDGE('',*,*,#5384,.T.);
#7816=ORIENTED_EDGE('',*,*,#5381,.T.);
#7817=ORIENTED_EDGE('',*,*,#5380,.F.);
#7818=ORIENTED_EDGE('',*,*,#5375,.F.);
#7819=ORIENTED_EDGE('',*,*,#5372,.F.);
#7820=ORIENTED_EDGE('',*,*,#5369,.F.);
#7821=ORIENTED_EDGE('',*,*,#5366,.F.);
#7822=ORIENTED_EDGE('',*,*,#5363,.F.);
#7823=ORIENTED_EDGE('',*,*,#5360,.F.);
#7824=ORIENTED_EDGE('',*,*,#5357,.F.);
#7825=ORIENTED_EDGE('',*,*,#5354,.F.);
#7826=ORIENTED_EDGE('',*,*,#5469,.T.);
#7827=ORIENTED_EDGE('',*,*,#5471,.T.);
#7828=ORIENTED_EDGE('',*,*,#5470,.F.);
#7829=ORIENTED_EDGE('',*,*,#5472,.T.);
#7830=ORIENTED_EDGE('',*,*,#5471,.F.);
#7831=ORIENTED_EDGE('',*,*,#5472,.F.);
#7832=ORIENTED_EDGE('',*,*,#5473,.F.);
#7833=ORIENTED_EDGE('',*,*,#5474,.F.);
#7834=ORIENTED_EDGE('',*,*,#5475,.T.);
#7835=ORIENTED_EDGE('',*,*,#5476,.T.);
#7836=ORIENTED_EDGE('',*,*,#5477,.F.);
#7837=ORIENTED_EDGE('',*,*,#5476,.F.);
#7838=ORIENTED_EDGE('',*,*,#5478,.T.);
#7839=ORIENTED_EDGE('',*,*,#5479,.T.);
#7840=ORIENTED_EDGE('',*,*,#5480,.F.);
#7841=ORIENTED_EDGE('',*,*,#5481,.F.);
#7842=ORIENTED_EDGE('',*,*,#5482,.T.);
#7843=ORIENTED_EDGE('',*,*,#5474,.T.);
#7844=ORIENTED_EDGE('',*,*,#5483,.F.);
#7845=ORIENTED_EDGE('',*,*,#5484,.F.);
#7846=ORIENTED_EDGE('',*,*,#5485,.T.);
#7847=ORIENTED_EDGE('',*,*,#5486,.T.);
#7848=ORIENTED_EDGE('',*,*,#5487,.F.);
#7849=ORIENTED_EDGE('',*,*,#5486,.F.);
#7850=ORIENTED_EDGE('',*,*,#5488,.T.);
#7851=ORIENTED_EDGE('',*,*,#5481,.T.);
#7852=ORIENTED_EDGE('',*,*,#5489,.F.);
#7853=ORIENTED_EDGE('',*,*,#5479,.F.);
#7854=ORIENTED_EDGE('',*,*,#5490,.T.);
#7855=ORIENTED_EDGE('',*,*,#5491,.T.);
#7856=ORIENTED_EDGE('',*,*,#5492,.F.);
#7857=ORIENTED_EDGE('',*,*,#5491,.F.);
#7858=ORIENTED_EDGE('',*,*,#5493,.T.);
#7859=ORIENTED_EDGE('',*,*,#5494,.T.);
#7860=ORIENTED_EDGE('',*,*,#5495,.F.);
#7861=ORIENTED_EDGE('',*,*,#5494,.F.);
#7862=ORIENTED_EDGE('',*,*,#5496,.T.);
#7863=ORIENTED_EDGE('',*,*,#5497,.T.);
#7864=ORIENTED_EDGE('',*,*,#5498,.F.);
#7865=ORIENTED_EDGE('',*,*,#5497,.F.);
#7866=ORIENTED_EDGE('',*,*,#5499,.T.);
#7867=ORIENTED_EDGE('',*,*,#5500,.T.);
#7868=ORIENTED_EDGE('',*,*,#5501,.F.);
#7869=ORIENTED_EDGE('',*,*,#5500,.F.);
#7870=ORIENTED_EDGE('',*,*,#5502,.T.);
#7871=ORIENTED_EDGE('',*,*,#5503,.T.);
#7872=ORIENTED_EDGE('',*,*,#5504,.F.);
#7873=ORIENTED_EDGE('',*,*,#5503,.F.);
#7874=ORIENTED_EDGE('',*,*,#5505,.T.);
#7875=ORIENTED_EDGE('',*,*,#5506,.T.);
#7876=ORIENTED_EDGE('',*,*,#5507,.F.);
#7877=ORIENTED_EDGE('',*,*,#5506,.F.);
#7878=ORIENTED_EDGE('',*,*,#5508,.T.);
#7879=ORIENTED_EDGE('',*,*,#5509,.T.);
#7880=ORIENTED_EDGE('',*,*,#5510,.F.);
#7881=ORIENTED_EDGE('',*,*,#5509,.F.);
#7882=ORIENTED_EDGE('',*,*,#5511,.T.);
#7883=ORIENTED_EDGE('',*,*,#5512,.T.);
#7884=ORIENTED_EDGE('',*,*,#5513,.F.);
#7885=ORIENTED_EDGE('',*,*,#5512,.F.);
#7886=ORIENTED_EDGE('',*,*,#5514,.T.);
#7887=ORIENTED_EDGE('',*,*,#5515,.T.);
#7888=ORIENTED_EDGE('',*,*,#5516,.F.);
#7889=ORIENTED_EDGE('',*,*,#5515,.F.);
#7890=ORIENTED_EDGE('',*,*,#5517,.T.);
#7891=ORIENTED_EDGE('',*,*,#5518,.T.);
#7892=ORIENTED_EDGE('',*,*,#5519,.F.);
#7893=ORIENTED_EDGE('',*,*,#5518,.F.);
#7894=ORIENTED_EDGE('',*,*,#5520,.T.);
#7895=ORIENTED_EDGE('',*,*,#5521,.T.);
#7896=ORIENTED_EDGE('',*,*,#5522,.F.);
#7897=ORIENTED_EDGE('',*,*,#5521,.F.);
#7898=ORIENTED_EDGE('',*,*,#5523,.T.);
#7899=ORIENTED_EDGE('',*,*,#5524,.T.);
#7900=ORIENTED_EDGE('',*,*,#5525,.F.);
#7901=ORIENTED_EDGE('',*,*,#5524,.F.);
#7902=ORIENTED_EDGE('',*,*,#5526,.T.);
#7903=ORIENTED_EDGE('',*,*,#5527,.T.);
#7904=ORIENTED_EDGE('',*,*,#5528,.F.);
#7905=ORIENTED_EDGE('',*,*,#5527,.F.);
#7906=ORIENTED_EDGE('',*,*,#5529,.T.);
#7907=ORIENTED_EDGE('',*,*,#5530,.T.);
#7908=ORIENTED_EDGE('',*,*,#5531,.F.);
#7909=ORIENTED_EDGE('',*,*,#5530,.F.);
#7910=ORIENTED_EDGE('',*,*,#5532,.T.);
#7911=ORIENTED_EDGE('',*,*,#5533,.T.);
#7912=ORIENTED_EDGE('',*,*,#5534,.F.);
#7913=ORIENTED_EDGE('',*,*,#5533,.F.);
#7914=ORIENTED_EDGE('',*,*,#5535,.T.);
#7915=ORIENTED_EDGE('',*,*,#5536,.T.);
#7916=ORIENTED_EDGE('',*,*,#5537,.F.);
#7917=ORIENTED_EDGE('',*,*,#5536,.F.);
#7918=ORIENTED_EDGE('',*,*,#5538,.T.);
#7919=ORIENTED_EDGE('',*,*,#5539,.T.);
#7920=ORIENTED_EDGE('',*,*,#5540,.F.);
#7921=ORIENTED_EDGE('',*,*,#5539,.F.);
#7922=ORIENTED_EDGE('',*,*,#5541,.T.);
#7923=ORIENTED_EDGE('',*,*,#5542,.T.);
#7924=ORIENTED_EDGE('',*,*,#5543,.F.);
#7925=ORIENTED_EDGE('',*,*,#5542,.F.);
#7926=ORIENTED_EDGE('',*,*,#5544,.T.);
#7927=ORIENTED_EDGE('',*,*,#5545,.T.);
#7928=ORIENTED_EDGE('',*,*,#5546,.F.);
#7929=ORIENTED_EDGE('',*,*,#5545,.F.);
#7930=ORIENTED_EDGE('',*,*,#5547,.T.);
#7931=ORIENTED_EDGE('',*,*,#5548,.T.);
#7932=ORIENTED_EDGE('',*,*,#5549,.F.);
#7933=ORIENTED_EDGE('',*,*,#5548,.F.);
#7934=ORIENTED_EDGE('',*,*,#5550,.T.);
#7935=ORIENTED_EDGE('',*,*,#5551,.T.);
#7936=ORIENTED_EDGE('',*,*,#5552,.F.);
#7937=ORIENTED_EDGE('',*,*,#5551,.F.);
#7938=ORIENTED_EDGE('',*,*,#5553,.T.);
#7939=ORIENTED_EDGE('',*,*,#5554,.T.);
#7940=ORIENTED_EDGE('',*,*,#5555,.F.);
#7941=ORIENTED_EDGE('',*,*,#5554,.F.);
#7942=ORIENTED_EDGE('',*,*,#5556,.T.);
#7943=ORIENTED_EDGE('',*,*,#5557,.T.);
#7944=ORIENTED_EDGE('',*,*,#5558,.F.);
#7945=ORIENTED_EDGE('',*,*,#5557,.F.);
#7946=ORIENTED_EDGE('',*,*,#5559,.T.);
#7947=ORIENTED_EDGE('',*,*,#5560,.T.);
#7948=ORIENTED_EDGE('',*,*,#5561,.F.);
#7949=ORIENTED_EDGE('',*,*,#5560,.F.);
#7950=ORIENTED_EDGE('',*,*,#5562,.T.);
#7951=ORIENTED_EDGE('',*,*,#5563,.T.);
#7952=ORIENTED_EDGE('',*,*,#5564,.F.);
#7953=ORIENTED_EDGE('',*,*,#5563,.F.);
#7954=ORIENTED_EDGE('',*,*,#5565,.T.);
#7955=ORIENTED_EDGE('',*,*,#5566,.T.);
#7956=ORIENTED_EDGE('',*,*,#5567,.F.);
#7957=ORIENTED_EDGE('',*,*,#5566,.F.);
#7958=ORIENTED_EDGE('',*,*,#5568,.T.);
#7959=ORIENTED_EDGE('',*,*,#5569,.T.);
#7960=ORIENTED_EDGE('',*,*,#5570,.F.);
#7961=ORIENTED_EDGE('',*,*,#5569,.F.);
#7962=ORIENTED_EDGE('',*,*,#5571,.T.);
#7963=ORIENTED_EDGE('',*,*,#5572,.T.);
#7964=ORIENTED_EDGE('',*,*,#5573,.F.);
#7965=ORIENTED_EDGE('',*,*,#5572,.F.);
#7966=ORIENTED_EDGE('',*,*,#5574,.T.);
#7967=ORIENTED_EDGE('',*,*,#5575,.T.);
#7968=ORIENTED_EDGE('',*,*,#5576,.F.);
#7969=ORIENTED_EDGE('',*,*,#5575,.F.);
#7970=ORIENTED_EDGE('',*,*,#5577,.T.);
#7971=ORIENTED_EDGE('',*,*,#5578,.T.);
#7972=ORIENTED_EDGE('',*,*,#5579,.F.);
#7973=ORIENTED_EDGE('',*,*,#5578,.F.);
#7974=ORIENTED_EDGE('',*,*,#5580,.T.);
#7975=ORIENTED_EDGE('',*,*,#5581,.T.);
#7976=ORIENTED_EDGE('',*,*,#5582,.F.);
#7977=ORIENTED_EDGE('',*,*,#5581,.F.);
#7978=ORIENTED_EDGE('',*,*,#5583,.T.);
#7979=ORIENTED_EDGE('',*,*,#5584,.T.);
#7980=ORIENTED_EDGE('',*,*,#5585,.F.);
#7981=ORIENTED_EDGE('',*,*,#5584,.F.);
#7982=ORIENTED_EDGE('',*,*,#5586,.T.);
#7983=ORIENTED_EDGE('',*,*,#5587,.T.);
#7984=ORIENTED_EDGE('',*,*,#5588,.F.);
#7985=ORIENTED_EDGE('',*,*,#5587,.F.);
#7986=ORIENTED_EDGE('',*,*,#5589,.T.);
#7987=ORIENTED_EDGE('',*,*,#5590,.T.);
#7988=ORIENTED_EDGE('',*,*,#5591,.F.);
#7989=ORIENTED_EDGE('',*,*,#5590,.F.);
#7990=ORIENTED_EDGE('',*,*,#5592,.T.);
#7991=ORIENTED_EDGE('',*,*,#5593,.T.);
#7992=ORIENTED_EDGE('',*,*,#5594,.F.);
#7993=ORIENTED_EDGE('',*,*,#5593,.F.);
#7994=ORIENTED_EDGE('',*,*,#5595,.T.);
#7995=ORIENTED_EDGE('',*,*,#5596,.T.);
#7996=ORIENTED_EDGE('',*,*,#5597,.F.);
#7997=ORIENTED_EDGE('',*,*,#5596,.F.);
#7998=ORIENTED_EDGE('',*,*,#5598,.T.);
#7999=ORIENTED_EDGE('',*,*,#5599,.T.);
#8000=ORIENTED_EDGE('',*,*,#5600,.F.);
#8001=ORIENTED_EDGE('',*,*,#5599,.F.);
#8002=ORIENTED_EDGE('',*,*,#5601,.T.);
#8003=ORIENTED_EDGE('',*,*,#5602,.T.);
#8004=ORIENTED_EDGE('',*,*,#5603,.F.);
#8005=ORIENTED_EDGE('',*,*,#5602,.F.);
#8006=ORIENTED_EDGE('',*,*,#5604,.T.);
#8007=ORIENTED_EDGE('',*,*,#5605,.T.);
#8008=ORIENTED_EDGE('',*,*,#5606,.F.);
#8009=ORIENTED_EDGE('',*,*,#5605,.F.);
#8010=ORIENTED_EDGE('',*,*,#5607,.T.);
#8011=ORIENTED_EDGE('',*,*,#5608,.T.);
#8012=ORIENTED_EDGE('',*,*,#5609,.F.);
#8013=ORIENTED_EDGE('',*,*,#5608,.F.);
#8014=ORIENTED_EDGE('',*,*,#5610,.T.);
#8015=ORIENTED_EDGE('',*,*,#5611,.T.);
#8016=ORIENTED_EDGE('',*,*,#5612,.F.);
#8017=ORIENTED_EDGE('',*,*,#5611,.F.);
#8018=ORIENTED_EDGE('',*,*,#5613,.T.);
#8019=ORIENTED_EDGE('',*,*,#5614,.T.);
#8020=ORIENTED_EDGE('',*,*,#5615,.F.);
#8021=ORIENTED_EDGE('',*,*,#5614,.F.);
#8022=ORIENTED_EDGE('',*,*,#5616,.T.);
#8023=ORIENTED_EDGE('',*,*,#5617,.T.);
#8024=ORIENTED_EDGE('',*,*,#5618,.F.);
#8025=ORIENTED_EDGE('',*,*,#5617,.F.);
#8026=ORIENTED_EDGE('',*,*,#5619,.T.);
#8027=ORIENTED_EDGE('',*,*,#5620,.T.);
#8028=ORIENTED_EDGE('',*,*,#5621,.F.);
#8029=ORIENTED_EDGE('',*,*,#5620,.F.);
#8030=ORIENTED_EDGE('',*,*,#5622,.T.);
#8031=ORIENTED_EDGE('',*,*,#5623,.T.);
#8032=ORIENTED_EDGE('',*,*,#5624,.F.);
#8033=ORIENTED_EDGE('',*,*,#5623,.F.);
#8034=ORIENTED_EDGE('',*,*,#5625,.T.);
#8035=ORIENTED_EDGE('',*,*,#5626,.T.);
#8036=ORIENTED_EDGE('',*,*,#5627,.F.);
#8037=ORIENTED_EDGE('',*,*,#5626,.F.);
#8038=ORIENTED_EDGE('',*,*,#5628,.T.);
#8039=ORIENTED_EDGE('',*,*,#5629,.T.);
#8040=ORIENTED_EDGE('',*,*,#5630,.F.);
#8041=ORIENTED_EDGE('',*,*,#5629,.F.);
#8042=ORIENTED_EDGE('',*,*,#5631,.T.);
#8043=ORIENTED_EDGE('',*,*,#5632,.T.);
#8044=ORIENTED_EDGE('',*,*,#5633,.F.);
#8045=ORIENTED_EDGE('',*,*,#5632,.F.);
#8046=ORIENTED_EDGE('',*,*,#5634,.T.);
#8047=ORIENTED_EDGE('',*,*,#5635,.T.);
#8048=ORIENTED_EDGE('',*,*,#5636,.F.);
#8049=ORIENTED_EDGE('',*,*,#5635,.F.);
#8050=ORIENTED_EDGE('',*,*,#5637,.T.);
#8051=ORIENTED_EDGE('',*,*,#5638,.T.);
#8052=ORIENTED_EDGE('',*,*,#5639,.F.);
#8053=ORIENTED_EDGE('',*,*,#5638,.F.);
#8054=ORIENTED_EDGE('',*,*,#5640,.T.);
#8055=ORIENTED_EDGE('',*,*,#5641,.T.);
#8056=ORIENTED_EDGE('',*,*,#5642,.F.);
#8057=ORIENTED_EDGE('',*,*,#5641,.F.);
#8058=ORIENTED_EDGE('',*,*,#5643,.T.);
#8059=ORIENTED_EDGE('',*,*,#5644,.T.);
#8060=ORIENTED_EDGE('',*,*,#5645,.F.);
#8061=ORIENTED_EDGE('',*,*,#5644,.F.);
#8062=ORIENTED_EDGE('',*,*,#5646,.T.);
#8063=ORIENTED_EDGE('',*,*,#5647,.T.);
#8064=ORIENTED_EDGE('',*,*,#5648,.F.);
#8065=ORIENTED_EDGE('',*,*,#5647,.F.);
#8066=ORIENTED_EDGE('',*,*,#5649,.T.);
#8067=ORIENTED_EDGE('',*,*,#5650,.T.);
#8068=ORIENTED_EDGE('',*,*,#5651,.F.);
#8069=ORIENTED_EDGE('',*,*,#5650,.F.);
#8070=ORIENTED_EDGE('',*,*,#5652,.T.);
#8071=ORIENTED_EDGE('',*,*,#5484,.T.);
#8072=ORIENTED_EDGE('',*,*,#5483,.T.);
#8073=ORIENTED_EDGE('',*,*,#5487,.T.);
#8074=ORIENTED_EDGE('',*,*,#5480,.T.);
#8075=ORIENTED_EDGE('',*,*,#5473,.T.);
#8076=ORIENTED_EDGE('',*,*,#5477,.T.);
#8077=ORIENTED_EDGE('',*,*,#5489,.T.);
#8078=ORIENTED_EDGE('',*,*,#5492,.T.);
#8079=ORIENTED_EDGE('',*,*,#5495,.T.);
#8080=ORIENTED_EDGE('',*,*,#5498,.T.);
#8081=ORIENTED_EDGE('',*,*,#5501,.T.);
#8082=ORIENTED_EDGE('',*,*,#5504,.T.);
#8083=ORIENTED_EDGE('',*,*,#5507,.T.);
#8084=ORIENTED_EDGE('',*,*,#5510,.T.);
#8085=ORIENTED_EDGE('',*,*,#5513,.T.);
#8086=ORIENTED_EDGE('',*,*,#5516,.T.);
#8087=ORIENTED_EDGE('',*,*,#5519,.T.);
#8088=ORIENTED_EDGE('',*,*,#5522,.T.);
#8089=ORIENTED_EDGE('',*,*,#5525,.T.);
#8090=ORIENTED_EDGE('',*,*,#5528,.T.);
#8091=ORIENTED_EDGE('',*,*,#5531,.T.);
#8092=ORIENTED_EDGE('',*,*,#5534,.T.);
#8093=ORIENTED_EDGE('',*,*,#5537,.T.);
#8094=ORIENTED_EDGE('',*,*,#5540,.T.);
#8095=ORIENTED_EDGE('',*,*,#5543,.T.);
#8096=ORIENTED_EDGE('',*,*,#5546,.T.);
#8097=ORIENTED_EDGE('',*,*,#5549,.T.);
#8098=ORIENTED_EDGE('',*,*,#5552,.T.);
#8099=ORIENTED_EDGE('',*,*,#5555,.T.);
#8100=ORIENTED_EDGE('',*,*,#5558,.T.);
#8101=ORIENTED_EDGE('',*,*,#5561,.T.);
#8102=ORIENTED_EDGE('',*,*,#5564,.T.);
#8103=ORIENTED_EDGE('',*,*,#5567,.T.);
#8104=ORIENTED_EDGE('',*,*,#5570,.T.);
#8105=ORIENTED_EDGE('',*,*,#5573,.T.);
#8106=ORIENTED_EDGE('',*,*,#5576,.T.);
#8107=ORIENTED_EDGE('',*,*,#5579,.T.);
#8108=ORIENTED_EDGE('',*,*,#5582,.T.);
#8109=ORIENTED_EDGE('',*,*,#5585,.T.);
#8110=ORIENTED_EDGE('',*,*,#5588,.T.);
#8111=ORIENTED_EDGE('',*,*,#5591,.T.);
#8112=ORIENTED_EDGE('',*,*,#5594,.T.);
#8113=ORIENTED_EDGE('',*,*,#5597,.T.);
#8114=ORIENTED_EDGE('',*,*,#5600,.T.);
#8115=ORIENTED_EDGE('',*,*,#5603,.T.);
#8116=ORIENTED_EDGE('',*,*,#5606,.T.);
#8117=ORIENTED_EDGE('',*,*,#5609,.T.);
#8118=ORIENTED_EDGE('',*,*,#5612,.T.);
#8119=ORIENTED_EDGE('',*,*,#5615,.T.);
#8120=ORIENTED_EDGE('',*,*,#5618,.T.);
#8121=ORIENTED_EDGE('',*,*,#5621,.T.);
#8122=ORIENTED_EDGE('',*,*,#5624,.T.);
#8123=ORIENTED_EDGE('',*,*,#5627,.T.);
#8124=ORIENTED_EDGE('',*,*,#5630,.T.);
#8125=ORIENTED_EDGE('',*,*,#5633,.T.);
#8126=ORIENTED_EDGE('',*,*,#5636,.T.);
#8127=ORIENTED_EDGE('',*,*,#5639,.T.);
#8128=ORIENTED_EDGE('',*,*,#5642,.T.);
#8129=ORIENTED_EDGE('',*,*,#5645,.T.);
#8130=ORIENTED_EDGE('',*,*,#5648,.T.);
#8131=ORIENTED_EDGE('',*,*,#5651,.T.);
#8132=ORIENTED_EDGE('',*,*,#5653,.T.);
#8133=ORIENTED_EDGE('',*,*,#5485,.F.);
#8134=ORIENTED_EDGE('',*,*,#5652,.F.);
#8135=ORIENTED_EDGE('',*,*,#5649,.F.);
#8136=ORIENTED_EDGE('',*,*,#5646,.F.);
#8137=ORIENTED_EDGE('',*,*,#5643,.F.);
#8138=ORIENTED_EDGE('',*,*,#5640,.F.);
#8139=ORIENTED_EDGE('',*,*,#5637,.F.);
#8140=ORIENTED_EDGE('',*,*,#5634,.F.);
#8141=ORIENTED_EDGE('',*,*,#5631,.F.);
#8142=ORIENTED_EDGE('',*,*,#5628,.F.);
#8143=ORIENTED_EDGE('',*,*,#5625,.F.);
#8144=ORIENTED_EDGE('',*,*,#5622,.F.);
#8145=ORIENTED_EDGE('',*,*,#5619,.F.);
#8146=ORIENTED_EDGE('',*,*,#5616,.F.);
#8147=ORIENTED_EDGE('',*,*,#5613,.F.);
#8148=ORIENTED_EDGE('',*,*,#5610,.F.);
#8149=ORIENTED_EDGE('',*,*,#5607,.F.);
#8150=ORIENTED_EDGE('',*,*,#5604,.F.);
#8151=ORIENTED_EDGE('',*,*,#5601,.F.);
#8152=ORIENTED_EDGE('',*,*,#5598,.F.);
#8153=ORIENTED_EDGE('',*,*,#5595,.F.);
#8154=ORIENTED_EDGE('',*,*,#5592,.F.);
#8155=ORIENTED_EDGE('',*,*,#5589,.F.);
#8156=ORIENTED_EDGE('',*,*,#5586,.F.);
#8157=ORIENTED_EDGE('',*,*,#5583,.F.);
#8158=ORIENTED_EDGE('',*,*,#5580,.F.);
#8159=ORIENTED_EDGE('',*,*,#5577,.F.);
#8160=ORIENTED_EDGE('',*,*,#5574,.F.);
#8161=ORIENTED_EDGE('',*,*,#5571,.F.);
#8162=ORIENTED_EDGE('',*,*,#5568,.F.);
#8163=ORIENTED_EDGE('',*,*,#5565,.F.);
#8164=ORIENTED_EDGE('',*,*,#5562,.F.);
#8165=ORIENTED_EDGE('',*,*,#5559,.F.);
#8166=ORIENTED_EDGE('',*,*,#5556,.F.);
#8167=ORIENTED_EDGE('',*,*,#5553,.F.);
#8168=ORIENTED_EDGE('',*,*,#5550,.F.);
#8169=ORIENTED_EDGE('',*,*,#5547,.F.);
#8170=ORIENTED_EDGE('',*,*,#5544,.F.);
#8171=ORIENTED_EDGE('',*,*,#5541,.F.);
#8172=ORIENTED_EDGE('',*,*,#5538,.F.);
#8173=ORIENTED_EDGE('',*,*,#5535,.F.);
#8174=ORIENTED_EDGE('',*,*,#5532,.F.);
#8175=ORIENTED_EDGE('',*,*,#5529,.F.);
#8176=ORIENTED_EDGE('',*,*,#5526,.F.);
#8177=ORIENTED_EDGE('',*,*,#5523,.F.);
#8178=ORIENTED_EDGE('',*,*,#5520,.F.);
#8179=ORIENTED_EDGE('',*,*,#5517,.F.);
#8180=ORIENTED_EDGE('',*,*,#5514,.F.);
#8181=ORIENTED_EDGE('',*,*,#5511,.F.);
#8182=ORIENTED_EDGE('',*,*,#5508,.F.);
#8183=ORIENTED_EDGE('',*,*,#5505,.F.);
#8184=ORIENTED_EDGE('',*,*,#5502,.F.);
#8185=ORIENTED_EDGE('',*,*,#5499,.F.);
#8186=ORIENTED_EDGE('',*,*,#5496,.F.);
#8187=ORIENTED_EDGE('',*,*,#5493,.F.);
#8188=ORIENTED_EDGE('',*,*,#5490,.F.);
#8189=ORIENTED_EDGE('',*,*,#5478,.F.);
#8190=ORIENTED_EDGE('',*,*,#5475,.F.);
#8191=ORIENTED_EDGE('',*,*,#5482,.F.);
#8192=ORIENTED_EDGE('',*,*,#5488,.F.);
#8193=ORIENTED_EDGE('',*,*,#5654,.F.);
#8194=ORIENTED_EDGE('',*,*,#5654,.T.);
#8195=ORIENTED_EDGE('',*,*,#5655,.T.);
#8196=ORIENTED_EDGE('',*,*,#5653,.F.);
#8197=ORIENTED_EDGE('',*,*,#5655,.F.);
#8198=PLANE('',#9035);
#8199=PLANE('',#9044);
#8200=PLANE('',#9061);
#8201=PLANE('',#9065);
#8202=PLANE('',#9071);
#8203=PLANE('',#9072);
#8204=PLANE('',#9074);
#8205=PLANE('',#9076);
#8206=PLANE('',#9079);
#8207=PLANE('',#9081);
#8208=PLANE('',#9103);
#8209=PLANE('',#9104);
#8210=PLANE('',#9105);
#8211=PLANE('',#9106);
#8212=PLANE('',#9107);
#8213=PLANE('',#9108);
#8214=PLANE('',#9109);
#8215=PLANE('',#9110);
#8216=PLANE('',#9111);
#8217=PLANE('',#9112);
#8218=PLANE('',#9113);
#8219=PLANE('',#9130);
#8220=PLANE('',#9183);
#8221=PLANE('',#9187);
#8222=PLANE('',#9189);
#8223=PLANE('',#9191);
#8224=PLANE('',#9195);
#8225=PLANE('',#9196);
#8226=PLANE('',#9200);
#8227=PLANE('',#9202);
#8228=PLANE('',#9204);
#8229=PLANE('',#9208);
#8230=PLANE('',#9209);
#8231=PLANE('',#9210);
#8232=PLANE('',#9211);
#8233=PLANE('',#9212);
#8234=PLANE('',#9214);
#8235=PLANE('',#9216);
#8236=PLANE('',#9218);
#8237=PLANE('',#9220);
#8238=PLANE('',#9222);
#8239=PLANE('',#9224);
#8240=PLANE('',#9226);
#8241=PLANE('',#9228);
#8242=PLANE('',#9230);
#8243=PLANE('',#9232);
#8244=PLANE('',#9234);
#8245=PLANE('',#9235);
#8246=PLANE('',#9258);
#8247=PLANE('',#9260);
#8248=PLANE('',#9284);
#8249=PLANE('',#9286);
#8250=PLANE('',#9300);
#8251=PLANE('',#9308);
#8252=PLANE('',#9309);
#8253=PLANE('',#9310);
#8254=PLANE('',#9311);
#8255=PLANE('',#9312);
#8256=PLANE('',#9313);
#8257=PLANE('',#9314);
#8258=PLANE('',#9315);
#8259=PLANE('',#9319);
#8260=PLANE('',#9320);
#8261=PLANE('',#9321);
#8262=PLANE('',#9322);
#8263=PLANE('',#9332);
#8264=PLANE('',#9336);
#8265=PLANE('',#9340);
#8266=PLANE('',#9350);
#8267=PLANE('',#9351);
#8268=PLANE('',#9352);
#8269=PLANE('',#9353);
#8270=PLANE('',#9354);
#8271=PLANE('',#9364);
#8272=PLANE('',#9368);
#8273=PLANE('',#9372);
#8274=PLANE('',#9382);
#8275=PLANE('',#9385);
#8276=PLANE('',#9386);
#8277=PLANE('',#9387);
#8278=PLANE('',#9388);
#8279=PLANE('',#9391);
#8280=PLANE('',#9399);
#8281=PLANE('',#9404);
#8282=PLANE('',#9405);
#8283=PLANE('',#9407);
#8284=PLANE('',#9409);
#8285=PLANE('',#9411);
#8286=PLANE('',#9413);
#8287=PLANE('',#9415);
#8288=PLANE('',#9417);
#8289=PLANE('',#9419);
#8290=PLANE('',#9421);
#8291=PLANE('',#9423);
#8292=PLANE('',#9425);
#8293=PLANE('',#9427);
#8294=PLANE('',#9431);
#8295=PLANE('',#9434);
#8296=PLANE('',#9435);
#8297=PLANE('',#9437);
#8298=PLANE('',#9439);
#8299=PLANE('',#9441);
#8300=PLANE('',#9443);
#8301=PLANE('',#9445);
#8302=PLANE('',#9447);
#8303=PLANE('',#9449);
#8304=PLANE('',#9451);
#8305=PLANE('',#9453);
#8306=PLANE('',#9455);
#8307=PLANE('',#9457);
#8308=PLANE('',#9461);
#8309=PLANE('',#9464);
#8310=PLANE('',#9465);
#8311=PLANE('',#9467);
#8312=PLANE('',#9469);
#8313=PLANE('',#9471);
#8314=PLANE('',#9473);
#8315=PLANE('',#9475);
#8316=PLANE('',#9477);
#8317=PLANE('',#9479);
#8318=PLANE('',#9481);
#8319=PLANE('',#9483);
#8320=PLANE('',#9485);
#8321=PLANE('',#9487);
#8322=PLANE('',#9491);
#8323=PLANE('',#9494);
#8324=PLANE('',#9511);
#8325=PLANE('',#9519);
#8326=PLANE('',#9522);
#8327=PLANE('',#9525);
#8328=PLANE('',#9532);
#8329=PLANE('',#9533);
#8330=PLANE('',#9534);
#8331=PLANE('',#9535);
#8332=PLANE('',#9536);
#8333=PLANE('',#9543);
#8334=PLANE('',#9546);
#8335=PLANE('',#9549);
#8336=PLANE('',#9556);
#8337=PLANE('',#9557);
#8338=PLANE('',#9558);
#8339=PLANE('',#9559);
#8340=PLANE('',#9560);
#8341=PLANE('',#9561);
#8342=PLANE('',#9562);
#8343=PLANE('',#9563);
#8344=PLANE('',#9564);
#8345=PLANE('',#9565);
#8346=PLANE('',#9566);
#8347=PLANE('',#9569);
#8348=PLANE('',#9571);
#8349=PLANE('',#9574);
#8350=PLANE('',#9575);
#8351=PLANE('',#9577);
#8352=PLANE('',#9579);
#8353=PLANE('',#9581);
#8354=PLANE('',#9583);
#8355=PLANE('',#9585);
#8356=PLANE('',#9587);
#8357=PLANE('',#9589);
#8358=PLANE('',#9591);
#8359=PLANE('',#9593);
#8360=PLANE('',#9595);
#8361=PLANE('',#9597);
#8362=PLANE('',#9601);
#8363=PLANE('',#9604);
#8364=PLANE('',#9621);
#8365=PLANE('',#9629);
#8366=PLANE('',#9632);
#8367=PLANE('',#9635);
#8368=PLANE('',#9642);
#8369=PLANE('',#9643);
#8370=PLANE('',#9644);
#8371=PLANE('',#9645);
#8372=PLANE('',#9646);
#8373=PLANE('',#9653);
#8374=PLANE('',#9656);
#8375=PLANE('',#9659);
#8376=PLANE('',#9666);
#8377=PLANE('',#9667);
#8378=PLANE('',#9668);
#8379=PLANE('',#9669);
#8380=PLANE('',#9670);
#8381=PLANE('',#9671);
#8382=PLANE('',#9672);
#8383=PLANE('',#9673);
#8384=PLANE('',#9674);
#8385=PLANE('',#9675);
#8386=PLANE('',#9676);
#8387=PLANE('',#9679);
#8388=PLANE('',#9681);
#8389=PLANE('',#9693);
#8390=PLANE('',#9697);
#8391=PLANE('',#9701);
#8392=PLANE('',#9711);
#8393=PLANE('',#9712);
#8394=PLANE('',#9713);
#8395=PLANE('',#9714);
#8396=PLANE('',#9715);
#8397=PLANE('',#9725);
#8398=PLANE('',#9729);
#8399=PLANE('',#9733);
#8400=PLANE('',#9743);
#8401=PLANE('',#9744);
#8402=PLANE('',#9745);
#8403=PLANE('',#9746);
#8404=PLANE('',#9747);
#8405=PLANE('',#9748);
#8406=PLANE('',#9749);
#8407=PLANE('',#9750);
#8408=PLANE('',#9751);
#8409=PLANE('',#9752);
#8410=PLANE('',#9753);
#8411=PLANE('',#9757);
#8412=PLANE('',#9759);
#8413=PLANE('',#9762);
#8414=PLANE('',#9763);
#8415=PLANE('',#9764);
#8416=PLANE('',#9765);
#8417=PLANE('',#9766);
#8418=PLANE('',#9767);
#8419=PLANE('',#9768);
#8420=PLANE('',#9769);
#8421=PLANE('',#9770);
#8422=PLANE('',#9771);
#8423=PLANE('',#9781);
#8424=PLANE('',#9785);
#8425=PLANE('',#9789);
#8426=PLANE('',#9799);
#8427=PLANE('',#9800);
#8428=PLANE('',#9801);
#8429=PLANE('',#9802);
#8430=PLANE('',#9803);
#8431=PLANE('',#9813);
#8432=PLANE('',#9817);
#8433=PLANE('',#9821);
#8434=PLANE('',#9831);
#8435=PLANE('',#9835);
#8436=PLANE('',#9837);
#8437=PLANE('',#9841);
#8438=PLANE('',#9842);
#8439=PLANE('',#9846);
#8440=PLANE('',#9847);
#8441=PLANE('',#9848);
#8442=PLANE('',#9849);
#8443=PLANE('',#9850);
#8444=PLANE('',#9851);
#8445=PLANE('',#9852);
#8446=PLANE('',#9853);
#8447=PLANE('',#9854);
#8448=PLANE('',#9855);
#8449=PLANE('',#9856);
#8450=PLANE('',#9857);
#8451=PLANE('',#9858);
#8452=PLANE('',#9859);
#8453=PLANE('',#9863);
#8454=PLANE('',#9864);
#8455=PLANE('',#9865);
#8456=PLANE('',#9866);
#8457=PLANE('',#9867);
#8458=PLANE('',#9868);
#8459=PLANE('',#9869);
#8460=PLANE('',#9870);
#8461=PLANE('',#9871);
#8462=PLANE('',#9872);
#8463=PLANE('',#9873);
#8464=PLANE('',#9874);
#8465=PLANE('',#9875);
#8466=PLANE('',#9876);
#8467=PLANE('',#9880);
#8468=PLANE('',#9881);
#8469=PLANE('',#9882);
#8470=PLANE('',#9883);
#8471=PLANE('',#9884);
#8472=PLANE('',#9885);
#8473=PLANE('',#9886);
#8474=PLANE('',#9887);
#8475=PLANE('',#9888);
#8476=PLANE('',#9889);
#8477=PLANE('',#9890);
#8478=PLANE('',#9891);
#8479=PLANE('',#9892);
#8480=PLANE('',#9893);
#8481=PLANE('',#9897);
#8482=PLANE('',#9898);
#8483=PLANE('',#9899);
#8484=PLANE('',#9900);
#8485=PLANE('',#9901);
#8486=PLANE('',#9902);
#8487=PLANE('',#9903);
#8488=PLANE('',#9904);
#8489=PLANE('',#9905);
#8490=PLANE('',#9906);
#8491=PLANE('',#9907);
#8492=PLANE('',#9908);
#8493=PLANE('',#9909);
#8494=PLANE('',#9911);
#8495=ADVANCED_FACE('',(#401),#8198,.T.);
#8496=ADVANCED_FACE('',(#402),#8199,.F.);
#8497=ADVANCED_FACE('',(#403),#378,.F.);
#8498=ADVANCED_FACE('',(#404),#362,.T.);
#8499=ADVANCED_FACE('',(#405),#379,.F.);
#8500=ADVANCED_FACE('',(#406),#363,.T.);
#8501=ADVANCED_FACE('',(#407),#209,.T.);
#8502=ADVANCED_FACE('',(#408),#8200,.T.);
#8503=ADVANCED_FACE('',(#409),#210,.F.);
#8504=ADVANCED_FACE('',(#410),#211,.T.);
#8505=ADVANCED_FACE('',(#411),#8201,.T.);
#8506=ADVANCED_FACE('',(#412),#380,.F.);
#8507=ADVANCED_FACE('',(#413),#212,.T.);
#8508=ADVANCED_FACE('',(#414),#8202,.T.);
#8509=ADVANCED_FACE('',(#415),#8203,.T.);
#8510=ADVANCED_FACE('',(#416),#213,.T.);
#8511=ADVANCED_FACE('',(#417),#8204,.T.);
#8512=ADVANCED_FACE('',(#418),#214,.F.);
#8513=ADVANCED_FACE('',(#419),#8205,.T.);
#8514=ADVANCED_FACE('',(#420),#215,.T.);
#8515=ADVANCED_FACE('',(#421),#216,.T.);
#8516=ADVANCED_FACE('',(#422),#8206,.T.);
#8517=ADVANCED_FACE('',(#423),#217,.F.);
#8518=ADVANCED_FACE('',(#424),#8207,.T.);
#8519=ADVANCED_FACE('',(#425),#381,.F.);
#8520=ADVANCED_FACE('',(#426),#382,.T.);
#8521=ADVANCED_FACE('',(#427),#218,.T.);
#8522=ADVANCED_FACE('',(#428),#383,.T.);
#8523=ADVANCED_FACE('',(#429),#163,.F.);
#8524=ADVANCED_FACE('',(#430),#219,.T.);
#8525=ADVANCED_FACE('',(#431),#384,.T.);
#8526=ADVANCED_FACE('',(#432),#8208,.T.);
#8527=ADVANCED_FACE('',(#433,#99),#8209,.T.);
#8528=ADVANCED_FACE('',(#434,#100),#8210,.T.);
#8529=ADVANCED_FACE('',(#435),#8211,.F.);
#8530=ADVANCED_FACE('',(#436),#8212,.F.);
#8531=ADVANCED_FACE('',(#437),#8213,.F.);
#8532=ADVANCED_FACE('',(#438),#8214,.F.);
#8533=ADVANCED_FACE('',(#439),#8215,.F.);
#8534=ADVANCED_FACE('',(#440),#8216,.F.);
#8535=ADVANCED_FACE('',(#441),#8217,.F.);
#8536=ADVANCED_FACE('',(#442),#8218,.T.);
#8537=ADVANCED_FACE('',(#443),#8219,.F.);
#8538=ADVANCED_FACE('',(#444),#220,.F.);
#8539=ADVANCED_FACE('',(#445),#221,.F.);
#8540=ADVANCED_FACE('',(#446),#222,.F.);
#8541=ADVANCED_FACE('',(#447),#223,.F.);
#8542=ADVANCED_FACE('',(#448),#224,.F.);
#8543=ADVANCED_FACE('',(#449),#225,.F.);
#8544=ADVANCED_FACE('',(#450),#226,.F.);
#8545=ADVANCED_FACE('',(#451),#227,.F.);
#8546=ADVANCED_FACE('',(#452),#228,.F.);
#8547=ADVANCED_FACE('',(#453),#229,.F.);
#8548=ADVANCED_FACE('',(#454),#230,.F.);
#8549=ADVANCED_FACE('',(#455),#231,.F.);
#8550=ADVANCED_FACE('',(#456),#8220,.T.);
#8551=ADVANCED_FACE('',(#457),#232,.T.);
#8552=ADVANCED_FACE('',(#458),#233,.F.);
#8553=ADVANCED_FACE('',(#459),#234,.T.);
#8554=ADVANCED_FACE('',(#460),#8221,.T.);
#8555=ADVANCED_FACE('',(#461),#235,.F.);
#8556=ADVANCED_FACE('',(#462),#8222,.T.);
#8557=ADVANCED_FACE('',(#463),#236,.F.);
#8558=ADVANCED_FACE('',(#464),#8223,.T.);
#8559=ADVANCED_FACE('',(#465),#237,.T.);
#8560=ADVANCED_FACE('',(#466),#238,.F.);
#8561=ADVANCED_FACE('',(#467),#239,.T.);
#8562=ADVANCED_FACE('',(#468),#8224,.T.);
#8563=ADVANCED_FACE('',(#469),#8225,.T.);
#8564=ADVANCED_FACE('',(#470),#240,.T.);
#8565=ADVANCED_FACE('',(#471),#241,.F.);
#8566=ADVANCED_FACE('',(#472),#242,.T.);
#8567=ADVANCED_FACE('',(#473),#8226,.T.);
#8568=ADVANCED_FACE('',(#474),#243,.F.);
#8569=ADVANCED_FACE('',(#475),#8227,.T.);
#8570=ADVANCED_FACE('',(#476),#244,.F.);
#8571=ADVANCED_FACE('',(#477),#8228,.T.);
#8572=ADVANCED_FACE('',(#478),#245,.T.);
#8573=ADVANCED_FACE('',(#479),#246,.F.);
#8574=ADVANCED_FACE('',(#480),#247,.T.);
#8575=ADVANCED_FACE('',(#481),#8229,.T.);
#8576=ADVANCED_FACE('',(#482),#8230,.T.);
#8577=ADVANCED_FACE('',(#483,#101,#102,#103,#104,#105,#106,#107,#108,#109,
#110,#111,#112),#8231,.T.);
#8578=ADVANCED_FACE('',(#484),#8232,.T.);
#8579=ADVANCED_FACE('',(#485,#113),#8233,.F.);
#8580=ADVANCED_FACE('',(#486,#114),#8234,.F.);
#8581=ADVANCED_FACE('',(#487,#115),#8235,.F.);
#8582=ADVANCED_FACE('',(#488,#116),#8236,.F.);
#8583=ADVANCED_FACE('',(#489,#117),#8237,.F.);
#8584=ADVANCED_FACE('',(#490,#118),#8238,.F.);
#8585=ADVANCED_FACE('',(#491,#119),#8239,.F.);
#8586=ADVANCED_FACE('',(#492,#120),#8240,.F.);
#8587=ADVANCED_FACE('',(#493,#121),#8241,.F.);
#8588=ADVANCED_FACE('',(#494,#122),#8242,.F.);
#8589=ADVANCED_FACE('',(#495,#123),#8243,.F.);
#8590=ADVANCED_FACE('',(#496),#8244,.T.);
#8591=ADVANCED_FACE('',(#497),#8245,.T.);
#8592=ADVANCED_FACE('',(#498),#248,.F.);
#8593=ADVANCED_FACE('',(#499),#249,.F.);
#8594=ADVANCED_FACE('',(#500),#250,.F.);
#8595=ADVANCED_FACE('',(#501),#251,.F.);
#8596=ADVANCED_FACE('',(#502),#252,.F.);
#8597=ADVANCED_FACE('',(#503),#253,.F.);
#8598=ADVANCED_FACE('',(#504),#254,.F.);
#8599=ADVANCED_FACE('',(#505),#255,.F.);
#8600=ADVANCED_FACE('',(#506),#256,.F.);
#8601=ADVANCED_FACE('',(#507),#257,.F.);
#8602=ADVANCED_FACE('',(#508),#258,.F.);
#8603=ADVANCED_FACE('',(#509,#124),#8246,.F.);
#8604=ADVANCED_FACE('',(#510,#125,#126,#127,#128,#129,#130,#131,#132,#133,
#134,#135,#136),#8247,.T.);
#8605=ADVANCED_FACE('',(#511),#259,.F.);
#8606=ADVANCED_FACE('',(#512),#385,.F.);
#8607=ADVANCED_FACE('',(#513),#386,.F.);
#8608=ADVANCED_FACE('',(#514),#260,.F.);
#8609=ADVANCED_FACE('',(#515),#261,.F.);
#8610=ADVANCED_FACE('',(#516,#137),#8248,.F.);
#8611=ADVANCED_FACE('',(#517,#138),#8249,.F.);
#8612=ADVANCED_FACE('',(#518),#387,.F.);
#8613=ADVANCED_FACE('',(#519),#388,.F.);
#8614=ADVANCED_FACE('',(#520),#389,.F.);
#8615=ADVANCED_FACE('',(#521),#262,.F.);
#8616=ADVANCED_FACE('',(#522),#263,.F.);
#8617=ADVANCED_FACE('',(#523),#264,.F.);
#8618=ADVANCED_FACE('',(#524,#139),#8250,.F.);
#8619=ADVANCED_FACE('',(#525),#390,.F.);
#8620=ADVANCED_FACE('',(#526),#391,.F.);
#8621=ADVANCED_FACE('',(#527),#392,.F.);
#8622=ADVANCED_FACE('',(#528),#8251,.T.);
#8623=ADVANCED_FACE('',(#529),#8252,.T.);
#8624=ADVANCED_FACE('',(#530),#8253,.T.);
#8625=ADVANCED_FACE('',(#531),#8254,.T.);
#8626=ADVANCED_FACE('',(#532),#8255,.T.);
#8627=ADVANCED_FACE('',(#533,#140,#141),#8256,.T.);
#8628=ADVANCED_FACE('',(#534),#8257,.T.);
#8629=ADVANCED_FACE('',(#535),#8258,.T.);
#8630=ADVANCED_FACE('',(#536),#265,.F.);
#8631=ADVANCED_FACE('',(#537),#8259,.T.);
#8632=ADVANCED_FACE('',(#538),#8260,.T.);
#8633=ADVANCED_FACE('',(#539),#8261,.T.);
#8634=ADVANCED_FACE('',(#540),#8262,.F.);
#8635=ADVANCED_FACE('',(#541),#266,.F.);
#8636=ADVANCED_FACE('',(#542),#267,.T.);
#8637=ADVANCED_FACE('',(#543),#268,.F.);
#8638=ADVANCED_FACE('',(#544),#8263,.F.);
#8639=ADVANCED_FACE('',(#545),#269,.T.);
#8640=ADVANCED_FACE('',(#546),#8264,.F.);
#8641=ADVANCED_FACE('',(#547),#270,.T.);
#8642=ADVANCED_FACE('',(#548),#8265,.F.);
#8643=ADVANCED_FACE('',(#549),#271,.F.);
#8644=ADVANCED_FACE('',(#550),#272,.T.);
#8645=ADVANCED_FACE('',(#551),#273,.F.);
#8646=ADVANCED_FACE('',(#552),#8266,.F.);
#8647=ADVANCED_FACE('',(#553),#8267,.F.);
#8648=ADVANCED_FACE('',(#554),#8268,.F.);
#8649=ADVANCED_FACE('',(#555),#8269,.F.);
#8650=ADVANCED_FACE('',(#556),#8270,.F.);
#8651=ADVANCED_FACE('',(#557),#274,.F.);
#8652=ADVANCED_FACE('',(#558),#275,.T.);
#8653=ADVANCED_FACE('',(#559),#276,.F.);
#8654=ADVANCED_FACE('',(#560),#8271,.F.);
#8655=ADVANCED_FACE('',(#561),#277,.T.);
#8656=ADVANCED_FACE('',(#562),#8272,.F.);
#8657=ADVANCED_FACE('',(#563),#278,.T.);
#8658=ADVANCED_FACE('',(#564),#8273,.F.);
#8659=ADVANCED_FACE('',(#565),#279,.F.);
#8660=ADVANCED_FACE('',(#566),#280,.T.);
#8661=ADVANCED_FACE('',(#567),#281,.F.);
#8662=ADVANCED_FACE('',(#568),#8274,.F.);
#8663=ADVANCED_FACE('',(#569),#282,.F.);
#8664=ADVANCED_FACE('',(#570),#8275,.T.);
#8665=ADVANCED_FACE('',(#571),#8276,.T.);
#8666=ADVANCED_FACE('',(#572),#8277,.T.);
#8667=ADVANCED_FACE('',(#573),#8278,.F.);
#8668=ADVANCED_FACE('',(#574),#393,.F.);
#8669=ADVANCED_FACE('',(#575,#142,#143),#8279,.T.);
#8670=ADVANCED_FACE('',(#576),#394,.F.);
#8671=ADVANCED_FACE('',(#577),#283,.F.);
#8672=ADVANCED_FACE('',(#578),#395,.F.);
#8673=ADVANCED_FACE('',(#579,#144),#8280,.F.);
#8674=ADVANCED_FACE('',(#580),#284,.F.);
#8675=ADVANCED_FACE('',(#581),#396,.F.);
#8676=ADVANCED_FACE('',(#582),#8281,.T.);
#8677=ADVANCED_FACE('',(#583),#8282,.T.);
#8678=ADVANCED_FACE('',(#584),#8283,.T.);
#8679=ADVANCED_FACE('',(#585),#8284,.T.);
#8680=ADVANCED_FACE('',(#586),#8285,.T.);
#8681=ADVANCED_FACE('',(#587),#8286,.T.);
#8682=ADVANCED_FACE('',(#588),#8287,.T.);
#8683=ADVANCED_FACE('',(#589),#8288,.T.);
#8684=ADVANCED_FACE('',(#590),#8289,.T.);
#8685=ADVANCED_FACE('',(#591),#8290,.F.);
#8686=ADVANCED_FACE('',(#592),#8291,.T.);
#8687=ADVANCED_FACE('',(#593),#8292,.T.);
#8688=ADVANCED_FACE('',(#594),#8293,.F.);
#8689=ADVANCED_FACE('',(#595,#145),#11,.T.);
#8690=ADVANCED_FACE('',(#596),#8294,.T.);
#8691=ADVANCED_FACE('',(#597),#397,.T.);
#8692=ADVANCED_FACE('',(#598),#8295,.T.);
#8693=ADVANCED_FACE('',(#599),#8296,.T.);
#8694=ADVANCED_FACE('',(#600),#8297,.T.);
#8695=ADVANCED_FACE('',(#601),#8298,.T.);
#8696=ADVANCED_FACE('',(#602),#8299,.T.);
#8697=ADVANCED_FACE('',(#603),#8300,.T.);
#8698=ADVANCED_FACE('',(#604),#8301,.T.);
#8699=ADVANCED_FACE('',(#605),#8302,.T.);
#8700=ADVANCED_FACE('',(#606),#8303,.T.);
#8701=ADVANCED_FACE('',(#607),#8304,.F.);
#8702=ADVANCED_FACE('',(#608),#8305,.T.);
#8703=ADVANCED_FACE('',(#609),#8306,.T.);
#8704=ADVANCED_FACE('',(#610),#8307,.F.);
#8705=ADVANCED_FACE('',(#611,#146),#12,.T.);
#8706=ADVANCED_FACE('',(#612),#8308,.T.);
#8707=ADVANCED_FACE('',(#613),#398,.T.);
#8708=ADVANCED_FACE('',(#614),#8309,.T.);
#8709=ADVANCED_FACE('',(#615),#8310,.T.);
#8710=ADVANCED_FACE('',(#616),#8311,.T.);
#8711=ADVANCED_FACE('',(#617),#8312,.T.);
#8712=ADVANCED_FACE('',(#618),#8313,.T.);
#8713=ADVANCED_FACE('',(#619),#8314,.T.);
#8714=ADVANCED_FACE('',(#620),#8315,.T.);
#8715=ADVANCED_FACE('',(#621),#8316,.T.);
#8716=ADVANCED_FACE('',(#622),#8317,.T.);
#8717=ADVANCED_FACE('',(#623),#8318,.F.);
#8718=ADVANCED_FACE('',(#624),#8319,.T.);
#8719=ADVANCED_FACE('',(#625),#8320,.T.);
#8720=ADVANCED_FACE('',(#626),#8321,.F.);
#8721=ADVANCED_FACE('',(#627,#147),#13,.T.);
#8722=ADVANCED_FACE('',(#628),#8322,.T.);
#8723=ADVANCED_FACE('',(#629),#399,.T.);
#8724=ADVANCED_FACE('',(#630),#8323,.F.);
#8725=ADVANCED_FACE('',(#631),#8324,.F.);
#8726=ADVANCED_FACE('',(#632),#285,.F.);
#8727=ADVANCED_FACE('',(#633),#286,.T.);
#8728=ADVANCED_FACE('',(#634),#287,.F.);
#8729=ADVANCED_FACE('',(#635),#8325,.F.);
#8730=ADVANCED_FACE('',(#636),#288,.T.);
#8731=ADVANCED_FACE('',(#637),#8326,.F.);
#8732=ADVANCED_FACE('',(#638),#289,.T.);
#8733=ADVANCED_FACE('',(#639),#8327,.F.);
#8734=ADVANCED_FACE('',(#640),#290,.F.);
#8735=ADVANCED_FACE('',(#641),#291,.T.);
#8736=ADVANCED_FACE('',(#642),#292,.F.);
#8737=ADVANCED_FACE('',(#643),#8328,.F.);
#8738=ADVANCED_FACE('',(#644),#8329,.F.);
#8739=ADVANCED_FACE('',(#645),#8330,.F.);
#8740=ADVANCED_FACE('',(#646),#8331,.F.);
#8741=ADVANCED_FACE('',(#647),#8332,.F.);
#8742=ADVANCED_FACE('',(#648),#293,.F.);
#8743=ADVANCED_FACE('',(#649),#294,.T.);
#8744=ADVANCED_FACE('',(#650),#295,.F.);
#8745=ADVANCED_FACE('',(#651),#8333,.F.);
#8746=ADVANCED_FACE('',(#652),#296,.T.);
#8747=ADVANCED_FACE('',(#653),#8334,.F.);
#8748=ADVANCED_FACE('',(#654),#297,.T.);
#8749=ADVANCED_FACE('',(#655),#8335,.F.);
#8750=ADVANCED_FACE('',(#656),#298,.F.);
#8751=ADVANCED_FACE('',(#657),#299,.T.);
#8752=ADVANCED_FACE('',(#658),#300,.F.);
#8753=ADVANCED_FACE('',(#659),#8336,.F.);
#8754=ADVANCED_FACE('',(#660),#8337,.T.);
#8755=ADVANCED_FACE('',(#661),#8338,.T.);
#8756=ADVANCED_FACE('',(#662),#8339,.T.);
#8757=ADVANCED_FACE('',(#663),#8340,.T.);
#8758=ADVANCED_FACE('',(#664),#8341,.T.);
#8759=ADVANCED_FACE('',(#665),#8342,.T.);
#8760=ADVANCED_FACE('',(#666),#8343,.T.);
#8761=ADVANCED_FACE('',(#667),#8344,.T.);
#8762=ADVANCED_FACE('',(#668),#8345,.T.);
#8763=ADVANCED_FACE('',(#669),#8346,.F.);
#8764=ADVANCED_FACE('',(#670),#301,.F.);
#8765=ADVANCED_FACE('',(#671,#148,#149),#8347,.T.);
#8766=ADVANCED_FACE('',(#672),#8348,.F.);
#8767=ADVANCED_FACE('',(#673),#302,.F.);
#8768=ADVANCED_FACE('',(#674),#8349,.T.);
#8769=ADVANCED_FACE('',(#675),#8350,.T.);
#8770=ADVANCED_FACE('',(#676),#8351,.T.);
#8771=ADVANCED_FACE('',(#677),#8352,.T.);
#8772=ADVANCED_FACE('',(#678),#8353,.T.);
#8773=ADVANCED_FACE('',(#679),#8354,.T.);
#8774=ADVANCED_FACE('',(#680),#8355,.T.);
#8775=ADVANCED_FACE('',(#681),#8356,.T.);
#8776=ADVANCED_FACE('',(#682),#8357,.T.);
#8777=ADVANCED_FACE('',(#683),#8358,.F.);
#8778=ADVANCED_FACE('',(#684),#8359,.T.);
#8779=ADVANCED_FACE('',(#685),#8360,.T.);
#8780=ADVANCED_FACE('',(#686),#8361,.F.);
#8781=ADVANCED_FACE('',(#687,#150),#14,.T.);
#8782=ADVANCED_FACE('',(#688),#8362,.T.);
#8783=ADVANCED_FACE('',(#689),#400,.T.);
#8784=ADVANCED_FACE('',(#690),#8363,.F.);
#8785=ADVANCED_FACE('',(#691),#8364,.F.);
#8786=ADVANCED_FACE('',(#692),#303,.F.);
#8787=ADVANCED_FACE('',(#693),#304,.T.);
#8788=ADVANCED_FACE('',(#694),#305,.F.);
#8789=ADVANCED_FACE('',(#695),#8365,.F.);
#8790=ADVANCED_FACE('',(#696),#306,.T.);
#8791=ADVANCED_FACE('',(#697),#8366,.F.);
#8792=ADVANCED_FACE('',(#698),#307,.T.);
#8793=ADVANCED_FACE('',(#699),#8367,.F.);
#8794=ADVANCED_FACE('',(#700),#308,.F.);
#8795=ADVANCED_FACE('',(#701),#309,.T.);
#8796=ADVANCED_FACE('',(#702),#310,.F.);
#8797=ADVANCED_FACE('',(#703),#8368,.F.);
#8798=ADVANCED_FACE('',(#704),#8369,.F.);
#8799=ADVANCED_FACE('',(#705),#8370,.F.);
#8800=ADVANCED_FACE('',(#706),#8371,.F.);
#8801=ADVANCED_FACE('',(#707),#8372,.F.);
#8802=ADVANCED_FACE('',(#708),#311,.F.);
#8803=ADVANCED_FACE('',(#709),#312,.T.);
#8804=ADVANCED_FACE('',(#710),#313,.F.);
#8805=ADVANCED_FACE('',(#711),#8373,.F.);
#8806=ADVANCED_FACE('',(#712),#314,.T.);
#8807=ADVANCED_FACE('',(#713),#8374,.F.);
#8808=ADVANCED_FACE('',(#714),#315,.T.);
#8809=ADVANCED_FACE('',(#715),#8375,.F.);
#8810=ADVANCED_FACE('',(#716),#316,.F.);
#8811=ADVANCED_FACE('',(#717),#317,.T.);
#8812=ADVANCED_FACE('',(#718),#318,.F.);
#8813=ADVANCED_FACE('',(#719),#8376,.F.);
#8814=ADVANCED_FACE('',(#720),#8377,.T.);
#8815=ADVANCED_FACE('',(#721),#8378,.T.);
#8816=ADVANCED_FACE('',(#722),#8379,.T.);
#8817=ADVANCED_FACE('',(#723),#8380,.T.);
#8818=ADVANCED_FACE('',(#724),#8381,.T.);
#8819=ADVANCED_FACE('',(#725),#8382,.T.);
#8820=ADVANCED_FACE('',(#726),#8383,.T.);
#8821=ADVANCED_FACE('',(#727),#8384,.T.);
#8822=ADVANCED_FACE('',(#728),#8385,.T.);
#8823=ADVANCED_FACE('',(#729),#8386,.F.);
#8824=ADVANCED_FACE('',(#730),#319,.F.);
#8825=ADVANCED_FACE('',(#731,#151,#152),#8387,.T.);
#8826=ADVANCED_FACE('',(#732),#8388,.F.);
#8827=ADVANCED_FACE('',(#733),#320,.F.);
#8828=ADVANCED_FACE('',(#734),#321,.F.);
#8829=ADVANCED_FACE('',(#735),#322,.T.);
#8830=ADVANCED_FACE('',(#736),#323,.F.);
#8831=ADVANCED_FACE('',(#737),#8389,.F.);
#8832=ADVANCED_FACE('',(#738),#324,.T.);
#8833=ADVANCED_FACE('',(#739),#8390,.F.);
#8834=ADVANCED_FACE('',(#740),#325,.T.);
#8835=ADVANCED_FACE('',(#741),#8391,.F.);
#8836=ADVANCED_FACE('',(#742),#326,.F.);
#8837=ADVANCED_FACE('',(#743),#327,.T.);
#8838=ADVANCED_FACE('',(#744),#328,.F.);
#8839=ADVANCED_FACE('',(#745),#8392,.F.);
#8840=ADVANCED_FACE('',(#746),#8393,.F.);
#8841=ADVANCED_FACE('',(#747),#8394,.F.);
#8842=ADVANCED_FACE('',(#748),#8395,.F.);
#8843=ADVANCED_FACE('',(#749),#8396,.F.);
#8844=ADVANCED_FACE('',(#750),#329,.F.);
#8845=ADVANCED_FACE('',(#751),#330,.T.);
#8846=ADVANCED_FACE('',(#752),#331,.F.);
#8847=ADVANCED_FACE('',(#753),#8397,.F.);
#8848=ADVANCED_FACE('',(#754),#332,.T.);
#8849=ADVANCED_FACE('',(#755),#8398,.F.);
#8850=ADVANCED_FACE('',(#756),#333,.T.);
#8851=ADVANCED_FACE('',(#757),#8399,.F.);
#8852=ADVANCED_FACE('',(#758),#334,.F.);
#8853=ADVANCED_FACE('',(#759),#335,.T.);
#8854=ADVANCED_FACE('',(#760),#336,.F.);
#8855=ADVANCED_FACE('',(#761),#8400,.F.);
#8856=ADVANCED_FACE('',(#762),#8401,.T.);
#8857=ADVANCED_FACE('',(#763),#8402,.T.);
#8858=ADVANCED_FACE('',(#764),#8403,.T.);
#8859=ADVANCED_FACE('',(#765),#8404,.T.);
#8860=ADVANCED_FACE('',(#766),#8405,.T.);
#8861=ADVANCED_FACE('',(#767),#8406,.T.);
#8862=ADVANCED_FACE('',(#768),#8407,.T.);
#8863=ADVANCED_FACE('',(#769),#8408,.T.);
#8864=ADVANCED_FACE('',(#770),#8409,.T.);
#8865=ADVANCED_FACE('',(#771),#8410,.F.);
#8866=ADVANCED_FACE('',(#772),#337,.F.);
#8867=ADVANCED_FACE('',(#773,#153,#154),#8411,.F.);
#8868=ADVANCED_FACE('',(#774,#155,#156),#8412,.T.);
#8869=ADVANCED_FACE('',(#775),#338,.F.);
#8870=ADVANCED_FACE('',(#776),#8413,.T.);
#8871=ADVANCED_FACE('',(#777),#8414,.T.);
#8872=ADVANCED_FACE('',(#778),#8415,.T.);
#8873=ADVANCED_FACE('',(#779),#8416,.T.);
#8874=ADVANCED_FACE('',(#780),#8417,.T.);
#8875=ADVANCED_FACE('',(#781),#8418,.T.);
#8876=ADVANCED_FACE('',(#782),#8419,.T.);
#8877=ADVANCED_FACE('',(#783),#8420,.T.);
#8878=ADVANCED_FACE('',(#784),#8421,.T.);
#8879=ADVANCED_FACE('',(#785),#8422,.F.);
#8880=ADVANCED_FACE('',(#786),#339,.F.);
#8881=ADVANCED_FACE('',(#787),#340,.T.);
#8882=ADVANCED_FACE('',(#788),#341,.F.);
#8883=ADVANCED_FACE('',(#789),#8423,.F.);
#8884=ADVANCED_FACE('',(#790),#342,.T.);
#8885=ADVANCED_FACE('',(#791),#8424,.F.);
#8886=ADVANCED_FACE('',(#792),#343,.T.);
#8887=ADVANCED_FACE('',(#793),#8425,.F.);
#8888=ADVANCED_FACE('',(#794),#344,.F.);
#8889=ADVANCED_FACE('',(#795),#345,.T.);
#8890=ADVANCED_FACE('',(#796),#346,.F.);
#8891=ADVANCED_FACE('',(#797),#8426,.F.);
#8892=ADVANCED_FACE('',(#798),#8427,.F.);
#8893=ADVANCED_FACE('',(#799),#8428,.F.);
#8894=ADVANCED_FACE('',(#800),#8429,.F.);
#8895=ADVANCED_FACE('',(#801),#8430,.F.);
#8896=ADVANCED_FACE('',(#802),#347,.F.);
#8897=ADVANCED_FACE('',(#803),#348,.T.);
#8898=ADVANCED_FACE('',(#804),#349,.F.);
#8899=ADVANCED_FACE('',(#805),#8431,.F.);
#8900=ADVANCED_FACE('',(#806),#350,.T.);
#8901=ADVANCED_FACE('',(#807),#8432,.F.);
#8902=ADVANCED_FACE('',(#808),#351,.T.);
#8903=ADVANCED_FACE('',(#809),#8433,.F.);
#8904=ADVANCED_FACE('',(#810),#352,.F.);
#8905=ADVANCED_FACE('',(#811),#353,.T.);
#8906=ADVANCED_FACE('',(#812),#354,.F.);
#8907=ADVANCED_FACE('',(#813),#8434,.F.);
#8908=ADVANCED_FACE('',(#814),#355,.F.);
#8909=ADVANCED_FACE('',(#815,#157,#158),#8435,.T.);
#8910=ADVANCED_FACE('',(#816,#159,#160),#8436,.F.);
#8911=ADVANCED_FACE('',(#817),#356,.F.);
#8912=ADVANCED_FACE('',(#818),#8437,.T.);
#8913=ADVANCED_FACE('',(#819),#8438,.T.);
#8914=ADVANCED_FACE('',(#820),#357,.T.);
#8915=ADVANCED_FACE('',(#821),#8439,.T.);
#8916=ADVANCED_FACE('',(#822),#8440,.T.);
#8917=ADVANCED_FACE('',(#823),#8441,.T.);
#8918=ADVANCED_FACE('',(#824),#8442,.T.);
#8919=ADVANCED_FACE('',(#825),#8443,.T.);
#8920=ADVANCED_FACE('',(#826),#8444,.T.);
#8921=ADVANCED_FACE('',(#827),#8445,.T.);
#8922=ADVANCED_FACE('',(#828),#8446,.T.);
#8923=ADVANCED_FACE('',(#829),#8447,.T.);
#8924=ADVANCED_FACE('',(#830),#8448,.T.);
#8925=ADVANCED_FACE('',(#831),#8449,.T.);
#8926=ADVANCED_FACE('',(#832),#8450,.T.);
#8927=ADVANCED_FACE('',(#833),#8451,.T.);
#8928=ADVANCED_FACE('',(#834),#8452,.T.);
#8929=ADVANCED_FACE('',(#835),#358,.T.);
#8930=ADVANCED_FACE('',(#836),#8453,.T.);
#8931=ADVANCED_FACE('',(#837),#8454,.T.);
#8932=ADVANCED_FACE('',(#838),#8455,.T.);
#8933=ADVANCED_FACE('',(#839),#8456,.T.);
#8934=ADVANCED_FACE('',(#840),#8457,.T.);
#8935=ADVANCED_FACE('',(#841),#8458,.T.);
#8936=ADVANCED_FACE('',(#842),#8459,.T.);
#8937=ADVANCED_FACE('',(#843),#8460,.T.);
#8938=ADVANCED_FACE('',(#844),#8461,.T.);
#8939=ADVANCED_FACE('',(#845),#8462,.T.);
#8940=ADVANCED_FACE('',(#846),#8463,.T.);
#8941=ADVANCED_FACE('',(#847),#8464,.T.);
#8942=ADVANCED_FACE('',(#848),#8465,.T.);
#8943=ADVANCED_FACE('',(#849),#8466,.T.);
#8944=ADVANCED_FACE('',(#850),#359,.T.);
#8945=ADVANCED_FACE('',(#851),#8467,.T.);
#8946=ADVANCED_FACE('',(#852),#8468,.T.);
#8947=ADVANCED_FACE('',(#853),#8469,.T.);
#8948=ADVANCED_FACE('',(#854),#8470,.T.);
#8949=ADVANCED_FACE('',(#855),#8471,.T.);
#8950=ADVANCED_FACE('',(#856),#8472,.T.);
#8951=ADVANCED_FACE('',(#857),#8473,.T.);
#8952=ADVANCED_FACE('',(#858),#8474,.T.);
#8953=ADVANCED_FACE('',(#859),#8475,.T.);
#8954=ADVANCED_FACE('',(#860),#8476,.T.);
#8955=ADVANCED_FACE('',(#861),#8477,.T.);
#8956=ADVANCED_FACE('',(#862),#8478,.T.);
#8957=ADVANCED_FACE('',(#863),#8479,.T.);
#8958=ADVANCED_FACE('',(#864),#8480,.T.);
#8959=ADVANCED_FACE('',(#865),#360,.T.);
#8960=ADVANCED_FACE('',(#866),#8481,.T.);
#8961=ADVANCED_FACE('',(#867),#8482,.T.);
#8962=ADVANCED_FACE('',(#868),#8483,.T.);
#8963=ADVANCED_FACE('',(#869),#8484,.T.);
#8964=ADVANCED_FACE('',(#870),#8485,.T.);
#8965=ADVANCED_FACE('',(#871),#8486,.T.);
#8966=ADVANCED_FACE('',(#872),#8487,.T.);
#8967=ADVANCED_FACE('',(#873),#8488,.T.);
#8968=ADVANCED_FACE('',(#874),#8489,.T.);
#8969=ADVANCED_FACE('',(#875),#8490,.T.);
#8970=ADVANCED_FACE('',(#876),#8491,.T.);
#8971=ADVANCED_FACE('',(#877),#8492,.T.);
#8972=ADVANCED_FACE('',(#878,#161),#8493,.T.);
#8973=ADVANCED_FACE('',(#879,#162),#8494,.F.);
#8974=ADVANCED_FACE('',(#880),#361,.F.);
#8975=CLOSED_SHELL('',(#8495,#8496,#8497,#8498,#8499,#8500,#8501,#8502,
#8503,#8504,#8505,#8506,#8507,#8508,#8509,#8510,#8511,#8512,#8513,#8514,
#8515,#8516,#8517,#8518));
#8976=CLOSED_SHELL('',(#8519,#8520,#8521,#8522,#8523,#8524,#8525,#8526,
#8527,#8528,#8529,#8530,#8531,#8532,#8533,#8534,#8535));
#8977=CLOSED_SHELL('',(#8536,#8537,#8538,#8539,#8540,#8541,#8542,#8543,
#8544,#8545,#8546,#8547,#8548,#8549,#8550,#8551,#8552,#8553,#8554,#8555,
#8556,#8557,#8558,#8559,#8560,#8561,#8562,#8563,#8564,#8565,#8566,#8567,
#8568,#8569,#8570,#8571,#8572,#8573,#8574,#8575,#8576,#8577,#8578,#8579,
#8580,#8581,#8582,#8583,#8584,#8585,#8586,#8587,#8588,#8589,#8590,#8591,
#8592,#8593,#8594,#8595,#8596,#8597,#8598,#8599,#8600,#8601,#8602,#8603,
#8604,#8605));
#8978=CLOSED_SHELL('',(#8606,#8607,#8608,#8609,#8610,#8611,#8612,#8613,
#8614,#8615,#8616,#8617,#8618,#8619,#8620,#8621,#8622,#8623,#8624,#8625,
#8626,#8627,#8628,#8629,#8630,#8631,#8632,#8633,#8634,#8635,#8636,#8637,
#8638,#8639,#8640,#8641,#8642,#8643,#8644,#8645,#8646,#8647,#8648,#8649,
#8650,#8651,#8652,#8653,#8654,#8655,#8656,#8657,#8658,#8659,#8660,#8661,
#8662,#8663,#8664,#8665,#8666,#8667,#8668,#8669,#8670,#8671,#8672,#8673,
#8674,#8675));
#8979=CLOSED_SHELL('',(#8676,#8677,#8678,#8679,#8680,#8681,#8682,#8683,
#8684,#8685,#8686,#8687,#8688,#8689,#8690,#8691));
#8980=CLOSED_SHELL('',(#8692,#8693,#8694,#8695,#8696,#8697,#8698,#8699,
#8700,#8701,#8702,#8703,#8704,#8705,#8706,#8707));
#8981=CLOSED_SHELL('',(#8708,#8709,#8710,#8711,#8712,#8713,#8714,#8715,
#8716,#8717,#8718,#8719,#8720,#8721,#8722,#8723));
#8982=CLOSED_SHELL('',(#8724,#8725,#8726,#8727,#8728,#8729,#8730,#8731,
#8732,#8733,#8734,#8735,#8736,#8737,#8738,#8739,#8740,#8741,#8742,#8743,
#8744,#8745,#8746,#8747,#8748,#8749,#8750,#8751,#8752,#8753,#8754,#8755,
#8756,#8757,#8758,#8759,#8760,#8761,#8762,#8763,#8764,#8765,#8766,#8767));
#8983=CLOSED_SHELL('',(#8768,#8769,#8770,#8771,#8772,#8773,#8774,#8775,
#8776,#8777,#8778,#8779,#8780,#8781,#8782,#8783));
#8984=CLOSED_SHELL('',(#8784,#8785,#8786,#8787,#8788,#8789,#8790,#8791,
#8792,#8793,#8794,#8795,#8796,#8797,#8798,#8799,#8800,#8801,#8802,#8803,
#8804,#8805,#8806,#8807,#8808,#8809,#8810,#8811,#8812,#8813,#8814,#8815,
#8816,#8817,#8818,#8819,#8820,#8821,#8822,#8823,#8824,#8825,#8826,#8827));
#8985=CLOSED_SHELL('',(#8828,#8829,#8830,#8831,#8832,#8833,#8834,#8835,
#8836,#8837,#8838,#8839,#8840,#8841,#8842,#8843,#8844,#8845,#8846,#8847,
#8848,#8849,#8850,#8851,#8852,#8853,#8854,#8855,#8856,#8857,#8858,#8859,
#8860,#8861,#8862,#8863,#8864,#8865,#8866,#8867,#8868,#8869));
#8986=CLOSED_SHELL('',(#8870,#8871,#8872,#8873,#8874,#8875,#8876,#8877,
#8878,#8879,#8880,#8881,#8882,#8883,#8884,#8885,#8886,#8887,#8888,#8889,
#8890,#8891,#8892,#8893,#8894,#8895,#8896,#8897,#8898,#8899,#8900,#8901,
#8902,#8903,#8904,#8905,#8906,#8907,#8908,#8909,#8910,#8911));
#8987=CLOSED_SHELL('',(#8912,#8913,#8914,#8915,#8916,#8917,#8918,#8919,
#8920,#8921,#8922,#8923,#8924,#8925,#8926,#8927,#8928,#8929,#8930,#8931,
#8932,#8933,#8934,#8935,#8936,#8937,#8938,#8939,#8940,#8941,#8942,#8943,
#8944,#8945,#8946,#8947,#8948,#8949,#8950,#8951,#8952,#8953,#8954,#8955,
#8956,#8957,#8958,#8959,#8960,#8961,#8962,#8963,#8964,#8965,#8966,#8967,
#8968,#8969,#8970,#8971,#8972,#8973,#8974));
#8988=DERIVED_UNIT_ELEMENT(#8996,1.);
#8989=DERIVED_UNIT_ELEMENT(#15420,-3.);
#8990=DERIVED_UNIT_ELEMENT(#8996,1.);
#8991=DERIVED_UNIT_ELEMENT(#15420,-3.);
#8992=DERIVED_UNIT_ELEMENT(#8996,1.);
#8993=DERIVED_UNIT_ELEMENT(#15420,-3.);
#8994=DERIVED_UNIT_ELEMENT(#8996,1.);
#8995=DERIVED_UNIT_ELEMENT(#15420,-3.);
#8996=(
MASS_UNIT()
NAMED_UNIT(*)
SI_UNIT(.KILO.,.GRAM.)
);
#8997=DERIVED_UNIT((#8988,#8989));
#8998=DERIVED_UNIT((#8990,#8991));
#8999=DERIVED_UNIT((#8992,#8993));
#9000=DERIVED_UNIT((#8994,#8995));
#9001=MEASURE_REPRESENTATION_ITEM('density measure',
POSITIVE_RATIO_MEASURE(7850.),#8997);
#9002=MEASURE_REPRESENTATION_ITEM('density measure',
POSITIVE_RATIO_MEASURE(7850.),#8998);
#9003=MEASURE_REPRESENTATION_ITEM('density measure',
POSITIVE_RATIO_MEASURE(7850.),#8999);
#9004=MEASURE_REPRESENTATION_ITEM('density measure',
POSITIVE_RATIO_MEASURE(7850.),#9000);
#9005=PROPERTY_DEFINITION_REPRESENTATION(#9025,#9013);
#9006=PROPERTY_DEFINITION_REPRESENTATION(#9026,#9014);
#9007=PROPERTY_DEFINITION_REPRESENTATION(#9027,#9015);
#9008=PROPERTY_DEFINITION_REPRESENTATION(#9028,#9016);
#9009=PROPERTY_DEFINITION_REPRESENTATION(#9029,#9017);
#9010=PROPERTY_DEFINITION_REPRESENTATION(#9030,#9018);
#9011=PROPERTY_DEFINITION_REPRESENTATION(#9031,#9019);
#9012=PROPERTY_DEFINITION_REPRESENTATION(#9032,#9020);
#9013=REPRESENTATION('material name',(#9021),#15413);
#9014=REPRESENTATION('density',(#9001),#15413);
#9015=REPRESENTATION('material name',(#9022),#15415);
#9016=REPRESENTATION('density',(#9002),#15415);
#9017=REPRESENTATION('material name',(#9023),#15416);
#9018=REPRESENTATION('density',(#9003),#15416);
#9019=REPRESENTATION('material name',(#9024),#15417);
#9020=REPRESENTATION('density',(#9004),#15417);
#9021=DESCRIPTIVE_REPRESENTATION_ITEM('Steel','Steel');
#9022=DESCRIPTIVE_REPRESENTATION_ITEM('Steel','Steel');
#9023=DESCRIPTIVE_REPRESENTATION_ITEM('Steel','Steel');
#9024=DESCRIPTIVE_REPRESENTATION_ITEM('Steel','Steel');
#9025=PROPERTY_DEFINITION('material property','material name',#15464);
#9026=PROPERTY_DEFINITION('material property','density of part',#15464);
#9027=PROPERTY_DEFINITION('material property','material name',#15466);
#9028=PROPERTY_DEFINITION('material property','density of part',#15466);
#9029=PROPERTY_DEFINITION('material property','material name',#15467);
#9030=PROPERTY_DEFINITION('material property','density of part',#15467);
#9031=PROPERTY_DEFINITION('material property','material name',#15468);
#9032=PROPERTY_DEFINITION('material property','density of part',#15468);
#9033=AXIS2_PLACEMENT_3D('',#12568,#9923,#9924);
#9034=AXIS2_PLACEMENT_3D('',#12569,#9925,#9926);
#9035=AXIS2_PLACEMENT_3D('',#12570,#9927,#9928);
#9036=AXIS2_PLACEMENT_3D('',#12573,#9929,#9930);
#9037=AXIS2_PLACEMENT_3D('',#12577,#9932,#9933);
#9038=AXIS2_PLACEMENT_3D('',#12581,#9935,#9936);
#9039=AXIS2_PLACEMENT_3D('',#12585,#9938,#9939);
#9040=AXIS2_PLACEMENT_3D('',#12587,#9940,#9941);
#9041=AXIS2_PLACEMENT_3D('',#12591,#9943,#9944);
#9042=AXIS2_PLACEMENT_3D('',#12593,#9945,#9946);
#9043=AXIS2_PLACEMENT_3D('',#12597,#9948,#9949);
#9044=AXIS2_PLACEMENT_3D('',#12599,#9951,#9952);
#9045=AXIS2_PLACEMENT_3D('',#12602,#9953,#9954);
#9046=AXIS2_PLACEMENT_3D('',#12606,#9956,#9957);
#9047=AXIS2_PLACEMENT_3D('',#12610,#9959,#9960);
#9048=AXIS2_PLACEMENT_3D('',#12612,#9961,#9962);
#9049=AXIS2_PLACEMENT_3D('',#12616,#9964,#9965);
#9050=AXIS2_PLACEMENT_3D('',#12618,#9966,#9967);
#9051=AXIS2_PLACEMENT_3D('',#12622,#9969,#9970);
#9052=AXIS2_PLACEMENT_3D('',#12626,#9972,#9973);
#9053=AXIS2_PLACEMENT_3D('',#12628,#9975,#9976);
#9054=AXIS2_PLACEMENT_3D('',#12631,#9977,#9978);
#9055=AXIS2_PLACEMENT_3D('',#12633,#9979,#9980);
#9056=AXIS2_PLACEMENT_3D('',#12654,#9981,#9982);
#9057=AXIS2_PLACEMENT_3D('',#12748,#9983,#9984);
#9058=AXIS2_PLACEMENT_3D('',#12750,#9985,#9986);
#9059=AXIS2_PLACEMENT_3D('',#12771,#9987,#9988);
#9060=AXIS2_PLACEMENT_3D('',#12836,#9989,#9990);
#9061=AXIS2_PLACEMENT_3D('',#12840,#9994,#9995);
#9062=AXIS2_PLACEMENT_3D('',#12842,#9997,#9998);
#9063=AXIS2_PLACEMENT_3D('',#12844,#9999,#10000);
#9064=AXIS2_PLACEMENT_3D('',#12846,#10002,#10003);
#9065=AXIS2_PLACEMENT_3D('',#12849,#10006,#10007);
#9066=AXIS2_PLACEMENT_3D('',#12850,#10008,#10009);
#9067=AXIS2_PLACEMENT_3D('',#12854,#10011,#10012);
#9068=AXIS2_PLACEMENT_3D('',#12871,#10013,#10014);
#9069=AXIS2_PLACEMENT_3D('',#12887,#10015,#10016);
#9070=AXIS2_PLACEMENT_3D('',#12888,#10017,#10018);
#9071=AXIS2_PLACEMENT_3D('',#12892,#10022,#10023);
#9072=AXIS2_PLACEMENT_3D('',#12894,#10025,#10026);
#9073=AXIS2_PLACEMENT_3D('',#12896,#10028,#10029);
#9074=AXIS2_PLACEMENT_3D('',#12898,#10031,#10032);
#9075=AXIS2_PLACEMENT_3D('',#12900,#10034,#10035);
#9076=AXIS2_PLACEMENT_3D('',#12902,#10037,#10038);
#9077=AXIS2_PLACEMENT_3D('',#12904,#10040,#10041);
#9078=AXIS2_PLACEMENT_3D('',#12906,#10043,#10044);
#9079=AXIS2_PLACEMENT_3D('',#12908,#10046,#10047);
#9080=AXIS2_PLACEMENT_3D('',#12910,#10049,#10050);
#9081=AXIS2_PLACEMENT_3D('',#12911,#10051,#10052);
#9082=AXIS2_PLACEMENT_3D('',#12912,#10053,#10054);
#9083=AXIS2_PLACEMENT_3D('',#12913,#10055,#10056);
#9084=AXIS2_PLACEMENT_3D('',#12914,#10057,#10058);
#9085=AXIS2_PLACEMENT_3D('',#12934,#10060,#10061);
#9086=AXIS2_PLACEMENT_3D('',#12946,#10062,#10063);
#9087=AXIS2_PLACEMENT_3D('',#12948,#10064,#10065);
#9088=AXIS2_PLACEMENT_3D('',#12951,#10067,#10068);
#9089=AXIS2_PLACEMENT_3D('',#12952,#10069,#10070);
#9090=AXIS2_PLACEMENT_3D('',#12955,#10071,#10072);
#9091=AXIS2_PLACEMENT_3D('',#12956,#10073,#10074);
#9092=AXIS2_PLACEMENT_3D('',#12958,#10076,#10077);
#9093=AXIS2_PLACEMENT_3D('',#12961,#10079,#10080);
#9094=AXIS2_PLACEMENT_3D('',#12962,#10081,#10082);
#9095=AXIS2_PLACEMENT_3D('',#12964,#10083,#10084);
#9096=AXIS2_PLACEMENT_3D('',#12966,#10085,#10086);
#9097=AXIS2_PLACEMENT_3D('',#12967,#10087,#10088);
#9098=AXIS2_PLACEMENT_3D('',#12968,#10089,#10090);
#9099=AXIS2_PLACEMENT_3D('',#12971,#10091,#10092);
#9100=AXIS2_PLACEMENT_3D('',#12972,#10093,#10094);
#9101=AXIS2_PLACEMENT_3D('',#12974,#10096,#10097);
#9102=AXIS2_PLACEMENT_3D('',#12977,#10099,#10100);
#9103=AXIS2_PLACEMENT_3D('',#12978,#10101,#10102);
#9104=AXIS2_PLACEMENT_3D('',#12979,#10103,#10104);
#9105=AXIS2_PLACEMENT_3D('',#12980,#10105,#10106);
#9106=AXIS2_PLACEMENT_3D('',#12981,#10107,#10108);
#9107=AXIS2_PLACEMENT_3D('',#12994,#10115,#10116);
#9108=AXIS2_PLACEMENT_3D('',#12997,#10119,#10120);
#9109=AXIS2_PLACEMENT_3D('',#12999,#10122,#10123);
#9110=AXIS2_PLACEMENT_3D('',#13001,#10125,#10126);
#9111=AXIS2_PLACEMENT_3D('',#13003,#10128,#10129);
#9112=AXIS2_PLACEMENT_3D('',#13005,#10131,#10132);
#9113=AXIS2_PLACEMENT_3D('',#13006,#10133,#10134);
#9114=AXIS2_PLACEMENT_3D('',#13015,#10138,#10139);
#9115=AXIS2_PLACEMENT_3D('',#13017,#10140,#10141);
#9116=AXIS2_PLACEMENT_3D('',#13019,#10142,#10143);
#9117=AXIS2_PLACEMENT_3D('',#13023,#10145,#10146);
#9118=AXIS2_PLACEMENT_3D('',#13027,#10148,#10149);
#9119=AXIS2_PLACEMENT_3D('',#13031,#10151,#10152);
#9120=AXIS2_PLACEMENT_3D('',#13033,#10153,#10154);
#9121=AXIS2_PLACEMENT_3D('',#13035,#10155,#10156);
#9122=AXIS2_PLACEMENT_3D('',#13047,#10162,#10163);
#9123=AXIS2_PLACEMENT_3D('',#13049,#10164,#10165);
#9124=AXIS2_PLACEMENT_3D('',#13051,#10166,#10167);
#9125=AXIS2_PLACEMENT_3D('',#13055,#10169,#10170);
#9126=AXIS2_PLACEMENT_3D('',#13059,#10172,#10173);
#9127=AXIS2_PLACEMENT_3D('',#13063,#10175,#10176);
#9128=AXIS2_PLACEMENT_3D('',#13065,#10177,#10178);
#9129=AXIS2_PLACEMENT_3D('',#13067,#10179,#10180);
#9130=AXIS2_PLACEMENT_3D('',#13071,#10183,#10184);
#9131=AXIS2_PLACEMENT_3D('',#13080,#10188,#10189);
#9132=AXIS2_PLACEMENT_3D('',#13082,#10190,#10191);
#9133=AXIS2_PLACEMENT_3D('',#13084,#10192,#10193);
#9134=AXIS2_PLACEMENT_3D('',#13088,#10195,#10196);
#9135=AXIS2_PLACEMENT_3D('',#13092,#10198,#10199);
#9136=AXIS2_PLACEMENT_3D('',#13096,#10201,#10202);
#9137=AXIS2_PLACEMENT_3D('',#13098,#10203,#10204);
#9138=AXIS2_PLACEMENT_3D('',#13100,#10205,#10206);
#9139=AXIS2_PLACEMENT_3D('',#13112,#10212,#10213);
#9140=AXIS2_PLACEMENT_3D('',#13114,#10214,#10215);
#9141=AXIS2_PLACEMENT_3D('',#13116,#10216,#10217);
#9142=AXIS2_PLACEMENT_3D('',#13120,#10219,#10220);
#9143=AXIS2_PLACEMENT_3D('',#13124,#10222,#10223);
#9144=AXIS2_PLACEMENT_3D('',#13128,#10225,#10226);
#9145=AXIS2_PLACEMENT_3D('',#13130,#10227,#10228);
#9146=AXIS2_PLACEMENT_3D('',#13132,#10229,#10230);
#9147=AXIS2_PLACEMENT_3D('',#13136,#10233,#10234);
#9148=AXIS2_PLACEMENT_3D('',#13138,#10235,#10236);
#9149=AXIS2_PLACEMENT_3D('',#13141,#10238,#10239);
#9150=AXIS2_PLACEMENT_3D('',#13142,#10240,#10241);
#9151=AXIS2_PLACEMENT_3D('',#13144,#10242,#10243);
#9152=AXIS2_PLACEMENT_3D('',#13147,#10245,#10246);
#9153=AXIS2_PLACEMENT_3D('',#13148,#10247,#10248);
#9154=AXIS2_PLACEMENT_3D('',#13150,#10249,#10250);
#9155=AXIS2_PLACEMENT_3D('',#13153,#10252,#10253);
#9156=AXIS2_PLACEMENT_3D('',#13154,#10254,#10255);
#9157=AXIS2_PLACEMENT_3D('',#13156,#10256,#10257);
#9158=AXIS2_PLACEMENT_3D('',#13159,#10259,#10260);
#9159=AXIS2_PLACEMENT_3D('',#13160,#10261,#10262);
#9160=AXIS2_PLACEMENT_3D('',#13162,#10263,#10264);
#9161=AXIS2_PLACEMENT_3D('',#13165,#10266,#10267);
#9162=AXIS2_PLACEMENT_3D('',#13166,#10268,#10269);
#9163=AXIS2_PLACEMENT_3D('',#13168,#10270,#10271);
#9164=AXIS2_PLACEMENT_3D('',#13171,#10273,#10274);
#9165=AXIS2_PLACEMENT_3D('',#13172,#10275,#10276);
#9166=AXIS2_PLACEMENT_3D('',#13174,#10277,#10278);
#9167=AXIS2_PLACEMENT_3D('',#13177,#10280,#10281);
#9168=AXIS2_PLACEMENT_3D('',#13178,#10282,#10283);
#9169=AXIS2_PLACEMENT_3D('',#13180,#10284,#10285);
#9170=AXIS2_PLACEMENT_3D('',#13183,#10287,#10288);
#9171=AXIS2_PLACEMENT_3D('',#13184,#10289,#10290);
#9172=AXIS2_PLACEMENT_3D('',#13186,#10291,#10292);
#9173=AXIS2_PLACEMENT_3D('',#13189,#10294,#10295);
#9174=AXIS2_PLACEMENT_3D('',#13190,#10296,#10297);
#9175=AXIS2_PLACEMENT_3D('',#13192,#10298,#10299);
#9176=AXIS2_PLACEMENT_3D('',#13195,#10301,#10302);
#9177=AXIS2_PLACEMENT_3D('',#13196,#10303,#10304);
#9178=AXIS2_PLACEMENT_3D('',#13198,#10305,#10306);
#9179=AXIS2_PLACEMENT_3D('',#13201,#10308,#10309);
#9180=AXIS2_PLACEMENT_3D('',#13202,#10310,#10311);
#9181=AXIS2_PLACEMENT_3D('',#13204,#10312,#10313);
#9182=AXIS2_PLACEMENT_3D('',#13207,#10315,#10316);
#9183=AXIS2_PLACEMENT_3D('',#13208,#10317,#10318);
#9184=AXIS2_PLACEMENT_3D('',#13211,#10321,#10322);
#9185=AXIS2_PLACEMENT_3D('',#13213,#10324,#10325);
#9186=AXIS2_PLACEMENT_3D('',#13215,#10327,#10328);
#9187=AXIS2_PLACEMENT_3D('',#13217,#10330,#10331);
#9188=AXIS2_PLACEMENT_3D('',#13219,#10333,#10334);
#9189=AXIS2_PLACEMENT_3D('',#13221,#10336,#10337);
#9190=AXIS2_PLACEMENT_3D('',#13223,#10339,#10340);
#9191=AXIS2_PLACEMENT_3D('',#13225,#10342,#10343);
#9192=AXIS2_PLACEMENT_3D('',#13227,#10345,#10346);
#9193=AXIS2_PLACEMENT_3D('',#13229,#10348,#10349);
#9194=AXIS2_PLACEMENT_3D('',#13231,#10351,#10352);
#9195=AXIS2_PLACEMENT_3D('',#13233,#10354,#10355);
#9196=AXIS2_PLACEMENT_3D('',#13235,#10357,#10358);
#9197=AXIS2_PLACEMENT_3D('',#13238,#10361,#10362);
#9198=AXIS2_PLACEMENT_3D('',#13240,#10364,#10365);
#9199=AXIS2_PLACEMENT_3D('',#13242,#10367,#10368);
#9200=AXIS2_PLACEMENT_3D('',#13244,#10370,#10371);
#9201=AXIS2_PLACEMENT_3D('',#13246,#10373,#10374);
#9202=AXIS2_PLACEMENT_3D('',#13248,#10376,#10377);
#9203=AXIS2_PLACEMENT_3D('',#13250,#10379,#10380);
#9204=AXIS2_PLACEMENT_3D('',#13252,#10382,#10383);
#9205=AXIS2_PLACEMENT_3D('',#13254,#10385,#10386);
#9206=AXIS2_PLACEMENT_3D('',#13256,#10388,#10389);
#9207=AXIS2_PLACEMENT_3D('',#13258,#10391,#10392);
#9208=AXIS2_PLACEMENT_3D('',#13260,#10394,#10395);
#9209=AXIS2_PLACEMENT_3D('',#13262,#10397,#10398);
#9210=AXIS2_PLACEMENT_3D('',#13264,#10400,#10401);
#9211=AXIS2_PLACEMENT_3D('',#13266,#10403,#10404);
#9212=AXIS2_PLACEMENT_3D('',#13267,#10405,#10406);
#9213=AXIS2_PLACEMENT_3D('',#13269,#10407,#10408);
#9214=AXIS2_PLACEMENT_3D('',#13270,#10409,#10410);
#9215=AXIS2_PLACEMENT_3D('',#13272,#10411,#10412);
#9216=AXIS2_PLACEMENT_3D('',#13273,#10413,#10414);
#9217=AXIS2_PLACEMENT_3D('',#13275,#10415,#10416);
#9218=AXIS2_PLACEMENT_3D('',#13276,#10417,#10418);
#9219=AXIS2_PLACEMENT_3D('',#13278,#10419,#10420);
#9220=AXIS2_PLACEMENT_3D('',#13279,#10421,#10422);
#9221=AXIS2_PLACEMENT_3D('',#13281,#10423,#10424);
#9222=AXIS2_PLACEMENT_3D('',#13282,#10425,#10426);
#9223=AXIS2_PLACEMENT_3D('',#13284,#10427,#10428);
#9224=AXIS2_PLACEMENT_3D('',#13285,#10429,#10430);
#9225=AXIS2_PLACEMENT_3D('',#13287,#10431,#10432);
#9226=AXIS2_PLACEMENT_3D('',#13288,#10433,#10434);
#9227=AXIS2_PLACEMENT_3D('',#13290,#10435,#10436);
#9228=AXIS2_PLACEMENT_3D('',#13291,#10437,#10438);
#9229=AXIS2_PLACEMENT_3D('',#13293,#10439,#10440);
#9230=AXIS2_PLACEMENT_3D('',#13294,#10441,#10442);
#9231=AXIS2_PLACEMENT_3D('',#13296,#10443,#10444);
#9232=AXIS2_PLACEMENT_3D('',#13297,#10445,#10446);
#9233=AXIS2_PLACEMENT_3D('',#13299,#10447,#10448);
#9234=AXIS2_PLACEMENT_3D('',#13300,#10449,#10450);
#9235=AXIS2_PLACEMENT_3D('',#13302,#10452,#10453);
#9236=AXIS2_PLACEMENT_3D('',#13304,#10455,#10456);
#9237=AXIS2_PLACEMENT_3D('',#13307,#10458,#10459);
#9238=AXIS2_PLACEMENT_3D('',#13308,#10460,#10461);
#9239=AXIS2_PLACEMENT_3D('',#13311,#10463,#10464);
#9240=AXIS2_PLACEMENT_3D('',#13312,#10465,#10466);
#9241=AXIS2_PLACEMENT_3D('',#13315,#10468,#10469);
#9242=AXIS2_PLACEMENT_3D('',#13316,#10470,#10471);
#9243=AXIS2_PLACEMENT_3D('',#13319,#10473,#10474);
#9244=AXIS2_PLACEMENT_3D('',#13320,#10475,#10476);
#9245=AXIS2_PLACEMENT_3D('',#13323,#10478,#10479);
#9246=AXIS2_PLACEMENT_3D('',#13324,#10480,#10481);
#9247=AXIS2_PLACEMENT_3D('',#13327,#10483,#10484);
#9248=AXIS2_PLACEMENT_3D('',#13328,#10485,#10486);
#9249=AXIS2_PLACEMENT_3D('',#13331,#10488,#10489);
#9250=AXIS2_PLACEMENT_3D('',#13332,#10490,#10491);
#9251=AXIS2_PLACEMENT_3D('',#13335,#10493,#10494);
#9252=AXIS2_PLACEMENT_3D('',#13336,#10495,#10496);
#9253=AXIS2_PLACEMENT_3D('',#13339,#10498,#10499);
#9254=AXIS2_PLACEMENT_3D('',#13340,#10500,#10501);
#9255=AXIS2_PLACEMENT_3D('',#13343,#10503,#10504);
#9256=AXIS2_PLACEMENT_3D('',#13344,#10505,#10506);
#9257=AXIS2_PLACEMENT_3D('',#13346,#10507,#10508);
#9258=AXIS2_PLACEMENT_3D('',#13348,#10510,#10511);
#9259=AXIS2_PLACEMENT_3D('',#13350,#10512,#10513);
#9260=AXIS2_PLACEMENT_3D('',#13351,#10514,#10515);
#9261=AXIS2_PLACEMENT_3D('',#13353,#10516,#10517);
#9262=AXIS2_PLACEMENT_3D('',#13354,#10518,#10519);
#9263=AXIS2_PLACEMENT_3D('',#13356,#10521,#10522);
#9264=AXIS2_PLACEMENT_3D('',#13357,#10523,#10524);
#9265=AXIS2_PLACEMENT_3D('',#13358,#10525,#10526);
#9266=AXIS2_PLACEMENT_3D('',#13359,#10527,#10528);
#9267=AXIS2_PLACEMENT_3D('',#13360,#10529,#10530);
#9268=AXIS2_PLACEMENT_3D('',#13361,#10531,#10532);
#9269=AXIS2_PLACEMENT_3D('',#13362,#10533,#10534);
#9270=AXIS2_PLACEMENT_3D('',#13363,#10535,#10536);
#9271=AXIS2_PLACEMENT_3D('',#13364,#10537,#10538);
#9272=AXIS2_PLACEMENT_3D('',#13365,#10539,#10540);
#9273=AXIS2_PLACEMENT_3D('',#13366,#10541,#10542);
#9274=AXIS2_PLACEMENT_3D('',#13367,#10543,#10544);
#9275=AXIS2_PLACEMENT_3D('',#13368,#10545,#10546);
#9276=AXIS2_PLACEMENT_3D('',#13369,#10547,#10548);
#9277=AXIS2_PLACEMENT_3D('',#13373,#10550,#10551);
#9278=AXIS2_PLACEMENT_3D('',#13374,#10552,#10553);
#9279=AXIS2_PLACEMENT_3D('',#13378,#10555,#10556);
#9280=AXIS2_PLACEMENT_3D('',#13379,#10557,#10558);
#9281=AXIS2_PLACEMENT_3D('',#13381,#10559,#10560);
#9282=AXIS2_PLACEMENT_3D('',#13383,#10562,#10563);
#9283=AXIS2_PLACEMENT_3D('',#13385,#10564,#10565);
#9284=AXIS2_PLACEMENT_3D('',#13387,#10567,#10568);
#9285=AXIS2_PLACEMENT_3D('',#13389,#10569,#10570);
#9286=AXIS2_PLACEMENT_3D('',#13390,#10571,#10572);
#9287=AXIS2_PLACEMENT_3D('',#13392,#10573,#10574);
#9288=AXIS2_PLACEMENT_3D('',#13393,#10575,#10576);
#9289=AXIS2_PLACEMENT_3D('',#13397,#10578,#10579);
#9290=AXIS2_PLACEMENT_3D('',#13398,#10580,#10581);
#9291=AXIS2_PLACEMENT_3D('',#13400,#10582,#10583);
#9292=AXIS2_PLACEMENT_3D('',#13402,#10585,#10586);
#9293=AXIS2_PLACEMENT_3D('',#13404,#10587,#10588);
#9294=AXIS2_PLACEMENT_3D('',#13406,#10590,#10591);
#9295=AXIS2_PLACEMENT_3D('',#13408,#10592,#10593);
#9296=AXIS2_PLACEMENT_3D('',#13410,#10595,#10596);
#9297=AXIS2_PLACEMENT_3D('',#13412,#10597,#10598);
#9298=AXIS2_PLACEMENT_3D('',#13414,#10600,#10601);
#9299=AXIS2_PLACEMENT_3D('',#13416,#10602,#10603);
#9300=AXIS2_PLACEMENT_3D('',#13418,#10605,#10606);
#9301=AXIS2_PLACEMENT_3D('',#13420,#10607,#10608);
#9302=AXIS2_PLACEMENT_3D('',#13421,#10609,#10610);
#9303=AXIS2_PLACEMENT_3D('',#13424,#10612,#10613);
#9304=AXIS2_PLACEMENT_3D('',#13425,#10614,#10615);
#9305=AXIS2_PLACEMENT_3D('',#13428,#10617,#10618);
#9306=AXIS2_PLACEMENT_3D('',#13429,#10619,#10620);
#9307=AXIS2_PLACEMENT_3D('',#13431,#10621,#10622);
#9308=AXIS2_PLACEMENT_3D('',#13433,#10624,#10625);
#9309=AXIS2_PLACEMENT_3D('',#13442,#10630,#10631);
#9310=AXIS2_PLACEMENT_3D('',#13448,#10635,#10636);
#9311=AXIS2_PLACEMENT_3D('',#13454,#10640,#10641);
#9312=AXIS2_PLACEMENT_3D('',#13463,#10646,#10647);
#9313=AXIS2_PLACEMENT_3D('',#13469,#10651,#10652);
#9314=AXIS2_PLACEMENT_3D('',#13475,#10656,#10657);
#9315=AXIS2_PLACEMENT_3D('',#13481,#10661,#10662);
#9316=AXIS2_PLACEMENT_3D('',#13487,#10666,#10667);
#9317=AXIS2_PLACEMENT_3D('',#13489,#10668,#10669);
#9318=AXIS2_PLACEMENT_3D('',#13492,#10671,#10672);
#9319=AXIS2_PLACEMENT_3D('',#13493,#10673,#10674);
#9320=AXIS2_PLACEMENT_3D('',#13499,#10678,#10679);
#9321=AXIS2_PLACEMENT_3D('',#13505,#10683,#10684);
#9322=AXIS2_PLACEMENT_3D('',#13511,#10688,#10689);
#9323=AXIS2_PLACEMENT_3D('',#13517,#10693,#10694);
#9324=AXIS2_PLACEMENT_3D('',#13519,#10695,#10696);
#9325=AXIS2_PLACEMENT_3D('',#13522,#10698,#10699);
#9326=AXIS2_PLACEMENT_3D('',#13523,#10700,#10701);
#9327=AXIS2_PLACEMENT_3D('',#13525,#10702,#10703);
#9328=AXIS2_PLACEMENT_3D('',#13528,#10705,#10706);
#9329=AXIS2_PLACEMENT_3D('',#13529,#10707,#10708);
#9330=AXIS2_PLACEMENT_3D('',#13531,#10709,#10710);
#9331=AXIS2_PLACEMENT_3D('',#13534,#10712,#10713);
#9332=AXIS2_PLACEMENT_3D('',#13535,#10714,#10715);
#9333=AXIS2_PLACEMENT_3D('',#13541,#10719,#10720);
#9334=AXIS2_PLACEMENT_3D('',#13543,#10721,#10722);
#9335=AXIS2_PLACEMENT_3D('',#13546,#10724,#10725);
#9336=AXIS2_PLACEMENT_3D('',#13547,#10726,#10727);
#9337=AXIS2_PLACEMENT_3D('',#13553,#10731,#10732);
#9338=AXIS2_PLACEMENT_3D('',#13555,#10733,#10734);
#9339=AXIS2_PLACEMENT_3D('',#13558,#10736,#10737);
#9340=AXIS2_PLACEMENT_3D('',#13559,#10738,#10739);
#9341=AXIS2_PLACEMENT_3D('',#13565,#10743,#10744);
#9342=AXIS2_PLACEMENT_3D('',#13567,#10745,#10746);
#9343=AXIS2_PLACEMENT_3D('',#13570,#10748,#10749);
#9344=AXIS2_PLACEMENT_3D('',#13571,#10750,#10751);
#9345=AXIS2_PLACEMENT_3D('',#13573,#10752,#10753);
#9346=AXIS2_PLACEMENT_3D('',#13576,#10755,#10756);
#9347=AXIS2_PLACEMENT_3D('',#13577,#10757,#10758);
#9348=AXIS2_PLACEMENT_3D('',#13579,#10759,#10760);
#9349=AXIS2_PLACEMENT_3D('',#13582,#10762,#10763);
#9350=AXIS2_PLACEMENT_3D('',#13583,#10764,#10765);
#9351=AXIS2_PLACEMENT_3D('',#13589,#10769,#10770);
#9352=AXIS2_PLACEMENT_3D('',#13595,#10774,#10775);
#9353=AXIS2_PLACEMENT_3D('',#13601,#10779,#10780);
#9354=AXIS2_PLACEMENT_3D('',#13607,#10784,#10785);
#9355=AXIS2_PLACEMENT_3D('',#13613,#10789,#10790);
#9356=AXIS2_PLACEMENT_3D('',#13615,#10791,#10792);
#9357=AXIS2_PLACEMENT_3D('',#13618,#10794,#10795);
#9358=AXIS2_PLACEMENT_3D('',#13619,#10796,#10797);
#9359=AXIS2_PLACEMENT_3D('',#13621,#10798,#10799);
#9360=AXIS2_PLACEMENT_3D('',#13624,#10801,#10802);
#9361=AXIS2_PLACEMENT_3D('',#13625,#10803,#10804);
#9362=AXIS2_PLACEMENT_3D('',#13627,#10805,#10806);
#9363=AXIS2_PLACEMENT_3D('',#13630,#10808,#10809);
#9364=AXIS2_PLACEMENT_3D('',#13631,#10810,#10811);
#9365=AXIS2_PLACEMENT_3D('',#13637,#10815,#10816);
#9366=AXIS2_PLACEMENT_3D('',#13639,#10817,#10818);
#9367=AXIS2_PLACEMENT_3D('',#13642,#10820,#10821);
#9368=AXIS2_PLACEMENT_3D('',#13643,#10822,#10823);
#9369=AXIS2_PLACEMENT_3D('',#13649,#10827,#10828);
#9370=AXIS2_PLACEMENT_3D('',#13651,#10829,#10830);
#9371=AXIS2_PLACEMENT_3D('',#13654,#10832,#10833);
#9372=AXIS2_PLACEMENT_3D('',#13655,#10834,#10835);
#9373=AXIS2_PLACEMENT_3D('',#13661,#10839,#10840);
#9374=AXIS2_PLACEMENT_3D('',#13663,#10841,#10842);
#9375=AXIS2_PLACEMENT_3D('',#13666,#10844,#10845);
#9376=AXIS2_PLACEMENT_3D('',#13667,#10846,#10847);
#9377=AXIS2_PLACEMENT_3D('',#13669,#10848,#10849);
#9378=AXIS2_PLACEMENT_3D('',#13672,#10851,#10852);
#9379=AXIS2_PLACEMENT_3D('',#13673,#10853,#10854);
#9380=AXIS2_PLACEMENT_3D('',#13675,#10855,#10856);
#9381=AXIS2_PLACEMENT_3D('',#13678,#10858,#10859);
#9382=AXIS2_PLACEMENT_3D('',#13679,#10860,#10861);
#9383=AXIS2_PLACEMENT_3D('',#13682,#10864,#10865);
#9384=AXIS2_PLACEMENT_3D('',#13684,#10866,#10867);
#9385=AXIS2_PLACEMENT_3D('',#13686,#10869,#10870);
#9386=AXIS2_PLACEMENT_3D('',#13692,#10874,#10875);
#9387=AXIS2_PLACEMENT_3D('',#13696,#10878,#10879);
#9388=AXIS2_PLACEMENT_3D('',#13700,#10882,#10883);
#9389=AXIS2_PLACEMENT_3D('',#13702,#10885,#10886);
#9390=AXIS2_PLACEMENT_3D('',#13705,#10888,#10889);
#9391=AXIS2_PLACEMENT_3D('',#13706,#10890,#10891);
#9392=AXIS2_PLACEMENT_3D('',#13708,#10892,#10893);
#9393=AXIS2_PLACEMENT_3D('',#13709,#10894,#10895);
#9394=AXIS2_PLACEMENT_3D('',#13711,#10896,#10897);
#9395=AXIS2_PLACEMENT_3D('',#13713,#10899,#10900);
#9396=AXIS2_PLACEMENT_3D('',#13716,#10902,#10903);
#9397=AXIS2_PLACEMENT_3D('',#13717,#10904,#10905);
#9398=AXIS2_PLACEMENT_3D('',#13720,#10907,#10908);
#9399=AXIS2_PLACEMENT_3D('',#13721,#10909,#10910);
#9400=AXIS2_PLACEMENT_3D('',#13723,#10911,#10912);
#9401=AXIS2_PLACEMENT_3D('',#13724,#10913,#10914);
#9402=AXIS2_PLACEMENT_3D('',#13727,#10916,#10917);
#9403=AXIS2_PLACEMENT_3D('',#13728,#10918,#10919);
#9404=AXIS2_PLACEMENT_3D('',#13731,#10921,#10922);
#9405=AXIS2_PLACEMENT_3D('',#13756,#10935,#10936);
#9406=AXIS2_PLACEMENT_3D('',#13761,#10939,#10940);
#9407=AXIS2_PLACEMENT_3D('',#13762,#10941,#10942);
#9408=AXIS2_PLACEMENT_3D('',#13764,#10943,#10944);
#9409=AXIS2_PLACEMENT_3D('',#13766,#10946,#10947);
#9410=AXIS2_PLACEMENT_3D('',#13768,#10948,#10949);
#9411=AXIS2_PLACEMENT_3D('',#13770,#10951,#10952);
#9412=AXIS2_PLACEMENT_3D('',#13772,#10953,#10954);
#9413=AXIS2_PLACEMENT_3D('',#13774,#10956,#10957);
#9414=AXIS2_PLACEMENT_3D('',#13776,#10958,#10959);
#9415=AXIS2_PLACEMENT_3D('',#13778,#10961,#10962);
#9416=AXIS2_PLACEMENT_3D('',#13780,#10963,#10964);
#9417=AXIS2_PLACEMENT_3D('',#13782,#10966,#10967);
#9418=AXIS2_PLACEMENT_3D('',#13785,#10969,#10970);
#9419=AXIS2_PLACEMENT_3D('',#13786,#10971,#10972);
#9420=AXIS2_PLACEMENT_3D('',#13788,#10973,#10974);
#9421=AXIS2_PLACEMENT_3D('',#13790,#10976,#10977);
#9422=AXIS2_PLACEMENT_3D('',#13792,#10978,#10979);
#9423=AXIS2_PLACEMENT_3D('',#13794,#10981,#10982);
#9424=AXIS2_PLACEMENT_3D('',#13796,#10983,#10984);
#9425=AXIS2_PLACEMENT_3D('',#13798,#10986,#10987);
#9426=AXIS2_PLACEMENT_3D('',#13800,#10988,#10989);
#9427=AXIS2_PLACEMENT_3D('',#13802,#10991,#10992);
#9428=AXIS2_PLACEMENT_3D('',#13803,#10993,#10994);
#9429=AXIS2_PLACEMENT_3D('',#13804,#10995,#10996);
#9430=AXIS2_PLACEMENT_3D('',#13806,#10997,#10998);
#9431=AXIS2_PLACEMENT_3D('',#13807,#10999,#11000);
#9432=AXIS2_PLACEMENT_3D('',#13809,#11001,#11002);
#9433=AXIS2_PLACEMENT_3D('',#13810,#11003,#11004);
#9434=AXIS2_PLACEMENT_3D('',#13812,#11006,#11007);
#9435=AXIS2_PLACEMENT_3D('',#13837,#11020,#11021);
#9436=AXIS2_PLACEMENT_3D('',#13842,#11024,#11025);
#9437=AXIS2_PLACEMENT_3D('',#13843,#11026,#11027);
#9438=AXIS2_PLACEMENT_3D('',#13845,#11028,#11029);
#9439=AXIS2_PLACEMENT_3D('',#13847,#11031,#11032);
#9440=AXIS2_PLACEMENT_3D('',#13849,#11033,#11034);
#9441=AXIS2_PLACEMENT_3D('',#13851,#11036,#11037);
#9442=AXIS2_PLACEMENT_3D('',#13853,#11038,#11039);
#9443=AXIS2_PLACEMENT_3D('',#13855,#11041,#11042);
#9444=AXIS2_PLACEMENT_3D('',#13857,#11043,#11044);
#9445=AXIS2_PLACEMENT_3D('',#13859,#11046,#11047);
#9446=AXIS2_PLACEMENT_3D('',#13861,#11048,#11049);
#9447=AXIS2_PLACEMENT_3D('',#13863,#11051,#11052);
#9448=AXIS2_PLACEMENT_3D('',#13866,#11054,#11055);
#9449=AXIS2_PLACEMENT_3D('',#13867,#11056,#11057);
#9450=AXIS2_PLACEMENT_3D('',#13869,#11058,#11059);
#9451=AXIS2_PLACEMENT_3D('',#13871,#11061,#11062);
#9452=AXIS2_PLACEMENT_3D('',#13873,#11063,#11064);
#9453=AXIS2_PLACEMENT_3D('',#13875,#11066,#11067);
#9454=AXIS2_PLACEMENT_3D('',#13877,#11068,#11069);
#9455=AXIS2_PLACEMENT_3D('',#13879,#11071,#11072);
#9456=AXIS2_PLACEMENT_3D('',#13881,#11073,#11074);
#9457=AXIS2_PLACEMENT_3D('',#13883,#11076,#11077);
#9458=AXIS2_PLACEMENT_3D('',#13884,#11078,#11079);
#9459=AXIS2_PLACEMENT_3D('',#13885,#11080,#11081);
#9460=AXIS2_PLACEMENT_3D('',#13887,#11082,#11083);
#9461=AXIS2_PLACEMENT_3D('',#13888,#11084,#11085);
#9462=AXIS2_PLACEMENT_3D('',#13890,#11086,#11087);
#9463=AXIS2_PLACEMENT_3D('',#13891,#11088,#11089);
#9464=AXIS2_PLACEMENT_3D('',#13893,#11091,#11092);
#9465=AXIS2_PLACEMENT_3D('',#13918,#11105,#11106);
#9466=AXIS2_PLACEMENT_3D('',#13923,#11109,#11110);
#9467=AXIS2_PLACEMENT_3D('',#13924,#11111,#11112);
#9468=AXIS2_PLACEMENT_3D('',#13926,#11113,#11114);
#9469=AXIS2_PLACEMENT_3D('',#13928,#11116,#11117);
#9470=AXIS2_PLACEMENT_3D('',#13930,#11118,#11119);
#9471=AXIS2_PLACEMENT_3D('',#13932,#11121,#11122);
#9472=AXIS2_PLACEMENT_3D('',#13934,#11123,#11124);
#9473=AXIS2_PLACEMENT_3D('',#13936,#11126,#11127);
#9474=AXIS2_PLACEMENT_3D('',#13938,#11128,#11129);
#9475=AXIS2_PLACEMENT_3D('',#13940,#11131,#11132);
#9476=AXIS2_PLACEMENT_3D('',#13942,#11133,#11134);
#9477=AXIS2_PLACEMENT_3D('',#13944,#11136,#11137);
#9478=AXIS2_PLACEMENT_3D('',#13947,#11139,#11140);
#9479=AXIS2_PLACEMENT_3D('',#13948,#11141,#11142);
#9480=AXIS2_PLACEMENT_3D('',#13950,#11143,#11144);
#9481=AXIS2_PLACEMENT_3D('',#13952,#11146,#11147);
#9482=AXIS2_PLACEMENT_3D('',#13954,#11148,#11149);
#9483=AXIS2_PLACEMENT_3D('',#13956,#11151,#11152);
#9484=AXIS2_PLACEMENT_3D('',#13958,#11153,#11154);
#9485=AXIS2_PLACEMENT_3D('',#13960,#11156,#11157);
#9486=AXIS2_PLACEMENT_3D('',#13962,#11158,#11159);
#9487=AXIS2_PLACEMENT_3D('',#13964,#11161,#11162);
#9488=AXIS2_PLACEMENT_3D('',#13965,#11163,#11164);
#9489=AXIS2_PLACEMENT_3D('',#13966,#11165,#11166);
#9490=AXIS2_PLACEMENT_3D('',#13968,#11167,#11168);
#9491=AXIS2_PLACEMENT_3D('',#13969,#11169,#11170);
#9492=AXIS2_PLACEMENT_3D('',#13971,#11171,#11172);
#9493=AXIS2_PLACEMENT_3D('',#13972,#11173,#11174);
#9494=AXIS2_PLACEMENT_3D('',#13974,#11176,#11177);
#9495=AXIS2_PLACEMENT_3D('',#13979,#11179,#11180);
#9496=AXIS2_PLACEMENT_3D('',#13981,#11181,#11182);
#9497=AXIS2_PLACEMENT_3D('',#13983,#11183,#11184);
#9498=AXIS2_PLACEMENT_3D('',#13987,#11186,#11187);
#9499=AXIS2_PLACEMENT_3D('',#13991,#11189,#11190);
#9500=AXIS2_PLACEMENT_3D('',#13995,#11192,#11193);
#9501=AXIS2_PLACEMENT_3D('',#13997,#11194,#11195);
#9502=AXIS2_PLACEMENT_3D('',#13999,#11196,#11197);
#9503=AXIS2_PLACEMENT_3D('',#14011,#11203,#11204);
#9504=AXIS2_PLACEMENT_3D('',#14013,#11205,#11206);
#9505=AXIS2_PLACEMENT_3D('',#14015,#11207,#11208);
#9506=AXIS2_PLACEMENT_3D('',#14019,#11210,#11211);
#9507=AXIS2_PLACEMENT_3D('',#14023,#11213,#11214);
#9508=AXIS2_PLACEMENT_3D('',#14027,#11216,#11217);
#9509=AXIS2_PLACEMENT_3D('',#14029,#11218,#11219);
#9510=AXIS2_PLACEMENT_3D('',#14031,#11220,#11221);
#9511=AXIS2_PLACEMENT_3D('',#14051,#11232,#11233);
#9512=AXIS2_PLACEMENT_3D('',#14053,#11234,#11235);
#9513=AXIS2_PLACEMENT_3D('',#14054,#11236,#11237);
#9514=AXIS2_PLACEMENT_3D('',#14058,#11239,#11240);
#9515=AXIS2_PLACEMENT_3D('',#14060,#11242,#11243);
#9516=AXIS2_PLACEMENT_3D('',#14062,#11244,#11245);
#9517=AXIS2_PLACEMENT_3D('',#14064,#11247,#11248);
#9518=AXIS2_PLACEMENT_3D('',#14066,#11249,#11250);
#9519=AXIS2_PLACEMENT_3D('',#14068,#11252,#11253);
#9520=AXIS2_PLACEMENT_3D('',#14072,#11256,#11257);
#9521=AXIS2_PLACEMENT_3D('',#14074,#11258,#11259);
#9522=AXIS2_PLACEMENT_3D('',#14076,#11261,#11262);
#9523=AXIS2_PLACEMENT_3D('',#14080,#11265,#11266);
#9524=AXIS2_PLACEMENT_3D('',#14082,#11267,#11268);
#9525=AXIS2_PLACEMENT_3D('',#14084,#11270,#11271);
#9526=AXIS2_PLACEMENT_3D('',#14088,#11274,#11275);
#9527=AXIS2_PLACEMENT_3D('',#14090,#11276,#11277);
#9528=AXIS2_PLACEMENT_3D('',#14092,#11279,#11280);
#9529=AXIS2_PLACEMENT_3D('',#14094,#11281,#11282);
#9530=AXIS2_PLACEMENT_3D('',#14096,#11284,#11285);
#9531=AXIS2_PLACEMENT_3D('',#14098,#11286,#11287);
#9532=AXIS2_PLACEMENT_3D('',#14100,#11289,#11290);
#9533=AXIS2_PLACEMENT_3D('',#14104,#11293,#11294);
#9534=AXIS2_PLACEMENT_3D('',#14108,#11297,#11298);
#9535=AXIS2_PLACEMENT_3D('',#14112,#11301,#11302);
#9536=AXIS2_PLACEMENT_3D('',#14116,#11305,#11306);
#9537=AXIS2_PLACEMENT_3D('',#14120,#11309,#11310);
#9538=AXIS2_PLACEMENT_3D('',#14122,#11311,#11312);
#9539=AXIS2_PLACEMENT_3D('',#14124,#11314,#11315);
#9540=AXIS2_PLACEMENT_3D('',#14126,#11316,#11317);
#9541=AXIS2_PLACEMENT_3D('',#14128,#11319,#11320);
#9542=AXIS2_PLACEMENT_3D('',#14130,#11321,#11322);
#9543=AXIS2_PLACEMENT_3D('',#14132,#11324,#11325);
#9544=AXIS2_PLACEMENT_3D('',#14136,#11328,#11329);
#9545=AXIS2_PLACEMENT_3D('',#14138,#11330,#11331);
#9546=AXIS2_PLACEMENT_3D('',#14140,#11333,#11334);
#9547=AXIS2_PLACEMENT_3D('',#14144,#11337,#11338);
#9548=AXIS2_PLACEMENT_3D('',#14146,#11339,#11340);
#9549=AXIS2_PLACEMENT_3D('',#14148,#11342,#11343);
#9550=AXIS2_PLACEMENT_3D('',#14152,#11346,#11347);
#9551=AXIS2_PLACEMENT_3D('',#14154,#11348,#11349);
#9552=AXIS2_PLACEMENT_3D('',#14156,#11351,#11352);
#9553=AXIS2_PLACEMENT_3D('',#14158,#11353,#11354);
#9554=AXIS2_PLACEMENT_3D('',#14160,#11356,#11357);
#9555=AXIS2_PLACEMENT_3D('',#14162,#11358,#11359);
#9556=AXIS2_PLACEMENT_3D('',#14164,#11361,#11362);
#9557=AXIS2_PLACEMENT_3D('',#14168,#11365,#11366);
#9558=AXIS2_PLACEMENT_3D('',#14172,#11369,#11370);
#9559=AXIS2_PLACEMENT_3D('',#14176,#11373,#11374);
#9560=AXIS2_PLACEMENT_3D('',#14180,#11377,#11378);
#9561=AXIS2_PLACEMENT_3D('',#14184,#11381,#11382);
#9562=AXIS2_PLACEMENT_3D('',#14188,#11385,#11386);
#9563=AXIS2_PLACEMENT_3D('',#14192,#11389,#11390);
#9564=AXIS2_PLACEMENT_3D('',#14196,#11393,#11394);
#9565=AXIS2_PLACEMENT_3D('',#14200,#11397,#11398);
#9566=AXIS2_PLACEMENT_3D('',#14204,#11401,#11402);
#9567=AXIS2_PLACEMENT_3D('',#14206,#11404,#11405);
#9568=AXIS2_PLACEMENT_3D('',#14208,#11406,#11407);
#9569=AXIS2_PLACEMENT_3D('',#14210,#11409,#11410);
#9570=AXIS2_PLACEMENT_3D('',#14212,#11411,#11412);
#9571=AXIS2_PLACEMENT_3D('',#14213,#11413,#11414);
#9572=AXIS2_PLACEMENT_3D('',#14215,#11415,#11416);
#9573=AXIS2_PLACEMENT_3D('',#14216,#11417,#11418);
#9574=AXIS2_PLACEMENT_3D('',#14218,#11420,#11421);
#9575=AXIS2_PLACEMENT_3D('',#14243,#11434,#11435);
#9576=AXIS2_PLACEMENT_3D('',#14248,#11438,#11439);
#9577=AXIS2_PLACEMENT_3D('',#14249,#11440,#11441);
#9578=AXIS2_PLACEMENT_3D('',#14251,#11442,#11443);
#9579=AXIS2_PLACEMENT_3D('',#14253,#11445,#11446);
#9580=AXIS2_PLACEMENT_3D('',#14255,#11447,#11448);
#9581=AXIS2_PLACEMENT_3D('',#14257,#11450,#11451);
#9582=AXIS2_PLACEMENT_3D('',#14259,#11452,#11453);
#9583=AXIS2_PLACEMENT_3D('',#14261,#11455,#11456);
#9584=AXIS2_PLACEMENT_3D('',#14263,#11457,#11458);
#9585=AXIS2_PLACEMENT_3D('',#14265,#11460,#11461);
#9586=AXIS2_PLACEMENT_3D('',#14267,#11462,#11463);
#9587=AXIS2_PLACEMENT_3D('',#14269,#11465,#11466);
#9588=AXIS2_PLACEMENT_3D('',#14272,#11468,#11469);
#9589=AXIS2_PLACEMENT_3D('',#14273,#11470,#11471);
#9590=AXIS2_PLACEMENT_3D('',#14275,#11472,#11473);
#9591=AXIS2_PLACEMENT_3D('',#14277,#11475,#11476);
#9592=AXIS2_PLACEMENT_3D('',#14279,#11477,#11478);
#9593=AXIS2_PLACEMENT_3D('',#14281,#11480,#11481);
#9594=AXIS2_PLACEMENT_3D('',#14283,#11482,#11483);
#9595=AXIS2_PLACEMENT_3D('',#14285,#11485,#11486);
#9596=AXIS2_PLACEMENT_3D('',#14287,#11487,#11488);
#9597=AXIS2_PLACEMENT_3D('',#14289,#11490,#11491);
#9598=AXIS2_PLACEMENT_3D('',#14290,#11492,#11493);
#9599=AXIS2_PLACEMENT_3D('',#14291,#11494,#11495);
#9600=AXIS2_PLACEMENT_3D('',#14293,#11496,#11497);
#9601=AXIS2_PLACEMENT_3D('',#14294,#11498,#11499);
#9602=AXIS2_PLACEMENT_3D('',#14296,#11500,#11501);
#9603=AXIS2_PLACEMENT_3D('',#14297,#11502,#11503);
#9604=AXIS2_PLACEMENT_3D('',#14299,#11505,#11506);
#9605=AXIS2_PLACEMENT_3D('',#14304,#11508,#11509);
#9606=AXIS2_PLACEMENT_3D('',#14306,#11510,#11511);
#9607=AXIS2_PLACEMENT_3D('',#14308,#11512,#11513);
#9608=AXIS2_PLACEMENT_3D('',#14312,#11515,#11516);
#9609=AXIS2_PLACEMENT_3D('',#14316,#11518,#11519);
#9610=AXIS2_PLACEMENT_3D('',#14320,#11521,#11522);
#9611=AXIS2_PLACEMENT_3D('',#14322,#11523,#11524);
#9612=AXIS2_PLACEMENT_3D('',#14324,#11525,#11526);
#9613=AXIS2_PLACEMENT_3D('',#14336,#11532,#11533);
#9614=AXIS2_PLACEMENT_3D('',#14338,#11534,#11535);
#9615=AXIS2_PLACEMENT_3D('',#14340,#11536,#11537);
#9616=AXIS2_PLACEMENT_3D('',#14344,#11539,#11540);
#9617=AXIS2_PLACEMENT_3D('',#14348,#11542,#11543);
#9618=AXIS2_PLACEMENT_3D('',#14352,#11545,#11546);
#9619=AXIS2_PLACEMENT_3D('',#14354,#11547,#11548);
#9620=AXIS2_PLACEMENT_3D('',#14356,#11549,#11550);
#9621=AXIS2_PLACEMENT_3D('',#14376,#11561,#11562);
#9622=AXIS2_PLACEMENT_3D('',#14378,#11563,#11564);
#9623=AXIS2_PLACEMENT_3D('',#14379,#11565,#11566);
#9624=AXIS2_PLACEMENT_3D('',#14383,#11568,#11569);
#9625=AXIS2_PLACEMENT_3D('',#14385,#11571,#11572);
#9626=AXIS2_PLACEMENT_3D('',#14387,#11573,#11574);
#9627=AXIS2_PLACEMENT_3D('',#14389,#11576,#11577);
#9628=AXIS2_PLACEMENT_3D('',#14391,#11578,#11579);
#9629=AXIS2_PLACEMENT_3D('',#14393,#11581,#11582);
#9630=AXIS2_PLACEMENT_3D('',#14397,#11585,#11586);
#9631=AXIS2_PLACEMENT_3D('',#14399,#11587,#11588);
#9632=AXIS2_PLACEMENT_3D('',#14401,#11590,#11591);
#9633=AXIS2_PLACEMENT_3D('',#14405,#11594,#11595);
#9634=AXIS2_PLACEMENT_3D('',#14407,#11596,#11597);
#9635=AXIS2_PLACEMENT_3D('',#14409,#11599,#11600);
#9636=AXIS2_PLACEMENT_3D('',#14413,#11603,#11604);
#9637=AXIS2_PLACEMENT_3D('',#14415,#11605,#11606);
#9638=AXIS2_PLACEMENT_3D('',#14417,#11608,#11609);
#9639=AXIS2_PLACEMENT_3D('',#14419,#11610,#11611);
#9640=AXIS2_PLACEMENT_3D('',#14421,#11613,#11614);
#9641=AXIS2_PLACEMENT_3D('',#14423,#11615,#11616);
#9642=AXIS2_PLACEMENT_3D('',#14425,#11618,#11619);
#9643=AXIS2_PLACEMENT_3D('',#14429,#11622,#11623);
#9644=AXIS2_PLACEMENT_3D('',#14433,#11626,#11627);
#9645=AXIS2_PLACEMENT_3D('',#14437,#11630,#11631);
#9646=AXIS2_PLACEMENT_3D('',#14441,#11634,#11635);
#9647=AXIS2_PLACEMENT_3D('',#14445,#11638,#11639);
#9648=AXIS2_PLACEMENT_3D('',#14447,#11640,#11641);
#9649=AXIS2_PLACEMENT_3D('',#14449,#11643,#11644);
#9650=AXIS2_PLACEMENT_3D('',#14451,#11645,#11646);
#9651=AXIS2_PLACEMENT_3D('',#14453,#11648,#11649);
#9652=AXIS2_PLACEMENT_3D('',#14455,#11650,#11651);
#9653=AXIS2_PLACEMENT_3D('',#14457,#11653,#11654);
#9654=AXIS2_PLACEMENT_3D('',#14461,#11657,#11658);
#9655=AXIS2_PLACEMENT_3D('',#14463,#11659,#11660);
#9656=AXIS2_PLACEMENT_3D('',#14465,#11662,#11663);
#9657=AXIS2_PLACEMENT_3D('',#14469,#11666,#11667);
#9658=AXIS2_PLACEMENT_3D('',#14471,#11668,#11669);
#9659=AXIS2_PLACEMENT_3D('',#14473,#11671,#11672);
#9660=AXIS2_PLACEMENT_3D('',#14477,#11675,#11676);
#9661=AXIS2_PLACEMENT_3D('',#14479,#11677,#11678);
#9662=AXIS2_PLACEMENT_3D('',#14481,#11680,#11681);
#9663=AXIS2_PLACEMENT_3D('',#14483,#11682,#11683);
#9664=AXIS2_PLACEMENT_3D('',#14485,#11685,#11686);
#9665=AXIS2_PLACEMENT_3D('',#14487,#11687,#11688);
#9666=AXIS2_PLACEMENT_3D('',#14489,#11690,#11691);
#9667=AXIS2_PLACEMENT_3D('',#14493,#11694,#11695);
#9668=AXIS2_PLACEMENT_3D('',#14497,#11698,#11699);
#9669=AXIS2_PLACEMENT_3D('',#14501,#11702,#11703);
#9670=AXIS2_PLACEMENT_3D('',#14505,#11706,#11707);
#9671=AXIS2_PLACEMENT_3D('',#14509,#11710,#11711);
#9672=AXIS2_PLACEMENT_3D('',#14513,#11714,#11715);
#9673=AXIS2_PLACEMENT_3D('',#14517,#11718,#11719);
#9674=AXIS2_PLACEMENT_3D('',#14521,#11722,#11723);
#9675=AXIS2_PLACEMENT_3D('',#14525,#11726,#11727);
#9676=AXIS2_PLACEMENT_3D('',#14529,#11730,#11731);
#9677=AXIS2_PLACEMENT_3D('',#14531,#11733,#11734);
#9678=AXIS2_PLACEMENT_3D('',#14533,#11735,#11736);
#9679=AXIS2_PLACEMENT_3D('',#14535,#11738,#11739);
#9680=AXIS2_PLACEMENT_3D('',#14537,#11740,#11741);
#9681=AXIS2_PLACEMENT_3D('',#14538,#11742,#11743);
#9682=AXIS2_PLACEMENT_3D('',#14540,#11744,#11745);
#9683=AXIS2_PLACEMENT_3D('',#14541,#11746,#11747);
#9684=AXIS2_PLACEMENT_3D('',#14543,#11749,#11750);
#9685=AXIS2_PLACEMENT_3D('',#14546,#11751,#11752);
#9686=AXIS2_PLACEMENT_3D('',#14550,#11754,#11755);
#9687=AXIS2_PLACEMENT_3D('',#14552,#11757,#11758);
#9688=AXIS2_PLACEMENT_3D('',#14554,#11759,#11760);
#9689=AXIS2_PLACEMENT_3D('',#14556,#11761,#11762);
#9690=AXIS2_PLACEMENT_3D('',#14558,#11764,#11765);
#9691=AXIS2_PLACEMENT_3D('',#14560,#11766,#11767);
#9692=AXIS2_PLACEMENT_3D('',#14562,#11768,#11769);
#9693=AXIS2_PLACEMENT_3D('',#14564,#11771,#11772);
#9694=AXIS2_PLACEMENT_3D('',#14570,#11776,#11777);
#9695=AXIS2_PLACEMENT_3D('',#14572,#11778,#11779);
#9696=AXIS2_PLACEMENT_3D('',#14574,#11780,#11781);
#9697=AXIS2_PLACEMENT_3D('',#14576,#11783,#11784);
#9698=AXIS2_PLACEMENT_3D('',#14582,#11788,#11789);
#9699=AXIS2_PLACEMENT_3D('',#14584,#11790,#11791);
#9700=AXIS2_PLACEMENT_3D('',#14586,#11792,#11793);
#9701=AXIS2_PLACEMENT_3D('',#14588,#11795,#11796);
#9702=AXIS2_PLACEMENT_3D('',#14594,#11800,#11801);
#9703=AXIS2_PLACEMENT_3D('',#14596,#11802,#11803);
#9704=AXIS2_PLACEMENT_3D('',#14598,#11804,#11805);
#9705=AXIS2_PLACEMENT_3D('',#14600,#11807,#11808);
#9706=AXIS2_PLACEMENT_3D('',#14602,#11809,#11810);
#9707=AXIS2_PLACEMENT_3D('',#14604,#11811,#11812);
#9708=AXIS2_PLACEMENT_3D('',#14606,#11814,#11815);
#9709=AXIS2_PLACEMENT_3D('',#14608,#11816,#11817);
#9710=AXIS2_PLACEMENT_3D('',#14610,#11818,#11819);
#9711=AXIS2_PLACEMENT_3D('',#14612,#11821,#11822);
#9712=AXIS2_PLACEMENT_3D('',#14618,#11826,#11827);
#9713=AXIS2_PLACEMENT_3D('',#14624,#11831,#11832);
#9714=AXIS2_PLACEMENT_3D('',#14630,#11836,#11837);
#9715=AXIS2_PLACEMENT_3D('',#14636,#11841,#11842);
#9716=AXIS2_PLACEMENT_3D('',#14642,#11846,#11847);
#9717=AXIS2_PLACEMENT_3D('',#14644,#11848,#11849);
#9718=AXIS2_PLACEMENT_3D('',#14646,#11850,#11851);
#9719=AXIS2_PLACEMENT_3D('',#14648,#11853,#11854);
#9720=AXIS2_PLACEMENT_3D('',#14650,#11855,#11856);
#9721=AXIS2_PLACEMENT_3D('',#14652,#11857,#11858);
#9722=AXIS2_PLACEMENT_3D('',#14654,#11860,#11861);
#9723=AXIS2_PLACEMENT_3D('',#14656,#11862,#11863);
#9724=AXIS2_PLACEMENT_3D('',#14658,#11864,#11865);
#9725=AXIS2_PLACEMENT_3D('',#14660,#11867,#11868);
#9726=AXIS2_PLACEMENT_3D('',#14666,#11872,#11873);
#9727=AXIS2_PLACEMENT_3D('',#14668,#11874,#11875);
#9728=AXIS2_PLACEMENT_3D('',#14670,#11876,#11877);
#9729=AXIS2_PLACEMENT_3D('',#14672,#11879,#11880);
#9730=AXIS2_PLACEMENT_3D('',#14678,#11884,#11885);
#9731=AXIS2_PLACEMENT_3D('',#14680,#11886,#11887);
#9732=AXIS2_PLACEMENT_3D('',#14682,#11888,#11889);
#9733=AXIS2_PLACEMENT_3D('',#14684,#11891,#11892);
#9734=AXIS2_PLACEMENT_3D('',#14690,#11896,#11897);
#9735=AXIS2_PLACEMENT_3D('',#14692,#11898,#11899);
#9736=AXIS2_PLACEMENT_3D('',#14694,#11900,#11901);
#9737=AXIS2_PLACEMENT_3D('',#14696,#11903,#11904);
#9738=AXIS2_PLACEMENT_3D('',#14698,#11905,#11906);
#9739=AXIS2_PLACEMENT_3D('',#14700,#11907,#11908);
#9740=AXIS2_PLACEMENT_3D('',#14702,#11910,#11911);
#9741=AXIS2_PLACEMENT_3D('',#14704,#11912,#11913);
#9742=AXIS2_PLACEMENT_3D('',#14706,#11914,#11915);
#9743=AXIS2_PLACEMENT_3D('',#14708,#11917,#11918);
#9744=AXIS2_PLACEMENT_3D('',#14714,#11922,#11923);
#9745=AXIS2_PLACEMENT_3D('',#14720,#11927,#11928);
#9746=AXIS2_PLACEMENT_3D('',#14726,#11932,#11933);
#9747=AXIS2_PLACEMENT_3D('',#14732,#11937,#11938);
#9748=AXIS2_PLACEMENT_3D('',#14738,#11942,#11943);
#9749=AXIS2_PLACEMENT_3D('',#14744,#11947,#11948);
#9750=AXIS2_PLACEMENT_3D('',#14750,#11952,#11953);
#9751=AXIS2_PLACEMENT_3D('',#14756,#11957,#11958);
#9752=AXIS2_PLACEMENT_3D('',#14762,#11962,#11963);
#9753=AXIS2_PLACEMENT_3D('',#14768,#11967,#11968);
#9754=AXIS2_PLACEMENT_3D('',#14771,#11971,#11972);
#9755=AXIS2_PLACEMENT_3D('',#14773,#11973,#11974);
#9756=AXIS2_PLACEMENT_3D('',#14776,#11976,#11977);
#9757=AXIS2_PLACEMENT_3D('',#14777,#11978,#11979);
#9758=AXIS2_PLACEMENT_3D('',#14779,#11980,#11981);
#9759=AXIS2_PLACEMENT_3D('',#14780,#11982,#11983);
#9760=AXIS2_PLACEMENT_3D('',#14782,#11984,#11985);
#9761=AXIS2_PLACEMENT_3D('',#14783,#11986,#11987);
#9762=AXIS2_PLACEMENT_3D('',#14785,#11989,#11990);
#9763=AXIS2_PLACEMENT_3D('',#14794,#11995,#11996);
#9764=AXIS2_PLACEMENT_3D('',#14800,#12000,#12001);
#9765=AXIS2_PLACEMENT_3D('',#14806,#12005,#12006);
#9766=AXIS2_PLACEMENT_3D('',#14812,#12010,#12011);
#9767=AXIS2_PLACEMENT_3D('',#14818,#12015,#12016);
#9768=AXIS2_PLACEMENT_3D('',#14824,#12020,#12021);
#9769=AXIS2_PLACEMENT_3D('',#14830,#12025,#12026);
#9770=AXIS2_PLACEMENT_3D('',#14836,#12030,#12031);
#9771=AXIS2_PLACEMENT_3D('',#14842,#12035,#12036);
#9772=AXIS2_PLACEMENT_3D('',#14848,#12040,#12041);
#9773=AXIS2_PLACEMENT_3D('',#14850,#12042,#12043);
#9774=AXIS2_PLACEMENT_3D('',#14853,#12045,#12046);
#9775=AXIS2_PLACEMENT_3D('',#14854,#12047,#12048);
#9776=AXIS2_PLACEMENT_3D('',#14856,#12049,#12050);
#9777=AXIS2_PLACEMENT_3D('',#14859,#12052,#12053);
#9778=AXIS2_PLACEMENT_3D('',#14860,#12054,#12055);
#9779=AXIS2_PLACEMENT_3D('',#14862,#12056,#12057);
#9780=AXIS2_PLACEMENT_3D('',#14865,#12059,#12060);
#9781=AXIS2_PLACEMENT_3D('',#14866,#12061,#12062);
#9782=AXIS2_PLACEMENT_3D('',#14872,#12066,#12067);
#9783=AXIS2_PLACEMENT_3D('',#14874,#12068,#12069);
#9784=AXIS2_PLACEMENT_3D('',#14877,#12071,#12072);
#9785=AXIS2_PLACEMENT_3D('',#14878,#12073,#12074);
#9786=AXIS2_PLACEMENT_3D('',#14884,#12078,#12079);
#9787=AXIS2_PLACEMENT_3D('',#14886,#12080,#12081);
#9788=AXIS2_PLACEMENT_3D('',#14889,#12083,#12084);
#9789=AXIS2_PLACEMENT_3D('',#14890,#12085,#12086);
#9790=AXIS2_PLACEMENT_3D('',#14896,#12090,#12091);
#9791=AXIS2_PLACEMENT_3D('',#14898,#12092,#12093);
#9792=AXIS2_PLACEMENT_3D('',#14901,#12095,#12096);
#9793=AXIS2_PLACEMENT_3D('',#14902,#12097,#12098);
#9794=AXIS2_PLACEMENT_3D('',#14904,#12099,#12100);
#9795=AXIS2_PLACEMENT_3D('',#14907,#12102,#12103);
#9796=AXIS2_PLACEMENT_3D('',#14908,#12104,#12105);
#9797=AXIS2_PLACEMENT_3D('',#14910,#12106,#12107);
#9798=AXIS2_PLACEMENT_3D('',#14913,#12109,#12110);
#9799=AXIS2_PLACEMENT_3D('',#14914,#12111,#12112);
#9800=AXIS2_PLACEMENT_3D('',#14920,#12116,#12117);
#9801=AXIS2_PLACEMENT_3D('',#14926,#12121,#12122);
#9802=AXIS2_PLACEMENT_3D('',#14932,#12126,#12127);
#9803=AXIS2_PLACEMENT_3D('',#14938,#12131,#12132);
#9804=AXIS2_PLACEMENT_3D('',#14944,#12136,#12137);
#9805=AXIS2_PLACEMENT_3D('',#14946,#12138,#12139);
#9806=AXIS2_PLACEMENT_3D('',#14949,#12141,#12142);
#9807=AXIS2_PLACEMENT_3D('',#14950,#12143,#12144);
#9808=AXIS2_PLACEMENT_3D('',#14952,#12145,#12146);
#9809=AXIS2_PLACEMENT_3D('',#14955,#12148,#12149);
#9810=AXIS2_PLACEMENT_3D('',#14956,#12150,#12151);
#9811=AXIS2_PLACEMENT_3D('',#14958,#12152,#12153);
#9812=AXIS2_PLACEMENT_3D('',#14961,#12155,#12156);
#9813=AXIS2_PLACEMENT_3D('',#14962,#12157,#12158);
#9814=AXIS2_PLACEMENT_3D('',#14968,#12162,#12163);
#9815=AXIS2_PLACEMENT_3D('',#14970,#12164,#12165);
#9816=AXIS2_PLACEMENT_3D('',#14973,#12167,#12168);
#9817=AXIS2_PLACEMENT_3D('',#14974,#12169,#12170);
#9818=AXIS2_PLACEMENT_3D('',#14980,#12174,#12175);
#9819=AXIS2_PLACEMENT_3D('',#14982,#12176,#12177);
#9820=AXIS2_PLACEMENT_3D('',#14985,#12179,#12180);
#9821=AXIS2_PLACEMENT_3D('',#14986,#12181,#12182);
#9822=AXIS2_PLACEMENT_3D('',#14992,#12186,#12187);
#9823=AXIS2_PLACEMENT_3D('',#14994,#12188,#12189);
#9824=AXIS2_PLACEMENT_3D('',#14997,#12191,#12192);
#9825=AXIS2_PLACEMENT_3D('',#14998,#12193,#12194);
#9826=AXIS2_PLACEMENT_3D('',#15000,#12195,#12196);
#9827=AXIS2_PLACEMENT_3D('',#15003,#12198,#12199);
#9828=AXIS2_PLACEMENT_3D('',#15004,#12200,#12201);
#9829=AXIS2_PLACEMENT_3D('',#15006,#12202,#12203);
#9830=AXIS2_PLACEMENT_3D('',#15009,#12205,#12206);
#9831=AXIS2_PLACEMENT_3D('',#15010,#12207,#12208);
#9832=AXIS2_PLACEMENT_3D('',#15013,#12211,#12212);
#9833=AXIS2_PLACEMENT_3D('',#15015,#12213,#12214);
#9834=AXIS2_PLACEMENT_3D('',#15018,#12216,#12217);
#9835=AXIS2_PLACEMENT_3D('',#15019,#12218,#12219);
#9836=AXIS2_PLACEMENT_3D('',#15021,#12220,#12221);
#9837=AXIS2_PLACEMENT_3D('',#15022,#12222,#12223);
#9838=AXIS2_PLACEMENT_3D('',#15024,#12224,#12225);
#9839=AXIS2_PLACEMENT_3D('',#15025,#12226,#12227);
#9840=AXIS2_PLACEMENT_3D('',#15027,#12229,#12230);
#9841=AXIS2_PLACEMENT_3D('',#15028,#12231,#12232);
#9842=AXIS2_PLACEMENT_3D('',#15037,#12237,#12238);
#9843=AXIS2_PLACEMENT_3D('',#15043,#12242,#12243);
#9844=AXIS2_PLACEMENT_3D('',#15045,#12244,#12245);
#9845=AXIS2_PLACEMENT_3D('',#15048,#12247,#12248);
#9846=AXIS2_PLACEMENT_3D('',#15049,#12249,#12250);
#9847=AXIS2_PLACEMENT_3D('',#15058,#12255,#12256);
#9848=AXIS2_PLACEMENT_3D('',#15061,#12259,#12260);
#9849=AXIS2_PLACEMENT_3D('',#15067,#12264,#12265);
#9850=AXIS2_PLACEMENT_3D('',#15073,#12269,#12270);
#9851=AXIS2_PLACEMENT_3D('',#15079,#12274,#12275);
#9852=AXIS2_PLACEMENT_3D('',#15085,#12279,#12280);
#9853=AXIS2_PLACEMENT_3D('',#15091,#12284,#12285);
#9854=AXIS2_PLACEMENT_3D('',#15097,#12289,#12290);
#9855=AXIS2_PLACEMENT_3D('',#15103,#12294,#12295);
#9856=AXIS2_PLACEMENT_3D('',#15109,#12299,#12300);
#9857=AXIS2_PLACEMENT_3D('',#15115,#12304,#12305);
#9858=AXIS2_PLACEMENT_3D('',#15121,#12309,#12310);
#9859=AXIS2_PLACEMENT_3D('',#15127,#12314,#12315);
#9860=AXIS2_PLACEMENT_3D('',#15133,#12319,#12320);
#9861=AXIS2_PLACEMENT_3D('',#15135,#12321,#12322);
#9862=AXIS2_PLACEMENT_3D('',#15137,#12323,#12324);
#9863=AXIS2_PLACEMENT_3D('',#15139,#12326,#12327);
#9864=AXIS2_PLACEMENT_3D('',#15145,#12331,#12332);
#9865=AXIS2_PLACEMENT_3D('',#15151,#12336,#12337);
#9866=AXIS2_PLACEMENT_3D('',#15157,#12341,#12342);
#9867=AXIS2_PLACEMENT_3D('',#15163,#12346,#12347);
#9868=AXIS2_PLACEMENT_3D('',#15169,#12351,#12352);
#9869=AXIS2_PLACEMENT_3D('',#15175,#12356,#12357);
#9870=AXIS2_PLACEMENT_3D('',#15181,#12361,#12362);
#9871=AXIS2_PLACEMENT_3D('',#15187,#12366,#12367);
#9872=AXIS2_PLACEMENT_3D('',#15193,#12371,#12372);
#9873=AXIS2_PLACEMENT_3D('',#15199,#12376,#12377);
#9874=AXIS2_PLACEMENT_3D('',#15205,#12381,#12382);
#9875=AXIS2_PLACEMENT_3D('',#15211,#12386,#12387);
#9876=AXIS2_PLACEMENT_3D('',#15217,#12391,#12392);
#9877=AXIS2_PLACEMENT_3D('',#15223,#12396,#12397);
#9878=AXIS2_PLACEMENT_3D('',#15225,#12398,#12399);
#9879=AXIS2_PLACEMENT_3D('',#15227,#12400,#12401);
#9880=AXIS2_PLACEMENT_3D('',#15229,#12403,#12404);
#9881=AXIS2_PLACEMENT_3D('',#15235,#12408,#12409);
#9882=AXIS2_PLACEMENT_3D('',#15241,#12413,#12414);
#9883=AXIS2_PLACEMENT_3D('',#15247,#12418,#12419);
#9884=AXIS2_PLACEMENT_3D('',#15253,#12423,#12424);
#9885=AXIS2_PLACEMENT_3D('',#15259,#12428,#12429);
#9886=AXIS2_PLACEMENT_3D('',#15265,#12433,#12434);
#9887=AXIS2_PLACEMENT_3D('',#15271,#12438,#12439);
#9888=AXIS2_PLACEMENT_3D('',#15277,#12443,#12444);
#9889=AXIS2_PLACEMENT_3D('',#15283,#12448,#12449);
#9890=AXIS2_PLACEMENT_3D('',#15289,#12453,#12454);
#9891=AXIS2_PLACEMENT_3D('',#15295,#12458,#12459);
#9892=AXIS2_PLACEMENT_3D('',#15301,#12463,#12464);
#9893=AXIS2_PLACEMENT_3D('',#15307,#12468,#12469);
#9894=AXIS2_PLACEMENT_3D('',#15313,#12473,#12474);
#9895=AXIS2_PLACEMENT_3D('',#15315,#12475,#12476);
#9896=AXIS2_PLACEMENT_3D('',#15317,#12477,#12478);
#9897=AXIS2_PLACEMENT_3D('',#15319,#12480,#12481);
#9898=AXIS2_PLACEMENT_3D('',#15325,#12485,#12486);
#9899=AXIS2_PLACEMENT_3D('',#15331,#12490,#12491);
#9900=AXIS2_PLACEMENT_3D('',#15337,#12495,#12496);
#9901=AXIS2_PLACEMENT_3D('',#15343,#12500,#12501);
#9902=AXIS2_PLACEMENT_3D('',#15349,#12505,#12506);
#9903=AXIS2_PLACEMENT_3D('',#15355,#12510,#12511);
#9904=AXIS2_PLACEMENT_3D('',#15361,#12515,#12516);
#9905=AXIS2_PLACEMENT_3D('',#15367,#12520,#12521);
#9906=AXIS2_PLACEMENT_3D('',#15373,#12525,#12526);
#9907=AXIS2_PLACEMENT_3D('',#15379,#12530,#12531);
#9908=AXIS2_PLACEMENT_3D('',#15385,#12535,#12536);
#9909=AXIS2_PLACEMENT_3D('',#15388,#12539,#12540);
#9910=AXIS2_PLACEMENT_3D('',#15390,#12541,#12542);
#9911=AXIS2_PLACEMENT_3D('',#15391,#12543,#12544);
#9912=AXIS2_PLACEMENT_3D('',#15393,#12545,#12546);
#9913=AXIS2_PLACEMENT_3D('',#15394,#12547,#12548);
#9914=AXIS2_PLACEMENT_3D('',#15396,#12550,#12551);
#9915=AXIS2_PLACEMENT_3D('',#15397,#12552,#12553);
#9916=AXIS2_PLACEMENT_3D('',#15398,#12554,#12555);
#9917=AXIS2_PLACEMENT_3D('',#15399,#12556,#12557);
#9918=AXIS2_PLACEMENT_3D('',#15400,#12558,#12559);
#9919=AXIS2_PLACEMENT_3D('',#15401,#12560,#12561);
#9920=AXIS2_PLACEMENT_3D('',#15402,#12562,#12563);
#9921=AXIS2_PLACEMENT_3D('',#15403,#12564,#12565);
#9922=AXIS2_PLACEMENT_3D('',#15404,#12566,#12567);
#9923=DIRECTION('axis',(0.,0.,1.));
#9924=DIRECTION('refdir',(1.,0.,0.));
#9925=DIRECTION('axis',(0.,0.,1.));
#9926=DIRECTION('refdir',(1.,0.,0.));
#9927=DIRECTION('center_axis',(-1.69406587095111E-21,-7.88860905221012E-31,
1.));
#9928=DIRECTION('ref_axis',(1.,5.55111512312578E-17,1.69406587095111E-21));
#9929=DIRECTION('center_axis',(-1.69406587095111E-21,-7.88860905221012E-31,
1.));
#9930=DIRECTION('ref_axis',(1.,6.10622663543836E-16,1.69406587095111E-21));
#9931=DIRECTION('',(-1.,-5.55111512312578E-17,-1.69406587095111E-21));
#9932=DIRECTION('center_axis',(-1.69406587095111E-21,-7.88860905221012E-31,
1.));
#9933=DIRECTION('ref_axis',(-1.16573417585641E-15,1.,7.8885893039053E-31));
#9934=DIRECTION('',(5.55111512312578E-17,-1.,-7.88860811181465E-31));
#9935=DIRECTION('center_axis',(1.69406587095111E-21,7.88860905221012E-31,
-1.));
#9936=DIRECTION('ref_axis',(5.55111512312578E-17,-1.,-7.88860811181465E-31));
#9937=DIRECTION('',(-1.,2.52884133386841E-16,-1.69406587095111E-21));
#9938=DIRECTION('center_axis',(-1.69406587095111E-21,-7.88860905221012E-31,
1.));
#9939=DIRECTION('ref_axis',(-5.55111512312578E-17,1.,7.88860811181465E-31));
#9940=DIRECTION('center_axis',(-1.69406587095111E-21,-7.88860905221012E-31,
1.));
#9941=DIRECTION('ref_axis',(-0.899519611719295,-0.436880381949532,-1.52384547480949E-21));
#9942=DIRECTION('',(1.,5.55111512312578E-17,1.69406587095111E-21));
#9943=DIRECTION('center_axis',(-1.69406587095111E-21,-7.88860905221012E-31,
1.));
#9944=DIRECTION('ref_axis',(0.502424793404665,-0.864620915183226,8.51140694544438E-22));
#9945=DIRECTION('center_axis',(-1.69406587095111E-21,-7.88860905221012E-31,
1.));
#9946=DIRECTION('ref_axis',(0.899519611719295,-0.436880381949532,1.52384547412021E-21));
#9947=DIRECTION('',(-1.,-3.63906435849357E-16,-1.69406587095111E-21));
#9948=DIRECTION('center_axis',(1.69406587095111E-21,7.88860905221012E-31,
-1.));
#9949=DIRECTION('ref_axis',(-1.,4.99600361081321E-16,-1.69406587095111E-21));
#9950=DIRECTION('',(-5.55111512312578E-17,1.,7.88860811181465E-31));
#9951=DIRECTION('center_axis',(-1.69406587095111E-21,-7.88860905221012E-31,
1.));
#9952=DIRECTION('ref_axis',(1.,5.55111512312578E-17,1.69406587095111E-21));
#9953=DIRECTION('center_axis',(1.69406587095111E-21,7.88860905221012E-31,
-1.));
#9954=DIRECTION('ref_axis',(1.,6.10622663543836E-16,1.69406587095111E-21));
#9955=DIRECTION('',(5.55111512312578E-17,-1.,-7.88860811181465E-31));
#9956=DIRECTION('center_axis',(-1.69406587095111E-21,-7.88860905221012E-31,
1.));
#9957=DIRECTION('ref_axis',(-1.,4.99600361081321E-16,-1.69406587095111E-21));
#9958=DIRECTION('',(1.,3.63906435849357E-16,1.69406587095111E-21));
#9959=DIRECTION('center_axis',(1.69406587095111E-21,7.88860905221012E-31,
-1.));
#9960=DIRECTION('ref_axis',(0.899519611719295,-0.436880381949532,1.52384547412021E-21));
#9961=DIRECTION('center_axis',(1.69406587095111E-21,7.88860905221012E-31,
-1.));
#9962=DIRECTION('ref_axis',(0.502424793404665,-0.864620915183226,8.51140694544438E-22));
#9963=DIRECTION('',(-1.,-5.55111512312578E-17,-1.69406587095111E-21));
#9964=DIRECTION('center_axis',(1.69406587095111E-21,7.88860905221012E-31,
-1.));
#9965=DIRECTION('ref_axis',(-0.899519611719295,-0.436880381949532,-1.52384547480949E-21));
#9966=DIRECTION('center_axis',(1.69406587095111E-21,7.88860905221012E-31,
-1.));
#9967=DIRECTION('ref_axis',(-5.55111512312578E-17,1.,7.88860811181465E-31));
#9968=DIRECTION('',(1.,-2.52884133386841E-16,1.69406587095111E-21));
#9969=DIRECTION('center_axis',(-1.69406587095111E-21,-7.88860905221012E-31,
1.));
#9970=DIRECTION('ref_axis',(5.55111512312578E-17,-1.,-7.88860811181465E-31));
#9971=DIRECTION('',(-5.55111512312578E-17,1.,7.88860811181465E-31));
#9972=DIRECTION('center_axis',(1.69406587095111E-21,7.88860905221012E-31,
-1.));
#9973=DIRECTION('ref_axis',(-1.16573417585641E-15,1.,7.8885893039053E-31));
#9974=DIRECTION('',(1.,5.55111512312578E-17,1.69406587095111E-21));
#9975=DIRECTION('center_axis',(5.55111512312578E-17,-1.,-7.88860811181465E-31));
#9976=DIRECTION('ref_axis',(5.69497951019794E-15,1.10499568003098E-30,-1.));
#9977=DIRECTION('center_axis',(-5.55111512312578E-17,1.,7.88860811181465E-31));
#9978=DIRECTION('ref_axis',(5.69497951019794E-15,1.10499568003098E-30,-1.));
#9979=DIRECTION('center_axis',(-5.55111512312578E-17,1.,7.88860811181465E-31));
#9980=DIRECTION('ref_axis',(5.69497951019794E-15,1.10499568003098E-30,-1.));
#9981=DIRECTION('center_axis',(5.55111512312578E-17,-1.,-7.88860811181465E-31));
#9982=DIRECTION('ref_axis',(5.69497951019794E-15,1.10499568003098E-30,-1.));
#9983=DIRECTION('center_axis',(5.55111512312578E-17,-1.,-7.88860811181465E-31));
#9984=DIRECTION('ref_axis',(-5.69497951019794E-15,-1.10499568003098E-30,
1.));
#9985=DIRECTION('center_axis',(-5.55111512312578E-17,1.,7.88860811181465E-31));
#9986=DIRECTION('ref_axis',(-5.69497951019794E-15,-1.10499568003098E-30,
1.));
#9987=DIRECTION('center_axis',(5.55111512312578E-17,-1.,-7.88860811181465E-31));
#9988=DIRECTION('ref_axis',(-5.69497951019794E-15,-1.10499568003098E-30,
1.));
#9989=DIRECTION('center_axis',(1.69406587095111E-21,7.88860905221012E-31,
-1.));
#9990=DIRECTION('ref_axis',(-0.899519611719295,-0.436880381949532,-1.52384547480949E-21));
#9991=DIRECTION('',(-1.69406587095111E-21,-7.88860905221012E-31,1.));
#9992=DIRECTION('',(-1.69406587095111E-21,-7.88860905221012E-31,1.));
#9993=DIRECTION('',(1.69406587095111E-21,7.88860905221012E-31,-1.));
#9994=DIRECTION('center_axis',(5.55111512312578E-17,-1.,-7.88860811181465E-31));
#9995=DIRECTION('ref_axis',(-1.,-5.55111512312578E-17,-1.69406587095111E-21));
#9996=DIRECTION('',(-1.69406587095111E-21,-7.88860905221012E-31,1.));
#9997=DIRECTION('center_axis',(5.55111512312578E-17,-1.,-7.88860811181465E-31));
#9998=DIRECTION('ref_axis',(-5.69497951019794E-15,-1.10499568003098E-30,
1.));
#9999=DIRECTION('center_axis',(5.55111512312578E-17,-1.,-7.88860811181465E-31));
#10000=DIRECTION('ref_axis',(-5.69497951019794E-15,-1.10499568003098E-30,
1.));
#10001=DIRECTION('',(5.55111512312571E-17,-1.,1.22464679914735E-16));
#10002=DIRECTION('center_axis',(1.69406587095111E-21,7.88860905221012E-31,
-1.));
#10003=DIRECTION('ref_axis',(0.502424793404665,-0.864620915183226,8.51140694544438E-22));
#10004=DIRECTION('',(-1.69406587095111E-21,-7.88860905221012E-31,1.));
#10005=DIRECTION('',(-1.69406587095111E-21,-7.88860905221012E-31,1.));
#10006=DIRECTION('center_axis',(5.55111512312578E-17,-1.,-7.88860811181465E-31));
#10007=DIRECTION('ref_axis',(-1.,-5.55111512312578E-17,-1.69406587095111E-21));
#10008=DIRECTION('center_axis',(-5.55111512312578E-17,1.,7.88860811181465E-31));
#10009=DIRECTION('ref_axis',(-5.69497951019794E-15,-1.10499568003098E-30,
1.));
#10010=DIRECTION('',(4.07430192453586E-15,0.707106781186548,-0.707106781186548));
#10011=DIRECTION('center_axis',(-5.55111512312578E-17,1.,7.88860811181465E-31));
#10012=DIRECTION('ref_axis',(-5.69497951019794E-15,-1.10499568003098E-30,
1.));
#10013=DIRECTION('center_axis',(-5.55111512312578E-17,1.,7.88860811181465E-31));
#10014=DIRECTION('ref_axis',(-5.69497951019794E-15,-1.10499568003098E-30,
1.));
#10015=DIRECTION('center_axis',(-5.55111512312578E-17,1.,7.88860811181465E-31));
#10016=DIRECTION('ref_axis',(-5.69497951019794E-15,-1.10499568003098E-30,
1.));
#10017=DIRECTION('center_axis',(1.69406587095111E-21,7.88860905221012E-31,
-1.));
#10018=DIRECTION('ref_axis',(-1.16573417585641E-15,1.,7.8885893039053E-31));
#10019=DIRECTION('',(1.69406587095111E-21,7.88860905221012E-31,-1.));
#10020=DIRECTION('',(-1.69406587095111E-21,-7.88860905221012E-31,1.));
#10021=DIRECTION('',(-1.69406587095111E-21,-7.88860905221012E-31,1.));
#10022=DIRECTION('center_axis',(-5.55111512312578E-17,1.,7.88860811181465E-31));
#10023=DIRECTION('ref_axis',(1.,5.55111512312578E-17,1.69406587095111E-21));
#10024=DIRECTION('',(1.69406587095111E-21,7.88860905221012E-31,-1.));
#10025=DIRECTION('center_axis',(-5.55111512312578E-17,1.,7.88860811181465E-31));
#10026=DIRECTION('ref_axis',(1.,5.55111512312578E-17,1.69406587095111E-21));
#10027=DIRECTION('',(-1.69406587095111E-21,-7.88860905221012E-31,1.));
#10028=DIRECTION('center_axis',(1.69406587095111E-21,7.88860905221012E-31,
-1.));
#10029=DIRECTION('ref_axis',(1.,6.10622663543836E-16,1.69406587095111E-21));
#10030=DIRECTION('',(-1.69406587095111E-21,-7.88860905221012E-31,1.));
#10031=DIRECTION('center_axis',(-1.,-5.55111512312578E-17,-1.69406587095111E-21));
#10032=DIRECTION('ref_axis',(-5.55111512312578E-17,1.,7.88860811181465E-31));
#10033=DIRECTION('',(-1.69406587095111E-21,-7.88860905221012E-31,1.));
#10034=DIRECTION('center_axis',(1.69406587095111E-21,7.88860905221012E-31,
-1.));
#10035=DIRECTION('ref_axis',(5.55111512312578E-17,-1.,-7.88860811181465E-31));
#10036=DIRECTION('',(1.69406587095111E-21,7.88860905221012E-31,-1.));
#10037=DIRECTION('center_axis',(1.,5.55111512312578E-17,1.69406587095111E-21));
#10038=DIRECTION('ref_axis',(5.55111512312578E-17,-1.,-7.88860811181465E-31));
#10039=DIRECTION('',(-1.69406587095111E-21,-7.88860905221012E-31,1.));
#10040=DIRECTION('center_axis',(1.69406587095111E-21,7.88860905221012E-31,
-1.));
#10041=DIRECTION('ref_axis',(-5.55111512312578E-17,1.,7.88860811181465E-31));
#10042=DIRECTION('',(-1.69406587095111E-21,-7.88860905221012E-31,1.));
#10043=DIRECTION('center_axis',(1.69406587095111E-21,7.88860905221012E-31,
-1.));
#10044=DIRECTION('ref_axis',(0.899519611719295,-0.436880381949532,1.52384547412021E-21));
#10045=DIRECTION('',(-1.69406587095111E-21,-7.88860905221012E-31,1.));
#10046=DIRECTION('center_axis',(-3.63906435849357E-16,1.,7.88860288739538E-31));
#10047=DIRECTION('ref_axis',(1.,3.63906435849357E-16,1.69406587095111E-21));
#10048=DIRECTION('',(-1.69406587095111E-21,-7.88860905221012E-31,1.));
#10049=DIRECTION('center_axis',(1.69406587095111E-21,7.88860905221012E-31,
-1.));
#10050=DIRECTION('ref_axis',(-1.,4.99600361081321E-16,-1.69406587095111E-21));
#10051=DIRECTION('center_axis',(2.52884133386841E-16,1.,7.88861333623391E-31));
#10052=DIRECTION('ref_axis',(1.,-2.52884133386841E-16,1.69406587095111E-21));
#10053=DIRECTION('axis',(0.,0.,1.));
#10054=DIRECTION('refdir',(1.,0.,0.));
#10055=DIRECTION('axis',(0.,0.,1.));
#10056=DIRECTION('refdir',(1.,0.,0.));
#10057=DIRECTION('center_axis',(0.,0.,1.));
#10058=DIRECTION('ref_axis',(1.,0.,0.));
#10059=DIRECTION('',(-0.707106781186549,-8.65956056235495E-17,0.707106781186546));
#10060=DIRECTION('center_axis',(0.,0.,1.));
#10061=DIRECTION('ref_axis',(1.,0.,0.));
#10062=DIRECTION('center_axis',(0.,1.17850097379249E-56,-1.));
#10063=DIRECTION('ref_axis',(0.,1.,1.17850097379249E-56));
#10064=DIRECTION('center_axis',(0.,1.17850097379249E-56,-1.));
#10065=DIRECTION('ref_axis',(0.,1.,1.17850097379249E-56));
#10066=DIRECTION('',(8.65956056235496E-17,0.70710678118655,0.707106781186545));
#10067=DIRECTION('center_axis',(0.,1.17850097379249E-56,-1.));
#10068=DIRECTION('ref_axis',(0.,1.,1.17850097379249E-56));
#10069=DIRECTION('center_axis',(0.,1.17850097379249E-56,-1.));
#10070=DIRECTION('ref_axis',(0.,1.,1.17850097379249E-56));
#10071=DIRECTION('center_axis',(0.,1.17850097379249E-56,-1.));
#10072=DIRECTION('ref_axis',(0.,1.,1.17850097379249E-56));
#10073=DIRECTION('center_axis',(0.,1.17850097379249E-56,-1.));
#10074=DIRECTION('ref_axis',(0.,1.,1.17850097379249E-56));
#10075=DIRECTION('',(0.,-1.17850097379249E-56,1.));
#10076=DIRECTION('center_axis',(0.,-1.17850097379249E-56,1.));
#10077=DIRECTION('ref_axis',(0.,-1.,-1.17850097379249E-56));
#10078=DIRECTION('',(8.65956056235491E-17,-0.707106781186545,-0.70710678118655));
#10079=DIRECTION('center_axis',(0.,1.17850097379249E-56,-1.));
#10080=DIRECTION('ref_axis',(0.,1.,1.17850097379249E-56));
#10081=DIRECTION('center_axis',(0.,1.17850097379249E-56,-1.));
#10082=DIRECTION('ref_axis',(0.,1.,0.));
#10083=DIRECTION('center_axis',(0.,1.17850097379249E-56,-1.));
#10084=DIRECTION('ref_axis',(0.,1.,1.17850097379249E-56));
#10085=DIRECTION('center_axis',(1.,-1.22464679914735E-16,-1.44324744534701E-72));
#10086=DIRECTION('ref_axis',(-1.22464679914735E-16,-1.,0.));
#10087=DIRECTION('center_axis',(0.,1.17850097379249E-56,-1.));
#10088=DIRECTION('ref_axis',(0.,1.,1.17850097379249E-56));
#10089=DIRECTION('center_axis',(0.,1.17850097379249E-56,-1.));
#10090=DIRECTION('ref_axis',(0.,1.,1.17850097379249E-56));
#10091=DIRECTION('center_axis',(0.,1.17850097379249E-56,-1.));
#10092=DIRECTION('ref_axis',(0.,1.,1.17850097379249E-56));
#10093=DIRECTION('center_axis',(0.,1.17850097379249E-56,-1.));
#10094=DIRECTION('ref_axis',(0.,1.,1.17850097379249E-56));
#10095=DIRECTION('',(0.,-1.17850097379249E-56,1.));
#10096=DIRECTION('center_axis',(0.,-1.17850097379249E-56,1.));
#10097=DIRECTION('ref_axis',(0.,-1.,-1.17850097379249E-56));
#10098=DIRECTION('',(8.65956056235492E-17,-0.707106781186546,-0.707106781186549));
#10099=DIRECTION('center_axis',(0.,1.17850097379249E-56,-1.));
#10100=DIRECTION('ref_axis',(0.,1.,1.17850097379249E-56));
#10101=DIRECTION('center_axis',(0.,1.17850097379249E-56,-1.));
#10102=DIRECTION('ref_axis',(0.,1.,1.17850097379249E-56));
#10103=DIRECTION('center_axis',(0.,1.17850097379249E-56,-1.));
#10104=DIRECTION('ref_axis',(0.,1.,1.17850097379249E-56));
#10105=DIRECTION('center_axis',(0.,-1.17850097379249E-56,1.));
#10106=DIRECTION('ref_axis',(0.,-1.,-1.17850097379249E-56));
#10107=DIRECTION('center_axis',(0.,1.17850097379249E-56,-1.));
#10108=DIRECTION('ref_axis',(0.,1.,1.17850097379249E-56));
#10109=DIRECTION('',(0.866025403784438,0.5,5.89250486896246E-57));
#10110=DIRECTION('',(0.,1.,1.17850097379249E-56));
#10111=DIRECTION('',(-0.866025403784439,0.5,5.89250486896245E-57));
#10112=DIRECTION('',(-0.866025403784438,-0.5,-5.89250486896246E-57));
#10113=DIRECTION('',(0.,-1.,-1.17850097379249E-56));
#10114=DIRECTION('',(0.866025403784439,-0.5,-5.89250486896245E-57));
#10115=DIRECTION('center_axis',(0.5,-0.866025403784438,0.));
#10116=DIRECTION('ref_axis',(0.866025403784438,0.5,0.));
#10117=DIRECTION('',(0.,0.,1.));
#10118=DIRECTION('',(0.,0.,1.));
#10119=DIRECTION('center_axis',(-0.5,-0.866025403784439,0.));
#10120=DIRECTION('ref_axis',(0.866025403784439,-0.5,0.));
#10121=DIRECTION('',(0.,0.,1.));
#10122=DIRECTION('center_axis',(-1.,0.,0.));
#10123=DIRECTION('ref_axis',(0.,0.,1.));
#10124=DIRECTION('',(0.,0.,1.));
#10125=DIRECTION('center_axis',(-0.5,0.866025403784439,0.));
#10126=DIRECTION('ref_axis',(-0.866025403784439,-0.5,0.));
#10127=DIRECTION('',(0.,0.,1.));
#10128=DIRECTION('center_axis',(0.5,0.866025403784439,0.));
#10129=DIRECTION('ref_axis',(-0.866025403784439,0.5,0.));
#10130=DIRECTION('',(0.,0.,1.));
#10131=DIRECTION('center_axis',(1.,0.,0.));
#10132=DIRECTION('ref_axis',(0.,0.,-1.));
#10133=DIRECTION('center_axis',(1.,-7.17187362477198E-17,-1.66543033906152E-16));
#10134=DIRECTION('ref_axis',(7.17187362477529E-17,1.,1.98900674059021E-13));
#10135=DIRECTION('',(-7.17187362477529E-17,-1.,-1.9883944374133E-13));
#10136=DIRECTION('',(-1.68476513373326E-16,-0.707106781186407,-0.707106781186688));
#10137=DIRECTION('',(-1.66543033906137E-16,1.9883944374133E-13,-1.));
#10138=DIRECTION('center_axis',(-1.,7.17187362477198E-17,1.66543033906152E-16));
#10139=DIRECTION('ref_axis',(1.81300849608395E-16,0.379310344828062,0.925269507930752));
#10140=DIRECTION('center_axis',(1.,-7.17187362477198E-17,-1.66543033906152E-16));
#10141=DIRECTION('ref_axis',(-1.46525322090488E-16,-0.860662490600167,-0.50917588049113));
#10142=DIRECTION('center_axis',(-1.,7.17187362477198E-17,1.66543033906152E-16));
#10143=DIRECTION('ref_axis',(1.72159987108004E-16,0.0871557427474506,0.996194698091764));
#10144=DIRECTION('',(5.69306429689361E-17,0.996194698083978,-0.0871557428364432));
#10145=DIRECTION('center_axis',(1.,-7.17187362477198E-17,-1.66543033906152E-16));
#10146=DIRECTION('ref_axis',(-7.17187362477523E-17,-1.,-1.95286730062529E-13));
#10147=DIRECTION('',(-1.66543033906137E-16,1.9883944374133E-13,-1.));
#10148=DIRECTION('center_axis',(1.,-7.17187362477198E-17,-1.66543033906152E-16));
#10149=DIRECTION('ref_axis',(1.59658587654811E-16,-0.0871557427478565,0.996194698091728));
#10150=DIRECTION('',(-8.59610066208415E-17,-0.996194698093119,-0.087155742731958));
#10151=DIRECTION('center_axis',(-1.,7.17187362477198E-17,1.66543033906152E-16));
#10152=DIRECTION('ref_axis',(-2.80514440385373E-17,0.846215424453538,-0.532840928811704));
#10153=DIRECTION('center_axis',(1.,-7.17187362477198E-17,-1.66543033906152E-16));
#10154=DIRECTION('ref_axis',(1.26893532454832E-16,-0.379310344828435,0.925269507930599));
#10155=DIRECTION('center_axis',(-1.,7.17187362477198E-17,1.66543033906152E-16));
#10156=DIRECTION('ref_axis',(7.17187362477523E-17,1.,1.95286730062529E-13));
#10157=DIRECTION('',(-1.66543033906137E-16,1.9883944374133E-13,-1.));
#10158=DIRECTION('',(-6.70509038954953E-17,0.707106781186688,-0.707106781186407));
#10159=DIRECTION('',(7.17187362477529E-17,1.,1.9883944374133E-13));
#10160=DIRECTION('',(1.68476513373326E-16,0.707106781186407,0.707106781186688));
#10161=DIRECTION('',(1.66543033906137E-16,-1.9883944374133E-13,1.));
#10162=DIRECTION('center_axis',(-1.,7.17187362477198E-17,1.66543033906152E-16));
#10163=DIRECTION('ref_axis',(-1.81300849608395E-16,-0.379310344828062,-0.925269507930752));
#10164=DIRECTION('center_axis',(1.,-7.17187362477198E-17,-1.66543033906152E-16));
#10165=DIRECTION('ref_axis',(1.4943044570885E-16,0.846215424453323,0.532840928812045));
#10166=DIRECTION('center_axis',(-1.,7.17187362477198E-17,1.66543033906152E-16));
#10167=DIRECTION('ref_axis',(-1.72159987108005E-16,-0.0871557427474756,
-0.996194698091762));
#10168=DIRECTION('',(-5.69306429870615E-17,-0.996194698093154,0.0871557427315616));
#10169=DIRECTION('center_axis',(1.,-7.17187362477198E-17,-1.66543033906152E-16));
#10170=DIRECTION('ref_axis',(7.17187362477535E-17,1.,2.0239215742013E-13));
#10171=DIRECTION('',(1.66543033906137E-16,-1.9883944374133E-13,1.));
#10172=DIRECTION('center_axis',(1.,-7.17187362477198E-17,-1.66543033906152E-16));
#10173=DIRECTION('ref_axis',(-1.59658587654811E-16,0.0871557427478598,-0.996194698091728));
#10174=DIRECTION('',(8.59610066376508E-17,0.996194698083943,0.0871557428368396));
#10175=DIRECTION('center_axis',(-1.,7.17187362477198E-17,1.66543033906152E-16));
#10176=DIRECTION('ref_axis',(2.30740697670981E-17,-0.86066249060037,0.509175880490787));
#10177=DIRECTION('center_axis',(1.,-7.17187362477198E-17,-1.66543033906152E-16));
#10178=DIRECTION('ref_axis',(-1.26893532454832E-16,0.379310344828431,-0.925269507930601));
#10179=DIRECTION('center_axis',(-1.,7.17187362477198E-17,1.66543033906152E-16));
#10180=DIRECTION('ref_axis',(-7.17187362477529E-17,-1.,-1.9883944374133E-13));
#10181=DIRECTION('',(1.66543033906137E-16,-1.9883944374133E-13,1.));
#10182=DIRECTION('',(6.70509038954953E-17,-0.707106781186688,0.707106781186407));
#10183=DIRECTION('center_axis',(1.,-7.17187362477198E-17,-1.66543033906152E-16));
#10184=DIRECTION('ref_axis',(7.17187362477529E-17,1.,1.98900674059021E-13));
#10185=DIRECTION('',(-7.17187362477529E-17,-1.,-1.9883944374133E-13));
#10186=DIRECTION('',(6.70509038954953E-17,-0.707106781186688,0.707106781186407));
#10187=DIRECTION('',(1.66543033906137E-16,-1.9883944374133E-13,1.));
#10188=DIRECTION('center_axis',(-1.,7.17187362477198E-17,1.66543033906152E-16));
#10189=DIRECTION('ref_axis',(-7.17187362477529E-17,-1.,-1.9883944374133E-13));
#10190=DIRECTION('center_axis',(1.,-7.17187362477198E-17,-1.66543033906152E-16));
#10191=DIRECTION('ref_axis',(-1.26893532454832E-16,0.379310344828431,-0.925269507930601));
#10192=DIRECTION('center_axis',(-1.,7.17187362477198E-17,1.66543033906152E-16));
#10193=DIRECTION('ref_axis',(2.30740697670981E-17,-0.86066249060037,0.509175880490787));
#10194=DIRECTION('',(8.59610066376508E-17,0.996194698083943,0.0871557428368396));
#10195=DIRECTION('center_axis',(1.,-7.17187362477198E-17,-1.66543033906152E-16));
#10196=DIRECTION('ref_axis',(-1.59658587654811E-16,0.0871557427478598,-0.996194698091728));
#10197=DIRECTION('',(1.66543033906137E-16,-1.9883944374133E-13,1.));
#10198=DIRECTION('center_axis',(1.,-7.17187362477198E-17,-1.66543033906152E-16));
#10199=DIRECTION('ref_axis',(7.17187362477535E-17,1.,2.0239215742013E-13));
#10200=DIRECTION('',(-5.69306429870615E-17,-0.996194698093154,0.0871557427315616));
#10201=DIRECTION('center_axis',(-1.,7.17187362477198E-17,1.66543033906152E-16));
#10202=DIRECTION('ref_axis',(-1.72159987108005E-16,-0.0871557427474756,
-0.996194698091762));
#10203=DIRECTION('center_axis',(1.,-7.17187362477198E-17,-1.66543033906152E-16));
#10204=DIRECTION('ref_axis',(1.4943044570885E-16,0.846215424453323,0.532840928812045));
#10205=DIRECTION('center_axis',(-1.,7.17187362477198E-17,1.66543033906152E-16));
#10206=DIRECTION('ref_axis',(-1.81300849608395E-16,-0.379310344828062,-0.925269507930752));
#10207=DIRECTION('',(1.66543033906137E-16,-1.9883944374133E-13,1.));
#10208=DIRECTION('',(1.68476513373326E-16,0.707106781186407,0.707106781186688));
#10209=DIRECTION('',(7.17187362477529E-17,1.,1.9883944374133E-13));
#10210=DIRECTION('',(-6.70509038954953E-17,0.707106781186688,-0.707106781186407));
#10211=DIRECTION('',(-1.66543033906137E-16,1.9883944374133E-13,-1.));
#10212=DIRECTION('center_axis',(-1.,7.17187362477198E-17,1.66543033906152E-16));
#10213=DIRECTION('ref_axis',(7.17187362477523E-17,1.,1.95286730062529E-13));
#10214=DIRECTION('center_axis',(1.,-7.17187362477198E-17,-1.66543033906152E-16));
#10215=DIRECTION('ref_axis',(1.26893532454832E-16,-0.379310344828435,0.925269507930599));
#10216=DIRECTION('center_axis',(-1.,7.17187362477198E-17,1.66543033906152E-16));
#10217=DIRECTION('ref_axis',(-2.80514440385373E-17,0.846215424453538,-0.532840928811704));
#10218=DIRECTION('',(-8.59610066208415E-17,-0.996194698093119,-0.087155742731958));
#10219=DIRECTION('center_axis',(1.,-7.17187362477198E-17,-1.66543033906152E-16));
#10220=DIRECTION('ref_axis',(1.59658587654811E-16,-0.0871557427478565,0.996194698091728));
#10221=DIRECTION('',(-1.66543033906137E-16,1.9883944374133E-13,-1.));
#10222=DIRECTION('center_axis',(1.,-7.17187362477198E-17,-1.66543033906152E-16));
#10223=DIRECTION('ref_axis',(-7.17187362477523E-17,-1.,-1.95286730062529E-13));
#10224=DIRECTION('',(5.69306429689361E-17,0.996194698083978,-0.0871557428364432));
#10225=DIRECTION('center_axis',(-1.,7.17187362477198E-17,1.66543033906152E-16));
#10226=DIRECTION('ref_axis',(1.72159987108004E-16,0.0871557427474506,0.996194698091764));
#10227=DIRECTION('center_axis',(1.,-7.17187362477198E-17,-1.66543033906152E-16));
#10228=DIRECTION('ref_axis',(-1.46525322090488E-16,-0.860662490600167,-0.50917588049113));
#10229=DIRECTION('center_axis',(-1.,7.17187362477198E-17,1.66543033906152E-16));
#10230=DIRECTION('ref_axis',(1.81300849608395E-16,0.379310344828062,0.925269507930752));
#10231=DIRECTION('',(-1.66543033906137E-16,1.9883944374133E-13,-1.));
#10232=DIRECTION('',(-1.68476513373326E-16,-0.707106781186407,-0.707106781186688));
#10233=DIRECTION('center_axis',(1.66543033906137E-16,-1.98900674059021E-13,
1.));
#10234=DIRECTION('ref_axis',(1.,-7.17187362477198E-17,-1.66543033906152E-16));
#10235=DIRECTION('center_axis',(1.66543033906137E-16,-1.9883944374133E-13,
1.));
#10236=DIRECTION('ref_axis',(1.,-7.17187362477198E-17,-1.66543033906152E-16));
#10237=DIRECTION('',(1.66543033906137E-16,-1.98900674059021E-13,1.));
#10238=DIRECTION('center_axis',(1.66543033906137E-16,-1.98900674059021E-13,
1.));
#10239=DIRECTION('ref_axis',(1.,-7.17187362477198E-17,-1.66543033906152E-16));
#10240=DIRECTION('center_axis',(1.66543033906137E-16,-1.98900674059021E-13,
1.));
#10241=DIRECTION('ref_axis',(1.,-7.17187362477198E-17,-1.66543033906152E-16));
#10242=DIRECTION('center_axis',(1.66543033906137E-16,-1.9883944374133E-13,
1.));
#10243=DIRECTION('ref_axis',(1.,-7.17187362477198E-17,-1.66543033906152E-16));
#10244=DIRECTION('',(1.66543033906137E-16,-1.98900674059021E-13,1.));
#10245=DIRECTION('center_axis',(1.66543033906137E-16,-1.98900674059021E-13,
1.));
#10246=DIRECTION('ref_axis',(1.,-7.17187362477198E-17,-1.66543033906152E-16));
#10247=DIRECTION('center_axis',(1.66543033906137E-16,-1.98900674059021E-13,
1.));
#10248=DIRECTION('ref_axis',(1.,-7.17187362477198E-17,-1.66543033906152E-16));
#10249=DIRECTION('center_axis',(1.66543033906137E-16,-1.9883944374133E-13,
1.));
#10250=DIRECTION('ref_axis',(1.,-7.17187362477198E-17,-1.66543033906152E-16));
#10251=DIRECTION('',(1.66543033906137E-16,-1.98900674059021E-13,1.));
#10252=DIRECTION('center_axis',(1.66543033906137E-16,-1.98900674059021E-13,
1.));
#10253=DIRECTION('ref_axis',(1.,-7.17187362477198E-17,-1.66543033906152E-16));
#10254=DIRECTION('center_axis',(1.66543033906137E-16,-1.98900674059021E-13,
1.));
#10255=DIRECTION('ref_axis',(1.,-7.17187362477198E-17,-1.66543033906152E-16));
#10256=DIRECTION('center_axis',(1.66543033906137E-16,-1.9883944374133E-13,
1.));
#10257=DIRECTION('ref_axis',(1.,-7.17187362477198E-17,-1.66543033906152E-16));
#10258=DIRECTION('',(1.66543033906137E-16,-1.98900674059021E-13,1.));
#10259=DIRECTION('center_axis',(1.66543033906137E-16,-1.98900674059021E-13,
1.));
#10260=DIRECTION('ref_axis',(1.,-7.17187362477198E-17,-1.66543033906152E-16));
#10261=DIRECTION('center_axis',(1.66543033906137E-16,-1.98900674059021E-13,
1.));
#10262=DIRECTION('ref_axis',(1.,-7.17187362477198E-17,-1.66543033906152E-16));
#10263=DIRECTION('center_axis',(1.66543033906137E-16,-1.9883944374133E-13,
1.));
#10264=DIRECTION('ref_axis',(1.,-7.17187362477198E-17,-1.66543033906152E-16));
#10265=DIRECTION('',(1.66543033906137E-16,-1.98900674059021E-13,1.));
#10266=DIRECTION('center_axis',(1.66543033906137E-16,-1.98900674059021E-13,
1.));
#10267=DIRECTION('ref_axis',(1.,-7.17187362477198E-17,-1.66543033906152E-16));
#10268=DIRECTION('center_axis',(1.66543033906137E-16,-1.98900674059021E-13,
1.));
#10269=DIRECTION('ref_axis',(1.,-7.17187362477198E-17,-1.66543033906152E-16));
#10270=DIRECTION('center_axis',(1.66543033906137E-16,-1.9883944374133E-13,
1.));
#10271=DIRECTION('ref_axis',(1.,-7.17187362477198E-17,-1.66543033906152E-16));
#10272=DIRECTION('',(1.66543033906137E-16,-1.98900674059021E-13,1.));
#10273=DIRECTION('center_axis',(1.66543033906137E-16,-1.98900674059021E-13,
1.));
#10274=DIRECTION('ref_axis',(1.,-7.17187362477198E-17,-1.66543033906152E-16));
#10275=DIRECTION('center_axis',(1.66543033906137E-16,-1.98900674059021E-13,
1.));
#10276=DIRECTION('ref_axis',(1.,-7.17187362477198E-17,-1.66543033906152E-16));
#10277=DIRECTION('center_axis',(1.66543033906137E-16,-1.9883944374133E-13,
1.));
#10278=DIRECTION('ref_axis',(1.,-7.17187362477198E-17,-1.66543033906152E-16));
#10279=DIRECTION('',(1.66543033906137E-16,-1.98900674059021E-13,1.));
#10280=DIRECTION('center_axis',(1.66543033906137E-16,-1.98900674059021E-13,
1.));
#10281=DIRECTION('ref_axis',(1.,-7.17187362477198E-17,-1.66543033906152E-16));
#10282=DIRECTION('center_axis',(1.66543033906137E-16,-1.98900674059021E-13,
1.));
#10283=DIRECTION('ref_axis',(1.,-7.17187362477198E-17,-1.66543033906152E-16));
#10284=DIRECTION('center_axis',(1.66543033906137E-16,-1.9883944374133E-13,
1.));
#10285=DIRECTION('ref_axis',(1.,-7.17187362477198E-17,-1.66543033906152E-16));
#10286=DIRECTION('',(1.66543033906137E-16,-1.98900674059021E-13,1.));
#10287=DIRECTION('center_axis',(1.66543033906137E-16,-1.98900674059021E-13,
1.));
#10288=DIRECTION('ref_axis',(1.,-7.17187362477198E-17,-1.66543033906152E-16));
#10289=DIRECTION('center_axis',(1.66543033906137E-16,-1.98900674059021E-13,
1.));
#10290=DIRECTION('ref_axis',(1.,-7.17187362477198E-17,-1.66543033906152E-16));
#10291=DIRECTION('center_axis',(1.66543033906137E-16,-1.9883944374133E-13,
1.));
#10292=DIRECTION('ref_axis',(1.,-7.17187362477198E-17,-1.66543033906152E-16));
#10293=DIRECTION('',(1.66543033906137E-16,-1.98900674059021E-13,1.));
#10294=DIRECTION('center_axis',(1.66543033906137E-16,-1.98900674059021E-13,
1.));
#10295=DIRECTION('ref_axis',(1.,-7.17187362477198E-17,-1.66543033906152E-16));
#10296=DIRECTION('center_axis',(1.66543033906137E-16,-1.98900674059021E-13,
1.));
#10297=DIRECTION('ref_axis',(1.,-7.17187362477198E-17,-1.66543033906152E-16));
#10298=DIRECTION('center_axis',(1.66543033906137E-16,-1.9883944374133E-13,
1.));
#10299=DIRECTION('ref_axis',(1.,-7.17187362477198E-17,-1.66543033906152E-16));
#10300=DIRECTION('',(1.66543033906137E-16,-1.98900674059021E-13,1.));
#10301=DIRECTION('center_axis',(1.66543033906137E-16,-1.98900674059021E-13,
1.));
#10302=DIRECTION('ref_axis',(1.,-7.17187362477198E-17,-1.66543033906152E-16));
#10303=DIRECTION('center_axis',(1.66543033906137E-16,-1.98900674059021E-13,
1.));
#10304=DIRECTION('ref_axis',(1.,-7.17187362477198E-17,-1.66543033906152E-16));
#10305=DIRECTION('center_axis',(1.66543033906137E-16,-1.9883944374133E-13,
1.));
#10306=DIRECTION('ref_axis',(1.,-7.17187362477198E-17,-1.66543033906152E-16));
#10307=DIRECTION('',(1.66543033906137E-16,-1.98900674059021E-13,1.));
#10308=DIRECTION('center_axis',(1.66543033906137E-16,-1.98900674059021E-13,
1.));
#10309=DIRECTION('ref_axis',(1.,-7.17187362477198E-17,-1.66543033906152E-16));
#10310=DIRECTION('center_axis',(-1.66543033906137E-16,1.98900674059021E-13,
-1.));
#10311=DIRECTION('ref_axis',(1.,-7.17187362477198E-17,-1.66543033906152E-16));
#10312=DIRECTION('center_axis',(-1.66543033906137E-16,1.98900674059021E-13,
-1.));
#10313=DIRECTION('ref_axis',(1.,-7.17187362477198E-17,-1.66543033906152E-16));
#10314=DIRECTION('',(-1.66543033906137E-16,1.98900674059021E-13,-1.));
#10315=DIRECTION('center_axis',(1.66543033906137E-16,-1.9883944374133E-13,
1.));
#10316=DIRECTION('ref_axis',(1.,-7.17187362477198E-17,-1.66543033906152E-16));
#10317=DIRECTION('center_axis',(-7.17187362477529E-17,-1.,-1.9883944374133E-13));
#10318=DIRECTION('ref_axis',(1.,-7.17187362477198E-17,-1.66543033906152E-16));
#10319=DIRECTION('',(1.,-7.17187362477198E-17,-1.66543033906152E-16));
#10320=DIRECTION('',(1.,-7.17187362477198E-17,-1.66543033906152E-16));
#10321=DIRECTION('center_axis',(1.,-7.17187362477198E-17,-1.66543033906152E-16));
#10322=DIRECTION('ref_axis',(-7.17187362477529E-17,-1.,-1.9883944374133E-13));
#10323=DIRECTION('',(1.,-7.17187362477198E-17,-1.66543033906152E-16));
#10324=DIRECTION('center_axis',(1.,-7.17187362477198E-17,-1.66543033906152E-16));
#10325=DIRECTION('ref_axis',(-1.26893532454832E-16,0.379310344828431,-0.925269507930601));
#10326=DIRECTION('',(1.,-7.17187362477198E-17,-1.66543033906152E-16));
#10327=DIRECTION('center_axis',(1.,-7.17187362477198E-17,-1.66543033906152E-16));
#10328=DIRECTION('ref_axis',(2.30740697670981E-17,-0.86066249060037,0.509175880490787));
#10329=DIRECTION('',(1.,-7.17187362477198E-17,-1.66543033906152E-16));
#10330=DIRECTION('center_axis',(1.59658587647133E-16,-0.0871557428368396,
0.996194698083943));
#10331=DIRECTION('ref_axis',(1.,-7.17187362477198E-17,-1.66543033906152E-16));
#10332=DIRECTION('',(1.,-7.17187362477198E-17,-1.66543033906152E-16));
#10333=DIRECTION('center_axis',(1.,-7.17187362477198E-17,-1.66543033906152E-16));
#10334=DIRECTION('ref_axis',(-1.59658587654811E-16,0.0871557427478598,-0.996194698091728));
#10335=DIRECTION('',(1.,-7.17187362477198E-17,-1.66543033906152E-16));
#10336=DIRECTION('center_axis',(-7.17187362477529E-17,-1.,-1.9883944374133E-13));
#10337=DIRECTION('ref_axis',(1.,-7.17187362477198E-17,-1.66543033906152E-16));
#10338=DIRECTION('',(1.,-7.17187362477198E-17,-1.66543033906152E-16));
#10339=DIRECTION('center_axis',(1.,-7.17187362477198E-17,-1.66543033906152E-16));
#10340=DIRECTION('ref_axis',(7.17187362477535E-17,1.,2.0239215742013E-13));
#10341=DIRECTION('',(1.,-7.17187362477198E-17,-1.66543033906152E-16));
#10342=DIRECTION('center_axis',(-1.72159987107096E-16,-0.0871557427315616,
-0.996194698093154));
#10343=DIRECTION('ref_axis',(1.,-7.17187362477198E-17,-1.66543033906152E-16));
#10344=DIRECTION('',(1.,-7.17187362477198E-17,-1.66543033906152E-16));
#10345=DIRECTION('center_axis',(1.,-7.17187362477198E-17,-1.66543033906152E-16));
#10346=DIRECTION('ref_axis',(-1.72159987108005E-16,-0.0871557427474756,
-0.996194698091762));
#10347=DIRECTION('',(1.,-7.17187362477198E-17,-1.66543033906152E-16));
#10348=DIRECTION('center_axis',(1.,-7.17187362477198E-17,-1.66543033906152E-16));
#10349=DIRECTION('ref_axis',(1.4943044570885E-16,0.846215424453323,0.532840928812045));
#10350=DIRECTION('',(1.,-7.17187362477198E-17,-1.66543033906152E-16));
#10351=DIRECTION('center_axis',(1.,-7.17187362477198E-17,-1.66543033906152E-16));
#10352=DIRECTION('ref_axis',(-1.81300849608395E-16,-0.379310344828062,-0.925269507930752));
#10353=DIRECTION('',(1.,-7.17187362477198E-17,-1.66543033906152E-16));
#10354=DIRECTION('center_axis',(-7.17187362477529E-17,-1.,-1.9883944374133E-13));
#10355=DIRECTION('ref_axis',(1.,-7.17187362477198E-17,-1.66543033906152E-16));
#10356=DIRECTION('',(1.,-7.17187362477198E-17,-1.66543033906152E-16));
#10357=DIRECTION('center_axis',(7.17187362477529E-17,1.,1.9883944374133E-13));
#10358=DIRECTION('ref_axis',(1.,-7.17187362477198E-17,-1.66543033906152E-16));
#10359=DIRECTION('',(1.,-7.17187362477198E-17,-1.66543033906152E-16));
#10360=DIRECTION('',(1.,-7.17187362477198E-17,-1.66543033906152E-16));
#10361=DIRECTION('center_axis',(1.,-7.17187362477198E-17,-1.66543033906152E-16));
#10362=DIRECTION('ref_axis',(7.17187362477523E-17,1.,1.95286730062529E-13));
#10363=DIRECTION('',(1.,-7.17187362477198E-17,-1.66543033906152E-16));
#10364=DIRECTION('center_axis',(1.,-7.17187362477198E-17,-1.66543033906152E-16));
#10365=DIRECTION('ref_axis',(1.26893532454832E-16,-0.379310344828435,0.925269507930599));
#10366=DIRECTION('',(1.,-7.17187362477198E-17,-1.66543033906152E-16));
#10367=DIRECTION('center_axis',(1.,-7.17187362477198E-17,-1.66543033906152E-16));
#10368=DIRECTION('ref_axis',(-2.80514440385373E-17,0.846215424453538,-0.532840928811704));
#10369=DIRECTION('',(1.,-7.17187362477198E-17,-1.66543033906152E-16));
#10370=DIRECTION('center_axis',(-1.59658587656183E-16,0.087155742731958,
-0.996194698093119));
#10371=DIRECTION('ref_axis',(1.,-7.17187362477198E-17,-1.66543033906152E-16));
#10372=DIRECTION('',(1.,-7.17187362477198E-17,-1.66543033906152E-16));
#10373=DIRECTION('center_axis',(1.,-7.17187362477198E-17,-1.66543033906152E-16));
#10374=DIRECTION('ref_axis',(1.59658587654811E-16,-0.0871557427478565,0.996194698091728));
#10375=DIRECTION('',(1.,-7.17187362477198E-17,-1.66543033906152E-16));
#10376=DIRECTION('center_axis',(7.17187362477529E-17,1.,1.9883944374133E-13));
#10377=DIRECTION('ref_axis',(1.,-7.17187362477198E-17,-1.66543033906152E-16));
#10378=DIRECTION('',(1.,-7.17187362477198E-17,-1.66543033906152E-16));
#10379=DIRECTION('center_axis',(1.,-7.17187362477198E-17,-1.66543033906152E-16));
#10380=DIRECTION('ref_axis',(-7.17187362477523E-17,-1.,-1.95286730062529E-13));
#10381=DIRECTION('',(1.,-7.17187362477198E-17,-1.66543033906152E-16));
#10382=DIRECTION('center_axis',(1.72159987113089E-16,0.0871557428364432,
0.996194698083978));
#10383=DIRECTION('ref_axis',(1.,-7.17187362477198E-17,-1.66543033906152E-16));
#10384=DIRECTION('',(1.,-7.17187362477198E-17,-1.66543033906152E-16));
#10385=DIRECTION('center_axis',(1.,-7.17187362477198E-17,-1.66543033906152E-16));
#10386=DIRECTION('ref_axis',(1.72159987108004E-16,0.0871557427474506,0.996194698091764));
#10387=DIRECTION('',(1.,-7.17187362477198E-17,-1.66543033906152E-16));
#10388=DIRECTION('center_axis',(1.,-7.17187362477198E-17,-1.66543033906152E-16));
#10389=DIRECTION('ref_axis',(-1.46525322090488E-16,-0.860662490600167,-0.50917588049113));
#10390=DIRECTION('',(1.,-7.17187362477198E-17,-1.66543033906152E-16));
#10391=DIRECTION('center_axis',(1.,-7.17187362477198E-17,-1.66543033906152E-16));
#10392=DIRECTION('ref_axis',(1.81300849608395E-16,0.379310344828062,0.925269507930752));
#10393=DIRECTION('',(1.,-7.17187362477198E-17,-1.66543033906152E-16));
#10394=DIRECTION('center_axis',(7.17187362477529E-17,1.,1.9883944374133E-13));
#10395=DIRECTION('ref_axis',(1.,-7.17187362477198E-17,-1.66543033906152E-16));
#10396=DIRECTION('',(1.,-7.17187362477198E-17,-1.66543033906152E-16));
#10397=DIRECTION('center_axis',(-6.70509038954953E-17,0.707106781186688,
-0.707106781186407));
#10398=DIRECTION('ref_axis',(1.,-7.17187362477198E-17,-1.66543033906152E-16));
#10399=DIRECTION('',(1.,-7.17187362477198E-17,-1.66543033906152E-16));
#10400=DIRECTION('center_axis',(-1.66543033906137E-16,1.9883944374133E-13,
-1.));
#10401=DIRECTION('ref_axis',(1.,-7.17187362477198E-17,-1.66543033906152E-16));
#10402=DIRECTION('',(1.,-7.17187362477198E-17,-1.66543033906152E-16));
#10403=DIRECTION('center_axis',(-1.68476513373326E-16,-0.707106781186407,
-0.707106781186688));
#10404=DIRECTION('ref_axis',(1.,-7.17187362477198E-17,-1.66543033906152E-16));
#10405=DIRECTION('center_axis',(-1.66543033906137E-16,1.98900674059021E-13,
-1.));
#10406=DIRECTION('ref_axis',(1.,-7.17187362477198E-17,-1.66543033906152E-16));
#10407=DIRECTION('center_axis',(1.66543033906137E-16,-1.98900674059021E-13,
1.));
#10408=DIRECTION('ref_axis',(1.,-7.17187362477198E-17,-1.66543033906152E-16));
#10409=DIRECTION('center_axis',(-1.66543033906137E-16,1.98900674059021E-13,
-1.));
#10410=DIRECTION('ref_axis',(1.,-7.17187362477198E-17,-1.66543033906152E-16));
#10411=DIRECTION('center_axis',(1.66543033906137E-16,-1.98900674059021E-13,
1.));
#10412=DIRECTION('ref_axis',(1.,-7.17187362477198E-17,-1.66543033906152E-16));
#10413=DIRECTION('center_axis',(-1.66543033906137E-16,1.98900674059021E-13,
-1.));
#10414=DIRECTION('ref_axis',(1.,-7.17187362477198E-17,-1.66543033906152E-16));
#10415=DIRECTION('center_axis',(1.66543033906137E-16,-1.98900674059021E-13,
1.));
#10416=DIRECTION('ref_axis',(1.,-7.17187362477198E-17,-1.66543033906152E-16));
#10417=DIRECTION('center_axis',(-1.66543033906137E-16,1.98900674059021E-13,
-1.));
#10418=DIRECTION('ref_axis',(1.,-7.17187362477198E-17,-1.66543033906152E-16));
#10419=DIRECTION('center_axis',(1.66543033906137E-16,-1.98900674059021E-13,
1.));
#10420=DIRECTION('ref_axis',(1.,-7.17187362477198E-17,-1.66543033906152E-16));
#10421=DIRECTION('center_axis',(-1.66543033906137E-16,1.98900674059021E-13,
-1.));
#10422=DIRECTION('ref_axis',(1.,-7.17187362477198E-17,-1.66543033906152E-16));
#10423=DIRECTION('center_axis',(1.66543033906137E-16,-1.98900674059021E-13,
1.));
#10424=DIRECTION('ref_axis',(1.,-7.17187362477198E-17,-1.66543033906152E-16));
#10425=DIRECTION('center_axis',(-1.66543033906137E-16,1.98900674059021E-13,
-1.));
#10426=DIRECTION('ref_axis',(1.,-7.17187362477198E-17,-1.66543033906152E-16));
#10427=DIRECTION('center_axis',(1.66543033906137E-16,-1.98900674059021E-13,
1.));
#10428=DIRECTION('ref_axis',(1.,-7.17187362477198E-17,-1.66543033906152E-16));
#10429=DIRECTION('center_axis',(-1.66543033906137E-16,1.98900674059021E-13,
-1.));
#10430=DIRECTION('ref_axis',(1.,-7.17187362477198E-17,-1.66543033906152E-16));
#10431=DIRECTION('center_axis',(1.66543033906137E-16,-1.98900674059021E-13,
1.));
#10432=DIRECTION('ref_axis',(1.,-7.17187362477198E-17,-1.66543033906152E-16));
#10433=DIRECTION('center_axis',(-1.66543033906137E-16,1.98900674059021E-13,
-1.));
#10434=DIRECTION('ref_axis',(1.,-7.17187362477198E-17,-1.66543033906152E-16));
#10435=DIRECTION('center_axis',(1.66543033906137E-16,-1.98900674059021E-13,
1.));
#10436=DIRECTION('ref_axis',(1.,-7.17187362477198E-17,-1.66543033906152E-16));
#10437=DIRECTION('center_axis',(-1.66543033906137E-16,1.98900674059021E-13,
-1.));
#10438=DIRECTION('ref_axis',(1.,-7.17187362477198E-17,-1.66543033906152E-16));
#10439=DIRECTION('center_axis',(1.66543033906137E-16,-1.98900674059021E-13,
1.));
#10440=DIRECTION('ref_axis',(1.,-7.17187362477198E-17,-1.66543033906152E-16));
#10441=DIRECTION('center_axis',(-1.66543033906137E-16,1.98900674059021E-13,
-1.));
#10442=DIRECTION('ref_axis',(1.,-7.17187362477198E-17,-1.66543033906152E-16));
#10443=DIRECTION('center_axis',(1.66543033906137E-16,-1.98900674059021E-13,
1.));
#10444=DIRECTION('ref_axis',(1.,-7.17187362477198E-17,-1.66543033906152E-16));
#10445=DIRECTION('center_axis',(-1.66543033906137E-16,1.98900674059021E-13,
-1.));
#10446=DIRECTION('ref_axis',(1.,-7.17187362477198E-17,-1.66543033906152E-16));
#10447=DIRECTION('center_axis',(-1.66543033906137E-16,1.98900674059021E-13,
-1.));
#10448=DIRECTION('ref_axis',(1.,-7.17187362477198E-17,-1.66543033906152E-16));
#10449=DIRECTION('center_axis',(6.70509038954953E-17,-0.707106781186688,
0.707106781186407));
#10450=DIRECTION('ref_axis',(1.,-7.17187362477198E-17,-1.66543033906152E-16));
#10451=DIRECTION('',(1.,-7.17187362477198E-17,-1.66543033906152E-16));
#10452=DIRECTION('center_axis',(1.68476513373326E-16,0.707106781186407,
0.707106781186688));
#10453=DIRECTION('ref_axis',(1.,-7.17187362477198E-17,-1.66543033906152E-16));
#10454=DIRECTION('',(1.,-7.17187362477198E-17,-1.66543033906152E-16));
#10455=DIRECTION('center_axis',(1.66543033906137E-16,-1.98900674059021E-13,
1.));
#10456=DIRECTION('ref_axis',(1.,-7.17187362477198E-17,-1.66543033906152E-16));
#10457=DIRECTION('',(1.66543033906137E-16,-1.98900674059021E-13,1.));
#10458=DIRECTION('center_axis',(-1.66543033906137E-16,1.9883944374133E-13,
-1.));
#10459=DIRECTION('ref_axis',(1.,-7.17187362477198E-17,-1.66543033906152E-16));
#10460=DIRECTION('center_axis',(1.66543033906137E-16,-1.98900674059021E-13,
1.));
#10461=DIRECTION('ref_axis',(1.,-7.17187362477198E-17,-1.66543033906152E-16));
#10462=DIRECTION('',(1.66543033906137E-16,-1.98900674059021E-13,1.));
#10463=DIRECTION('center_axis',(-1.66543033906137E-16,1.9883944374133E-13,
-1.));
#10464=DIRECTION('ref_axis',(1.,-7.17187362477198E-17,-1.66543033906152E-16));
#10465=DIRECTION('center_axis',(1.66543033906137E-16,-1.98900674059021E-13,
1.));
#10466=DIRECTION('ref_axis',(1.,-7.17187362477198E-17,-1.66543033906152E-16));
#10467=DIRECTION('',(1.66543033906137E-16,-1.98900674059021E-13,1.));
#10468=DIRECTION('center_axis',(-1.66543033906137E-16,1.9883944374133E-13,
-1.));
#10469=DIRECTION('ref_axis',(1.,-7.17187362477198E-17,-1.66543033906152E-16));
#10470=DIRECTION('center_axis',(1.66543033906137E-16,-1.98900674059021E-13,
1.));
#10471=DIRECTION('ref_axis',(1.,-7.17187362477198E-17,-1.66543033906152E-16));
#10472=DIRECTION('',(1.66543033906137E-16,-1.98900674059021E-13,1.));
#10473=DIRECTION('center_axis',(-1.66543033906137E-16,1.9883944374133E-13,
-1.));
#10474=DIRECTION('ref_axis',(1.,-7.17187362477198E-17,-1.66543033906152E-16));
#10475=DIRECTION('center_axis',(1.66543033906137E-16,-1.98900674059021E-13,
1.));
#10476=DIRECTION('ref_axis',(1.,-7.17187362477198E-17,-1.66543033906152E-16));
#10477=DIRECTION('',(1.66543033906137E-16,-1.98900674059021E-13,1.));
#10478=DIRECTION('center_axis',(-1.66543033906137E-16,1.9883944374133E-13,
-1.));
#10479=DIRECTION('ref_axis',(1.,-7.17187362477198E-17,-1.66543033906152E-16));
#10480=DIRECTION('center_axis',(1.66543033906137E-16,-1.98900674059021E-13,
1.));
#10481=DIRECTION('ref_axis',(1.,-7.17187362477198E-17,-1.66543033906152E-16));
#10482=DIRECTION('',(1.66543033906137E-16,-1.98900674059021E-13,1.));
#10483=DIRECTION('center_axis',(-1.66543033906137E-16,1.9883944374133E-13,
-1.));
#10484=DIRECTION('ref_axis',(1.,-7.17187362477198E-17,-1.66543033906152E-16));
#10485=DIRECTION('center_axis',(1.66543033906137E-16,-1.98900674059021E-13,
1.));
#10486=DIRECTION('ref_axis',(1.,-7.17187362477198E-17,-1.66543033906152E-16));
#10487=DIRECTION('',(1.66543033906137E-16,-1.98900674059021E-13,1.));
#10488=DIRECTION('center_axis',(-1.66543033906137E-16,1.9883944374133E-13,
-1.));
#10489=DIRECTION('ref_axis',(1.,-7.17187362477198E-17,-1.66543033906152E-16));
#10490=DIRECTION('center_axis',(1.66543033906137E-16,-1.98900674059021E-13,
1.));
#10491=DIRECTION('ref_axis',(1.,-7.17187362477198E-17,-1.66543033906152E-16));
#10492=DIRECTION('',(1.66543033906137E-16,-1.98900674059021E-13,1.));
#10493=DIRECTION('center_axis',(-1.66543033906137E-16,1.9883944374133E-13,
-1.));
#10494=DIRECTION('ref_axis',(1.,-7.17187362477198E-17,-1.66543033906152E-16));
#10495=DIRECTION('center_axis',(1.66543033906137E-16,-1.98900674059021E-13,
1.));
#10496=DIRECTION('ref_axis',(1.,-7.17187362477198E-17,-1.66543033906152E-16));
#10497=DIRECTION('',(1.66543033906137E-16,-1.98900674059021E-13,1.));
#10498=DIRECTION('center_axis',(-1.66543033906137E-16,1.9883944374133E-13,
-1.));
#10499=DIRECTION('ref_axis',(1.,-7.17187362477198E-17,-1.66543033906152E-16));
#10500=DIRECTION('center_axis',(1.66543033906137E-16,-1.98900674059021E-13,
1.));
#10501=DIRECTION('ref_axis',(1.,-7.17187362477198E-17,-1.66543033906152E-16));
#10502=DIRECTION('',(1.66543033906137E-16,-1.98900674059021E-13,1.));
#10503=DIRECTION('center_axis',(-1.66543033906137E-16,1.9883944374133E-13,
-1.));
#10504=DIRECTION('ref_axis',(1.,-7.17187362477198E-17,-1.66543033906152E-16));
#10505=DIRECTION('center_axis',(-1.66543033906137E-16,1.98900674059021E-13,
-1.));
#10506=DIRECTION('ref_axis',(1.,-7.17187362477198E-17,-1.66543033906152E-16));
#10507=DIRECTION('center_axis',(-1.66543033906137E-16,1.9883944374133E-13,
-1.));
#10508=DIRECTION('ref_axis',(1.,-7.17187362477198E-17,-1.66543033906152E-16));
#10509=DIRECTION('',(-1.66543033906137E-16,1.98900674059021E-13,-1.));
#10510=DIRECTION('center_axis',(-1.66543033906137E-16,1.98900674059021E-13,
-1.));
#10511=DIRECTION('ref_axis',(1.,-7.17187362477198E-17,-1.66543033906152E-16));
#10512=DIRECTION('center_axis',(1.66543033906137E-16,-1.98900674059021E-13,
1.));
#10513=DIRECTION('ref_axis',(1.,-7.17187362477198E-17,-1.66543033906152E-16));
#10514=DIRECTION('center_axis',(1.66543033906137E-16,-1.9883944374133E-13,
1.));
#10515=DIRECTION('ref_axis',(1.,-7.17187362477198E-17,-1.66543033906152E-16));
#10516=DIRECTION('center_axis',(-1.66543033906137E-16,1.9883944374133E-13,
-1.));
#10517=DIRECTION('ref_axis',(1.,-7.17187362477198E-17,-1.66543033906152E-16));
#10518=DIRECTION('center_axis',(1.66543033906137E-16,-1.98900674059021E-13,
1.));
#10519=DIRECTION('ref_axis',(1.,-7.17187362477198E-17,-1.66543033906152E-16));
#10520=DIRECTION('',(1.66543033906137E-16,-1.98900674059021E-13,1.));
#10521=DIRECTION('',(3.64633166246431E-13,-2.65376743298254E-13,1.00000000000001));
#10522=DIRECTION('',(4.78965760690287E-8,-0.999999999999999,-2.65667602508915E-13));
#10523=DIRECTION('',(3.64633166246431E-13,-2.65376743298254E-13,1.00000000000001));
#10524=DIRECTION('',(4.78965760690287E-8,-0.999999999999999,-2.65667602508915E-13));
#10525=DIRECTION('',(3.64633166246431E-13,-2.65376743298254E-13,1.00000000000001));
#10526=DIRECTION('',(4.78965760690287E-8,-0.999999999999999,-2.65667602508915E-13));
#10527=DIRECTION('',(3.64633166246431E-13,-2.65376743298254E-13,1.00000000000001));
#10528=DIRECTION('',(4.78965760690287E-8,-0.999999999999999,-2.65667602508915E-13));
#10529=DIRECTION('',(3.64633166246431E-13,-2.65376743298254E-13,1.00000000000001));
#10530=DIRECTION('',(4.78965760690287E-8,-0.999999999999999,-2.65667602508915E-13));
#10531=DIRECTION('',(3.64633166246431E-13,-2.65376743298254E-13,1.00000000000001));
#10532=DIRECTION('',(4.78965760690287E-8,-0.999999999999999,-2.65667602508915E-13));
#10533=DIRECTION('',(3.64633166246431E-13,-2.65376743298254E-13,1.00000000000001));
#10534=DIRECTION('',(4.78965760690287E-8,-0.999999999999999,-2.65667602508915E-13));
#10535=DIRECTION('',(3.64633166246431E-13,-2.65376743298254E-13,1.00000000000001));
#10536=DIRECTION('',(4.78965760690287E-8,-0.999999999999999,-2.65667602508915E-13));
#10537=DIRECTION('',(3.64633166246431E-13,-2.65376743298254E-13,1.00000000000001));
#10538=DIRECTION('',(4.78965760690287E-8,-0.999999999999999,-2.65667602508915E-13));
#10539=DIRECTION('',(3.64633166246431E-13,-2.65376743298254E-13,1.00000000000001));
#10540=DIRECTION('',(4.78965760690287E-8,-0.999999999999999,-2.65667602508915E-13));
#10541=DIRECTION('',(3.64633166246431E-13,-2.65376743298254E-13,1.00000000000001));
#10542=DIRECTION('',(4.78965760690287E-8,-0.999999999999999,-2.65667602508915E-13));
#10543=DIRECTION('',(3.64633166246431E-13,-2.65376743298254E-13,1.00000000000001));
#10544=DIRECTION('',(4.78965760690287E-8,-0.999999999999999,-2.65667602508915E-13));
#10545=DIRECTION('axis',(0.,0.,1.));
#10546=DIRECTION('refdir',(1.,0.,0.));
#10547=DIRECTION('center_axis',(0.,0.,1.));
#10548=DIRECTION('ref_axis',(1.,0.,0.));
#10549=DIRECTION('',(-0.894427190999916,-1.09535739652841E-16,0.447213595499958));
#10550=DIRECTION('center_axis',(0.,0.,-1.));
#10551=DIRECTION('ref_axis',(1.,0.,0.));
#10552=DIRECTION('center_axis',(0.,0.,1.));
#10553=DIRECTION('ref_axis',(1.,0.,0.));
#10554=DIRECTION('',(-0.894427190999916,-1.09535739652841E-16,0.447213595499958));
#10555=DIRECTION('center_axis',(0.,0.,-1.));
#10556=DIRECTION('ref_axis',(1.,0.,0.));
#10557=DIRECTION('center_axis',(0.,0.,-1.));
#10558=DIRECTION('ref_axis',(1.,0.,0.));
#10559=DIRECTION('center_axis',(0.,0.,-1.));
#10560=DIRECTION('ref_axis',(1.,0.,0.));
#10561=DIRECTION('',(0.,0.,-1.));
#10562=DIRECTION('center_axis',(0.,0.,-1.));
#10563=DIRECTION('ref_axis',(1.,0.,0.));
#10564=DIRECTION('center_axis',(0.,0.,-1.));
#10565=DIRECTION('ref_axis',(1.,0.,0.));
#10566=DIRECTION('',(0.,0.,-1.));
#10567=DIRECTION('center_axis',(0.,0.,-1.));
#10568=DIRECTION('ref_axis',(1.,0.,0.));
#10569=DIRECTION('center_axis',(0.,0.,-1.));
#10570=DIRECTION('ref_axis',(1.,0.,0.));
#10571=DIRECTION('center_axis',(0.,0.,-1.));
#10572=DIRECTION('ref_axis',(1.,0.,0.));
#10573=DIRECTION('center_axis',(0.,0.,-1.));
#10574=DIRECTION('ref_axis',(1.,0.,0.));
#10575=DIRECTION('center_axis',(0.,0.,1.));
#10576=DIRECTION('ref_axis',(1.,0.,0.));
#10577=DIRECTION('',(-0.894427190999916,-1.09535739652841E-16,0.447213595499958));
#10578=DIRECTION('center_axis',(0.,0.,-1.));
#10579=DIRECTION('ref_axis',(1.,0.,0.));
#10580=DIRECTION('center_axis',(0.,0.,-1.));
#10581=DIRECTION('ref_axis',(-1.,-1.75731011773511E-19,0.));
#10582=DIRECTION('center_axis',(0.,0.,-1.));
#10583=DIRECTION('ref_axis',(-1.,-1.75731011773511E-19,0.));
#10584=DIRECTION('',(0.707106781186547,-8.64713450334595E-17,-0.707106781186548));
#10585=DIRECTION('center_axis',(0.,0.,-1.));
#10586=DIRECTION('ref_axis',(-1.,-1.75731011773511E-19,0.));
#10587=DIRECTION('center_axis',(0.,0.,-1.));
#10588=DIRECTION('ref_axis',(-1.,-1.75731011773511E-19,0.));
#10589=DIRECTION('',(0.707106781186547,-8.64713450334595E-17,-0.707106781186548));
#10590=DIRECTION('center_axis',(0.,0.,-1.));
#10591=DIRECTION('ref_axis',(1.,0.,0.));
#10592=DIRECTION('center_axis',(0.,0.,-1.));
#10593=DIRECTION('ref_axis',(1.,0.,0.));
#10594=DIRECTION('',(0.,0.,-1.));
#10595=DIRECTION('center_axis',(0.,0.,-1.));
#10596=DIRECTION('ref_axis',(-1.,-1.75731011773511E-19,0.));
#10597=DIRECTION('center_axis',(0.,0.,-1.));
#10598=DIRECTION('ref_axis',(-1.,-1.75731011773511E-19,0.));
#10599=DIRECTION('',(0.,0.,-1.));
#10600=DIRECTION('center_axis',(0.,0.,-1.));
#10601=DIRECTION('ref_axis',(-1.,-1.75731011773511E-19,0.));
#10602=DIRECTION('center_axis',(0.,0.,-1.));
#10603=DIRECTION('ref_axis',(-1.,-1.75731011773511E-19,0.));
#10604=DIRECTION('',(0.,0.,-1.));
#10605=DIRECTION('center_axis',(0.,0.,-1.));
#10606=DIRECTION('ref_axis',(1.,0.,0.));
#10607=DIRECTION('center_axis',(0.,0.,-1.));
#10608=DIRECTION('ref_axis',(1.,0.,0.));
#10609=DIRECTION('center_axis',(0.,0.,1.));
#10610=DIRECTION('ref_axis',(-1.,-1.75731011773511E-19,0.));
#10611=DIRECTION('',(0.707106781186547,8.67198662136391E-17,0.707106781186548));
#10612=DIRECTION('center_axis',(0.,0.,-1.));
#10613=DIRECTION('ref_axis',(1.,0.,0.));
#10614=DIRECTION('center_axis',(0.,0.,1.));
#10615=DIRECTION('ref_axis',(-1.,-1.75731011773511E-19,0.));
#10616=DIRECTION('',(0.707106781186547,8.67198662136391E-17,0.707106781186548));
#10617=DIRECTION('center_axis',(0.,0.,-1.));
#10618=DIRECTION('ref_axis',(1.,0.,0.));
#10619=DIRECTION('center_axis',(0.,0.,-1.));
#10620=DIRECTION('ref_axis',(-1.,-1.75731011773511E-19,0.));
#10621=DIRECTION('center_axis',(0.,0.,-1.));
#10622=DIRECTION('ref_axis',(-1.,-1.75731011773511E-19,0.));
#10623=DIRECTION('',(0.707106781186547,-8.64713450334595E-17,-0.707106781186548));
#10624=DIRECTION('center_axis',(0.,0.,-1.));
#10625=DIRECTION('ref_axis',(1.,0.,0.));
#10626=DIRECTION('',(1.,0.,0.));
#10627=DIRECTION('',(0.,-1.,0.));
#10628=DIRECTION('',(1.,0.,0.));
#10629=DIRECTION('',(0.,-1.,0.));
#10630=DIRECTION('center_axis',(0.,-0.707106781186548,-0.707106781186548));
#10631=DIRECTION('ref_axis',(1.,0.,0.));
#10632=DIRECTION('',(0.,-0.707106781186548,0.707106781186548));
#10633=DIRECTION('',(1.,0.,0.));
#10634=DIRECTION('',(0.,-0.707106781186548,0.707106781186548));
#10635=DIRECTION('center_axis',(0.,-1.,0.));
#10636=DIRECTION('ref_axis',(1.,0.,0.));
#10637=DIRECTION('',(0.,0.,1.));
#10638=DIRECTION('',(1.,0.,0.));
#10639=DIRECTION('',(0.,0.,1.));
#10640=DIRECTION('center_axis',(0.,0.,1.));
#10641=DIRECTION('ref_axis',(1.,0.,0.));
#10642=DIRECTION('',(0.,1.,0.));
#10643=DIRECTION('',(1.,0.,0.));
#10644=DIRECTION('',(0.,1.,0.));
#10645=DIRECTION('',(1.,0.,0.));
#10646=DIRECTION('center_axis',(0.,-0.707106781186548,0.707106781186547));
#10647=DIRECTION('ref_axis',(1.,0.,0.));
#10648=DIRECTION('',(0.,0.707106781186547,0.707106781186548));
#10649=DIRECTION('',(1.,0.,0.));
#10650=DIRECTION('',(0.,0.707106781186547,0.707106781186548));
#10651=DIRECTION('center_axis',(0.,0.,1.));
#10652=DIRECTION('ref_axis',(1.,0.,0.));
#10653=DIRECTION('',(0.,1.,0.));
#10654=DIRECTION('',(1.,0.,0.));
#10655=DIRECTION('',(0.,1.,0.));
#10656=DIRECTION('center_axis',(0.,0.707106781186548,0.707106781186548));
#10657=DIRECTION('ref_axis',(1.,0.,0.));
#10658=DIRECTION('',(0.,0.707106781186548,-0.707106781186548));
#10659=DIRECTION('',(1.,0.,0.));
#10660=DIRECTION('',(0.,0.707106781186548,-0.707106781186548));
#10661=DIRECTION('center_axis',(0.,1.,0.));
#10662=DIRECTION('ref_axis',(1.,0.,0.));
#10663=DIRECTION('',(0.,0.,-1.));
#10664=DIRECTION('',(1.,0.,0.));
#10665=DIRECTION('',(0.,0.,-1.));
#10666=DIRECTION('center_axis',(1.,0.,0.));
#10667=DIRECTION('ref_axis',(0.,-0.600000000000003,0.799999999999998));
#10668=DIRECTION('center_axis',(1.,0.,0.));
#10669=DIRECTION('ref_axis',(0.,-0.600000000000003,0.799999999999998));
#10670=DIRECTION('',(1.,0.,0.));
#10671=DIRECTION('center_axis',(1.,0.,0.));
#10672=DIRECTION('ref_axis',(0.,-0.600000000000003,0.799999999999998));
#10673=DIRECTION('center_axis',(0.,1.,0.));
#10674=DIRECTION('ref_axis',(1.,0.,0.));
#10675=DIRECTION('',(0.,0.,-1.));
#10676=DIRECTION('',(1.,0.,0.));
#10677=DIRECTION('',(0.,0.,-1.));
#10678=DIRECTION('center_axis',(0.,0.707106781186548,-0.707106781186548));
#10679=DIRECTION('ref_axis',(1.,0.,0.));
#10680=DIRECTION('',(0.,-0.707106781186548,-0.707106781186548));
#10681=DIRECTION('',(1.,0.,0.));
#10682=DIRECTION('',(0.,-0.707106781186548,-0.707106781186548));
#10683=DIRECTION('center_axis',(0.,0.,-1.));
#10684=DIRECTION('ref_axis',(1.,0.,0.));
#10685=DIRECTION('',(-1.,0.,0.));
#10686=DIRECTION('',(0.,-1.,0.));
#10687=DIRECTION('',(0.,-1.,0.));
#10688=DIRECTION('center_axis',(0.,1.,0.));
#10689=DIRECTION('ref_axis',(1.,0.,0.));
#10690=DIRECTION('',(0.,0.,-1.));
#10691=DIRECTION('',(1.,0.,0.));
#10692=DIRECTION('',(0.,0.,1.));
#10693=DIRECTION('center_axis',(1.,0.,0.));
#10694=DIRECTION('ref_axis',(0.,1.,0.));
#10695=DIRECTION('center_axis',(-1.,0.,0.));
#10696=DIRECTION('ref_axis',(0.,1.,0.));
#10697=DIRECTION('',(1.,0.,0.));
#10698=DIRECTION('center_axis',(1.,0.,0.));
#10699=DIRECTION('ref_axis',(0.,1.,0.));
#10700=DIRECTION('center_axis',(1.,0.,0.));
#10701=DIRECTION('ref_axis',(0.,-0.379310344828247,-0.925269507930677));
#10702=DIRECTION('center_axis',(1.,0.,0.));
#10703=DIRECTION('ref_axis',(0.,-0.379310344828247,-0.925269507930677));
#10704=DIRECTION('',(1.,0.,0.));
#10705=DIRECTION('center_axis',(-1.,0.,0.));
#10706=DIRECTION('ref_axis',(0.,-0.379310344828247,-0.925269507930677));
#10707=DIRECTION('center_axis',(1.,0.,0.));
#10708=DIRECTION('ref_axis',(0.,0.860662490600269,0.509175880490958));
#10709=DIRECTION('center_axis',(-1.,0.,0.));
#10710=DIRECTION('ref_axis',(0.,0.860662490600269,0.509175880490958));
#10711=DIRECTION('',(1.,0.,0.));
#10712=DIRECTION('center_axis',(1.,0.,0.));
#10713=DIRECTION('ref_axis',(0.,0.860662490600269,0.509175880490958));
#10714=DIRECTION('center_axis',(0.,0.0871557428366416,0.996194698083961));
#10715=DIRECTION('ref_axis',(1.,0.,0.));
#10716=DIRECTION('',(0.,0.996194698083961,-0.0871557428366416));
#10717=DIRECTION('',(1.,0.,0.));
#10718=DIRECTION('',(0.,-0.996194698083961,0.0871557428366416));
#10719=DIRECTION('center_axis',(1.,0.,0.));
#10720=DIRECTION('ref_axis',(0.,-0.0871557427476617,-0.996194698091745));
#10721=DIRECTION('center_axis',(1.,0.,0.));
#10722=DIRECTION('ref_axis',(0.,-0.0871557427476617,-0.996194698091745));
#10723=DIRECTION('',(1.,0.,0.));
#10724=DIRECTION('center_axis',(-1.,0.,0.));
#10725=DIRECTION('ref_axis',(0.,-0.0871557427476617,-0.996194698091745));
#10726=DIRECTION('center_axis',(0.,1.,0.));
#10727=DIRECTION('ref_axis',(1.,0.,0.));
#10728=DIRECTION('',(0.,0.,-1.));
#10729=DIRECTION('',(1.,0.,0.));
#10730=DIRECTION('',(0.,0.,1.));
#10731=DIRECTION('center_axis',(1.,0.,0.));
#10732=DIRECTION('ref_axis',(0.,-1.,3.55271367880049E-15));
#10733=DIRECTION('center_axis',(1.,0.,0.));
#10734=DIRECTION('ref_axis',(0.,-1.,3.55271367880049E-15));
#10735=DIRECTION('',(1.,0.,0.));
#10736=DIRECTION('center_axis',(-1.,0.,0.));
#10737=DIRECTION('ref_axis',(0.,-1.,3.55271367880049E-15));
#10738=DIRECTION('center_axis',(0.,0.0871557427317597,-0.996194698093136));
#10739=DIRECTION('ref_axis',(1.,0.,0.));
#10740=DIRECTION('',(0.,-0.996194698093136,-0.0871557427317597));
#10741=DIRECTION('',(1.,0.,0.));
#10742=DIRECTION('',(0.,0.996194698093136,0.0871557427317597));
#10743=DIRECTION('center_axis',(1.,0.,0.));
#10744=DIRECTION('ref_axis',(0.,0.0871557427476736,-0.996194698091744));
#10745=DIRECTION('center_axis',(-1.,0.,0.));
#10746=DIRECTION('ref_axis',(0.,0.0871557427476736,-0.996194698091744));
#10747=DIRECTION('',(1.,0.,0.));
#10748=DIRECTION('center_axis',(1.,0.,0.));
#10749=DIRECTION('ref_axis',(0.,0.0871557427476736,-0.996194698091744));
#10750=DIRECTION('center_axis',(1.,0.,0.));
#10751=DIRECTION('ref_axis',(0.,-0.846215424453429,0.532840928811877));
#10752=DIRECTION('center_axis',(1.,0.,0.));
#10753=DIRECTION('ref_axis',(0.,-0.846215424453429,0.532840928811877));
#10754=DIRECTION('',(1.,0.,0.));
#10755=DIRECTION('center_axis',(-1.,0.,0.));
#10756=DIRECTION('ref_axis',(0.,-0.846215424453429,0.532840928811877));
#10757=DIRECTION('center_axis',(1.,0.,0.));
#10758=DIRECTION('ref_axis',(0.,0.379310344828246,-0.925269507930677));
#10759=DIRECTION('center_axis',(-1.,0.,0.));
#10760=DIRECTION('ref_axis',(0.,0.379310344828246,-0.925269507930677));
#10761=DIRECTION('',(1.,0.,0.));
#10762=DIRECTION('center_axis',(1.,0.,0.));
#10763=DIRECTION('ref_axis',(0.,0.379310344828246,-0.925269507930677));
#10764=DIRECTION('center_axis',(0.,1.,0.));
#10765=DIRECTION('ref_axis',(1.,0.,0.));
#10766=DIRECTION('',(0.,0.,-1.));
#10767=DIRECTION('',(1.,0.,0.));
#10768=DIRECTION('',(0.,0.,1.));
#10769=DIRECTION('center_axis',(0.,0.707106781186548,0.707106781186548));
#10770=DIRECTION('ref_axis',(1.,0.,0.));
#10771=DIRECTION('',(0.,0.707106781186548,-0.707106781186548));
#10772=DIRECTION('',(1.,0.,0.));
#10773=DIRECTION('',(0.,-0.707106781186548,0.707106781186548));
#10774=DIRECTION('center_axis',(0.,0.,1.));
#10775=DIRECTION('ref_axis',(1.,0.,0.));
#10776=DIRECTION('',(0.,1.,0.));
#10777=DIRECTION('',(1.,0.,0.));
#10778=DIRECTION('',(0.,-1.,0.));
#10779=DIRECTION('center_axis',(0.,-0.707106781186548,0.707106781186548));
#10780=DIRECTION('ref_axis',(1.,0.,0.));
#10781=DIRECTION('',(0.,0.707106781186548,0.707106781186548));
#10782=DIRECTION('',(1.,0.,0.));
#10783=DIRECTION('',(0.,-0.707106781186548,-0.707106781186548));
#10784=DIRECTION('center_axis',(0.,-1.,0.));
#10785=DIRECTION('ref_axis',(1.,0.,0.));
#10786=DIRECTION('',(0.,0.,1.));
#10787=DIRECTION('',(1.,0.,0.));
#10788=DIRECTION('',(0.,0.,-1.));
#10789=DIRECTION('center_axis',(1.,0.,0.));
#10790=DIRECTION('ref_axis',(0.,-1.,-3.55271367880048E-15));
#10791=DIRECTION('center_axis',(-1.,0.,0.));
#10792=DIRECTION('ref_axis',(0.,-1.,-3.55271367880048E-15));
#10793=DIRECTION('',(1.,0.,0.));
#10794=DIRECTION('center_axis',(1.,0.,0.));
#10795=DIRECTION('ref_axis',(0.,-1.,-3.55271367880048E-15));
#10796=DIRECTION('center_axis',(1.,0.,0.));
#10797=DIRECTION('ref_axis',(0.,0.379310344828251,0.925269507930675));
#10798=DIRECTION('center_axis',(1.,0.,0.));
#10799=DIRECTION('ref_axis',(0.,0.379310344828251,0.925269507930675));
#10800=DIRECTION('',(1.,0.,0.));
#10801=DIRECTION('center_axis',(-1.,0.,0.));
#10802=DIRECTION('ref_axis',(0.,0.379310344828251,0.925269507930675));
#10803=DIRECTION('center_axis',(1.,0.,0.));
#10804=DIRECTION('ref_axis',(0.,-0.846215424453432,-0.532840928811872));
#10805=DIRECTION('center_axis',(-1.,0.,0.));
#10806=DIRECTION('ref_axis',(0.,-0.846215424453432,-0.532840928811872));
#10807=DIRECTION('',(1.,0.,0.));
#10808=DIRECTION('center_axis',(1.,0.,0.));
#10809=DIRECTION('ref_axis',(0.,-0.846215424453432,-0.532840928811872));
#10810=DIRECTION('center_axis',(0.,-0.0871557427317599,-0.996194698093136));
#10811=DIRECTION('ref_axis',(1.,0.,0.));
#10812=DIRECTION('',(0.,-0.996194698093136,0.08715574273176));
#10813=DIRECTION('',(1.,0.,0.));
#10814=DIRECTION('',(0.,0.996194698093136,-0.08715574273176));
#10815=DIRECTION('center_axis',(1.,0.,0.));
#10816=DIRECTION('ref_axis',(0.,0.0871557427476585,0.996194698091746));
#10817=DIRECTION('center_axis',(1.,0.,0.));
#10818=DIRECTION('ref_axis',(0.,0.0871557427476585,0.996194698091746));
#10819=DIRECTION('',(1.,0.,0.));
#10820=DIRECTION('center_axis',(-1.,0.,0.));
#10821=DIRECTION('ref_axis',(0.,0.0871557427476585,0.996194698091746));
#10822=DIRECTION('center_axis',(0.,-1.,0.));
#10823=DIRECTION('ref_axis',(1.,0.,0.));
#10824=DIRECTION('',(0.,0.,1.));
#10825=DIRECTION('',(1.,0.,0.));
#10826=DIRECTION('',(0.,0.,-1.));
#10827=DIRECTION('center_axis',(1.,0.,0.));
#10828=DIRECTION('ref_axis',(0.,1.,3.55271367880051E-15));
#10829=DIRECTION('center_axis',(1.,0.,0.));
#10830=DIRECTION('ref_axis',(0.,1.,3.55271367880051E-15));
#10831=DIRECTION('',(1.,0.,0.));
#10832=DIRECTION('center_axis',(-1.,0.,0.));
#10833=DIRECTION('ref_axis',(0.,1.,3.55271367880051E-15));
#10834=DIRECTION('center_axis',(0.,-0.0871557428366414,0.996194698083961));
#10835=DIRECTION('ref_axis',(1.,0.,0.));
#10836=DIRECTION('',(0.,0.996194698083961,0.0871557428366414));
#10837=DIRECTION('',(1.,0.,0.));
#10838=DIRECTION('',(0.,-0.996194698083961,-0.0871557428366414));
#10839=DIRECTION('center_axis',(1.,0.,0.));
#10840=DIRECTION('ref_axis',(0.,-0.0871557427476485,0.996194698091746));
#10841=DIRECTION('center_axis',(-1.,0.,0.));
#10842=DIRECTION('ref_axis',(0.,-0.0871557427476485,0.996194698091746));
#10843=DIRECTION('',(1.,0.,0.));
#10844=DIRECTION('center_axis',(1.,0.,0.));
#10845=DIRECTION('ref_axis',(0.,-0.0871557427476485,0.996194698091746));
#10846=DIRECTION('center_axis',(1.,0.,0.));
#10847=DIRECTION('ref_axis',(0.,0.860662490600268,-0.509175880490959));
#10848=DIRECTION('center_axis',(1.,0.,0.));
#10849=DIRECTION('ref_axis',(0.,0.860662490600268,-0.509175880490959));
#10850=DIRECTION('',(1.,0.,0.));
#10851=DIRECTION('center_axis',(-1.,0.,0.));
#10852=DIRECTION('ref_axis',(0.,0.860662490600268,-0.509175880490959));
#10853=DIRECTION('center_axis',(1.,0.,0.));
#10854=DIRECTION('ref_axis',(0.,-0.379310344828246,0.925269507930677));
#10855=DIRECTION('center_axis',(-1.,0.,0.));
#10856=DIRECTION('ref_axis',(0.,-0.379310344828246,0.925269507930677));
#10857=DIRECTION('',(1.,0.,0.));
#10858=DIRECTION('center_axis',(1.,0.,0.));
#10859=DIRECTION('ref_axis',(0.,-0.379310344828246,0.925269507930677));
#10860=DIRECTION('center_axis',(0.,-1.,0.));
#10861=DIRECTION('ref_axis',(1.,0.,0.));
#10862=DIRECTION('',(0.,0.,-1.));
#10863=DIRECTION('',(0.,0.,1.));
#10864=DIRECTION('center_axis',(0.,0.,-1.));
#10865=DIRECTION('ref_axis',(-1.,-1.75731011773511E-19,0.));
#10866=DIRECTION('center_axis',(0.,0.,-1.));
#10867=DIRECTION('ref_axis',(-1.,-1.75731011773511E-19,0.));
#10868=DIRECTION('',(0.,0.,-1.));
#10869=DIRECTION('center_axis',(0.,-0.707106781186548,0.707106781186548));
#10870=DIRECTION('ref_axis',(1.,0.,0.));
#10871=DIRECTION('',(0.,0.707106781186548,0.707106781186548));
#10872=DIRECTION('',(1.,0.,0.));
#10873=DIRECTION('',(0.,0.707106781186548,0.707106781186548));
#10874=DIRECTION('center_axis',(-1.,0.,0.));
#10875=DIRECTION('ref_axis',(0.,1.,0.));
#10876=DIRECTION('',(0.,1.,0.));
#10877=DIRECTION('',(0.,0.707106781186547,-0.707106781186548));
#10878=DIRECTION('center_axis',(0.,0.707106781186548,0.707106781186547));
#10879=DIRECTION('ref_axis',(1.,0.,0.));
#10880=DIRECTION('',(0.,0.707106781186547,-0.707106781186548));
#10881=DIRECTION('',(1.,0.,0.));
#10882=DIRECTION('center_axis',(-1.,0.,0.));
#10883=DIRECTION('ref_axis',(0.,1.,0.));
#10884=DIRECTION('',(0.,1.,0.));
#10885=DIRECTION('center_axis',(0.,0.,1.));
#10886=DIRECTION('ref_axis',(-1.,-1.75731011773511E-19,0.));
#10887=DIRECTION('',(0.707106781186547,8.67198662136391E-17,0.707106781186548));
#10888=DIRECTION('center_axis',(0.,0.,-1.));
#10889=DIRECTION('ref_axis',(1.,0.,0.));
#10890=DIRECTION('center_axis',(0.,0.,1.));
#10891=DIRECTION('ref_axis',(1.,0.,0.));
#10892=DIRECTION('center_axis',(0.,0.,-1.));
#10893=DIRECTION('ref_axis',(1.,0.,0.));
#10894=DIRECTION('center_axis',(0.,0.,1.));
#10895=DIRECTION('ref_axis',(-1.,-1.75731011773511E-19,0.));
#10896=DIRECTION('center_axis',(0.,0.,-1.));
#10897=DIRECTION('ref_axis',(-1.,-1.75731011773511E-19,0.));
#10898=DIRECTION('',(0.707106781186547,8.67198662136391E-17,0.707106781186548));
#10899=DIRECTION('center_axis',(0.,0.,-1.));
#10900=DIRECTION('ref_axis',(-1.,-1.75731011773511E-19,0.));
#10901=DIRECTION('',(0.,0.,-1.));
#10902=DIRECTION('center_axis',(0.,0.,-1.));
#10903=DIRECTION('ref_axis',(-1.,-1.75731011773511E-19,0.));
#10904=DIRECTION('center_axis',(0.,0.,-1.));
#10905=DIRECTION('ref_axis',(-1.,-1.75731011773511E-19,0.));
#10906=DIRECTION('',(0.707106781186547,-8.64713450334595E-17,-0.707106781186548));
#10907=DIRECTION('center_axis',(0.,0.,-1.));
#10908=DIRECTION('ref_axis',(1.,0.,0.));
#10909=DIRECTION('center_axis',(0.,0.,-1.));
#10910=DIRECTION('ref_axis',(1.,0.,0.));
#10911=DIRECTION('center_axis',(0.,0.,-1.));
#10912=DIRECTION('ref_axis',(1.,0.,0.));
#10913=DIRECTION('center_axis',(0.,0.,-1.));
#10914=DIRECTION('ref_axis',(1.,0.,0.));
#10915=DIRECTION('',(0.,0.,-1.));
#10916=DIRECTION('center_axis',(0.,0.,-1.));
#10917=DIRECTION('ref_axis',(1.,0.,0.));
#10918=DIRECTION('center_axis',(0.,0.,1.));
#10919=DIRECTION('ref_axis',(1.,0.,0.));
#10920=DIRECTION('',(-0.894427190999916,-1.09535739652841E-16,0.447213595499958));
#10921=DIRECTION('center_axis',(-1.,0.,0.));
#10922=DIRECTION('ref_axis',(0.,1.,0.));
#10923=DIRECTION('',(0.,0.,-1.));
#10924=DIRECTION('',(0.,-1.,0.));
#10925=DIRECTION('',(0.,0.,-1.));
#10926=DIRECTION('',(0.,1.,0.));
#10927=DIRECTION('',(0.,0.,1.));
#10928=DIRECTION('',(0.,1.,0.));
#10929=DIRECTION('',(0.,0.,-1.));
#10930=DIRECTION('',(0.,1.,0.));
#10931=DIRECTION('',(0.,0.,-1.));
#10932=DIRECTION('',(0.,1.,0.));
#10933=DIRECTION('',(0.,0.,-1.));
#10934=DIRECTION('',(0.,1.,0.));
#10935=DIRECTION('center_axis',(0.,-1.,0.));
#10936=DIRECTION('ref_axis',(1.,0.,0.));
#10937=DIRECTION('',(1.,0.,0.));
#10938=DIRECTION('',(-1.,0.,0.));
#10939=DIRECTION('center_axis',(0.,1.,0.));
#10940=DIRECTION('ref_axis',(0.,0.,-1.));
#10941=DIRECTION('center_axis',(0.,0.,-1.));
#10942=DIRECTION('ref_axis',(1.,0.,0.));
#10943=DIRECTION('center_axis',(0.,0.,1.));
#10944=DIRECTION('ref_axis',(0.,1.,0.));
#10945=DIRECTION('',(1.,0.,0.));
#10946=DIRECTION('center_axis',(0.,-1.,0.));
#10947=DIRECTION('ref_axis',(1.,0.,0.));
#10948=DIRECTION('center_axis',(0.,1.,0.));
#10949=DIRECTION('ref_axis',(0.,0.,-1.));
#10950=DIRECTION('',(-1.,0.,0.));
#10951=DIRECTION('center_axis',(0.,0.,1.));
#10952=DIRECTION('ref_axis',(1.,0.,0.));
#10953=DIRECTION('center_axis',(0.,0.,-1.));
#10954=DIRECTION('ref_axis',(0.,-1.,0.));
#10955=DIRECTION('',(-1.,0.,0.));
#10956=DIRECTION('center_axis',(0.,-1.,0.));
#10957=DIRECTION('ref_axis',(1.,0.,0.));
#10958=DIRECTION('center_axis',(0.,1.,0.));
#10959=DIRECTION('ref_axis',(0.,0.,-1.));
#10960=DIRECTION('',(1.,0.,0.));
#10961=DIRECTION('center_axis',(0.,0.,1.));
#10962=DIRECTION('ref_axis',(1.,0.,0.));
#10963=DIRECTION('center_axis',(0.,0.,-1.));
#10964=DIRECTION('ref_axis',(0.,-1.,0.));
#10965=DIRECTION('',(-1.,0.,0.));
#10966=DIRECTION('center_axis',(0.,1.,0.));
#10967=DIRECTION('ref_axis',(1.,0.,0.));
#10968=DIRECTION('',(1.,0.,0.));
#10969=DIRECTION('center_axis',(0.,-1.,0.));
#10970=DIRECTION('ref_axis',(0.,0.,1.));
#10971=DIRECTION('center_axis',(0.,0.,1.));
#10972=DIRECTION('ref_axis',(1.,0.,0.));
#10973=DIRECTION('center_axis',(0.,0.,-1.));
#10974=DIRECTION('ref_axis',(0.,-1.,0.));
#10975=DIRECTION('',(1.,0.,0.));
#10976=DIRECTION('center_axis',(0.,-1.,0.));
#10977=DIRECTION('ref_axis',(1.,0.,0.));
#10978=DIRECTION('center_axis',(0.,-1.,0.));
#10979=DIRECTION('ref_axis',(0.,0.,1.));
#10980=DIRECTION('',(-1.,0.,0.));
#10981=DIRECTION('center_axis',(0.,0.,-1.));
#10982=DIRECTION('ref_axis',(1.,0.,0.));
#10983=DIRECTION('center_axis',(0.,0.,1.));
#10984=DIRECTION('ref_axis',(0.,1.,0.));
#10985=DIRECTION('',(-1.,0.,0.));
#10986=DIRECTION('center_axis',(0.,1.,0.));
#10987=DIRECTION('ref_axis',(1.,0.,0.));
#10988=DIRECTION('center_axis',(0.,-1.,0.));
#10989=DIRECTION('ref_axis',(0.,0.,1.));
#10990=DIRECTION('',(1.,0.,0.));
#10991=DIRECTION('center_axis',(0.,0.,1.));
#10992=DIRECTION('ref_axis',(1.,0.,0.));
#10993=DIRECTION('center_axis',(0.,0.,1.));
#10994=DIRECTION('ref_axis',(0.,1.,0.));
#10995=DIRECTION('center_axis',(0.,0.,1.));
#10996=DIRECTION('ref_axis',(-0.999996669166096,-0.00258101854171065,0.));
#10997=DIRECTION('center_axis',(1.,0.,0.));
#10998=DIRECTION('ref_axis',(0.,3.71499006786733E-14,1.));
#10999=DIRECTION('center_axis',(1.,0.,0.));
#11000=DIRECTION('ref_axis',(0.,1.,0.));
#11001=DIRECTION('center_axis',(1.,0.,0.));
#11002=DIRECTION('ref_axis',(0.,3.71499006786733E-14,1.));
#11003=DIRECTION('center_axis',(1.,0.,0.));
#11004=DIRECTION('ref_axis',(0.,3.71499006786733E-14,1.));
#11005=DIRECTION('',(-0.996194698091746,3.22715368651317E-15,0.087155742747658));
#11006=DIRECTION('center_axis',(-1.,0.,0.));
#11007=DIRECTION('ref_axis',(0.,1.,0.));
#11008=DIRECTION('',(0.,0.,-1.));
#11009=DIRECTION('',(0.,-1.,0.));
#11010=DIRECTION('',(0.,0.,-1.));
#11011=DIRECTION('',(0.,1.,0.));
#11012=DIRECTION('',(0.,0.,1.));
#11013=DIRECTION('',(0.,1.,0.));
#11014=DIRECTION('',(0.,0.,-1.));
#11015=DIRECTION('',(0.,1.,0.));
#11016=DIRECTION('',(0.,0.,-1.));
#11017=DIRECTION('',(0.,1.,0.));
#11018=DIRECTION('',(0.,0.,-1.));
#11019=DIRECTION('',(0.,1.,0.));
#11020=DIRECTION('center_axis',(0.,-1.,0.));
#11021=DIRECTION('ref_axis',(1.,0.,0.));
#11022=DIRECTION('',(1.,0.,0.));
#11023=DIRECTION('',(-1.,0.,0.));
#11024=DIRECTION('center_axis',(0.,1.,0.));
#11025=DIRECTION('ref_axis',(0.,0.,-1.));
#11026=DIRECTION('center_axis',(0.,0.,-1.));
#11027=DIRECTION('ref_axis',(1.,0.,0.));
#11028=DIRECTION('center_axis',(0.,0.,1.));
#11029=DIRECTION('ref_axis',(0.,1.,0.));
#11030=DIRECTION('',(1.,0.,0.));
#11031=DIRECTION('center_axis',(0.,-1.,0.));
#11032=DIRECTION('ref_axis',(1.,0.,0.));
#11033=DIRECTION('center_axis',(0.,1.,0.));
#11034=DIRECTION('ref_axis',(0.,0.,-1.));
#11035=DIRECTION('',(-1.,0.,0.));
#11036=DIRECTION('center_axis',(0.,0.,1.));
#11037=DIRECTION('ref_axis',(1.,0.,0.));
#11038=DIRECTION('center_axis',(0.,0.,-1.));
#11039=DIRECTION('ref_axis',(0.,-1.,0.));
#11040=DIRECTION('',(-1.,0.,0.));
#11041=DIRECTION('center_axis',(0.,-1.,0.));
#11042=DIRECTION('ref_axis',(1.,0.,0.));
#11043=DIRECTION('center_axis',(0.,1.,0.));
#11044=DIRECTION('ref_axis',(0.,0.,-1.));
#11045=DIRECTION('',(1.,0.,0.));
#11046=DIRECTION('center_axis',(0.,0.,1.));
#11047=DIRECTION('ref_axis',(1.,0.,0.));
#11048=DIRECTION('center_axis',(0.,0.,-1.));
#11049=DIRECTION('ref_axis',(0.,-1.,0.));
#11050=DIRECTION('',(-1.,0.,0.));
#11051=DIRECTION('center_axis',(0.,1.,0.));
#11052=DIRECTION('ref_axis',(1.,0.,0.));
#11053=DIRECTION('',(1.,0.,0.));
#11054=DIRECTION('center_axis',(0.,-1.,0.));
#11055=DIRECTION('ref_axis',(0.,0.,1.));
#11056=DIRECTION('center_axis',(0.,0.,1.));
#11057=DIRECTION('ref_axis',(1.,0.,0.));
#11058=DIRECTION('center_axis',(0.,0.,-1.));
#11059=DIRECTION('ref_axis',(0.,-1.,0.));
#11060=DIRECTION('',(1.,0.,0.));
#11061=DIRECTION('center_axis',(0.,-1.,0.));
#11062=DIRECTION('ref_axis',(1.,0.,0.));
#11063=DIRECTION('center_axis',(0.,-1.,0.));
#11064=DIRECTION('ref_axis',(0.,0.,1.));
#11065=DIRECTION('',(-1.,0.,0.));
#11066=DIRECTION('center_axis',(0.,0.,-1.));
#11067=DIRECTION('ref_axis',(1.,0.,0.));
#11068=DIRECTION('center_axis',(0.,0.,1.));
#11069=DIRECTION('ref_axis',(0.,1.,0.));
#11070=DIRECTION('',(-1.,0.,0.));
#11071=DIRECTION('center_axis',(0.,1.,0.));
#11072=DIRECTION('ref_axis',(1.,0.,0.));
#11073=DIRECTION('center_axis',(0.,-1.,0.));
#11074=DIRECTION('ref_axis',(0.,0.,1.));
#11075=DIRECTION('',(1.,0.,0.));
#11076=DIRECTION('center_axis',(0.,0.,1.));
#11077=DIRECTION('ref_axis',(1.,0.,0.));
#11078=DIRECTION('center_axis',(0.,0.,1.));
#11079=DIRECTION('ref_axis',(0.,1.,0.));
#11080=DIRECTION('center_axis',(0.,0.,1.));
#11081=DIRECTION('ref_axis',(-0.999996669166097,-0.00258101854170349,0.));
#11082=DIRECTION('center_axis',(1.,0.,0.));
#11083=DIRECTION('ref_axis',(0.,3.71499006786733E-14,1.));
#11084=DIRECTION('center_axis',(1.,0.,0.));
#11085=DIRECTION('ref_axis',(0.,1.,0.));
#11086=DIRECTION('center_axis',(1.,0.,0.));
#11087=DIRECTION('ref_axis',(0.,3.71499006786733E-14,1.));
#11088=DIRECTION('center_axis',(1.,0.,0.));
#11089=DIRECTION('ref_axis',(0.,3.71499006786733E-14,1.));
#11090=DIRECTION('',(-0.996194698091746,3.22715368651317E-15,0.087155742747658));
#11091=DIRECTION('center_axis',(1.,0.,0.));
#11092=DIRECTION('ref_axis',(0.,1.,0.));
#11093=DIRECTION('',(0.,0.,-1.));
#11094=DIRECTION('',(0.,1.,0.));
#11095=DIRECTION('',(0.,0.,-1.));
#11096=DIRECTION('',(0.,-1.,0.));
#11097=DIRECTION('',(0.,0.,1.));
#11098=DIRECTION('',(0.,-1.,0.));
#11099=DIRECTION('',(0.,0.,-1.));
#11100=DIRECTION('',(0.,-1.,0.));
#11101=DIRECTION('',(0.,0.,-1.));
#11102=DIRECTION('',(0.,-1.,0.));
#11103=DIRECTION('',(0.,0.,-1.));
#11104=DIRECTION('',(0.,-1.,0.));
#11105=DIRECTION('center_axis',(0.,1.,0.));
#11106=DIRECTION('ref_axis',(1.,0.,0.));
#11107=DIRECTION('',(-1.,0.,0.));
#11108=DIRECTION('',(1.,0.,0.));
#11109=DIRECTION('center_axis',(0.,-1.,0.));
#11110=DIRECTION('ref_axis',(0.,0.,1.));
#11111=DIRECTION('center_axis',(0.,0.,-1.));
#11112=DIRECTION('ref_axis',(1.,0.,0.));
#11113=DIRECTION('center_axis',(0.,0.,1.));
#11114=DIRECTION('ref_axis',(0.,1.,0.));
#11115=DIRECTION('',(-1.,0.,0.));
#11116=DIRECTION('center_axis',(0.,1.,0.));
#11117=DIRECTION('ref_axis',(1.,0.,0.));
#11118=DIRECTION('center_axis',(0.,-1.,0.));
#11119=DIRECTION('ref_axis',(0.,0.,1.));
#11120=DIRECTION('',(1.,0.,0.));
#11121=DIRECTION('center_axis',(0.,0.,1.));
#11122=DIRECTION('ref_axis',(1.,0.,0.));
#11123=DIRECTION('center_axis',(0.,0.,-1.));
#11124=DIRECTION('ref_axis',(0.,-1.,0.));
#11125=DIRECTION('',(1.,0.,0.));
#11126=DIRECTION('center_axis',(0.,1.,0.));
#11127=DIRECTION('ref_axis',(1.,0.,0.));
#11128=DIRECTION('center_axis',(0.,-1.,0.));
#11129=DIRECTION('ref_axis',(0.,0.,1.));
#11130=DIRECTION('',(-1.,0.,0.));
#11131=DIRECTION('center_axis',(0.,0.,1.));
#11132=DIRECTION('ref_axis',(1.,0.,0.));
#11133=DIRECTION('center_axis',(0.,0.,-1.));
#11134=DIRECTION('ref_axis',(0.,-1.,0.));
#11135=DIRECTION('',(1.,0.,0.));
#11136=DIRECTION('center_axis',(0.,-1.,0.));
#11137=DIRECTION('ref_axis',(1.,0.,0.));
#11138=DIRECTION('',(-1.,0.,0.));
#11139=DIRECTION('center_axis',(0.,1.,0.));
#11140=DIRECTION('ref_axis',(0.,0.,-1.));
#11141=DIRECTION('center_axis',(0.,0.,1.));
#11142=DIRECTION('ref_axis',(1.,0.,0.));
#11143=DIRECTION('center_axis',(0.,0.,-1.));
#11144=DIRECTION('ref_axis',(0.,-1.,0.));
#11145=DIRECTION('',(-1.,0.,0.));
#11146=DIRECTION('center_axis',(0.,1.,0.));
#11147=DIRECTION('ref_axis',(1.,0.,0.));
#11148=DIRECTION('center_axis',(0.,1.,0.));
#11149=DIRECTION('ref_axis',(0.,0.,-1.));
#11150=DIRECTION('',(1.,0.,0.));
#11151=DIRECTION('center_axis',(0.,0.,-1.));
#11152=DIRECTION('ref_axis',(1.,0.,0.));
#11153=DIRECTION('center_axis',(0.,0.,1.));
#11154=DIRECTION('ref_axis',(0.,1.,0.));
#11155=DIRECTION('',(1.,0.,0.));
#11156=DIRECTION('center_axis',(0.,-1.,0.));
#11157=DIRECTION('ref_axis',(1.,0.,0.));
#11158=DIRECTION('center_axis',(0.,1.,0.));
#11159=DIRECTION('ref_axis',(0.,0.,-1.));
#11160=DIRECTION('',(-1.,0.,0.));
#11161=DIRECTION('center_axis',(0.,0.,1.));
#11162=DIRECTION('ref_axis',(1.,0.,0.));
#11163=DIRECTION('center_axis',(0.,0.,1.));
#11164=DIRECTION('ref_axis',(0.,1.,0.));
#11165=DIRECTION('center_axis',(0.,0.,1.));
#11166=DIRECTION('ref_axis',(1.,0.,0.));
#11167=DIRECTION('center_axis',(-1.,0.,0.));
#11168=DIRECTION('ref_axis',(0.,-3.71499006786733E-14,1.));
#11169=DIRECTION('center_axis',(-1.,0.,0.));
#11170=DIRECTION('ref_axis',(0.,1.,0.));
#11171=DIRECTION('center_axis',(-1.,0.,0.));
#11172=DIRECTION('ref_axis',(0.,-3.71499006786733E-14,1.));
#11173=DIRECTION('center_axis',(-1.,0.,0.));
#11174=DIRECTION('ref_axis',(0.,-3.71499006786733E-14,1.));
#11175=DIRECTION('',(0.996194698091746,-3.22715368651317E-15,0.087155742747658));
#11176=DIRECTION('center_axis',(-1.,0.,0.));
#11177=DIRECTION('ref_axis',(0.,1.,0.));
#11178=DIRECTION('',(0.,0.,1.));
#11179=DIRECTION('center_axis',(-1.,0.,0.));
#11180=DIRECTION('ref_axis',(0.,-0.379310344828246,0.925269507930677));
#11181=DIRECTION('center_axis',(1.,0.,0.));
#11182=DIRECTION('ref_axis',(0.,0.860662490600268,-0.509175880490959));
#11183=DIRECTION('center_axis',(-1.,0.,0.));
#11184=DIRECTION('ref_axis',(0.,-0.0871557427476485,0.996194698091746));
#11185=DIRECTION('',(0.,0.996194698083961,0.0871557428366414));
#11186=DIRECTION('center_axis',(1.,0.,0.));
#11187=DIRECTION('ref_axis',(0.,1.,3.55271367880051E-15));
#11188=DIRECTION('',(0.,0.,1.));
#11189=DIRECTION('center_axis',(1.,0.,0.));
#11190=DIRECTION('ref_axis',(0.,0.0871557427476585,0.996194698091746));
#11191=DIRECTION('',(0.,-0.996194698093136,0.08715574273176));
#11192=DIRECTION('center_axis',(-1.,0.,0.));
#11193=DIRECTION('ref_axis',(0.,-0.846215424453432,-0.532840928811872));
#11194=DIRECTION('center_axis',(1.,0.,0.));
#11195=DIRECTION('ref_axis',(0.,0.379310344828251,0.925269507930675));
#11196=DIRECTION('center_axis',(-1.,0.,0.));
#11197=DIRECTION('ref_axis',(0.,-1.,-3.55271367880048E-15));
#11198=DIRECTION('',(0.,0.,1.));
#11199=DIRECTION('',(0.,0.707106781186548,0.707106781186548));
#11200=DIRECTION('',(0.,1.,0.));
#11201=DIRECTION('',(0.,0.707106781186548,-0.707106781186548));
#11202=DIRECTION('',(0.,0.,-1.));
#11203=DIRECTION('center_axis',(-1.,0.,0.));
#11204=DIRECTION('ref_axis',(0.,0.379310344828246,-0.925269507930677));
#11205=DIRECTION('center_axis',(1.,0.,0.));
#11206=DIRECTION('ref_axis',(0.,-0.846215424453429,0.532840928811877));
#11207=DIRECTION('center_axis',(-1.,0.,0.));
#11208=DIRECTION('ref_axis',(0.,0.0871557427476736,-0.996194698091744));
#11209=DIRECTION('',(0.,-0.996194698093136,-0.0871557427317597));
#11210=DIRECTION('center_axis',(1.,0.,0.));
#11211=DIRECTION('ref_axis',(0.,-1.,3.55271367880049E-15));
#11212=DIRECTION('',(0.,0.,-1.));
#11213=DIRECTION('center_axis',(1.,0.,0.));
#11214=DIRECTION('ref_axis',(0.,-0.0871557427476617,-0.996194698091745));
#11215=DIRECTION('',(0.,0.996194698083961,-0.0871557428366416));
#11216=DIRECTION('center_axis',(-1.,0.,0.));
#11217=DIRECTION('ref_axis',(0.,0.860662490600269,0.509175880490958));
#11218=DIRECTION('center_axis',(1.,0.,0.));
#11219=DIRECTION('ref_axis',(0.,-0.379310344828247,-0.925269507930677));
#11220=DIRECTION('center_axis',(-1.,0.,0.));
#11221=DIRECTION('ref_axis',(0.,1.,0.));
#11222=DIRECTION('',(0.,0.,-1.));
#11223=DIRECTION('',(0.,-1.,0.));
#11224=DIRECTION('',(0.,-0.707106781186548,-0.707106781186548));
#11225=DIRECTION('',(0.,0.,-1.));
#11226=DIRECTION('',(0.,0.707106781186548,-0.707106781186548));
#11227=DIRECTION('',(0.,1.,0.));
#11228=DIRECTION('',(0.,0.707106781186548,0.707106781186548));
#11229=DIRECTION('',(0.,0.,1.));
#11230=DIRECTION('',(0.,-0.707106781186548,0.707106781186548));
#11231=DIRECTION('',(0.,-1.,0.));
#11232=DIRECTION('center_axis',(1.,0.,0.));
#11233=DIRECTION('ref_axis',(0.,1.,0.));
#11234=DIRECTION('center_axis',(1.,0.,0.));
#11235=DIRECTION('ref_axis',(0.,0.,1.));
#11236=DIRECTION('center_axis',(1.,0.,0.));
#11237=DIRECTION('ref_axis',(0.,-0.379310344828246,0.925269507930677));
#11238=DIRECTION('',(1.,0.,0.));
#11239=DIRECTION('center_axis',(1.,0.,0.));
#11240=DIRECTION('ref_axis',(0.,-0.379310344828246,0.925269507930677));
#11241=DIRECTION('',(1.,0.,0.));
#11242=DIRECTION('center_axis',(1.,0.,0.));
#11243=DIRECTION('ref_axis',(0.,0.860662490600268,-0.509175880490959));
#11244=DIRECTION('center_axis',(-1.,0.,0.));
#11245=DIRECTION('ref_axis',(0.,0.860662490600268,-0.509175880490959));
#11246=DIRECTION('',(1.,0.,0.));
#11247=DIRECTION('center_axis',(1.,0.,0.));
#11248=DIRECTION('ref_axis',(0.,-0.0871557427476485,0.996194698091746));
#11249=DIRECTION('center_axis',(1.,0.,0.));
#11250=DIRECTION('ref_axis',(0.,-0.0871557427476485,0.996194698091746));
#11251=DIRECTION('',(1.,0.,0.));
#11252=DIRECTION('center_axis',(0.,-0.0871557428366414,0.996194698083961));
#11253=DIRECTION('ref_axis',(1.,0.,0.));
#11254=DIRECTION('',(0.,-0.996194698083961,-0.0871557428366414));
#11255=DIRECTION('',(1.,0.,0.));
#11256=DIRECTION('center_axis',(1.,0.,0.));
#11257=DIRECTION('ref_axis',(0.,1.,3.55271367880051E-15));
#11258=DIRECTION('center_axis',(-1.,0.,0.));
#11259=DIRECTION('ref_axis',(0.,1.,3.55271367880051E-15));
#11260=DIRECTION('',(1.,0.,0.));
#11261=DIRECTION('center_axis',(0.,-1.,0.));
#11262=DIRECTION('ref_axis',(1.,0.,0.));
#11263=DIRECTION('',(0.,0.,-1.));
#11264=DIRECTION('',(1.,0.,0.));
#11265=DIRECTION('center_axis',(1.,0.,0.));
#11266=DIRECTION('ref_axis',(0.,0.0871557427476585,0.996194698091746));
#11267=DIRECTION('center_axis',(-1.,0.,0.));
#11268=DIRECTION('ref_axis',(0.,0.0871557427476585,0.996194698091746));
#11269=DIRECTION('',(1.,0.,0.));
#11270=DIRECTION('center_axis',(0.,-0.0871557427317599,-0.996194698093136));
#11271=DIRECTION('ref_axis',(1.,0.,0.));
#11272=DIRECTION('',(0.,0.996194698093136,-0.08715574273176));
#11273=DIRECTION('',(1.,0.,0.));
#11274=DIRECTION('center_axis',(1.,0.,0.));
#11275=DIRECTION('ref_axis',(0.,-0.846215424453432,-0.532840928811872));
#11276=DIRECTION('center_axis',(1.,0.,0.));
#11277=DIRECTION('ref_axis',(0.,-0.846215424453432,-0.532840928811872));
#11278=DIRECTION('',(1.,0.,0.));
#11279=DIRECTION('center_axis',(1.,0.,0.));
#11280=DIRECTION('ref_axis',(0.,0.379310344828251,0.925269507930675));
#11281=DIRECTION('center_axis',(-1.,0.,0.));
#11282=DIRECTION('ref_axis',(0.,0.379310344828251,0.925269507930675));
#11283=DIRECTION('',(1.,0.,0.));
#11284=DIRECTION('center_axis',(1.,0.,0.));
#11285=DIRECTION('ref_axis',(0.,-1.,-3.55271367880048E-15));
#11286=DIRECTION('center_axis',(1.,0.,0.));
#11287=DIRECTION('ref_axis',(0.,-1.,-3.55271367880048E-15));
#11288=DIRECTION('',(1.,0.,0.));
#11289=DIRECTION('center_axis',(0.,-1.,0.));
#11290=DIRECTION('ref_axis',(1.,0.,0.));
#11291=DIRECTION('',(0.,0.,-1.));
#11292=DIRECTION('',(1.,0.,0.));
#11293=DIRECTION('center_axis',(0.,-0.707106781186548,0.707106781186548));
#11294=DIRECTION('ref_axis',(1.,0.,0.));
#11295=DIRECTION('',(0.,-0.707106781186548,-0.707106781186548));
#11296=DIRECTION('',(1.,0.,0.));
#11297=DIRECTION('center_axis',(0.,0.,1.));
#11298=DIRECTION('ref_axis',(1.,0.,0.));
#11299=DIRECTION('',(0.,-1.,0.));
#11300=DIRECTION('',(1.,0.,0.));
#11301=DIRECTION('center_axis',(0.,0.707106781186548,0.707106781186548));
#11302=DIRECTION('ref_axis',(1.,0.,0.));
#11303=DIRECTION('',(0.,-0.707106781186548,0.707106781186548));
#11304=DIRECTION('',(1.,0.,0.));
#11305=DIRECTION('center_axis',(0.,1.,0.));
#11306=DIRECTION('ref_axis',(1.,0.,0.));
#11307=DIRECTION('',(0.,0.,1.));
#11308=DIRECTION('',(1.,0.,0.));
#11309=DIRECTION('center_axis',(1.,0.,0.));
#11310=DIRECTION('ref_axis',(0.,0.379310344828246,-0.925269507930677));
#11311=DIRECTION('center_axis',(1.,0.,0.));
#11312=DIRECTION('ref_axis',(0.,0.379310344828246,-0.925269507930677));
#11313=DIRECTION('',(1.,0.,0.));
#11314=DIRECTION('center_axis',(1.,0.,0.));
#11315=DIRECTION('ref_axis',(0.,-0.846215424453429,0.532840928811877));
#11316=DIRECTION('center_axis',(-1.,0.,0.));
#11317=DIRECTION('ref_axis',(0.,-0.846215424453429,0.532840928811877));
#11318=DIRECTION('',(1.,0.,0.));
#11319=DIRECTION('center_axis',(1.,0.,0.));
#11320=DIRECTION('ref_axis',(0.,0.0871557427476736,-0.996194698091744));
#11321=DIRECTION('center_axis',(1.,0.,0.));
#11322=DIRECTION('ref_axis',(0.,0.0871557427476736,-0.996194698091744));
#11323=DIRECTION('',(1.,0.,0.));
#11324=DIRECTION('center_axis',(0.,0.0871557427317597,-0.996194698093136));
#11325=DIRECTION('ref_axis',(1.,0.,0.));
#11326=DIRECTION('',(0.,0.996194698093136,0.0871557427317597));
#11327=DIRECTION('',(1.,0.,0.));
#11328=DIRECTION('center_axis',(1.,0.,0.));
#11329=DIRECTION('ref_axis',(0.,-1.,3.55271367880049E-15));
#11330=DIRECTION('center_axis',(-1.,0.,0.));
#11331=DIRECTION('ref_axis',(0.,-1.,3.55271367880049E-15));
#11332=DIRECTION('',(1.,0.,0.));
#11333=DIRECTION('center_axis',(0.,1.,0.));
#11334=DIRECTION('ref_axis',(1.,0.,0.));
#11335=DIRECTION('',(0.,0.,1.));
#11336=DIRECTION('',(1.,0.,0.));
#11337=DIRECTION('center_axis',(1.,0.,0.));
#11338=DIRECTION('ref_axis',(0.,-0.0871557427476617,-0.996194698091745));
#11339=DIRECTION('center_axis',(-1.,0.,0.));
#11340=DIRECTION('ref_axis',(0.,-0.0871557427476617,-0.996194698091745));
#11341=DIRECTION('',(1.,0.,0.));
#11342=DIRECTION('center_axis',(0.,0.0871557428366416,0.996194698083961));
#11343=DIRECTION('ref_axis',(1.,0.,0.));
#11344=DIRECTION('',(0.,-0.996194698083961,0.0871557428366416));
#11345=DIRECTION('',(1.,0.,0.));
#11346=DIRECTION('center_axis',(1.,0.,0.));
#11347=DIRECTION('ref_axis',(0.,0.860662490600269,0.509175880490958));
#11348=DIRECTION('center_axis',(1.,0.,0.));
#11349=DIRECTION('ref_axis',(0.,0.860662490600269,0.509175880490958));
#11350=DIRECTION('',(1.,0.,0.));
#11351=DIRECTION('center_axis',(1.,0.,0.));
#11352=DIRECTION('ref_axis',(0.,-0.379310344828247,-0.925269507930677));
#11353=DIRECTION('center_axis',(-1.,0.,0.));
#11354=DIRECTION('ref_axis',(0.,-0.379310344828247,-0.925269507930677));
#11355=DIRECTION('',(1.,0.,0.));
#11356=DIRECTION('center_axis',(1.,0.,0.));
#11357=DIRECTION('ref_axis',(0.,1.,0.));
#11358=DIRECTION('center_axis',(1.,0.,0.));
#11359=DIRECTION('ref_axis',(0.,1.,0.));
#11360=DIRECTION('',(1.,0.,0.));
#11361=DIRECTION('center_axis',(0.,1.,0.));
#11362=DIRECTION('ref_axis',(1.,0.,0.));
#11363=DIRECTION('',(-1.,0.,0.));
#11364=DIRECTION('',(0.,0.,1.));
#11365=DIRECTION('center_axis',(0.,0.,-1.));
#11366=DIRECTION('ref_axis',(1.,0.,0.));
#11367=DIRECTION('',(0.,-1.,0.));
#11368=DIRECTION('',(1.,0.,0.));
#11369=DIRECTION('center_axis',(0.,0.707106781186548,-0.707106781186548));
#11370=DIRECTION('ref_axis',(1.,0.,0.));
#11371=DIRECTION('',(0.,-0.707106781186548,-0.707106781186548));
#11372=DIRECTION('',(1.,0.,0.));
#11373=DIRECTION('center_axis',(0.,1.,0.));
#11374=DIRECTION('ref_axis',(1.,0.,0.));
#11375=DIRECTION('',(0.,0.,-1.));
#11376=DIRECTION('',(1.,0.,0.));
#11377=DIRECTION('center_axis',(0.,0.707106781186548,0.707106781186548));
#11378=DIRECTION('ref_axis',(1.,0.,0.));
#11379=DIRECTION('',(0.,0.707106781186548,-0.707106781186548));
#11380=DIRECTION('',(1.,0.,0.));
#11381=DIRECTION('center_axis',(0.,0.,1.));
#11382=DIRECTION('ref_axis',(1.,0.,0.));
#11383=DIRECTION('',(0.,1.,0.));
#11384=DIRECTION('',(1.,0.,0.));
#11385=DIRECTION('center_axis',(0.,-0.707106781186548,0.707106781186548));
#11386=DIRECTION('ref_axis',(1.,0.,0.));
#11387=DIRECTION('',(0.,0.707106781186548,0.707106781186548));
#11388=DIRECTION('',(1.,0.,0.));
#11389=DIRECTION('center_axis',(0.,-1.,0.));
#11390=DIRECTION('ref_axis',(1.,0.,0.));
#11391=DIRECTION('',(0.,0.,1.));
#11392=DIRECTION('',(1.,0.,0.));
#11393=DIRECTION('center_axis',(0.,-0.707106781186548,-0.707106781186548));
#11394=DIRECTION('ref_axis',(1.,0.,0.));
#11395=DIRECTION('',(0.,-0.707106781186548,0.707106781186548));
#11396=DIRECTION('',(1.,0.,0.));
#11397=DIRECTION('center_axis',(0.,0.,-1.));
#11398=DIRECTION('ref_axis',(1.,0.,0.));
#11399=DIRECTION('',(1.,0.,0.));
#11400=DIRECTION('',(0.,-1.,0.));
#11401=DIRECTION('center_axis',(0.,-1.,0.));
#11402=DIRECTION('ref_axis',(1.,0.,0.));
#11403=DIRECTION('',(0.,0.,-1.));
#11404=DIRECTION('center_axis',(1.,0.,0.));
#11405=DIRECTION('ref_axis',(0.,0.,1.));
#11406=DIRECTION('center_axis',(1.,0.,0.));
#11407=DIRECTION('ref_axis',(0.,0.,1.));
#11408=DIRECTION('',(1.,0.,0.));
#11409=DIRECTION('center_axis',(-1.,0.,0.));
#11410=DIRECTION('ref_axis',(0.,1.,0.));
#11411=DIRECTION('center_axis',(1.,0.,0.));
#11412=DIRECTION('ref_axis',(0.,0.,-1.));
#11413=DIRECTION('center_axis',(1.,0.,0.));
#11414=DIRECTION('ref_axis',(0.,1.,0.));
#11415=DIRECTION('center_axis',(1.,0.,0.));
#11416=DIRECTION('ref_axis',(0.,0.,-1.));
#11417=DIRECTION('center_axis',(1.,0.,0.));
#11418=DIRECTION('ref_axis',(0.,0.,-1.));
#11419=DIRECTION('',(1.,0.,0.));
#11420=DIRECTION('center_axis',(1.,0.,0.));
#11421=DIRECTION('ref_axis',(0.,1.,0.));
#11422=DIRECTION('',(0.,0.,-1.));
#11423=DIRECTION('',(0.,1.,0.));
#11424=DIRECTION('',(0.,0.,-1.));
#11425=DIRECTION('',(0.,-1.,0.));
#11426=DIRECTION('',(0.,0.,1.));
#11427=DIRECTION('',(0.,-1.,0.));
#11428=DIRECTION('',(0.,0.,-1.));
#11429=DIRECTION('',(0.,-1.,0.));
#11430=DIRECTION('',(0.,0.,-1.));
#11431=DIRECTION('',(0.,-1.,0.));
#11432=DIRECTION('',(0.,0.,-1.));
#11433=DIRECTION('',(0.,-1.,0.));
#11434=DIRECTION('center_axis',(0.,1.,0.));
#11435=DIRECTION('ref_axis',(1.,0.,0.));
#11436=DIRECTION('',(-1.,0.,0.));
#11437=DIRECTION('',(1.,0.,0.));
#11438=DIRECTION('center_axis',(0.,-1.,0.));
#11439=DIRECTION('ref_axis',(0.,0.,1.));
#11440=DIRECTION('center_axis',(0.,0.,-1.));
#11441=DIRECTION('ref_axis',(1.,0.,0.));
#11442=DIRECTION('center_axis',(0.,0.,1.));
#11443=DIRECTION('ref_axis',(0.,1.,0.));
#11444=DIRECTION('',(-1.,0.,0.));
#11445=DIRECTION('center_axis',(0.,1.,0.));
#11446=DIRECTION('ref_axis',(1.,0.,0.));
#11447=DIRECTION('center_axis',(0.,-1.,0.));
#11448=DIRECTION('ref_axis',(0.,0.,1.));
#11449=DIRECTION('',(1.,0.,0.));
#11450=DIRECTION('center_axis',(0.,0.,1.));
#11451=DIRECTION('ref_axis',(1.,0.,0.));
#11452=DIRECTION('center_axis',(0.,0.,-1.));
#11453=DIRECTION('ref_axis',(0.,-1.,0.));
#11454=DIRECTION('',(1.,0.,0.));
#11455=DIRECTION('center_axis',(0.,1.,0.));
#11456=DIRECTION('ref_axis',(1.,0.,0.));
#11457=DIRECTION('center_axis',(0.,-1.,0.));
#11458=DIRECTION('ref_axis',(0.,0.,1.));
#11459=DIRECTION('',(-1.,0.,0.));
#11460=DIRECTION('center_axis',(0.,0.,1.));
#11461=DIRECTION('ref_axis',(1.,0.,0.));
#11462=DIRECTION('center_axis',(0.,0.,-1.));
#11463=DIRECTION('ref_axis',(0.,-1.,0.));
#11464=DIRECTION('',(1.,0.,0.));
#11465=DIRECTION('center_axis',(0.,-1.,0.));
#11466=DIRECTION('ref_axis',(1.,0.,0.));
#11467=DIRECTION('',(-1.,0.,0.));
#11468=DIRECTION('center_axis',(0.,1.,0.));
#11469=DIRECTION('ref_axis',(0.,0.,-1.));
#11470=DIRECTION('center_axis',(0.,0.,1.));
#11471=DIRECTION('ref_axis',(1.,0.,0.));
#11472=DIRECTION('center_axis',(0.,0.,-1.));
#11473=DIRECTION('ref_axis',(0.,-1.,0.));
#11474=DIRECTION('',(-1.,0.,0.));
#11475=DIRECTION('center_axis',(0.,1.,0.));
#11476=DIRECTION('ref_axis',(1.,0.,0.));
#11477=DIRECTION('center_axis',(0.,1.,0.));
#11478=DIRECTION('ref_axis',(0.,0.,-1.));
#11479=DIRECTION('',(1.,0.,0.));
#11480=DIRECTION('center_axis',(0.,0.,-1.));
#11481=DIRECTION('ref_axis',(1.,0.,0.));
#11482=DIRECTION('center_axis',(0.,0.,1.));
#11483=DIRECTION('ref_axis',(0.,1.,0.));
#11484=DIRECTION('',(1.,0.,0.));
#11485=DIRECTION('center_axis',(0.,-1.,0.));
#11486=DIRECTION('ref_axis',(1.,0.,0.));
#11487=DIRECTION('center_axis',(0.,1.,0.));
#11488=DIRECTION('ref_axis',(0.,0.,-1.));
#11489=DIRECTION('',(-1.,0.,0.));
#11490=DIRECTION('center_axis',(0.,0.,1.));
#11491=DIRECTION('ref_axis',(1.,0.,0.));
#11492=DIRECTION('center_axis',(0.,0.,1.));
#11493=DIRECTION('ref_axis',(0.,1.,0.));
#11494=DIRECTION('center_axis',(0.,0.,1.));
#11495=DIRECTION('ref_axis',(1.,0.,0.));
#11496=DIRECTION('center_axis',(-1.,0.,0.));
#11497=DIRECTION('ref_axis',(0.,-3.71499006786733E-14,1.));
#11498=DIRECTION('center_axis',(-1.,0.,0.));
#11499=DIRECTION('ref_axis',(0.,1.,0.));
#11500=DIRECTION('center_axis',(-1.,0.,0.));
#11501=DIRECTION('ref_axis',(0.,-3.71499006786733E-14,1.));
#11502=DIRECTION('center_axis',(-1.,0.,0.));
#11503=DIRECTION('ref_axis',(0.,-3.71499006786733E-14,1.));
#11504=DIRECTION('',(0.996194698091746,-3.22715368651317E-15,0.087155742747658));
#11505=DIRECTION('center_axis',(1.,0.,0.));
#11506=DIRECTION('ref_axis',(0.,1.,0.));
#11507=DIRECTION('',(0.,0.,1.));
#11508=DIRECTION('center_axis',(1.,0.,0.));
#11509=DIRECTION('ref_axis',(0.,0.379310344828246,0.925269507930677));
#11510=DIRECTION('center_axis',(-1.,0.,0.));
#11511=DIRECTION('ref_axis',(0.,-0.860662490600268,-0.509175880490959));
#11512=DIRECTION('center_axis',(1.,0.,0.));
#11513=DIRECTION('ref_axis',(0.,0.0871557427476485,0.996194698091746));
#11514=DIRECTION('',(0.,-0.996194698083961,0.0871557428366414));
#11515=DIRECTION('center_axis',(-1.,0.,0.));
#11516=DIRECTION('ref_axis',(0.,-1.,3.55271367880051E-15));
#11517=DIRECTION('',(0.,0.,1.));
#11518=DIRECTION('center_axis',(-1.,0.,0.));
#11519=DIRECTION('ref_axis',(0.,-0.0871557427476585,0.996194698091746));
#11520=DIRECTION('',(0.,0.996194698093136,0.08715574273176));
#11521=DIRECTION('center_axis',(1.,0.,0.));
#11522=DIRECTION('ref_axis',(0.,0.846215424453432,-0.532840928811872));
#11523=DIRECTION('center_axis',(-1.,0.,0.));
#11524=DIRECTION('ref_axis',(0.,-0.379310344828251,0.925269507930675));
#11525=DIRECTION('center_axis',(1.,0.,0.));
#11526=DIRECTION('ref_axis',(0.,1.,-3.55271367880048E-15));
#11527=DIRECTION('',(0.,0.,1.));
#11528=DIRECTION('',(0.,-0.707106781186548,0.707106781186548));
#11529=DIRECTION('',(0.,-1.,0.));
#11530=DIRECTION('',(0.,-0.707106781186548,-0.707106781186548));
#11531=DIRECTION('',(0.,0.,-1.));
#11532=DIRECTION('center_axis',(1.,0.,0.));
#11533=DIRECTION('ref_axis',(0.,-0.379310344828246,-0.925269507930677));
#11534=DIRECTION('center_axis',(-1.,0.,0.));
#11535=DIRECTION('ref_axis',(0.,0.846215424453429,0.532840928811877));
#11536=DIRECTION('center_axis',(1.,0.,0.));
#11537=DIRECTION('ref_axis',(0.,-0.0871557427476736,-0.996194698091744));
#11538=DIRECTION('',(0.,0.996194698093136,-0.0871557427317597));
#11539=DIRECTION('center_axis',(-1.,0.,0.));
#11540=DIRECTION('ref_axis',(0.,1.,3.55271367880049E-15));
#11541=DIRECTION('',(0.,0.,-1.));
#11542=DIRECTION('center_axis',(-1.,0.,0.));
#11543=DIRECTION('ref_axis',(0.,0.0871557427476617,-0.996194698091745));
#11544=DIRECTION('',(0.,-0.996194698083961,-0.0871557428366416));
#11545=DIRECTION('center_axis',(1.,0.,0.));
#11546=DIRECTION('ref_axis',(0.,-0.860662490600269,0.509175880490958));
#11547=DIRECTION('center_axis',(-1.,0.,0.));
#11548=DIRECTION('ref_axis',(0.,0.379310344828247,-0.925269507930677));
#11549=DIRECTION('center_axis',(1.,0.,0.));
#11550=DIRECTION('ref_axis',(0.,-1.,0.));
#11551=DIRECTION('',(0.,0.,-1.));
#11552=DIRECTION('',(0.,1.,0.));
#11553=DIRECTION('',(0.,0.707106781186548,-0.707106781186548));
#11554=DIRECTION('',(0.,0.,-1.));
#11555=DIRECTION('',(0.,-0.707106781186548,-0.707106781186548));
#11556=DIRECTION('',(0.,-1.,0.));
#11557=DIRECTION('',(0.,-0.707106781186548,0.707106781186548));
#11558=DIRECTION('',(0.,0.,1.));
#11559=DIRECTION('',(0.,0.707106781186548,0.707106781186548));
#11560=DIRECTION('',(0.,1.,0.));
#11561=DIRECTION('center_axis',(-1.,0.,0.));
#11562=DIRECTION('ref_axis',(0.,1.,0.));
#11563=DIRECTION('center_axis',(-1.,0.,0.));
#11564=DIRECTION('ref_axis',(0.,0.,-1.));
#11565=DIRECTION('center_axis',(-1.,0.,0.));
#11566=DIRECTION('ref_axis',(0.,0.379310344828246,0.925269507930677));
#11567=DIRECTION('',(-1.,0.,0.));
#11568=DIRECTION('center_axis',(-1.,0.,0.));
#11569=DIRECTION('ref_axis',(0.,0.379310344828246,0.925269507930677));
#11570=DIRECTION('',(-1.,0.,0.));
#11571=DIRECTION('center_axis',(-1.,0.,0.));
#11572=DIRECTION('ref_axis',(0.,-0.860662490600268,-0.509175880490959));
#11573=DIRECTION('center_axis',(1.,0.,0.));
#11574=DIRECTION('ref_axis',(0.,-0.860662490600268,-0.509175880490959));
#11575=DIRECTION('',(-1.,0.,0.));
#11576=DIRECTION('center_axis',(-1.,0.,0.));
#11577=DIRECTION('ref_axis',(0.,0.0871557427476485,0.996194698091746));
#11578=DIRECTION('center_axis',(-1.,0.,0.));
#11579=DIRECTION('ref_axis',(0.,0.0871557427476485,0.996194698091746));
#11580=DIRECTION('',(-1.,0.,0.));
#11581=DIRECTION('center_axis',(0.,0.0871557428366414,0.996194698083961));
#11582=DIRECTION('ref_axis',(1.,0.,0.));
#11583=DIRECTION('',(0.,0.996194698083961,-0.0871557428366414));
#11584=DIRECTION('',(-1.,0.,0.));
#11585=DIRECTION('center_axis',(-1.,0.,0.));
#11586=DIRECTION('ref_axis',(0.,-1.,3.55271367880051E-15));
#11587=DIRECTION('center_axis',(1.,0.,0.));
#11588=DIRECTION('ref_axis',(0.,-1.,3.55271367880051E-15));
#11589=DIRECTION('',(-1.,0.,0.));
#11590=DIRECTION('center_axis',(0.,1.,0.));
#11591=DIRECTION('ref_axis',(1.,0.,0.));
#11592=DIRECTION('',(0.,0.,-1.));
#11593=DIRECTION('',(-1.,0.,0.));
#11594=DIRECTION('center_axis',(-1.,0.,0.));
#11595=DIRECTION('ref_axis',(0.,-0.0871557427476585,0.996194698091746));
#11596=DIRECTION('center_axis',(1.,0.,0.));
#11597=DIRECTION('ref_axis',(0.,-0.0871557427476585,0.996194698091746));
#11598=DIRECTION('',(-1.,0.,0.));
#11599=DIRECTION('center_axis',(0.,0.0871557427317599,-0.996194698093136));
#11600=DIRECTION('ref_axis',(1.,0.,0.));
#11601=DIRECTION('',(0.,-0.996194698093136,-0.08715574273176));
#11602=DIRECTION('',(-1.,0.,0.));
#11603=DIRECTION('center_axis',(-1.,0.,0.));
#11604=DIRECTION('ref_axis',(0.,0.846215424453432,-0.532840928811872));
#11605=DIRECTION('center_axis',(-1.,0.,0.));
#11606=DIRECTION('ref_axis',(0.,0.846215424453432,-0.532840928811872));
#11607=DIRECTION('',(-1.,0.,0.));
#11608=DIRECTION('center_axis',(-1.,0.,0.));
#11609=DIRECTION('ref_axis',(0.,-0.379310344828251,0.925269507930675));
#11610=DIRECTION('center_axis',(1.,0.,0.));
#11611=DIRECTION('ref_axis',(0.,-0.379310344828251,0.925269507930675));
#11612=DIRECTION('',(-1.,0.,0.));
#11613=DIRECTION('center_axis',(-1.,0.,0.));
#11614=DIRECTION('ref_axis',(0.,1.,-3.55271367880048E-15));
#11615=DIRECTION('center_axis',(-1.,0.,0.));
#11616=DIRECTION('ref_axis',(0.,1.,-3.55271367880048E-15));
#11617=DIRECTION('',(-1.,0.,0.));
#11618=DIRECTION('center_axis',(0.,1.,0.));
#11619=DIRECTION('ref_axis',(1.,0.,0.));
#11620=DIRECTION('',(0.,0.,-1.));
#11621=DIRECTION('',(-1.,0.,0.));
#11622=DIRECTION('center_axis',(0.,0.707106781186548,0.707106781186548));
#11623=DIRECTION('ref_axis',(1.,0.,0.));
#11624=DIRECTION('',(0.,0.707106781186548,-0.707106781186548));
#11625=DIRECTION('',(-1.,0.,0.));
#11626=DIRECTION('center_axis',(0.,0.,1.));
#11627=DIRECTION('ref_axis',(1.,0.,0.));
#11628=DIRECTION('',(0.,1.,0.));
#11629=DIRECTION('',(-1.,0.,0.));
#11630=DIRECTION('center_axis',(0.,-0.707106781186548,0.707106781186548));
#11631=DIRECTION('ref_axis',(1.,0.,0.));
#11632=DIRECTION('',(0.,0.707106781186548,0.707106781186548));
#11633=DIRECTION('',(-1.,0.,0.));
#11634=DIRECTION('center_axis',(0.,-1.,0.));
#11635=DIRECTION('ref_axis',(1.,0.,0.));
#11636=DIRECTION('',(0.,0.,1.));
#11637=DIRECTION('',(-1.,0.,0.));
#11638=DIRECTION('center_axis',(-1.,0.,0.));
#11639=DIRECTION('ref_axis',(0.,-0.379310344828246,-0.925269507930677));
#11640=DIRECTION('center_axis',(-1.,0.,0.));
#11641=DIRECTION('ref_axis',(0.,-0.379310344828246,-0.925269507930677));
#11642=DIRECTION('',(-1.,0.,0.));
#11643=DIRECTION('center_axis',(-1.,0.,0.));
#11644=DIRECTION('ref_axis',(0.,0.846215424453429,0.532840928811877));
#11645=DIRECTION('center_axis',(1.,0.,0.));
#11646=DIRECTION('ref_axis',(0.,0.846215424453429,0.532840928811877));
#11647=DIRECTION('',(-1.,0.,0.));
#11648=DIRECTION('center_axis',(-1.,0.,0.));
#11649=DIRECTION('ref_axis',(0.,-0.0871557427476736,-0.996194698091744));
#11650=DIRECTION('center_axis',(-1.,0.,0.));
#11651=DIRECTION('ref_axis',(0.,-0.0871557427476736,-0.996194698091744));
#11652=DIRECTION('',(-1.,0.,0.));
#11653=DIRECTION('center_axis',(0.,-0.0871557427317597,-0.996194698093136));
#11654=DIRECTION('ref_axis',(1.,0.,0.));
#11655=DIRECTION('',(0.,-0.996194698093136,0.0871557427317597));
#11656=DIRECTION('',(-1.,0.,0.));
#11657=DIRECTION('center_axis',(-1.,0.,0.));
#11658=DIRECTION('ref_axis',(0.,1.,3.55271367880049E-15));
#11659=DIRECTION('center_axis',(1.,0.,0.));
#11660=DIRECTION('ref_axis',(0.,1.,3.55271367880049E-15));
#11661=DIRECTION('',(-1.,0.,0.));
#11662=DIRECTION('center_axis',(0.,-1.,0.));
#11663=DIRECTION('ref_axis',(1.,0.,0.));
#11664=DIRECTION('',(0.,0.,1.));
#11665=DIRECTION('',(-1.,0.,0.));
#11666=DIRECTION('center_axis',(-1.,0.,0.));
#11667=DIRECTION('ref_axis',(0.,0.0871557427476617,-0.996194698091745));
#11668=DIRECTION('center_axis',(1.,0.,0.));
#11669=DIRECTION('ref_axis',(0.,0.0871557427476617,-0.996194698091745));
#11670=DIRECTION('',(-1.,0.,0.));
#11671=DIRECTION('center_axis',(0.,-0.0871557428366416,0.996194698083961));
#11672=DIRECTION('ref_axis',(1.,0.,0.));
#11673=DIRECTION('',(0.,0.996194698083961,0.0871557428366416));
#11674=DIRECTION('',(-1.,0.,0.));
#11675=DIRECTION('center_axis',(-1.,0.,0.));
#11676=DIRECTION('ref_axis',(0.,-0.860662490600269,0.509175880490958));
#11677=DIRECTION('center_axis',(-1.,0.,0.));
#11678=DIRECTION('ref_axis',(0.,-0.860662490600269,0.509175880490958));
#11679=DIRECTION('',(-1.,0.,0.));
#11680=DIRECTION('center_axis',(-1.,0.,0.));
#11681=DIRECTION('ref_axis',(0.,0.379310344828247,-0.925269507930677));
#11682=DIRECTION('center_axis',(1.,0.,0.));
#11683=DIRECTION('ref_axis',(0.,0.379310344828247,-0.925269507930677));
#11684=DIRECTION('',(-1.,0.,0.));
#11685=DIRECTION('center_axis',(-1.,0.,0.));
#11686=DIRECTION('ref_axis',(0.,-1.,0.));
#11687=DIRECTION('center_axis',(-1.,0.,0.));
#11688=DIRECTION('ref_axis',(0.,-1.,0.));
#11689=DIRECTION('',(-1.,0.,0.));
#11690=DIRECTION('center_axis',(0.,-1.,0.));
#11691=DIRECTION('ref_axis',(1.,0.,0.));
#11692=DIRECTION('',(1.,0.,0.));
#11693=DIRECTION('',(0.,0.,1.));
#11694=DIRECTION('center_axis',(0.,0.,-1.));
#11695=DIRECTION('ref_axis',(1.,0.,0.));
#11696=DIRECTION('',(0.,1.,0.));
#11697=DIRECTION('',(-1.,0.,0.));
#11698=DIRECTION('center_axis',(0.,-0.707106781186548,-0.707106781186548));
#11699=DIRECTION('ref_axis',(1.,0.,0.));
#11700=DIRECTION('',(0.,0.707106781186548,-0.707106781186548));
#11701=DIRECTION('',(-1.,0.,0.));
#11702=DIRECTION('center_axis',(0.,-1.,0.));
#11703=DIRECTION('ref_axis',(1.,0.,0.));
#11704=DIRECTION('',(0.,0.,-1.));
#11705=DIRECTION('',(-1.,0.,0.));
#11706=DIRECTION('center_axis',(0.,-0.707106781186548,0.707106781186548));
#11707=DIRECTION('ref_axis',(1.,0.,0.));
#11708=DIRECTION('',(0.,-0.707106781186548,-0.707106781186548));
#11709=DIRECTION('',(-1.,0.,0.));
#11710=DIRECTION('center_axis',(0.,0.,1.));
#11711=DIRECTION('ref_axis',(1.,0.,0.));
#11712=DIRECTION('',(0.,-1.,0.));
#11713=DIRECTION('',(-1.,0.,0.));
#11714=DIRECTION('center_axis',(0.,0.707106781186548,0.707106781186548));
#11715=DIRECTION('ref_axis',(1.,0.,0.));
#11716=DIRECTION('',(0.,-0.707106781186548,0.707106781186548));
#11717=DIRECTION('',(-1.,0.,0.));
#11718=DIRECTION('center_axis',(0.,1.,0.));
#11719=DIRECTION('ref_axis',(1.,0.,0.));
#11720=DIRECTION('',(0.,0.,1.));
#11721=DIRECTION('',(-1.,0.,0.));
#11722=DIRECTION('center_axis',(0.,0.707106781186548,-0.707106781186548));
#11723=DIRECTION('ref_axis',(1.,0.,0.));
#11724=DIRECTION('',(0.,0.707106781186548,0.707106781186548));
#11725=DIRECTION('',(-1.,0.,0.));
#11726=DIRECTION('center_axis',(0.,0.,-1.));
#11727=DIRECTION('ref_axis',(1.,0.,0.));
#11728=DIRECTION('',(-1.,0.,0.));
#11729=DIRECTION('',(0.,1.,0.));
#11730=DIRECTION('center_axis',(0.,1.,0.));
#11731=DIRECTION('ref_axis',(1.,0.,0.));
#11732=DIRECTION('',(0.,0.,-1.));
#11733=DIRECTION('center_axis',(-1.,0.,0.));
#11734=DIRECTION('ref_axis',(0.,0.,-1.));
#11735=DIRECTION('center_axis',(-1.,0.,0.));
#11736=DIRECTION('ref_axis',(0.,0.,-1.));
#11737=DIRECTION('',(-1.,0.,0.));
#11738=DIRECTION('center_axis',(1.,0.,0.));
#11739=DIRECTION('ref_axis',(0.,1.,0.));
#11740=DIRECTION('center_axis',(-1.,0.,0.));
#11741=DIRECTION('ref_axis',(0.,0.,1.));
#11742=DIRECTION('center_axis',(-1.,0.,0.));
#11743=DIRECTION('ref_axis',(0.,1.,0.));
#11744=DIRECTION('center_axis',(-1.,0.,0.));
#11745=DIRECTION('ref_axis',(0.,0.,1.));
#11746=DIRECTION('center_axis',(-1.,0.,0.));
#11747=DIRECTION('ref_axis',(0.,0.,1.));
#11748=DIRECTION('',(-1.,0.,0.));
#11749=DIRECTION('center_axis',(1.,0.,0.));
#11750=DIRECTION('ref_axis',(0.,-0.379310344828246,0.925269507930677));
#11751=DIRECTION('center_axis',(-1.,0.,0.));
#11752=DIRECTION('ref_axis',(0.,-0.379310344828246,0.925269507930677));
#11753=DIRECTION('',(1.,0.,0.));
#11754=DIRECTION('center_axis',(1.,0.,0.));
#11755=DIRECTION('ref_axis',(0.,-0.379310344828246,0.925269507930677));
#11756=DIRECTION('',(1.,0.,0.));
#11757=DIRECTION('center_axis',(1.,0.,0.));
#11758=DIRECTION('ref_axis',(0.,0.860662490600268,-0.509175880490959));
#11759=DIRECTION('center_axis',(1.,0.,0.));
#11760=DIRECTION('ref_axis',(0.,0.860662490600268,-0.509175880490959));
#11761=DIRECTION('center_axis',(-1.,0.,0.));
#11762=DIRECTION('ref_axis',(0.,0.860662490600268,-0.509175880490959));
#11763=DIRECTION('',(1.,0.,0.));
#11764=DIRECTION('center_axis',(1.,0.,0.));
#11765=DIRECTION('ref_axis',(0.,-0.0871557427476485,0.996194698091746));
#11766=DIRECTION('center_axis',(-1.,0.,0.));
#11767=DIRECTION('ref_axis',(0.,-0.0871557427476485,0.996194698091746));
#11768=DIRECTION('center_axis',(1.,0.,0.));
#11769=DIRECTION('ref_axis',(0.,-0.0871557427476485,0.996194698091746));
#11770=DIRECTION('',(1.,0.,0.));
#11771=DIRECTION('center_axis',(0.,-0.0871557428366414,0.996194698083961));
#11772=DIRECTION('ref_axis',(1.,0.,0.));
#11773=DIRECTION('',(0.,0.996194698083961,0.0871557428366414));
#11774=DIRECTION('',(0.,-0.996194698083961,-0.0871557428366414));
#11775=DIRECTION('',(1.,0.,0.));
#11776=DIRECTION('center_axis',(1.,0.,0.));
#11777=DIRECTION('ref_axis',(0.,1.,3.55271367880051E-15));
#11778=DIRECTION('center_axis',(1.,0.,0.));
#11779=DIRECTION('ref_axis',(0.,1.,3.55271367880051E-15));
#11780=DIRECTION('center_axis',(-1.,0.,0.));
#11781=DIRECTION('ref_axis',(0.,1.,3.55271367880051E-15));
#11782=DIRECTION('',(1.,0.,0.));
#11783=DIRECTION('center_axis',(0.,-1.,0.));
#11784=DIRECTION('ref_axis',(1.,0.,0.));
#11785=DIRECTION('',(0.,0.,1.));
#11786=DIRECTION('',(0.,0.,-1.));
#11787=DIRECTION('',(1.,0.,0.));
#11788=DIRECTION('center_axis',(1.,0.,0.));
#11789=DIRECTION('ref_axis',(0.,0.0871557427476585,0.996194698091746));
#11790=DIRECTION('center_axis',(1.,0.,0.));
#11791=DIRECTION('ref_axis',(0.,0.0871557427476585,0.996194698091746));
#11792=DIRECTION('center_axis',(-1.,0.,0.));
#11793=DIRECTION('ref_axis',(0.,0.0871557427476585,0.996194698091746));
#11794=DIRECTION('',(1.,0.,0.));
#11795=DIRECTION('center_axis',(0.,-0.0871557427317599,-0.996194698093136));
#11796=DIRECTION('ref_axis',(1.,0.,0.));
#11797=DIRECTION('',(0.,-0.996194698093136,0.08715574273176));
#11798=DIRECTION('',(0.,0.996194698093136,-0.08715574273176));
#11799=DIRECTION('',(1.,0.,0.));
#11800=DIRECTION('center_axis',(1.,0.,0.));
#11801=DIRECTION('ref_axis',(0.,-0.846215424453432,-0.532840928811872));
#11802=DIRECTION('center_axis',(-1.,0.,0.));
#11803=DIRECTION('ref_axis',(0.,-0.846215424453432,-0.532840928811872));
#11804=DIRECTION('center_axis',(1.,0.,0.));
#11805=DIRECTION('ref_axis',(0.,-0.846215424453432,-0.532840928811872));
#11806=DIRECTION('',(1.,0.,0.));
#11807=DIRECTION('center_axis',(1.,0.,0.));
#11808=DIRECTION('ref_axis',(0.,0.379310344828251,0.925269507930675));
#11809=DIRECTION('center_axis',(1.,0.,0.));
#11810=DIRECTION('ref_axis',(0.,0.379310344828251,0.925269507930675));
#11811=DIRECTION('center_axis',(-1.,0.,0.));
#11812=DIRECTION('ref_axis',(0.,0.379310344828251,0.925269507930675));
#11813=DIRECTION('',(1.,0.,0.));
#11814=DIRECTION('center_axis',(1.,0.,0.));
#11815=DIRECTION('ref_axis',(0.,-1.,-3.55271367880048E-15));
#11816=DIRECTION('center_axis',(-1.,0.,0.));
#11817=DIRECTION('ref_axis',(0.,-1.,-3.55271367880048E-15));
#11818=DIRECTION('center_axis',(1.,0.,0.));
#11819=DIRECTION('ref_axis',(0.,-1.,-3.55271367880048E-15));
#11820=DIRECTION('',(1.,0.,0.));
#11821=DIRECTION('center_axis',(0.,-1.,0.));
#11822=DIRECTION('ref_axis',(1.,0.,0.));
#11823=DIRECTION('',(0.,0.,1.));
#11824=DIRECTION('',(0.,0.,-1.));
#11825=DIRECTION('',(1.,0.,0.));
#11826=DIRECTION('center_axis',(0.,-0.707106781186548,0.707106781186548));
#11827=DIRECTION('ref_axis',(1.,0.,0.));
#11828=DIRECTION('',(0.,0.707106781186548,0.707106781186548));
#11829=DIRECTION('',(0.,-0.707106781186548,-0.707106781186548));
#11830=DIRECTION('',(1.,0.,0.));
#11831=DIRECTION('center_axis',(0.,0.,1.));
#11832=DIRECTION('ref_axis',(1.,0.,0.));
#11833=DIRECTION('',(0.,1.,0.));
#11834=DIRECTION('',(0.,-1.,0.));
#11835=DIRECTION('',(1.,0.,0.));
#11836=DIRECTION('center_axis',(0.,0.707106781186548,0.707106781186548));
#11837=DIRECTION('ref_axis',(1.,0.,0.));
#11838=DIRECTION('',(0.,0.707106781186548,-0.707106781186548));
#11839=DIRECTION('',(0.,-0.707106781186548,0.707106781186548));
#11840=DIRECTION('',(1.,0.,0.));
#11841=DIRECTION('center_axis',(0.,1.,0.));
#11842=DIRECTION('ref_axis',(1.,0.,0.));
#11843=DIRECTION('',(0.,0.,-1.));
#11844=DIRECTION('',(0.,0.,1.));
#11845=DIRECTION('',(1.,0.,0.));
#11846=DIRECTION('center_axis',(1.,0.,0.));
#11847=DIRECTION('ref_axis',(0.,0.379310344828246,-0.925269507930677));
#11848=DIRECTION('center_axis',(-1.,0.,0.));
#11849=DIRECTION('ref_axis',(0.,0.379310344828246,-0.925269507930677));
#11850=DIRECTION('center_axis',(1.,0.,0.));
#11851=DIRECTION('ref_axis',(0.,0.379310344828246,-0.925269507930677));
#11852=DIRECTION('',(1.,0.,0.));
#11853=DIRECTION('center_axis',(1.,0.,0.));
#11854=DIRECTION('ref_axis',(0.,-0.846215424453429,0.532840928811877));
#11855=DIRECTION('center_axis',(1.,0.,0.));
#11856=DIRECTION('ref_axis',(0.,-0.846215424453429,0.532840928811877));
#11857=DIRECTION('center_axis',(-1.,0.,0.));
#11858=DIRECTION('ref_axis',(0.,-0.846215424453429,0.532840928811877));
#11859=DIRECTION('',(1.,0.,0.));
#11860=DIRECTION('center_axis',(1.,0.,0.));
#11861=DIRECTION('ref_axis',(0.,0.0871557427476736,-0.996194698091744));
#11862=DIRECTION('center_axis',(-1.,0.,0.));
#11863=DIRECTION('ref_axis',(0.,0.0871557427476736,-0.996194698091744));
#11864=DIRECTION('center_axis',(1.,0.,0.));
#11865=DIRECTION('ref_axis',(0.,0.0871557427476736,-0.996194698091744));
#11866=DIRECTION('',(1.,0.,0.));
#11867=DIRECTION('center_axis',(0.,0.0871557427317597,-0.996194698093136));
#11868=DIRECTION('ref_axis',(1.,0.,0.));
#11869=DIRECTION('',(0.,-0.996194698093136,-0.0871557427317597));
#11870=DIRECTION('',(0.,0.996194698093136,0.0871557427317597));
#11871=DIRECTION('',(1.,0.,0.));
#11872=DIRECTION('center_axis',(1.,0.,0.));
#11873=DIRECTION('ref_axis',(0.,-1.,3.55271367880049E-15));
#11874=DIRECTION('center_axis',(1.,0.,0.));
#11875=DIRECTION('ref_axis',(0.,-1.,3.55271367880049E-15));
#11876=DIRECTION('center_axis',(-1.,0.,0.));
#11877=DIRECTION('ref_axis',(0.,-1.,3.55271367880049E-15));
#11878=DIRECTION('',(1.,0.,0.));
#11879=DIRECTION('center_axis',(0.,1.,0.));
#11880=DIRECTION('ref_axis',(1.,0.,0.));
#11881=DIRECTION('',(0.,0.,-1.));
#11882=DIRECTION('',(0.,0.,1.));
#11883=DIRECTION('',(1.,0.,0.));
#11884=DIRECTION('center_axis',(1.,0.,0.));
#11885=DIRECTION('ref_axis',(0.,-0.0871557427476617,-0.996194698091745));
#11886=DIRECTION('center_axis',(1.,0.,0.));
#11887=DIRECTION('ref_axis',(0.,-0.0871557427476617,-0.996194698091745));
#11888=DIRECTION('center_axis',(-1.,0.,0.));
#11889=DIRECTION('ref_axis',(0.,-0.0871557427476617,-0.996194698091745));
#11890=DIRECTION('',(1.,0.,0.));
#11891=DIRECTION('center_axis',(0.,0.0871557428366416,0.996194698083961));
#11892=DIRECTION('ref_axis',(1.,0.,0.));
#11893=DIRECTION('',(0.,0.996194698083961,-0.0871557428366416));
#11894=DIRECTION('',(0.,-0.996194698083961,0.0871557428366416));
#11895=DIRECTION('',(1.,0.,0.));
#11896=DIRECTION('center_axis',(1.,0.,0.));
#11897=DIRECTION('ref_axis',(0.,0.860662490600269,0.509175880490958));
#11898=DIRECTION('center_axis',(-1.,0.,0.));
#11899=DIRECTION('ref_axis',(0.,0.860662490600269,0.509175880490958));
#11900=DIRECTION('center_axis',(1.,0.,0.));
#11901=DIRECTION('ref_axis',(0.,0.860662490600269,0.509175880490958));
#11902=DIRECTION('',(1.,0.,0.));
#11903=DIRECTION('center_axis',(1.,0.,0.));
#11904=DIRECTION('ref_axis',(0.,-0.379310344828247,-0.925269507930677));
#11905=DIRECTION('center_axis',(1.,0.,0.));
#11906=DIRECTION('ref_axis',(0.,-0.379310344828247,-0.925269507930677));
#11907=DIRECTION('center_axis',(-1.,0.,0.));
#11908=DIRECTION('ref_axis',(0.,-0.379310344828247,-0.925269507930677));
#11909=DIRECTION('',(1.,0.,0.));
#11910=DIRECTION('center_axis',(1.,0.,0.));
#11911=DIRECTION('ref_axis',(0.,1.,0.));
#11912=DIRECTION('center_axis',(-1.,0.,0.));
#11913=DIRECTION('ref_axis',(0.,1.,0.));
#11914=DIRECTION('center_axis',(1.,0.,0.));
#11915=DIRECTION('ref_axis',(0.,1.,0.));
#11916=DIRECTION('',(1.,0.,0.));
#11917=DIRECTION('center_axis',(0.,1.,0.));
#11918=DIRECTION('ref_axis',(1.,0.,0.));
#11919=DIRECTION('',(-1.,0.,0.));
#11920=DIRECTION('',(0.,0.,-1.));
#11921=DIRECTION('',(0.,0.,1.));
#11922=DIRECTION('center_axis',(0.,0.,-1.));
#11923=DIRECTION('ref_axis',(1.,0.,0.));
#11924=DIRECTION('',(0.,-1.,0.));
#11925=DIRECTION('',(1.,0.,0.));
#11926=DIRECTION('',(0.,-1.,0.));
#11927=DIRECTION('center_axis',(0.,0.707106781186548,-0.707106781186548));
#11928=DIRECTION('ref_axis',(1.,0.,0.));
#11929=DIRECTION('',(0.,-0.707106781186548,-0.707106781186548));
#11930=DIRECTION('',(0.,-0.707106781186548,-0.707106781186548));
#11931=DIRECTION('',(1.,0.,0.));
#11932=DIRECTION('center_axis',(0.,1.,0.));
#11933=DIRECTION('ref_axis',(1.,0.,0.));
#11934=DIRECTION('',(0.,0.,-1.));
#11935=DIRECTION('',(0.,0.,-1.));
#11936=DIRECTION('',(1.,0.,0.));
#11937=DIRECTION('center_axis',(0.,0.707106781186548,0.707106781186548));
#11938=DIRECTION('ref_axis',(1.,0.,0.));
#11939=DIRECTION('',(0.,0.707106781186548,-0.707106781186548));
#11940=DIRECTION('',(0.,0.707106781186548,-0.707106781186548));
#11941=DIRECTION('',(1.,0.,0.));
#11942=DIRECTION('center_axis',(0.,0.,1.));
#11943=DIRECTION('ref_axis',(1.,0.,0.));
#11944=DIRECTION('',(0.,1.,0.));
#11945=DIRECTION('',(0.,1.,0.));
#11946=DIRECTION('',(1.,0.,0.));
#11947=DIRECTION('center_axis',(0.,-0.707106781186548,0.707106781186548));
#11948=DIRECTION('ref_axis',(1.,0.,0.));
#11949=DIRECTION('',(0.,0.707106781186548,0.707106781186548));
#11950=DIRECTION('',(0.,0.707106781186548,0.707106781186548));
#11951=DIRECTION('',(1.,0.,0.));
#11952=DIRECTION('center_axis',(0.,-1.,0.));
#11953=DIRECTION('ref_axis',(1.,0.,0.));
#11954=DIRECTION('',(0.,0.,1.));
#11955=DIRECTION('',(0.,0.,1.));
#11956=DIRECTION('',(1.,0.,0.));
#11957=DIRECTION('center_axis',(0.,-0.707106781186548,-0.707106781186548));
#11958=DIRECTION('ref_axis',(1.,0.,0.));
#11959=DIRECTION('',(0.,-0.707106781186548,0.707106781186548));
#11960=DIRECTION('',(0.,-0.707106781186548,0.707106781186548));
#11961=DIRECTION('',(1.,0.,0.));
#11962=DIRECTION('center_axis',(0.,0.,-1.));
#11963=DIRECTION('ref_axis',(1.,0.,0.));
#11964=DIRECTION('',(1.,0.,0.));
#11965=DIRECTION('',(0.,-1.,0.));
#11966=DIRECTION('',(0.,-1.,0.));
#11967=DIRECTION('center_axis',(0.,-1.,0.));
#11968=DIRECTION('ref_axis',(1.,0.,0.));
#11969=DIRECTION('',(0.,0.,-1.));
#11970=DIRECTION('',(0.,0.,1.));
#11971=DIRECTION('center_axis',(-1.,0.,0.));
#11972=DIRECTION('ref_axis',(0.,0.,-1.));
#11973=DIRECTION('center_axis',(-1.,0.,0.));
#11974=DIRECTION('ref_axis',(0.,0.,-1.));
#11975=DIRECTION('',(-1.,0.,0.));
#11976=DIRECTION('center_axis',(1.,0.,0.));
#11977=DIRECTION('ref_axis',(0.,0.,-1.));
#11978=DIRECTION('center_axis',(-1.,0.,0.));
#11979=DIRECTION('ref_axis',(0.,1.,0.));
#11980=DIRECTION('center_axis',(-1.,0.,0.));
#11981=DIRECTION('ref_axis',(0.,0.,1.));
#11982=DIRECTION('center_axis',(-1.,0.,0.));
#11983=DIRECTION('ref_axis',(0.,1.,0.));
#11984=DIRECTION('center_axis',(1.,0.,0.));
#11985=DIRECTION('ref_axis',(0.,0.,1.));
#11986=DIRECTION('center_axis',(-1.,0.,0.));
#11987=DIRECTION('ref_axis',(0.,0.,1.));
#11988=DIRECTION('',(-1.,0.,0.));
#11989=DIRECTION('center_axis',(0.,0.,-1.));
#11990=DIRECTION('ref_axis',(1.,0.,0.));
#11991=DIRECTION('',(1.,0.,0.));
#11992=DIRECTION('',(0.,-1.,0.));
#11993=DIRECTION('',(1.,0.,0.));
#11994=DIRECTION('',(0.,-1.,0.));
#11995=DIRECTION('center_axis',(0.,-0.707106781186548,-0.707106781186548));
#11996=DIRECTION('ref_axis',(1.,0.,0.));
#11997=DIRECTION('',(0.,-0.707106781186548,0.707106781186548));
#11998=DIRECTION('',(1.,0.,0.));
#11999=DIRECTION('',(0.,-0.707106781186548,0.707106781186548));
#12000=DIRECTION('center_axis',(0.,-1.,0.));
#12001=DIRECTION('ref_axis',(1.,0.,0.));
#12002=DIRECTION('',(0.,0.,1.));
#12003=DIRECTION('',(1.,0.,0.));
#12004=DIRECTION('',(0.,0.,1.));
#12005=DIRECTION('center_axis',(0.,-0.707106781186548,0.707106781186548));
#12006=DIRECTION('ref_axis',(1.,0.,0.));
#12007=DIRECTION('',(0.,0.707106781186548,0.707106781186548));
#12008=DIRECTION('',(1.,0.,0.));
#12009=DIRECTION('',(0.,0.707106781186548,0.707106781186548));
#12010=DIRECTION('center_axis',(0.,0.,1.));
#12011=DIRECTION('ref_axis',(1.,0.,0.));
#12012=DIRECTION('',(0.,1.,0.));
#12013=DIRECTION('',(1.,0.,0.));
#12014=DIRECTION('',(0.,1.,0.));
#12015=DIRECTION('center_axis',(0.,0.707106781186548,0.707106781186548));
#12016=DIRECTION('ref_axis',(1.,0.,0.));
#12017=DIRECTION('',(0.,0.707106781186548,-0.707106781186548));
#12018=DIRECTION('',(1.,0.,0.));
#12019=DIRECTION('',(0.,0.707106781186548,-0.707106781186548));
#12020=DIRECTION('center_axis',(0.,1.,0.));
#12021=DIRECTION('ref_axis',(1.,0.,0.));
#12022=DIRECTION('',(0.,0.,-1.));
#12023=DIRECTION('',(1.,0.,0.));
#12024=DIRECTION('',(0.,0.,-1.));
#12025=DIRECTION('center_axis',(0.,0.707106781186548,-0.707106781186548));
#12026=DIRECTION('ref_axis',(1.,0.,0.));
#12027=DIRECTION('',(0.,-0.707106781186548,-0.707106781186548));
#12028=DIRECTION('',(1.,0.,0.));
#12029=DIRECTION('',(0.,-0.707106781186548,-0.707106781186548));
#12030=DIRECTION('center_axis',(0.,0.,-1.));
#12031=DIRECTION('ref_axis',(1.,0.,0.));
#12032=DIRECTION('',(-1.,0.,0.));
#12033=DIRECTION('',(0.,-1.,0.));
#12034=DIRECTION('',(0.,-1.,0.));
#12035=DIRECTION('center_axis',(0.,1.,0.));
#12036=DIRECTION('ref_axis',(1.,0.,0.));
#12037=DIRECTION('',(0.,0.,-1.));
#12038=DIRECTION('',(1.,0.,0.));
#12039=DIRECTION('',(0.,0.,1.));
#12040=DIRECTION('center_axis',(1.,0.,0.));
#12041=DIRECTION('ref_axis',(0.,1.,0.));
#12042=DIRECTION('center_axis',(-1.,0.,0.));
#12043=DIRECTION('ref_axis',(0.,1.,0.));
#12044=DIRECTION('',(1.,0.,0.));
#12045=DIRECTION('center_axis',(1.,0.,0.));
#12046=DIRECTION('ref_axis',(0.,1.,0.));
#12047=DIRECTION('center_axis',(1.,0.,0.));
#12048=DIRECTION('ref_axis',(0.,-0.379310344828247,-0.925269507930677));
#12049=DIRECTION('center_axis',(1.,0.,0.));
#12050=DIRECTION('ref_axis',(0.,-0.379310344828247,-0.925269507930677));
#12051=DIRECTION('',(1.,0.,0.));
#12052=DIRECTION('center_axis',(-1.,0.,0.));
#12053=DIRECTION('ref_axis',(0.,-0.379310344828247,-0.925269507930677));
#12054=DIRECTION('center_axis',(1.,0.,0.));
#12055=DIRECTION('ref_axis',(0.,0.860662490600269,0.509175880490958));
#12056=DIRECTION('center_axis',(-1.,0.,0.));
#12057=DIRECTION('ref_axis',(0.,0.860662490600269,0.509175880490958));
#12058=DIRECTION('',(1.,0.,0.));
#12059=DIRECTION('center_axis',(1.,0.,0.));
#12060=DIRECTION('ref_axis',(0.,0.860662490600269,0.509175880490958));
#12061=DIRECTION('center_axis',(0.,0.0871557428366416,0.996194698083961));
#12062=DIRECTION('ref_axis',(1.,0.,0.));
#12063=DIRECTION('',(0.,0.996194698083961,-0.0871557428366416));
#12064=DIRECTION('',(1.,0.,0.));
#12065=DIRECTION('',(0.,-0.996194698083961,0.0871557428366416));
#12066=DIRECTION('center_axis',(1.,0.,0.));
#12067=DIRECTION('ref_axis',(0.,-0.0871557427476617,-0.996194698091745));
#12068=DIRECTION('center_axis',(1.,0.,0.));
#12069=DIRECTION('ref_axis',(0.,-0.0871557427476617,-0.996194698091745));
#12070=DIRECTION('',(1.,0.,0.));
#12071=DIRECTION('center_axis',(-1.,0.,0.));
#12072=DIRECTION('ref_axis',(0.,-0.0871557427476617,-0.996194698091745));
#12073=DIRECTION('center_axis',(0.,1.,0.));
#12074=DIRECTION('ref_axis',(1.,0.,0.));
#12075=DIRECTION('',(0.,0.,-1.));
#12076=DIRECTION('',(1.,0.,0.));
#12077=DIRECTION('',(0.,0.,1.));
#12078=DIRECTION('center_axis',(1.,0.,0.));
#12079=DIRECTION('ref_axis',(0.,-1.,3.55271367880049E-15));
#12080=DIRECTION('center_axis',(1.,0.,0.));
#12081=DIRECTION('ref_axis',(0.,-1.,3.55271367880049E-15));
#12082=DIRECTION('',(1.,0.,0.));
#12083=DIRECTION('center_axis',(-1.,0.,0.));
#12084=DIRECTION('ref_axis',(0.,-1.,3.55271367880049E-15));
#12085=DIRECTION('center_axis',(0.,0.0871557427317597,-0.996194698093136));
#12086=DIRECTION('ref_axis',(1.,0.,0.));
#12087=DIRECTION('',(0.,-0.996194698093136,-0.0871557427317597));
#12088=DIRECTION('',(1.,0.,0.));
#12089=DIRECTION('',(0.,0.996194698093136,0.0871557427317597));
#12090=DIRECTION('center_axis',(1.,0.,0.));
#12091=DIRECTION('ref_axis',(0.,0.0871557427476736,-0.996194698091744));
#12092=DIRECTION('center_axis',(-1.,0.,0.));
#12093=DIRECTION('ref_axis',(0.,0.0871557427476736,-0.996194698091744));
#12094=DIRECTION('',(1.,0.,0.));
#12095=DIRECTION('center_axis',(1.,0.,0.));
#12096=DIRECTION('ref_axis',(0.,0.0871557427476736,-0.996194698091744));
#12097=DIRECTION('center_axis',(1.,0.,0.));
#12098=DIRECTION('ref_axis',(0.,-0.846215424453429,0.532840928811877));
#12099=DIRECTION('center_axis',(1.,0.,0.));
#12100=DIRECTION('ref_axis',(0.,-0.846215424453429,0.532840928811877));
#12101=DIRECTION('',(1.,0.,0.));
#12102=DIRECTION('center_axis',(-1.,0.,0.));
#12103=DIRECTION('ref_axis',(0.,-0.846215424453429,0.532840928811877));
#12104=DIRECTION('center_axis',(1.,0.,0.));
#12105=DIRECTION('ref_axis',(0.,0.379310344828246,-0.925269507930677));
#12106=DIRECTION('center_axis',(-1.,0.,0.));
#12107=DIRECTION('ref_axis',(0.,0.379310344828246,-0.925269507930677));
#12108=DIRECTION('',(1.,0.,0.));
#12109=DIRECTION('center_axis',(1.,0.,0.));
#12110=DIRECTION('ref_axis',(0.,0.379310344828246,-0.925269507930677));
#12111=DIRECTION('center_axis',(0.,1.,0.));
#12112=DIRECTION('ref_axis',(1.,0.,0.));
#12113=DIRECTION('',(0.,0.,-1.));
#12114=DIRECTION('',(1.,0.,0.));
#12115=DIRECTION('',(0.,0.,1.));
#12116=DIRECTION('center_axis',(0.,0.707106781186548,0.707106781186548));
#12117=DIRECTION('ref_axis',(1.,0.,0.));
#12118=DIRECTION('',(0.,0.707106781186548,-0.707106781186548));
#12119=DIRECTION('',(1.,0.,0.));
#12120=DIRECTION('',(0.,-0.707106781186548,0.707106781186548));
#12121=DIRECTION('center_axis',(0.,0.,1.));
#12122=DIRECTION('ref_axis',(1.,0.,0.));
#12123=DIRECTION('',(0.,1.,0.));
#12124=DIRECTION('',(1.,0.,0.));
#12125=DIRECTION('',(0.,-1.,0.));
#12126=DIRECTION('center_axis',(0.,-0.707106781186548,0.707106781186548));
#12127=DIRECTION('ref_axis',(1.,0.,0.));
#12128=DIRECTION('',(0.,0.707106781186548,0.707106781186548));
#12129=DIRECTION('',(1.,0.,0.));
#12130=DIRECTION('',(0.,-0.707106781186548,-0.707106781186548));
#12131=DIRECTION('center_axis',(0.,-1.,0.));
#12132=DIRECTION('ref_axis',(1.,0.,0.));
#12133=DIRECTION('',(0.,0.,1.));
#12134=DIRECTION('',(1.,0.,0.));
#12135=DIRECTION('',(0.,0.,-1.));
#12136=DIRECTION('center_axis',(1.,0.,0.));
#12137=DIRECTION('ref_axis',(0.,-1.,-3.55271367880048E-15));
#12138=DIRECTION('center_axis',(-1.,0.,0.));
#12139=DIRECTION('ref_axis',(0.,-1.,-3.55271367880048E-15));
#12140=DIRECTION('',(1.,0.,0.));
#12141=DIRECTION('center_axis',(1.,0.,0.));
#12142=DIRECTION('ref_axis',(0.,-1.,-3.55271367880048E-15));
#12143=DIRECTION('center_axis',(1.,0.,0.));
#12144=DIRECTION('ref_axis',(0.,0.379310344828251,0.925269507930675));
#12145=DIRECTION('center_axis',(1.,0.,0.));
#12146=DIRECTION('ref_axis',(0.,0.379310344828251,0.925269507930675));
#12147=DIRECTION('',(1.,0.,0.));
#12148=DIRECTION('center_axis',(-1.,0.,0.));
#12149=DIRECTION('ref_axis',(0.,0.379310344828251,0.925269507930675));
#12150=DIRECTION('center_axis',(1.,0.,0.));
#12151=DIRECTION('ref_axis',(0.,-0.846215424453432,-0.532840928811872));
#12152=DIRECTION('center_axis',(-1.,0.,0.));
#12153=DIRECTION('ref_axis',(0.,-0.846215424453432,-0.532840928811872));
#12154=DIRECTION('',(1.,0.,0.));
#12155=DIRECTION('center_axis',(1.,0.,0.));
#12156=DIRECTION('ref_axis',(0.,-0.846215424453432,-0.532840928811872));
#12157=DIRECTION('center_axis',(0.,-0.0871557427317599,-0.996194698093136));
#12158=DIRECTION('ref_axis',(1.,0.,0.));
#12159=DIRECTION('',(0.,-0.996194698093136,0.08715574273176));
#12160=DIRECTION('',(1.,0.,0.));
#12161=DIRECTION('',(0.,0.996194698093136,-0.08715574273176));
#12162=DIRECTION('center_axis',(1.,0.,0.));
#12163=DIRECTION('ref_axis',(0.,0.0871557427476585,0.996194698091746));
#12164=DIRECTION('center_axis',(1.,0.,0.));
#12165=DIRECTION('ref_axis',(0.,0.0871557427476585,0.996194698091746));
#12166=DIRECTION('',(1.,0.,0.));
#12167=DIRECTION('center_axis',(-1.,0.,0.));
#12168=DIRECTION('ref_axis',(0.,0.0871557427476585,0.996194698091746));
#12169=DIRECTION('center_axis',(0.,-1.,0.));
#12170=DIRECTION('ref_axis',(1.,0.,0.));
#12171=DIRECTION('',(0.,0.,1.));
#12172=DIRECTION('',(1.,0.,0.));
#12173=DIRECTION('',(0.,0.,-1.));
#12174=DIRECTION('center_axis',(1.,0.,0.));
#12175=DIRECTION('ref_axis',(0.,1.,3.55271367880051E-15));
#12176=DIRECTION('center_axis',(1.,0.,0.));
#12177=DIRECTION('ref_axis',(0.,1.,3.55271367880051E-15));
#12178=DIRECTION('',(1.,0.,0.));
#12179=DIRECTION('center_axis',(-1.,0.,0.));
#12180=DIRECTION('ref_axis',(0.,1.,3.55271367880051E-15));
#12181=DIRECTION('center_axis',(0.,-0.0871557428366414,0.996194698083961));
#12182=DIRECTION('ref_axis',(1.,0.,0.));
#12183=DIRECTION('',(0.,0.996194698083961,0.0871557428366414));
#12184=DIRECTION('',(1.,0.,0.));
#12185=DIRECTION('',(0.,-0.996194698083961,-0.0871557428366414));
#12186=DIRECTION('center_axis',(1.,0.,0.));
#12187=DIRECTION('ref_axis',(0.,-0.0871557427476485,0.996194698091746));
#12188=DIRECTION('center_axis',(-1.,0.,0.));
#12189=DIRECTION('ref_axis',(0.,-0.0871557427476485,0.996194698091746));
#12190=DIRECTION('',(1.,0.,0.));
#12191=DIRECTION('center_axis',(1.,0.,0.));
#12192=DIRECTION('ref_axis',(0.,-0.0871557427476485,0.996194698091746));
#12193=DIRECTION('center_axis',(1.,0.,0.));
#12194=DIRECTION('ref_axis',(0.,0.860662490600268,-0.509175880490959));
#12195=DIRECTION('center_axis',(1.,0.,0.));
#12196=DIRECTION('ref_axis',(0.,0.860662490600268,-0.509175880490959));
#12197=DIRECTION('',(1.,0.,0.));
#12198=DIRECTION('center_axis',(-1.,0.,0.));
#12199=DIRECTION('ref_axis',(0.,0.860662490600268,-0.509175880490959));
#12200=DIRECTION('center_axis',(1.,0.,0.));
#12201=DIRECTION('ref_axis',(0.,-0.379310344828246,0.925269507930677));
#12202=DIRECTION('center_axis',(-1.,0.,0.));
#12203=DIRECTION('ref_axis',(0.,-0.379310344828246,0.925269507930677));
#12204=DIRECTION('',(1.,0.,0.));
#12205=DIRECTION('center_axis',(1.,0.,0.));
#12206=DIRECTION('ref_axis',(0.,-0.379310344828246,0.925269507930677));
#12207=DIRECTION('center_axis',(0.,-1.,0.));
#12208=DIRECTION('ref_axis',(1.,0.,0.));
#12209=DIRECTION('',(0.,0.,-1.));
#12210=DIRECTION('',(0.,0.,1.));
#12211=DIRECTION('center_axis',(1.,0.,0.));
#12212=DIRECTION('ref_axis',(0.,0.,1.));
#12213=DIRECTION('center_axis',(1.,0.,0.));
#12214=DIRECTION('ref_axis',(0.,0.,1.));
#12215=DIRECTION('',(1.,0.,0.));
#12216=DIRECTION('center_axis',(-1.,0.,0.));
#12217=DIRECTION('ref_axis',(0.,0.,1.));
#12218=DIRECTION('center_axis',(-1.,0.,0.));
#12219=DIRECTION('ref_axis',(0.,1.,0.));
#12220=DIRECTION('center_axis',(1.,0.,0.));
#12221=DIRECTION('ref_axis',(0.,0.,-1.));
#12222=DIRECTION('center_axis',(-1.,0.,0.));
#12223=DIRECTION('ref_axis',(0.,1.,0.));
#12224=DIRECTION('center_axis',(-1.,0.,0.));
#12225=DIRECTION('ref_axis',(0.,0.,-1.));
#12226=DIRECTION('center_axis',(1.,0.,0.));
#12227=DIRECTION('ref_axis',(0.,0.,-1.));
#12228=DIRECTION('',(1.,0.,0.));
#12229=DIRECTION('axis',(0.,0.,1.));
#12230=DIRECTION('refdir',(1.,0.,0.));
#12231=DIRECTION('center_axis',(0.,-1.,0.));
#12232=DIRECTION('ref_axis',(0.,0.,-1.));
#12233=DIRECTION('',(1.,-9.86076131526265E-32,-2.12700717505018E-63));
#12234=DIRECTION('',(0.,0.,1.));
#12235=DIRECTION('',(1.,0.,0.));
#12236=DIRECTION('',(0.,0.,1.));
#12237=DIRECTION('center_axis',(1.,2.16840434497101E-16,0.));
#12238=DIRECTION('ref_axis',(-2.16840434497101E-16,1.,0.));
#12239=DIRECTION('',(-2.16840434497101E-16,1.,-3.38963670212155E-32));
#12240=DIRECTION('',(-2.16840434497101E-16,1.,2.15704153771369E-32));
#12241=DIRECTION('',(0.,0.,1.));
#12242=DIRECTION('center_axis',(0.,0.,-1.));
#12243=DIRECTION('ref_axis',(1.,0.,0.));
#12244=DIRECTION('center_axis',(5.46944702155765E-63,3.38963670212155E-32,
1.));
#12245=DIRECTION('ref_axis',(1.,-9.86076131526265E-32,-2.12700717505018E-63));
#12246=DIRECTION('',(0.,0.,1.));
#12247=DIRECTION('center_axis',(0.,-2.15704153771369E-32,1.));
#12248=DIRECTION('ref_axis',(1.,0.,0.));
#12249=DIRECTION('center_axis',(0.,1.,0.));
#12250=DIRECTION('ref_axis',(0.,0.,1.));
#12251=DIRECTION('',(-1.,9.86076131526265E-32,2.12700717505018E-63));
#12252=DIRECTION('',(0.,0.,1.));
#12253=DIRECTION('',(-1.,0.,0.));
#12254=DIRECTION('',(0.,0.,1.));
#12255=DIRECTION('center_axis',(-1.,0.,0.));
#12256=DIRECTION('ref_axis',(0.,0.,1.));
#12257=DIRECTION('',(-9.86076131526265E-32,-1.,3.38963670212155E-32));
#12258=DIRECTION('',(0.,-1.,-2.15704153771369E-32));
#12259=DIRECTION('center_axis',(0.,1.,0.));
#12260=DIRECTION('ref_axis',(0.,0.,1.));
#12261=DIRECTION('',(-1.,9.86076131526265E-32,2.12700717505018E-63));
#12262=DIRECTION('',(-1.,0.,0.));
#12263=DIRECTION('',(0.,0.,1.));
#12264=DIRECTION('center_axis',(1.,-9.23373748169331E-16,0.));
#12265=DIRECTION('ref_axis',(9.23373748169331E-16,1.,0.));
#12266=DIRECTION('',(9.23373748169331E-16,1.,-3.38963670212155E-32));
#12267=DIRECTION('',(9.23373748169331E-16,1.,2.15704153771369E-32));
#12268=DIRECTION('',(0.,0.,1.));
#12269=DIRECTION('center_axis',(0.707106781186548,-0.707106781186548,0.));
#12270=DIRECTION('ref_axis',(0.707106781186548,0.707106781186548,0.));
#12271=DIRECTION('',(0.707106781186548,0.707106781186548,-2.39683509782895E-32));
#12272=DIRECTION('',(0.707106781186548,0.707106781186548,1.52525869861841E-32));
#12273=DIRECTION('',(0.,0.,1.));
#12274=DIRECTION('center_axis',(0.,-1.,0.));
#12275=DIRECTION('ref_axis',(0.,0.,-1.));
#12276=DIRECTION('',(1.,-9.86076131526265E-32,-2.12700717505018E-63));
#12277=DIRECTION('',(1.,0.,0.));
#12278=DIRECTION('',(0.,0.,1.));
#12279=DIRECTION('center_axis',(0.499999999999999,-0.866025403784439,0.));
#12280=DIRECTION('ref_axis',(0.866025403784439,0.499999999999999,0.));
#12281=DIRECTION('',(0.866025403784439,0.499999999999999,-1.69481835106077E-32));
#12282=DIRECTION('',(0.866025403784439,0.499999999999999,1.07852076885684E-32));
#12283=DIRECTION('',(0.,0.,1.));
#12284=DIRECTION('center_axis',(-0.5,-0.866025403784439,0.));
#12285=DIRECTION('ref_axis',(0.866025403784439,-0.5,0.));
#12286=DIRECTION('',(0.866025403784439,-0.5,1.69481835106078E-32));
#12287=DIRECTION('',(0.866025403784439,-0.5,-1.07852076885685E-32));
#12288=DIRECTION('',(0.,0.,1.));
#12289=DIRECTION('center_axis',(0.,-1.,0.));
#12290=DIRECTION('ref_axis',(0.,0.,-1.));
#12291=DIRECTION('',(1.,-9.86076131526265E-32,-2.12700717505018E-63));
#12292=DIRECTION('',(1.,0.,0.));
#12293=DIRECTION('',(0.,0.,1.));
#12294=DIRECTION('center_axis',(-0.707106781186548,-0.707106781186547,0.));
#12295=DIRECTION('ref_axis',(0.707106781186547,-0.707106781186548,0.));
#12296=DIRECTION('',(0.707106781186547,-0.707106781186548,2.39683509782896E-32));
#12297=DIRECTION('',(0.707106781186547,-0.707106781186548,-1.52525869861841E-32));
#12298=DIRECTION('',(0.,0.,1.));
#12299=DIRECTION('center_axis',(-1.,1.8467474963387E-15,0.));
#12300=DIRECTION('ref_axis',(-1.8467474963387E-15,-1.,0.));
#12301=DIRECTION('',(-1.8467474963387E-15,-1.,3.38963670212155E-32));
#12302=DIRECTION('',(-1.8467474963387E-15,-1.,-2.15704153771369E-32));
#12303=DIRECTION('',(0.,0.,1.));
#12304=DIRECTION('center_axis',(-2.31296463463574E-15,1.,0.));
#12305=DIRECTION('ref_axis',(-1.,-2.31296463463574E-15,0.));
#12306=DIRECTION('',(-1.,-2.31296463463574E-15,7.84010981627047E-47));
#12307=DIRECTION('',(-1.,-2.31296463463574E-15,-4.98916079217206E-47));
#12308=DIRECTION('',(0.,0.,1.));
#12309=DIRECTION('center_axis',(-1.,0.,0.));
#12310=DIRECTION('ref_axis',(0.,0.,1.));
#12311=DIRECTION('',(-9.86076131526265E-32,-1.,3.38963670212155E-32));
#12312=DIRECTION('',(0.,-1.,-2.15704153771369E-32));
#12313=DIRECTION('',(0.,0.,1.));
#12314=DIRECTION('center_axis',(0.,-1.,0.));
#12315=DIRECTION('ref_axis',(0.,0.,-1.));
#12316=DIRECTION('',(1.,-9.86076131526265E-32,-2.12700717505018E-63));
#12317=DIRECTION('',(1.,0.,0.));
#12318=DIRECTION('',(0.,0.,1.));
#12319=DIRECTION('center_axis',(0.,0.,-1.));
#12320=DIRECTION('ref_axis',(1.,0.,0.));
#12321=DIRECTION('center_axis',(5.46944702155765E-63,3.38963670212155E-32,
1.));
#12322=DIRECTION('ref_axis',(1.,-9.86076131526265E-32,-2.12700717505018E-63));
#12323=DIRECTION('center_axis',(0.,-2.15704153771369E-32,1.));
#12324=DIRECTION('ref_axis',(1.,0.,0.));
#12325=DIRECTION('',(0.,0.,1.));
#12326=DIRECTION('center_axis',(1.,0.,0.));
#12327=DIRECTION('ref_axis',(0.,0.,-1.));
#12328=DIRECTION('',(9.86076131526265E-32,1.,-3.38963670212155E-32));
#12329=DIRECTION('',(0.,1.,2.15704153771369E-32));
#12330=DIRECTION('',(0.,0.,1.));
#12331=DIRECTION('center_axis',(0.,1.,0.));
#12332=DIRECTION('ref_axis',(0.,0.,1.));
#12333=DIRECTION('',(-1.,9.86076131526265E-32,2.12700717505018E-63));
#12334=DIRECTION('',(-1.,0.,0.));
#12335=DIRECTION('',(0.,0.,1.));
#12336=DIRECTION('center_axis',(-1.,0.,0.));
#12337=DIRECTION('ref_axis',(0.,0.,1.));
#12338=DIRECTION('',(-9.86076131526265E-32,-1.,3.38963670212155E-32));
#12339=DIRECTION('',(0.,-1.,-2.15704153771369E-32));
#12340=DIRECTION('',(0.,0.,1.));
#12341=DIRECTION('center_axis',(1.84674749633866E-15,1.,0.));
#12342=DIRECTION('ref_axis',(-1.,1.84674749633866E-15,0.));
#12343=DIRECTION('',(-1.,1.84674749633866E-15,-6.25980309314061E-47));
#12344=DIRECTION('',(-1.,1.84674749633866E-15,3.98351105927125E-47));
#12345=DIRECTION('',(0.,0.,1.));
#12346=DIRECTION('center_axis',(0.707106781186547,0.707106781186548,0.));
#12347=DIRECTION('ref_axis',(-0.707106781186548,0.707106781186547,0.));
#12348=DIRECTION('',(-0.707106781186548,0.707106781186547,-2.39683509782895E-32));
#12349=DIRECTION('',(-0.707106781186548,0.707106781186547,1.52525869861841E-32));
#12350=DIRECTION('',(0.,0.,1.));
#12351=DIRECTION('center_axis',(1.,0.,0.));
#12352=DIRECTION('ref_axis',(0.,0.,-1.));
#12353=DIRECTION('',(9.86076131526265E-32,1.,-3.38963670212155E-32));
#12354=DIRECTION('',(0.,1.,2.15704153771369E-32));
#12355=DIRECTION('',(0.,0.,1.));
#12356=DIRECTION('center_axis',(0.866025403784439,0.499999999999999,0.));
#12357=DIRECTION('ref_axis',(-0.499999999999999,0.866025403784439,0.));
#12358=DIRECTION('',(-0.499999999999999,0.866025403784439,-2.93551149363737E-32));
#12359=DIRECTION('',(-0.499999999999999,0.866025403784439,1.86805276867831E-32));
#12360=DIRECTION('',(0.,0.,1.));
#12361=DIRECTION('center_axis',(0.866025403784439,-0.5,0.));
#12362=DIRECTION('ref_axis',(0.5,0.866025403784439,0.));
#12363=DIRECTION('',(0.5,0.866025403784439,-2.93551149363737E-32));
#12364=DIRECTION('',(0.5,0.866025403784439,1.86805276867831E-32));
#12365=DIRECTION('',(0.,0.,1.));
#12366=DIRECTION('center_axis',(1.,0.,0.));
#12367=DIRECTION('ref_axis',(0.,0.,-1.));
#12368=DIRECTION('',(9.86076131526265E-32,1.,-3.38963670212155E-32));
#12369=DIRECTION('',(0.,1.,2.15704153771369E-32));
#12370=DIRECTION('',(0.,0.,1.));
#12371=DIRECTION('center_axis',(0.707106781186547,-0.707106781186548,0.));
#12372=DIRECTION('ref_axis',(0.707106781186548,0.707106781186547,0.));
#12373=DIRECTION('',(0.707106781186548,0.707106781186547,-2.39683509782895E-32));
#12374=DIRECTION('',(0.707106781186548,0.707106781186547,1.52525869861841E-32));
#12375=DIRECTION('',(0.,0.,1.));
#12376=DIRECTION('center_axis',(-2.77012124450804E-15,-1.,0.));
#12377=DIRECTION('ref_axis',(1.,-2.77012124450804E-15,0.));
#12378=DIRECTION('',(1.,-2.77012124450804E-15,9.38970463971108E-47));
#12379=DIRECTION('',(1.,-2.77012124450804E-15,-5.97526658890699E-47));
#12380=DIRECTION('',(0.,0.,1.));
#12381=DIRECTION('center_axis',(-1.,-2.31296463463574E-15,0.));
#12382=DIRECTION('ref_axis',(2.31296463463574E-15,-1.,0.));
#12383=DIRECTION('',(2.31296463463574E-15,-1.,3.38963670212155E-32));
#12384=DIRECTION('',(2.31296463463574E-15,-1.,-2.15704153771369E-32));
#12385=DIRECTION('',(0.,0.,1.));
#12386=DIRECTION('center_axis',(0.,-1.,0.));
#12387=DIRECTION('ref_axis',(0.,0.,-1.));
#12388=DIRECTION('',(1.,-9.86076131526265E-32,-2.12700717505018E-63));
#12389=DIRECTION('',(1.,0.,0.));
#12390=DIRECTION('',(0.,0.,1.));
#12391=DIRECTION('center_axis',(1.,0.,0.));
#12392=DIRECTION('ref_axis',(0.,0.,-1.));
#12393=DIRECTION('',(9.86076131526265E-32,1.,-3.38963670212155E-32));
#12394=DIRECTION('',(0.,1.,2.15704153771369E-32));
#12395=DIRECTION('',(0.,0.,1.));
#12396=DIRECTION('center_axis',(0.,0.,-1.));
#12397=DIRECTION('ref_axis',(1.,0.,0.));
#12398=DIRECTION('center_axis',(5.46944702155765E-63,3.38963670212155E-32,
1.));
#12399=DIRECTION('ref_axis',(1.,-9.86076131526265E-32,-2.12700717505018E-63));
#12400=DIRECTION('center_axis',(0.,-2.15704153771369E-32,1.));
#12401=DIRECTION('ref_axis',(1.,0.,0.));
#12402=DIRECTION('',(0.,0.,1.));
#12403=DIRECTION('center_axis',(0.,1.,0.));
#12404=DIRECTION('ref_axis',(0.,0.,1.));
#12405=DIRECTION('',(-1.,9.86076131526265E-32,2.12700717505018E-63));
#12406=DIRECTION('',(-1.,0.,0.));
#12407=DIRECTION('',(0.,0.,1.));
#12408=DIRECTION('center_axis',(-1.,2.16840434497101E-16,0.));
#12409=DIRECTION('ref_axis',(-2.16840434497101E-16,-1.,0.));
#12410=DIRECTION('',(-2.16840434497101E-16,-1.,3.38963670212155E-32));
#12411=DIRECTION('',(-2.16840434497101E-16,-1.,-2.15704153771369E-32));
#12412=DIRECTION('',(0.,0.,1.));
#12413=DIRECTION('center_axis',(0.,-1.,0.));
#12414=DIRECTION('ref_axis',(0.,0.,-1.));
#12415=DIRECTION('',(1.,-9.86076131526265E-32,-2.12700717505018E-63));
#12416=DIRECTION('',(1.,0.,0.));
#12417=DIRECTION('',(0.,0.,1.));
#12418=DIRECTION('center_axis',(-1.,2.77012124450799E-15,0.));
#12419=DIRECTION('ref_axis',(-2.77012124450799E-15,-1.,0.));
#12420=DIRECTION('',(-2.77012124450799E-15,-1.,3.38963670212155E-32));
#12421=DIRECTION('',(-2.77012124450799E-15,-1.,-2.15704153771369E-32));
#12422=DIRECTION('',(0.,0.,1.));
#12423=DIRECTION('center_axis',(-0.707106781186548,0.707106781186547,0.));
#12424=DIRECTION('ref_axis',(-0.707106781186547,-0.707106781186548,0.));
#12425=DIRECTION('',(-0.707106781186547,-0.707106781186548,2.39683509782896E-32));
#12426=DIRECTION('',(-0.707106781186547,-0.707106781186548,-1.52525869861841E-32));
#12427=DIRECTION('',(0.,0.,1.));
#12428=DIRECTION('center_axis',(0.,1.,0.));
#12429=DIRECTION('ref_axis',(0.,0.,1.));
#12430=DIRECTION('',(-1.,9.86076131526265E-32,2.12700717505018E-63));
#12431=DIRECTION('',(-1.,0.,0.));
#12432=DIRECTION('',(0.,0.,1.));
#12433=DIRECTION('center_axis',(-0.499999999999999,0.866025403784439,0.));
#12434=DIRECTION('ref_axis',(-0.866025403784439,-0.499999999999999,0.));
#12435=DIRECTION('',(-0.866025403784439,-0.499999999999999,1.69481835106077E-32));
#12436=DIRECTION('',(-0.866025403784439,-0.499999999999999,-1.07852076885684E-32));
#12437=DIRECTION('',(0.,0.,1.));
#12438=DIRECTION('center_axis',(0.5,0.866025403784439,0.));
#12439=DIRECTION('ref_axis',(-0.866025403784439,0.5,0.));
#12440=DIRECTION('',(-0.866025403784439,0.5,-1.69481835106078E-32));
#12441=DIRECTION('',(-0.866025403784439,0.5,1.07852076885685E-32));
#12442=DIRECTION('',(0.,0.,1.));
#12443=DIRECTION('center_axis',(0.,1.,0.));
#12444=DIRECTION('ref_axis',(0.,0.,1.));
#12445=DIRECTION('',(-1.,9.86076131526265E-32,2.12700717505018E-63));
#12446=DIRECTION('',(-1.,0.,0.));
#12447=DIRECTION('',(0.,0.,1.));
#12448=DIRECTION('center_axis',(0.707106781186548,0.707106781186547,0.));
#12449=DIRECTION('ref_axis',(-0.707106781186547,0.707106781186548,0.));
#12450=DIRECTION('',(-0.707106781186547,0.707106781186548,-2.39683509782896E-32));
#12451=DIRECTION('',(-0.707106781186547,0.707106781186548,1.52525869861841E-32));
#12452=DIRECTION('',(0.,0.,1.));
#12453=DIRECTION('center_axis',(1.,0.,0.));
#12454=DIRECTION('ref_axis',(0.,0.,-1.));
#12455=DIRECTION('',(9.86076131526265E-32,1.,-3.38963670212155E-32));
#12456=DIRECTION('',(0.,1.,2.15704153771369E-32));
#12457=DIRECTION('',(0.,0.,1.));
#12458=DIRECTION('center_axis',(2.31296463463574E-15,-1.,0.));
#12459=DIRECTION('ref_axis',(1.,2.31296463463574E-15,0.));
#12460=DIRECTION('',(1.,2.31296463463574E-15,-7.84010981627047E-47));
#12461=DIRECTION('',(1.,2.31296463463574E-15,4.98916079217206E-47));
#12462=DIRECTION('',(0.,0.,1.));
#12463=DIRECTION('center_axis',(1.,0.,0.));
#12464=DIRECTION('ref_axis',(0.,0.,-1.));
#12465=DIRECTION('',(9.86076131526265E-32,1.,-3.38963670212155E-32));
#12466=DIRECTION('',(0.,1.,2.15704153771369E-32));
#12467=DIRECTION('',(0.,0.,1.));
#12468=DIRECTION('center_axis',(0.,1.,0.));
#12469=DIRECTION('ref_axis',(0.,0.,1.));
#12470=DIRECTION('',(-1.,9.86076131526265E-32,2.12700717505018E-63));
#12471=DIRECTION('',(-1.,0.,0.));
#12472=DIRECTION('',(0.,0.,1.));
#12473=DIRECTION('center_axis',(0.,0.,-1.));
#12474=DIRECTION('ref_axis',(1.,0.,0.));
#12475=DIRECTION('center_axis',(5.46944702155765E-63,3.38963670212155E-32,
1.));
#12476=DIRECTION('ref_axis',(1.,-9.86076131526265E-32,-2.12700717505018E-63));
#12477=DIRECTION('center_axis',(0.,-2.15704153771369E-32,1.));
#12478=DIRECTION('ref_axis',(1.,0.,0.));
#12479=DIRECTION('',(0.,0.,1.));
#12480=DIRECTION('center_axis',(-1.,0.,0.));
#12481=DIRECTION('ref_axis',(0.,0.,1.));
#12482=DIRECTION('',(-9.86076131526265E-32,-1.,3.38963670212155E-32));
#12483=DIRECTION('',(0.,-1.,-2.15704153771369E-32));
#12484=DIRECTION('',(0.,0.,1.));
#12485=DIRECTION('center_axis',(0.,-1.,0.));
#12486=DIRECTION('ref_axis',(0.,0.,-1.));
#12487=DIRECTION('',(1.,-9.86076131526265E-32,-2.12700717505018E-63));
#12488=DIRECTION('',(1.,0.,0.));
#12489=DIRECTION('',(0.,0.,1.));
#12490=DIRECTION('center_axis',(1.,0.,0.));
#12491=DIRECTION('ref_axis',(0.,0.,-1.));
#12492=DIRECTION('',(9.86076131526265E-32,1.,-3.38963670212155E-32));
#12493=DIRECTION('',(0.,1.,2.15704153771369E-32));
#12494=DIRECTION('',(0.,0.,1.));
#12495=DIRECTION('center_axis',(0.,-1.,0.));
#12496=DIRECTION('ref_axis',(0.,0.,-1.));
#12497=DIRECTION('',(1.,-9.86076131526265E-32,-2.12700717505018E-63));
#12498=DIRECTION('',(1.,0.,0.));
#12499=DIRECTION('',(0.,0.,1.));
#12500=DIRECTION('center_axis',(-0.707106781186548,-0.707106781186547,0.));
#12501=DIRECTION('ref_axis',(0.707106781186547,-0.707106781186548,0.));
#12502=DIRECTION('',(0.707106781186547,-0.707106781186548,2.39683509782896E-32));
#12503=DIRECTION('',(0.707106781186547,-0.707106781186548,-1.52525869861841E-32));
#12504=DIRECTION('',(0.,0.,1.));
#12505=DIRECTION('center_axis',(-1.,0.,0.));
#12506=DIRECTION('ref_axis',(0.,0.,1.));
#12507=DIRECTION('',(-9.86076131526265E-32,-1.,3.38963670212155E-32));
#12508=DIRECTION('',(0.,-1.,-2.15704153771369E-32));
#12509=DIRECTION('',(0.,0.,1.));
#12510=DIRECTION('center_axis',(-0.866025403784439,-0.499999999999999,0.));
#12511=DIRECTION('ref_axis',(0.499999999999999,-0.866025403784439,0.));
#12512=DIRECTION('',(0.499999999999999,-0.866025403784439,2.93551149363737E-32));
#12513=DIRECTION('',(0.499999999999999,-0.866025403784439,-1.86805276867831E-32));
#12514=DIRECTION('',(0.,0.,1.));
#12515=DIRECTION('center_axis',(-0.866025403784439,0.5,0.));
#12516=DIRECTION('ref_axis',(-0.5,-0.866025403784439,0.));
#12517=DIRECTION('',(-0.5,-0.866025403784439,2.93551149363737E-32));
#12518=DIRECTION('',(-0.5,-0.866025403784439,-1.86805276867831E-32));
#12519=DIRECTION('',(0.,0.,1.));
#12520=DIRECTION('center_axis',(-1.,0.,0.));
#12521=DIRECTION('ref_axis',(0.,0.,1.));
#12522=DIRECTION('',(-9.86076131526265E-32,-1.,3.38963670212155E-32));
#12523=DIRECTION('',(0.,-1.,-2.15704153771369E-32));
#12524=DIRECTION('',(0.,0.,1.));
#12525=DIRECTION('center_axis',(-0.707106781186547,0.707106781186548,0.));
#12526=DIRECTION('ref_axis',(-0.707106781186548,-0.707106781186547,0.));
#12527=DIRECTION('',(-0.707106781186548,-0.707106781186547,2.39683509782895E-32));
#12528=DIRECTION('',(-0.707106781186548,-0.707106781186547,-1.52525869861841E-32));
#12529=DIRECTION('',(0.,0.,1.));
#12530=DIRECTION('center_axis',(9.23373748169348E-16,1.,0.));
#12531=DIRECTION('ref_axis',(-1.,9.23373748169348E-16,0.));
#12532=DIRECTION('',(-1.,9.23373748169348E-16,-3.12990154657036E-47));
#12533=DIRECTION('',(-1.,9.23373748169348E-16,1.99175552963566E-47));
#12534=DIRECTION('',(0.,0.,1.));
#12535=DIRECTION('center_axis',(1.,2.31296463463574E-15,0.));
#12536=DIRECTION('ref_axis',(-2.31296463463574E-15,1.,0.));
#12537=DIRECTION('',(-2.31296463463574E-15,1.,-3.38963670212155E-32));
#12538=DIRECTION('',(-2.31296463463574E-15,1.,2.15704153771369E-32));
#12539=DIRECTION('center_axis',(5.46944702155765E-63,3.38963670212155E-32,
1.));
#12540=DIRECTION('ref_axis',(1.,-9.86076131526265E-32,-2.12700717505018E-63));
#12541=DIRECTION('center_axis',(5.46944702155765E-63,3.38963670212155E-32,
1.));
#12542=DIRECTION('ref_axis',(-1.,9.86076131526265E-32,2.12700717505018E-63));
#12543=DIRECTION('center_axis',(0.,-2.15704153771369E-32,1.));
#12544=DIRECTION('ref_axis',(1.,0.,0.));
#12545=DIRECTION('center_axis',(0.,-2.15704153771369E-32,1.));
#12546=DIRECTION('ref_axis',(-1.,0.,0.));
#12547=DIRECTION('center_axis',(0.,0.,1.));
#12548=DIRECTION('ref_axis',(-1.,0.,0.));
#12549=DIRECTION('',(0.,0.,1.));
#12550=DIRECTION('',(-2.51003034891997E-12,-8.12960809781775E-14,-0.999999999999991));
#12551=DIRECTION('',(4.821001967297E-14,0.999999999999996,-8.02413691047836E-14));
#12552=DIRECTION('',(-2.51003034891998E-12,-8.12960809781775E-14,-0.999999999999991));
#12553=DIRECTION('',(-1.63537860211274E-14,0.999999999999996,-8.02136135291679E-14));
#12554=DIRECTION('',(2.50954219093634E-12,-8.11295475244821E-14,0.999999999999991));
#12555=DIRECTION('',(5.44903748866824E-14,-0.999999999999996,-8.20454815197995E-14));
#12556=DIRECTION('',(-2.50941972625642E-12,-8.185119249049E-14,-0.999999999999991));
#12557=DIRECTION('',(1.12305997826623E-14,-0.999999999999996,8.27948820614215E-14));
#12558=DIRECTION('',(2.51015281359989E-12,-8.06021915877852E-14,0.999999999999992));
#12559=DIRECTION('',(1.56772438656932E-14,0.999999999999996,7.95197241387774E-14));
#12560=DIRECTION('',(2.50954219093633E-12,-8.11295475244821E-14,0.999999999999991));
#12561=DIRECTION('',(-1.05540576272281E-14,-0.999999999999996,-8.20732370954153E-14));
#12562=DIRECTION('',(9.62335106092482E-14,-0.999999999999997,9.59314260008898E-14));
#12563=DIRECTION('',(-4.78965836402265E-8,-9.67085867301282E-14,-0.999999999999998));
#12564=DIRECTION('',(9.72634619181842E-14,-0.999999999999997,9.59812159099305E-14));
#12565=DIRECTION('',(-4.78965836564342E-8,-9.64808209373733E-14,-0.999999999999998));
#12566=DIRECTION('',(0.,0.,1.));
#12567=DIRECTION('',(1.,0.,0.));
#12568=CARTESIAN_POINT('',(0.,0.,0.));
#12569=CARTESIAN_POINT('',(0.,0.,0.));
#12570=CARTESIAN_POINT('Origin',(0.00246885015037403,-2.30167735393916,
260.799999982868));
#12571=CARTESIAN_POINT('',(2.45246885015098,-0.251677353939158,260.799999982868));
#12572=CARTESIAN_POINT('',(2.20246885015098,-0.00167735393915786,260.799999982868));
#12573=CARTESIAN_POINT('Origin',(2.20246885015098,-0.251677353939158,260.799999982868));
#12574=CARTESIAN_POINT('',(-2.19753114984902,-0.00167735393915803,260.799999982868));
#12575=CARTESIAN_POINT('',(0.00246885015098286,-0.00167735393915791,260.799999982868));
#12576=CARTESIAN_POINT('',(-2.44753114984902,-0.251677353939158,260.799999982868));
#12577=CARTESIAN_POINT('Origin',(-2.19753114984902,-0.251677353939158,260.799999982868));
#12578=CARTESIAN_POINT('',(-2.44753114984902,-0.351677353939158,260.799999982868));
#12579=CARTESIAN_POINT('',(-2.44753114984902,-0.251677353939158,260.799999982868));
#12580=CARTESIAN_POINT('',(-2.69753114984902,-0.601677353939158,260.799999982868));
#12581=CARTESIAN_POINT('Origin',(-2.69753114984902,-0.351677353939158,260.799999982868));
#12582=CARTESIAN_POINT('',(-3.14753114984902,-0.601677353939158,260.799999982868));
#12583=CARTESIAN_POINT('',(-2.69753114984902,-0.601677353939158,260.799999982868));
#12584=CARTESIAN_POINT('',(-3.77719487805252,-1.60749362130383,260.799999982868));
#12585=CARTESIAN_POINT('Origin',(-3.14753114984902,-1.30167735393916,260.799999982868));
#12586=CARTESIAN_POINT('',(-1.4693557636513,-4.30167735393916,260.799999982868));
#12587=CARTESIAN_POINT('Origin',(2.51944240398364,1.45066905234343,260.799999982868));
#12588=CARTESIAN_POINT('',(1.47429346395327,-4.30167735393916,260.799999982868));
#12589=CARTESIAN_POINT('',(0.502468850150679,-4.30167735393916,260.799999982868));
#12590=CARTESIAN_POINT('',(3.78213257835339,-1.6074936213033,260.799999982868));
#12591=CARTESIAN_POINT('Origin',(-2.51450470368167,1.45066905234343,260.799999982868));
#12592=CARTESIAN_POINT('',(3.15246885015098,-0.601677353940375,260.799999982868));
#12593=CARTESIAN_POINT('Origin',(3.15246885015098,-1.30167735393916,260.799999982868));
#12594=CARTESIAN_POINT('',(2.70246885015098,-0.601677353939158,260.799999982868));
#12595=CARTESIAN_POINT('',(2.70246885015098,-0.601677353939158,260.799999982868));
#12596=CARTESIAN_POINT('',(2.45246885015098,-0.351677353939158,260.799999982868));
#12597=CARTESIAN_POINT('Origin',(2.70246885015098,-0.351677353939158,260.799999982868));
#12598=CARTESIAN_POINT('',(2.45246885015098,-0.251677353939158,260.799999982868));
#12599=CARTESIAN_POINT('Origin',(0.00246885015037403,-2.30167735393916,
247.799999982868));
#12600=CARTESIAN_POINT('',(2.20246885015098,-0.00167735393915786,247.799999982868));
#12601=CARTESIAN_POINT('',(2.45246885015098,-0.251677353939158,247.799999982868));
#12602=CARTESIAN_POINT('Origin',(2.20246885015098,-0.251677353939158,247.799999982868));
#12603=CARTESIAN_POINT('',(2.45246885015098,-0.351677353939158,247.799999982868));
#12604=CARTESIAN_POINT('',(2.45246885015098,-0.251677353939158,247.799999982868));
#12605=CARTESIAN_POINT('',(2.70246885015098,-0.601677353939158,247.799999982868));
#12606=CARTESIAN_POINT('Origin',(2.70246885015098,-0.351677353939158,247.799999982868));
#12607=CARTESIAN_POINT('',(3.15246885015098,-0.601677353940375,247.799999982868));
#12608=CARTESIAN_POINT('',(2.70246885015098,-0.601677353939158,247.799999982868));
#12609=CARTESIAN_POINT('',(3.78213257835339,-1.6074936213033,247.799999982868));
#12610=CARTESIAN_POINT('Origin',(3.15246885015098,-1.30167735393916,247.799999982868));
#12611=CARTESIAN_POINT('',(1.47429346395327,-4.30167735393916,247.799999982868));
#12612=CARTESIAN_POINT('Origin',(-2.51450470368167,1.45066905234343,247.799999982868));
#12613=CARTESIAN_POINT('',(-1.4693557636513,-4.30167735393916,247.799999982868));
#12614=CARTESIAN_POINT('',(0.502468850150679,-4.30167735393916,247.799999982868));
#12615=CARTESIAN_POINT('',(-3.77719487805252,-1.60749362130383,247.799999982868));
#12616=CARTESIAN_POINT('Origin',(2.51944240398364,1.45066905234343,247.799999982868));
#12617=CARTESIAN_POINT('',(-3.14753114984902,-0.601677353939158,247.799999982868));
#12618=CARTESIAN_POINT('Origin',(-3.14753114984902,-1.30167735393916,247.799999982868));
#12619=CARTESIAN_POINT('',(-2.69753114984902,-0.601677353939158,247.799999982868));
#12620=CARTESIAN_POINT('',(-2.69753114984902,-0.601677353939158,247.799999982868));
#12621=CARTESIAN_POINT('',(-2.44753114984902,-0.351677353939158,247.799999982868));
#12622=CARTESIAN_POINT('Origin',(-2.69753114984902,-0.351677353939158,247.799999982868));
#12623=CARTESIAN_POINT('',(-2.44753114984902,-0.251677353939158,247.799999982868));
#12624=CARTESIAN_POINT('',(-2.44753114984902,-0.251677353939158,247.799999982868));
#12625=CARTESIAN_POINT('',(-2.19753114984902,-0.00167735393915803,247.799999982868));
#12626=CARTESIAN_POINT('Origin',(-2.19753114984902,-0.251677353939158,247.799999982868));
#12627=CARTESIAN_POINT('',(0.00246885015098286,-0.00167735393915791,247.799999982868));
#12628=CARTESIAN_POINT('Origin',(0.00246885015098309,-4.10167735393916,
251.999999982868));
#12629=CARTESIAN_POINT('',(1.40676461568105,-3.90169833239806,250.438308328778));
#12630=CARTESIAN_POINT('',(0.00246885015099529,-3.90167735393916,249.899999982868));
#12631=CARTESIAN_POINT('Origin',(0.00246885015098308,-3.90167735393916,
251.999999982868));
#12632=CARTESIAN_POINT('',(-1.40182671115292,-3.9016984511848,250.438308221982));
#12633=CARTESIAN_POINT('Origin',(0.00246885015098308,-3.90167735393916,
251.999999982868));
#12634=CARTESIAN_POINT('',(-1.50519839507721,-4.27665723821566,250.037230280322));
#12635=CARTESIAN_POINT('Ctrl Pts',(-1.40137906736969,-3.90196901553191,
250.437987189957));
#12636=CARTESIAN_POINT('Ctrl Pts',(-1.40961584285152,-3.93227374533915,
250.404763272695));
#12637=CARTESIAN_POINT('Ctrl Pts',(-1.41813632161946,-3.96289336762339,
250.371507674396));
#12638=CARTESIAN_POINT('Ctrl Pts',(-1.42673448681071,-3.99359006261105,
250.338386894722));
#12639=CARTESIAN_POINT('Ctrl Pts',(-1.43533265200196,-4.02428675759872,
250.305266115047));
#12640=CARTESIAN_POINT('Ctrl Pts',(-1.44400803730612,-4.05506043015308,
250.272280226636));
#12641=CARTESIAN_POINT('Ctrl Pts',(-1.45258041485138,-4.08564173367595,
250.239643340299));
#12642=CARTESIAN_POINT('Ctrl Pts',(-1.46649018101128,-4.13526376427622,
250.186685866748));
#12643=CARTESIAN_POINT('Ctrl Pts',(-1.4803966558121,-4.18534402653243,250.133614681639));
#12644=CARTESIAN_POINT('Ctrl Pts',(-1.49417207812393,-4.23593845816423,
250.08018901913));
#12645=CARTESIAN_POINT('Ctrl Pts',(-1.49785739745346,-4.24947391520061,
250.065896126885));
#12646=CARTESIAN_POINT('Ctrl Pts',(-1.50153352935179,-4.26304635196206,
250.051578001227));
#12647=CARTESIAN_POINT('Ctrl Pts',(-1.50519839487747,-4.2766572380669,250.037230280469));
#12648=CARTESIAN_POINT('',(-1.4693557636513,-4.30167735393916,249.979175322932));
#12649=CARTESIAN_POINT('Ctrl Pts',(-1.50519839507837,-4.27665723821533,
250.037230280321));
#12650=CARTESIAN_POINT('Ctrl Pts',(-1.49345329164074,-4.28491062209573,
250.017801273048));
#12651=CARTESIAN_POINT('Ctrl Pts',(-1.48150286974222,-4.29325429470465,
249.998442733207));
#12652=CARTESIAN_POINT('Ctrl Pts',(-1.46935576365131,-4.30167735393915,
249.979175322932));
#12653=CARTESIAN_POINT('',(1.47429346395327,-4.30167735393916,249.979175322932));
#12654=CARTESIAN_POINT('Origin',(0.0024688501509831,-4.30167735393916,251.999999982868));
#12655=CARTESIAN_POINT('',(1.51013609522083,-4.27665723832742,250.037230280192));
#12656=CARTESIAN_POINT('Ctrl Pts',(1.47429346395328,-4.30167735393915,249.979175322932));
#12657=CARTESIAN_POINT('Ctrl Pts',(1.48644068373578,-4.29325421586851,249.998442913542));
#12658=CARTESIAN_POINT('Ctrl Pts',(1.49839076920867,-4.2849107786125,250.017800904599));
#12659=CARTESIAN_POINT('Ctrl Pts',(1.5101360952735,-4.27665723829041,250.037230280145));
#12660=CARTESIAN_POINT('Ctrl Pts',(1.40631720203573,-3.90196873201212,250.437987565093));
#12661=CARTESIAN_POINT('Ctrl Pts',(1.41454164512143,-3.93222785247685,250.404813659265));
#12662=CARTESIAN_POINT('Ctrl Pts',(1.42304879549857,-3.96280073061204,250.371608360363));
#12663=CARTESIAN_POINT('Ctrl Pts',(1.43163350109805,-3.99345027486856,250.338537779577));
#12664=CARTESIAN_POINT('Ctrl Pts',(1.44021820669752,-4.02409981912509,250.305467198791));
#12665=CARTESIAN_POINT('Ctrl Pts',(1.44888000374398,-4.05482593493973,250.272531407792));
#12666=CARTESIAN_POINT('Ctrl Pts',(1.45743939994847,-4.08536014162036,250.239943888097));
#12667=CARTESIAN_POINT('Ctrl Pts',(1.47134896677693,-4.13498018236059,250.186987082249));
#12668=CARTESIAN_POINT('Ctrl Pts',(1.48525582061495,-4.18505919591312,250.133916183926));
#12669=CARTESIAN_POINT('Ctrl Pts',(1.49903205449642,-4.23565297256534,250.080490483171));
#12670=CARTESIAN_POINT('Ctrl Pts',(1.50274339476646,-4.24928301995842,250.066097510724));
#12671=CARTESIAN_POINT('Ctrl Pts',(1.50644544995499,-4.26295060929285,250.051678926989));
#12672=CARTESIAN_POINT('Ctrl Pts',(1.51013609521152,-4.27665723833396,250.037230280184));
#12673=CARTESIAN_POINT('Ctrl Pts',(-1.50519839507696,-4.27665723821632,
250.037230280323));
#12674=CARTESIAN_POINT('Ctrl Pts',(-1.64887777368599,-4.17569251928862,
250.156209009631));
#12675=CARTESIAN_POINT('Ctrl Pts',(-1.90659888272696,-3.9790611748802,250.425104491628));
#12676=CARTESIAN_POINT('Ctrl Pts',(-2.22424262536467,-3.70088945259516,
250.977815366528));
#12677=CARTESIAN_POINT('Ctrl Pts',(-2.39766576822632,-3.5318118440151,251.651205052197));
#12678=CARTESIAN_POINT('Ctrl Pts',(-2.39780836219075,-3.53157675035663,
252.350834818297));
#12679=CARTESIAN_POINT('Ctrl Pts',(-2.2241013825894,-3.7011145139029,253.021955491394));
#12680=CARTESIAN_POINT('Ctrl Pts',(-1.90723137732611,-3.97871184917199,
253.574868861722));
#12681=CARTESIAN_POINT('Ctrl Pts',(-1.64887655038995,-4.17569337891541,
253.843791969121));
#12682=CARTESIAN_POINT('Ctrl Pts',(-1.50519839490951,-4.27665723833399,
253.962769685551));
#12683=CARTESIAN_POINT('Ctrl Pts',(-1.39464369022935,-4.19989893177169,
250.111542728248));
#12684=CARTESIAN_POINT('Ctrl Pts',(-1.53657785702543,-4.10420472669085,
250.222054594328));
#12685=CARTESIAN_POINT('Ctrl Pts',(-1.7940799444577,-3.91729408500359,250.474466781765));
#12686=CARTESIAN_POINT('Ctrl Pts',(-2.11883893573772,-3.65156848232875,
251.003656149965));
#12687=CARTESIAN_POINT('Ctrl Pts',(-2.30027240772782,-3.48953412592312,
251.658721819469));
#12688=CARTESIAN_POINT('Ctrl Pts',(-2.30043835188273,-3.48930540684352,
252.343338872822));
#12689=CARTESIAN_POINT('Ctrl Pts',(-2.11868964045888,-3.65178820170898,
252.996123713394));
#12690=CARTESIAN_POINT('Ctrl Pts',(-1.79468847238151,-3.91696672843228,
253.52554971536));
#12691=CARTESIAN_POINT('Ctrl Pts',(-1.53657664858705,-4.10420554144401,
253.777946312335));
#12692=CARTESIAN_POINT('Ctrl Pts',(-1.39464369006392,-4.19989893188322,
253.888457237616));
#12693=CARTESIAN_POINT('Ctrl Pts',(-1.28408898538173,-4.12314062532706,
250.185855176174));
#12694=CARTESIAN_POINT('Ctrl Pts',(-1.42427794036487,-4.03271693409308,
250.287900179026));
#12695=CARTESIAN_POINT('Ctrl Pts',(-1.68156100618844,-3.85552699512698,
250.523829071902));
#12696=CARTESIAN_POINT('Ctrl Pts',(-2.01343524611078,-3.60224751206233,
251.029496933402));
#12697=CARTESIAN_POINT('Ctrl Pts',(-2.20287904722932,-3.44725640783113,
251.666238586742));
#12698=CARTESIAN_POINT('Ctrl Pts',(-2.20306834157472,-3.44703406333041,
252.335842927347));
#12699=CARTESIAN_POINT('Ctrl Pts',(-2.01327789832836,-3.60246188951507,
252.970291935394));
#12700=CARTESIAN_POINT('Ctrl Pts',(-1.68214556743692,-3.85522160769256,
253.476230568998));
#12701=CARTESIAN_POINT('Ctrl Pts',(-1.42427674678415,-4.03271770397261,
253.71210065555));
#12702=CARTESIAN_POINT('Ctrl Pts',(-1.28408898521832,-4.12314062543245,
253.814144789681));
#12703=CARTESIAN_POINT('Ctrl Pts',(-1.17353428053411,-4.04638231888243,
250.260167624099));
#12704=CARTESIAN_POINT('Ctrl Pts',(-1.31197802370431,-3.96122914149531,
250.353745763723));
#12705=CARTESIAN_POINT('Ctrl Pts',(-1.56904206791918,-3.79375990525036,
250.573191362039));
#12706=CARTESIAN_POINT('Ctrl Pts',(-1.90803155648384,-3.55292654179592,
251.055337716839));
#12707=CARTESIAN_POINT('Ctrl Pts',(-2.10548568673082,-3.40497868973915,
251.673755354014));
#12708=CARTESIAN_POINT('Ctrl Pts',(-2.1056983312667,-3.4047627198173,252.328346981872));
#12709=CARTESIAN_POINT('Ctrl Pts',(-1.90786615619784,-3.55313557732115,
252.944460157394));
#12710=CARTESIAN_POINT('Ctrl Pts',(-1.56960266249232,-3.79347648695285,
253.426911422636));
#12711=CARTESIAN_POINT('Ctrl Pts',(-1.31197684498125,-3.96122986650121,
253.646254998764));
#12712=CARTESIAN_POINT('Ctrl Pts',(-1.17353428037273,-4.04638231898167,
253.739832341746));
#12713=CARTESIAN_POINT('',(-1.40192984670766,-3.90164517306422,253.561728381966));
#12714=CARTESIAN_POINT('Ctrl Pts',(-1.40184213327474,-3.90166674944547,
250.438404153832));
#12715=CARTESIAN_POINT('Ctrl Pts',(-1.45651990199861,-3.86597375263061,
250.487653444721));
#12716=CARTESIAN_POINT('Ctrl Pts',(-1.63369552027209,-3.74782718782298,
250.665148273474));
#12717=CARTESIAN_POINT('Ctrl Pts',(-1.90803155648384,-3.55292654179592,
251.055337716839));
#12718=CARTESIAN_POINT('Ctrl Pts',(-2.10548568673082,-3.40497868973915,
251.673755354014));
#12719=CARTESIAN_POINT('Ctrl Pts',(-2.1056983312667,-3.4047627198173,252.328346981872));
#12720=CARTESIAN_POINT('Ctrl Pts',(-1.90786615619784,-3.55313557732115,
252.944460157394));
#12721=CARTESIAN_POINT('Ctrl Pts',(-1.63409088812612,-3.74765670711324,
253.334934527023));
#12722=CARTESIAN_POINT('Ctrl Pts',(-1.45669559645542,-3.86590132948894,
253.512439710009));
#12723=CARTESIAN_POINT('Ctrl Pts',(-1.40192422433685,-3.90164262798637,
253.561704745346));
#12724=CARTESIAN_POINT('',(-1.50519839491886,-4.27665723832742,253.962769685543));
#12725=CARTESIAN_POINT('Ctrl Pts',(-1.40155333296453,-3.90188464339056,
253.562038267657));
#12726=CARTESIAN_POINT('Ctrl Pts',(-1.40975719332409,-3.9321523924423,253.595206055041));
#12727=CARTESIAN_POINT('Ctrl Pts',(-1.41824280086694,-3.96273497110636,
253.628406261433));
#12728=CARTESIAN_POINT('Ctrl Pts',(-1.42680715513113,-3.99339407242714,
253.661472988432));
#12729=CARTESIAN_POINT('Ctrl Pts',(-1.43537150939533,-4.02405317374791,
253.694539715432));
#12730=CARTESIAN_POINT('Ctrl Pts',(-1.44401415762269,-4.05478869378036,
253.72747287813));
#12731=CARTESIAN_POINT('Ctrl Pts',(-1.45255728166881,-4.0853310972996,253.760058739004));
#12732=CARTESIAN_POINT('Ctrl Pts',(-1.46644361144869,-4.13497592104896,
253.813025078697));
#12733=CARTESIAN_POINT('Ctrl Pts',(-1.48033431908987,-4.18507699745229,
253.866108105926));
#12734=CARTESIAN_POINT('Ctrl Pts',(-1.49410674047572,-4.2356864695791,253.919546421859));
#12735=CARTESIAN_POINT('Ctrl Pts',(-1.4978130171908,-4.24930591258416,253.933927130994));
#12736=CARTESIAN_POINT('Ctrl Pts',(-1.50151091332419,-4.26296235880135,
253.948333424323));
#12737=CARTESIAN_POINT('Ctrl Pts',(-1.50519839490951,-4.27665723833399,
253.962769685551));
#12738=CARTESIAN_POINT('Ctrl Pts',(-1.50519839490951,-4.27665723833399,
253.962769685551));
#12739=CARTESIAN_POINT('Ctrl Pts',(-1.64887655038995,-4.17569337891541,
253.843791969121));
#12740=CARTESIAN_POINT('Ctrl Pts',(-1.90723137732611,-3.97871184917199,
253.574868861722));
#12741=CARTESIAN_POINT('Ctrl Pts',(-2.2241013825894,-3.7011145139029,253.021955491394));
#12742=CARTESIAN_POINT('Ctrl Pts',(-2.39780836219075,-3.53157675035663,
252.350834818297));
#12743=CARTESIAN_POINT('Ctrl Pts',(-2.39766576822632,-3.5318118440151,251.651205052197));
#12744=CARTESIAN_POINT('Ctrl Pts',(-2.22424262536467,-3.70088945259516,
250.977815366528));
#12745=CARTESIAN_POINT('Ctrl Pts',(-1.90659888272696,-3.9790611748802,250.425104491628));
#12746=CARTESIAN_POINT('Ctrl Pts',(-1.64887777368599,-4.17569251928862,
250.156209009631));
#12747=CARTESIAN_POINT('Ctrl Pts',(-1.50519839507696,-4.27665723821632,
250.037230280323));
#12748=CARTESIAN_POINT('Origin',(0.00246885015098309,-4.10167735393916,
251.999999982868));
#12749=CARTESIAN_POINT('',(1.40686760719939,-3.90164518640109,253.56172860519));
#12750=CARTESIAN_POINT('Origin',(0.00246885015098308,-3.90167735393916,
251.999999982868));
#12751=CARTESIAN_POINT('',(1.5101360952371,-4.27665723830071,253.962769685565));
#12752=CARTESIAN_POINT('Ctrl Pts',(1.40649105221981,-3.9018846311824,253.562038283341));
#12753=CARTESIAN_POINT('Ctrl Pts',(1.41470726510951,-3.93219796584032,253.595256020232));
#12754=CARTESIAN_POINT('Ctrl Pts',(1.42320613250322,-3.96282732411598,253.62850654675));
#12755=CARTESIAN_POINT('Ctrl Pts',(1.43178385528656,-3.99353363087424,253.661623522506));
#12756=CARTESIAN_POINT('Ctrl Pts',(1.4403615780699,-4.02423993763249,253.694740498262));
#12757=CARTESIAN_POINT('Ctrl Pts',(1.44901770082653,-4.05502308831741,253.727723837525));
#12758=CARTESIAN_POINT('Ctrl Pts',(1.45757373724882,-4.0856126357465,253.760359118652));
#12759=CARTESIAN_POINT('Ctrl Pts',(1.47146015250469,-4.13525935732694,253.813326058407));
#12760=CARTESIAN_POINT('Ctrl Pts',(1.48535041717743,-4.18536155751982,253.86640927063));
#12761=CARTESIAN_POINT('Ctrl Pts',(1.49912201091616,-4.23597151955004,253.919847403192));
#12762=CARTESIAN_POINT('Ctrl Pts',(1.50280232781193,-4.24949651178319,253.934128194935));
#12763=CARTESIAN_POINT('Ctrl Pts',(1.50647435258123,-4.26305795029932,253.948434190733));
#12764=CARTESIAN_POINT('Ctrl Pts',(1.51013609521151,-4.27665723833397,253.962769685551));
#12765=CARTESIAN_POINT('',(1.47429346395327,-4.30167735393916,254.020824642804));
#12766=CARTESIAN_POINT('Ctrl Pts',(1.5101360952735,-4.27665723829041,253.962769685591));
#12767=CARTESIAN_POINT('Ctrl Pts',(1.49839099187025,-4.28491062214632,253.982198692805));
#12768=CARTESIAN_POINT('Ctrl Pts',(1.48644057000735,-4.29325429473019,254.001557232587));
#12769=CARTESIAN_POINT('Ctrl Pts',(1.47429346395327,-4.30167735393916,254.020824642804));
#12770=CARTESIAN_POINT('',(-1.4693557636513,-4.30167735393916,254.020824642804));
#12771=CARTESIAN_POINT('Origin',(0.0024688501509831,-4.30167735393916,251.999999982868));
#12772=CARTESIAN_POINT('Ctrl Pts',(-1.4693557636513,-4.30167735393916,254.020824642804));
#12773=CARTESIAN_POINT('Ctrl Pts',(-1.481502983518,-4.29325421581013,254.001557052061));
#12774=CARTESIAN_POINT('Ctrl Pts',(-1.4934530688272,-4.28491077866837,253.982199061268));
#12775=CARTESIAN_POINT('Ctrl Pts',(-1.50519839497153,-4.27665723829041,
253.962769685591));
#12776=CARTESIAN_POINT('Ctrl Pts',(1.51013609521151,-4.27665723833397,253.962769685551));
#12777=CARTESIAN_POINT('Ctrl Pts',(1.65381433569948,-4.17569331917987,253.843791898727));
#12778=CARTESIAN_POINT('Ctrl Pts',(1.91216935441266,-3.97871163361463,253.57486866667));
#12779=CARTESIAN_POINT('Ctrl Pts',(2.22903947674491,-3.70111416309539,253.021954837259));
#12780=CARTESIAN_POINT('Ctrl Pts',(2.40274636438983,-3.53157647252546,252.350833693855));
#12781=CARTESIAN_POINT('Ctrl Pts',(2.40260341439849,-3.53181193573683,251.651203507058));
#12782=CARTESIAN_POINT('Ctrl Pts',(2.22917980307219,-3.70088997972202,250.977813715448));
#12783=CARTESIAN_POINT('Ctrl Pts',(1.91153546216187,-3.97906215026491,250.42510278018));
#12784=CARTESIAN_POINT('Ctrl Pts',(1.65381433569949,-4.17569331917986,250.156208067008));
#12785=CARTESIAN_POINT('Ctrl Pts',(1.51013609521152,-4.27665723833396,250.037230280184));
#12786=CARTESIAN_POINT('Ctrl Pts',(1.39958139036592,-4.19989893188319,253.888457237616));
#12787=CARTESIAN_POINT('Ctrl Pts',(1.54151443286403,-4.10420548482676,253.777946246951));
#12788=CARTESIAN_POINT('Ctrl Pts',(1.79962645000999,-3.91696652338479,253.525549531878));
#12789=CARTESIAN_POINT('Ctrl Pts',(2.12362774493895,-3.65178786641628,252.996123081636));
#12790=CARTESIAN_POINT('Ctrl Pts',(2.30537636468433,-3.48930514108645,252.343337770178));
#12791=CARTESIAN_POINT('Ctrl Pts',(2.30521004259986,-3.48953421488875,251.658720303418));
#12792=CARTESIAN_POINT('Ctrl Pts',(2.12377608609244,-3.65156898809245,251.00365454726));
#12793=CARTESIAN_POINT('Ctrl Pts',(1.79901650120397,-3.91729501641383,250.474465151498));
#12794=CARTESIAN_POINT('Ctrl Pts',(1.54151443286405,-4.10420548482675,250.222053718785));
#12795=CARTESIAN_POINT('Ctrl Pts',(1.39958139036594,-4.19989893188319,250.11154272812));
#12796=CARTESIAN_POINT('Ctrl Pts',(1.28902668552032,-4.12314062543242,253.814144789681));
#12797=CARTESIAN_POINT('Ctrl Pts',(1.42921453002858,-4.03271765047365,253.712100595175));
#12798=CARTESIAN_POINT('Ctrl Pts',(1.68708354560731,-3.85522141315494,253.476230397086));
#12799=CARTESIAN_POINT('Ctrl Pts',(2.01821601313298,-3.60246156973717,252.970291326013));
#12800=CARTESIAN_POINT('Ctrl Pts',(2.20800636497884,-3.44703380964743,252.335841846501));
#12801=CARTESIAN_POINT('Ctrl Pts',(2.20781667080122,-3.44725649404066,251.666237099778));
#12802=CARTESIAN_POINT('Ctrl Pts',(2.0183723691127,-3.60224799646288,251.029495379073));
#12803=CARTESIAN_POINT('Ctrl Pts',(1.68649754024606,-3.85552788256275,250.523827522815));
#12804=CARTESIAN_POINT('Ctrl Pts',(1.42921453002861,-4.03271765047364,250.287899370561));
#12805=CARTESIAN_POINT('Ctrl Pts',(1.28902668552035,-4.12314062543242,250.185855176055));
#12806=CARTESIAN_POINT('Ctrl Pts',(1.17847198067473,-4.04638231898165,253.739832341746));
#12807=CARTESIAN_POINT('Ctrl Pts',(1.31691462719313,-3.96122981612053,253.646254943399));
#12808=CARTESIAN_POINT('Ctrl Pts',(1.57454064120464,-3.7934763029251,253.426911262294));
#12809=CARTESIAN_POINT('Ctrl Pts',(1.91280428132701,-3.55313527305807,252.94445957039));
#12810=CARTESIAN_POINT('Ctrl Pts',(2.11063636527335,-3.40476247820841,252.328345922824));
#12811=CARTESIAN_POINT('Ctrl Pts',(2.11042329900258,-3.40497877319258,251.673753896137));
#12812=CARTESIAN_POINT('Ctrl Pts',(1.91296865213295,-3.55292700483332,251.055336210885));
#12813=CARTESIAN_POINT('Ctrl Pts',(1.57397857928816,-3.79376074871167,250.573189894132));
#12814=CARTESIAN_POINT('Ctrl Pts',(1.31691462719317,-3.96122981612053,250.353745022337));
#12815=CARTESIAN_POINT('Ctrl Pts',(1.17847198067477,-4.04638231898165,250.26016762399));
#12816=CARTESIAN_POINT('Ctrl Pts',(1.51013609521152,-4.27665723833396,250.037230280184));
#12817=CARTESIAN_POINT('Ctrl Pts',(1.65381433569949,-4.17569331917986,250.156208067008));
#12818=CARTESIAN_POINT('Ctrl Pts',(1.91153546216187,-3.97906215026491,250.42510278018));
#12819=CARTESIAN_POINT('Ctrl Pts',(2.22917980307219,-3.70088997972202,250.977813715448));
#12820=CARTESIAN_POINT('Ctrl Pts',(2.40260341439849,-3.53181193573683,251.651203507058));
#12821=CARTESIAN_POINT('Ctrl Pts',(2.40274636438983,-3.53157647252546,252.350833693855));
#12822=CARTESIAN_POINT('Ctrl Pts',(2.22903947674491,-3.70111416309539,253.021954837259));
#12823=CARTESIAN_POINT('Ctrl Pts',(1.91216935441266,-3.97871163361463,253.57486866667));
#12824=CARTESIAN_POINT('Ctrl Pts',(1.65381433569948,-4.17569331917987,253.843791898727));
#12825=CARTESIAN_POINT('Ctrl Pts',(1.51013609521151,-4.27665723833397,253.962769685551));
#12826=CARTESIAN_POINT('Ctrl Pts',(1.40686193786958,-3.90164261951306,253.561704766266));
#12827=CARTESIAN_POINT('Ctrl Pts',(1.46163339516018,-3.86590126557288,253.512439667787));
#12828=CARTESIAN_POINT('Ctrl Pts',(1.63902885490172,-3.74765652847747,253.334934342177));
#12829=CARTESIAN_POINT('Ctrl Pts',(1.91280428132701,-3.55313527305807,252.94445957039));
#12830=CARTESIAN_POINT('Ctrl Pts',(2.11063636527335,-3.40476247820841,252.328345922824));
#12831=CARTESIAN_POINT('Ctrl Pts',(2.11042329900258,-3.40497877319258,251.673753896137));
#12832=CARTESIAN_POINT('Ctrl Pts',(1.91296865213295,-3.55292700483332,251.055336210885));
#12833=CARTESIAN_POINT('Ctrl Pts',(1.63863244705393,-3.7478277427697,250.665147230657));
#12834=CARTESIAN_POINT('Ctrl Pts',(1.46145715982392,-3.86597404408923,250.487653013853));
#12835=CARTESIAN_POINT('Ctrl Pts',(1.40677984000846,-3.9016667452638,250.43840414362));
#12836=CARTESIAN_POINT('Origin',(2.51944240398364,1.45066905234343,259.999999982868));
#12837=CARTESIAN_POINT('',(-1.4693557636513,-4.30167735393916,259.999999982868));
#12838=CARTESIAN_POINT('',(-3.77719487805252,-1.60749362130383,259.999999982868));
#12839=CARTESIAN_POINT('',(-1.4693557636513,-4.30167735393916,259.999999982868));
#12840=CARTESIAN_POINT('Origin',(1.00246885015098,-4.30167735393916,259.999999982868));
#12841=CARTESIAN_POINT('',(1.47429346395327,-4.30167735393916,259.999999982868));
#12842=CARTESIAN_POINT('Origin',(0.00246885015098277,1.55408881531185,251.999999982868));
#12843=CARTESIAN_POINT('',(0.0024688501509951,-0.401677353939158,249.899999982868));
#12844=CARTESIAN_POINT('Origin',(0.00246885015098288,-0.401677353939158,
251.999999982868));
#12845=CARTESIAN_POINT('',(0.00246885015099499,1.55408881531185,249.899999982868));
#12846=CARTESIAN_POINT('Origin',(-2.51450470368167,1.45066905234343,259.999999982868));
#12847=CARTESIAN_POINT('',(1.47429346395327,-4.30167735393916,259.999999982868));
#12848=CARTESIAN_POINT('',(3.78213257835339,-1.6074936213033,259.999999982868));
#12849=CARTESIAN_POINT('Origin',(1.00246885015098,-4.30167735393916,259.999999982868));
#12850=CARTESIAN_POINT('Origin',(0.00246885015098287,-0.201677353939158,
251.999999982868));
#12851=CARTESIAN_POINT('',(0.0024688501509974,-0.00167735393915,249.499999982868));
#12852=CARTESIAN_POINT('',(0.00246885015099625,-0.201677353939158,249.699999982868));
#12853=CARTESIAN_POINT('',(-2.19753114984902,-0.00167735393915803,250.812565774164));
#12854=CARTESIAN_POINT('Origin',(0.00246885015098286,-0.00167735393915791,
251.999999982868));
#12855=CARTESIAN_POINT('',(-2.19753114984902,-0.00167735393915803,253.187434191572));
#12856=CARTESIAN_POINT('Ctrl Pts',(-2.19753114984902,-0.00167735393915805,
250.812565774164));
#12857=CARTESIAN_POINT('Ctrl Pts',(-2.21980800391527,-0.00167735393915867,
250.853838864148));
#12858=CARTESIAN_POINT('Ctrl Pts',(-2.23895840265225,-0.00464575057117216,
250.898628539637));
#12859=CARTESIAN_POINT('Ctrl Pts',(-2.29422281468387,-0.017477713950557,
251.04632653741));
#12860=CARTESIAN_POINT('Ctrl Pts',(-2.32569974851314,-0.0357128629727909,
251.179373052494));
#12861=CARTESIAN_POINT('Ctrl Pts',(-2.38233768565557,-0.0770636230419228,
251.510278127936));
#12862=CARTESIAN_POINT('Ctrl Pts',(-2.39753114984902,-0.101677353939158,
251.776687465118));
#12863=CARTESIAN_POINT('Ctrl Pts',(-2.39753114984902,-0.101677353939158,
252.223312500617));
#12864=CARTESIAN_POINT('Ctrl Pts',(-2.38233768565557,-0.0770636230419229,
252.489721837799));
#12865=CARTESIAN_POINT('Ctrl Pts',(-2.32569974851314,-0.0357128629727911,
252.820626913241));
#12866=CARTESIAN_POINT('Ctrl Pts',(-2.29422281468387,-0.0174777139505569,
252.953673428325));
#12867=CARTESIAN_POINT('Ctrl Pts',(-2.23895840265225,-0.00464575057117208,
253.101371426099));
#12868=CARTESIAN_POINT('Ctrl Pts',(-2.21980800391528,-0.00167735393915806,
253.146161101588));
#12869=CARTESIAN_POINT('Ctrl Pts',(-2.19753114984902,-0.00167735393915803,
253.187434191572));
#12870=CARTESIAN_POINT('',(2.20246885015098,-0.00167735393915786,253.187434191572));
#12871=CARTESIAN_POINT('Origin',(0.00246885015098286,-0.00167735393915791,
251.999999982868));
#12872=CARTESIAN_POINT('',(2.20246885015098,-0.00167735393915786,250.812565774164));
#12873=CARTESIAN_POINT('Ctrl Pts',(2.20246885015098,-0.00167735393915784,
253.187434191572));
#12874=CARTESIAN_POINT('Ctrl Pts',(2.22474570421724,-0.00167735393915737,
253.146161101588));
#12875=CARTESIAN_POINT('Ctrl Pts',(2.24389610295421,-0.00464575057117203,
253.101371426099));
#12876=CARTESIAN_POINT('Ctrl Pts',(2.29916051498584,-0.017477713950557,
252.953673428325));
#12877=CARTESIAN_POINT('Ctrl Pts',(2.33063744881511,-0.035712862972791,
252.820626913241));
#12878=CARTESIAN_POINT('Ctrl Pts',(2.38727538595753,-0.0770636230419227,
252.489721837799));
#12879=CARTESIAN_POINT('Ctrl Pts',(2.40246885015098,-0.101677353939158,
252.223312500617));
#12880=CARTESIAN_POINT('Ctrl Pts',(2.40246885015098,-0.101677353939158,
251.776687465118));
#12881=CARTESIAN_POINT('Ctrl Pts',(2.38727538595753,-0.0770636230419229,
251.510278127936));
#12882=CARTESIAN_POINT('Ctrl Pts',(2.33063744881511,-0.0357128629727911,
251.179373052494));
#12883=CARTESIAN_POINT('Ctrl Pts',(2.29916051498584,-0.0174777139505569,
251.04632653741));
#12884=CARTESIAN_POINT('Ctrl Pts',(2.24389610295421,-0.00464575057117201,
250.898628539637));
#12885=CARTESIAN_POINT('Ctrl Pts',(2.22474570421725,-0.00167735393915997,
250.853838864148));
#12886=CARTESIAN_POINT('Ctrl Pts',(2.20246885015101,-0.00167735393915784,
250.812565774164));
#12887=CARTESIAN_POINT('Origin',(0.00246885015098286,-0.00167735393915791,
251.999999982868));
#12888=CARTESIAN_POINT('Origin',(-2.19753114984902,-0.251677353939158,259.999999982868));
#12889=CARTESIAN_POINT('',(-2.19753114984902,-0.00167735393915803,259.999999982868));
#12890=CARTESIAN_POINT('',(-2.44753114984902,-0.251677353939158,259.999999982868));
#12891=CARTESIAN_POINT('',(-2.19753114984902,-0.00167735393915803,259.999999982868));
#12892=CARTESIAN_POINT('Origin',(-2.19753114984902,-0.00167735393915803,
259.999999982868));
#12893=CARTESIAN_POINT('',(2.20246885015098,-0.00167735393915786,259.999999982868));
#12894=CARTESIAN_POINT('Origin',(-2.19753114984902,-0.00167735393915803,
259.999999982868));
#12895=CARTESIAN_POINT('',(2.20246885015098,-0.00167735393915786,259.999999982868));
#12896=CARTESIAN_POINT('Origin',(2.20246885015098,-0.251677353939158,259.999999982868));
#12897=CARTESIAN_POINT('',(2.45246885015098,-0.251677353939158,259.999999982868));
#12898=CARTESIAN_POINT('Origin',(-2.44753114984902,-0.351677353939158,259.999999982868));
#12899=CARTESIAN_POINT('',(-2.44753114984902,-0.351677353939158,259.999999982868));
#12900=CARTESIAN_POINT('Origin',(-2.69753114984902,-0.351677353939158,259.999999982868));
#12901=CARTESIAN_POINT('',(-2.69753114984902,-0.601677353939158,259.999999982868));
#12902=CARTESIAN_POINT('Origin',(2.45246885015098,-0.251677353939158,259.999999982868));
#12903=CARTESIAN_POINT('',(2.45246885015098,-0.351677353939158,259.999999982868));
#12904=CARTESIAN_POINT('Origin',(-3.14753114984902,-1.30167735393916,259.999999982868));
#12905=CARTESIAN_POINT('',(-3.14753114984902,-0.601677353939158,259.999999982868));
#12906=CARTESIAN_POINT('Origin',(3.15246885015098,-1.30167735393916,259.999999982868));
#12907=CARTESIAN_POINT('',(3.15246885015098,-0.601677353940375,259.999999982868));
#12908=CARTESIAN_POINT('Origin',(2.70246885015098,-0.601677353939158,259.999999982868));
#12909=CARTESIAN_POINT('',(2.70246885015098,-0.601677353939158,259.999999982868));
#12910=CARTESIAN_POINT('Origin',(2.70246885015098,-0.351677353939158,259.999999982868));
#12911=CARTESIAN_POINT('Origin',(-3.14753114984902,-0.601677353939158,259.999999982868));
#12912=CARTESIAN_POINT('',(0.,0.,0.));
#12913=CARTESIAN_POINT('',(0.,0.,0.));
#12914=CARTESIAN_POINT('Origin',(0.,-6.4817553558587E-56,5.5));
#12915=CARTESIAN_POINT('',(1.25,-0.721687836487032,5.39174682452694));
#12916=CARTESIAN_POINT('',(1.25,0.721687836487032,5.39174682452694));
#12917=CARTESIAN_POINT('Ctrl Pts',(1.25,-0.721687836487015,5.39174682452694));
#12918=CARTESIAN_POINT('Ctrl Pts',(1.25,8.32667268468867E-17,5.03090290628344));
#12919=CARTESIAN_POINT('Ctrl Pts',(1.25,0.721687836487015,5.39174682452694));
#12920=CARTESIAN_POINT('',(6.8102065467296E-16,-1.44337567297406,5.39174682452695));
#12921=CARTESIAN_POINT('Ctrl Pts',(1.45515473493596E-14,-1.44337567297406,
5.39174682452694));
#12922=CARTESIAN_POINT('Ctrl Pts',(0.625,-1.08253175473055,5.03090290628344));
#12923=CARTESIAN_POINT('Ctrl Pts',(1.24999999999998,-0.721687836487041,
5.39174682452694));
#12924=CARTESIAN_POINT('',(-1.25,-0.721687836487032,5.39174682452694));
#12925=CARTESIAN_POINT('Ctrl Pts',(-1.24999999999998,-0.721687836487041,
5.39174682452694));
#12926=CARTESIAN_POINT('Ctrl Pts',(-0.625,-1.08253175473055,5.03090290628344));
#12927=CARTESIAN_POINT('Ctrl Pts',(-1.42762478049123E-14,-1.44337567297406,
5.39174682452694));
#12928=CARTESIAN_POINT('',(-1.25,-7.65404249467096E-17,5.19837115155288));
#12929=CARTESIAN_POINT('Ctrl Pts',(-1.25,-0.721687836487015,5.39174682452694));
#12930=CARTESIAN_POINT('Ctrl Pts',(-1.25,-0.334936490538896,5.19837115155288));
#12931=CARTESIAN_POINT('Ctrl Pts',(-1.25,0.,5.19837115155288));
#12932=CARTESIAN_POINT('',(-1.55162884844712,-1.90019730271546E-16,5.5));
#12933=CARTESIAN_POINT('',(-1.55162884844712,-1.90019730271546E-16,5.5));
#12934=CARTESIAN_POINT('Origin',(0.,-6.4817553558587E-56,5.5));
#12935=CARTESIAN_POINT('',(-1.25,0.721687836487032,5.39174682452694));
#12936=CARTESIAN_POINT('Ctrl Pts',(-1.25,0.,5.19837115155288));
#12937=CARTESIAN_POINT('Ctrl Pts',(-1.25,0.334936490538896,5.19837115155288));
#12938=CARTESIAN_POINT('Ctrl Pts',(-1.25,0.721687836487013,5.39174682452694));
#12939=CARTESIAN_POINT('',(-3.84265069311922E-16,1.44337567297406,5.39174682452694));
#12940=CARTESIAN_POINT('Ctrl Pts',(-1.43549048176115E-14,1.44337567297406,
5.39174682452694));
#12941=CARTESIAN_POINT('Ctrl Pts',(-0.624999999999999,1.08253175473055,
5.03090290628344));
#12942=CARTESIAN_POINT('Ctrl Pts',(-1.24999999999998,0.721687836487041,
5.39174682452694));
#12943=CARTESIAN_POINT('Ctrl Pts',(1.24999999999998,0.721687836487041,5.39174682452694));
#12944=CARTESIAN_POINT('Ctrl Pts',(0.625,1.08253175473055,5.03090290628344));
#12945=CARTESIAN_POINT('Ctrl Pts',(1.55347600081001E-14,1.44337567297406,
5.39174682452694));
#12946=CARTESIAN_POINT('Origin',(0.,1.76775146068872E-57,5.35));
#12947=CARTESIAN_POINT('',(-3.36777869765522E-16,-2.75,5.35));
#12948=CARTESIAN_POINT('Origin',(0.,1.76775146068872E-57,5.35));
#12949=CARTESIAN_POINT('',(-3.18408167778312E-16,-2.6,5.5));
#12950=CARTESIAN_POINT('',(-3.36777869765522E-16,-2.75,5.35));
#12951=CARTESIAN_POINT('Origin',(0.,0.,5.5));
#12952=CARTESIAN_POINT('Origin',(0.,1.29635107117174E-55,-5.5));
#12953=CARTESIAN_POINT('',(3.36777869765522E-16,2.75,2.65));
#12954=CARTESIAN_POINT('',(-3.36777869765522E-16,-2.75,2.65));
#12955=CARTESIAN_POINT('Origin',(0.,3.3587277753086E-56,2.65));
#12956=CARTESIAN_POINT('Origin',(0.,3.3587277753086E-56,2.65));
#12957=CARTESIAN_POINT('',(-3.36777869765522E-16,-2.75,-5.5));
#12958=CARTESIAN_POINT('Origin',(0.,3.53550292137747E-56,2.5));
#12959=CARTESIAN_POINT('',(-3.18408167778312E-16,2.6,2.5));
#12960=CARTESIAN_POINT('',(-3.18408167778312E-16,2.6,2.5));
#12961=CARTESIAN_POINT('Origin',(0.,3.53550292137747E-56,2.5));
#12962=CARTESIAN_POINT('Origin',(0.,0.,2.35));
#12963=CARTESIAN_POINT('',(-1.83697019872103E-16,-1.5,2.35));
#12964=CARTESIAN_POINT('Origin',(0.,3.71227806744635E-56,2.35));
#12965=CARTESIAN_POINT('',(-2.02066721859313E-16,-1.65,2.5));
#12966=CARTESIAN_POINT('Origin',(-2.02066721859313E-16,-1.65,2.35));
#12967=CARTESIAN_POINT('Origin',(0.,3.53550292137747E-56,2.5));
#12968=CARTESIAN_POINT('Origin',(0.,1.29635107117174E-55,-5.5));
#12969=CARTESIAN_POINT('',(1.83697019872103E-16,1.5,-5.17524047358083));
#12970=CARTESIAN_POINT('',(-1.83697019872103E-16,-1.5,-5.17524047358083));
#12971=CARTESIAN_POINT('Origin',(0.,1.2580781293584E-55,-5.17524047358083));
#12972=CARTESIAN_POINT('Origin',(0.,1.2580781293584E-55,-5.17524047358083));
#12973=CARTESIAN_POINT('',(-1.83697019872103E-16,-1.5,-5.5));
#12974=CARTESIAN_POINT('Origin',(0.,1.29635107117174E-55,-5.5));
#12975=CARTESIAN_POINT('',(-1.43925448419919E-16,1.17524047358084,-5.5));
#12976=CARTESIAN_POINT('',(-1.43925448419919E-16,1.17524047358084,-5.5));
#12977=CARTESIAN_POINT('Origin',(0.,1.29635107117174E-55,-5.5));
#12978=CARTESIAN_POINT('Origin',(0.,1.17524047358084,-5.5));
#12979=CARTESIAN_POINT('Origin',(0.,2.6,2.5));
#12980=CARTESIAN_POINT('Origin',(0.,1.80552390879881E-112,5.5));
#12981=CARTESIAN_POINT('Origin',(0.,2.6,3.5));
#12982=CARTESIAN_POINT('',(6.50521303491303E-16,-1.44337567297406,3.5));
#12983=CARTESIAN_POINT('',(1.25,-0.721687836487032,3.5));
#12984=CARTESIAN_POINT('',(7.62940761368227E-16,-1.44337567297406,3.5));
#12985=CARTESIAN_POINT('',(1.25,0.721687836487032,3.5));
#12986=CARTESIAN_POINT('',(1.25,-0.721687836487032,3.5));
#12987=CARTESIAN_POINT('',(-2.16840434497101E-16,1.44337567297406,3.5));
#12988=CARTESIAN_POINT('',(1.25,0.721687836487032,3.5));
#12989=CARTESIAN_POINT('',(-1.25,0.721687836487032,3.5));
#12990=CARTESIAN_POINT('',(-3.13480004751408E-16,1.44337567297406,3.5));
#12991=CARTESIAN_POINT('',(-1.25,-0.721687836487033,3.5));
#12992=CARTESIAN_POINT('',(-1.25,0.721687836487032,3.5));
#12993=CARTESIAN_POINT('',(-1.25,-0.721687836487032,3.5));
#12994=CARTESIAN_POINT('Origin',(7.62940761368227E-16,-1.44337567297406,
-1.31881307912987));
#12995=CARTESIAN_POINT('',(7.62940761368227E-16,-1.44337567297406,-1.31881307912987));
#12996=CARTESIAN_POINT('',(1.25,-0.721687836487032,-1.31881307912987));
#12997=CARTESIAN_POINT('Origin',(-1.25,-0.721687836487032,-1.31881307912987));
#12998=CARTESIAN_POINT('',(-1.25,-0.721687836487032,-1.31881307912987));
#12999=CARTESIAN_POINT('Origin',(-1.25,0.721687836487032,-1.31881307912987));
#13000=CARTESIAN_POINT('',(-1.25,0.721687836487032,-1.31881307912987));
#13001=CARTESIAN_POINT('Origin',(-3.13480004751408E-16,1.44337567297406,
-1.31881307912987));
#13002=CARTESIAN_POINT('',(-3.13480004751408E-16,1.44337567297406,-1.31881307912987));
#13003=CARTESIAN_POINT('Origin',(1.25,0.721687836487032,-1.31881307912987));
#13004=CARTESIAN_POINT('',(1.25,0.721687836487032,-1.31881307912987));
#13005=CARTESIAN_POINT('Origin',(1.25,-0.721687836487032,-1.31881307912987));
#13006=CARTESIAN_POINT('Origin',(412.5,0.00598106551855437,4.11762832524527));
#13007=CARTESIAN_POINT('',(412.5,5.50000000002729,1.77635683940025E-13));
#13008=CARTESIAN_POINT('',(412.5,-5.49999999999855,-2.02504679691629E-12));
#13009=CARTESIAN_POINT('',(412.5,5.50000000002729,1.77635683940025E-13));
#13010=CARTESIAN_POINT('',(412.5,6.00000000002719,0.500000000000256));
#13011=CARTESIAN_POINT('',(412.5,6.00000000002719,0.500000000000256));
#13012=CARTESIAN_POINT('',(412.5,6.00000000002646,4.14212042100026));
#13013=CARTESIAN_POINT('',(412.5,6.00000000002646,4.14212042100026));
#13014=CARTESIAN_POINT('',(412.5,5.84482758623349,4.3734377979829));
#13015=CARTESIAN_POINT('Origin',(412.5,5.75000000002648,4.14212042100022));
#13016=CARTESIAN_POINT('',(412.5,5.26720501130695,4.87275015091043));
#13017=CARTESIAN_POINT('Origin',(412.5,6.30000000002715,5.48376120749978));
#13018=CARTESIAN_POINT('',(412.5,5.07382832434377,4.9945048553106));
#13019=CARTESIAN_POINT('Origin',(412.5,5.05203938865693,4.74545618078768));
#13020=CARTESIAN_POINT('',(412.5,4.72821106434377,5.02474244751053));
#13021=CARTESIAN_POINT('',(412.5,4.72821106434377,5.02474244751053));
#13022=CARTESIAN_POINT('',(412.5,4.50000000003065,5.27379112203342));
#13023=CARTESIAN_POINT('Origin',(412.5,4.75000000003064,5.27379112203345));
#13024=CARTESIAN_POINT('',(412.5,4.50000000003056,5.72621287903342));
#13025=CARTESIAN_POINT('',(412.5,4.50000000003056,5.72621287903342));
#13026=CARTESIAN_POINT('',(412.5,4.72821106434358,5.97526155355641));
#13027=CARTESIAN_POINT('Origin',(412.5,4.75000000003055,5.72621287903345));
#13028=CARTESIAN_POINT('',(412.5,5.09477657024359,6.00733187975649));
#13029=CARTESIAN_POINT('',(412.5,5.09477657024359,6.00733187975649));
#13030=CARTESIAN_POINT('',(412.5,5.28454149067001,6.12317032207649));
#13031=CARTESIAN_POINT('Origin',(412.5,5.07298763455662,6.25638055427942));
#13032=CARTESIAN_POINT('',(412.5,5.84482758622013,6.59408461701915));
#13033=CARTESIAN_POINT('Origin',(412.5,6.30000000001424,5.48376120750241));
#13034=CARTESIAN_POINT('',(412.5,6.00000000001302,6.82540199400183));
#13035=CARTESIAN_POINT('Origin',(412.5,5.75000000001301,6.82540199400179));
#13036=CARTESIAN_POINT('',(412.5,6.00000000001288,7.50000000050186));
#13037=CARTESIAN_POINT('',(412.5,6.00000000001288,7.50000000050186));
#13038=CARTESIAN_POINT('',(412.5,5.50000000001278,8.00000000050176));
#13039=CARTESIAN_POINT('',(412.5,5.50000000001278,8.00000000050176));
#13040=CARTESIAN_POINT('',(412.5,-5.49999999998722,8.00000000049955));
#13041=CARTESIAN_POINT('',(412.5,-5.49999999998722,8.00000000049955));
#13042=CARTESIAN_POINT('',(412.5,-5.99999999998712,7.50000000049948));
#13043=CARTESIAN_POINT('',(412.5,-5.99999999998712,7.50000000049948));
#13044=CARTESIAN_POINT('',(412.5,-5.99999999998698,6.82540199399945));
#13045=CARTESIAN_POINT('',(412.5,-5.99999999998698,6.82540199399945));
#13046=CARTESIAN_POINT('',(412.5,-5.84482758619401,6.59408461701684));
#13047=CARTESIAN_POINT('Origin',(412.5,-5.74999999998699,6.82540199399952));
#13048=CARTESIAN_POINT('',(412.5,-5.2845414906437,6.12317032207439));
#13049=CARTESIAN_POINT('Origin',(412.5,-6.29999999998766,5.48376120749992));
#13050=CARTESIAN_POINT('',(412.5,-5.09477657021723,6.00733187975447));
#13051=CARTESIAN_POINT('Origin',(412.5,-5.07298763453036,6.25638055427739));
#13052=CARTESIAN_POINT('',(412.5,-4.72821106431724,5.97526155355453));
#13053=CARTESIAN_POINT('',(412.5,-4.72821106431724,5.97526155355453));
#13054=CARTESIAN_POINT('',(412.5,-4.50000000000408,5.72621287903164));
#13055=CARTESIAN_POINT('Origin',(412.5,-4.7500000000041,5.72621287903157));
#13056=CARTESIAN_POINT('',(412.5,-4.50000000000401,5.27379112203164));
#13057=CARTESIAN_POINT('',(412.5,-4.50000000000401,5.27379112203164));
#13058=CARTESIAN_POINT('',(412.5,-4.72821106431702,5.02474244750864));
#13059=CARTESIAN_POINT('Origin',(412.5,-4.75000000000399,5.27379112203157));
#13060=CARTESIAN_POINT('',(412.5,-5.07382832431702,4.99450485530858));
#13061=CARTESIAN_POINT('',(412.5,-5.07382832431702,4.99450485530858));
#13062=CARTESIAN_POINT('',(412.5,-5.26720501128015,4.87275015090834));
#13063=CARTESIAN_POINT('Origin',(412.5,-5.05203938863005,4.74545618078565));
#13064=CARTESIAN_POINT('',(412.5,-5.84482758620648,4.37343779798056));
#13065=CARTESIAN_POINT('Origin',(412.5,-6.30000000000059,5.4837612074973));
#13066=CARTESIAN_POINT('',(412.5,-5.99999999999937,4.14212042099788));
#13067=CARTESIAN_POINT('Origin',(412.5,-5.74999999999935,4.14212042099791));
#13068=CARTESIAN_POINT('',(412.5,-5.99999999999866,0.499999999997875));
#13069=CARTESIAN_POINT('',(412.5,-5.99999999999866,0.499999999997875));
#13070=CARTESIAN_POINT('',(412.5,-5.49999999999855,-2.02504679691629E-12));
#13071=CARTESIAN_POINT('Origin',(112.5,0.00598106551857214,4.11762832524534));
#13072=CARTESIAN_POINT('',(112.5,5.50000000002731,2.1316282072803E-13));
#13073=CARTESIAN_POINT('',(112.5,-5.49999999999851,-1.98951966012828E-12));
#13074=CARTESIAN_POINT('',(112.5,5.50000000002731,2.1316282072803E-13));
#13075=CARTESIAN_POINT('',(112.5,-5.99999999999863,0.499999999997911));
#13076=CARTESIAN_POINT('',(112.5,-5.49999999999851,-1.98951966012828E-12));
#13077=CARTESIAN_POINT('',(112.5,-5.99999999999934,4.14212042099791));
#13078=CARTESIAN_POINT('',(112.5,-5.99999999999863,0.499999999997911));
#13079=CARTESIAN_POINT('',(112.5,-5.84482758620645,4.37343779798063));
#13080=CARTESIAN_POINT('Origin',(112.5,-5.74999999999935,4.14212042099798));
#13081=CARTESIAN_POINT('',(112.5,-5.26720501128015,4.87275015090841));
#13082=CARTESIAN_POINT('Origin',(112.5,-6.30000000000056,5.48376120749733));
#13083=CARTESIAN_POINT('',(112.5,-5.07382832431702,4.99450485530865));
#13084=CARTESIAN_POINT('Origin',(112.5,-5.05203938863005,4.74545618078569));
#13085=CARTESIAN_POINT('',(112.5,-4.72821106431702,5.02474244750871));
#13086=CARTESIAN_POINT('',(112.5,-5.07382832431702,4.99450485530865));
#13087=CARTESIAN_POINT('',(112.5,-4.50000000000397,5.27379112203167));
#13088=CARTESIAN_POINT('Origin',(112.5,-4.75000000000396,5.27379112203164));
#13089=CARTESIAN_POINT('',(112.5,-4.50000000000408,5.72621287903168));
#13090=CARTESIAN_POINT('',(112.5,-4.50000000000397,5.27379112203167));
#13091=CARTESIAN_POINT('',(112.5,-4.7282110643172,5.97526155355457));
#13092=CARTESIAN_POINT('Origin',(112.5,-4.75000000000406,5.72621287903164));
#13093=CARTESIAN_POINT('',(112.5,-5.09477657021719,6.0073318797545));
#13094=CARTESIAN_POINT('',(112.5,-4.7282110643172,5.97526155355457));
#13095=CARTESIAN_POINT('',(112.5,-5.28454149064366,6.12317032207443));
#13096=CARTESIAN_POINT('Origin',(112.5,-5.07298763453033,6.25638055427746));
#13097=CARTESIAN_POINT('',(112.5,-5.84482758619398,6.59408461701688));
#13098=CARTESIAN_POINT('Origin',(112.5,-6.29999999998766,5.48376120749996));
#13099=CARTESIAN_POINT('',(112.5,-5.99999999998698,6.82540199399952));
#13100=CARTESIAN_POINT('Origin',(112.5,-5.74999999998695,6.82540199399956));
#13101=CARTESIAN_POINT('',(112.5,-5.99999999998708,7.50000000049951));
#13102=CARTESIAN_POINT('',(112.5,-5.99999999998698,6.82540199399952));
#13103=CARTESIAN_POINT('',(112.5,-5.49999999998718,8.00000000049963));
#13104=CARTESIAN_POINT('',(112.5,-5.99999999998708,7.50000000049951));
#13105=CARTESIAN_POINT('',(112.5,5.5000000000128,8.00000000050179));
#13106=CARTESIAN_POINT('',(112.5,-5.49999999998718,8.00000000049963));
#13107=CARTESIAN_POINT('',(112.5,6.00000000001291,7.50000000050189));
#13108=CARTESIAN_POINT('',(112.5,5.5000000000128,8.00000000050179));
#13109=CARTESIAN_POINT('',(112.5,6.00000000001303,6.8254019940019));
#13110=CARTESIAN_POINT('',(112.5,6.00000000001291,7.50000000050189));
#13111=CARTESIAN_POINT('',(112.5,5.84482758622014,6.59408461701918));
#13112=CARTESIAN_POINT('Origin',(112.5,5.75000000001303,6.82540199400183));
#13113=CARTESIAN_POINT('',(112.5,5.28454149067002,6.12317032207653));
#13114=CARTESIAN_POINT('Origin',(112.5,6.30000000001427,5.48376120750248));
#13115=CARTESIAN_POINT('',(112.5,5.09477657024361,6.00733187975653));
#13116=CARTESIAN_POINT('Origin',(112.5,5.07298763455664,6.25638055427945));
#13117=CARTESIAN_POINT('',(112.5,4.72821106434361,5.97526155355645));
#13118=CARTESIAN_POINT('',(112.5,5.09477657024361,6.00733187975653));
#13119=CARTESIAN_POINT('',(112.5,4.50000000003058,5.72621287903345));
#13120=CARTESIAN_POINT('Origin',(112.5,4.75000000003059,5.72621287903353));
#13121=CARTESIAN_POINT('',(112.5,4.50000000003067,5.27379112203345));
#13122=CARTESIAN_POINT('',(112.5,4.50000000003058,5.72621287903345));
#13123=CARTESIAN_POINT('',(112.5,4.72821106434379,5.0247424475106));
#13124=CARTESIAN_POINT('Origin',(112.5,4.75000000003067,5.27379112203352));
#13125=CARTESIAN_POINT('',(112.5,5.07382832434381,4.99450485531064));
#13126=CARTESIAN_POINT('',(112.5,4.72821106434379,5.0247424475106));
#13127=CARTESIAN_POINT('',(112.5,5.26720501130697,4.87275015091051));
#13128=CARTESIAN_POINT('Origin',(112.5,5.05203938865694,4.74545618078771));
#13129=CARTESIAN_POINT('',(112.5,5.8448275862335,4.37343779798294));
#13130=CARTESIAN_POINT('Origin',(112.5,6.30000000002717,5.48376120749985));
#13131=CARTESIAN_POINT('',(112.5,6.0000000000265,4.14212042100029));
#13132=CARTESIAN_POINT('Origin',(112.5,5.7500000000265,4.14212042100026));
#13133=CARTESIAN_POINT('',(112.5,6.00000000002721,0.500000000000327));
#13134=CARTESIAN_POINT('',(112.5,6.0000000000265,4.14212042100029));
#13135=CARTESIAN_POINT('',(112.5,6.00000000002721,0.500000000000327));
#13136=CARTESIAN_POINT('Origin',(125.,1.35003119794419E-12,1.74999999999912));
#13137=CARTESIAN_POINT('',(123.25,1.70530256582424E-12,-8.88178419700125E-13));
#13138=CARTESIAN_POINT('Origin',(125.,1.70530256582424E-12,-8.88178419700125E-13));
#13139=CARTESIAN_POINT('',(123.25,9.9475983006414E-13,3.49999999999913));
#13140=CARTESIAN_POINT('',(123.25,1.34994239254277E-12,1.74999999999912));
#13141=CARTESIAN_POINT('Origin',(125.,9.9475983006414E-13,3.49999999999913));
#13142=CARTESIAN_POINT('Origin',(150.,1.35003119794419E-12,1.74999999999912));
#13143=CARTESIAN_POINT('',(148.25,1.70530256582424E-12,-8.88178419700125E-13));
#13144=CARTESIAN_POINT('Origin',(150.,1.70530256582424E-12,-8.88178419700125E-13));
#13145=CARTESIAN_POINT('',(148.25,9.9475983006414E-13,3.49999999999913));
#13146=CARTESIAN_POINT('',(148.25,1.34994239254277E-12,1.74999999999912));
#13147=CARTESIAN_POINT('Origin',(150.,9.9475983006414E-13,3.49999999999909));
#13148=CARTESIAN_POINT('Origin',(175.,1.35003119794419E-12,1.74999999999912));
#13149=CARTESIAN_POINT('',(173.25,1.70530256582424E-12,-8.88178419700125E-13));
#13150=CARTESIAN_POINT('Origin',(175.,1.70530256582424E-12,-8.88178419700125E-13));
#13151=CARTESIAN_POINT('',(173.25,9.9475983006414E-13,3.49999999999909));
#13152=CARTESIAN_POINT('',(173.25,1.34994239254277E-12,1.74999999999912));
#13153=CARTESIAN_POINT('Origin',(175.,9.9475983006414E-13,3.49999999999909));
#13154=CARTESIAN_POINT('Origin',(200.,1.35003119794419E-12,1.74999999999908));
#13155=CARTESIAN_POINT('',(198.25,1.70530256582424E-12,-8.88178419700125E-13));
#13156=CARTESIAN_POINT('Origin',(200.,1.70530256582424E-12,-8.88178419700125E-13));
#13157=CARTESIAN_POINT('',(198.25,9.9475983006414E-13,3.49999999999909));
#13158=CARTESIAN_POINT('',(198.25,1.34994239254277E-12,1.74999999999908));
#13159=CARTESIAN_POINT('Origin',(200.,9.9475983006414E-13,3.49999999999909));
#13160=CARTESIAN_POINT('Origin',(225.,1.35003119794419E-12,1.74999999999908));
#13161=CARTESIAN_POINT('',(223.25,1.70530256582424E-12,-8.88178419700125E-13));
#13162=CARTESIAN_POINT('Origin',(225.,1.70530256582424E-12,-8.88178419700125E-13));
#13163=CARTESIAN_POINT('',(223.25,9.9475983006414E-13,3.49999999999909));
#13164=CARTESIAN_POINT('',(223.25,1.34994239254277E-12,1.74999999999908));
#13165=CARTESIAN_POINT('Origin',(225.,9.9475983006414E-13,3.49999999999909));
#13166=CARTESIAN_POINT('Origin',(250.,1.35003119794419E-12,1.74999999999908));
#13167=CARTESIAN_POINT('',(248.25,1.70530256582424E-12,-9.2370555648813E-13));
#13168=CARTESIAN_POINT('Origin',(250.,1.70530256582424E-12,-9.2370555648813E-13));
#13169=CARTESIAN_POINT('',(248.25,9.9475983006414E-13,3.49999999999909));
#13170=CARTESIAN_POINT('',(248.25,1.34994239254277E-12,1.74999999999908));
#13171=CARTESIAN_POINT('Origin',(250.,9.9475983006414E-13,3.49999999999909));
#13172=CARTESIAN_POINT('Origin',(275.,1.35003119794419E-12,1.74999999999908));
#13173=CARTESIAN_POINT('',(273.25,1.70530256582424E-12,-9.2370555648813E-13));
#13174=CARTESIAN_POINT('Origin',(275.,1.70530256582424E-12,-9.2370555648813E-13));
#13175=CARTESIAN_POINT('',(273.25,9.9475983006414E-13,3.49999999999909));
#13176=CARTESIAN_POINT('',(273.25,1.34994239254277E-12,1.74999999999908));
#13177=CARTESIAN_POINT('Origin',(275.,9.9475983006414E-13,3.49999999999909));
#13178=CARTESIAN_POINT('Origin',(300.,1.35003119794419E-12,1.74999999999908));
#13179=CARTESIAN_POINT('',(298.25,1.70530256582424E-12,-9.2370555648813E-13));
#13180=CARTESIAN_POINT('Origin',(300.,1.70530256582424E-12,-9.2370555648813E-13));
#13181=CARTESIAN_POINT('',(298.25,9.9475983006414E-13,3.49999999999909));
#13182=CARTESIAN_POINT('',(298.25,1.34994239254277E-12,1.74999999999908));
#13183=CARTESIAN_POINT('Origin',(300.,9.9475983006414E-13,3.49999999999909));
#13184=CARTESIAN_POINT('Origin',(325.,1.35003119794419E-12,1.74999999999908));
#13185=CARTESIAN_POINT('',(323.25,1.70530256582424E-12,-9.2370555648813E-13));
#13186=CARTESIAN_POINT('Origin',(325.,1.70530256582424E-12,-9.2370555648813E-13));
#13187=CARTESIAN_POINT('',(323.25,9.9475983006414E-13,3.49999999999909));
#13188=CARTESIAN_POINT('',(323.25,1.34994239254277E-12,1.74999999999908));
#13189=CARTESIAN_POINT('Origin',(325.,9.9475983006414E-13,3.49999999999909));
#13190=CARTESIAN_POINT('Origin',(350.,1.35003119794419E-12,1.74999999999908));
#13191=CARTESIAN_POINT('',(348.25,1.70530256582424E-12,-9.2370555648813E-13));
#13192=CARTESIAN_POINT('Origin',(350.,1.70530256582424E-12,-9.2370555648813E-13));
#13193=CARTESIAN_POINT('',(348.25,9.9475983006414E-13,3.49999999999909));
#13194=CARTESIAN_POINT('',(348.25,1.34994239254277E-12,1.74999999999908));
#13195=CARTESIAN_POINT('Origin',(350.,9.9475983006414E-13,3.49999999999909));
#13196=CARTESIAN_POINT('Origin',(375.,1.35003119794419E-12,1.74999999999908));
#13197=CARTESIAN_POINT('',(373.25,1.66977542903624E-12,-9.2370555648813E-13));
#13198=CARTESIAN_POINT('Origin',(375.,1.66977542903624E-12,-9.2370555648813E-13));
#13199=CARTESIAN_POINT('',(373.25,9.9475983006414E-13,3.49999999999905));
#13200=CARTESIAN_POINT('',(373.25,1.34994239254277E-12,1.74999999999908));
#13201=CARTESIAN_POINT('Origin',(375.,9.9475983006414E-13,3.49999999999905));
#13202=CARTESIAN_POINT('Origin',(400.,1.35003119794419E-12,1.74999999999908));
#13203=CARTESIAN_POINT('',(398.25,9.9475983006414E-13,3.49999999999905));
#13204=CARTESIAN_POINT('Origin',(400.,9.9475983006414E-13,3.49999999999905));
#13205=CARTESIAN_POINT('',(398.25,1.66977542903624E-12,-9.2370555648813E-13));
#13206=CARTESIAN_POINT('',(398.25,1.35037101892247E-12,1.74999999999908));
#13207=CARTESIAN_POINT('Origin',(400.,1.66977542903624E-12,-9.2370555648813E-13));
#13208=CARTESIAN_POINT('Origin',(112.5,-5.99999999999863,0.499999999997911));
#13209=CARTESIAN_POINT('',(112.5,-5.99999999999934,4.14212042099791));
#13210=CARTESIAN_POINT('',(112.5,-5.99999999999863,0.499999999997911));
#13211=CARTESIAN_POINT('Origin',(112.5,-5.74999999999935,4.14212042099798));
#13212=CARTESIAN_POINT('',(112.5,-5.84482758620645,4.37343779798063));
#13213=CARTESIAN_POINT('Origin',(112.5,-6.30000000000056,5.48376120749733));
#13214=CARTESIAN_POINT('',(112.5,-5.26720501128015,4.87275015090841));
#13215=CARTESIAN_POINT('Origin',(112.5,-5.05203938863005,4.74545618078569));
#13216=CARTESIAN_POINT('',(112.5,-5.07382832431702,4.99450485530865));
#13217=CARTESIAN_POINT('Origin',(112.5,-5.07382832431702,4.99450485530865));
#13218=CARTESIAN_POINT('',(112.5,-4.72821106431702,5.02474244750871));
#13219=CARTESIAN_POINT('Origin',(112.5,-4.75000000000396,5.27379112203164));
#13220=CARTESIAN_POINT('',(112.5,-4.50000000000397,5.27379112203167));
#13221=CARTESIAN_POINT('Origin',(112.5,-4.50000000000397,5.27379112203167));
#13222=CARTESIAN_POINT('',(112.5,-4.50000000000408,5.72621287903168));
#13223=CARTESIAN_POINT('Origin',(112.5,-4.75000000000406,5.72621287903164));
#13224=CARTESIAN_POINT('',(112.5,-4.7282110643172,5.97526155355457));
#13225=CARTESIAN_POINT('Origin',(112.5,-4.7282110643172,5.97526155355457));
#13226=CARTESIAN_POINT('',(112.5,-5.09477657021719,6.0073318797545));
#13227=CARTESIAN_POINT('Origin',(112.5,-5.07298763453033,6.25638055427746));
#13228=CARTESIAN_POINT('',(112.5,-5.28454149064366,6.12317032207443));
#13229=CARTESIAN_POINT('Origin',(112.5,-6.29999999998766,5.48376120749996));
#13230=CARTESIAN_POINT('',(112.5,-5.84482758619398,6.59408461701688));
#13231=CARTESIAN_POINT('Origin',(112.5,-5.74999999998695,6.82540199399956));
#13232=CARTESIAN_POINT('',(112.5,-5.99999999998698,6.82540199399952));
#13233=CARTESIAN_POINT('Origin',(112.5,-5.99999999998698,6.82540199399952));
#13234=CARTESIAN_POINT('',(112.5,-5.99999999998708,7.50000000049951));
#13235=CARTESIAN_POINT('Origin',(112.5,6.00000000001291,7.50000000050189));
#13236=CARTESIAN_POINT('',(112.5,6.00000000001303,6.8254019940019));
#13237=CARTESIAN_POINT('',(112.5,6.00000000001291,7.50000000050189));
#13238=CARTESIAN_POINT('Origin',(112.5,5.75000000001303,6.82540199400183));
#13239=CARTESIAN_POINT('',(112.5,5.84482758622014,6.59408461701918));
#13240=CARTESIAN_POINT('Origin',(112.5,6.30000000001427,5.48376120750248));
#13241=CARTESIAN_POINT('',(112.5,5.28454149067002,6.12317032207653));
#13242=CARTESIAN_POINT('Origin',(112.5,5.07298763455664,6.25638055427945));
#13243=CARTESIAN_POINT('',(112.5,5.09477657024361,6.00733187975653));
#13244=CARTESIAN_POINT('Origin',(112.5,5.09477657024361,6.00733187975653));
#13245=CARTESIAN_POINT('',(112.5,4.72821106434361,5.97526155355645));
#13246=CARTESIAN_POINT('Origin',(112.5,4.75000000003059,5.72621287903353));
#13247=CARTESIAN_POINT('',(112.5,4.50000000003058,5.72621287903345));
#13248=CARTESIAN_POINT('Origin',(112.5,4.50000000003058,5.72621287903345));
#13249=CARTESIAN_POINT('',(112.5,4.50000000003067,5.27379112203345));
#13250=CARTESIAN_POINT('Origin',(112.5,4.75000000003067,5.27379112203352));
#13251=CARTESIAN_POINT('',(112.5,4.72821106434379,5.0247424475106));
#13252=CARTESIAN_POINT('Origin',(112.5,4.72821106434379,5.0247424475106));
#13253=CARTESIAN_POINT('',(112.5,5.07382832434381,4.99450485531064));
#13254=CARTESIAN_POINT('Origin',(112.5,5.05203938865694,4.74545618078771));
#13255=CARTESIAN_POINT('',(112.5,5.26720501130697,4.87275015091051));
#13256=CARTESIAN_POINT('Origin',(112.5,6.30000000002717,5.48376120749985));
#13257=CARTESIAN_POINT('',(112.5,5.8448275862335,4.37343779798294));
#13258=CARTESIAN_POINT('Origin',(112.5,5.7500000000265,4.14212042100026));
#13259=CARTESIAN_POINT('',(112.5,6.0000000000265,4.14212042100029));
#13260=CARTESIAN_POINT('Origin',(112.5,6.0000000000265,4.14212042100029));
#13261=CARTESIAN_POINT('',(112.5,6.00000000002721,0.500000000000327));
#13262=CARTESIAN_POINT('Origin',(112.5,6.00000000002721,0.500000000000327));
#13263=CARTESIAN_POINT('',(112.5,5.50000000002731,2.1316282072803E-13));
#13264=CARTESIAN_POINT('Origin',(112.5,1.60000000000148,-5.6843418860808E-13));
#13265=CARTESIAN_POINT('',(112.5,-5.49999999999851,-1.98951966012828E-12));
#13266=CARTESIAN_POINT('Origin',(112.5,-5.49999999999851,-1.98951966012828E-12));
#13267=CARTESIAN_POINT('Origin',(152.375,9.9475983006414E-13,3.49999999999909));
#13268=CARTESIAN_POINT('',(147.,9.9475983006414E-13,3.49999999999913));
#13269=CARTESIAN_POINT('Origin',(150.,9.9475983006414E-13,3.49999999999909));
#13270=CARTESIAN_POINT('Origin',(177.375,9.9475983006414E-13,3.49999999999909));
#13271=CARTESIAN_POINT('',(172.,9.9475983006414E-13,3.49999999999909));
#13272=CARTESIAN_POINT('Origin',(175.,9.9475983006414E-13,3.49999999999909));
#13273=CARTESIAN_POINT('Origin',(202.375,9.9475983006414E-13,3.49999999999909));
#13274=CARTESIAN_POINT('',(197.,9.9475983006414E-13,3.49999999999909));
#13275=CARTESIAN_POINT('Origin',(200.,9.9475983006414E-13,3.49999999999909));
#13276=CARTESIAN_POINT('Origin',(227.375,9.9475983006414E-13,3.49999999999909));
#13277=CARTESIAN_POINT('',(222.,9.9475983006414E-13,3.49999999999909));
#13278=CARTESIAN_POINT('Origin',(225.,9.9475983006414E-13,3.49999999999909));
#13279=CARTESIAN_POINT('Origin',(252.375,9.9475983006414E-13,3.49999999999909));
#13280=CARTESIAN_POINT('',(247.,9.9475983006414E-13,3.49999999999909));
#13281=CARTESIAN_POINT('Origin',(250.,9.9475983006414E-13,3.49999999999909));
#13282=CARTESIAN_POINT('Origin',(277.375,9.9475983006414E-13,3.49999999999909));
#13283=CARTESIAN_POINT('',(272.,9.9475983006414E-13,3.49999999999909));
#13284=CARTESIAN_POINT('Origin',(275.,9.9475983006414E-13,3.49999999999909));
#13285=CARTESIAN_POINT('Origin',(302.375,9.9475983006414E-13,3.49999999999909));
#13286=CARTESIAN_POINT('',(297.,9.9475983006414E-13,3.49999999999909));
#13287=CARTESIAN_POINT('Origin',(300.,9.9475983006414E-13,3.49999999999909));
#13288=CARTESIAN_POINT('Origin',(327.375,9.9475983006414E-13,3.49999999999909));
#13289=CARTESIAN_POINT('',(322.,9.9475983006414E-13,3.49999999999909));
#13290=CARTESIAN_POINT('Origin',(325.,9.9475983006414E-13,3.49999999999909));
#13291=CARTESIAN_POINT('Origin',(352.375,9.9475983006414E-13,3.49999999999909));
#13292=CARTESIAN_POINT('',(347.,9.9475983006414E-13,3.49999999999909));
#13293=CARTESIAN_POINT('Origin',(350.,9.9475983006414E-13,3.49999999999909));
#13294=CARTESIAN_POINT('Origin',(377.375,9.9475983006414E-13,3.49999999999905));
#13295=CARTESIAN_POINT('',(372.,9.9475983006414E-13,3.49999999999905));
#13296=CARTESIAN_POINT('Origin',(375.,9.9475983006414E-13,3.49999999999905));
#13297=CARTESIAN_POINT('Origin',(402.375,9.9475983006414E-13,3.49999999999905));
#13298=CARTESIAN_POINT('',(397.,9.9475983006414E-13,3.49999999999905));
#13299=CARTESIAN_POINT('Origin',(400.,9.9475983006414E-13,3.49999999999905));
#13300=CARTESIAN_POINT('Origin',(112.5,-5.99999999998708,7.50000000049951));
#13301=CARTESIAN_POINT('',(112.5,-5.49999999998718,8.00000000049963));
#13302=CARTESIAN_POINT('Origin',(112.5,5.5000000000128,8.00000000050179));
#13303=CARTESIAN_POINT('',(112.5,5.5000000000128,8.00000000050179));
#13304=CARTESIAN_POINT('Origin',(150.,4.61852778244065E-13,6.24999999999911));
#13305=CARTESIAN_POINT('',(147.,1.06581410364015E-13,8.00000000050069));
#13306=CARTESIAN_POINT('',(147.,4.61700540413064E-13,6.24999999999911));
#13307=CARTESIAN_POINT('Origin',(150.,1.06581410364015E-13,8.00000000050069));
#13308=CARTESIAN_POINT('Origin',(175.,4.61852778244065E-13,6.24999999999911));
#13309=CARTESIAN_POINT('',(172.,1.06581410364015E-13,8.00000000050069));
#13310=CARTESIAN_POINT('',(172.,4.61700540413064E-13,6.24999999999911));
#13311=CARTESIAN_POINT('Origin',(175.,1.06581410364015E-13,8.00000000050069));
#13312=CARTESIAN_POINT('Origin',(200.,4.61852778244065E-13,6.24999999999911));
#13313=CARTESIAN_POINT('',(197.,1.06581410364015E-13,8.00000000050069));
#13314=CARTESIAN_POINT('',(197.,4.61700540413064E-13,6.24999999999911));
#13315=CARTESIAN_POINT('Origin',(200.,1.06581410364015E-13,8.00000000050069));
#13316=CARTESIAN_POINT('Origin',(225.,4.61852778244065E-13,6.24999999999911));
#13317=CARTESIAN_POINT('',(222.,1.06581410364015E-13,8.00000000050069));
#13318=CARTESIAN_POINT('',(222.,4.61700540413064E-13,6.24999999999911));
#13319=CARTESIAN_POINT('Origin',(225.,1.06581410364015E-13,8.00000000050069));
#13320=CARTESIAN_POINT('Origin',(250.,4.61852778244065E-13,6.24999999999908));
#13321=CARTESIAN_POINT('',(247.,1.06581410364015E-13,8.00000000050069));
#13322=CARTESIAN_POINT('',(247.,4.61700540413064E-13,6.24999999999908));
#13323=CARTESIAN_POINT('Origin',(250.,1.06581410364015E-13,8.00000000050069));
#13324=CARTESIAN_POINT('Origin',(275.,4.61852778244065E-13,6.24999999999908));
#13325=CARTESIAN_POINT('',(272.,1.06581410364015E-13,8.00000000050069));
#13326=CARTESIAN_POINT('',(272.,4.61700540413064E-13,6.24999999999908));
#13327=CARTESIAN_POINT('Origin',(275.,1.06581410364015E-13,8.00000000050069));
#13328=CARTESIAN_POINT('Origin',(300.,4.61852778244065E-13,6.24999999999908));
#13329=CARTESIAN_POINT('',(297.,1.06581410364015E-13,8.00000000050066));
#13330=CARTESIAN_POINT('',(297.,4.61700540413064E-13,6.24999999999908));
#13331=CARTESIAN_POINT('Origin',(300.,1.06581410364015E-13,8.00000000050066));
#13332=CARTESIAN_POINT('Origin',(325.,4.61852778244065E-13,6.24999999999908));
#13333=CARTESIAN_POINT('',(322.,1.06581410364015E-13,8.00000000050066));
#13334=CARTESIAN_POINT('',(322.,4.61700540413064E-13,6.24999999999908));
#13335=CARTESIAN_POINT('Origin',(325.,1.06581410364015E-13,8.00000000050066));
#13336=CARTESIAN_POINT('Origin',(350.,4.61852778244065E-13,6.24999999999908));
#13337=CARTESIAN_POINT('',(347.,1.06581410364015E-13,8.00000000050066));
#13338=CARTESIAN_POINT('',(347.,4.61700540413064E-13,6.24999999999908));
#13339=CARTESIAN_POINT('Origin',(350.,1.06581410364015E-13,8.00000000050066));
#13340=CARTESIAN_POINT('Origin',(375.,4.61852778244065E-13,6.24999999999908));
#13341=CARTESIAN_POINT('',(372.,1.06581410364015E-13,8.00000000050066));
#13342=CARTESIAN_POINT('',(372.,4.61700540413064E-13,6.24999999999908));
#13343=CARTESIAN_POINT('Origin',(375.,1.06581410364015E-13,8.00000000050066));
#13344=CARTESIAN_POINT('Origin',(400.,4.2632564145606E-13,6.24999999999908));
#13345=CARTESIAN_POINT('',(397.,1.06581410364015E-13,8.00000000050066));
#13346=CARTESIAN_POINT('Origin',(400.,1.06581410364015E-13,8.00000000050066));
#13347=CARTESIAN_POINT('',(397.,4.26908191704547E-13,6.24999999999908));
#13348=CARTESIAN_POINT('Origin',(127.375,9.9475983006414E-13,3.49999999999913));
#13349=CARTESIAN_POINT('',(122.,9.9475983006414E-13,3.49999999999913));
#13350=CARTESIAN_POINT('Origin',(125.,9.9475983006414E-13,3.49999999999913));
#13351=CARTESIAN_POINT('Origin',(112.5,-5.49999999998718,8.00000000049963));
#13352=CARTESIAN_POINT('',(122.,1.06581410364015E-13,8.00000000050069));
#13353=CARTESIAN_POINT('Origin',(125.,1.06581410364015E-13,8.00000000050069));
#13354=CARTESIAN_POINT('Origin',(125.,4.61852778244065E-13,6.24999999999911));
#13355=CARTESIAN_POINT('',(122.,4.61700540413064E-13,6.24999999999911));
#13356=CARTESIAN_POINT('',(124.999999999999,1.66392633089864E-12,0.999999999999018));
#13357=CARTESIAN_POINT('',(149.999999999999,1.19741625520954E-6,0.999999999996645));
#13358=CARTESIAN_POINT('',(174.999999999999,2.39483084649276E-6,0.999999999994238));
#13359=CARTESIAN_POINT('',(199.999999999999,3.59224543666575E-6,0.999999999991757));
#13360=CARTESIAN_POINT('',(224.999999999999,4.78966002794897E-6,0.999999999989402));
#13361=CARTESIAN_POINT('',(249.999999999999,5.98707461923218E-6,0.999999999986975));
#13362=CARTESIAN_POINT('',(274.999999999999,7.1844892105154E-6,0.999999999984494));
#13363=CARTESIAN_POINT('',(299.999999999999,8.38190379846795E-6,0.999999999982121));
#13364=CARTESIAN_POINT('',(324.999999999999,9.5793183919716E-6,0.999999999979714));
#13365=CARTESIAN_POINT('',(349.999999999999,1.07767329832548E-5,0.999999999977251));
#13366=CARTESIAN_POINT('',(374.999999999999,1.1974147574538E-5,0.99999999997486));
#13367=CARTESIAN_POINT('',(399.999999999999,1.31715621658212E-5,0.999999999972468));
#13368=CARTESIAN_POINT('',(0.,0.,0.));
#13369=CARTESIAN_POINT('Origin',(127.5,10.,8.317625));
#13370=CARTESIAN_POINT('',(127.5,10.,8.01025));
#13371=CARTESIAN_POINT('',(126.2705,10.,8.625));
#13372=CARTESIAN_POINT('',(126.88525,10.,8.317625));
#13373=CARTESIAN_POINT('Origin',(127.5,10.,8.625));
#13374=CARTESIAN_POINT('Origin',(147.5,10.,8.317625));
#13375=CARTESIAN_POINT('',(147.5,10.,8.01025));
#13376=CARTESIAN_POINT('',(146.2705,10.,8.625));
#13377=CARTESIAN_POINT('',(146.88525,10.,8.317625));
#13378=CARTESIAN_POINT('Origin',(147.5,10.,8.625));
#13379=CARTESIAN_POINT('Origin',(127.5,10.,9.0625));
#13380=CARTESIAN_POINT('',(126.2705,10.,9.5));
#13381=CARTESIAN_POINT('Origin',(127.5,10.,9.5));
#13382=CARTESIAN_POINT('',(126.2705,10.,9.0625));
#13383=CARTESIAN_POINT('Origin',(147.5,10.,9.0625));
#13384=CARTESIAN_POINT('',(146.2705,10.,9.5));
#13385=CARTESIAN_POINT('Origin',(147.5,10.,9.5));
#13386=CARTESIAN_POINT('',(146.2705,10.,9.0625));
#13387=CARTESIAN_POINT('Origin',(128.86475,10.,9.5));
#13388=CARTESIAN_POINT('',(129.,10.,9.5));
#13389=CARTESIAN_POINT('Origin',(127.5,10.,9.5));
#13390=CARTESIAN_POINT('Origin',(148.86475,10.,9.5));
#13391=CARTESIAN_POINT('',(149.,10.,9.5));
#13392=CARTESIAN_POINT('Origin',(147.5,10.,9.5));
#13393=CARTESIAN_POINT('Origin',(147.5,-10.,8.317625));
#13394=CARTESIAN_POINT('',(147.5,-10.,8.01025));
#13395=CARTESIAN_POINT('',(146.2705,-10.,8.625));
#13396=CARTESIAN_POINT('',(146.88525,-10.,8.317625));
#13397=CARTESIAN_POINT('Origin',(147.5,-10.,8.625));
#13398=CARTESIAN_POINT('Origin',(127.5,10.,9.63525));
#13399=CARTESIAN_POINT('',(128.7295,10.,9.7705));
#13400=CARTESIAN_POINT('Origin',(127.5,10.,9.7705));
#13401=CARTESIAN_POINT('',(128.86475,10.,9.63525));
#13402=CARTESIAN_POINT('Origin',(147.5,10.,9.63525));
#13403=CARTESIAN_POINT('',(148.7295,10.,9.7705));
#13404=CARTESIAN_POINT('Origin',(147.5,10.,9.7705));
#13405=CARTESIAN_POINT('',(148.86475,10.,9.63525));
#13406=CARTESIAN_POINT('Origin',(147.5,-10.,9.0625));
#13407=CARTESIAN_POINT('',(146.2705,-10.,9.5));
#13408=CARTESIAN_POINT('Origin',(147.5,-10.,9.5));
#13409=CARTESIAN_POINT('',(146.2705,-10.,9.0625));
#13410=CARTESIAN_POINT('Origin',(127.5,10.,11.25));
#13411=CARTESIAN_POINT('',(128.7295,10.,12.7295));
#13412=CARTESIAN_POINT('Origin',(127.5,10.,12.7295));
#13413=CARTESIAN_POINT('',(128.7295,10.,11.25));
#13414=CARTESIAN_POINT('Origin',(147.5,10.,11.25));
#13415=CARTESIAN_POINT('',(148.7295,10.,12.7295));
#13416=CARTESIAN_POINT('Origin',(147.5,10.,12.7295));
#13417=CARTESIAN_POINT('',(148.7295,10.,11.25));
#13418=CARTESIAN_POINT('Origin',(148.86475,-10.,9.5));
#13419=CARTESIAN_POINT('',(149.,-10.,9.5));
#13420=CARTESIAN_POINT('Origin',(147.5,-10.,9.5));
#13421=CARTESIAN_POINT('Origin',(127.5,10.,12.86475));
#13422=CARTESIAN_POINT('',(129.,10.,13.));
#13423=CARTESIAN_POINT('',(128.86475,10.,12.86475));
#13424=CARTESIAN_POINT('Origin',(127.5,10.,13.));
#13425=CARTESIAN_POINT('Origin',(147.5,10.,12.86475));
#13426=CARTESIAN_POINT('',(149.,10.,13.));
#13427=CARTESIAN_POINT('',(148.86475,10.,12.86475));
#13428=CARTESIAN_POINT('Origin',(147.5,10.,13.));
#13429=CARTESIAN_POINT('Origin',(147.5,-10.,9.63525));
#13430=CARTESIAN_POINT('',(148.7295,-10.,9.7705));
#13431=CARTESIAN_POINT('Origin',(147.5,-10.,9.7705));
#13432=CARTESIAN_POINT('',(148.86475,-10.,9.63525));
#13433=CARTESIAN_POINT('Origin',(121.3,12.9,3.00000000000023));
#13434=CARTESIAN_POINT('',(121.3,-6.00000000002561,3.00000000000023));
#13435=CARTESIAN_POINT('',(153.7,-6.00000000002561,3.00000000000023));
#13436=CARTESIAN_POINT('',(121.3,-6.00000000002561,3.00000000000023));
#13437=CARTESIAN_POINT('',(153.7,-12.9,3.00000000000023));
#13438=CARTESIAN_POINT('',(153.7,12.9,3.00000000000023));
#13439=CARTESIAN_POINT('',(121.3,-12.9,3.00000000000023));
#13440=CARTESIAN_POINT('',(121.3,-12.9,3.00000000000023));
#13441=CARTESIAN_POINT('',(121.3,12.9,3.00000000000023));
#13442=CARTESIAN_POINT('Origin',(121.3,-12.9,3.00000000000023));
#13443=CARTESIAN_POINT('',(153.7,-13.5,3.60000000000023));
#13444=CARTESIAN_POINT('',(153.7,-12.9,3.00000000000023));
#13445=CARTESIAN_POINT('',(121.3,-13.5,3.60000000000023));
#13446=CARTESIAN_POINT('',(121.3,-13.5,3.60000000000023));
#13447=CARTESIAN_POINT('',(121.3,-12.9,3.00000000000023));
#13448=CARTESIAN_POINT('Origin',(121.3,-13.5,3.60000000000023));
#13449=CARTESIAN_POINT('',(153.7,-13.5,12.4000000000002));
#13450=CARTESIAN_POINT('',(153.7,-13.5,3.60000000000023));
#13451=CARTESIAN_POINT('',(121.3,-13.5,12.4000000000002));
#13452=CARTESIAN_POINT('',(121.3,-13.5,12.4000000000002));
#13453=CARTESIAN_POINT('',(121.3,-13.5,3.60000000000023));
#13454=CARTESIAN_POINT('Origin',(121.3,0.,12.6));
#13455=CARTESIAN_POINT('',(153.7,-6.,12.6000000000002));
#13456=CARTESIAN_POINT('',(153.7,6.,12.6));
#13457=CARTESIAN_POINT('',(153.7,0.,12.6));
#13458=CARTESIAN_POINT('',(121.3,6.,12.6));
#13459=CARTESIAN_POINT('',(121.3,6.,12.6));
#13460=CARTESIAN_POINT('',(121.3,-6.,12.6000000000002));
#13461=CARTESIAN_POINT('',(121.3,0.,12.6));
#13462=CARTESIAN_POINT('',(121.3,-6.,12.6000000000002));
#13463=CARTESIAN_POINT('Origin',(121.3,6.,12.6));
#13464=CARTESIAN_POINT('',(153.7,6.4,13.));
#13465=CARTESIAN_POINT('',(153.7,6.,12.6));
#13466=CARTESIAN_POINT('',(121.3,6.4,13.));
#13467=CARTESIAN_POINT('',(121.3,6.4,13.));
#13468=CARTESIAN_POINT('',(121.3,6.,12.6));
#13469=CARTESIAN_POINT('Origin',(121.3,6.4,13.));
#13470=CARTESIAN_POINT('',(153.7,12.9,13.));
#13471=CARTESIAN_POINT('',(153.7,6.4,13.));
#13472=CARTESIAN_POINT('',(121.3,12.9,13.));
#13473=CARTESIAN_POINT('',(121.3,12.9,13.));
#13474=CARTESIAN_POINT('',(121.3,6.4,13.));
#13475=CARTESIAN_POINT('Origin',(121.3,12.9,13.));
#13476=CARTESIAN_POINT('',(153.7,13.5,12.4));
#13477=CARTESIAN_POINT('',(153.7,12.9,13.));
#13478=CARTESIAN_POINT('',(121.3,13.5,12.4));
#13479=CARTESIAN_POINT('',(121.3,13.5,12.4));
#13480=CARTESIAN_POINT('',(121.3,12.9,13.));
#13481=CARTESIAN_POINT('Origin',(121.3,13.5,12.4));
#13482=CARTESIAN_POINT('',(153.7,13.5,7.8));
#13483=CARTESIAN_POINT('',(153.7,13.5,12.4));
#13484=CARTESIAN_POINT('',(121.3,13.5,7.8));
#13485=CARTESIAN_POINT('',(121.3,13.5,7.8));
#13486=CARTESIAN_POINT('',(121.3,13.5,12.4));
#13487=CARTESIAN_POINT('Origin',(121.3,13.8,7.4));
#13488=CARTESIAN_POINT('',(153.7,13.5,7.));
#13489=CARTESIAN_POINT('Origin',(153.7,13.8,7.4));
#13490=CARTESIAN_POINT('',(121.3,13.5,7.));
#13491=CARTESIAN_POINT('',(121.3,13.5,7.));
#13492=CARTESIAN_POINT('Origin',(121.3,13.8,7.4));
#13493=CARTESIAN_POINT('Origin',(121.3,13.5,7.));
#13494=CARTESIAN_POINT('',(153.7,13.5,3.60000000000023));
#13495=CARTESIAN_POINT('',(153.7,13.5,7.));
#13496=CARTESIAN_POINT('',(121.3,13.5,3.60000000000023));
#13497=CARTESIAN_POINT('',(121.3,13.5,3.60000000000023));
#13498=CARTESIAN_POINT('',(121.3,13.5,7.));
#13499=CARTESIAN_POINT('Origin',(121.3,13.5,3.60000000000023));
#13500=CARTESIAN_POINT('',(153.7,12.9,3.00000000000023));
#13501=CARTESIAN_POINT('',(153.7,13.5,3.60000000000023));
#13502=CARTESIAN_POINT('',(121.3,12.9,3.00000000000023));
#13503=CARTESIAN_POINT('',(121.3,12.9,3.00000000000023));
#13504=CARTESIAN_POINT('',(121.3,13.5,3.60000000000023));
#13505=CARTESIAN_POINT('Origin',(121.3,12.9,3.00000000000023));
#13506=CARTESIAN_POINT('',(153.7,6.00000000000023,3.00000000000023));
#13507=CARTESIAN_POINT('',(121.3,6.00000000000023,3.00000000000023));
#13508=CARTESIAN_POINT('',(121.3,6.00000000000023,3.00000000000023));
#13509=CARTESIAN_POINT('',(121.3,12.9,3.00000000000023));
#13510=CARTESIAN_POINT('',(153.7,12.9,3.00000000000023));
#13511=CARTESIAN_POINT('Origin',(121.3,6.00000000000023,4.142120421));
#13512=CARTESIAN_POINT('',(153.7,6.00000000000023,4.142120421));
#13513=CARTESIAN_POINT('',(153.7,6.00000000000023,6.04747591215788));
#13514=CARTESIAN_POINT('',(121.3,6.00000000000023,4.142120421));
#13515=CARTESIAN_POINT('',(121.3,6.00000000000023,4.142120421));
#13516=CARTESIAN_POINT('',(121.3,6.00000000000023,6.04747591215789));
#13517=CARTESIAN_POINT('Origin',(121.3,5.75000000000023,4.142120421));
#13518=CARTESIAN_POINT('',(153.7,5.84482758620729,4.37343779798267));
#13519=CARTESIAN_POINT('Origin',(153.7,5.75000000000023,4.142120421));
#13520=CARTESIAN_POINT('',(121.3,5.84482758620729,4.37343779798267));
#13521=CARTESIAN_POINT('',(121.3,5.84482758620729,4.37343779798267));
#13522=CARTESIAN_POINT('Origin',(121.3,5.75000000000023,4.142120421));
#13523=CARTESIAN_POINT('Origin',(121.3,6.30000000000119,5.48376120749948));
#13524=CARTESIAN_POINT('',(153.7,5.26720501128087,4.87275015091033));
#13525=CARTESIAN_POINT('Origin',(153.7,6.30000000000119,5.48376120749948));
#13526=CARTESIAN_POINT('',(121.3,5.26720501128087,4.87275015091033));
#13527=CARTESIAN_POINT('',(121.3,5.26720501128087,4.87275015091033));
#13528=CARTESIAN_POINT('Origin',(121.3,6.30000000000119,5.48376120749948));
#13529=CARTESIAN_POINT('Origin',(121.3,5.0520393886308,4.74545618078759));
#13530=CARTESIAN_POINT('',(153.7,5.07382832431772,4.99450485531053));
#13531=CARTESIAN_POINT('Origin',(153.7,5.0520393886308,4.74545618078759));
#13532=CARTESIAN_POINT('',(121.3,5.07382832431772,4.99450485531053));
#13533=CARTESIAN_POINT('',(121.3,5.07382832431772,4.99450485531053));
#13534=CARTESIAN_POINT('Origin',(121.3,5.0520393886308,4.74545618078759));
#13535=CARTESIAN_POINT('Origin',(121.3,4.72821106431772,5.02474244751053));
#13536=CARTESIAN_POINT('',(153.7,4.72821106431772,5.02474244751053));
#13537=CARTESIAN_POINT('',(153.7,2.26587675277663,5.24016878580291));
#13538=CARTESIAN_POINT('',(121.3,4.72821106431772,5.02474244751053));
#13539=CARTESIAN_POINT('',(121.3,4.72821106431772,5.02474244751053));
#13540=CARTESIAN_POINT('',(121.3,2.26587675277663,5.24016878580291));
#13541=CARTESIAN_POINT('Origin',(121.3,4.75000000000463,5.27379112203346));
#13542=CARTESIAN_POINT('',(153.7,4.50000000000463,5.27379112203346));
#13543=CARTESIAN_POINT('Origin',(153.7,4.75000000000463,5.27379112203346));
#13544=CARTESIAN_POINT('',(121.3,4.50000000000463,5.27379112203346));
#13545=CARTESIAN_POINT('',(121.3,4.50000000000463,5.27379112203346));
#13546=CARTESIAN_POINT('Origin',(121.3,4.75000000000463,5.27379112203346));
#13547=CARTESIAN_POINT('Origin',(121.3,4.50000000000463,5.72621287903346));
#13548=CARTESIAN_POINT('',(153.7,4.50000000000463,5.72621287903346));
#13549=CARTESIAN_POINT('',(153.7,4.50000000000463,6.83952214117462));
#13550=CARTESIAN_POINT('',(121.3,4.50000000000463,5.72621287903346));
#13551=CARTESIAN_POINT('',(121.3,4.50000000000463,5.72621287903346));
#13552=CARTESIAN_POINT('',(121.3,4.50000000000463,6.83952214117462));
#13553=CARTESIAN_POINT('Origin',(121.3,4.75000000000463,5.72621287903346));
#13554=CARTESIAN_POINT('',(153.7,4.72821106431772,5.9752615535564));
#13555=CARTESIAN_POINT('Origin',(153.7,4.75000000000463,5.72621287903346));
#13556=CARTESIAN_POINT('',(121.3,4.72821106431772,5.9752615535564));
#13557=CARTESIAN_POINT('',(121.3,4.72821106431772,5.9752615535564));
#13558=CARTESIAN_POINT('Origin',(121.3,4.75000000000463,5.72621287903346));
#13559=CARTESIAN_POINT('Origin',(121.3,5.09477657021772,6.0073318797564));
#13560=CARTESIAN_POINT('',(153.7,5.09477657021772,6.0073318797564));
#13561=CARTESIAN_POINT('',(153.7,2.66212418375736,5.79450237368095));
#13562=CARTESIAN_POINT('',(121.3,5.09477657021772,6.0073318797564));
#13563=CARTESIAN_POINT('',(121.3,5.09477657021772,6.0073318797564));
#13564=CARTESIAN_POINT('',(121.3,2.66212418375736,5.79450237368095));
#13565=CARTESIAN_POINT('Origin',(121.3,5.0729876345308,6.25638055427934));
#13566=CARTESIAN_POINT('',(153.7,5.28454149064416,6.12317032207637));
#13567=CARTESIAN_POINT('Origin',(153.7,5.0729876345308,6.25638055427934));
#13568=CARTESIAN_POINT('',(121.3,5.28454149064416,6.12317032207637));
#13569=CARTESIAN_POINT('',(121.3,5.28454149064416,6.12317032207637));
#13570=CARTESIAN_POINT('Origin',(121.3,5.0729876345308,6.25638055427934));
#13571=CARTESIAN_POINT('Origin',(121.3,6.29999999998827,5.48376120750211));
#13572=CARTESIAN_POINT('',(153.7,5.84482758619438,6.59408461701892));
#13573=CARTESIAN_POINT('Origin',(153.7,6.29999999998827,5.48376120750211));
#13574=CARTESIAN_POINT('',(121.3,5.84482758619438,6.59408461701892));
#13575=CARTESIAN_POINT('',(121.3,5.84482758619438,6.59408461701892));
#13576=CARTESIAN_POINT('Origin',(121.3,6.29999999998827,5.48376120750211));
#13577=CARTESIAN_POINT('Origin',(121.3,5.74999999998731,6.82540199400159));
#13578=CARTESIAN_POINT('',(153.7,5.99999999998731,6.82540199400159));
#13579=CARTESIAN_POINT('Origin',(153.7,5.74999999998731,6.82540199400159));
#13580=CARTESIAN_POINT('',(121.3,5.99999999998731,6.82540199400159));
#13581=CARTESIAN_POINT('',(121.3,5.99999999998731,6.82540199400159));
#13582=CARTESIAN_POINT('Origin',(121.3,5.74999999998731,6.82540199400159));
#13583=CARTESIAN_POINT('Origin',(121.3,5.99999999998731,7.50000000050159));
#13584=CARTESIAN_POINT('',(153.7,5.99999999998731,7.50000000050159));
#13585=CARTESIAN_POINT('',(153.7,5.99999999998731,7.72641570190868));
#13586=CARTESIAN_POINT('',(121.3,5.99999999998731,7.50000000050159));
#13587=CARTESIAN_POINT('',(121.3,5.99999999998731,7.50000000050159));
#13588=CARTESIAN_POINT('',(121.3,5.99999999998731,7.72641570190868));
#13589=CARTESIAN_POINT('Origin',(121.3,5.49999999998731,8.00000000050159));
#13590=CARTESIAN_POINT('',(153.7,5.49999999998731,8.00000000050159));
#13591=CARTESIAN_POINT('',(153.7,4.14229772579638,9.35770227469252));
#13592=CARTESIAN_POINT('',(121.3,5.49999999998731,8.00000000050159));
#13593=CARTESIAN_POINT('',(121.3,5.49999999998731,8.00000000050159));
#13594=CARTESIAN_POINT('',(121.3,4.14229772579638,9.35770227469252));
#13595=CARTESIAN_POINT('Origin',(121.3,-5.50000000001269,8.00000000050159));
#13596=CARTESIAN_POINT('',(153.7,-5.50000000001269,8.00000000050159));
#13597=CARTESIAN_POINT('',(153.7,-2.73898884698746,8.00000000050159));
#13598=CARTESIAN_POINT('',(121.3,-5.50000000001269,8.00000000050159));
#13599=CARTESIAN_POINT('',(121.3,-5.50000000001269,8.00000000050159));
#13600=CARTESIAN_POINT('',(121.3,-2.73898884698746,8.00000000050159));
#13601=CARTESIAN_POINT('Origin',(121.3,-6.00000000001269,7.50000000050159));
#13602=CARTESIAN_POINT('',(153.7,-6.00000000001269,7.50000000050159));
#13603=CARTESIAN_POINT('',(153.7,-4.38128657279653,9.11871342771775));
#13604=CARTESIAN_POINT('',(121.3,-6.00000000001269,7.50000000050159));
#13605=CARTESIAN_POINT('',(121.3,-6.00000000001269,7.50000000050159));
#13606=CARTESIAN_POINT('',(121.3,-4.38128657279653,9.11871342771775));
#13607=CARTESIAN_POINT('Origin',(121.3,-6.00000000001269,6.82540199400159));
#13608=CARTESIAN_POINT('',(153.7,-6.00000000001269,6.82540199400159));
#13609=CARTESIAN_POINT('',(153.7,-6.00000000001269,7.38911669865868));
#13610=CARTESIAN_POINT('',(121.3,-6.00000000001269,6.82540199400159));
#13611=CARTESIAN_POINT('',(121.3,-6.00000000001269,6.82540199400159));
#13612=CARTESIAN_POINT('',(121.3,-6.00000000001269,7.38911669865868));
#13613=CARTESIAN_POINT('Origin',(121.3,-5.75000000001269,6.82540199400159));
#13614=CARTESIAN_POINT('',(153.7,-5.84482758621975,6.59408461701892));
#13615=CARTESIAN_POINT('Origin',(153.7,-5.75000000001269,6.82540199400159));
#13616=CARTESIAN_POINT('',(121.3,-5.84482758621975,6.59408461701892));
#13617=CARTESIAN_POINT('',(121.3,-5.84482758621975,6.59408461701892));
#13618=CARTESIAN_POINT('Origin',(121.3,-5.75000000001269,6.82540199400159));
#13619=CARTESIAN_POINT('Origin',(121.3,-6.30000000001365,5.48376120750211));
#13620=CARTESIAN_POINT('',(153.7,-5.28454149066954,6.12317032207637));
#13621=CARTESIAN_POINT('Origin',(153.7,-6.30000000001365,5.48376120750211));
#13622=CARTESIAN_POINT('',(121.3,-5.28454149066954,6.12317032207637));
#13623=CARTESIAN_POINT('',(121.3,-5.28454149066954,6.12317032207637));
#13624=CARTESIAN_POINT('Origin',(121.3,-6.30000000001365,5.48376120750211));
#13625=CARTESIAN_POINT('Origin',(121.3,-5.07298763455618,6.25638055427933));
#13626=CARTESIAN_POINT('',(153.7,-5.09477657024309,6.0073318797564));
#13627=CARTESIAN_POINT('Origin',(153.7,-5.07298763455618,6.25638055427933));
#13628=CARTESIAN_POINT('',(121.3,-5.09477657024309,6.0073318797564));
#13629=CARTESIAN_POINT('',(121.3,-5.09477657024309,6.0073318797564));
#13630=CARTESIAN_POINT('Origin',(121.3,-5.07298763455618,6.25638055427933));
#13631=CARTESIAN_POINT('Origin',(121.3,-4.72821106434309,5.9752615535564));
#13632=CARTESIAN_POINT('',(153.7,-4.72821106434309,5.9752615535564));
#13633=CARTESIAN_POINT('',(153.7,-2.45698640893861,5.77655514392446));
#13634=CARTESIAN_POINT('',(121.3,-4.72821106434309,5.9752615535564));
#13635=CARTESIAN_POINT('',(121.3,-4.72821106434309,5.9752615535564));
#13636=CARTESIAN_POINT('',(121.3,-2.45698640893861,5.77655514392446));
#13637=CARTESIAN_POINT('Origin',(121.3,-4.75000000003001,5.72621287903346));
#13638=CARTESIAN_POINT('',(153.7,-4.50000000003001,5.72621287903346));
#13639=CARTESIAN_POINT('Origin',(153.7,-4.75000000003001,5.72621287903346));
#13640=CARTESIAN_POINT('',(121.3,-4.50000000003001,5.72621287903346));
#13641=CARTESIAN_POINT('',(121.3,-4.50000000003001,5.72621287903346));
#13642=CARTESIAN_POINT('Origin',(121.3,-4.75000000003001,5.72621287903346));
#13643=CARTESIAN_POINT('Origin',(121.3,-4.50000000003001,5.27379112203346));
#13644=CARTESIAN_POINT('',(153.7,-4.50000000003001,5.27379112203346));
#13645=CARTESIAN_POINT('',(153.7,-4.50000000003001,6.61331126267462));
#13646=CARTESIAN_POINT('',(121.3,-4.50000000003001,5.27379112203346));
#13647=CARTESIAN_POINT('',(121.3,-4.50000000003001,5.27379112203346));
#13648=CARTESIAN_POINT('',(121.3,-4.50000000003001,6.61331126267462));
#13649=CARTESIAN_POINT('Origin',(121.3,-4.75000000003001,5.27379112203346));
#13650=CARTESIAN_POINT('',(153.7,-4.72821106434309,5.02474244751053));
#13651=CARTESIAN_POINT('Origin',(153.7,-4.75000000003001,5.27379112203346));
#13652=CARTESIAN_POINT('',(121.3,-4.72821106434309,5.02474244751053));
#13653=CARTESIAN_POINT('',(121.3,-4.72821106434309,5.02474244751053));
#13654=CARTESIAN_POINT('Origin',(121.3,-4.75000000003001,5.27379112203346));
#13655=CARTESIAN_POINT('Origin',(121.3,-5.07382832434309,4.99450485531053));
#13656=CARTESIAN_POINT('',(153.7,-5.07382832434309,4.99450485531053));
#13657=CARTESIAN_POINT('',(153.7,-2.41683036090828,5.22696205636169));
#13658=CARTESIAN_POINT('',(121.3,-5.07382832434309,4.99450485531053));
#13659=CARTESIAN_POINT('',(121.3,-5.07382832434309,4.99450485531053));
#13660=CARTESIAN_POINT('',(121.3,-2.41683036090828,5.22696205636169));
#13661=CARTESIAN_POINT('Origin',(121.3,-5.05203938865618,4.74545618078759));
#13662=CARTESIAN_POINT('',(153.7,-5.26720501130624,4.87275015091033));
#13663=CARTESIAN_POINT('Origin',(153.7,-5.05203938865618,4.74545618078759));
#13664=CARTESIAN_POINT('',(121.3,-5.26720501130624,4.87275015091033));
#13665=CARTESIAN_POINT('',(121.3,-5.26720501130624,4.87275015091033));
#13666=CARTESIAN_POINT('Origin',(121.3,-5.05203938865618,4.74545618078759));
#13667=CARTESIAN_POINT('Origin',(121.3,-6.30000000002656,5.48376120749948));
#13668=CARTESIAN_POINT('',(153.7,-5.84482758623267,4.37343779798267));
#13669=CARTESIAN_POINT('Origin',(153.7,-6.30000000002656,5.48376120749948));
#13670=CARTESIAN_POINT('',(121.3,-5.84482758623267,4.37343779798267));
#13671=CARTESIAN_POINT('',(121.3,-5.84482758623267,4.37343779798267));
#13672=CARTESIAN_POINT('Origin',(121.3,-6.30000000002656,5.48376120749948));
#13673=CARTESIAN_POINT('Origin',(121.3,-5.75000000002561,4.142120421));
#13674=CARTESIAN_POINT('',(153.7,-6.00000000002561,4.142120421));
#13675=CARTESIAN_POINT('Origin',(153.7,-5.75000000002561,4.142120421));
#13676=CARTESIAN_POINT('',(121.3,-6.00000000002561,4.142120421));
#13677=CARTESIAN_POINT('',(121.3,-6.00000000002561,4.142120421));
#13678=CARTESIAN_POINT('Origin',(121.3,-5.75000000002561,4.142120421));
#13679=CARTESIAN_POINT('Origin',(121.3,-6.00000000002561,0.500000000000003));
#13680=CARTESIAN_POINT('',(121.3,-6.00000000002561,4.22641570165789));
#13681=CARTESIAN_POINT('',(153.7,-6.00000000002561,4.22641570165788));
#13682=CARTESIAN_POINT('Origin',(147.5,-10.,11.25));
#13683=CARTESIAN_POINT('',(148.7295,-10.,12.7295));
#13684=CARTESIAN_POINT('Origin',(147.5,-10.,12.7295));
#13685=CARTESIAN_POINT('',(148.7295,-10.,11.25));
#13686=CARTESIAN_POINT('Origin',(121.3,-13.5,12.4000000000002));
#13687=CARTESIAN_POINT('',(153.7,-12.9,13.0000000000002));
#13688=CARTESIAN_POINT('',(153.7,-13.5,12.4000000000002));
#13689=CARTESIAN_POINT('',(121.3,-12.9,13.0000000000002));
#13690=CARTESIAN_POINT('',(121.3,-12.9,13.0000000000002));
#13691=CARTESIAN_POINT('',(121.3,-13.5,12.4000000000002));
#13692=CARTESIAN_POINT('Origin',(121.3,0.0220223060377628,7.95283140331577));
#13693=CARTESIAN_POINT('',(121.3,-6.4,13.0000000000002));
#13694=CARTESIAN_POINT('',(121.3,-12.9,13.0000000000002));
#13695=CARTESIAN_POINT('',(121.3,-6.4,13.0000000000002));
#13696=CARTESIAN_POINT('Origin',(121.3,-6.4,13.0000000000002));
#13697=CARTESIAN_POINT('',(153.7,-6.4,13.0000000000002));
#13698=CARTESIAN_POINT('',(153.7,-6.4,13.0000000000002));
#13699=CARTESIAN_POINT('',(121.3,-6.4,13.0000000000002));
#13700=CARTESIAN_POINT('Origin',(153.7,0.0220223060377621,7.95283140331577));
#13701=CARTESIAN_POINT('',(153.7,-12.9,13.0000000000002));
#13702=CARTESIAN_POINT('Origin',(147.5,-10.,12.86475));
#13703=CARTESIAN_POINT('',(149.,-10.,13.));
#13704=CARTESIAN_POINT('',(148.86475,-10.,12.86475));
#13705=CARTESIAN_POINT('Origin',(147.5,-10.,13.0000000000002));
#13706=CARTESIAN_POINT('Origin',(121.3,-12.9,13.0000000000002));
#13707=CARTESIAN_POINT('',(129.,-10.,13.));
#13708=CARTESIAN_POINT('Origin',(127.5,-10.,13.0000000000002));
#13709=CARTESIAN_POINT('Origin',(127.5,-10.,12.86475));
#13710=CARTESIAN_POINT('',(128.7295,-10.,12.7295));
#13711=CARTESIAN_POINT('Origin',(127.5,-10.,12.7295));
#13712=CARTESIAN_POINT('',(128.86475,-10.,12.86475));
#13713=CARTESIAN_POINT('Origin',(127.5,-10.,11.25));
#13714=CARTESIAN_POINT('',(128.7295,-10.,9.7705));
#13715=CARTESIAN_POINT('',(128.7295,-10.,11.25));
#13716=CARTESIAN_POINT('Origin',(127.5,-10.,9.7705));
#13717=CARTESIAN_POINT('Origin',(127.5,-10.,9.63525));
#13718=CARTESIAN_POINT('',(129.,-10.,9.5));
#13719=CARTESIAN_POINT('',(128.86475,-10.,9.63525));
#13720=CARTESIAN_POINT('Origin',(127.5,-10.,9.5));
#13721=CARTESIAN_POINT('Origin',(128.86475,-10.,9.5));
#13722=CARTESIAN_POINT('',(126.2705,-10.,9.5));
#13723=CARTESIAN_POINT('Origin',(127.5,-10.,9.5));
#13724=CARTESIAN_POINT('Origin',(127.5,-10.,9.0625));
#13725=CARTESIAN_POINT('',(126.2705,-10.,8.625));
#13726=CARTESIAN_POINT('',(126.2705,-10.,9.0625));
#13727=CARTESIAN_POINT('Origin',(127.5,-10.,8.625));
#13728=CARTESIAN_POINT('Origin',(127.5,-10.,8.317625));
#13729=CARTESIAN_POINT('',(127.5,-10.,8.01025));
#13730=CARTESIAN_POINT('',(126.88525,-10.,8.317625));
#13731=CARTESIAN_POINT('Origin',(116.,-6.9,10.));
#13732=CARTESIAN_POINT('',(116.,-6.72,9.82));
#13733=CARTESIAN_POINT('',(116.,-6.72,9.05));
#13734=CARTESIAN_POINT('',(116.,-6.72,10.));
#13735=CARTESIAN_POINT('',(116.,-7.08,9.05));
#13736=CARTESIAN_POINT('',(116.,-6.9,9.05));
#13737=CARTESIAN_POINT('',(116.,-7.08,9.82));
#13738=CARTESIAN_POINT('',(116.,-7.08,10.));
#13739=CARTESIAN_POINT('',(116.,-7.85,9.82));
#13740=CARTESIAN_POINT('',(116.,-6.9,9.82));
#13741=CARTESIAN_POINT('',(116.,-7.85,10.18));
#13742=CARTESIAN_POINT('',(116.,-7.85,10.));
#13743=CARTESIAN_POINT('',(116.,-7.08,10.18));
#13744=CARTESIAN_POINT('',(116.,-6.9,10.18));
#13745=CARTESIAN_POINT('',(116.,-7.08,10.95));
#13746=CARTESIAN_POINT('',(116.,-7.08,10.));
#13747=CARTESIAN_POINT('',(116.,-6.72,10.95));
#13748=CARTESIAN_POINT('',(116.,-6.9,10.95));
#13749=CARTESIAN_POINT('',(116.,-6.72,10.18));
#13750=CARTESIAN_POINT('',(116.,-6.72,10.));
#13751=CARTESIAN_POINT('',(116.,-5.95,10.18));
#13752=CARTESIAN_POINT('',(116.,-6.9,10.18));
#13753=CARTESIAN_POINT('',(116.,-5.95,9.82));
#13754=CARTESIAN_POINT('',(116.,-5.95,10.));
#13755=CARTESIAN_POINT('',(116.,-6.9,9.82));
#13756=CARTESIAN_POINT('Origin',(115.4,-6.72,10.));
#13757=CARTESIAN_POINT('',(114.811902430206,-6.72,10.18));
#13758=CARTESIAN_POINT('',(115.4,-6.72,10.18));
#13759=CARTESIAN_POINT('',(114.977095476809,-6.72,10.95));
#13760=CARTESIAN_POINT('',(115.4,-6.72,10.95));
#13761=CARTESIAN_POINT('Origin',(117.528084379446,-6.72,10.));
#13762=CARTESIAN_POINT('Origin',(115.4,-6.9,10.18));
#13763=CARTESIAN_POINT('',(114.977095476809,-5.95,10.18));
#13764=CARTESIAN_POINT('Origin',(117.528084379446,-6.9,10.18));
#13765=CARTESIAN_POINT('',(115.4,-5.95,10.18));
#13766=CARTESIAN_POINT('Origin',(115.4,-5.95,10.));
#13767=CARTESIAN_POINT('',(114.977095476809,-5.95,9.82));
#13768=CARTESIAN_POINT('Origin',(117.528084379446,-5.95,10.));
#13769=CARTESIAN_POINT('',(115.4,-5.95,9.82));
#13770=CARTESIAN_POINT('Origin',(115.4,-6.9,9.82));
#13771=CARTESIAN_POINT('',(114.811902430206,-6.72,9.82));
#13772=CARTESIAN_POINT('Origin',(117.528084379446,-6.9,9.82));
#13773=CARTESIAN_POINT('',(115.4,-6.72,9.82));
#13774=CARTESIAN_POINT('Origin',(115.4,-6.72,10.));
#13775=CARTESIAN_POINT('',(114.977095476809,-6.72,9.05));
#13776=CARTESIAN_POINT('Origin',(117.528084379446,-6.72,10.));
#13777=CARTESIAN_POINT('',(115.4,-6.72,9.05));
#13778=CARTESIAN_POINT('Origin',(115.4,-6.9,9.05));
#13779=CARTESIAN_POINT('',(114.977095476809,-7.08,9.05));
#13780=CARTESIAN_POINT('Origin',(117.528084379446,-6.9,9.05));
#13781=CARTESIAN_POINT('',(115.4,-7.08,9.05));
#13782=CARTESIAN_POINT('Origin',(115.4,-7.08,10.));
#13783=CARTESIAN_POINT('',(114.811902430206,-7.08,9.82));
#13784=CARTESIAN_POINT('',(115.4,-7.08,9.82));
#13785=CARTESIAN_POINT('Origin',(117.528084379446,-7.08,10.));
#13786=CARTESIAN_POINT('Origin',(115.4,-6.9,9.82));
#13787=CARTESIAN_POINT('',(114.977095476809,-7.85,9.82));
#13788=CARTESIAN_POINT('Origin',(117.528084379446,-6.9,9.82));
#13789=CARTESIAN_POINT('',(115.4,-7.85,9.82));
#13790=CARTESIAN_POINT('Origin',(115.4,-7.85,10.));
#13791=CARTESIAN_POINT('',(114.977095476809,-7.85,10.18));
#13792=CARTESIAN_POINT('Origin',(117.528084379446,-7.85,10.));
#13793=CARTESIAN_POINT('',(115.4,-7.85,10.18));
#13794=CARTESIAN_POINT('Origin',(115.4,-6.9,10.18));
#13795=CARTESIAN_POINT('',(114.811902430206,-7.08,10.18));
#13796=CARTESIAN_POINT('Origin',(117.528084379446,-6.9,10.18));
#13797=CARTESIAN_POINT('',(115.4,-7.08,10.18));
#13798=CARTESIAN_POINT('Origin',(115.4,-7.08,10.));
#13799=CARTESIAN_POINT('',(114.977095476809,-7.08,10.95));
#13800=CARTESIAN_POINT('Origin',(117.528084379446,-7.08,10.));
#13801=CARTESIAN_POINT('',(115.4,-7.08,10.95));
#13802=CARTESIAN_POINT('Origin',(115.4,-6.9,10.95));
#13803=CARTESIAN_POINT('Origin',(117.528084379446,-6.9,10.95));
#13804=CARTESIAN_POINT('Origin',(117.528084379446,-6.9,10.));
#13805=CARTESIAN_POINT('',(115.6,-6.9,8.06999093082073));
#13806=CARTESIAN_POINT('Origin',(115.6,-6.9,10.));
#13807=CARTESIAN_POINT('Origin',(116.4,-6.9,11.));
#13808=CARTESIAN_POINT('',(116.4,-6.90000000000007,8.));
#13809=CARTESIAN_POINT('Origin',(116.4,-6.9,10.));
#13810=CARTESIAN_POINT('Origin',(116.,-6.9,10.));
#13811=CARTESIAN_POINT('',(116.,-6.90000000000007,8.03499546541037));
#13812=CARTESIAN_POINT('Origin',(116.,6.9,10.));
#13813=CARTESIAN_POINT('',(116.,7.08,9.82));
#13814=CARTESIAN_POINT('',(116.,7.08,9.05));
#13815=CARTESIAN_POINT('',(116.,7.08,10.));
#13816=CARTESIAN_POINT('',(116.,6.72,9.05));
#13817=CARTESIAN_POINT('',(116.,6.9,9.05));
#13818=CARTESIAN_POINT('',(116.,6.72,9.82));
#13819=CARTESIAN_POINT('',(116.,6.72,10.));
#13820=CARTESIAN_POINT('',(116.,5.95,9.82));
#13821=CARTESIAN_POINT('',(116.,6.9,9.82));
#13822=CARTESIAN_POINT('',(116.,5.95,10.18));
#13823=CARTESIAN_POINT('',(116.,5.95,10.));
#13824=CARTESIAN_POINT('',(116.,6.72,10.18));
#13825=CARTESIAN_POINT('',(116.,6.9,10.18));
#13826=CARTESIAN_POINT('',(116.,6.72,10.95));
#13827=CARTESIAN_POINT('',(116.,6.72,10.));
#13828=CARTESIAN_POINT('',(116.,7.08,10.95));
#13829=CARTESIAN_POINT('',(116.,6.9,10.95));
#13830=CARTESIAN_POINT('',(116.,7.08,10.18));
#13831=CARTESIAN_POINT('',(116.,7.08,10.));
#13832=CARTESIAN_POINT('',(116.,7.85,10.18));
#13833=CARTESIAN_POINT('',(116.,6.9,10.18));
#13834=CARTESIAN_POINT('',(116.,7.85,9.82));
#13835=CARTESIAN_POINT('',(116.,7.85,10.));
#13836=CARTESIAN_POINT('',(116.,6.9,9.82));
#13837=CARTESIAN_POINT('Origin',(115.4,7.08,10.));
#13838=CARTESIAN_POINT('',(114.811902430206,7.08,10.18));
#13839=CARTESIAN_POINT('',(115.4,7.08,10.18));
#13840=CARTESIAN_POINT('',(114.977095476809,7.08,10.95));
#13841=CARTESIAN_POINT('',(115.4,7.08,10.95));
#13842=CARTESIAN_POINT('Origin',(117.528084379446,7.08,10.));
#13843=CARTESIAN_POINT('Origin',(115.4,6.9,10.18));
#13844=CARTESIAN_POINT('',(114.977095476809,7.85,10.18));
#13845=CARTESIAN_POINT('Origin',(117.528084379446,6.9,10.18));
#13846=CARTESIAN_POINT('',(115.4,7.85,10.18));
#13847=CARTESIAN_POINT('Origin',(115.4,7.85,10.));
#13848=CARTESIAN_POINT('',(114.977095476809,7.85,9.82));
#13849=CARTESIAN_POINT('Origin',(117.528084379446,7.85,10.));
#13850=CARTESIAN_POINT('',(115.4,7.85,9.82));
#13851=CARTESIAN_POINT('Origin',(115.4,6.9,9.82));
#13852=CARTESIAN_POINT('',(114.811902430206,7.08,9.82));
#13853=CARTESIAN_POINT('Origin',(117.528084379446,6.9,9.82));
#13854=CARTESIAN_POINT('',(115.4,7.08,9.82));
#13855=CARTESIAN_POINT('Origin',(115.4,7.08,10.));
#13856=CARTESIAN_POINT('',(114.977095476809,7.08,9.05));
#13857=CARTESIAN_POINT('Origin',(117.528084379446,7.08,10.));
#13858=CARTESIAN_POINT('',(115.4,7.08,9.05));
#13859=CARTESIAN_POINT('Origin',(115.4,6.9,9.05));
#13860=CARTESIAN_POINT('',(114.977095476809,6.72,9.05));
#13861=CARTESIAN_POINT('Origin',(117.528084379446,6.9,9.05));
#13862=CARTESIAN_POINT('',(115.4,6.72,9.05));
#13863=CARTESIAN_POINT('Origin',(115.4,6.72,10.));
#13864=CARTESIAN_POINT('',(114.811902430206,6.72,9.82));
#13865=CARTESIAN_POINT('',(115.4,6.72,9.82));
#13866=CARTESIAN_POINT('Origin',(117.528084379446,6.72,10.));
#13867=CARTESIAN_POINT('Origin',(115.4,6.9,9.82));
#13868=CARTESIAN_POINT('',(114.977095476809,5.95,9.82));
#13869=CARTESIAN_POINT('Origin',(117.528084379446,6.9,9.82));
#13870=CARTESIAN_POINT('',(115.4,5.95,9.82));
#13871=CARTESIAN_POINT('Origin',(115.4,5.95,10.));
#13872=CARTESIAN_POINT('',(114.977095476809,5.95,10.18));
#13873=CARTESIAN_POINT('Origin',(117.528084379446,5.95,10.));
#13874=CARTESIAN_POINT('',(115.4,5.95,10.18));
#13875=CARTESIAN_POINT('Origin',(115.4,6.9,10.18));
#13876=CARTESIAN_POINT('',(114.811902430206,6.72,10.18));
#13877=CARTESIAN_POINT('Origin',(117.528084379446,6.9,10.18));
#13878=CARTESIAN_POINT('',(115.4,6.72,10.18));
#13879=CARTESIAN_POINT('Origin',(115.4,6.72,10.));
#13880=CARTESIAN_POINT('',(114.977095476809,6.72,10.95));
#13881=CARTESIAN_POINT('Origin',(117.528084379446,6.72,10.));
#13882=CARTESIAN_POINT('',(115.4,6.72,10.95));
#13883=CARTESIAN_POINT('Origin',(115.4,6.9,10.95));
#13884=CARTESIAN_POINT('Origin',(117.528084379446,6.9,10.95));
#13885=CARTESIAN_POINT('Origin',(117.528084379446,6.9,10.));
#13886=CARTESIAN_POINT('',(115.6,6.9,8.06999093082073));
#13887=CARTESIAN_POINT('Origin',(115.6,6.9,10.));
#13888=CARTESIAN_POINT('Origin',(116.4,6.9,11.));
#13889=CARTESIAN_POINT('',(116.4,6.89999999999993,8.));
#13890=CARTESIAN_POINT('Origin',(116.4,6.9,10.));
#13891=CARTESIAN_POINT('Origin',(116.,6.9,10.));
#13892=CARTESIAN_POINT('',(116.,6.89999999999993,8.03499546541037));
#13893=CARTESIAN_POINT('Origin',(159.,-6.9,10.));
#13894=CARTESIAN_POINT('',(159.,-7.08,9.82));
#13895=CARTESIAN_POINT('',(159.,-7.08,9.05));
#13896=CARTESIAN_POINT('',(159.,-7.08,10.));
#13897=CARTESIAN_POINT('',(159.,-6.72,9.05));
#13898=CARTESIAN_POINT('',(159.,-6.9,9.05));
#13899=CARTESIAN_POINT('',(159.,-6.72,9.82));
#13900=CARTESIAN_POINT('',(159.,-6.72,10.));
#13901=CARTESIAN_POINT('',(159.,-5.95,9.82));
#13902=CARTESIAN_POINT('',(159.,-6.9,9.82));
#13903=CARTESIAN_POINT('',(159.,-5.95,10.18));
#13904=CARTESIAN_POINT('',(159.,-5.95,10.));
#13905=CARTESIAN_POINT('',(159.,-6.72,10.18));
#13906=CARTESIAN_POINT('',(159.,-6.9,10.18));
#13907=CARTESIAN_POINT('',(159.,-6.72,10.95));
#13908=CARTESIAN_POINT('',(159.,-6.72,10.));
#13909=CARTESIAN_POINT('',(159.,-7.08,10.95));
#13910=CARTESIAN_POINT('',(159.,-6.9,10.95));
#13911=CARTESIAN_POINT('',(159.,-7.08,10.18));
#13912=CARTESIAN_POINT('',(159.,-7.08,10.));
#13913=CARTESIAN_POINT('',(159.,-7.85,10.18));
#13914=CARTESIAN_POINT('',(159.,-6.9,10.18));
#13915=CARTESIAN_POINT('',(159.,-7.85,9.82));
#13916=CARTESIAN_POINT('',(159.,-7.85,10.));
#13917=CARTESIAN_POINT('',(159.,-6.9,9.82));
#13918=CARTESIAN_POINT('Origin',(159.6,-7.08,10.));
#13919=CARTESIAN_POINT('',(160.188097569794,-7.08,10.18));
#13920=CARTESIAN_POINT('',(159.6,-7.08,10.18));
#13921=CARTESIAN_POINT('',(160.022904523191,-7.08,10.95));
#13922=CARTESIAN_POINT('',(159.6,-7.08,10.95));
#13923=CARTESIAN_POINT('Origin',(157.471915620554,-7.08,10.));
#13924=CARTESIAN_POINT('Origin',(159.6,-6.9,10.18));
#13925=CARTESIAN_POINT('',(160.022904523191,-7.85,10.18));
#13926=CARTESIAN_POINT('Origin',(157.471915620554,-6.9,10.18));
#13927=CARTESIAN_POINT('',(159.6,-7.85,10.18));
#13928=CARTESIAN_POINT('Origin',(159.6,-7.85,10.));
#13929=CARTESIAN_POINT('',(160.022904523191,-7.85,9.82));
#13930=CARTESIAN_POINT('Origin',(157.471915620554,-7.85,10.));
#13931=CARTESIAN_POINT('',(159.6,-7.85,9.82));
#13932=CARTESIAN_POINT('Origin',(159.6,-6.9,9.82));
#13933=CARTESIAN_POINT('',(160.188097569794,-7.08,9.82));
#13934=CARTESIAN_POINT('Origin',(157.471915620554,-6.9,9.82));
#13935=CARTESIAN_POINT('',(159.6,-7.08,9.82));
#13936=CARTESIAN_POINT('Origin',(159.6,-7.08,10.));
#13937=CARTESIAN_POINT('',(160.022904523191,-7.08,9.05));
#13938=CARTESIAN_POINT('Origin',(157.471915620554,-7.08,10.));
#13939=CARTESIAN_POINT('',(159.6,-7.08,9.05));
#13940=CARTESIAN_POINT('Origin',(159.6,-6.9,9.05));
#13941=CARTESIAN_POINT('',(160.022904523191,-6.72,9.05));
#13942=CARTESIAN_POINT('Origin',(157.471915620554,-6.9,9.05));
#13943=CARTESIAN_POINT('',(159.6,-6.72,9.05));
#13944=CARTESIAN_POINT('Origin',(159.6,-6.72,10.));
#13945=CARTESIAN_POINT('',(160.188097569794,-6.72,9.82));
#13946=CARTESIAN_POINT('',(159.6,-6.72,9.82));
#13947=CARTESIAN_POINT('Origin',(157.471915620554,-6.72,10.));
#13948=CARTESIAN_POINT('Origin',(159.6,-6.9,9.82));
#13949=CARTESIAN_POINT('',(160.022904523191,-5.95,9.82));
#13950=CARTESIAN_POINT('Origin',(157.471915620554,-6.9,9.82));
#13951=CARTESIAN_POINT('',(159.6,-5.95,9.82));
#13952=CARTESIAN_POINT('Origin',(159.6,-5.95,10.));
#13953=CARTESIAN_POINT('',(160.022904523191,-5.95,10.18));
#13954=CARTESIAN_POINT('Origin',(157.471915620554,-5.95,10.));
#13955=CARTESIAN_POINT('',(159.6,-5.95,10.18));
#13956=CARTESIAN_POINT('Origin',(159.6,-6.9,10.18));
#13957=CARTESIAN_POINT('',(160.188097569794,-6.72,10.18));
#13958=CARTESIAN_POINT('Origin',(157.471915620554,-6.9,10.18));
#13959=CARTESIAN_POINT('',(159.6,-6.72,10.18));
#13960=CARTESIAN_POINT('Origin',(159.6,-6.72,10.));
#13961=CARTESIAN_POINT('',(160.022904523191,-6.72,10.95));
#13962=CARTESIAN_POINT('Origin',(157.471915620554,-6.72,10.));
#13963=CARTESIAN_POINT('',(159.6,-6.72,10.95));
#13964=CARTESIAN_POINT('Origin',(159.6,-6.9,10.95));
#13965=CARTESIAN_POINT('Origin',(157.471915620554,-6.9,10.95));
#13966=CARTESIAN_POINT('Origin',(157.471915620554,-6.9,10.));
#13967=CARTESIAN_POINT('',(159.4,-6.9,8.06999093082073));
#13968=CARTESIAN_POINT('Origin',(159.4,-6.9,10.));
#13969=CARTESIAN_POINT('Origin',(158.6,-6.9,11.));
#13970=CARTESIAN_POINT('',(158.6,-6.89999999999993,8.));
#13971=CARTESIAN_POINT('Origin',(158.6,-6.9,10.));
#13972=CARTESIAN_POINT('Origin',(159.,-6.9,10.));
#13973=CARTESIAN_POINT('',(159.,-6.89999999999993,8.03499546541037));
#13974=CARTESIAN_POINT('Origin',(121.3,-2.77555756156289E-17,7.74532241208203));
#13975=CARTESIAN_POINT('',(121.3,-6.00000000002561,3.));
#13976=CARTESIAN_POINT('',(121.3,-6.00000000002561,4.142120421));
#13977=CARTESIAN_POINT('',(121.3,-6.00000000002561,4.12266120604101));
#13978=CARTESIAN_POINT('',(121.3,-5.84482758623267,4.37343779798267));
#13979=CARTESIAN_POINT('Origin',(121.3,-5.75000000002561,4.142120421));
#13980=CARTESIAN_POINT('',(121.3,-5.26720501130624,4.87275015091033));
#13981=CARTESIAN_POINT('Origin',(121.3,-6.30000000002656,5.48376120749948));
#13982=CARTESIAN_POINT('',(121.3,-5.07382832434309,4.99450485531053));
#13983=CARTESIAN_POINT('Origin',(121.3,-5.05203938865618,4.74545618078759));
#13984=CARTESIAN_POINT('',(121.3,-4.72821106434309,5.02474244751053));
#13985=CARTESIAN_POINT('',(121.3,-2.43676626140228,5.22521789106949));
#13986=CARTESIAN_POINT('',(121.3,-4.50000000003001,5.27379112203346));
#13987=CARTESIAN_POINT('Origin',(121.3,-4.75000000003001,5.27379112203346));
#13988=CARTESIAN_POINT('',(121.3,-4.50000000003001,5.72621287903346));
#13989=CARTESIAN_POINT('',(121.3,-4.50000000003001,6.50955676705774));
#13990=CARTESIAN_POINT('',(121.3,-4.72821106434309,5.9752615535564));
#13991=CARTESIAN_POINT('Origin',(121.3,-4.75000000003001,5.72621287903346));
#13992=CARTESIAN_POINT('',(121.3,-5.09477657024309,6.0073318797564));
#13993=CARTESIAN_POINT('',(121.3,-2.4589055303367,5.77672304529069));
#13994=CARTESIAN_POINT('',(121.3,-5.28454149066954,6.12317032207637));
#13995=CARTESIAN_POINT('Origin',(121.3,-5.07298763455618,6.25638055427933));
#13996=CARTESIAN_POINT('',(121.3,-5.84482758621975,6.59408461701892));
#13997=CARTESIAN_POINT('Origin',(121.3,-6.30000000001365,5.48376120750211));
#13998=CARTESIAN_POINT('',(121.3,-6.00000000001269,6.82540199400159));
#13999=CARTESIAN_POINT('Origin',(121.3,-5.75000000001269,6.82540199400159));
#14000=CARTESIAN_POINT('',(121.3,-6.00000000001269,7.50000000050159));
#14001=CARTESIAN_POINT('',(121.3,-6.00000000001269,7.28536220304181));
#14002=CARTESIAN_POINT('',(121.3,-5.50000000001269,8.00000000050159));
#14003=CARTESIAN_POINT('',(121.3,-4.43866939711441,9.06133060339987));
#14004=CARTESIAN_POINT('',(121.3,5.49999999998731,8.00000000050159));
#14005=CARTESIAN_POINT('',(121.3,-2.75000000000634,8.00000000050159));
#14006=CARTESIAN_POINT('',(121.3,5.99999999998731,7.50000000050159));
#14007=CARTESIAN_POINT('',(121.3,4.18866939709538,9.31133060339353));
#14008=CARTESIAN_POINT('',(121.3,5.99999999998731,6.82540199400159));
#14009=CARTESIAN_POINT('',(121.3,5.99999999998731,7.62266120629181));
#14010=CARTESIAN_POINT('',(121.3,5.84482758619438,6.59408461701892));
#14011=CARTESIAN_POINT('Origin',(121.3,5.74999999998731,6.82540199400159));
#14012=CARTESIAN_POINT('',(121.3,5.28454149064416,6.12317032207637));
#14013=CARTESIAN_POINT('Origin',(121.3,6.29999999998827,5.48376120750211));
#14014=CARTESIAN_POINT('',(121.3,5.09477657021772,6.0073318797564));
#14015=CARTESIAN_POINT('Origin',(121.3,5.0729876345308,6.25638055427934));
#14016=CARTESIAN_POINT('',(121.3,4.72821106431772,5.9752615535564));
#14017=CARTESIAN_POINT('',(121.3,2.64218828327391,5.79275820839179));
#14018=CARTESIAN_POINT('',(121.3,4.50000000000463,5.72621287903346));
#14019=CARTESIAN_POINT('Origin',(121.3,4.75000000000463,5.72621287903346));
#14020=CARTESIAN_POINT('',(121.3,4.50000000000463,5.27379112203346));
#14021=CARTESIAN_POINT('',(121.3,4.50000000000463,6.73576764555774));
#14022=CARTESIAN_POINT('',(121.3,4.72821106431772,5.02474244751053));
#14023=CARTESIAN_POINT('Origin',(121.3,4.75000000000463,5.27379112203346));
#14024=CARTESIAN_POINT('',(121.3,5.07382832431772,4.99450485531053));
#14025=CARTESIAN_POINT('',(121.3,2.2639576313895,5.24033668716839));
#14026=CARTESIAN_POINT('',(121.3,5.26720501128087,4.87275015091033));
#14027=CARTESIAN_POINT('Origin',(121.3,5.0520393886308,4.74545618078759));
#14028=CARTESIAN_POINT('',(121.3,5.84482758620729,4.37343779798267));
#14029=CARTESIAN_POINT('Origin',(121.3,6.30000000000119,5.48376120749948));
#14030=CARTESIAN_POINT('',(121.3,6.00000000000023,4.142120421));
#14031=CARTESIAN_POINT('Origin',(121.3,5.75000000000023,4.142120421));
#14032=CARTESIAN_POINT('',(121.3,6.00000000000023,3.));
#14033=CARTESIAN_POINT('',(121.3,6.00000000000023,5.94372141654101));
#14034=CARTESIAN_POINT('',(121.3,12.6,3.));
#14035=CARTESIAN_POINT('',(121.3,0.,3.));
#14036=CARTESIAN_POINT('',(121.3,13.2,3.6));
#14037=CARTESIAN_POINT('',(121.3,13.2,3.6));
#14038=CARTESIAN_POINT('',(121.3,13.2,11.4));
#14039=CARTESIAN_POINT('',(121.3,13.2,11.4));
#14040=CARTESIAN_POINT('',(121.3,12.,12.6));
#14041=CARTESIAN_POINT('',(121.3,12.,12.6));
#14042=CARTESIAN_POINT('',(121.3,-12.,12.6));
#14043=CARTESIAN_POINT('',(121.3,0.,12.6));
#14044=CARTESIAN_POINT('',(121.3,-13.2,11.4));
#14045=CARTESIAN_POINT('',(121.3,-13.2,11.4));
#14046=CARTESIAN_POINT('',(121.3,-13.2,3.6));
#14047=CARTESIAN_POINT('',(121.3,-13.2,3.6));
#14048=CARTESIAN_POINT('',(121.3,-12.6,3.));
#14049=CARTESIAN_POINT('',(121.3,-12.6,3.));
#14050=CARTESIAN_POINT('',(121.3,0.,3.));
#14051=CARTESIAN_POINT('Origin',(116.4,-6.9,10.));
#14052=CARTESIAN_POINT('',(116.4,-6.9,7.9));
#14053=CARTESIAN_POINT('Origin',(116.4,-6.9,10.));
#14054=CARTESIAN_POINT('Origin',(116.3,-5.75000000002561,4.142120421));
#14055=CARTESIAN_POINT('',(116.3,-6.00000000002561,4.142120421));
#14056=CARTESIAN_POINT('',(116.3,-6.00000000002561,4.142120421));
#14057=CARTESIAN_POINT('',(116.3,-5.84482758623267,4.37343779798267));
#14058=CARTESIAN_POINT('Origin',(116.3,-5.75000000002561,4.142120421));
#14059=CARTESIAN_POINT('',(116.3,-5.84482758623267,4.37343779798267));
#14060=CARTESIAN_POINT('Origin',(116.3,-6.30000000002656,5.48376120749948));
#14061=CARTESIAN_POINT('',(116.3,-5.26720501130624,4.87275015091033));
#14062=CARTESIAN_POINT('Origin',(116.3,-6.30000000002656,5.48376120749948));
#14063=CARTESIAN_POINT('',(116.3,-5.26720501130624,4.87275015091033));
#14064=CARTESIAN_POINT('Origin',(116.3,-5.05203938865618,4.74545618078759));
#14065=CARTESIAN_POINT('',(116.3,-5.07382832434309,4.99450485531053));
#14066=CARTESIAN_POINT('Origin',(116.3,-5.05203938865618,4.74545618078759));
#14067=CARTESIAN_POINT('',(116.3,-5.07382832434309,4.99450485531053));
#14068=CARTESIAN_POINT('Origin',(116.3,-5.07382832434309,4.99450485531053));
#14069=CARTESIAN_POINT('',(116.3,-4.72821106434309,5.02474244751053));
#14070=CARTESIAN_POINT('',(116.3,-2.43676626140228,5.22521789106949));
#14071=CARTESIAN_POINT('',(116.3,-4.72821106434309,5.02474244751053));
#14072=CARTESIAN_POINT('Origin',(116.3,-4.75000000003001,5.27379112203346));
#14073=CARTESIAN_POINT('',(116.3,-4.50000000003001,5.27379112203346));
#14074=CARTESIAN_POINT('Origin',(116.3,-4.75000000003001,5.27379112203346));
#14075=CARTESIAN_POINT('',(116.3,-4.50000000003001,5.27379112203346));
#14076=CARTESIAN_POINT('Origin',(116.3,-4.50000000003001,5.27379112203346));
#14077=CARTESIAN_POINT('',(116.3,-4.50000000003001,5.72621287903346));
#14078=CARTESIAN_POINT('',(116.3,-4.50000000003001,6.50955676705774));
#14079=CARTESIAN_POINT('',(116.3,-4.50000000003001,5.72621287903346));
#14080=CARTESIAN_POINT('Origin',(116.3,-4.75000000003001,5.72621287903346));
#14081=CARTESIAN_POINT('',(116.3,-4.72821106434309,5.9752615535564));
#14082=CARTESIAN_POINT('Origin',(116.3,-4.75000000003001,5.72621287903346));
#14083=CARTESIAN_POINT('',(116.3,-4.72821106434309,5.9752615535564));
#14084=CARTESIAN_POINT('Origin',(116.3,-4.72821106434309,5.9752615535564));
#14085=CARTESIAN_POINT('',(116.3,-5.09477657024309,6.0073318797564));
#14086=CARTESIAN_POINT('',(116.3,-2.4589055303367,5.77672304529069));
#14087=CARTESIAN_POINT('',(116.3,-5.09477657024309,6.0073318797564));
#14088=CARTESIAN_POINT('Origin',(116.3,-5.07298763455618,6.25638055427933));
#14089=CARTESIAN_POINT('',(116.3,-5.28454149066954,6.12317032207637));
#14090=CARTESIAN_POINT('Origin',(116.3,-5.07298763455618,6.25638055427933));
#14091=CARTESIAN_POINT('',(116.3,-5.28454149066954,6.12317032207637));
#14092=CARTESIAN_POINT('Origin',(116.3,-6.30000000001365,5.48376120750211));
#14093=CARTESIAN_POINT('',(116.3,-5.84482758621975,6.59408461701892));
#14094=CARTESIAN_POINT('Origin',(116.3,-6.30000000001365,5.48376120750211));
#14095=CARTESIAN_POINT('',(116.3,-5.84482758621975,6.59408461701892));
#14096=CARTESIAN_POINT('Origin',(116.3,-5.75000000001269,6.82540199400159));
#14097=CARTESIAN_POINT('',(116.3,-6.00000000001269,6.82540199400159));
#14098=CARTESIAN_POINT('Origin',(116.3,-5.75000000001269,6.82540199400159));
#14099=CARTESIAN_POINT('',(116.3,-6.00000000001269,6.82540199400159));
#14100=CARTESIAN_POINT('Origin',(116.3,-6.00000000001269,6.82540199400159));
#14101=CARTESIAN_POINT('',(116.3,-6.00000000001269,7.50000000050159));
#14102=CARTESIAN_POINT('',(116.3,-6.00000000001269,7.28536220304181));
#14103=CARTESIAN_POINT('',(116.3,-6.00000000001269,7.50000000050159));
#14104=CARTESIAN_POINT('Origin',(116.3,-6.00000000001269,7.50000000050159));
#14105=CARTESIAN_POINT('',(116.3,-5.50000000001269,8.00000000050159));
#14106=CARTESIAN_POINT('',(116.3,-4.43866939711441,9.06133060339987));
#14107=CARTESIAN_POINT('',(116.3,-5.50000000001269,8.00000000050159));
#14108=CARTESIAN_POINT('Origin',(116.3,-5.50000000001269,8.00000000050159));
#14109=CARTESIAN_POINT('',(116.3,5.49999999998731,8.00000000050159));
#14110=CARTESIAN_POINT('',(116.3,-2.75000000000634,8.00000000050159));
#14111=CARTESIAN_POINT('',(116.3,5.49999999998731,8.00000000050159));
#14112=CARTESIAN_POINT('Origin',(116.3,5.49999999998731,8.00000000050159));
#14113=CARTESIAN_POINT('',(116.3,5.99999999998731,7.50000000050159));
#14114=CARTESIAN_POINT('',(116.3,4.18866939709538,9.31133060339353));
#14115=CARTESIAN_POINT('',(116.3,5.99999999998731,7.50000000050159));
#14116=CARTESIAN_POINT('Origin',(116.3,5.99999999998731,7.50000000050159));
#14117=CARTESIAN_POINT('',(116.3,5.99999999998731,6.82540199400159));
#14118=CARTESIAN_POINT('',(116.3,5.99999999998731,7.62266120629181));
#14119=CARTESIAN_POINT('',(116.3,5.99999999998731,6.82540199400159));
#14120=CARTESIAN_POINT('Origin',(116.3,5.74999999998731,6.82540199400159));
#14121=CARTESIAN_POINT('',(116.3,5.84482758619438,6.59408461701892));
#14122=CARTESIAN_POINT('Origin',(116.3,5.74999999998731,6.82540199400159));
#14123=CARTESIAN_POINT('',(116.3,5.84482758619438,6.59408461701892));
#14124=CARTESIAN_POINT('Origin',(116.3,6.29999999998827,5.48376120750211));
#14125=CARTESIAN_POINT('',(116.3,5.28454149064416,6.12317032207637));
#14126=CARTESIAN_POINT('Origin',(116.3,6.29999999998827,5.48376120750211));
#14127=CARTESIAN_POINT('',(116.3,5.28454149064416,6.12317032207637));
#14128=CARTESIAN_POINT('Origin',(116.3,5.0729876345308,6.25638055427934));
#14129=CARTESIAN_POINT('',(116.3,5.09477657021772,6.0073318797564));
#14130=CARTESIAN_POINT('Origin',(116.3,5.0729876345308,6.25638055427934));
#14131=CARTESIAN_POINT('',(116.3,5.09477657021772,6.0073318797564));
#14132=CARTESIAN_POINT('Origin',(116.3,5.09477657021772,6.0073318797564));
#14133=CARTESIAN_POINT('',(116.3,4.72821106431772,5.9752615535564));
#14134=CARTESIAN_POINT('',(116.3,2.64218828327391,5.79275820839179));
#14135=CARTESIAN_POINT('',(116.3,4.72821106431772,5.9752615535564));
#14136=CARTESIAN_POINT('Origin',(116.3,4.75000000000463,5.72621287903346));
#14137=CARTESIAN_POINT('',(116.3,4.50000000000463,5.72621287903346));
#14138=CARTESIAN_POINT('Origin',(116.3,4.75000000000463,5.72621287903346));
#14139=CARTESIAN_POINT('',(116.3,4.50000000000463,5.72621287903346));
#14140=CARTESIAN_POINT('Origin',(116.3,4.50000000000463,5.72621287903346));
#14141=CARTESIAN_POINT('',(116.3,4.50000000000463,5.27379112203346));
#14142=CARTESIAN_POINT('',(116.3,4.50000000000463,6.73576764555774));
#14143=CARTESIAN_POINT('',(116.3,4.50000000000463,5.27379112203346));
#14144=CARTESIAN_POINT('Origin',(116.3,4.75000000000463,5.27379112203346));
#14145=CARTESIAN_POINT('',(116.3,4.72821106431772,5.02474244751053));
#14146=CARTESIAN_POINT('Origin',(116.3,4.75000000000463,5.27379112203346));
#14147=CARTESIAN_POINT('',(116.3,4.72821106431772,5.02474244751053));
#14148=CARTESIAN_POINT('Origin',(116.3,4.72821106431772,5.02474244751053));
#14149=CARTESIAN_POINT('',(116.3,5.07382832431772,4.99450485531053));
#14150=CARTESIAN_POINT('',(116.3,2.2639576313895,5.24033668716839));
#14151=CARTESIAN_POINT('',(116.3,5.07382832431772,4.99450485531053));
#14152=CARTESIAN_POINT('Origin',(116.3,5.0520393886308,4.74545618078759));
#14153=CARTESIAN_POINT('',(116.3,5.26720501128087,4.87275015091033));
#14154=CARTESIAN_POINT('Origin',(116.3,5.0520393886308,4.74545618078759));
#14155=CARTESIAN_POINT('',(116.3,5.26720501128087,4.87275015091033));
#14156=CARTESIAN_POINT('Origin',(116.3,6.30000000000119,5.48376120749948));
#14157=CARTESIAN_POINT('',(116.3,5.84482758620729,4.37343779798267));
#14158=CARTESIAN_POINT('Origin',(116.3,6.30000000000119,5.48376120749948));
#14159=CARTESIAN_POINT('',(116.3,5.84482758620729,4.37343779798267));
#14160=CARTESIAN_POINT('Origin',(116.3,5.75000000000023,4.142120421));
#14161=CARTESIAN_POINT('',(116.3,6.00000000000023,4.142120421));
#14162=CARTESIAN_POINT('Origin',(116.3,5.75000000000023,4.142120421));
#14163=CARTESIAN_POINT('',(116.3,6.00000000000023,4.142120421));
#14164=CARTESIAN_POINT('Origin',(116.3,6.00000000000023,4.142120421));
#14165=CARTESIAN_POINT('',(116.3,6.00000000000023,3.));
#14166=CARTESIAN_POINT('',(116.3,6.00000000000023,3.));
#14167=CARTESIAN_POINT('',(116.3,6.00000000000023,5.94372141654101));
#14168=CARTESIAN_POINT('Origin',(116.3,0.,3.));
#14169=CARTESIAN_POINT('',(116.3,12.6,3.));
#14170=CARTESIAN_POINT('',(116.3,0.,3.));
#14171=CARTESIAN_POINT('',(116.3,12.6,3.));
#14172=CARTESIAN_POINT('Origin',(116.3,13.2,3.6));
#14173=CARTESIAN_POINT('',(116.3,13.2,3.6));
#14174=CARTESIAN_POINT('',(116.3,13.2,3.6));
#14175=CARTESIAN_POINT('',(116.3,13.2,3.6));
#14176=CARTESIAN_POINT('Origin',(116.3,13.2,11.4));
#14177=CARTESIAN_POINT('',(116.3,13.2,11.4));
#14178=CARTESIAN_POINT('',(116.3,13.2,11.4));
#14179=CARTESIAN_POINT('',(116.3,13.2,11.4));
#14180=CARTESIAN_POINT('Origin',(116.3,12.,12.6));
#14181=CARTESIAN_POINT('',(116.3,12.,12.6));
#14182=CARTESIAN_POINT('',(116.3,12.,12.6));
#14183=CARTESIAN_POINT('',(116.3,12.,12.6));
#14184=CARTESIAN_POINT('Origin',(116.3,0.,12.6));
#14185=CARTESIAN_POINT('',(116.3,-12.,12.6));
#14186=CARTESIAN_POINT('',(116.3,-12.,12.6));
#14187=CARTESIAN_POINT('',(116.3,-12.,12.6));
#14188=CARTESIAN_POINT('Origin',(116.3,-13.2,11.4));
#14189=CARTESIAN_POINT('',(116.3,-13.2,11.4));
#14190=CARTESIAN_POINT('',(116.3,-13.2,11.4));
#14191=CARTESIAN_POINT('',(116.3,-13.2,11.4));
#14192=CARTESIAN_POINT('Origin',(116.3,-13.2,3.6));
#14193=CARTESIAN_POINT('',(116.3,-13.2,3.6));
#14194=CARTESIAN_POINT('',(116.3,-13.2,3.6));
#14195=CARTESIAN_POINT('',(116.3,-13.2,3.6));
#14196=CARTESIAN_POINT('Origin',(116.3,-12.6,3.));
#14197=CARTESIAN_POINT('',(116.3,-12.6,3.));
#14198=CARTESIAN_POINT('',(116.3,-12.6,3.));
#14199=CARTESIAN_POINT('',(116.3,-12.6,3.));
#14200=CARTESIAN_POINT('Origin',(116.3,0.,3.));
#14201=CARTESIAN_POINT('',(116.3,-6.00000000002561,3.));
#14202=CARTESIAN_POINT('',(116.3,-6.00000000002561,3.));
#14203=CARTESIAN_POINT('',(116.3,0.,3.));
#14204=CARTESIAN_POINT('Origin',(116.3,-6.00000000002561,0.500000000000003));
#14205=CARTESIAN_POINT('',(116.3,-6.00000000002561,4.12266120604101));
#14206=CARTESIAN_POINT('Origin',(115.6,-6.9,10.));
#14207=CARTESIAN_POINT('',(116.3,-6.9,7.9));
#14208=CARTESIAN_POINT('Origin',(116.3,-6.9,10.));
#14209=CARTESIAN_POINT('',(115.6,-6.9,7.9));
#14210=CARTESIAN_POINT('Origin',(116.3,-2.22044604925031E-16,7.74532241208203));
#14211=CARTESIAN_POINT('',(116.3,6.9,12.1));
#14212=CARTESIAN_POINT('Origin',(116.3,6.9,10.));
#14213=CARTESIAN_POINT('Origin',(116.4,6.9,10.));
#14214=CARTESIAN_POINT('',(116.4,6.9,12.1));
#14215=CARTESIAN_POINT('Origin',(116.4,6.9,10.));
#14216=CARTESIAN_POINT('Origin',(115.6,6.9,10.));
#14217=CARTESIAN_POINT('',(115.6,6.9,12.1));
#14218=CARTESIAN_POINT('Origin',(159.,6.9,10.));
#14219=CARTESIAN_POINT('',(159.,6.72,9.82));
#14220=CARTESIAN_POINT('',(159.,6.72,9.05));
#14221=CARTESIAN_POINT('',(159.,6.72,10.));
#14222=CARTESIAN_POINT('',(159.,7.08,9.05));
#14223=CARTESIAN_POINT('',(159.,6.9,9.05));
#14224=CARTESIAN_POINT('',(159.,7.08,9.82));
#14225=CARTESIAN_POINT('',(159.,7.08,10.));
#14226=CARTESIAN_POINT('',(159.,7.85,9.82));
#14227=CARTESIAN_POINT('',(159.,6.9,9.82));
#14228=CARTESIAN_POINT('',(159.,7.85,10.18));
#14229=CARTESIAN_POINT('',(159.,7.85,10.));
#14230=CARTESIAN_POINT('',(159.,7.08,10.18));
#14231=CARTESIAN_POINT('',(159.,6.9,10.18));
#14232=CARTESIAN_POINT('',(159.,7.08,10.95));
#14233=CARTESIAN_POINT('',(159.,7.08,10.));
#14234=CARTESIAN_POINT('',(159.,6.72,10.95));
#14235=CARTESIAN_POINT('',(159.,6.9,10.95));
#14236=CARTESIAN_POINT('',(159.,6.72,10.18));
#14237=CARTESIAN_POINT('',(159.,6.72,10.));
#14238=CARTESIAN_POINT('',(159.,5.95,10.18));
#14239=CARTESIAN_POINT('',(159.,6.9,10.18));
#14240=CARTESIAN_POINT('',(159.,5.95,9.82));
#14241=CARTESIAN_POINT('',(159.,5.95,10.));
#14242=CARTESIAN_POINT('',(159.,6.9,9.82));
#14243=CARTESIAN_POINT('Origin',(159.6,6.72,10.));
#14244=CARTESIAN_POINT('',(160.188097569794,6.72,10.18));
#14245=CARTESIAN_POINT('',(159.6,6.72,10.18));
#14246=CARTESIAN_POINT('',(160.022904523191,6.72,10.95));
#14247=CARTESIAN_POINT('',(159.6,6.72,10.95));
#14248=CARTESIAN_POINT('Origin',(157.471915620554,6.72,10.));
#14249=CARTESIAN_POINT('Origin',(159.6,6.9,10.18));
#14250=CARTESIAN_POINT('',(160.022904523191,5.95,10.18));
#14251=CARTESIAN_POINT('Origin',(157.471915620554,6.9,10.18));
#14252=CARTESIAN_POINT('',(159.6,5.95,10.18));
#14253=CARTESIAN_POINT('Origin',(159.6,5.95,10.));
#14254=CARTESIAN_POINT('',(160.022904523191,5.95,9.82));
#14255=CARTESIAN_POINT('Origin',(157.471915620554,5.95,10.));
#14256=CARTESIAN_POINT('',(159.6,5.95,9.82));
#14257=CARTESIAN_POINT('Origin',(159.6,6.9,9.82));
#14258=CARTESIAN_POINT('',(160.188097569794,6.72,9.82));
#14259=CARTESIAN_POINT('Origin',(157.471915620554,6.9,9.82));
#14260=CARTESIAN_POINT('',(159.6,6.72,9.82));
#14261=CARTESIAN_POINT('Origin',(159.6,6.72,10.));
#14262=CARTESIAN_POINT('',(160.022904523191,6.72,9.05));
#14263=CARTESIAN_POINT('Origin',(157.471915620554,6.72,10.));
#14264=CARTESIAN_POINT('',(159.6,6.72,9.05));
#14265=CARTESIAN_POINT('Origin',(159.6,6.9,9.05));
#14266=CARTESIAN_POINT('',(160.022904523191,7.08,9.05));
#14267=CARTESIAN_POINT('Origin',(157.471915620554,6.9,9.05));
#14268=CARTESIAN_POINT('',(159.6,7.08,9.05));
#14269=CARTESIAN_POINT('Origin',(159.6,7.08,10.));
#14270=CARTESIAN_POINT('',(160.188097569794,7.08,9.82));
#14271=CARTESIAN_POINT('',(159.6,7.08,9.82));
#14272=CARTESIAN_POINT('Origin',(157.471915620554,7.08,10.));
#14273=CARTESIAN_POINT('Origin',(159.6,6.9,9.82));
#14274=CARTESIAN_POINT('',(160.022904523191,7.85,9.82));
#14275=CARTESIAN_POINT('Origin',(157.471915620554,6.9,9.82));
#14276=CARTESIAN_POINT('',(159.6,7.85,9.82));
#14277=CARTESIAN_POINT('Origin',(159.6,7.85,10.));
#14278=CARTESIAN_POINT('',(160.022904523191,7.85,10.18));
#14279=CARTESIAN_POINT('Origin',(157.471915620554,7.85,10.));
#14280=CARTESIAN_POINT('',(159.6,7.85,10.18));
#14281=CARTESIAN_POINT('Origin',(159.6,6.9,10.18));
#14282=CARTESIAN_POINT('',(160.188097569794,7.08,10.18));
#14283=CARTESIAN_POINT('Origin',(157.471915620554,6.9,10.18));
#14284=CARTESIAN_POINT('',(159.6,7.08,10.18));
#14285=CARTESIAN_POINT('Origin',(159.6,7.08,10.));
#14286=CARTESIAN_POINT('',(160.022904523191,7.08,10.95));
#14287=CARTESIAN_POINT('Origin',(157.471915620554,7.08,10.));
#14288=CARTESIAN_POINT('',(159.6,7.08,10.95));
#14289=CARTESIAN_POINT('Origin',(159.6,6.9,10.95));
#14290=CARTESIAN_POINT('Origin',(157.471915620554,6.9,10.95));
#14291=CARTESIAN_POINT('Origin',(157.471915620554,6.9,10.));
#14292=CARTESIAN_POINT('',(159.4,6.9,8.06999093082073));
#14293=CARTESIAN_POINT('Origin',(159.4,6.9,10.));
#14294=CARTESIAN_POINT('Origin',(158.6,6.9,11.));
#14295=CARTESIAN_POINT('',(158.6,6.90000000000007,8.));
#14296=CARTESIAN_POINT('Origin',(158.6,6.9,10.));
#14297=CARTESIAN_POINT('Origin',(159.,6.9,10.));
#14298=CARTESIAN_POINT('',(159.,6.90000000000007,8.03499546541037));
#14299=CARTESIAN_POINT('Origin',(153.7,2.77555756156289E-17,7.74532241208203));
#14300=CARTESIAN_POINT('',(153.7,6.00000000002561,3.));
#14301=CARTESIAN_POINT('',(153.7,6.00000000002561,4.142120421));
#14302=CARTESIAN_POINT('',(153.7,6.00000000002561,4.12266120604101));
#14303=CARTESIAN_POINT('',(153.7,5.84482758623267,4.37343779798267));
#14304=CARTESIAN_POINT('Origin',(153.7,5.75000000002561,4.142120421));
#14305=CARTESIAN_POINT('',(153.7,5.26720501130624,4.87275015091033));
#14306=CARTESIAN_POINT('Origin',(153.7,6.30000000002656,5.48376120749948));
#14307=CARTESIAN_POINT('',(153.7,5.07382832434309,4.99450485531053));
#14308=CARTESIAN_POINT('Origin',(153.7,5.05203938865618,4.74545618078759));
#14309=CARTESIAN_POINT('',(153.7,4.72821106434309,5.02474244751053));
#14310=CARTESIAN_POINT('',(153.7,2.43676626140228,5.22521789106949));
#14311=CARTESIAN_POINT('',(153.7,4.50000000003001,5.27379112203346));
#14312=CARTESIAN_POINT('Origin',(153.7,4.75000000003001,5.27379112203346));
#14313=CARTESIAN_POINT('',(153.7,4.50000000003001,5.72621287903346));
#14314=CARTESIAN_POINT('',(153.7,4.50000000003001,6.50955676705774));
#14315=CARTESIAN_POINT('',(153.7,4.72821106434309,5.9752615535564));
#14316=CARTESIAN_POINT('Origin',(153.7,4.75000000003001,5.72621287903346));
#14317=CARTESIAN_POINT('',(153.7,5.09477657024309,6.0073318797564));
#14318=CARTESIAN_POINT('',(153.7,2.4589055303367,5.77672304529069));
#14319=CARTESIAN_POINT('',(153.7,5.28454149066954,6.12317032207637));
#14320=CARTESIAN_POINT('Origin',(153.7,5.07298763455618,6.25638055427933));
#14321=CARTESIAN_POINT('',(153.7,5.84482758621975,6.59408461701892));
#14322=CARTESIAN_POINT('Origin',(153.7,6.30000000001365,5.48376120750211));
#14323=CARTESIAN_POINT('',(153.7,6.00000000001269,6.82540199400159));
#14324=CARTESIAN_POINT('Origin',(153.7,5.75000000001269,6.82540199400159));
#14325=CARTESIAN_POINT('',(153.7,6.00000000001269,7.50000000050159));
#14326=CARTESIAN_POINT('',(153.7,6.00000000001269,7.28536220304181));
#14327=CARTESIAN_POINT('',(153.7,5.50000000001269,8.00000000050159));
#14328=CARTESIAN_POINT('',(153.7,4.43866939711441,9.06133060339987));
#14329=CARTESIAN_POINT('',(153.7,-5.49999999998731,8.00000000050159));
#14330=CARTESIAN_POINT('',(153.7,2.75000000000634,8.00000000050159));
#14331=CARTESIAN_POINT('',(153.7,-5.99999999998731,7.50000000050159));
#14332=CARTESIAN_POINT('',(153.7,-4.18866939709538,9.31133060339353));
#14333=CARTESIAN_POINT('',(153.7,-5.99999999998731,6.82540199400159));
#14334=CARTESIAN_POINT('',(153.7,-5.99999999998731,7.62266120629181));
#14335=CARTESIAN_POINT('',(153.7,-5.84482758619438,6.59408461701892));
#14336=CARTESIAN_POINT('Origin',(153.7,-5.74999999998731,6.82540199400159));
#14337=CARTESIAN_POINT('',(153.7,-5.28454149064416,6.12317032207637));
#14338=CARTESIAN_POINT('Origin',(153.7,-6.29999999998827,5.48376120750211));
#14339=CARTESIAN_POINT('',(153.7,-5.09477657021772,6.0073318797564));
#14340=CARTESIAN_POINT('Origin',(153.7,-5.0729876345308,6.25638055427934));
#14341=CARTESIAN_POINT('',(153.7,-4.72821106431772,5.9752615535564));
#14342=CARTESIAN_POINT('',(153.7,-2.64218828327391,5.79275820839179));
#14343=CARTESIAN_POINT('',(153.7,-4.50000000000463,5.72621287903346));
#14344=CARTESIAN_POINT('Origin',(153.7,-4.75000000000463,5.72621287903346));
#14345=CARTESIAN_POINT('',(153.7,-4.50000000000463,5.27379112203346));
#14346=CARTESIAN_POINT('',(153.7,-4.50000000000463,6.73576764555774));
#14347=CARTESIAN_POINT('',(153.7,-4.72821106431772,5.02474244751053));
#14348=CARTESIAN_POINT('Origin',(153.7,-4.75000000000463,5.27379112203346));
#14349=CARTESIAN_POINT('',(153.7,-5.07382832431772,4.99450485531053));
#14350=CARTESIAN_POINT('',(153.7,-2.2639576313895,5.24033668716839));
#14351=CARTESIAN_POINT('',(153.7,-5.26720501128087,4.87275015091033));
#14352=CARTESIAN_POINT('Origin',(153.7,-5.0520393886308,4.74545618078759));
#14353=CARTESIAN_POINT('',(153.7,-5.84482758620729,4.37343779798267));
#14354=CARTESIAN_POINT('Origin',(153.7,-6.30000000000119,5.48376120749948));
#14355=CARTESIAN_POINT('',(153.7,-6.00000000000023,4.142120421));
#14356=CARTESIAN_POINT('Origin',(153.7,-5.75000000000023,4.142120421));
#14357=CARTESIAN_POINT('',(153.7,-6.00000000000023,3.));
#14358=CARTESIAN_POINT('',(153.7,-6.00000000000023,5.94372141654101));
#14359=CARTESIAN_POINT('',(153.7,-12.6,3.));
#14360=CARTESIAN_POINT('',(153.7,0.,3.));
#14361=CARTESIAN_POINT('',(153.7,-13.2,3.6));
#14362=CARTESIAN_POINT('',(153.7,-13.2,3.6));
#14363=CARTESIAN_POINT('',(153.7,-13.2,11.4));
#14364=CARTESIAN_POINT('',(153.7,-13.2,11.4));
#14365=CARTESIAN_POINT('',(153.7,-12.,12.6));
#14366=CARTESIAN_POINT('',(153.7,-12.,12.6));
#14367=CARTESIAN_POINT('',(153.7,12.,12.6));
#14368=CARTESIAN_POINT('',(153.7,0.,12.6));
#14369=CARTESIAN_POINT('',(153.7,13.2,11.4));
#14370=CARTESIAN_POINT('',(153.7,13.2,11.4));
#14371=CARTESIAN_POINT('',(153.7,13.2,3.6));
#14372=CARTESIAN_POINT('',(153.7,13.2,3.6));
#14373=CARTESIAN_POINT('',(153.7,12.6,3.));
#14374=CARTESIAN_POINT('',(153.7,12.6,3.));
#14375=CARTESIAN_POINT('',(153.7,0.,3.));
#14376=CARTESIAN_POINT('Origin',(158.6,-6.9,10.));
#14377=CARTESIAN_POINT('',(158.6,-6.9,12.1));
#14378=CARTESIAN_POINT('Origin',(158.6,-6.9,10.));
#14379=CARTESIAN_POINT('Origin',(158.7,5.75000000002561,4.142120421));
#14380=CARTESIAN_POINT('',(158.7,6.00000000002561,4.142120421));
#14381=CARTESIAN_POINT('',(158.7,6.00000000002561,4.142120421));
#14382=CARTESIAN_POINT('',(158.7,5.84482758623267,4.37343779798267));
#14383=CARTESIAN_POINT('Origin',(158.7,5.75000000002561,4.142120421));
#14384=CARTESIAN_POINT('',(158.7,5.84482758623267,4.37343779798267));
#14385=CARTESIAN_POINT('Origin',(158.7,6.30000000002656,5.48376120749948));
#14386=CARTESIAN_POINT('',(158.7,5.26720501130624,4.87275015091033));
#14387=CARTESIAN_POINT('Origin',(158.7,6.30000000002656,5.48376120749948));
#14388=CARTESIAN_POINT('',(158.7,5.26720501130624,4.87275015091033));
#14389=CARTESIAN_POINT('Origin',(158.7,5.05203938865618,4.74545618078759));
#14390=CARTESIAN_POINT('',(158.7,5.07382832434309,4.99450485531053));
#14391=CARTESIAN_POINT('Origin',(158.7,5.05203938865618,4.74545618078759));
#14392=CARTESIAN_POINT('',(158.7,5.07382832434309,4.99450485531053));
#14393=CARTESIAN_POINT('Origin',(158.7,5.07382832434309,4.99450485531053));
#14394=CARTESIAN_POINT('',(158.7,4.72821106434309,5.02474244751053));
#14395=CARTESIAN_POINT('',(158.7,2.43676626140228,5.22521789106949));
#14396=CARTESIAN_POINT('',(158.7,4.72821106434309,5.02474244751053));
#14397=CARTESIAN_POINT('Origin',(158.7,4.75000000003001,5.27379112203346));
#14398=CARTESIAN_POINT('',(158.7,4.50000000003001,5.27379112203346));
#14399=CARTESIAN_POINT('Origin',(158.7,4.75000000003001,5.27379112203346));
#14400=CARTESIAN_POINT('',(158.7,4.50000000003001,5.27379112203346));
#14401=CARTESIAN_POINT('Origin',(158.7,4.50000000003001,5.27379112203346));
#14402=CARTESIAN_POINT('',(158.7,4.50000000003001,5.72621287903346));
#14403=CARTESIAN_POINT('',(158.7,4.50000000003001,6.50955676705774));
#14404=CARTESIAN_POINT('',(158.7,4.50000000003001,5.72621287903346));
#14405=CARTESIAN_POINT('Origin',(158.7,4.75000000003001,5.72621287903346));
#14406=CARTESIAN_POINT('',(158.7,4.72821106434309,5.9752615535564));
#14407=CARTESIAN_POINT('Origin',(158.7,4.75000000003001,5.72621287903346));
#14408=CARTESIAN_POINT('',(158.7,4.72821106434309,5.9752615535564));
#14409=CARTESIAN_POINT('Origin',(158.7,4.72821106434309,5.9752615535564));
#14410=CARTESIAN_POINT('',(158.7,5.09477657024309,6.0073318797564));
#14411=CARTESIAN_POINT('',(158.7,2.4589055303367,5.77672304529069));
#14412=CARTESIAN_POINT('',(158.7,5.09477657024309,6.0073318797564));
#14413=CARTESIAN_POINT('Origin',(158.7,5.07298763455618,6.25638055427933));
#14414=CARTESIAN_POINT('',(158.7,5.28454149066954,6.12317032207637));
#14415=CARTESIAN_POINT('Origin',(158.7,5.07298763455618,6.25638055427933));
#14416=CARTESIAN_POINT('',(158.7,5.28454149066954,6.12317032207637));
#14417=CARTESIAN_POINT('Origin',(158.7,6.30000000001365,5.48376120750211));
#14418=CARTESIAN_POINT('',(158.7,5.84482758621975,6.59408461701892));
#14419=CARTESIAN_POINT('Origin',(158.7,6.30000000001365,5.48376120750211));
#14420=CARTESIAN_POINT('',(158.7,5.84482758621975,6.59408461701892));
#14421=CARTESIAN_POINT('Origin',(158.7,5.75000000001269,6.82540199400159));
#14422=CARTESIAN_POINT('',(158.7,6.00000000001269,6.82540199400159));
#14423=CARTESIAN_POINT('Origin',(158.7,5.75000000001269,6.82540199400159));
#14424=CARTESIAN_POINT('',(158.7,6.00000000001269,6.82540199400159));
#14425=CARTESIAN_POINT('Origin',(158.7,6.00000000001269,6.82540199400159));
#14426=CARTESIAN_POINT('',(158.7,6.00000000001269,7.50000000050159));
#14427=CARTESIAN_POINT('',(158.7,6.00000000001269,7.28536220304181));
#14428=CARTESIAN_POINT('',(158.7,6.00000000001269,7.50000000050159));
#14429=CARTESIAN_POINT('Origin',(158.7,6.00000000001269,7.50000000050159));
#14430=CARTESIAN_POINT('',(158.7,5.50000000001269,8.00000000050159));
#14431=CARTESIAN_POINT('',(158.7,4.43866939711441,9.06133060339987));
#14432=CARTESIAN_POINT('',(158.7,5.50000000001269,8.00000000050159));
#14433=CARTESIAN_POINT('Origin',(158.7,5.50000000001269,8.00000000050159));
#14434=CARTESIAN_POINT('',(158.7,-5.49999999998731,8.00000000050159));
#14435=CARTESIAN_POINT('',(158.7,2.75000000000634,8.00000000050159));
#14436=CARTESIAN_POINT('',(158.7,-5.49999999998731,8.00000000050159));
#14437=CARTESIAN_POINT('Origin',(158.7,-5.49999999998731,8.00000000050159));
#14438=CARTESIAN_POINT('',(158.7,-5.99999999998731,7.50000000050159));
#14439=CARTESIAN_POINT('',(158.7,-4.18866939709538,9.31133060339353));
#14440=CARTESIAN_POINT('',(158.7,-5.99999999998731,7.50000000050159));
#14441=CARTESIAN_POINT('Origin',(158.7,-5.99999999998731,7.50000000050159));
#14442=CARTESIAN_POINT('',(158.7,-5.99999999998731,6.82540199400159));
#14443=CARTESIAN_POINT('',(158.7,-5.99999999998731,7.62266120629181));
#14444=CARTESIAN_POINT('',(158.7,-5.99999999998731,6.82540199400159));
#14445=CARTESIAN_POINT('Origin',(158.7,-5.74999999998731,6.82540199400159));
#14446=CARTESIAN_POINT('',(158.7,-5.84482758619438,6.59408461701892));
#14447=CARTESIAN_POINT('Origin',(158.7,-5.74999999998731,6.82540199400159));
#14448=CARTESIAN_POINT('',(158.7,-5.84482758619438,6.59408461701892));
#14449=CARTESIAN_POINT('Origin',(158.7,-6.29999999998827,5.48376120750211));
#14450=CARTESIAN_POINT('',(158.7,-5.28454149064416,6.12317032207637));
#14451=CARTESIAN_POINT('Origin',(158.7,-6.29999999998827,5.48376120750211));
#14452=CARTESIAN_POINT('',(158.7,-5.28454149064416,6.12317032207637));
#14453=CARTESIAN_POINT('Origin',(158.7,-5.0729876345308,6.25638055427934));
#14454=CARTESIAN_POINT('',(158.7,-5.09477657021772,6.0073318797564));
#14455=CARTESIAN_POINT('Origin',(158.7,-5.0729876345308,6.25638055427934));
#14456=CARTESIAN_POINT('',(158.7,-5.09477657021772,6.0073318797564));
#14457=CARTESIAN_POINT('Origin',(158.7,-5.09477657021772,6.0073318797564));
#14458=CARTESIAN_POINT('',(158.7,-4.72821106431772,5.9752615535564));
#14459=CARTESIAN_POINT('',(158.7,-2.64218828327391,5.79275820839179));
#14460=CARTESIAN_POINT('',(158.7,-4.72821106431772,5.9752615535564));
#14461=CARTESIAN_POINT('Origin',(158.7,-4.75000000000463,5.72621287903346));
#14462=CARTESIAN_POINT('',(158.7,-4.50000000000463,5.72621287903346));
#14463=CARTESIAN_POINT('Origin',(158.7,-4.75000000000463,5.72621287903346));
#14464=CARTESIAN_POINT('',(158.7,-4.50000000000463,5.72621287903346));
#14465=CARTESIAN_POINT('Origin',(158.7,-4.50000000000463,5.72621287903346));
#14466=CARTESIAN_POINT('',(158.7,-4.50000000000463,5.27379112203346));
#14467=CARTESIAN_POINT('',(158.7,-4.50000000000463,6.73576764555774));
#14468=CARTESIAN_POINT('',(158.7,-4.50000000000463,5.27379112203346));
#14469=CARTESIAN_POINT('Origin',(158.7,-4.75000000000463,5.27379112203346));
#14470=CARTESIAN_POINT('',(158.7,-4.72821106431772,5.02474244751053));
#14471=CARTESIAN_POINT('Origin',(158.7,-4.75000000000463,5.27379112203346));
#14472=CARTESIAN_POINT('',(158.7,-4.72821106431772,5.02474244751053));
#14473=CARTESIAN_POINT('Origin',(158.7,-4.72821106431772,5.02474244751053));
#14474=CARTESIAN_POINT('',(158.7,-5.07382832431772,4.99450485531053));
#14475=CARTESIAN_POINT('',(158.7,-2.2639576313895,5.24033668716839));
#14476=CARTESIAN_POINT('',(158.7,-5.07382832431772,4.99450485531053));
#14477=CARTESIAN_POINT('Origin',(158.7,-5.0520393886308,4.74545618078759));
#14478=CARTESIAN_POINT('',(158.7,-5.26720501128087,4.87275015091033));
#14479=CARTESIAN_POINT('Origin',(158.7,-5.0520393886308,4.74545618078759));
#14480=CARTESIAN_POINT('',(158.7,-5.26720501128087,4.87275015091033));
#14481=CARTESIAN_POINT('Origin',(158.7,-6.30000000000119,5.48376120749948));
#14482=CARTESIAN_POINT('',(158.7,-5.84482758620729,4.37343779798267));
#14483=CARTESIAN_POINT('Origin',(158.7,-6.30000000000119,5.48376120749948));
#14484=CARTESIAN_POINT('',(158.7,-5.84482758620729,4.37343779798267));
#14485=CARTESIAN_POINT('Origin',(158.7,-5.75000000000023,4.142120421));
#14486=CARTESIAN_POINT('',(158.7,-6.00000000000023,4.142120421));
#14487=CARTESIAN_POINT('Origin',(158.7,-5.75000000000023,4.142120421));
#14488=CARTESIAN_POINT('',(158.7,-6.00000000000023,4.142120421));
#14489=CARTESIAN_POINT('Origin',(158.7,-6.00000000000023,4.142120421));
#14490=CARTESIAN_POINT('',(158.7,-6.00000000000023,3.));
#14491=CARTESIAN_POINT('',(158.7,-6.00000000000023,3.));
#14492=CARTESIAN_POINT('',(158.7,-6.00000000000023,5.94372141654101));
#14493=CARTESIAN_POINT('Origin',(158.7,0.,3.));
#14494=CARTESIAN_POINT('',(158.7,-12.6,3.));
#14495=CARTESIAN_POINT('',(158.7,0.,3.));
#14496=CARTESIAN_POINT('',(158.7,-12.6,3.));
#14497=CARTESIAN_POINT('Origin',(158.7,-13.2,3.6));
#14498=CARTESIAN_POINT('',(158.7,-13.2,3.6));
#14499=CARTESIAN_POINT('',(158.7,-13.2,3.6));
#14500=CARTESIAN_POINT('',(158.7,-13.2,3.6));
#14501=CARTESIAN_POINT('Origin',(158.7,-13.2,11.4));
#14502=CARTESIAN_POINT('',(158.7,-13.2,11.4));
#14503=CARTESIAN_POINT('',(158.7,-13.2,11.4));
#14504=CARTESIAN_POINT('',(158.7,-13.2,11.4));
#14505=CARTESIAN_POINT('Origin',(158.7,-12.,12.6));
#14506=CARTESIAN_POINT('',(158.7,-12.,12.6));
#14507=CARTESIAN_POINT('',(158.7,-12.,12.6));
#14508=CARTESIAN_POINT('',(158.7,-12.,12.6));
#14509=CARTESIAN_POINT('Origin',(158.7,0.,12.6));
#14510=CARTESIAN_POINT('',(158.7,12.,12.6));
#14511=CARTESIAN_POINT('',(158.7,12.,12.6));
#14512=CARTESIAN_POINT('',(158.7,12.,12.6));
#14513=CARTESIAN_POINT('Origin',(158.7,13.2,11.4));
#14514=CARTESIAN_POINT('',(158.7,13.2,11.4));
#14515=CARTESIAN_POINT('',(158.7,13.2,11.4));
#14516=CARTESIAN_POINT('',(158.7,13.2,11.4));
#14517=CARTESIAN_POINT('Origin',(158.7,13.2,3.6));
#14518=CARTESIAN_POINT('',(158.7,13.2,3.6));
#14519=CARTESIAN_POINT('',(158.7,13.2,3.6));
#14520=CARTESIAN_POINT('',(158.7,13.2,3.6));
#14521=CARTESIAN_POINT('Origin',(158.7,12.6,3.));
#14522=CARTESIAN_POINT('',(158.7,12.6,3.));
#14523=CARTESIAN_POINT('',(158.7,12.6,3.));
#14524=CARTESIAN_POINT('',(158.7,12.6,3.));
#14525=CARTESIAN_POINT('Origin',(158.7,0.,3.));
#14526=CARTESIAN_POINT('',(158.7,6.00000000002561,3.));
#14527=CARTESIAN_POINT('',(158.7,6.00000000002561,3.));
#14528=CARTESIAN_POINT('',(158.7,0.,3.));
#14529=CARTESIAN_POINT('Origin',(158.7,6.00000000002561,0.500000000000003));
#14530=CARTESIAN_POINT('',(158.7,6.00000000002561,4.12266120604101));
#14531=CARTESIAN_POINT('Origin',(159.4,-6.9,10.));
#14532=CARTESIAN_POINT('',(158.7,-6.9,12.1));
#14533=CARTESIAN_POINT('Origin',(158.7,-6.9,10.));
#14534=CARTESIAN_POINT('',(159.4,-6.9,12.1));
#14535=CARTESIAN_POINT('Origin',(158.7,2.22044604925031E-16,7.74532241208203));
#14536=CARTESIAN_POINT('',(158.7,6.9,7.9));
#14537=CARTESIAN_POINT('Origin',(158.7,6.9,10.));
#14538=CARTESIAN_POINT('Origin',(158.6,6.9,10.));
#14539=CARTESIAN_POINT('',(158.6,6.9,7.9));
#14540=CARTESIAN_POINT('Origin',(158.6,6.9,10.));
#14541=CARTESIAN_POINT('Origin',(159.4,6.9,10.));
#14542=CARTESIAN_POINT('',(159.4,6.9,7.9));
#14543=CARTESIAN_POINT('Origin',(158.7,-5.75000000002561,4.137120421));
#14544=CARTESIAN_POINT('',(160.2,-6.00000000002561,4.137120421));
#14545=CARTESIAN_POINT('',(160.2,-5.84482758623267,4.36843779798267));
#14546=CARTESIAN_POINT('Origin',(160.2,-5.75000000002561,4.137120421));
#14547=CARTESIAN_POINT('',(158.7,-6.00000000002561,4.137120421));
#14548=CARTESIAN_POINT('',(158.7,-6.00000000002561,4.137120421));
#14549=CARTESIAN_POINT('',(158.7,-5.84482758623267,4.36843779798267));
#14550=CARTESIAN_POINT('Origin',(158.7,-5.75000000002561,4.137120421));
#14551=CARTESIAN_POINT('',(158.7,-5.84482758623267,4.36843779798267));
#14552=CARTESIAN_POINT('Origin',(158.7,-6.30000000002656,5.47876120749948));
#14553=CARTESIAN_POINT('',(160.2,-5.26720501130624,4.86775015091033));
#14554=CARTESIAN_POINT('Origin',(160.2,-6.30000000002656,5.47876120749948));
#14555=CARTESIAN_POINT('',(158.7,-5.26720501130624,4.86775015091033));
#14556=CARTESIAN_POINT('Origin',(158.7,-6.30000000002656,5.47876120749948));
#14557=CARTESIAN_POINT('',(158.7,-5.26720501130624,4.86775015091033));
#14558=CARTESIAN_POINT('Origin',(158.7,-5.05203938865618,4.74045618078759));
#14559=CARTESIAN_POINT('',(160.2,-5.07382832434309,4.98950485531053));
#14560=CARTESIAN_POINT('Origin',(160.2,-5.05203938865618,4.74045618078759));
#14561=CARTESIAN_POINT('',(158.7,-5.07382832434309,4.98950485531053));
#14562=CARTESIAN_POINT('Origin',(158.7,-5.05203938865618,4.74045618078759));
#14563=CARTESIAN_POINT('',(158.7,-5.07382832434309,4.98950485531053));
#14564=CARTESIAN_POINT('Origin',(158.7,-5.07382832434309,4.98950485531053));
#14565=CARTESIAN_POINT('',(160.2,-4.72821106434309,5.01974244751053));
#14566=CARTESIAN_POINT('',(160.2,-2.43654920117998,5.22023688137826));
#14567=CARTESIAN_POINT('',(158.7,-4.72821106434309,5.01974244751053));
#14568=CARTESIAN_POINT('',(158.7,-2.43654920117998,5.22023688137826));
#14569=CARTESIAN_POINT('',(158.7,-4.72821106434309,5.01974244751053));
#14570=CARTESIAN_POINT('Origin',(158.7,-4.75000000003001,5.26879112203346));
#14571=CARTESIAN_POINT('',(160.2,-4.50000000003001,5.26879112203346));
#14572=CARTESIAN_POINT('Origin',(160.2,-4.75000000003001,5.26879112203346));
#14573=CARTESIAN_POINT('',(158.7,-4.50000000003001,5.26879112203346));
#14574=CARTESIAN_POINT('Origin',(158.7,-4.75000000003001,5.26879112203346));
#14575=CARTESIAN_POINT('',(158.7,-4.50000000003001,5.26879112203346));
#14576=CARTESIAN_POINT('Origin',(158.7,-4.50000000003001,5.26879112203346));
#14577=CARTESIAN_POINT('',(160.2,-4.50000000003001,5.72121287903346));
#14578=CARTESIAN_POINT('',(160.2,-4.50000000003001,6.50705676705774));
#14579=CARTESIAN_POINT('',(158.7,-4.50000000003001,5.72121287903346));
#14580=CARTESIAN_POINT('',(158.7,-4.50000000003001,6.50705676705774));
#14581=CARTESIAN_POINT('',(158.7,-4.50000000003001,5.72121287903346));
#14582=CARTESIAN_POINT('Origin',(158.7,-4.75000000003001,5.72121287903346));
#14583=CARTESIAN_POINT('',(160.2,-4.72821106434309,5.9702615535564));
#14584=CARTESIAN_POINT('Origin',(160.2,-4.75000000003001,5.72121287903346));
#14585=CARTESIAN_POINT('',(158.7,-4.72821106434309,5.9702615535564));
#14586=CARTESIAN_POINT('Origin',(158.7,-4.75000000003001,5.72121287903346));
#14587=CARTESIAN_POINT('',(158.7,-4.72821106434309,5.9702615535564));
#14588=CARTESIAN_POINT('Origin',(158.7,-4.72821106434309,5.9702615535564));
#14589=CARTESIAN_POINT('',(160.2,-5.09477657024309,6.0023318797564));
#14590=CARTESIAN_POINT('',(160.2,-2.45912259055874,5.77174203559942));
#14591=CARTESIAN_POINT('',(158.7,-5.09477657024309,6.0023318797564));
#14592=CARTESIAN_POINT('',(158.7,-2.45912259055874,5.77174203559942));
#14593=CARTESIAN_POINT('',(158.7,-5.09477657024309,6.0023318797564));
#14594=CARTESIAN_POINT('Origin',(158.7,-5.07298763455618,6.25138055427933));
#14595=CARTESIAN_POINT('',(160.2,-5.28454149066954,6.11817032207637));
#14596=CARTESIAN_POINT('Origin',(160.2,-5.07298763455618,6.25138055427933));
#14597=CARTESIAN_POINT('',(158.7,-5.28454149066954,6.11817032207637));
#14598=CARTESIAN_POINT('Origin',(158.7,-5.07298763455618,6.25138055427933));
#14599=CARTESIAN_POINT('',(158.7,-5.28454149066954,6.11817032207637));
#14600=CARTESIAN_POINT('Origin',(158.7,-6.30000000001365,5.47876120750211));
#14601=CARTESIAN_POINT('',(160.2,-5.84482758621975,6.58908461701892));
#14602=CARTESIAN_POINT('Origin',(160.2,-6.30000000001365,5.47876120750211));
#14603=CARTESIAN_POINT('',(158.7,-5.84482758621975,6.58908461701892));
#14604=CARTESIAN_POINT('Origin',(158.7,-6.30000000001365,5.47876120750211));
#14605=CARTESIAN_POINT('',(158.7,-5.84482758621975,6.58908461701892));
#14606=CARTESIAN_POINT('Origin',(158.7,-5.75000000001269,6.82040199400159));
#14607=CARTESIAN_POINT('',(160.2,-6.00000000001269,6.82040199400159));
#14608=CARTESIAN_POINT('Origin',(160.2,-5.75000000001269,6.82040199400159));
#14609=CARTESIAN_POINT('',(158.7,-6.00000000001269,6.82040199400159));
#14610=CARTESIAN_POINT('Origin',(158.7,-5.75000000001269,6.82040199400159));
#14611=CARTESIAN_POINT('',(158.7,-6.00000000001269,6.82040199400159));
#14612=CARTESIAN_POINT('Origin',(158.7,-6.00000000001269,6.82040199400159));
#14613=CARTESIAN_POINT('',(160.2,-6.00000000001269,7.49500000050159));
#14614=CARTESIAN_POINT('',(160.2,-6.00000000001269,7.28286220304181));
#14615=CARTESIAN_POINT('',(158.7,-6.00000000001269,7.49500000050159));
#14616=CARTESIAN_POINT('',(158.7,-6.00000000001269,7.28286220304181));
#14617=CARTESIAN_POINT('',(158.7,-6.00000000001269,7.49500000050159));
#14618=CARTESIAN_POINT('Origin',(158.7,-6.00000000001269,7.49500000050159));
#14619=CARTESIAN_POINT('',(160.2,-5.50000000001269,7.99500000050159));
#14620=CARTESIAN_POINT('',(160.2,-4.43741939711441,9.05758060339987));
#14621=CARTESIAN_POINT('',(158.7,-5.50000000001269,7.99500000050159));
#14622=CARTESIAN_POINT('',(158.7,-4.43741939711441,9.05758060339987));
#14623=CARTESIAN_POINT('',(158.7,-5.50000000001269,7.99500000050159));
#14624=CARTESIAN_POINT('Origin',(158.7,-5.50000000001269,7.99500000050159));
#14625=CARTESIAN_POINT('',(160.2,5.49999999998731,7.99500000050159));
#14626=CARTESIAN_POINT('',(160.2,-2.75000000000634,7.99500000050159));
#14627=CARTESIAN_POINT('',(158.7,5.49999999998731,7.99500000050159));
#14628=CARTESIAN_POINT('',(158.7,-2.75000000000634,7.99500000050159));
#14629=CARTESIAN_POINT('',(158.7,5.49999999998731,7.99500000050159));
#14630=CARTESIAN_POINT('Origin',(158.7,5.49999999998731,7.99500000050159));
#14631=CARTESIAN_POINT('',(160.2,5.99999999998731,7.49500000050159));
#14632=CARTESIAN_POINT('',(160.2,4.18741939709538,9.30758060339353));
#14633=CARTESIAN_POINT('',(158.7,5.99999999998731,7.49500000050159));
#14634=CARTESIAN_POINT('',(158.7,4.18741939709538,9.30758060339353));
#14635=CARTESIAN_POINT('',(158.7,5.99999999998731,7.49500000050159));
#14636=CARTESIAN_POINT('Origin',(158.7,5.99999999998731,7.49500000050159));
#14637=CARTESIAN_POINT('',(160.2,5.99999999998731,6.82040199400159));
#14638=CARTESIAN_POINT('',(160.2,5.99999999998731,7.62016120629181));
#14639=CARTESIAN_POINT('',(158.7,5.99999999998731,6.82040199400159));
#14640=CARTESIAN_POINT('',(158.7,5.99999999998731,7.62016120629181));
#14641=CARTESIAN_POINT('',(158.7,5.99999999998731,6.82040199400159));
#14642=CARTESIAN_POINT('Origin',(158.7,5.74999999998731,6.82040199400159));
#14643=CARTESIAN_POINT('',(160.2,5.84482758619438,6.58908461701892));
#14644=CARTESIAN_POINT('Origin',(160.2,5.74999999998731,6.82040199400159));
#14645=CARTESIAN_POINT('',(158.7,5.84482758619438,6.58908461701892));
#14646=CARTESIAN_POINT('Origin',(158.7,5.74999999998731,6.82040199400159));
#14647=CARTESIAN_POINT('',(158.7,5.84482758619438,6.58908461701892));
#14648=CARTESIAN_POINT('Origin',(158.7,6.29999999998827,5.47876120750211));
#14649=CARTESIAN_POINT('',(160.2,5.28454149064416,6.11817032207637));
#14650=CARTESIAN_POINT('Origin',(160.2,6.29999999998827,5.47876120750211));
#14651=CARTESIAN_POINT('',(158.7,5.28454149064416,6.11817032207637));
#14652=CARTESIAN_POINT('Origin',(158.7,6.29999999998827,5.47876120750211));
#14653=CARTESIAN_POINT('',(158.7,5.28454149064416,6.11817032207637));
#14654=CARTESIAN_POINT('Origin',(158.7,5.0729876345308,6.25138055427934));
#14655=CARTESIAN_POINT('',(160.2,5.09477657021772,6.0023318797564));
#14656=CARTESIAN_POINT('Origin',(160.2,5.0729876345308,6.25138055427934));
#14657=CARTESIAN_POINT('',(158.7,5.09477657021772,6.0023318797564));
#14658=CARTESIAN_POINT('Origin',(158.7,5.0729876345308,6.25138055427934));
#14659=CARTESIAN_POINT('',(158.7,5.09477657021772,6.0023318797564));
#14660=CARTESIAN_POINT('Origin',(158.7,5.09477657021772,6.0023318797564));
#14661=CARTESIAN_POINT('',(160.2,4.72821106431772,5.9702615535564));
#14662=CARTESIAN_POINT('',(160.2,2.64240534349596,5.78777719870052));
#14663=CARTESIAN_POINT('',(158.7,4.72821106431772,5.9702615535564));
#14664=CARTESIAN_POINT('',(158.7,2.64240534349596,5.78777719870052));
#14665=CARTESIAN_POINT('',(158.7,4.72821106431772,5.9702615535564));
#14666=CARTESIAN_POINT('Origin',(158.7,4.75000000000463,5.72121287903346));
#14667=CARTESIAN_POINT('',(160.2,4.50000000000463,5.72121287903346));
#14668=CARTESIAN_POINT('Origin',(160.2,4.75000000000463,5.72121287903346));
#14669=CARTESIAN_POINT('',(158.7,4.50000000000463,5.72121287903346));
#14670=CARTESIAN_POINT('Origin',(158.7,4.75000000000463,5.72121287903346));
#14671=CARTESIAN_POINT('',(158.7,4.50000000000463,5.72121287903346));
#14672=CARTESIAN_POINT('Origin',(158.7,4.50000000000463,5.72121287903346));
#14673=CARTESIAN_POINT('',(160.2,4.50000000000463,5.26879112203346));
#14674=CARTESIAN_POINT('',(160.2,4.50000000000463,6.73326764555774));
#14675=CARTESIAN_POINT('',(158.7,4.50000000000463,5.26879112203346));
#14676=CARTESIAN_POINT('',(158.7,4.50000000000463,6.73326764555774));
#14677=CARTESIAN_POINT('',(158.7,4.50000000000463,5.26879112203346));
#14678=CARTESIAN_POINT('Origin',(158.7,4.75000000000463,5.26879112203346));
#14679=CARTESIAN_POINT('',(160.2,4.72821106431772,5.01974244751053));
#14680=CARTESIAN_POINT('Origin',(160.2,4.75000000000463,5.26879112203346));
#14681=CARTESIAN_POINT('',(158.7,4.72821106431772,5.01974244751053));
#14682=CARTESIAN_POINT('Origin',(158.7,4.75000000000463,5.26879112203346));
#14683=CARTESIAN_POINT('',(158.7,4.72821106431772,5.01974244751053));
#14684=CARTESIAN_POINT('Origin',(158.7,4.72821106431772,5.01974244751053));
#14685=CARTESIAN_POINT('',(160.2,5.07382832431772,4.98950485531053));
#14686=CARTESIAN_POINT('',(160.2,2.2637405711672,5.23535567747716));
#14687=CARTESIAN_POINT('',(158.7,5.07382832431772,4.98950485531053));
#14688=CARTESIAN_POINT('',(158.7,2.2637405711672,5.23535567747716));
#14689=CARTESIAN_POINT('',(158.7,5.07382832431772,4.98950485531053));
#14690=CARTESIAN_POINT('Origin',(158.7,5.0520393886308,4.74045618078759));
#14691=CARTESIAN_POINT('',(160.2,5.26720501128087,4.86775015091033));
#14692=CARTESIAN_POINT('Origin',(160.2,5.0520393886308,4.74045618078759));
#14693=CARTESIAN_POINT('',(158.7,5.26720501128087,4.86775015091033));
#14694=CARTESIAN_POINT('Origin',(158.7,5.0520393886308,4.74045618078759));
#14695=CARTESIAN_POINT('',(158.7,5.26720501128087,4.86775015091033));
#14696=CARTESIAN_POINT('Origin',(158.7,6.30000000000119,5.47876120749948));
#14697=CARTESIAN_POINT('',(160.2,5.84482758620729,4.36843779798267));
#14698=CARTESIAN_POINT('Origin',(160.2,6.30000000000119,5.47876120749948));
#14699=CARTESIAN_POINT('',(158.7,5.84482758620729,4.36843779798267));
#14700=CARTESIAN_POINT('Origin',(158.7,6.30000000000119,5.47876120749948));
#14701=CARTESIAN_POINT('',(158.7,5.84482758620729,4.36843779798267));
#14702=CARTESIAN_POINT('Origin',(158.7,5.75000000000023,4.137120421));
#14703=CARTESIAN_POINT('',(160.2,6.00000000000023,4.137120421));
#14704=CARTESIAN_POINT('Origin',(160.2,5.75000000000023,4.137120421));
#14705=CARTESIAN_POINT('',(158.7,6.00000000000023,4.137120421));
#14706=CARTESIAN_POINT('Origin',(158.7,5.75000000000023,4.137120421));
#14707=CARTESIAN_POINT('',(158.7,6.00000000000023,4.137120421));
#14708=CARTESIAN_POINT('Origin',(158.7,6.00000000000023,4.137120421));
#14709=CARTESIAN_POINT('',(160.2,6.00000000000023,3.));
#14710=CARTESIAN_POINT('',(158.7,6.00000000000023,3.));
#14711=CARTESIAN_POINT('',(158.7,6.00000000000023,3.));
#14712=CARTESIAN_POINT('',(160.2,6.00000000000023,5.94122141654101));
#14713=CARTESIAN_POINT('',(158.7,6.00000000000023,5.94122141654101));
#14714=CARTESIAN_POINT('Origin',(158.7,0.,3.));
#14715=CARTESIAN_POINT('',(158.7,12.6,3.));
#14716=CARTESIAN_POINT('',(158.7,0.,3.));
#14717=CARTESIAN_POINT('',(160.2,12.6,3.));
#14718=CARTESIAN_POINT('',(158.7,12.6,3.));
#14719=CARTESIAN_POINT('',(160.2,0.,3.));
#14720=CARTESIAN_POINT('Origin',(158.7,13.2,3.6));
#14721=CARTESIAN_POINT('',(160.2,13.2,3.6));
#14722=CARTESIAN_POINT('',(160.2,13.2,3.6));
#14723=CARTESIAN_POINT('',(158.7,13.2,3.6));
#14724=CARTESIAN_POINT('',(158.7,13.2,3.6));
#14725=CARTESIAN_POINT('',(158.7,13.2,3.6));
#14726=CARTESIAN_POINT('Origin',(158.7,13.2,11.4));
#14727=CARTESIAN_POINT('',(160.2,13.2,11.4));
#14728=CARTESIAN_POINT('',(160.2,13.2,11.4));
#14729=CARTESIAN_POINT('',(158.7,13.2,11.4));
#14730=CARTESIAN_POINT('',(158.7,13.2,11.4));
#14731=CARTESIAN_POINT('',(158.7,13.2,11.4));
#14732=CARTESIAN_POINT('Origin',(158.7,12.,12.6));
#14733=CARTESIAN_POINT('',(160.2,12.,12.6));
#14734=CARTESIAN_POINT('',(160.2,12.,12.6));
#14735=CARTESIAN_POINT('',(158.7,12.,12.6));
#14736=CARTESIAN_POINT('',(158.7,12.,12.6));
#14737=CARTESIAN_POINT('',(158.7,12.,12.6));
#14738=CARTESIAN_POINT('Origin',(158.7,0.,12.6));
#14739=CARTESIAN_POINT('',(160.2,-12.,12.6));
#14740=CARTESIAN_POINT('',(160.2,0.,12.6));
#14741=CARTESIAN_POINT('',(158.7,-12.,12.6));
#14742=CARTESIAN_POINT('',(158.7,-12.,12.6));
#14743=CARTESIAN_POINT('',(158.7,-12.,12.6));
#14744=CARTESIAN_POINT('Origin',(158.7,-13.2,11.4));
#14745=CARTESIAN_POINT('',(160.2,-13.2,11.4));
#14746=CARTESIAN_POINT('',(160.2,-13.2,11.4));
#14747=CARTESIAN_POINT('',(158.7,-13.2,11.4));
#14748=CARTESIAN_POINT('',(158.7,-13.2,11.4));
#14749=CARTESIAN_POINT('',(158.7,-13.2,11.4));
#14750=CARTESIAN_POINT('Origin',(158.7,-13.2,3.6));
#14751=CARTESIAN_POINT('',(160.2,-13.2,3.6));
#14752=CARTESIAN_POINT('',(160.2,-13.2,3.6));
#14753=CARTESIAN_POINT('',(158.7,-13.2,3.6));
#14754=CARTESIAN_POINT('',(158.7,-13.2,3.6));
#14755=CARTESIAN_POINT('',(158.7,-13.2,3.6));
#14756=CARTESIAN_POINT('Origin',(158.7,-12.6,3.));
#14757=CARTESIAN_POINT('',(160.2,-12.6,3.));
#14758=CARTESIAN_POINT('',(160.2,-12.6,3.));
#14759=CARTESIAN_POINT('',(158.7,-12.6,3.));
#14760=CARTESIAN_POINT('',(158.7,-12.6,3.));
#14761=CARTESIAN_POINT('',(158.7,-12.6,3.));
#14762=CARTESIAN_POINT('Origin',(158.7,0.,3.));
#14763=CARTESIAN_POINT('',(158.7,-6.00000000002561,3.));
#14764=CARTESIAN_POINT('',(160.2,-6.00000000002561,3.));
#14765=CARTESIAN_POINT('',(158.7,-6.00000000002561,3.));
#14766=CARTESIAN_POINT('',(160.2,0.,3.));
#14767=CARTESIAN_POINT('',(158.7,0.,3.));
#14768=CARTESIAN_POINT('Origin',(158.7,-6.00000000002561,0.495000000000003));
#14769=CARTESIAN_POINT('',(158.7,-6.00000000002561,4.12016120604101));
#14770=CARTESIAN_POINT('',(160.2,-6.00000000002561,4.12016120604101));
#14771=CARTESIAN_POINT('Origin',(159.4,-6.9,10.));
#14772=CARTESIAN_POINT('',(160.2,-6.9,12.1));
#14773=CARTESIAN_POINT('Origin',(160.2,-6.9,10.));
#14774=CARTESIAN_POINT('',(158.7,-6.9,12.1));
#14775=CARTESIAN_POINT('',(159.4,-6.9,12.1));
#14776=CARTESIAN_POINT('Origin',(158.7,-6.9,10.));
#14777=CARTESIAN_POINT('Origin',(160.2,-2.77555756156289E-17,7.74532241208203));
#14778=CARTESIAN_POINT('',(160.2,6.9,7.9));
#14779=CARTESIAN_POINT('Origin',(160.2,6.9,10.));
#14780=CARTESIAN_POINT('Origin',(158.7,-2.22044604925031E-16,7.74532241208203));
#14781=CARTESIAN_POINT('',(158.7,6.9,7.9));
#14782=CARTESIAN_POINT('Origin',(158.7,6.9,10.));
#14783=CARTESIAN_POINT('Origin',(159.4,6.9,10.));
#14784=CARTESIAN_POINT('',(159.4,6.9,7.9));
#14785=CARTESIAN_POINT('Origin',(114.8,0.,3.));
#14786=CARTESIAN_POINT('',(114.8,-6.00000000002561,3.));
#14787=CARTESIAN_POINT('',(116.3,-6.00000000002561,3.));
#14788=CARTESIAN_POINT('',(114.8,-6.00000000002561,3.));
#14789=CARTESIAN_POINT('',(116.3,-12.6,3.));
#14790=CARTESIAN_POINT('',(116.3,0.,3.));
#14791=CARTESIAN_POINT('',(114.8,-12.6,3.));
#14792=CARTESIAN_POINT('',(114.8,-12.6,3.));
#14793=CARTESIAN_POINT('',(114.8,0.,3.));
#14794=CARTESIAN_POINT('Origin',(114.8,-12.6,3.));
#14795=CARTESIAN_POINT('',(116.3,-13.2,3.6));
#14796=CARTESIAN_POINT('',(116.3,-12.6,3.));
#14797=CARTESIAN_POINT('',(114.8,-13.2,3.6));
#14798=CARTESIAN_POINT('',(114.8,-13.2,3.6));
#14799=CARTESIAN_POINT('',(114.8,-12.6,3.));
#14800=CARTESIAN_POINT('Origin',(114.8,-13.2,3.6));
#14801=CARTESIAN_POINT('',(116.3,-13.2,11.4));
#14802=CARTESIAN_POINT('',(116.3,-13.2,3.6));
#14803=CARTESIAN_POINT('',(114.8,-13.2,11.4));
#14804=CARTESIAN_POINT('',(114.8,-13.2,11.4));
#14805=CARTESIAN_POINT('',(114.8,-13.2,3.6));
#14806=CARTESIAN_POINT('Origin',(114.8,-13.2,11.4));
#14807=CARTESIAN_POINT('',(116.3,-12.,12.6));
#14808=CARTESIAN_POINT('',(116.3,-13.2,11.4));
#14809=CARTESIAN_POINT('',(114.8,-12.,12.6));
#14810=CARTESIAN_POINT('',(114.8,-12.,12.6));
#14811=CARTESIAN_POINT('',(114.8,-13.2,11.4));
#14812=CARTESIAN_POINT('Origin',(114.8,0.,12.6));
#14813=CARTESIAN_POINT('',(116.3,12.,12.6));
#14814=CARTESIAN_POINT('',(116.3,0.,12.6));
#14815=CARTESIAN_POINT('',(114.8,12.,12.6));
#14816=CARTESIAN_POINT('',(114.8,12.,12.6));
#14817=CARTESIAN_POINT('',(114.8,-12.,12.6));
#14818=CARTESIAN_POINT('Origin',(114.8,12.,12.6));
#14819=CARTESIAN_POINT('',(116.3,13.2,11.4));
#14820=CARTESIAN_POINT('',(116.3,12.,12.6));
#14821=CARTESIAN_POINT('',(114.8,13.2,11.4));
#14822=CARTESIAN_POINT('',(114.8,13.2,11.4));
#14823=CARTESIAN_POINT('',(114.8,12.,12.6));
#14824=CARTESIAN_POINT('Origin',(114.8,13.2,11.4));
#14825=CARTESIAN_POINT('',(116.3,13.2,3.6));
#14826=CARTESIAN_POINT('',(116.3,13.2,11.4));
#14827=CARTESIAN_POINT('',(114.8,13.2,3.6));
#14828=CARTESIAN_POINT('',(114.8,13.2,3.6));
#14829=CARTESIAN_POINT('',(114.8,13.2,11.4));
#14830=CARTESIAN_POINT('Origin',(114.8,13.2,3.6));
#14831=CARTESIAN_POINT('',(116.3,12.6,3.));
#14832=CARTESIAN_POINT('',(116.3,13.2,3.6));
#14833=CARTESIAN_POINT('',(114.8,12.6,3.));
#14834=CARTESIAN_POINT('',(114.8,12.6,3.));
#14835=CARTESIAN_POINT('',(114.8,13.2,3.6));
#14836=CARTESIAN_POINT('Origin',(114.8,0.,3.));
#14837=CARTESIAN_POINT('',(116.3,6.00000000000023,3.));
#14838=CARTESIAN_POINT('',(114.8,6.00000000000023,3.));
#14839=CARTESIAN_POINT('',(114.8,6.00000000000023,3.));
#14840=CARTESIAN_POINT('',(114.8,0.,3.));
#14841=CARTESIAN_POINT('',(116.3,0.,3.));
#14842=CARTESIAN_POINT('Origin',(114.8,6.00000000000023,4.137120421));
#14843=CARTESIAN_POINT('',(116.3,6.00000000000023,4.137120421));
#14844=CARTESIAN_POINT('',(116.3,6.00000000000023,5.94122141654101));
#14845=CARTESIAN_POINT('',(114.8,6.00000000000023,4.137120421));
#14846=CARTESIAN_POINT('',(114.8,6.00000000000023,4.137120421));
#14847=CARTESIAN_POINT('',(114.8,6.00000000000023,5.94122141654101));
#14848=CARTESIAN_POINT('Origin',(114.8,5.75000000000023,4.137120421));
#14849=CARTESIAN_POINT('',(116.3,5.84482758620729,4.36843779798267));
#14850=CARTESIAN_POINT('Origin',(116.3,5.75000000000023,4.137120421));
#14851=CARTESIAN_POINT('',(114.8,5.84482758620729,4.36843779798267));
#14852=CARTESIAN_POINT('',(114.8,5.84482758620729,4.36843779798267));
#14853=CARTESIAN_POINT('Origin',(114.8,5.75000000000023,4.137120421));
#14854=CARTESIAN_POINT('Origin',(114.8,6.30000000000119,5.47876120749948));
#14855=CARTESIAN_POINT('',(116.3,5.26720501128087,4.86775015091033));
#14856=CARTESIAN_POINT('Origin',(116.3,6.30000000000119,5.47876120749948));
#14857=CARTESIAN_POINT('',(114.8,5.26720501128087,4.86775015091033));
#14858=CARTESIAN_POINT('',(114.8,5.26720501128087,4.86775015091033));
#14859=CARTESIAN_POINT('Origin',(114.8,6.30000000000119,5.47876120749948));
#14860=CARTESIAN_POINT('Origin',(114.8,5.0520393886308,4.74045618078759));
#14861=CARTESIAN_POINT('',(116.3,5.07382832431772,4.98950485531053));
#14862=CARTESIAN_POINT('Origin',(116.3,5.0520393886308,4.74045618078759));
#14863=CARTESIAN_POINT('',(114.8,5.07382832431772,4.98950485531053));
#14864=CARTESIAN_POINT('',(114.8,5.07382832431772,4.98950485531053));
#14865=CARTESIAN_POINT('Origin',(114.8,5.0520393886308,4.74045618078759));
#14866=CARTESIAN_POINT('Origin',(114.8,4.72821106431772,5.01974244751053));
#14867=CARTESIAN_POINT('',(116.3,4.72821106431772,5.01974244751053));
#14868=CARTESIAN_POINT('',(116.3,2.2637405711672,5.23535567747716));
#14869=CARTESIAN_POINT('',(114.8,4.72821106431772,5.01974244751053));
#14870=CARTESIAN_POINT('',(114.8,4.72821106431772,5.01974244751053));
#14871=CARTESIAN_POINT('',(114.8,2.2637405711672,5.23535567747716));
#14872=CARTESIAN_POINT('Origin',(114.8,4.75000000000463,5.26879112203346));
#14873=CARTESIAN_POINT('',(116.3,4.50000000000463,5.26879112203346));
#14874=CARTESIAN_POINT('Origin',(116.3,4.75000000000463,5.26879112203346));
#14875=CARTESIAN_POINT('',(114.8,4.50000000000463,5.26879112203346));
#14876=CARTESIAN_POINT('',(114.8,4.50000000000463,5.26879112203346));
#14877=CARTESIAN_POINT('Origin',(114.8,4.75000000000463,5.26879112203346));
#14878=CARTESIAN_POINT('Origin',(114.8,4.50000000000463,5.72121287903346));
#14879=CARTESIAN_POINT('',(116.3,4.50000000000463,5.72121287903346));
#14880=CARTESIAN_POINT('',(116.3,4.50000000000463,6.73326764555774));
#14881=CARTESIAN_POINT('',(114.8,4.50000000000463,5.72121287903346));
#14882=CARTESIAN_POINT('',(114.8,4.50000000000463,5.72121287903346));
#14883=CARTESIAN_POINT('',(114.8,4.50000000000463,6.73326764555774));
#14884=CARTESIAN_POINT('Origin',(114.8,4.75000000000463,5.72121287903346));
#14885=CARTESIAN_POINT('',(116.3,4.72821106431772,5.9702615535564));
#14886=CARTESIAN_POINT('Origin',(116.3,4.75000000000463,5.72121287903346));
#14887=CARTESIAN_POINT('',(114.8,4.72821106431772,5.9702615535564));
#14888=CARTESIAN_POINT('',(114.8,4.72821106431772,5.9702615535564));
#14889=CARTESIAN_POINT('Origin',(114.8,4.75000000000463,5.72121287903346));
#14890=CARTESIAN_POINT('Origin',(114.8,5.09477657021772,6.0023318797564));
#14891=CARTESIAN_POINT('',(116.3,5.09477657021772,6.0023318797564));
#14892=CARTESIAN_POINT('',(116.3,2.64240534349596,5.78777719870052));
#14893=CARTESIAN_POINT('',(114.8,5.09477657021772,6.0023318797564));
#14894=CARTESIAN_POINT('',(114.8,5.09477657021772,6.0023318797564));
#14895=CARTESIAN_POINT('',(114.8,2.64240534349596,5.78777719870052));
#14896=CARTESIAN_POINT('Origin',(114.8,5.0729876345308,6.25138055427934));
#14897=CARTESIAN_POINT('',(116.3,5.28454149064416,6.11817032207637));
#14898=CARTESIAN_POINT('Origin',(116.3,5.0729876345308,6.25138055427934));
#14899=CARTESIAN_POINT('',(114.8,5.28454149064416,6.11817032207637));
#14900=CARTESIAN_POINT('',(114.8,5.28454149064416,6.11817032207637));
#14901=CARTESIAN_POINT('Origin',(114.8,5.0729876345308,6.25138055427934));
#14902=CARTESIAN_POINT('Origin',(114.8,6.29999999998827,5.47876120750211));
#14903=CARTESIAN_POINT('',(116.3,5.84482758619438,6.58908461701892));
#14904=CARTESIAN_POINT('Origin',(116.3,6.29999999998827,5.47876120750211));
#14905=CARTESIAN_POINT('',(114.8,5.84482758619438,6.58908461701892));
#14906=CARTESIAN_POINT('',(114.8,5.84482758619438,6.58908461701892));
#14907=CARTESIAN_POINT('Origin',(114.8,6.29999999998827,5.47876120750211));
#14908=CARTESIAN_POINT('Origin',(114.8,5.74999999998731,6.82040199400159));
#14909=CARTESIAN_POINT('',(116.3,5.99999999998731,6.82040199400159));
#14910=CARTESIAN_POINT('Origin',(116.3,5.74999999998731,6.82040199400159));
#14911=CARTESIAN_POINT('',(114.8,5.99999999998731,6.82040199400159));
#14912=CARTESIAN_POINT('',(114.8,5.99999999998731,6.82040199400159));
#14913=CARTESIAN_POINT('Origin',(114.8,5.74999999998731,6.82040199400159));
#14914=CARTESIAN_POINT('Origin',(114.8,5.99999999998731,7.49500000050159));
#14915=CARTESIAN_POINT('',(116.3,5.99999999998731,7.49500000050159));
#14916=CARTESIAN_POINT('',(116.3,5.99999999998731,7.62016120629181));
#14917=CARTESIAN_POINT('',(114.8,5.99999999998731,7.49500000050159));
#14918=CARTESIAN_POINT('',(114.8,5.99999999998731,7.49500000050159));
#14919=CARTESIAN_POINT('',(114.8,5.99999999998731,7.62016120629181));
#14920=CARTESIAN_POINT('Origin',(114.8,5.49999999998731,7.99500000050159));
#14921=CARTESIAN_POINT('',(116.3,5.49999999998731,7.99500000050159));
#14922=CARTESIAN_POINT('',(116.3,4.18741939709538,9.30758060339353));
#14923=CARTESIAN_POINT('',(114.8,5.49999999998731,7.99500000050159));
#14924=CARTESIAN_POINT('',(114.8,5.49999999998731,7.99500000050159));
#14925=CARTESIAN_POINT('',(114.8,4.18741939709538,9.30758060339353));
#14926=CARTESIAN_POINT('Origin',(114.8,-5.50000000001269,7.99500000050159));
#14927=CARTESIAN_POINT('',(116.3,-5.50000000001269,7.99500000050159));
#14928=CARTESIAN_POINT('',(116.3,-2.75000000000634,7.99500000050159));
#14929=CARTESIAN_POINT('',(114.8,-5.50000000001269,7.99500000050159));
#14930=CARTESIAN_POINT('',(114.8,-5.50000000001269,7.99500000050159));
#14931=CARTESIAN_POINT('',(114.8,-2.75000000000634,7.99500000050159));
#14932=CARTESIAN_POINT('Origin',(114.8,-6.00000000001269,7.49500000050159));
#14933=CARTESIAN_POINT('',(116.3,-6.00000000001269,7.49500000050159));
#14934=CARTESIAN_POINT('',(116.3,-4.43741939711441,9.05758060339987));
#14935=CARTESIAN_POINT('',(114.8,-6.00000000001269,7.49500000050159));
#14936=CARTESIAN_POINT('',(114.8,-6.00000000001269,7.49500000050159));
#14937=CARTESIAN_POINT('',(114.8,-4.43741939711441,9.05758060339987));
#14938=CARTESIAN_POINT('Origin',(114.8,-6.00000000001269,6.82040199400159));
#14939=CARTESIAN_POINT('',(116.3,-6.00000000001269,6.82040199400159));
#14940=CARTESIAN_POINT('',(116.3,-6.00000000001269,7.28286220304181));
#14941=CARTESIAN_POINT('',(114.8,-6.00000000001269,6.82040199400159));
#14942=CARTESIAN_POINT('',(114.8,-6.00000000001269,6.82040199400159));
#14943=CARTESIAN_POINT('',(114.8,-6.00000000001269,7.28286220304181));
#14944=CARTESIAN_POINT('Origin',(114.8,-5.75000000001269,6.82040199400159));
#14945=CARTESIAN_POINT('',(116.3,-5.84482758621975,6.58908461701892));
#14946=CARTESIAN_POINT('Origin',(116.3,-5.75000000001269,6.82040199400159));
#14947=CARTESIAN_POINT('',(114.8,-5.84482758621975,6.58908461701892));
#14948=CARTESIAN_POINT('',(114.8,-5.84482758621975,6.58908461701892));
#14949=CARTESIAN_POINT('Origin',(114.8,-5.75000000001269,6.82040199400159));
#14950=CARTESIAN_POINT('Origin',(114.8,-6.30000000001365,5.47876120750211));
#14951=CARTESIAN_POINT('',(116.3,-5.28454149066954,6.11817032207637));
#14952=CARTESIAN_POINT('Origin',(116.3,-6.30000000001365,5.47876120750211));
#14953=CARTESIAN_POINT('',(114.8,-5.28454149066954,6.11817032207637));
#14954=CARTESIAN_POINT('',(114.8,-5.28454149066954,6.11817032207637));
#14955=CARTESIAN_POINT('Origin',(114.8,-6.30000000001365,5.47876120750211));
#14956=CARTESIAN_POINT('Origin',(114.8,-5.07298763455618,6.25138055427933));
#14957=CARTESIAN_POINT('',(116.3,-5.09477657024309,6.0023318797564));
#14958=CARTESIAN_POINT('Origin',(116.3,-5.07298763455618,6.25138055427933));
#14959=CARTESIAN_POINT('',(114.8,-5.09477657024309,6.0023318797564));
#14960=CARTESIAN_POINT('',(114.8,-5.09477657024309,6.0023318797564));
#14961=CARTESIAN_POINT('Origin',(114.8,-5.07298763455618,6.25138055427933));
#14962=CARTESIAN_POINT('Origin',(114.8,-4.72821106434309,5.9702615535564));
#14963=CARTESIAN_POINT('',(116.3,-4.72821106434309,5.9702615535564));
#14964=CARTESIAN_POINT('',(116.3,-2.45912259055874,5.77174203559942));
#14965=CARTESIAN_POINT('',(114.8,-4.72821106434309,5.9702615535564));
#14966=CARTESIAN_POINT('',(114.8,-4.72821106434309,5.9702615535564));
#14967=CARTESIAN_POINT('',(114.8,-2.45912259055874,5.77174203559942));
#14968=CARTESIAN_POINT('Origin',(114.8,-4.75000000003001,5.72121287903346));
#14969=CARTESIAN_POINT('',(116.3,-4.50000000003001,5.72121287903346));
#14970=CARTESIAN_POINT('Origin',(116.3,-4.75000000003001,5.72121287903346));
#14971=CARTESIAN_POINT('',(114.8,-4.50000000003001,5.72121287903346));
#14972=CARTESIAN_POINT('',(114.8,-4.50000000003001,5.72121287903346));
#14973=CARTESIAN_POINT('Origin',(114.8,-4.75000000003001,5.72121287903346));
#14974=CARTESIAN_POINT('Origin',(114.8,-4.50000000003001,5.26879112203346));
#14975=CARTESIAN_POINT('',(116.3,-4.50000000003001,5.26879112203346));
#14976=CARTESIAN_POINT('',(116.3,-4.50000000003001,6.50705676705774));
#14977=CARTESIAN_POINT('',(114.8,-4.50000000003001,5.26879112203346));
#14978=CARTESIAN_POINT('',(114.8,-4.50000000003001,5.26879112203346));
#14979=CARTESIAN_POINT('',(114.8,-4.50000000003001,6.50705676705774));
#14980=CARTESIAN_POINT('Origin',(114.8,-4.75000000003001,5.26879112203346));
#14981=CARTESIAN_POINT('',(116.3,-4.72821106434309,5.01974244751053));
#14982=CARTESIAN_POINT('Origin',(116.3,-4.75000000003001,5.26879112203346));
#14983=CARTESIAN_POINT('',(114.8,-4.72821106434309,5.01974244751053));
#14984=CARTESIAN_POINT('',(114.8,-4.72821106434309,5.01974244751053));
#14985=CARTESIAN_POINT('Origin',(114.8,-4.75000000003001,5.26879112203346));
#14986=CARTESIAN_POINT('Origin',(114.8,-5.07382832434309,4.98950485531053));
#14987=CARTESIAN_POINT('',(116.3,-5.07382832434309,4.98950485531053));
#14988=CARTESIAN_POINT('',(116.3,-2.43654920117998,5.22023688137826));
#14989=CARTESIAN_POINT('',(114.8,-5.07382832434309,4.98950485531053));
#14990=CARTESIAN_POINT('',(114.8,-5.07382832434309,4.98950485531053));
#14991=CARTESIAN_POINT('',(114.8,-2.43654920117998,5.22023688137826));
#14992=CARTESIAN_POINT('Origin',(114.8,-5.05203938865618,4.74045618078759));
#14993=CARTESIAN_POINT('',(116.3,-5.26720501130624,4.86775015091033));
#14994=CARTESIAN_POINT('Origin',(116.3,-5.05203938865618,4.74045618078759));
#14995=CARTESIAN_POINT('',(114.8,-5.26720501130624,4.86775015091033));
#14996=CARTESIAN_POINT('',(114.8,-5.26720501130624,4.86775015091033));
#14997=CARTESIAN_POINT('Origin',(114.8,-5.05203938865618,4.74045618078759));
#14998=CARTESIAN_POINT('Origin',(114.8,-6.30000000002656,5.47876120749948));
#14999=CARTESIAN_POINT('',(116.3,-5.84482758623267,4.36843779798267));
#15000=CARTESIAN_POINT('Origin',(116.3,-6.30000000002656,5.47876120749948));
#15001=CARTESIAN_POINT('',(114.8,-5.84482758623267,4.36843779798267));
#15002=CARTESIAN_POINT('',(114.8,-5.84482758623267,4.36843779798267));
#15003=CARTESIAN_POINT('Origin',(114.8,-6.30000000002656,5.47876120749948));
#15004=CARTESIAN_POINT('Origin',(114.8,-5.75000000002561,4.137120421));
#15005=CARTESIAN_POINT('',(116.3,-6.00000000002561,4.137120421));
#15006=CARTESIAN_POINT('Origin',(116.3,-5.75000000002561,4.137120421));
#15007=CARTESIAN_POINT('',(114.8,-6.00000000002561,4.137120421));
#15008=CARTESIAN_POINT('',(114.8,-6.00000000002561,4.137120421));
#15009=CARTESIAN_POINT('Origin',(114.8,-5.75000000002561,4.137120421));
#15010=CARTESIAN_POINT('Origin',(114.8,-6.00000000002561,0.495000000000003));
#15011=CARTESIAN_POINT('',(114.8,-6.00000000002561,4.12016120604101));
#15012=CARTESIAN_POINT('',(116.3,-6.00000000002561,4.12016120604101));
#15013=CARTESIAN_POINT('Origin',(115.6,-6.9,10.));
#15014=CARTESIAN_POINT('',(114.8,-6.9,7.9));
#15015=CARTESIAN_POINT('Origin',(114.8,-6.9,10.));
#15016=CARTESIAN_POINT('',(116.3,-6.9,7.9));
#15017=CARTESIAN_POINT('',(115.6,-6.9,7.9));
#15018=CARTESIAN_POINT('Origin',(116.3,-6.9,10.));
#15019=CARTESIAN_POINT('Origin',(114.8,-2.22044604925031E-16,7.74532241208203));
#15020=CARTESIAN_POINT('',(114.8,6.9,12.1));
#15021=CARTESIAN_POINT('Origin',(114.8,6.9,10.));
#15022=CARTESIAN_POINT('Origin',(116.3,-2.77555756156289E-17,7.74532241208203));
#15023=CARTESIAN_POINT('',(116.3,6.9,12.1));
#15024=CARTESIAN_POINT('Origin',(116.3,6.9,10.));
#15025=CARTESIAN_POINT('Origin',(115.6,6.9,10.));
#15026=CARTESIAN_POINT('',(115.6,6.9,12.1));
#15027=CARTESIAN_POINT('',(0.,0.,0.));
#15028=CARTESIAN_POINT('Origin',(-9.,-10.,-200.));
#15029=CARTESIAN_POINT('',(-9.,-10.,65.0000000000005));
#15030=CARTESIAN_POINT('',(-3.,-10.,65.0000000000005));
#15031=CARTESIAN_POINT('',(-9.,-10.,65.0000000000005));
#15032=CARTESIAN_POINT('',(-9.,-10.,-265.));
#15033=CARTESIAN_POINT('',(-9.,-10.,-200.));
#15034=CARTESIAN_POINT('',(-3.,-10.,-265.));
#15035=CARTESIAN_POINT('',(-9.,-10.,-265.));
#15036=CARTESIAN_POINT('',(-3.,-10.,-200.));
#15037=CARTESIAN_POINT('Origin',(-3.,-10.,-200.));
#15038=CARTESIAN_POINT('',(-3.,-8.00000000000002,65.0000000000005));
#15039=CARTESIAN_POINT('',(-3.,-9.50000000000002,65.0000000000005));
#15040=CARTESIAN_POINT('',(-3.,-8.,-265.));
#15041=CARTESIAN_POINT('',(-3.,-9.5,-265.));
#15042=CARTESIAN_POINT('',(-3.,-8.,-200.));
#15043=CARTESIAN_POINT('Origin',(-9.,-9.,-200.));
#15044=CARTESIAN_POINT('',(-10.,-9.00000000000002,65.0000000000005));
#15045=CARTESIAN_POINT('Origin',(-9.,-9.00000000000002,65.0000000000005));
#15046=CARTESIAN_POINT('',(-10.,-9.,-265.));
#15047=CARTESIAN_POINT('',(-10.,-9.,-200.));
#15048=CARTESIAN_POINT('Origin',(-9.,-9.,-265.));
#15049=CARTESIAN_POINT('Origin',(-8.,-3.,-200.));
#15050=CARTESIAN_POINT('',(-8.,-3.00000000000002,65.0000000000005));
#15051=CARTESIAN_POINT('',(-10.,-3.00000000000002,65.0000000000005));
#15052=CARTESIAN_POINT('',(-8.5,-3.00000000000002,65.0000000000005));
#15053=CARTESIAN_POINT('',(-8.,-3.,-265.));
#15054=CARTESIAN_POINT('',(-8.,-3.,-200.));
#15055=CARTESIAN_POINT('',(-10.,-3.,-265.));
#15056=CARTESIAN_POINT('',(-8.5,-3.,-265.));
#15057=CARTESIAN_POINT('',(-10.,-3.,-200.));
#15058=CARTESIAN_POINT('Origin',(-10.,-3.,-200.));
#15059=CARTESIAN_POINT('',(-10.,-6.00000000000002,65.0000000000005));
#15060=CARTESIAN_POINT('',(-10.,-6.,-265.));
#15061=CARTESIAN_POINT('Origin',(-3.,-8.,-200.));
#15062=CARTESIAN_POINT('',(-6.,-8.00000000000002,65.0000000000005));
#15063=CARTESIAN_POINT('',(-6.,-8.00000000000002,65.0000000000005));
#15064=CARTESIAN_POINT('',(-6.,-8.,-265.));
#15065=CARTESIAN_POINT('',(-6.,-8.,-265.));
#15066=CARTESIAN_POINT('',(-6.,-8.,-200.));
#15067=CARTESIAN_POINT('Origin',(-6.,-8.,-200.));
#15068=CARTESIAN_POINT('',(-6.,-7.06066017177984,65.0000000000005));
#15069=CARTESIAN_POINT('',(-6.,-8.50000000000002,65.0000000000005));
#15070=CARTESIAN_POINT('',(-6.,-7.06066017177982,-265.));
#15071=CARTESIAN_POINT('',(-6.,-8.5,-265.));
#15072=CARTESIAN_POINT('',(-6.,-7.06066017177982,-200.));
#15073=CARTESIAN_POINT('Origin',(-6.,-7.06066017177982,-200.));
#15074=CARTESIAN_POINT('',(-2.93933982822018,-4.00000000000002,65.0000000000005));
#15075=CARTESIAN_POINT('',(-7.23483495705505,-8.29549512883488,65.0000000000005));
#15076=CARTESIAN_POINT('',(-2.93933982822018,-4.,-265.));
#15077=CARTESIAN_POINT('',(-7.23483495705505,-8.29549512883487,-265.));
#15078=CARTESIAN_POINT('',(-2.93933982822018,-4.,-200.));
#15079=CARTESIAN_POINT('Origin',(-2.93933982822018,-4.,-200.));
#15080=CARTESIAN_POINT('',(-0.519615242270666,-4.00000000000002,65.0000000000005));
#15081=CARTESIAN_POINT('',(-5.96966991411009,-4.00000000000002,65.0000000000005));
#15082=CARTESIAN_POINT('',(-0.519615242270665,-4.,-265.));
#15083=CARTESIAN_POINT('',(-5.96966991411009,-4.,-265.));
#15084=CARTESIAN_POINT('',(-0.519615242270665,-4.,-200.));
#15085=CARTESIAN_POINT('Origin',(-0.519615242270665,-4.,-200.));
#15086=CARTESIAN_POINT('',(-2.74303149638859E-15,-3.70000000000002,65.0000000000005));
#15087=CARTESIAN_POINT('',(-4.78229128114972,-6.461057158515,65.0000000000005));
#15088=CARTESIAN_POINT('',(-1.63280847176317E-15,-3.7,-265.));
#15089=CARTESIAN_POINT('',(-4.78229128114972,-6.46105715851498,-265.));
#15090=CARTESIAN_POINT('',(-2.71050543121376E-15,-3.7,-200.));
#15091=CARTESIAN_POINT('Origin',(-2.66453525910038E-15,-3.7,-200.));
#15092=CARTESIAN_POINT('',(0.519615242270659,-4.00000000000002,65.0000000000005));
#15093=CARTESIAN_POINT('',(-2.22751633998562,-2.41394284148503,65.0000000000005));
#15094=CARTESIAN_POINT('',(0.51961524227066,-4.,-265.));
#15095=CARTESIAN_POINT('',(-2.22751633998562,-2.41394284148501,-265.));
#15096=CARTESIAN_POINT('',(0.51961524227066,-4.,-200.));
#15097=CARTESIAN_POINT('Origin',(0.51961524227066,-4.,-200.));
#15098=CARTESIAN_POINT('',(2.93933982822017,-4.00000000000002,65.0000000000005));
#15099=CARTESIAN_POINT('',(-4.24019237886467,-4.00000000000002,65.0000000000005));
#15100=CARTESIAN_POINT('',(2.93933982822017,-4.,-265.));
#15101=CARTESIAN_POINT('',(-4.24019237886467,-4.,-265.));
#15102=CARTESIAN_POINT('',(2.93933982822017,-4.,-200.));
#15103=CARTESIAN_POINT('Origin',(2.93933982822017,-4.,-200.));
#15104=CARTESIAN_POINT('',(6.,-7.06066017177985,65.0000000000005));
#15105=CARTESIAN_POINT('',(1.20450487116513,-2.26516504294498,65.0000000000005));
#15106=CARTESIAN_POINT('',(6.,-7.06066017177983,-265.));
#15107=CARTESIAN_POINT('',(1.20450487116513,-2.26516504294496,-265.));
#15108=CARTESIAN_POINT('',(6.,-7.06066017177983,-200.));
#15109=CARTESIAN_POINT('Origin',(6.,-7.06066017177983,-200.));
#15110=CARTESIAN_POINT('',(6.,-8.00000000000001,65.0000000000005));
#15111=CARTESIAN_POINT('',(6.,-8.03033008588995,65.0000000000005));
#15112=CARTESIAN_POINT('',(6.,-7.99999999999999,-265.));
#15113=CARTESIAN_POINT('',(6.,-8.03033008588993,-265.));
#15114=CARTESIAN_POINT('',(6.,-7.99999999999999,-200.));
#15115=CARTESIAN_POINT('Origin',(6.,-7.99999999999999,-200.));
#15116=CARTESIAN_POINT('',(3.,-8.00000000000002,65.0000000000005));
#15117=CARTESIAN_POINT('',(-1.5,-8.00000000000003,65.0000000000005));
#15118=CARTESIAN_POINT('',(3.,-8.,-265.));
#15119=CARTESIAN_POINT('',(-1.5,-8.00000000000001,-265.));
#15120=CARTESIAN_POINT('',(3.,-8.,-200.));
#15121=CARTESIAN_POINT('Origin',(3.,-8.,-200.));
#15122=CARTESIAN_POINT('',(3.,-10.,65.0000000000005));
#15123=CARTESIAN_POINT('',(3.,-8.50000000000002,65.0000000000005));
#15124=CARTESIAN_POINT('',(3.,-10.,-265.));
#15125=CARTESIAN_POINT('',(3.,-8.5,-265.));
#15126=CARTESIAN_POINT('',(3.,-10.,-200.));
#15127=CARTESIAN_POINT('Origin',(3.,-10.,-200.));
#15128=CARTESIAN_POINT('',(9.,-10.,65.0000000000005));
#15129=CARTESIAN_POINT('',(-3.,-10.,65.0000000000005));
#15130=CARTESIAN_POINT('',(9.,-10.,-265.));
#15131=CARTESIAN_POINT('',(-3.,-10.,-265.));
#15132=CARTESIAN_POINT('',(9.,-10.,-200.));
#15133=CARTESIAN_POINT('Origin',(9.,-9.,-200.));
#15134=CARTESIAN_POINT('',(10.,-9.00000000000002,65.0000000000005));
#15135=CARTESIAN_POINT('Origin',(9.,-9.00000000000002,65.0000000000005));
#15136=CARTESIAN_POINT('',(10.,-9.,-265.));
#15137=CARTESIAN_POINT('Origin',(9.,-9.,-265.));
#15138=CARTESIAN_POINT('',(10.,-9.,-200.));
#15139=CARTESIAN_POINT('Origin',(10.,-9.,-200.));
#15140=CARTESIAN_POINT('',(10.,-3.00000000000002,65.0000000000005));
#15141=CARTESIAN_POINT('',(10.,-9.00000000000002,65.0000000000005));
#15142=CARTESIAN_POINT('',(10.,-3.,-265.));
#15143=CARTESIAN_POINT('',(10.,-9.,-265.));
#15144=CARTESIAN_POINT('',(10.,-3.,-200.));
#15145=CARTESIAN_POINT('Origin',(10.,-3.,-200.));
#15146=CARTESIAN_POINT('',(8.,-3.00000000000002,65.0000000000005));
#15147=CARTESIAN_POINT('',(0.499999999999999,-3.00000000000002,65.0000000000005));
#15148=CARTESIAN_POINT('',(8.,-3.,-265.));
#15149=CARTESIAN_POINT('',(0.5,-3.,-265.));
#15150=CARTESIAN_POINT('',(8.,-3.,-200.));
#15151=CARTESIAN_POINT('Origin',(8.,-3.,-200.));
#15152=CARTESIAN_POINT('',(8.,-6.00000000000002,65.0000000000005));
#15153=CARTESIAN_POINT('',(8.,-6.00000000000002,65.0000000000005));
#15154=CARTESIAN_POINT('',(8.,-6.,-265.));
#15155=CARTESIAN_POINT('',(8.,-6.,-265.));
#15156=CARTESIAN_POINT('',(8.,-6.,-200.));
#15157=CARTESIAN_POINT('Origin',(8.,-6.,-200.));
#15158=CARTESIAN_POINT('',(7.06066017177982,-6.00000000000002,65.0000000000005));
#15159=CARTESIAN_POINT('',(-0.499999999999998,-6.,65.0000000000005));
#15160=CARTESIAN_POINT('',(7.06066017177982,-6.,-265.));
#15161=CARTESIAN_POINT('',(-0.499999999999997,-5.99999999999999,-265.));
#15162=CARTESIAN_POINT('',(7.06066017177982,-6.,-200.));
#15163=CARTESIAN_POINT('Origin',(7.06066017177982,-6.,-200.));
#15164=CARTESIAN_POINT('',(4.,-2.9393398282202,65.0000000000005));
#15165=CARTESIAN_POINT('',(3.79549512883486,-2.73483495705506,65.0000000000005));
#15166=CARTESIAN_POINT('',(4.,-2.93933982822018,-265.));
#15167=CARTESIAN_POINT('',(3.79549512883486,-2.73483495705505,-265.));
#15168=CARTESIAN_POINT('',(4.,-2.93933982822018,-200.));
#15169=CARTESIAN_POINT('Origin',(4.,-2.93933982822018,-200.));
#15170=CARTESIAN_POINT('',(4.,-0.519615242270683,65.0000000000005));
#15171=CARTESIAN_POINT('',(4.,-5.96966991411011,65.0000000000005));
#15172=CARTESIAN_POINT('',(4.,-0.519615242270665,-265.));
#15173=CARTESIAN_POINT('',(4.,-5.96966991411009,-265.));
#15174=CARTESIAN_POINT('',(4.,-0.519615242270665,-200.));
#15175=CARTESIAN_POINT('Origin',(4.,-0.519615242270665,-200.));
#15176=CARTESIAN_POINT('',(3.7,-2.08925758637957E-14,65.0000000000005));
#15177=CARTESIAN_POINT('',(4.21105715851499,-0.885176964119765,65.0000000000005));
#15178=CARTESIAN_POINT('',(3.7,-3.12900746979316E-15,-265.));
#15179=CARTESIAN_POINT('',(4.21105715851499,-0.885176964119748,-265.));
#15180=CARTESIAN_POINT('',(3.7,-2.92734586571086E-15,-200.));
#15181=CARTESIAN_POINT('Origin',(3.7,-2.88657986402541E-15,-200.));
#15182=CARTESIAN_POINT('',(4.,0.519615242270642,65.0000000000005));
#15183=CARTESIAN_POINT('',(0.163942841485014,-6.12463065701561,65.0000000000005));
#15184=CARTESIAN_POINT('',(4.,0.51961524227066,-265.));
#15185=CARTESIAN_POINT('',(0.163942841485015,-6.1246306570156,-265.));
#15186=CARTESIAN_POINT('',(4.,0.51961524227066,-200.));
#15187=CARTESIAN_POINT('Origin',(4.,0.51961524227066,-200.));
#15188=CARTESIAN_POINT('',(4.,2.93933982822015,65.0000000000005));
#15189=CARTESIAN_POINT('',(4.,-4.24019237886469,65.0000000000005));
#15190=CARTESIAN_POINT('',(4.,2.93933982822017,-265.));
#15191=CARTESIAN_POINT('',(4.,-4.24019237886467,-265.));
#15192=CARTESIAN_POINT('',(4.,2.93933982822017,-200.));
#15193=CARTESIAN_POINT('Origin',(4.,2.93933982822017,-200.));
#15194=CARTESIAN_POINT('',(7.06066017177983,5.99999999999998,65.0000000000005));
#15195=CARTESIAN_POINT('',(-2.23483495705505,-3.29549512883489,65.0000000000005));
#15196=CARTESIAN_POINT('',(7.06066017177983,6.,-265.));
#15197=CARTESIAN_POINT('',(-2.23483495705505,-3.29549512883487,-265.));
#15198=CARTESIAN_POINT('',(7.06066017177983,6.,-200.));
#15199=CARTESIAN_POINT('Origin',(7.06066017177983,6.,-200.));
#15200=CARTESIAN_POINT('',(7.99999999999999,5.99999999999998,65.0000000000005));
#15201=CARTESIAN_POINT('',(-0.969669914110065,6.00000000000001,65.0000000000005));
#15202=CARTESIAN_POINT('',(7.99999999999999,6.,-265.));
#15203=CARTESIAN_POINT('',(-0.969669914110064,6.00000000000002,-265.));
#15204=CARTESIAN_POINT('',(7.99999999999999,6.,-200.));
#15205=CARTESIAN_POINT('Origin',(7.99999999999999,6.,-200.));
#15206=CARTESIAN_POINT('',(8.,2.99999999999998,65.0000000000005));
#15207=CARTESIAN_POINT('',(8.00000000000001,-1.5,65.0000000000005));
#15208=CARTESIAN_POINT('',(8.,3.,-265.));
#15209=CARTESIAN_POINT('',(8.00000000000001,-1.49999999999998,-265.));
#15210=CARTESIAN_POINT('',(8.,3.,-200.));
#15211=CARTESIAN_POINT('Origin',(8.,3.,-200.));
#15212=CARTESIAN_POINT('',(10.,2.99999999999998,65.0000000000005));
#15213=CARTESIAN_POINT('',(-0.500000000000001,2.99999999999998,65.0000000000005));
#15214=CARTESIAN_POINT('',(10.,3.,-265.));
#15215=CARTESIAN_POINT('',(-0.5,3.,-265.));
#15216=CARTESIAN_POINT('',(10.,3.,-200.));
#15217=CARTESIAN_POINT('Origin',(10.,3.,-200.));
#15218=CARTESIAN_POINT('',(10.,8.99999999999998,65.0000000000005));
#15219=CARTESIAN_POINT('',(10.,-3.00000000000002,65.0000000000005));
#15220=CARTESIAN_POINT('',(10.,9.,-265.));
#15221=CARTESIAN_POINT('',(10.,-3.,-265.));
#15222=CARTESIAN_POINT('',(10.,9.,-200.));
#15223=CARTESIAN_POINT('Origin',(9.,9.,-200.));
#15224=CARTESIAN_POINT('',(9.,9.99999999999998,65.0000000000005));
#15225=CARTESIAN_POINT('Origin',(9.,8.99999999999998,65.0000000000005));
#15226=CARTESIAN_POINT('',(9.,10.,-265.));
#15227=CARTESIAN_POINT('Origin',(9.,9.,-265.));
#15228=CARTESIAN_POINT('',(9.,10.,-200.));
#15229=CARTESIAN_POINT('Origin',(9.,10.,-200.));
#15230=CARTESIAN_POINT('',(3.,9.99999999999998,65.0000000000005));
#15231=CARTESIAN_POINT('',(-8.32667268469128E-16,9.99999999999998,65.0000000000005));
#15232=CARTESIAN_POINT('',(3.,10.,-265.));
#15233=CARTESIAN_POINT('',(2.77555756156289E-16,10.,-265.));
#15234=CARTESIAN_POINT('',(3.,10.,-200.));
#15235=CARTESIAN_POINT('Origin',(3.,10.,-200.));
#15236=CARTESIAN_POINT('',(3.,7.99999999999998,65.0000000000005));
#15237=CARTESIAN_POINT('',(3.,0.499999999999981,65.0000000000005));
#15238=CARTESIAN_POINT('',(3.,8.,-265.));
#15239=CARTESIAN_POINT('',(3.,0.499999999999999,-265.));
#15240=CARTESIAN_POINT('',(3.,8.,-200.));
#15241=CARTESIAN_POINT('Origin',(3.,8.,-200.));
#15242=CARTESIAN_POINT('',(6.,7.99999999999998,65.0000000000005));
#15243=CARTESIAN_POINT('',(-3.,7.99999999999998,65.0000000000005));
#15244=CARTESIAN_POINT('',(6.,8.,-265.));
#15245=CARTESIAN_POINT('',(-3.,8.,-265.));
#15246=CARTESIAN_POINT('',(6.,8.,-200.));
#15247=CARTESIAN_POINT('Origin',(6.,8.,-200.));
#15248=CARTESIAN_POINT('',(6.,7.0606601717798,65.0000000000005));
#15249=CARTESIAN_POINT('',(5.99999999999998,-0.500000000000038,65.0000000000005));
#15250=CARTESIAN_POINT('',(6.,7.06066017177982,-265.));
#15251=CARTESIAN_POINT('',(5.99999999999998,-0.500000000000021,-265.));
#15252=CARTESIAN_POINT('',(6.,7.06066017177982,-200.));
#15253=CARTESIAN_POINT('Origin',(6.,7.06066017177982,-200.));
#15254=CARTESIAN_POINT('',(2.93933982822018,3.99999999999998,65.0000000000005));
#15255=CARTESIAN_POINT('',(-1.76516504294495,-0.704504871165159,65.0000000000005));
#15256=CARTESIAN_POINT('',(2.93933982822018,4.,-265.));
#15257=CARTESIAN_POINT('',(-1.76516504294495,-0.704504871165141,-265.));
#15258=CARTESIAN_POINT('',(2.93933982822018,4.,-200.));
#15259=CARTESIAN_POINT('Origin',(2.93933982822018,4.,-200.));
#15260=CARTESIAN_POINT('',(0.519615242270664,3.99999999999998,65.0000000000005));
#15261=CARTESIAN_POINT('',(-3.03033008588991,3.99999999999998,65.0000000000005));
#15262=CARTESIAN_POINT('',(0.519615242270665,4.,-265.));
#15263=CARTESIAN_POINT('',(-3.03033008588991,4.,-265.));
#15264=CARTESIAN_POINT('',(0.519615242270665,4.,-200.));
#15265=CARTESIAN_POINT('Origin',(0.519615242270666,4.,-200.));
#15266=CARTESIAN_POINT('',(2.40476041857259E-15,3.69999999999998,65.0000000000005));
#15267=CARTESIAN_POINT('',(-5.86482303588026,0.313942841485003,65.0000000000005));
#15268=CARTESIAN_POINT('',(3.514983443198E-15,3.7,-265.));
#15269=CARTESIAN_POINT('',(-5.86482303588026,0.31394284148502,-265.));
#15270=CARTESIAN_POINT('',(3.14418630020796E-15,3.7,-200.));
#15271=CARTESIAN_POINT('Origin',(3.10862446895044E-15,3.7,-200.));
#15272=CARTESIAN_POINT('',(-0.519615242270661,3.99999999999998,65.0000000000005));
#15273=CARTESIAN_POINT('',(-0.625369342984408,4.06105715851497,65.0000000000005));
#15274=CARTESIAN_POINT('',(-0.51961524227066,4.,-265.));
#15275=CARTESIAN_POINT('',(-0.625369342984407,4.06105715851499,-265.));
#15276=CARTESIAN_POINT('',(-0.51961524227066,4.,-200.));
#15277=CARTESIAN_POINT('Origin',(-0.51961524227066,4.,-200.));
#15278=CARTESIAN_POINT('',(-2.93933982822017,3.99999999999998,65.0000000000005));
#15279=CARTESIAN_POINT('',(-4.75980762113533,3.99999999999998,65.0000000000005));
#15280=CARTESIAN_POINT('',(-2.93933982822017,4.,-265.));
#15281=CARTESIAN_POINT('',(-4.75980762113533,4.,-265.));
#15282=CARTESIAN_POINT('',(-2.93933982822017,4.,-200.));
#15283=CARTESIAN_POINT('Origin',(-2.93933982822017,4.,-200.));
#15284=CARTESIAN_POINT('',(-6.,7.06066017177981,65.0000000000005));
#15285=CARTESIAN_POINT('',(-1.20450487116513,2.26516504294494,65.0000000000005));
#15286=CARTESIAN_POINT('',(-6.,7.06066017177983,-265.));
#15287=CARTESIAN_POINT('',(-1.20450487116512,2.26516504294495,-265.));
#15288=CARTESIAN_POINT('',(-6.,7.06066017177983,-200.));
#15289=CARTESIAN_POINT('Origin',(-6.,7.06066017177983,-200.));
#15290=CARTESIAN_POINT('',(-6.,7.99999999999997,65.0000000000005));
#15291=CARTESIAN_POINT('',(-6.,-0.969669914110103,65.0000000000005));
#15292=CARTESIAN_POINT('',(-6.,7.99999999999999,-265.));
#15293=CARTESIAN_POINT('',(-6.,-0.969669914110085,-265.));
#15294=CARTESIAN_POINT('',(-6.,7.99999999999999,-200.));
#15295=CARTESIAN_POINT('Origin',(-6.,7.99999999999999,-200.));
#15296=CARTESIAN_POINT('',(-3.,7.99999999999998,65.0000000000005));
#15297=CARTESIAN_POINT('',(-7.50000000000002,7.99999999999997,65.0000000000005));
#15298=CARTESIAN_POINT('',(-3.,8.,-265.));
#15299=CARTESIAN_POINT('',(-7.50000000000002,7.99999999999999,-265.));
#15300=CARTESIAN_POINT('',(-3.,8.,-200.));
#15301=CARTESIAN_POINT('Origin',(-3.,8.,-200.));
#15302=CARTESIAN_POINT('',(-3.,9.99999999999998,65.0000000000005));
#15303=CARTESIAN_POINT('',(-3.,-0.500000000000018,65.0000000000005));
#15304=CARTESIAN_POINT('',(-3.,10.,-265.));
#15305=CARTESIAN_POINT('',(-3.,-0.5,-265.));
#15306=CARTESIAN_POINT('',(-3.,10.,-200.));
#15307=CARTESIAN_POINT('Origin',(-3.,10.,-200.));
#15308=CARTESIAN_POINT('',(-9.,9.99999999999998,65.0000000000005));
#15309=CARTESIAN_POINT('',(-6.,9.99999999999998,65.0000000000005));
#15310=CARTESIAN_POINT('',(-9.,10.,-265.));
#15311=CARTESIAN_POINT('',(-6.,10.,-265.));
#15312=CARTESIAN_POINT('',(-9.,10.,-200.));
#15313=CARTESIAN_POINT('Origin',(-9.,9.,-200.));
#15314=CARTESIAN_POINT('',(-10.,8.99999999999998,65.0000000000005));
#15315=CARTESIAN_POINT('Origin',(-9.,8.99999999999998,65.0000000000005));
#15316=CARTESIAN_POINT('',(-10.,9.,-265.));
#15317=CARTESIAN_POINT('Origin',(-9.,9.,-265.));
#15318=CARTESIAN_POINT('',(-10.,9.,-200.));
#15319=CARTESIAN_POINT('Origin',(-10.,9.,-200.));
#15320=CARTESIAN_POINT('',(-10.,2.99999999999998,65.0000000000005));
#15321=CARTESIAN_POINT('',(-10.,-1.77635683940025E-14,65.0000000000005));
#15322=CARTESIAN_POINT('',(-10.,3.,-265.));
#15323=CARTESIAN_POINT('',(-10.,4.74549138297012E-30,-265.));
#15324=CARTESIAN_POINT('',(-10.,3.,-200.));
#15325=CARTESIAN_POINT('Origin',(-10.,3.,-200.));
#15326=CARTESIAN_POINT('',(-8.,2.99999999999998,65.0000000000005));
#15327=CARTESIAN_POINT('',(-9.5,2.99999999999998,65.0000000000005));
#15328=CARTESIAN_POINT('',(-8.,3.,-265.));
#15329=CARTESIAN_POINT('',(-9.5,3.,-265.));
#15330=CARTESIAN_POINT('',(-8.,3.,-200.));
#15331=CARTESIAN_POINT('Origin',(-8.,3.,-200.));
#15332=CARTESIAN_POINT('',(-8.,5.99999999999998,65.0000000000005));
#15333=CARTESIAN_POINT('',(-8.,-3.00000000000002,65.0000000000005));
#15334=CARTESIAN_POINT('',(-8.,6.,-265.));
#15335=CARTESIAN_POINT('',(-8.,-3.,-265.));
#15336=CARTESIAN_POINT('',(-8.,6.,-200.));
#15337=CARTESIAN_POINT('Origin',(-8.,6.,-200.));
#15338=CARTESIAN_POINT('',(-7.06066017177982,5.99999999999998,65.0000000000005));
#15339=CARTESIAN_POINT('',(-8.5,5.99999999999998,65.0000000000005));
#15340=CARTESIAN_POINT('',(-7.06066017177982,6.,-265.));
#15341=CARTESIAN_POINT('',(-8.5,6.,-265.));
#15342=CARTESIAN_POINT('',(-7.06066017177982,6.,-200.));
#15343=CARTESIAN_POINT('Origin',(-7.06066017177982,6.,-200.));
#15344=CARTESIAN_POINT('',(-4.,2.93933982822016,65.0000000000005));
#15345=CARTESIAN_POINT('',(-3.79549512883486,2.73483495705502,65.0000000000005));
#15346=CARTESIAN_POINT('',(-4.,2.93933982822018,-265.));
#15347=CARTESIAN_POINT('',(-3.79549512883486,2.73483495705504,-265.));
#15348=CARTESIAN_POINT('',(-4.,2.93933982822018,-200.));
#15349=CARTESIAN_POINT('Origin',(-4.,2.93933982822018,-200.));
#15350=CARTESIAN_POINT('',(-4.,0.519615242270647,65.0000000000005));
#15351=CARTESIAN_POINT('',(-4.,-3.03033008588993,65.0000000000005));
#15352=CARTESIAN_POINT('',(-4.,0.519615242270665,-265.));
#15353=CARTESIAN_POINT('',(-4.,-3.03033008588991,-265.));
#15354=CARTESIAN_POINT('',(-4.,0.519615242270665,-200.));
#15355=CARTESIAN_POINT('Origin',(-4.,0.519615242270665,-200.));
#15356=CARTESIAN_POINT('',(-3.7,-1.5406512871019E-14,65.0000000000005));
#15357=CARTESIAN_POINT('',(-2.56394284148501,-1.96770871885031,65.0000000000005));
#15358=CARTESIAN_POINT('',(-3.7,2.35705552298349E-15,-265.));
#15359=CARTESIAN_POINT('',(-2.56394284148501,-1.96770871885029,-265.));
#15360=CARTESIAN_POINT('',(-3.7,2.49366499671666E-15,-200.));
#15361=CARTESIAN_POINT('Origin',(-3.7,2.44249065417534E-15,-200.));
#15362=CARTESIAN_POINT('',(-4.,-0.519615242270678,65.0000000000005));
#15363=CARTESIAN_POINT('',(-6.31105715851499,-4.5224836600144,65.0000000000005));
#15364=CARTESIAN_POINT('',(-4.,-0.51961524227066,-265.));
#15365=CARTESIAN_POINT('',(-6.31105715851499,-4.52248366001438,-265.));
#15366=CARTESIAN_POINT('',(-4.,-0.51961524227066,-200.));
#15367=CARTESIAN_POINT('Origin',(-4.,-0.51961524227066,-200.));
#15368=CARTESIAN_POINT('',(-4.,-2.93933982822019,65.0000000000005));
#15369=CARTESIAN_POINT('',(-4.,-4.75980762113535,65.0000000000005));
#15370=CARTESIAN_POINT('',(-4.,-2.93933982822017,-265.));
#15371=CARTESIAN_POINT('',(-4.,-4.75980762113533,-265.));
#15372=CARTESIAN_POINT('',(-4.,-2.93933982822017,-200.));
#15373=CARTESIAN_POINT('Origin',(-4.,-2.93933982822017,-200.));
#15374=CARTESIAN_POINT('',(-7.06066017177983,-6.00000000000002,65.0000000000005));
#15375=CARTESIAN_POINT('',(-6.76516504294496,-5.70450487116514,65.0000000000005));
#15376=CARTESIAN_POINT('',(-7.06066017177983,-6.,-265.));
#15377=CARTESIAN_POINT('',(-6.76516504294496,-5.70450487116513,-265.));
#15378=CARTESIAN_POINT('',(-7.06066017177983,-6.,-200.));
#15379=CARTESIAN_POINT('Origin',(-7.06066017177983,-6.,-200.));
#15380=CARTESIAN_POINT('',(-7.99999999999999,-6.00000000000002,65.0000000000005));
#15381=CARTESIAN_POINT('',(-8.03033008588991,-6.00000000000002,65.0000000000005));
#15382=CARTESIAN_POINT('',(-7.99999999999999,-6.,-265.));
#15383=CARTESIAN_POINT('',(-8.03033008588991,-6.,-265.));
#15384=CARTESIAN_POINT('',(-7.99999999999999,-6.,-200.));
#15385=CARTESIAN_POINT('Origin',(-7.99999999999999,-6.,-200.));
#15386=CARTESIAN_POINT('',(-7.99999999999999,-7.50000000000002,65.0000000000005));
#15387=CARTESIAN_POINT('',(-7.99999999999999,-7.5,-265.));
#15388=CARTESIAN_POINT('Origin',(-9.,-9.00000000000002,65.0000000000005));
#15389=CARTESIAN_POINT('',(2.1,-1.75063925661816E-14,65.0000000000005));
#15390=CARTESIAN_POINT('Origin',(-8.32667268469129E-16,-1.77635683940025E-14,
65.0000000000005));
#15391=CARTESIAN_POINT('Origin',(-9.,-9.,-265.));
#15392=CARTESIAN_POINT('',(2.1,2.57175827820949E-16,-265.));
#15393=CARTESIAN_POINT('Origin',(2.77555756156289E-16,4.74549138297012E-30,
-265.));
#15394=CARTESIAN_POINT('Origin',(0.,0.,-200.));
#15395=CARTESIAN_POINT('',(2.1,2.57175827820944E-16,-200.));
#15396=CARTESIAN_POINT('',(8.60167735464204,-0.00246885012728182,294.99999998287));
#15397=CARTESIAN_POINT('',(8.60167735468097,-0.00246885012596287,310.499999982869));
#15398=CARTESIAN_POINT('',(8.60167735323541,0.00246885017464837,-494.99999998286));
#15399=CARTESIAN_POINT('',(-8.60167735319757,0.00246885017574527,310.499999982862));
#15400=CARTESIAN_POINT('',(-8.60167735468206,-0.00246885012622933,-510.499999982867));
#15401=CARTESIAN_POINT('',(8.60167735319641,0.00246885017567422,-510.499999982859));
#15402=CARTESIAN_POINT('',(1.25728400073022E-5,-9.99999999996922,162.499999999999));
#15403=CARTESIAN_POINT('',(6.58579245541026E-6,-9.99999999998131,37.5000000000011));
#15404=CARTESIAN_POINT('',(0.,0.,0.));
#15405=UNCERTAINTY_MEASURE_WITH_UNIT(LENGTH_MEASURE(0.01),#15419,
'DISTANCE_ACCURACY_VALUE',
'Maximum model space distance between geometric entities at asserted c
onnectivities');
#15406=UNCERTAINTY_MEASURE_WITH_UNIT(LENGTH_MEASURE(0.01),#15419,
'DISTANCE_ACCURACY_VALUE',
'Maximum model space distance between geometric entities at asserted c
onnectivities');
#15407=UNCERTAINTY_MEASURE_WITH_UNIT(LENGTH_MEASURE(0.01),#15419,
'DISTANCE_ACCURACY_VALUE',
'Maximum model space distance between geometric entities at asserted c
onnectivities');
#15408=UNCERTAINTY_MEASURE_WITH_UNIT(LENGTH_MEASURE(0.01),#15419,
'DISTANCE_ACCURACY_VALUE',
'Maximum model space distance between geometric entities at asserted c
onnectivities');
#15409=UNCERTAINTY_MEASURE_WITH_UNIT(LENGTH_MEASURE(0.01),#15419,
'DISTANCE_ACCURACY_VALUE',
'Maximum model space distance between geometric entities at asserted c
onnectivities');
#15410=UNCERTAINTY_MEASURE_WITH_UNIT(LENGTH_MEASURE(0.01),#15419,
'DISTANCE_ACCURACY_VALUE',
'Maximum model space distance between geometric entities at asserted c
onnectivities');
#15411=UNCERTAINTY_MEASURE_WITH_UNIT(LENGTH_MEASURE(0.01),#15419,
'DISTANCE_ACCURACY_VALUE',
'Maximum model space distance between geometric entities at asserted c
onnectivities');
#15412=(
GEOMETRIC_REPRESENTATION_CONTEXT(3)
GLOBAL_UNCERTAINTY_ASSIGNED_CONTEXT((#15405))
GLOBAL_UNIT_ASSIGNED_CONTEXT((#15419,#15421,#15422))
REPRESENTATION_CONTEXT('','3D')
);
#15413=(
GEOMETRIC_REPRESENTATION_CONTEXT(3)
GLOBAL_UNCERTAINTY_ASSIGNED_CONTEXT((#15406))
GLOBAL_UNIT_ASSIGNED_CONTEXT((#15419,#15421,#15422))
REPRESENTATION_CONTEXT('','3D')
);
#15414=(
GEOMETRIC_REPRESENTATION_CONTEXT(3)
GLOBAL_UNCERTAINTY_ASSIGNED_CONTEXT((#15407))
GLOBAL_UNIT_ASSIGNED_CONTEXT((#15419,#15421,#15422))
REPRESENTATION_CONTEXT('','3D')
);
#15415=(
GEOMETRIC_REPRESENTATION_CONTEXT(3)
GLOBAL_UNCERTAINTY_ASSIGNED_CONTEXT((#15408))
GLOBAL_UNIT_ASSIGNED_CONTEXT((#15419,#15421,#15422))
REPRESENTATION_CONTEXT('','3D')
);
#15416=(
GEOMETRIC_REPRESENTATION_CONTEXT(3)
GLOBAL_UNCERTAINTY_ASSIGNED_CONTEXT((#15409))
GLOBAL_UNIT_ASSIGNED_CONTEXT((#15419,#15421,#15422))
REPRESENTATION_CONTEXT('','3D')
);
#15417=(
GEOMETRIC_REPRESENTATION_CONTEXT(3)
GLOBAL_UNCERTAINTY_ASSIGNED_CONTEXT((#15410))
GLOBAL_UNIT_ASSIGNED_CONTEXT((#15419,#15421,#15422))
REPRESENTATION_CONTEXT('','3D')
);
#15418=(
GEOMETRIC_REPRESENTATION_CONTEXT(3)
GLOBAL_UNCERTAINTY_ASSIGNED_CONTEXT((#15411))
GLOBAL_UNIT_ASSIGNED_CONTEXT((#15419,#15421,#15422))
REPRESENTATION_CONTEXT('','3D')
);
#15419=(
LENGTH_UNIT()
NAMED_UNIT(*)
SI_UNIT(.MILLI.,.METRE.)
);
#15420=(
LENGTH_UNIT()
NAMED_UNIT(*)
SI_UNIT($,.METRE.)
);
#15421=(
NAMED_UNIT(*)
PLANE_ANGLE_UNIT()
SI_UNIT($,.RADIAN.)
);
#15422=(
NAMED_UNIT(*)
SI_UNIT($,.STERADIAN.)
SOLID_ANGLE_UNIT()
);
#15423=SHAPE_DEFINITION_REPRESENTATION(#15429,#15456);
#15424=SHAPE_DEFINITION_REPRESENTATION(#15430,#15457);
#15425=SHAPE_DEFINITION_REPRESENTATION(#15431,#15458);
#15426=SHAPE_DEFINITION_REPRESENTATION(#15432,#15459);
#15427=SHAPE_DEFINITION_REPRESENTATION(#15445,#15460);
#15428=SHAPE_DEFINITION_REPRESENTATION(#15446,#15461);
#15429=PRODUCT_DEFINITION_SHAPE('',$,#15463);
#15430=PRODUCT_DEFINITION_SHAPE('',$,#15464);
#15431=PRODUCT_DEFINITION_SHAPE('',$,#15465);
#15432=PRODUCT_DEFINITION_SHAPE('',$,#15466);
#15433=PRODUCT_DEFINITION_SHAPE($,$,#78);
#15434=PRODUCT_DEFINITION_SHAPE($,$,#79);
#15435=PRODUCT_DEFINITION_SHAPE($,$,#80);
#15436=PRODUCT_DEFINITION_SHAPE($,$,#81);
#15437=PRODUCT_DEFINITION_SHAPE($,$,#82);
#15438=PRODUCT_DEFINITION_SHAPE($,$,#83);
#15439=PRODUCT_DEFINITION_SHAPE($,$,#84);
#15440=PRODUCT_DEFINITION_SHAPE($,$,#85);
#15441=PRODUCT_DEFINITION_SHAPE($,$,#86);
#15442=PRODUCT_DEFINITION_SHAPE($,$,#87);
#15443=PRODUCT_DEFINITION_SHAPE($,$,#88);
#15444=PRODUCT_DEFINITION_SHAPE($,$,#89);
#15445=PRODUCT_DEFINITION_SHAPE('',$,#15467);
#15446=PRODUCT_DEFINITION_SHAPE('',$,#15468);
#15447=PRODUCT_DEFINITION_SHAPE($,$,#90);
#15448=PRODUCT_DEFINITION_SHAPE($,$,#91);
#15449=PRODUCT_DEFINITION_SHAPE($,$,#92);
#15450=PRODUCT_DEFINITION_SHAPE($,$,#93);
#15451=PRODUCT_DEFINITION_SHAPE($,$,#94);
#15452=PRODUCT_DEFINITION_SHAPE($,$,#95);
#15453=PRODUCT_DEFINITION_SHAPE($,$,#96);
#15454=PRODUCT_DEFINITION_SHAPE($,$,#97);
#15455=PRODUCT_DEFINITION_SHAPE($,$,#98);
#15456=SHAPE_REPRESENTATION('',(#9033,#9914,#9915,#9916,#9917,#9918,#9919,
#9920,#9921,#9922),#15412);
#15457=SHAPE_REPRESENTATION('',(#9034),#15413);
#15458=SHAPE_REPRESENTATION('',(#9082,#9263,#9264,#9265,#9266,#9267,#9268,
#9269,#9270,#9271,#9272,#9273,#9274),#15414);
#15459=SHAPE_REPRESENTATION('',(#9083),#15415);
#15460=SHAPE_REPRESENTATION('',(#9275),#15416);
#15461=SHAPE_REPRESENTATION('',(#9840),#15417);
#15462=PRODUCT_DEFINITION_CONTEXT('part definition',#15482,'design');
#15463=PRODUCT_DEFINITION('2026-09-02-18-17-10-283',
'_X-extrusion_assembly',#15469,#15462);
#15464=PRODUCT_DEFINITION('2026-09-02-18-17-10-283_1',
'M5 2020 drop-in T-nut',#15470,#15462);
#15465=PRODUCT_DEFINITION('2026-09-02-18-17-10-283_2',
'_MGN12 rail - 300mm',#15471,#15462);
#15466=PRODUCT_DEFINITION('2026-09-02-18-17-10-289','_M3x8 SHCS',#15472,
#15462);
#15467=PRODUCT_DEFINITION('2026-09-02-18-17-10-283_3','_MGN12H',#15473,
#15462);
#15468=PRODUCT_DEFINITION('2026-09-02-18-17-10-290','_HFSB5-2020-330',#15474,
#15462);
#15469=PRODUCT_DEFINITION_FORMATION('',$,#15484);
#15470=PRODUCT_DEFINITION_FORMATION('',$,#15485);
#15471=PRODUCT_DEFINITION_FORMATION('',$,#15486);
#15472=PRODUCT_DEFINITION_FORMATION('',$,#15487);
#15473=PRODUCT_DEFINITION_FORMATION('',$,#15488);
#15474=PRODUCT_DEFINITION_FORMATION('',$,#15489);
#15475=PRODUCT_RELATED_PRODUCT_CATEGORY('_X-extrusion_assembly',
'_X-extrusion_assembly',(#15484));
#15476=PRODUCT_RELATED_PRODUCT_CATEGORY('M5 2020 drop-in T-nut',
'M5 2020 drop-in T-nut',(#15485));
#15477=PRODUCT_RELATED_PRODUCT_CATEGORY('_MGN12 rail - 300mm',
'_MGN12 rail - 300mm',(#15486));
#15478=PRODUCT_RELATED_PRODUCT_CATEGORY('_M3x8 SHCS','_M3x8 SHCS',(#15487));
#15479=PRODUCT_RELATED_PRODUCT_CATEGORY('_MGN12H','_MGN12H',(#15488));
#15480=PRODUCT_RELATED_PRODUCT_CATEGORY('_HFSB5-2020-330',
'_HFSB5-2020-330',(#15489));
#15481=APPLICATION_PROTOCOL_DEFINITION('international standard',
'automotive_design',2009,#15482);
#15482=APPLICATION_CONTEXT(
'Core Data for Automotive Mechanical Design Process');
#15483=PRODUCT_CONTEXT('part definition',#15482,'mechanical');
#15484=PRODUCT('2026-09-02-18-17-10-283','_X-extrusion_assembly',$,(#15483));
#15485=PRODUCT('2026-09-02-18-17-10-283_1','M5 2020 drop-in T-nut',$,(#15483));
#15486=PRODUCT('2026-09-02-18-17-10-283_2','_MGN12 rail - 300mm',$,(#15483));
#15487=PRODUCT('2026-09-02-18-17-10-289','_M3x8 SHCS',$,(#15483));
#15488=PRODUCT('2026-09-02-18-17-10-283_3','_MGN12H',$,(#15483));
#15489=PRODUCT('2026-09-02-18-17-10-290','_HFSB5-2020-330',$,(#15483));
#15490=PRESENTATION_STYLE_ASSIGNMENT((#15495));
#15491=PRESENTATION_STYLE_ASSIGNMENT((#15496));
#15492=PRESENTATION_STYLE_ASSIGNMENT((#15497));
#15493=PRESENTATION_STYLE_ASSIGNMENT((#15498));
#15494=PRESENTATION_STYLE_ASSIGNMENT((#15499));
#15495=SURFACE_STYLE_USAGE(.BOTH.,#15500);
#15496=SURFACE_STYLE_USAGE(.BOTH.,#15501);
#15497=SURFACE_STYLE_USAGE(.BOTH.,#15502);
#15498=SURFACE_STYLE_USAGE(.BOTH.,#15503);
#15499=SURFACE_STYLE_USAGE(.BOTH.,#15504);
#15500=SURFACE_SIDE_STYLE('',(#15505));
#15501=SURFACE_SIDE_STYLE('',(#15506));
#15502=SURFACE_SIDE_STYLE('',(#15507));
#15503=SURFACE_SIDE_STYLE('',(#15508));
#15504=SURFACE_SIDE_STYLE('',(#15509));
#15505=SURFACE_STYLE_FILL_AREA(#15510);
#15506=SURFACE_STYLE_FILL_AREA(#15511);
#15507=SURFACE_STYLE_FILL_AREA(#15512);
#15508=SURFACE_STYLE_FILL_AREA(#15513);
#15509=SURFACE_STYLE_FILL_AREA(#15514);
#15510=FILL_AREA_STYLE('Steel - Satin',(#15515));
#15511=FILL_AREA_STYLE('Opaque(40,40,40)',(#15516));
#15512=FILL_AREA_STYLE('Prism Opaque',(#15517));
#15513=FILL_AREA_STYLE('Aluminum - Bead Blasted',(#15518));
#15514=FILL_AREA_STYLE('Aluminum - Satin',(#15519));
#15515=FILL_AREA_STYLE_COLOUR('Steel - Satin',#15520);
#15516=FILL_AREA_STYLE_COLOUR('Opaque(40,40,40)',#15521);
#15517=FILL_AREA_STYLE_COLOUR('Prism Opaque',#15522);
#15518=FILL_AREA_STYLE_COLOUR('Aluminum - Bead Blasted',#15523);
#15519=FILL_AREA_STYLE_COLOUR('Aluminum - Satin',#15524);
#15520=COLOUR_RGB('Steel - Satin',0.627450980392157,0.627450980392157,0.627450980392157);
#15521=COLOUR_RGB('Opaque(40,40,40)',0.156862745098039,0.156862745098039,
0.156862745098039);
#15522=COLOUR_RGB('Prism Opaque',1.,1.,1.);
#15523=COLOUR_RGB('Aluminum - Bead Blasted',0.376470588235294,0.376470588235294,
0.376470588235294);
#15524=COLOUR_RGB('Aluminum - Satin',0.96078431372549,0.96078431372549,
0.964705882352941);
ENDSEC;
END-ISO-10303-21;
