ISO-10303-21;
HEADER;
/* Generated by software containing ST-Developer
 * from STEP Tools, Inc. (www.steptools.com) 
 */

FILE_DESCRIPTION(
/* description */ (''),
/* implementation_level */ '2;1');

FILE_NAME(
/* name */ 'Y_endstop.step',
/* time_stamp */ '2026-10-08T00:36:01+02:00',
/* author */ (''),
/* organization */ (''),
/* preprocessor_version */ 'ST-DEVELOPER v20.2',
/* originating_system */ 'Autodesk Translation Framework v15.15.0.0',
/* authorisation */ '');

FILE_SCHEMA (('AUTOMOTIVE_DESIGN { 1 0 10303 214 3 1 1 }'));
ENDSEC;

DATA;
#10=MECHANICAL_DESIGN_GEOMETRIC_PRESENTATION_REPRESENTATION('',(#156,#157,
#158,#159,#160,#161,#162,#163,#164,#165,#166,#167,#168,#169,#170,#171,#172,
#173,#174,#175,#176,#177,#178,#179,#180,#181,#182,#183,#184,#185,#186,#187,
#188,#189,#190,#191,#192,#193,#194,#195,#196,#197,#198,#199,#200,#201,#202,
#203,#204,#205,#206,#207,#208,#209,#210,#211,#212,#213,#214,#215,#216,#217,
#218,#219,#220,#221,#222,#223,#224,#225,#226,#227,#228,#229,#230,#231,#232,
#233,#234,#235,#236,#237,#238,#239,#240,#241,#242,#243,#244,#245,#246,#247),
#7075);
#11=ITEM_DEFINED_TRANSFORMATION($,$,#4154,#4530);
#12=ITEM_DEFINED_TRANSFORMATION($,$,#4235,#4531);
#13=ITEM_DEFINED_TRANSFORMATION($,$,#4235,#4532);
#14=ITEM_DEFINED_TRANSFORMATION($,$,#4268,#4533);
#15=ITEM_DEFINED_TRANSFORMATION($,$,#4268,#4534);
#16=ITEM_DEFINED_TRANSFORMATION($,$,#4312,#4535);
#17=ITEM_DEFINED_TRANSFORMATION($,$,#4312,#4536);
#18=ITEM_DEFINED_TRANSFORMATION($,$,#4342,#4537);
#19=(
REPRESENTATION_RELATIONSHIP($,$,#7101,#7100)
REPRESENTATION_RELATIONSHIP_WITH_TRANSFORMATION(#11)
SHAPE_REPRESENTATION_RELATIONSHIP()
);
#20=(
REPRESENTATION_RELATIONSHIP($,$,#7102,#7100)
REPRESENTATION_RELATIONSHIP_WITH_TRANSFORMATION(#12)
SHAPE_REPRESENTATION_RELATIONSHIP()
);
#21=(
REPRESENTATION_RELATIONSHIP($,$,#7102,#7100)
REPRESENTATION_RELATIONSHIP_WITH_TRANSFORMATION(#13)
SHAPE_REPRESENTATION_RELATIONSHIP()
);
#22=(
REPRESENTATION_RELATIONSHIP($,$,#7103,#7100)
REPRESENTATION_RELATIONSHIP_WITH_TRANSFORMATION(#14)
SHAPE_REPRESENTATION_RELATIONSHIP()
);
#23=(
REPRESENTATION_RELATIONSHIP($,$,#7103,#7100)
REPRESENTATION_RELATIONSHIP_WITH_TRANSFORMATION(#15)
SHAPE_REPRESENTATION_RELATIONSHIP()
);
#24=(
REPRESENTATION_RELATIONSHIP($,$,#7104,#7100)
REPRESENTATION_RELATIONSHIP_WITH_TRANSFORMATION(#16)
SHAPE_REPRESENTATION_RELATIONSHIP()
);
#25=(
REPRESENTATION_RELATIONSHIP($,$,#7104,#7100)
REPRESENTATION_RELATIONSHIP_WITH_TRANSFORMATION(#17)
SHAPE_REPRESENTATION_RELATIONSHIP()
);
#26=(
REPRESENTATION_RELATIONSHIP($,$,#7105,#7100)
REPRESENTATION_RELATIONSHIP_WITH_TRANSFORMATION(#18)
SHAPE_REPRESENTATION_RELATIONSHIP()
);
#27=CONTEXT_DEPENDENT_SHAPE_REPRESENTATION(#19,#7092);
#28=CONTEXT_DEPENDENT_SHAPE_REPRESENTATION(#20,#7093);
#29=CONTEXT_DEPENDENT_SHAPE_REPRESENTATION(#21,#7094);
#30=CONTEXT_DEPENDENT_SHAPE_REPRESENTATION(#22,#7095);
#31=CONTEXT_DEPENDENT_SHAPE_REPRESENTATION(#23,#7096);
#32=CONTEXT_DEPENDENT_SHAPE_REPRESENTATION(#24,#7097);
#33=CONTEXT_DEPENDENT_SHAPE_REPRESENTATION(#25,#7098);
#34=CONTEXT_DEPENDENT_SHAPE_REPRESENTATION(#26,#7099);
#35=NEXT_ASSEMBLY_USAGE_OCCURRENCE('KW10 microswitch:1',
'KW10 microswitch:1','KW10 microswitch:1',#7107,#7108,
'KW10 microswitch:1');
#36=NEXT_ASSEMBLY_USAGE_OCCURRENCE('M2x10 self-tapping screw:1',
'M2x10 self-tapping screw:1','M2x10 self-tapping screw:1',#7107,#7109,
'M2x10 self-tapping screw:1');
#37=NEXT_ASSEMBLY_USAGE_OCCURRENCE('M2x10 self-tapping screw:2',
'M2x10 self-tapping screw:2','M2x10 self-tapping screw:2',#7107,#7109,
'M2x10 self-tapping screw:2');
#38=NEXT_ASSEMBLY_USAGE_OCCURRENCE('M3 2020 drop-in T-nut:1',
'M3 2020 drop-in T-nut:1','M3 2020 drop-in T-nut:1',#7107,#7110,
'M3 2020 drop-in T-nut:1');
#39=NEXT_ASSEMBLY_USAGE_OCCURRENCE('M3 2020 drop-in T-nut:2',
'M3 2020 drop-in T-nut:2','M3 2020 drop-in T-nut:2',#7107,#7110,
'M3 2020 drop-in T-nut:2');
#40=NEXT_ASSEMBLY_USAGE_OCCURRENCE('M3x12 SHCS:1','M3x12 SHCS:1',
'M3x12 SHCS:1',#7107,#7111,'M3x12 SHCS:1');
#41=NEXT_ASSEMBLY_USAGE_OCCURRENCE('M3x12 SHCS:2','M3x12 SHCS:2',
'M3x12 SHCS:2',#7107,#7111,'M3x12 SHCS:2');
#42=NEXT_ASSEMBLY_USAGE_OCCURRENCE('Y_endstop_housing:1',
'Y_endstop_housing:1','Y_endstop_housing:1',#7107,#7112,
'Y_endstop_housing:1');
#43=B_SPLINE_SURFACE_WITH_KNOTS('',3,3,((#6812,#6813,#6814,#6815),(#6816,
#6817,#6818,#6819),(#6820,#6821,#6822,#6823),(#6824,#6825,#6826,#6827),
(#6828,#6829,#6830,#6831),(#6832,#6833,#6834,#6835)),.UNSPECIFIED.,.F.,
 .F.,.F.,(4,1,1,4),(4,4),(0.,0.285714285714286,0.571428571428571,1.),(-2.06115657930625,
-1.94568652546832),.UNSPECIFIED.);
#44=B_SPLINE_SURFACE_WITH_KNOTS('',3,3,((#6860,#6861,#6862,#6863),(#6864,
#6865,#6866,#6867),(#6868,#6869,#6870,#6871),(#6872,#6873,#6874,#6875),
(#6876,#6877,#6878,#6879),(#6880,#6881,#6882,#6883)),.UNSPECIFIED.,.F.,
 .F.,.F.,(4,1,1,4),(4,4),(0.,0.285714285714286,0.571428571428571,1.),(1.46358820984707,
1.57905828664163),.UNSPECIFIED.);
#45=TOROIDAL_SURFACE('',#4323,1.65,0.149999999999999);
#46=TOROIDAL_SURFACE('',#4343,1.4,1.);
#47=TOROIDAL_SURFACE('',#4349,1.4,1.);
#48=TOROIDAL_SURFACE('',#4441,1.4,1.);
#49=TOROIDAL_SURFACE('',#4445,1.4,1.);
#50=TOROIDAL_SURFACE('',#4460,1.9,0.4);
#51=TOROIDAL_SURFACE('',#4469,1.9,0.4);
#52=B_SPLINE_CURVE_WITH_KNOTS('',3,(#6072,#6073,#6074,#6075,#6076,#6077,
#6078,#6079,#6080,#6081,#6082),.UNSPECIFIED.,.F.,.F.,(4,2,3,2,4),(-0.125231815531074,
-0.069494138442222,0.,0.0694941384422221,0.125231815531074),
 .UNSPECIFIED.);
#53=B_SPLINE_CURVE_WITH_KNOTS('',3,(#6103,#6104,#6105,#6106,#6107,#6108,
#6109,#6110,#6111,#6112),.UNSPECIFIED.,.F.,.F.,(4,2,2,2,4),(-0.943837190438591,
-0.88809951334974,-0.818605374907518,-0.749111236465296,-0.693373559376444),
 .UNSPECIFIED.);
#54=B_SPLINE_CURVE_WITH_KNOTS('',3,(#6302,#6303,#6304,#6305,#6306,#6307,
#6308,#6309),.UNSPECIFIED.,.F.,.F.,(4,2,2,4),(0.,0.0963405313346123,0.132202787135705,
0.165627968282872),.UNSPECIFIED.);
#55=B_SPLINE_CURVE_WITH_KNOTS('',3,(#6320,#6321,#6322,#6323,#6324,#6325,
#6326,#6327),.UNSPECIFIED.,.F.,.F.,(4,2,2,4),(0.465780542182314,0.499205723329481,
0.535067979130574,0.631408510465185),.UNSPECIFIED.);
#56=B_SPLINE_CURVE_WITH_KNOTS('',3,(#6356,#6357,#6358,#6359,#6360,#6361,
#6362,#6363),.UNSPECIFIED.,.F.,.F.,(4,2,2,4),(0.,0.0963405313346112,0.132202787135705,
0.165627968282872),.UNSPECIFIED.);
#57=B_SPLINE_CURVE_WITH_KNOTS('',3,(#6408,#6409,#6410,#6411,#6412,#6413,
#6414,#6415),.UNSPECIFIED.,.F.,.F.,(4,2,2,4),(0.465780542182313,0.49920572332948,
0.535067979130573,0.631408510465185),.UNSPECIFIED.);
#58=B_SPLINE_CURVE_WITH_KNOTS('',3,(#6575,#6576,#6577,#6578,#6579,#6580,
#6581,#6582),.UNSPECIFIED.,.F.,.F.,(4,2,2,4),(0.788728111806371,0.805288274590909,
0.855627292461197,0.901486847536377),.UNSPECIFIED.);
#59=B_SPLINE_CURVE_WITH_KNOTS('',3,(#6605,#6606,#6607,#6608,#6609,#6610,
#6611,#6612),.UNSPECIFIED.,.F.,.F.,(4,2,2,4),(0.788728111806246,0.805288274591063,
0.855627292461296,0.901486847536371),.UNSPECIFIED.);
#60=B_SPLINE_CURVE_WITH_KNOTS('',3,(#6629,#6630,#6631,#6632,#6633,#6634,
#6635,#6636),.UNSPECIFIED.,.F.,.F.,(4,2,2,4),(0.788728111939876,0.805288274591043,
0.855627292461287,0.901486083077482),.UNSPECIFIED.);
#61=B_SPLINE_CURVE_WITH_KNOTS('',3,(#6640,#6641,#6642,#6643,#6644,#6645,
#6646,#6647),.UNSPECIFIED.,.F.,.F.,(4,2,2,4),(0.78872843552066,0.805288274590905,
0.855627292461194,0.901486847528126),.UNSPECIFIED.);
#62=B_SPLINE_CURVE_WITH_KNOTS('',3,(#6684,#6685,#6686,#6687,#6688,#6689,
#6690,#6691,#6692,#6693),.UNSPECIFIED.,.F.,.F.,(4,3,3,4),(0.,0.0337677548121103,
0.0562795913535172,0.0787914278949241),.UNSPECIFIED.);
#63=B_SPLINE_CURVE_WITH_KNOTS('',3,(#6697,#6698,#6699,#6700,#6701,#6702,
#6703,#6704,#6705,#6706),.UNSPECIFIED.,.F.,.F.,(4,3,3,4),(0.,0.0225118326498403,
0.0450236652996805,0.0787914142744409),.UNSPECIFIED.);
#64=B_SPLINE_CURVE_WITH_KNOTS('',3,(#6764,#6765,#6766,#6767),
 .UNSPECIFIED.,.F.,.F.,(4,4),(1.94568652546832,2.06115657930625),
 .UNSPECIFIED.);
#65=B_SPLINE_CURVE_WITH_KNOTS('',3,(#6769,#6770,#6771,#6772),
 .UNSPECIFIED.,.F.,.F.,(4,4),(-1.57905828664163,-1.46358821749927),
 .UNSPECIFIED.);
#66=B_SPLINE_CURVE_WITH_KNOTS('',3,(#6802,#6803,#6804,#6805,#6806,#6807,
#6808,#6809,#6810,#6811),.UNSPECIFIED.,.F.,.F.,(4,3,3,4),(-0.236374283684782,
-0.135071019248449,-0.0675355096242176,0.),.UNSPECIFIED.);
#67=B_SPLINE_CURVE_WITH_KNOTS('',3,(#6836,#6837,#6838,#6839),
 .UNSPECIFIED.,.F.,.F.,(4,4),(-2.06115657930625,-1.94568652546832),
 .UNSPECIFIED.);
#68=B_SPLINE_CURVE_WITH_KNOTS('',3,(#6843,#6844,#6845,#6846),
 .UNSPECIFIED.,.F.,.F.,(4,4),(1.46358820984707,1.57905826368503),
 .UNSPECIFIED.);
#69=B_SPLINE_CURVE_WITH_KNOTS('',3,(#6850,#6851,#6852,#6853,#6854,#6855,
#6856,#6857,#6858,#6859),.UNSPECIFIED.,.F.,.F.,(4,3,3,4),(-0.236374545238024,
-0.168838960884302,-0.101303376530581,0.),.UNSPECIFIED.);
#70=SPHERICAL_SURFACE('',#4247,1.790942933915);
#71=(
BOUNDED_CURVE()
B_SPLINE_CURVE(2,(#5999,#6000,#6001),.UNSPECIFIED.,.F.,.F.)
B_SPLINE_CURVE_WITH_KNOTS((3,3),(0.118614470998721,0.273975193232128),
 .UNSPECIFIED.)
CURVE()
GEOMETRIC_REPRESENTATION_ITEM()
RATIONAL_B_SPLINE_CURVE((1.71400248482891,1.97915959201189,1.71400248482891))
REPRESENTATION_ITEM('')
);
#72=(
BOUNDED_CURVE()
B_SPLINE_CURVE(2,(#6024,#6025,#6026),.UNSPECIFIED.,.F.,.F.)
B_SPLINE_CURVE_WITH_KNOTS((3,3),(-0.273975193232128,-0.11861447099872),
 .UNSPECIFIED.)
CURVE()
GEOMETRIC_REPRESENTATION_ITEM()
RATIONAL_B_SPLINE_CURVE((1.71400248482891,1.97915959201189,1.71400248482891))
REPRESENTATION_ITEM('')
);
#73=(
BOUNDED_CURVE()
B_SPLINE_CURVE(2,(#6028,#6029,#6030),.UNSPECIFIED.,.F.,.F.)
B_SPLINE_CURVE_WITH_KNOTS((3,3),(-0.273975193232128,-0.118614470998721),
 .UNSPECIFIED.)
CURVE()
GEOMETRIC_REPRESENTATION_ITEM()
RATIONAL_B_SPLINE_CURVE((1.71400248482891,1.97915959201188,1.71400248482891))
REPRESENTATION_ITEM('')
);
#74=(
BOUNDED_CURVE()
B_SPLINE_CURVE(2,(#6032,#6033,#6034),.UNSPECIFIED.,.F.,.F.)
B_SPLINE_CURVE_WITH_KNOTS((3,3),(-0.273975193232128,-0.118614470998721),
 .UNSPECIFIED.)
CURVE()
GEOMETRIC_REPRESENTATION_ITEM()
RATIONAL_B_SPLINE_CURVE((1.71400248482891,1.97915959201189,1.71400248482891))
REPRESENTATION_ITEM('')
);
#75=(
BOUNDED_CURVE()
B_SPLINE_CURVE(2,(#6036,#6037,#6038),.UNSPECIFIED.,.F.,.F.)
B_SPLINE_CURVE_WITH_KNOTS((3,3),(-0.273975193232128,-0.118614470998721),
 .UNSPECIFIED.)
CURVE()
GEOMETRIC_REPRESENTATION_ITEM()
RATIONAL_B_SPLINE_CURVE((1.71400248482891,1.97915959201189,1.71400248482891))
REPRESENTATION_ITEM('')
);
#76=(
BOUNDED_CURVE()
B_SPLINE_CURVE(2,(#6040,#6041,#6042),.UNSPECIFIED.,.F.,.F.)
B_SPLINE_CURVE_WITH_KNOTS((3,3),(-0.273975193232128,-0.118614470998721),
 .UNSPECIFIED.)
CURVE()
GEOMETRIC_REPRESENTATION_ITEM()
RATIONAL_B_SPLINE_CURVE((1.71400248482891,1.97915959201189,1.71400248482891))
REPRESENTATION_ITEM('')
);
#77=(
BOUNDED_CURVE()
B_SPLINE_CURVE(2,(#6205,#6206,#6207),.UNSPECIFIED.,.F.,.F.)
B_SPLINE_CURVE_WITH_KNOTS((3,3),(-0.37575288050971,-0.139709918898254),
 .UNSPECIFIED.)
CURVE()
GEOMETRIC_REPRESENTATION_ITEM()
RATIONAL_B_SPLINE_CURVE((1.41147367097488,1.62982940778282,1.41147367097488))
REPRESENTATION_ITEM('')
);
#78=(
BOUNDED_CURVE()
B_SPLINE_CURVE(2,(#6209,#6210,#6211),.UNSPECIFIED.,.F.,.F.)
B_SPLINE_CURVE_WITH_KNOTS((3,3),(-0.375752880509709,-0.139709918898254),
 .UNSPECIFIED.)
CURVE()
GEOMETRIC_REPRESENTATION_ITEM()
RATIONAL_B_SPLINE_CURVE((1.41147367097488,1.62982940778282,1.41147367097488))
REPRESENTATION_ITEM('')
);
#79=(
BOUNDED_CURVE()
B_SPLINE_CURVE(2,(#6213,#6214,#6215),.UNSPECIFIED.,.F.,.F.)
B_SPLINE_CURVE_WITH_KNOTS((3,3),(-0.37575288050971,-0.139709918898254),
 .UNSPECIFIED.)
CURVE()
GEOMETRIC_REPRESENTATION_ITEM()
RATIONAL_B_SPLINE_CURVE((1.41147367097488,1.62982940778282,1.41147367097488))
REPRESENTATION_ITEM('')
);
#80=(
BOUNDED_CURVE()
B_SPLINE_CURVE(2,(#6217,#6218,#6219),.UNSPECIFIED.,.F.,.F.)
B_SPLINE_CURVE_WITH_KNOTS((3,3),(0.139709918898254,0.257731399703982),
 .UNSPECIFIED.)
CURVE()
GEOMETRIC_REPRESENTATION_ITEM()
RATIONAL_B_SPLINE_CURVE((1.41147367097488,1.52065153937885,1.52065153937885))
REPRESENTATION_ITEM('')
);
#81=(
BOUNDED_CURVE()
B_SPLINE_CURVE(2,(#6224,#6225,#6226),.UNSPECIFIED.,.F.,.F.)
B_SPLINE_CURVE_WITH_KNOTS((3,3),(0.257731399703982,0.37575288050971),
 .UNSPECIFIED.)
CURVE()
GEOMETRIC_REPRESENTATION_ITEM()
RATIONAL_B_SPLINE_CURVE((1.52065153937885,1.52065153937885,1.41147367097488))
REPRESENTATION_ITEM('')
);
#82=(
BOUNDED_CURVE()
B_SPLINE_CURVE(2,(#6228,#6229,#6230),.UNSPECIFIED.,.F.,.F.)
B_SPLINE_CURVE_WITH_KNOTS((3,3),(-0.37575288050971,-0.139709918898254),
 .UNSPECIFIED.)
CURVE()
GEOMETRIC_REPRESENTATION_ITEM()
RATIONAL_B_SPLINE_CURVE((1.41147367097488,1.62982940778282,1.41147367097488))
REPRESENTATION_ITEM('')
);
#83=(
BOUNDED_CURVE()
B_SPLINE_CURVE(2,(#6231,#6232,#6233),.UNSPECIFIED.,.F.,.F.)
B_SPLINE_CURVE_WITH_KNOTS((3,3),(-0.37575288050971,-0.139709918898254),
 .UNSPECIFIED.)
CURVE()
GEOMETRIC_REPRESENTATION_ITEM()
RATIONAL_B_SPLINE_CURVE((1.41147367097488,1.62982940778282,1.41147367097488))
REPRESENTATION_ITEM('')
);
#84=(
BOUNDED_CURVE()
B_SPLINE_CURVE(2,(#6369,#6370,#6371),.UNSPECIFIED.,.F.,.F.)
B_SPLINE_CURVE_WITH_KNOTS((3,3),(7.43029872294349,7.5683264884358),
 .UNSPECIFIED.)
CURVE()
GEOMETRIC_REPRESENTATION_ITEM()
RATIONAL_B_SPLINE_CURVE((24.6793144954017,24.6687355364666,24.6495922721269))
REPRESENTATION_ITEM('')
);
#85=(
BOUNDED_CURVE()
B_SPLINE_CURVE(2,(#6377,#6378,#6379),.UNSPECIFIED.,.F.,.F.)
B_SPLINE_CURVE_WITH_KNOTS((3,3),(1.89169297286413,2.40752247768431),
 .UNSPECIFIED.)
CURVE()
GEOMETRIC_REPRESENTATION_ITEM()
RATIONAL_B_SPLINE_CURVE((1.,1.34912254485484,1.50784663497379))
REPRESENTATION_ITEM('')
);
#86=(
BOUNDED_CURVE()
B_SPLINE_CURVE(2,(#6393,#6394,#6395),.UNSPECIFIED.,.F.,.F.)
B_SPLINE_CURVE_WITH_KNOTS((3,3),(1.37586241777948,1.89169197208049),
 .UNSPECIFIED.)
CURVE()
GEOMETRIC_REPRESENTATION_ITEM()
RATIONAL_B_SPLINE_CURVE((1.50784669102012,1.34912266518656,1.))
REPRESENTATION_ITEM('')
);
#87=(
BOUNDED_CURVE()
B_SPLINE_CURVE(2,(#6401,#6402,#6403),.UNSPECIFIED.,.F.,.F.)
B_SPLINE_CURVE_WITH_KNOTS((3,3),(6.95127656405652,7.08930432954817),
 .UNSPECIFIED.)
CURVE()
GEOMETRIC_REPRESENTATION_ITEM()
RATIONAL_B_SPLINE_CURVE((24.6495922719714,24.6687355363108,24.6793144952456))
REPRESENTATION_ITEM('')
);
#88=(
BOUNDED_CURVE()
B_SPLINE_CURVE(2,(#6480,#6481,#6482),.UNSPECIFIED.,.F.,.F.)
B_SPLINE_CURVE_WITH_KNOTS((3,3),(7.65521989465846,7.80692631258318),
 .UNSPECIFIED.)
CURVE()
GEOMETRIC_REPRESENTATION_ITEM()
RATIONAL_B_SPLINE_CURVE((27.0743216689133,27.0953480165625,27.1069676058021))
REPRESENTATION_ITEM('')
);
#89=(
BOUNDED_CURVE()
B_SPLINE_CURVE(2,(#6488,#6489,#6490),.UNSPECIFIED.,.F.,.F.)
B_SPLINE_CURVE_WITH_KNOTS((3,3),(1.8916919720804,2.40752152638151),
 .UNSPECIFIED.)
CURVE()
GEOMETRIC_REPRESENTATION_ITEM()
RATIONAL_B_SPLINE_CURVE((1.,1.34912266518664,1.50784669102019))
REPRESENTATION_ITEM('')
);
#90=(
BOUNDED_CURVE()
B_SPLINE_CURVE(2,(#6494,#6495,#6496),.UNSPECIFIED.,.F.,.F.)
B_SPLINE_CURVE_WITH_KNOTS((3,3),(1.37586241777869,1.89169197208015),
 .UNSPECIFIED.)
CURVE()
GEOMETRIC_REPRESENTATION_ITEM()
RATIONAL_B_SPLINE_CURVE((1.50784669102033,1.34912266518685,1.))
REPRESENTATION_ITEM('')
);
#91=(
BOUNDED_CURVE()
B_SPLINE_CURVE(2,(#6502,#6503,#6504,#6505),.UNSPECIFIED.,.F.,.F.)
B_SPLINE_CURVE_WITH_KNOTS((3,1,3),(8.18171349960582,8.29529817477902,8.33341991749803),
 .UNSPECIFIED.)
CURVE()
GEOMETRIC_REPRESENTATION_ITEM()
RATIONAL_B_SPLINE_CURVE((27.1069676058993,27.0982678601157,27.0796053018788,
27.0743216690149))
REPRESENTATION_ITEM('')
);
#92=(
BOUNDED_CURVE()
B_SPLINE_CURVE(2,(#6570,#6571,#6572),.UNSPECIFIED.,.F.,.F.)
B_SPLINE_CURVE_WITH_KNOTS((3,3),(7.43029872290829,7.56832648839967),
 .UNSPECIFIED.)
CURVE()
GEOMETRIC_REPRESENTATION_ITEM()
RATIONAL_B_SPLINE_CURVE((24.6793144952372,24.6687355363025,24.6495922719632))
REPRESENTATION_ITEM('')
);
#93=(
BOUNDED_CURVE()
B_SPLINE_CURVE(2,(#6594,#6595,#6596),.UNSPECIFIED.,.F.,.F.)
B_SPLINE_CURVE_WITH_KNOTS((3,3),(7.6552198946582,7.80692631257796),
 .UNSPECIFIED.)
CURVE()
GEOMETRIC_REPRESENTATION_ITEM()
RATIONAL_B_SPLINE_CURVE((27.0743216689439,27.0953480165925,27.106967605832))
REPRESENTATION_ITEM('')
);
#94=(
BOUNDED_CURVE()
B_SPLINE_CURVE(2,(#6600,#6601,#6602,#6603),.UNSPECIFIED.,.F.,.F.)
B_SPLINE_CURVE_WITH_KNOTS((3,1,3),(8.18171349960577,8.29529817488092,8.33341991749698),
 .UNSPECIFIED.)
CURVE()
GEOMETRIC_REPRESENTATION_ITEM()
RATIONAL_B_SPLINE_CURVE((27.1069676064781,27.0982678606864,27.0796053024428,
27.0743216695931))
REPRESENTATION_ITEM('')
);
#95=(
BOUNDED_CURVE()
B_SPLINE_CURVE(2,(#6624,#6625,#6626),.UNSPECIFIED.,.F.,.F.)
B_SPLINE_CURVE_WITH_KNOTS((3,3),(6.9512765640832,7.08930432957735),
 .UNSPECIFIED.)
CURVE()
GEOMETRIC_REPRESENTATION_ITEM()
RATIONAL_B_SPLINE_CURVE((24.6495922720911,24.6687355364311,24.6793144953662))
REPRESENTATION_ITEM('')
);
#96=CONICAL_SURFACE('',#4236,0.849999999999967,0.78539816339744);
#97=CONICAL_SURFACE('',#4242,0.750555349946513,0.78539816339745);
#98=CONICAL_SURFACE('',#4256,0.750555349946513,0.78539816339745);
#99=CONICAL_SURFACE('',#4257,0.750555349946513,0.78539816339745);
#100=CONICAL_SURFACE('',#4258,0.750555349946513,0.78539816339745);
#101=CONICAL_SURFACE('',#4259,0.750555349946513,0.78539816339745);
#102=CONICAL_SURFACE('',#4260,0.750555349946513,0.78539816339745);
#103=CONICAL_SURFACE('',#4286,1.743,0.785398163397448);
#104=CONICAL_SURFACE('',#4291,1.743,0.785398163397448);
#105=CONICAL_SURFACE('',#4313,1.55162884844712,0.78539816339745);
#106=CONICAL_SURFACE('',#4315,2.75,0.785398163397445);
#107=CONICAL_SURFACE('',#4321,2.6,0.785398163397451);
#108=CONICAL_SURFACE('',#4330,1.17524047358084,0.785398163397446);
#109=CONICAL_SURFACE('',#4393,1.39589089918274,0.93300756881043);
#110=CONICAL_SURFACE('',#4396,0.0318371773033673,0.933007568811812);
#111=CONICAL_SURFACE('',#4399,0.433062767843133,0.933007568811717);
#112=CONICAL_SURFACE('',#4402,0.522661232306234,0.933007568810389);
#113=CONICAL_SURFACE('',#4411,1.76306889988008,0.785398199150189);
#114=CONICAL_SURFACE('',#4424,1.1087105447524,0.785398163397307);
#115=CONICAL_SURFACE('',#4425,1.07605869971271,0.785398163397453);
#116=CONICAL_SURFACE('',#4427,1.49580484474078,0.785398163397462);
#117=CONICAL_SURFACE('',#4432,0.4,0.785398163397448);
#118=CONICAL_SURFACE('',#4434,0.400000000000002,0.785398163399193);
#119=CONICAL_SURFACE('',#4475,0.600000000000001,0.785398163397549);
#120=CONICAL_SURFACE('',#4477,0.600000000000009,0.785398163397115);
#121=CONICAL_SURFACE('',#4508,1.8999999999997,0.78539744738244);
#122=CONICAL_SURFACE('',#4511,1.89999999999968,0.785397198969727);
#123=CONICAL_SURFACE('',#4516,1.89999999999976,0.785397447382495);
#124=CONICAL_SURFACE('',#4519,1.89999999999962,0.785397198969772);
#125=SHAPE_REPRESENTATION_RELATIONSHIP('SRR','None',#7101,#130);
#126=SHAPE_REPRESENTATION_RELATIONSHIP('SRR','None',#7102,#131);
#127=SHAPE_REPRESENTATION_RELATIONSHIP('SRR','None',#7103,#132);
#128=SHAPE_REPRESENTATION_RELATIONSHIP('SRR','None',#7104,#133);
#129=SHAPE_REPRESENTATION_RELATIONSHIP('SRR','None',#7105,#134);
#130=ADVANCED_BREP_SHAPE_REPRESENTATION('',(#248,#249),#7070);
#131=ADVANCED_BREP_SHAPE_REPRESENTATION('',(#250),#7071);
#132=ADVANCED_BREP_SHAPE_REPRESENTATION('',(#251),#7072);
#133=ADVANCED_BREP_SHAPE_REPRESENTATION('',(#252),#7073);
#134=ADVANCED_BREP_SHAPE_REPRESENTATION('',(#253),#7074);
#135=ELLIPSE('',#4169,0.600022664837337,0.6);
#136=ELLIPSE('',#4370,0.565685424949238,0.4);
#137=ELLIPSE('',#4375,0.565685424949238,0.4);
#138=ELLIPSE('',#4379,0.270950987254778,0.260773453014126);
#139=ELLIPSE('',#4380,0.270950987254858,0.260773453014251);
#140=ELLIPSE('',#4381,0.27095098725242,0.26077345301171);
#141=ELLIPSE('',#4382,0.270950987252781,0.260773453012065);
#142=ELLIPSE('',#4401,2.1213203435596,1.5);
#143=ELLIPSE('',#4404,2.12132034355964,1.5);
#144=ELLIPSE('',#4406,2.12132034355964,1.5);
#145=ELLIPSE('',#4409,2.1213203435596,1.5);
#146=ELLIPSE('',#4459,0.800000000000308,0.4);
#147=ELLIPSE('',#4473,0.800000000000029,0.4);
#148=ELLIPSE('',#4488,4.24264068711929,3.);
#149=ELLIPSE('',#4489,7.07106781186547,5.);
#150=ELLIPSE('',#4491,4.24264068711929,3.);
#151=ELLIPSE('',#4492,7.07106781186548,5.);
#152=ELLIPSE('',#4498,4.24264068711933,3.);
#153=ELLIPSE('',#4499,4.24264068711933,3.);
#154=ELLIPSE('',#4503,7.07106781186555,5.);
#155=ELLIPSE('',#4505,7.07106781186555,5.);
#156=STYLED_ITEM('',(#7135),#248);
#157=STYLED_ITEM('',(#7137),#3876);
#158=STYLED_ITEM('',(#7137),#3877);
#159=STYLED_ITEM('',(#7137),#3878);
#160=STYLED_ITEM('',(#7137),#3879);
#161=STYLED_ITEM('',(#7138),#3880);
#162=STYLED_ITEM('',(#7137),#3881);
#163=STYLED_ITEM('',(#7137),#3882);
#164=STYLED_ITEM('',(#7137),#3883);
#165=STYLED_ITEM('',(#7137),#3884);
#166=STYLED_ITEM('',(#7137),#3885);
#167=STYLED_ITEM('',(#7137),#3886);
#168=STYLED_ITEM('',(#7137),#3887);
#169=STYLED_ITEM('',(#7137),#3888);
#170=STYLED_ITEM('',(#7137),#3889);
#171=STYLED_ITEM('',(#7137),#3890);
#172=STYLED_ITEM('',(#7137),#3891);
#173=STYLED_ITEM('',(#7137),#3892);
#174=STYLED_ITEM('',(#7137),#3893);
#175=STYLED_ITEM('',(#7137),#3894);
#176=STYLED_ITEM('',(#7137),#3895);
#177=STYLED_ITEM('',(#7137),#3896);
#178=STYLED_ITEM('',(#7138),#3897);
#179=STYLED_ITEM('',(#7138),#3898);
#180=STYLED_ITEM('',(#7138),#3899);
#181=STYLED_ITEM('',(#7138),#3900);
#182=STYLED_ITEM('',(#7137),#3901);
#183=STYLED_ITEM('',(#7137),#3902);
#184=STYLED_ITEM('',(#7137),#3903);
#185=STYLED_ITEM('',(#7137),#3904);
#186=STYLED_ITEM('',(#7137),#3905);
#187=STYLED_ITEM('',(#7137),#3906);
#188=STYLED_ITEM('',(#7137),#3907);
#189=STYLED_ITEM('',(#7137),#3908);
#190=STYLED_ITEM('',(#7137),#3909);
#191=STYLED_ITEM('',(#7137),#3910);
#192=STYLED_ITEM('',(#7137),#3911);
#193=STYLED_ITEM('',(#7137),#3912);
#194=STYLED_ITEM('',(#7137),#3913);
#195=STYLED_ITEM('',(#7137),#3914);
#196=STYLED_ITEM('',(#7137),#3915);
#197=STYLED_ITEM('',(#7137),#3916);
#198=STYLED_ITEM('',(#7137),#3917);
#199=STYLED_ITEM('',(#7137),#3918);
#200=STYLED_ITEM('',(#7137),#3919);
#201=STYLED_ITEM('',(#7137),#3920);
#202=STYLED_ITEM('',(#7137),#3921);
#203=STYLED_ITEM('',(#7137),#3922);
#204=STYLED_ITEM('',(#7137),#3923);
#205=STYLED_ITEM('',(#7137),#3924);
#206=STYLED_ITEM('',(#7136),#249);
#207=STYLED_ITEM('',(#7139),#3925);
#208=STYLED_ITEM('',(#7139),#3926);
#209=STYLED_ITEM('',(#7139),#3927);
#210=STYLED_ITEM('',(#7139),#3928);
#211=STYLED_ITEM('',(#7139),#3929);
#212=STYLED_ITEM('',(#7139),#3930);
#213=STYLED_ITEM('',(#7139),#3931);
#214=STYLED_ITEM('',(#7139),#3932);
#215=STYLED_ITEM('',(#7139),#3933);
#216=STYLED_ITEM('',(#7139),#3934);
#217=STYLED_ITEM('',(#7139),#3935);
#218=STYLED_ITEM('',(#7139),#3936);
#219=STYLED_ITEM('',(#7139),#3937);
#220=STYLED_ITEM('',(#7139),#3938);
#221=STYLED_ITEM('',(#7139),#3939);
#222=STYLED_ITEM('',(#7139),#3940);
#223=STYLED_ITEM('',(#7139),#3941);
#224=STYLED_ITEM('',(#7139),#3942);
#225=STYLED_ITEM('',(#7139),#3943);
#226=STYLED_ITEM('',(#7139),#3944);
#227=STYLED_ITEM('',(#7134),#250);
#228=STYLED_ITEM('',(#7140),#251);
#229=STYLED_ITEM('',(#7139),#3965);
#230=STYLED_ITEM('',(#7139),#3966);
#231=STYLED_ITEM('',(#7139),#3967);
#232=STYLED_ITEM('',(#7139),#3968);
#233=STYLED_ITEM('',(#7139),#3969);
#234=STYLED_ITEM('',(#7139),#3970);
#235=STYLED_ITEM('',(#7139),#3971);
#236=STYLED_ITEM('',(#7139),#3972);
#237=STYLED_ITEM('',(#7139),#3973);
#238=STYLED_ITEM('',(#7139),#3974);
#239=STYLED_ITEM('',(#7139),#3975);
#240=STYLED_ITEM('',(#7139),#3976);
#241=STYLED_ITEM('',(#7139),#3977);
#242=STYLED_ITEM('',(#7139),#3978);
#243=STYLED_ITEM('',(#7139),#3979);
#244=STYLED_ITEM('',(#7139),#3980);
#245=STYLED_ITEM('',(#7139),#3981);
#246=STYLED_ITEM('',(#7134),#252);
#247=STYLED_ITEM('',(#7141),#253);
#248=MANIFOLD_SOLID_BREP('Body1',#4091);
#249=MANIFOLD_SOLID_BREP('Body2',#4092);
#250=MANIFOLD_SOLID_BREP('Body1',#4093);
#251=MANIFOLD_SOLID_BREP('Body1',#4094);
#252=MANIFOLD_SOLID_BREP('Body1',#4095);
#253=MANIFOLD_SOLID_BREP('Body1',#4096);
#254=FACE_BOUND('',#643,.T.);
#255=FACE_BOUND('',#645,.T.);
#256=FACE_BOUND('',#652,.T.);
#257=FACE_BOUND('',#664,.T.);
#258=FACE_BOUND('',#669,.T.);
#259=FACE_BOUND('',#670,.T.);
#260=FACE_BOUND('',#673,.T.);
#261=FACE_BOUND('',#676,.T.);
#262=FACE_BOUND('',#687,.T.);
#263=FACE_BOUND('',#691,.T.);
#264=FACE_BOUND('',#692,.T.);
#265=FACE_BOUND('',#704,.T.);
#266=FACE_BOUND('',#707,.T.);
#267=FACE_BOUND('',#709,.T.);
#268=FACE_BOUND('',#710,.T.);
#269=FACE_BOUND('',#719,.T.);
#270=FACE_BOUND('',#721,.T.);
#271=FACE_BOUND('',#723,.T.);
#272=FACE_BOUND('',#744,.T.);
#273=FACE_BOUND('',#766,.T.);
#274=FACE_BOUND('',#768,.T.);
#275=FACE_BOUND('',#786,.T.);
#276=FACE_BOUND('',#787,.T.);
#277=FACE_BOUND('',#797,.T.);
#278=FACE_BOUND('',#798,.T.);
#279=FACE_BOUND('',#816,.T.);
#280=FACE_BOUND('',#817,.T.);
#281=FACE_BOUND('',#818,.T.);
#282=FACE_BOUND('',#819,.T.);
#283=FACE_BOUND('',#820,.T.);
#284=PLANE('',#4161);
#285=PLANE('',#4162);
#286=PLANE('',#4163);
#287=PLANE('',#4164);
#288=PLANE('',#4165);
#289=PLANE('',#4166);
#290=PLANE('',#4167);
#291=PLANE('',#4168);
#292=PLANE('',#4194);
#293=PLANE('',#4195);
#294=PLANE('',#4196);
#295=PLANE('',#4197);
#296=PLANE('',#4198);
#297=PLANE('',#4199);
#298=PLANE('',#4200);
#299=PLANE('',#4201);
#300=PLANE('',#4202);
#301=PLANE('',#4203);
#302=PLANE('',#4204);
#303=PLANE('',#4205);
#304=PLANE('',#4206);
#305=PLANE('',#4207);
#306=PLANE('',#4208);
#307=PLANE('',#4209);
#308=PLANE('',#4210);
#309=PLANE('',#4211);
#310=PLANE('',#4212);
#311=PLANE('',#4213);
#312=PLANE('',#4214);
#313=PLANE('',#4215);
#314=PLANE('',#4216);
#315=PLANE('',#4217);
#316=PLANE('',#4218);
#317=PLANE('',#4219);
#318=PLANE('',#4220);
#319=PLANE('',#4221);
#320=PLANE('',#4222);
#321=PLANE('',#4223);
#322=PLANE('',#4224);
#323=PLANE('',#4225);
#324=PLANE('',#4226);
#325=PLANE('',#4227);
#326=PLANE('',#4228);
#327=PLANE('',#4229);
#328=PLANE('',#4230);
#329=PLANE('',#4231);
#330=PLANE('',#4234);
#331=PLANE('',#4239);
#332=PLANE('',#4249);
#333=PLANE('',#4255);
#334=PLANE('',#4261);
#335=PLANE('',#4262);
#336=PLANE('',#4263);
#337=PLANE('',#4264);
#338=PLANE('',#4265);
#339=PLANE('',#4266);
#340=PLANE('',#4267);
#341=PLANE('',#4279);
#342=PLANE('',#4290);
#343=PLANE('',#4293);
#344=PLANE('',#4294);
#345=PLANE('',#4299);
#346=PLANE('',#4302);
#347=PLANE('',#4307);
#348=PLANE('',#4310);
#349=PLANE('',#4311);
#350=PLANE('',#4332);
#351=PLANE('',#4333);
#352=PLANE('',#4334);
#353=PLANE('',#4335);
#354=PLANE('',#4336);
#355=PLANE('',#4337);
#356=PLANE('',#4338);
#357=PLANE('',#4339);
#358=PLANE('',#4340);
#359=PLANE('',#4341);
#360=PLANE('',#4352);
#361=PLANE('',#4357);
#362=PLANE('',#4360);
#363=PLANE('',#4361);
#364=PLANE('',#4362);
#365=PLANE('',#4372);
#366=PLANE('',#4377);
#367=PLANE('',#4378);
#368=PLANE('',#4383);
#369=PLANE('',#4385);
#370=PLANE('',#4386);
#371=PLANE('',#4387);
#372=PLANE('',#4392);
#373=PLANE('',#4394);
#374=PLANE('',#4395);
#375=PLANE('',#4397);
#376=PLANE('',#4398);
#377=PLANE('',#4407);
#378=PLANE('',#4410);
#379=PLANE('',#4413);
#380=PLANE('',#4423);
#381=PLANE('',#4426);
#382=PLANE('',#4428);
#383=PLANE('',#4429);
#384=PLANE('',#4430);
#385=PLANE('',#4431);
#386=PLANE('',#4438);
#387=PLANE('',#4447);
#388=PLANE('',#4448);
#389=PLANE('',#4454);
#390=PLANE('',#4465);
#391=PLANE('',#4474);
#392=PLANE('',#4476);
#393=PLANE('',#4478);
#394=PLANE('',#4479);
#395=PLANE('',#4480);
#396=PLANE('',#4481);
#397=PLANE('',#4482);
#398=PLANE('',#4485);
#399=PLANE('',#4486);
#400=PLANE('',#4487);
#401=PLANE('',#4490);
#402=PLANE('',#4493);
#403=PLANE('',#4500);
#404=PLANE('',#4501);
#405=PLANE('',#4502);
#406=PLANE('',#4504);
#407=PLANE('',#4510);
#408=PLANE('',#4513);
#409=PLANE('',#4514);
#410=PLANE('',#4518);
#411=PLANE('',#4521);
#412=PLANE('',#4522);
#413=PLANE('',#4524);
#414=PLANE('',#4525);
#415=PLANE('',#4526);
#416=FACE_OUTER_BOUND('',#640,.T.);
#417=FACE_OUTER_BOUND('',#641,.T.);
#418=FACE_OUTER_BOUND('',#642,.T.);
#419=FACE_OUTER_BOUND('',#644,.T.);
#420=FACE_OUTER_BOUND('',#646,.T.);
#421=FACE_OUTER_BOUND('',#647,.T.);
#422=FACE_OUTER_BOUND('',#648,.T.);
#423=FACE_OUTER_BOUND('',#649,.T.);
#424=FACE_OUTER_BOUND('',#650,.T.);
#425=FACE_OUTER_BOUND('',#651,.T.);
#426=FACE_OUTER_BOUND('',#653,.T.);
#427=FACE_OUTER_BOUND('',#654,.T.);
#428=FACE_OUTER_BOUND('',#655,.T.);
#429=FACE_OUTER_BOUND('',#656,.T.);
#430=FACE_OUTER_BOUND('',#657,.T.);
#431=FACE_OUTER_BOUND('',#658,.T.);
#432=FACE_OUTER_BOUND('',#659,.T.);
#433=FACE_OUTER_BOUND('',#660,.T.);
#434=FACE_OUTER_BOUND('',#661,.T.);
#435=FACE_OUTER_BOUND('',#662,.T.);
#436=FACE_OUTER_BOUND('',#663,.T.);
#437=FACE_OUTER_BOUND('',#665,.T.);
#438=FACE_OUTER_BOUND('',#666,.T.);
#439=FACE_OUTER_BOUND('',#667,.T.);
#440=FACE_OUTER_BOUND('',#668,.T.);
#441=FACE_OUTER_BOUND('',#671,.T.);
#442=FACE_OUTER_BOUND('',#672,.T.);
#443=FACE_OUTER_BOUND('',#674,.T.);
#444=FACE_OUTER_BOUND('',#675,.T.);
#445=FACE_OUTER_BOUND('',#677,.T.);
#446=FACE_OUTER_BOUND('',#678,.T.);
#447=FACE_OUTER_BOUND('',#679,.T.);
#448=FACE_OUTER_BOUND('',#680,.T.);
#449=FACE_OUTER_BOUND('',#681,.T.);
#450=FACE_OUTER_BOUND('',#682,.T.);
#451=FACE_OUTER_BOUND('',#683,.T.);
#452=FACE_OUTER_BOUND('',#684,.T.);
#453=FACE_OUTER_BOUND('',#685,.T.);
#454=FACE_OUTER_BOUND('',#686,.T.);
#455=FACE_OUTER_BOUND('',#688,.T.);
#456=FACE_OUTER_BOUND('',#689,.T.);
#457=FACE_OUTER_BOUND('',#690,.T.);
#458=FACE_OUTER_BOUND('',#693,.T.);
#459=FACE_OUTER_BOUND('',#694,.T.);
#460=FACE_OUTER_BOUND('',#695,.T.);
#461=FACE_OUTER_BOUND('',#696,.T.);
#462=FACE_OUTER_BOUND('',#697,.T.);
#463=FACE_OUTER_BOUND('',#698,.T.);
#464=FACE_OUTER_BOUND('',#699,.T.);
#465=FACE_OUTER_BOUND('',#700,.T.);
#466=FACE_OUTER_BOUND('',#701,.T.);
#467=FACE_OUTER_BOUND('',#702,.T.);
#468=FACE_OUTER_BOUND('',#703,.T.);
#469=FACE_OUTER_BOUND('',#705,.T.);
#470=FACE_OUTER_BOUND('',#706,.T.);
#471=FACE_OUTER_BOUND('',#708,.T.);
#472=FACE_OUTER_BOUND('',#711,.T.);
#473=FACE_OUTER_BOUND('',#712,.T.);
#474=FACE_OUTER_BOUND('',#713,.T.);
#475=FACE_OUTER_BOUND('',#714,.T.);
#476=FACE_OUTER_BOUND('',#715,.T.);
#477=FACE_OUTER_BOUND('',#716,.T.);
#478=FACE_OUTER_BOUND('',#717,.T.);
#479=FACE_OUTER_BOUND('',#718,.T.);
#480=FACE_OUTER_BOUND('',#720,.T.);
#481=FACE_OUTER_BOUND('',#722,.T.);
#482=FACE_OUTER_BOUND('',#724,.T.);
#483=FACE_OUTER_BOUND('',#725,.T.);
#484=FACE_OUTER_BOUND('',#726,.T.);
#485=FACE_OUTER_BOUND('',#727,.T.);
#486=FACE_OUTER_BOUND('',#728,.T.);
#487=FACE_OUTER_BOUND('',#729,.T.);
#488=FACE_OUTER_BOUND('',#730,.T.);
#489=FACE_OUTER_BOUND('',#731,.T.);
#490=FACE_OUTER_BOUND('',#732,.T.);
#491=FACE_OUTER_BOUND('',#733,.T.);
#492=FACE_OUTER_BOUND('',#734,.T.);
#493=FACE_OUTER_BOUND('',#735,.T.);
#494=FACE_OUTER_BOUND('',#736,.T.);
#495=FACE_OUTER_BOUND('',#737,.T.);
#496=FACE_OUTER_BOUND('',#738,.T.);
#497=FACE_OUTER_BOUND('',#739,.T.);
#498=FACE_OUTER_BOUND('',#740,.T.);
#499=FACE_OUTER_BOUND('',#741,.T.);
#500=FACE_OUTER_BOUND('',#742,.T.);
#501=FACE_OUTER_BOUND('',#743,.T.);
#502=FACE_OUTER_BOUND('',#745,.T.);
#503=FACE_OUTER_BOUND('',#746,.T.);
#504=FACE_OUTER_BOUND('',#747,.T.);
#505=FACE_OUTER_BOUND('',#748,.T.);
#506=FACE_OUTER_BOUND('',#749,.T.);
#507=FACE_OUTER_BOUND('',#750,.T.);
#508=FACE_OUTER_BOUND('',#751,.T.);
#509=FACE_OUTER_BOUND('',#752,.T.);
#510=FACE_OUTER_BOUND('',#753,.T.);
#511=FACE_OUTER_BOUND('',#754,.T.);
#512=FACE_OUTER_BOUND('',#755,.T.);
#513=FACE_OUTER_BOUND('',#756,.T.);
#514=FACE_OUTER_BOUND('',#757,.T.);
#515=FACE_OUTER_BOUND('',#758,.T.);
#516=FACE_OUTER_BOUND('',#759,.T.);
#517=FACE_OUTER_BOUND('',#760,.T.);
#518=FACE_OUTER_BOUND('',#761,.T.);
#519=FACE_OUTER_BOUND('',#762,.T.);
#520=FACE_OUTER_BOUND('',#763,.T.);
#521=FACE_OUTER_BOUND('',#764,.T.);
#522=FACE_OUTER_BOUND('',#765,.T.);
#523=FACE_OUTER_BOUND('',#767,.T.);
#524=FACE_OUTER_BOUND('',#769,.T.);
#525=FACE_OUTER_BOUND('',#770,.T.);
#526=FACE_OUTER_BOUND('',#771,.T.);
#527=FACE_OUTER_BOUND('',#772,.T.);
#528=FACE_OUTER_BOUND('',#773,.T.);
#529=FACE_OUTER_BOUND('',#774,.T.);
#530=FACE_OUTER_BOUND('',#775,.T.);
#531=FACE_OUTER_BOUND('',#776,.T.);
#532=FACE_OUTER_BOUND('',#777,.T.);
#533=FACE_OUTER_BOUND('',#778,.T.);
#534=FACE_OUTER_BOUND('',#779,.T.);
#535=FACE_OUTER_BOUND('',#780,.T.);
#536=FACE_OUTER_BOUND('',#781,.T.);
#537=FACE_OUTER_BOUND('',#782,.T.);
#538=FACE_OUTER_BOUND('',#783,.T.);
#539=FACE_OUTER_BOUND('',#784,.T.);
#540=FACE_OUTER_BOUND('',#785,.T.);
#541=FACE_OUTER_BOUND('',#788,.T.);
#542=FACE_OUTER_BOUND('',#789,.T.);
#543=FACE_OUTER_BOUND('',#790,.T.);
#544=FACE_OUTER_BOUND('',#791,.T.);
#545=FACE_OUTER_BOUND('',#792,.T.);
#546=FACE_OUTER_BOUND('',#793,.T.);
#547=FACE_OUTER_BOUND('',#794,.T.);
#548=FACE_OUTER_BOUND('',#795,.T.);
#549=FACE_OUTER_BOUND('',#796,.T.);
#550=FACE_OUTER_BOUND('',#799,.T.);
#551=FACE_OUTER_BOUND('',#800,.T.);
#552=FACE_OUTER_BOUND('',#801,.T.);
#553=FACE_OUTER_BOUND('',#802,.T.);
#554=FACE_OUTER_BOUND('',#803,.T.);
#555=FACE_OUTER_BOUND('',#804,.T.);
#556=FACE_OUTER_BOUND('',#805,.T.);
#557=FACE_OUTER_BOUND('',#806,.T.);
#558=FACE_OUTER_BOUND('',#807,.T.);
#559=FACE_OUTER_BOUND('',#808,.T.);
#560=FACE_OUTER_BOUND('',#809,.T.);
#561=FACE_OUTER_BOUND('',#810,.T.);
#562=FACE_OUTER_BOUND('',#811,.T.);
#563=FACE_OUTER_BOUND('',#812,.T.);
#564=FACE_OUTER_BOUND('',#813,.T.);
#565=FACE_OUTER_BOUND('',#814,.T.);
#566=FACE_OUTER_BOUND('',#815,.T.);
#567=FACE_OUTER_BOUND('',#821,.T.);
#568=FACE_OUTER_BOUND('',#822,.T.);
#569=FACE_OUTER_BOUND('',#823,.T.);
#570=FACE_OUTER_BOUND('',#824,.T.);
#571=FACE_OUTER_BOUND('',#825,.T.);
#572=FACE_OUTER_BOUND('',#826,.T.);
#573=FACE_OUTER_BOUND('',#827,.T.);
#574=FACE_OUTER_BOUND('',#828,.T.);
#575=FACE_OUTER_BOUND('',#829,.T.);
#576=FACE_OUTER_BOUND('',#830,.T.);
#577=FACE_OUTER_BOUND('',#831,.T.);
#578=FACE_OUTER_BOUND('',#832,.T.);
#579=FACE_OUTER_BOUND('',#833,.T.);
#580=FACE_OUTER_BOUND('',#834,.T.);
#581=FACE_OUTER_BOUND('',#835,.T.);
#582=FACE_OUTER_BOUND('',#836,.T.);
#583=FACE_OUTER_BOUND('',#837,.T.);
#584=FACE_OUTER_BOUND('',#838,.T.);
#585=FACE_OUTER_BOUND('',#839,.T.);
#586=FACE_OUTER_BOUND('',#840,.T.);
#587=FACE_OUTER_BOUND('',#841,.T.);
#588=FACE_OUTER_BOUND('',#842,.T.);
#589=FACE_OUTER_BOUND('',#843,.T.);
#590=FACE_OUTER_BOUND('',#844,.T.);
#591=FACE_OUTER_BOUND('',#845,.T.);
#592=FACE_OUTER_BOUND('',#846,.T.);
#593=FACE_OUTER_BOUND('',#847,.T.);
#594=FACE_OUTER_BOUND('',#848,.T.);
#595=FACE_OUTER_BOUND('',#849,.T.);
#596=FACE_OUTER_BOUND('',#850,.T.);
#597=FACE_OUTER_BOUND('',#851,.T.);
#598=FACE_OUTER_BOUND('',#852,.T.);
#599=FACE_OUTER_BOUND('',#853,.T.);
#600=FACE_OUTER_BOUND('',#854,.T.);
#601=FACE_OUTER_BOUND('',#855,.T.);
#602=FACE_OUTER_BOUND('',#856,.T.);
#603=FACE_OUTER_BOUND('',#857,.T.);
#604=FACE_OUTER_BOUND('',#858,.T.);
#605=FACE_OUTER_BOUND('',#859,.T.);
#606=FACE_OUTER_BOUND('',#860,.T.);
#607=FACE_OUTER_BOUND('',#861,.T.);
#608=FACE_OUTER_BOUND('',#862,.T.);
#609=FACE_OUTER_BOUND('',#863,.T.);
#610=FACE_OUTER_BOUND('',#864,.T.);
#611=FACE_OUTER_BOUND('',#865,.T.);
#612=FACE_OUTER_BOUND('',#866,.T.);
#613=FACE_OUTER_BOUND('',#867,.T.);
#614=FACE_OUTER_BOUND('',#868,.T.);
#615=FACE_OUTER_BOUND('',#869,.T.);
#616=FACE_OUTER_BOUND('',#870,.T.);
#617=FACE_OUTER_BOUND('',#871,.T.);
#618=FACE_OUTER_BOUND('',#872,.T.);
#619=FACE_OUTER_BOUND('',#873,.T.);
#620=FACE_OUTER_BOUND('',#874,.T.);
#621=FACE_OUTER_BOUND('',#875,.T.);
#622=FACE_OUTER_BOUND('',#876,.T.);
#623=FACE_OUTER_BOUND('',#877,.T.);
#624=FACE_OUTER_BOUND('',#878,.T.);
#625=FACE_OUTER_BOUND('',#879,.T.);
#626=FACE_OUTER_BOUND('',#880,.T.);
#627=FACE_OUTER_BOUND('',#881,.T.);
#628=FACE_OUTER_BOUND('',#882,.T.);
#629=FACE_OUTER_BOUND('',#883,.T.);
#630=FACE_OUTER_BOUND('',#884,.T.);
#631=FACE_OUTER_BOUND('',#885,.T.);
#632=FACE_OUTER_BOUND('',#886,.T.);
#633=FACE_OUTER_BOUND('',#887,.T.);
#634=FACE_OUTER_BOUND('',#888,.T.);
#635=FACE_OUTER_BOUND('',#889,.T.);
#636=FACE_OUTER_BOUND('',#890,.T.);
#637=FACE_OUTER_BOUND('',#891,.T.);
#638=FACE_OUTER_BOUND('',#892,.T.);
#639=FACE_OUTER_BOUND('',#893,.T.);
#640=EDGE_LOOP('',(#2688,#2689,#2690,#2691));
#641=EDGE_LOOP('',(#2692,#2693,#2694,#2695));
#642=EDGE_LOOP('',(#2696,#2697,#2698,#2699,#2700,#2701));
#643=EDGE_LOOP('',(#2702));
#644=EDGE_LOOP('',(#2703,#2704,#2705,#2706,#2707,#2708));
#645=EDGE_LOOP('',(#2709));
#646=EDGE_LOOP('',(#2710,#2711,#2712,#2713));
#647=EDGE_LOOP('',(#2714,#2715,#2716,#2717));
#648=EDGE_LOOP('',(#2718,#2719,#2720,#2721));
#649=EDGE_LOOP('',(#2722,#2723,#2724,#2725));
#650=EDGE_LOOP('',(#2726,#2727,#2728,#2729));
#651=EDGE_LOOP('',(#2730,#2731,#2732,#2733));
#652=EDGE_LOOP('',(#2734));
#653=EDGE_LOOP('',(#2735,#2736,#2737,#2738));
#654=EDGE_LOOP('',(#2739,#2740,#2741,#2742));
#655=EDGE_LOOP('',(#2743,#2744,#2745,#2746));
#656=EDGE_LOOP('',(#2747,#2748,#2749,#2750));
#657=EDGE_LOOP('',(#2751,#2752,#2753,#2754));
#658=EDGE_LOOP('',(#2755,#2756,#2757,#2758));
#659=EDGE_LOOP('',(#2759,#2760,#2761,#2762));
#660=EDGE_LOOP('',(#2763,#2764,#2765,#2766));
#661=EDGE_LOOP('',(#2767));
#662=EDGE_LOOP('',(#2768));
#663=EDGE_LOOP('',(#2769,#2770,#2771,#2772));
#664=EDGE_LOOP('',(#2773));
#665=EDGE_LOOP('',(#2774,#2775,#2776,#2777));
#666=EDGE_LOOP('',(#2778,#2779,#2780,#2781));
#667=EDGE_LOOP('',(#2782,#2783,#2784,#2785));
#668=EDGE_LOOP('',(#2786,#2787,#2788,#2789,#2790,#2791,#2792,#2793,#2794,
#2795,#2796,#2797,#2798,#2799,#2800,#2801));
#669=EDGE_LOOP('',(#2802,#2803,#2804,#2805));
#670=EDGE_LOOP('',(#2806));
#671=EDGE_LOOP('',(#2807,#2808,#2809,#2810));
#672=EDGE_LOOP('',(#2811,#2812,#2813,#2814));
#673=EDGE_LOOP('',(#2815));
#674=EDGE_LOOP('',(#2816,#2817,#2818,#2819));
#675=EDGE_LOOP('',(#2820,#2821,#2822,#2823));
#676=EDGE_LOOP('',(#2824));
#677=EDGE_LOOP('',(#2825,#2826,#2827,#2828));
#678=EDGE_LOOP('',(#2829,#2830,#2831,#2832));
#679=EDGE_LOOP('',(#2833,#2834,#2835,#2836));
#680=EDGE_LOOP('',(#2837,#2838,#2839,#2840));
#681=EDGE_LOOP('',(#2841,#2842,#2843,#2844));
#682=EDGE_LOOP('',(#2845,#2846,#2847,#2848));
#683=EDGE_LOOP('',(#2849,#2850,#2851,#2852));
#684=EDGE_LOOP('',(#2853,#2854,#2855,#2856));
#685=EDGE_LOOP('',(#2857,#2858,#2859,#2860));
#686=EDGE_LOOP('',(#2861,#2862,#2863,#2864));
#687=EDGE_LOOP('',(#2865));
#688=EDGE_LOOP('',(#2866,#2867,#2868,#2869));
#689=EDGE_LOOP('',(#2870,#2871,#2872,#2873));
#690=EDGE_LOOP('',(#2874,#2875,#2876,#2877,#2878,#2879,#2880,#2881,#2882,
#2883,#2884,#2885,#2886,#2887,#2888,#2889));
#691=EDGE_LOOP('',(#2890,#2891,#2892,#2893));
#692=EDGE_LOOP('',(#2894));
#693=EDGE_LOOP('',(#2895,#2896,#2897,#2898));
#694=EDGE_LOOP('',(#2899,#2900,#2901,#2902));
#695=EDGE_LOOP('',(#2903,#2904,#2905,#2906));
#696=EDGE_LOOP('',(#2907,#2908,#2909,#2910,#2911,#2912,#2913,#2914));
#697=EDGE_LOOP('',(#2915,#2916,#2917,#2918,#2919,#2920,#2921,#2922));
#698=EDGE_LOOP('',(#2923,#2924,#2925,#2926));
#699=EDGE_LOOP('',(#2927,#2928,#2929,#2930));
#700=EDGE_LOOP('',(#2931,#2932,#2933,#2934));
#701=EDGE_LOOP('',(#2935,#2936,#2937,#2938));
#702=EDGE_LOOP('',(#2939,#2940,#2941,#2942));
#703=EDGE_LOOP('',(#2943,#2944,#2945,#2946,#2947,#2948,#2949,#2950));
#704=EDGE_LOOP('',(#2951));
#705=EDGE_LOOP('',(#2952,#2953,#2954,#2955));
#706=EDGE_LOOP('',(#2956,#2957,#2958,#2959,#2960,#2961,#2962,#2963));
#707=EDGE_LOOP('',(#2964));
#708=EDGE_LOOP('',(#2965,#2966,#2967,#2968));
#709=EDGE_LOOP('',(#2969,#2970,#2971,#2972));
#710=EDGE_LOOP('',(#2973,#2974,#2975,#2976));
#711=EDGE_LOOP('',(#2977,#2978,#2979,#2980));
#712=EDGE_LOOP('',(#2981));
#713=EDGE_LOOP('',(#2982,#2983,#2984,#2985));
#714=EDGE_LOOP('',(#2986));
#715=EDGE_LOOP('',(#2987,#2988,#2989,#2990));
#716=EDGE_LOOP('',(#2991,#2992));
#717=EDGE_LOOP('',(#2993,#2994,#2995,#2996));
#718=EDGE_LOOP('',(#2997));
#719=EDGE_LOOP('',(#2998));
#720=EDGE_LOOP('',(#2999));
#721=EDGE_LOOP('',(#3000,#3001,#3002,#3003,#3004,#3005));
#722=EDGE_LOOP('',(#3006));
#723=EDGE_LOOP('',(#3007));
#724=EDGE_LOOP('',(#3008,#3009));
#725=EDGE_LOOP('',(#3010,#3011));
#726=EDGE_LOOP('',(#3012,#3013));
#727=EDGE_LOOP('',(#3014,#3015));
#728=EDGE_LOOP('',(#3016,#3017));
#729=EDGE_LOOP('',(#3018,#3019,#3020,#3021,#3022,#3023));
#730=EDGE_LOOP('',(#3024,#3025,#3026,#3027));
#731=EDGE_LOOP('',(#3028,#3029,#3030,#3031));
#732=EDGE_LOOP('',(#3032,#3033,#3034,#3035));
#733=EDGE_LOOP('',(#3036,#3037,#3038,#3039));
#734=EDGE_LOOP('',(#3040,#3041,#3042,#3043));
#735=EDGE_LOOP('',(#3044,#3045,#3046,#3047));
#736=EDGE_LOOP('',(#3048,#3049,#3050,#3051,#3052,#3053));
#737=EDGE_LOOP('',(#3054,#3055,#3056,#3057,#3058));
#738=EDGE_LOOP('',(#3059,#3060,#3061,#3062,#3063,#3064));
#739=EDGE_LOOP('',(#3065,#3066,#3067,#3068,#3069,#3070,#3071,#3072,#3073,
#3074,#3075,#3076,#3077,#3078));
#740=EDGE_LOOP('',(#3079,#3080,#3081,#3082,#3083,#3084,#3085,#3086,#3087));
#741=EDGE_LOOP('',(#3088,#3089,#3090,#3091,#3092));
#742=EDGE_LOOP('',(#3093,#3094,#3095,#3096));
#743=EDGE_LOOP('',(#3097,#3098,#3099,#3100));
#744=EDGE_LOOP('',(#3101));
#745=EDGE_LOOP('',(#3102,#3103,#3104,#3105));
#746=EDGE_LOOP('',(#3106,#3107,#3108,#3109));
#747=EDGE_LOOP('',(#3110,#3111,#3112,#3113));
#748=EDGE_LOOP('',(#3114,#3115,#3116,#3117));
#749=EDGE_LOOP('',(#3118,#3119,#3120,#3121));
#750=EDGE_LOOP('',(#3122,#3123,#3124,#3125));
#751=EDGE_LOOP('',(#3126,#3127,#3128,#3129));
#752=EDGE_LOOP('',(#3130,#3131,#3132,#3133));
#753=EDGE_LOOP('',(#3134,#3135,#3136,#3137));
#754=EDGE_LOOP('',(#3138,#3139,#3140,#3141));
#755=EDGE_LOOP('',(#3142,#3143,#3144,#3145));
#756=EDGE_LOOP('',(#3146,#3147,#3148,#3149,#3150,#3151,#3152,#3153,#3154,
#3155,#3156,#3157,#3158,#3159));
#757=EDGE_LOOP('',(#3160,#3161,#3162,#3163,#3164,#3165,#3166,#3167,#3168,
#3169));
#758=EDGE_LOOP('',(#3170,#3171,#3172,#3173));
#759=EDGE_LOOP('',(#3174,#3175,#3176,#3177,#3178));
#760=EDGE_LOOP('',(#3179,#3180,#3181,#3182,#3183));
#761=EDGE_LOOP('',(#3184,#3185,#3186,#3187));
#762=EDGE_LOOP('',(#3188,#3189,#3190,#3191,#3192));
#763=EDGE_LOOP('',(#3193,#3194,#3195,#3196,#3197));
#764=EDGE_LOOP('',(#3198));
#765=EDGE_LOOP('',(#3199));
#766=EDGE_LOOP('',(#3200));
#767=EDGE_LOOP('',(#3201));
#768=EDGE_LOOP('',(#3202));
#769=EDGE_LOOP('',(#3203,#3204,#3205,#3206,#3207,#3208));
#770=EDGE_LOOP('',(#3209,#3210,#3211,#3212));
#771=EDGE_LOOP('',(#3213,#3214,#3215,#3216));
#772=EDGE_LOOP('',(#3217,#3218,#3219,#3220,#3221));
#773=EDGE_LOOP('',(#3222,#3223,#3224,#3225));
#774=EDGE_LOOP('',(#3226,#3227,#3228,#3229));
#775=EDGE_LOOP('',(#3230,#3231,#3232,#3233));
#776=EDGE_LOOP('',(#3234,#3235,#3236,#3237));
#777=EDGE_LOOP('',(#3238,#3239,#3240,#3241));
#778=EDGE_LOOP('',(#3242,#3243,#3244,#3245));
#779=EDGE_LOOP('',(#3246,#3247,#3248,#3249,#3250,#3251,#3252,#3253));
#780=EDGE_LOOP('',(#3254,#3255,#3256,#3257));
#781=EDGE_LOOP('',(#3258,#3259,#3260,#3261));
#782=EDGE_LOOP('',(#3262,#3263,#3264,#3265));
#783=EDGE_LOOP('',(#3266,#3267,#3268,#3269,#3270,#3271,#3272,#3273,#3274,
#3275,#3276,#3277,#3278));
#784=EDGE_LOOP('',(#3279,#3280,#3281,#3282,#3283,#3284,#3285,#3286,#3287,
#3288,#3289,#3290,#3291));
#785=EDGE_LOOP('',(#3292,#3293,#3294,#3295,#3296,#3297,#3298,#3299));
#786=EDGE_LOOP('',(#3300,#3301,#3302,#3303));
#787=EDGE_LOOP('',(#3304,#3305,#3306,#3307));
#788=EDGE_LOOP('',(#3308,#3309,#3310,#3311));
#789=EDGE_LOOP('',(#3312,#3313,#3314,#3315,#3316,#3317,#3318,#3319,#3320,
#3321,#3322));
#790=EDGE_LOOP('',(#3323,#3324,#3325,#3326));
#791=EDGE_LOOP('',(#3327,#3328,#3329,#3330,#3331,#3332,#3333,#3334,#3335,
#3336,#3337,#3338,#3339,#3340));
#792=EDGE_LOOP('',(#3341,#3342,#3343,#3344,#3345,#3346,#3347,#3348,#3349,
#3350,#3351,#3352,#3353,#3354));
#793=EDGE_LOOP('',(#3355,#3356,#3357,#3358,#3359,#3360,#3361,#3362,#3363,
#3364,#3365));
#794=EDGE_LOOP('',(#3366,#3367,#3368,#3369));
#795=EDGE_LOOP('',(#3370,#3371,#3372,#3373,#3374));
#796=EDGE_LOOP('',(#3375,#3376,#3377,#3378,#3379,#3380,#3381,#3382));
#797=EDGE_LOOP('',(#3383));
#798=EDGE_LOOP('',(#3384));
#799=EDGE_LOOP('',(#3385,#3386,#3387,#3388,#3389));
#800=EDGE_LOOP('',(#3390,#3391,#3392,#3393,#3394,#3395));
#801=EDGE_LOOP('',(#3396,#3397,#3398,#3399));
#802=EDGE_LOOP('',(#3400,#3401,#3402,#3403,#3404,#3405));
#803=EDGE_LOOP('',(#3406,#3407,#3408,#3409,#3410,#3411));
#804=EDGE_LOOP('',(#3412,#3413,#3414,#3415));
#805=EDGE_LOOP('',(#3416,#3417,#3418,#3419,#3420,#3421));
#806=EDGE_LOOP('',(#3422,#3423,#3424,#3425,#3426,#3427));
#807=EDGE_LOOP('',(#3428,#3429,#3430,#3431));
#808=EDGE_LOOP('',(#3432,#3433,#3434,#3435,#3436,#3437));
#809=EDGE_LOOP('',(#3438,#3439,#3440,#3441));
#810=EDGE_LOOP('',(#3442,#3443,#3444,#3445));
#811=EDGE_LOOP('',(#3446,#3447,#3448,#3449,#3450));
#812=EDGE_LOOP('',(#3451,#3452,#3453,#3454));
#813=EDGE_LOOP('',(#3455,#3456,#3457,#3458,#3459));
#814=EDGE_LOOP('',(#3460,#3461,#3462,#3463));
#815=EDGE_LOOP('',(#3464,#3465,#3466,#3467,#3468,#3469,#3470,#3471,#3472,
#3473,#3474,#3475));
#816=EDGE_LOOP('',(#3476,#3477,#3478,#3479));
#817=EDGE_LOOP('',(#3480,#3481,#3482,#3483));
#818=EDGE_LOOP('',(#3484,#3485,#3486,#3487));
#819=EDGE_LOOP('',(#3488,#3489,#3490,#3491));
#820=EDGE_LOOP('',(#3492,#3493,#3494,#3495,#3496,#3497));
#821=EDGE_LOOP('',(#3498,#3499,#3500,#3501,#3502,#3503,#3504,#3505));
#822=EDGE_LOOP('',(#3506,#3507,#3508,#3509));
#823=EDGE_LOOP('',(#3510,#3511,#3512,#3513));
#824=EDGE_LOOP('',(#3514,#3515,#3516,#3517,#3518,#3519,#3520,#3521));
#825=EDGE_LOOP('',(#3522,#3523,#3524,#3525));
#826=EDGE_LOOP('',(#3526,#3527,#3528,#3529));
#827=EDGE_LOOP('',(#3530,#3531,#3532,#3533));
#828=EDGE_LOOP('',(#3534,#3535,#3536,#3537));
#829=EDGE_LOOP('',(#3538,#3539,#3540,#3541,#3542,#3543));
#830=EDGE_LOOP('',(#3544,#3545,#3546));
#831=EDGE_LOOP('',(#3547,#3548,#3549));
#832=EDGE_LOOP('',(#3550,#3551,#3552,#3553));
#833=EDGE_LOOP('',(#3554,#3555,#3556,#3557));
#834=EDGE_LOOP('',(#3558,#3559,#3560,#3561));
#835=EDGE_LOOP('',(#3562,#3563,#3564,#3565));
#836=EDGE_LOOP('',(#3566,#3567,#3568,#3569));
#837=EDGE_LOOP('',(#3570,#3571,#3572,#3573));
#838=EDGE_LOOP('',(#3574,#3575,#3576,#3577));
#839=EDGE_LOOP('',(#3578,#3579,#3580,#3581));
#840=EDGE_LOOP('',(#3582,#3583,#3584,#3585));
#841=EDGE_LOOP('',(#3586,#3587,#3588,#3589));
#842=EDGE_LOOP('',(#3590,#3591,#3592,#3593));
#843=EDGE_LOOP('',(#3594,#3595,#3596,#3597));
#844=EDGE_LOOP('',(#3598,#3599,#3600,#3601));
#845=EDGE_LOOP('',(#3602,#3603,#3604,#3605));
#846=EDGE_LOOP('',(#3606,#3607,#3608,#3609));
#847=EDGE_LOOP('',(#3610,#3611,#3612,#3613));
#848=EDGE_LOOP('',(#3614,#3615,#3616,#3617));
#849=EDGE_LOOP('',(#3618,#3619,#3620,#3621));
#850=EDGE_LOOP('',(#3622,#3623,#3624,#3625));
#851=EDGE_LOOP('',(#3626,#3627,#3628,#3629,#3630,#3631));
#852=EDGE_LOOP('',(#3632,#3633,#3634,#3635));
#853=EDGE_LOOP('',(#3636,#3637,#3638,#3639));
#854=EDGE_LOOP('',(#3640,#3641,#3642,#3643));
#855=EDGE_LOOP('',(#3644,#3645,#3646,#3647,#3648));
#856=EDGE_LOOP('',(#3649,#3650,#3651,#3652));
#857=EDGE_LOOP('',(#3653,#3654,#3655,#3656));
#858=EDGE_LOOP('',(#3657,#3658,#3659,#3660));
#859=EDGE_LOOP('',(#3661,#3662,#3663,#3664,#3665));
#860=EDGE_LOOP('',(#3666,#3667,#3668,#3669,#3670,#3671));
#861=EDGE_LOOP('',(#3672,#3673,#3674,#3675));
#862=EDGE_LOOP('',(#3676));
#863=EDGE_LOOP('',(#3677));
#864=EDGE_LOOP('',(#3678,#3679,#3680,#3681));
#865=EDGE_LOOP('',(#3682,#3683,#3684,#3685));
#866=EDGE_LOOP('',(#3686,#3687,#3688,#3689));
#867=EDGE_LOOP('',(#3690,#3691,#3692,#3693,#3694,#3695));
#868=EDGE_LOOP('',(#3696,#3697,#3698,#3699,#3700,#3701));
#869=EDGE_LOOP('',(#3702,#3703,#3704,#3705));
#870=EDGE_LOOP('',(#3706,#3707,#3708,#3709,#3710,#3711,#3712,#3713));
#871=EDGE_LOOP('',(#3714,#3715,#3716,#3717));
#872=EDGE_LOOP('',(#3718,#3719,#3720,#3721));
#873=EDGE_LOOP('',(#3722,#3723,#3724,#3725,#3726,#3727));
#874=EDGE_LOOP('',(#3728,#3729,#3730,#3731,#3732,#3733));
#875=EDGE_LOOP('',(#3734,#3735,#3736,#3737,#3738,#3739,#3740,#3741));
#876=EDGE_LOOP('',(#3742,#3743,#3744,#3745));
#877=EDGE_LOOP('',(#3746,#3747,#3748,#3749));
#878=EDGE_LOOP('',(#3750,#3751,#3752,#3753));
#879=EDGE_LOOP('',(#3754,#3755,#3756,#3757));
#880=EDGE_LOOP('',(#3758,#3759,#3760,#3761));
#881=EDGE_LOOP('',(#3762,#3763,#3764,#3765));
#882=EDGE_LOOP('',(#3766,#3767,#3768,#3769));
#883=EDGE_LOOP('',(#3770,#3771,#3772,#3773));
#884=EDGE_LOOP('',(#3774,#3775,#3776,#3777));
#885=EDGE_LOOP('',(#3778,#3779,#3780,#3781));
#886=EDGE_LOOP('',(#3782,#3783,#3784,#3785));
#887=EDGE_LOOP('',(#3786,#3787,#3788,#3789));
#888=EDGE_LOOP('',(#3790,#3791,#3792,#3793));
#889=EDGE_LOOP('',(#3794,#3795,#3796,#3797));
#890=EDGE_LOOP('',(#3798,#3799,#3800,#3801));
#891=EDGE_LOOP('',(#3802,#3803,#3804,#3805));
#892=EDGE_LOOP('',(#3806,#3807,#3808,#3809));
#893=EDGE_LOOP('',(#3810,#3811,#3812,#3813));
#894=LINE('',#5686,#1265);
#895=LINE('',#5689,#1266);
#896=LINE('',#5694,#1267);
#897=LINE('',#5698,#1268);
#898=LINE('',#5700,#1269);
#899=LINE('',#5702,#1270);
#900=LINE('',#5704,#1271);
#901=LINE('',#5705,#1272);
#902=LINE('',#5708,#1273);
#903=LINE('',#5710,#1274);
#904=LINE('',#5712,#1275);
#905=LINE('',#5714,#1276);
#906=LINE('',#5715,#1277);
#907=LINE('',#5717,#1278);
#908=LINE('',#5719,#1279);
#909=LINE('',#5721,#1280);
#910=LINE('',#5723,#1281);
#911=LINE('',#5728,#1282);
#912=LINE('',#5730,#1283);
#913=LINE('',#5732,#1284);
#914=LINE('',#5733,#1285);
#915=LINE('',#5740,#1286);
#916=LINE('',#5747,#1287);
#917=LINE('',#5750,#1288);
#918=LINE('',#5756,#1289);
#919=LINE('',#5759,#1290);
#920=LINE('',#5765,#1291);
#921=LINE('',#5768,#1292);
#922=LINE('',#5773,#1293);
#923=LINE('',#5779,#1294);
#924=LINE('',#5785,#1295);
#925=LINE('',#5791,#1296);
#926=LINE('',#5798,#1297);
#927=LINE('',#5800,#1298);
#928=LINE('',#5802,#1299);
#929=LINE('',#5803,#1300);
#930=LINE('',#5806,#1301);
#931=LINE('',#5808,#1302);
#932=LINE('',#5809,#1303);
#933=LINE('',#5812,#1304);
#934=LINE('',#5814,#1305);
#935=LINE('',#5815,#1306);
#936=LINE('',#5818,#1307);
#937=LINE('',#5820,#1308);
#938=LINE('',#5821,#1309);
#939=LINE('',#5824,#1310);
#940=LINE('',#5826,#1311);
#941=LINE('',#5828,#1312);
#942=LINE('',#5830,#1313);
#943=LINE('',#5831,#1314);
#944=LINE('',#5833,#1315);
#945=LINE('',#5835,#1316);
#946=LINE('',#5837,#1317);
#947=LINE('',#5839,#1318);
#948=LINE('',#5841,#1319);
#949=LINE('',#5842,#1320);
#950=LINE('',#5843,#1321);
#951=LINE('',#5844,#1322);
#952=LINE('',#5848,#1323);
#953=LINE('',#5850,#1324);
#954=LINE('',#5852,#1325);
#955=LINE('',#5853,#1326);
#956=LINE('',#5856,#1327);
#957=LINE('',#5858,#1328);
#958=LINE('',#5859,#1329);
#959=LINE('',#5862,#1330);
#960=LINE('',#5864,#1331);
#961=LINE('',#5865,#1332);
#962=LINE('',#5867,#1333);
#963=LINE('',#5868,#1334);
#964=LINE('',#5872,#1335);
#965=LINE('',#5874,#1336);
#966=LINE('',#5875,#1337);
#967=LINE('',#5878,#1338);
#968=LINE('',#5879,#1339);
#969=LINE('',#5882,#1340);
#970=LINE('',#5883,#1341);
#971=LINE('',#5885,#1342);
#972=LINE('',#5887,#1343);
#973=LINE('',#5889,#1344);
#974=LINE('',#5892,#1345);
#975=LINE('',#5894,#1346);
#976=LINE('',#5895,#1347);
#977=LINE('',#5898,#1348);
#978=LINE('',#5900,#1349);
#979=LINE('',#5901,#1350);
#980=LINE('',#5903,#1351);
#981=LINE('',#5905,#1352);
#982=LINE('',#5907,#1353);
#983=LINE('',#5910,#1354);
#984=LINE('',#5912,#1355);
#985=LINE('',#5914,#1356);
#986=LINE('',#5916,#1357);
#987=LINE('',#5918,#1358);
#988=LINE('',#5919,#1359);
#989=LINE('',#5922,#1360);
#990=LINE('',#5924,#1361);
#991=LINE('',#5925,#1362);
#992=LINE('',#5928,#1363);
#993=LINE('',#5929,#1364);
#994=LINE('',#5932,#1365);
#995=LINE('',#5933,#1366);
#996=LINE('',#5936,#1367);
#997=LINE('',#5938,#1368);
#998=LINE('',#5940,#1369);
#999=LINE('',#5941,#1370);
#1000=LINE('',#5944,#1371);
#1001=LINE('',#5946,#1372);
#1002=LINE('',#5948,#1373);
#1003=LINE('',#5949,#1374);
#1004=LINE('',#5950,#1375);
#1005=LINE('',#5953,#1376);
#1006=LINE('',#5954,#1377);
#1007=LINE('',#5957,#1378);
#1008=LINE('',#5958,#1379);
#1009=LINE('',#5960,#1380);
#1010=LINE('',#5963,#1381);
#1011=LINE('',#5965,#1382);
#1012=LINE('',#5966,#1383);
#1013=LINE('',#5970,#1384);
#1014=LINE('',#5971,#1385);
#1015=LINE('',#5974,#1386);
#1016=LINE('',#5975,#1387);
#1017=LINE('',#5977,#1388);
#1018=LINE('',#5982,#1389);
#1019=LINE('',#5989,#1390);
#1020=LINE('',#5995,#1391);
#1021=LINE('',#6007,#1392);
#1022=LINE('',#6046,#1393);
#1023=LINE('',#6048,#1394);
#1024=LINE('',#6050,#1395);
#1025=LINE('',#6052,#1396);
#1026=LINE('',#6054,#1397);
#1027=LINE('',#6055,#1398);
#1028=LINE('',#6057,#1399);
#1029=LINE('',#6058,#1400);
#1030=LINE('',#6060,#1401);
#1031=LINE('',#6062,#1402);
#1032=LINE('',#6064,#1403);
#1033=LINE('',#6066,#1404);
#1034=LINE('',#6084,#1405);
#1035=LINE('',#6088,#1406);
#1036=LINE('',#6091,#1407);
#1037=LINE('',#6096,#1408);
#1038=LINE('',#6114,#1409);
#1039=LINE('',#6118,#1410);
#1040=LINE('',#6121,#1411);
#1041=LINE('',#6125,#1412);
#1042=LINE('',#6127,#1413);
#1043=LINE('',#6131,#1414);
#1044=LINE('',#6135,#1415);
#1045=LINE('',#6139,#1416);
#1046=LINE('',#6143,#1417);
#1047=LINE('',#6147,#1418);
#1048=LINE('',#6152,#1419);
#1049=LINE('',#6155,#1420);
#1050=LINE('',#6159,#1421);
#1051=LINE('',#6161,#1422);
#1052=LINE('',#6162,#1423);
#1053=LINE('',#6166,#1424);
#1054=LINE('',#6171,#1425);
#1055=LINE('',#6174,#1426);
#1056=LINE('',#6175,#1427);
#1057=LINE('',#6179,#1428);
#1058=LINE('',#6182,#1429);
#1059=LINE('',#6183,#1430);
#1060=LINE('',#6189,#1431);
#1061=LINE('',#6192,#1432);
#1062=LINE('',#6193,#1433);
#1063=LINE('',#6197,#1434);
#1064=LINE('',#6199,#1435);
#1065=LINE('',#6221,#1436);
#1066=LINE('',#6238,#1437);
#1067=LINE('',#6245,#1438);
#1068=LINE('',#6248,#1439);
#1069=LINE('',#6261,#1440);
#1070=LINE('',#6264,#1441);
#1071=LINE('',#6272,#1442);
#1072=LINE('',#6274,#1443);
#1073=LINE('',#6276,#1444);
#1074=LINE('',#6278,#1445);
#1075=LINE('',#6280,#1446);
#1076=LINE('',#6281,#1447);
#1077=LINE('',#6283,#1448);
#1078=LINE('',#6284,#1449);
#1079=LINE('',#6286,#1450);
#1080=LINE('',#6288,#1451);
#1081=LINE('',#6290,#1452);
#1082=LINE('',#6292,#1453);
#1083=LINE('',#6315,#1454);
#1084=LINE('',#6316,#1455);
#1085=LINE('',#6332,#1456);
#1086=LINE('',#6336,#1457);
#1087=LINE('',#6339,#1458);
#1088=LINE('',#6342,#1459);
#1089=LINE('',#6345,#1460);
#1090=LINE('',#6348,#1461);
#1091=LINE('',#6349,#1462);
#1092=LINE('',#6352,#1463);
#1093=LINE('',#6365,#1464);
#1094=LINE('',#6367,#1465);
#1095=LINE('',#6373,#1466);
#1096=LINE('',#6375,#1467);
#1097=LINE('',#6381,#1468);
#1098=LINE('',#6383,#1469);
#1099=LINE('',#6384,#1470);
#1100=LINE('',#6387,#1471);
#1101=LINE('',#6389,#1472);
#1102=LINE('',#6391,#1473);
#1103=LINE('',#6397,#1474);
#1104=LINE('',#6399,#1475);
#1105=LINE('',#6405,#1476);
#1106=LINE('',#6407,#1477);
#1107=LINE('',#6420,#1478);
#1108=LINE('',#6424,#1479);
#1109=LINE('',#6428,#1480);
#1110=LINE('',#6432,#1481);
#1111=LINE('',#6436,#1482);
#1112=LINE('',#6443,#1483);
#1113=LINE('',#6446,#1484);
#1114=LINE('',#6449,#1485);
#1115=LINE('',#6451,#1486);
#1116=LINE('',#6453,#1487);
#1117=LINE('',#6455,#1488);
#1118=LINE('',#6459,#1489);
#1119=LINE('',#6461,#1490);
#1120=LINE('',#6463,#1491);
#1121=LINE('',#6465,#1492);
#1122=LINE('',#6466,#1493);
#1123=LINE('',#6472,#1494);
#1124=LINE('',#6475,#1495);
#1125=LINE('',#6478,#1496);
#1126=LINE('',#6484,#1497);
#1127=LINE('',#6486,#1498);
#1128=LINE('',#6492,#1499);
#1129=LINE('',#6498,#1500);
#1130=LINE('',#6500,#1501);
#1131=LINE('',#6506,#1502);
#1132=LINE('',#6507,#1503);
#1133=LINE('',#6511,#1504);
#1134=LINE('',#6513,#1505);
#1135=LINE('',#6515,#1506);
#1136=LINE('',#6519,#1507);
#1137=LINE('',#6522,#1508);
#1138=LINE('',#6524,#1509);
#1139=LINE('',#6526,#1510);
#1140=LINE('',#6528,#1511);
#1141=LINE('',#6532,#1512);
#1142=LINE('',#6535,#1513);
#1143=LINE('',#6537,#1514);
#1144=LINE('',#6539,#1515);
#1145=LINE('',#6541,#1516);
#1146=LINE('',#6545,#1517);
#1147=LINE('',#6547,#1518);
#1148=LINE('',#6549,#1519);
#1149=LINE('',#6550,#1520);
#1150=LINE('',#6552,#1521);
#1151=LINE('',#6554,#1522);
#1152=LINE('',#6559,#1523);
#1153=LINE('',#6566,#1524);
#1154=LINE('',#6573,#1525);
#1155=LINE('',#6574,#1526);
#1156=LINE('',#6585,#1527);
#1157=LINE('',#6586,#1528);
#1158=LINE('',#6589,#1529);
#1159=LINE('',#6591,#1530);
#1160=LINE('',#6593,#1531);
#1161=LINE('',#6604,#1532);
#1162=LINE('',#6615,#1533);
#1163=LINE('',#6616,#1534);
#1164=LINE('',#6619,#1535);
#1165=LINE('',#6621,#1536);
#1166=LINE('',#6623,#1537);
#1167=LINE('',#6628,#1538);
#1168=LINE('',#6654,#1539);
#1169=LINE('',#6655,#1540);
#1170=LINE('',#6660,#1541);
#1171=LINE('',#6661,#1542);
#1172=LINE('',#6664,#1543);
#1173=LINE('',#6667,#1544);
#1174=LINE('',#6670,#1545);
#1175=LINE('',#6674,#1546);
#1176=LINE('',#6678,#1547);
#1177=LINE('',#6682,#1548);
#1178=LINE('',#6695,#1549);
#1179=LINE('',#6707,#1550);
#1180=LINE('',#6710,#1551);
#1181=LINE('',#6712,#1552);
#1182=LINE('',#6714,#1553);
#1183=LINE('',#6715,#1554);
#1184=LINE('',#6720,#1555);
#1185=LINE('',#6723,#1556);
#1186=LINE('',#6728,#1557);
#1187=LINE('',#6731,#1558);
#1188=LINE('',#6734,#1559);
#1189=LINE('',#6736,#1560);
#1190=LINE('',#6738,#1561);
#1191=LINE('',#6739,#1562);
#1192=LINE('',#6742,#1563);
#1193=LINE('',#6744,#1564);
#1194=LINE('',#6748,#1565);
#1195=LINE('',#6751,#1566);
#1196=LINE('',#6753,#1567);
#1197=LINE('',#6755,#1568);
#1198=LINE('',#6757,#1569);
#1199=LINE('',#6758,#1570);
#1200=LINE('',#6760,#1571);
#1201=LINE('',#6762,#1572);
#1202=LINE('',#6777,#1573);
#1203=LINE('',#6778,#1574);
#1204=LINE('',#6779,#1575);
#1205=LINE('',#6786,#1576);
#1206=LINE('',#6790,#1577);
#1207=LINE('',#6791,#1578);
#1208=LINE('',#6801,#1579);
#1209=LINE('',#6842,#1580);
#1210=LINE('',#6848,#1581);
#1211=LINE('',#6886,#1582);
#1212=LINE('',#6890,#1583);
#1213=LINE('',#6894,#1584);
#1214=LINE('',#6895,#1585);
#1215=LINE('',#6902,#1586);
#1216=LINE('',#6911,#1587);
#1217=LINE('',#6915,#1588);
#1218=LINE('',#6919,#1589);
#1219=LINE('',#6927,#1590);
#1220=LINE('',#6929,#1591);
#1221=LINE('',#6930,#1592);
#1222=LINE('',#6932,#1593);
#1223=LINE('',#6934,#1594);
#1224=LINE('',#6936,#1595);
#1225=LINE('',#6938,#1596);
#1226=LINE('',#6940,#1597);
#1227=LINE('',#6942,#1598);
#1228=LINE('',#6950,#1599);
#1229=LINE('',#6952,#1600);
#1230=LINE('',#6953,#1601);
#1231=LINE('',#6956,#1602);
#1232=LINE('',#6958,#1603);
#1233=LINE('',#6959,#1604);
#1234=LINE('',#6963,#1605);
#1235=LINE('',#6970,#1606);
#1236=LINE('',#6976,#1607);
#1237=LINE('',#6984,#1608);
#1238=LINE('',#6987,#1609);
#1239=LINE('',#6988,#1610);
#1240=LINE('',#6991,#1611);
#1241=LINE('',#6993,#1612);
#1242=LINE('',#6994,#1613);
#1243=LINE('',#6997,#1614);
#1244=LINE('',#7005,#1615);
#1245=LINE('',#7007,#1616);
#1246=LINE('',#7011,#1617);
#1247=LINE('',#7012,#1618);
#1248=LINE('',#7016,#1619);
#1249=LINE('',#7018,#1620);
#1250=LINE('',#7020,#1621);
#1251=LINE('',#7021,#1622);
#1252=LINE('',#7023,#1623);
#1253=LINE('',#7026,#1624);
#1254=LINE('',#7028,#1625);
#1255=LINE('',#7032,#1626);
#1256=LINE('',#7033,#1627);
#1257=LINE('',#7037,#1628);
#1258=LINE('',#7039,#1629);
#1259=LINE('',#7041,#1630);
#1260=LINE('',#7042,#1631);
#1261=LINE('',#7044,#1632);
#1262=LINE('',#7047,#1633);
#1263=LINE('',#7049,#1634);
#1264=LINE('',#7051,#1635);
#1265=VECTOR('',#4546,1000.);
#1266=VECTOR('',#4549,1000.);
#1267=VECTOR('',#4554,0.2);
#1268=VECTOR('',#4559,1000.);
#1269=VECTOR('',#4560,1000.);
#1270=VECTOR('',#4561,1000.);
#1271=VECTOR('',#4562,1000.);
#1272=VECTOR('',#4563,1000.);
#1273=VECTOR('',#4566,1000.);
#1274=VECTOR('',#4567,1000.);
#1275=VECTOR('',#4568,1000.);
#1276=VECTOR('',#4569,1000.);
#1277=VECTOR('',#4570,1000.);
#1278=VECTOR('',#4573,1000.);
#1279=VECTOR('',#4576,1000.);
#1280=VECTOR('',#4579,1000.);
#1281=VECTOR('',#4582,1000.);
#1282=VECTOR('',#4587,1000.);
#1283=VECTOR('',#4588,1000.);
#1284=VECTOR('',#4589,1000.);
#1285=VECTOR('',#4590,1000.);
#1286=VECTOR('',#4597,1.);
#1287=VECTOR('',#4604,1000.);
#1288=VECTOR('',#4607,1000.);
#1289=VECTOR('',#4612,1000.);
#1290=VECTOR('',#4615,1000.);
#1291=VECTOR('',#4620,1000.);
#1292=VECTOR('',#4623,1000.);
#1293=VECTOR('',#4628,0.2);
#1294=VECTOR('',#4635,0.2);
#1295=VECTOR('',#4642,0.6);
#1296=VECTOR('',#4649,0.6);
#1297=VECTOR('',#4658,1000.);
#1298=VECTOR('',#4659,1000.);
#1299=VECTOR('',#4660,1000.);
#1300=VECTOR('',#4661,1000.);
#1301=VECTOR('',#4664,1000.);
#1302=VECTOR('',#4665,1000.);
#1303=VECTOR('',#4666,999.999999999999);
#1304=VECTOR('',#4669,1000.);
#1305=VECTOR('',#4670,1000.);
#1306=VECTOR('',#4671,1000.);
#1307=VECTOR('',#4674,1000.);
#1308=VECTOR('',#4675,1000.);
#1309=VECTOR('',#4676,1000.);
#1310=VECTOR('',#4679,1000.);
#1311=VECTOR('',#4680,1000.);
#1312=VECTOR('',#4681,1000.);
#1313=VECTOR('',#4682,1000.);
#1314=VECTOR('',#4683,1000.);
#1315=VECTOR('',#4684,1000.);
#1316=VECTOR('',#4685,1000.);
#1317=VECTOR('',#4686,1000.);
#1318=VECTOR('',#4687,1000.);
#1319=VECTOR('',#4688,1000.);
#1320=VECTOR('',#4689,1000.);
#1321=VECTOR('',#4690,1000.);
#1322=VECTOR('',#4691,1000.);
#1323=VECTOR('',#4694,1000.);
#1324=VECTOR('',#4695,1000.);
#1325=VECTOR('',#4696,1000.);
#1326=VECTOR('',#4697,1000.);
#1327=VECTOR('',#4700,1000.);
#1328=VECTOR('',#4701,1000.);
#1329=VECTOR('',#4702,1000.);
#1330=VECTOR('',#4705,1000.);
#1331=VECTOR('',#4706,1000.);
#1332=VECTOR('',#4707,1000.);
#1333=VECTOR('',#4710,1000.);
#1334=VECTOR('',#4711,1000.);
#1335=VECTOR('',#4716,1000.);
#1336=VECTOR('',#4717,1000.);
#1337=VECTOR('',#4718,1000.);
#1338=VECTOR('',#4721,1000.);
#1339=VECTOR('',#4722,1000.);
#1340=VECTOR('',#4725,1000.);
#1341=VECTOR('',#4726,1000.);
#1342=VECTOR('',#4729,1000.);
#1343=VECTOR('',#4732,1000.);
#1344=VECTOR('',#4735,1000.);
#1345=VECTOR('',#4738,1000.);
#1346=VECTOR('',#4739,1000.);
#1347=VECTOR('',#4740,1000.);
#1348=VECTOR('',#4743,1000.);
#1349=VECTOR('',#4744,1000.);
#1350=VECTOR('',#4745,1000.);
#1351=VECTOR('',#4748,1000.);
#1352=VECTOR('',#4751,1000.);
#1353=VECTOR('',#4754,1000.);
#1354=VECTOR('',#4757,1000.);
#1355=VECTOR('',#4758,1000.);
#1356=VECTOR('',#4759,1000.);
#1357=VECTOR('',#4760,1000.);
#1358=VECTOR('',#4761,1000.);
#1359=VECTOR('',#4762,1000.);
#1360=VECTOR('',#4765,1000.);
#1361=VECTOR('',#4766,1000.);
#1362=VECTOR('',#4767,1000.);
#1363=VECTOR('',#4770,1000.);
#1364=VECTOR('',#4771,1000.);
#1365=VECTOR('',#4774,1000.);
#1366=VECTOR('',#4775,1000.);
#1367=VECTOR('',#4778,1000.);
#1368=VECTOR('',#4779,1000.);
#1369=VECTOR('',#4780,1000.);
#1370=VECTOR('',#4781,1000.);
#1371=VECTOR('',#4784,1000.);
#1372=VECTOR('',#4785,1000.);
#1373=VECTOR('',#4786,1000.);
#1374=VECTOR('',#4787,1000.);
#1375=VECTOR('',#4788,1000.);
#1376=VECTOR('',#4791,1000.);
#1377=VECTOR('',#4792,1000.);
#1378=VECTOR('',#4795,1000.);
#1379=VECTOR('',#4796,1000.);
#1380=VECTOR('',#4799,1000.);
#1381=VECTOR('',#4802,1000.);
#1382=VECTOR('',#4803,1000.);
#1383=VECTOR('',#4804,1000.);
#1384=VECTOR('',#4809,1000.);
#1385=VECTOR('',#4810,1000.);
#1386=VECTOR('',#4813,1000.);
#1387=VECTOR('',#4814,1000.);
#1388=VECTOR('',#4817,1000.);
#1389=VECTOR('',#4824,0.6);
#1390=VECTOR('',#4833,0.849999999999967);
#1391=VECTOR('',#4842,1.);
#1392=VECTOR('',#4851,1.75);
#1393=VECTOR('',#4884,1000.);
#1394=VECTOR('',#4885,1000.);
#1395=VECTOR('',#4886,1000.);
#1396=VECTOR('',#4887,1000.);
#1397=VECTOR('',#4888,1000.);
#1398=VECTOR('',#4889,1000.);
#1399=VECTOR('',#4892,1000.);
#1400=VECTOR('',#4893,1000.);
#1401=VECTOR('',#4896,1000.);
#1402=VECTOR('',#4899,1000.);
#1403=VECTOR('',#4902,1000.);
#1404=VECTOR('',#4905,1000.);
#1405=VECTOR('',#4912,10.);
#1406=VECTOR('',#4915,10.);
#1407=VECTOR('',#4918,10.);
#1408=VECTOR('',#4923,1.543);
#1409=VECTOR('',#4930,10.);
#1410=VECTOR('',#4933,10.);
#1411=VECTOR('',#4936,10.);
#1412=VECTOR('',#4939,10.);
#1413=VECTOR('',#4942,10.);
#1414=VECTOR('',#4945,10.);
#1415=VECTOR('',#4948,10.);
#1416=VECTOR('',#4951,10.);
#1417=VECTOR('',#4954,10.);
#1418=VECTOR('',#4959,1.743);
#1419=VECTOR('',#4968,10.);
#1420=VECTOR('',#4971,1.743);
#1421=VECTOR('',#4976,10.);
#1422=VECTOR('',#4977,10.);
#1423=VECTOR('',#4978,10.);
#1424=VECTOR('',#4983,10.);
#1425=VECTOR('',#4990,10.);
#1426=VECTOR('',#4993,10.);
#1427=VECTOR('',#4994,10.);
#1428=VECTOR('',#4999,10.);
#1429=VECTOR('',#5002,10.);
#1430=VECTOR('',#5003,10.);
#1431=VECTOR('',#5012,10.);
#1432=VECTOR('',#5015,10.);
#1433=VECTOR('',#5016,10.);
#1434=VECTOR('',#5021,10.);
#1435=VECTOR('',#5024,10.);
#1436=VECTOR('',#5031,1.55162884844712);
#1437=VECTOR('',#5038,2.75);
#1438=VECTOR('',#5047,2.75);
#1439=VECTOR('',#5050,2.6);
#1440=VECTOR('',#5067,1.5);
#1441=VECTOR('',#5070,1.17524047358084);
#1442=VECTOR('',#5081,1000.);
#1443=VECTOR('',#5082,1000.);
#1444=VECTOR('',#5083,1000.);
#1445=VECTOR('',#5084,1000.);
#1446=VECTOR('',#5085,1000.);
#1447=VECTOR('',#5086,1000.);
#1448=VECTOR('',#5089,1000.);
#1449=VECTOR('',#5090,1000.);
#1450=VECTOR('',#5093,1000.);
#1451=VECTOR('',#5096,1000.);
#1452=VECTOR('',#5099,1000.);
#1453=VECTOR('',#5102,1000.);
#1454=VECTOR('',#5119,10.);
#1455=VECTOR('',#5120,10.);
#1456=VECTOR('',#5129,10.);
#1457=VECTOR('',#5132,10.);
#1458=VECTOR('',#5135,10.);
#1459=VECTOR('',#5138,10.);
#1460=VECTOR('',#5141,10.);
#1461=VECTOR('',#5144,10.);
#1462=VECTOR('',#5145,10.);
#1463=VECTOR('',#5148,10.);
#1464=VECTOR('',#5153,10.);
#1465=VECTOR('',#5154,10.);
#1466=VECTOR('',#5155,10.);
#1467=VECTOR('',#5156,10.);
#1468=VECTOR('',#5157,10.);
#1469=VECTOR('',#5158,10.);
#1470=VECTOR('',#5159,10.);
#1471=VECTOR('',#5162,10.);
#1472=VECTOR('',#5163,10.);
#1473=VECTOR('',#5164,10.);
#1474=VECTOR('',#5165,10.);
#1475=VECTOR('',#5166,10.);
#1476=VECTOR('',#5167,10.);
#1477=VECTOR('',#5168,10.);
#1478=VECTOR('',#5173,10.);
#1479=VECTOR('',#5176,10.);
#1480=VECTOR('',#5179,10.);
#1481=VECTOR('',#5182,10.);
#1482=VECTOR('',#5185,10.);
#1483=VECTOR('',#5192,10.);
#1484=VECTOR('',#5195,10.);
#1485=VECTOR('',#5198,10.);
#1486=VECTOR('',#5199,0.4);
#1487=VECTOR('',#5200,10.);
#1488=VECTOR('',#5201,10.);
#1489=VECTOR('',#5204,10.);
#1490=VECTOR('',#5205,10.);
#1491=VECTOR('',#5206,10.);
#1492=VECTOR('',#5207,10.);
#1493=VECTOR('',#5208,10.);
#1494=VECTOR('',#5213,10.);
#1495=VECTOR('',#5216,10.);
#1496=VECTOR('',#5219,10.);
#1497=VECTOR('',#5220,10.);
#1498=VECTOR('',#5221,10.);
#1499=VECTOR('',#5222,10.);
#1500=VECTOR('',#5223,10.);
#1501=VECTOR('',#5224,10.);
#1502=VECTOR('',#5225,10.);
#1503=VECTOR('',#5226,10.);
#1504=VECTOR('',#5229,10.);
#1505=VECTOR('',#5230,10.);
#1506=VECTOR('',#5231,10.);
#1507=VECTOR('',#5234,10.);
#1508=VECTOR('',#5237,10.);
#1509=VECTOR('',#5238,10.);
#1510=VECTOR('',#5239,10.);
#1511=VECTOR('',#5240,10.);
#1512=VECTOR('',#5243,10.);
#1513=VECTOR('',#5248,10.);
#1514=VECTOR('',#5249,10.);
#1515=VECTOR('',#5250,10.);
#1516=VECTOR('',#5251,10.);
#1517=VECTOR('',#5254,10.);
#1518=VECTOR('',#5255,10.);
#1519=VECTOR('',#5256,10.);
#1520=VECTOR('',#5257,10.);
#1521=VECTOR('',#5260,10.);
#1522=VECTOR('',#5263,10.8074876199537);
#1523=VECTOR('',#5268,10.);
#1524=VECTOR('',#5277,10.8074876199468);
#1525=VECTOR('',#5280,10.807487619947);
#1526=VECTOR('',#5281,10.807487619947);
#1527=VECTOR('',#5284,10.);
#1528=VECTOR('',#5285,10.8074876199468);
#1529=VECTOR('',#5288,10.);
#1530=VECTOR('',#5289,10.);
#1531=VECTOR('',#5290,10.);
#1532=VECTOR('',#5293,10.8074876199537);
#1533=VECTOR('',#5296,10.);
#1534=VECTOR('',#5297,10.8074876199518);
#1535=VECTOR('',#5300,10.);
#1536=VECTOR('',#5301,10.);
#1537=VECTOR('',#5302,10.);
#1538=VECTOR('',#5305,10.8074876199518);
#1539=VECTOR('',#5322,10.);
#1540=VECTOR('',#5323,10.);
#1541=VECTOR('',#5330,10.);
#1542=VECTOR('',#5331,10.);
#1543=VECTOR('',#5334,10.4201076655994);
#1544=VECTOR('',#5337,10.4201076655994);
#1545=VECTOR('',#5340,10.);
#1546=VECTOR('',#5343,10.);
#1547=VECTOR('',#5346,10.);
#1548=VECTOR('',#5349,10.);
#1549=VECTOR('',#5350,10.);
#1550=VECTOR('',#5351,10.);
#1551=VECTOR('',#5352,10.);
#1552=VECTOR('',#5353,10.);
#1553=VECTOR('',#5354,10.);
#1554=VECTOR('',#5355,10.);
#1555=VECTOR('',#5358,10.);
#1556=VECTOR('',#5361,10.);
#1557=VECTOR('',#5364,10.);
#1558=VECTOR('',#5367,10.);
#1559=VECTOR('',#5368,10.);
#1560=VECTOR('',#5369,10.);
#1561=VECTOR('',#5370,10.);
#1562=VECTOR('',#5371,10.);
#1563=VECTOR('',#5372,10.);
#1564=VECTOR('',#5373,10.);
#1565=VECTOR('',#5376,10.);
#1566=VECTOR('',#5379,10.);
#1567=VECTOR('',#5382,10.4201076656002);
#1568=VECTOR('',#5385,10.4201076656002);
#1569=VECTOR('',#5388,10.4201076655997);
#1570=VECTOR('',#5389,10.4201076655997);
#1571=VECTOR('',#5392,10.4201076655998);
#1572=VECTOR('',#5395,10.4201076655998);
#1573=VECTOR('',#5404,10.);
#1574=VECTOR('',#5405,10.);
#1575=VECTOR('',#5406,10.);
#1576=VECTOR('',#5417,10.);
#1577=VECTOR('',#5422,10.);
#1578=VECTOR('',#5423,10.);
#1579=VECTOR('',#5440,10.);
#1580=VECTOR('',#5443,10.);
#1581=VECTOR('',#5446,10.);
#1582=VECTOR('',#5451,0.9);
#1583=VECTOR('',#5456,10.);
#1584=VECTOR('',#5461,10.);
#1585=VECTOR('',#5462,10.);
#1586=VECTOR('',#5471,10.);
#1587=VECTOR('',#5484,10.);
#1588=VECTOR('',#5489,10.);
#1589=VECTOR('',#5494,10.);
#1590=VECTOR('',#5505,10.);
#1591=VECTOR('',#5508,10.);
#1592=VECTOR('',#5509,10.);
#1593=VECTOR('',#5512,10.);
#1594=VECTOR('',#5515,10.);
#1595=VECTOR('',#5518,10.);
#1596=VECTOR('',#5521,10.);
#1597=VECTOR('',#5524,10.);
#1598=VECTOR('',#5527,10.);
#1599=VECTOR('',#5538,10.);
#1600=VECTOR('',#5539,10.);
#1601=VECTOR('',#5540,10.);
#1602=VECTOR('',#5543,10.);
#1603=VECTOR('',#5544,10.);
#1604=VECTOR('',#5545,10.);
#1605=VECTOR('',#5548,10.);
#1606=VECTOR('',#5557,10.);
#1607=VECTOR('',#5564,10.);
#1608=VECTOR('',#5573,10.);
#1609=VECTOR('',#5578,10.);
#1610=VECTOR('',#5579,10.);
#1611=VECTOR('',#5582,10.);
#1612=VECTOR('',#5583,10.);
#1613=VECTOR('',#5584,10.);
#1614=VECTOR('',#5587,10.);
#1615=VECTOR('',#5600,10.);
#1616=VECTOR('',#5601,10.);
#1617=VECTOR('',#5606,10.);
#1618=VECTOR('',#5607,10.);
#1619=VECTOR('',#5612,10.);
#1620=VECTOR('',#5615,10.);
#1621=VECTOR('',#5618,10.);
#1622=VECTOR('',#5619,10.);
#1623=VECTOR('',#5622,10.);
#1624=VECTOR('',#5625,10.);
#1625=VECTOR('',#5626,10.);
#1626=VECTOR('',#5631,10.);
#1627=VECTOR('',#5632,10.);
#1628=VECTOR('',#5637,10.);
#1629=VECTOR('',#5640,10.);
#1630=VECTOR('',#5643,10.);
#1631=VECTOR('',#5644,10.);
#1632=VECTOR('',#5647,10.);
#1633=VECTOR('',#5652,10.);
#1634=VECTOR('',#5655,10.);
#1635=VECTOR('',#5658,0.9);
#1636=CIRCLE('',#4156,0.25);
#1637=CIRCLE('',#4157,0.25);
#1638=CIRCLE('',#4159,0.2);
#1639=CIRCLE('',#4160,0.2);
#1640=CIRCLE('',#4171,1.);
#1641=CIRCLE('',#4172,1.);
#1642=CIRCLE('',#4174,1.2);
#1643=CIRCLE('',#4175,1.2);
#1644=CIRCLE('',#4177,1.2);
#1645=CIRCLE('',#4178,1.2);
#1646=CIRCLE('',#4180,0.6);
#1647=CIRCLE('',#4181,0.6);
#1648=CIRCLE('',#4183,0.2);
#1649=CIRCLE('',#4184,0.2);
#1650=CIRCLE('',#4186,0.2);
#1651=CIRCLE('',#4187,0.2);
#1652=CIRCLE('',#4189,0.6);
#1653=CIRCLE('',#4190,0.6);
#1654=CIRCLE('',#4192,0.6);
#1655=CIRCLE('',#4193,0.6);
#1656=CIRCLE('',#4233,0.6);
#1657=CIRCLE('',#4237,1.);
#1658=CIRCLE('',#4238,0.699999999999933);
#1659=CIRCLE('',#4241,1.);
#1660=CIRCLE('',#4243,0.750555349946513);
#1661=CIRCLE('',#4245,1.75);
#1662=CIRCLE('',#4246,1.75);
#1663=CIRCLE('',#4248,1.);
#1664=CIRCLE('',#4250,0.750555349946513);
#1665=CIRCLE('',#4251,0.750555349946513);
#1666=CIRCLE('',#4252,0.750555349946513);
#1667=CIRCLE('',#4253,0.750555349946513);
#1668=CIRCLE('',#4254,0.750555349946513);
#1669=CIRCLE('',#4270,7.);
#1670=CIRCLE('',#4271,7.);
#1671=CIRCLE('',#4273,1.543);
#1672=CIRCLE('',#4274,1.543);
#1673=CIRCLE('',#4275,1.543);
#1674=CIRCLE('',#4277,7.);
#1675=CIRCLE('',#4278,7.);
#1676=CIRCLE('',#4280,0.7);
#1677=CIRCLE('',#4281,0.699999999998782);
#1678=CIRCLE('',#4282,0.25);
#1679=CIRCLE('',#4283,0.25);
#1680=CIRCLE('',#4284,0.25);
#1681=CIRCLE('',#4285,0.25);
#1682=CIRCLE('',#4287,1.943);
#1683=CIRCLE('',#4288,1.943);
#1684=CIRCLE('',#4289,1.943);
#1685=CIRCLE('',#4292,1.943);
#1686=CIRCLE('',#4296,0.7);
#1687=CIRCLE('',#4298,0.699999999998782);
#1688=CIRCLE('',#4301,0.25);
#1689=CIRCLE('',#4304,0.25);
#1690=CIRCLE('',#4306,0.25);
#1691=CIRCLE('',#4309,0.25);
#1692=CIRCLE('',#4314,1.55162884844712);
#1693=CIRCLE('',#4316,2.75);
#1694=CIRCLE('',#4317,2.6);
#1695=CIRCLE('',#4319,2.75);
#1696=CIRCLE('',#4320,2.75);
#1697=CIRCLE('',#4322,2.6);
#1698=CIRCLE('',#4324,1.5);
#1699=CIRCLE('',#4325,0.149999999999999);
#1700=CIRCLE('',#4326,1.65);
#1701=CIRCLE('',#4328,1.5);
#1702=CIRCLE('',#4329,1.5);
#1703=CIRCLE('',#4331,1.17524047358084);
#1704=CIRCLE('',#4344,0.999999999999992);
#1705=CIRCLE('',#4345,0.4);
#1706=CIRCLE('',#4346,1.4);
#1707=CIRCLE('',#4348,1.00000000000001);
#1708=CIRCLE('',#4350,0.4);
#1709=CIRCLE('',#4351,1.4);
#1710=CIRCLE('',#4353,1.4);
#1711=CIRCLE('',#4354,1.4);
#1712=CIRCLE('',#4356,0.4);
#1713=CIRCLE('',#4359,0.4);
#1714=CIRCLE('',#4363,1.5);
#1715=CIRCLE('',#4364,1.5);
#1716=CIRCLE('',#4365,1.7);
#1717=CIRCLE('',#4366,1.7);
#1718=CIRCLE('',#4367,1.69999999999994);
#1719=CIRCLE('',#4368,1.70000000000006);
#1720=CIRCLE('',#4371,0.4);
#1721=CIRCLE('',#4373,1.9);
#1722=CIRCLE('',#4376,0.4);
#1723=CIRCLE('',#4384,1.9);
#1724=CIRCLE('',#4388,0.4);
#1725=CIRCLE('',#4389,0.4);
#1726=CIRCLE('',#4390,0.85);
#1727=CIRCLE('',#4391,0.85);
#1728=CIRCLE('',#4412,0.499999928494005);
#1729=CIRCLE('',#4414,0.500000000000045);
#1730=CIRCLE('',#4415,0.499999999999901);
#1731=CIRCLE('',#4416,0.499999999999996);
#1732=CIRCLE('',#4417,2.09999999999951);
#1733=CIRCLE('',#4418,2.09999999999925);
#1734=CIRCLE('',#4419,2.09999999999945);
#1735=CIRCLE('',#4420,2.09999999999931);
#1736=CIRCLE('',#4421,0.800000000000001);
#1737=CIRCLE('',#4422,0.800000000000018);
#1738=CIRCLE('',#4433,0.4);
#1739=CIRCLE('',#4435,0.400000000000002);
#1740=CIRCLE('',#4437,0.4);
#1741=CIRCLE('',#4440,0.4);
#1742=CIRCLE('',#4442,1.0000000000007);
#1743=CIRCLE('',#4444,0.999999999999996);
#1744=CIRCLE('',#4451,0.85);
#1745=CIRCLE('',#4453,0.4);
#1746=CIRCLE('',#4456,0.4);
#1747=CIRCLE('',#4458,0.4);
#1748=CIRCLE('',#4461,0.399999999991136);
#1749=CIRCLE('',#4462,1.5);
#1750=CIRCLE('',#4464,0.4);
#1751=CIRCLE('',#4466,0.4);
#1752=CIRCLE('',#4468,0.4);
#1753=CIRCLE('',#4470,0.400000000000462);
#1754=CIRCLE('',#4471,1.5);
#1755=CIRCLE('',#4483,0.85);
#1756=CIRCLE('',#4494,3.);
#1757=CIRCLE('',#4495,5.);
#1758=CIRCLE('',#4497,3.);
#1759=CIRCLE('',#4507,5.);
#1760=CIRCLE('',#4509,1.69999999999994);
#1761=CIRCLE('',#4512,1.70000000000006);
#1762=CIRCLE('',#4517,1.7);
#1763=CIRCLE('',#4520,1.7);
#1764=VERTEX_POINT('',#5682);
#1765=VERTEX_POINT('',#5683);
#1766=VERTEX_POINT('',#5685);
#1767=VERTEX_POINT('',#5687);
#1768=VERTEX_POINT('',#5691);
#1769=VERTEX_POINT('',#5693);
#1770=VERTEX_POINT('',#5697);
#1771=VERTEX_POINT('',#5699);
#1772=VERTEX_POINT('',#5701);
#1773=VERTEX_POINT('',#5703);
#1774=VERTEX_POINT('',#5707);
#1775=VERTEX_POINT('',#5709);
#1776=VERTEX_POINT('',#5711);
#1777=VERTEX_POINT('',#5713);
#1778=VERTEX_POINT('',#5726);
#1779=VERTEX_POINT('',#5727);
#1780=VERTEX_POINT('',#5729);
#1781=VERTEX_POINT('',#5731);
#1782=VERTEX_POINT('',#5734);
#1783=VERTEX_POINT('',#5737);
#1784=VERTEX_POINT('',#5739);
#1785=VERTEX_POINT('',#5743);
#1786=VERTEX_POINT('',#5744);
#1787=VERTEX_POINT('',#5746);
#1788=VERTEX_POINT('',#5748);
#1789=VERTEX_POINT('',#5752);
#1790=VERTEX_POINT('',#5753);
#1791=VERTEX_POINT('',#5755);
#1792=VERTEX_POINT('',#5757);
#1793=VERTEX_POINT('',#5761);
#1794=VERTEX_POINT('',#5762);
#1795=VERTEX_POINT('',#5764);
#1796=VERTEX_POINT('',#5766);
#1797=VERTEX_POINT('',#5770);
#1798=VERTEX_POINT('',#5772);
#1799=VERTEX_POINT('',#5776);
#1800=VERTEX_POINT('',#5778);
#1801=VERTEX_POINT('',#5782);
#1802=VERTEX_POINT('',#5784);
#1803=VERTEX_POINT('',#5788);
#1804=VERTEX_POINT('',#5790);
#1805=VERTEX_POINT('',#5796);
#1806=VERTEX_POINT('',#5797);
#1807=VERTEX_POINT('',#5799);
#1808=VERTEX_POINT('',#5801);
#1809=VERTEX_POINT('',#5805);
#1810=VERTEX_POINT('',#5807);
#1811=VERTEX_POINT('',#5811);
#1812=VERTEX_POINT('',#5813);
#1813=VERTEX_POINT('',#5817);
#1814=VERTEX_POINT('',#5819);
#1815=VERTEX_POINT('',#5823);
#1816=VERTEX_POINT('',#5825);
#1817=VERTEX_POINT('',#5827);
#1818=VERTEX_POINT('',#5829);
#1819=VERTEX_POINT('',#5832);
#1820=VERTEX_POINT('',#5834);
#1821=VERTEX_POINT('',#5836);
#1822=VERTEX_POINT('',#5838);
#1823=VERTEX_POINT('',#5840);
#1824=VERTEX_POINT('',#5846);
#1825=VERTEX_POINT('',#5847);
#1826=VERTEX_POINT('',#5849);
#1827=VERTEX_POINT('',#5851);
#1828=VERTEX_POINT('',#5855);
#1829=VERTEX_POINT('',#5857);
#1830=VERTEX_POINT('',#5861);
#1831=VERTEX_POINT('',#5863);
#1832=VERTEX_POINT('',#5871);
#1833=VERTEX_POINT('',#5873);
#1834=VERTEX_POINT('',#5877);
#1835=VERTEX_POINT('',#5881);
#1836=VERTEX_POINT('',#5891);
#1837=VERTEX_POINT('',#5893);
#1838=VERTEX_POINT('',#5897);
#1839=VERTEX_POINT('',#5899);
#1840=VERTEX_POINT('',#5909);
#1841=VERTEX_POINT('',#5911);
#1842=VERTEX_POINT('',#5913);
#1843=VERTEX_POINT('',#5915);
#1844=VERTEX_POINT('',#5917);
#1845=VERTEX_POINT('',#5921);
#1846=VERTEX_POINT('',#5923);
#1847=VERTEX_POINT('',#5927);
#1848=VERTEX_POINT('',#5931);
#1849=VERTEX_POINT('',#5935);
#1850=VERTEX_POINT('',#5937);
#1851=VERTEX_POINT('',#5939);
#1852=VERTEX_POINT('',#5943);
#1853=VERTEX_POINT('',#5945);
#1854=VERTEX_POINT('',#5947);
#1855=VERTEX_POINT('',#5952);
#1856=VERTEX_POINT('',#5956);
#1857=VERTEX_POINT('',#5962);
#1858=VERTEX_POINT('',#5964);
#1859=VERTEX_POINT('',#5969);
#1860=VERTEX_POINT('',#5973);
#1861=VERTEX_POINT('',#5980);
#1862=VERTEX_POINT('',#5986);
#1863=VERTEX_POINT('',#5988);
#1864=VERTEX_POINT('',#5993);
#1865=VERTEX_POINT('',#5997);
#1866=VERTEX_POINT('',#5998);
#1867=VERTEX_POINT('',#6004);
#1868=VERTEX_POINT('',#6006);
#1869=VERTEX_POINT('',#6010);
#1870=VERTEX_POINT('',#6013);
#1871=VERTEX_POINT('',#6014);
#1872=VERTEX_POINT('',#6016);
#1873=VERTEX_POINT('',#6019);
#1874=VERTEX_POINT('',#6044);
#1875=VERTEX_POINT('',#6045);
#1876=VERTEX_POINT('',#6047);
#1877=VERTEX_POINT('',#6049);
#1878=VERTEX_POINT('',#6051);
#1879=VERTEX_POINT('',#6053);
#1880=VERTEX_POINT('',#6070);
#1881=VERTEX_POINT('',#6071);
#1882=VERTEX_POINT('',#6083);
#1883=VERTEX_POINT('',#6085);
#1884=VERTEX_POINT('',#6087);
#1885=VERTEX_POINT('',#6089);
#1886=VERTEX_POINT('',#6093);
#1887=VERTEX_POINT('',#6095);
#1888=VERTEX_POINT('',#6097);
#1889=VERTEX_POINT('',#6101);
#1890=VERTEX_POINT('',#6102);
#1891=VERTEX_POINT('',#6113);
#1892=VERTEX_POINT('',#6115);
#1893=VERTEX_POINT('',#6117);
#1894=VERTEX_POINT('',#6119);
#1895=VERTEX_POINT('',#6123);
#1896=VERTEX_POINT('',#6124);
#1897=VERTEX_POINT('',#6128);
#1898=VERTEX_POINT('',#6130);
#1899=VERTEX_POINT('',#6132);
#1900=VERTEX_POINT('',#6134);
#1901=VERTEX_POINT('',#6136);
#1902=VERTEX_POINT('',#6138);
#1903=VERTEX_POINT('',#6140);
#1904=VERTEX_POINT('',#6142);
#1905=VERTEX_POINT('',#6146);
#1906=VERTEX_POINT('',#6154);
#1907=VERTEX_POINT('',#6158);
#1908=VERTEX_POINT('',#6160);
#1909=VERTEX_POINT('',#6165);
#1910=VERTEX_POINT('',#6169);
#1911=VERTEX_POINT('',#6173);
#1912=VERTEX_POINT('',#6177);
#1913=VERTEX_POINT('',#6181);
#1914=VERTEX_POINT('',#6187);
#1915=VERTEX_POINT('',#6191);
#1916=VERTEX_POINT('',#6195);
#1917=VERTEX_POINT('',#6203);
#1918=VERTEX_POINT('',#6204);
#1919=VERTEX_POINT('',#6208);
#1920=VERTEX_POINT('',#6212);
#1921=VERTEX_POINT('',#6216);
#1922=VERTEX_POINT('',#6220);
#1923=VERTEX_POINT('',#6223);
#1924=VERTEX_POINT('',#6227);
#1925=VERTEX_POINT('',#6235);
#1926=VERTEX_POINT('',#6237);
#1927=VERTEX_POINT('',#6241);
#1928=VERTEX_POINT('',#6242);
#1929=VERTEX_POINT('',#6247);
#1930=VERTEX_POINT('',#6251);
#1931=VERTEX_POINT('',#6253);
#1932=VERTEX_POINT('',#6257);
#1933=VERTEX_POINT('',#6258);
#1934=VERTEX_POINT('',#6263);
#1935=VERTEX_POINT('',#6270);
#1936=VERTEX_POINT('',#6271);
#1937=VERTEX_POINT('',#6273);
#1938=VERTEX_POINT('',#6275);
#1939=VERTEX_POINT('',#6277);
#1940=VERTEX_POINT('',#6279);
#1941=VERTEX_POINT('',#6296);
#1942=VERTEX_POINT('',#6297);
#1943=VERTEX_POINT('',#6299);
#1944=VERTEX_POINT('',#6301);
#1945=VERTEX_POINT('',#6312);
#1946=VERTEX_POINT('',#6313);
#1947=VERTEX_POINT('',#6318);
#1948=VERTEX_POINT('',#6319);
#1949=VERTEX_POINT('',#6331);
#1950=VERTEX_POINT('',#6333);
#1951=VERTEX_POINT('',#6335);
#1952=VERTEX_POINT('',#6337);
#1953=VERTEX_POINT('',#6341);
#1954=VERTEX_POINT('',#6343);
#1955=VERTEX_POINT('',#6347);
#1956=VERTEX_POINT('',#6351);
#1957=VERTEX_POINT('',#6355);
#1958=VERTEX_POINT('',#6364);
#1959=VERTEX_POINT('',#6366);
#1960=VERTEX_POINT('',#6368);
#1961=VERTEX_POINT('',#6372);
#1962=VERTEX_POINT('',#6374);
#1963=VERTEX_POINT('',#6376);
#1964=VERTEX_POINT('',#6380);
#1965=VERTEX_POINT('',#6382);
#1966=VERTEX_POINT('',#6386);
#1967=VERTEX_POINT('',#6388);
#1968=VERTEX_POINT('',#6390);
#1969=VERTEX_POINT('',#6392);
#1970=VERTEX_POINT('',#6396);
#1971=VERTEX_POINT('',#6398);
#1972=VERTEX_POINT('',#6400);
#1973=VERTEX_POINT('',#6404);
#1974=VERTEX_POINT('',#6406);
#1975=VERTEX_POINT('',#6417);
#1976=VERTEX_POINT('',#6419);
#1977=VERTEX_POINT('',#6422);
#1978=VERTEX_POINT('',#6423);
#1979=VERTEX_POINT('',#6425);
#1980=VERTEX_POINT('',#6427);
#1981=VERTEX_POINT('',#6430);
#1982=VERTEX_POINT('',#6431);
#1983=VERTEX_POINT('',#6433);
#1984=VERTEX_POINT('',#6435);
#1985=VERTEX_POINT('',#6439);
#1986=VERTEX_POINT('',#6440);
#1987=VERTEX_POINT('',#6442);
#1988=VERTEX_POINT('',#6444);
#1989=VERTEX_POINT('',#6448);
#1990=VERTEX_POINT('',#6450);
#1991=VERTEX_POINT('',#6452);
#1992=VERTEX_POINT('',#6454);
#1993=VERTEX_POINT('',#6456);
#1994=VERTEX_POINT('',#6458);
#1995=VERTEX_POINT('',#6460);
#1996=VERTEX_POINT('',#6462);
#1997=VERTEX_POINT('',#6464);
#1998=VERTEX_POINT('',#6468);
#1999=VERTEX_POINT('',#6469);
#2000=VERTEX_POINT('',#6471);
#2001=VERTEX_POINT('',#6473);
#2002=VERTEX_POINT('',#6477);
#2003=VERTEX_POINT('',#6479);
#2004=VERTEX_POINT('',#6483);
#2005=VERTEX_POINT('',#6485);
#2006=VERTEX_POINT('',#6487);
#2007=VERTEX_POINT('',#6491);
#2008=VERTEX_POINT('',#6493);
#2009=VERTEX_POINT('',#6497);
#2010=VERTEX_POINT('',#6499);
#2011=VERTEX_POINT('',#6501);
#2012=VERTEX_POINT('',#6509);
#2013=VERTEX_POINT('',#6510);
#2014=VERTEX_POINT('',#6512);
#2015=VERTEX_POINT('',#6514);
#2016=VERTEX_POINT('',#6516);
#2017=VERTEX_POINT('',#6518);
#2018=VERTEX_POINT('',#6520);
#2019=VERTEX_POINT('',#6523);
#2020=VERTEX_POINT('',#6525);
#2021=VERTEX_POINT('',#6527);
#2022=VERTEX_POINT('',#6529);
#2023=VERTEX_POINT('',#6531);
#2024=VERTEX_POINT('',#6536);
#2025=VERTEX_POINT('',#6538);
#2026=VERTEX_POINT('',#6540);
#2027=VERTEX_POINT('',#6542);
#2028=VERTEX_POINT('',#6544);
#2029=VERTEX_POINT('',#6546);
#2030=VERTEX_POINT('',#6548);
#2031=VERTEX_POINT('',#6556);
#2032=VERTEX_POINT('',#6558);
#2033=VERTEX_POINT('',#6561);
#2034=VERTEX_POINT('',#6563);
#2035=VERTEX_POINT('',#6568);
#2036=VERTEX_POINT('',#6569);
#2037=VERTEX_POINT('',#6584);
#2038=VERTEX_POINT('',#6588);
#2039=VERTEX_POINT('',#6590);
#2040=VERTEX_POINT('',#6592);
#2041=VERTEX_POINT('',#6598);
#2042=VERTEX_POINT('',#6599);
#2043=VERTEX_POINT('',#6614);
#2044=VERTEX_POINT('',#6618);
#2045=VERTEX_POINT('',#6620);
#2046=VERTEX_POINT('',#6622);
#2047=VERTEX_POINT('',#6653);
#2048=VERTEX_POINT('',#6659);
#2049=VERTEX_POINT('',#6663);
#2050=VERTEX_POINT('',#6665);
#2051=VERTEX_POINT('',#6669);
#2052=VERTEX_POINT('',#6671);
#2053=VERTEX_POINT('',#6673);
#2054=VERTEX_POINT('',#6675);
#2055=VERTEX_POINT('',#6677);
#2056=VERTEX_POINT('',#6679);
#2057=VERTEX_POINT('',#6681);
#2058=VERTEX_POINT('',#6683);
#2059=VERTEX_POINT('',#6694);
#2060=VERTEX_POINT('',#6696);
#2061=VERTEX_POINT('',#6708);
#2062=VERTEX_POINT('',#6709);
#2063=VERTEX_POINT('',#6711);
#2064=VERTEX_POINT('',#6713);
#2065=VERTEX_POINT('',#6716);
#2066=VERTEX_POINT('',#6717);
#2067=VERTEX_POINT('',#6719);
#2068=VERTEX_POINT('',#6721);
#2069=VERTEX_POINT('',#6724);
#2070=VERTEX_POINT('',#6725);
#2071=VERTEX_POINT('',#6727);
#2072=VERTEX_POINT('',#6729);
#2073=VERTEX_POINT('',#6732);
#2074=VERTEX_POINT('',#6733);
#2075=VERTEX_POINT('',#6735);
#2076=VERTEX_POINT('',#6737);
#2077=VERTEX_POINT('',#6740);
#2078=VERTEX_POINT('',#6741);
#2079=VERTEX_POINT('',#6743);
#2080=VERTEX_POINT('',#6745);
#2081=VERTEX_POINT('',#6747);
#2082=VERTEX_POINT('',#6749);
#2083=VERTEX_POINT('',#6775);
#2084=VERTEX_POINT('',#6776);
#2085=VERTEX_POINT('',#6785);
#2086=VERTEX_POINT('',#6789);
#2087=VERTEX_POINT('',#6800);
#2088=VERTEX_POINT('',#6841);
#2089=VERTEX_POINT('',#6885);
#2090=VERTEX_POINT('',#6889);
#2091=VERTEX_POINT('',#6893);
#2092=VERTEX_POINT('',#6899);
#2093=VERTEX_POINT('',#6901);
#2094=VERTEX_POINT('',#6905);
#2095=VERTEX_POINT('',#6909);
#2096=VERTEX_POINT('',#6913);
#2097=VERTEX_POINT('',#6917);
#2098=VERTEX_POINT('',#6921);
#2099=VERTEX_POINT('',#6925);
#2100=VERTEX_POINT('',#6945);
#2101=VERTEX_POINT('',#6949);
#2102=VERTEX_POINT('',#6951);
#2103=VERTEX_POINT('',#6955);
#2104=VERTEX_POINT('',#6957);
#2105=VERTEX_POINT('',#6961);
#2106=VERTEX_POINT('',#6962);
#2107=VERTEX_POINT('',#6967);
#2108=VERTEX_POINT('',#6969);
#2109=VERTEX_POINT('',#6973);
#2110=VERTEX_POINT('',#6975);
#2111=VERTEX_POINT('',#6979);
#2112=VERTEX_POINT('',#6981);
#2113=VERTEX_POINT('',#6983);
#2114=VERTEX_POINT('',#6990);
#2115=VERTEX_POINT('',#6992);
#2116=VERTEX_POINT('',#6996);
#2117=VERTEX_POINT('',#7004);
#2118=VERTEX_POINT('',#7006);
#2119=VERTEX_POINT('',#7010);
#2120=VERTEX_POINT('',#7014);
#2121=VERTEX_POINT('',#7025);
#2122=VERTEX_POINT('',#7027);
#2123=VERTEX_POINT('',#7031);
#2124=VERTEX_POINT('',#7035);
#2125=EDGE_CURVE('',#1764,#1765,#1636,.T.);
#2126=EDGE_CURVE('',#1765,#1766,#894,.T.);
#2127=EDGE_CURVE('',#1766,#1767,#1637,.T.);
#2128=EDGE_CURVE('',#1767,#1764,#895,.T.);
#2129=EDGE_CURVE('',#1768,#1768,#1638,.T.);
#2130=EDGE_CURVE('',#1768,#1769,#896,.T.);
#2131=EDGE_CURVE('',#1769,#1769,#1639,.T.);
#2132=EDGE_CURVE('',#1766,#1770,#897,.T.);
#2133=EDGE_CURVE('',#1771,#1770,#898,.T.);
#2134=EDGE_CURVE('',#1772,#1771,#899,.T.);
#2135=EDGE_CURVE('',#1773,#1772,#900,.T.);
#2136=EDGE_CURVE('',#1773,#1767,#901,.T.);
#2137=EDGE_CURVE('',#1774,#1764,#902,.T.);
#2138=EDGE_CURVE('',#1775,#1774,#903,.T.);
#2139=EDGE_CURVE('',#1775,#1776,#904,.T.);
#2140=EDGE_CURVE('',#1777,#1776,#905,.T.);
#2141=EDGE_CURVE('',#1765,#1777,#906,.T.);
#2142=EDGE_CURVE('',#1770,#1777,#907,.T.);
#2143=EDGE_CURVE('',#1776,#1771,#908,.T.);
#2144=EDGE_CURVE('',#1772,#1775,#909,.T.);
#2145=EDGE_CURVE('',#1774,#1773,#910,.T.);
#2146=EDGE_CURVE('',#1778,#1779,#911,.T.);
#2147=EDGE_CURVE('',#1780,#1778,#912,.T.);
#2148=EDGE_CURVE('',#1781,#1780,#913,.T.);
#2149=EDGE_CURVE('',#1779,#1781,#914,.T.);
#2150=EDGE_CURVE('',#1782,#1782,#135,.T.);
#2151=EDGE_CURVE('',#1783,#1783,#1640,.T.);
#2152=EDGE_CURVE('',#1783,#1784,#915,.T.);
#2153=EDGE_CURVE('',#1784,#1784,#1641,.T.);
#2154=EDGE_CURVE('',#1785,#1786,#1642,.T.);
#2155=EDGE_CURVE('',#1785,#1787,#916,.T.);
#2156=EDGE_CURVE('',#1788,#1787,#1643,.T.);
#2157=EDGE_CURVE('',#1788,#1786,#917,.T.);
#2158=EDGE_CURVE('',#1789,#1790,#1644,.T.);
#2159=EDGE_CURVE('',#1789,#1791,#918,.T.);
#2160=EDGE_CURVE('',#1792,#1791,#1645,.T.);
#2161=EDGE_CURVE('',#1792,#1790,#919,.T.);
#2162=EDGE_CURVE('',#1793,#1794,#1646,.T.);
#2163=EDGE_CURVE('',#1794,#1795,#920,.T.);
#2164=EDGE_CURVE('',#1795,#1796,#1647,.T.);
#2165=EDGE_CURVE('',#1796,#1793,#921,.T.);
#2166=EDGE_CURVE('',#1797,#1797,#1648,.T.);
#2167=EDGE_CURVE('',#1797,#1798,#922,.T.);
#2168=EDGE_CURVE('',#1798,#1798,#1649,.T.);
#2169=EDGE_CURVE('',#1799,#1799,#1650,.T.);
#2170=EDGE_CURVE('',#1799,#1800,#923,.T.);
#2171=EDGE_CURVE('',#1800,#1800,#1651,.T.);
#2172=EDGE_CURVE('',#1801,#1801,#1652,.T.);
#2173=EDGE_CURVE('',#1801,#1802,#924,.T.);
#2174=EDGE_CURVE('',#1802,#1802,#1653,.T.);
#2175=EDGE_CURVE('',#1803,#1803,#1654,.T.);
#2176=EDGE_CURVE('',#1803,#1804,#925,.T.);
#2177=EDGE_CURVE('',#1804,#1804,#1655,.T.);
#2178=EDGE_CURVE('',#1805,#1806,#926,.T.);
#2179=EDGE_CURVE('',#1805,#1807,#927,.T.);
#2180=EDGE_CURVE('',#1808,#1807,#928,.T.);
#2181=EDGE_CURVE('',#1806,#1808,#929,.T.);
#2182=EDGE_CURVE('',#1809,#1805,#930,.T.);
#2183=EDGE_CURVE('',#1810,#1809,#931,.T.);
#2184=EDGE_CURVE('',#1807,#1810,#932,.T.);
#2185=EDGE_CURVE('',#1779,#1811,#933,.T.);
#2186=EDGE_CURVE('',#1812,#1781,#934,.T.);
#2187=EDGE_CURVE('',#1811,#1812,#935,.T.);
#2188=EDGE_CURVE('',#1808,#1813,#936,.T.);
#2189=EDGE_CURVE('',#1813,#1814,#937,.T.);
#2190=EDGE_CURVE('',#1806,#1814,#938,.T.);
#2191=EDGE_CURVE('',#1815,#1810,#939,.T.);
#2192=EDGE_CURVE('',#1815,#1816,#940,.T.);
#2193=EDGE_CURVE('',#1816,#1817,#941,.T.);
#2194=EDGE_CURVE('',#1817,#1818,#942,.T.);
#2195=EDGE_CURVE('',#1812,#1818,#943,.T.);
#2196=EDGE_CURVE('',#1780,#1819,#944,.T.);
#2197=EDGE_CURVE('',#1819,#1820,#945,.T.);
#2198=EDGE_CURVE('',#1820,#1821,#946,.T.);
#2199=EDGE_CURVE('',#1821,#1822,#947,.T.);
#2200=EDGE_CURVE('',#1822,#1823,#948,.T.);
#2201=EDGE_CURVE('',#1823,#1813,#949,.T.);
#2202=EDGE_CURVE('',#1791,#1788,#950,.T.);
#2203=EDGE_CURVE('',#1787,#1792,#951,.T.);
#2204=EDGE_CURVE('',#1824,#1825,#952,.T.);
#2205=EDGE_CURVE('',#1824,#1826,#953,.T.);
#2206=EDGE_CURVE('',#1826,#1827,#954,.T.);
#2207=EDGE_CURVE('',#1825,#1827,#955,.T.);
#2208=EDGE_CURVE('',#1828,#1824,#956,.T.);
#2209=EDGE_CURVE('',#1828,#1829,#957,.T.);
#2210=EDGE_CURVE('',#1829,#1826,#958,.T.);
#2211=EDGE_CURVE('',#1830,#1828,#959,.T.);
#2212=EDGE_CURVE('',#1830,#1831,#960,.T.);
#2213=EDGE_CURVE('',#1831,#1829,#961,.T.);
#2214=EDGE_CURVE('',#1825,#1830,#962,.T.);
#2215=EDGE_CURVE('',#1827,#1831,#963,.T.);
#2216=EDGE_CURVE('',#1832,#1795,#964,.T.);
#2217=EDGE_CURVE('',#1833,#1832,#965,.T.);
#2218=EDGE_CURVE('',#1833,#1796,#966,.T.);
#2219=EDGE_CURVE('',#1834,#1794,#967,.T.);
#2220=EDGE_CURVE('',#1832,#1834,#968,.T.);
#2221=EDGE_CURVE('',#1835,#1793,#969,.T.);
#2222=EDGE_CURVE('',#1834,#1835,#970,.T.);
#2223=EDGE_CURVE('',#1835,#1833,#971,.T.);
#2224=EDGE_CURVE('',#1786,#1789,#972,.T.);
#2225=EDGE_CURVE('',#1785,#1790,#973,.T.);
#2226=EDGE_CURVE('',#1836,#1815,#974,.T.);
#2227=EDGE_CURVE('',#1837,#1836,#975,.T.);
#2228=EDGE_CURVE('',#1816,#1837,#976,.T.);
#2229=EDGE_CURVE('',#1817,#1838,#977,.T.);
#2230=EDGE_CURVE('',#1839,#1838,#978,.T.);
#2231=EDGE_CURVE('',#1818,#1839,#979,.T.);
#2232=EDGE_CURVE('',#1838,#1837,#980,.T.);
#2233=EDGE_CURVE('',#1809,#1836,#981,.T.);
#2234=EDGE_CURVE('',#1839,#1811,#982,.T.);
#2235=EDGE_CURVE('',#1814,#1840,#983,.T.);
#2236=EDGE_CURVE('',#1840,#1841,#984,.T.);
#2237=EDGE_CURVE('',#1841,#1842,#985,.T.);
#2238=EDGE_CURVE('',#1842,#1843,#986,.T.);
#2239=EDGE_CURVE('',#1843,#1844,#987,.T.);
#2240=EDGE_CURVE('',#1778,#1844,#988,.T.);
#2241=EDGE_CURVE('',#1842,#1845,#989,.T.);
#2242=EDGE_CURVE('',#1845,#1846,#990,.T.);
#2243=EDGE_CURVE('',#1843,#1846,#991,.T.);
#2244=EDGE_CURVE('',#1841,#1847,#992,.T.);
#2245=EDGE_CURVE('',#1847,#1845,#993,.T.);
#2246=EDGE_CURVE('',#1848,#1840,#994,.T.);
#2247=EDGE_CURVE('',#1848,#1847,#995,.T.);
#2248=EDGE_CURVE('',#1823,#1849,#996,.T.);
#2249=EDGE_CURVE('',#1849,#1850,#997,.T.);
#2250=EDGE_CURVE('',#1850,#1851,#998,.T.);
#2251=EDGE_CURVE('',#1851,#1848,#999,.T.);
#2252=EDGE_CURVE('',#1846,#1852,#1000,.T.);
#2253=EDGE_CURVE('',#1852,#1853,#1001,.T.);
#2254=EDGE_CURVE('',#1853,#1854,#1002,.T.);
#2255=EDGE_CURVE('',#1854,#1820,#1003,.T.);
#2256=EDGE_CURVE('',#1844,#1819,#1004,.T.);
#2257=EDGE_CURVE('',#1822,#1855,#1005,.T.);
#2258=EDGE_CURVE('',#1855,#1849,#1006,.T.);
#2259=EDGE_CURVE('',#1821,#1856,#1007,.T.);
#2260=EDGE_CURVE('',#1856,#1855,#1008,.T.);
#2261=EDGE_CURVE('',#1854,#1856,#1009,.T.);
#2262=EDGE_CURVE('',#1853,#1857,#1010,.T.);
#2263=EDGE_CURVE('',#1858,#1852,#1011,.T.);
#2264=EDGE_CURVE('',#1857,#1858,#1012,.T.);
#2265=EDGE_CURVE('',#1859,#1857,#1013,.T.);
#2266=EDGE_CURVE('',#1859,#1850,#1014,.T.);
#2267=EDGE_CURVE('',#1851,#1860,#1015,.T.);
#2268=EDGE_CURVE('',#1860,#1859,#1016,.T.);
#2269=EDGE_CURVE('',#1858,#1860,#1017,.T.);
#2270=EDGE_CURVE('',#1861,#1861,#1656,.T.);
#2271=EDGE_CURVE('',#1861,#1782,#1018,.T.);
#2272=EDGE_CURVE('',#1862,#1862,#1657,.T.);
#2273=EDGE_CURVE('',#1862,#1863,#1019,.T.);
#2274=EDGE_CURVE('',#1863,#1863,#1658,.T.);
#2275=EDGE_CURVE('',#1864,#1864,#1659,.T.);
#2276=EDGE_CURVE('',#1864,#1862,#1020,.T.);
#2277=EDGE_CURVE('',#1865,#1866,#71,.F.);
#2278=EDGE_CURVE('',#1865,#1866,#1660,.T.);
#2279=EDGE_CURVE('',#1867,#1867,#1661,.T.);
#2280=EDGE_CURVE('',#1867,#1868,#1021,.T.);
#2281=EDGE_CURVE('',#1868,#1868,#1662,.T.);
#2282=EDGE_CURVE('',#1869,#1869,#1663,.T.);
#2283=EDGE_CURVE('',#1870,#1871,#1664,.T.);
#2284=EDGE_CURVE('',#1872,#1870,#1665,.T.);
#2285=EDGE_CURVE('',#1866,#1872,#1666,.T.);
#2286=EDGE_CURVE('',#1873,#1865,#1667,.T.);
#2287=EDGE_CURVE('',#1871,#1873,#1668,.T.);
#2288=EDGE_CURVE('',#1866,#1872,#72,.T.);
#2289=EDGE_CURVE('',#1872,#1870,#73,.T.);
#2290=EDGE_CURVE('',#1870,#1871,#74,.T.);
#2291=EDGE_CURVE('',#1871,#1873,#75,.T.);
#2292=EDGE_CURVE('',#1873,#1865,#76,.T.);
#2293=EDGE_CURVE('',#1874,#1875,#1022,.T.);
#2294=EDGE_CURVE('',#1875,#1876,#1023,.T.);
#2295=EDGE_CURVE('',#1876,#1877,#1024,.T.);
#2296=EDGE_CURVE('',#1877,#1878,#1025,.T.);
#2297=EDGE_CURVE('',#1878,#1879,#1026,.T.);
#2298=EDGE_CURVE('',#1879,#1874,#1027,.T.);
#2299=EDGE_CURVE('',#1875,#1865,#1028,.T.);
#2300=EDGE_CURVE('',#1876,#1866,#1029,.T.);
#2301=EDGE_CURVE('',#1877,#1872,#1030,.T.);
#2302=EDGE_CURVE('',#1878,#1870,#1031,.T.);
#2303=EDGE_CURVE('',#1879,#1871,#1032,.T.);
#2304=EDGE_CURVE('',#1874,#1873,#1033,.T.);
#2305=EDGE_CURVE('',#1880,#1881,#52,.T.);
#2306=EDGE_CURVE('',#1880,#1882,#1034,.F.);
#2307=EDGE_CURVE('',#1883,#1882,#1669,.T.);
#2308=EDGE_CURVE('',#1883,#1884,#1035,.T.);
#2309=EDGE_CURVE('',#1885,#1884,#1670,.T.);
#2310=EDGE_CURVE('',#1881,#1885,#1036,.T.);
#2311=EDGE_CURVE('',#1886,#1886,#1671,.T.);
#2312=EDGE_CURVE('',#1886,#1887,#1037,.T.);
#2313=EDGE_CURVE('',#1888,#1887,#1672,.T.);
#2314=EDGE_CURVE('',#1887,#1888,#1673,.T.);
#2315=EDGE_CURVE('',#1889,#1890,#53,.T.);
#2316=EDGE_CURVE('',#1889,#1891,#1038,.F.);
#2317=EDGE_CURVE('',#1892,#1891,#1674,.T.);
#2318=EDGE_CURVE('',#1893,#1892,#1039,.T.);
#2319=EDGE_CURVE('',#1894,#1893,#1675,.T.);
#2320=EDGE_CURVE('',#1894,#1890,#1040,.T.);
#2321=EDGE_CURVE('',#1895,#1896,#1041,.T.);
#2322=EDGE_CURVE('',#1896,#1892,#1676,.T.);
#2323=EDGE_CURVE('',#1891,#1885,#1042,.T.);
#2324=EDGE_CURVE('',#1884,#1897,#1677,.T.);
#2325=EDGE_CURVE('',#1897,#1898,#1043,.T.);
#2326=EDGE_CURVE('',#1898,#1899,#1678,.T.);
#2327=EDGE_CURVE('',#1899,#1900,#1044,.T.);
#2328=EDGE_CURVE('',#1900,#1901,#1679,.T.);
#2329=EDGE_CURVE('',#1901,#1902,#1045,.T.);
#2330=EDGE_CURVE('',#1902,#1903,#1680,.T.);
#2331=EDGE_CURVE('',#1903,#1904,#1046,.T.);
#2332=EDGE_CURVE('',#1904,#1895,#1681,.T.);
#2333=EDGE_CURVE('',#1887,#1905,#1047,.T.);
#2334=EDGE_CURVE('',#1905,#1880,#1682,.T.);
#2335=EDGE_CURVE('',#1881,#1889,#1683,.T.);
#2336=EDGE_CURVE('',#1890,#1905,#1684,.T.);
#2337=EDGE_CURVE('',#1882,#1894,#1048,.T.);
#2338=EDGE_CURVE('',#1886,#1906,#1049,.T.);
#2339=EDGE_CURVE('',#1906,#1906,#1685,.T.);
#2340=EDGE_CURVE('',#1907,#1901,#1050,.T.);
#2341=EDGE_CURVE('',#1908,#1907,#1051,.T.);
#2342=EDGE_CURVE('',#1908,#1902,#1052,.T.);
#2343=EDGE_CURVE('',#1909,#1896,#1053,.T.);
#2344=EDGE_CURVE('',#1893,#1909,#1686,.T.);
#2345=EDGE_CURVE('',#1910,#1883,#1687,.T.);
#2346=EDGE_CURVE('',#1910,#1897,#1054,.T.);
#2347=EDGE_CURVE('',#1911,#1910,#1055,.T.);
#2348=EDGE_CURVE('',#1911,#1898,#1056,.T.);
#2349=EDGE_CURVE('',#1912,#1911,#1688,.T.);
#2350=EDGE_CURVE('',#1912,#1899,#1057,.T.);
#2351=EDGE_CURVE('',#1913,#1912,#1058,.T.);
#2352=EDGE_CURVE('',#1913,#1900,#1059,.T.);
#2353=EDGE_CURVE('',#1907,#1913,#1689,.T.);
#2354=EDGE_CURVE('',#1914,#1908,#1690,.T.);
#2355=EDGE_CURVE('',#1914,#1903,#1060,.T.);
#2356=EDGE_CURVE('',#1915,#1914,#1061,.T.);
#2357=EDGE_CURVE('',#1915,#1904,#1062,.T.);
#2358=EDGE_CURVE('',#1916,#1915,#1691,.T.);
#2359=EDGE_CURVE('',#1895,#1916,#1063,.T.);
#2360=EDGE_CURVE('',#1909,#1916,#1064,.T.);
#2361=EDGE_CURVE('',#1917,#1918,#77,.T.);
#2362=EDGE_CURVE('',#1919,#1917,#78,.T.);
#2363=EDGE_CURVE('',#1920,#1919,#79,.T.);
#2364=EDGE_CURVE('',#1921,#1920,#80,.F.);
#2365=EDGE_CURVE('',#1921,#1922,#1065,.T.);
#2366=EDGE_CURVE('',#1922,#1922,#1692,.T.);
#2367=EDGE_CURVE('',#1923,#1921,#81,.F.);
#2368=EDGE_CURVE('',#1924,#1923,#82,.T.);
#2369=EDGE_CURVE('',#1918,#1924,#83,.T.);
#2370=EDGE_CURVE('',#1925,#1925,#1693,.T.);
#2371=EDGE_CURVE('',#1925,#1926,#1066,.T.);
#2372=EDGE_CURVE('',#1926,#1926,#1694,.T.);
#2373=EDGE_CURVE('',#1927,#1928,#1695,.T.);
#2374=EDGE_CURVE('',#1928,#1927,#1696,.T.);
#2375=EDGE_CURVE('',#1928,#1925,#1067,.T.);
#2376=EDGE_CURVE('',#1927,#1929,#1068,.T.);
#2377=EDGE_CURVE('',#1929,#1929,#1697,.T.);
#2378=EDGE_CURVE('',#1930,#1930,#1698,.T.);
#2379=EDGE_CURVE('',#1930,#1931,#1699,.T.);
#2380=EDGE_CURVE('',#1931,#1931,#1700,.T.);
#2381=EDGE_CURVE('',#1932,#1933,#1701,.T.);
#2382=EDGE_CURVE('',#1933,#1932,#1702,.T.);
#2383=EDGE_CURVE('',#1933,#1930,#1069,.T.);
#2384=EDGE_CURVE('',#1932,#1934,#1070,.T.);
#2385=EDGE_CURVE('',#1934,#1934,#1703,.T.);
#2386=EDGE_CURVE('',#1935,#1936,#1071,.T.);
#2387=EDGE_CURVE('',#1936,#1937,#1072,.T.);
#2388=EDGE_CURVE('',#1937,#1938,#1073,.T.);
#2389=EDGE_CURVE('',#1938,#1939,#1074,.T.);
#2390=EDGE_CURVE('',#1939,#1940,#1075,.T.);
#2391=EDGE_CURVE('',#1940,#1935,#1076,.T.);
#2392=EDGE_CURVE('',#1935,#1919,#1077,.T.);
#2393=EDGE_CURVE('',#1936,#1917,#1078,.T.);
#2394=EDGE_CURVE('',#1940,#1920,#1079,.T.);
#2395=EDGE_CURVE('',#1939,#1923,#1080,.T.);
#2396=EDGE_CURVE('',#1938,#1924,#1081,.T.);
#2397=EDGE_CURVE('',#1937,#1918,#1082,.T.);
#2398=EDGE_CURVE('',#1941,#1942,#1704,.T.);
#2399=EDGE_CURVE('',#1942,#1943,#1705,.T.);
#2400=EDGE_CURVE('',#1943,#1944,#54,.T.);
#2401=EDGE_CURVE('',#1944,#1941,#1706,.T.);
#2402=EDGE_CURVE('',#1945,#1946,#1707,.T.);
#2403=EDGE_CURVE('',#1946,#1942,#1083,.T.);
#2404=EDGE_CURVE('',#1941,#1945,#1084,.T.);
#2405=EDGE_CURVE('',#1947,#1948,#55,.T.);
#2406=EDGE_CURVE('',#1948,#1946,#1708,.T.);
#2407=EDGE_CURVE('',#1945,#1947,#1709,.T.);
#2408=EDGE_CURVE('',#1949,#1944,#1085,.T.);
#2409=EDGE_CURVE('',#1950,#1949,#1710,.T.);
#2410=EDGE_CURVE('',#1951,#1950,#1086,.T.);
#2411=EDGE_CURVE('',#1952,#1951,#1711,.T.);
#2412=EDGE_CURVE('',#1947,#1952,#1087,.T.);
#2413=EDGE_CURVE('',#1942,#1953,#1088,.T.);
#2414=EDGE_CURVE('',#1953,#1954,#1712,.T.);
#2415=EDGE_CURVE('',#1954,#1943,#1089,.T.);
#2416=EDGE_CURVE('',#1955,#1946,#1090,.T.);
#2417=EDGE_CURVE('',#1953,#1955,#1091,.T.);
#2418=EDGE_CURVE('',#1948,#1956,#1092,.T.);
#2419=EDGE_CURVE('',#1956,#1955,#1713,.T.);
#2420=EDGE_CURVE('',#1957,#1952,#56,.T.);
#2421=EDGE_CURVE('',#1958,#1957,#1093,.T.);
#2422=EDGE_CURVE('',#1959,#1958,#1094,.T.);
#2423=EDGE_CURVE('',#1960,#1959,#84,.T.);
#2424=EDGE_CURVE('',#1961,#1960,#1095,.T.);
#2425=EDGE_CURVE('',#1961,#1962,#1096,.T.);
#2426=EDGE_CURVE('',#1963,#1962,#85,.T.);
#2427=EDGE_CURVE('',#1964,#1963,#1097,.T.);
#2428=EDGE_CURVE('',#1965,#1964,#1098,.T.);
#2429=EDGE_CURVE('',#1956,#1965,#1099,.T.);
#2430=EDGE_CURVE('',#1966,#1954,#1100,.T.);
#2431=EDGE_CURVE('',#1967,#1966,#1101,.T.);
#2432=EDGE_CURVE('',#1968,#1967,#1102,.T.);
#2433=EDGE_CURVE('',#1969,#1968,#86,.T.);
#2434=EDGE_CURVE('',#1969,#1970,#1103,.T.);
#2435=EDGE_CURVE('',#1971,#1970,#1104,.T.);
#2436=EDGE_CURVE('',#1972,#1971,#87,.T.);
#2437=EDGE_CURVE('',#1973,#1972,#1105,.T.);
#2438=EDGE_CURVE('',#1974,#1973,#1106,.T.);
#2439=EDGE_CURVE('',#1949,#1974,#57,.T.);
#2440=EDGE_CURVE('',#1975,#1965,#1714,.T.);
#2441=EDGE_CURVE('',#1975,#1976,#1107,.T.);
#2442=EDGE_CURVE('',#1966,#1976,#1715,.T.);
#2443=EDGE_CURVE('',#1977,#1978,#1108,.T.);
#2444=EDGE_CURVE('',#1978,#1979,#1716,.T.);
#2445=EDGE_CURVE('',#1979,#1980,#1109,.T.);
#2446=EDGE_CURVE('',#1980,#1977,#1717,.T.);
#2447=EDGE_CURVE('',#1981,#1982,#1110,.T.);
#2448=EDGE_CURVE('',#1982,#1983,#1718,.T.);
#2449=EDGE_CURVE('',#1983,#1984,#1111,.T.);
#2450=EDGE_CURVE('',#1984,#1981,#1719,.T.);
#2451=EDGE_CURVE('',#1985,#1986,#136,.T.);
#2452=EDGE_CURVE('',#1986,#1987,#1112,.T.);
#2453=EDGE_CURVE('',#1987,#1988,#1720,.F.);
#2454=EDGE_CURVE('',#1988,#1985,#1113,.T.);
#2455=EDGE_CURVE('',#1988,#1989,#1114,.T.);
#2456=EDGE_CURVE('',#1989,#1990,#1115,.T.);
#2457=EDGE_CURVE('',#1991,#1990,#1116,.T.);
#2458=EDGE_CURVE('',#1992,#1991,#1117,.T.);
#2459=EDGE_CURVE('',#1993,#1992,#1721,.T.);
#2460=EDGE_CURVE('',#1994,#1993,#1118,.T.);
#2461=EDGE_CURVE('',#1994,#1995,#1119,.T.);
#2462=EDGE_CURVE('',#1995,#1996,#1120,.T.);
#2463=EDGE_CURVE('',#1997,#1996,#1121,.T.);
#2464=EDGE_CURVE('',#1985,#1997,#1122,.T.);
#2465=EDGE_CURVE('',#1998,#1999,#137,.T.);
#2466=EDGE_CURVE('',#1999,#2000,#1123,.T.);
#2467=EDGE_CURVE('',#2000,#2001,#1722,.F.);
#2468=EDGE_CURVE('',#2001,#1998,#1124,.T.);
#2469=EDGE_CURVE('',#2002,#1986,#1125,.T.);
#2470=EDGE_CURVE('',#2003,#2002,#88,.F.);
#2471=EDGE_CURVE('',#2004,#2003,#1126,.T.);
#2472=EDGE_CURVE('',#2004,#2005,#1127,.T.);
#2473=EDGE_CURVE('',#2006,#2005,#89,.T.);
#2474=EDGE_CURVE('',#2007,#2006,#1128,.T.);
#2475=EDGE_CURVE('',#2008,#2007,#90,.T.);
#2476=EDGE_CURVE('',#2008,#2009,#1129,.T.);
#2477=EDGE_CURVE('',#2010,#2009,#1130,.T.);
#2478=EDGE_CURVE('',#2011,#2010,#91,.F.);
#2479=EDGE_CURVE('',#1998,#2011,#1131,.T.);
#2480=EDGE_CURVE('',#1987,#2001,#1132,.T.);
#2481=EDGE_CURVE('',#2012,#2013,#1133,.T.);
#2482=EDGE_CURVE('',#2014,#2012,#1134,.T.);
#2483=EDGE_CURVE('',#2015,#2014,#1135,.T.);
#2484=EDGE_CURVE('',#2016,#2015,#138,.T.);
#2485=EDGE_CURVE('',#2017,#2016,#1136,.T.);
#2486=EDGE_CURVE('',#2018,#2017,#139,.T.);
#2487=EDGE_CURVE('',#2018,#1997,#1137,.F.);
#2488=EDGE_CURVE('',#1996,#2019,#1138,.T.);
#2489=EDGE_CURVE('',#2020,#2019,#1139,.T.);
#2490=EDGE_CURVE('',#2021,#2020,#1140,.T.);
#2491=EDGE_CURVE('',#2022,#2021,#140,.T.);
#2492=EDGE_CURVE('',#2023,#2022,#1141,.T.);
#2493=EDGE_CURVE('',#2013,#2023,#141,.T.);
#2494=EDGE_CURVE('',#2020,#1999,#1142,.T.);
#2495=EDGE_CURVE('',#2024,#2019,#1143,.T.);
#2496=EDGE_CURVE('',#2024,#2025,#1144,.T.);
#2497=EDGE_CURVE('',#2026,#2025,#1145,.T.);
#2498=EDGE_CURVE('',#2027,#2026,#1723,.T.);
#2499=EDGE_CURVE('',#2028,#2027,#1146,.T.);
#2500=EDGE_CURVE('',#2029,#2028,#1147,.T.);
#2501=EDGE_CURVE('',#2030,#2029,#1148,.T.);
#2502=EDGE_CURVE('',#2000,#2030,#1149,.T.);
#2503=EDGE_CURVE('',#1995,#2024,#1150,.T.);
#2504=EDGE_CURVE('',#2021,#2011,#1151,.T.);
#2505=EDGE_CURVE('',#2030,#2031,#1724,.T.);
#2506=EDGE_CURVE('',#2031,#2032,#1152,.T.);
#2507=EDGE_CURVE('',#2032,#1989,#1725,.T.);
#2508=EDGE_CURVE('',#2033,#2033,#1726,.T.);
#2509=EDGE_CURVE('',#2034,#2034,#1727,.T.);
#2510=EDGE_CURVE('',#2002,#2018,#1153,.T.);
#2511=EDGE_CURVE('',#2035,#2036,#92,.T.);
#2512=EDGE_CURVE('',#2036,#2016,#1154,.T.);
#2513=EDGE_CURVE('',#2015,#1972,#1155,.T.);
#2514=EDGE_CURVE('',#1971,#2035,#58,.T.);
#2515=EDGE_CURVE('',#2036,#2037,#1156,.T.);
#2516=EDGE_CURVE('',#2017,#2037,#1157,.T.);
#2517=EDGE_CURVE('',#2038,#2035,#1158,.T.);
#2518=EDGE_CURVE('',#2039,#2038,#1159,.T.);
#2519=EDGE_CURVE('',#2040,#2039,#1160,.T.);
#2520=EDGE_CURVE('',#2037,#2040,#93,.T.);
#2521=EDGE_CURVE('',#2041,#2042,#94,.T.);
#2522=EDGE_CURVE('',#2042,#2022,#1161,.T.);
#2523=EDGE_CURVE('',#2010,#2041,#59,.T.);
#2524=EDGE_CURVE('',#2042,#2043,#1162,.T.);
#2525=EDGE_CURVE('',#2023,#2043,#1163,.T.);
#2526=EDGE_CURVE('',#2044,#2041,#1164,.T.);
#2527=EDGE_CURVE('',#2045,#2044,#1165,.T.);
#2528=EDGE_CURVE('',#2046,#2045,#1166,.T.);
#2529=EDGE_CURVE('',#2043,#2046,#95,.T.);
#2530=EDGE_CURVE('',#1959,#2013,#1167,.T.);
#2531=EDGE_CURVE('',#2046,#1960,#60,.T.);
#2532=EDGE_CURVE('',#2045,#1961,#142,.T.);
#2533=EDGE_CURVE('',#2040,#2003,#61,.T.);
#2534=EDGE_CURVE('',#2039,#2004,#143,.T.);
#2535=EDGE_CURVE('',#1970,#2038,#144,.T.);
#2536=EDGE_CURVE('',#1958,#2047,#1168,.T.);
#2537=EDGE_CURVE('',#2012,#2047,#1169,.T.);
#2538=EDGE_CURVE('',#2009,#2044,#145,.T.);
#2539=EDGE_CURVE('',#2014,#2048,#1170,.T.);
#2540=EDGE_CURVE('',#2048,#1973,#1171,.T.);
#2541=EDGE_CURVE('',#1962,#2049,#1172,.T.);
#2542=EDGE_CURVE('',#2049,#2050,#1728,.T.);
#2543=EDGE_CURVE('',#2050,#1963,#1173,.T.);
#2544=EDGE_CURVE('',#2051,#2049,#1174,.T.);
#2545=EDGE_CURVE('',#2052,#2051,#1729,.T.);
#2546=EDGE_CURVE('',#2053,#2052,#1175,.T.);
#2547=EDGE_CURVE('',#2054,#2053,#1730,.T.);
#2548=EDGE_CURVE('',#2055,#2054,#1176,.T.);
#2549=EDGE_CURVE('',#2056,#2055,#1731,.T.);
#2550=EDGE_CURVE('',#2057,#2056,#1177,.T.);
#2551=EDGE_CURVE('',#2058,#2057,#62,.T.);
#2552=EDGE_CURVE('',#2059,#2058,#1178,.T.);
#2553=EDGE_CURVE('',#2060,#2059,#63,.T.);
#2554=EDGE_CURVE('',#2050,#2060,#1179,.T.);
#2555=EDGE_CURVE('',#2061,#2062,#1180,.T.);
#2556=EDGE_CURVE('',#2063,#2061,#1181,.T.);
#2557=EDGE_CURVE('',#2064,#2063,#1182,.T.);
#2558=EDGE_CURVE('',#2062,#2064,#1183,.T.);
#2559=EDGE_CURVE('',#2065,#2066,#1732,.T.);
#2560=EDGE_CURVE('',#2067,#2065,#1184,.T.);
#2561=EDGE_CURVE('',#2068,#2067,#1733,.T.);
#2562=EDGE_CURVE('',#2066,#2068,#1185,.T.);
#2563=EDGE_CURVE('',#2069,#2070,#1734,.T.);
#2564=EDGE_CURVE('',#2071,#2069,#1186,.T.);
#2565=EDGE_CURVE('',#2072,#2071,#1735,.T.);
#2566=EDGE_CURVE('',#2070,#2072,#1187,.T.);
#2567=EDGE_CURVE('',#2073,#2074,#1188,.T.);
#2568=EDGE_CURVE('',#2075,#2073,#1189,.T.);
#2569=EDGE_CURVE('',#2076,#2075,#1190,.T.);
#2570=EDGE_CURVE('',#2074,#2076,#1191,.T.);
#2571=EDGE_CURVE('',#2077,#2078,#1192,.T.);
#2572=EDGE_CURVE('',#2079,#2077,#1193,.T.);
#2573=EDGE_CURVE('',#2080,#2079,#1736,.T.);
#2574=EDGE_CURVE('',#2081,#2080,#1194,.T.);
#2575=EDGE_CURVE('',#2082,#2081,#1737,.T.);
#2576=EDGE_CURVE('',#2078,#2082,#1195,.T.);
#2577=EDGE_CURVE('',#2051,#2008,#1196,.T.);
#2578=EDGE_CURVE('',#2007,#2052,#1197,.T.);
#2579=EDGE_CURVE('',#2005,#2054,#1198,.T.);
#2580=EDGE_CURVE('',#2053,#2006,#1199,.T.);
#2581=EDGE_CURVE('',#2055,#1969,#1200,.T.);
#2582=EDGE_CURVE('',#1968,#2056,#1201,.T.);
#2583=EDGE_CURVE('',#2057,#1967,#64,.T.);
#2584=EDGE_CURVE('',#1964,#2060,#65,.T.);
#2585=EDGE_CURVE('',#2083,#2084,#1202,.T.);
#2586=EDGE_CURVE('',#2084,#2048,#1203,.T.);
#2587=EDGE_CURVE('',#2047,#2083,#1204,.T.);
#2588=EDGE_CURVE('',#2084,#1973,#1738,.T.);
#2589=EDGE_CURVE('',#1958,#2083,#1739,.T.);
#2590=EDGE_CURVE('',#2084,#2085,#1205,.T.);
#2591=EDGE_CURVE('',#1974,#2085,#1740,.T.);
#2592=EDGE_CURVE('',#2086,#2083,#1206,.T.);
#2593=EDGE_CURVE('',#2085,#2086,#1207,.T.);
#2594=EDGE_CURVE('',#2086,#1957,#1741,.T.);
#2595=EDGE_CURVE('',#1951,#2086,#1742,.T.);
#2596=EDGE_CURVE('',#1950,#2085,#1743,.T.);
#2597=EDGE_CURVE('',#1976,#2087,#1208,.T.);
#2598=EDGE_CURVE('',#2087,#1967,#66,.T.);
#2599=EDGE_CURVE('',#2087,#2058,#67,.T.);
#2600=EDGE_CURVE('',#2087,#2088,#1209,.T.);
#2601=EDGE_CURVE('',#2059,#2088,#68,.T.);
#2602=EDGE_CURVE('',#2088,#1975,#1210,.T.);
#2603=EDGE_CURVE('',#1964,#2088,#69,.T.);
#2604=EDGE_CURVE('',#2034,#2089,#1211,.T.);
#2605=EDGE_CURVE('',#2089,#2089,#1744,.T.);
#2606=EDGE_CURVE('',#2032,#2090,#1212,.T.);
#2607=EDGE_CURVE('',#1990,#2090,#1745,.T.);
#2608=EDGE_CURVE('',#2091,#2031,#1213,.T.);
#2609=EDGE_CURVE('',#2090,#2091,#1214,.T.);
#2610=EDGE_CURVE('',#2091,#2029,#1746,.T.);
#2611=EDGE_CURVE('',#2027,#2092,#1747,.T.);
#2612=EDGE_CURVE('',#2092,#2093,#1215,.T.);
#2613=EDGE_CURVE('',#2093,#2028,#146,.T.);
#2614=EDGE_CURVE('',#2026,#2094,#1748,.T.);
#2615=EDGE_CURVE('',#2094,#2092,#1749,.T.);
#2616=EDGE_CURVE('',#2095,#2025,#1750,.T.);
#2617=EDGE_CURVE('',#2095,#2094,#1216,.T.);
#2618=EDGE_CURVE('',#1994,#2096,#1751,.T.);
#2619=EDGE_CURVE('',#2095,#2096,#1217,.T.);
#2620=EDGE_CURVE('',#1993,#2097,#1752,.T.);
#2621=EDGE_CURVE('',#2097,#2096,#1218,.T.);
#2622=EDGE_CURVE('',#1992,#2098,#1753,.T.);
#2623=EDGE_CURVE('',#2098,#2097,#1754,.T.);
#2624=EDGE_CURVE('',#1991,#2099,#147,.T.);
#2625=EDGE_CURVE('',#2099,#2098,#1219,.T.);
#2626=EDGE_CURVE('',#2077,#2099,#1220,.F.);
#2627=EDGE_CURVE('',#1990,#2079,#1221,.T.);
#2628=EDGE_CURVE('',#2090,#2080,#1222,.T.);
#2629=EDGE_CURVE('',#2091,#2081,#1223,.T.);
#2630=EDGE_CURVE('',#2029,#2082,#1224,.T.);
#2631=EDGE_CURVE('',#2093,#2078,#1225,.T.);
#2632=EDGE_CURVE('',#2098,#2092,#1226,.T.);
#2633=EDGE_CURVE('',#2094,#2097,#1227,.T.);
#2634=EDGE_CURVE('',#2100,#2100,#1755,.T.);
#2635=EDGE_CURVE('',#2075,#2101,#1228,.T.);
#2636=EDGE_CURVE('',#2101,#2102,#1229,.T.);
#2637=EDGE_CURVE('',#2102,#2076,#1230,.T.);
#2638=EDGE_CURVE('',#2074,#2103,#1231,.T.);
#2639=EDGE_CURVE('',#2103,#2104,#1232,.T.);
#2640=EDGE_CURVE('',#2104,#2073,#1233,.T.);
#2641=EDGE_CURVE('',#2105,#2106,#1234,.T.);
#2642=EDGE_CURVE('',#2106,#2103,#148,.T.);
#2643=EDGE_CURVE('',#2102,#2105,#149,.T.);
#2644=EDGE_CURVE('',#2104,#2107,#150,.T.);
#2645=EDGE_CURVE('',#2107,#2108,#1235,.T.);
#2646=EDGE_CURVE('',#2108,#2101,#151,.T.);
#2647=EDGE_CURVE('',#2107,#2109,#1756,.T.);
#2648=EDGE_CURVE('',#2110,#2109,#1236,.T.);
#2649=EDGE_CURVE('',#2108,#2110,#1757,.T.);
#2650=EDGE_CURVE('',#2106,#2111,#1758,.T.);
#2651=EDGE_CURVE('',#2112,#2111,#152,.T.);
#2652=EDGE_CURVE('',#2113,#2112,#1237,.T.);
#2653=EDGE_CURVE('',#2109,#2113,#153,.T.);
#2654=EDGE_CURVE('',#2063,#2113,#1238,.T.);
#2655=EDGE_CURVE('',#2112,#2064,#1239,.T.);
#2656=EDGE_CURVE('',#2062,#2114,#1240,.T.);
#2657=EDGE_CURVE('',#2114,#2115,#1241,.T.);
#2658=EDGE_CURVE('',#2115,#2061,#1242,.T.);
#2659=EDGE_CURVE('',#2111,#2116,#1243,.T.);
#2660=EDGE_CURVE('',#2116,#2114,#154,.T.);
#2661=EDGE_CURVE('',#2115,#2110,#155,.T.);
#2662=EDGE_CURVE('',#2116,#2105,#1759,.T.);
#2663=EDGE_CURVE('',#2117,#2069,#1244,.T.);
#2664=EDGE_CURVE('',#2070,#2118,#1245,.T.);
#2665=EDGE_CURVE('',#2118,#2117,#1760,.T.);
#2666=EDGE_CURVE('',#2117,#2119,#1246,.T.);
#2667=EDGE_CURVE('',#2119,#2071,#1247,.T.);
#2668=EDGE_CURVE('',#2119,#2120,#1761,.T.);
#2669=EDGE_CURVE('',#2120,#2072,#1248,.T.);
#2670=EDGE_CURVE('',#2120,#2118,#1249,.T.);
#2671=EDGE_CURVE('',#1982,#2117,#1250,.T.);
#2672=EDGE_CURVE('',#2119,#1981,#1251,.T.);
#2673=EDGE_CURVE('',#1983,#2118,#1252,.T.);
#2674=EDGE_CURVE('',#2121,#2065,#1253,.T.);
#2675=EDGE_CURVE('',#2066,#2122,#1254,.T.);
#2676=EDGE_CURVE('',#2122,#2121,#1762,.T.);
#2677=EDGE_CURVE('',#2121,#2123,#1255,.T.);
#2678=EDGE_CURVE('',#2123,#2067,#1256,.T.);
#2679=EDGE_CURVE('',#2123,#2124,#1763,.T.);
#2680=EDGE_CURVE('',#2124,#2068,#1257,.T.);
#2681=EDGE_CURVE('',#2124,#2122,#1258,.T.);
#2682=EDGE_CURVE('',#1978,#2121,#1259,.T.);
#2683=EDGE_CURVE('',#2123,#1977,#1260,.T.);
#2684=EDGE_CURVE('',#1979,#2122,#1261,.T.);
#2685=EDGE_CURVE('',#2120,#1984,#1262,.T.);
#2686=EDGE_CURVE('',#2124,#1980,#1263,.T.);
#2687=EDGE_CURVE('',#2033,#2100,#1264,.T.);
#2688=ORIENTED_EDGE('',*,*,#2125,.T.);
#2689=ORIENTED_EDGE('',*,*,#2126,.T.);
#2690=ORIENTED_EDGE('',*,*,#2127,.T.);
#2691=ORIENTED_EDGE('',*,*,#2128,.T.);
#2692=ORIENTED_EDGE('',*,*,#2129,.F.);
#2693=ORIENTED_EDGE('',*,*,#2130,.T.);
#2694=ORIENTED_EDGE('',*,*,#2131,.F.);
#2695=ORIENTED_EDGE('',*,*,#2130,.F.);
#2696=ORIENTED_EDGE('',*,*,#2127,.F.);
#2697=ORIENTED_EDGE('',*,*,#2132,.T.);
#2698=ORIENTED_EDGE('',*,*,#2133,.F.);
#2699=ORIENTED_EDGE('',*,*,#2134,.F.);
#2700=ORIENTED_EDGE('',*,*,#2135,.F.);
#2701=ORIENTED_EDGE('',*,*,#2136,.T.);
#2702=ORIENTED_EDGE('',*,*,#2131,.T.);
#2703=ORIENTED_EDGE('',*,*,#2125,.F.);
#2704=ORIENTED_EDGE('',*,*,#2137,.F.);
#2705=ORIENTED_EDGE('',*,*,#2138,.F.);
#2706=ORIENTED_EDGE('',*,*,#2139,.T.);
#2707=ORIENTED_EDGE('',*,*,#2140,.F.);
#2708=ORIENTED_EDGE('',*,*,#2141,.F.);
#2709=ORIENTED_EDGE('',*,*,#2129,.T.);
#2710=ORIENTED_EDGE('',*,*,#2126,.F.);
#2711=ORIENTED_EDGE('',*,*,#2141,.T.);
#2712=ORIENTED_EDGE('',*,*,#2142,.F.);
#2713=ORIENTED_EDGE('',*,*,#2132,.F.);
#2714=ORIENTED_EDGE('',*,*,#2142,.T.);
#2715=ORIENTED_EDGE('',*,*,#2140,.T.);
#2716=ORIENTED_EDGE('',*,*,#2143,.T.);
#2717=ORIENTED_EDGE('',*,*,#2133,.T.);
#2718=ORIENTED_EDGE('',*,*,#2144,.F.);
#2719=ORIENTED_EDGE('',*,*,#2134,.T.);
#2720=ORIENTED_EDGE('',*,*,#2143,.F.);
#2721=ORIENTED_EDGE('',*,*,#2139,.F.);
#2722=ORIENTED_EDGE('',*,*,#2128,.F.);
#2723=ORIENTED_EDGE('',*,*,#2136,.F.);
#2724=ORIENTED_EDGE('',*,*,#2145,.F.);
#2725=ORIENTED_EDGE('',*,*,#2137,.T.);
#2726=ORIENTED_EDGE('',*,*,#2145,.T.);
#2727=ORIENTED_EDGE('',*,*,#2135,.T.);
#2728=ORIENTED_EDGE('',*,*,#2144,.T.);
#2729=ORIENTED_EDGE('',*,*,#2138,.T.);
#2730=ORIENTED_EDGE('',*,*,#2146,.F.);
#2731=ORIENTED_EDGE('',*,*,#2147,.F.);
#2732=ORIENTED_EDGE('',*,*,#2148,.F.);
#2733=ORIENTED_EDGE('',*,*,#2149,.F.);
#2734=ORIENTED_EDGE('',*,*,#2150,.F.);
#2735=ORIENTED_EDGE('',*,*,#2151,.F.);
#2736=ORIENTED_EDGE('',*,*,#2152,.T.);
#2737=ORIENTED_EDGE('',*,*,#2153,.F.);
#2738=ORIENTED_EDGE('',*,*,#2152,.F.);
#2739=ORIENTED_EDGE('',*,*,#2154,.F.);
#2740=ORIENTED_EDGE('',*,*,#2155,.T.);
#2741=ORIENTED_EDGE('',*,*,#2156,.F.);
#2742=ORIENTED_EDGE('',*,*,#2157,.T.);
#2743=ORIENTED_EDGE('',*,*,#2158,.F.);
#2744=ORIENTED_EDGE('',*,*,#2159,.T.);
#2745=ORIENTED_EDGE('',*,*,#2160,.F.);
#2746=ORIENTED_EDGE('',*,*,#2161,.T.);
#2747=ORIENTED_EDGE('',*,*,#2162,.T.);
#2748=ORIENTED_EDGE('',*,*,#2163,.T.);
#2749=ORIENTED_EDGE('',*,*,#2164,.T.);
#2750=ORIENTED_EDGE('',*,*,#2165,.T.);
#2751=ORIENTED_EDGE('',*,*,#2166,.F.);
#2752=ORIENTED_EDGE('',*,*,#2167,.T.);
#2753=ORIENTED_EDGE('',*,*,#2168,.F.);
#2754=ORIENTED_EDGE('',*,*,#2167,.F.);
#2755=ORIENTED_EDGE('',*,*,#2169,.F.);
#2756=ORIENTED_EDGE('',*,*,#2170,.T.);
#2757=ORIENTED_EDGE('',*,*,#2171,.F.);
#2758=ORIENTED_EDGE('',*,*,#2170,.F.);
#2759=ORIENTED_EDGE('',*,*,#2172,.F.);
#2760=ORIENTED_EDGE('',*,*,#2173,.T.);
#2761=ORIENTED_EDGE('',*,*,#2174,.F.);
#2762=ORIENTED_EDGE('',*,*,#2173,.F.);
#2763=ORIENTED_EDGE('',*,*,#2175,.F.);
#2764=ORIENTED_EDGE('',*,*,#2176,.T.);
#2765=ORIENTED_EDGE('',*,*,#2177,.F.);
#2766=ORIENTED_EDGE('',*,*,#2176,.F.);
#2767=ORIENTED_EDGE('',*,*,#2175,.T.);
#2768=ORIENTED_EDGE('',*,*,#2172,.T.);
#2769=ORIENTED_EDGE('',*,*,#2178,.F.);
#2770=ORIENTED_EDGE('',*,*,#2179,.T.);
#2771=ORIENTED_EDGE('',*,*,#2180,.F.);
#2772=ORIENTED_EDGE('',*,*,#2181,.F.);
#2773=ORIENTED_EDGE('',*,*,#2177,.T.);
#2774=ORIENTED_EDGE('',*,*,#2182,.F.);
#2775=ORIENTED_EDGE('',*,*,#2183,.F.);
#2776=ORIENTED_EDGE('',*,*,#2184,.F.);
#2777=ORIENTED_EDGE('',*,*,#2179,.F.);
#2778=ORIENTED_EDGE('',*,*,#2185,.F.);
#2779=ORIENTED_EDGE('',*,*,#2149,.T.);
#2780=ORIENTED_EDGE('',*,*,#2186,.F.);
#2781=ORIENTED_EDGE('',*,*,#2187,.F.);
#2782=ORIENTED_EDGE('',*,*,#2181,.T.);
#2783=ORIENTED_EDGE('',*,*,#2188,.T.);
#2784=ORIENTED_EDGE('',*,*,#2189,.T.);
#2785=ORIENTED_EDGE('',*,*,#2190,.F.);
#2786=ORIENTED_EDGE('',*,*,#2180,.T.);
#2787=ORIENTED_EDGE('',*,*,#2184,.T.);
#2788=ORIENTED_EDGE('',*,*,#2191,.F.);
#2789=ORIENTED_EDGE('',*,*,#2192,.T.);
#2790=ORIENTED_EDGE('',*,*,#2193,.T.);
#2791=ORIENTED_EDGE('',*,*,#2194,.T.);
#2792=ORIENTED_EDGE('',*,*,#2195,.F.);
#2793=ORIENTED_EDGE('',*,*,#2186,.T.);
#2794=ORIENTED_EDGE('',*,*,#2148,.T.);
#2795=ORIENTED_EDGE('',*,*,#2196,.T.);
#2796=ORIENTED_EDGE('',*,*,#2197,.T.);
#2797=ORIENTED_EDGE('',*,*,#2198,.T.);
#2798=ORIENTED_EDGE('',*,*,#2199,.T.);
#2799=ORIENTED_EDGE('',*,*,#2200,.T.);
#2800=ORIENTED_EDGE('',*,*,#2201,.T.);
#2801=ORIENTED_EDGE('',*,*,#2188,.F.);
#2802=ORIENTED_EDGE('',*,*,#2160,.T.);
#2803=ORIENTED_EDGE('',*,*,#2202,.T.);
#2804=ORIENTED_EDGE('',*,*,#2156,.T.);
#2805=ORIENTED_EDGE('',*,*,#2203,.T.);
#2806=ORIENTED_EDGE('',*,*,#2153,.T.);
#2807=ORIENTED_EDGE('',*,*,#2204,.F.);
#2808=ORIENTED_EDGE('',*,*,#2205,.T.);
#2809=ORIENTED_EDGE('',*,*,#2206,.T.);
#2810=ORIENTED_EDGE('',*,*,#2207,.F.);
#2811=ORIENTED_EDGE('',*,*,#2208,.F.);
#2812=ORIENTED_EDGE('',*,*,#2209,.T.);
#2813=ORIENTED_EDGE('',*,*,#2210,.T.);
#2814=ORIENTED_EDGE('',*,*,#2205,.F.);
#2815=ORIENTED_EDGE('',*,*,#2166,.T.);
#2816=ORIENTED_EDGE('',*,*,#2211,.F.);
#2817=ORIENTED_EDGE('',*,*,#2212,.T.);
#2818=ORIENTED_EDGE('',*,*,#2213,.T.);
#2819=ORIENTED_EDGE('',*,*,#2209,.F.);
#2820=ORIENTED_EDGE('',*,*,#2214,.F.);
#2821=ORIENTED_EDGE('',*,*,#2207,.T.);
#2822=ORIENTED_EDGE('',*,*,#2215,.T.);
#2823=ORIENTED_EDGE('',*,*,#2212,.F.);
#2824=ORIENTED_EDGE('',*,*,#2171,.T.);
#2825=ORIENTED_EDGE('',*,*,#2215,.F.);
#2826=ORIENTED_EDGE('',*,*,#2206,.F.);
#2827=ORIENTED_EDGE('',*,*,#2210,.F.);
#2828=ORIENTED_EDGE('',*,*,#2213,.F.);
#2829=ORIENTED_EDGE('',*,*,#2164,.F.);
#2830=ORIENTED_EDGE('',*,*,#2216,.F.);
#2831=ORIENTED_EDGE('',*,*,#2217,.F.);
#2832=ORIENTED_EDGE('',*,*,#2218,.T.);
#2833=ORIENTED_EDGE('',*,*,#2163,.F.);
#2834=ORIENTED_EDGE('',*,*,#2219,.F.);
#2835=ORIENTED_EDGE('',*,*,#2220,.F.);
#2836=ORIENTED_EDGE('',*,*,#2216,.T.);
#2837=ORIENTED_EDGE('',*,*,#2162,.F.);
#2838=ORIENTED_EDGE('',*,*,#2221,.F.);
#2839=ORIENTED_EDGE('',*,*,#2222,.F.);
#2840=ORIENTED_EDGE('',*,*,#2219,.T.);
#2841=ORIENTED_EDGE('',*,*,#2165,.F.);
#2842=ORIENTED_EDGE('',*,*,#2218,.F.);
#2843=ORIENTED_EDGE('',*,*,#2223,.F.);
#2844=ORIENTED_EDGE('',*,*,#2221,.T.);
#2845=ORIENTED_EDGE('',*,*,#2224,.F.);
#2846=ORIENTED_EDGE('',*,*,#2157,.F.);
#2847=ORIENTED_EDGE('',*,*,#2202,.F.);
#2848=ORIENTED_EDGE('',*,*,#2159,.F.);
#2849=ORIENTED_EDGE('',*,*,#2225,.T.);
#2850=ORIENTED_EDGE('',*,*,#2161,.F.);
#2851=ORIENTED_EDGE('',*,*,#2203,.F.);
#2852=ORIENTED_EDGE('',*,*,#2155,.F.);
#2853=ORIENTED_EDGE('',*,*,#2192,.F.);
#2854=ORIENTED_EDGE('',*,*,#2226,.F.);
#2855=ORIENTED_EDGE('',*,*,#2227,.F.);
#2856=ORIENTED_EDGE('',*,*,#2228,.F.);
#2857=ORIENTED_EDGE('',*,*,#2194,.F.);
#2858=ORIENTED_EDGE('',*,*,#2229,.T.);
#2859=ORIENTED_EDGE('',*,*,#2230,.F.);
#2860=ORIENTED_EDGE('',*,*,#2231,.F.);
#2861=ORIENTED_EDGE('',*,*,#2193,.F.);
#2862=ORIENTED_EDGE('',*,*,#2228,.T.);
#2863=ORIENTED_EDGE('',*,*,#2232,.F.);
#2864=ORIENTED_EDGE('',*,*,#2229,.F.);
#2865=ORIENTED_EDGE('',*,*,#2174,.T.);
#2866=ORIENTED_EDGE('',*,*,#2183,.T.);
#2867=ORIENTED_EDGE('',*,*,#2233,.T.);
#2868=ORIENTED_EDGE('',*,*,#2226,.T.);
#2869=ORIENTED_EDGE('',*,*,#2191,.T.);
#2870=ORIENTED_EDGE('',*,*,#2187,.T.);
#2871=ORIENTED_EDGE('',*,*,#2195,.T.);
#2872=ORIENTED_EDGE('',*,*,#2231,.T.);
#2873=ORIENTED_EDGE('',*,*,#2234,.T.);
#2874=ORIENTED_EDGE('',*,*,#2178,.T.);
#2875=ORIENTED_EDGE('',*,*,#2190,.T.);
#2876=ORIENTED_EDGE('',*,*,#2235,.T.);
#2877=ORIENTED_EDGE('',*,*,#2236,.T.);
#2878=ORIENTED_EDGE('',*,*,#2237,.T.);
#2879=ORIENTED_EDGE('',*,*,#2238,.T.);
#2880=ORIENTED_EDGE('',*,*,#2239,.T.);
#2881=ORIENTED_EDGE('',*,*,#2240,.F.);
#2882=ORIENTED_EDGE('',*,*,#2146,.T.);
#2883=ORIENTED_EDGE('',*,*,#2185,.T.);
#2884=ORIENTED_EDGE('',*,*,#2234,.F.);
#2885=ORIENTED_EDGE('',*,*,#2230,.T.);
#2886=ORIENTED_EDGE('',*,*,#2232,.T.);
#2887=ORIENTED_EDGE('',*,*,#2227,.T.);
#2888=ORIENTED_EDGE('',*,*,#2233,.F.);
#2889=ORIENTED_EDGE('',*,*,#2182,.T.);
#2890=ORIENTED_EDGE('',*,*,#2154,.T.);
#2891=ORIENTED_EDGE('',*,*,#2224,.T.);
#2892=ORIENTED_EDGE('',*,*,#2158,.T.);
#2893=ORIENTED_EDGE('',*,*,#2225,.F.);
#2894=ORIENTED_EDGE('',*,*,#2151,.T.);
#2895=ORIENTED_EDGE('',*,*,#2238,.F.);
#2896=ORIENTED_EDGE('',*,*,#2241,.T.);
#2897=ORIENTED_EDGE('',*,*,#2242,.T.);
#2898=ORIENTED_EDGE('',*,*,#2243,.F.);
#2899=ORIENTED_EDGE('',*,*,#2237,.F.);
#2900=ORIENTED_EDGE('',*,*,#2244,.T.);
#2901=ORIENTED_EDGE('',*,*,#2245,.T.);
#2902=ORIENTED_EDGE('',*,*,#2241,.F.);
#2903=ORIENTED_EDGE('',*,*,#2236,.F.);
#2904=ORIENTED_EDGE('',*,*,#2246,.F.);
#2905=ORIENTED_EDGE('',*,*,#2247,.T.);
#2906=ORIENTED_EDGE('',*,*,#2244,.F.);
#2907=ORIENTED_EDGE('',*,*,#2246,.T.);
#2908=ORIENTED_EDGE('',*,*,#2235,.F.);
#2909=ORIENTED_EDGE('',*,*,#2189,.F.);
#2910=ORIENTED_EDGE('',*,*,#2201,.F.);
#2911=ORIENTED_EDGE('',*,*,#2248,.T.);
#2912=ORIENTED_EDGE('',*,*,#2249,.T.);
#2913=ORIENTED_EDGE('',*,*,#2250,.T.);
#2914=ORIENTED_EDGE('',*,*,#2251,.T.);
#2915=ORIENTED_EDGE('',*,*,#2243,.T.);
#2916=ORIENTED_EDGE('',*,*,#2252,.T.);
#2917=ORIENTED_EDGE('',*,*,#2253,.T.);
#2918=ORIENTED_EDGE('',*,*,#2254,.T.);
#2919=ORIENTED_EDGE('',*,*,#2255,.T.);
#2920=ORIENTED_EDGE('',*,*,#2197,.F.);
#2921=ORIENTED_EDGE('',*,*,#2256,.F.);
#2922=ORIENTED_EDGE('',*,*,#2239,.F.);
#2923=ORIENTED_EDGE('',*,*,#2200,.F.);
#2924=ORIENTED_EDGE('',*,*,#2257,.T.);
#2925=ORIENTED_EDGE('',*,*,#2258,.T.);
#2926=ORIENTED_EDGE('',*,*,#2248,.F.);
#2927=ORIENTED_EDGE('',*,*,#2199,.F.);
#2928=ORIENTED_EDGE('',*,*,#2259,.T.);
#2929=ORIENTED_EDGE('',*,*,#2260,.T.);
#2930=ORIENTED_EDGE('',*,*,#2257,.F.);
#2931=ORIENTED_EDGE('',*,*,#2198,.F.);
#2932=ORIENTED_EDGE('',*,*,#2255,.F.);
#2933=ORIENTED_EDGE('',*,*,#2261,.T.);
#2934=ORIENTED_EDGE('',*,*,#2259,.F.);
#2935=ORIENTED_EDGE('',*,*,#2262,.F.);
#2936=ORIENTED_EDGE('',*,*,#2253,.F.);
#2937=ORIENTED_EDGE('',*,*,#2263,.F.);
#2938=ORIENTED_EDGE('',*,*,#2264,.F.);
#2939=ORIENTED_EDGE('',*,*,#2147,.T.);
#2940=ORIENTED_EDGE('',*,*,#2240,.T.);
#2941=ORIENTED_EDGE('',*,*,#2256,.T.);
#2942=ORIENTED_EDGE('',*,*,#2196,.F.);
#2943=ORIENTED_EDGE('',*,*,#2262,.T.);
#2944=ORIENTED_EDGE('',*,*,#2265,.F.);
#2945=ORIENTED_EDGE('',*,*,#2266,.T.);
#2946=ORIENTED_EDGE('',*,*,#2249,.F.);
#2947=ORIENTED_EDGE('',*,*,#2258,.F.);
#2948=ORIENTED_EDGE('',*,*,#2260,.F.);
#2949=ORIENTED_EDGE('',*,*,#2261,.F.);
#2950=ORIENTED_EDGE('',*,*,#2254,.F.);
#2951=ORIENTED_EDGE('',*,*,#2168,.T.);
#2952=ORIENTED_EDGE('',*,*,#2267,.F.);
#2953=ORIENTED_EDGE('',*,*,#2250,.F.);
#2954=ORIENTED_EDGE('',*,*,#2266,.F.);
#2955=ORIENTED_EDGE('',*,*,#2268,.F.);
#2956=ORIENTED_EDGE('',*,*,#2263,.T.);
#2957=ORIENTED_EDGE('',*,*,#2252,.F.);
#2958=ORIENTED_EDGE('',*,*,#2242,.F.);
#2959=ORIENTED_EDGE('',*,*,#2245,.F.);
#2960=ORIENTED_EDGE('',*,*,#2247,.F.);
#2961=ORIENTED_EDGE('',*,*,#2251,.F.);
#2962=ORIENTED_EDGE('',*,*,#2267,.T.);
#2963=ORIENTED_EDGE('',*,*,#2269,.F.);
#2964=ORIENTED_EDGE('',*,*,#2169,.T.);
#2965=ORIENTED_EDGE('',*,*,#2264,.T.);
#2966=ORIENTED_EDGE('',*,*,#2269,.T.);
#2967=ORIENTED_EDGE('',*,*,#2268,.T.);
#2968=ORIENTED_EDGE('',*,*,#2265,.T.);
#2969=ORIENTED_EDGE('',*,*,#2204,.T.);
#2970=ORIENTED_EDGE('',*,*,#2214,.T.);
#2971=ORIENTED_EDGE('',*,*,#2211,.T.);
#2972=ORIENTED_EDGE('',*,*,#2208,.T.);
#2973=ORIENTED_EDGE('',*,*,#2217,.T.);
#2974=ORIENTED_EDGE('',*,*,#2220,.T.);
#2975=ORIENTED_EDGE('',*,*,#2222,.T.);
#2976=ORIENTED_EDGE('',*,*,#2223,.T.);
#2977=ORIENTED_EDGE('',*,*,#2270,.F.);
#2978=ORIENTED_EDGE('',*,*,#2271,.T.);
#2979=ORIENTED_EDGE('',*,*,#2150,.T.);
#2980=ORIENTED_EDGE('',*,*,#2271,.F.);
#2981=ORIENTED_EDGE('',*,*,#2270,.T.);
#2982=ORIENTED_EDGE('',*,*,#2272,.T.);
#2983=ORIENTED_EDGE('',*,*,#2273,.T.);
#2984=ORIENTED_EDGE('',*,*,#2274,.T.);
#2985=ORIENTED_EDGE('',*,*,#2273,.F.);
#2986=ORIENTED_EDGE('',*,*,#2274,.F.);
#2987=ORIENTED_EDGE('',*,*,#2275,.T.);
#2988=ORIENTED_EDGE('',*,*,#2276,.T.);
#2989=ORIENTED_EDGE('',*,*,#2272,.F.);
#2990=ORIENTED_EDGE('',*,*,#2276,.F.);
#2991=ORIENTED_EDGE('',*,*,#2277,.F.);
#2992=ORIENTED_EDGE('',*,*,#2278,.T.);
#2993=ORIENTED_EDGE('',*,*,#2279,.F.);
#2994=ORIENTED_EDGE('',*,*,#2280,.T.);
#2995=ORIENTED_EDGE('',*,*,#2281,.T.);
#2996=ORIENTED_EDGE('',*,*,#2280,.F.);
#2997=ORIENTED_EDGE('',*,*,#2279,.T.);
#2998=ORIENTED_EDGE('',*,*,#2282,.F.);
#2999=ORIENTED_EDGE('',*,*,#2282,.T.);
#3000=ORIENTED_EDGE('',*,*,#2283,.F.);
#3001=ORIENTED_EDGE('',*,*,#2284,.F.);
#3002=ORIENTED_EDGE('',*,*,#2285,.F.);
#3003=ORIENTED_EDGE('',*,*,#2278,.F.);
#3004=ORIENTED_EDGE('',*,*,#2286,.F.);
#3005=ORIENTED_EDGE('',*,*,#2287,.F.);
#3006=ORIENTED_EDGE('',*,*,#2281,.F.);
#3007=ORIENTED_EDGE('',*,*,#2275,.F.);
#3008=ORIENTED_EDGE('',*,*,#2285,.T.);
#3009=ORIENTED_EDGE('',*,*,#2288,.F.);
#3010=ORIENTED_EDGE('',*,*,#2284,.T.);
#3011=ORIENTED_EDGE('',*,*,#2289,.F.);
#3012=ORIENTED_EDGE('',*,*,#2283,.T.);
#3013=ORIENTED_EDGE('',*,*,#2290,.F.);
#3014=ORIENTED_EDGE('',*,*,#2287,.T.);
#3015=ORIENTED_EDGE('',*,*,#2291,.F.);
#3016=ORIENTED_EDGE('',*,*,#2286,.T.);
#3017=ORIENTED_EDGE('',*,*,#2292,.F.);
#3018=ORIENTED_EDGE('',*,*,#2293,.T.);
#3019=ORIENTED_EDGE('',*,*,#2294,.T.);
#3020=ORIENTED_EDGE('',*,*,#2295,.T.);
#3021=ORIENTED_EDGE('',*,*,#2296,.T.);
#3022=ORIENTED_EDGE('',*,*,#2297,.T.);
#3023=ORIENTED_EDGE('',*,*,#2298,.T.);
#3024=ORIENTED_EDGE('',*,*,#2299,.T.);
#3025=ORIENTED_EDGE('',*,*,#2277,.T.);
#3026=ORIENTED_EDGE('',*,*,#2300,.F.);
#3027=ORIENTED_EDGE('',*,*,#2294,.F.);
#3028=ORIENTED_EDGE('',*,*,#2300,.T.);
#3029=ORIENTED_EDGE('',*,*,#2288,.T.);
#3030=ORIENTED_EDGE('',*,*,#2301,.F.);
#3031=ORIENTED_EDGE('',*,*,#2295,.F.);
#3032=ORIENTED_EDGE('',*,*,#2301,.T.);
#3033=ORIENTED_EDGE('',*,*,#2289,.T.);
#3034=ORIENTED_EDGE('',*,*,#2302,.F.);
#3035=ORIENTED_EDGE('',*,*,#2296,.F.);
#3036=ORIENTED_EDGE('',*,*,#2302,.T.);
#3037=ORIENTED_EDGE('',*,*,#2290,.T.);
#3038=ORIENTED_EDGE('',*,*,#2303,.F.);
#3039=ORIENTED_EDGE('',*,*,#2297,.F.);
#3040=ORIENTED_EDGE('',*,*,#2303,.T.);
#3041=ORIENTED_EDGE('',*,*,#2291,.T.);
#3042=ORIENTED_EDGE('',*,*,#2304,.F.);
#3043=ORIENTED_EDGE('',*,*,#2298,.F.);
#3044=ORIENTED_EDGE('',*,*,#2304,.T.);
#3045=ORIENTED_EDGE('',*,*,#2292,.T.);
#3046=ORIENTED_EDGE('',*,*,#2299,.F.);
#3047=ORIENTED_EDGE('',*,*,#2293,.F.);
#3048=ORIENTED_EDGE('',*,*,#2305,.F.);
#3049=ORIENTED_EDGE('',*,*,#2306,.T.);
#3050=ORIENTED_EDGE('',*,*,#2307,.F.);
#3051=ORIENTED_EDGE('',*,*,#2308,.T.);
#3052=ORIENTED_EDGE('',*,*,#2309,.F.);
#3053=ORIENTED_EDGE('',*,*,#2310,.F.);
#3054=ORIENTED_EDGE('',*,*,#2311,.F.);
#3055=ORIENTED_EDGE('',*,*,#2312,.T.);
#3056=ORIENTED_EDGE('',*,*,#2313,.F.);
#3057=ORIENTED_EDGE('',*,*,#2314,.F.);
#3058=ORIENTED_EDGE('',*,*,#2312,.F.);
#3059=ORIENTED_EDGE('',*,*,#2315,.F.);
#3060=ORIENTED_EDGE('',*,*,#2316,.T.);
#3061=ORIENTED_EDGE('',*,*,#2317,.F.);
#3062=ORIENTED_EDGE('',*,*,#2318,.F.);
#3063=ORIENTED_EDGE('',*,*,#2319,.F.);
#3064=ORIENTED_EDGE('',*,*,#2320,.T.);
#3065=ORIENTED_EDGE('',*,*,#2321,.T.);
#3066=ORIENTED_EDGE('',*,*,#2322,.T.);
#3067=ORIENTED_EDGE('',*,*,#2317,.T.);
#3068=ORIENTED_EDGE('',*,*,#2323,.T.);
#3069=ORIENTED_EDGE('',*,*,#2309,.T.);
#3070=ORIENTED_EDGE('',*,*,#2324,.T.);
#3071=ORIENTED_EDGE('',*,*,#2325,.T.);
#3072=ORIENTED_EDGE('',*,*,#2326,.T.);
#3073=ORIENTED_EDGE('',*,*,#2327,.T.);
#3074=ORIENTED_EDGE('',*,*,#2328,.T.);
#3075=ORIENTED_EDGE('',*,*,#2329,.T.);
#3076=ORIENTED_EDGE('',*,*,#2330,.T.);
#3077=ORIENTED_EDGE('',*,*,#2331,.T.);
#3078=ORIENTED_EDGE('',*,*,#2332,.T.);
#3079=ORIENTED_EDGE('',*,*,#2313,.T.);
#3080=ORIENTED_EDGE('',*,*,#2333,.T.);
#3081=ORIENTED_EDGE('',*,*,#2334,.T.);
#3082=ORIENTED_EDGE('',*,*,#2305,.T.);
#3083=ORIENTED_EDGE('',*,*,#2335,.T.);
#3084=ORIENTED_EDGE('',*,*,#2315,.T.);
#3085=ORIENTED_EDGE('',*,*,#2336,.T.);
#3086=ORIENTED_EDGE('',*,*,#2333,.F.);
#3087=ORIENTED_EDGE('',*,*,#2314,.T.);
#3088=ORIENTED_EDGE('',*,*,#2336,.F.);
#3089=ORIENTED_EDGE('',*,*,#2320,.F.);
#3090=ORIENTED_EDGE('',*,*,#2337,.F.);
#3091=ORIENTED_EDGE('',*,*,#2306,.F.);
#3092=ORIENTED_EDGE('',*,*,#2334,.F.);
#3093=ORIENTED_EDGE('',*,*,#2311,.T.);
#3094=ORIENTED_EDGE('',*,*,#2338,.T.);
#3095=ORIENTED_EDGE('',*,*,#2339,.T.);
#3096=ORIENTED_EDGE('',*,*,#2338,.F.);
#3097=ORIENTED_EDGE('',*,*,#2340,.F.);
#3098=ORIENTED_EDGE('',*,*,#2341,.F.);
#3099=ORIENTED_EDGE('',*,*,#2342,.T.);
#3100=ORIENTED_EDGE('',*,*,#2329,.F.);
#3101=ORIENTED_EDGE('',*,*,#2339,.F.);
#3102=ORIENTED_EDGE('',*,*,#2310,.T.);
#3103=ORIENTED_EDGE('',*,*,#2323,.F.);
#3104=ORIENTED_EDGE('',*,*,#2316,.F.);
#3105=ORIENTED_EDGE('',*,*,#2335,.F.);
#3106=ORIENTED_EDGE('',*,*,#2343,.F.);
#3107=ORIENTED_EDGE('',*,*,#2344,.F.);
#3108=ORIENTED_EDGE('',*,*,#2318,.T.);
#3109=ORIENTED_EDGE('',*,*,#2322,.F.);
#3110=ORIENTED_EDGE('',*,*,#2308,.F.);
#3111=ORIENTED_EDGE('',*,*,#2345,.F.);
#3112=ORIENTED_EDGE('',*,*,#2346,.T.);
#3113=ORIENTED_EDGE('',*,*,#2324,.F.);
#3114=ORIENTED_EDGE('',*,*,#2346,.F.);
#3115=ORIENTED_EDGE('',*,*,#2347,.F.);
#3116=ORIENTED_EDGE('',*,*,#2348,.T.);
#3117=ORIENTED_EDGE('',*,*,#2325,.F.);
#3118=ORIENTED_EDGE('',*,*,#2348,.F.);
#3119=ORIENTED_EDGE('',*,*,#2349,.F.);
#3120=ORIENTED_EDGE('',*,*,#2350,.T.);
#3121=ORIENTED_EDGE('',*,*,#2326,.F.);
#3122=ORIENTED_EDGE('',*,*,#2350,.F.);
#3123=ORIENTED_EDGE('',*,*,#2351,.F.);
#3124=ORIENTED_EDGE('',*,*,#2352,.T.);
#3125=ORIENTED_EDGE('',*,*,#2327,.F.);
#3126=ORIENTED_EDGE('',*,*,#2352,.F.);
#3127=ORIENTED_EDGE('',*,*,#2353,.F.);
#3128=ORIENTED_EDGE('',*,*,#2340,.T.);
#3129=ORIENTED_EDGE('',*,*,#2328,.F.);
#3130=ORIENTED_EDGE('',*,*,#2342,.F.);
#3131=ORIENTED_EDGE('',*,*,#2354,.F.);
#3132=ORIENTED_EDGE('',*,*,#2355,.T.);
#3133=ORIENTED_EDGE('',*,*,#2330,.F.);
#3134=ORIENTED_EDGE('',*,*,#2355,.F.);
#3135=ORIENTED_EDGE('',*,*,#2356,.F.);
#3136=ORIENTED_EDGE('',*,*,#2357,.T.);
#3137=ORIENTED_EDGE('',*,*,#2331,.F.);
#3138=ORIENTED_EDGE('',*,*,#2357,.F.);
#3139=ORIENTED_EDGE('',*,*,#2358,.F.);
#3140=ORIENTED_EDGE('',*,*,#2359,.F.);
#3141=ORIENTED_EDGE('',*,*,#2332,.F.);
#3142=ORIENTED_EDGE('',*,*,#2359,.T.);
#3143=ORIENTED_EDGE('',*,*,#2360,.F.);
#3144=ORIENTED_EDGE('',*,*,#2343,.T.);
#3145=ORIENTED_EDGE('',*,*,#2321,.F.);
#3146=ORIENTED_EDGE('',*,*,#2360,.T.);
#3147=ORIENTED_EDGE('',*,*,#2358,.T.);
#3148=ORIENTED_EDGE('',*,*,#2356,.T.);
#3149=ORIENTED_EDGE('',*,*,#2354,.T.);
#3150=ORIENTED_EDGE('',*,*,#2341,.T.);
#3151=ORIENTED_EDGE('',*,*,#2353,.T.);
#3152=ORIENTED_EDGE('',*,*,#2351,.T.);
#3153=ORIENTED_EDGE('',*,*,#2349,.T.);
#3154=ORIENTED_EDGE('',*,*,#2347,.T.);
#3155=ORIENTED_EDGE('',*,*,#2345,.T.);
#3156=ORIENTED_EDGE('',*,*,#2307,.T.);
#3157=ORIENTED_EDGE('',*,*,#2337,.T.);
#3158=ORIENTED_EDGE('',*,*,#2319,.T.);
#3159=ORIENTED_EDGE('',*,*,#2344,.T.);
#3160=ORIENTED_EDGE('',*,*,#2361,.F.);
#3161=ORIENTED_EDGE('',*,*,#2362,.F.);
#3162=ORIENTED_EDGE('',*,*,#2363,.F.);
#3163=ORIENTED_EDGE('',*,*,#2364,.F.);
#3164=ORIENTED_EDGE('',*,*,#2365,.T.);
#3165=ORIENTED_EDGE('',*,*,#2366,.T.);
#3166=ORIENTED_EDGE('',*,*,#2365,.F.);
#3167=ORIENTED_EDGE('',*,*,#2367,.F.);
#3168=ORIENTED_EDGE('',*,*,#2368,.F.);
#3169=ORIENTED_EDGE('',*,*,#2369,.F.);
#3170=ORIENTED_EDGE('',*,*,#2370,.F.);
#3171=ORIENTED_EDGE('',*,*,#2371,.T.);
#3172=ORIENTED_EDGE('',*,*,#2372,.T.);
#3173=ORIENTED_EDGE('',*,*,#2371,.F.);
#3174=ORIENTED_EDGE('',*,*,#2373,.F.);
#3175=ORIENTED_EDGE('',*,*,#2374,.F.);
#3176=ORIENTED_EDGE('',*,*,#2375,.T.);
#3177=ORIENTED_EDGE('',*,*,#2370,.T.);
#3178=ORIENTED_EDGE('',*,*,#2375,.F.);
#3179=ORIENTED_EDGE('',*,*,#2373,.T.);
#3180=ORIENTED_EDGE('',*,*,#2374,.T.);
#3181=ORIENTED_EDGE('',*,*,#2376,.T.);
#3182=ORIENTED_EDGE('',*,*,#2377,.F.);
#3183=ORIENTED_EDGE('',*,*,#2376,.F.);
#3184=ORIENTED_EDGE('',*,*,#2378,.F.);
#3185=ORIENTED_EDGE('',*,*,#2379,.T.);
#3186=ORIENTED_EDGE('',*,*,#2380,.T.);
#3187=ORIENTED_EDGE('',*,*,#2379,.F.);
#3188=ORIENTED_EDGE('',*,*,#2381,.F.);
#3189=ORIENTED_EDGE('',*,*,#2382,.F.);
#3190=ORIENTED_EDGE('',*,*,#2383,.T.);
#3191=ORIENTED_EDGE('',*,*,#2378,.T.);
#3192=ORIENTED_EDGE('',*,*,#2383,.F.);
#3193=ORIENTED_EDGE('',*,*,#2381,.T.);
#3194=ORIENTED_EDGE('',*,*,#2382,.T.);
#3195=ORIENTED_EDGE('',*,*,#2384,.T.);
#3196=ORIENTED_EDGE('',*,*,#2385,.F.);
#3197=ORIENTED_EDGE('',*,*,#2384,.F.);
#3198=ORIENTED_EDGE('',*,*,#2385,.T.);
#3199=ORIENTED_EDGE('',*,*,#2377,.T.);
#3200=ORIENTED_EDGE('',*,*,#2380,.F.);
#3201=ORIENTED_EDGE('',*,*,#2372,.F.);
#3202=ORIENTED_EDGE('',*,*,#2366,.F.);
#3203=ORIENTED_EDGE('',*,*,#2386,.T.);
#3204=ORIENTED_EDGE('',*,*,#2387,.T.);
#3205=ORIENTED_EDGE('',*,*,#2388,.T.);
#3206=ORIENTED_EDGE('',*,*,#2389,.T.);
#3207=ORIENTED_EDGE('',*,*,#2390,.T.);
#3208=ORIENTED_EDGE('',*,*,#2391,.T.);
#3209=ORIENTED_EDGE('',*,*,#2392,.T.);
#3210=ORIENTED_EDGE('',*,*,#2362,.T.);
#3211=ORIENTED_EDGE('',*,*,#2393,.F.);
#3212=ORIENTED_EDGE('',*,*,#2386,.F.);
#3213=ORIENTED_EDGE('',*,*,#2394,.T.);
#3214=ORIENTED_EDGE('',*,*,#2363,.T.);
#3215=ORIENTED_EDGE('',*,*,#2392,.F.);
#3216=ORIENTED_EDGE('',*,*,#2391,.F.);
#3217=ORIENTED_EDGE('',*,*,#2395,.T.);
#3218=ORIENTED_EDGE('',*,*,#2367,.T.);
#3219=ORIENTED_EDGE('',*,*,#2364,.T.);
#3220=ORIENTED_EDGE('',*,*,#2394,.F.);
#3221=ORIENTED_EDGE('',*,*,#2390,.F.);
#3222=ORIENTED_EDGE('',*,*,#2396,.T.);
#3223=ORIENTED_EDGE('',*,*,#2368,.T.);
#3224=ORIENTED_EDGE('',*,*,#2395,.F.);
#3225=ORIENTED_EDGE('',*,*,#2389,.F.);
#3226=ORIENTED_EDGE('',*,*,#2397,.T.);
#3227=ORIENTED_EDGE('',*,*,#2369,.T.);
#3228=ORIENTED_EDGE('',*,*,#2396,.F.);
#3229=ORIENTED_EDGE('',*,*,#2388,.F.);
#3230=ORIENTED_EDGE('',*,*,#2393,.T.);
#3231=ORIENTED_EDGE('',*,*,#2361,.T.);
#3232=ORIENTED_EDGE('',*,*,#2397,.F.);
#3233=ORIENTED_EDGE('',*,*,#2387,.F.);
#3234=ORIENTED_EDGE('',*,*,#2398,.T.);
#3235=ORIENTED_EDGE('',*,*,#2399,.T.);
#3236=ORIENTED_EDGE('',*,*,#2400,.T.);
#3237=ORIENTED_EDGE('',*,*,#2401,.T.);
#3238=ORIENTED_EDGE('',*,*,#2402,.T.);
#3239=ORIENTED_EDGE('',*,*,#2403,.T.);
#3240=ORIENTED_EDGE('',*,*,#2398,.F.);
#3241=ORIENTED_EDGE('',*,*,#2404,.T.);
#3242=ORIENTED_EDGE('',*,*,#2405,.T.);
#3243=ORIENTED_EDGE('',*,*,#2406,.T.);
#3244=ORIENTED_EDGE('',*,*,#2402,.F.);
#3245=ORIENTED_EDGE('',*,*,#2407,.T.);
#3246=ORIENTED_EDGE('',*,*,#2407,.F.);
#3247=ORIENTED_EDGE('',*,*,#2404,.F.);
#3248=ORIENTED_EDGE('',*,*,#2401,.F.);
#3249=ORIENTED_EDGE('',*,*,#2408,.F.);
#3250=ORIENTED_EDGE('',*,*,#2409,.F.);
#3251=ORIENTED_EDGE('',*,*,#2410,.F.);
#3252=ORIENTED_EDGE('',*,*,#2411,.F.);
#3253=ORIENTED_EDGE('',*,*,#2412,.F.);
#3254=ORIENTED_EDGE('',*,*,#2399,.F.);
#3255=ORIENTED_EDGE('',*,*,#2413,.T.);
#3256=ORIENTED_EDGE('',*,*,#2414,.T.);
#3257=ORIENTED_EDGE('',*,*,#2415,.T.);
#3258=ORIENTED_EDGE('',*,*,#2403,.F.);
#3259=ORIENTED_EDGE('',*,*,#2416,.F.);
#3260=ORIENTED_EDGE('',*,*,#2417,.F.);
#3261=ORIENTED_EDGE('',*,*,#2413,.F.);
#3262=ORIENTED_EDGE('',*,*,#2406,.F.);
#3263=ORIENTED_EDGE('',*,*,#2418,.T.);
#3264=ORIENTED_EDGE('',*,*,#2419,.T.);
#3265=ORIENTED_EDGE('',*,*,#2416,.T.);
#3266=ORIENTED_EDGE('',*,*,#2412,.T.);
#3267=ORIENTED_EDGE('',*,*,#2420,.F.);
#3268=ORIENTED_EDGE('',*,*,#2421,.F.);
#3269=ORIENTED_EDGE('',*,*,#2422,.F.);
#3270=ORIENTED_EDGE('',*,*,#2423,.F.);
#3271=ORIENTED_EDGE('',*,*,#2424,.F.);
#3272=ORIENTED_EDGE('',*,*,#2425,.T.);
#3273=ORIENTED_EDGE('',*,*,#2426,.F.);
#3274=ORIENTED_EDGE('',*,*,#2427,.F.);
#3275=ORIENTED_EDGE('',*,*,#2428,.F.);
#3276=ORIENTED_EDGE('',*,*,#2429,.F.);
#3277=ORIENTED_EDGE('',*,*,#2418,.F.);
#3278=ORIENTED_EDGE('',*,*,#2405,.F.);
#3279=ORIENTED_EDGE('',*,*,#2415,.F.);
#3280=ORIENTED_EDGE('',*,*,#2430,.F.);
#3281=ORIENTED_EDGE('',*,*,#2431,.F.);
#3282=ORIENTED_EDGE('',*,*,#2432,.F.);
#3283=ORIENTED_EDGE('',*,*,#2433,.F.);
#3284=ORIENTED_EDGE('',*,*,#2434,.T.);
#3285=ORIENTED_EDGE('',*,*,#2435,.F.);
#3286=ORIENTED_EDGE('',*,*,#2436,.F.);
#3287=ORIENTED_EDGE('',*,*,#2437,.F.);
#3288=ORIENTED_EDGE('',*,*,#2438,.F.);
#3289=ORIENTED_EDGE('',*,*,#2439,.F.);
#3290=ORIENTED_EDGE('',*,*,#2408,.T.);
#3291=ORIENTED_EDGE('',*,*,#2400,.F.);
#3292=ORIENTED_EDGE('',*,*,#2414,.F.);
#3293=ORIENTED_EDGE('',*,*,#2417,.T.);
#3294=ORIENTED_EDGE('',*,*,#2419,.F.);
#3295=ORIENTED_EDGE('',*,*,#2429,.T.);
#3296=ORIENTED_EDGE('',*,*,#2440,.F.);
#3297=ORIENTED_EDGE('',*,*,#2441,.T.);
#3298=ORIENTED_EDGE('',*,*,#2442,.F.);
#3299=ORIENTED_EDGE('',*,*,#2430,.T.);
#3300=ORIENTED_EDGE('',*,*,#2443,.T.);
#3301=ORIENTED_EDGE('',*,*,#2444,.T.);
#3302=ORIENTED_EDGE('',*,*,#2445,.T.);
#3303=ORIENTED_EDGE('',*,*,#2446,.T.);
#3304=ORIENTED_EDGE('',*,*,#2447,.T.);
#3305=ORIENTED_EDGE('',*,*,#2448,.T.);
#3306=ORIENTED_EDGE('',*,*,#2449,.T.);
#3307=ORIENTED_EDGE('',*,*,#2450,.T.);
#3308=ORIENTED_EDGE('',*,*,#2451,.T.);
#3309=ORIENTED_EDGE('',*,*,#2452,.T.);
#3310=ORIENTED_EDGE('',*,*,#2453,.T.);
#3311=ORIENTED_EDGE('',*,*,#2454,.T.);
#3312=ORIENTED_EDGE('',*,*,#2454,.F.);
#3313=ORIENTED_EDGE('',*,*,#2455,.T.);
#3314=ORIENTED_EDGE('',*,*,#2456,.T.);
#3315=ORIENTED_EDGE('',*,*,#2457,.F.);
#3316=ORIENTED_EDGE('',*,*,#2458,.F.);
#3317=ORIENTED_EDGE('',*,*,#2459,.F.);
#3318=ORIENTED_EDGE('',*,*,#2460,.F.);
#3319=ORIENTED_EDGE('',*,*,#2461,.T.);
#3320=ORIENTED_EDGE('',*,*,#2462,.T.);
#3321=ORIENTED_EDGE('',*,*,#2463,.F.);
#3322=ORIENTED_EDGE('',*,*,#2464,.F.);
#3323=ORIENTED_EDGE('',*,*,#2465,.T.);
#3324=ORIENTED_EDGE('',*,*,#2466,.T.);
#3325=ORIENTED_EDGE('',*,*,#2467,.T.);
#3326=ORIENTED_EDGE('',*,*,#2468,.T.);
#3327=ORIENTED_EDGE('',*,*,#2452,.F.);
#3328=ORIENTED_EDGE('',*,*,#2469,.F.);
#3329=ORIENTED_EDGE('',*,*,#2470,.F.);
#3330=ORIENTED_EDGE('',*,*,#2471,.F.);
#3331=ORIENTED_EDGE('',*,*,#2472,.T.);
#3332=ORIENTED_EDGE('',*,*,#2473,.F.);
#3333=ORIENTED_EDGE('',*,*,#2474,.F.);
#3334=ORIENTED_EDGE('',*,*,#2475,.F.);
#3335=ORIENTED_EDGE('',*,*,#2476,.T.);
#3336=ORIENTED_EDGE('',*,*,#2477,.F.);
#3337=ORIENTED_EDGE('',*,*,#2478,.F.);
#3338=ORIENTED_EDGE('',*,*,#2479,.F.);
#3339=ORIENTED_EDGE('',*,*,#2468,.F.);
#3340=ORIENTED_EDGE('',*,*,#2480,.F.);
#3341=ORIENTED_EDGE('',*,*,#2481,.F.);
#3342=ORIENTED_EDGE('',*,*,#2482,.F.);
#3343=ORIENTED_EDGE('',*,*,#2483,.F.);
#3344=ORIENTED_EDGE('',*,*,#2484,.F.);
#3345=ORIENTED_EDGE('',*,*,#2485,.F.);
#3346=ORIENTED_EDGE('',*,*,#2486,.F.);
#3347=ORIENTED_EDGE('',*,*,#2487,.T.);
#3348=ORIENTED_EDGE('',*,*,#2463,.T.);
#3349=ORIENTED_EDGE('',*,*,#2488,.T.);
#3350=ORIENTED_EDGE('',*,*,#2489,.F.);
#3351=ORIENTED_EDGE('',*,*,#2490,.F.);
#3352=ORIENTED_EDGE('',*,*,#2491,.F.);
#3353=ORIENTED_EDGE('',*,*,#2492,.F.);
#3354=ORIENTED_EDGE('',*,*,#2493,.F.);
#3355=ORIENTED_EDGE('',*,*,#2466,.F.);
#3356=ORIENTED_EDGE('',*,*,#2494,.F.);
#3357=ORIENTED_EDGE('',*,*,#2489,.T.);
#3358=ORIENTED_EDGE('',*,*,#2495,.F.);
#3359=ORIENTED_EDGE('',*,*,#2496,.T.);
#3360=ORIENTED_EDGE('',*,*,#2497,.F.);
#3361=ORIENTED_EDGE('',*,*,#2498,.F.);
#3362=ORIENTED_EDGE('',*,*,#2499,.F.);
#3363=ORIENTED_EDGE('',*,*,#2500,.F.);
#3364=ORIENTED_EDGE('',*,*,#2501,.F.);
#3365=ORIENTED_EDGE('',*,*,#2502,.F.);
#3366=ORIENTED_EDGE('',*,*,#2495,.T.);
#3367=ORIENTED_EDGE('',*,*,#2488,.F.);
#3368=ORIENTED_EDGE('',*,*,#2462,.F.);
#3369=ORIENTED_EDGE('',*,*,#2503,.T.);
#3370=ORIENTED_EDGE('',*,*,#2465,.F.);
#3371=ORIENTED_EDGE('',*,*,#2479,.T.);
#3372=ORIENTED_EDGE('',*,*,#2504,.F.);
#3373=ORIENTED_EDGE('',*,*,#2490,.T.);
#3374=ORIENTED_EDGE('',*,*,#2494,.T.);
#3375=ORIENTED_EDGE('',*,*,#2502,.T.);
#3376=ORIENTED_EDGE('',*,*,#2505,.T.);
#3377=ORIENTED_EDGE('',*,*,#2506,.T.);
#3378=ORIENTED_EDGE('',*,*,#2507,.T.);
#3379=ORIENTED_EDGE('',*,*,#2455,.F.);
#3380=ORIENTED_EDGE('',*,*,#2453,.F.);
#3381=ORIENTED_EDGE('',*,*,#2480,.T.);
#3382=ORIENTED_EDGE('',*,*,#2467,.F.);
#3383=ORIENTED_EDGE('',*,*,#2508,.F.);
#3384=ORIENTED_EDGE('',*,*,#2509,.T.);
#3385=ORIENTED_EDGE('',*,*,#2451,.F.);
#3386=ORIENTED_EDGE('',*,*,#2464,.T.);
#3387=ORIENTED_EDGE('',*,*,#2487,.F.);
#3388=ORIENTED_EDGE('',*,*,#2510,.F.);
#3389=ORIENTED_EDGE('',*,*,#2469,.T.);
#3390=ORIENTED_EDGE('',*,*,#2511,.T.);
#3391=ORIENTED_EDGE('',*,*,#2512,.T.);
#3392=ORIENTED_EDGE('',*,*,#2484,.T.);
#3393=ORIENTED_EDGE('',*,*,#2513,.T.);
#3394=ORIENTED_EDGE('',*,*,#2436,.T.);
#3395=ORIENTED_EDGE('',*,*,#2514,.T.);
#3396=ORIENTED_EDGE('',*,*,#2512,.F.);
#3397=ORIENTED_EDGE('',*,*,#2515,.T.);
#3398=ORIENTED_EDGE('',*,*,#2516,.F.);
#3399=ORIENTED_EDGE('',*,*,#2485,.T.);
#3400=ORIENTED_EDGE('',*,*,#2511,.F.);
#3401=ORIENTED_EDGE('',*,*,#2517,.F.);
#3402=ORIENTED_EDGE('',*,*,#2518,.F.);
#3403=ORIENTED_EDGE('',*,*,#2519,.F.);
#3404=ORIENTED_EDGE('',*,*,#2520,.F.);
#3405=ORIENTED_EDGE('',*,*,#2515,.F.);
#3406=ORIENTED_EDGE('',*,*,#2521,.T.);
#3407=ORIENTED_EDGE('',*,*,#2522,.T.);
#3408=ORIENTED_EDGE('',*,*,#2491,.T.);
#3409=ORIENTED_EDGE('',*,*,#2504,.T.);
#3410=ORIENTED_EDGE('',*,*,#2478,.T.);
#3411=ORIENTED_EDGE('',*,*,#2523,.T.);
#3412=ORIENTED_EDGE('',*,*,#2522,.F.);
#3413=ORIENTED_EDGE('',*,*,#2524,.T.);
#3414=ORIENTED_EDGE('',*,*,#2525,.F.);
#3415=ORIENTED_EDGE('',*,*,#2492,.T.);
#3416=ORIENTED_EDGE('',*,*,#2521,.F.);
#3417=ORIENTED_EDGE('',*,*,#2526,.F.);
#3418=ORIENTED_EDGE('',*,*,#2527,.F.);
#3419=ORIENTED_EDGE('',*,*,#2528,.F.);
#3420=ORIENTED_EDGE('',*,*,#2529,.F.);
#3421=ORIENTED_EDGE('',*,*,#2524,.F.);
#3422=ORIENTED_EDGE('',*,*,#2423,.T.);
#3423=ORIENTED_EDGE('',*,*,#2530,.T.);
#3424=ORIENTED_EDGE('',*,*,#2493,.T.);
#3425=ORIENTED_EDGE('',*,*,#2525,.T.);
#3426=ORIENTED_EDGE('',*,*,#2529,.T.);
#3427=ORIENTED_EDGE('',*,*,#2531,.T.);
#3428=ORIENTED_EDGE('',*,*,#2531,.F.);
#3429=ORIENTED_EDGE('',*,*,#2528,.T.);
#3430=ORIENTED_EDGE('',*,*,#2532,.T.);
#3431=ORIENTED_EDGE('',*,*,#2424,.T.);
#3432=ORIENTED_EDGE('',*,*,#2470,.T.);
#3433=ORIENTED_EDGE('',*,*,#2510,.T.);
#3434=ORIENTED_EDGE('',*,*,#2486,.T.);
#3435=ORIENTED_EDGE('',*,*,#2516,.T.);
#3436=ORIENTED_EDGE('',*,*,#2520,.T.);
#3437=ORIENTED_EDGE('',*,*,#2533,.T.);
#3438=ORIENTED_EDGE('',*,*,#2533,.F.);
#3439=ORIENTED_EDGE('',*,*,#2519,.T.);
#3440=ORIENTED_EDGE('',*,*,#2534,.T.);
#3441=ORIENTED_EDGE('',*,*,#2471,.T.);
#3442=ORIENTED_EDGE('',*,*,#2514,.F.);
#3443=ORIENTED_EDGE('',*,*,#2435,.T.);
#3444=ORIENTED_EDGE('',*,*,#2535,.T.);
#3445=ORIENTED_EDGE('',*,*,#2517,.T.);
#3446=ORIENTED_EDGE('',*,*,#2530,.F.);
#3447=ORIENTED_EDGE('',*,*,#2422,.T.);
#3448=ORIENTED_EDGE('',*,*,#2536,.T.);
#3449=ORIENTED_EDGE('',*,*,#2537,.F.);
#3450=ORIENTED_EDGE('',*,*,#2481,.T.);
#3451=ORIENTED_EDGE('',*,*,#2523,.F.);
#3452=ORIENTED_EDGE('',*,*,#2477,.T.);
#3453=ORIENTED_EDGE('',*,*,#2538,.T.);
#3454=ORIENTED_EDGE('',*,*,#2526,.T.);
#3455=ORIENTED_EDGE('',*,*,#2513,.F.);
#3456=ORIENTED_EDGE('',*,*,#2483,.T.);
#3457=ORIENTED_EDGE('',*,*,#2539,.T.);
#3458=ORIENTED_EDGE('',*,*,#2540,.T.);
#3459=ORIENTED_EDGE('',*,*,#2437,.T.);
#3460=ORIENTED_EDGE('',*,*,#2426,.T.);
#3461=ORIENTED_EDGE('',*,*,#2541,.T.);
#3462=ORIENTED_EDGE('',*,*,#2542,.T.);
#3463=ORIENTED_EDGE('',*,*,#2543,.T.);
#3464=ORIENTED_EDGE('',*,*,#2542,.F.);
#3465=ORIENTED_EDGE('',*,*,#2544,.F.);
#3466=ORIENTED_EDGE('',*,*,#2545,.F.);
#3467=ORIENTED_EDGE('',*,*,#2546,.F.);
#3468=ORIENTED_EDGE('',*,*,#2547,.F.);
#3469=ORIENTED_EDGE('',*,*,#2548,.F.);
#3470=ORIENTED_EDGE('',*,*,#2549,.F.);
#3471=ORIENTED_EDGE('',*,*,#2550,.F.);
#3472=ORIENTED_EDGE('',*,*,#2551,.F.);
#3473=ORIENTED_EDGE('',*,*,#2552,.F.);
#3474=ORIENTED_EDGE('',*,*,#2553,.F.);
#3475=ORIENTED_EDGE('',*,*,#2554,.F.);
#3476=ORIENTED_EDGE('',*,*,#2555,.F.);
#3477=ORIENTED_EDGE('',*,*,#2556,.F.);
#3478=ORIENTED_EDGE('',*,*,#2557,.F.);
#3479=ORIENTED_EDGE('',*,*,#2558,.F.);
#3480=ORIENTED_EDGE('',*,*,#2559,.F.);
#3481=ORIENTED_EDGE('',*,*,#2560,.F.);
#3482=ORIENTED_EDGE('',*,*,#2561,.F.);
#3483=ORIENTED_EDGE('',*,*,#2562,.F.);
#3484=ORIENTED_EDGE('',*,*,#2563,.F.);
#3485=ORIENTED_EDGE('',*,*,#2564,.F.);
#3486=ORIENTED_EDGE('',*,*,#2565,.F.);
#3487=ORIENTED_EDGE('',*,*,#2566,.F.);
#3488=ORIENTED_EDGE('',*,*,#2567,.F.);
#3489=ORIENTED_EDGE('',*,*,#2568,.F.);
#3490=ORIENTED_EDGE('',*,*,#2569,.F.);
#3491=ORIENTED_EDGE('',*,*,#2570,.F.);
#3492=ORIENTED_EDGE('',*,*,#2571,.F.);
#3493=ORIENTED_EDGE('',*,*,#2572,.F.);
#3494=ORIENTED_EDGE('',*,*,#2573,.F.);
#3495=ORIENTED_EDGE('',*,*,#2574,.F.);
#3496=ORIENTED_EDGE('',*,*,#2575,.F.);
#3497=ORIENTED_EDGE('',*,*,#2576,.F.);
#3498=ORIENTED_EDGE('',*,*,#2538,.F.);
#3499=ORIENTED_EDGE('',*,*,#2476,.F.);
#3500=ORIENTED_EDGE('',*,*,#2577,.F.);
#3501=ORIENTED_EDGE('',*,*,#2544,.T.);
#3502=ORIENTED_EDGE('',*,*,#2541,.F.);
#3503=ORIENTED_EDGE('',*,*,#2425,.F.);
#3504=ORIENTED_EDGE('',*,*,#2532,.F.);
#3505=ORIENTED_EDGE('',*,*,#2527,.T.);
#3506=ORIENTED_EDGE('',*,*,#2475,.T.);
#3507=ORIENTED_EDGE('',*,*,#2578,.T.);
#3508=ORIENTED_EDGE('',*,*,#2545,.T.);
#3509=ORIENTED_EDGE('',*,*,#2577,.T.);
#3510=ORIENTED_EDGE('',*,*,#2473,.T.);
#3511=ORIENTED_EDGE('',*,*,#2579,.T.);
#3512=ORIENTED_EDGE('',*,*,#2547,.T.);
#3513=ORIENTED_EDGE('',*,*,#2580,.T.);
#3514=ORIENTED_EDGE('',*,*,#2535,.F.);
#3515=ORIENTED_EDGE('',*,*,#2434,.F.);
#3516=ORIENTED_EDGE('',*,*,#2581,.F.);
#3517=ORIENTED_EDGE('',*,*,#2548,.T.);
#3518=ORIENTED_EDGE('',*,*,#2579,.F.);
#3519=ORIENTED_EDGE('',*,*,#2472,.F.);
#3520=ORIENTED_EDGE('',*,*,#2534,.F.);
#3521=ORIENTED_EDGE('',*,*,#2518,.T.);
#3522=ORIENTED_EDGE('',*,*,#2433,.T.);
#3523=ORIENTED_EDGE('',*,*,#2582,.T.);
#3524=ORIENTED_EDGE('',*,*,#2549,.T.);
#3525=ORIENTED_EDGE('',*,*,#2581,.T.);
#3526=ORIENTED_EDGE('',*,*,#2582,.F.);
#3527=ORIENTED_EDGE('',*,*,#2432,.T.);
#3528=ORIENTED_EDGE('',*,*,#2583,.F.);
#3529=ORIENTED_EDGE('',*,*,#2550,.T.);
#3530=ORIENTED_EDGE('',*,*,#2543,.F.);
#3531=ORIENTED_EDGE('',*,*,#2554,.T.);
#3532=ORIENTED_EDGE('',*,*,#2584,.F.);
#3533=ORIENTED_EDGE('',*,*,#2427,.T.);
#3534=ORIENTED_EDGE('',*,*,#2578,.F.);
#3535=ORIENTED_EDGE('',*,*,#2474,.T.);
#3536=ORIENTED_EDGE('',*,*,#2580,.F.);
#3537=ORIENTED_EDGE('',*,*,#2546,.T.);
#3538=ORIENTED_EDGE('',*,*,#2585,.T.);
#3539=ORIENTED_EDGE('',*,*,#2586,.T.);
#3540=ORIENTED_EDGE('',*,*,#2539,.F.);
#3541=ORIENTED_EDGE('',*,*,#2482,.T.);
#3542=ORIENTED_EDGE('',*,*,#2537,.T.);
#3543=ORIENTED_EDGE('',*,*,#2587,.T.);
#3544=ORIENTED_EDGE('',*,*,#2540,.F.);
#3545=ORIENTED_EDGE('',*,*,#2586,.F.);
#3546=ORIENTED_EDGE('',*,*,#2588,.T.);
#3547=ORIENTED_EDGE('',*,*,#2587,.F.);
#3548=ORIENTED_EDGE('',*,*,#2536,.F.);
#3549=ORIENTED_EDGE('',*,*,#2589,.T.);
#3550=ORIENTED_EDGE('',*,*,#2588,.F.);
#3551=ORIENTED_EDGE('',*,*,#2590,.T.);
#3552=ORIENTED_EDGE('',*,*,#2591,.F.);
#3553=ORIENTED_EDGE('',*,*,#2438,.T.);
#3554=ORIENTED_EDGE('',*,*,#2585,.F.);
#3555=ORIENTED_EDGE('',*,*,#2592,.F.);
#3556=ORIENTED_EDGE('',*,*,#2593,.F.);
#3557=ORIENTED_EDGE('',*,*,#2590,.F.);
#3558=ORIENTED_EDGE('',*,*,#2589,.F.);
#3559=ORIENTED_EDGE('',*,*,#2421,.T.);
#3560=ORIENTED_EDGE('',*,*,#2594,.F.);
#3561=ORIENTED_EDGE('',*,*,#2592,.T.);
#3562=ORIENTED_EDGE('',*,*,#2595,.T.);
#3563=ORIENTED_EDGE('',*,*,#2594,.T.);
#3564=ORIENTED_EDGE('',*,*,#2420,.T.);
#3565=ORIENTED_EDGE('',*,*,#2411,.T.);
#3566=ORIENTED_EDGE('',*,*,#2596,.T.);
#3567=ORIENTED_EDGE('',*,*,#2593,.T.);
#3568=ORIENTED_EDGE('',*,*,#2595,.F.);
#3569=ORIENTED_EDGE('',*,*,#2410,.T.);
#3570=ORIENTED_EDGE('',*,*,#2439,.T.);
#3571=ORIENTED_EDGE('',*,*,#2591,.T.);
#3572=ORIENTED_EDGE('',*,*,#2596,.F.);
#3573=ORIENTED_EDGE('',*,*,#2409,.T.);
#3574=ORIENTED_EDGE('',*,*,#2442,.T.);
#3575=ORIENTED_EDGE('',*,*,#2597,.T.);
#3576=ORIENTED_EDGE('',*,*,#2598,.T.);
#3577=ORIENTED_EDGE('',*,*,#2431,.T.);
#3578=ORIENTED_EDGE('',*,*,#2551,.T.);
#3579=ORIENTED_EDGE('',*,*,#2583,.T.);
#3580=ORIENTED_EDGE('',*,*,#2598,.F.);
#3581=ORIENTED_EDGE('',*,*,#2599,.T.);
#3582=ORIENTED_EDGE('',*,*,#2599,.F.);
#3583=ORIENTED_EDGE('',*,*,#2600,.T.);
#3584=ORIENTED_EDGE('',*,*,#2601,.F.);
#3585=ORIENTED_EDGE('',*,*,#2552,.T.);
#3586=ORIENTED_EDGE('',*,*,#2597,.F.);
#3587=ORIENTED_EDGE('',*,*,#2441,.F.);
#3588=ORIENTED_EDGE('',*,*,#2602,.F.);
#3589=ORIENTED_EDGE('',*,*,#2600,.F.);
#3590=ORIENTED_EDGE('',*,*,#2440,.T.);
#3591=ORIENTED_EDGE('',*,*,#2428,.T.);
#3592=ORIENTED_EDGE('',*,*,#2603,.T.);
#3593=ORIENTED_EDGE('',*,*,#2602,.T.);
#3594=ORIENTED_EDGE('',*,*,#2553,.T.);
#3595=ORIENTED_EDGE('',*,*,#2601,.T.);
#3596=ORIENTED_EDGE('',*,*,#2603,.F.);
#3597=ORIENTED_EDGE('',*,*,#2584,.T.);
#3598=ORIENTED_EDGE('',*,*,#2509,.F.);
#3599=ORIENTED_EDGE('',*,*,#2604,.T.);
#3600=ORIENTED_EDGE('',*,*,#2605,.T.);
#3601=ORIENTED_EDGE('',*,*,#2604,.F.);
#3602=ORIENTED_EDGE('',*,*,#2507,.F.);
#3603=ORIENTED_EDGE('',*,*,#2606,.T.);
#3604=ORIENTED_EDGE('',*,*,#2607,.F.);
#3605=ORIENTED_EDGE('',*,*,#2456,.F.);
#3606=ORIENTED_EDGE('',*,*,#2506,.F.);
#3607=ORIENTED_EDGE('',*,*,#2608,.F.);
#3608=ORIENTED_EDGE('',*,*,#2609,.F.);
#3609=ORIENTED_EDGE('',*,*,#2606,.F.);
#3610=ORIENTED_EDGE('',*,*,#2505,.F.);
#3611=ORIENTED_EDGE('',*,*,#2501,.T.);
#3612=ORIENTED_EDGE('',*,*,#2610,.F.);
#3613=ORIENTED_EDGE('',*,*,#2608,.T.);
#3614=ORIENTED_EDGE('',*,*,#2611,.T.);
#3615=ORIENTED_EDGE('',*,*,#2612,.T.);
#3616=ORIENTED_EDGE('',*,*,#2613,.T.);
#3617=ORIENTED_EDGE('',*,*,#2499,.T.);
#3618=ORIENTED_EDGE('',*,*,#2614,.T.);
#3619=ORIENTED_EDGE('',*,*,#2615,.T.);
#3620=ORIENTED_EDGE('',*,*,#2611,.F.);
#3621=ORIENTED_EDGE('',*,*,#2498,.T.);
#3622=ORIENTED_EDGE('',*,*,#2616,.F.);
#3623=ORIENTED_EDGE('',*,*,#2617,.T.);
#3624=ORIENTED_EDGE('',*,*,#2614,.F.);
#3625=ORIENTED_EDGE('',*,*,#2497,.T.);
#3626=ORIENTED_EDGE('',*,*,#2616,.T.);
#3627=ORIENTED_EDGE('',*,*,#2496,.F.);
#3628=ORIENTED_EDGE('',*,*,#2503,.F.);
#3629=ORIENTED_EDGE('',*,*,#2461,.F.);
#3630=ORIENTED_EDGE('',*,*,#2618,.T.);
#3631=ORIENTED_EDGE('',*,*,#2619,.F.);
#3632=ORIENTED_EDGE('',*,*,#2618,.F.);
#3633=ORIENTED_EDGE('',*,*,#2460,.T.);
#3634=ORIENTED_EDGE('',*,*,#2620,.T.);
#3635=ORIENTED_EDGE('',*,*,#2621,.T.);
#3636=ORIENTED_EDGE('',*,*,#2622,.T.);
#3637=ORIENTED_EDGE('',*,*,#2623,.T.);
#3638=ORIENTED_EDGE('',*,*,#2620,.F.);
#3639=ORIENTED_EDGE('',*,*,#2459,.T.);
#3640=ORIENTED_EDGE('',*,*,#2624,.T.);
#3641=ORIENTED_EDGE('',*,*,#2625,.T.);
#3642=ORIENTED_EDGE('',*,*,#2622,.F.);
#3643=ORIENTED_EDGE('',*,*,#2458,.T.);
#3644=ORIENTED_EDGE('',*,*,#2626,.T.);
#3645=ORIENTED_EDGE('',*,*,#2624,.F.);
#3646=ORIENTED_EDGE('',*,*,#2457,.T.);
#3647=ORIENTED_EDGE('',*,*,#2627,.T.);
#3648=ORIENTED_EDGE('',*,*,#2572,.T.);
#3649=ORIENTED_EDGE('',*,*,#2627,.F.);
#3650=ORIENTED_EDGE('',*,*,#2607,.T.);
#3651=ORIENTED_EDGE('',*,*,#2628,.T.);
#3652=ORIENTED_EDGE('',*,*,#2573,.T.);
#3653=ORIENTED_EDGE('',*,*,#2629,.T.);
#3654=ORIENTED_EDGE('',*,*,#2574,.T.);
#3655=ORIENTED_EDGE('',*,*,#2628,.F.);
#3656=ORIENTED_EDGE('',*,*,#2609,.T.);
#3657=ORIENTED_EDGE('',*,*,#2629,.F.);
#3658=ORIENTED_EDGE('',*,*,#2610,.T.);
#3659=ORIENTED_EDGE('',*,*,#2630,.T.);
#3660=ORIENTED_EDGE('',*,*,#2575,.T.);
#3661=ORIENTED_EDGE('',*,*,#2631,.T.);
#3662=ORIENTED_EDGE('',*,*,#2576,.T.);
#3663=ORIENTED_EDGE('',*,*,#2630,.F.);
#3664=ORIENTED_EDGE('',*,*,#2500,.T.);
#3665=ORIENTED_EDGE('',*,*,#2613,.F.);
#3666=ORIENTED_EDGE('',*,*,#2612,.F.);
#3667=ORIENTED_EDGE('',*,*,#2632,.F.);
#3668=ORIENTED_EDGE('',*,*,#2625,.F.);
#3669=ORIENTED_EDGE('',*,*,#2626,.F.);
#3670=ORIENTED_EDGE('',*,*,#2571,.T.);
#3671=ORIENTED_EDGE('',*,*,#2631,.F.);
#3672=ORIENTED_EDGE('',*,*,#2617,.F.);
#3673=ORIENTED_EDGE('',*,*,#2619,.T.);
#3674=ORIENTED_EDGE('',*,*,#2621,.F.);
#3675=ORIENTED_EDGE('',*,*,#2633,.F.);
#3676=ORIENTED_EDGE('',*,*,#2605,.F.);
#3677=ORIENTED_EDGE('',*,*,#2634,.F.);
#3678=ORIENTED_EDGE('',*,*,#2615,.F.);
#3679=ORIENTED_EDGE('',*,*,#2633,.T.);
#3680=ORIENTED_EDGE('',*,*,#2623,.F.);
#3681=ORIENTED_EDGE('',*,*,#2632,.T.);
#3682=ORIENTED_EDGE('',*,*,#2569,.T.);
#3683=ORIENTED_EDGE('',*,*,#2635,.T.);
#3684=ORIENTED_EDGE('',*,*,#2636,.T.);
#3685=ORIENTED_EDGE('',*,*,#2637,.T.);
#3686=ORIENTED_EDGE('',*,*,#2567,.T.);
#3687=ORIENTED_EDGE('',*,*,#2638,.T.);
#3688=ORIENTED_EDGE('',*,*,#2639,.T.);
#3689=ORIENTED_EDGE('',*,*,#2640,.T.);
#3690=ORIENTED_EDGE('',*,*,#2641,.T.);
#3691=ORIENTED_EDGE('',*,*,#2642,.T.);
#3692=ORIENTED_EDGE('',*,*,#2638,.F.);
#3693=ORIENTED_EDGE('',*,*,#2570,.T.);
#3694=ORIENTED_EDGE('',*,*,#2637,.F.);
#3695=ORIENTED_EDGE('',*,*,#2643,.T.);
#3696=ORIENTED_EDGE('',*,*,#2568,.T.);
#3697=ORIENTED_EDGE('',*,*,#2640,.F.);
#3698=ORIENTED_EDGE('',*,*,#2644,.T.);
#3699=ORIENTED_EDGE('',*,*,#2645,.T.);
#3700=ORIENTED_EDGE('',*,*,#2646,.T.);
#3701=ORIENTED_EDGE('',*,*,#2635,.F.);
#3702=ORIENTED_EDGE('',*,*,#2645,.F.);
#3703=ORIENTED_EDGE('',*,*,#2647,.T.);
#3704=ORIENTED_EDGE('',*,*,#2648,.F.);
#3705=ORIENTED_EDGE('',*,*,#2649,.F.);
#3706=ORIENTED_EDGE('',*,*,#2639,.F.);
#3707=ORIENTED_EDGE('',*,*,#2642,.F.);
#3708=ORIENTED_EDGE('',*,*,#2650,.T.);
#3709=ORIENTED_EDGE('',*,*,#2651,.F.);
#3710=ORIENTED_EDGE('',*,*,#2652,.F.);
#3711=ORIENTED_EDGE('',*,*,#2653,.F.);
#3712=ORIENTED_EDGE('',*,*,#2647,.F.);
#3713=ORIENTED_EDGE('',*,*,#2644,.F.);
#3714=ORIENTED_EDGE('',*,*,#2557,.T.);
#3715=ORIENTED_EDGE('',*,*,#2654,.T.);
#3716=ORIENTED_EDGE('',*,*,#2652,.T.);
#3717=ORIENTED_EDGE('',*,*,#2655,.T.);
#3718=ORIENTED_EDGE('',*,*,#2555,.T.);
#3719=ORIENTED_EDGE('',*,*,#2656,.T.);
#3720=ORIENTED_EDGE('',*,*,#2657,.T.);
#3721=ORIENTED_EDGE('',*,*,#2658,.T.);
#3722=ORIENTED_EDGE('',*,*,#2659,.T.);
#3723=ORIENTED_EDGE('',*,*,#2660,.T.);
#3724=ORIENTED_EDGE('',*,*,#2656,.F.);
#3725=ORIENTED_EDGE('',*,*,#2558,.T.);
#3726=ORIENTED_EDGE('',*,*,#2655,.F.);
#3727=ORIENTED_EDGE('',*,*,#2651,.T.);
#3728=ORIENTED_EDGE('',*,*,#2556,.T.);
#3729=ORIENTED_EDGE('',*,*,#2658,.F.);
#3730=ORIENTED_EDGE('',*,*,#2661,.T.);
#3731=ORIENTED_EDGE('',*,*,#2648,.T.);
#3732=ORIENTED_EDGE('',*,*,#2653,.T.);
#3733=ORIENTED_EDGE('',*,*,#2654,.F.);
#3734=ORIENTED_EDGE('',*,*,#2636,.F.);
#3735=ORIENTED_EDGE('',*,*,#2646,.F.);
#3736=ORIENTED_EDGE('',*,*,#2649,.T.);
#3737=ORIENTED_EDGE('',*,*,#2661,.F.);
#3738=ORIENTED_EDGE('',*,*,#2657,.F.);
#3739=ORIENTED_EDGE('',*,*,#2660,.F.);
#3740=ORIENTED_EDGE('',*,*,#2662,.T.);
#3741=ORIENTED_EDGE('',*,*,#2643,.F.);
#3742=ORIENTED_EDGE('',*,*,#2663,.T.);
#3743=ORIENTED_EDGE('',*,*,#2563,.T.);
#3744=ORIENTED_EDGE('',*,*,#2664,.T.);
#3745=ORIENTED_EDGE('',*,*,#2665,.T.);
#3746=ORIENTED_EDGE('',*,*,#2663,.F.);
#3747=ORIENTED_EDGE('',*,*,#2666,.T.);
#3748=ORIENTED_EDGE('',*,*,#2667,.T.);
#3749=ORIENTED_EDGE('',*,*,#2564,.T.);
#3750=ORIENTED_EDGE('',*,*,#2667,.F.);
#3751=ORIENTED_EDGE('',*,*,#2668,.T.);
#3752=ORIENTED_EDGE('',*,*,#2669,.T.);
#3753=ORIENTED_EDGE('',*,*,#2565,.T.);
#3754=ORIENTED_EDGE('',*,*,#2669,.F.);
#3755=ORIENTED_EDGE('',*,*,#2670,.T.);
#3756=ORIENTED_EDGE('',*,*,#2664,.F.);
#3757=ORIENTED_EDGE('',*,*,#2566,.T.);
#3758=ORIENTED_EDGE('',*,*,#2666,.F.);
#3759=ORIENTED_EDGE('',*,*,#2671,.F.);
#3760=ORIENTED_EDGE('',*,*,#2447,.F.);
#3761=ORIENTED_EDGE('',*,*,#2672,.F.);
#3762=ORIENTED_EDGE('',*,*,#2665,.F.);
#3763=ORIENTED_EDGE('',*,*,#2673,.F.);
#3764=ORIENTED_EDGE('',*,*,#2448,.F.);
#3765=ORIENTED_EDGE('',*,*,#2671,.T.);
#3766=ORIENTED_EDGE('',*,*,#2674,.T.);
#3767=ORIENTED_EDGE('',*,*,#2559,.T.);
#3768=ORIENTED_EDGE('',*,*,#2675,.T.);
#3769=ORIENTED_EDGE('',*,*,#2676,.T.);
#3770=ORIENTED_EDGE('',*,*,#2674,.F.);
#3771=ORIENTED_EDGE('',*,*,#2677,.T.);
#3772=ORIENTED_EDGE('',*,*,#2678,.T.);
#3773=ORIENTED_EDGE('',*,*,#2560,.T.);
#3774=ORIENTED_EDGE('',*,*,#2678,.F.);
#3775=ORIENTED_EDGE('',*,*,#2679,.T.);
#3776=ORIENTED_EDGE('',*,*,#2680,.T.);
#3777=ORIENTED_EDGE('',*,*,#2561,.T.);
#3778=ORIENTED_EDGE('',*,*,#2680,.F.);
#3779=ORIENTED_EDGE('',*,*,#2681,.T.);
#3780=ORIENTED_EDGE('',*,*,#2675,.F.);
#3781=ORIENTED_EDGE('',*,*,#2562,.T.);
#3782=ORIENTED_EDGE('',*,*,#2677,.F.);
#3783=ORIENTED_EDGE('',*,*,#2682,.F.);
#3784=ORIENTED_EDGE('',*,*,#2443,.F.);
#3785=ORIENTED_EDGE('',*,*,#2683,.F.);
#3786=ORIENTED_EDGE('',*,*,#2676,.F.);
#3787=ORIENTED_EDGE('',*,*,#2684,.F.);
#3788=ORIENTED_EDGE('',*,*,#2444,.F.);
#3789=ORIENTED_EDGE('',*,*,#2682,.T.);
#3790=ORIENTED_EDGE('',*,*,#2641,.F.);
#3791=ORIENTED_EDGE('',*,*,#2662,.F.);
#3792=ORIENTED_EDGE('',*,*,#2659,.F.);
#3793=ORIENTED_EDGE('',*,*,#2650,.F.);
#3794=ORIENTED_EDGE('',*,*,#2670,.F.);
#3795=ORIENTED_EDGE('',*,*,#2685,.T.);
#3796=ORIENTED_EDGE('',*,*,#2449,.F.);
#3797=ORIENTED_EDGE('',*,*,#2673,.T.);
#3798=ORIENTED_EDGE('',*,*,#2681,.F.);
#3799=ORIENTED_EDGE('',*,*,#2686,.T.);
#3800=ORIENTED_EDGE('',*,*,#2445,.F.);
#3801=ORIENTED_EDGE('',*,*,#2684,.T.);
#3802=ORIENTED_EDGE('',*,*,#2508,.T.);
#3803=ORIENTED_EDGE('',*,*,#2687,.T.);
#3804=ORIENTED_EDGE('',*,*,#2634,.T.);
#3805=ORIENTED_EDGE('',*,*,#2687,.F.);
#3806=ORIENTED_EDGE('',*,*,#2679,.F.);
#3807=ORIENTED_EDGE('',*,*,#2683,.T.);
#3808=ORIENTED_EDGE('',*,*,#2446,.F.);
#3809=ORIENTED_EDGE('',*,*,#2686,.F.);
#3810=ORIENTED_EDGE('',*,*,#2668,.F.);
#3811=ORIENTED_EDGE('',*,*,#2672,.T.);
#3812=ORIENTED_EDGE('',*,*,#2450,.F.);
#3813=ORIENTED_EDGE('',*,*,#2685,.F.);
#3814=CYLINDRICAL_SURFACE('',#4155,0.25);
#3815=CYLINDRICAL_SURFACE('',#4158,0.2);
#3816=CYLINDRICAL_SURFACE('',#4170,1.);
#3817=CYLINDRICAL_SURFACE('',#4173,1.2);
#3818=CYLINDRICAL_SURFACE('',#4176,1.2);
#3819=CYLINDRICAL_SURFACE('',#4179,0.6);
#3820=CYLINDRICAL_SURFACE('',#4182,0.2);
#3821=CYLINDRICAL_SURFACE('',#4185,0.2);
#3822=CYLINDRICAL_SURFACE('',#4188,0.6);
#3823=CYLINDRICAL_SURFACE('',#4191,0.6);
#3824=CYLINDRICAL_SURFACE('',#4232,0.6);
#3825=CYLINDRICAL_SURFACE('',#4240,1.);
#3826=CYLINDRICAL_SURFACE('',#4244,1.75);
#3827=CYLINDRICAL_SURFACE('',#4269,7.);
#3828=CYLINDRICAL_SURFACE('',#4272,1.543);
#3829=CYLINDRICAL_SURFACE('',#4276,7.);
#3830=CYLINDRICAL_SURFACE('',#4295,0.7);
#3831=CYLINDRICAL_SURFACE('',#4297,0.699999999998782);
#3832=CYLINDRICAL_SURFACE('',#4300,0.25);
#3833=CYLINDRICAL_SURFACE('',#4303,0.25);
#3834=CYLINDRICAL_SURFACE('',#4305,0.25);
#3835=CYLINDRICAL_SURFACE('',#4308,0.25);
#3836=CYLINDRICAL_SURFACE('',#4318,2.75);
#3837=CYLINDRICAL_SURFACE('',#4327,1.5);
#3838=CYLINDRICAL_SURFACE('',#4347,1.);
#3839=CYLINDRICAL_SURFACE('',#4355,0.4);
#3840=CYLINDRICAL_SURFACE('',#4358,0.4);
#3841=CYLINDRICAL_SURFACE('',#4369,0.4);
#3842=CYLINDRICAL_SURFACE('',#4374,0.4);
#3843=CYLINDRICAL_SURFACE('',#4400,1.5);
#3844=CYLINDRICAL_SURFACE('',#4403,1.5);
#3845=CYLINDRICAL_SURFACE('',#4405,1.5);
#3846=CYLINDRICAL_SURFACE('',#4408,1.5);
#3847=CYLINDRICAL_SURFACE('',#4436,0.4);
#3848=CYLINDRICAL_SURFACE('',#4439,0.4);
#3849=CYLINDRICAL_SURFACE('',#4443,1.);
#3850=CYLINDRICAL_SURFACE('',#4446,1.5);
#3851=CYLINDRICAL_SURFACE('',#4449,1.5);
#3852=CYLINDRICAL_SURFACE('',#4450,0.85);
#3853=CYLINDRICAL_SURFACE('',#4452,0.4);
#3854=CYLINDRICAL_SURFACE('',#4455,0.4);
#3855=CYLINDRICAL_SURFACE('',#4457,0.4);
#3856=CYLINDRICAL_SURFACE('',#4463,0.4);
#3857=CYLINDRICAL_SURFACE('',#4467,0.4);
#3858=CYLINDRICAL_SURFACE('',#4472,0.4);
#3859=CYLINDRICAL_SURFACE('',#4484,1.5);
#3860=CYLINDRICAL_SURFACE('',#4496,3.);
#3861=CYLINDRICAL_SURFACE('',#4506,5.);
#3862=CYLINDRICAL_SURFACE('',#4515,1.69999999999994);
#3863=CYLINDRICAL_SURFACE('',#4523,1.7);
#3864=CYLINDRICAL_SURFACE('',#4527,0.85);
#3865=CYLINDRICAL_SURFACE('',#4528,1.7);
#3866=CYLINDRICAL_SURFACE('',#4529,1.70000000000006);
#3867=ADVANCED_FACE('',(#416),#3814,.T.);
#3868=ADVANCED_FACE('',(#417),#3815,.F.);
#3869=ADVANCED_FACE('',(#418,#254),#284,.T.);
#3870=ADVANCED_FACE('',(#419,#255),#285,.T.);
#3871=ADVANCED_FACE('',(#420),#286,.T.);
#3872=ADVANCED_FACE('',(#421),#287,.T.);
#3873=ADVANCED_FACE('',(#422),#288,.T.);
#3874=ADVANCED_FACE('',(#423),#289,.T.);
#3875=ADVANCED_FACE('',(#424),#290,.T.);
#3876=ADVANCED_FACE('',(#425,#256),#291,.F.);
#3877=ADVANCED_FACE('',(#426),#3816,.F.);
#3878=ADVANCED_FACE('',(#427),#3817,.F.);
#3879=ADVANCED_FACE('',(#428),#3818,.F.);
#3880=ADVANCED_FACE('',(#429),#3819,.T.);
#3881=ADVANCED_FACE('',(#430),#3820,.F.);
#3882=ADVANCED_FACE('',(#431),#3821,.F.);
#3883=ADVANCED_FACE('',(#432),#3822,.T.);
#3884=ADVANCED_FACE('',(#433),#3823,.T.);
#3885=ADVANCED_FACE('',(#434),#292,.T.);
#3886=ADVANCED_FACE('',(#435),#293,.T.);
#3887=ADVANCED_FACE('',(#436,#257),#294,.F.);
#3888=ADVANCED_FACE('',(#437),#295,.F.);
#3889=ADVANCED_FACE('',(#438),#296,.F.);
#3890=ADVANCED_FACE('',(#439),#297,.T.);
#3891=ADVANCED_FACE('',(#440,#258,#259),#298,.T.);
#3892=ADVANCED_FACE('',(#441),#299,.F.);
#3893=ADVANCED_FACE('',(#442,#260),#300,.F.);
#3894=ADVANCED_FACE('',(#443),#301,.F.);
#3895=ADVANCED_FACE('',(#444,#261),#302,.F.);
#3896=ADVANCED_FACE('',(#445),#303,.F.);
#3897=ADVANCED_FACE('',(#446),#304,.T.);
#3898=ADVANCED_FACE('',(#447),#305,.T.);
#3899=ADVANCED_FACE('',(#448),#306,.T.);
#3900=ADVANCED_FACE('',(#449),#307,.T.);
#3901=ADVANCED_FACE('',(#450),#308,.T.);
#3902=ADVANCED_FACE('',(#451),#309,.T.);
#3903=ADVANCED_FACE('',(#452),#310,.F.);
#3904=ADVANCED_FACE('',(#453),#311,.F.);
#3905=ADVANCED_FACE('',(#454,#262),#312,.F.);
#3906=ADVANCED_FACE('',(#455),#313,.F.);
#3907=ADVANCED_FACE('',(#456),#314,.F.);
#3908=ADVANCED_FACE('',(#457,#263,#264),#315,.T.);
#3909=ADVANCED_FACE('',(#458),#316,.F.);
#3910=ADVANCED_FACE('',(#459),#317,.F.);
#3911=ADVANCED_FACE('',(#460),#318,.F.);
#3912=ADVANCED_FACE('',(#461),#319,.F.);
#3913=ADVANCED_FACE('',(#462),#320,.F.);
#3914=ADVANCED_FACE('',(#463),#321,.F.);
#3915=ADVANCED_FACE('',(#464),#322,.F.);
#3916=ADVANCED_FACE('',(#465),#323,.F.);
#3917=ADVANCED_FACE('',(#466),#324,.F.);
#3918=ADVANCED_FACE('',(#467),#325,.T.);
#3919=ADVANCED_FACE('',(#468,#265),#326,.F.);
#3920=ADVANCED_FACE('',(#469),#327,.F.);
#3921=ADVANCED_FACE('',(#470,#266),#328,.F.);
#3922=ADVANCED_FACE('',(#471,#267,#268),#329,.T.);
#3923=ADVANCED_FACE('',(#472),#3824,.T.);
#3924=ADVANCED_FACE('',(#473),#330,.T.);
#3925=ADVANCED_FACE('',(#474),#96,.T.);
#3926=ADVANCED_FACE('',(#475),#331,.T.);
#3927=ADVANCED_FACE('',(#476),#3825,.T.);
#3928=ADVANCED_FACE('',(#477),#97,.F.);
#3929=ADVANCED_FACE('',(#478),#3826,.T.);
#3930=ADVANCED_FACE('',(#479,#269),#70,.T.);
#3931=ADVANCED_FACE('',(#480,#270),#332,.F.);
#3932=ADVANCED_FACE('',(#481,#271),#333,.F.);
#3933=ADVANCED_FACE('',(#482),#98,.F.);
#3934=ADVANCED_FACE('',(#483),#99,.F.);
#3935=ADVANCED_FACE('',(#484),#100,.F.);
#3936=ADVANCED_FACE('',(#485),#101,.F.);
#3937=ADVANCED_FACE('',(#486),#102,.F.);
#3938=ADVANCED_FACE('',(#487),#334,.T.);
#3939=ADVANCED_FACE('',(#488),#335,.F.);
#3940=ADVANCED_FACE('',(#489),#336,.F.);
#3941=ADVANCED_FACE('',(#490),#337,.F.);
#3942=ADVANCED_FACE('',(#491),#338,.F.);
#3943=ADVANCED_FACE('',(#492),#339,.F.);
#3944=ADVANCED_FACE('',(#493),#340,.F.);
#3945=ADVANCED_FACE('',(#494),#3827,.T.);
#3946=ADVANCED_FACE('',(#495),#3828,.F.);
#3947=ADVANCED_FACE('',(#496),#3829,.T.);
#3948=ADVANCED_FACE('',(#497),#341,.T.);
#3949=ADVANCED_FACE('',(#498),#103,.F.);
#3950=ADVANCED_FACE('',(#499),#342,.T.);
#3951=ADVANCED_FACE('',(#500),#104,.F.);
#3952=ADVANCED_FACE('',(#501,#272),#343,.T.);
#3953=ADVANCED_FACE('',(#502),#344,.T.);
#3954=ADVANCED_FACE('',(#503),#3830,.T.);
#3955=ADVANCED_FACE('',(#504),#3831,.T.);
#3956=ADVANCED_FACE('',(#505),#345,.T.);
#3957=ADVANCED_FACE('',(#506),#3832,.F.);
#3958=ADVANCED_FACE('',(#507),#346,.T.);
#3959=ADVANCED_FACE('',(#508),#3833,.T.);
#3960=ADVANCED_FACE('',(#509),#3834,.T.);
#3961=ADVANCED_FACE('',(#510),#347,.T.);
#3962=ADVANCED_FACE('',(#511),#3835,.F.);
#3963=ADVANCED_FACE('',(#512),#348,.T.);
#3964=ADVANCED_FACE('',(#513),#349,.F.);
#3965=ADVANCED_FACE('',(#514),#105,.F.);
#3966=ADVANCED_FACE('',(#515),#106,.T.);
#3967=ADVANCED_FACE('',(#516),#3836,.T.);
#3968=ADVANCED_FACE('',(#517),#107,.T.);
#3969=ADVANCED_FACE('',(#518),#45,.F.);
#3970=ADVANCED_FACE('',(#519),#3837,.T.);
#3971=ADVANCED_FACE('',(#520),#108,.T.);
#3972=ADVANCED_FACE('',(#521),#350,.T.);
#3973=ADVANCED_FACE('',(#522,#273),#351,.T.);
#3974=ADVANCED_FACE('',(#523,#274),#352,.T.);
#3975=ADVANCED_FACE('',(#524),#353,.F.);
#3976=ADVANCED_FACE('',(#525),#354,.F.);
#3977=ADVANCED_FACE('',(#526),#355,.F.);
#3978=ADVANCED_FACE('',(#527),#356,.F.);
#3979=ADVANCED_FACE('',(#528),#357,.F.);
#3980=ADVANCED_FACE('',(#529),#358,.F.);
#3981=ADVANCED_FACE('',(#530),#359,.F.);
#3982=ADVANCED_FACE('',(#531),#46,.F.);
#3983=ADVANCED_FACE('',(#532),#3838,.F.);
#3984=ADVANCED_FACE('',(#533),#47,.F.);
#3985=ADVANCED_FACE('',(#534),#360,.F.);
#3986=ADVANCED_FACE('',(#535),#3839,.T.);
#3987=ADVANCED_FACE('',(#536),#361,.F.);
#3988=ADVANCED_FACE('',(#537),#3840,.T.);
#3989=ADVANCED_FACE('',(#538),#362,.F.);
#3990=ADVANCED_FACE('',(#539),#363,.T.);
#3991=ADVANCED_FACE('',(#540,#275,#276),#364,.F.);
#3992=ADVANCED_FACE('',(#541),#3841,.T.);
#3993=ADVANCED_FACE('',(#542),#365,.T.);
#3994=ADVANCED_FACE('',(#543),#3842,.T.);
#3995=ADVANCED_FACE('',(#544),#366,.F.);
#3996=ADVANCED_FACE('',(#545),#367,.T.);
#3997=ADVANCED_FACE('',(#546),#368,.F.);
#3998=ADVANCED_FACE('',(#547),#369,.T.);
#3999=ADVANCED_FACE('',(#548),#370,.T.);
#4000=ADVANCED_FACE('',(#549,#277,#278),#371,.T.);
#4001=ADVANCED_FACE('',(#550),#372,.T.);
#4002=ADVANCED_FACE('',(#551),#109,.T.);
#4003=ADVANCED_FACE('',(#552),#373,.T.);
#4004=ADVANCED_FACE('',(#553),#374,.T.);
#4005=ADVANCED_FACE('',(#554),#110,.T.);
#4006=ADVANCED_FACE('',(#555),#375,.T.);
#4007=ADVANCED_FACE('',(#556),#376,.T.);
#4008=ADVANCED_FACE('',(#557),#111,.T.);
#4009=ADVANCED_FACE('',(#558),#3843,.T.);
#4010=ADVANCED_FACE('',(#559),#112,.T.);
#4011=ADVANCED_FACE('',(#560),#3844,.T.);
#4012=ADVANCED_FACE('',(#561),#3845,.T.);
#4013=ADVANCED_FACE('',(#562),#377,.T.);
#4014=ADVANCED_FACE('',(#563),#3846,.T.);
#4015=ADVANCED_FACE('',(#564),#378,.T.);
#4016=ADVANCED_FACE('',(#565),#113,.T.);
#4017=ADVANCED_FACE('',(#566,#279,#280,#281,#282,#283),#379,.T.);
#4018=ADVANCED_FACE('',(#567),#380,.T.);
#4019=ADVANCED_FACE('',(#568),#114,.T.);
#4020=ADVANCED_FACE('',(#569),#115,.T.);
#4021=ADVANCED_FACE('',(#570),#381,.T.);
#4022=ADVANCED_FACE('',(#571),#116,.T.);
#4023=ADVANCED_FACE('',(#572),#382,.T.);
#4024=ADVANCED_FACE('',(#573),#383,.T.);
#4025=ADVANCED_FACE('',(#574),#384,.T.);
#4026=ADVANCED_FACE('',(#575),#385,.T.);
#4027=ADVANCED_FACE('',(#576),#117,.T.);
#4028=ADVANCED_FACE('',(#577),#118,.T.);
#4029=ADVANCED_FACE('',(#578),#3847,.T.);
#4030=ADVANCED_FACE('',(#579),#386,.F.);
#4031=ADVANCED_FACE('',(#580),#3848,.T.);
#4032=ADVANCED_FACE('',(#581),#48,.F.);
#4033=ADVANCED_FACE('',(#582),#3849,.F.);
#4034=ADVANCED_FACE('',(#583),#49,.F.);
#4035=ADVANCED_FACE('',(#584),#3850,.T.);
#4036=ADVANCED_FACE('',(#585),#43,.T.);
#4037=ADVANCED_FACE('',(#586),#387,.T.);
#4038=ADVANCED_FACE('',(#587),#388,.T.);
#4039=ADVANCED_FACE('',(#588),#3851,.T.);
#4040=ADVANCED_FACE('',(#589),#44,.T.);
#4041=ADVANCED_FACE('',(#590),#3852,.F.);
#4042=ADVANCED_FACE('',(#591),#3853,.F.);
#4043=ADVANCED_FACE('',(#592),#389,.F.);
#4044=ADVANCED_FACE('',(#593),#3854,.F.);
#4045=ADVANCED_FACE('',(#594),#3855,.F.);
#4046=ADVANCED_FACE('',(#595),#50,.F.);
#4047=ADVANCED_FACE('',(#596),#3856,.F.);
#4048=ADVANCED_FACE('',(#597),#390,.T.);
#4049=ADVANCED_FACE('',(#598),#3857,.F.);
#4050=ADVANCED_FACE('',(#599),#51,.F.);
#4051=ADVANCED_FACE('',(#600),#3858,.F.);
#4052=ADVANCED_FACE('',(#601),#391,.T.);
#4053=ADVANCED_FACE('',(#602),#119,.F.);
#4054=ADVANCED_FACE('',(#603),#392,.T.);
#4055=ADVANCED_FACE('',(#604),#120,.F.);
#4056=ADVANCED_FACE('',(#605),#393,.T.);
#4057=ADVANCED_FACE('',(#606),#394,.T.);
#4058=ADVANCED_FACE('',(#607),#395,.T.);
#4059=ADVANCED_FACE('',(#608),#396,.F.);
#4060=ADVANCED_FACE('',(#609),#397,.F.);
#4061=ADVANCED_FACE('',(#610),#3859,.T.);
#4062=ADVANCED_FACE('',(#611),#398,.T.);
#4063=ADVANCED_FACE('',(#612),#399,.T.);
#4064=ADVANCED_FACE('',(#613),#400,.T.);
#4065=ADVANCED_FACE('',(#614),#401,.T.);
#4066=ADVANCED_FACE('',(#615),#402,.F.);
#4067=ADVANCED_FACE('',(#616),#3860,.T.);
#4068=ADVANCED_FACE('',(#617),#403,.T.);
#4069=ADVANCED_FACE('',(#618),#404,.T.);
#4070=ADVANCED_FACE('',(#619),#405,.T.);
#4071=ADVANCED_FACE('',(#620),#406,.T.);
#4072=ADVANCED_FACE('',(#621),#3861,.F.);
#4073=ADVANCED_FACE('',(#622),#121,.F.);
#4074=ADVANCED_FACE('',(#623),#407,.T.);
#4075=ADVANCED_FACE('',(#624),#122,.F.);
#4076=ADVANCED_FACE('',(#625),#408,.T.);
#4077=ADVANCED_FACE('',(#626),#409,.T.);
#4078=ADVANCED_FACE('',(#627),#3862,.F.);
#4079=ADVANCED_FACE('',(#628),#123,.F.);
#4080=ADVANCED_FACE('',(#629),#410,.T.);
#4081=ADVANCED_FACE('',(#630),#124,.F.);
#4082=ADVANCED_FACE('',(#631),#411,.T.);
#4083=ADVANCED_FACE('',(#632),#412,.T.);
#4084=ADVANCED_FACE('',(#633),#3863,.F.);
#4085=ADVANCED_FACE('',(#634),#413,.T.);
#4086=ADVANCED_FACE('',(#635),#414,.T.);
#4087=ADVANCED_FACE('',(#636),#415,.T.);
#4088=ADVANCED_FACE('',(#637),#3864,.F.);
#4089=ADVANCED_FACE('',(#638),#3865,.F.);
#4090=ADVANCED_FACE('',(#639),#3866,.F.);
#4091=CLOSED_SHELL('',(#3867,#3868,#3869,#3870,#3871,#3872,#3873,#3874,
#3875));
#4092=CLOSED_SHELL('',(#3876,#3877,#3878,#3879,#3880,#3881,#3882,#3883,
#3884,#3885,#3886,#3887,#3888,#3889,#3890,#3891,#3892,#3893,#3894,#3895,
#3896,#3897,#3898,#3899,#3900,#3901,#3902,#3903,#3904,#3905,#3906,#3907,
#3908,#3909,#3910,#3911,#3912,#3913,#3914,#3915,#3916,#3917,#3918,#3919,
#3920,#3921,#3922,#3923,#3924));
#4093=CLOSED_SHELL('',(#3925,#3926,#3927,#3928,#3929,#3930,#3931,#3932,
#3933,#3934,#3935,#3936,#3937,#3938,#3939,#3940,#3941,#3942,#3943,#3944));
#4094=CLOSED_SHELL('',(#3945,#3946,#3947,#3948,#3949,#3950,#3951,#3952,
#3953,#3954,#3955,#3956,#3957,#3958,#3959,#3960,#3961,#3962,#3963,#3964));
#4095=CLOSED_SHELL('',(#3965,#3966,#3967,#3968,#3969,#3970,#3971,#3972,
#3973,#3974,#3975,#3976,#3977,#3978,#3979,#3980,#3981));
#4096=CLOSED_SHELL('',(#3982,#3983,#3984,#3985,#3986,#3987,#3988,#3989,
#3990,#3991,#3992,#3993,#3994,#3995,#3996,#3997,#3998,#3999,#4000,#4001,
#4002,#4003,#4004,#4005,#4006,#4007,#4008,#4009,#4010,#4011,#4012,#4013,
#4014,#4015,#4016,#4017,#4018,#4019,#4020,#4021,#4022,#4023,#4024,#4025,
#4026,#4027,#4028,#4029,#4030,#4031,#4032,#4033,#4034,#4035,#4036,#4037,
#4038,#4039,#4040,#4041,#4042,#4043,#4044,#4045,#4046,#4047,#4048,#4049,
#4050,#4051,#4052,#4053,#4054,#4055,#4056,#4057,#4058,#4059,#4060,#4061,
#4062,#4063,#4064,#4065,#4066,#4067,#4068,#4069,#4070,#4071,#4072,#4073,
#4074,#4075,#4076,#4077,#4078,#4079,#4080,#4081,#4082,#4083,#4084,#4085,
#4086,#4087,#4088,#4089,#4090));
#4097=DERIVED_UNIT_ELEMENT(#4107,1.);
#4098=DERIVED_UNIT_ELEMENT(#7077,-3.);
#4099=DERIVED_UNIT_ELEMENT(#4107,1.);
#4100=DERIVED_UNIT_ELEMENT(#7077,-3.);
#4101=DERIVED_UNIT_ELEMENT(#4107,1.);
#4102=DERIVED_UNIT_ELEMENT(#7077,-3.);
#4103=DERIVED_UNIT_ELEMENT(#4107,1.);
#4104=DERIVED_UNIT_ELEMENT(#7077,-3.);
#4105=DERIVED_UNIT_ELEMENT(#4107,1.);
#4106=DERIVED_UNIT_ELEMENT(#7077,-3.);
#4107=(
MASS_UNIT()
NAMED_UNIT(*)
SI_UNIT(.KILO.,.GRAM.)
);
#4108=DERIVED_UNIT((#4097,#4098));
#4109=DERIVED_UNIT((#4099,#4100));
#4110=DERIVED_UNIT((#4101,#4102));
#4111=DERIVED_UNIT((#4103,#4104));
#4112=DERIVED_UNIT((#4105,#4106));
#4113=MEASURE_REPRESENTATION_ITEM('density measure',
POSITIVE_RATIO_MEASURE(7850.),#4108);
#4114=MEASURE_REPRESENTATION_ITEM('density measure',
POSITIVE_RATIO_MEASURE(7850.),#4109);
#4115=MEASURE_REPRESENTATION_ITEM('density measure',
POSITIVE_RATIO_MEASURE(7850.),#4110);
#4116=MEASURE_REPRESENTATION_ITEM('density measure',
POSITIVE_RATIO_MEASURE(7850.),#4111);
#4117=MEASURE_REPRESENTATION_ITEM('density measure',
POSITIVE_RATIO_MEASURE(7850.),#4112);
#4118=PROPERTY_DEFINITION_REPRESENTATION(#4143,#4128);
#4119=PROPERTY_DEFINITION_REPRESENTATION(#4144,#4129);
#4120=PROPERTY_DEFINITION_REPRESENTATION(#4145,#4130);
#4121=PROPERTY_DEFINITION_REPRESENTATION(#4146,#4131);
#4122=PROPERTY_DEFINITION_REPRESENTATION(#4147,#4132);
#4123=PROPERTY_DEFINITION_REPRESENTATION(#4148,#4133);
#4124=PROPERTY_DEFINITION_REPRESENTATION(#4149,#4134);
#4125=PROPERTY_DEFINITION_REPRESENTATION(#4150,#4135);
#4126=PROPERTY_DEFINITION_REPRESENTATION(#4151,#4136);
#4127=PROPERTY_DEFINITION_REPRESENTATION(#4152,#4137);
#4128=REPRESENTATION('material name',(#4138),#7070);
#4129=REPRESENTATION('density',(#4113),#7070);
#4130=REPRESENTATION('material name',(#4139),#7071);
#4131=REPRESENTATION('density',(#4114),#7071);
#4132=REPRESENTATION('material name',(#4140),#7072);
#4133=REPRESENTATION('density',(#4115),#7072);
#4134=REPRESENTATION('material name',(#4141),#7073);
#4135=REPRESENTATION('density',(#4116),#7073);
#4136=REPRESENTATION('material name',(#4142),#7074);
#4137=REPRESENTATION('density',(#4117),#7074);
#4138=DESCRIPTIVE_REPRESENTATION_ITEM('Steel','Steel');
#4139=DESCRIPTIVE_REPRESENTATION_ITEM('Steel','Steel');
#4140=DESCRIPTIVE_REPRESENTATION_ITEM('Steel','Steel');
#4141=DESCRIPTIVE_REPRESENTATION_ITEM('Steel','Steel');
#4142=DESCRIPTIVE_REPRESENTATION_ITEM('Steel','Steel');
#4143=PROPERTY_DEFINITION('material property','material name',#7108);
#4144=PROPERTY_DEFINITION('material property','density of part',#7108);
#4145=PROPERTY_DEFINITION('material property','material name',#7109);
#4146=PROPERTY_DEFINITION('material property','density of part',#7109);
#4147=PROPERTY_DEFINITION('material property','material name',#7110);
#4148=PROPERTY_DEFINITION('material property','density of part',#7110);
#4149=PROPERTY_DEFINITION('material property','material name',#7111);
#4150=PROPERTY_DEFINITION('material property','density of part',#7111);
#4151=PROPERTY_DEFINITION('material property','material name',#7112);
#4152=PROPERTY_DEFINITION('material property','density of part',#7112);
#4153=AXIS2_PLACEMENT_3D('',#5679,#4538,#4539);
#4154=AXIS2_PLACEMENT_3D('',#5680,#4540,#4541);
#4155=AXIS2_PLACEMENT_3D('',#5681,#4542,#4543);
#4156=AXIS2_PLACEMENT_3D('',#5684,#4544,#4545);
#4157=AXIS2_PLACEMENT_3D('',#5688,#4547,#4548);
#4158=AXIS2_PLACEMENT_3D('',#5690,#4550,#4551);
#4159=AXIS2_PLACEMENT_3D('',#5692,#4552,#4553);
#4160=AXIS2_PLACEMENT_3D('',#5695,#4555,#4556);
#4161=AXIS2_PLACEMENT_3D('',#5696,#4557,#4558);
#4162=AXIS2_PLACEMENT_3D('',#5706,#4564,#4565);
#4163=AXIS2_PLACEMENT_3D('',#5716,#4571,#4572);
#4164=AXIS2_PLACEMENT_3D('',#5718,#4574,#4575);
#4165=AXIS2_PLACEMENT_3D('',#5720,#4577,#4578);
#4166=AXIS2_PLACEMENT_3D('',#5722,#4580,#4581);
#4167=AXIS2_PLACEMENT_3D('',#5724,#4583,#4584);
#4168=AXIS2_PLACEMENT_3D('',#5725,#4585,#4586);
#4169=AXIS2_PLACEMENT_3D('',#5735,#4591,#4592);
#4170=AXIS2_PLACEMENT_3D('',#5736,#4593,#4594);
#4171=AXIS2_PLACEMENT_3D('',#5738,#4595,#4596);
#4172=AXIS2_PLACEMENT_3D('',#5741,#4598,#4599);
#4173=AXIS2_PLACEMENT_3D('',#5742,#4600,#4601);
#4174=AXIS2_PLACEMENT_3D('',#5745,#4602,#4603);
#4175=AXIS2_PLACEMENT_3D('',#5749,#4605,#4606);
#4176=AXIS2_PLACEMENT_3D('',#5751,#4608,#4609);
#4177=AXIS2_PLACEMENT_3D('',#5754,#4610,#4611);
#4178=AXIS2_PLACEMENT_3D('',#5758,#4613,#4614);
#4179=AXIS2_PLACEMENT_3D('',#5760,#4616,#4617);
#4180=AXIS2_PLACEMENT_3D('',#5763,#4618,#4619);
#4181=AXIS2_PLACEMENT_3D('',#5767,#4621,#4622);
#4182=AXIS2_PLACEMENT_3D('',#5769,#4624,#4625);
#4183=AXIS2_PLACEMENT_3D('',#5771,#4626,#4627);
#4184=AXIS2_PLACEMENT_3D('',#5774,#4629,#4630);
#4185=AXIS2_PLACEMENT_3D('',#5775,#4631,#4632);
#4186=AXIS2_PLACEMENT_3D('',#5777,#4633,#4634);
#4187=AXIS2_PLACEMENT_3D('',#5780,#4636,#4637);
#4188=AXIS2_PLACEMENT_3D('',#5781,#4638,#4639);
#4189=AXIS2_PLACEMENT_3D('',#5783,#4640,#4641);
#4190=AXIS2_PLACEMENT_3D('',#5786,#4643,#4644);
#4191=AXIS2_PLACEMENT_3D('',#5787,#4645,#4646);
#4192=AXIS2_PLACEMENT_3D('',#5789,#4647,#4648);
#4193=AXIS2_PLACEMENT_3D('',#5792,#4650,#4651);
#4194=AXIS2_PLACEMENT_3D('',#5793,#4652,#4653);
#4195=AXIS2_PLACEMENT_3D('',#5794,#4654,#4655);
#4196=AXIS2_PLACEMENT_3D('',#5795,#4656,#4657);
#4197=AXIS2_PLACEMENT_3D('',#5804,#4662,#4663);
#4198=AXIS2_PLACEMENT_3D('',#5810,#4667,#4668);
#4199=AXIS2_PLACEMENT_3D('',#5816,#4672,#4673);
#4200=AXIS2_PLACEMENT_3D('',#5822,#4677,#4678);
#4201=AXIS2_PLACEMENT_3D('',#5845,#4692,#4693);
#4202=AXIS2_PLACEMENT_3D('',#5854,#4698,#4699);
#4203=AXIS2_PLACEMENT_3D('',#5860,#4703,#4704);
#4204=AXIS2_PLACEMENT_3D('',#5866,#4708,#4709);
#4205=AXIS2_PLACEMENT_3D('',#5869,#4712,#4713);
#4206=AXIS2_PLACEMENT_3D('',#5870,#4714,#4715);
#4207=AXIS2_PLACEMENT_3D('',#5876,#4719,#4720);
#4208=AXIS2_PLACEMENT_3D('',#5880,#4723,#4724);
#4209=AXIS2_PLACEMENT_3D('',#5884,#4727,#4728);
#4210=AXIS2_PLACEMENT_3D('',#5886,#4730,#4731);
#4211=AXIS2_PLACEMENT_3D('',#5888,#4733,#4734);
#4212=AXIS2_PLACEMENT_3D('',#5890,#4736,#4737);
#4213=AXIS2_PLACEMENT_3D('',#5896,#4741,#4742);
#4214=AXIS2_PLACEMENT_3D('',#5902,#4746,#4747);
#4215=AXIS2_PLACEMENT_3D('',#5904,#4749,#4750);
#4216=AXIS2_PLACEMENT_3D('',#5906,#4752,#4753);
#4217=AXIS2_PLACEMENT_3D('',#5908,#4755,#4756);
#4218=AXIS2_PLACEMENT_3D('',#5920,#4763,#4764);
#4219=AXIS2_PLACEMENT_3D('',#5926,#4768,#4769);
#4220=AXIS2_PLACEMENT_3D('',#5930,#4772,#4773);
#4221=AXIS2_PLACEMENT_3D('',#5934,#4776,#4777);
#4222=AXIS2_PLACEMENT_3D('',#5942,#4782,#4783);
#4223=AXIS2_PLACEMENT_3D('',#5951,#4789,#4790);
#4224=AXIS2_PLACEMENT_3D('',#5955,#4793,#4794);
#4225=AXIS2_PLACEMENT_3D('',#5959,#4797,#4798);
#4226=AXIS2_PLACEMENT_3D('',#5961,#4800,#4801);
#4227=AXIS2_PLACEMENT_3D('',#5967,#4805,#4806);
#4228=AXIS2_PLACEMENT_3D('',#5968,#4807,#4808);
#4229=AXIS2_PLACEMENT_3D('',#5972,#4811,#4812);
#4230=AXIS2_PLACEMENT_3D('',#5976,#4815,#4816);
#4231=AXIS2_PLACEMENT_3D('',#5978,#4818,#4819);
#4232=AXIS2_PLACEMENT_3D('',#5979,#4820,#4821);
#4233=AXIS2_PLACEMENT_3D('',#5981,#4822,#4823);
#4234=AXIS2_PLACEMENT_3D('',#5983,#4825,#4826);
#4235=AXIS2_PLACEMENT_3D('',#5984,#4827,#4828);
#4236=AXIS2_PLACEMENT_3D('',#5985,#4829,#4830);
#4237=AXIS2_PLACEMENT_3D('',#5987,#4831,#4832);
#4238=AXIS2_PLACEMENT_3D('',#5990,#4834,#4835);
#4239=AXIS2_PLACEMENT_3D('',#5991,#4836,#4837);
#4240=AXIS2_PLACEMENT_3D('',#5992,#4838,#4839);
#4241=AXIS2_PLACEMENT_3D('',#5994,#4840,#4841);
#4242=AXIS2_PLACEMENT_3D('',#5996,#4843,#4844);
#4243=AXIS2_PLACEMENT_3D('',#6002,#4845,#4846);
#4244=AXIS2_PLACEMENT_3D('',#6003,#4847,#4848);
#4245=AXIS2_PLACEMENT_3D('',#6005,#4849,#4850);
#4246=AXIS2_PLACEMENT_3D('',#6008,#4852,#4853);
#4247=AXIS2_PLACEMENT_3D('',#6009,#4854,#4855);
#4248=AXIS2_PLACEMENT_3D('',#6011,#4856,#4857);
#4249=AXIS2_PLACEMENT_3D('',#6012,#4858,#4859);
#4250=AXIS2_PLACEMENT_3D('',#6015,#4860,#4861);
#4251=AXIS2_PLACEMENT_3D('',#6017,#4862,#4863);
#4252=AXIS2_PLACEMENT_3D('',#6018,#4864,#4865);
#4253=AXIS2_PLACEMENT_3D('',#6020,#4866,#4867);
#4254=AXIS2_PLACEMENT_3D('',#6021,#4868,#4869);
#4255=AXIS2_PLACEMENT_3D('',#6022,#4870,#4871);
#4256=AXIS2_PLACEMENT_3D('',#6023,#4872,#4873);
#4257=AXIS2_PLACEMENT_3D('',#6027,#4874,#4875);
#4258=AXIS2_PLACEMENT_3D('',#6031,#4876,#4877);
#4259=AXIS2_PLACEMENT_3D('',#6035,#4878,#4879);
#4260=AXIS2_PLACEMENT_3D('',#6039,#4880,#4881);
#4261=AXIS2_PLACEMENT_3D('',#6043,#4882,#4883);
#4262=AXIS2_PLACEMENT_3D('',#6056,#4890,#4891);
#4263=AXIS2_PLACEMENT_3D('',#6059,#4894,#4895);
#4264=AXIS2_PLACEMENT_3D('',#6061,#4897,#4898);
#4265=AXIS2_PLACEMENT_3D('',#6063,#4900,#4901);
#4266=AXIS2_PLACEMENT_3D('',#6065,#4903,#4904);
#4267=AXIS2_PLACEMENT_3D('',#6067,#4906,#4907);
#4268=AXIS2_PLACEMENT_3D('',#6068,#4908,#4909);
#4269=AXIS2_PLACEMENT_3D('',#6069,#4910,#4911);
#4270=AXIS2_PLACEMENT_3D('',#6086,#4913,#4914);
#4271=AXIS2_PLACEMENT_3D('',#6090,#4916,#4917);
#4272=AXIS2_PLACEMENT_3D('',#6092,#4919,#4920);
#4273=AXIS2_PLACEMENT_3D('',#6094,#4921,#4922);
#4274=AXIS2_PLACEMENT_3D('',#6098,#4924,#4925);
#4275=AXIS2_PLACEMENT_3D('',#6099,#4926,#4927);
#4276=AXIS2_PLACEMENT_3D('',#6100,#4928,#4929);
#4277=AXIS2_PLACEMENT_3D('',#6116,#4931,#4932);
#4278=AXIS2_PLACEMENT_3D('',#6120,#4934,#4935);
#4279=AXIS2_PLACEMENT_3D('',#6122,#4937,#4938);
#4280=AXIS2_PLACEMENT_3D('',#6126,#4940,#4941);
#4281=AXIS2_PLACEMENT_3D('',#6129,#4943,#4944);
#4282=AXIS2_PLACEMENT_3D('',#6133,#4946,#4947);
#4283=AXIS2_PLACEMENT_3D('',#6137,#4949,#4950);
#4284=AXIS2_PLACEMENT_3D('',#6141,#4952,#4953);
#4285=AXIS2_PLACEMENT_3D('',#6144,#4955,#4956);
#4286=AXIS2_PLACEMENT_3D('',#6145,#4957,#4958);
#4287=AXIS2_PLACEMENT_3D('',#6148,#4960,#4961);
#4288=AXIS2_PLACEMENT_3D('',#6149,#4962,#4963);
#4289=AXIS2_PLACEMENT_3D('',#6150,#4964,#4965);
#4290=AXIS2_PLACEMENT_3D('',#6151,#4966,#4967);
#4291=AXIS2_PLACEMENT_3D('',#6153,#4969,#4970);
#4292=AXIS2_PLACEMENT_3D('',#6156,#4972,#4973);
#4293=AXIS2_PLACEMENT_3D('',#6157,#4974,#4975);
#4294=AXIS2_PLACEMENT_3D('',#6163,#4979,#4980);
#4295=AXIS2_PLACEMENT_3D('',#6164,#4981,#4982);
#4296=AXIS2_PLACEMENT_3D('',#6167,#4984,#4985);
#4297=AXIS2_PLACEMENT_3D('',#6168,#4986,#4987);
#4298=AXIS2_PLACEMENT_3D('',#6170,#4988,#4989);
#4299=AXIS2_PLACEMENT_3D('',#6172,#4991,#4992);
#4300=AXIS2_PLACEMENT_3D('',#6176,#4995,#4996);
#4301=AXIS2_PLACEMENT_3D('',#6178,#4997,#4998);
#4302=AXIS2_PLACEMENT_3D('',#6180,#5000,#5001);
#4303=AXIS2_PLACEMENT_3D('',#6184,#5004,#5005);
#4304=AXIS2_PLACEMENT_3D('',#6185,#5006,#5007);
#4305=AXIS2_PLACEMENT_3D('',#6186,#5008,#5009);
#4306=AXIS2_PLACEMENT_3D('',#6188,#5010,#5011);
#4307=AXIS2_PLACEMENT_3D('',#6190,#5013,#5014);
#4308=AXIS2_PLACEMENT_3D('',#6194,#5017,#5018);
#4309=AXIS2_PLACEMENT_3D('',#6196,#5019,#5020);
#4310=AXIS2_PLACEMENT_3D('',#6198,#5022,#5023);
#4311=AXIS2_PLACEMENT_3D('',#6200,#5025,#5026);
#4312=AXIS2_PLACEMENT_3D('',#6201,#5027,#5028);
#4313=AXIS2_PLACEMENT_3D('',#6202,#5029,#5030);
#4314=AXIS2_PLACEMENT_3D('',#6222,#5032,#5033);
#4315=AXIS2_PLACEMENT_3D('',#6234,#5034,#5035);
#4316=AXIS2_PLACEMENT_3D('',#6236,#5036,#5037);
#4317=AXIS2_PLACEMENT_3D('',#6239,#5039,#5040);
#4318=AXIS2_PLACEMENT_3D('',#6240,#5041,#5042);
#4319=AXIS2_PLACEMENT_3D('',#6243,#5043,#5044);
#4320=AXIS2_PLACEMENT_3D('',#6244,#5045,#5046);
#4321=AXIS2_PLACEMENT_3D('',#6246,#5048,#5049);
#4322=AXIS2_PLACEMENT_3D('',#6249,#5051,#5052);
#4323=AXIS2_PLACEMENT_3D('',#6250,#5053,#5054);
#4324=AXIS2_PLACEMENT_3D('',#6252,#5055,#5056);
#4325=AXIS2_PLACEMENT_3D('',#6254,#5057,#5058);
#4326=AXIS2_PLACEMENT_3D('',#6255,#5059,#5060);
#4327=AXIS2_PLACEMENT_3D('',#6256,#5061,#5062);
#4328=AXIS2_PLACEMENT_3D('',#6259,#5063,#5064);
#4329=AXIS2_PLACEMENT_3D('',#6260,#5065,#5066);
#4330=AXIS2_PLACEMENT_3D('',#6262,#5068,#5069);
#4331=AXIS2_PLACEMENT_3D('',#6265,#5071,#5072);
#4332=AXIS2_PLACEMENT_3D('',#6266,#5073,#5074);
#4333=AXIS2_PLACEMENT_3D('',#6267,#5075,#5076);
#4334=AXIS2_PLACEMENT_3D('',#6268,#5077,#5078);
#4335=AXIS2_PLACEMENT_3D('',#6269,#5079,#5080);
#4336=AXIS2_PLACEMENT_3D('',#6282,#5087,#5088);
#4337=AXIS2_PLACEMENT_3D('',#6285,#5091,#5092);
#4338=AXIS2_PLACEMENT_3D('',#6287,#5094,#5095);
#4339=AXIS2_PLACEMENT_3D('',#6289,#5097,#5098);
#4340=AXIS2_PLACEMENT_3D('',#6291,#5100,#5101);
#4341=AXIS2_PLACEMENT_3D('',#6293,#5103,#5104);
#4342=AXIS2_PLACEMENT_3D('',#6294,#5105,#5106);
#4343=AXIS2_PLACEMENT_3D('',#6295,#5107,#5108);
#4344=AXIS2_PLACEMENT_3D('',#6298,#5109,#5110);
#4345=AXIS2_PLACEMENT_3D('',#6300,#5111,#5112);
#4346=AXIS2_PLACEMENT_3D('',#6310,#5113,#5114);
#4347=AXIS2_PLACEMENT_3D('',#6311,#5115,#5116);
#4348=AXIS2_PLACEMENT_3D('',#6314,#5117,#5118);
#4349=AXIS2_PLACEMENT_3D('',#6317,#5121,#5122);
#4350=AXIS2_PLACEMENT_3D('',#6328,#5123,#5124);
#4351=AXIS2_PLACEMENT_3D('',#6329,#5125,#5126);
#4352=AXIS2_PLACEMENT_3D('',#6330,#5127,#5128);
#4353=AXIS2_PLACEMENT_3D('',#6334,#5130,#5131);
#4354=AXIS2_PLACEMENT_3D('',#6338,#5133,#5134);
#4355=AXIS2_PLACEMENT_3D('',#6340,#5136,#5137);
#4356=AXIS2_PLACEMENT_3D('',#6344,#5139,#5140);
#4357=AXIS2_PLACEMENT_3D('',#6346,#5142,#5143);
#4358=AXIS2_PLACEMENT_3D('',#6350,#5146,#5147);
#4359=AXIS2_PLACEMENT_3D('',#6353,#5149,#5150);
#4360=AXIS2_PLACEMENT_3D('',#6354,#5151,#5152);
#4361=AXIS2_PLACEMENT_3D('',#6385,#5160,#5161);
#4362=AXIS2_PLACEMENT_3D('',#6416,#5169,#5170);
#4363=AXIS2_PLACEMENT_3D('',#6418,#5171,#5172);
#4364=AXIS2_PLACEMENT_3D('',#6421,#5174,#5175);
#4365=AXIS2_PLACEMENT_3D('',#6426,#5177,#5178);
#4366=AXIS2_PLACEMENT_3D('',#6429,#5180,#5181);
#4367=AXIS2_PLACEMENT_3D('',#6434,#5183,#5184);
#4368=AXIS2_PLACEMENT_3D('',#6437,#5186,#5187);
#4369=AXIS2_PLACEMENT_3D('',#6438,#5188,#5189);
#4370=AXIS2_PLACEMENT_3D('',#6441,#5190,#5191);
#4371=AXIS2_PLACEMENT_3D('',#6445,#5193,#5194);
#4372=AXIS2_PLACEMENT_3D('',#6447,#5196,#5197);
#4373=AXIS2_PLACEMENT_3D('',#6457,#5202,#5203);
#4374=AXIS2_PLACEMENT_3D('',#6467,#5209,#5210);
#4375=AXIS2_PLACEMENT_3D('',#6470,#5211,#5212);
#4376=AXIS2_PLACEMENT_3D('',#6474,#5214,#5215);
#4377=AXIS2_PLACEMENT_3D('',#6476,#5217,#5218);
#4378=AXIS2_PLACEMENT_3D('',#6508,#5227,#5228);
#4379=AXIS2_PLACEMENT_3D('',#6517,#5232,#5233);
#4380=AXIS2_PLACEMENT_3D('',#6521,#5235,#5236);
#4381=AXIS2_PLACEMENT_3D('',#6530,#5241,#5242);
#4382=AXIS2_PLACEMENT_3D('',#6533,#5244,#5245);
#4383=AXIS2_PLACEMENT_3D('',#6534,#5246,#5247);
#4384=AXIS2_PLACEMENT_3D('',#6543,#5252,#5253);
#4385=AXIS2_PLACEMENT_3D('',#6551,#5258,#5259);
#4386=AXIS2_PLACEMENT_3D('',#6553,#5261,#5262);
#4387=AXIS2_PLACEMENT_3D('',#6555,#5264,#5265);
#4388=AXIS2_PLACEMENT_3D('',#6557,#5266,#5267);
#4389=AXIS2_PLACEMENT_3D('',#6560,#5269,#5270);
#4390=AXIS2_PLACEMENT_3D('',#6562,#5271,#5272);
#4391=AXIS2_PLACEMENT_3D('',#6564,#5273,#5274);
#4392=AXIS2_PLACEMENT_3D('',#6565,#5275,#5276);
#4393=AXIS2_PLACEMENT_3D('',#6567,#5278,#5279);
#4394=AXIS2_PLACEMENT_3D('',#6583,#5282,#5283);
#4395=AXIS2_PLACEMENT_3D('',#6587,#5286,#5287);
#4396=AXIS2_PLACEMENT_3D('',#6597,#5291,#5292);
#4397=AXIS2_PLACEMENT_3D('',#6613,#5294,#5295);
#4398=AXIS2_PLACEMENT_3D('',#6617,#5298,#5299);
#4399=AXIS2_PLACEMENT_3D('',#6627,#5303,#5304);
#4400=AXIS2_PLACEMENT_3D('',#6637,#5306,#5307);
#4401=AXIS2_PLACEMENT_3D('',#6638,#5308,#5309);
#4402=AXIS2_PLACEMENT_3D('',#6639,#5310,#5311);
#4403=AXIS2_PLACEMENT_3D('',#6648,#5312,#5313);
#4404=AXIS2_PLACEMENT_3D('',#6649,#5314,#5315);
#4405=AXIS2_PLACEMENT_3D('',#6650,#5316,#5317);
#4406=AXIS2_PLACEMENT_3D('',#6651,#5318,#5319);
#4407=AXIS2_PLACEMENT_3D('',#6652,#5320,#5321);
#4408=AXIS2_PLACEMENT_3D('',#6656,#5324,#5325);
#4409=AXIS2_PLACEMENT_3D('',#6657,#5326,#5327);
#4410=AXIS2_PLACEMENT_3D('',#6658,#5328,#5329);
#4411=AXIS2_PLACEMENT_3D('',#6662,#5332,#5333);
#4412=AXIS2_PLACEMENT_3D('',#6666,#5335,#5336);
#4413=AXIS2_PLACEMENT_3D('',#6668,#5338,#5339);
#4414=AXIS2_PLACEMENT_3D('',#6672,#5341,#5342);
#4415=AXIS2_PLACEMENT_3D('',#6676,#5344,#5345);
#4416=AXIS2_PLACEMENT_3D('',#6680,#5347,#5348);
#4417=AXIS2_PLACEMENT_3D('',#6718,#5356,#5357);
#4418=AXIS2_PLACEMENT_3D('',#6722,#5359,#5360);
#4419=AXIS2_PLACEMENT_3D('',#6726,#5362,#5363);
#4420=AXIS2_PLACEMENT_3D('',#6730,#5365,#5366);
#4421=AXIS2_PLACEMENT_3D('',#6746,#5374,#5375);
#4422=AXIS2_PLACEMENT_3D('',#6750,#5377,#5378);
#4423=AXIS2_PLACEMENT_3D('',#6752,#5380,#5381);
#4424=AXIS2_PLACEMENT_3D('',#6754,#5383,#5384);
#4425=AXIS2_PLACEMENT_3D('',#6756,#5386,#5387);
#4426=AXIS2_PLACEMENT_3D('',#6759,#5390,#5391);
#4427=AXIS2_PLACEMENT_3D('',#6761,#5393,#5394);
#4428=AXIS2_PLACEMENT_3D('',#6763,#5396,#5397);
#4429=AXIS2_PLACEMENT_3D('',#6768,#5398,#5399);
#4430=AXIS2_PLACEMENT_3D('',#6773,#5400,#5401);
#4431=AXIS2_PLACEMENT_3D('',#6774,#5402,#5403);
#4432=AXIS2_PLACEMENT_3D('',#6780,#5407,#5408);
#4433=AXIS2_PLACEMENT_3D('',#6781,#5409,#5410);
#4434=AXIS2_PLACEMENT_3D('',#6782,#5411,#5412);
#4435=AXIS2_PLACEMENT_3D('',#6783,#5413,#5414);
#4436=AXIS2_PLACEMENT_3D('',#6784,#5415,#5416);
#4437=AXIS2_PLACEMENT_3D('',#6787,#5418,#5419);
#4438=AXIS2_PLACEMENT_3D('',#6788,#5420,#5421);
#4439=AXIS2_PLACEMENT_3D('',#6792,#5424,#5425);
#4440=AXIS2_PLACEMENT_3D('',#6793,#5426,#5427);
#4441=AXIS2_PLACEMENT_3D('',#6794,#5428,#5429);
#4442=AXIS2_PLACEMENT_3D('',#6795,#5430,#5431);
#4443=AXIS2_PLACEMENT_3D('',#6796,#5432,#5433);
#4444=AXIS2_PLACEMENT_3D('',#6797,#5434,#5435);
#4445=AXIS2_PLACEMENT_3D('',#6798,#5436,#5437);
#4446=AXIS2_PLACEMENT_3D('',#6799,#5438,#5439);
#4447=AXIS2_PLACEMENT_3D('',#6840,#5441,#5442);
#4448=AXIS2_PLACEMENT_3D('',#6847,#5444,#5445);
#4449=AXIS2_PLACEMENT_3D('',#6849,#5447,#5448);
#4450=AXIS2_PLACEMENT_3D('',#6884,#5449,#5450);
#4451=AXIS2_PLACEMENT_3D('',#6887,#5452,#5453);
#4452=AXIS2_PLACEMENT_3D('',#6888,#5454,#5455);
#4453=AXIS2_PLACEMENT_3D('',#6891,#5457,#5458);
#4454=AXIS2_PLACEMENT_3D('',#6892,#5459,#5460);
#4455=AXIS2_PLACEMENT_3D('',#6896,#5463,#5464);
#4456=AXIS2_PLACEMENT_3D('',#6897,#5465,#5466);
#4457=AXIS2_PLACEMENT_3D('',#6898,#5467,#5468);
#4458=AXIS2_PLACEMENT_3D('',#6900,#5469,#5470);
#4459=AXIS2_PLACEMENT_3D('',#6903,#5472,#5473);
#4460=AXIS2_PLACEMENT_3D('',#6904,#5474,#5475);
#4461=AXIS2_PLACEMENT_3D('',#6906,#5476,#5477);
#4462=AXIS2_PLACEMENT_3D('',#6907,#5478,#5479);
#4463=AXIS2_PLACEMENT_3D('',#6908,#5480,#5481);
#4464=AXIS2_PLACEMENT_3D('',#6910,#5482,#5483);
#4465=AXIS2_PLACEMENT_3D('',#6912,#5485,#5486);
#4466=AXIS2_PLACEMENT_3D('',#6914,#5487,#5488);
#4467=AXIS2_PLACEMENT_3D('',#6916,#5490,#5491);
#4468=AXIS2_PLACEMENT_3D('',#6918,#5492,#5493);
#4469=AXIS2_PLACEMENT_3D('',#6920,#5495,#5496);
#4470=AXIS2_PLACEMENT_3D('',#6922,#5497,#5498);
#4471=AXIS2_PLACEMENT_3D('',#6923,#5499,#5500);
#4472=AXIS2_PLACEMENT_3D('',#6924,#5501,#5502);
#4473=AXIS2_PLACEMENT_3D('',#6926,#5503,#5504);
#4474=AXIS2_PLACEMENT_3D('',#6928,#5506,#5507);
#4475=AXIS2_PLACEMENT_3D('',#6931,#5510,#5511);
#4476=AXIS2_PLACEMENT_3D('',#6933,#5513,#5514);
#4477=AXIS2_PLACEMENT_3D('',#6935,#5516,#5517);
#4478=AXIS2_PLACEMENT_3D('',#6937,#5519,#5520);
#4479=AXIS2_PLACEMENT_3D('',#6939,#5522,#5523);
#4480=AXIS2_PLACEMENT_3D('',#6941,#5525,#5526);
#4481=AXIS2_PLACEMENT_3D('',#6943,#5528,#5529);
#4482=AXIS2_PLACEMENT_3D('',#6944,#5530,#5531);
#4483=AXIS2_PLACEMENT_3D('',#6946,#5532,#5533);
#4484=AXIS2_PLACEMENT_3D('',#6947,#5534,#5535);
#4485=AXIS2_PLACEMENT_3D('',#6948,#5536,#5537);
#4486=AXIS2_PLACEMENT_3D('',#6954,#5541,#5542);
#4487=AXIS2_PLACEMENT_3D('',#6960,#5546,#5547);
#4488=AXIS2_PLACEMENT_3D('',#6964,#5549,#5550);
#4489=AXIS2_PLACEMENT_3D('',#6965,#5551,#5552);
#4490=AXIS2_PLACEMENT_3D('',#6966,#5553,#5554);
#4491=AXIS2_PLACEMENT_3D('',#6968,#5555,#5556);
#4492=AXIS2_PLACEMENT_3D('',#6971,#5558,#5559);
#4493=AXIS2_PLACEMENT_3D('',#6972,#5560,#5561);
#4494=AXIS2_PLACEMENT_3D('',#6974,#5562,#5563);
#4495=AXIS2_PLACEMENT_3D('',#6977,#5565,#5566);
#4496=AXIS2_PLACEMENT_3D('',#6978,#5567,#5568);
#4497=AXIS2_PLACEMENT_3D('',#6980,#5569,#5570);
#4498=AXIS2_PLACEMENT_3D('',#6982,#5571,#5572);
#4499=AXIS2_PLACEMENT_3D('',#6985,#5574,#5575);
#4500=AXIS2_PLACEMENT_3D('',#6986,#5576,#5577);
#4501=AXIS2_PLACEMENT_3D('',#6989,#5580,#5581);
#4502=AXIS2_PLACEMENT_3D('',#6995,#5585,#5586);
#4503=AXIS2_PLACEMENT_3D('',#6998,#5588,#5589);
#4504=AXIS2_PLACEMENT_3D('',#6999,#5590,#5591);
#4505=AXIS2_PLACEMENT_3D('',#7000,#5592,#5593);
#4506=AXIS2_PLACEMENT_3D('',#7001,#5594,#5595);
#4507=AXIS2_PLACEMENT_3D('',#7002,#5596,#5597);
#4508=AXIS2_PLACEMENT_3D('',#7003,#5598,#5599);
#4509=AXIS2_PLACEMENT_3D('',#7008,#5602,#5603);
#4510=AXIS2_PLACEMENT_3D('',#7009,#5604,#5605);
#4511=AXIS2_PLACEMENT_3D('',#7013,#5608,#5609);
#4512=AXIS2_PLACEMENT_3D('',#7015,#5610,#5611);
#4513=AXIS2_PLACEMENT_3D('',#7017,#5613,#5614);
#4514=AXIS2_PLACEMENT_3D('',#7019,#5616,#5617);
#4515=AXIS2_PLACEMENT_3D('',#7022,#5620,#5621);
#4516=AXIS2_PLACEMENT_3D('',#7024,#5623,#5624);
#4517=AXIS2_PLACEMENT_3D('',#7029,#5627,#5628);
#4518=AXIS2_PLACEMENT_3D('',#7030,#5629,#5630);
#4519=AXIS2_PLACEMENT_3D('',#7034,#5633,#5634);
#4520=AXIS2_PLACEMENT_3D('',#7036,#5635,#5636);
#4521=AXIS2_PLACEMENT_3D('',#7038,#5638,#5639);
#4522=AXIS2_PLACEMENT_3D('',#7040,#5641,#5642);
#4523=AXIS2_PLACEMENT_3D('',#7043,#5645,#5646);
#4524=AXIS2_PLACEMENT_3D('',#7045,#5648,#5649);
#4525=AXIS2_PLACEMENT_3D('',#7046,#5650,#5651);
#4526=AXIS2_PLACEMENT_3D('',#7048,#5653,#5654);
#4527=AXIS2_PLACEMENT_3D('',#7050,#5656,#5657);
#4528=AXIS2_PLACEMENT_3D('',#7052,#5659,#5660);
#4529=AXIS2_PLACEMENT_3D('',#7053,#5661,#5662);
#4530=AXIS2_PLACEMENT_3D('',#7054,#5663,#5664);
#4531=AXIS2_PLACEMENT_3D('',#7055,#5665,#5666);
#4532=AXIS2_PLACEMENT_3D('',#7056,#5667,#5668);
#4533=AXIS2_PLACEMENT_3D('',#7057,#5669,#5670);
#4534=AXIS2_PLACEMENT_3D('',#7058,#5671,#5672);
#4535=AXIS2_PLACEMENT_3D('',#7059,#5673,#5674);
#4536=AXIS2_PLACEMENT_3D('',#7060,#5675,#5676);
#4537=AXIS2_PLACEMENT_3D('',#7061,#5677,#5678);
#4538=DIRECTION('axis',(0.,0.,1.));
#4539=DIRECTION('refdir',(1.,0.,0.));
#4540=DIRECTION('axis',(0.,0.,1.));
#4541=DIRECTION('refdir',(1.,0.,0.));
#4542=DIRECTION('center_axis',(6.80011602582908E-16,-1.,-4.96314678419058E-24));
#4543=DIRECTION('ref_axis',(0.872867091683822,5.93559752279605E-16,-0.487958031243903));
#4544=DIRECTION('center_axis',(7.19549313619498E-16,-1.,1.11832271440745E-17));
#4545=DIRECTION('ref_axis',(0.872867091683822,6.22613971201966E-16,-0.487958031243903));
#4546=DIRECTION('',(6.80011602582908E-16,-1.,-4.96314678419058E-24));
#4547=DIRECTION('center_axis',(-7.19549313619498E-16,1.,-1.11832271440745E-17));
#4548=DIRECTION('ref_axis',(-0.487958031243903,-3.6087133740956E-16,-0.872867091683822));
#4549=DIRECTION('',(-6.80011602582908E-16,1.,4.96314678419058E-24));
#4550=DIRECTION('center_axis',(6.80011602582908E-16,-1.,-4.96314678419058E-24));
#4551=DIRECTION('ref_axis',(-1.,-6.80011602582908E-16,-6.61739109910181E-24));
#4552=DIRECTION('center_axis',(7.19549313619498E-16,-1.,1.11832271440745E-17));
#4553=DIRECTION('ref_axis',(-1.,-7.19549313619498E-16,-6.61739109865965E-24));
#4554=DIRECTION('',(6.80011602582908E-16,-1.,-4.96314678419058E-24));
#4555=DIRECTION('center_axis',(-7.19549313619498E-16,1.,-1.11832271440745E-17));
#4556=DIRECTION('ref_axis',(-1.,-7.19549313619498E-16,-6.61739109865965E-24));
#4557=DIRECTION('center_axis',(7.19549313619498E-16,-1.,1.11832271440745E-17));
#4558=DIRECTION('ref_axis',(6.61739110670653E-24,-1.11832271440745E-17,
-1.));
#4559=DIRECTION('',(-0.27217180677721,-1.85079991280238E-16,0.962248672431212));
#4560=DIRECTION('',(-0.962248672431212,-6.95429130916554E-16,-0.27217180677721));
#4561=DIRECTION('',(0.27217180677721,1.85079991280238E-16,-0.962248672431212));
#4562=DIRECTION('',(0.962248672431212,6.95429130916554E-16,0.27217180677721));
#4563=DIRECTION('',(0.27217180677721,1.85079991280238E-16,-0.962248672431212));
#4564=DIRECTION('center_axis',(-6.80011602582908E-16,1.,-1.11832271440745E-17));
#4565=DIRECTION('ref_axis',(1.,6.80011602582908E-16,3.95377176539807E-17));
#4566=DIRECTION('',(0.27217180677721,1.85079991280238E-16,-0.962248672431212));
#4567=DIRECTION('',(-0.962248672431212,-6.95429130916554E-16,-0.27217180677721));
#4568=DIRECTION('',(0.27217180677721,1.85079991280238E-16,-0.962248672431212));
#4569=DIRECTION('',(0.962248672431212,6.95429130916554E-16,0.27217180677721));
#4570=DIRECTION('',(-0.27217180677721,-1.85079991280238E-16,0.962248672431212));
#4571=DIRECTION('center_axis',(0.962248672431212,6.54340260472396E-16,0.27217180677721));
#4572=DIRECTION('ref_axis',(6.80011602582909E-16,-1.,-4.96314663627916E-24));
#4573=DIRECTION('',(-6.80011602582908E-16,1.,4.96314678419058E-24));
#4574=DIRECTION('center_axis',(0.27217180677721,1.85079991280238E-16,-0.962248672431212));
#4575=DIRECTION('ref_axis',(6.80011602582908E-16,-1.,-4.96314725257675E-24));
#4576=DIRECTION('',(6.80011602582908E-16,-1.,-4.96314678419058E-24));
#4577=DIRECTION('center_axis',(0.962248672431212,6.54340260472396E-16,0.27217180677721));
#4578=DIRECTION('ref_axis',(6.80011602582909E-16,-1.,-4.96314663627916E-24));
#4579=DIRECTION('',(-6.80011602582908E-16,1.,4.96314678419058E-24));
#4580=DIRECTION('center_axis',(-0.962248672431212,-6.54340260472396E-16,
-0.27217180677721));
#4581=DIRECTION('ref_axis',(-0.27217180677721,-1.85079991280238E-16,0.962248672431212));
#4582=DIRECTION('',(6.80011602582908E-16,-1.,-4.96314678419058E-24));
#4583=DIRECTION('center_axis',(-0.27217180677721,-1.85079991280238E-16,
0.962248672431212));
#4584=DIRECTION('ref_axis',(-6.80011602582908E-16,1.,4.96314725257675E-24));
#4585=DIRECTION('center_axis',(0.00869167286632687,-2.19687226524485E-13,
0.999962226697981));
#4586=DIRECTION('ref_axis',(8.83306261000412E-16,-1.,-2.19703202848982E-13));
#4587=DIRECTION('',(0.999962226697981,2.79286126245388E-15,-0.00869167286632688));
#4588=DIRECTION('',(8.83306261000447E-16,-1.,-2.19703202848982E-13));
#4589=DIRECTION('',(-0.999962226697981,-2.79286126245388E-15,0.00869167286632688));
#4590=DIRECTION('',(-8.83306261000447E-16,1.,2.19703202848982E-13));
#4591=DIRECTION('center_axis',(-0.00869167286632687,2.19687226524485E-13,
-0.999962226697981));
#4592=DIRECTION('ref_axis',(-0.999962226697981,-6.82194771520174E-16,0.00869167286632687));
#4593=DIRECTION('center_axis',(-8.83306261000433E-16,1.,2.19703202848982E-13));
#4594=DIRECTION('ref_axis',(1.,8.83306261000433E-16,-1.05081465862845E-20));
#4595=DIRECTION('center_axis',(-8.83306261000433E-16,1.,2.19703202848982E-13));
#4596=DIRECTION('ref_axis',(1.,8.83306261000433E-16,-1.05081465862845E-20));
#4597=DIRECTION('',(-8.83306261000433E-16,1.,2.19703202848982E-13));
#4598=DIRECTION('center_axis',(8.83306261000433E-16,-1.,-2.19703202848982E-13));
#4599=DIRECTION('ref_axis',(1.,8.83306261000433E-16,-1.05081465862845E-20));
#4600=DIRECTION('center_axis',(-8.83306261000433E-16,1.,2.19703202848982E-13));
#4601=DIRECTION('ref_axis',(1.,8.83306261000433E-16,-1.05095252206388E-20));
#4602=DIRECTION('center_axis',(-8.83306261000433E-16,1.,2.19703202848982E-13));
#4603=DIRECTION('ref_axis',(1.,8.83306261000433E-16,-1.05095252206388E-20));
#4604=DIRECTION('',(-8.83306261000447E-16,1.,2.19703202848982E-13));
#4605=DIRECTION('center_axis',(8.83306261000433E-16,-1.,-2.19703202848982E-13));
#4606=DIRECTION('ref_axis',(1.,8.83306261000433E-16,-1.05095252206388E-20));
#4607=DIRECTION('',(8.83306261000447E-16,-1.,-2.19703202848982E-13));
#4608=DIRECTION('center_axis',(-8.83306261000433E-16,1.,2.19703202848982E-13));
#4609=DIRECTION('ref_axis',(-0.999998934826422,-5.62633008223147E-16,-0.00145957049212076));
#4610=DIRECTION('center_axis',(-8.83306261000433E-16,1.,2.19703202848982E-13));
#4611=DIRECTION('ref_axis',(1.,8.83306261000433E-16,-1.05095252206388E-20));
#4612=DIRECTION('',(-8.83306261000447E-16,1.,2.19703202848982E-13));
#4613=DIRECTION('center_axis',(8.83306261000433E-16,-1.,-2.19703202848982E-13));
#4614=DIRECTION('ref_axis',(1.,8.83306261000433E-16,-1.05095252206388E-20));
#4615=DIRECTION('',(8.83306261000447E-16,-1.,-2.19703202848982E-13));
#4616=DIRECTION('center_axis',(-8.83306261000433E-16,1.,2.19703202848982E-13));
#4617=DIRECTION('ref_axis',(0.707106781186547,-1.54729032735901E-13,0.707106781186548));
#4618=DIRECTION('center_axis',(-8.83306261000433E-16,1.,2.19703202848982E-13));
#4619=DIRECTION('ref_axis',(0.707106781186547,-1.54729032735901E-13,0.707106781186548));
#4620=DIRECTION('',(-8.83306261000447E-16,1.,2.19703202848982E-13));
#4621=DIRECTION('center_axis',(8.83306261000433E-16,-1.,-2.19703202848982E-13));
#4622=DIRECTION('ref_axis',(-0.707106781186547,-1.55978216429937E-13,0.707106781186548));
#4623=DIRECTION('',(8.83306261000447E-16,-1.,-2.19703202848982E-13));
#4624=DIRECTION('center_axis',(-8.83306261000433E-16,1.,2.19703202848982E-13));
#4625=DIRECTION('ref_axis',(1.,8.83306261000433E-16,-1.051641839241E-20));
#4626=DIRECTION('center_axis',(-8.83306261000433E-16,1.,2.19703202848982E-13));
#4627=DIRECTION('ref_axis',(1.,8.83306261000433E-16,-1.051641839241E-20));
#4628=DIRECTION('',(-8.83306261000433E-16,1.,2.19703202848982E-13));
#4629=DIRECTION('center_axis',(8.83306261000433E-16,-1.,-2.19703202848982E-13));
#4630=DIRECTION('ref_axis',(1.,8.83306261000433E-16,-1.051641839241E-20));
#4631=DIRECTION('center_axis',(-8.83306261000433E-16,1.,2.19703202848982E-13));
#4632=DIRECTION('ref_axis',(1.,8.83306261000433E-16,-1.051641839241E-20));
#4633=DIRECTION('center_axis',(-8.83306261000433E-16,1.,2.19703202848982E-13));
#4634=DIRECTION('ref_axis',(1.,8.83306261000433E-16,-1.051641839241E-20));
#4635=DIRECTION('',(-8.83306261000433E-16,1.,2.19703202848982E-13));
#4636=DIRECTION('center_axis',(8.83306261000433E-16,-1.,-2.19703202848982E-13));
#4637=DIRECTION('ref_axis',(1.,8.83306261000433E-16,-1.051641839241E-20));
#4638=DIRECTION('center_axis',(2.08156307316075E-16,2.19703202848982E-13,
-1.));
#4639=DIRECTION('ref_axis',(-1.,9.76317305246739E-16,-2.08156307315861E-16));
#4640=DIRECTION('center_axis',(2.15370195760265E-16,2.19703202848982E-13,
-1.));
#4641=DIRECTION('ref_axis',(-1.,9.76317305246741E-16,-2.1537019576005E-16));
#4642=DIRECTION('',(-2.08156307316075E-16,-2.19703202848982E-13,1.));
#4643=DIRECTION('center_axis',(-2.15370195760265E-16,-2.19703202848982E-13,
1.));
#4644=DIRECTION('ref_axis',(-1.,9.76317305246741E-16,-2.1537019576005E-16));
#4645=DIRECTION('center_axis',(3.70063829534762E-16,2.19703202848982E-13,
-1.));
#4646=DIRECTION('ref_axis',(-1.,9.80166222959107E-16,-3.70063829534547E-16));
#4647=DIRECTION('center_axis',(2.15370195760265E-16,2.19703202848982E-13,
-1.));
#4648=DIRECTION('ref_axis',(-1.,9.8016622295906E-16,-2.1537019576005E-16));
#4649=DIRECTION('',(-3.70063829534762E-16,-2.19703202848982E-13,1.));
#4650=DIRECTION('center_axis',(1.05098011415748E-20,-2.19703202848982E-13,
1.));
#4651=DIRECTION('ref_axis',(-1.,9.80166222959026E-16,1.05098013569205E-20));
#4652=DIRECTION('center_axis',(2.15370195760265E-16,2.19703202848982E-13,
-1.));
#4653=DIRECTION('ref_axis',(8.83306261000414E-16,-1.,-2.19703202848982E-13));
#4654=DIRECTION('center_axis',(2.15370195760265E-16,2.19703202848982E-13,
-1.));
#4655=DIRECTION('ref_axis',(8.83306261000414E-16,-1.,-2.19703202848982E-13));
#4656=DIRECTION('center_axis',(1.05098011415748E-20,-2.19703202848982E-13,
1.));
#4657=DIRECTION('ref_axis',(1.,8.83306261000446E-16,-1.05098009475096E-20));
#4658=DIRECTION('',(1.,8.83306261000431E-16,-1.04994777334649E-20));
#4659=DIRECTION('',(-8.83306261000447E-16,1.,2.19703202848982E-13));
#4660=DIRECTION('',(-1.,-8.83306261000431E-16,1.04994777334649E-20));
#4661=DIRECTION('',(-8.83306261000447E-16,1.,2.19703202848982E-13));
#4662=DIRECTION('center_axis',(-0.866025403784438,-1.10616567085839E-13,
0.5));
#4663=DIRECTION('ref_axis',(-8.83306261000225E-16,1.,2.19703202848982E-13));
#4664=DIRECTION('',(0.5,-1.89826901829524E-13,0.866025403784438));
#4665=DIRECTION('',(8.83306261000447E-16,-1.,-2.19703202848982E-13));
#4666=DIRECTION('',(-0.5,1.89826901829524E-13,-0.866025403784438));
#4667=DIRECTION('center_axis',(0.866025403784439,-1.09086635763143E-13,
0.5));
#4668=DIRECTION('ref_axis',(8.83306261000225E-16,-1.,-2.19703202848982E-13));
#4669=DIRECTION('',(0.5,1.90710208090524E-13,-0.866025403784439));
#4670=DIRECTION('',(-0.5,-1.90710208090524E-13,0.866025403784439));
#4671=DIRECTION('',(-8.83306261000447E-16,1.,2.19703202848982E-13));
#4672=DIRECTION('center_axis',(1.,8.83306261000446E-16,-1.05098009475096E-20));
#4673=DIRECTION('ref_axis',(-8.83306261000446E-16,1.,2.19703202848982E-13));
#4674=DIRECTION('',(1.04994779275302E-20,-2.19703202848982E-13,1.));
#4675=DIRECTION('',(8.83306261000447E-16,-1.,-2.19703202848982E-13));
#4676=DIRECTION('',(1.04994779275302E-20,-2.19703202848982E-13,1.));
#4677=DIRECTION('center_axis',(-8.83306261000433E-16,1.,2.19703202848982E-13));
#4678=DIRECTION('ref_axis',(1.,8.83306261000433E-16,-1.05081465862845E-20));
#4679=DIRECTION('',(1.,8.83306261000431E-16,-1.04994777334649E-20));
#4680=DIRECTION('',(-0.5,-1.90710208090524E-13,0.866025403784439));
#4681=DIRECTION('',(-1.,-8.833062610004E-16,-2.15370200789717E-16));
#4682=DIRECTION('',(-0.5,1.89826901829524E-13,-0.866025403784439));
#4683=DIRECTION('',(1.,8.83306261000431E-16,-1.04994777334649E-20));
#4684=DIRECTION('',(1.04994779275302E-20,-2.19703202848982E-13,1.));
#4685=DIRECTION('',(1.,8.83306261000422E-16,4.33575874216867E-17));
#4686=DIRECTION('',(1.11021252514723E-15,2.19703202848982E-13,-1.));
#4687=DIRECTION('',(1.,8.83306261000309E-16,5.55101012834845E-16));
#4688=DIRECTION('',(1.04994779275302E-20,-2.19703202848982E-13,1.));
#4689=DIRECTION('',(1.,8.83306261000422E-16,4.33575874216867E-17));
#4690=DIRECTION('',(1.,8.83306261000401E-16,2.0920036197994E-16));
#4691=DIRECTION('',(-0.999999962961527,-8.23509431739602E-16,-0.000272170800284675));
#4692=DIRECTION('center_axis',(1.,8.83306261000446E-16,-1.05098009475096E-20));
#4693=DIRECTION('ref_axis',(-8.83306261000446E-16,1.,2.19703202848982E-13));
#4694=DIRECTION('',(8.83306261000447E-16,-1.,-2.19703202848982E-13));
#4695=DIRECTION('',(-1.04994779275302E-20,2.19703202848982E-13,-1.));
#4696=DIRECTION('',(8.83306261000447E-16,-1.,-2.19703202848982E-13));
#4697=DIRECTION('',(-1.04994779275302E-20,2.19703202848982E-13,-1.));
#4698=DIRECTION('center_axis',(-8.83306261000433E-16,1.,2.19703202848982E-13));
#4699=DIRECTION('ref_axis',(1.,8.83306261000433E-16,-1.05081465862845E-20));
#4700=DIRECTION('',(1.,8.83306261000431E-16,-1.04994777334649E-20));
#4701=DIRECTION('',(-1.04994779275302E-20,2.19703202848982E-13,-1.));
#4702=DIRECTION('',(1.,8.83306261000431E-16,-1.04994777334649E-20));
#4703=DIRECTION('center_axis',(-1.,-8.83306261000446E-16,1.05098009475096E-20));
#4704=DIRECTION('ref_axis',(1.05098011415748E-20,-2.19703202848982E-13,
1.));
#4705=DIRECTION('',(-8.83306261000447E-16,1.,2.19703202848982E-13));
#4706=DIRECTION('',(-1.04994779275302E-20,2.19703202848982E-13,-1.));
#4707=DIRECTION('',(-8.83306261000447E-16,1.,2.19703202848982E-13));
#4708=DIRECTION('center_axis',(8.83306261000433E-16,-1.,-2.19703202848982E-13));
#4709=DIRECTION('ref_axis',(-1.05081467803497E-20,2.19703202848982E-13,
-1.));
#4710=DIRECTION('',(-1.,-8.83306261000431E-16,1.04994777334649E-20));
#4711=DIRECTION('',(-1.,-8.83306261000431E-16,1.04994777334649E-20));
#4712=DIRECTION('center_axis',(-1.05098011415748E-20,2.19703202848982E-13,
-1.));
#4713=DIRECTION('ref_axis',(8.83306261000414E-16,-1.,-2.19703202848982E-13));
#4714=DIRECTION('center_axis',(-8.83306261000433E-16,1.,2.19703202848982E-13));
#4715=DIRECTION('ref_axis',(1.,8.83306261000433E-16,-1.05081465862845E-20));
#4716=DIRECTION('',(1.04994779275302E-20,-2.19703202848982E-13,1.));
#4717=DIRECTION('',(1.,8.83306261000431E-16,-1.04994777334649E-20));
#4718=DIRECTION('',(1.04994779275302E-20,-2.19703202848982E-13,1.));
#4719=DIRECTION('center_axis',(1.,8.83306261000446E-16,-1.05098009475096E-20));
#4720=DIRECTION('ref_axis',(-8.83306261000446E-16,1.,2.19703202848982E-13));
#4721=DIRECTION('',(1.04994779275302E-20,-2.19703202848982E-13,1.));
#4722=DIRECTION('',(8.83306261000447E-16,-1.,-2.19703202848982E-13));
#4723=DIRECTION('center_axis',(8.83306261000433E-16,-1.,-2.19703202848982E-13));
#4724=DIRECTION('ref_axis',(-1.05081467803497E-20,2.19703202848982E-13,
-1.));
#4725=DIRECTION('',(1.04994779275302E-20,-2.19703202848982E-13,1.));
#4726=DIRECTION('',(-1.,-8.83306261000431E-16,1.04994777334649E-20));
#4727=DIRECTION('center_axis',(-1.,-8.83306261000446E-16,1.05098009475096E-20));
#4728=DIRECTION('ref_axis',(1.05098011415748E-20,-2.19703202848982E-13,
1.));
#4729=DIRECTION('',(-8.83306261000447E-16,1.,2.19703202848982E-13));
#4730=DIRECTION('center_axis',(1.05098011415748E-20,-2.19703202848982E-13,
1.));
#4731=DIRECTION('ref_axis',(1.,1.09251712213306E-15,-1.05098009015453E-20));
#4732=DIRECTION('',(-1.,-8.83306261000401E-16,-2.0920036197994E-16));
#4733=DIRECTION('center_axis',(0.000272170800284675,2.19703435121683E-13,
-0.999999962961527));
#4734=DIRECTION('ref_axis',(8.83306261000414E-16,-1.,-2.19703202848982E-13));
#4735=DIRECTION('',(-0.999999962961527,-8.23509431739602E-16,-0.000272170800284675));
#4736=DIRECTION('center_axis',(0.866025403784439,-1.09086635763143E-13,
0.5));
#4737=DIRECTION('ref_axis',(8.83306261000225E-16,-1.,-2.19703202848982E-13));
#4738=DIRECTION('',(-8.83306261000447E-16,1.,2.19703202848982E-13));
#4739=DIRECTION('',(0.5,1.90710208090524E-13,-0.866025403784439));
#4740=DIRECTION('',(8.83306261000447E-16,-1.,-2.19703202848982E-13));
#4741=DIRECTION('center_axis',(-0.866025403784439,-1.10616567085839E-13,
0.5));
#4742=DIRECTION('ref_axis',(-8.83306261000237E-16,1.,2.19703202848982E-13));
#4743=DIRECTION('',(8.83306261000447E-16,-1.,-2.19703202848982E-13));
#4744=DIRECTION('',(0.5,-1.89826901829524E-13,0.866025403784439));
#4745=DIRECTION('',(8.83306261000447E-16,-1.,-2.19703202848982E-13));
#4746=DIRECTION('center_axis',(1.05098011415748E-20,-2.19703202848982E-13,
1.));
#4747=DIRECTION('ref_axis',(1.,1.09868696378988E-15,-1.05098009001898E-20));
#4748=DIRECTION('',(1.,8.833062610004E-16,2.15370200789717E-16));
#4749=DIRECTION('center_axis',(1.05098011415748E-20,-2.19703202848982E-13,
1.));
#4750=DIRECTION('ref_axis',(1.,8.83306261000446E-16,-1.05098009475096E-20));
#4751=DIRECTION('',(-1.,-8.83306261000431E-16,1.04994777334649E-20));
#4752=DIRECTION('center_axis',(1.05098011415748E-20,-2.19703202848982E-13,
1.));
#4753=DIRECTION('ref_axis',(1.,8.83306261000446E-16,-1.05098009475096E-20));
#4754=DIRECTION('',(-1.,-8.83306261000431E-16,1.04994777334649E-20));
#4755=DIRECTION('center_axis',(8.83306261000433E-16,-1.,-2.19703202848982E-13));
#4756=DIRECTION('ref_axis',(-1.05081467803497E-20,2.19703202848982E-13,
-1.));
#4757=DIRECTION('',(-1.,-8.83306261000409E-16,-1.76215374354552E-16));
#4758=DIRECTION('',(6.93784395611447E-17,2.19703202848982E-13,-1.));
#4759=DIRECTION('',(-1.,-8.83306261000295E-16,-6.93878890912989E-16));
#4760=DIRECTION('',(-1.1796014641863E-15,-2.19703202848982E-13,1.));
#4761=DIRECTION('',(-1.,-8.83306261000409E-16,-1.76215374354552E-16));
#4762=DIRECTION('',(1.04994779275302E-20,-2.19703202848982E-13,1.));
#4763=DIRECTION('center_axis',(-1.,-8.83306261000187E-16,-1.17960145386328E-15));
#4764=DIRECTION('ref_axis',(-1.17960145386309E-15,-2.19703202848982E-13,
1.));
#4765=DIRECTION('',(-8.83306261000447E-16,1.,2.19703202848982E-13));
#4766=DIRECTION('',(-1.1796014641863E-15,-2.19703202848982E-13,1.));
#4767=DIRECTION('',(-8.83306261000447E-16,1.,2.19703202848982E-13));
#4768=DIRECTION('center_axis',(6.93878880589581E-16,2.19703202848982E-13,
-1.));
#4769=DIRECTION('ref_axis',(8.83306261000414E-16,-1.,-2.19703202848982E-13));
#4770=DIRECTION('',(-8.83306261000447E-16,1.,2.19703202848982E-13));
#4771=DIRECTION('',(-1.,-8.83306261000295E-16,-6.93878890912989E-16));
#4772=DIRECTION('center_axis',(1.,8.83306261000446E-16,-1.05098009475096E-20));
#4773=DIRECTION('ref_axis',(1.05098011416361E-20,-2.19772591788021E-13,
1.));
#4774=DIRECTION('',(8.83306261000447E-16,-1.,-2.19703202848982E-13));
#4775=DIRECTION('',(6.93784395611447E-17,2.19703202848982E-13,-1.));
#4776=DIRECTION('center_axis',(1.76215369854495E-16,2.19703202848982E-13,
-1.));
#4777=DIRECTION('ref_axis',(8.83306261000414E-16,-1.,-2.19703202848982E-13));
#4778=DIRECTION('',(8.83306261000447E-16,-1.,-2.19703202848982E-13));
#4779=DIRECTION('',(1.,8.83306261000422E-16,4.33575874216867E-17));
#4780=DIRECTION('',(8.83306261000447E-16,-1.,-2.19703202848982E-13));
#4781=DIRECTION('',(-1.,-8.83306261000409E-16,-1.76215374354552E-16));
#4782=DIRECTION('center_axis',(1.76215369854495E-16,2.19703202848982E-13,
-1.));
#4783=DIRECTION('ref_axis',(8.83306261000414E-16,-1.,-2.19703202848982E-13));
#4784=DIRECTION('',(-1.,-8.83306261000409E-16,-1.76215374354552E-16));
#4785=DIRECTION('',(-8.83306261000447E-16,1.,2.19703202848982E-13));
#4786=DIRECTION('',(1.,8.83306261000422E-16,4.33575874216867E-17));
#4787=DIRECTION('',(-8.83306261000447E-16,1.,2.19703202848982E-13));
#4788=DIRECTION('',(-8.83306261000447E-16,1.,2.19703202848982E-13));
#4789=DIRECTION('center_axis',(1.,8.83306261000446E-16,-1.05098009475096E-20));
#4790=DIRECTION('ref_axis',(-8.83306261000446E-16,1.,2.19703202848982E-13));
#4791=DIRECTION('',(8.83306261000447E-16,-1.,-2.19703202848982E-13));
#4792=DIRECTION('',(1.04994779275302E-20,-2.19703202848982E-13,1.));
#4793=DIRECTION('center_axis',(5.55101002511437E-16,2.19703202848982E-13,
-1.));
#4794=DIRECTION('ref_axis',(8.83306261000414E-16,-1.,-2.19703202848982E-13));
#4795=DIRECTION('',(8.83306261000447E-16,-1.,-2.19703202848982E-13));
#4796=DIRECTION('',(1.,8.83306261000309E-16,5.55101012834845E-16));
#4797=DIRECTION('center_axis',(-1.,-8.83306261000202E-16,-1.11021251482421E-15));
#4798=DIRECTION('ref_axis',(-1.11021251482402E-15,-2.19703202848982E-13,
1.));
#4799=DIRECTION('',(1.11021252514723E-15,2.19703202848982E-13,-1.));
#4800=DIRECTION('center_axis',(1.,8.83306261000446E-16,-1.05098009475096E-20));
#4801=DIRECTION('ref_axis',(-8.83306261000446E-16,1.,2.19703202848982E-13));
#4802=DIRECTION('',(1.04994779275302E-20,-2.19703202848982E-13,1.));
#4803=DIRECTION('',(-1.04994779275302E-20,2.19703202848982E-13,-1.));
#4804=DIRECTION('',(8.83306261000447E-16,-1.,-2.19703202848982E-13));
#4805=DIRECTION('center_axis',(-1.,-8.83306261000446E-16,1.05098009475096E-20));
#4806=DIRECTION('ref_axis',(1.05098011415748E-20,-2.19703202848982E-13,
1.));
#4807=DIRECTION('center_axis',(8.83306261000433E-16,-1.,-2.19703202848982E-13));
#4808=DIRECTION('ref_axis',(-1.05081467803497E-20,2.19703202848982E-13,
-1.));
#4809=DIRECTION('',(-1.,-8.83306261000431E-16,1.04994777334649E-20));
#4810=DIRECTION('',(-1.04994779275302E-20,2.19703202848982E-13,-1.));
#4811=DIRECTION('center_axis',(-1.,-8.83306261000446E-16,1.05098009475096E-20));
#4812=DIRECTION('ref_axis',(1.05098011415748E-20,-2.19703202848982E-13,
1.));
#4813=DIRECTION('',(1.04994779275302E-20,-2.19703202848982E-13,1.));
#4814=DIRECTION('',(-8.83306261000447E-16,1.,2.19703202848982E-13));
#4815=DIRECTION('center_axis',(-8.83306261000433E-16,1.,2.19703202848982E-13));
#4816=DIRECTION('ref_axis',(1.,8.83306261000433E-16,-1.05081465862845E-20));
#4817=DIRECTION('',(1.,8.83306261000431E-16,-1.04994777334649E-20));
#4818=DIRECTION('center_axis',(1.05098011415748E-20,-2.19703202848982E-13,
1.));
#4819=DIRECTION('ref_axis',(1.,8.83306261000446E-16,-1.05098009475096E-20));
#4820=DIRECTION('center_axis',(1.85026669792978E-16,2.19703201779611E-13,
-1.));
#4821=DIRECTION('ref_axis',(-1.,9.76317303250732E-16,-1.85026669792764E-16));
#4822=DIRECTION('center_axis',(2.15370202377709E-16,2.19703201779611E-13,
-1.));
#4823=DIRECTION('ref_axis',(-1.,9.76317303250739E-16,-2.15370202377495E-16));
#4824=DIRECTION('',(-1.85026669792978E-16,-2.19703201779611E-13,1.));
#4825=DIRECTION('center_axis',(2.15370202377709E-16,2.19703201779611E-13,
-1.));
#4826=DIRECTION('ref_axis',(8.83306262996374E-16,-1.,-2.19703201779611E-13));
#4827=DIRECTION('axis',(0.,0.,1.));
#4828=DIRECTION('refdir',(1.,0.,0.));
#4829=DIRECTION('center_axis',(4.00955606570161E-16,-9.46633086265214E-30,
1.));
#4830=DIRECTION('ref_axis',(-1.,-3.79557843302853E-45,4.00955606570161E-16));
#4831=DIRECTION('center_axis',(-4.00955606570161E-16,9.46633086265214E-30,
-1.));
#4832=DIRECTION('ref_axis',(-1.,-3.79557843302852E-45,4.00955606570161E-16));
#4833=DIRECTION('',(-0.707106781186542,-8.65956056235419E-17,-0.707106781186553));
#4834=DIRECTION('center_axis',(4.00955606570161E-16,-9.46633086265214E-30,
1.));
#4835=DIRECTION('ref_axis',(-1.,-3.79557843302853E-45,4.00955606570161E-16));
#4836=DIRECTION('center_axis',(-4.00955606570161E-16,9.46633086265214E-30,
-1.));
#4837=DIRECTION('ref_axis',(1.,4.38172358791595E-30,-4.00955606570161E-16));
#4838=DIRECTION('center_axis',(0.,0.,1.));
#4839=DIRECTION('ref_axis',(-1.,0.,0.));
#4840=DIRECTION('center_axis',(-4.37095678986282E-16,0.,-1.));
#4841=DIRECTION('ref_axis',(-1.,0.,4.37095678986282E-16));
#4842=DIRECTION('',(0.,0.,-1.));
#4843=DIRECTION('center_axis',(4.37095678986282E-16,0.,1.));
#4844=DIRECTION('ref_axis',(0.,-1.,0.));
#4845=DIRECTION('center_axis',(4.37095678986282E-16,0.,1.));
#4846=DIRECTION('ref_axis',(0.,-1.,0.));
#4847=DIRECTION('center_axis',(4.37095678986282E-16,0.,1.));
#4848=DIRECTION('ref_axis',(0.,-1.,0.));
#4849=DIRECTION('center_axis',(4.37095678986282E-16,0.,1.));
#4850=DIRECTION('ref_axis',(0.,-1.,0.));
#4851=DIRECTION('',(-4.37095678986282E-16,0.,-1.));
#4852=DIRECTION('center_axis',(4.37095678986282E-16,0.,1.));
#4853=DIRECTION('ref_axis',(0.,-1.,0.));
#4854=DIRECTION('center_axis',(6.86049799777153E-15,-1.,0.));
#4855=DIRECTION('ref_axis',(-1.,-6.9217303377289E-15,4.95927817062584E-16));
#4856=DIRECTION('center_axis',(4.37095678986282E-16,0.,1.));
#4857=DIRECTION('ref_axis',(0.,-1.,0.));
#4858=DIRECTION('center_axis',(-4.37095678986282E-16,0.,-1.));
#4859=DIRECTION('ref_axis',(0.,1.,0.));
#4860=DIRECTION('center_axis',(4.37095678986282E-16,0.,1.));
#4861=DIRECTION('ref_axis',(0.,-1.,0.));
#4862=DIRECTION('center_axis',(4.37095678986282E-16,0.,1.));
#4863=DIRECTION('ref_axis',(0.,-1.,0.));
#4864=DIRECTION('center_axis',(4.37095678986282E-16,0.,1.));
#4865=DIRECTION('ref_axis',(0.,-1.,0.));
#4866=DIRECTION('center_axis',(4.37095678986282E-16,0.,1.));
#4867=DIRECTION('ref_axis',(0.,-1.,0.));
#4868=DIRECTION('center_axis',(4.37095678986282E-16,0.,1.));
#4869=DIRECTION('ref_axis',(0.,-1.,0.));
#4870=DIRECTION('center_axis',(4.37095678986282E-16,0.,1.));
#4871=DIRECTION('ref_axis',(0.,-1.,0.));
#4872=DIRECTION('center_axis',(4.37095678986282E-16,0.,1.));
#4873=DIRECTION('ref_axis',(0.,-1.,0.));
#4874=DIRECTION('center_axis',(4.37095678986282E-16,0.,1.));
#4875=DIRECTION('ref_axis',(0.,-1.,0.));
#4876=DIRECTION('center_axis',(4.37095678986282E-16,0.,1.));
#4877=DIRECTION('ref_axis',(1.22464679914735E-16,1.,-5.35287824191688E-32));
#4878=DIRECTION('center_axis',(4.37095678986282E-16,0.,1.));
#4879=DIRECTION('ref_axis',(0.,-1.,0.));
#4880=DIRECTION('center_axis',(4.37095678986282E-16,0.,1.));
#4881=DIRECTION('ref_axis',(0.,-1.,0.));
#4882=DIRECTION('center_axis',(4.37095678986282E-16,0.,1.));
#4883=DIRECTION('ref_axis',(0.,-1.,0.));
#4884=DIRECTION('',(0.5,-0.866025403784438,-2.18547839493141E-16));
#4885=DIRECTION('',(1.,0.,-4.37095678986282E-16));
#4886=DIRECTION('',(0.5,0.866025403784439,-2.18547839493141E-16));
#4887=DIRECTION('',(-0.5,0.866025403784438,2.18547839493141E-16));
#4888=DIRECTION('',(-1.,0.,4.37095678986282E-16));
#4889=DIRECTION('',(-0.5,-0.866025403784439,2.18547839493141E-16));
#4890=DIRECTION('center_axis',(0.,-1.,0.));
#4891=DIRECTION('ref_axis',(-4.37095678986282E-16,0.,-1.));
#4892=DIRECTION('',(4.37095678986282E-16,0.,1.));
#4893=DIRECTION('',(4.37095678986282E-16,0.,1.));
#4894=DIRECTION('center_axis',(0.866025403784439,-0.5,-3.78535961886528E-16));
#4895=DIRECTION('ref_axis',(0.5,0.866025403784439,-2.18547839493141E-16));
#4896=DIRECTION('',(4.37095678986282E-16,0.,1.));
#4897=DIRECTION('center_axis',(0.866025403784439,0.5,-3.78535961886528E-16));
#4898=DIRECTION('ref_axis',(-0.5,0.866025403784439,2.18547839493141E-16));
#4899=DIRECTION('',(4.37095678986282E-16,0.,1.));
#4900=DIRECTION('center_axis',(0.,1.,0.));
#4901=DIRECTION('ref_axis',(4.37095678986282E-16,0.,1.));
#4902=DIRECTION('',(4.37095678986282E-16,0.,1.));
#4903=DIRECTION('center_axis',(-0.866025403784439,0.5,3.78535961886528E-16));
#4904=DIRECTION('ref_axis',(-0.5,-0.866025403784439,2.18547839493141E-16));
#4905=DIRECTION('',(4.37095678986282E-16,0.,1.));
#4906=DIRECTION('center_axis',(-0.866025403784438,-0.5,3.78535961886528E-16));
#4907=DIRECTION('ref_axis',(0.5,-0.866025403784438,-2.18547839493141E-16));
#4908=DIRECTION('axis',(0.,0.,1.));
#4909=DIRECTION('refdir',(1.,0.,0.));
#4910=DIRECTION('center_axis',(0.,0.,-1.));
#4911=DIRECTION('ref_axis',(0.864620915183226,0.502424793404665,0.));
#4912=DIRECTION('',(0.,0.,1.));
#4913=DIRECTION('center_axis',(0.,0.,-1.));
#4914=DIRECTION('ref_axis',(0.864620915183226,0.502424793404665,0.));
#4915=DIRECTION('',(0.,0.,1.));
#4916=DIRECTION('center_axis',(0.,0.,1.));
#4917=DIRECTION('ref_axis',(0.864620915183226,0.502424793404665,0.));
#4918=DIRECTION('',(0.,0.,1.));
#4919=DIRECTION('center_axis',(1.,0.,0.));
#4920=DIRECTION('ref_axis',(0.,-4.65527347732759E-14,1.));
#4921=DIRECTION('center_axis',(1.,0.,0.));
#4922=DIRECTION('ref_axis',(0.,-4.65527347732759E-14,1.));
#4923=DIRECTION('',(1.,0.,0.));
#4924=DIRECTION('center_axis',(-1.,0.,0.));
#4925=DIRECTION('ref_axis',(0.,-4.65527347732759E-14,1.));
#4926=DIRECTION('center_axis',(-1.,0.,0.));
#4927=DIRECTION('ref_axis',(0.,-4.65527347732759E-14,1.));
#4928=DIRECTION('center_axis',(0.,0.,-1.));
#4929=DIRECTION('ref_axis',(0.436880381949532,-0.899519611719295,0.));
#4930=DIRECTION('',(0.,0.,-1.));
#4931=DIRECTION('center_axis',(0.,0.,1.));
#4932=DIRECTION('ref_axis',(0.436880381949532,-0.899519611719295,0.));
#4933=DIRECTION('',(0.,0.,1.));
#4934=DIRECTION('center_axis',(0.,0.,-1.));
#4935=DIRECTION('ref_axis',(0.436880381949532,-0.899519611719295,0.));
#4936=DIRECTION('',(0.,0.,1.));
#4937=DIRECTION('center_axis',(0.,0.,1.));
#4938=DIRECTION('ref_axis',(0.,1.,0.));
#4939=DIRECTION('',(-3.08395284618099E-16,-1.,0.));
#4940=DIRECTION('center_axis',(0.,0.,1.));
#4941=DIRECTION('ref_axis',(-1.,0.,0.));
#4942=DIRECTION('',(0.,1.,0.));
#4943=DIRECTION('center_axis',(0.,0.,1.));
#4944=DIRECTION('ref_axis',(0.436880381949532,0.899519611719295,0.));
#4945=DIRECTION('',(3.08395284618099E-16,-1.,0.));
#4946=DIRECTION('center_axis',(0.,0.,-1.));
#4947=DIRECTION('ref_axis',(-5.55111512312579E-16,-1.,0.));
#4948=DIRECTION('',(-1.,0.,0.));
#4949=DIRECTION('center_axis',(0.,0.,1.));
#4950=DIRECTION('ref_axis',(-5.55111512312578E-16,1.,0.));
#4951=DIRECTION('',(0.,-1.,0.));
#4952=DIRECTION('center_axis',(0.,0.,1.));
#4953=DIRECTION('ref_axis',(-1.,-1.11022302462516E-15,0.));
#4954=DIRECTION('',(1.,0.,0.));
#4955=DIRECTION('center_axis',(0.,0.,-1.));
#4956=DIRECTION('ref_axis',(1.,0.,0.));
#4957=DIRECTION('center_axis',(1.,0.,0.));
#4958=DIRECTION('ref_axis',(0.,-4.65527347732759E-14,1.));
#4959=DIRECTION('',(0.707106781186548,3.30043500465857E-14,-0.707106781186547));
#4960=DIRECTION('center_axis',(1.,0.,0.));
#4961=DIRECTION('ref_axis',(0.,4.65527347732759E-14,-1.));
#4962=DIRECTION('center_axis',(1.,0.,0.));
#4963=DIRECTION('ref_axis',(0.,-4.65527347732759E-14,1.));
#4964=DIRECTION('center_axis',(1.,0.,0.));
#4965=DIRECTION('ref_axis',(0.,4.65527347732759E-14,-1.));
#4966=DIRECTION('center_axis',(1.,0.,0.));
#4967=DIRECTION('ref_axis',(0.,-1.,0.));
#4968=DIRECTION('',(0.,-1.,0.));
#4969=DIRECTION('center_axis',(-1.,0.,0.));
#4970=DIRECTION('ref_axis',(0.,-4.65527347732759E-14,1.));
#4971=DIRECTION('',(-0.707106781186548,3.28311588353386E-14,-0.707106781186547));
#4972=DIRECTION('center_axis',(-1.,0.,0.));
#4973=DIRECTION('ref_axis',(0.,-4.65527347732759E-14,1.));
#4974=DIRECTION('center_axis',(-1.,0.,0.));
#4975=DIRECTION('ref_axis',(0.,1.,0.));
#4976=DIRECTION('',(0.,0.,1.));
#4977=DIRECTION('',(0.,1.,0.));
#4978=DIRECTION('',(0.,0.,1.));
#4979=DIRECTION('center_axis',(1.,0.,0.));
#4980=DIRECTION('ref_axis',(0.,-1.,0.));
#4981=DIRECTION('center_axis',(0.,0.,-1.));
#4982=DIRECTION('ref_axis',(-1.,0.,0.));
#4983=DIRECTION('',(0.,0.,1.));
#4984=DIRECTION('center_axis',(0.,0.,-1.));
#4985=DIRECTION('ref_axis',(-1.,0.,0.));
#4986=DIRECTION('center_axis',(0.,0.,-1.));
#4987=DIRECTION('ref_axis',(0.436880381949532,0.899519611719295,0.));
#4988=DIRECTION('center_axis',(0.,0.,-1.));
#4989=DIRECTION('ref_axis',(0.436880381949532,0.899519611719295,0.));
#4990=DIRECTION('',(0.,0.,1.));
#4991=DIRECTION('center_axis',(-1.,-3.08395284618099E-16,0.));
#4992=DIRECTION('ref_axis',(-3.08395284618099E-16,1.,0.));
#4993=DIRECTION('',(-3.08395284618099E-16,1.,0.));
#4994=DIRECTION('',(0.,0.,1.));
#4995=DIRECTION('center_axis',(0.,0.,-1.));
#4996=DIRECTION('ref_axis',(-5.55111512312579E-16,-1.,0.));
#4997=DIRECTION('center_axis',(0.,0.,1.));
#4998=DIRECTION('ref_axis',(-5.55111512312579E-16,-1.,0.));
#4999=DIRECTION('',(0.,0.,1.));
#5000=DIRECTION('center_axis',(0.,1.,0.));
#5001=DIRECTION('ref_axis',(1.,0.,0.));
#5002=DIRECTION('',(1.,0.,0.));
#5003=DIRECTION('',(0.,0.,1.));
#5004=DIRECTION('center_axis',(0.,0.,-1.));
#5005=DIRECTION('ref_axis',(-5.55111512312578E-16,1.,0.));
#5006=DIRECTION('center_axis',(0.,0.,-1.));
#5007=DIRECTION('ref_axis',(-5.55111512312578E-16,1.,0.));
#5008=DIRECTION('center_axis',(0.,0.,-1.));
#5009=DIRECTION('ref_axis',(-1.,-1.11022302462516E-15,0.));
#5010=DIRECTION('center_axis',(0.,0.,-1.));
#5011=DIRECTION('ref_axis',(-1.,-1.11022302462516E-15,0.));
#5012=DIRECTION('',(0.,0.,1.));
#5013=DIRECTION('center_axis',(0.,-1.,0.));
#5014=DIRECTION('ref_axis',(-1.,0.,0.));
#5015=DIRECTION('',(-1.,0.,0.));
#5016=DIRECTION('',(0.,0.,1.));
#5017=DIRECTION('center_axis',(0.,0.,-1.));
#5018=DIRECTION('ref_axis',(1.,0.,0.));
#5019=DIRECTION('center_axis',(0.,0.,1.));
#5020=DIRECTION('ref_axis',(1.,0.,0.));
#5021=DIRECTION('',(0.,0.,-1.));
#5022=DIRECTION('center_axis',(-1.,3.08395284618099E-16,0.));
#5023=DIRECTION('ref_axis',(3.08395284618099E-16,1.,0.));
#5024=DIRECTION('',(3.08395284618099E-16,1.,0.));
#5025=DIRECTION('center_axis',(0.,0.,1.));
#5026=DIRECTION('ref_axis',(0.,1.,0.));
#5027=DIRECTION('axis',(0.,0.,1.));
#5028=DIRECTION('refdir',(1.,0.,0.));
#5029=DIRECTION('center_axis',(-8.64234047447827E-57,0.,1.));
#5030=DIRECTION('ref_axis',(0.,1.,0.));
#5031=DIRECTION('',(8.65956056235495E-17,-0.707106781186549,0.707106781186546));
#5032=DIRECTION('center_axis',(-8.64234047447827E-57,0.,1.));
#5033=DIRECTION('ref_axis',(0.,1.,0.));
#5034=DIRECTION('center_axis',(0.,0.,-1.));
#5035=DIRECTION('ref_axis',(-1.,0.,-1.02905444077576E-72));
#5036=DIRECTION('center_axis',(0.,0.,-1.));
#5037=DIRECTION('ref_axis',(-1.,0.,-1.02905444077576E-72));
#5038=DIRECTION('',(-0.707106781186545,8.65956056235491E-17,0.70710678118655));
#5039=DIRECTION('center_axis',(0.,0.,-1.));
#5040=DIRECTION('ref_axis',(-1.,0.,1.08842296620513E-72));
#5041=DIRECTION('center_axis',(0.,0.,-1.));
#5042=DIRECTION('ref_axis',(-1.,0.,-1.02905444077576E-72));
#5043=DIRECTION('center_axis',(0.,0.,-1.));
#5044=DIRECTION('ref_axis',(-1.,0.,-1.02905444077576E-72));
#5045=DIRECTION('center_axis',(0.,0.,-1.));
#5046=DIRECTION('ref_axis',(-1.,0.,-1.02905444077576E-72));
#5047=DIRECTION('',(0.,0.,1.));
#5048=DIRECTION('center_axis',(0.,0.,1.));
#5049=DIRECTION('ref_axis',(1.,0.,-1.08842296620513E-72));
#5050=DIRECTION('',(0.70710678118655,8.65956056235496E-17,-0.707106781186545));
#5051=DIRECTION('center_axis',(0.,0.,-1.));
#5052=DIRECTION('ref_axis',(-1.,0.,1.08842296620513E-72));
#5053=DIRECTION('center_axis',(0.,0.,-1.));
#5054=DIRECTION('ref_axis',(-1.,0.,0.));
#5055=DIRECTION('center_axis',(0.,0.,-1.));
#5056=DIRECTION('ref_axis',(-1.,0.,0.));
#5057=DIRECTION('center_axis',(1.22464679914735E-16,1.,0.));
#5058=DIRECTION('ref_axis',(1.,-1.22464679914735E-16,0.));
#5059=DIRECTION('center_axis',(0.,0.,-1.));
#5060=DIRECTION('ref_axis',(-1.,0.,0.));
#5061=DIRECTION('center_axis',(0.,0.,-1.));
#5062=DIRECTION('ref_axis',(-1.,0.,1.8865998080889E-72));
#5063=DIRECTION('center_axis',(0.,1.87917957896587E-32,-1.));
#5064=DIRECTION('ref_axis',(-1.,-1.62405097341098E-88,-1.8865998080889E-72));
#5065=DIRECTION('center_axis',(0.,1.87917957896587E-32,-1.));
#5066=DIRECTION('ref_axis',(-1.,-1.62405097341098E-88,-1.8865998080889E-72));
#5067=DIRECTION('',(0.,0.,1.));
#5068=DIRECTION('center_axis',(0.,-1.87917957896587E-32,1.));
#5069=DIRECTION('ref_axis',(1.,1.62405097341098E-88,-1.20396624169645E-72));
#5070=DIRECTION('',(0.707106781186546,8.65956056235492E-17,-0.707106781186549));
#5071=DIRECTION('center_axis',(0.,1.87917957896587E-32,-1.));
#5072=DIRECTION('ref_axis',(-1.,-1.62405097341098E-88,1.20396624169645E-72));
#5073=DIRECTION('center_axis',(0.,1.87917957896587E-32,-1.));
#5074=DIRECTION('ref_axis',(-1.,-1.62405097341098E-88,0.));
#5075=DIRECTION('center_axis',(0.,0.,-1.));
#5076=DIRECTION('ref_axis',(-1.,0.,0.));
#5077=DIRECTION('center_axis',(0.,0.,1.));
#5078=DIRECTION('ref_axis',(1.,0.,0.));
#5079=DIRECTION('center_axis',(0.,0.,-1.));
#5080=DIRECTION('ref_axis',(-1.,0.,0.));
#5081=DIRECTION('',(-0.5,0.866025403784438,-7.24454326306137E-73));
#5082=DIRECTION('',(-1.,0.,1.44890865261227E-72));
#5083=DIRECTION('',(-0.5,-0.866025403784439,0.));
#5084=DIRECTION('',(0.5,-0.866025403784438,1.44890865261227E-72));
#5085=DIRECTION('',(1.,0.,-1.44890865261227E-72));
#5086=DIRECTION('',(0.5,0.866025403784439,0.));
#5087=DIRECTION('center_axis',(0.866025403784438,0.5,7.48448639905264E-57));
#5088=DIRECTION('ref_axis',(-0.5,0.866025403784438,-4.32117023723914E-57));
#5089=DIRECTION('',(-8.64234047447827E-57,0.,1.));
#5090=DIRECTION('',(-8.64234047447827E-57,0.,1.));
#5091=DIRECTION('center_axis',(0.866025403784439,-0.5,7.48448639905264E-57));
#5092=DIRECTION('ref_axis',(0.5,0.866025403784439,4.32117023723913E-57));
#5093=DIRECTION('',(-8.64234047447827E-57,0.,1.));
#5094=DIRECTION('center_axis',(0.,-1.,0.));
#5095=DIRECTION('ref_axis',(-8.64234047447827E-57,0.,1.));
#5096=DIRECTION('',(-8.64234047447827E-57,0.,1.));
#5097=DIRECTION('center_axis',(-0.866025403784439,-0.5,-7.48448639905264E-57));
#5098=DIRECTION('ref_axis',(0.5,-0.866025403784439,4.32117023723914E-57));
#5099=DIRECTION('',(-8.64234047447827E-57,0.,1.));
#5100=DIRECTION('center_axis',(-0.866025403784439,0.5,-7.48448639905264E-57));
#5101=DIRECTION('ref_axis',(-0.5,-0.866025403784439,-4.32117023723913E-57));
#5102=DIRECTION('',(-8.64234047447827E-57,0.,1.));
#5103=DIRECTION('center_axis',(0.,1.,0.));
#5104=DIRECTION('ref_axis',(8.64234047447827E-57,0.,-1.));
#5105=DIRECTION('axis',(0.,0.,1.));
#5106=DIRECTION('refdir',(1.,0.,0.));
#5107=DIRECTION('center_axis',(-1.,-6.70759744044615E-17,3.44863027024249E-15));
#5108=DIRECTION('ref_axis',(2.96059473233375E-15,0.,1.));
#5109=DIRECTION('center_axis',(0.,-1.,0.));
#5110=DIRECTION('ref_axis',(1.,0.,-4.44089209850066E-15));
#5111=DIRECTION('center_axis',(1.,6.70759744044615E-17,-3.44863027024249E-15));
#5112=DIRECTION('ref_axis',(-2.42861286636754E-15,0.707106781186552,-0.707106781186543));
#5113=DIRECTION('center_axis',(-1.,-6.70759744044615E-17,3.44863027024249E-15));
#5114=DIRECTION('ref_axis',(-2.48597972624974E-15,0.707106781186552,-0.707106781186543));
#5115=DIRECTION('center_axis',(-6.70759744044768E-17,1.,-4.4200754167889E-15));
#5116=DIRECTION('ref_axis',(0.707106781186551,0.,0.707106781186544));
#5117=DIRECTION('center_axis',(0.,-1.,0.));
#5118=DIRECTION('ref_axis',(1.,0.,-4.4408920985006E-15));
#5119=DIRECTION('',(-6.70759744044768E-17,1.,-4.4200754167889E-15));
#5120=DIRECTION('',(6.70759744044768E-17,-1.,4.4200754167889E-15));
#5121=DIRECTION('center_axis',(-1.,-6.70759744044615E-17,3.44863027024249E-15));
#5122=DIRECTION('ref_axis',(2.96059473233375E-15,0.,1.));
#5123=DIRECTION('center_axis',(1.,6.70759744044615E-17,-3.44863027024249E-15));
#5124=DIRECTION('ref_axis',(-2.42861286636729E-15,-0.707106781186835,-0.70710678118626));
#5125=DIRECTION('center_axis',(-1.,-6.70759744044615E-17,3.44863027024249E-15));
#5126=DIRECTION('ref_axis',(-2.39111997353656E-15,-0.707106781186835,-0.70710678118626));
#5127=DIRECTION('center_axis',(1.,6.70759744044615E-17,-3.44863027024249E-15));
#5128=DIRECTION('ref_axis',(-6.70759744044769E-17,1.,-4.4200754167886E-15));
#5129=DIRECTION('',(3.44863027024249E-15,-1.59796560244424E-30,1.));
#5130=DIRECTION('center_axis',(-1.,-6.70759744044615E-17,3.44863027024249E-15));
#5131=DIRECTION('ref_axis',(2.39111997353757E-15,0.707106781186549,0.707106781186546));
#5132=DIRECTION('',(-6.7075974404461E-17,1.,1.4109084271261E-16));
#5133=DIRECTION('center_axis',(-1.,-6.70759744044615E-17,3.44863027024249E-15));
#5134=DIRECTION('ref_axis',(2.48597972625028E-15,-0.707106781186391,0.707106781186704));
#5135=DIRECTION('',(-3.44863027024245E-15,-6.13453753276264E-13,-1.));
#5136=DIRECTION('center_axis',(1.,4.43496582091169E-16,-3.44863027024249E-15));
#5137=DIRECTION('ref_axis',(0.,0.707106781186548,-0.707106781186548));
#5138=DIRECTION('',(-1.,-4.43496582091169E-16,3.44863027024249E-15));
#5139=DIRECTION('center_axis',(1.,-4.16333634234089E-17,-1.38777878078246E-16));
#5140=DIRECTION('ref_axis',(0.,0.707106781186548,-0.707106781186548));
#5141=DIRECTION('',(1.,4.43496582091169E-16,-3.44863027024249E-15));
#5142=DIRECTION('center_axis',(3.44863027024249E-15,4.4200754167889E-15,
1.));
#5143=DIRECTION('ref_axis',(-4.16333634234081E-17,-1.,4.4200754167889E-15));
#5144=DIRECTION('',(1.,-5.9900073021052E-14,-3.44863027024222E-15));
#5145=DIRECTION('',(-4.16333634234082E-17,-1.,4.4200754167889E-15));
#5146=DIRECTION('center_axis',(1.,-5.9900073021052E-14,-3.44863027024222E-15));
#5147=DIRECTION('ref_axis',(-4.71027737605284E-14,-0.70710678118676,-0.707106781186336));
#5148=DIRECTION('',(-1.,5.9900073021052E-14,3.44863027024222E-15));
#5149=DIRECTION('center_axis',(1.,-4.16333634234089E-17,-1.38777878078246E-16));
#5150=DIRECTION('ref_axis',(-4.71027737605284E-14,-0.70710678118676,-0.707106781186336));
#5151=DIRECTION('center_axis',(5.99000730210498E-14,1.,-6.13453753276264E-13));
#5152=DIRECTION('ref_axis',(-1.,5.99000730210499E-14,1.38777878060336E-16));
#5153=DIRECTION('',(1.,-5.99000730210498E-14,5.55111512311974E-17));
#5154=DIRECTION('',(-8.52801779376184E-31,6.13453753276264E-13,1.));
#5155=DIRECTION('',(-1.,5.99000730210498E-14,0.));
#5156=DIRECTION('',(0.577350269189625,4.66299568824169E-13,0.816496580927727));
#5157=DIRECTION('',(7.67289688507854E-28,-6.13453753276264E-13,-1.));
#5158=DIRECTION('',(1.,-5.9900073021052E-14,-3.44863027024222E-15));
#5159=DIRECTION('',(-1.07237451242192E-15,4.4200754167889E-15,1.));
#5160=DIRECTION('center_axis',(-4.43496582091169E-16,1.,3.12742134019293E-30));
#5161=DIRECTION('ref_axis',(-1.,-4.43496582091169E-16,2.13335259939174E-30));
#5162=DIRECTION('',(-1.38777878078246E-16,-4.66679164448338E-15,-1.));
#5163=DIRECTION('',(-1.,-4.43496582091169E-16,3.44863027024249E-15));
#5164=DIRECTION('',(-3.38578484223748E-31,-3.12742134019293E-30,1.));
#5165=DIRECTION('',(-0.577350269189627,-2.56052871055014E-16,-0.816496580927725));
#5166=DIRECTION('',(1.,4.43496582091169E-16,1.18534390292631E-30));
#5167=DIRECTION('',(8.5280177937691E-31,5.08556246289978E-30,-1.));
#5168=DIRECTION('',(-1.,-4.43496582091169E-16,-5.55111512312059E-17));
#5169=DIRECTION('center_axis',(1.,-4.16333634234089E-17,-1.38777878078246E-16));
#5170=DIRECTION('ref_axis',(-4.16333634234081E-17,-1.,4.4200754167889E-15));
#5171=DIRECTION('center_axis',(1.,-4.16333634234089E-17,-1.38777878078246E-16));
#5172=DIRECTION('ref_axis',(-4.18691322315546E-14,-0.707106781186326,0.707106781186769));
#5173=DIRECTION('',(4.16333634234081E-17,1.,-4.4200754167889E-15));
#5174=DIRECTION('center_axis',(1.,-4.16333634234089E-17,-1.38777878078246E-16));
#5175=DIRECTION('ref_axis',(0.,0.707106781186548,0.707106781186548));
#5176=DIRECTION('',(-1.38777878078246E-16,-4.4200754167889E-15,-1.));
#5177=DIRECTION('center_axis',(1.,-4.16333634234085E-17,-1.38777878078246E-16));
#5178=DIRECTION('ref_axis',(-4.16333634234077E-17,-1.,4.4200754167889E-15));
#5179=DIRECTION('',(1.38777878078246E-16,4.4200754167889E-15,1.));
#5180=DIRECTION('center_axis',(1.,-4.16333634234085E-17,-1.38777878078246E-16));
#5181=DIRECTION('ref_axis',(4.16333634234106E-17,1.,1.64782403408611E-14));
#5182=DIRECTION('',(-1.38777878078246E-16,-4.60511258755976E-15,-1.));
#5183=DIRECTION('center_axis',(1.,-4.16333634234089E-17,-1.38777878078246E-16));
#5184=DIRECTION('ref_axis',(-4.16333634234081E-17,-1.,4.4200754167889E-15));
#5185=DIRECTION('',(1.38777878078246E-16,4.4200754167889E-15,1.));
#5186=DIRECTION('center_axis',(1.,-4.16333634234089E-17,-1.38777878078246E-16));
#5187=DIRECTION('ref_axis',(4.16333634234081E-17,1.,-4.4200754167889E-15));
#5188=DIRECTION('center_axis',(1.,-7.88860905221012E-31,0.));
#5189=DIRECTION('ref_axis',(0.,-0.70710678118654,-0.707106781186555));
#5190=DIRECTION('center_axis',(0.707106781186547,-2.22132820962835E-30,
0.707106781186548));
#5191=DIRECTION('ref_axis',(0.707106781186548,0.,-0.707106781186547));
#5192=DIRECTION('',(1.,-7.88860905221012E-31,0.));
#5193=DIRECTION('center_axis',(1.,-2.368475785867E-15,8.20831342299841E-31));
#5194=DIRECTION('ref_axis',(0.,-0.70710678118654,-0.707106781186555));
#5195=DIRECTION('',(-1.,7.88860905221012E-31,0.));
#5196=DIRECTION('center_axis',(-7.88860905221012E-31,-1.,1.9021521308297E-61));
#5197=DIRECTION('ref_axis',(1.,-7.88860905221012E-31,-1.73738140283115E-30));
#5198=DIRECTION('',(9.16550060531304E-31,-3.89622135743591E-60,1.));
#5199=DIRECTION('',(1.,-7.88860905221012E-31,-3.44863027024249E-15));
#5200=DIRECTION('',(-4.50282420997262E-31,1.64994985150039E-61,-1.));
#5201=DIRECTION('',(0.707106781186542,-5.57808895494731E-31,0.707106781186553));
#5202=DIRECTION('center_axis',(-7.88860905221012E-31,-1.,1.9021521308297E-61));
#5203=DIRECTION('ref_axis',(0.382683432365093,-3.01883998868611E-31,-0.923879532511285));
#5204=DIRECTION('',(1.,-7.88860905221012E-31,4.9882727385299E-16));
#5205=DIRECTION('',(-1.70318304920018E-17,1.34357452194912E-47,-1.));
#5206=DIRECTION('',(-1.,7.88860905221012E-31,1.70318304920018E-17));
#5207=DIRECTION('',(-4.58371326766404E-31,5.51806432843272E-61,1.));
#5208=DIRECTION('',(-0.707106781186548,5.57808895494736E-31,0.707106781186547));
#5209=DIRECTION('center_axis',(-1.,5.94565764389587E-14,0.));
#5210=DIRECTION('ref_axis',(6.28036983473324E-14,0.707106781186323,-0.707106781186772));
#5211=DIRECTION('center_axis',(0.707106781186547,-2.22132820962835E-30,
0.707106781186548));
#5212=DIRECTION('ref_axis',(0.707106781186548,-8.42084744442509E-14,-0.707106781186547));
#5213=DIRECTION('',(1.,-5.94565764389587E-14,0.));
#5214=DIRECTION('center_axis',(1.,-2.368475785867E-15,8.20831342299841E-31));
#5215=DIRECTION('ref_axis',(6.28036983473324E-14,0.707106781186323,-0.707106781186772));
#5216=DIRECTION('',(-1.,5.94565764389587E-14,0.));
#5217=DIRECTION('center_axis',(0.,0.,1.));
#5218=DIRECTION('ref_axis',(1.,0.,0.));
#5219=DIRECTION('',(-1.18329135783152E-30,-1.,-1.95814112270685E-30));
#5220=DIRECTION('',(-1.,-4.43496582091168E-16,0.));
#5221=DIRECTION('',(0.577350269189626,-0.816496580927726,0.));
#5222=DIRECTION('',(-1.25021830240272E-15,1.,0.));
#5223=DIRECTION('',(-0.577350269189877,-0.816496580927548,0.));
#5224=DIRECTION('',(1.,-5.99000730210498E-14,0.));
#5225=DIRECTION('',(-1.18329135783152E-30,-1.,-1.95814112270685E-30));
#5226=DIRECTION('',(-5.70881006530917E-14,-1.,6.13453753276264E-13));
#5227=DIRECTION('center_axis',(-1.,1.57772181044202E-30,-4.58371326766404E-31));
#5228=DIRECTION('ref_axis',(-1.57772181044202E-30,-1.,-1.16928021748609E-30));
#5229=DIRECTION('',(4.58371326765436E-31,-6.13453753276264E-13,-1.));
#5230=DIRECTION('',(-1.57772181044202E-30,-1.,-1.41090842712612E-16));
#5231=DIRECTION('',(-4.58371326766404E-31,-4.69113201028927E-30,1.));
#5232=DIRECTION('center_axis',(1.,-1.57772181044202E-30,4.58371326766404E-31));
#5233=DIRECTION('ref_axis',(0.,-0.923879532511803,0.382683432363843));
#5234=DIRECTION('',(7.91500317531476E-31,0.707106781186549,0.707106781186546));
#5235=DIRECTION('center_axis',(1.,-1.57772181044202E-30,4.58371326766404E-31));
#5236=DIRECTION('ref_axis',(0.,-0.382683432365502,0.923879532511116));
#5237=DIRECTION('',(1.57772181044202E-30,1.,1.56371067009634E-30));
#5238=DIRECTION('',(-1.57772181044202E-30,-1.,1.81042050038012E-16));
#5239=DIRECTION('',(-4.58371326765436E-31,6.13453753276264E-13,1.));
#5240=DIRECTION('',(1.57772181044202E-30,1.,1.56371067009634E-30));
#5241=DIRECTION('center_axis',(1.,-1.57772181044202E-30,4.58371326766404E-31));
#5242=DIRECTION('ref_axis',(0.,0.382683432368913,0.923879532509703));
#5243=DIRECTION('',(1.43973526444698E-30,0.707106781186113,-0.707106781186982));
#5244=DIRECTION('center_axis',(1.,-1.57772181044202E-30,4.58371326766404E-31));
#5245=DIRECTION('ref_axis',(0.,0.923879532511762,0.382683432363941));
#5246=DIRECTION('center_axis',(-5.94565764389587E-14,-1.,6.13453753276264E-13));
#5247=DIRECTION('ref_axis',(1.,-5.94565764389588E-14,-1.38777878060609E-16));
#5248=DIRECTION('',(0.707106781186548,-4.75819457272109E-13,-0.707106781186547));
#5249=DIRECTION('',(-1.,5.94565764389587E-14,1.7031830491991E-17));
#5250=DIRECTION('',(1.70318304930957E-17,6.13453753276264E-13,1.));
#5251=DIRECTION('',(-1.,5.94565764389584E-14,-4.9882727385103E-16));
#5252=DIRECTION('center_axis',(5.94565764389587E-14,1.,-6.13453753276264E-13));
#5253=DIRECTION('ref_axis',(0.382683432365045,-5.89510413542515E-13,-0.923879532511305));
#5254=DIRECTION('',(-0.707106781186542,-3.91735160499865E-13,-0.707106781186553));
#5255=DIRECTION('',(-7.66500827602633E-28,6.13453753276264E-13,1.));
#5256=DIRECTION('',(1.,-5.94565764389608E-14,-3.44863027024223E-15));
#5257=DIRECTION('',(1.38777878097082E-16,6.13453753276264E-13,1.));
#5258=DIRECTION('center_axis',(-1.70318304920018E-17,-1.81042050038012E-16,
-1.));
#5259=DIRECTION('ref_axis',(1.,-1.78329573330412E-15,-1.70318304920014E-17));
#5260=DIRECTION('',(-1.78329573330416E-15,-1.,9.02056207507739E-17));
#5261=DIRECTION('center_axis',(-0.707106781186547,2.22132820962835E-30,
-0.707106781186548));
#5262=DIRECTION('ref_axis',(-0.707106781186548,-1.66351931413362E-30,0.707106781186547));
#5263=DIRECTION('',(0.703279777465368,0.10389951499658,-0.703279777465368));
#5264=DIRECTION('center_axis',(-1.,2.368475785867E-15,-8.20831342299841E-31));
#5265=DIRECTION('ref_axis',(-2.368475785867E-15,-1.,-1.94411915851788E-45));
#5266=DIRECTION('center_axis',(1.,-2.368475785867E-15,8.20831342299841E-31));
#5267=DIRECTION('ref_axis',(-3.14018491736854E-14,-0.707106781186756,-0.707106781186339));
#5268=DIRECTION('',(2.368475785867E-15,1.,-4.4200754167889E-15));
#5269=DIRECTION('center_axis',(1.,-2.368475785867E-15,8.20831342299841E-31));
#5270=DIRECTION('ref_axis',(0.,0.70710678118654,-0.707106781186555));
#5271=DIRECTION('center_axis',(-1.,5.70881006530918E-14,1.38777878062059E-16));
#5272=DIRECTION('ref_axis',(5.94565764389587E-14,1.,-6.13349669867705E-13));
#5273=DIRECTION('center_axis',(1.,-2.368475785867E-15,8.20831342299841E-31));
#5274=DIRECTION('ref_axis',(1.40241938705958E-30,-1.,1.04083408559003E-16));
#5275=DIRECTION('center_axis',(-0.707106781186547,2.22132820962835E-30,
-0.707106781186548));
#5276=DIRECTION('ref_axis',(-0.707106781186548,-1.66351931413362E-30,0.707106781186547));
#5277=DIRECTION('',(-0.703279777465464,0.103899514995284,0.703279777465464));
#5278=DIRECTION('center_axis',(0.986846822288789,-0.149352632837365,0.061863886097361));
#5279=DIRECTION('ref_axis',(0.143999287256525,0.63821794128959,-0.756268513615165));
#5280=DIRECTION('',(-0.703279777465457,-0.423825848101999,0.570761951332391));
#5281=DIRECTION('',(0.703279777465461,0.703279777465461,0.10389951499532));
#5282=DIRECTION('center_axis',(-0.707106781186551,0.499999999999996,-0.499999999999999));
#5283=DIRECTION('ref_axis',(-0.577350269189623,-4.69067995882623E-30,0.816496580927728));
#5284=DIRECTION('',(6.03021921205361E-31,-0.707106781186549,-0.707106781186546));
#5285=DIRECTION('',(0.703279777465459,0.570761951332366,-0.423825848102029));
#5286=DIRECTION('center_axis',(-3.13599440629721E-16,0.707106781186546,
-0.707106781186549));
#5287=DIRECTION('ref_axis',(-1.,-3.94430452610507E-31,4.43496582091165E-16));
#5288=DIRECTION('',(-1.,-4.43496582091169E-16,-1.18534390292631E-30));
#5289=DIRECTION('',(-8.84037839592504E-16,0.707106781186549,0.707106781186546));
#5290=DIRECTION('',(1.,4.43496582091168E-16,0.));
#5291=DIRECTION('center_axis',(0.986846822288534,0.0618638860979962,0.149352632838784));
#5292=DIRECTION('ref_axis',(0.143999287257809,-0.756268513616142,-0.638217941288142));
#5293=DIRECTION('',(-0.703279777465359,0.570761951333489,0.423825848100682));
#5294=DIRECTION('center_axis',(-0.707106781186554,-0.500000000000303,-0.499999999999688));
#5295=DIRECTION('ref_axis',(-0.577350269189382,-4.69067995882706E-30,0.816496580927898));
#5296=DIRECTION('',(-2.27644860768995E-30,-0.707106781186113,0.707106781186982));
#5297=DIRECTION('',(0.703279777465376,-0.423825848101551,-0.570761951332824));
#5298=DIRECTION('center_axis',(-4.23557478267797E-14,-0.707106781186982,
-0.707106781186113));
#5299=DIRECTION('ref_axis',(-1.,-1.40079940819113E-43,5.99000730211235E-14));
#5300=DIRECTION('',(-1.,5.99000730210498E-14,0.));
#5301=DIRECTION('',(-8.84037839591956E-16,0.707106781186113,-0.707106781186982));
#5302=DIRECTION('',(1.,-5.99000730210498E-14,0.));
#5303=DIRECTION('center_axis',(0.986846822288557,0.1493526328387,0.0618638860978269));
#5304=DIRECTION('ref_axis',(0.143999287257713,-0.986050828535635,0.083474360215934));
#5305=DIRECTION('',(-0.703279777465363,0.703279777465331,-0.103899514996868));
#5306=DIRECTION('center_axis',(1.,-5.99000730210498E-14,0.));
#5307=DIRECTION('ref_axis',(-5.44769189905814E-14,-0.923879532511522,-0.382683432364522));
#5308=DIRECTION('center_axis',(-0.707106781186533,0.500000000000317,0.499999999999703));
#5309=DIRECTION('ref_axis',(-0.707106781186562,-0.500000000000254,-0.499999999999726));
#5310=DIRECTION('center_axis',(0.986846822288796,-0.0618638860973429,0.149352632837324));
#5311=DIRECTION('ref_axis',(0.143999287256493,-0.0834743602143206,-0.986050828535949));
#5312=DIRECTION('center_axis',(1.,4.43496582091168E-16,0.));
#5313=DIRECTION('ref_axis',(0.,0.382683432365089,-0.923879532511287));
#5314=DIRECTION('center_axis',(-0.707106781186547,-0.5,0.500000000000001));
#5315=DIRECTION('ref_axis',(-0.707106781186548,0.499999999999998,-0.500000000000001));
#5316=DIRECTION('center_axis',(1.,4.43496582091169E-16,1.18534390292631E-30));
#5317=DIRECTION('ref_axis',(0.,0.923879532511286,-0.382683432365091));
#5318=DIRECTION('center_axis',(-0.707106781186547,-0.5,0.500000000000001));
#5319=DIRECTION('ref_axis',(-0.707106781186548,0.499999999999998,-0.500000000000001));
#5320=DIRECTION('center_axis',(-0.707106781186563,-0.707106781186532,4.33777308885976E-13));
#5321=DIRECTION('ref_axis',(6.13453753276236E-13,-1.9581411227066E-30,1.));
#5322=DIRECTION('',(-0.70710678118654,0.707106781186555,-4.31775426138033E-13));
#5323=DIRECTION('',(0.577350269189735,-0.577350269189407,0.577350269189735));
#5324=DIRECTION('center_axis',(1.,-5.99000730210498E-14,0.));
#5325=DIRECTION('ref_axis',(-2.24316725255364E-14,-0.382683432365375,-0.923879532511169));
#5326=DIRECTION('center_axis',(-0.707106781186533,0.500000000000317,0.499999999999703));
#5327=DIRECTION('ref_axis',(-0.707106781186562,-0.500000000000254,-0.499999999999726));
#5328=DIRECTION('center_axis',(-0.707106781186548,0.707106781186548,2.99301378245883E-30));
#5329=DIRECTION('ref_axis',(2.27461956081602E-30,-1.95814112270685E-30,
1.));
#5330=DIRECTION('',(0.577350269189626,0.577350269189626,0.577350269189626));
#5331=DIRECTION('',(0.707106781186544,0.707106781186551,1.66351931413362E-30));
#5332=DIRECTION('center_axis',(-0.999999999999984,-9.67872655530637E-8,
1.47349325380473E-7));
#5333=DIRECTION('ref_axis',(-3.57527455968954E-8,-0.707106903255275,-0.707106659117798));
#5334=DIRECTION('',(0.70710678118654,0.500000172630927,0.499999827369023));
#5335=DIRECTION('center_axis',(-1.,-1.25021830240272E-15,4.50282420997262E-31));
#5336=DIRECTION('ref_axis',(0.,-0.707106781186976,-0.707106781186119));
#5337=DIRECTION('',(-0.707106687466581,-0.707106874906471,2.08383855559508E-7));
#5338=DIRECTION('center_axis',(1.,1.25021830240272E-15,-4.50282420997262E-31));
#5339=DIRECTION('ref_axis',(-1.25021830240272E-15,1.,2.33856043497217E-30));
#5340=DIRECTION('',(8.84037839591957E-16,-0.707106781186113,0.707106781186982));
#5341=DIRECTION('center_axis',(-1.,-1.25021830240272E-15,4.50282420997262E-31));
#5342=DIRECTION('ref_axis',(1.32515803512892E-13,-3.84537248947415E-14,
-1.));
#5343=DIRECTION('',(1.25021830240272E-15,-1.,0.));
#5344=DIRECTION('center_axis',(-1.,-1.25021830240272E-15,4.50282420997262E-31));
#5345=DIRECTION('ref_axis',(-5.49532360539324E-15,0.707106781186556,-0.707106781186539));
#5346=DIRECTION('',(8.84037839592502E-16,-0.707106781186549,-0.707106781186546));
#5347=DIRECTION('center_axis',(-1.,-1.25021830240272E-15,4.50282420997262E-31));
#5348=DIRECTION('ref_axis',(-1.46018598657593E-14,0.70710678118655,-0.707106781186545));
#5349=DIRECTION('',(3.38578484223748E-31,3.12742134019293E-30,-1.));
#5350=DIRECTION('',(-1.25021830240272E-15,1.,-4.4200754167889E-15));
#5351=DIRECTION('',(-7.67289688507854E-28,6.13453753276264E-13,1.));
#5352=DIRECTION('',(-2.95822839457879E-31,-1.17961196366108E-16,-1.));
#5353=DIRECTION('',(1.25021830240272E-15,-1.,9.02056207507749E-17));
#5354=DIRECTION('',(2.95822839457879E-31,1.17961196366108E-16,1.));
#5355=DIRECTION('',(-1.25021830240272E-15,1.,-9.02056207507749E-17));
#5356=DIRECTION('center_axis',(1.,1.25021830240273E-15,3.38578484223752E-31));
#5357=DIRECTION('ref_axis',(1.25021830240273E-15,-1.,4.4200754167889E-15));
#5358=DIRECTION('',(5.86463766829359E-30,-4.4200754167889E-15,-1.));
#5359=DIRECTION('center_axis',(1.,1.25021830240273E-15,3.38578484223752E-31));
#5360=DIRECTION('ref_axis',(-1.25021830240273E-15,1.,1.64782403408611E-14));
#5361=DIRECTION('',(-5.86463766829359E-30,4.4200754167889E-15,1.));
#5362=DIRECTION('center_axis',(1.,1.25021830240272E-15,3.38578484223751E-31));
#5363=DIRECTION('ref_axis',(1.25021830240272E-15,-1.,4.4200754167889E-15));
#5364=DIRECTION('',(6.09597452581613E-30,-4.60511258755976E-15,-1.));
#5365=DIRECTION('center_axis',(1.,1.25021830240272E-15,3.38578484223751E-31));
#5366=DIRECTION('ref_axis',(-1.25021830240272E-15,1.,-4.4200754167889E-15));
#5367=DIRECTION('',(-5.86463766829359E-30,4.4200754167889E-15,1.));
#5368=DIRECTION('',(-2.95822839457879E-31,-1.17961196366108E-16,-1.));
#5369=DIRECTION('',(1.25021830240272E-15,-1.,9.02056207507749E-17));
#5370=DIRECTION('',(2.95822839457879E-31,1.17961196366108E-16,1.));
#5371=DIRECTION('',(-1.25021830240272E-15,1.,-9.02056207507749E-17));
#5372=DIRECTION('',(1.25021830240272E-15,-1.,-3.29769106758725E-14));
#5373=DIRECTION('',(4.50282420997262E-31,-1.64994985150039E-61,1.));
#5374=DIRECTION('center_axis',(1.,1.25021830240272E-15,-4.50282420997262E-31));
#5375=DIRECTION('ref_axis',(-8.84037839592491E-16,0.70710678118654,-0.707106781186555));
#5376=DIRECTION('',(-1.25021830240272E-15,1.,-4.42007541678889E-15));
#5377=DIRECTION('center_axis',(1.,1.25021830240272E-15,-4.50282420997262E-31));
#5378=DIRECTION('ref_axis',(8.84037839592761E-16,-0.707106781186756,-0.707106781186339));
#5379=DIRECTION('',(7.66500827602633E-28,-6.13453753276264E-13,-1.));
#5380=DIRECTION('center_axis',(0.707106781186533,-0.500000000000317,-0.499999999999703));
#5381=DIRECTION('ref_axis',(-0.577350269189405,2.86413989917138E-30,-0.816496580927882));
#5382=DIRECTION('',(-0.707106781186562,-0.500000000000231,-0.499999999999749));
#5383=DIRECTION('center_axis',(-1.,-3.97039431971553E-14,-1.32522269608721E-13));
#5384=DIRECTION('ref_axis',(1.32515803512892E-13,-3.84537248947415E-14,
-1.));
#5385=DIRECTION('',(0.707106781186554,5.54040314488273E-14,0.707106781186541));
#5386=DIRECTION('center_axis',(-1.,6.14017337868658E-15,1.33351004665954E-14));
#5387=DIRECTION('ref_axis',(-5.49532360539323E-15,0.707106781186556,-0.707106781186539));
#5388=DIRECTION('',(0.707106781186548,-0.500000000000012,0.499999999999987));
#5389=DIRECTION('',(-0.707106781186554,9.48261307489588E-15,-0.707106781186541));
#5390=DIRECTION('center_axis',(0.707106781186547,0.5,-0.500000000000001));
#5391=DIRECTION('ref_axis',(-0.577350269189627,3.28051760312008E-30,-0.816496580927725));
#5392=DIRECTION('',(-0.707106781186548,0.500000000000003,-0.499999999999996));
#5393=DIRECTION('center_axis',(-1.,-7.00657821126191E-15,1.37117982198889E-14));
#5394=DIRECTION('ref_axis',(-1.46018598657593E-14,0.70710678118655,-0.707106781186545));
#5395=DIRECTION('',(0.707106781186543,-0.707106781186552,-1.93914110070904E-14));
#5396=DIRECTION('center_axis',(0.707106781186552,0.707106781186543,2.45083197943641E-30));
#5397=DIRECTION('ref_axis',(1.50785870170982E-30,1.95814112270685E-30,-1.));
#5398=DIRECTION('center_axis',(0.707106874906486,-0.707106687466597,4.3377725139313E-13));
#5399=DIRECTION('ref_axis',(6.13453590661944E-13,1.16928021748583E-30,-1.));
#5400=DIRECTION('center_axis',(0.707106781186541,8.84037839592492E-16,-0.707106781186554));
#5401=DIRECTION('ref_axis',(-0.707106781186554,0.,-0.707106781186541));
#5402=DIRECTION('center_axis',(-0.707106781186548,-9.97662916454118E-17,
0.707106781186548));
#5403=DIRECTION('ref_axis',(0.707106781186548,-1.10571041863888E-30,0.707106781186548));
#5404=DIRECTION('',(1.18329135783152E-30,1.,1.41090842712612E-16));
#5405=DIRECTION('',(-0.707106781186546,1.10571041863889E-30,-0.707106781186549));
#5406=DIRECTION('',(0.707106781186548,-1.10571041863888E-30,0.707106781186548));
#5407=DIRECTION('center_axis',(1.,4.4349658209117E-16,5.55111512312063E-17));
#5408=DIRECTION('ref_axis',(-5.57808895494736E-31,0.70710678118655,0.707106781186545));
#5409=DIRECTION('center_axis',(-1.,-4.4349658209117E-16,-5.55111512312063E-17));
#5410=DIRECTION('ref_axis',(-5.57808895494736E-31,0.70710678118655,0.707106781186545));
#5411=DIRECTION('center_axis',(1.,-5.99000730210498E-14,5.55111512311978E-17));
#5412=DIRECTION('ref_axis',(-4.44089209850061E-14,-0.707106781186326,0.70710678118677));
#5413=DIRECTION('center_axis',(-1.,5.99000730210498E-14,-5.55111512311978E-17));
#5414=DIRECTION('ref_axis',(-4.44089209850061E-14,-0.707106781186326,0.70710678118677));
#5415=DIRECTION('center_axis',(1.,4.43496582091169E-16,5.55111512312059E-17));
#5416=DIRECTION('ref_axis',(0.,0.707106781186548,0.707106781186548));
#5417=DIRECTION('',(1.,4.43496582091169E-16,5.55111512312059E-17));
#5418=DIRECTION('center_axis',(1.,6.70759744044615E-17,-3.44863027024249E-15));
#5419=DIRECTION('ref_axis',(2.42861286636752E-15,0.707106781186549,0.707106781186546));
#5420=DIRECTION('center_axis',(5.55111512312058E-17,1.4109084271261E-16,
-1.));
#5421=DIRECTION('ref_axis',(5.05151476204414E-15,1.,1.41090842712611E-16));
#5422=DIRECTION('',(-1.,5.99000730210498E-14,-5.55111512311974E-17));
#5423=DIRECTION('',(6.7075974404461E-17,-1.,-1.4109084271261E-16));
#5424=DIRECTION('center_axis',(1.,-5.99000730210498E-14,5.55111512311974E-17));
#5425=DIRECTION('ref_axis',(-3.14018491736662E-14,-0.707106781186324,0.707106781186771));
#5426=DIRECTION('center_axis',(1.,6.70759744044615E-17,-3.44863027024249E-15));
#5427=DIRECTION('ref_axis',(2.42861286636728E-15,-0.707106781186391,0.707106781186704));
#5428=DIRECTION('center_axis',(-1.,-6.70759744044615E-17,3.44863027024249E-15));
#5429=DIRECTION('ref_axis',(2.96059473233375E-15,0.,1.));
#5430=DIRECTION('center_axis',(0.,1.,0.));
#5431=DIRECTION('ref_axis',(1.,0.,-4.44089209849751E-15));
#5432=DIRECTION('center_axis',(6.7075974404461E-17,-1.,-1.4109084271261E-16));
#5433=DIRECTION('ref_axis',(0.707106781186544,0.,-0.707106781186551));
#5434=DIRECTION('center_axis',(0.,1.,0.));
#5435=DIRECTION('ref_axis',(1.,0.,-4.44089209850064E-15));
#5436=DIRECTION('center_axis',(-1.,-6.70759744044615E-17,3.44863027024249E-15));
#5437=DIRECTION('ref_axis',(2.96059473233375E-15,0.,1.));
#5438=DIRECTION('center_axis',(1.,4.43496582091169E-16,-3.44863027024249E-15));
#5439=DIRECTION('ref_axis',(0.,0.707106781186548,0.707106781186548));
#5440=DIRECTION('',(1.,4.43496582091169E-16,-3.44863027024249E-15));
#5441=DIRECTION('center_axis',(0.707106781186557,4.00950314015986E-15,0.707106781186538));
#5442=DIRECTION('ref_axis',(0.707106781186538,0.,-0.707106781186557));
#5443=DIRECTION('',(1.25021830240272E-15,-1.,4.4200754167889E-15));
#5444=DIRECTION('center_axis',(3.44863027024249E-15,4.4200754167889E-15,
1.));
#5445=DIRECTION('ref_axis',(4.16333634234081E-17,1.,-4.4200754167889E-15));
#5446=DIRECTION('',(-1.,5.9900073021052E-14,3.44863027024222E-15));
#5447=DIRECTION('center_axis',(-1.,5.9900073021052E-14,3.44863027024222E-15));
#5448=DIRECTION('ref_axis',(-4.18691322315546E-14,-0.707106781186326,0.707106781186769));
#5449=DIRECTION('center_axis',(1.,2.36658271566304E-30,-5.41860389853292E-30));
#5450=DIRECTION('ref_axis',(2.19128029228059E-30,-1.,1.04083408559003E-16));
#5451=DIRECTION('',(1.,2.36658271566304E-30,-5.41860389853293E-30));
#5452=DIRECTION('center_axis',(1.,-4.16333634234089E-17,-1.38777878078246E-16));
#5453=DIRECTION('ref_axis',(2.19128029228059E-30,-1.,1.04083408559003E-16));
#5454=DIRECTION('center_axis',(1.,-7.88860905221012E-31,-3.44863027024249E-15));
#5455=DIRECTION('ref_axis',(0.,0.70710678118654,-0.707106781186555));
#5456=DIRECTION('',(1.,-7.88860905221012E-31,-3.44863027024249E-15));
#5457=DIRECTION('center_axis',(-1.,-1.25021830240272E-15,4.50282420997262E-31));
#5458=DIRECTION('ref_axis',(0.,0.70710678118654,-0.707106781186555));
#5459=DIRECTION('center_axis',(-3.44863027024249E-15,-4.4200754167889E-15,
-1.));
#5460=DIRECTION('ref_axis',(8.32667268467911E-17,1.,-4.4200754167889E-15));
#5461=DIRECTION('',(-1.,5.94565764389608E-14,3.44863027024223E-15));
#5462=DIRECTION('',(1.25021830240272E-15,-1.,4.42007541678889E-15));
#5463=DIRECTION('center_axis',(1.,-5.94565764389608E-14,-3.44863027024223E-15));
#5464=DIRECTION('ref_axis',(-3.14018491736854E-14,-0.707106781186756,-0.707106781186339));
#5465=DIRECTION('center_axis',(-1.,-1.25021830240272E-15,4.50282420997262E-31));
#5466=DIRECTION('ref_axis',(-3.14018491736854E-14,-0.707106781186756,-0.707106781186339));
#5467=DIRECTION('center_axis',(-0.707106781186542,-3.91735160499865E-13,
-0.707106781186553));
#5468=DIRECTION('ref_axis',(-0.499999999999924,-0.707106781186386,0.500000000000304));
#5469=DIRECTION('center_axis',(-0.707106781186545,-3.84672652377526E-13,
-0.70710678118655));
#5470=DIRECTION('ref_axis',(-6.66133814775093E-14,-1.,6.10622663543836E-13));
#5471=DIRECTION('',(0.707106781186542,3.91735160499865E-13,0.707106781186553));
#5472=DIRECTION('center_axis',(0.707106781186324,0.707106781186771,-4.33777308886122E-13));
#5473=DIRECTION('ref_axis',(0.40824829046409,-0.408248290463331,0.816496580927879));
#5474=DIRECTION('center_axis',(5.94565764389587E-14,1.,-6.13453753276264E-13));
#5475=DIRECTION('ref_axis',(0.,6.14773932244609E-13,1.));
#5476=DIRECTION('center_axis',(-1.,4.44089209859903E-14,-2.76101316833471E-26));
#5477=DIRECTION('ref_axis',(-4.44089209859903E-14,-1.,6.16173778680616E-13));
#5478=DIRECTION('center_axis',(-5.94565764389587E-14,-1.,6.13453753276264E-13));
#5479=DIRECTION('ref_axis',(0.382683432365045,-5.89528426075861E-13,-0.923879532511305));
#5480=DIRECTION('center_axis',(1.,-5.94565764389584E-14,4.9882727385103E-16));
#5481=DIRECTION('ref_axis',(-3.14018491736654E-14,-0.707106781186336,0.70710678118676));
#5482=DIRECTION('center_axis',(1.,-1.78329573330416E-15,-1.70318304920018E-17));
#5483=DIRECTION('ref_axis',(-3.14018491736654E-14,-0.707106781186336,0.70710678118676));
#5484=DIRECTION('',(1.,-5.94565764389584E-14,4.9882727385103E-16));
#5485=DIRECTION('center_axis',(1.,-1.78329573330416E-15,-1.70318304920018E-17));
#5486=DIRECTION('ref_axis',(-1.78329573330416E-15,-1.,9.0205620750775E-17));
#5487=DIRECTION('center_axis',(1.,-1.78329573330416E-15,-1.70318304920018E-17));
#5488=DIRECTION('ref_axis',(0.,0.70710678118654,0.707106781186555));
#5489=DIRECTION('',(1.78329573330416E-15,1.,3.29769106758725E-14));
#5490=DIRECTION('center_axis',(1.,-7.88860905221012E-31,4.9882727385299E-16));
#5491=DIRECTION('ref_axis',(0.,0.70710678118654,0.707106781186555));
#5492=DIRECTION('center_axis',(1.,0.,0.));
#5493=DIRECTION('ref_axis',(0.,1.,0.));
#5494=DIRECTION('',(-1.,7.88860905221012E-31,-4.9882727385299E-16));
#5495=DIRECTION('center_axis',(-7.88860905221012E-31,-1.,1.9021521308297E-61));
#5496=DIRECTION('ref_axis',(0.,0.,-1.));
#5497=DIRECTION('center_axis',(0.707106781186542,0.,0.707106781186553));
#5498=DIRECTION('ref_axis',(0.,1.,0.));
#5499=DIRECTION('center_axis',(7.88860905221012E-31,1.,-1.9021521308297E-61));
#5500=DIRECTION('ref_axis',(0.382683432365093,0.,-0.923879532511285));
#5501=DIRECTION('center_axis',(0.707106781186542,-5.57808895494731E-31,
0.707106781186553));
#5502=DIRECTION('ref_axis',(-0.499999999999997,0.707106781186547,0.500000000000004));
#5503=DIRECTION('center_axis',(0.707106781186528,-0.707106781186567,-3.18397753336251E-31));
#5504=DIRECTION('ref_axis',(0.408248290463877,0.408248290463855,0.816496580927723));
#5505=DIRECTION('',(-0.707106781186542,5.57808895494731E-31,-0.707106781186553));
#5506=DIRECTION('center_axis',(0.707106781186528,-0.707106781186567,-3.18397753336251E-31));
#5507=DIRECTION('ref_axis',(-4.50282420997262E-31,0.,-1.));
#5508=DIRECTION('',(0.577350269189627,0.577350269189595,0.577350269189656));
#5509=DIRECTION('',(0.707106781186567,0.707106781186528,0.));
#5510=DIRECTION('center_axis',(1.,0.,0.));
#5511=DIRECTION('ref_axis',(-5.89358559728328E-16,0.70710678118654,-0.707106781186555));
#5512=DIRECTION('',(0.707106781186476,0.,-0.707106781186619));
#5513=DIRECTION('center_axis',(0.707106781186546,4.00950314015989E-15,0.707106781186549));
#5514=DIRECTION('ref_axis',(0.707106781186549,0.,-0.707106781186546));
#5515=DIRECTION('',(0.707106781186549,0.,-0.707106781186546));
#5516=DIRECTION('center_axis',(1.,0.,0.));
#5517=DIRECTION('ref_axis',(-9.87792449816647E-15,-0.707106781186756,-0.707106781186339));
#5518=DIRECTION('',(0.707106781186795,-0.7071067811863,4.33738041711222E-13));
#5519=DIRECTION('center_axis',(0.707106781186324,0.707106781186771,-4.33777308886122E-13));
#5520=DIRECTION('ref_axis',(-6.13453753276651E-13,0.,-1.));
#5521=DIRECTION('',(0.577350269189869,-0.577350269189149,0.577350269189859));
#5522=DIRECTION('center_axis',(0.707106781186553,2.42022350010848E-14,-0.707106781186542));
#5523=DIRECTION('ref_axis',(-0.707106781186542,0.,-0.707106781186553));
#5524=DIRECTION('',(1.25021830240273E-15,-1.,-3.29769106758725E-14));
#5525=DIRECTION('center_axis',(4.9882727385299E-16,3.29769106758725E-14,
-1.));
#5526=DIRECTION('ref_axis',(4.16333634234132E-17,1.,3.29769106758725E-14));
#5527=DIRECTION('',(-1.25021830240273E-15,1.,3.29769106758725E-14));
#5528=DIRECTION('center_axis',(1.,-4.16333634234089E-17,-1.38777878078246E-16));
#5529=DIRECTION('ref_axis',(-4.16333634234081E-17,-1.,4.4200754167889E-15));
#5530=DIRECTION('center_axis',(1.,-4.16333634234089E-17,-1.38777878078246E-16));
#5531=DIRECTION('ref_axis',(-4.16333634234081E-17,-1.,4.4200754167889E-15));
#5532=DIRECTION('center_axis',(1.,-4.16333634234089E-17,-1.38777878078246E-16));
#5533=DIRECTION('ref_axis',(5.94565764389587E-14,1.,-6.13349669867705E-13));
#5534=DIRECTION('center_axis',(-1.25021830240273E-15,1.,3.29769106758725E-14));
#5535=DIRECTION('ref_axis',(0.382683432365096,3.20452464650481E-14,-0.923879532511284));
#5536=DIRECTION('center_axis',(0.721110255092792,-0.692820323027557,-3.33711423217392E-18));
#5537=DIRECTION('ref_axis',(-4.62774479853223E-18,0.,-1.));
#5538=DIRECTION('',(-0.569494797451503,-0.592748978363813,-0.569494797451503));
#5539=DIRECTION('',(-1.17961196367E-16,-1.17961196366109E-16,-1.));
#5540=DIRECTION('',(0.569494797451503,0.592748978363813,-0.569494797451503));
#5541=DIRECTION('center_axis',(0.68313005106397,0.730296743340225,-1.66729515644441E-16));
#5542=DIRECTION('ref_axis',(-2.44067019720127E-16,0.,-1.));
#5543=DIRECTION('',(-0.58976782461959,0.551677284367367,0.58976782461959));
#5544=DIRECTION('',(1.17961196367E-16,1.17961196366109E-16,1.));
#5545=DIRECTION('',(0.58976782461959,-0.551677284367367,0.58976782461959));
#5546=DIRECTION('center_axis',(0.707106781186548,9.47822845726515E-16,0.707106781186548));
#5547=DIRECTION('ref_axis',(0.707106781186548,0.,-0.707106781186548));
#5548=DIRECTION('',(1.25021830240272E-15,-1.,9.02056207507749E-17));
#5549=DIRECTION('center_axis',(-0.707106781186548,-9.47822845726515E-16,
-0.707106781186548));
#5550=DIRECTION('ref_axis',(0.707106781186547,-1.34439166774776E-15,-0.707106781186548));
#5551=DIRECTION('center_axis',(0.707106781186548,9.47822845726515E-16,0.707106781186548));
#5552=DIRECTION('ref_axis',(0.707106781186547,-1.34439166774776E-15,-0.707106781186547));
#5553=DIRECTION('center_axis',(0.707106781186548,8.20252833458485E-16,-0.707106781186548));
#5554=DIRECTION('ref_axis',(-0.707106781186548,0.,-0.707106781186548));
#5555=DIRECTION('center_axis',(-0.707106781186548,-8.20252833458485E-16,
0.707106781186548));
#5556=DIRECTION('ref_axis',(0.707106781186547,-1.17756934401305E-15,0.707106781186547));
#5557=DIRECTION('',(-1.25021830240272E-15,1.,-9.02056207507749E-17));
#5558=DIRECTION('center_axis',(0.707106781186548,8.20252833458485E-16,-0.707106781186548));
#5559=DIRECTION('ref_axis',(0.707106781186548,-1.17756934401305E-15,0.707106781186547));
#5560=DIRECTION('center_axis',(9.38744477213004E-29,9.02056207507749E-17,
1.));
#5561=DIRECTION('ref_axis',(1.78329573330416E-15,1.,-9.0205620750775E-17));
#5562=DIRECTION('center_axis',(9.38744477213004E-29,9.02056207507749E-17,
1.));
#5563=DIRECTION('ref_axis',(1.78329573330416E-15,1.,-9.0205620750775E-17));
#5564=DIRECTION('',(-1.25021830240272E-15,1.,-9.02056207507749E-17));
#5565=DIRECTION('center_axis',(9.38744477213004E-29,9.02056207507749E-17,
1.));
#5566=DIRECTION('ref_axis',(1.78329573330416E-15,1.,-9.0205620750775E-17));
#5567=DIRECTION('center_axis',(-1.17961196367E-16,-1.17961196366109E-16,
-1.));
#5568=DIRECTION('ref_axis',(1.78329573330416E-15,1.,-1.17961196366108E-16));
#5569=DIRECTION('center_axis',(9.38744477213004E-29,9.02056207507749E-17,
1.));
#5570=DIRECTION('ref_axis',(1.78329573330416E-15,1.,-9.0205620750775E-17));
#5571=DIRECTION('center_axis',(-0.707106781186555,-9.47822845726524E-16,
-0.70710678118654));
#5572=DIRECTION('ref_axis',(0.70710678118654,-1.34439166774775E-15,-0.707106781186555));
#5573=DIRECTION('',(-1.17961196367E-16,-1.17961196366109E-16,-1.));
#5574=DIRECTION('center_axis',(-0.707106781186555,-8.20252833458496E-16,
0.70710678118654));
#5575=DIRECTION('ref_axis',(0.70710678118654,-1.17756934401304E-15,0.707106781186555));
#5576=DIRECTION('center_axis',(0.68313005106397,-0.730296743340225,5.56383944893021E-18));
#5577=DIRECTION('ref_axis',(8.14462698612742E-18,0.,-1.));
#5578=DIRECTION('',(-0.589767824619584,-0.551677284367367,-0.589767824619597));
#5579=DIRECTION('',(0.589767824619584,0.551677284367367,-0.589767824619597));
#5580=DIRECTION('center_axis',(0.721110255092792,0.692820323027557,-1.66788942574343E-16));
#5581=DIRECTION('ref_axis',(-2.31294647935468E-16,0.,-1.));
#5582=DIRECTION('',(-0.569494797451498,0.592748978363809,0.569494797451511));
#5583=DIRECTION('',(1.17961196367E-16,1.17961196366109E-16,1.));
#5584=DIRECTION('',(0.569494797451498,-0.592748978363809,0.569494797451511));
#5585=DIRECTION('center_axis',(0.707106781186555,9.47822845726524E-16,0.70710678118654));
#5586=DIRECTION('ref_axis',(0.70710678118654,0.,-0.707106781186555));
#5587=DIRECTION('',(1.25021830240272E-15,-1.,9.02056207507749E-17));
#5588=DIRECTION('center_axis',(0.707106781186555,9.47822845726524E-16,0.70710678118654));
#5589=DIRECTION('ref_axis',(0.70710678118654,-1.34439166774775E-15,-0.707106781186555));
#5590=DIRECTION('center_axis',(0.707106781186555,8.20252833458496E-16,-0.70710678118654));
#5591=DIRECTION('ref_axis',(-0.70710678118654,0.,-0.707106781186555));
#5592=DIRECTION('center_axis',(0.707106781186555,8.20252833458496E-16,-0.70710678118654));
#5593=DIRECTION('ref_axis',(0.70710678118654,-1.17756934401304E-15,0.707106781186555));
#5594=DIRECTION('center_axis',(-1.17961196367E-16,-1.17961196366109E-16,
-1.));
#5595=DIRECTION('ref_axis',(1.78329573330416E-15,1.,-1.17961196366109E-16));
#5596=DIRECTION('center_axis',(-9.38744477213004E-29,-9.02056207507749E-17,
-1.));
#5597=DIRECTION('ref_axis',(1.78329573330416E-15,1.,-9.0205620750775E-17));
#5598=DIRECTION('center_axis',(1.,0.,7.88860905221012E-31));
#5599=DIRECTION('ref_axis',(6.87849666173212E-16,-1.,4.4200754167889E-15));
#5600=DIRECTION('',(0.70710728748546,-0.707106274887272,-2.68996083991633E-31));
#5601=DIRECTION('',(-0.707107287485499,-0.707106274887233,-1.38461467377993E-30));
#5602=DIRECTION('center_axis',(-1.,-1.25021830240272E-15,-3.38578484223751E-31));
#5603=DIRECTION('ref_axis',(-6.84100211014666E-18,-1.,4.4200754167889E-15));
#5604=DIRECTION('center_axis',(0.707106099232702,0.707107463139735,-3.25630947926224E-15));
#5605=DIRECTION('ref_axis',(-4.60512147016656E-15,1.16928021748583E-30,
-1.));
#5606=DIRECTION('',(-6.09597452581613E-30,4.60511258755976E-15,1.));
#5607=DIRECTION('',(0.707107463139735,-0.707106099232702,-2.68995740035429E-31));
#5608=DIRECTION('center_axis',(1.,0.,7.88860905221012E-31));
#5609=DIRECTION('ref_axis',(-6.87849666173166E-16,1.,-4.4200754167889E-15));
#5610=DIRECTION('center_axis',(-1.,-1.25021830240272E-15,-3.38578484223751E-31));
#5611=DIRECTION('ref_axis',(6.84100211015199E-18,1.,-4.4200754167889E-15));
#5612=DIRECTION('',(0.70710746313959,0.707106099232847,1.38461460695737E-30));
#5613=DIRECTION('center_axis',(0.707106099232714,-0.707107463139724,3.12546831485186E-15));
#5614=DIRECTION('ref_axis',(4.4200839424852E-15,1.16928021748583E-30,-1.));
#5615=DIRECTION('',(5.86463766829359E-30,-4.4200754167889E-15,-1.));
#5616=DIRECTION('center_axis',(6.841002110151E-18,1.,-4.60511258755976E-15));
#5617=DIRECTION('ref_axis',(-1.38777878078246E-16,-4.60511258755976E-15,
-1.));
#5618=DIRECTION('',(1.,-6.84100211016204E-18,-3.44863027024249E-15));
#5619=DIRECTION('',(-1.,6.84100211016717E-18,3.44863027024249E-15));
#5620=DIRECTION('center_axis',(-1.,6.84100211016204E-18,3.44863027024249E-15));
#5621=DIRECTION('ref_axis',(-6.84100211014666E-18,-1.,4.4200754167889E-15));
#5622=DIRECTION('',(1.,-6.84100211016204E-18,-3.44863027024249E-15));
#5623=DIRECTION('center_axis',(1.,3.94430452610506E-31,7.88860905221012E-31));
#5624=DIRECTION('ref_axis',(6.8784966617321E-16,-1.,4.4200754167889E-15));
#5625=DIRECTION('',(0.707107287485342,-0.70710627488739,-8.26804580086988E-31));
#5626=DIRECTION('',(-0.707107287485452,-0.70710627488728,-1.94242316987498E-30));
#5627=DIRECTION('center_axis',(-1.,-1.25021830240273E-15,-3.38578484223752E-31));
#5628=DIRECTION('ref_axis',(-6.84100211014632E-18,-1.,4.4200754167889E-15));
#5629=DIRECTION('center_axis',(0.707106099232722,0.707107463139716,-3.12546831485182E-15));
#5630=DIRECTION('ref_axis',(-4.42008394248509E-15,1.95814112270684E-30,
-1.));
#5631=DIRECTION('',(-5.86463766829359E-30,4.4200754167889E-15,1.));
#5632=DIRECTION('',(0.707107463139716,-0.707106099232722,-8.26804097563491E-31));
#5633=DIRECTION('center_axis',(1.,3.94430452610506E-31,7.88860905221012E-31));
#5634=DIRECTION('ref_axis',(-6.87849666173136E-16,1.,1.64782403408611E-14));
#5635=DIRECTION('center_axis',(-1.,-1.25021830240273E-15,-3.38578484223752E-31));
#5636=DIRECTION('ref_axis',(6.84100211022376E-18,1.,1.64782403408611E-14));
#5637=DIRECTION('',(0.707107463139575,0.707106099232863,1.94242296448551E-30));
#5638=DIRECTION('center_axis',(0.707106099232729,-0.707107463139708,3.12546831485179E-15));
#5639=DIRECTION('ref_axis',(4.420083942485E-15,1.95814112270685E-30,-1.));
#5640=DIRECTION('',(5.86463766829359E-30,-4.4200754167889E-15,-1.));
#5641=DIRECTION('center_axis',(6.8410021101514E-18,1.,-4.4200754167889E-15));
#5642=DIRECTION('ref_axis',(-1.38777878078246E-16,-4.4200754167889E-15,
-1.));
#5643=DIRECTION('',(1.,-6.84100211016165E-18,-3.44863027024249E-15));
#5644=DIRECTION('',(-1.,6.84100211016678E-18,3.44863027024249E-15));
#5645=DIRECTION('center_axis',(-1.,6.84100211016165E-18,3.44863027024249E-15));
#5646=DIRECTION('ref_axis',(-6.84100211014632E-18,-1.,4.4200754167889E-15));
#5647=DIRECTION('',(1.,-6.84100211016165E-18,-3.44863027024249E-15));
#5648=DIRECTION('center_axis',(9.38744477213004E-29,9.02056207507749E-17,
1.));
#5649=DIRECTION('ref_axis',(1.78329573330416E-15,1.,-9.0205620750775E-17));
#5650=DIRECTION('center_axis',(-6.84100211015179E-18,-1.,4.4200754167889E-15));
#5651=DIRECTION('ref_axis',(1.38777878078246E-16,4.4200754167889E-15,1.));
#5652=DIRECTION('',(-1.,6.84100211016717E-18,3.44863027024249E-15));
#5653=DIRECTION('center_axis',(-6.8410021101514E-18,-1.,4.4200754167889E-15));
#5654=DIRECTION('ref_axis',(1.38777878078246E-16,4.4200754167889E-15,1.));
#5655=DIRECTION('',(-1.,6.84100211016678E-18,3.44863027024249E-15));
#5656=DIRECTION('center_axis',(-1.,5.94565764389588E-14,1.38777878060612E-16));
#5657=DIRECTION('ref_axis',(5.94565764389587E-14,1.,-6.13349669867705E-13));
#5658=DIRECTION('',(1.,-5.94565764389588E-14,-1.38777878060612E-16));
#5659=DIRECTION('center_axis',(-1.,6.84100211016678E-18,3.44863027024249E-15));
#5660=DIRECTION('ref_axis',(6.84100211022376E-18,1.,1.64782403408611E-14));
#5661=DIRECTION('center_axis',(-1.,6.84100211016717E-18,3.44863027024249E-15));
#5662=DIRECTION('ref_axis',(6.84100211015199E-18,1.,-4.4200754167889E-15));
#5663=DIRECTION('',(-3.02202707302961E-13,-1.,-2.06057393370433E-13));
#5664=DIRECTION('',(-1.,3.02202707302931E-13,-2.80331313717853E-14));
#5665=DIRECTION('',(2.77484140364251E-14,-1.42180162944148E-14,-1.));
#5666=DIRECTION('',(3.25073301610246E-13,1.,-1.42180162944058E-14));
#5667=DIRECTION('',(2.79574522610883E-14,-1.44530672796017E-14,-1.));
#5668=DIRECTION('',(3.25073301610246E-13,1.,-1.44530672795927E-14));
#5669=DIRECTION('',(-1.,3.33066907387436E-15,9.54791801177635E-15));
#5670=DIRECTION('',(-9.54791801177635E-15,1.16662914950706E-13,-1.));
#5671=DIRECTION('',(-1.,3.07362542419889E-15,9.54791801177635E-15));
#5672=DIRECTION('',(-9.54791801177635E-15,9.8391397790499E-14,-1.));
#5673=DIRECTION('',(-7.19442221458828E-15,6.8700777778822E-14,1.));
#5674=DIRECTION('',(-2.22044604925031E-16,1.,-6.8700777778822E-14));
#5675=DIRECTION('',(-7.15202232617396E-15,6.88804224953327E-14,1.));
#5676=DIRECTION('',(-2.22044604925031E-16,1.,-6.88804224953327E-14));
#5677=DIRECTION('',(-4.19803081186379E-15,1.,-3.30985239216366E-15));
#5678=DIRECTION('',(1.33226762955019E-15,3.30985239216366E-15,1.));
#5679=CARTESIAN_POINT('',(0.,0.,0.));
#5680=CARTESIAN_POINT('',(0.,0.,0.));
#5681=CARTESIAN_POINT('Origin',(-85.9097433381783,92.9,6.18880618185716));
#5682=CARTESIAN_POINT('',(-86.1503055062861,92.9,6.12076323016285));
#5683=CARTESIAN_POINT('',(-85.6691811700705,92.9,6.25684913355146));
#5684=CARTESIAN_POINT('Origin',(-85.9097433381783,92.9,6.18880618185716));
#5685=CARTESIAN_POINT('',(-85.6691811700705,89.1,6.25684913355146));
#5686=CARTESIAN_POINT('',(-85.6691811700705,92.9,6.25684913355146));
#5687=CARTESIAN_POINT('',(-86.1503055062861,89.1,6.12076323016285));
#5688=CARTESIAN_POINT('Origin',(-85.9097433381783,89.1,6.18880618185716));
#5689=CARTESIAN_POINT('',(-86.1503055062861,91.0000000000001,6.12076323016285));
#5690=CARTESIAN_POINT('Origin',(-85.9097433381783,92.9,6.18880618185716));
#5691=CARTESIAN_POINT('',(-85.7097433381783,92.9,6.18880618185716));
#5692=CARTESIAN_POINT('Origin',(-85.9097433381783,92.9,6.18880618185716));
#5693=CARTESIAN_POINT('',(-85.7097433381783,89.1,6.18880618185716));
#5694=CARTESIAN_POINT('',(-85.7097433381783,92.9,6.18880618185716));
#5695=CARTESIAN_POINT('Origin',(-85.9097433381783,89.1,6.18880618185716));
#5696=CARTESIAN_POINT('Origin',(-73.3000000000135,89.1000000000001,10.3270468897235));
#5697=CARTESIAN_POINT('',(-85.7372241217648,89.1,6.49741130165926));
#5698=CARTESIAN_POINT('',(-85.6011382183762,89.1,6.01628696544366));
#5699=CARTESIAN_POINT('',(-73.2183484579804,89.1000000000001,10.0383722879941));
#5700=CARTESIAN_POINT('',(-86.2183484579804,89.1,6.36132539827066));
#5701=CARTESIAN_POINT('',(-73.3000000000135,89.1000000000001,10.3270468897235));
#5702=CARTESIAN_POINT('',(-73.3000000000135,89.1000000000001,10.3270468897235));
#5703=CARTESIAN_POINT('',(-86.3000000000135,89.1,6.65000000000002));
#5704=CARTESIAN_POINT('',(-86.3000000000135,89.1,6.65000000000002));
#5705=CARTESIAN_POINT('',(-86.3000000000135,89.1,6.65000000000002));
#5706=CARTESIAN_POINT('Origin',(-86.3000000000135,92.9,6.65000000000002));
#5707=CARTESIAN_POINT('',(-86.3000000000135,92.9,6.65000000000002));
#5708=CARTESIAN_POINT('',(-86.3000000000135,92.9,6.65000000000002));
#5709=CARTESIAN_POINT('',(-73.3000000000135,92.9000000000001,10.3270468897235));
#5710=CARTESIAN_POINT('',(-73.3000000000135,92.9000000000001,10.3270468897235));
#5711=CARTESIAN_POINT('',(-73.2183484579804,92.9000000000001,10.0383722879941));
#5712=CARTESIAN_POINT('',(-73.3000000000135,92.9000000000001,10.3270468897235));
#5713=CARTESIAN_POINT('',(-85.7372241217648,92.9,6.49741130165926));
#5714=CARTESIAN_POINT('',(-73.2183484579804,92.9000000000001,10.0383722879941));
#5715=CARTESIAN_POINT('',(-85.6011382183762,92.9,6.01628696544366));
#5716=CARTESIAN_POINT('Origin',(-85.6011382183762,92.9,6.01628696544366));
#5717=CARTESIAN_POINT('',(-85.7372241217648,91.95,6.49741130165926));
#5718=CARTESIAN_POINT('Origin',(-79.7183484579804,91.0000000000001,8.1998488431324));
#5719=CARTESIAN_POINT('',(-73.2183484579804,89.1000000000001,10.0383722879941));
#5720=CARTESIAN_POINT('Origin',(-73.3000000000135,92.9000000000001,10.3270468897235));
#5721=CARTESIAN_POINT('',(-73.3000000000135,89.1000000000001,10.3270468897235));
#5722=CARTESIAN_POINT('Origin',(-86.3000000000135,89.1,6.65000000000002));
#5723=CARTESIAN_POINT('',(-86.3000000000135,91.0000000000001,6.65000000000002));
#5724=CARTESIAN_POINT('Origin',(-79.8000000000135,91.0000000000001,8.48852344486176));
#5725=CARTESIAN_POINT('Origin',(-86.4000000000135,88.100000000074,0.414450004559586));
#5726=CARTESIAN_POINT('',(-86.4000000000135,88.100000000074,0.414450004559586));
#5727=CARTESIAN_POINT('',(-84.4659562757295,88.100000000074,0.397639294202927));
#5728=CARTESIAN_POINT('',(-86.3977643688912,88.100000000074,0.414430572451219));
#5729=CARTESIAN_POINT('',(-86.4000000000135,93.900000000074,0.41445000456086));
#5730=CARTESIAN_POINT('',(-86.4000000000135,91.000000000074,0.414450004560223));
#5731=CARTESIAN_POINT('',(-84.4659562757295,93.900000000074,0.397639294204202));
#5732=CARTESIAN_POINT('',(-79.9982478580254,93.900000000074,0.35880596731239));
#5733=CARTESIAN_POINT('',(-84.4659562757295,88.100000000074,0.397639294202927));
#5734=CARTESIAN_POINT('',(-84.8000000000135,91.0000000000741,0.400542802653162));
#5735=CARTESIAN_POINT('Origin',(-85.4000000000135,91.0000000000741,0.405758003368309));
#5736=CARTESIAN_POINT('Origin',(-76.7500000000135,88.1000000000738,1.40000000004161));
#5737=CARTESIAN_POINT('',(-77.7500000000136,88.1000000000738,1.40000000004161));
#5738=CARTESIAN_POINT('Origin',(-76.7500000000135,88.1000000000738,1.40000000004161));
#5739=CARTESIAN_POINT('',(-77.7500000000135,93.9000000000738,1.40000000004288));
#5740=CARTESIAN_POINT('',(-77.7500000000135,88.1000000000738,1.40000000004161));
#5741=CARTESIAN_POINT('Origin',(-76.7500000000135,93.9000000000738,1.40000000004288));
#5742=CARTESIAN_POINT('Origin',(-83.2500000000135,88.1000000000738,1.40000000004161));
#5743=CARTESIAN_POINT('',(-82.5842873563475,88.1000000000736,2.39841207732393));
#5744=CARTESIAN_POINT('',(-82.586660260734,88.100000000074,0.400009804943375));
#5745=CARTESIAN_POINT('Origin',(-83.2500000000135,88.1000000000738,1.40000000004161));
#5746=CARTESIAN_POINT('',(-82.5842873563475,93.9000000000736,2.39841207732517));
#5747=CARTESIAN_POINT('',(-82.5842873563475,88.1000000000736,2.39841207732393));
#5748=CARTESIAN_POINT('',(-82.586660260734,93.900000000074,0.40000980494465));
#5749=CARTESIAN_POINT('Origin',(-83.2500000000135,93.9000000000738,1.40000000004288));
#5750=CARTESIAN_POINT('',(-82.586660260734,88.100000000074,0.400009804943375));
#5751=CARTESIAN_POINT('Origin',(-83.2500000000135,88.1000000000738,1.40000000004161));
#5752=CARTESIAN_POINT('',(-83.9133397392931,88.100000000074,0.400009804943375));
#5753=CARTESIAN_POINT('',(-83.9162560222597,88.1000000000736,2.39804955433275));
#5754=CARTESIAN_POINT('Origin',(-83.2500000000135,88.1000000000738,1.40000000004161));
#5755=CARTESIAN_POINT('',(-83.9133397392931,93.900000000074,0.40000980494465));
#5756=CARTESIAN_POINT('',(-83.9133397392931,88.100000000074,0.400009804943375));
#5757=CARTESIAN_POINT('',(-83.9162560222597,93.9000000000736,2.39804955433403));
#5758=CARTESIAN_POINT('Origin',(-83.2500000000135,93.9000000000738,1.40000000004288));
#5759=CARTESIAN_POINT('',(-83.9162560222597,88.1000000000736,2.39804955433275));
#5760=CARTESIAN_POINT('Origin',(-81.9501158761366,90.1250000000726,6.95000000004202));
#5761=CARTESIAN_POINT('',(-82.5501158761366,89.2500000000726,6.95000000004183));
#5762=CARTESIAN_POINT('',(-81.3501158761366,89.2500000000726,6.95000000004183));
#5763=CARTESIAN_POINT('Origin',(-81.9501158761366,89.2500000000726,6.95000000004183));
#5764=CARTESIAN_POINT('',(-81.3501158761366,92.7500000000726,6.95000000004259));
#5765=CARTESIAN_POINT('',(-81.3501158761366,90.1250000000726,6.95000000004202));
#5766=CARTESIAN_POINT('',(-82.5501158761366,92.7500000000726,6.95000000004259));
#5767=CARTESIAN_POINT('Origin',(-81.9501158761366,92.7500000000726,6.95000000004259));
#5768=CARTESIAN_POINT('',(-82.5501158761366,91.8750000000726,6.9500000000424));
#5769=CARTESIAN_POINT('Origin',(-85.9097433381783,88.1500000000727,6.18880618189875));
#5770=CARTESIAN_POINT('',(-86.1097433381782,92.9000000000728,6.18880618189979));
#5771=CARTESIAN_POINT('Origin',(-85.9097433381783,92.9000000000728,6.18880618189979));
#5772=CARTESIAN_POINT('',(-86.1097433381782,93.8500000000728,6.18880618189996));
#5773=CARTESIAN_POINT('',(-86.1097433381783,88.1500000000727,6.18880618189875));
#5774=CARTESIAN_POINT('Origin',(-85.9097433381783,93.8500000000727,6.18880618189996));
#5775=CARTESIAN_POINT('Origin',(-85.9097433381783,88.1500000000727,6.18880618189875));
#5776=CARTESIAN_POINT('',(-86.1097433381782,88.1500000000728,6.18880618189875));
#5777=CARTESIAN_POINT('Origin',(-85.9097433381783,88.1500000000727,6.18880618189875));
#5778=CARTESIAN_POINT('',(-86.1097433381782,89.1000000000728,6.18880618189896));
#5779=CARTESIAN_POINT('',(-86.1097433381783,88.1500000000727,6.18880618189875));
#5780=CARTESIAN_POINT('Origin',(-85.9097433381783,89.1000000000728,6.18880618189892));
#5781=CARTESIAN_POINT('Origin',(-80.0000000000135,91.000000000074,0.400000000042269));
#5782=CARTESIAN_POINT('',(-79.4000000000135,91.0000000000747,-2.59999999995777));
#5783=CARTESIAN_POINT('Origin',(-80.0000000000135,91.0000000000747,-2.59999999995774));
#5784=CARTESIAN_POINT('',(-79.4000000000135,91.000000000074,0.400000000042233));
#5785=CARTESIAN_POINT('',(-79.4000000000135,91.000000000074,0.400000000042269));
#5786=CARTESIAN_POINT('Origin',(-80.0000000000135,91.000000000074,0.400000000042269));
#5787=CARTESIAN_POINT('Origin',(-74.5477721973119,91.0581981356857,0.400000000042246));
#5788=CARTESIAN_POINT('',(-73.9477721973119,91.0581981356864,-2.59999999995773));
#5789=CARTESIAN_POINT('Origin',(-74.5477721973119,91.0581981356864,-2.59999999995773));
#5790=CARTESIAN_POINT('',(-73.9477721973119,91.0581981356857,0.400000000042282));
#5791=CARTESIAN_POINT('',(-73.9477721973119,91.0581981356857,0.400000000042246));
#5792=CARTESIAN_POINT('Origin',(-74.5477721973119,91.0581981356857,0.400000000042246));
#5793=CARTESIAN_POINT('Origin',(-74.5477721973119,91.0581981356864,-2.59999999995773));
#5794=CARTESIAN_POINT('Origin',(-80.0000000000135,91.0000000000747,-2.59999999995774));
#5795=CARTESIAN_POINT('Origin',(-75.4955443946103,88.100000000074,0.400000000041596));
#5796=CARTESIAN_POINT('',(-75.4955443946103,88.100000000074,0.400000000041596));
#5797=CARTESIAN_POINT('',(-73.6000000000135,88.100000000074,0.400000000041596));
#5798=CARTESIAN_POINT('',(-80.9477721973119,88.100000000074,0.400000000041596));
#5799=CARTESIAN_POINT('',(-75.4955443946103,93.900000000074,0.400000000042835));
#5800=CARTESIAN_POINT('',(-75.4955443946103,88.100000000074,0.400000000041596));
#5801=CARTESIAN_POINT('',(-73.6000000000135,93.900000000074,0.40000000004287));
#5802=CARTESIAN_POINT('',(-74.5477721973119,93.900000000074,0.40000000004287));
#5803=CARTESIAN_POINT('',(-73.6000000000135,88.100000000074,0.400000000041596));
#5804=CARTESIAN_POINT('Origin',(-75.7842195292051,88.1000000000741,-0.099999999958411));
#5805=CARTESIAN_POINT('',(-75.7842195292051,88.1000000000741,-0.099999999958411));
#5806=CARTESIAN_POINT('',(-77.1111920880561,88.1000000000746,-2.39838389213812));
#5807=CARTESIAN_POINT('',(-75.7842195292051,93.9000000000742,-0.0999999999571367));
#5808=CARTESIAN_POINT('',(-75.7842195292051,89.5500000000741,-0.0999999999580924));
#5809=CARTESIAN_POINT('',(-75.5111920880561,93.900000000074,0.372897399973337));
#5810=CARTESIAN_POINT('Origin',(-84.5351635473734,88.100000000074,0.517509804943404));
#5811=CARTESIAN_POINT('',(-84.1786440952861,88.1000000000741,-0.099999999958411));
#5812=CARTESIAN_POINT('',(-84.6345733094207,88.1000000000739,0.689692563577611));
#5813=CARTESIAN_POINT('',(-84.1786440952861,93.9000000000742,-0.0999999999571367));
#5814=CARTESIAN_POINT('',(-83.0345733094207,93.9000000000746,-2.08158872853133));
#5815=CARTESIAN_POINT('',(-84.1786440952861,89.5500000000741,-0.0999999999580924));
#5816=CARTESIAN_POINT('Origin',(-73.6000000000136,88.1000000000742,-0.099999999958411));
#5817=CARTESIAN_POINT('',(-73.6000000000136,93.9000000000735,2.90000000004287));
#5818=CARTESIAN_POINT('',(-73.6000000000136,93.9000000000742,-0.0999999999571367));
#5819=CARTESIAN_POINT('',(-73.6000000000136,88.1000000000735,2.9000000000416));
#5820=CARTESIAN_POINT('',(-73.6000000000136,88.1000000000735,2.9000000000416));
#5821=CARTESIAN_POINT('',(-73.6000000000136,88.1000000000742,-0.099999999958411));
#5822=CARTESIAN_POINT('Origin',(-73.6000000000136,93.9000000000742,-0.0999999999571367));
#5823=CARTESIAN_POINT('',(-78.4226497308239,93.9000000000742,-0.0999999999571367));
#5824=CARTESIAN_POINT('',(-86.4000000000135,93.9000000000742,-0.0999999999571367));
#5825=CARTESIAN_POINT('',(-78.7113248654187,93.900000000074,0.40000000004287));
#5826=CARTESIAN_POINT('',(-77.8198185144726,93.9000000000744,-1.14413429506613));
#5827=CARTESIAN_POINT('',(-81.2886751346083,93.900000000074,0.40000000004287));
#5828=CARTESIAN_POINT('',(-76.1556624327161,93.900000000074,0.40000000004287));
#5829=CARTESIAN_POINT('',(-81.5773502692031,93.9000000000742,-0.0999999999571367));
#5830=CARTESIAN_POINT('',(-80.435843918257,93.9000000000737,1.87714699704408));
#5831=CARTESIAN_POINT('',(-86.4000000000135,93.9000000000742,-0.0999999999571367));
#5832=CARTESIAN_POINT('',(-86.4000000000135,93.9000000000735,2.90000000004287));
#5833=CARTESIAN_POINT('',(-86.4000000000135,93.9000000000742,-0.0999999999571367));
#5834=CARTESIAN_POINT('',(-81.0000000000135,93.9000000000735,2.90000000004287));
#5835=CARTESIAN_POINT('',(-80.0000000000135,93.9000000000735,2.90000000004287));
#5836=CARTESIAN_POINT('',(-81.0000000000135,93.9000000000739,0.900000000042878));
#5837=CARTESIAN_POINT('',(-81.0000000000135,93.9000000000738,1.40000000004288));
#5838=CARTESIAN_POINT('',(-79.0000000000135,93.9000000000739,0.900000000042878));
#5839=CARTESIAN_POINT('',(-77.3000000000135,93.9000000000739,0.900000000042878));
#5840=CARTESIAN_POINT('',(-79.0000000000135,93.9000000000735,2.90000000004287));
#5841=CARTESIAN_POINT('',(-79.0000000000135,93.900000000074,0.40000000004287));
#5842=CARTESIAN_POINT('',(-80.0000000000135,93.9000000000735,2.90000000004287));
#5843=CARTESIAN_POINT('',(-82.586660260734,93.900000000074,0.40000980494465));
#5844=CARTESIAN_POINT('',(-82.5842873563475,93.9000000000736,2.39841207732517));
#5845=CARTESIAN_POINT('Origin',(-85.6000000000135,92.9000000000727,6.40000000004259));
#5846=CARTESIAN_POINT('',(-85.6000000000135,92.9000000000727,6.40000000004259));
#5847=CARTESIAN_POINT('',(-85.6000000000135,89.1000000000727,6.40000000004176));
#5848=CARTESIAN_POINT('',(-85.6000000000135,91.9500000000727,6.40000000004242));
#5849=CARTESIAN_POINT('',(-85.6000000000135,92.9000000000729,5.5000000000426));
#5850=CARTESIAN_POINT('',(-85.6000000000135,92.9000000000727,6.40000000004259));
#5851=CARTESIAN_POINT('',(-85.6000000000135,89.1000000000729,5.50000000004176));
#5852=CARTESIAN_POINT('',(-85.6000000000136,91.9500000000729,5.50000000004242));
#5853=CARTESIAN_POINT('',(-85.6000000000135,89.1000000000727,6.40000000004176));
#5854=CARTESIAN_POINT('Origin',(-86.3000000000135,92.9000000000727,6.40000000004263));
#5855=CARTESIAN_POINT('',(-86.2500000000135,92.9000000000727,6.40000000004263));
#5856=CARTESIAN_POINT('',(-83.1500000000135,92.9000000000727,6.40000000004259));
#5857=CARTESIAN_POINT('',(-86.2500000000135,92.9000000000729,5.50000000004263));
#5858=CARTESIAN_POINT('',(-86.2500000000135,92.9000000000727,6.40000000004263));
#5859=CARTESIAN_POINT('',(-86.3000000000135,92.9000000000729,5.50000000004263));
#5860=CARTESIAN_POINT('Origin',(-86.2500000000135,89.1000000000727,6.40000000004176));
#5861=CARTESIAN_POINT('',(-86.2500000000135,89.1000000000727,6.40000000004176));
#5862=CARTESIAN_POINT('',(-86.2500000000135,90.0500000000727,6.40000000004197));
#5863=CARTESIAN_POINT('',(-86.2500000000135,89.1000000000729,5.50000000004176));
#5864=CARTESIAN_POINT('',(-86.2500000000135,89.1000000000727,6.40000000004176));
#5865=CARTESIAN_POINT('',(-86.2500000000135,90.0500000000729,5.50000000004197));
#5866=CARTESIAN_POINT('Origin',(-85.4000000000135,89.1000000000727,6.40000000004179));
#5867=CARTESIAN_POINT('',(-82.7000000000135,89.1000000000727,6.40000000004176));
#5868=CARTESIAN_POINT('',(-85.4000000000135,89.1000000000729,5.5000000000418));
#5869=CARTESIAN_POINT('Origin',(-85.8500000000136,91.0000000000729,5.50000000004225));
#5870=CARTESIAN_POINT('Origin',(-81.3501158761366,92.7500000000727,6.4000000000426));
#5871=CARTESIAN_POINT('',(-81.3501158761366,92.7500000000727,6.4000000000426));
#5872=CARTESIAN_POINT('',(-81.3501158761366,92.7500000000727,6.4000000000426));
#5873=CARTESIAN_POINT('',(-82.5501158761366,92.7500000000727,6.40000000004256));
#5874=CARTESIAN_POINT('',(-80.6750579380751,92.7500000000727,6.40000000004256));
#5875=CARTESIAN_POINT('',(-82.5501158761366,92.7500000000727,6.40000000004256));
#5876=CARTESIAN_POINT('Origin',(-81.3501158761366,89.2500000000727,6.40000000004183));
#5877=CARTESIAN_POINT('',(-81.3501158761366,89.2500000000727,6.40000000004183));
#5878=CARTESIAN_POINT('',(-81.3501158761366,89.2500000000727,6.40000000004183));
#5879=CARTESIAN_POINT('',(-81.3501158761366,90.1250000000727,6.40000000004202));
#5880=CARTESIAN_POINT('Origin',(-82.5501158761366,89.2500000000727,6.40000000004183));
#5881=CARTESIAN_POINT('',(-82.5501158761366,89.2500000000727,6.40000000004183));
#5882=CARTESIAN_POINT('',(-82.5501158761366,89.2500000000727,6.40000000004183));
#5883=CARTESIAN_POINT('',(-81.275057938075,89.2500000000727,6.40000000004183));
#5884=CARTESIAN_POINT('Origin',(-82.5501158761366,92.7500000000727,6.40000000004256));
#5885=CARTESIAN_POINT('',(-82.5501158761366,91.8750000000727,6.4000000000424));
#5886=CARTESIAN_POINT('Origin',(-83.9133397392931,88.100000000074,0.400009804943375));
#5887=CARTESIAN_POINT('',(-82.586660260734,88.100000000074,0.400009804943375));
#5888=CARTESIAN_POINT('Origin',(-82.5842873563475,88.1000000000736,2.39841207732393));
#5889=CARTESIAN_POINT('',(-82.5842873563475,88.1000000000736,2.39841207732393));
#5890=CARTESIAN_POINT('Origin',(-78.4226497308239,93.9000000000742,-0.0999999999571367));
#5891=CARTESIAN_POINT('',(-78.4226497308239,88.1000000000741,-0.099999999958411));
#5892=CARTESIAN_POINT('',(-78.4226497308239,92.4500000000741,-0.0999999999574198));
#5893=CARTESIAN_POINT('',(-78.7113248654187,88.100000000074,0.400000000041596));
#5894=CARTESIAN_POINT('',(-79.4198185144726,88.1000000000738,1.62714699704282));
#5895=CARTESIAN_POINT('',(-78.7113248654187,93.900000000074,0.40000000004287));
#5896=CARTESIAN_POINT('Origin',(-81.2886751346083,93.900000000074,0.40000000004287));
#5897=CARTESIAN_POINT('',(-81.2886751346084,88.100000000074,0.400000000041632));
#5898=CARTESIAN_POINT('',(-81.2886751346083,93.900000000074,0.40000000004287));
#5899=CARTESIAN_POINT('',(-81.5773502692031,88.1000000000741,-0.099999999958411));
#5900=CARTESIAN_POINT('',(-82.035843918257,88.1000000000743,-0.894134295067415));
#5901=CARTESIAN_POINT('',(-81.5773502692031,92.4500000000742,-0.0999999999574553));
#5902=CARTESIAN_POINT('Origin',(-78.7113248654187,93.900000000074,0.40000000004287));
#5903=CARTESIAN_POINT('',(-82.5556624327161,88.100000000074,0.400000000041632));
#5904=CARTESIAN_POINT('Origin',(-80.0000000000135,91.0000000000742,-0.0999999999577383));
#5905=CARTESIAN_POINT('',(-73.6000000000136,88.1000000000742,-0.099999999958411));
#5906=CARTESIAN_POINT('Origin',(-80.0000000000135,91.0000000000742,-0.0999999999577383));
#5907=CARTESIAN_POINT('',(-73.6000000000136,88.1000000000742,-0.099999999958411));
#5908=CARTESIAN_POINT('Origin',(-86.4000000000135,88.1000000000742,-0.099999999958411));
#5909=CARTESIAN_POINT('',(-79.0000000000135,88.1000000000735,2.9000000000416));
#5910=CARTESIAN_POINT('',(-80.0000000000135,88.1000000000735,2.9000000000416));
#5911=CARTESIAN_POINT('',(-79.0000000000135,88.1000000000739,0.900000000041603));
#5912=CARTESIAN_POINT('',(-79.0000000000135,88.1000000000738,1.40000000004161));
#5913=CARTESIAN_POINT('',(-81.0000000000135,88.1000000000739,0.900000000041603));
#5914=CARTESIAN_POINT('',(-82.7000000000135,88.1000000000739,0.900000000041603));
#5915=CARTESIAN_POINT('',(-81.0000000000135,88.1000000000735,2.9000000000416));
#5916=CARTESIAN_POINT('',(-81.0000000000136,88.100000000074,0.400000000041596));
#5917=CARTESIAN_POINT('',(-86.4000000000135,88.1000000000735,2.9000000000416));
#5918=CARTESIAN_POINT('',(-80.0000000000135,88.1000000000735,2.9000000000416));
#5919=CARTESIAN_POINT('',(-86.4000000000135,88.1000000000742,-0.099999999958411));
#5920=CARTESIAN_POINT('Origin',(-81.0000000000135,88.1000000000739,0.900000000041603));
#5921=CARTESIAN_POINT('',(-81.0000000000135,88.1500000000739,0.900000000041614));
#5922=CARTESIAN_POINT('',(-81.0000000000135,88.1000000000739,0.900000000041603));
#5923=CARTESIAN_POINT('',(-81.0000000000135,88.1500000000735,2.90000000004161));
#5924=CARTESIAN_POINT('',(-81.0000000000135,88.1500000000735,2.90000000004161));
#5925=CARTESIAN_POINT('',(-81.0000000000135,88.1000000000735,2.9000000000416));
#5926=CARTESIAN_POINT('Origin',(-79.0000000000135,88.1000000000739,0.900000000041603));
#5927=CARTESIAN_POINT('',(-79.0000000000135,88.1500000000739,0.900000000041614));
#5928=CARTESIAN_POINT('',(-79.0000000000135,88.1000000000739,0.900000000041603));
#5929=CARTESIAN_POINT('',(-81.0000000000135,88.1500000000739,0.900000000041614));
#5930=CARTESIAN_POINT('Origin',(-79.0000000000135,88.1000000000735,2.9000000000416));
#5931=CARTESIAN_POINT('',(-79.0000000000135,88.1500000000735,2.90000000004161));
#5932=CARTESIAN_POINT('',(-79.0000000000135,88.1000000000735,2.9000000000416));
#5933=CARTESIAN_POINT('',(-79.0000000000135,88.1500000000735,2.90000000004161));
#5934=CARTESIAN_POINT('Origin',(-73.6000000000136,88.1000000000735,2.9000000000416));
#5935=CARTESIAN_POINT('',(-79.0000000000135,93.8500000000735,2.90000000004286));
#5936=CARTESIAN_POINT('',(-79.0000000000135,91.0000000000735,2.90000000004227));
#5937=CARTESIAN_POINT('',(-73.6500000000136,93.8500000000735,2.90000000004286));
#5938=CARTESIAN_POINT('',(-73.6000000000136,93.8500000000735,2.90000000004286));
#5939=CARTESIAN_POINT('',(-73.6500000000136,88.1500000000735,2.90000000004161));
#5940=CARTESIAN_POINT('',(-73.6500000000136,88.1000000000735,2.9000000000416));
#5941=CARTESIAN_POINT('',(-83.2500000000135,88.1500000000735,2.90000000004161));
#5942=CARTESIAN_POINT('Origin',(-73.6000000000136,88.1000000000735,2.9000000000416));
#5943=CARTESIAN_POINT('',(-86.3500000000136,88.1500000000735,2.90000000004161));
#5944=CARTESIAN_POINT('',(-83.2500000000135,88.1500000000735,2.90000000004161));
#5945=CARTESIAN_POINT('',(-86.3500000000136,93.8500000000735,2.90000000004286));
#5946=CARTESIAN_POINT('',(-86.3500000000136,93.9000000000735,2.90000000004287));
#5947=CARTESIAN_POINT('',(-81.0000000000135,93.8500000000735,2.90000000004286));
#5948=CARTESIAN_POINT('',(-73.6000000000136,93.8500000000735,2.90000000004286));
#5949=CARTESIAN_POINT('',(-81.0000000000136,91.0000000000735,2.90000000004227));
#5950=CARTESIAN_POINT('',(-86.4000000000135,91.0000000000735,2.90000000004223));
#5951=CARTESIAN_POINT('Origin',(-79.0000000000135,93.9000000000739,0.900000000042878));
#5952=CARTESIAN_POINT('',(-79.0000000000135,93.8500000000739,0.900000000042867));
#5953=CARTESIAN_POINT('',(-79.0000000000135,93.9000000000739,0.900000000042878));
#5954=CARTESIAN_POINT('',(-79.0000000000135,93.8500000000735,2.90000000004286));
#5955=CARTESIAN_POINT('Origin',(-81.0000000000135,93.9000000000739,0.900000000042878));
#5956=CARTESIAN_POINT('',(-81.0000000000135,93.8500000000739,0.900000000042867));
#5957=CARTESIAN_POINT('',(-81.0000000000135,93.9000000000739,0.900000000042878));
#5958=CARTESIAN_POINT('',(-81.0000000000135,93.8500000000739,0.900000000042867));
#5959=CARTESIAN_POINT('Origin',(-81.0000000000135,93.9000000000735,2.90000000004287));
#5960=CARTESIAN_POINT('',(-81.0000000000135,93.8500000000735,2.90000000004286));
#5961=CARTESIAN_POINT('Origin',(-86.3500000000135,91.0000000000731,4.6500000000422));
#5962=CARTESIAN_POINT('',(-86.3500000000135,93.8500000000727,6.4000000000428));
#5963=CARTESIAN_POINT('',(-86.3500000000136,93.8500000000731,4.65000000004283));
#5964=CARTESIAN_POINT('',(-86.3500000000135,88.1500000000727,6.40000000004159));
#5965=CARTESIAN_POINT('',(-86.3500000000136,88.1500000000731,4.65000000004158));
#5966=CARTESIAN_POINT('',(-86.3500000000136,91.0000000000727,6.40000000004221));
#5967=CARTESIAN_POINT('Origin',(-86.4000000000135,93.9000000000742,-0.0999999999571367));
#5968=CARTESIAN_POINT('Origin',(-80.0000000000135,93.8500000000731,4.65000000004283));
#5969=CARTESIAN_POINT('',(-73.6500000000136,93.8500000000727,6.40000000004284));
#5970=CARTESIAN_POINT('',(-80.0000000000135,93.8500000000727,6.4000000000428));
#5971=CARTESIAN_POINT('',(-73.6500000000136,93.8500000000731,4.65000000004283));
#5972=CARTESIAN_POINT('Origin',(-73.6500000000136,91.0000000000731,4.65000000004224));
#5973=CARTESIAN_POINT('',(-73.6500000000135,88.1500000000727,6.40000000004159));
#5974=CARTESIAN_POINT('',(-73.6500000000136,88.1500000000731,4.65000000004158));
#5975=CARTESIAN_POINT('',(-73.6500000000136,91.0000000000727,6.40000000004221));
#5976=CARTESIAN_POINT('Origin',(-80.0000000000135,88.1500000000731,4.65000000004158));
#5977=CARTESIAN_POINT('',(-80.0000000000135,88.1500000000727,6.40000000004159));
#5978=CARTESIAN_POINT('Origin',(-80.0000000000135,91.0000000000727,6.40000000004221));
#5979=CARTESIAN_POINT('Origin',(-85.4000000000135,91.0000000000741,0.400000000042233));
#5980=CARTESIAN_POINT('',(-84.8000000000134,91.0000000000747,-2.5999999999577));
#5981=CARTESIAN_POINT('Origin',(-85.4000000000135,91.0000000000747,-2.5999999999577));
#5982=CARTESIAN_POINT('',(-84.8000000000135,91.0000000000741,0.400000000042233));
#5983=CARTESIAN_POINT('Origin',(-85.4000000000135,91.0000000000747,-2.5999999999577));
#5984=CARTESIAN_POINT('',(0.,0.,0.));
#5985=CARTESIAN_POINT('Origin',(-6.01433409855517E-17,1.41994962939816E-30,
-11.1500000000008));
#5986=CARTESIAN_POINT('',(0.999999999999996,-1.22464679914735E-16,-11.0000000000007));
#5987=CARTESIAN_POINT('Origin',(2.36658271566304E-29,0.,-11.0000000000007));
#5988=CARTESIAN_POINT('',(0.699999999999933,8.57252759403094E-17,-11.3000000000008));
#5989=CARTESIAN_POINT('',(0.849999999999967,1.04094977927522E-16,-11.1500000000008));
#5990=CARTESIAN_POINT('Origin',(-1.20286681971075E-16,2.83989925879632E-30,
-11.3000000000008));
#5991=CARTESIAN_POINT('Origin',(-1.00000000000009,-2.8421709430404E-13,
-11.3000000000008));
#5992=CARTESIAN_POINT('Origin',(0.,0.,-13.3));
#5993=CARTESIAN_POINT('',(1.,-1.22464679914735E-16,-1.3));
#5994=CARTESIAN_POINT('Origin',(1.23259516440783E-31,0.,-1.3));
#5995=CARTESIAN_POINT('',(1.,1.22464679914735E-16,-13.3));
#5996=CARTESIAN_POINT('Origin',(7.63565742604132E-16,0.,-3.33751286714218E-31));
#5997=CARTESIAN_POINT('',(-0.375277674973255,-0.65,1.64032250150828E-16));
#5998=CARTESIAN_POINT('',(0.375277674973257,-0.65,-1.64032250150829E-16));
#5999=CARTESIAN_POINT('Ctrl Pts',(0.375277674970655,-0.65,-1.30101448030377E-12));
#6000=CARTESIAN_POINT('Ctrl Pts',(4.73382800411927E-16,-0.65,-0.187638837485652));
#6001=CARTESIAN_POINT('Ctrl Pts',(-0.375277674970654,-0.65,-1.30050828809684E-12));
#6002=CARTESIAN_POINT('Origin',(7.63565742604132E-16,0.,-3.33751286714218E-31));
#6003=CARTESIAN_POINT('Origin',(7.63565742604132E-16,0.,-3.33751286714218E-31));
#6004=CARTESIAN_POINT('',(6.62618274735031E-17,1.75,-1.105));
#6005=CARTESIAN_POINT('Origin',(2.8057501732429E-16,0.,-1.105));
#6006=CARTESIAN_POINT('',(-1.8971829928822E-17,1.75,-1.3));
#6007=CARTESIAN_POINT('',(5.49252552753345E-16,1.75,-2.40075917480672E-31));
#6008=CARTESIAN_POINT('Origin',(1.95341359921965E-16,0.,-1.3));
#6009=CARTESIAN_POINT('Origin',(9.81509114373787E-16,6.05675464442612E-30,
-1.48575791855204));
#6010=CARTESIAN_POINT('',(-0.999999999999999,-9.60157368181862E-15,4.37095678986282E-16));
#6011=CARTESIAN_POINT('Origin',(7.63565742604132E-16,0.,-3.33751286714218E-31));
#6012=CARTESIAN_POINT('Origin',(-0.999999999999999,-6.98296267768627E-15,
4.37095678986282E-16));
#6013=CARTESIAN_POINT('',(0.375277674973257,0.65,-1.64032250150829E-16));
#6014=CARTESIAN_POINT('',(-0.375277674973256,0.65,1.64032250150829E-16));
#6015=CARTESIAN_POINT('Origin',(7.63565742604132E-16,0.,-3.33751286714218E-31));
#6016=CARTESIAN_POINT('',(0.750555349946514,2.16840434497101E-16,-3.28064500301658E-16));
#6017=CARTESIAN_POINT('Origin',(7.63565742604132E-16,0.,-3.33751286714218E-31));
#6018=CARTESIAN_POINT('Origin',(7.63565742604132E-16,0.,-3.33751286714218E-31));
#6019=CARTESIAN_POINT('',(-0.750555349946512,-1.0842021724855E-16,3.28064500301657E-16));
#6020=CARTESIAN_POINT('Origin',(7.63565742604132E-16,0.,-3.33751286714218E-31));
#6021=CARTESIAN_POINT('Origin',(7.63565742604132E-16,0.,-3.33751286714218E-31));
#6022=CARTESIAN_POINT('Origin',(-1.75,-1.2220184685951E-14,-1.3));
#6023=CARTESIAN_POINT('Origin',(7.63565742604132E-16,0.,-3.33751286714218E-31));
#6024=CARTESIAN_POINT('Ctrl Pts',(0.37527767497456,-0.649999999997745,-1.30230995453377E-12));
#6025=CARTESIAN_POINT('Ctrl Pts',(0.562916512459887,-0.324999999999999,
-0.187638837485652));
#6026=CARTESIAN_POINT('Ctrl Pts',(0.750555349945214,-2.25279729911272E-12,
-1.30103277170304E-12));
#6027=CARTESIAN_POINT('Origin',(7.63565742604132E-16,0.,-3.33751286714218E-31));
#6028=CARTESIAN_POINT('Ctrl Pts',(0.750555349945213,2.25399561277547E-12,
-1.30138902711629E-12));
#6029=CARTESIAN_POINT('Ctrl Pts',(0.562916512459886,0.325,-0.187638837485652));
#6030=CARTESIAN_POINT('Ctrl Pts',(0.375277674974558,0.649999999997747,-1.30085254602502E-12));
#6031=CARTESIAN_POINT('Origin',(7.63565742604132E-16,0.,-3.33751286714218E-31));
#6032=CARTESIAN_POINT('Ctrl Pts',(0.375277674970656,0.65,-1.30073919202989E-12));
#6033=CARTESIAN_POINT('Ctrl Pts',(7.50938556568216E-16,0.65,-0.187638837485652));
#6034=CARTESIAN_POINT('Ctrl Pts',(-0.375277674970654,0.65,-1.30065402894772E-12));
#6035=CARTESIAN_POINT('Origin',(7.63565742604132E-16,0.,-3.33751286714218E-31));
#6036=CARTESIAN_POINT('Ctrl Pts',(-0.375277674974558,0.649999999997745,
-1.30191711632197E-12));
#6037=CARTESIAN_POINT('Ctrl Pts',(-0.562916512459884,0.325,-0.187638837485651));
#6038=CARTESIAN_POINT('Ctrl Pts',(-0.750555349945211,2.25376890478522E-12,
-1.30089483239444E-12));
#6039=CARTESIAN_POINT('Origin',(7.63565742604132E-16,0.,-3.33751286714218E-31));
#6040=CARTESIAN_POINT('Ctrl Pts',(-0.750555349945211,-2.25396322591972E-12,
-1.30095960610594E-12));
#6041=CARTESIAN_POINT('Ctrl Pts',(-0.562916512459884,-0.325,-0.187638837485652));
#6042=CARTESIAN_POINT('Ctrl Pts',(-0.375277674974556,-0.649999999997747,
-1.30089693036584E-12));
#6043=CARTESIAN_POINT('Origin',(-0.375277674973256,-0.65,-0.91));
#6044=CARTESIAN_POINT('',(-0.750555349946513,2.58129674329908E-17,-0.91));
#6045=CARTESIAN_POINT('',(-0.375277674973256,-0.65,-0.91));
#6046=CARTESIAN_POINT('',(-0.750555349946513,2.58129674329908E-17,-0.91));
#6047=CARTESIAN_POINT('',(0.375277674973257,-0.65,-0.91));
#6048=CARTESIAN_POINT('',(-0.375277674973256,-0.65,-0.91));
#6049=CARTESIAN_POINT('',(0.750555349946513,9.28335385697928E-17,-0.91));
#6050=CARTESIAN_POINT('',(0.375277674973257,-0.65,-0.91));
#6051=CARTESIAN_POINT('',(0.375277674973256,0.65,-0.91));
#6052=CARTESIAN_POINT('',(0.750555349946513,9.28335385697928E-17,-0.91));
#6053=CARTESIAN_POINT('',(-0.375277674973257,0.65,-0.91));
#6054=CARTESIAN_POINT('',(0.375277674973256,0.65,-0.91));
#6055=CARTESIAN_POINT('',(-0.375277674973257,0.65,-0.91));
#6056=CARTESIAN_POINT('Origin',(-0.375277674973256,-0.65,-0.91));
#6057=CARTESIAN_POINT('',(-0.375277674973256,-0.65,-0.91));
#6058=CARTESIAN_POINT('',(0.375277674973257,-0.65,-0.91));
#6059=CARTESIAN_POINT('Origin',(0.375277674973257,-0.65,-0.91));
#6060=CARTESIAN_POINT('',(0.750555349946513,9.28335385697928E-17,-0.91));
#6061=CARTESIAN_POINT('Origin',(0.750555349946513,9.28335385697928E-17,
-0.91));
#6062=CARTESIAN_POINT('',(0.375277674973256,0.65,-0.91));
#6063=CARTESIAN_POINT('Origin',(0.375277674973256,0.65,-0.91));
#6064=CARTESIAN_POINT('',(-0.375277674973257,0.65,-0.91));
#6065=CARTESIAN_POINT('Origin',(-0.375277674973257,0.65,-0.91));
#6066=CARTESIAN_POINT('',(-0.750555349946513,2.58129674329908E-17,-0.91));
#6067=CARTESIAN_POINT('Origin',(-0.750555349946513,2.58129674329908E-17,
-0.91));
#6068=CARTESIAN_POINT('',(0.,0.,0.));
#6069=CARTESIAN_POINT('Origin',(0.,-5.0339471076653,-0.5));
#6070=CARTESIAN_POINT('',(5.75234640628259,-1.04514894003036,-9.76845626893707));
#6071=CARTESIAN_POINT('',(5.75234640628259,-1.04514894003036,-7.23154373106293));
#6072=CARTESIAN_POINT('Ctrl Pts',(5.75234640628259,-1.04514894003037,-9.76845626893707));
#6073=CARTESIAN_POINT('Ctrl Pts',(5.69991677648666,-0.969538849004342,-9.60041297967489));
#6074=CARTESIAN_POINT('Ctrl Pts',(5.65261413424796,-0.904628087360343,-9.41431428082709));
#6075=CARTESIAN_POINT('Ctrl Pts',(5.57536585489137,-0.800690705478832,-8.98193125634862));
#6076=CARTESIAN_POINT('Ctrl Pts',(5.55357301203239,-0.77274694808285,-8.73164712814074));
#6077=CARTESIAN_POINT('Ctrl Pts',(5.55357301203239,-0.77274694808285,-8.5));
#6078=CARTESIAN_POINT('Ctrl Pts',(5.55357301203239,-0.77274694808285,-8.26835287185926));
#6079=CARTESIAN_POINT('Ctrl Pts',(5.57536585489137,-0.800690705478833,-8.01806874365138));
#6080=CARTESIAN_POINT('Ctrl Pts',(5.65261413424796,-0.904628087360344,-7.58568571917291));
#6081=CARTESIAN_POINT('Ctrl Pts',(5.69991677648666,-0.969538849004342,-7.39958702032511));
#6082=CARTESIAN_POINT('Ctrl Pts',(5.75234640628259,-1.04514894003037,-7.23154373106293));
#6083=CARTESIAN_POINT('',(5.75234640628259,-1.04514894003036,-12.5));
#6084=CARTESIAN_POINT('',(5.75234640628259,-1.04514894003036,-0.5));
#6085=CARTESIAN_POINT('',(3.05816267364673,1.26269017436976,-12.5));
#6086=CARTESIAN_POINT('Origin',(0.,-5.0339471076653,-12.5));
#6087=CARTESIAN_POINT('',(3.05816267364673,1.26269017436976,-4.16333634234434E-16));
#6088=CARTESIAN_POINT('',(3.05816267364673,1.26269017436976,-0.5));
#6089=CARTESIAN_POINT('',(5.75234640628259,-1.04514894003036,-4.16333634234434E-16));
#6090=CARTESIAN_POINT('Origin',(0.,-5.0339471076653,-4.16333634234434E-16));
#6091=CARTESIAN_POINT('',(5.75234640628259,-1.04514894003036,-0.5));
#6092=CARTESIAN_POINT('Origin',(0.34813468269387,-2.51697355383265,-8.5));
#6093=CARTESIAN_POINT('',(1.85234640628259,-2.51697355383258,-10.043));
#6094=CARTESIAN_POINT('Origin',(1.85234640628259,-2.51697355383265,-8.5));
#6095=CARTESIAN_POINT('',(5.35234640628259,-2.51697355383258,-10.043));
#6096=CARTESIAN_POINT('',(0.34813468269387,-2.51697355383258,-10.043));
#6097=CARTESIAN_POINT('',(5.35234640628259,-1.05741490168908,-9.00053725231279));
#6098=CARTESIAN_POINT('Origin',(5.35234640628259,-2.51697355383265,-8.5));
#6099=CARTESIAN_POINT('Origin',(5.35234640628259,-2.51697355383265,-8.5));
#6100=CARTESIAN_POINT('Origin',(0.,0.,-0.5));
#6101=CARTESIAN_POINT('',(5.75234640628259,-3.98879816763494,-7.23154373106293));
#6102=CARTESIAN_POINT('',(5.75234640628259,-3.98879816763494,-9.76845626893707));
#6103=CARTESIAN_POINT('Ctrl Pts',(5.75234640628259,-3.98879816763493,-7.23154373106293));
#6104=CARTESIAN_POINT('Ctrl Pts',(5.69991677648666,-4.06440825866096,-7.39958702032511));
#6105=CARTESIAN_POINT('Ctrl Pts',(5.65261413424796,-4.12931902030496,-7.58568571917291));
#6106=CARTESIAN_POINT('Ctrl Pts',(5.57536585489137,-4.23325640218647,-8.01806874365138));
#6107=CARTESIAN_POINT('Ctrl Pts',(5.55357301203239,-4.26120015958245,-8.26835287185926));
#6108=CARTESIAN_POINT('Ctrl Pts',(5.55357301203239,-4.26120015958245,-8.73164712814074));
#6109=CARTESIAN_POINT('Ctrl Pts',(5.57536585489137,-4.23325640218647,-8.98193125634862));
#6110=CARTESIAN_POINT('Ctrl Pts',(5.65261413424796,-4.12931902030496,-9.41431428082709));
#6111=CARTESIAN_POINT('Ctrl Pts',(5.69991677648666,-4.06440825866096,-9.60041297967489));
#6112=CARTESIAN_POINT('Ctrl Pts',(5.75234640628259,-3.98879816763493,-9.76845626893707));
#6113=CARTESIAN_POINT('',(5.75234640628259,-3.98879816763494,-4.16333634234434E-16));
#6114=CARTESIAN_POINT('',(5.75234640628259,-3.98879816763494,-0.5));
#6115=CARTESIAN_POINT('',(3.05816267364726,-6.29663728203616,-4.16333634234434E-16));
#6116=CARTESIAN_POINT('Origin',(0.,0.,-4.16333634234434E-16));
#6117=CARTESIAN_POINT('',(3.05816267364726,-6.29663728203616,-12.5));
#6118=CARTESIAN_POINT('',(3.05816267364726,-6.29663728203616,-0.5));
#6119=CARTESIAN_POINT('',(5.75234640628259,-3.98879816763494,-12.5));
#6120=CARTESIAN_POINT('Origin',(0.,0.,-12.5));
#6121=CARTESIAN_POINT('',(5.75234640628259,-3.98879816763494,-0.5));
#6122=CARTESIAN_POINT('Origin',(3.75234640628259,-2.51697355383326,-4.16333634234434E-16));
#6123=CARTESIAN_POINT('',(2.05234640628259,-5.21697355383265,-4.16333634234434E-16));
#6124=CARTESIAN_POINT('',(2.05234640628259,-5.66697355383265,-4.16333634234434E-16));
#6125=CARTESIAN_POINT('',(2.05234640628259,-5.21697355383265,-4.16333634234434E-16));
#6126=CARTESIAN_POINT('Origin',(2.75234640628259,-5.66697355383265,-4.16333634234434E-16));
#6127=CARTESIAN_POINT('',(5.75234640628259,-2.01697355383295,-4.16333634234434E-16));
#6128=CARTESIAN_POINT('',(2.05234640628381,0.63302644616735,-4.16333634234434E-16));
#6129=CARTESIAN_POINT('Origin',(2.75234640628259,0.63302644616735,-4.16333634234434E-16));
#6130=CARTESIAN_POINT('',(2.05234640628259,0.18302644616735,-4.16333634234434E-16));
#6131=CARTESIAN_POINT('',(2.05234640628259,0.18302644616735,-4.16333634234434E-16));
#6132=CARTESIAN_POINT('',(1.80234640628259,-0.0669735538326502,-4.16333634234434E-16));
#6133=CARTESIAN_POINT('Origin',(1.80234640628259,0.18302644616735,-4.16333634234434E-16));
#6134=CARTESIAN_POINT('',(1.70234640628259,-0.0669735538326502,-4.16333634234434E-16));
#6135=CARTESIAN_POINT('',(1.70234640628259,-0.0669735538326502,-4.16333634234434E-16));
#6136=CARTESIAN_POINT('',(1.45234640628259,-0.31697355383265,-4.16333634234434E-16));
#6137=CARTESIAN_POINT('Origin',(1.70234640628259,-0.31697355383265,-4.16333634234434E-16));
#6138=CARTESIAN_POINT('',(1.45234640628259,-4.71697355383265,-4.16333634234434E-16));
#6139=CARTESIAN_POINT('',(1.45234640628259,-2.51697355383265,-4.16333634234434E-16));
#6140=CARTESIAN_POINT('',(1.70234640628259,-4.96697355383265,-4.16333634234434E-16));
#6141=CARTESIAN_POINT('Origin',(1.70234640628259,-4.71697355383265,-4.16333634234434E-16));
#6142=CARTESIAN_POINT('',(1.80234640628259,-4.96697355383265,-4.16333634234434E-16));
#6143=CARTESIAN_POINT('',(1.70234640628259,-4.96697355383265,-4.16333634234434E-16));
#6144=CARTESIAN_POINT('Origin',(1.80234640628259,-5.21697355383265,-4.16333634234434E-16));
#6145=CARTESIAN_POINT('Origin',(5.55234640628259,-2.51697355383265,-8.5));
#6146=CARTESIAN_POINT('',(5.75234640628259,-2.51697355383256,-10.443));
#6147=CARTESIAN_POINT('',(5.55234640628259,-2.51697355383257,-10.243));
#6148=CARTESIAN_POINT('Origin',(5.75234640628259,-2.51697355383265,-8.5));
#6149=CARTESIAN_POINT('Origin',(5.75234640628259,-2.51697355383265,-8.5));
#6150=CARTESIAN_POINT('Origin',(5.75234640628259,-2.51697355383265,-8.5));
#6151=CARTESIAN_POINT('Origin',(5.75234640628259,-1.51697355383265,-0.5));
#6152=CARTESIAN_POINT('',(5.75234640628259,-2.01697355383295,-12.5));
#6153=CARTESIAN_POINT('Origin',(1.65234640628259,-2.51697355383265,-8.5));
#6154=CARTESIAN_POINT('',(1.45234640628259,-2.51697355383256,-10.443));
#6155=CARTESIAN_POINT('',(1.65234640628259,-2.51697355383257,-10.243));
#6156=CARTESIAN_POINT('Origin',(1.45234640628259,-2.51697355383265,-8.5));
#6157=CARTESIAN_POINT('Origin',(1.45234640628259,-4.71697355383265,-0.5));
#6158=CARTESIAN_POINT('',(1.45234640628259,-0.31697355383265,-12.5));
#6159=CARTESIAN_POINT('',(1.45234640628259,-0.31697355383265,-0.5));
#6160=CARTESIAN_POINT('',(1.45234640628259,-4.71697355383265,-12.5));
#6161=CARTESIAN_POINT('',(1.45234640628259,-2.51697355383265,-12.5));
#6162=CARTESIAN_POINT('',(1.45234640628259,-4.71697355383265,-0.5));
#6163=CARTESIAN_POINT('Origin',(5.75234640628259,-1.51697355383265,-0.5));
#6164=CARTESIAN_POINT('Origin',(2.75234640628259,-5.66697355383265,-0.5));
#6165=CARTESIAN_POINT('',(2.05234640628259,-5.66697355383265,-12.5));
#6166=CARTESIAN_POINT('',(2.05234640628259,-5.66697355383265,-0.5));
#6167=CARTESIAN_POINT('Origin',(2.75234640628259,-5.66697355383265,-12.5));
#6168=CARTESIAN_POINT('Origin',(2.75234640628259,0.63302644616735,-0.5));
#6169=CARTESIAN_POINT('',(2.05234640628381,0.63302644616735,-12.5));
#6170=CARTESIAN_POINT('Origin',(2.75234640628259,0.63302644616735,-12.5));
#6171=CARTESIAN_POINT('',(2.05234640628381,0.63302644616735,-0.5));
#6172=CARTESIAN_POINT('Origin',(2.05234640628259,0.18302644616735,-0.5));
#6173=CARTESIAN_POINT('',(2.05234640628259,0.18302644616735,-12.5));
#6174=CARTESIAN_POINT('',(2.05234640628259,0.18302644616735,-12.5));
#6175=CARTESIAN_POINT('',(2.05234640628259,0.18302644616735,-0.5));
#6176=CARTESIAN_POINT('Origin',(1.80234640628259,0.18302644616735,-0.5));
#6177=CARTESIAN_POINT('',(1.80234640628259,-0.0669735538326502,-12.5));
#6178=CARTESIAN_POINT('Origin',(1.80234640628259,0.18302644616735,-12.5));
#6179=CARTESIAN_POINT('',(1.80234640628259,-0.0669735538326502,-0.5));
#6180=CARTESIAN_POINT('Origin',(1.70234640628259,-0.0669735538326502,-0.5));
#6181=CARTESIAN_POINT('',(1.70234640628259,-0.0669735538326502,-12.5));
#6182=CARTESIAN_POINT('',(1.70234640628259,-0.0669735538326502,-12.5));
#6183=CARTESIAN_POINT('',(1.70234640628259,-0.0669735538326502,-0.5));
#6184=CARTESIAN_POINT('Origin',(1.70234640628259,-0.31697355383265,-0.5));
#6185=CARTESIAN_POINT('Origin',(1.70234640628259,-0.31697355383265,-12.5));
#6186=CARTESIAN_POINT('Origin',(1.70234640628259,-4.71697355383265,-0.5));
#6187=CARTESIAN_POINT('',(1.70234640628259,-4.96697355383265,-12.5));
#6188=CARTESIAN_POINT('Origin',(1.70234640628259,-4.71697355383265,-12.5));
#6189=CARTESIAN_POINT('',(1.70234640628259,-4.96697355383265,-0.5));
#6190=CARTESIAN_POINT('Origin',(1.80234640628259,-4.96697355383265,-0.5));
#6191=CARTESIAN_POINT('',(1.80234640628259,-4.96697355383265,-12.5));
#6192=CARTESIAN_POINT('',(1.70234640628259,-4.96697355383265,-12.5));
#6193=CARTESIAN_POINT('',(1.80234640628259,-4.96697355383265,-0.5));
#6194=CARTESIAN_POINT('Origin',(1.80234640628259,-5.21697355383265,-0.5));
#6195=CARTESIAN_POINT('',(2.05234640628259,-5.21697355383265,-12.5));
#6196=CARTESIAN_POINT('Origin',(1.80234640628259,-5.21697355383265,-12.5));
#6197=CARTESIAN_POINT('',(2.05234640628259,-5.21697355383265,-0.5));
#6198=CARTESIAN_POINT('Origin',(2.05234640628259,-5.66697355383265,-0.5));
#6199=CARTESIAN_POINT('',(2.05234640628259,-5.21697355383265,-12.5));
#6200=CARTESIAN_POINT('Origin',(3.75234640628259,-2.51697355383326,-12.5));
#6201=CARTESIAN_POINT('',(0.,0.,0.));
#6202=CARTESIAN_POINT('Origin',(6.4817553558587E-56,0.,3.));
#6203=CARTESIAN_POINT('',(0.721687836487032,1.25,2.89174682452695));
#6204=CARTESIAN_POINT('',(-0.721687836487032,1.25,2.89174682452695));
#6205=CARTESIAN_POINT('Ctrl Pts',(0.721687836487016,1.25,2.89174682452694));
#6206=CARTESIAN_POINT('Ctrl Pts',(4.44089209850063E-16,1.25,2.53090290628344));
#6207=CARTESIAN_POINT('Ctrl Pts',(-0.721687836487014,1.25,2.89174682452694));
#6208=CARTESIAN_POINT('',(1.44337567297406,6.8102065467296E-16,2.89174682452695));
#6209=CARTESIAN_POINT('Ctrl Pts',(1.44337567297406,1.61640161096941E-14,
2.89174682452694));
#6210=CARTESIAN_POINT('Ctrl Pts',(1.08253175473055,0.625,2.53090290628344));
#6211=CARTESIAN_POINT('Ctrl Pts',(0.721687836487041,1.24999999999998,2.89174682452694));
#6212=CARTESIAN_POINT('',(0.721687836487032,-1.25,2.89174682452695));
#6213=CARTESIAN_POINT('Ctrl Pts',(0.721687836487041,-1.24999999999998,2.89174682452694));
#6214=CARTESIAN_POINT('Ctrl Pts',(1.08253175473055,-0.625,2.53090290628344));
#6215=CARTESIAN_POINT('Ctrl Pts',(1.44337567297406,-1.47481898811077E-14,
2.89174682452694));
#6216=CARTESIAN_POINT('',(7.65404249467096E-17,-1.25,2.69837115155288));
#6217=CARTESIAN_POINT('Ctrl Pts',(0.721687836487015,-1.25,2.89174682452694));
#6218=CARTESIAN_POINT('Ctrl Pts',(0.334936490538896,-1.25,2.69837115155288));
#6219=CARTESIAN_POINT('Ctrl Pts',(0.,-1.25,2.69837115155288));
#6220=CARTESIAN_POINT('',(1.90019730271546E-16,-1.55162884844712,3.));
#6221=CARTESIAN_POINT('',(1.90019730271546E-16,-1.55162884844712,3.));
#6222=CARTESIAN_POINT('Origin',(6.4817553558587E-56,0.,3.));
#6223=CARTESIAN_POINT('',(-0.721687836487032,-1.25,2.89174682452695));
#6224=CARTESIAN_POINT('Ctrl Pts',(0.,-1.25,2.69837115155288));
#6225=CARTESIAN_POINT('Ctrl Pts',(-0.334936490538897,-1.25,2.69837115155288));
#6226=CARTESIAN_POINT('Ctrl Pts',(-0.721687836487016,-1.25,2.89174682452694));
#6227=CARTESIAN_POINT('',(-1.44337567297406,-3.84265069311922E-16,2.89174682452695));
#6228=CARTESIAN_POINT('Ctrl Pts',(-1.44337567297406,-1.50234894255551E-14,
2.89174682452694));
#6229=CARTESIAN_POINT('Ctrl Pts',(-1.08253175473055,-0.625,2.53090290628344));
#6230=CARTESIAN_POINT('Ctrl Pts',(-0.721687836487041,-1.24999999999998,
2.89174682452694));
#6231=CARTESIAN_POINT('Ctrl Pts',(-0.72168783648704,1.24999999999999,2.89174682452694));
#6232=CARTESIAN_POINT('Ctrl Pts',(-1.08253175473055,0.625,2.53090290628344));
#6233=CARTESIAN_POINT('Ctrl Pts',(-1.44337567297406,1.43155763112619E-14,
2.89174682452694));
#6234=CARTESIAN_POINT('Origin',(1.13195988485334E-71,0.,2.85));
#6235=CARTESIAN_POINT('',(2.75,-3.36777869765522E-16,2.85));
#6236=CARTESIAN_POINT('Origin',(1.13195988485334E-71,0.,2.85));
#6237=CARTESIAN_POINT('',(2.6,-3.18408167778312E-16,3.));
#6238=CARTESIAN_POINT('',(2.75,-3.36777869765522E-16,2.85));
#6239=CARTESIAN_POINT('Origin',(2.26391976970668E-71,0.,3.));
#6240=CARTESIAN_POINT('Origin',(0.,0.,-12.));
#6241=CARTESIAN_POINT('',(-2.75,3.36777869765522E-16,0.15));
#6242=CARTESIAN_POINT('',(2.75,-3.36777869765522E-16,0.149999999999999));
#6243=CARTESIAN_POINT('Origin',(0.,0.,0.15));
#6244=CARTESIAN_POINT('Origin',(0.,0.,0.15));
#6245=CARTESIAN_POINT('',(2.75,-3.36777869765522E-16,-12.));
#6246=CARTESIAN_POINT('Origin',(0.,0.,1.66533453693773E-15));
#6247=CARTESIAN_POINT('',(-2.6,-3.18408167778312E-16,1.5653036608642E-15));
#6248=CARTESIAN_POINT('',(-2.6,-3.18408167778312E-16,1.66533453693773E-15));
#6249=CARTESIAN_POINT('Origin',(0.,0.,1.66533453693773E-15));
#6250=CARTESIAN_POINT('Origin',(2.72233724946065E-56,0.,-0.149999999999998));
#6251=CARTESIAN_POINT('',(1.5,-1.83697019872103E-16,-0.149999999999998));
#6252=CARTESIAN_POINT('Origin',(0.,0.,-0.149999999999998));
#6253=CARTESIAN_POINT('',(1.65,-2.02066721859313E-16,1.66533453693773E-15));
#6254=CARTESIAN_POINT('Origin',(1.65,-2.02066721859313E-16,-0.149999999999998));
#6255=CARTESIAN_POINT('Origin',(0.,0.,1.66533453693773E-15));
#6256=CARTESIAN_POINT('Origin',(0.,0.,-12.));
#6257=CARTESIAN_POINT('',(-1.5,1.79472654138746E-14,-11.6752404735808));
#6258=CARTESIAN_POINT('',(1.5,-1.83697019872103E-16,-11.6752404735808));
#6259=CARTESIAN_POINT('Origin',(-3.14418630020796E-17,1.77635683940025E-14,
-11.6752404735808));
#6260=CARTESIAN_POINT('Origin',(-3.14418630020796E-17,1.77635683940025E-14,
-11.6752404735808));
#6261=CARTESIAN_POINT('',(1.5,-1.83697019872103E-16,-12.));
#6262=CARTESIAN_POINT('Origin',(-3.14418630020796E-17,1.77635683940025E-14,
-12.));
#6263=CARTESIAN_POINT('',(-1.17524047358084,1.76196429455826E-14,-12.));
#6264=CARTESIAN_POINT('',(-1.17524047358084,1.76196429455826E-14,-12.));
#6265=CARTESIAN_POINT('Origin',(-3.14418630020796E-17,1.77635683940025E-14,
-12.));
#6266=CARTESIAN_POINT('Origin',(-1.17524047358084,1.77635683940025E-14,
-12.));
#6267=CARTESIAN_POINT('Origin',(-2.6,0.,5.55111512312578E-16));
#6268=CARTESIAN_POINT('Origin',(0.,0.,3.));
#6269=CARTESIAN_POINT('Origin',(-2.6,0.,1.));
#6270=CARTESIAN_POINT('',(1.44337567297406,6.50521303491303E-16,1.));
#6271=CARTESIAN_POINT('',(0.721687836487032,1.25,1.));
#6272=CARTESIAN_POINT('',(1.44337567297406,7.62940761368227E-16,1.));
#6273=CARTESIAN_POINT('',(-0.721687836487032,1.25,1.));
#6274=CARTESIAN_POINT('',(0.721687836487032,1.25,1.));
#6275=CARTESIAN_POINT('',(-1.44337567297406,-2.16840434497101E-16,1.));
#6276=CARTESIAN_POINT('',(-0.721687836487032,1.25,1.));
#6277=CARTESIAN_POINT('',(-0.721687836487032,-1.25,1.));
#6278=CARTESIAN_POINT('',(-1.44337567297406,-3.13480004751408E-16,1.));
#6279=CARTESIAN_POINT('',(0.721687836487033,-1.25,1.));
#6280=CARTESIAN_POINT('',(-0.721687836487032,-1.25,1.));
#6281=CARTESIAN_POINT('',(0.721687836487032,-1.25,1.));
#6282=CARTESIAN_POINT('Origin',(1.44337567297406,7.62940761368227E-16,-3.81881307912987));
#6283=CARTESIAN_POINT('',(1.44337567297406,7.62940761368227E-16,-3.81881307912987));
#6284=CARTESIAN_POINT('',(0.721687836487032,1.25,-3.81881307912987));
#6285=CARTESIAN_POINT('Origin',(0.721687836487032,-1.25,-3.81881307912987));
#6286=CARTESIAN_POINT('',(0.721687836487032,-1.25,-3.81881307912987));
#6287=CARTESIAN_POINT('Origin',(-0.721687836487032,-1.25,-3.81881307912987));
#6288=CARTESIAN_POINT('',(-0.721687836487032,-1.25,-3.81881307912987));
#6289=CARTESIAN_POINT('Origin',(-1.44337567297406,-3.13480004751408E-16,
-3.81881307912987));
#6290=CARTESIAN_POINT('',(-1.44337567297406,-3.13480004751408E-16,-3.81881307912987));
#6291=CARTESIAN_POINT('Origin',(-0.721687836487032,1.25,-3.81881307912987));
#6292=CARTESIAN_POINT('',(-0.721687836487032,1.25,-3.81881307912987));
#6293=CARTESIAN_POINT('Origin',(0.721687836487032,1.25,-3.81881307912987));
#6294=CARTESIAN_POINT('',(0.,0.,0.));
#6295=CARTESIAN_POINT('Origin',(-40.0749076671209,-38.5218837629867,31.3999999999999));
#6296=CARTESIAN_POINT('',(-39.0749076671209,-38.5218837629867,29.9999999999999));
#6297=CARTESIAN_POINT('',(-40.0749076671209,-38.5218837629867,30.9999999999999));
#6298=CARTESIAN_POINT('Origin',(-40.0749076671209,-38.5218837629867,29.9999999999999));
#6299=CARTESIAN_POINT('',(-40.0749076671209,-38.1218837629867,31.3999999999999));
#6300=CARTESIAN_POINT('Origin',(-40.0749076671209,-38.5218837629867,31.3999999999999));
#6301=CARTESIAN_POINT('',(-39.0749076671209,-38.1218837629867,30.0583592135001));
#6302=CARTESIAN_POINT('Ctrl Pts',(-40.0749076671209,-38.1218837629867,31.3999999999999));
#6303=CARTESIAN_POINT('Ctrl Pts',(-39.8034989672534,-38.1218837629867,31.2283460663267));
#6304=CARTESIAN_POINT('Ctrl Pts',(-39.4858520501752,-38.1218837629867,31.0101617320676));
#6305=CARTESIAN_POINT('Ctrl Pts',(-39.233252937524,-38.1218837629867,30.649067578874));
#6306=CARTESIAN_POINT('Ctrl Pts',(-39.1678438459835,-38.1218837629867,30.5213989727011));
#6307=CARTESIAN_POINT('Ctrl Pts',(-39.0965879188635,-38.1218837629867,30.3017077177448));
#6308=CARTESIAN_POINT('Ctrl Pts',(-39.0749076671209,-38.1218837629867,30.1697764839906));
#6309=CARTESIAN_POINT('Ctrl Pts',(-39.0749076671209,-38.1218837629867,30.0583592135001));
#6310=CARTESIAN_POINT('Origin',(-39.0749076671209,-38.5218837629867,31.3999999999999));
#6311=CARTESIAN_POINT('Origin',(-40.0749076671209,-46.5969502776829,30.));
#6312=CARTESIAN_POINT('',(-39.0749076671209,-63.7219502791121,30.));
#6313=CARTESIAN_POINT('',(-40.0749076671209,-63.7219502791121,31.));
#6314=CARTESIAN_POINT('Origin',(-40.0749076671209,-63.7219502791121,30.));
#6315=CARTESIAN_POINT('',(-40.0749076671209,-46.5969502776829,31.));
#6316=CARTESIAN_POINT('',(-39.0749076671209,-46.5969502776829,30.));
#6317=CARTESIAN_POINT('Origin',(-40.0749076671217,-63.7219502791121,31.4));
#6318=CARTESIAN_POINT('',(-39.0749076671212,-64.121950279113,30.0583592135004));
#6319=CARTESIAN_POINT('',(-40.0749076671217,-64.1219502791121,31.4000000000003));
#6320=CARTESIAN_POINT('Ctrl Pts',(-39.0749076671217,-64.121950279113,30.0583592135004));
#6321=CARTESIAN_POINT('Ctrl Pts',(-39.0749076671217,-64.1219502791129,30.169776483991));
#6322=CARTESIAN_POINT('Ctrl Pts',(-39.0965879188643,-64.1219502791128,30.3017077177452));
#6323=CARTESIAN_POINT('Ctrl Pts',(-39.1678438459843,-64.1219502791127,30.5213989727015));
#6324=CARTESIAN_POINT('Ctrl Pts',(-39.2332529375248,-64.1219502791126,30.6490675788744));
#6325=CARTESIAN_POINT('Ctrl Pts',(-39.4858520501759,-64.1219502791124,31.010161732068));
#6326=CARTESIAN_POINT('Ctrl Pts',(-39.8034989672542,-64.1219502791122,31.228346066327));
#6327=CARTESIAN_POINT('Ctrl Pts',(-40.0749076671217,-64.1219502791121,31.4000000000003));
#6328=CARTESIAN_POINT('Origin',(-40.0749076671217,-63.7219502791121,31.4));
#6329=CARTESIAN_POINT('Origin',(-39.0749076671209,-63.7219502791121,31.4));
#6330=CARTESIAN_POINT('Origin',(-39.0749076671209,-51.1221369464669,29.9999999999999));
#6331=CARTESIAN_POINT('',(-39.074907667121,-38.1218837629867,14.9416407864998));
#6332=CARTESIAN_POINT('',(-39.074907667121,-38.1218837629867,15.));
#6333=CARTESIAN_POINT('',(-39.074907667121,-38.5218837629867,15.));
#6334=CARTESIAN_POINT('Origin',(-39.074907667121,-38.5218837629867,13.6));
#6335=CARTESIAN_POINT('',(-39.074907667121,-63.721950279123,15.));
#6336=CARTESIAN_POINT('',(-39.074907667121,-50.9950436120757,15.));
#6337=CARTESIAN_POINT('',(-39.0749076671212,-64.1219502791222,14.9416407865001));
#6338=CARTESIAN_POINT('Origin',(-39.074907667121,-63.721950279123,13.6));
#6339=CARTESIAN_POINT('',(-39.0749076671212,-64.1219502791222,15.000000000008));
#6340=CARTESIAN_POINT('Origin',(-35.6865454299808,-38.5218837629867,31.3999999999999));
#6341=CARTESIAN_POINT('',(-42.0749084386632,-38.5218837629867,30.9999999999999));
#6342=CARTESIAN_POINT('',(-35.6865454299808,-38.5218837629867,30.9999999999999));
#6343=CARTESIAN_POINT('',(-42.0749076671209,-38.1218821108988,31.3999999999999));
#6344=CARTESIAN_POINT('Origin',(-42.0749084386632,-38.5218837629867,31.3999999999999));
#6345=CARTESIAN_POINT('',(-35.6865454299808,-38.1218837629867,31.3999999999999));
#6346=CARTESIAN_POINT('Origin',(-42.0749076671209,-42.0717636088988,31.));
#6347=CARTESIAN_POINT('',(-42.0749084386632,-63.721950279112,31.0000000000001));
#6348=CARTESIAN_POINT('',(-35.6865454299819,-63.7219502791123,31.));
#6349=CARTESIAN_POINT('',(-42.0749084386632,-46.5969502776829,31.));
#6350=CARTESIAN_POINT('Origin',(-35.6865454299819,-63.7219502791123,31.4));
#6351=CARTESIAN_POINT('',(-42.0749076671212,-64.1219502791253,31.4000000000003));
#6352=CARTESIAN_POINT('',(-35.6865454299819,-64.1219502791123,31.4000000000003));
#6353=CARTESIAN_POINT('Origin',(-42.074908438664,-63.721950279112,31.4000000000001));
#6354=CARTESIAN_POINT('Origin',(-29.2981831928416,-64.121950279132,8.06466005087714E-12));
#6355=CARTESIAN_POINT('',(-40.0749076671217,-64.121950279123,13.6000000000002));
#6356=CARTESIAN_POINT('Ctrl Pts',(-40.0749076671217,-64.121950279123,13.6000000000002));
#6357=CARTESIAN_POINT('Ctrl Pts',(-39.8034989672542,-64.1219502791229,13.7716539336735));
#6358=CARTESIAN_POINT('Ctrl Pts',(-39.4858520501759,-64.1219502791228,13.9898382679325));
#6359=CARTESIAN_POINT('Ctrl Pts',(-39.2332529375248,-64.1219502791226,14.3509324211261));
#6360=CARTESIAN_POINT('Ctrl Pts',(-39.1678438459843,-64.1219502791225,14.478601027299));
#6361=CARTESIAN_POINT('Ctrl Pts',(-39.0965879188643,-64.1219502791224,14.6982922822553));
#6362=CARTESIAN_POINT('Ctrl Pts',(-39.0749076671217,-64.1219502791223,14.8302235160095));
#6363=CARTESIAN_POINT('Ctrl Pts',(-39.0749076671217,-64.1219502791222,14.9416407865001));
#6364=CARTESIAN_POINT('',(-47.0749109096853,-64.1219502791225,13.6000000000002));
#6365=CARTESIAN_POINT('',(-33.2115458157528,-64.1219502791234,13.6000000000002));
#6366=CARTESIAN_POINT('',(-47.0749109096852,-64.1219502791287,3.66647352559119));
#6367=CARTESIAN_POINT('',(-47.0749109096853,-64.1219502791309,1.14334133838425E-11));
#6368=CARTESIAN_POINT('',(-47.0742813613541,-64.1219502791287,3.62132034356146));
#6369=CARTESIAN_POINT('Ctrl Pts',(-47.0742813613542,-64.1219502791285,3.62132034356145));
#6370=CARTESIAN_POINT('Ctrl Pts',(-47.0749109096854,-64.1219502791285,3.64385000265259));
#6371=CARTESIAN_POINT('Ctrl Pts',(-47.0749109096854,-64.1219502791285,3.66647352559055));
#6372=CARTESIAN_POINT('',(-36.1358433646205,-64.1219502791294,3.62132034356146));
#6373=CARTESIAN_POINT('',(-31.2548645042972,-64.1219502791296,3.62132034356146));
#6374=CARTESIAN_POINT('',(-35.6965033218824,-64.121950279129,4.24264099049528));
#6375=CARTESIAN_POINT('',(-36.6924145610987,-64.1219502791298,2.83420980907576));
#6376=CARTESIAN_POINT('',(-35.0751831928407,-64.1219502791281,5.74264068712087));
#6377=CARTESIAN_POINT('Ctrl Pts',(-35.0751831928408,-64.1219502791281,5.74264046609682));
#6378=CARTESIAN_POINT('Ctrl Pts',(-35.0751832843919,-64.1219502791285,5.12132021408853));
#6379=CARTESIAN_POINT('Ctrl Pts',(-35.6965033218824,-64.121950279129,4.24264099049528));
#6380=CARTESIAN_POINT('',(-35.0751831928407,-64.1219502791013,49.5000000000012));
#6381=CARTESIAN_POINT('',(-35.0751831928407,-64.1219502791316,6.8934727993219E-12));
#6382=CARTESIAN_POINT('',(-42.0749076671212,-64.1219502791252,49.500000000001));
#6383=CARTESIAN_POINT('',(-33.1866831928411,-64.1219502791014,49.500000000001));
#6384=CARTESIAN_POINT('',(-42.0749076671212,-64.1219502791253,32.0000000000025));
#6385=CARTESIAN_POINT('Origin',(-29.2981831928408,-38.1218837629867,-1.77635683940026E-14));
#6386=CARTESIAN_POINT('',(-42.0749076671209,-38.1218821108988,49.5));
#6387=CARTESIAN_POINT('',(-42.0749076671209,-38.1218821108988,31.9999999999999));
#6388=CARTESIAN_POINT('',(-35.0751831928408,-38.1218837629867,49.5));
#6389=CARTESIAN_POINT('',(-33.1866831928407,-38.1218837629867,49.4999999999999));
#6390=CARTESIAN_POINT('',(-35.0751831928408,-38.1218837629867,5.74264068711928));
#6391=CARTESIAN_POINT('',(-35.0751831928408,-38.1218837629867,-1.3322676295502E-14));
#6392=CARTESIAN_POINT('',(-35.6965035364004,-38.1218837629867,4.24264068711928));
#6393=CARTESIAN_POINT('Ctrl Pts',(-35.6965035364004,-38.1218837629867,4.24264068711928));
#6394=CARTESIAN_POINT('Ctrl Pts',(-35.075183192841,-38.1218837629867,5.12132034355934));
#6395=CARTESIAN_POINT('Ctrl Pts',(-35.0751831928408,-38.1218837629867,5.74264068711926));
#6396=CARTESIAN_POINT('',(-36.1358433646206,-38.1218837629867,3.62132034355963));
#6397=CARTESIAN_POINT('',(-37.1225710733513,-38.1218837629867,2.22587663550339));
#6398=CARTESIAN_POINT('',(-47.0742813613541,-38.1218837629867,3.62132034355963));
#6399=CARTESIAN_POINT('',(-31.2548645042964,-38.1218837629867,3.62132034355963));
#6400=CARTESIAN_POINT('',(-47.0749109096852,-38.1218837629867,3.6664735255887));
#6401=CARTESIAN_POINT('Ctrl Pts',(-47.0749109096853,-38.1218837629868,3.66647352558875));
#6402=CARTESIAN_POINT('Ctrl Pts',(-47.0749109096853,-38.1218837629868,3.64385000265077));
#6403=CARTESIAN_POINT('Ctrl Pts',(-47.0742813613541,-38.1218837629868,3.62132034355962));
#6404=CARTESIAN_POINT('',(-47.0749109096853,-38.1218837629867,13.6));
#6405=CARTESIAN_POINT('',(-47.0749109096853,-38.1218837629867,-1.77635683940027E-14));
#6406=CARTESIAN_POINT('',(-40.0749076671209,-38.1218837629867,13.6));
#6407=CARTESIAN_POINT('',(-33.211545815752,-38.1218837629867,13.6));
#6408=CARTESIAN_POINT('Ctrl Pts',(-39.0749076671209,-38.1218837629867,14.9416407864998));
#6409=CARTESIAN_POINT('Ctrl Pts',(-39.0749076671209,-38.1218837629867,14.8302235160093));
#6410=CARTESIAN_POINT('Ctrl Pts',(-39.0965879188635,-38.1218837629867,14.6982922822551));
#6411=CARTESIAN_POINT('Ctrl Pts',(-39.1678438459835,-38.1218837629867,14.4786010272988));
#6412=CARTESIAN_POINT('Ctrl Pts',(-39.233252937524,-38.1218837629867,14.3509324211259));
#6413=CARTESIAN_POINT('Ctrl Pts',(-39.4858520501752,-38.1218837629867,13.9898382679323));
#6414=CARTESIAN_POINT('Ctrl Pts',(-39.8034989672534,-38.1218837629867,13.7716539336732));
#6415=CARTESIAN_POINT('Ctrl Pts',(-40.0749076671209,-38.1218837629867,13.6));
#6416=CARTESIAN_POINT('Origin',(-42.0749084386632,-51.1221369464669,25.));
#6417=CARTESIAN_POINT('',(-42.0749076671209,-62.6219502791008,51.));
#6418=CARTESIAN_POINT('Origin',(-42.0749084386638,-62.6219502791009,49.5000000000001));
#6419=CARTESIAN_POINT('',(-42.0749076671209,-39.6218837629867,50.9999999999999));
#6420=CARTESIAN_POINT('',(-42.0749076671209,-38.0717636088987,50.9999999999999));
#6421=CARTESIAN_POINT('Origin',(-42.0749084386631,-39.6218837629867,49.5));
#6422=CARTESIAN_POINT('',(-42.0749084386632,-44.8218821108988,46.));
#6423=CARTESIAN_POINT('',(-42.0749084386632,-44.8218821108988,41.));
#6424=CARTESIAN_POINT('',(-42.0749084386632,-44.8218821108988,46.));
#6425=CARTESIAN_POINT('',(-42.0749084386632,-41.4218821108988,41.));
#6426=CARTESIAN_POINT('Origin',(-42.0749084386632,-43.1218821108989,41.));
#6427=CARTESIAN_POINT('',(-42.0749084386632,-41.4218821108988,46.));
#6428=CARTESIAN_POINT('',(-42.0749084386632,-41.4218821108988,39.9999999999999));
#6429=CARTESIAN_POINT('Origin',(-42.0749084386632,-43.1218821108988,46.));
#6430=CARTESIAN_POINT('',(-42.0749084386632,-60.8219500140348,46.0000000000001));
#6431=CARTESIAN_POINT('',(-42.0749084386632,-60.8219500140348,41.));
#6432=CARTESIAN_POINT('',(-42.0749084386632,-60.8219500140348,46.0000000000001));
#6433=CARTESIAN_POINT('',(-42.0749084386632,-57.4219500140349,41.));
#6434=CARTESIAN_POINT('Origin',(-42.0749084386632,-59.1219500140349,41.));
#6435=CARTESIAN_POINT('',(-42.0749084386632,-57.4219500140348,46.));
#6436=CARTESIAN_POINT('',(-42.0749084386632,-57.4219500140349,40.));
#6437=CARTESIAN_POINT('Origin',(-42.0749084386632,-59.1219500140349,46.));
#6438=CARTESIAN_POINT('Origin',(-42.6249084386631,-44.0721369464701,0.4));
#6439=CARTESIAN_POINT('',(-47.4749109096852,-44.4721369464701,0.4));
#6440=CARTESIAN_POINT('',(-47.0749109096853,-44.0721369464701,-1.05103900408723E-28));
#6441=CARTESIAN_POINT('Origin',(-47.4749109096852,-44.0721369464701,0.4));
#6442=CARTESIAN_POINT('',(-42.0749084386631,-44.0721369464701,0.));
#6443=CARTESIAN_POINT('',(-42.6249084386631,-44.0721369464701,0.));
#6444=CARTESIAN_POINT('',(-42.0749084386632,-44.4721369464701,0.4));
#6445=CARTESIAN_POINT('Origin',(-42.0749084386631,-44.0721369464701,0.4));
#6446=CARTESIAN_POINT('',(-42.6249084386631,-44.4721369464701,0.4));
#6447=CARTESIAN_POINT('Origin',(-48.1249084386631,-44.4721369464701,8.36113209342849E-29));
#6448=CARTESIAN_POINT('',(-42.0749084386631,-44.4721369464701,7.40000000000005));
#6449=CARTESIAN_POINT('',(-42.0749084386632,-44.4721369464701,-1.77635683940025E-14));
#6450=CARTESIAN_POINT('',(-34.4751831928408,-44.4721369464701,7.40000000000004));
#6451=CARTESIAN_POINT('',(-43.599908052892,-44.4721369464701,7.40000000000006));
#6452=CARTESIAN_POINT('',(-34.4751831928408,-44.4721369464701,17.0343145750514));
#6453=CARTESIAN_POINT('',(-34.4751831928408,-44.4721369464701,-4.44089209850064E-15));
#6454=CARTESIAN_POINT('',(-38.353000652146,-44.4721369464701,13.1564971157461));
#6455=CARTESIAN_POINT('',(-43.0547717918219,-44.4721369464701,8.45472597607006));
#6456=CARTESIAN_POINT('',(-39.6965035364004,-44.4721369464701,12.6000000000005));
#6457=CARTESIAN_POINT('Origin',(-39.6965035364004,-44.4721369464701,14.5000000000005));
#6458=CARTESIAN_POINT('',(-47.0749112954564,-44.4721369464701,12.6000000000005));
#6459=CARTESIAN_POINT('',(-48.0999096741742,-44.4721369464701,12.6000000000005));
#6460=CARTESIAN_POINT('',(-47.0749111025708,-44.47213694647,7.00000000000037));
#6461=CARTESIAN_POINT('',(-47.0749112954564,-44.4721369464701,6.5000000000003));
#6462=CARTESIAN_POINT('',(-48.0749109096852,-44.4721369464701,7.00000000000015));
#6463=CARTESIAN_POINT('',(-45.8499779378486,-44.4721369464701,7.00000000000015));
#6464=CARTESIAN_POINT('',(-48.0749109096853,-44.4721369464701,1.));
#6465=CARTESIAN_POINT('',(-48.0749109096852,-44.4721369464701,-8.88178419700125E-15));
#6466=CARTESIAN_POINT('',(-47.4374102919297,-44.4721369464701,0.362499382244469));
#6467=CARTESIAN_POINT('Origin',(-42.6249084386636,-58.1721369464694,0.4));
#6468=CARTESIAN_POINT('',(-47.0749109096853,-58.1721369464691,-1.32713690238888E-28));
#6469=CARTESIAN_POINT('',(-47.474910909685,-57.7721369464691,0.399999999999755));
#6470=CARTESIAN_POINT('Origin',(-47.4749109096852,-58.1721369464691,0.4));
#6471=CARTESIAN_POINT('',(-42.0749084386636,-57.7721369464694,0.399999999999755));
#6472=CARTESIAN_POINT('',(-42.6249084386636,-57.7721369464694,0.399999999999755));
#6473=CARTESIAN_POINT('',(-42.0749084386632,-58.1721369464694,0.));
#6474=CARTESIAN_POINT('Origin',(-42.0749084386639,-58.1721369464694,0.4));
#6475=CARTESIAN_POINT('',(-42.6249084386636,-58.1721369464694,0.));
#6476=CARTESIAN_POINT('Origin',(-37.1249084386631,-50.3679502776844,0.));
#6477=CARTESIAN_POINT('',(-47.0749109096852,-41.7883572885754,0.));
#6478=CARTESIAN_POINT('',(-47.0749109096853,-45.1658569432916,-1.07245558511226E-28));
#6479=CARTESIAN_POINT('',(-47.0742813613541,-41.7432041065464,6.93889390390622E-16));
#6480=CARTESIAN_POINT('Ctrl Pts',(-47.0749109096855,-41.788357288576,1.9254984862646E-13));
#6481=CARTESIAN_POINT('Ctrl Pts',(-47.0749109096855,-41.7657337656378,1.92550848343274E-13));
#6482=CARTESIAN_POINT('Ctrl Pts',(-47.0742813613543,-41.7432041065464,1.92551845656261E-13));
#6483=CARTESIAN_POINT('',(-36.1358433646206,-41.7432041065464,0.));
#6484=CARTESIAN_POINT('',(-35.1682271272076,-41.7432041065464,0.));
#6485=CARTESIAN_POINT('',(-35.6965035364004,-42.364524450106,0.));
#6486=CARTESIAN_POINT('',(-33.8081443050589,-45.0350676857016,0.));
#6487=CARTESIAN_POINT('',(-35.0751831928408,-43.864524450106,0.));
#6488=CARTESIAN_POINT('Ctrl Pts',(-35.0751831928408,-43.864524450106,9.0205620750794E-16));
#6489=CARTESIAN_POINT('Ctrl Pts',(-35.0751831928408,-43.2432041065463,-2.22563312901107E-16));
#6490=CARTESIAN_POINT('Ctrl Pts',(-35.6965035364004,-42.364524450106,0.));
#6491=CARTESIAN_POINT('',(-35.0751831928407,-58.3793095920134,0.));
#6492=CARTESIAN_POINT('',(-35.0751831928407,-52.5700436120772,0.));
#6493=CARTESIAN_POINT('',(-35.6965035364015,-59.8793095920148,0.));
#6494=CARTESIAN_POINT('Ctrl Pts',(-35.6965035364015,-59.8793095920148,0.));
#6495=CARTESIAN_POINT('Ctrl Pts',(-35.075183192841,-59.0006299355737,-1.4837554193412E-16));
#6496=CARTESIAN_POINT('Ctrl Pts',(-35.0751831928407,-58.3793095920133,-1.2490009027033E-15));
#6497=CARTESIAN_POINT('',(-36.1358433646198,-60.5006299355714,0.));
#6498=CARTESIAN_POINT('',(-33.8828774859565,-57.314455034404,0.));
#6499=CARTESIAN_POINT('',(-47.0742813613545,-60.5006299355705,2.1233015345956E-14));
#6500=CARTESIAN_POINT('',(-35.1682271272081,-60.5006299355715,0.));
#6501=CARTESIAN_POINT('',(-47.0749109096852,-60.455476753541,-1.38777878078145E-16));
#6502=CARTESIAN_POINT('Ctrl Pts',(-47.074281361352,-60.5006299355624,-2.14046022395127E-12));
#6503=CARTESIAN_POINT('Ctrl Pts',(-47.0747526620311,-60.4837634884513,-2.14046617871259E-12));
#6504=CARTESIAN_POINT('Ctrl Pts',(-47.0749109096829,-60.4611650396179,-2.14047414672301E-12));
#6505=CARTESIAN_POINT('Ctrl Pts',(-47.0749109096829,-60.4554767535425,-2.14047615148162E-12));
#6506=CARTESIAN_POINT('',(-47.0749109096853,-45.1658569432916,-1.07245558511226E-28));
#6507=CARTESIAN_POINT('',(-42.0749084386627,-42.2721369464697,-5.36459765498876E-12));
#6508=CARTESIAN_POINT('Origin',(-48.0749109096853,-39.9637636088988,-1.77635683940026E-14));
#6509=CARTESIAN_POINT('',(-48.0749109096853,-63.1219502791229,13.));
#6510=CARTESIAN_POINT('',(-48.0749109096853,-63.1219502791287,3.51873784723665));
#6511=CARTESIAN_POINT('',(-48.0749109096853,-63.1219502791308,1.25043362970492E-11));
#6512=CARTESIAN_POINT('',(-48.0749109096853,-39.1218837629867,13.));
#6513=CARTESIAN_POINT('',(-48.0749109096853,-42.6898102760952,13.));
#6514=CARTESIAN_POINT('',(-48.0749109096853,-39.1218837629867,3.51873784723639));
#6515=CARTESIAN_POINT('',(-48.0749109096853,-39.1218837629867,-1.77635683940026E-14));
#6516=CARTESIAN_POINT('',(-48.0749109096853,-39.1957935936122,3.34030373174759));
#6517=CARTESIAN_POINT('Origin',(-48.0749109096853,-39.391368309155,3.52583771624596));
#6518=CARTESIAN_POINT('',(-48.0749109096853,-41.4621874947343,1.07390983062553));
#6519=CARTESIAN_POINT('',(-48.0749109096853,-40.7696954863903,1.76640183896954));
#6520=CARTESIAN_POINT('',(-48.0749109096853,-41.6406216102232,1.));
#6521=CARTESIAN_POINT('Origin',(-48.0749109096853,-41.6477214792327,1.26948454616838));
#6522=CARTESIAN_POINT('',(-48.0749109096853,-42.5648102760952,1.));
#6523=CARTESIAN_POINT('',(-48.0749109096852,-57.772136946465,7.00000000000015));
#6524=CARTESIAN_POINT('',(-48.0749109096852,-45.5429502776822,7.00000000000015));
#6525=CARTESIAN_POINT('',(-48.0749109096853,-57.7721369464687,1.));
#6526=CARTESIAN_POINT('',(-48.0749109096853,-57.7721369464693,7.53176244974009E-12));
#6527=CARTESIAN_POINT('',(-48.0749109096853,-60.6032124318951,1.));
#6528=CARTESIAN_POINT('',(-48.0749109096853,-42.5648102760952,1.));
#6529=CARTESIAN_POINT('',(-48.0749109096853,-60.7816465473822,1.07390983062486));
#6530=CARTESIAN_POINT('Origin',(-48.0749109096853,-60.5961125628854,1.26948454616592));
#6531=CARTESIAN_POINT('',(-48.0749109096853,-63.048040448504,3.34030373174938));
#6532=CARTESIAN_POINT('',(-48.0749109096853,-53.1055234966163,-6.60221322015053));
#6533=CARTESIAN_POINT('Origin',(-48.0749109096853,-62.8524657329624,3.52583771624616));
#6534=CARTESIAN_POINT('Origin',(-48.1249084386636,-57.7721369464693,4.15667500419659E-12));
#6535=CARTESIAN_POINT('',(-47.437410291933,-57.7721369464691,0.362499382247738));
#6536=CARTESIAN_POINT('',(-47.0749111025708,-57.772136946463,7.00000000000038));
#6537=CARTESIAN_POINT('',(-45.849977937849,-57.7721369464652,7.00000000000015));
#6538=CARTESIAN_POINT('',(-47.0749112954564,-57.7721369464617,12.6000000000004));
#6539=CARTESIAN_POINT('',(-47.0749112954564,-57.7721369464654,6.50000000000645));
#6540=CARTESIAN_POINT('',(-39.6965035364004,-57.7721369464621,12.6000000000004));
#6541=CARTESIAN_POINT('',(-48.0999096741744,-57.7721369464616,12.6000000000004));
#6542=CARTESIAN_POINT('',(-38.353000652146,-57.7721369464618,13.1564971157459));
#6543=CARTESIAN_POINT('Origin',(-39.6965035364004,-57.7721369464609,14.5000000000004));
#6544=CARTESIAN_POINT('',(-34.4751831928407,-57.7721369464597,17.0343145750512));
#6545=CARTESIAN_POINT('',(-43.0547717918207,-57.7721369464644,8.45472597607112));
#6546=CARTESIAN_POINT('',(-34.475183192841,-57.7721369464656,7.40000000000035));
#6547=CARTESIAN_POINT('',(-34.4751831928407,-57.7721369464701,2.99407723991447E-12));
#6548=CARTESIAN_POINT('',(-42.0749084386632,-57.7721369464651,7.40000000000033));
#6549=CARTESIAN_POINT('',(-43.5999080528923,-57.772136946465,7.40000000000038));
#6550=CARTESIAN_POINT('',(-42.0749084386636,-57.7721369464697,4.13891143580258E-12));
#6551=CARTESIAN_POINT('Origin',(-43.5750474370341,-51.1221369464657,7.00000000000015));
#6552=CARTESIAN_POINT('',(-47.0749112954564,-44.47213694647,7.00000000000054));
#6553=CARTESIAN_POINT('Origin',(-47.2749109096852,-45.1658569432916,0.2));
#6554=CARTESIAN_POINT('',(-48.2330448708364,-60.6265744599166,1.15813396115111));
#6555=CARTESIAN_POINT('Origin',(-42.0749084386631,-44.97213694647,-1.77635683940025E-14));
#6556=CARTESIAN_POINT('',(-42.0749084386632,-57.3721369464651,7.00000000000013));
#6557=CARTESIAN_POINT('Origin',(-42.0749084386639,-57.3721369464651,7.40000000000013));
#6558=CARTESIAN_POINT('',(-42.0749084386631,-44.8721369464701,7.00000000000007));
#6559=CARTESIAN_POINT('',(-42.0749084386632,-51.3721369464669,7.0000000000001));
#6560=CARTESIAN_POINT('Origin',(-42.0749084386631,-44.8721369464701,7.40000000000007));
#6561=CARTESIAN_POINT('',(-42.0749084386634,-55.241085455819,4.99852229107088));
#6562=CARTESIAN_POINT('Origin',(-42.0749084386634,-54.391085455819,4.99852229107036));
#6563=CARTESIAN_POINT('',(-42.0749084386631,-47.0031884371177,4.99852229106829));
#6564=CARTESIAN_POINT('Origin',(-42.0749084386631,-47.8531884371177,4.99852229106828));
#6565=CARTESIAN_POINT('Origin',(-47.2749109096852,-45.1658569432916,0.2));
#6566=CARTESIAN_POINT('',(-47.8033952925256,-41.6807341541075,0.728484382840325));
#6567=CARTESIAN_POINT('Origin',(-47.2400090038554,-39.4623939402716,3.55525749593057));
#6568=CARTESIAN_POINT('',(-47.0742813613541,-38.5612235912069,2.56066017177981));
#6569=CARTESIAN_POINT('',(-47.0749109096852,-38.5931517124118,2.5287320505749));
#6570=CARTESIAN_POINT('Ctrl Pts',(-47.0742813613541,-38.561223591207,2.56066017177986));
#6571=CARTESIAN_POINT('Ctrl Pts',(-47.0749109096853,-38.5771544659281,2.54472929705871));
#6572=CARTESIAN_POINT('Ctrl Pts',(-47.0749109096853,-38.5931517124118,2.52873205057496));
#6573=CARTESIAN_POINT('',(-47.0390017092852,-38.5715113243304,2.4995891604367));
#6574=CARTESIAN_POINT('',(-47.0390017092852,-38.0859745625867,3.67177859566888));
#6575=CARTESIAN_POINT('Ctrl Pts',(-47.0742813613541,-38.1218837629867,3.62132034355963));
#6576=CARTESIAN_POINT('Ctrl Pts',(-47.072681127575,-38.1218837629867,3.56405274435513));
#6577=CARTESIAN_POINT('Ctrl Pts',(-47.0713337429849,-38.1251832204371,3.50759538781695));
#6578=CARTESIAN_POINT('Ctrl Pts',(-47.066871167519,-38.150237870558,3.28605502616285));
#6579=CARTESIAN_POINT('Ctrl Pts',(-47.065371806783,-38.2002069208291,3.11041201703374));
#6580=CARTESIAN_POINT('Ctrl Pts',(-47.0671264544082,-38.3536693990536,2.80379341976258));
#6581=CARTESIAN_POINT('Ctrl Pts',(-47.0699582863097,-38.4518271183181,2.67005664466865));
#6582=CARTESIAN_POINT('Ctrl Pts',(-47.0742813613541,-38.5612235912069,2.56066017177982));
#6583=CARTESIAN_POINT('Origin',(-47.2749109096852,-39.7237750807021,1.68095139475929));
#6584=CARTESIAN_POINT('',(-47.0749109096853,-40.6506158135617,0.471267949425071));
#6585=CARTESIAN_POINT('',(-47.0749109096853,-39.5823537244647,1.53953003852198));
#6586=CARTESIAN_POINT('',(-47.8033952925256,-41.2418331088514,0.910283148325126));
#6587=CARTESIAN_POINT('Origin',(-33.211545815752,-39.1218837629867,1.99999999999999));
#6588=CARTESIAN_POINT('',(-36.5751831928408,-38.5612235912069,2.56066017177981));
#6589=CARTESIAN_POINT('',(-31.2548645042964,-38.5612235912069,2.56066017177981));
#6590=CARTESIAN_POINT('',(-36.5751831928408,-40.6825439347665,0.439339828220173));
#6591=CARTESIAN_POINT('',(-36.5751831928408,-43.2969766843576,-2.17509292137083));
#6592=CARTESIAN_POINT('',(-47.0742813613541,-40.6825439347665,0.439339828220183));
#6593=CARTESIAN_POINT('',(-35.1682271272076,-40.6825439347665,0.439339828220174));
#6594=CARTESIAN_POINT('Ctrl Pts',(-47.0749109096855,-40.6506158135625,0.471267949424589));
#6595=CARTESIAN_POINT('Ctrl Pts',(-47.0749109096855,-40.6666130600459,0.455270702941172));
#6596=CARTESIAN_POINT('Ctrl Pts',(-47.0742813613543,-40.6825439347668,0.439339828220354));
#6597=CARTESIAN_POINT('Origin',(-48.2376294016763,-60.6292320479231,1.18952703620933));
#6598=CARTESIAN_POINT('',(-47.0742813613541,-61.5612901073513,0.439339828220955));
#6599=CARTESIAN_POINT('',(-47.0749109096852,-61.5932182285566,0.471267949426205));
#6600=CARTESIAN_POINT('Ctrl Pts',(-47.0742813613561,-61.5612901073555,0.439339828228097));
#6601=CARTESIAN_POINT('Ctrl Pts',(-47.0747526620356,-61.5732164864927,0.451266207365323));
#6602=CARTESIAN_POINT('Ctrl Pts',(-47.074910909687,-61.5891960029067,0.46724572377935));
#6603=CARTESIAN_POINT('Ctrl Pts',(-47.074910909687,-61.593218228553,0.471267949425621));
#6604=CARTESIAN_POINT('',(-48.2330448708364,-60.65330950268,1.16920797845435));
#6605=CARTESIAN_POINT('Ctrl Pts',(-47.074281361354,-60.5006299355705,2.77555756156368E-16));
#6606=CARTESIAN_POINT('Ctrl Pts',(-47.0726811275749,-60.557897534776,-8.5283202357286E-15));
#6607=CARTESIAN_POINT('Ctrl Pts',(-47.0713337429851,-60.6143548913152,0.00329945745044938));
#6608=CARTESIAN_POINT('Ctrl Pts',(-47.0668711675191,-60.83589525297,0.0283541075718717));
#6609=CARTESIAN_POINT('Ctrl Pts',(-47.0653718067828,-61.0115382620988,0.0783231578431614));
#6610=CARTESIAN_POINT('Ctrl Pts',(-47.0671264544081,-61.3181568593692,0.23178563606788));
#6611=CARTESIAN_POINT('Ctrl Pts',(-47.0699582863097,-61.4518936344628,0.32994335533224));
#6612=CARTESIAN_POINT('Ctrl Pts',(-47.0742813613541,-61.5612901073513,0.439339828220929));
#6613=CARTESIAN_POINT('Origin',(-47.2749109096852,-56.9409822553413,-3.89812531132));
#6614=CARTESIAN_POINT('',(-47.0749109096852,-63.6506823297038,2.52873205057597));
#6615=CARTESIAN_POINT('',(-47.0749109096853,-57.0824036115787,-4.03954666755723));
#6616=CARTESIAN_POINT('',(-47.8818265390809,-63.1644011768353,3.18360192448967));
#6617=CARTESIAN_POINT('Origin',(-33.2115458157527,-63.1219502791305,2.0000000000012));
#6618=CARTESIAN_POINT('',(-36.5751831928407,-61.5612901073519,0.439339828220786));
#6619=CARTESIAN_POINT('',(-35.1682271272082,-61.561290107352,0.43933982822083));
#6620=CARTESIAN_POINT('',(-36.5751831928407,-63.6826104509098,2.56066017178132));
#6621=CARTESIAN_POINT('',(-36.5751831928407,-60.7718568784673,-0.350093400664794));
#6622=CARTESIAN_POINT('',(-47.0742813613541,-63.6826104509091,2.56066017178136));
#6623=CARTESIAN_POINT('',(-31.2548645042972,-63.6826104509101,2.56066017178137));
#6624=CARTESIAN_POINT('Ctrl Pts',(-47.0749109096854,-63.6506823297037,2.528732050576));
#6625=CARTESIAN_POINT('Ctrl Pts',(-47.0749109096854,-63.6666795761877,2.54472929706003));
#6626=CARTESIAN_POINT('Ctrl Pts',(-47.0742813613542,-63.6826104509091,2.56066017178143));
#6627=CARTESIAN_POINT('Origin',(-47.9441872689881,-62.8880127486934,3.5111136602285));
#6628=CARTESIAN_POINT('',(-47.8818265390809,-63.3150346497331,3.54726329770755));
#6629=CARTESIAN_POINT('Ctrl Pts',(-47.0742813613542,-63.6826104509055,2.56066017177765));
#6630=CARTESIAN_POINT('Ctrl Pts',(-47.072681127574,-63.7231047586729,2.60115447954491));
#6631=CARTESIAN_POINT('Ctrl Pts',(-47.0713337429759,-63.7606930698455,2.64340892826337));
#6632=CARTESIAN_POINT('Ctrl Pts',(-47.0668711675188,-63.8996294485995,2.81777793294877));
#6633=CARTESIAN_POINT('Ctrl Pts',(-47.0653718067829,-63.9884943571263,2.97730975006811));
#6634=CARTESIAN_POINT('Ctrl Pts',(-47.0671264404645,-64.0967912268768,3.30263361318253));
#6635=CARTESIAN_POINT('Ctrl Pts',(-47.0699581892439,-64.1219494811217,3.46660489989071));
#6636=CARTESIAN_POINT('Ctrl Pts',(-47.0742811451584,-64.1219502791087,3.62131260651528));
#6637=CARTESIAN_POINT('Origin',(-31.2548645042971,-62.6219502791296,3.62132034356054));
#6638=CARTESIAN_POINT('Origin',(-35.0751831928407,-62.6219502791294,3.62132034356054));
#6639=CARTESIAN_POINT('Origin',(-47.8786581374543,-41.6371053421319,1.24385492399951));
#6640=CARTESIAN_POINT('Ctrl Pts',(-47.0742812674949,-40.6825463099054,0.439337453086667));
#6641=CARTESIAN_POINT('Ctrl Pts',(-47.0726810748434,-40.7230398941954,0.398844050150793));
#6642=CARTESIAN_POINT('Ctrl Pts',(-47.0713337213912,-40.765293534643,0.36125653727118));
#6643=CARTESIAN_POINT('Ctrl Pts',(-47.0668711675189,-40.9396616959326,0.222320830530436));
#6644=CARTESIAN_POINT('Ctrl Pts',(-47.065371806783,-41.0991935130519,0.133455922003361));
#6645=CARTESIAN_POINT('Ctrl Pts',(-47.0671264544081,-41.4245199614027,0.0251581916545491));
#6646=CARTESIAN_POINT('Ctrl Pts',(-47.0699582863241,-41.5884941314259,1.4292907865553E-13));
#6647=CARTESIAN_POINT('Ctrl Pts',(-47.074281361354,-41.743204106545,1.1666015375944E-15));
#6648=CARTESIAN_POINT('Origin',(-35.1682271272076,-41.7432041065464,1.5));
#6649=CARTESIAN_POINT('Origin',(-35.0751831928408,-41.7432041065464,1.5));
#6650=CARTESIAN_POINT('Origin',(-31.2548645042964,-39.6218837629867,3.62132034355963));
#6651=CARTESIAN_POINT('Origin',(-35.0751831928408,-39.6218837629867,3.62132034355963));
#6652=CARTESIAN_POINT('Origin',(-47.2749109096852,-63.9219502791309,1.13107226331872E-11));
#6653=CARTESIAN_POINT('',(-47.4749109096852,-63.7219502791225,13.6));
#6654=CARTESIAN_POINT('',(-47.0749109096853,-64.1219502791225,13.6000000000002));
#6655=CARTESIAN_POINT('',(-52.6592597989874,-58.5376013898234,8.41565111069784));
#6656=CARTESIAN_POINT('Origin',(-35.1682271272081,-60.5006299355715,1.5));
#6657=CARTESIAN_POINT('Origin',(-35.0751831928407,-60.5006299355715,1.5));
#6658=CARTESIAN_POINT('Origin',(-47.2749109096852,-38.3218837629867,-1.77635683940027E-14));
#6659=CARTESIAN_POINT('',(-47.4749109096852,-38.5218837629867,13.6));
#6660=CARTESIAN_POINT('',(-50.7572397730694,-41.8042126263709,10.3176711366158));
#6661=CARTESIAN_POINT('',(-47.4749109096852,-38.5218837629867,13.6));
#6662=CARTESIAN_POINT('Origin',(-35.3382520739105,-62.6219501594094,5.74264050485892));
#6663=CARTESIAN_POINT('',(-34.0751831928407,-62.9755034255852,5.38908705239055));
#6664=CARTESIAN_POINT('',(-35.338252136945,-63.8686283494293,4.49596274527022));
#6665=CARTESIAN_POINT('',(-34.0751831928407,-63.1219500140481,5.74264039242155));
#6666=CARTESIAN_POINT('Origin',(-34.0751831928407,-62.621950085554,5.74264039242123));
#6667=CARTESIAN_POINT('',(-35.3382519032678,-64.3850190592894,5.74264076464703));
#6668=CARTESIAN_POINT('Origin',(-34.0751831928407,-54.77213694647,-8.88178419700136E-15));
#6669=CARTESIAN_POINT('',(-34.0751831928407,-58.7328629826067,1.14644660940693));
#6670=CARTESIAN_POINT('',(-34.0751831928407,-57.5916832926686,0.00526691946740494));
#6671=CARTESIAN_POINT('',(-34.0751831928407,-58.3793095920133,0.999999999999982));
#6672=CARTESIAN_POINT('Origin',(-34.0751831928408,-58.3793095920132,1.50000000000004));
#6673=CARTESIAN_POINT('',(-34.0751831928408,-43.864524450106,0.999999999999982));
#6674=CARTESIAN_POINT('',(-34.0751831928407,-52.5700436120772,0.999999999999982));
#6675=CARTESIAN_POINT('',(-34.0751831928408,-43.5109710595128,1.14644660940671));
#6676=CARTESIAN_POINT('Origin',(-34.0751831928407,-43.864524450106,1.49999999999998));
#6677=CARTESIAN_POINT('',(-34.0751831928408,-39.2683303723935,5.38908729652599));
#6678=CARTESIAN_POINT('',(-34.0751831928408,-47.3897604725094,-2.73234280358987));
#6679=CARTESIAN_POINT('',(-34.0751831928408,-39.1218837629867,5.74264068711926));
#6680=CARTESIAN_POINT('Origin',(-34.0751831928408,-39.6218837629867,5.74264068711925));
#6681=CARTESIAN_POINT('',(-34.0751831928408,-39.1218837629867,49.4999999999999));
#6682=CARTESIAN_POINT('',(-34.0751831928408,-39.1218837629867,-1.3322676295502E-14));
#6683=CARTESIAN_POINT('',(-34.0751831928408,-39.6218837629867,49.9999999999999));
#6684=CARTESIAN_POINT('Ctrl Pts',(-34.0751831928408,-39.6218837629867,49.9999999999999));
#6685=CARTESIAN_POINT('Ctrl Pts',(-34.0751831928408,-39.5208685085315,49.9999999999999));
#6686=CARTESIAN_POINT('Ctrl Pts',(-34.0751831928408,-39.4043988065066,49.9650180750718));
#6687=CARTESIAN_POINT('Ctrl Pts',(-34.0751831928408,-39.3122303027854,49.8924986813182));
#6688=CARTESIAN_POINT('Ctrl Pts',(-34.0751831928408,-39.2507846336378,49.8441524188158));
#6689=CARTESIAN_POINT('Ctrl Pts',(-34.0751831928408,-39.2001394970697,49.7791228368355));
#6690=CARTESIAN_POINT('Ctrl Pts',(-34.0751831928408,-39.1679142794069,49.7099206078741));
#6691=CARTESIAN_POINT('Ctrl Pts',(-34.0751831928408,-39.1356890617441,49.6407183789126));
#6692=CARTESIAN_POINT('Ctrl Pts',(-34.0751831928408,-39.1218837629867,49.5673435029701));
#6693=CARTESIAN_POINT('Ctrl Pts',(-34.0751831928408,-39.1218837629867,49.4999999999999));
#6694=CARTESIAN_POINT('',(-34.0751831928407,-62.6219501023813,50.));
#6695=CARTESIAN_POINT('',(-34.0751831928407,-59.4723236152523,50.));
#6696=CARTESIAN_POINT('',(-34.0751831928407,-63.1219500140212,49.5000000883604));
#6697=CARTESIAN_POINT('Ctrl Pts',(-34.0751831928407,-63.1219500140212,49.5000000883604));
#6698=CARTESIAN_POINT('Ctrl Pts',(-34.075183195816,-63.1219500169676,49.5673435838622));
#6699=CARTESIAN_POINT('Ctrl Pts',(-34.0751832002773,-63.1081460987156,49.6407160301035));
#6700=CARTESIAN_POINT('Ctrl Pts',(-34.0751832061818,-63.0759222808681,49.709915781705));
#6701=CARTESIAN_POINT('Ctrl Pts',(-34.0751832120863,-63.0436984630205,49.7791155333066));
#6702=CARTESIAN_POINT('Ctrl Pts',(-34.0751832194341,-62.9930547455774,49.8441425902682));
#6703=CARTESIAN_POINT('Ctrl Pts',(-34.0751832269995,-62.931608703292,49.8924895255457));
#6704=CARTESIAN_POINT('Ctrl Pts',(-34.0751832383475,-62.839439639864,49.9650099284619));
#6705=CARTESIAN_POINT('Ctrl Pts',(-34.075183250185,-62.7229653455409,50.0000000575887));
#6706=CARTESIAN_POINT('Ctrl Pts',(-34.0751832591107,-62.6219501023813,50.00000006627));
#6707=CARTESIAN_POINT('',(-34.0751831928407,-63.1219500140516,6.28001888343128E-12));
#6708=CARTESIAN_POINT('',(-34.0751831928407,-56.522137905044,36.400001907348));
#6709=CARTESIAN_POINT('',(-34.0751831928407,-56.522137905044,31.600001907348));
#6710=CARTESIAN_POINT('',(-34.0751831928407,-56.522137905044,36.0000000000001));
#6711=CARTESIAN_POINT('',(-34.0751831928407,-53.722137905044,36.400001907348));
#6712=CARTESIAN_POINT('',(-34.0751831928407,-52.947137425757,36.400001907348));
#6713=CARTESIAN_POINT('',(-34.0751831928407,-53.722137905044,31.600001907348));
#6714=CARTESIAN_POINT('',(-34.0751831928407,-53.722137905044,36.0000000000001));
#6715=CARTESIAN_POINT('',(-34.0751831928407,-52.947137425757,31.600001907348));
#6716=CARTESIAN_POINT('',(-34.0751831928408,-45.2218821108984,41.));
#6717=CARTESIAN_POINT('',(-34.0751831928408,-41.0218821108993,40.9999999999999));
#6718=CARTESIAN_POINT('Origin',(-34.0751831928408,-43.1218821108989,41.));
#6719=CARTESIAN_POINT('',(-34.0751831928408,-45.221882110898,46.));
#6720=CARTESIAN_POINT('',(-34.0751831928408,-45.2218821108981,23.));
#6721=CARTESIAN_POINT('',(-34.0751831928408,-41.0218821108995,46.));
#6722=CARTESIAN_POINT('Origin',(-34.0751831928408,-43.1218821108988,46.));
#6723=CARTESIAN_POINT('',(-34.0751831928408,-41.0218821108996,19.9999999999999));
#6724=CARTESIAN_POINT('',(-34.0751831928407,-61.2219500140343,41.));
#6725=CARTESIAN_POINT('',(-34.0751831928407,-57.0219500140354,41.));
#6726=CARTESIAN_POINT('Origin',(-34.0751831928407,-59.1219500140349,41.));
#6727=CARTESIAN_POINT('',(-34.0751831928407,-61.2219500140341,46.0000000000001));
#6728=CARTESIAN_POINT('',(-34.0751831928407,-61.2219500140342,23.));
#6729=CARTESIAN_POINT('',(-34.0751831928407,-57.0219500140356,46.));
#6730=CARTESIAN_POINT('Origin',(-34.0751831928407,-59.1219500140349,46.));
#6731=CARTESIAN_POINT('',(-34.0751831928407,-57.0219500140357,20.));
#6732=CARTESIAN_POINT('',(-34.0751831928408,-48.522137905044,36.400001907348));
#6733=CARTESIAN_POINT('',(-34.0751831928408,-48.522137905044,31.600001907348));
#6734=CARTESIAN_POINT('',(-34.0751831928408,-48.522137905044,36.0000000000001));
#6735=CARTESIAN_POINT('',(-34.0751831928408,-45.722137905044,36.400001907348));
#6736=CARTESIAN_POINT('',(-34.0751831928407,-52.947137425757,36.400001907348));
#6737=CARTESIAN_POINT('',(-34.0751831928408,-45.722137905044,31.600001907348));
#6738=CARTESIAN_POINT('',(-34.0751831928408,-45.722137905044,36.0000000000001));
#6739=CARTESIAN_POINT('',(-34.0751831928407,-52.947137425757,31.600001907348));
#6740=CARTESIAN_POINT('',(-34.0751831928408,-44.0721369464701,18.0000000000006));
#6741=CARTESIAN_POINT('',(-34.0751831928407,-58.1721369464588,18.0000000000002));
#6742=CARTESIAN_POINT('',(-34.0751831928407,-56.272136946466,18.0000000000002));
#6743=CARTESIAN_POINT('',(-34.0751831928408,-44.0721369464701,7.40000000000004));
#6744=CARTESIAN_POINT('',(-34.0751831928408,-44.0721369464701,-4.44089209850064E-15));
#6745=CARTESIAN_POINT('',(-34.0751831928408,-44.8721369464701,6.60000000000004));
#6746=CARTESIAN_POINT('Origin',(-34.0751831928408,-44.8721369464701,7.40000000000004));
#6747=CARTESIAN_POINT('',(-34.0751831928407,-57.3721369464656,6.6000000000001));
#6748=CARTESIAN_POINT('',(-34.0751831928407,-56.2721369464669,6.60000000000009));
#6749=CARTESIAN_POINT('',(-34.0751831928407,-58.1721369464656,7.40000000000059));
#6750=CARTESIAN_POINT('Origin',(-34.0751831928407,-57.3721369464656,7.4000000000001));
#6751=CARTESIAN_POINT('',(-34.0751831928407,-58.1721369464699,3.23945874122483E-12));
#6752=CARTESIAN_POINT('Origin',(-36.0751831928407,-60.4183034878738,0.00345998992824836));
#6753=CARTESIAN_POINT('',(-34.6838937375932,-59.1632863365812,0.716023255432933));
#6754=CARTESIAN_POINT('Origin',(-34.6838937375933,-58.3793095920133,1.49999999999996));
#6755=CARTESIAN_POINT('',(-34.6838937375932,-58.3793095920133,0.391289455247555));
#6756=CARTESIAN_POINT('Origin',(-34.6512418925535,-43.864524450106,1.49999999999999));
#6757=CARTESIAN_POINT('',(-34.6512418925535,-43.1036360465844,0.739111596478358));
#6758=CARTESIAN_POINT('',(-34.6512418925535,-43.864524450106,0.423941300287274));
#6759=CARTESIAN_POINT('Origin',(-36.0751831928408,-43.6505300749508,-1.82153953077756));
#6760=CARTESIAN_POINT('',(-35.0709880375816,-38.5641900139388,4.68494693807137));
#6761=CARTESIAN_POINT('Origin',(-35.0709880375815,-39.6218837629867,5.74264068711926));
#6762=CARTESIAN_POINT('',(-35.0709880375815,-38.1260789182459,5.74264068711928));
#6763=CARTESIAN_POINT('Origin',(-34.5751831928408,-38.6218837629867,-1.3322676295502E-14));
#6764=CARTESIAN_POINT('Ctrl Pts',(-34.0751831928407,-39.1218837629868,49.4999999999999));
#6765=CARTESIAN_POINT('Ctrl Pts',(-34.4085165261741,-38.7885504296534,49.4999999999999));
#6766=CARTESIAN_POINT('Ctrl Pts',(-34.7418498595075,-38.45521709632,49.4999999999999));
#6767=CARTESIAN_POINT('Ctrl Pts',(-35.0751831928408,-38.1218837629867,49.4999999999998));
#6768=CARTESIAN_POINT('Origin',(-34.5751831928407,-63.6219501465916,6.58674584137659E-12));
#6769=CARTESIAN_POINT('Ctrl Pts',(-35.0751831928407,-64.1219502791013,49.5000000000012));
#6770=CARTESIAN_POINT('Ctrl Pts',(-34.7418498595074,-63.7886168574079,49.5000000294542));
#6771=CARTESIAN_POINT('Ctrl Pts',(-34.4085165261741,-63.4552834357145,49.5000000589073));
#6772=CARTESIAN_POINT('Ctrl Pts',(-34.0751831928407,-63.1219500140212,49.5000000883604));
#6773=CARTESIAN_POINT('Origin',(-34.5751831928408,-52.5700436120772,0.499999999999991));
#6774=CARTESIAN_POINT('Origin',(-47.2749109096852,-45.4158569432916,13.8));
#6775=CARTESIAN_POINT('',(-47.0749109096853,-63.7219502791225,14.));
#6776=CARTESIAN_POINT('',(-47.0749109096853,-38.5218837629867,14.));
#6777=CARTESIAN_POINT('',(-47.0749109096853,-45.4158569432916,14.));
#6778=CARTESIAN_POINT('',(-47.0749109096853,-38.5218837629867,14.));
#6779=CARTESIAN_POINT('',(-47.4749109096852,-63.7219502791225,13.6));
#6780=CARTESIAN_POINT('Origin',(-47.0749109096853,-38.5218837629867,13.6));
#6781=CARTESIAN_POINT('Origin',(-47.0749109096853,-38.5218837629867,13.6));
#6782=CARTESIAN_POINT('Origin',(-47.0749109096867,-63.7219502791225,13.6));
#6783=CARTESIAN_POINT('Origin',(-47.0749109096867,-63.7219502791225,13.6));
#6784=CARTESIAN_POINT('Origin',(-33.211545815752,-38.5218837629867,13.6));
#6785=CARTESIAN_POINT('',(-40.074907667121,-38.5218837629867,14.));
#6786=CARTESIAN_POINT('',(-33.211545815752,-38.5218837629867,14.));
#6787=CARTESIAN_POINT('Origin',(-40.0749076671209,-38.5218837629867,13.6));
#6788=CARTESIAN_POINT('Origin',(-37.1249084386632,-50.8679502776844,14.));
#6789=CARTESIAN_POINT('',(-40.0749076671217,-63.721950279123,14.));
#6790=CARTESIAN_POINT('',(-33.2115458157528,-63.7219502791234,14.));
#6791=CARTESIAN_POINT('',(-40.074907667121,-50.9950436120757,14.));
#6792=CARTESIAN_POINT('Origin',(-33.2115458157528,-63.7219502791234,13.6));
#6793=CARTESIAN_POINT('Origin',(-40.0749076671217,-63.721950279123,13.6));
#6794=CARTESIAN_POINT('Origin',(-40.0749076671217,-63.721950279123,13.6));
#6795=CARTESIAN_POINT('Origin',(-40.0749076671217,-63.721950279123,15.));
#6796=CARTESIAN_POINT('Origin',(-40.074907667121,-50.9950436120757,15.));
#6797=CARTESIAN_POINT('Origin',(-40.074907667121,-38.5218837629867,15.));
#6798=CARTESIAN_POINT('Origin',(-40.0749076671209,-38.5218837629867,13.6));
#6799=CARTESIAN_POINT('Origin',(-33.1866831928407,-39.6218837629867,49.4999999999999));
#6800=CARTESIAN_POINT('',(-35.0751831928408,-39.6218837629868,51.));
#6801=CARTESIAN_POINT('',(-33.1866831928407,-39.6218837629867,50.9999999999999));
#6802=CARTESIAN_POINT('Ctrl Pts',(-35.0751831928408,-39.6218837629867,51.));
#6803=CARTESIAN_POINT('Ctrl Pts',(-35.0751831928408,-39.318837999621,50.9999999999999));
#6804=CARTESIAN_POINT('Ctrl Pts',(-35.0751831928408,-38.9694288935464,50.8950542252155));
#6805=CARTESIAN_POINT('Ctrl Pts',(-35.0751831928408,-38.6929233823826,50.6774960439548));
#6806=CARTESIAN_POINT('Ctrl Pts',(-35.0751831928408,-38.50858637494,50.5324572564476));
#6807=CARTESIAN_POINT('Ctrl Pts',(-35.0751831928408,-38.3566509652355,50.3373685105066));
#6808=CARTESIAN_POINT('Ctrl Pts',(-35.0751831928408,-38.2599753122472,50.1297618236222));
#6809=CARTESIAN_POINT('Ctrl Pts',(-35.0751831928408,-38.1632996592588,49.9221551367379));
#6810=CARTESIAN_POINT('Ctrl Pts',(-35.0751831928408,-38.1218837629867,49.7020305089104));
#6811=CARTESIAN_POINT('Ctrl Pts',(-35.0751831928408,-38.1218837629867,49.4999999999999));
#6812=CARTESIAN_POINT('Ctrl Pts',(-35.0751831928408,-38.1218837629867,49.4999999999998));
#6813=CARTESIAN_POINT('Ctrl Pts',(-34.7418498595075,-38.45521709632,49.4999999999999));
#6814=CARTESIAN_POINT('Ctrl Pts',(-34.4085165261741,-38.7885504296534,49.4999999999999));
#6815=CARTESIAN_POINT('Ctrl Pts',(-34.0751831928407,-39.1218837629868,49.4999999999999));
#6816=CARTESIAN_POINT('Ctrl Pts',(-35.0751831928408,-38.1218837629866,49.7020305089103));
#6817=CARTESIAN_POINT('Ctrl Pts',(-34.7418498595075,-38.4550722959814,49.6572867707498));
#6818=CARTESIAN_POINT('Ctrl Pts',(-34.4085165261741,-38.788695229992,49.6120872411305));
#6819=CARTESIAN_POINT('Ctrl Pts',(-34.0751831928407,-39.1218837629868,49.5673435029701));
#6820=CARTESIAN_POINT('Ctrl Pts',(-35.0751831928408,-38.204715555531,50.1422797645655));
#6821=CARTESIAN_POINT('Ctrl Pts',(-34.7418498595075,-38.5195437831812,49.9991582925581));
#6822=CARTESIAN_POINT('Ctrl Pts',(-34.4085165261741,-38.8346661328513,49.8572147268626));
#6823=CARTESIAN_POINT('Ctrl Pts',(-34.0751831928408,-39.1494943605015,49.7140932548551));
#6824=CARTESIAN_POINT('Ctrl Pts',(-35.0751831928409,-38.7364894894967,50.8250903753592));
#6825=CARTESIAN_POINT('Ctrl Pts',(-34.7418498595075,-38.9331856254028,50.5306219544292));
#6826=CARTESIAN_POINT('Ctrl Pts',(-34.4085165261741,-39.130056202584,50.2361652127164));
#6827=CARTESIAN_POINT('Ctrl Pts',(-34.0751831928408,-39.3267523384901,49.9416967917863));
#6828=CARTESIAN_POINT('Ctrl Pts',(-35.0751831928408,-39.3188379996211,51.));
#6829=CARTESIAN_POINT('Ctrl Pts',(-34.7418498595075,-39.3854852578516,50.6654375725271));
#6830=CARTESIAN_POINT('Ctrl Pts',(-34.4085165261741,-39.454221250301,50.3345624274728));
#6831=CARTESIAN_POINT('Ctrl Pts',(-34.0751831928407,-39.5208685085315,49.9999999999999));
#6832=CARTESIAN_POINT('Ctrl Pts',(-35.0751831928408,-39.6218837629868,51.));
#6833=CARTESIAN_POINT('Ctrl Pts',(-34.7418498595075,-39.6218837629868,50.6666666666666));
#6834=CARTESIAN_POINT('Ctrl Pts',(-34.4085165261741,-39.6218837629867,50.3333333333333));
#6835=CARTESIAN_POINT('Ctrl Pts',(-34.0751831928407,-39.6218837629867,49.9999999999999));
#6836=CARTESIAN_POINT('Ctrl Pts',(-35.0751831928408,-39.6218837629868,51.));
#6837=CARTESIAN_POINT('Ctrl Pts',(-34.7418498595075,-39.6218837629868,50.6666666666666));
#6838=CARTESIAN_POINT('Ctrl Pts',(-34.4085165261741,-39.6218837629867,50.3333333333333));
#6839=CARTESIAN_POINT('Ctrl Pts',(-34.0751831928407,-39.6218837629867,49.9999999999999));
#6840=CARTESIAN_POINT('Origin',(-34.5751831928407,-59.4723236152523,50.5));
#6841=CARTESIAN_POINT('',(-35.0751831928407,-62.6219502791013,51.0000000000001));
#6842=CARTESIAN_POINT('',(-35.0751831928408,-59.4723236152523,51.));
#6843=CARTESIAN_POINT('Ctrl Pts',(-34.0751831928407,-62.6219501023813,50.));
#6844=CARTESIAN_POINT('Ctrl Pts',(-34.4085165261741,-62.621950161288,50.3333333333334));
#6845=CARTESIAN_POINT('Ctrl Pts',(-34.7418498595074,-62.6219502201947,50.6666666666667));
#6846=CARTESIAN_POINT('Ctrl Pts',(-35.0751831928408,-62.6219502791015,51.0000000000001));
#6847=CARTESIAN_POINT('Origin',(-37.0751831928408,-64.1725102840349,51.0000000000001));
#6848=CARTESIAN_POINT('',(-33.186683192841,-62.6219502791014,51.));
#6849=CARTESIAN_POINT('Origin',(-33.186683192841,-62.6219502791014,49.5));
#6850=CARTESIAN_POINT('Ctrl Pts',(-35.0751831928407,-64.1219502791013,49.5000000000012));
#6851=CARTESIAN_POINT('Ctrl Pts',(-35.0751832017664,-64.1219502880268,49.7020305223001));
#6852=CARTESIAN_POINT('Ctrl Pts',(-35.0751832151503,-64.0805385259392,49.9221478997599));
#6853=CARTESIAN_POINT('Ctrl Pts',(-35.0751832328639,-63.983867055303,50.1297471912023));
#6854=CARTESIAN_POINT('Ctrl Pts',(-35.0751832505776,-63.8871955846668,50.3373464826447));
#6855=CARTESIAN_POINT('Ctrl Pts',(-35.0751832726209,-63.7352644054819,50.5324276880697));
#6856=CARTESIAN_POINT('Ctrl Pts',(-35.0751832953169,-63.5509262461062,50.6774685194568));
#6857=CARTESIAN_POINT('Ctrl Pts',(-35.075183329361,-63.2744190070427,50.8950297665375));
#6858=CARTESIAN_POINT('Ctrl Pts',(-35.0751833648736,-62.9249960625499,51.0000001720329));
#6859=CARTESIAN_POINT('Ctrl Pts',(-35.0751833916507,-62.6219502791015,51.0000001988101));
#6860=CARTESIAN_POINT('Ctrl Pts',(-34.0751831265707,-63.1219499477512,49.5000000883604));
#6861=CARTESIAN_POINT('Ctrl Pts',(-34.4085164819941,-63.4552833915346,49.5000000589073));
#6862=CARTESIAN_POINT('Ctrl Pts',(-34.7418498374174,-63.7886168353179,49.5000000294543));
#6863=CARTESIAN_POINT('Ctrl Pts',(-35.0751831928407,-64.1219502791013,49.5000000000012));
#6864=CARTESIAN_POINT('Ctrl Pts',(-34.075183129546,-63.1219499507264,49.5673435749667));
#6865=CARTESIAN_POINT('Ctrl Pts',(-34.4085164869589,-63.4551385961483,49.6120872935915));
#6866=CARTESIAN_POINT('Ctrl Pts',(-34.7418498443535,-63.7887616426049,49.6572868036753));
#6867=CARTESIAN_POINT('Ctrl Pts',(-35.0751832017664,-64.1219502880268,49.7020305223001));
#6868=CARTESIAN_POINT('Ctrl Pts',(-34.0751831384686,-63.0943421178726,49.7140884478909));
#6869=CARTESIAN_POINT('Ctrl Pts',(-34.4085165018501,-63.4091704585946,49.8572099223593));
#6870=CARTESIAN_POINT('Ctrl Pts',(-34.7418498651527,-63.7242984231297,49.9991438027513));
#6871=CARTESIAN_POINT('Ctrl Pts',(-35.0751832285342,-64.0391267638516,50.1422652772196));
#6872=CARTESIAN_POINT('Ctrl Pts',(-34.0751831641858,-62.9170891303076,49.9416831171675));
#6873=CARTESIAN_POINT('Ctrl Pts',(-34.408516544692,-63.1137853640308,50.2361515795617));
#6874=CARTESIAN_POINT('Ctrl Pts',(-34.7418499251797,-63.3106714029813,50.530581033813));
#6875=CARTESIAN_POINT('Ctrl Pts',(-35.0751833056859,-63.5073676367046,50.8250494962073));
#6876=CARTESIAN_POINT('Ctrl Pts',(-34.075183183915,-62.7229653322907,49.9999999910743));
#6877=CARTESIAN_POINT('Ctrl Pts',(-34.4085165776837,-62.7896126643438,50.3345624790862));
#6878=CARTESIAN_POINT('Ctrl Pts',(-34.7418499711049,-62.8583487304968,50.665437684021));
#6879=CARTESIAN_POINT('Ctrl Pts',(-35.0751833648736,-62.9249960625499,51.0000001720329));
#6880=CARTESIAN_POINT('Ctrl Pts',(-34.0751831928407,-62.6219501023813,50.));
#6881=CARTESIAN_POINT('Ctrl Pts',(-34.4085165924441,-62.621950161288,50.3333333996034));
#6882=CARTESIAN_POINT('Ctrl Pts',(-34.7418499920474,-62.6219502201948,50.6666667992067));
#6883=CARTESIAN_POINT('Ctrl Pts',(-35.0751833916507,-62.6219502791015,51.0000001988101));
#6884=CARTESIAN_POINT('Origin',(-44.6249084386633,-47.8531884371177,4.99852229106829));
#6885=CARTESIAN_POINT('',(-34.2751839643831,-47.0031884371177,4.99852229106829));
#6886=CARTESIAN_POINT('',(-44.6249084386633,-47.0031884371177,4.99852229106829));
#6887=CARTESIAN_POINT('Origin',(-34.2751839643831,-47.8531884371177,4.99852229106829));
#6888=CARTESIAN_POINT('Origin',(-43.599908052892,-44.8721369464701,7.40000000000007));
#6889=CARTESIAN_POINT('',(-34.4751831928407,-44.8721369464701,7.00000000000005));
#6890=CARTESIAN_POINT('',(-43.599908052892,-44.8721369464701,7.00000000000008));
#6891=CARTESIAN_POINT('Origin',(-34.4751831928407,-44.8721369464701,7.40000000000004));
#6892=CARTESIAN_POINT('Origin',(-39.074907667121,-57.7721369464638,7.00000000000012));
#6893=CARTESIAN_POINT('',(-34.4751831928407,-57.3721369464656,7.0000000000001));
#6894=CARTESIAN_POINT('',(-43.5999080528922,-57.372136946465,7.00000000000013));
#6895=CARTESIAN_POINT('',(-34.4751831928407,-56.2721369464669,7.0000000000001));
#6896=CARTESIAN_POINT('Origin',(-43.5999080528922,-57.372136946465,7.40000000000013));
#6897=CARTESIAN_POINT('Origin',(-34.475183192841,-57.3721369464656,7.4000000000001));
#6898=CARTESIAN_POINT('Origin',(-43.0547717918207,-57.3721369464644,8.45472597607087));
#6899=CARTESIAN_POINT('',(-38.6358433646206,-57.3721369464618,13.4393398282203));
#6900=CARTESIAN_POINT('Origin',(-38.3530006521459,-57.3721369464618,13.1564971157457));
#6901=CARTESIAN_POINT('',(-34.8751831928408,-57.3721369464597,17.2000000000001));
#6902=CARTESIAN_POINT('',(-43.3376145042953,-57.3721369464644,8.73756868854549));
#6903=CARTESIAN_POINT('Origin',(-34.875183192841,-57.3721369464599,16.6343145750507));
#6904=CARTESIAN_POINT('Origin',(-39.6965035364004,-57.3721369464698,14.5000000000001));
#6905=CARTESIAN_POINT('',(-39.6965035364004,-57.3721369464707,13.0000000000001));
#6906=CARTESIAN_POINT('Origin',(-39.6965035364004,-57.372136946471,12.6000000000001));
#6907=CARTESIAN_POINT('Origin',(-39.6965035364004,-57.3721369464698,14.5000000000001));
#6908=CARTESIAN_POINT('Origin',(-48.0999096741744,-57.3721369464616,12.6000000000001));
#6909=CARTESIAN_POINT('',(-47.0749112954564,-57.3721369464617,13.0000000000001));
#6910=CARTESIAN_POINT('Origin',(-47.0749112954572,-57.3721369464617,12.6000000000001));
#6911=CARTESIAN_POINT('',(-48.0999096741744,-57.3721369464616,13.0000000000001));
#6912=CARTESIAN_POINT('Origin',(-47.0749112954564,-44.47213694647,13.0000000000006));
#6913=CARTESIAN_POINT('',(-47.0749112954564,-44.8721369464701,13.0000000000005));
#6914=CARTESIAN_POINT('Origin',(-47.0749112954564,-44.8721369464701,12.6000000000005));
#6915=CARTESIAN_POINT('',(-47.0749112954564,-51.1221369464657,13.0000000000003));
#6916=CARTESIAN_POINT('Origin',(-48.0999096741742,-44.8721369464701,12.6000000000005));
#6917=CARTESIAN_POINT('',(-39.6965035364004,-44.8721369464701,13.0000000000005));
#6918=CARTESIAN_POINT('Origin',(-39.6965035364004,-44.8721369464701,12.6000000000005));
#6919=CARTESIAN_POINT('',(-48.0999096741742,-44.8721369464701,13.0000000000005));
#6920=CARTESIAN_POINT('Origin',(-39.6965035364004,-44.8721369464705,14.5000000000005));
#6921=CARTESIAN_POINT('',(-38.6358433646206,-44.8721369464705,13.4393398282207));
#6922=CARTESIAN_POINT('Origin',(-38.353000652146,-44.8721369464705,13.1564971157461));
#6923=CARTESIAN_POINT('Origin',(-39.6965035364004,-44.8721369464705,14.5000000000005));
#6924=CARTESIAN_POINT('Origin',(-43.0547717918219,-44.8721369464701,8.45472597607006));
#6925=CARTESIAN_POINT('',(-34.8751831928408,-44.8721369464701,17.2000000000006));
#6926=CARTESIAN_POINT('Origin',(-34.8751831928408,-44.8721369464701,16.6343145750513));
#6927=CARTESIAN_POINT('',(-43.3376145042965,-44.8721369464701,8.73756868854468));
#6928=CARTESIAN_POINT('Origin',(-34.2751831928408,-44.2721369464701,-4.44089209850064E-15));
#6929=CARTESIAN_POINT('',(-40.0085165261737,-50.0054702798026,12.0666666666674));
#6930=CARTESIAN_POINT('',(-34.4751831928408,-44.4721369464701,7.40000000000004));
#6931=CARTESIAN_POINT('Origin',(-34.2751831928407,-44.8721369464701,7.40000000000004));
#6932=CARTESIAN_POINT('',(-34.4751831928407,-44.8721369464701,7.00000000000005));
#6933=CARTESIAN_POINT('Origin',(-34.2751831928407,-56.2721369464669,6.80000000000009));
#6934=CARTESIAN_POINT('',(-34.4751831928407,-57.3721369464656,7.0000000000001));
#6935=CARTESIAN_POINT('Origin',(-34.2751831928409,-57.3721369464656,7.4000000000001));
#6936=CARTESIAN_POINT('',(-34.475183192841,-57.7721369464656,7.40000000000035));
#6937=CARTESIAN_POINT('Origin',(-34.2751831928407,-57.97213694647,3.11676799056965E-12));
#6938=CARTESIAN_POINT('',(-38.2918498595069,-53.9554702797979,13.7833333333341));
#6939=CARTESIAN_POINT('Origin',(-36.5751831928407,-56.272136946466,15.5000000000002));
#6940=CARTESIAN_POINT('',(-38.6358433646206,-57.0221369464636,13.4393398282203));
#6941=CARTESIAN_POINT('Origin',(-48.0749109096853,-57.7721369464613,13.0000000000001));
#6942=CARTESIAN_POINT('',(-39.6965035364004,-57.0221369464636,13.0000000000001));
#6943=CARTESIAN_POINT('Origin',(-34.2751839643831,-51.1221379050577,25.5));
#6944=CARTESIAN_POINT('Origin',(-34.2751839643831,-51.1221379050577,25.5));
#6945=CARTESIAN_POINT('',(-34.2751831928408,-55.2410854558195,4.9985222910704));
#6946=CARTESIAN_POINT('Origin',(-34.2751839643833,-54.3910854558195,4.99852229107036));
#6947=CARTESIAN_POINT('Origin',(-39.6965035364004,-57.0221369464636,14.5000000000001));
#6948=CARTESIAN_POINT('Origin',(-34.2750231287895,-45.930137905044,36.0000000000001));
#6949=CARTESIAN_POINT('',(-34.4748630647383,-46.138137905044,36.0003220354505));
#6950=CARTESIAN_POINT('',(-34.0751831928408,-45.722137905044,36.400001907348));
#6951=CARTESIAN_POINT('',(-34.4748630647383,-46.138137905044,31.9996817792455));
#6952=CARTESIAN_POINT('',(-34.4748630647383,-46.138137905044,36.0000000000001));
#6953=CARTESIAN_POINT('',(-34.4748630647383,-46.138137905044,31.9996817792455));
#6954=CARTESIAN_POINT('Origin',(-34.2747382534687,-48.3354712383774,36.0000000000001));
#6955=CARTESIAN_POINT('',(-34.4742933140966,-48.1488045717107,31.9991120286039));
#6956=CARTESIAN_POINT('',(-34.0751831928408,-48.522137905044,31.600001907348));
#6957=CARTESIAN_POINT('',(-34.4742933140966,-48.1488045717107,36.0008917860921));
#6958=CARTESIAN_POINT('',(-34.4742933140966,-48.1488045717107,36.0000000000001));
#6959=CARTESIAN_POINT('',(-34.4742933140966,-48.1488045717107,36.0008917860921));
#6960=CARTESIAN_POINT('Origin',(-34.2751831928407,-52.947137425757,31.800001907348));
#6961=CARTESIAN_POINT('',(-34.4751831928408,-46.1381635872932,32.0000000000001));
#6962=CARTESIAN_POINT('',(-34.4751831928408,-48.1489241555803,32.0000000000001));
#6963=CARTESIAN_POINT('',(-34.4751831928407,-52.947137425757,32.000001907348));
#6964=CARTESIAN_POINT('Origin',(-34.0751831928408,-51.122137905044,31.600001907348));
#6965=CARTESIAN_POINT('Origin',(-34.0751831928408,-51.122137905044,31.600001907348));
#6966=CARTESIAN_POINT('Origin',(-34.2751831928407,-52.947137425757,36.200001907348));
#6967=CARTESIAN_POINT('',(-34.4751831928408,-48.1489241555803,36.0000000000001));
#6968=CARTESIAN_POINT('Origin',(-34.0751831928408,-51.122137905044,36.400001907348));
#6969=CARTESIAN_POINT('',(-34.4751831928408,-46.1381635872932,36.0000000000001));
#6970=CARTESIAN_POINT('',(-34.4751831928407,-52.947137425757,36.000001907348));
#6971=CARTESIAN_POINT('Origin',(-34.0751831928408,-51.122137905044,36.400001907348));
#6972=CARTESIAN_POINT('Origin',(-35.5750454299809,-51.122137905044,36.000001907348));
#6973=CARTESIAN_POINT('',(-34.4751831928407,-54.0953516545077,36.0000000000001));
#6974=CARTESIAN_POINT('Origin',(-34.0751831928408,-51.122137905044,36.0000000000001));
#6975=CARTESIAN_POINT('',(-34.4751831928407,-56.1061122227949,36.0000000000001));
#6976=CARTESIAN_POINT('',(-34.4751831928407,-52.947137425757,36.000001907348));
#6977=CARTESIAN_POINT('Origin',(-34.0751831928408,-51.122137905044,36.0000000000001));
#6978=CARTESIAN_POINT('Origin',(-34.0751831928408,-51.122137905044,36.0000000000001));
#6979=CARTESIAN_POINT('',(-34.4751831928407,-54.0953516545077,32.0000000000001));
#6980=CARTESIAN_POINT('Origin',(-34.0751831928408,-51.122137905044,32.0000000000001));
#6981=CARTESIAN_POINT('',(-34.4742933140966,-54.0954712383774,31.9991120286039));
#6982=CARTESIAN_POINT('Origin',(-34.0751831928408,-51.122137905044,31.600001907348));
#6983=CARTESIAN_POINT('',(-34.4742933140966,-54.0954712383774,36.0008917860921));
#6984=CARTESIAN_POINT('',(-34.4742933140966,-54.0954712383774,36.0000000000001));
#6985=CARTESIAN_POINT('Origin',(-34.0751831928408,-51.122137905044,36.400001907348));
#6986=CARTESIAN_POINT('Origin',(-34.2747382534687,-53.9088045717107,36.0000000000001));
#6987=CARTESIAN_POINT('',(-34.0751831928407,-53.722137905044,36.400001907348));
#6988=CARTESIAN_POINT('',(-34.4742933140966,-54.0954712383774,31.9991120286039));
#6989=CARTESIAN_POINT('Origin',(-34.2750231287895,-56.314137905044,36.0000000000001));
#6990=CARTESIAN_POINT('',(-34.4748630647382,-56.106137905044,31.9996817792455));
#6991=CARTESIAN_POINT('',(-34.0751831928407,-56.522137905044,31.600001907348));
#6992=CARTESIAN_POINT('',(-34.4748630647382,-56.106137905044,36.0003220354505));
#6993=CARTESIAN_POINT('',(-34.4748630647382,-56.106137905044,36.0000000000001));
#6994=CARTESIAN_POINT('',(-34.4748630647382,-56.106137905044,36.0003220354505));
#6995=CARTESIAN_POINT('Origin',(-34.2751831928407,-52.947137425757,31.800001907348));
#6996=CARTESIAN_POINT('',(-34.4751831928407,-56.1061122227949,32.0000000000001));
#6997=CARTESIAN_POINT('',(-34.4751831928407,-52.947137425757,32.000001907348));
#6998=CARTESIAN_POINT('Origin',(-34.0751831928408,-51.122137905044,31.600001907348));
#6999=CARTESIAN_POINT('Origin',(-34.2751831928407,-52.947137425757,36.200001907348));
#7000=CARTESIAN_POINT('Origin',(-34.0751831928408,-51.122137905044,36.400001907348));
#7001=CARTESIAN_POINT('Origin',(-34.0751831928408,-51.122137905044,36.0000000000001));
#7002=CARTESIAN_POINT('Origin',(-34.0751831928408,-51.122137905044,32.0000000000001));
#7003=CARTESIAN_POINT('Origin',(-34.2751834792467,-59.1219500140349,41.));
#7004=CARTESIAN_POINT('',(-34.4751837656527,-60.8219500140349,41.));
#7005=CARTESIAN_POINT('',(-34.4751837656527,-60.8219500140349,41.));
#7006=CARTESIAN_POINT('',(-34.4751837656527,-57.4219500140349,41.));
#7007=CARTESIAN_POINT('',(-34.0751831928407,-57.0219500140354,41.));
#7008=CARTESIAN_POINT('Origin',(-34.4751837656527,-59.1219500140349,41.));
#7009=CARTESIAN_POINT('Origin',(-34.2751835786119,-61.0219500140346,23.));
#7010=CARTESIAN_POINT('',(-34.4751839643831,-60.8219500140348,46.0000000000001));
#7011=CARTESIAN_POINT('',(-34.4751839643831,-60.8219500140349,23.));
#7012=CARTESIAN_POINT('',(-34.4751839643831,-60.8219500140348,46.0000000000001));
#7013=CARTESIAN_POINT('Origin',(-34.2751835786118,-59.1219500140349,46.));
#7014=CARTESIAN_POINT('',(-34.4751839643829,-57.4219500140348,46.));
#7015=CARTESIAN_POINT('Origin',(-34.4751839643829,-59.1219500140349,46.));
#7016=CARTESIAN_POINT('',(-34.4751839643829,-57.4219500140348,46.));
#7017=CARTESIAN_POINT('Origin',(-34.2751835786119,-57.2219500140353,20.));
#7018=CARTESIAN_POINT('',(-34.4751839643831,-57.421950014035,20.));
#7019=CARTESIAN_POINT('Origin',(-37.0751839643831,-60.8219500140348,46.0000000000001));
#7020=CARTESIAN_POINT('',(-37.0751839643831,-60.8219500140349,41.));
#7021=CARTESIAN_POINT('',(-37.0751839643831,-60.8219500140348,46.0000000000001));
#7022=CARTESIAN_POINT('Origin',(-37.0751839643831,-59.1219500140349,41.));
#7023=CARTESIAN_POINT('',(-37.0751839643831,-57.4219500140349,41.));
#7024=CARTESIAN_POINT('Origin',(-34.2751834792467,-43.1218821108989,41.));
#7025=CARTESIAN_POINT('',(-34.4751837656526,-44.8218821108988,41.));
#7026=CARTESIAN_POINT('',(-34.4751837656526,-44.8218821108988,41.));
#7027=CARTESIAN_POINT('',(-34.4751837656526,-41.4218821108988,40.9999999999999));
#7028=CARTESIAN_POINT('',(-34.0751831928408,-41.0218821108993,40.9999999999999));
#7029=CARTESIAN_POINT('Origin',(-34.4751837656526,-43.1218821108989,41.));
#7030=CARTESIAN_POINT('Origin',(-34.2751835786119,-45.0218821108985,23.));
#7031=CARTESIAN_POINT('',(-34.4751839643831,-44.8218821108988,46.));
#7032=CARTESIAN_POINT('',(-34.4751839643831,-44.8218821108989,23.));
#7033=CARTESIAN_POINT('',(-34.4751839643831,-44.8218821108988,46.));
#7034=CARTESIAN_POINT('Origin',(-34.2751835786118,-43.1218821108988,46.));
#7035=CARTESIAN_POINT('',(-34.4751839643829,-41.4218821108988,46.));
#7036=CARTESIAN_POINT('Origin',(-34.4751839643829,-43.1218821108988,46.));
#7037=CARTESIAN_POINT('',(-34.4751839643829,-41.4218821108988,46.));
#7038=CARTESIAN_POINT('Origin',(-34.2751835786119,-41.2218821108993,19.9999999999999));
#7039=CARTESIAN_POINT('',(-34.4751839643831,-41.4218821108989,19.9999999999999));
#7040=CARTESIAN_POINT('Origin',(-37.0751839643831,-44.8218821108988,46.));
#7041=CARTESIAN_POINT('',(-37.0751839643831,-44.8218821108988,41.));
#7042=CARTESIAN_POINT('',(-37.0751839643831,-44.8218821108988,46.));
#7043=CARTESIAN_POINT('Origin',(-37.0751839643831,-43.1218821108989,41.));
#7044=CARTESIAN_POINT('',(-37.0751839643831,-41.4218821108988,41.));
#7045=CARTESIAN_POINT('Origin',(-35.5750454299809,-51.122137905044,32.000001907348));
#7046=CARTESIAN_POINT('Origin',(-37.0751839643831,-57.4219500140349,40.));
#7047=CARTESIAN_POINT('',(-37.0751839643831,-57.4219500140348,46.));
#7048=CARTESIAN_POINT('Origin',(-37.0751839643831,-41.4218821108988,39.9999999999999));
#7049=CARTESIAN_POINT('',(-37.0751839643831,-41.4218821108988,46.));
#7050=CARTESIAN_POINT('Origin',(-44.6249084386635,-54.3910854558189,4.99852229107036));
#7051=CARTESIAN_POINT('',(-44.6249084386635,-55.2410854558189,4.99852229107088));
#7052=CARTESIAN_POINT('Origin',(-37.0751839643831,-43.1218821108988,46.));
#7053=CARTESIAN_POINT('Origin',(-37.0751839643831,-59.1219500140349,46.));
#7054=CARTESIAN_POINT('',(-80.0001866687978,163.400000000048,97.9000000000712));
#7055=CARTESIAN_POINT('',(-3.25018666878256,162.000000000002,2.69999999999998));
#7056=CARTESIAN_POINT('',(3.24981333121764,162.000000000001,2.7000000000002));
#7057=CARTESIAN_POINT('',(-16.499931833213,196.483026446166,10.0523464062821));
#7058=CARTESIAN_POINT('',(-0.499931833213014,196.483026446166,10.052346406282));
#7059=CARTESIAN_POINT('',(-7.99993183321303,198.999999999999,17.9997252458217));
#7060=CARTESIAN_POINT('',(8.00006816678695,198.999999999999,17.9997252458219));
#7061=CARTESIAN_POINT('',(51.121950277686,156.999999999999,52.0749084386628));
#7062=UNCERTAINTY_MEASURE_WITH_UNIT(LENGTH_MEASURE(0.01),#7076,
'DISTANCE_ACCURACY_VALUE',
'Maximum model space distance between geometric entities at asserted c
onnectivities');
#7063=UNCERTAINTY_MEASURE_WITH_UNIT(LENGTH_MEASURE(0.01),#7076,
'DISTANCE_ACCURACY_VALUE',
'Maximum model space distance between geometric entities at asserted c
onnectivities');
#7064=UNCERTAINTY_MEASURE_WITH_UNIT(LENGTH_MEASURE(0.01),#7076,
'DISTANCE_ACCURACY_VALUE',
'Maximum model space distance between geometric entities at asserted c
onnectivities');
#7065=UNCERTAINTY_MEASURE_WITH_UNIT(LENGTH_MEASURE(0.01),#7076,
'DISTANCE_ACCURACY_VALUE',
'Maximum model space distance between geometric entities at asserted c
onnectivities');
#7066=UNCERTAINTY_MEASURE_WITH_UNIT(LENGTH_MEASURE(0.01),#7076,
'DISTANCE_ACCURACY_VALUE',
'Maximum model space distance between geometric entities at asserted c
onnectivities');
#7067=UNCERTAINTY_MEASURE_WITH_UNIT(LENGTH_MEASURE(0.01),#7076,
'DISTANCE_ACCURACY_VALUE',
'Maximum model space distance between geometric entities at asserted c
onnectivities');
#7068=UNCERTAINTY_MEASURE_WITH_UNIT(LENGTH_MEASURE(0.01),#7076,
'DISTANCE_ACCURACY_VALUE',
'Maximum model space distance between geometric entities at asserted c
onnectivities');
#7069=(
GEOMETRIC_REPRESENTATION_CONTEXT(3)
GLOBAL_UNCERTAINTY_ASSIGNED_CONTEXT((#7062))
GLOBAL_UNIT_ASSIGNED_CONTEXT((#7076,#7078,#7079))
REPRESENTATION_CONTEXT('','3D')
);
#7070=(
GEOMETRIC_REPRESENTATION_CONTEXT(3)
GLOBAL_UNCERTAINTY_ASSIGNED_CONTEXT((#7063))
GLOBAL_UNIT_ASSIGNED_CONTEXT((#7076,#7078,#7079))
REPRESENTATION_CONTEXT('','3D')
);
#7071=(
GEOMETRIC_REPRESENTATION_CONTEXT(3)
GLOBAL_UNCERTAINTY_ASSIGNED_CONTEXT((#7064))
GLOBAL_UNIT_ASSIGNED_CONTEXT((#7076,#7078,#7079))
REPRESENTATION_CONTEXT('','3D')
);
#7072=(
GEOMETRIC_REPRESENTATION_CONTEXT(3)
GLOBAL_UNCERTAINTY_ASSIGNED_CONTEXT((#7065))
GLOBAL_UNIT_ASSIGNED_CONTEXT((#7076,#7078,#7079))
REPRESENTATION_CONTEXT('','3D')
);
#7073=(
GEOMETRIC_REPRESENTATION_CONTEXT(3)
GLOBAL_UNCERTAINTY_ASSIGNED_CONTEXT((#7066))
GLOBAL_UNIT_ASSIGNED_CONTEXT((#7076,#7078,#7079))
REPRESENTATION_CONTEXT('','3D')
);
#7074=(
GEOMETRIC_REPRESENTATION_CONTEXT(3)
GLOBAL_UNCERTAINTY_ASSIGNED_CONTEXT((#7067))
GLOBAL_UNIT_ASSIGNED_CONTEXT((#7076,#7078,#7079))
REPRESENTATION_CONTEXT('','3D')
);
#7075=(
GEOMETRIC_REPRESENTATION_CONTEXT(3)
GLOBAL_UNCERTAINTY_ASSIGNED_CONTEXT((#7068))
GLOBAL_UNIT_ASSIGNED_CONTEXT((#7076,#7078,#7079))
REPRESENTATION_CONTEXT('','3D')
);
#7076=(
LENGTH_UNIT()
NAMED_UNIT(*)
SI_UNIT(.MILLI.,.METRE.)
);
#7077=(
LENGTH_UNIT()
NAMED_UNIT(*)
SI_UNIT($,.METRE.)
);
#7078=(
NAMED_UNIT(*)
PLANE_ANGLE_UNIT()
SI_UNIT($,.RADIAN.)
);
#7079=(
NAMED_UNIT(*)
SI_UNIT($,.STERADIAN.)
SOLID_ANGLE_UNIT()
);
#7080=SHAPE_DEFINITION_REPRESENTATION(#7086,#7100);
#7081=SHAPE_DEFINITION_REPRESENTATION(#7087,#7101);
#7082=SHAPE_DEFINITION_REPRESENTATION(#7088,#7102);
#7083=SHAPE_DEFINITION_REPRESENTATION(#7089,#7103);
#7084=SHAPE_DEFINITION_REPRESENTATION(#7090,#7104);
#7085=SHAPE_DEFINITION_REPRESENTATION(#7091,#7105);
#7086=PRODUCT_DEFINITION_SHAPE('',$,#7107);
#7087=PRODUCT_DEFINITION_SHAPE('',$,#7108);
#7088=PRODUCT_DEFINITION_SHAPE('',$,#7109);
#7089=PRODUCT_DEFINITION_SHAPE('',$,#7110);
#7090=PRODUCT_DEFINITION_SHAPE('',$,#7111);
#7091=PRODUCT_DEFINITION_SHAPE('',$,#7112);
#7092=PRODUCT_DEFINITION_SHAPE($,$,#35);
#7093=PRODUCT_DEFINITION_SHAPE($,$,#36);
#7094=PRODUCT_DEFINITION_SHAPE($,$,#37);
#7095=PRODUCT_DEFINITION_SHAPE($,$,#38);
#7096=PRODUCT_DEFINITION_SHAPE($,$,#39);
#7097=PRODUCT_DEFINITION_SHAPE($,$,#40);
#7098=PRODUCT_DEFINITION_SHAPE($,$,#41);
#7099=PRODUCT_DEFINITION_SHAPE($,$,#42);
#7100=SHAPE_REPRESENTATION('',(#4153,#4530,#4531,#4532,#4533,#4534,#4535,
#4536,#4537),#7069);
#7101=SHAPE_REPRESENTATION('',(#4154),#7070);
#7102=SHAPE_REPRESENTATION('',(#4235),#7071);
#7103=SHAPE_REPRESENTATION('',(#4268),#7072);
#7104=SHAPE_REPRESENTATION('',(#4312),#7073);
#7105=SHAPE_REPRESENTATION('',(#4342),#7074);
#7106=PRODUCT_DEFINITION_CONTEXT('part definition',#7126,'design');
#7107=PRODUCT_DEFINITION('2026-09-20-18-11-27-638','_Y_endstop',#7113,#7106);
#7108=PRODUCT_DEFINITION('2026-09-19-00-25-40-973','KW10 microswitch',#7114,
#7106);
#7109=PRODUCT_DEFINITION('2026-09-19-00-25-43-017',
'M2x10 self-tapping screw',#7115,#7106);
#7110=PRODUCT_DEFINITION('2026-09-19-00-25-44-096',
'M3 2020 drop-in T-nut',#7116,#7106);
#7111=PRODUCT_DEFINITION('2026-09-19-00-25-47-556','M3x12 SHCS',#7117,#7106);
#7112=PRODUCT_DEFINITION('2026-09-19-00-48-51-867','Y_endstop_housing',
#7118,#7106);
#7113=PRODUCT_DEFINITION_FORMATION('',$,#7128);
#7114=PRODUCT_DEFINITION_FORMATION('',$,#7129);
#7115=PRODUCT_DEFINITION_FORMATION('',$,#7130);
#7116=PRODUCT_DEFINITION_FORMATION('',$,#7131);
#7117=PRODUCT_DEFINITION_FORMATION('',$,#7132);
#7118=PRODUCT_DEFINITION_FORMATION('',$,#7133);
#7119=PRODUCT_RELATED_PRODUCT_CATEGORY('_Y_endstop','_Y_endstop',(#7128));
#7120=PRODUCT_RELATED_PRODUCT_CATEGORY('KW10 microswitch',
'KW10 microswitch',(#7129));
#7121=PRODUCT_RELATED_PRODUCT_CATEGORY('M2x10 self-tapping screw',
'M2x10 self-tapping screw',(#7130));
#7122=PRODUCT_RELATED_PRODUCT_CATEGORY('M3 2020 drop-in T-nut',
'M3 2020 drop-in T-nut',(#7131));
#7123=PRODUCT_RELATED_PRODUCT_CATEGORY('M3x12 SHCS','M3x12 SHCS',(#7132));
#7124=PRODUCT_RELATED_PRODUCT_CATEGORY('Y_endstop_housing',
'Y_endstop_housing',(#7133));
#7125=APPLICATION_PROTOCOL_DEFINITION('international standard',
'automotive_design',2009,#7126);
#7126=APPLICATION_CONTEXT(
'Core Data for Automotive Mechanical Design Process');
#7127=PRODUCT_CONTEXT('part definition',#7126,'mechanical');
#7128=PRODUCT('2026-09-20-18-11-27-638','_Y_endstop',$,(#7127));
#7129=PRODUCT('2026-09-19-00-25-40-973','KW10 microswitch',$,(#7127));
#7130=PRODUCT('2026-09-19-00-25-43-017','M2x10 self-tapping screw',$,(#7127));
#7131=PRODUCT('2026-09-19-00-25-44-096','M3 2020 drop-in T-nut',$,(#7127));
#7132=PRODUCT('2026-09-19-00-25-47-556','M3x12 SHCS',$,(#7127));
#7133=PRODUCT('2026-09-19-00-48-51-867','Y_endstop_housing',$,(#7127));
#7134=PRESENTATION_STYLE_ASSIGNMENT((#7142));
#7135=PRESENTATION_STYLE_ASSIGNMENT((#7143));
#7136=PRESENTATION_STYLE_ASSIGNMENT((#7144));
#7137=PRESENTATION_STYLE_ASSIGNMENT((#7145));
#7138=PRESENTATION_STYLE_ASSIGNMENT((#7146));
#7139=PRESENTATION_STYLE_ASSIGNMENT((#7147));
#7140=PRESENTATION_STYLE_ASSIGNMENT((#7148));
#7141=PRESENTATION_STYLE_ASSIGNMENT((#7149));
#7142=SURFACE_STYLE_USAGE(.BOTH.,#7150);
#7143=SURFACE_STYLE_USAGE(.BOTH.,#7151);
#7144=SURFACE_STYLE_USAGE(.BOTH.,#7152);
#7145=SURFACE_STYLE_USAGE(.BOTH.,#7153);
#7146=SURFACE_STYLE_USAGE(.BOTH.,#7154);
#7147=SURFACE_STYLE_USAGE(.BOTH.,#7155);
#7148=SURFACE_STYLE_USAGE(.BOTH.,#7156);
#7149=SURFACE_STYLE_USAGE(.BOTH.,#7157);
#7150=SURFACE_SIDE_STYLE('',(#7158));
#7151=SURFACE_SIDE_STYLE('',(#7159));
#7152=SURFACE_SIDE_STYLE('',(#7160));
#7153=SURFACE_SIDE_STYLE('',(#7161));
#7154=SURFACE_SIDE_STYLE('',(#7162));
#7155=SURFACE_SIDE_STYLE('',(#7163));
#7156=SURFACE_SIDE_STYLE('',(#7164));
#7157=SURFACE_SIDE_STYLE('',(#7165));
#7158=SURFACE_STYLE_FILL_AREA(#7166);
#7159=SURFACE_STYLE_FILL_AREA(#7167);
#7160=SURFACE_STYLE_FILL_AREA(#7168);
#7161=SURFACE_STYLE_FILL_AREA(#7169);
#7162=SURFACE_STYLE_FILL_AREA(#7170);
#7163=SURFACE_STYLE_FILL_AREA(#7171);
#7164=SURFACE_STYLE_FILL_AREA(#7172);
#7165=SURFACE_STYLE_FILL_AREA(#7173);
#7166=FILL_AREA_STYLE('Steel - Satin',(#7174));
#7167=FILL_AREA_STYLE('Aluminum - Satin',(#7175));
#7168=FILL_AREA_STYLE('Prism Opaque',(#7176));
#7169=FILL_AREA_STYLE('Plastic - Molded (Black)',(#7177));
#7170=FILL_AREA_STYLE('Plastic - Matte (Red)',(#7178));
#7171=FILL_AREA_STYLE('Steel - Black Nickel',(#7179));
#7172=FILL_AREA_STYLE('Steel - Satin',(#7180));
#7173=FILL_AREA_STYLE('ABS (Black)',(#7181));
#7174=FILL_AREA_STYLE_COLOUR('Steel - Satin',#7182);
#7175=FILL_AREA_STYLE_COLOUR('Aluminum - Satin',#7183);
#7176=FILL_AREA_STYLE_COLOUR('Prism Opaque',#7184);
#7177=FILL_AREA_STYLE_COLOUR('Plastic - Molded (Black)',#7185);
#7178=FILL_AREA_STYLE_COLOUR('Plastic - Matte (Red)',#7186);
#7179=FILL_AREA_STYLE_COLOUR('Steel - Black Nickel',#7187);
#7180=FILL_AREA_STYLE_COLOUR('Steel - Satin',#7188);
#7181=FILL_AREA_STYLE_COLOUR('ABS (Black)',#7189);
#7182=COLOUR_RGB('Steel - Satin',0.627450980392157,0.627450980392157,0.627450980392157);
#7183=COLOUR_RGB('Aluminum - Satin',0.96078431372549,0.96078431372549,0.964705882352941);
#7184=COLOUR_RGB('Prism Opaque',1.,1.,1.);
#7185=COLOUR_RGB('Plastic - Molded (Black)',0.0980392156862745,0.0980392156862745,
0.0980392156862745);
#7186=COLOUR_RGB('Plastic - Matte (Red)',0.784313725490196,0.0784313725490196,
0.0784313725490196);
#7187=COLOUR_RGB('Steel - Black Nickel',0.564705882352941,0.556862745098039,
0.545098039215686);
#7188=COLOUR_RGB('Steel - Satin',0.627450980392157,0.627450980392157,0.627450980392157);
#7189=COLOUR_RGB('ABS (Black)',0.196078431372549,0.196078431372549,0.196078431372549);
ENDSEC;
END-ISO-10303-21;
