ISO-10303-21;
HEADER;
/* Generated by software containing ST-Developer
 * from STEP Tools, Inc. (www.steptools.com) 
 */

FILE_DESCRIPTION(
/* description */ (''),
/* implementation_level */ '2;1');

FILE_NAME(
/* name */ 'Rear upper motor plate.step',
/* time_stamp */ '2026-08-22T21:09:34-05:00',
/* author */ (''),
/* organization */ (''),
/* preprocessor_version */ 'ST-DEVELOPER v20.1',
/* originating_system */ 'Autodesk Translation Framework v15.8.0.0',
/* authorisation */ '');

FILE_SCHEMA (('AUTOMOTIVE_DESIGN { 1 0 10303 214 3 1 1 }'));
ENDSEC;

DATA;
#10=MECHANICAL_DESIGN_GEOMETRIC_PRESENTATION_REPRESENTATION('',(#25),#3583);
#11=ITEM_DEFINED_TRANSFORMATION($,$,#2089,#2318);
#12=ITEM_DEFINED_TRANSFORMATION($,$,#2088,#2319);
#13=ITEM_DEFINED_TRANSFORMATION($,$,#2087,#2320);
#14=(
REPRESENTATION_RELATIONSHIP($,$,#3602,#3601)
REPRESENTATION_RELATIONSHIP_WITH_TRANSFORMATION(#11)
SHAPE_REPRESENTATION_RELATIONSHIP()
);
#15=(
REPRESENTATION_RELATIONSHIP($,$,#3601,#3600)
REPRESENTATION_RELATIONSHIP_WITH_TRANSFORMATION(#12)
SHAPE_REPRESENTATION_RELATIONSHIP()
);
#16=(
REPRESENTATION_RELATIONSHIP($,$,#3600,#3599)
REPRESENTATION_RELATIONSHIP_WITH_TRANSFORMATION(#13)
SHAPE_REPRESENTATION_RELATIONSHIP()
);
#17=CONTEXT_DEPENDENT_SHAPE_REPRESENTATION(#14,#3596);
#18=CONTEXT_DEPENDENT_SHAPE_REPRESENTATION(#15,#3597);
#19=CONTEXT_DEPENDENT_SHAPE_REPRESENTATION(#16,#3598);
#20=NEXT_ASSEMBLY_USAGE_OCCURRENCE(
'2x-3030_Sheet_metal_RR_rear_motor_mount_a_4.7-5mm (1) (1):1',
'2x-3030_Sheet_metal_RR_rear_motor_mount_a_4.7-5mm (1) (1):1',
'2x-3030_Sheet_metal_RR_rear_motor_mount_a_4.7-5mm (1) (1):1',#3606,#3607,
'2x-3030_Sheet_metal_RR_rear_motor_mount_a_4.7-5mm (1) (1):1');
#21=NEXT_ASSEMBLY_USAGE_OCCURRENCE(
'_Sheet_metal_VT_9mm_rear_left_motor_mount:1',
'_Sheet_metal_VT_9mm_rear_left_motor_mount:1',
'_Sheet_metal_VT_9mm_rear_left_motor_mount:1',#3605,#3606,
'_Sheet_metal_VT_9mm_rear_left_motor_mount:1');
#22=NEXT_ASSEMBLY_USAGE_OCCURRENCE('3030 Rear Motor Assemblies:1',
'3030 Rear Motor Assemblies:1','3030 Rear Motor Assemblies:1',#3604,#3605,
'3030 Rear Motor Assemblies:1');
#23=SHAPE_REPRESENTATION_RELATIONSHIP('SRR','None',#3602,#24);
#24=ADVANCED_BREP_SHAPE_REPRESENTATION('',(#26),#3582);
#25=STYLED_ITEM('',(#3625),#26);
#26=MANIFOLD_SOLID_BREP('Body1',#2073);
#27=FACE_BOUND('',#296,.T.);
#28=FACE_BOUND('',#297,.T.);
#29=FACE_BOUND('',#298,.T.);
#30=FACE_BOUND('',#299,.T.);
#31=FACE_BOUND('',#300,.T.);
#32=FACE_BOUND('',#301,.T.);
#33=FACE_BOUND('',#302,.T.);
#34=FACE_BOUND('',#303,.T.);
#35=FACE_BOUND('',#304,.T.);
#36=FACE_BOUND('',#305,.T.);
#37=FACE_BOUND('',#306,.T.);
#38=FACE_BOUND('',#307,.T.);
#39=FACE_BOUND('',#308,.T.);
#40=FACE_BOUND('',#309,.T.);
#41=FACE_BOUND('',#310,.T.);
#42=FACE_BOUND('',#311,.T.);
#43=FACE_BOUND('',#317,.T.);
#44=FACE_BOUND('',#318,.T.);
#45=FACE_BOUND('',#319,.T.);
#46=FACE_BOUND('',#320,.T.);
#47=FACE_BOUND('',#321,.T.);
#48=FACE_BOUND('',#322,.T.);
#49=FACE_BOUND('',#323,.T.);
#50=FACE_BOUND('',#324,.T.);
#51=FACE_BOUND('',#325,.T.);
#52=FACE_BOUND('',#326,.T.);
#53=FACE_BOUND('',#327,.T.);
#54=FACE_BOUND('',#328,.T.);
#55=FACE_BOUND('',#329,.T.);
#56=FACE_BOUND('',#330,.T.);
#57=FACE_BOUND('',#331,.T.);
#58=FACE_BOUND('',#332,.T.);
#59=PLANE('',#2093);
#60=PLANE('',#2100);
#61=PLANE('',#2110);
#62=PLANE('',#2120);
#63=PLANE('',#2130);
#64=PLANE('',#2146);
#65=PLANE('',#2153);
#66=PLANE('',#2160);
#67=PLANE('',#2164);
#68=PLANE('',#2168);
#69=PLANE('',#2172);
#70=PLANE('',#2176);
#71=PLANE('',#2180);
#72=PLANE('',#2187);
#73=PLANE('',#2191);
#74=PLANE('',#2195);
#75=PLANE('',#2202);
#76=PLANE('',#2206);
#77=PLANE('',#2210);
#78=PLANE('',#2235);
#79=PLANE('',#2236);
#80=PLANE('',#2237);
#81=PLANE('',#2241);
#82=PLANE('',#2251);
#83=PLANE('',#2252);
#84=PLANE('',#2253);
#85=PLANE('',#2257);
#86=PLANE('',#2261);
#87=PLANE('',#2265);
#88=PLANE('',#2272);
#89=PLANE('',#2276);
#90=PLANE('',#2286);
#91=PLANE('',#2302);
#92=PLANE('',#2306);
#93=PLANE('',#2307);
#94=PLANE('',#2310);
#95=PLANE('',#2313);
#96=PLANE('',#2316);
#97=PLANE('',#2317);
#98=FACE_OUTER_BOUND('',#200,.T.);
#99=FACE_OUTER_BOUND('',#201,.T.);
#100=FACE_OUTER_BOUND('',#202,.T.);
#101=FACE_OUTER_BOUND('',#203,.T.);
#102=FACE_OUTER_BOUND('',#204,.T.);
#103=FACE_OUTER_BOUND('',#205,.T.);
#104=FACE_OUTER_BOUND('',#206,.T.);
#105=FACE_OUTER_BOUND('',#207,.T.);
#106=FACE_OUTER_BOUND('',#208,.T.);
#107=FACE_OUTER_BOUND('',#209,.T.);
#108=FACE_OUTER_BOUND('',#210,.T.);
#109=FACE_OUTER_BOUND('',#211,.T.);
#110=FACE_OUTER_BOUND('',#212,.T.);
#111=FACE_OUTER_BOUND('',#213,.T.);
#112=FACE_OUTER_BOUND('',#214,.T.);
#113=FACE_OUTER_BOUND('',#215,.T.);
#114=FACE_OUTER_BOUND('',#216,.T.);
#115=FACE_OUTER_BOUND('',#217,.T.);
#116=FACE_OUTER_BOUND('',#218,.T.);
#117=FACE_OUTER_BOUND('',#219,.T.);
#118=FACE_OUTER_BOUND('',#220,.T.);
#119=FACE_OUTER_BOUND('',#221,.T.);
#120=FACE_OUTER_BOUND('',#222,.T.);
#121=FACE_OUTER_BOUND('',#223,.T.);
#122=FACE_OUTER_BOUND('',#224,.T.);
#123=FACE_OUTER_BOUND('',#225,.T.);
#124=FACE_OUTER_BOUND('',#226,.T.);
#125=FACE_OUTER_BOUND('',#227,.T.);
#126=FACE_OUTER_BOUND('',#228,.T.);
#127=FACE_OUTER_BOUND('',#229,.T.);
#128=FACE_OUTER_BOUND('',#230,.T.);
#129=FACE_OUTER_BOUND('',#231,.T.);
#130=FACE_OUTER_BOUND('',#232,.T.);
#131=FACE_OUTER_BOUND('',#233,.T.);
#132=FACE_OUTER_BOUND('',#234,.T.);
#133=FACE_OUTER_BOUND('',#235,.T.);
#134=FACE_OUTER_BOUND('',#236,.T.);
#135=FACE_OUTER_BOUND('',#237,.T.);
#136=FACE_OUTER_BOUND('',#238,.T.);
#137=FACE_OUTER_BOUND('',#239,.T.);
#138=FACE_OUTER_BOUND('',#240,.T.);
#139=FACE_OUTER_BOUND('',#241,.T.);
#140=FACE_OUTER_BOUND('',#242,.T.);
#141=FACE_OUTER_BOUND('',#243,.T.);
#142=FACE_OUTER_BOUND('',#244,.T.);
#143=FACE_OUTER_BOUND('',#245,.T.);
#144=FACE_OUTER_BOUND('',#246,.T.);
#145=FACE_OUTER_BOUND('',#247,.T.);
#146=FACE_OUTER_BOUND('',#248,.T.);
#147=FACE_OUTER_BOUND('',#249,.T.);
#148=FACE_OUTER_BOUND('',#250,.T.);
#149=FACE_OUTER_BOUND('',#251,.T.);
#150=FACE_OUTER_BOUND('',#252,.T.);
#151=FACE_OUTER_BOUND('',#253,.T.);
#152=FACE_OUTER_BOUND('',#254,.T.);
#153=FACE_OUTER_BOUND('',#255,.T.);
#154=FACE_OUTER_BOUND('',#256,.T.);
#155=FACE_OUTER_BOUND('',#257,.T.);
#156=FACE_OUTER_BOUND('',#258,.T.);
#157=FACE_OUTER_BOUND('',#259,.T.);
#158=FACE_OUTER_BOUND('',#260,.T.);
#159=FACE_OUTER_BOUND('',#261,.T.);
#160=FACE_OUTER_BOUND('',#262,.T.);
#161=FACE_OUTER_BOUND('',#263,.T.);
#162=FACE_OUTER_BOUND('',#264,.T.);
#163=FACE_OUTER_BOUND('',#265,.T.);
#164=FACE_OUTER_BOUND('',#266,.T.);
#165=FACE_OUTER_BOUND('',#267,.T.);
#166=FACE_OUTER_BOUND('',#268,.T.);
#167=FACE_OUTER_BOUND('',#269,.T.);
#168=FACE_OUTER_BOUND('',#270,.T.);
#169=FACE_OUTER_BOUND('',#271,.T.);
#170=FACE_OUTER_BOUND('',#272,.T.);
#171=FACE_OUTER_BOUND('',#273,.T.);
#172=FACE_OUTER_BOUND('',#274,.T.);
#173=FACE_OUTER_BOUND('',#275,.T.);
#174=FACE_OUTER_BOUND('',#276,.T.);
#175=FACE_OUTER_BOUND('',#277,.T.);
#176=FACE_OUTER_BOUND('',#278,.T.);
#177=FACE_OUTER_BOUND('',#279,.T.);
#178=FACE_OUTER_BOUND('',#280,.T.);
#179=FACE_OUTER_BOUND('',#281,.T.);
#180=FACE_OUTER_BOUND('',#282,.T.);
#181=FACE_OUTER_BOUND('',#283,.T.);
#182=FACE_OUTER_BOUND('',#284,.T.);
#183=FACE_OUTER_BOUND('',#285,.T.);
#184=FACE_OUTER_BOUND('',#286,.T.);
#185=FACE_OUTER_BOUND('',#287,.T.);
#186=FACE_OUTER_BOUND('',#288,.T.);
#187=FACE_OUTER_BOUND('',#289,.T.);
#188=FACE_OUTER_BOUND('',#290,.T.);
#189=FACE_OUTER_BOUND('',#291,.T.);
#190=FACE_OUTER_BOUND('',#292,.T.);
#191=FACE_OUTER_BOUND('',#293,.T.);
#192=FACE_OUTER_BOUND('',#294,.T.);
#193=FACE_OUTER_BOUND('',#295,.T.);
#194=FACE_OUTER_BOUND('',#312,.T.);
#195=FACE_OUTER_BOUND('',#313,.T.);
#196=FACE_OUTER_BOUND('',#314,.T.);
#197=FACE_OUTER_BOUND('',#315,.T.);
#198=FACE_OUTER_BOUND('',#316,.T.);
#199=FACE_OUTER_BOUND('',#333,.T.);
#200=EDGE_LOOP('',(#1308,#1309,#1310,#1311));
#201=EDGE_LOOP('',(#1312,#1313,#1314,#1315));
#202=EDGE_LOOP('',(#1316,#1317,#1318,#1319));
#203=EDGE_LOOP('',(#1320,#1321,#1322,#1323));
#204=EDGE_LOOP('',(#1324,#1325,#1326,#1327));
#205=EDGE_LOOP('',(#1328,#1329,#1330,#1331));
#206=EDGE_LOOP('',(#1332,#1333,#1334,#1335));
#207=EDGE_LOOP('',(#1336,#1337,#1338,#1339));
#208=EDGE_LOOP('',(#1340,#1341,#1342,#1343));
#209=EDGE_LOOP('',(#1344,#1345,#1346,#1347));
#210=EDGE_LOOP('',(#1348,#1349,#1350,#1351));
#211=EDGE_LOOP('',(#1352,#1353,#1354,#1355));
#212=EDGE_LOOP('',(#1356,#1357,#1358,#1359));
#213=EDGE_LOOP('',(#1360,#1361,#1362,#1363));
#214=EDGE_LOOP('',(#1364,#1365,#1366,#1367));
#215=EDGE_LOOP('',(#1368,#1369,#1370,#1371));
#216=EDGE_LOOP('',(#1372,#1373,#1374,#1375));
#217=EDGE_LOOP('',(#1376,#1377,#1378,#1379));
#218=EDGE_LOOP('',(#1380,#1381,#1382,#1383));
#219=EDGE_LOOP('',(#1384,#1385,#1386,#1387));
#220=EDGE_LOOP('',(#1388,#1389,#1390,#1391));
#221=EDGE_LOOP('',(#1392,#1393,#1394,#1395));
#222=EDGE_LOOP('',(#1396,#1397,#1398,#1399));
#223=EDGE_LOOP('',(#1400,#1401,#1402,#1403));
#224=EDGE_LOOP('',(#1404,#1405,#1406,#1407));
#225=EDGE_LOOP('',(#1408,#1409,#1410,#1411));
#226=EDGE_LOOP('',(#1412,#1413,#1414,#1415));
#227=EDGE_LOOP('',(#1416,#1417,#1418,#1419));
#228=EDGE_LOOP('',(#1420,#1421,#1422,#1423));
#229=EDGE_LOOP('',(#1424,#1425,#1426,#1427));
#230=EDGE_LOOP('',(#1428,#1429,#1430,#1431));
#231=EDGE_LOOP('',(#1432,#1433,#1434,#1435));
#232=EDGE_LOOP('',(#1436,#1437,#1438,#1439));
#233=EDGE_LOOP('',(#1440,#1441,#1442,#1443));
#234=EDGE_LOOP('',(#1444,#1445,#1446,#1447));
#235=EDGE_LOOP('',(#1448,#1449,#1450,#1451));
#236=EDGE_LOOP('',(#1452,#1453,#1454,#1455));
#237=EDGE_LOOP('',(#1456,#1457,#1458,#1459));
#238=EDGE_LOOP('',(#1460,#1461,#1462,#1463));
#239=EDGE_LOOP('',(#1464,#1465,#1466,#1467));
#240=EDGE_LOOP('',(#1468,#1469,#1470,#1471));
#241=EDGE_LOOP('',(#1472,#1473,#1474,#1475));
#242=EDGE_LOOP('',(#1476,#1477,#1478,#1479));
#243=EDGE_LOOP('',(#1480,#1481,#1482,#1483));
#244=EDGE_LOOP('',(#1484,#1485,#1486,#1487));
#245=EDGE_LOOP('',(#1488,#1489,#1490,#1491));
#246=EDGE_LOOP('',(#1492,#1493,#1494,#1495));
#247=EDGE_LOOP('',(#1496,#1497,#1498,#1499));
#248=EDGE_LOOP('',(#1500,#1501,#1502,#1503));
#249=EDGE_LOOP('',(#1504,#1505,#1506,#1507));
#250=EDGE_LOOP('',(#1508,#1509,#1510,#1511));
#251=EDGE_LOOP('',(#1512,#1513,#1514,#1515));
#252=EDGE_LOOP('',(#1516,#1517,#1518,#1519));
#253=EDGE_LOOP('',(#1520,#1521,#1522,#1523));
#254=EDGE_LOOP('',(#1524,#1525,#1526,#1527));
#255=EDGE_LOOP('',(#1528,#1529,#1530,#1531));
#256=EDGE_LOOP('',(#1532,#1533,#1534,#1535));
#257=EDGE_LOOP('',(#1536,#1537,#1538,#1539));
#258=EDGE_LOOP('',(#1540,#1541,#1542,#1543));
#259=EDGE_LOOP('',(#1544,#1545,#1546,#1547));
#260=EDGE_LOOP('',(#1548,#1549,#1550,#1551));
#261=EDGE_LOOP('',(#1552,#1553,#1554,#1555));
#262=EDGE_LOOP('',(#1556,#1557,#1558,#1559));
#263=EDGE_LOOP('',(#1560,#1561,#1562,#1563));
#264=EDGE_LOOP('',(#1564,#1565,#1566,#1567));
#265=EDGE_LOOP('',(#1568,#1569,#1570,#1571));
#266=EDGE_LOOP('',(#1572,#1573,#1574,#1575));
#267=EDGE_LOOP('',(#1576,#1577,#1578,#1579));
#268=EDGE_LOOP('',(#1580,#1581,#1582,#1583));
#269=EDGE_LOOP('',(#1584,#1585,#1586,#1587));
#270=EDGE_LOOP('',(#1588,#1589,#1590,#1591));
#271=EDGE_LOOP('',(#1592,#1593,#1594,#1595));
#272=EDGE_LOOP('',(#1596,#1597,#1598,#1599));
#273=EDGE_LOOP('',(#1600,#1601,#1602,#1603));
#274=EDGE_LOOP('',(#1604,#1605,#1606,#1607));
#275=EDGE_LOOP('',(#1608,#1609,#1610,#1611));
#276=EDGE_LOOP('',(#1612,#1613,#1614,#1615));
#277=EDGE_LOOP('',(#1616,#1617,#1618,#1619));
#278=EDGE_LOOP('',(#1620,#1621,#1622,#1623));
#279=EDGE_LOOP('',(#1624,#1625,#1626,#1627));
#280=EDGE_LOOP('',(#1628,#1629,#1630,#1631));
#281=EDGE_LOOP('',(#1632,#1633,#1634,#1635));
#282=EDGE_LOOP('',(#1636,#1637,#1638,#1639));
#283=EDGE_LOOP('',(#1640,#1641,#1642,#1643));
#284=EDGE_LOOP('',(#1644,#1645,#1646,#1647));
#285=EDGE_LOOP('',(#1648,#1649,#1650,#1651));
#286=EDGE_LOOP('',(#1652,#1653,#1654,#1655));
#287=EDGE_LOOP('',(#1656,#1657,#1658,#1659));
#288=EDGE_LOOP('',(#1660,#1661,#1662,#1663));
#289=EDGE_LOOP('',(#1664,#1665,#1666,#1667));
#290=EDGE_LOOP('',(#1668,#1669,#1670,#1671));
#291=EDGE_LOOP('',(#1672,#1673,#1674,#1675));
#292=EDGE_LOOP('',(#1676,#1677,#1678,#1679));
#293=EDGE_LOOP('',(#1680,#1681,#1682,#1683));
#294=EDGE_LOOP('',(#1684,#1685,#1686,#1687));
#295=EDGE_LOOP('',(#1688,#1689,#1690,#1691,#1692,#1693,#1694,#1695,#1696,
#1697,#1698,#1699,#1700,#1701,#1702,#1703,#1704,#1705,#1706,#1707,#1708,
#1709));
#296=EDGE_LOOP('',(#1710,#1711,#1712,#1713,#1714,#1715,#1716,#1717,#1718,
#1719,#1720,#1721,#1722,#1723,#1724,#1725));
#297=EDGE_LOOP('',(#1726));
#298=EDGE_LOOP('',(#1727));
#299=EDGE_LOOP('',(#1728,#1729,#1730,#1731,#1732,#1733));
#300=EDGE_LOOP('',(#1734));
#301=EDGE_LOOP('',(#1735));
#302=EDGE_LOOP('',(#1736));
#303=EDGE_LOOP('',(#1737));
#304=EDGE_LOOP('',(#1738));
#305=EDGE_LOOP('',(#1739,#1740,#1741,#1742,#1743,#1744,#1745,#1746,#1747,
#1748,#1749,#1750,#1751,#1752,#1753,#1754,#1755,#1756));
#306=EDGE_LOOP('',(#1757));
#307=EDGE_LOOP('',(#1758));
#308=EDGE_LOOP('',(#1759));
#309=EDGE_LOOP('',(#1760));
#310=EDGE_LOOP('',(#1761,#1762,#1763,#1764,#1765,#1766,#1767,#1768,#1769,
#1770,#1771,#1772,#1773,#1774,#1775,#1776,#1777,#1778,#1779,#1780,#1781,
#1782,#1783,#1784,#1785,#1786));
#311=EDGE_LOOP('',(#1787));
#312=EDGE_LOOP('',(#1788,#1789,#1790,#1791));
#313=EDGE_LOOP('',(#1792,#1793,#1794,#1795));
#314=EDGE_LOOP('',(#1796,#1797,#1798,#1799));
#315=EDGE_LOOP('',(#1800,#1801,#1802,#1803));
#316=EDGE_LOOP('',(#1804,#1805,#1806,#1807,#1808,#1809,#1810,#1811,#1812,
#1813,#1814,#1815,#1816,#1817,#1818,#1819,#1820,#1821,#1822,#1823,#1824,
#1825));
#317=EDGE_LOOP('',(#1826,#1827,#1828,#1829,#1830,#1831,#1832,#1833,#1834,
#1835,#1836,#1837,#1838,#1839,#1840,#1841));
#318=EDGE_LOOP('',(#1842));
#319=EDGE_LOOP('',(#1843));
#320=EDGE_LOOP('',(#1844));
#321=EDGE_LOOP('',(#1845));
#322=EDGE_LOOP('',(#1846));
#323=EDGE_LOOP('',(#1847));
#324=EDGE_LOOP('',(#1848,#1849,#1850,#1851,#1852,#1853));
#325=EDGE_LOOP('',(#1854));
#326=EDGE_LOOP('',(#1855));
#327=EDGE_LOOP('',(#1856));
#328=EDGE_LOOP('',(#1857));
#329=EDGE_LOOP('',(#1858));
#330=EDGE_LOOP('',(#1859,#1860,#1861,#1862,#1863,#1864,#1865,#1866,#1867,
#1868,#1869,#1870,#1871,#1872,#1873,#1874,#1875,#1876));
#331=EDGE_LOOP('',(#1877,#1878,#1879,#1880,#1881,#1882,#1883,#1884,#1885,
#1886,#1887,#1888,#1889,#1890,#1891,#1892,#1893,#1894,#1895,#1896,#1897,
#1898,#1899,#1900,#1901,#1902));
#332=EDGE_LOOP('',(#1903));
#333=EDGE_LOOP('',(#1904,#1905,#1906,#1907));
#334=LINE('',#2974,#508);
#335=LINE('',#2977,#509);
#336=LINE('',#2980,#510);
#337=LINE('',#2982,#511);
#338=LINE('',#2983,#512);
#339=LINE('',#2988,#513);
#340=LINE('',#2995,#514);
#341=LINE('',#2999,#515);
#342=LINE('',#3001,#516);
#343=LINE('',#3003,#517);
#344=LINE('',#3004,#518);
#345=LINE('',#3010,#519);
#346=LINE('',#3015,#520);
#347=LINE('',#3021,#521);
#348=LINE('',#3025,#522);
#349=LINE('',#3027,#523);
#350=LINE('',#3028,#524);
#351=LINE('',#3034,#525);
#352=LINE('',#3039,#526);
#353=LINE('',#3045,#527);
#354=LINE('',#3050,#528);
#355=LINE('',#3051,#529);
#356=LINE('',#3052,#530);
#357=LINE('',#3058,#531);
#358=LINE('',#3063,#532);
#359=LINE('',#3069,#533);
#360=LINE('',#3073,#534);
#361=LINE('',#3075,#535);
#362=LINE('',#3076,#536);
#363=LINE('',#3082,#537);
#364=LINE('',#3086,#538);
#365=LINE('',#3096,#539);
#366=LINE('',#3101,#540);
#367=LINE('',#3105,#541);
#368=LINE('',#3109,#542);
#369=LINE('',#3111,#543);
#370=LINE('',#3112,#544);
#371=LINE('',#3117,#545);
#372=LINE('',#3123,#546);
#373=LINE('',#3127,#547);
#374=LINE('',#3129,#548);
#375=LINE('',#3130,#549);
#376=LINE('',#3135,#550);
#377=LINE('',#3141,#551);
#378=LINE('',#3145,#552);
#379=LINE('',#3147,#553);
#380=LINE('',#3148,#554);
#381=LINE('',#3153,#555);
#382=LINE('',#3157,#556);
#383=LINE('',#3159,#557);
#384=LINE('',#3160,#558);
#385=LINE('',#3165,#559);
#386=LINE('',#3169,#560);
#387=LINE('',#3171,#561);
#388=LINE('',#3172,#562);
#389=LINE('',#3177,#563);
#390=LINE('',#3182,#564);
#391=LINE('',#3183,#565);
#392=LINE('',#3184,#566);
#393=LINE('',#3188,#567);
#394=LINE('',#3194,#568);
#395=LINE('',#3195,#569);
#396=LINE('',#3196,#570);
#397=LINE('',#3200,#571);
#398=LINE('',#3206,#572);
#399=LINE('',#3207,#573);
#400=LINE('',#3208,#574);
#401=LINE('',#3212,#575);
#402=LINE('',#3218,#576);
#403=LINE('',#3222,#577);
#404=LINE('',#3225,#578);
#405=LINE('',#3226,#579);
#406=LINE('',#3230,#580);
#407=LINE('',#3234,#581);
#408=LINE('',#3239,#582);
#409=LINE('',#3240,#583);
#410=LINE('',#3241,#584);
#411=LINE('',#3248,#585);
#412=LINE('',#3249,#586);
#413=LINE('',#3250,#587);
#414=LINE('',#3259,#588);
#415=LINE('',#3262,#589);
#416=LINE('',#3266,#590);
#417=LINE('',#3267,#591);
#418=LINE('',#3268,#592);
#419=LINE('',#3274,#593);
#420=LINE('',#3277,#594);
#421=LINE('',#3279,#595);
#422=LINE('',#3280,#596);
#423=LINE('',#3285,#597);
#424=LINE('',#3290,#598);
#425=LINE('',#3291,#599);
#426=LINE('',#3292,#600);
#427=LINE('',#3298,#601);
#428=LINE('',#3303,#602);
#429=LINE('',#3309,#603);
#430=LINE('',#3315,#604);
#431=LINE('',#3321,#605);
#432=LINE('',#3327,#606);
#433=LINE('',#3333,#607);
#434=LINE('',#3339,#608);
#435=LINE('',#3344,#609);
#436=LINE('',#3346,#610);
#437=LINE('',#3348,#611);
#438=LINE('',#3349,#612);
#439=LINE('',#3352,#613);
#440=LINE('',#3354,#614);
#441=LINE('',#3355,#615);
#442=LINE('',#3359,#616);
#443=LINE('',#3360,#617);
#444=LINE('',#3361,#618);
#445=LINE('',#3366,#619);
#446=LINE('',#3371,#620);
#447=LINE('',#3372,#621);
#448=LINE('',#3373,#622);
#449=LINE('',#3381,#623);
#450=LINE('',#3387,#624);
#451=LINE('',#3390,#625);
#452=LINE('',#3391,#626);
#453=LINE('',#3395,#627);
#454=LINE('',#3397,#628);
#455=LINE('',#3399,#629);
#456=LINE('',#3400,#630);
#457=LINE('',#3404,#631);
#458=LINE('',#3406,#632);
#459=LINE('',#3408,#633);
#460=LINE('',#3409,#634);
#461=LINE('',#3414,#635);
#462=LINE('',#3418,#636);
#463=LINE('',#3420,#637);
#464=LINE('',#3421,#638);
#465=LINE('',#3426,#639);
#466=LINE('',#3430,#640);
#467=LINE('',#3432,#641);
#468=LINE('',#3433,#642);
#469=LINE('',#3438,#643);
#470=LINE('',#3442,#644);
#471=LINE('',#3444,#645);
#472=LINE('',#3445,#646);
#473=LINE('',#3450,#647);
#474=LINE('',#3455,#648);
#475=LINE('',#3461,#649);
#476=LINE('',#3462,#650);
#477=LINE('',#3463,#651);
#478=LINE('',#3469,#652);
#479=LINE('',#3473,#653);
#480=LINE('',#3475,#654);
#481=LINE('',#3477,#655);
#482=LINE('',#3478,#656);
#483=LINE('',#3485,#657);
#484=LINE('',#3494,#658);
#485=LINE('',#3495,#659);
#486=LINE('',#3496,#660);
#487=LINE('',#3504,#661);
#488=LINE('',#3509,#662);
#489=LINE('',#3513,#663);
#490=LINE('',#3519,#664);
#491=LINE('',#3525,#665);
#492=LINE('',#3530,#666);
#493=LINE('',#3531,#667);
#494=LINE('',#3532,#668);
#495=LINE('',#3537,#669);
#496=LINE('',#3542,#670);
#497=LINE('',#3543,#671);
#498=LINE('',#3544,#672);
#499=LINE('',#3547,#673);
#500=LINE('',#3550,#674);
#501=LINE('',#3552,#675);
#502=LINE('',#3556,#676);
#503=LINE('',#3557,#677);
#504=LINE('',#3562,#678);
#505=LINE('',#3563,#679);
#506=LINE('',#3566,#680);
#507=LINE('',#3569,#681);
#508=VECTOR('',#2333,10.);
#509=VECTOR('',#2336,10.);
#510=VECTOR('',#2339,10.);
#511=VECTOR('',#2340,10.);
#512=VECTOR('',#2341,10.);
#513=VECTOR('',#2346,3.04999999999999);
#514=VECTOR('',#2355,10.);
#515=VECTOR('',#2358,10.);
#516=VECTOR('',#2359,10.);
#517=VECTOR('',#2360,10.);
#518=VECTOR('',#2361,10.);
#519=VECTOR('',#2368,10.);
#520=VECTOR('',#2373,10.);
#521=VECTOR('',#2380,10.);
#522=VECTOR('',#2385,10.);
#523=VECTOR('',#2386,10.);
#524=VECTOR('',#2387,10.);
#525=VECTOR('',#2394,10.);
#526=VECTOR('',#2399,10.);
#527=VECTOR('',#2406,10.);
#528=VECTOR('',#2411,10.);
#529=VECTOR('',#2412,10.);
#530=VECTOR('',#2413,10.);
#531=VECTOR('',#2420,10.);
#532=VECTOR('',#2425,10.);
#533=VECTOR('',#2432,10.);
#534=VECTOR('',#2437,10.);
#535=VECTOR('',#2438,10.);
#536=VECTOR('',#2439,10.);
#537=VECTOR('',#2446,10.);
#538=VECTOR('',#2449,10.);
#539=VECTOR('',#2464,3.04999999999999);
#540=VECTOR('',#2469,10.);
#541=VECTOR('',#2472,10.);
#542=VECTOR('',#2477,10.);
#543=VECTOR('',#2478,10.);
#544=VECTOR('',#2479,10.);
#545=VECTOR('',#2484,10.);
#546=VECTOR('',#2491,10.);
#547=VECTOR('',#2496,10.);
#548=VECTOR('',#2497,10.);
#549=VECTOR('',#2498,10.);
#550=VECTOR('',#2503,10.);
#551=VECTOR('',#2510,10.);
#552=VECTOR('',#2515,10.);
#553=VECTOR('',#2516,10.);
#554=VECTOR('',#2517,10.);
#555=VECTOR('',#2522,10.);
#556=VECTOR('',#2527,10.);
#557=VECTOR('',#2528,10.);
#558=VECTOR('',#2529,10.);
#559=VECTOR('',#2534,10.);
#560=VECTOR('',#2539,10.);
#561=VECTOR('',#2540,10.);
#562=VECTOR('',#2541,10.);
#563=VECTOR('',#2546,10.);
#564=VECTOR('',#2551,10.);
#565=VECTOR('',#2552,10.);
#566=VECTOR('',#2553,10.);
#567=VECTOR('',#2556,10.);
#568=VECTOR('',#2563,10.);
#569=VECTOR('',#2564,10.);
#570=VECTOR('',#2565,10.);
#571=VECTOR('',#2568,10.);
#572=VECTOR('',#2575,10.);
#573=VECTOR('',#2576,10.);
#574=VECTOR('',#2577,10.);
#575=VECTOR('',#2580,10.);
#576=VECTOR('',#2587,10.);
#577=VECTOR('',#2590,10.);
#578=VECTOR('',#2595,10.);
#579=VECTOR('',#2596,10.);
#580=VECTOR('',#2599,10.);
#581=VECTOR('',#2602,10.);
#582=VECTOR('',#2607,10.);
#583=VECTOR('',#2608,10.);
#584=VECTOR('',#2609,10.);
#585=VECTOR('',#2618,10.);
#586=VECTOR('',#2619,10.);
#587=VECTOR('',#2620,10.);
#588=VECTOR('',#2631,10.);
#589=VECTOR('',#2634,10.);
#590=VECTOR('',#2637,10.);
#591=VECTOR('',#2638,10.);
#592=VECTOR('',#2639,10.);
#593=VECTOR('',#2646,10.);
#594=VECTOR('',#2649,10.);
#595=VECTOR('',#2650,10.);
#596=VECTOR('',#2651,10.);
#597=VECTOR('',#2656,10.);
#598=VECTOR('',#2661,10.);
#599=VECTOR('',#2662,10.);
#600=VECTOR('',#2663,10.);
#601=VECTOR('',#2670,10.);
#602=VECTOR('',#2675,1.25);
#603=VECTOR('',#2682,11.05);
#604=VECTOR('',#2689,1.55);
#605=VECTOR('',#2696,1.55);
#606=VECTOR('',#2703,1.55);
#607=VECTOR('',#2710,1.55);
#608=VECTOR('',#2717,6.515);
#609=VECTOR('',#2722,10.);
#610=VECTOR('',#2723,10.);
#611=VECTOR('',#2724,10.);
#612=VECTOR('',#2725,10.);
#613=VECTOR('',#2728,10.);
#614=VECTOR('',#2729,10.);
#615=VECTOR('',#2730,10.);
#616=VECTOR('',#2733,10.);
#617=VECTOR('',#2734,10.);
#618=VECTOR('',#2735,10.);
#619=VECTOR('',#2740,10.);
#620=VECTOR('',#2745,10.);
#621=VECTOR('',#2746,10.);
#622=VECTOR('',#2747,10.);
#623=VECTOR('',#2758,1.25000000000001);
#624=VECTOR('',#2765,1.25000000000001);
#625=VECTOR('',#2770,10.);
#626=VECTOR('',#2771,10.);
#627=VECTOR('',#2774,10.);
#628=VECTOR('',#2775,10.);
#629=VECTOR('',#2776,10.);
#630=VECTOR('',#2777,10.);
#631=VECTOR('',#2780,10.);
#632=VECTOR('',#2781,10.);
#633=VECTOR('',#2782,10.);
#634=VECTOR('',#2783,10.);
#635=VECTOR('',#2788,10.);
#636=VECTOR('',#2793,10.);
#637=VECTOR('',#2794,10.);
#638=VECTOR('',#2795,10.);
#639=VECTOR('',#2800,10.);
#640=VECTOR('',#2805,10.);
#641=VECTOR('',#2806,10.);
#642=VECTOR('',#2807,10.);
#643=VECTOR('',#2812,10.);
#644=VECTOR('',#2817,10.);
#645=VECTOR('',#2818,10.);
#646=VECTOR('',#2819,10.);
#647=VECTOR('',#2824,10.);
#648=VECTOR('',#2829,10.);
#649=VECTOR('',#2836,10.);
#650=VECTOR('',#2837,10.);
#651=VECTOR('',#2838,10.);
#652=VECTOR('',#2845,10.);
#653=VECTOR('',#2848,10.);
#654=VECTOR('',#2849,10.);
#655=VECTOR('',#2850,10.);
#656=VECTOR('',#2851,10.);
#657=VECTOR('',#2860,10.);
#658=VECTOR('',#2873,10.);
#659=VECTOR('',#2874,10.);
#660=VECTOR('',#2875,10.);
#661=VECTOR('',#2886,3.04999999999999);
#662=VECTOR('',#2891,10.);
#663=VECTOR('',#2894,10.);
#664=VECTOR('',#2901,10.);
#665=VECTOR('',#2908,10.);
#666=VECTOR('',#2913,10.);
#667=VECTOR('',#2914,10.);
#668=VECTOR('',#2915,10.);
#669=VECTOR('',#2920,10.);
#670=VECTOR('',#2925,10.);
#671=VECTOR('',#2926,10.);
#672=VECTOR('',#2927,10.);
#673=VECTOR('',#2930,10.);
#674=VECTOR('',#2933,10.);
#675=VECTOR('',#2934,10.);
#676=VECTOR('',#2939,10.);
#677=VECTOR('',#2940,10.);
#678=VECTOR('',#2947,10.);
#679=VECTOR('',#2948,10.);
#680=VECTOR('',#2951,10.);
#681=VECTOR('',#2956,10.);
#682=CIRCLE('',#2091,1.5);
#683=CIRCLE('',#2092,1.5);
#684=CIRCLE('',#2095,3.04999999999999);
#685=CIRCLE('',#2096,3.04999999999999);
#686=CIRCLE('',#2098,1.5);
#687=CIRCLE('',#2099,1.5);
#688=CIRCLE('',#2102,0.5);
#689=CIRCLE('',#2103,0.5);
#690=CIRCLE('',#2105,0.5);
#691=CIRCLE('',#2106,0.5);
#692=CIRCLE('',#2108,0.5);
#693=CIRCLE('',#2109,0.5);
#694=CIRCLE('',#2112,0.5);
#695=CIRCLE('',#2113,0.5);
#696=CIRCLE('',#2115,0.5);
#697=CIRCLE('',#2116,0.5);
#698=CIRCLE('',#2118,0.5);
#699=CIRCLE('',#2119,0.5);
#700=CIRCLE('',#2122,0.5);
#701=CIRCLE('',#2123,0.5);
#702=CIRCLE('',#2125,0.5);
#703=CIRCLE('',#2126,0.5);
#704=CIRCLE('',#2128,0.5);
#705=CIRCLE('',#2129,0.5);
#706=CIRCLE('',#2132,0.5);
#707=CIRCLE('',#2133,0.5);
#708=CIRCLE('',#2135,0.5);
#709=CIRCLE('',#2136,0.5);
#710=CIRCLE('',#2138,0.5);
#711=CIRCLE('',#2139,0.5);
#712=CIRCLE('',#2141,3.04999999999999);
#713=CIRCLE('',#2142,3.04999999999999);
#714=CIRCLE('',#2144,0.5);
#715=CIRCLE('',#2145,0.5);
#716=CIRCLE('',#2148,0.5);
#717=CIRCLE('',#2149,0.5);
#718=CIRCLE('',#2151,0.499999999997982);
#719=CIRCLE('',#2152,0.499999999997982);
#720=CIRCLE('',#2155,0.500000000002316);
#721=CIRCLE('',#2156,0.500000000002316);
#722=CIRCLE('',#2158,0.5);
#723=CIRCLE('',#2159,0.5);
#724=CIRCLE('',#2162,0.5);
#725=CIRCLE('',#2163,0.5);
#726=CIRCLE('',#2166,1.00000000000001);
#727=CIRCLE('',#2167,1.00000000000001);
#728=CIRCLE('',#2170,1.00000000000001);
#729=CIRCLE('',#2171,1.00000000000001);
#730=CIRCLE('',#2174,0.999999999999979);
#731=CIRCLE('',#2175,0.999999999999979);
#732=CIRCLE('',#2178,1.00000000000001);
#733=CIRCLE('',#2179,1.00000000000001);
#734=CIRCLE('',#2182,0.499999999999972);
#735=CIRCLE('',#2183,0.499999999999972);
#736=CIRCLE('',#2185,0.499999999999972);
#737=CIRCLE('',#2186,0.499999999999972);
#738=CIRCLE('',#2189,3.05000013623829);
#739=CIRCLE('',#2190,3.05000013623829);
#740=CIRCLE('',#2193,0.500000000000007);
#741=CIRCLE('',#2194,0.500000000000007);
#742=CIRCLE('',#2197,0.499999863761689);
#743=CIRCLE('',#2198,0.499999863761689);
#744=CIRCLE('',#2200,3.);
#745=CIRCLE('',#2201,3.);
#746=CIRCLE('',#2204,1.5);
#747=CIRCLE('',#2205,1.5);
#748=CIRCLE('',#2208,3.);
#749=CIRCLE('',#2209,3.);
#750=CIRCLE('',#2212,1.5);
#751=CIRCLE('',#2213,1.5);
#752=CIRCLE('',#2215,1.25);
#753=CIRCLE('',#2216,1.25);
#754=CIRCLE('',#2218,11.05);
#755=CIRCLE('',#2219,11.05);
#756=CIRCLE('',#2221,1.55);
#757=CIRCLE('',#2222,1.55);
#758=CIRCLE('',#2224,1.55);
#759=CIRCLE('',#2225,1.55);
#760=CIRCLE('',#2227,1.55);
#761=CIRCLE('',#2228,1.55);
#762=CIRCLE('',#2230,1.55);
#763=CIRCLE('',#2231,1.55);
#764=CIRCLE('',#2233,6.515);
#765=CIRCLE('',#2234,6.515);
#766=CIRCLE('',#2239,2.3);
#767=CIRCLE('',#2240,2.3);
#768=CIRCLE('',#2243,2.3);
#769=CIRCLE('',#2244,2.3);
#770=CIRCLE('',#2246,1.25000000000001);
#771=CIRCLE('',#2247,1.25000000000001);
#772=CIRCLE('',#2249,1.25000000000001);
#773=CIRCLE('',#2250,1.25000000000001);
#774=CIRCLE('',#2255,0.999999999999979);
#775=CIRCLE('',#2256,0.999999999999979);
#776=CIRCLE('',#2259,1.00000000000001);
#777=CIRCLE('',#2260,1.00000000000001);
#778=CIRCLE('',#2263,1.00000000000001);
#779=CIRCLE('',#2264,1.00000000000001);
#780=CIRCLE('',#2267,1.00000000000001);
#781=CIRCLE('',#2268,1.00000000000001);
#782=CIRCLE('',#2270,0.500000000002316);
#783=CIRCLE('',#2271,0.500000000002316);
#784=CIRCLE('',#2274,0.5);
#785=CIRCLE('',#2275,0.5);
#786=CIRCLE('',#2278,0.5);
#787=CIRCLE('',#2279,0.5);
#788=CIRCLE('',#2281,0.499999999997982);
#789=CIRCLE('',#2282,0.499999999997982);
#790=CIRCLE('',#2284,0.5);
#791=CIRCLE('',#2285,0.5);
#792=CIRCLE('',#2288,0.5);
#793=CIRCLE('',#2289,0.5);
#794=CIRCLE('',#2291,3.04999999999999);
#795=CIRCLE('',#2292,3.04999999999999);
#796=CIRCLE('',#2294,0.499999999999972);
#797=CIRCLE('',#2295,0.499999999999972);
#798=CIRCLE('',#2297,0.5);
#799=CIRCLE('',#2298,0.5);
#800=CIRCLE('',#2300,0.5);
#801=CIRCLE('',#2301,0.5);
#802=CIRCLE('',#2304,1.5);
#803=CIRCLE('',#2305,1.5);
#804=CIRCLE('',#2308,1.5);
#805=CIRCLE('',#2309,1.5);
#806=CIRCLE('',#2312,1.5);
#807=CIRCLE('',#2315,1.5);
#808=VERTEX_POINT('',#2970);
#809=VERTEX_POINT('',#2971);
#810=VERTEX_POINT('',#2973);
#811=VERTEX_POINT('',#2975);
#812=VERTEX_POINT('',#2979);
#813=VERTEX_POINT('',#2981);
#814=VERTEX_POINT('',#2985);
#815=VERTEX_POINT('',#2987);
#816=VERTEX_POINT('',#2991);
#817=VERTEX_POINT('',#2993);
#818=VERTEX_POINT('',#2997);
#819=VERTEX_POINT('',#2998);
#820=VERTEX_POINT('',#3000);
#821=VERTEX_POINT('',#3002);
#822=VERTEX_POINT('',#3006);
#823=VERTEX_POINT('',#3008);
#824=VERTEX_POINT('',#3012);
#825=VERTEX_POINT('',#3014);
#826=VERTEX_POINT('',#3018);
#827=VERTEX_POINT('',#3020);
#828=VERTEX_POINT('',#3024);
#829=VERTEX_POINT('',#3026);
#830=VERTEX_POINT('',#3030);
#831=VERTEX_POINT('',#3032);
#832=VERTEX_POINT('',#3036);
#833=VERTEX_POINT('',#3038);
#834=VERTEX_POINT('',#3042);
#835=VERTEX_POINT('',#3044);
#836=VERTEX_POINT('',#3048);
#837=VERTEX_POINT('',#3049);
#838=VERTEX_POINT('',#3054);
#839=VERTEX_POINT('',#3056);
#840=VERTEX_POINT('',#3060);
#841=VERTEX_POINT('',#3062);
#842=VERTEX_POINT('',#3066);
#843=VERTEX_POINT('',#3068);
#844=VERTEX_POINT('',#3072);
#845=VERTEX_POINT('',#3074);
#846=VERTEX_POINT('',#3078);
#847=VERTEX_POINT('',#3080);
#848=VERTEX_POINT('',#3084);
#849=VERTEX_POINT('',#3085);
#850=VERTEX_POINT('',#3093);
#851=VERTEX_POINT('',#3095);
#852=VERTEX_POINT('',#3099);
#853=VERTEX_POINT('',#3100);
#854=VERTEX_POINT('',#3102);
#855=VERTEX_POINT('',#3104);
#856=VERTEX_POINT('',#3108);
#857=VERTEX_POINT('',#3110);
#858=VERTEX_POINT('',#3114);
#859=VERTEX_POINT('',#3116);
#860=VERTEX_POINT('',#3120);
#861=VERTEX_POINT('',#3122);
#862=VERTEX_POINT('',#3126);
#863=VERTEX_POINT('',#3128);
#864=VERTEX_POINT('',#3132);
#865=VERTEX_POINT('',#3134);
#866=VERTEX_POINT('',#3138);
#867=VERTEX_POINT('',#3140);
#868=VERTEX_POINT('',#3144);
#869=VERTEX_POINT('',#3146);
#870=VERTEX_POINT('',#3150);
#871=VERTEX_POINT('',#3152);
#872=VERTEX_POINT('',#3156);
#873=VERTEX_POINT('',#3158);
#874=VERTEX_POINT('',#3162);
#875=VERTEX_POINT('',#3164);
#876=VERTEX_POINT('',#3168);
#877=VERTEX_POINT('',#3170);
#878=VERTEX_POINT('',#3174);
#879=VERTEX_POINT('',#3176);
#880=VERTEX_POINT('',#3180);
#881=VERTEX_POINT('',#3181);
#882=VERTEX_POINT('',#3186);
#883=VERTEX_POINT('',#3187);
#884=VERTEX_POINT('',#3192);
#885=VERTEX_POINT('',#3193);
#886=VERTEX_POINT('',#3198);
#887=VERTEX_POINT('',#3199);
#888=VERTEX_POINT('',#3204);
#889=VERTEX_POINT('',#3205);
#890=VERTEX_POINT('',#3210);
#891=VERTEX_POINT('',#3211);
#892=VERTEX_POINT('',#3216);
#893=VERTEX_POINT('',#3217);
#894=VERTEX_POINT('',#3219);
#895=VERTEX_POINT('',#3221);
#896=VERTEX_POINT('',#3228);
#897=VERTEX_POINT('',#3229);
#898=VERTEX_POINT('',#3231);
#899=VERTEX_POINT('',#3233);
#900=VERTEX_POINT('',#3237);
#901=VERTEX_POINT('',#3238);
#902=VERTEX_POINT('',#3246);
#903=VERTEX_POINT('',#3247);
#904=VERTEX_POINT('',#3255);
#905=VERTEX_POINT('',#3256);
#906=VERTEX_POINT('',#3258);
#907=VERTEX_POINT('',#3260);
#908=VERTEX_POINT('',#3264);
#909=VERTEX_POINT('',#3265);
#910=VERTEX_POINT('',#3270);
#911=VERTEX_POINT('',#3272);
#912=VERTEX_POINT('',#3276);
#913=VERTEX_POINT('',#3278);
#914=VERTEX_POINT('',#3282);
#915=VERTEX_POINT('',#3284);
#916=VERTEX_POINT('',#3288);
#917=VERTEX_POINT('',#3289);
#918=VERTEX_POINT('',#3294);
#919=VERTEX_POINT('',#3296);
#920=VERTEX_POINT('',#3300);
#921=VERTEX_POINT('',#3302);
#922=VERTEX_POINT('',#3306);
#923=VERTEX_POINT('',#3308);
#924=VERTEX_POINT('',#3312);
#925=VERTEX_POINT('',#3314);
#926=VERTEX_POINT('',#3318);
#927=VERTEX_POINT('',#3320);
#928=VERTEX_POINT('',#3324);
#929=VERTEX_POINT('',#3326);
#930=VERTEX_POINT('',#3330);
#931=VERTEX_POINT('',#3332);
#932=VERTEX_POINT('',#3336);
#933=VERTEX_POINT('',#3338);
#934=VERTEX_POINT('',#3342);
#935=VERTEX_POINT('',#3343);
#936=VERTEX_POINT('',#3345);
#937=VERTEX_POINT('',#3347);
#938=VERTEX_POINT('',#3351);
#939=VERTEX_POINT('',#3353);
#940=VERTEX_POINT('',#3357);
#941=VERTEX_POINT('',#3358);
#942=VERTEX_POINT('',#3363);
#943=VERTEX_POINT('',#3365);
#944=VERTEX_POINT('',#3369);
#945=VERTEX_POINT('',#3370);
#946=VERTEX_POINT('',#3378);
#947=VERTEX_POINT('',#3380);
#948=VERTEX_POINT('',#3384);
#949=VERTEX_POINT('',#3386);
#950=VERTEX_POINT('',#3393);
#951=VERTEX_POINT('',#3394);
#952=VERTEX_POINT('',#3396);
#953=VERTEX_POINT('',#3398);
#954=VERTEX_POINT('',#3402);
#955=VERTEX_POINT('',#3403);
#956=VERTEX_POINT('',#3405);
#957=VERTEX_POINT('',#3407);
#958=VERTEX_POINT('',#3411);
#959=VERTEX_POINT('',#3413);
#960=VERTEX_POINT('',#3417);
#961=VERTEX_POINT('',#3419);
#962=VERTEX_POINT('',#3423);
#963=VERTEX_POINT('',#3425);
#964=VERTEX_POINT('',#3429);
#965=VERTEX_POINT('',#3431);
#966=VERTEX_POINT('',#3435);
#967=VERTEX_POINT('',#3437);
#968=VERTEX_POINT('',#3441);
#969=VERTEX_POINT('',#3443);
#970=VERTEX_POINT('',#3447);
#971=VERTEX_POINT('',#3449);
#972=VERTEX_POINT('',#3453);
#973=VERTEX_POINT('',#3454);
#974=VERTEX_POINT('',#3459);
#975=VERTEX_POINT('',#3460);
#976=VERTEX_POINT('',#3465);
#977=VERTEX_POINT('',#3467);
#978=VERTEX_POINT('',#3471);
#979=VERTEX_POINT('',#3472);
#980=VERTEX_POINT('',#3474);
#981=VERTEX_POINT('',#3476);
#982=VERTEX_POINT('',#3483);
#983=VERTEX_POINT('',#3484);
#984=VERTEX_POINT('',#3492);
#985=VERTEX_POINT('',#3493);
#986=VERTEX_POINT('',#3501);
#987=VERTEX_POINT('',#3503);
#988=VERTEX_POINT('',#3507);
#989=VERTEX_POINT('',#3508);
#990=VERTEX_POINT('',#3510);
#991=VERTEX_POINT('',#3512);
#992=VERTEX_POINT('',#3516);
#993=VERTEX_POINT('',#3518);
#994=VERTEX_POINT('',#3522);
#995=VERTEX_POINT('',#3524);
#996=VERTEX_POINT('',#3528);
#997=VERTEX_POINT('',#3529);
#998=VERTEX_POINT('',#3534);
#999=VERTEX_POINT('',#3536);
#1000=VERTEX_POINT('',#3540);
#1001=VERTEX_POINT('',#3541);
#1002=VERTEX_POINT('',#3546);
#1003=VERTEX_POINT('',#3548);
#1004=VERTEX_POINT('',#3551);
#1005=VERTEX_POINT('',#3555);
#1006=VERTEX_POINT('',#3561);
#1007=VERTEX_POINT('',#3565);
#1008=EDGE_CURVE('',#808,#809,#682,.T.);
#1009=EDGE_CURVE('',#809,#810,#334,.T.);
#1010=EDGE_CURVE('',#810,#811,#683,.T.);
#1011=EDGE_CURVE('',#811,#808,#335,.T.);
#1012=EDGE_CURVE('',#809,#812,#336,.T.);
#1013=EDGE_CURVE('',#813,#812,#337,.T.);
#1014=EDGE_CURVE('',#810,#813,#338,.T.);
#1015=EDGE_CURVE('',#814,#814,#684,.T.);
#1016=EDGE_CURVE('',#814,#815,#339,.T.);
#1017=EDGE_CURVE('',#815,#815,#685,.T.);
#1018=EDGE_CURVE('',#816,#813,#686,.T.);
#1019=EDGE_CURVE('',#812,#817,#687,.T.);
#1020=EDGE_CURVE('',#817,#816,#340,.T.);
#1021=EDGE_CURVE('',#818,#819,#341,.T.);
#1022=EDGE_CURVE('',#820,#818,#342,.T.);
#1023=EDGE_CURVE('',#821,#820,#343,.T.);
#1024=EDGE_CURVE('',#821,#819,#344,.T.);
#1025=EDGE_CURVE('',#822,#821,#688,.T.);
#1026=EDGE_CURVE('',#820,#823,#689,.T.);
#1027=EDGE_CURVE('',#823,#822,#345,.T.);
#1028=EDGE_CURVE('',#824,#823,#690,.T.);
#1029=EDGE_CURVE('',#825,#824,#346,.T.);
#1030=EDGE_CURVE('',#822,#825,#691,.T.);
#1031=EDGE_CURVE('',#824,#826,#692,.T.);
#1032=EDGE_CURVE('',#826,#827,#347,.T.);
#1033=EDGE_CURVE('',#827,#825,#693,.T.);
#1034=EDGE_CURVE('',#828,#826,#348,.T.);
#1035=EDGE_CURVE('',#829,#828,#349,.T.);
#1036=EDGE_CURVE('',#829,#827,#350,.T.);
#1037=EDGE_CURVE('',#830,#829,#694,.T.);
#1038=EDGE_CURVE('',#828,#831,#695,.T.);
#1039=EDGE_CURVE('',#831,#830,#351,.T.);
#1040=EDGE_CURVE('',#832,#831,#696,.T.);
#1041=EDGE_CURVE('',#833,#832,#352,.T.);
#1042=EDGE_CURVE('',#830,#833,#697,.T.);
#1043=EDGE_CURVE('',#832,#834,#698,.T.);
#1044=EDGE_CURVE('',#834,#835,#353,.T.);
#1045=EDGE_CURVE('',#835,#833,#699,.T.);
#1046=EDGE_CURVE('',#836,#837,#354,.T.);
#1047=EDGE_CURVE('',#836,#835,#355,.T.);
#1048=EDGE_CURVE('',#837,#834,#356,.T.);
#1049=EDGE_CURVE('',#838,#836,#700,.T.);
#1050=EDGE_CURVE('',#837,#839,#701,.T.);
#1051=EDGE_CURVE('',#839,#838,#357,.T.);
#1052=EDGE_CURVE('',#840,#839,#702,.T.);
#1053=EDGE_CURVE('',#841,#840,#358,.T.);
#1054=EDGE_CURVE('',#838,#841,#703,.T.);
#1055=EDGE_CURVE('',#840,#842,#704,.T.);
#1056=EDGE_CURVE('',#842,#843,#359,.T.);
#1057=EDGE_CURVE('',#843,#841,#705,.T.);
#1058=EDGE_CURVE('',#844,#842,#360,.T.);
#1059=EDGE_CURVE('',#845,#844,#361,.T.);
#1060=EDGE_CURVE('',#845,#843,#362,.T.);
#1061=EDGE_CURVE('',#846,#845,#706,.T.);
#1062=EDGE_CURVE('',#844,#847,#707,.T.);
#1063=EDGE_CURVE('',#847,#846,#363,.T.);
#1064=EDGE_CURVE('',#848,#849,#364,.T.);
#1065=EDGE_CURVE('',#846,#848,#708,.T.);
#1066=EDGE_CURVE('',#849,#847,#709,.T.);
#1067=EDGE_CURVE('',#849,#818,#710,.T.);
#1068=EDGE_CURVE('',#819,#848,#711,.T.);
#1069=EDGE_CURVE('',#850,#850,#712,.T.);
#1070=EDGE_CURVE('',#850,#851,#365,.T.);
#1071=EDGE_CURVE('',#851,#851,#713,.F.);
#1072=EDGE_CURVE('',#852,#853,#366,.T.);
#1073=EDGE_CURVE('',#854,#852,#714,.T.);
#1074=EDGE_CURVE('',#854,#855,#367,.T.);
#1075=EDGE_CURVE('',#853,#855,#715,.T.);
#1076=EDGE_CURVE('',#856,#854,#368,.T.);
#1077=EDGE_CURVE('',#856,#857,#369,.T.);
#1078=EDGE_CURVE('',#855,#857,#370,.T.);
#1079=EDGE_CURVE('',#858,#856,#716,.T.);
#1080=EDGE_CURVE('',#858,#859,#371,.T.);
#1081=EDGE_CURVE('',#857,#859,#717,.T.);
#1082=EDGE_CURVE('',#860,#858,#718,.T.);
#1083=EDGE_CURVE('',#860,#861,#372,.T.);
#1084=EDGE_CURVE('',#859,#861,#719,.T.);
#1085=EDGE_CURVE('',#862,#860,#373,.T.);
#1086=EDGE_CURVE('',#862,#863,#374,.T.);
#1087=EDGE_CURVE('',#861,#863,#375,.T.);
#1088=EDGE_CURVE('',#864,#862,#720,.T.);
#1089=EDGE_CURVE('',#864,#865,#376,.T.);
#1090=EDGE_CURVE('',#863,#865,#721,.T.);
#1091=EDGE_CURVE('',#866,#864,#722,.T.);
#1092=EDGE_CURVE('',#866,#867,#377,.T.);
#1093=EDGE_CURVE('',#865,#867,#723,.T.);
#1094=EDGE_CURVE('',#868,#866,#378,.T.);
#1095=EDGE_CURVE('',#868,#869,#379,.T.);
#1096=EDGE_CURVE('',#867,#869,#380,.T.);
#1097=EDGE_CURVE('',#870,#868,#724,.T.);
#1098=EDGE_CURVE('',#870,#871,#381,.T.);
#1099=EDGE_CURVE('',#869,#871,#725,.T.);
#1100=EDGE_CURVE('',#872,#870,#382,.T.);
#1101=EDGE_CURVE('',#872,#873,#383,.T.);
#1102=EDGE_CURVE('',#871,#873,#384,.T.);
#1103=EDGE_CURVE('',#874,#872,#726,.T.);
#1104=EDGE_CURVE('',#874,#875,#385,.T.);
#1105=EDGE_CURVE('',#873,#875,#727,.T.);
#1106=EDGE_CURVE('',#876,#874,#386,.T.);
#1107=EDGE_CURVE('',#876,#877,#387,.T.);
#1108=EDGE_CURVE('',#875,#877,#388,.T.);
#1109=EDGE_CURVE('',#878,#876,#728,.T.);
#1110=EDGE_CURVE('',#878,#879,#389,.T.);
#1111=EDGE_CURVE('',#877,#879,#729,.T.);
#1112=EDGE_CURVE('',#880,#881,#390,.T.);
#1113=EDGE_CURVE('',#852,#881,#391,.T.);
#1114=EDGE_CURVE('',#880,#853,#392,.T.);
#1115=EDGE_CURVE('',#882,#883,#393,.T.);
#1116=EDGE_CURVE('',#881,#883,#730,.T.);
#1117=EDGE_CURVE('',#882,#880,#731,.T.);
#1118=EDGE_CURVE('',#884,#885,#394,.T.);
#1119=EDGE_CURVE('',#883,#885,#395,.T.);
#1120=EDGE_CURVE('',#884,#882,#396,.T.);
#1121=EDGE_CURVE('',#886,#887,#397,.T.);
#1122=EDGE_CURVE('',#885,#887,#732,.T.);
#1123=EDGE_CURVE('',#886,#884,#733,.T.);
#1124=EDGE_CURVE('',#888,#889,#398,.T.);
#1125=EDGE_CURVE('',#887,#889,#399,.T.);
#1126=EDGE_CURVE('',#888,#886,#400,.T.);
#1127=EDGE_CURVE('',#890,#891,#401,.T.);
#1128=EDGE_CURVE('',#889,#891,#734,.T.);
#1129=EDGE_CURVE('',#890,#888,#735,.T.);
#1130=EDGE_CURVE('',#892,#893,#402,.T.);
#1131=EDGE_CURVE('',#894,#893,#736,.T.);
#1132=EDGE_CURVE('',#895,#894,#403,.T.);
#1133=EDGE_CURVE('',#892,#895,#737,.T.);
#1134=EDGE_CURVE('',#893,#878,#404,.T.);
#1135=EDGE_CURVE('',#879,#892,#405,.T.);
#1136=EDGE_CURVE('',#896,#897,#406,.T.);
#1137=EDGE_CURVE('',#898,#896,#738,.T.);
#1138=EDGE_CURVE('',#899,#898,#407,.T.);
#1139=EDGE_CURVE('',#897,#899,#739,.F.);
#1140=EDGE_CURVE('',#900,#901,#408,.T.);
#1141=EDGE_CURVE('',#895,#900,#409,.T.);
#1142=EDGE_CURVE('',#901,#894,#410,.T.);
#1143=EDGE_CURVE('',#898,#900,#740,.T.);
#1144=EDGE_CURVE('',#901,#899,#741,.T.);
#1145=EDGE_CURVE('',#902,#903,#411,.T.);
#1146=EDGE_CURVE('',#891,#902,#412,.T.);
#1147=EDGE_CURVE('',#903,#890,#413,.T.);
#1148=EDGE_CURVE('',#903,#896,#742,.T.);
#1149=EDGE_CURVE('',#897,#902,#743,.T.);
#1150=EDGE_CURVE('',#904,#905,#744,.T.);
#1151=EDGE_CURVE('',#905,#906,#414,.T.);
#1152=EDGE_CURVE('',#906,#907,#745,.T.);
#1153=EDGE_CURVE('',#907,#904,#415,.T.);
#1154=EDGE_CURVE('',#908,#909,#416,.T.);
#1155=EDGE_CURVE('',#906,#908,#417,.T.);
#1156=EDGE_CURVE('',#905,#909,#418,.T.);
#1157=EDGE_CURVE('',#910,#908,#746,.T.);
#1158=EDGE_CURVE('',#909,#911,#747,.T.);
#1159=EDGE_CURVE('',#911,#910,#419,.T.);
#1160=EDGE_CURVE('',#911,#912,#420,.T.);
#1161=EDGE_CURVE('',#913,#912,#421,.T.);
#1162=EDGE_CURVE('',#910,#913,#422,.T.);
#1163=EDGE_CURVE('',#912,#914,#748,.T.);
#1164=EDGE_CURVE('',#914,#915,#423,.T.);
#1165=EDGE_CURVE('',#915,#913,#749,.T.);
#1166=EDGE_CURVE('',#916,#917,#424,.T.);
#1167=EDGE_CURVE('',#915,#916,#425,.T.);
#1168=EDGE_CURVE('',#914,#917,#426,.T.);
#1169=EDGE_CURVE('',#918,#916,#750,.T.);
#1170=EDGE_CURVE('',#917,#919,#751,.T.);
#1171=EDGE_CURVE('',#919,#918,#427,.T.);
#1172=EDGE_CURVE('',#920,#920,#752,.T.);
#1173=EDGE_CURVE('',#920,#921,#428,.T.);
#1174=EDGE_CURVE('',#921,#921,#753,.T.);
#1175=EDGE_CURVE('',#922,#922,#754,.T.);
#1176=EDGE_CURVE('',#922,#923,#429,.T.);
#1177=EDGE_CURVE('',#923,#923,#755,.F.);
#1178=EDGE_CURVE('',#924,#924,#756,.T.);
#1179=EDGE_CURVE('',#924,#925,#430,.T.);
#1180=EDGE_CURVE('',#925,#925,#757,.T.);
#1181=EDGE_CURVE('',#926,#926,#758,.T.);
#1182=EDGE_CURVE('',#926,#927,#431,.T.);
#1183=EDGE_CURVE('',#927,#927,#759,.T.);
#1184=EDGE_CURVE('',#928,#928,#760,.T.);
#1185=EDGE_CURVE('',#928,#929,#432,.T.);
#1186=EDGE_CURVE('',#929,#929,#761,.T.);
#1187=EDGE_CURVE('',#930,#930,#762,.T.);
#1188=EDGE_CURVE('',#930,#931,#433,.T.);
#1189=EDGE_CURVE('',#931,#931,#763,.T.);
#1190=EDGE_CURVE('',#932,#932,#764,.T.);
#1191=EDGE_CURVE('',#932,#933,#434,.T.);
#1192=EDGE_CURVE('',#933,#933,#765,.T.);
#1193=EDGE_CURVE('',#934,#935,#435,.T.);
#1194=EDGE_CURVE('',#936,#934,#436,.T.);
#1195=EDGE_CURVE('',#936,#937,#437,.T.);
#1196=EDGE_CURVE('',#935,#937,#438,.T.);
#1197=EDGE_CURVE('',#938,#936,#439,.T.);
#1198=EDGE_CURVE('',#938,#939,#440,.T.);
#1199=EDGE_CURVE('',#937,#939,#441,.T.);
#1200=EDGE_CURVE('',#940,#941,#442,.T.);
#1201=EDGE_CURVE('',#939,#940,#443,.T.);
#1202=EDGE_CURVE('',#941,#938,#444,.T.);
#1203=EDGE_CURVE('',#941,#942,#766,.T.);
#1204=EDGE_CURVE('',#942,#943,#445,.T.);
#1205=EDGE_CURVE('',#943,#940,#767,.T.);
#1206=EDGE_CURVE('',#944,#945,#446,.T.);
#1207=EDGE_CURVE('',#943,#944,#447,.T.);
#1208=EDGE_CURVE('',#945,#942,#448,.T.);
#1209=EDGE_CURVE('',#945,#934,#768,.T.);
#1210=EDGE_CURVE('',#935,#944,#769,.T.);
#1211=EDGE_CURVE('',#946,#946,#770,.T.);
#1212=EDGE_CURVE('',#946,#947,#449,.T.);
#1213=EDGE_CURVE('',#947,#947,#771,.T.);
#1214=EDGE_CURVE('',#948,#948,#772,.T.);
#1215=EDGE_CURVE('',#948,#949,#450,.T.);
#1216=EDGE_CURVE('',#949,#949,#773,.T.);
#1217=EDGE_CURVE('',#817,#904,#451,.T.);
#1218=EDGE_CURVE('',#816,#907,#452,.T.);
#1219=EDGE_CURVE('',#950,#951,#453,.T.);
#1220=EDGE_CURVE('',#952,#950,#454,.T.);
#1221=EDGE_CURVE('',#953,#952,#455,.T.);
#1222=EDGE_CURVE('',#953,#951,#456,.T.);
#1223=EDGE_CURVE('',#954,#955,#457,.T.);
#1224=EDGE_CURVE('',#956,#954,#458,.T.);
#1225=EDGE_CURVE('',#957,#956,#459,.T.);
#1226=EDGE_CURVE('',#955,#957,#460,.T.);
#1227=EDGE_CURVE('',#958,#956,#774,.T.);
#1228=EDGE_CURVE('',#959,#958,#461,.T.);
#1229=EDGE_CURVE('',#957,#959,#775,.T.);
#1230=EDGE_CURVE('',#960,#958,#462,.T.);
#1231=EDGE_CURVE('',#961,#960,#463,.T.);
#1232=EDGE_CURVE('',#959,#961,#464,.T.);
#1233=EDGE_CURVE('',#962,#960,#776,.T.);
#1234=EDGE_CURVE('',#963,#962,#465,.T.);
#1235=EDGE_CURVE('',#961,#963,#777,.T.);
#1236=EDGE_CURVE('',#964,#962,#466,.T.);
#1237=EDGE_CURVE('',#965,#964,#467,.T.);
#1238=EDGE_CURVE('',#963,#965,#468,.T.);
#1239=EDGE_CURVE('',#966,#964,#778,.T.);
#1240=EDGE_CURVE('',#967,#966,#469,.T.);
#1241=EDGE_CURVE('',#965,#967,#779,.T.);
#1242=EDGE_CURVE('',#968,#966,#470,.T.);
#1243=EDGE_CURVE('',#969,#968,#471,.T.);
#1244=EDGE_CURVE('',#967,#969,#472,.T.);
#1245=EDGE_CURVE('',#970,#968,#780,.T.);
#1246=EDGE_CURVE('',#971,#970,#473,.T.);
#1247=EDGE_CURVE('',#969,#971,#781,.T.);
#1248=EDGE_CURVE('',#972,#973,#474,.T.);
#1249=EDGE_CURVE('',#951,#972,#782,.T.);
#1250=EDGE_CURVE('',#973,#953,#783,.T.);
#1251=EDGE_CURVE('',#974,#975,#475,.T.);
#1252=EDGE_CURVE('',#971,#974,#476,.T.);
#1253=EDGE_CURVE('',#975,#970,#477,.T.);
#1254=EDGE_CURVE('',#976,#974,#784,.T.);
#1255=EDGE_CURVE('',#975,#977,#785,.T.);
#1256=EDGE_CURVE('',#977,#976,#478,.T.);
#1257=EDGE_CURVE('',#978,#979,#479,.T.);
#1258=EDGE_CURVE('',#980,#978,#480,.T.);
#1259=EDGE_CURVE('',#981,#980,#481,.T.);
#1260=EDGE_CURVE('',#979,#981,#482,.T.);
#1261=EDGE_CURVE('',#955,#981,#786,.T.);
#1262=EDGE_CURVE('',#980,#954,#787,.T.);
#1263=EDGE_CURVE('',#982,#983,#483,.T.);
#1264=EDGE_CURVE('',#952,#982,#788,.T.);
#1265=EDGE_CURVE('',#983,#950,#789,.T.);
#1266=EDGE_CURVE('',#979,#982,#790,.T.);
#1267=EDGE_CURVE('',#983,#978,#791,.T.);
#1268=EDGE_CURVE('',#984,#985,#484,.T.);
#1269=EDGE_CURVE('',#976,#984,#485,.T.);
#1270=EDGE_CURVE('',#985,#977,#486,.T.);
#1271=EDGE_CURVE('',#973,#984,#792,.T.);
#1272=EDGE_CURVE('',#985,#972,#793,.T.);
#1273=EDGE_CURVE('',#986,#986,#794,.T.);
#1274=EDGE_CURVE('',#986,#987,#487,.T.);
#1275=EDGE_CURVE('',#987,#987,#795,.T.);
#1276=EDGE_CURVE('',#988,#989,#488,.T.);
#1277=EDGE_CURVE('',#990,#988,#796,.T.);
#1278=EDGE_CURVE('',#991,#990,#489,.T.);
#1279=EDGE_CURVE('',#989,#991,#797,.T.);
#1280=EDGE_CURVE('',#990,#992,#798,.T.);
#1281=EDGE_CURVE('',#992,#993,#490,.T.);
#1282=EDGE_CURVE('',#993,#991,#799,.T.);
#1283=EDGE_CURVE('',#989,#994,#800,.T.);
#1284=EDGE_CURVE('',#994,#995,#491,.T.);
#1285=EDGE_CURVE('',#995,#988,#801,.T.);
#1286=EDGE_CURVE('',#996,#997,#492,.T.);
#1287=EDGE_CURVE('',#996,#918,#493,.T.);
#1288=EDGE_CURVE('',#997,#919,#494,.T.);
#1289=EDGE_CURVE('',#997,#998,#802,.T.);
#1290=EDGE_CURVE('',#998,#999,#495,.T.);
#1291=EDGE_CURVE('',#999,#996,#803,.T.);
#1292=EDGE_CURVE('',#1000,#1001,#496,.T.);
#1293=EDGE_CURVE('',#999,#1000,#497,.T.);
#1294=EDGE_CURVE('',#998,#1001,#498,.F.);
#1295=EDGE_CURVE('',#1002,#808,#499,.T.);
#1296=EDGE_CURVE('',#1003,#1002,#804,.T.);
#1297=EDGE_CURVE('',#994,#1003,#500,.T.);
#1298=EDGE_CURVE('',#993,#1004,#501,.T.);
#1299=EDGE_CURVE('',#1001,#1004,#805,.T.);
#1300=EDGE_CURVE('',#1004,#1005,#502,.T.);
#1301=EDGE_CURVE('',#1005,#992,#503,.T.);
#1302=EDGE_CURVE('',#1005,#1000,#806,.T.);
#1303=EDGE_CURVE('',#1006,#1003,#504,.T.);
#1304=EDGE_CURVE('',#1006,#995,#505,.T.);
#1305=EDGE_CURVE('',#1002,#1007,#506,.T.);
#1306=EDGE_CURVE('',#1007,#1006,#807,.T.);
#1307=EDGE_CURVE('',#811,#1007,#507,.T.);
#1308=ORIENTED_EDGE('',*,*,#1008,.T.);
#1309=ORIENTED_EDGE('',*,*,#1009,.T.);
#1310=ORIENTED_EDGE('',*,*,#1010,.T.);
#1311=ORIENTED_EDGE('',*,*,#1011,.T.);
#1312=ORIENTED_EDGE('',*,*,#1009,.F.);
#1313=ORIENTED_EDGE('',*,*,#1012,.T.);
#1314=ORIENTED_EDGE('',*,*,#1013,.F.);
#1315=ORIENTED_EDGE('',*,*,#1014,.F.);
#1316=ORIENTED_EDGE('',*,*,#1015,.F.);
#1317=ORIENTED_EDGE('',*,*,#1016,.T.);
#1318=ORIENTED_EDGE('',*,*,#1017,.F.);
#1319=ORIENTED_EDGE('',*,*,#1016,.F.);
#1320=ORIENTED_EDGE('',*,*,#1018,.T.);
#1321=ORIENTED_EDGE('',*,*,#1013,.T.);
#1322=ORIENTED_EDGE('',*,*,#1019,.T.);
#1323=ORIENTED_EDGE('',*,*,#1020,.T.);
#1324=ORIENTED_EDGE('',*,*,#1021,.F.);
#1325=ORIENTED_EDGE('',*,*,#1022,.F.);
#1326=ORIENTED_EDGE('',*,*,#1023,.F.);
#1327=ORIENTED_EDGE('',*,*,#1024,.T.);
#1328=ORIENTED_EDGE('',*,*,#1025,.T.);
#1329=ORIENTED_EDGE('',*,*,#1023,.T.);
#1330=ORIENTED_EDGE('',*,*,#1026,.T.);
#1331=ORIENTED_EDGE('',*,*,#1027,.T.);
#1332=ORIENTED_EDGE('',*,*,#1027,.F.);
#1333=ORIENTED_EDGE('',*,*,#1028,.F.);
#1334=ORIENTED_EDGE('',*,*,#1029,.F.);
#1335=ORIENTED_EDGE('',*,*,#1030,.F.);
#1336=ORIENTED_EDGE('',*,*,#1031,.T.);
#1337=ORIENTED_EDGE('',*,*,#1032,.T.);
#1338=ORIENTED_EDGE('',*,*,#1033,.T.);
#1339=ORIENTED_EDGE('',*,*,#1029,.T.);
#1340=ORIENTED_EDGE('',*,*,#1032,.F.);
#1341=ORIENTED_EDGE('',*,*,#1034,.F.);
#1342=ORIENTED_EDGE('',*,*,#1035,.F.);
#1343=ORIENTED_EDGE('',*,*,#1036,.T.);
#1344=ORIENTED_EDGE('',*,*,#1037,.T.);
#1345=ORIENTED_EDGE('',*,*,#1035,.T.);
#1346=ORIENTED_EDGE('',*,*,#1038,.T.);
#1347=ORIENTED_EDGE('',*,*,#1039,.T.);
#1348=ORIENTED_EDGE('',*,*,#1039,.F.);
#1349=ORIENTED_EDGE('',*,*,#1040,.F.);
#1350=ORIENTED_EDGE('',*,*,#1041,.F.);
#1351=ORIENTED_EDGE('',*,*,#1042,.F.);
#1352=ORIENTED_EDGE('',*,*,#1043,.T.);
#1353=ORIENTED_EDGE('',*,*,#1044,.T.);
#1354=ORIENTED_EDGE('',*,*,#1045,.T.);
#1355=ORIENTED_EDGE('',*,*,#1041,.T.);
#1356=ORIENTED_EDGE('',*,*,#1046,.F.);
#1357=ORIENTED_EDGE('',*,*,#1047,.T.);
#1358=ORIENTED_EDGE('',*,*,#1044,.F.);
#1359=ORIENTED_EDGE('',*,*,#1048,.F.);
#1360=ORIENTED_EDGE('',*,*,#1049,.T.);
#1361=ORIENTED_EDGE('',*,*,#1046,.T.);
#1362=ORIENTED_EDGE('',*,*,#1050,.T.);
#1363=ORIENTED_EDGE('',*,*,#1051,.T.);
#1364=ORIENTED_EDGE('',*,*,#1051,.F.);
#1365=ORIENTED_EDGE('',*,*,#1052,.F.);
#1366=ORIENTED_EDGE('',*,*,#1053,.F.);
#1367=ORIENTED_EDGE('',*,*,#1054,.F.);
#1368=ORIENTED_EDGE('',*,*,#1055,.T.);
#1369=ORIENTED_EDGE('',*,*,#1056,.T.);
#1370=ORIENTED_EDGE('',*,*,#1057,.T.);
#1371=ORIENTED_EDGE('',*,*,#1053,.T.);
#1372=ORIENTED_EDGE('',*,*,#1056,.F.);
#1373=ORIENTED_EDGE('',*,*,#1058,.F.);
#1374=ORIENTED_EDGE('',*,*,#1059,.F.);
#1375=ORIENTED_EDGE('',*,*,#1060,.T.);
#1376=ORIENTED_EDGE('',*,*,#1061,.T.);
#1377=ORIENTED_EDGE('',*,*,#1059,.T.);
#1378=ORIENTED_EDGE('',*,*,#1062,.T.);
#1379=ORIENTED_EDGE('',*,*,#1063,.T.);
#1380=ORIENTED_EDGE('',*,*,#1064,.F.);
#1381=ORIENTED_EDGE('',*,*,#1065,.F.);
#1382=ORIENTED_EDGE('',*,*,#1063,.F.);
#1383=ORIENTED_EDGE('',*,*,#1066,.F.);
#1384=ORIENTED_EDGE('',*,*,#1067,.T.);
#1385=ORIENTED_EDGE('',*,*,#1021,.T.);
#1386=ORIENTED_EDGE('',*,*,#1068,.T.);
#1387=ORIENTED_EDGE('',*,*,#1064,.T.);
#1388=ORIENTED_EDGE('',*,*,#1069,.F.);
#1389=ORIENTED_EDGE('',*,*,#1070,.T.);
#1390=ORIENTED_EDGE('',*,*,#1071,.F.);
#1391=ORIENTED_EDGE('',*,*,#1070,.F.);
#1392=ORIENTED_EDGE('',*,*,#1072,.F.);
#1393=ORIENTED_EDGE('',*,*,#1073,.F.);
#1394=ORIENTED_EDGE('',*,*,#1074,.T.);
#1395=ORIENTED_EDGE('',*,*,#1075,.F.);
#1396=ORIENTED_EDGE('',*,*,#1074,.F.);
#1397=ORIENTED_EDGE('',*,*,#1076,.F.);
#1398=ORIENTED_EDGE('',*,*,#1077,.T.);
#1399=ORIENTED_EDGE('',*,*,#1078,.F.);
#1400=ORIENTED_EDGE('',*,*,#1077,.F.);
#1401=ORIENTED_EDGE('',*,*,#1079,.F.);
#1402=ORIENTED_EDGE('',*,*,#1080,.T.);
#1403=ORIENTED_EDGE('',*,*,#1081,.F.);
#1404=ORIENTED_EDGE('',*,*,#1080,.F.);
#1405=ORIENTED_EDGE('',*,*,#1082,.F.);
#1406=ORIENTED_EDGE('',*,*,#1083,.T.);
#1407=ORIENTED_EDGE('',*,*,#1084,.F.);
#1408=ORIENTED_EDGE('',*,*,#1083,.F.);
#1409=ORIENTED_EDGE('',*,*,#1085,.F.);
#1410=ORIENTED_EDGE('',*,*,#1086,.T.);
#1411=ORIENTED_EDGE('',*,*,#1087,.F.);
#1412=ORIENTED_EDGE('',*,*,#1086,.F.);
#1413=ORIENTED_EDGE('',*,*,#1088,.F.);
#1414=ORIENTED_EDGE('',*,*,#1089,.T.);
#1415=ORIENTED_EDGE('',*,*,#1090,.F.);
#1416=ORIENTED_EDGE('',*,*,#1089,.F.);
#1417=ORIENTED_EDGE('',*,*,#1091,.F.);
#1418=ORIENTED_EDGE('',*,*,#1092,.T.);
#1419=ORIENTED_EDGE('',*,*,#1093,.F.);
#1420=ORIENTED_EDGE('',*,*,#1092,.F.);
#1421=ORIENTED_EDGE('',*,*,#1094,.F.);
#1422=ORIENTED_EDGE('',*,*,#1095,.T.);
#1423=ORIENTED_EDGE('',*,*,#1096,.F.);
#1424=ORIENTED_EDGE('',*,*,#1095,.F.);
#1425=ORIENTED_EDGE('',*,*,#1097,.F.);
#1426=ORIENTED_EDGE('',*,*,#1098,.T.);
#1427=ORIENTED_EDGE('',*,*,#1099,.F.);
#1428=ORIENTED_EDGE('',*,*,#1098,.F.);
#1429=ORIENTED_EDGE('',*,*,#1100,.F.);
#1430=ORIENTED_EDGE('',*,*,#1101,.T.);
#1431=ORIENTED_EDGE('',*,*,#1102,.F.);
#1432=ORIENTED_EDGE('',*,*,#1101,.F.);
#1433=ORIENTED_EDGE('',*,*,#1103,.F.);
#1434=ORIENTED_EDGE('',*,*,#1104,.T.);
#1435=ORIENTED_EDGE('',*,*,#1105,.F.);
#1436=ORIENTED_EDGE('',*,*,#1104,.F.);
#1437=ORIENTED_EDGE('',*,*,#1106,.F.);
#1438=ORIENTED_EDGE('',*,*,#1107,.T.);
#1439=ORIENTED_EDGE('',*,*,#1108,.F.);
#1440=ORIENTED_EDGE('',*,*,#1107,.F.);
#1441=ORIENTED_EDGE('',*,*,#1109,.F.);
#1442=ORIENTED_EDGE('',*,*,#1110,.T.);
#1443=ORIENTED_EDGE('',*,*,#1111,.F.);
#1444=ORIENTED_EDGE('',*,*,#1112,.T.);
#1445=ORIENTED_EDGE('',*,*,#1113,.F.);
#1446=ORIENTED_EDGE('',*,*,#1072,.T.);
#1447=ORIENTED_EDGE('',*,*,#1114,.F.);
#1448=ORIENTED_EDGE('',*,*,#1115,.T.);
#1449=ORIENTED_EDGE('',*,*,#1116,.F.);
#1450=ORIENTED_EDGE('',*,*,#1112,.F.);
#1451=ORIENTED_EDGE('',*,*,#1117,.F.);
#1452=ORIENTED_EDGE('',*,*,#1118,.T.);
#1453=ORIENTED_EDGE('',*,*,#1119,.F.);
#1454=ORIENTED_EDGE('',*,*,#1115,.F.);
#1455=ORIENTED_EDGE('',*,*,#1120,.F.);
#1456=ORIENTED_EDGE('',*,*,#1121,.T.);
#1457=ORIENTED_EDGE('',*,*,#1122,.F.);
#1458=ORIENTED_EDGE('',*,*,#1118,.F.);
#1459=ORIENTED_EDGE('',*,*,#1123,.F.);
#1460=ORIENTED_EDGE('',*,*,#1124,.T.);
#1461=ORIENTED_EDGE('',*,*,#1125,.F.);
#1462=ORIENTED_EDGE('',*,*,#1121,.F.);
#1463=ORIENTED_EDGE('',*,*,#1126,.F.);
#1464=ORIENTED_EDGE('',*,*,#1127,.T.);
#1465=ORIENTED_EDGE('',*,*,#1128,.F.);
#1466=ORIENTED_EDGE('',*,*,#1124,.F.);
#1467=ORIENTED_EDGE('',*,*,#1129,.F.);
#1468=ORIENTED_EDGE('',*,*,#1130,.T.);
#1469=ORIENTED_EDGE('',*,*,#1131,.F.);
#1470=ORIENTED_EDGE('',*,*,#1132,.F.);
#1471=ORIENTED_EDGE('',*,*,#1133,.F.);
#1472=ORIENTED_EDGE('',*,*,#1110,.F.);
#1473=ORIENTED_EDGE('',*,*,#1134,.F.);
#1474=ORIENTED_EDGE('',*,*,#1130,.F.);
#1475=ORIENTED_EDGE('',*,*,#1135,.F.);
#1476=ORIENTED_EDGE('',*,*,#1136,.F.);
#1477=ORIENTED_EDGE('',*,*,#1137,.F.);
#1478=ORIENTED_EDGE('',*,*,#1138,.F.);
#1479=ORIENTED_EDGE('',*,*,#1139,.F.);
#1480=ORIENTED_EDGE('',*,*,#1140,.F.);
#1481=ORIENTED_EDGE('',*,*,#1141,.F.);
#1482=ORIENTED_EDGE('',*,*,#1132,.T.);
#1483=ORIENTED_EDGE('',*,*,#1142,.F.);
#1484=ORIENTED_EDGE('',*,*,#1143,.T.);
#1485=ORIENTED_EDGE('',*,*,#1140,.T.);
#1486=ORIENTED_EDGE('',*,*,#1144,.T.);
#1487=ORIENTED_EDGE('',*,*,#1138,.T.);
#1488=ORIENTED_EDGE('',*,*,#1145,.F.);
#1489=ORIENTED_EDGE('',*,*,#1146,.F.);
#1490=ORIENTED_EDGE('',*,*,#1127,.F.);
#1491=ORIENTED_EDGE('',*,*,#1147,.F.);
#1492=ORIENTED_EDGE('',*,*,#1148,.T.);
#1493=ORIENTED_EDGE('',*,*,#1136,.T.);
#1494=ORIENTED_EDGE('',*,*,#1149,.T.);
#1495=ORIENTED_EDGE('',*,*,#1145,.T.);
#1496=ORIENTED_EDGE('',*,*,#1150,.T.);
#1497=ORIENTED_EDGE('',*,*,#1151,.T.);
#1498=ORIENTED_EDGE('',*,*,#1152,.T.);
#1499=ORIENTED_EDGE('',*,*,#1153,.T.);
#1500=ORIENTED_EDGE('',*,*,#1154,.F.);
#1501=ORIENTED_EDGE('',*,*,#1155,.F.);
#1502=ORIENTED_EDGE('',*,*,#1151,.F.);
#1503=ORIENTED_EDGE('',*,*,#1156,.T.);
#1504=ORIENTED_EDGE('',*,*,#1157,.T.);
#1505=ORIENTED_EDGE('',*,*,#1154,.T.);
#1506=ORIENTED_EDGE('',*,*,#1158,.T.);
#1507=ORIENTED_EDGE('',*,*,#1159,.T.);
#1508=ORIENTED_EDGE('',*,*,#1159,.F.);
#1509=ORIENTED_EDGE('',*,*,#1160,.T.);
#1510=ORIENTED_EDGE('',*,*,#1161,.F.);
#1511=ORIENTED_EDGE('',*,*,#1162,.F.);
#1512=ORIENTED_EDGE('',*,*,#1163,.T.);
#1513=ORIENTED_EDGE('',*,*,#1164,.T.);
#1514=ORIENTED_EDGE('',*,*,#1165,.T.);
#1515=ORIENTED_EDGE('',*,*,#1161,.T.);
#1516=ORIENTED_EDGE('',*,*,#1166,.F.);
#1517=ORIENTED_EDGE('',*,*,#1167,.F.);
#1518=ORIENTED_EDGE('',*,*,#1164,.F.);
#1519=ORIENTED_EDGE('',*,*,#1168,.T.);
#1520=ORIENTED_EDGE('',*,*,#1169,.T.);
#1521=ORIENTED_EDGE('',*,*,#1166,.T.);
#1522=ORIENTED_EDGE('',*,*,#1170,.T.);
#1523=ORIENTED_EDGE('',*,*,#1171,.T.);
#1524=ORIENTED_EDGE('',*,*,#1172,.F.);
#1525=ORIENTED_EDGE('',*,*,#1173,.T.);
#1526=ORIENTED_EDGE('',*,*,#1174,.F.);
#1527=ORIENTED_EDGE('',*,*,#1173,.F.);
#1528=ORIENTED_EDGE('',*,*,#1175,.F.);
#1529=ORIENTED_EDGE('',*,*,#1176,.T.);
#1530=ORIENTED_EDGE('',*,*,#1177,.F.);
#1531=ORIENTED_EDGE('',*,*,#1176,.F.);
#1532=ORIENTED_EDGE('',*,*,#1178,.F.);
#1533=ORIENTED_EDGE('',*,*,#1179,.T.);
#1534=ORIENTED_EDGE('',*,*,#1180,.F.);
#1535=ORIENTED_EDGE('',*,*,#1179,.F.);
#1536=ORIENTED_EDGE('',*,*,#1181,.F.);
#1537=ORIENTED_EDGE('',*,*,#1182,.T.);
#1538=ORIENTED_EDGE('',*,*,#1183,.F.);
#1539=ORIENTED_EDGE('',*,*,#1182,.F.);
#1540=ORIENTED_EDGE('',*,*,#1184,.F.);
#1541=ORIENTED_EDGE('',*,*,#1185,.T.);
#1542=ORIENTED_EDGE('',*,*,#1186,.F.);
#1543=ORIENTED_EDGE('',*,*,#1185,.F.);
#1544=ORIENTED_EDGE('',*,*,#1187,.F.);
#1545=ORIENTED_EDGE('',*,*,#1188,.T.);
#1546=ORIENTED_EDGE('',*,*,#1189,.F.);
#1547=ORIENTED_EDGE('',*,*,#1188,.F.);
#1548=ORIENTED_EDGE('',*,*,#1190,.F.);
#1549=ORIENTED_EDGE('',*,*,#1191,.T.);
#1550=ORIENTED_EDGE('',*,*,#1192,.F.);
#1551=ORIENTED_EDGE('',*,*,#1191,.F.);
#1552=ORIENTED_EDGE('',*,*,#1193,.F.);
#1553=ORIENTED_EDGE('',*,*,#1194,.F.);
#1554=ORIENTED_EDGE('',*,*,#1195,.T.);
#1555=ORIENTED_EDGE('',*,*,#1196,.F.);
#1556=ORIENTED_EDGE('',*,*,#1197,.F.);
#1557=ORIENTED_EDGE('',*,*,#1198,.T.);
#1558=ORIENTED_EDGE('',*,*,#1199,.F.);
#1559=ORIENTED_EDGE('',*,*,#1195,.F.);
#1560=ORIENTED_EDGE('',*,*,#1200,.F.);
#1561=ORIENTED_EDGE('',*,*,#1201,.F.);
#1562=ORIENTED_EDGE('',*,*,#1198,.F.);
#1563=ORIENTED_EDGE('',*,*,#1202,.F.);
#1564=ORIENTED_EDGE('',*,*,#1203,.T.);
#1565=ORIENTED_EDGE('',*,*,#1204,.T.);
#1566=ORIENTED_EDGE('',*,*,#1205,.T.);
#1567=ORIENTED_EDGE('',*,*,#1200,.T.);
#1568=ORIENTED_EDGE('',*,*,#1206,.F.);
#1569=ORIENTED_EDGE('',*,*,#1207,.F.);
#1570=ORIENTED_EDGE('',*,*,#1204,.F.);
#1571=ORIENTED_EDGE('',*,*,#1208,.F.);
#1572=ORIENTED_EDGE('',*,*,#1209,.T.);
#1573=ORIENTED_EDGE('',*,*,#1193,.T.);
#1574=ORIENTED_EDGE('',*,*,#1210,.T.);
#1575=ORIENTED_EDGE('',*,*,#1206,.T.);
#1576=ORIENTED_EDGE('',*,*,#1211,.F.);
#1577=ORIENTED_EDGE('',*,*,#1212,.T.);
#1578=ORIENTED_EDGE('',*,*,#1213,.F.);
#1579=ORIENTED_EDGE('',*,*,#1212,.F.);
#1580=ORIENTED_EDGE('',*,*,#1214,.F.);
#1581=ORIENTED_EDGE('',*,*,#1215,.T.);
#1582=ORIENTED_EDGE('',*,*,#1216,.F.);
#1583=ORIENTED_EDGE('',*,*,#1215,.F.);
#1584=ORIENTED_EDGE('',*,*,#1217,.T.);
#1585=ORIENTED_EDGE('',*,*,#1153,.F.);
#1586=ORIENTED_EDGE('',*,*,#1218,.F.);
#1587=ORIENTED_EDGE('',*,*,#1020,.F.);
#1588=ORIENTED_EDGE('',*,*,#1219,.F.);
#1589=ORIENTED_EDGE('',*,*,#1220,.F.);
#1590=ORIENTED_EDGE('',*,*,#1221,.F.);
#1591=ORIENTED_EDGE('',*,*,#1222,.T.);
#1592=ORIENTED_EDGE('',*,*,#1223,.F.);
#1593=ORIENTED_EDGE('',*,*,#1224,.F.);
#1594=ORIENTED_EDGE('',*,*,#1225,.F.);
#1595=ORIENTED_EDGE('',*,*,#1226,.F.);
#1596=ORIENTED_EDGE('',*,*,#1227,.F.);
#1597=ORIENTED_EDGE('',*,*,#1228,.F.);
#1598=ORIENTED_EDGE('',*,*,#1229,.F.);
#1599=ORIENTED_EDGE('',*,*,#1225,.T.);
#1600=ORIENTED_EDGE('',*,*,#1230,.F.);
#1601=ORIENTED_EDGE('',*,*,#1231,.F.);
#1602=ORIENTED_EDGE('',*,*,#1232,.F.);
#1603=ORIENTED_EDGE('',*,*,#1228,.T.);
#1604=ORIENTED_EDGE('',*,*,#1233,.F.);
#1605=ORIENTED_EDGE('',*,*,#1234,.F.);
#1606=ORIENTED_EDGE('',*,*,#1235,.F.);
#1607=ORIENTED_EDGE('',*,*,#1231,.T.);
#1608=ORIENTED_EDGE('',*,*,#1236,.F.);
#1609=ORIENTED_EDGE('',*,*,#1237,.F.);
#1610=ORIENTED_EDGE('',*,*,#1238,.F.);
#1611=ORIENTED_EDGE('',*,*,#1234,.T.);
#1612=ORIENTED_EDGE('',*,*,#1239,.F.);
#1613=ORIENTED_EDGE('',*,*,#1240,.F.);
#1614=ORIENTED_EDGE('',*,*,#1241,.F.);
#1615=ORIENTED_EDGE('',*,*,#1237,.T.);
#1616=ORIENTED_EDGE('',*,*,#1242,.F.);
#1617=ORIENTED_EDGE('',*,*,#1243,.F.);
#1618=ORIENTED_EDGE('',*,*,#1244,.F.);
#1619=ORIENTED_EDGE('',*,*,#1240,.T.);
#1620=ORIENTED_EDGE('',*,*,#1245,.F.);
#1621=ORIENTED_EDGE('',*,*,#1246,.F.);
#1622=ORIENTED_EDGE('',*,*,#1247,.F.);
#1623=ORIENTED_EDGE('',*,*,#1243,.T.);
#1624=ORIENTED_EDGE('',*,*,#1248,.F.);
#1625=ORIENTED_EDGE('',*,*,#1249,.F.);
#1626=ORIENTED_EDGE('',*,*,#1222,.F.);
#1627=ORIENTED_EDGE('',*,*,#1250,.F.);
#1628=ORIENTED_EDGE('',*,*,#1251,.F.);
#1629=ORIENTED_EDGE('',*,*,#1252,.F.);
#1630=ORIENTED_EDGE('',*,*,#1246,.T.);
#1631=ORIENTED_EDGE('',*,*,#1253,.F.);
#1632=ORIENTED_EDGE('',*,*,#1254,.T.);
#1633=ORIENTED_EDGE('',*,*,#1251,.T.);
#1634=ORIENTED_EDGE('',*,*,#1255,.T.);
#1635=ORIENTED_EDGE('',*,*,#1256,.T.);
#1636=ORIENTED_EDGE('',*,*,#1257,.F.);
#1637=ORIENTED_EDGE('',*,*,#1258,.F.);
#1638=ORIENTED_EDGE('',*,*,#1259,.F.);
#1639=ORIENTED_EDGE('',*,*,#1260,.F.);
#1640=ORIENTED_EDGE('',*,*,#1261,.T.);
#1641=ORIENTED_EDGE('',*,*,#1259,.T.);
#1642=ORIENTED_EDGE('',*,*,#1262,.T.);
#1643=ORIENTED_EDGE('',*,*,#1223,.T.);
#1644=ORIENTED_EDGE('',*,*,#1263,.F.);
#1645=ORIENTED_EDGE('',*,*,#1264,.F.);
#1646=ORIENTED_EDGE('',*,*,#1220,.T.);
#1647=ORIENTED_EDGE('',*,*,#1265,.F.);
#1648=ORIENTED_EDGE('',*,*,#1266,.T.);
#1649=ORIENTED_EDGE('',*,*,#1263,.T.);
#1650=ORIENTED_EDGE('',*,*,#1267,.T.);
#1651=ORIENTED_EDGE('',*,*,#1257,.T.);
#1652=ORIENTED_EDGE('',*,*,#1268,.F.);
#1653=ORIENTED_EDGE('',*,*,#1269,.F.);
#1654=ORIENTED_EDGE('',*,*,#1256,.F.);
#1655=ORIENTED_EDGE('',*,*,#1270,.F.);
#1656=ORIENTED_EDGE('',*,*,#1271,.T.);
#1657=ORIENTED_EDGE('',*,*,#1268,.T.);
#1658=ORIENTED_EDGE('',*,*,#1272,.T.);
#1659=ORIENTED_EDGE('',*,*,#1248,.T.);
#1660=ORIENTED_EDGE('',*,*,#1273,.F.);
#1661=ORIENTED_EDGE('',*,*,#1274,.T.);
#1662=ORIENTED_EDGE('',*,*,#1275,.F.);
#1663=ORIENTED_EDGE('',*,*,#1274,.F.);
#1664=ORIENTED_EDGE('',*,*,#1276,.F.);
#1665=ORIENTED_EDGE('',*,*,#1277,.F.);
#1666=ORIENTED_EDGE('',*,*,#1278,.F.);
#1667=ORIENTED_EDGE('',*,*,#1279,.F.);
#1668=ORIENTED_EDGE('',*,*,#1280,.T.);
#1669=ORIENTED_EDGE('',*,*,#1281,.T.);
#1670=ORIENTED_EDGE('',*,*,#1282,.T.);
#1671=ORIENTED_EDGE('',*,*,#1278,.T.);
#1672=ORIENTED_EDGE('',*,*,#1283,.T.);
#1673=ORIENTED_EDGE('',*,*,#1284,.T.);
#1674=ORIENTED_EDGE('',*,*,#1285,.T.);
#1675=ORIENTED_EDGE('',*,*,#1276,.T.);
#1676=ORIENTED_EDGE('',*,*,#1286,.F.);
#1677=ORIENTED_EDGE('',*,*,#1287,.T.);
#1678=ORIENTED_EDGE('',*,*,#1171,.F.);
#1679=ORIENTED_EDGE('',*,*,#1288,.F.);
#1680=ORIENTED_EDGE('',*,*,#1289,.T.);
#1681=ORIENTED_EDGE('',*,*,#1290,.T.);
#1682=ORIENTED_EDGE('',*,*,#1291,.T.);
#1683=ORIENTED_EDGE('',*,*,#1286,.T.);
#1684=ORIENTED_EDGE('',*,*,#1292,.F.);
#1685=ORIENTED_EDGE('',*,*,#1293,.F.);
#1686=ORIENTED_EDGE('',*,*,#1290,.F.);
#1687=ORIENTED_EDGE('',*,*,#1294,.T.);
#1688=ORIENTED_EDGE('',*,*,#1295,.F.);
#1689=ORIENTED_EDGE('',*,*,#1296,.F.);
#1690=ORIENTED_EDGE('',*,*,#1297,.F.);
#1691=ORIENTED_EDGE('',*,*,#1283,.F.);
#1692=ORIENTED_EDGE('',*,*,#1279,.T.);
#1693=ORIENTED_EDGE('',*,*,#1282,.F.);
#1694=ORIENTED_EDGE('',*,*,#1298,.T.);
#1695=ORIENTED_EDGE('',*,*,#1299,.F.);
#1696=ORIENTED_EDGE('',*,*,#1294,.F.);
#1697=ORIENTED_EDGE('',*,*,#1289,.F.);
#1698=ORIENTED_EDGE('',*,*,#1288,.T.);
#1699=ORIENTED_EDGE('',*,*,#1170,.F.);
#1700=ORIENTED_EDGE('',*,*,#1168,.F.);
#1701=ORIENTED_EDGE('',*,*,#1163,.F.);
#1702=ORIENTED_EDGE('',*,*,#1160,.F.);
#1703=ORIENTED_EDGE('',*,*,#1158,.F.);
#1704=ORIENTED_EDGE('',*,*,#1156,.F.);
#1705=ORIENTED_EDGE('',*,*,#1150,.F.);
#1706=ORIENTED_EDGE('',*,*,#1217,.F.);
#1707=ORIENTED_EDGE('',*,*,#1019,.F.);
#1708=ORIENTED_EDGE('',*,*,#1012,.F.);
#1709=ORIENTED_EDGE('',*,*,#1008,.F.);
#1710=ORIENTED_EDGE('',*,*,#1068,.F.);
#1711=ORIENTED_EDGE('',*,*,#1024,.F.);
#1712=ORIENTED_EDGE('',*,*,#1025,.F.);
#1713=ORIENTED_EDGE('',*,*,#1030,.T.);
#1714=ORIENTED_EDGE('',*,*,#1033,.F.);
#1715=ORIENTED_EDGE('',*,*,#1036,.F.);
#1716=ORIENTED_EDGE('',*,*,#1037,.F.);
#1717=ORIENTED_EDGE('',*,*,#1042,.T.);
#1718=ORIENTED_EDGE('',*,*,#1045,.F.);
#1719=ORIENTED_EDGE('',*,*,#1047,.F.);
#1720=ORIENTED_EDGE('',*,*,#1049,.F.);
#1721=ORIENTED_EDGE('',*,*,#1054,.T.);
#1722=ORIENTED_EDGE('',*,*,#1057,.F.);
#1723=ORIENTED_EDGE('',*,*,#1060,.F.);
#1724=ORIENTED_EDGE('',*,*,#1061,.F.);
#1725=ORIENTED_EDGE('',*,*,#1065,.T.);
#1726=ORIENTED_EDGE('',*,*,#1015,.T.);
#1727=ORIENTED_EDGE('',*,*,#1214,.T.);
#1728=ORIENTED_EDGE('',*,*,#1194,.T.);
#1729=ORIENTED_EDGE('',*,*,#1209,.F.);
#1730=ORIENTED_EDGE('',*,*,#1208,.T.);
#1731=ORIENTED_EDGE('',*,*,#1203,.F.);
#1732=ORIENTED_EDGE('',*,*,#1202,.T.);
#1733=ORIENTED_EDGE('',*,*,#1197,.T.);
#1734=ORIENTED_EDGE('',*,*,#1184,.T.);
#1735=ORIENTED_EDGE('',*,*,#1181,.T.);
#1736=ORIENTED_EDGE('',*,*,#1178,.T.);
#1737=ORIENTED_EDGE('',*,*,#1175,.T.);
#1738=ORIENTED_EDGE('',*,*,#1174,.T.);
#1739=ORIENTED_EDGE('',*,*,#1233,.T.);
#1740=ORIENTED_EDGE('',*,*,#1230,.T.);
#1741=ORIENTED_EDGE('',*,*,#1227,.T.);
#1742=ORIENTED_EDGE('',*,*,#1224,.T.);
#1743=ORIENTED_EDGE('',*,*,#1262,.F.);
#1744=ORIENTED_EDGE('',*,*,#1258,.T.);
#1745=ORIENTED_EDGE('',*,*,#1267,.F.);
#1746=ORIENTED_EDGE('',*,*,#1265,.T.);
#1747=ORIENTED_EDGE('',*,*,#1219,.T.);
#1748=ORIENTED_EDGE('',*,*,#1249,.T.);
#1749=ORIENTED_EDGE('',*,*,#1272,.F.);
#1750=ORIENTED_EDGE('',*,*,#1270,.T.);
#1751=ORIENTED_EDGE('',*,*,#1255,.F.);
#1752=ORIENTED_EDGE('',*,*,#1253,.T.);
#1753=ORIENTED_EDGE('',*,*,#1245,.T.);
#1754=ORIENTED_EDGE('',*,*,#1242,.T.);
#1755=ORIENTED_EDGE('',*,*,#1239,.T.);
#1756=ORIENTED_EDGE('',*,*,#1236,.T.);
#1757=ORIENTED_EDGE('',*,*,#1273,.T.);
#1758=ORIENTED_EDGE('',*,*,#1190,.T.);
#1759=ORIENTED_EDGE('',*,*,#1187,.T.);
#1760=ORIENTED_EDGE('',*,*,#1211,.T.);
#1761=ORIENTED_EDGE('',*,*,#1149,.F.);
#1762=ORIENTED_EDGE('',*,*,#1139,.T.);
#1763=ORIENTED_EDGE('',*,*,#1144,.F.);
#1764=ORIENTED_EDGE('',*,*,#1142,.T.);
#1765=ORIENTED_EDGE('',*,*,#1131,.T.);
#1766=ORIENTED_EDGE('',*,*,#1134,.T.);
#1767=ORIENTED_EDGE('',*,*,#1109,.T.);
#1768=ORIENTED_EDGE('',*,*,#1106,.T.);
#1769=ORIENTED_EDGE('',*,*,#1103,.T.);
#1770=ORIENTED_EDGE('',*,*,#1100,.T.);
#1771=ORIENTED_EDGE('',*,*,#1097,.T.);
#1772=ORIENTED_EDGE('',*,*,#1094,.T.);
#1773=ORIENTED_EDGE('',*,*,#1091,.T.);
#1774=ORIENTED_EDGE('',*,*,#1088,.T.);
#1775=ORIENTED_EDGE('',*,*,#1085,.T.);
#1776=ORIENTED_EDGE('',*,*,#1082,.T.);
#1777=ORIENTED_EDGE('',*,*,#1079,.T.);
#1778=ORIENTED_EDGE('',*,*,#1076,.T.);
#1779=ORIENTED_EDGE('',*,*,#1073,.T.);
#1780=ORIENTED_EDGE('',*,*,#1113,.T.);
#1781=ORIENTED_EDGE('',*,*,#1116,.T.);
#1782=ORIENTED_EDGE('',*,*,#1119,.T.);
#1783=ORIENTED_EDGE('',*,*,#1122,.T.);
#1784=ORIENTED_EDGE('',*,*,#1125,.T.);
#1785=ORIENTED_EDGE('',*,*,#1128,.T.);
#1786=ORIENTED_EDGE('',*,*,#1146,.T.);
#1787=ORIENTED_EDGE('',*,*,#1071,.T.);
#1788=ORIENTED_EDGE('',*,*,#1300,.F.);
#1789=ORIENTED_EDGE('',*,*,#1298,.F.);
#1790=ORIENTED_EDGE('',*,*,#1281,.F.);
#1791=ORIENTED_EDGE('',*,*,#1301,.F.);
#1792=ORIENTED_EDGE('',*,*,#1299,.T.);
#1793=ORIENTED_EDGE('',*,*,#1300,.T.);
#1794=ORIENTED_EDGE('',*,*,#1302,.T.);
#1795=ORIENTED_EDGE('',*,*,#1292,.T.);
#1796=ORIENTED_EDGE('',*,*,#1303,.F.);
#1797=ORIENTED_EDGE('',*,*,#1304,.T.);
#1798=ORIENTED_EDGE('',*,*,#1284,.F.);
#1799=ORIENTED_EDGE('',*,*,#1297,.T.);
#1800=ORIENTED_EDGE('',*,*,#1296,.T.);
#1801=ORIENTED_EDGE('',*,*,#1305,.T.);
#1802=ORIENTED_EDGE('',*,*,#1306,.T.);
#1803=ORIENTED_EDGE('',*,*,#1303,.T.);
#1804=ORIENTED_EDGE('',*,*,#1218,.T.);
#1805=ORIENTED_EDGE('',*,*,#1152,.F.);
#1806=ORIENTED_EDGE('',*,*,#1155,.T.);
#1807=ORIENTED_EDGE('',*,*,#1157,.F.);
#1808=ORIENTED_EDGE('',*,*,#1162,.T.);
#1809=ORIENTED_EDGE('',*,*,#1165,.F.);
#1810=ORIENTED_EDGE('',*,*,#1167,.T.);
#1811=ORIENTED_EDGE('',*,*,#1169,.F.);
#1812=ORIENTED_EDGE('',*,*,#1287,.F.);
#1813=ORIENTED_EDGE('',*,*,#1291,.F.);
#1814=ORIENTED_EDGE('',*,*,#1293,.T.);
#1815=ORIENTED_EDGE('',*,*,#1302,.F.);
#1816=ORIENTED_EDGE('',*,*,#1301,.T.);
#1817=ORIENTED_EDGE('',*,*,#1280,.F.);
#1818=ORIENTED_EDGE('',*,*,#1277,.T.);
#1819=ORIENTED_EDGE('',*,*,#1285,.F.);
#1820=ORIENTED_EDGE('',*,*,#1304,.F.);
#1821=ORIENTED_EDGE('',*,*,#1306,.F.);
#1822=ORIENTED_EDGE('',*,*,#1307,.F.);
#1823=ORIENTED_EDGE('',*,*,#1010,.F.);
#1824=ORIENTED_EDGE('',*,*,#1014,.T.);
#1825=ORIENTED_EDGE('',*,*,#1018,.F.);
#1826=ORIENTED_EDGE('',*,*,#1067,.F.);
#1827=ORIENTED_EDGE('',*,*,#1066,.T.);
#1828=ORIENTED_EDGE('',*,*,#1062,.F.);
#1829=ORIENTED_EDGE('',*,*,#1058,.T.);
#1830=ORIENTED_EDGE('',*,*,#1055,.F.);
#1831=ORIENTED_EDGE('',*,*,#1052,.T.);
#1832=ORIENTED_EDGE('',*,*,#1050,.F.);
#1833=ORIENTED_EDGE('',*,*,#1048,.T.);
#1834=ORIENTED_EDGE('',*,*,#1043,.F.);
#1835=ORIENTED_EDGE('',*,*,#1040,.T.);
#1836=ORIENTED_EDGE('',*,*,#1038,.F.);
#1837=ORIENTED_EDGE('',*,*,#1034,.T.);
#1838=ORIENTED_EDGE('',*,*,#1031,.F.);
#1839=ORIENTED_EDGE('',*,*,#1028,.T.);
#1840=ORIENTED_EDGE('',*,*,#1026,.F.);
#1841=ORIENTED_EDGE('',*,*,#1022,.T.);
#1842=ORIENTED_EDGE('',*,*,#1017,.T.);
#1843=ORIENTED_EDGE('',*,*,#1192,.T.);
#1844=ORIENTED_EDGE('',*,*,#1213,.T.);
#1845=ORIENTED_EDGE('',*,*,#1189,.T.);
#1846=ORIENTED_EDGE('',*,*,#1275,.T.);
#1847=ORIENTED_EDGE('',*,*,#1216,.T.);
#1848=ORIENTED_EDGE('',*,*,#1196,.T.);
#1849=ORIENTED_EDGE('',*,*,#1199,.T.);
#1850=ORIENTED_EDGE('',*,*,#1201,.T.);
#1851=ORIENTED_EDGE('',*,*,#1205,.F.);
#1852=ORIENTED_EDGE('',*,*,#1207,.T.);
#1853=ORIENTED_EDGE('',*,*,#1210,.F.);
#1854=ORIENTED_EDGE('',*,*,#1186,.T.);
#1855=ORIENTED_EDGE('',*,*,#1183,.T.);
#1856=ORIENTED_EDGE('',*,*,#1180,.T.);
#1857=ORIENTED_EDGE('',*,*,#1177,.T.);
#1858=ORIENTED_EDGE('',*,*,#1172,.T.);
#1859=ORIENTED_EDGE('',*,*,#1235,.T.);
#1860=ORIENTED_EDGE('',*,*,#1238,.T.);
#1861=ORIENTED_EDGE('',*,*,#1241,.T.);
#1862=ORIENTED_EDGE('',*,*,#1244,.T.);
#1863=ORIENTED_EDGE('',*,*,#1247,.T.);
#1864=ORIENTED_EDGE('',*,*,#1252,.T.);
#1865=ORIENTED_EDGE('',*,*,#1254,.F.);
#1866=ORIENTED_EDGE('',*,*,#1269,.T.);
#1867=ORIENTED_EDGE('',*,*,#1271,.F.);
#1868=ORIENTED_EDGE('',*,*,#1250,.T.);
#1869=ORIENTED_EDGE('',*,*,#1221,.T.);
#1870=ORIENTED_EDGE('',*,*,#1264,.T.);
#1871=ORIENTED_EDGE('',*,*,#1266,.F.);
#1872=ORIENTED_EDGE('',*,*,#1260,.T.);
#1873=ORIENTED_EDGE('',*,*,#1261,.F.);
#1874=ORIENTED_EDGE('',*,*,#1226,.T.);
#1875=ORIENTED_EDGE('',*,*,#1229,.T.);
#1876=ORIENTED_EDGE('',*,*,#1232,.T.);
#1877=ORIENTED_EDGE('',*,*,#1148,.F.);
#1878=ORIENTED_EDGE('',*,*,#1147,.T.);
#1879=ORIENTED_EDGE('',*,*,#1129,.T.);
#1880=ORIENTED_EDGE('',*,*,#1126,.T.);
#1881=ORIENTED_EDGE('',*,*,#1123,.T.);
#1882=ORIENTED_EDGE('',*,*,#1120,.T.);
#1883=ORIENTED_EDGE('',*,*,#1117,.T.);
#1884=ORIENTED_EDGE('',*,*,#1114,.T.);
#1885=ORIENTED_EDGE('',*,*,#1075,.T.);
#1886=ORIENTED_EDGE('',*,*,#1078,.T.);
#1887=ORIENTED_EDGE('',*,*,#1081,.T.);
#1888=ORIENTED_EDGE('',*,*,#1084,.T.);
#1889=ORIENTED_EDGE('',*,*,#1087,.T.);
#1890=ORIENTED_EDGE('',*,*,#1090,.T.);
#1891=ORIENTED_EDGE('',*,*,#1093,.T.);
#1892=ORIENTED_EDGE('',*,*,#1096,.T.);
#1893=ORIENTED_EDGE('',*,*,#1099,.T.);
#1894=ORIENTED_EDGE('',*,*,#1102,.T.);
#1895=ORIENTED_EDGE('',*,*,#1105,.T.);
#1896=ORIENTED_EDGE('',*,*,#1108,.T.);
#1897=ORIENTED_EDGE('',*,*,#1111,.T.);
#1898=ORIENTED_EDGE('',*,*,#1135,.T.);
#1899=ORIENTED_EDGE('',*,*,#1133,.T.);
#1900=ORIENTED_EDGE('',*,*,#1141,.T.);
#1901=ORIENTED_EDGE('',*,*,#1143,.F.);
#1902=ORIENTED_EDGE('',*,*,#1137,.T.);
#1903=ORIENTED_EDGE('',*,*,#1069,.T.);
#1904=ORIENTED_EDGE('',*,*,#1307,.T.);
#1905=ORIENTED_EDGE('',*,*,#1305,.F.);
#1906=ORIENTED_EDGE('',*,*,#1295,.T.);
#1907=ORIENTED_EDGE('',*,*,#1011,.F.);
#1908=CYLINDRICAL_SURFACE('',#2090,1.5);
#1909=CYLINDRICAL_SURFACE('',#2094,3.04999999999999);
#1910=CYLINDRICAL_SURFACE('',#2097,1.5);
#1911=CYLINDRICAL_SURFACE('',#2101,0.5);
#1912=CYLINDRICAL_SURFACE('',#2104,0.5);
#1913=CYLINDRICAL_SURFACE('',#2107,0.5);
#1914=CYLINDRICAL_SURFACE('',#2111,0.5);
#1915=CYLINDRICAL_SURFACE('',#2114,0.5);
#1916=CYLINDRICAL_SURFACE('',#2117,0.5);
#1917=CYLINDRICAL_SURFACE('',#2121,0.5);
#1918=CYLINDRICAL_SURFACE('',#2124,0.5);
#1919=CYLINDRICAL_SURFACE('',#2127,0.5);
#1920=CYLINDRICAL_SURFACE('',#2131,0.5);
#1921=CYLINDRICAL_SURFACE('',#2134,0.5);
#1922=CYLINDRICAL_SURFACE('',#2137,0.5);
#1923=CYLINDRICAL_SURFACE('',#2140,3.04999999999999);
#1924=CYLINDRICAL_SURFACE('',#2143,0.5);
#1925=CYLINDRICAL_SURFACE('',#2147,0.5);
#1926=CYLINDRICAL_SURFACE('',#2150,0.499999999997982);
#1927=CYLINDRICAL_SURFACE('',#2154,0.500000000002316);
#1928=CYLINDRICAL_SURFACE('',#2157,0.5);
#1929=CYLINDRICAL_SURFACE('',#2161,0.5);
#1930=CYLINDRICAL_SURFACE('',#2165,1.00000000000001);
#1931=CYLINDRICAL_SURFACE('',#2169,1.00000000000001);
#1932=CYLINDRICAL_SURFACE('',#2173,0.999999999999979);
#1933=CYLINDRICAL_SURFACE('',#2177,1.00000000000001);
#1934=CYLINDRICAL_SURFACE('',#2181,0.499999999999972);
#1935=CYLINDRICAL_SURFACE('',#2184,0.499999999999972);
#1936=CYLINDRICAL_SURFACE('',#2188,3.05000013623829);
#1937=CYLINDRICAL_SURFACE('',#2192,0.500000000000007);
#1938=CYLINDRICAL_SURFACE('',#2196,0.499999863761689);
#1939=CYLINDRICAL_SURFACE('',#2199,3.);
#1940=CYLINDRICAL_SURFACE('',#2203,1.5);
#1941=CYLINDRICAL_SURFACE('',#2207,3.);
#1942=CYLINDRICAL_SURFACE('',#2211,1.5);
#1943=CYLINDRICAL_SURFACE('',#2214,1.25);
#1944=CYLINDRICAL_SURFACE('',#2217,11.05);
#1945=CYLINDRICAL_SURFACE('',#2220,1.55);
#1946=CYLINDRICAL_SURFACE('',#2223,1.55);
#1947=CYLINDRICAL_SURFACE('',#2226,1.55);
#1948=CYLINDRICAL_SURFACE('',#2229,1.55);
#1949=CYLINDRICAL_SURFACE('',#2232,6.515);
#1950=CYLINDRICAL_SURFACE('',#2238,2.3);
#1951=CYLINDRICAL_SURFACE('',#2242,2.3);
#1952=CYLINDRICAL_SURFACE('',#2245,1.25000000000001);
#1953=CYLINDRICAL_SURFACE('',#2248,1.25000000000001);
#1954=CYLINDRICAL_SURFACE('',#2254,0.999999999999979);
#1955=CYLINDRICAL_SURFACE('',#2258,1.00000000000001);
#1956=CYLINDRICAL_SURFACE('',#2262,1.00000000000001);
#1957=CYLINDRICAL_SURFACE('',#2266,1.00000000000001);
#1958=CYLINDRICAL_SURFACE('',#2269,0.500000000002316);
#1959=CYLINDRICAL_SURFACE('',#2273,0.5);
#1960=CYLINDRICAL_SURFACE('',#2277,0.5);
#1961=CYLINDRICAL_SURFACE('',#2280,0.499999999997982);
#1962=CYLINDRICAL_SURFACE('',#2283,0.5);
#1963=CYLINDRICAL_SURFACE('',#2287,0.5);
#1964=CYLINDRICAL_SURFACE('',#2290,3.04999999999999);
#1965=CYLINDRICAL_SURFACE('',#2293,0.499999999999972);
#1966=CYLINDRICAL_SURFACE('',#2296,0.5);
#1967=CYLINDRICAL_SURFACE('',#2299,0.5);
#1968=CYLINDRICAL_SURFACE('',#2303,1.5);
#1969=CYLINDRICAL_SURFACE('',#2311,1.5);
#1970=CYLINDRICAL_SURFACE('',#2314,1.5);
#1971=ADVANCED_FACE('',(#98),#1908,.T.);
#1972=ADVANCED_FACE('',(#99),#59,.T.);
#1973=ADVANCED_FACE('',(#100),#1909,.F.);
#1974=ADVANCED_FACE('',(#101),#1910,.T.);
#1975=ADVANCED_FACE('',(#102),#60,.T.);
#1976=ADVANCED_FACE('',(#103),#1911,.T.);
#1977=ADVANCED_FACE('',(#104),#1912,.F.);
#1978=ADVANCED_FACE('',(#105),#1913,.T.);
#1979=ADVANCED_FACE('',(#106),#61,.T.);
#1980=ADVANCED_FACE('',(#107),#1914,.T.);
#1981=ADVANCED_FACE('',(#108),#1915,.F.);
#1982=ADVANCED_FACE('',(#109),#1916,.T.);
#1983=ADVANCED_FACE('',(#110),#62,.T.);
#1984=ADVANCED_FACE('',(#111),#1917,.T.);
#1985=ADVANCED_FACE('',(#112),#1918,.F.);
#1986=ADVANCED_FACE('',(#113),#1919,.T.);
#1987=ADVANCED_FACE('',(#114),#63,.T.);
#1988=ADVANCED_FACE('',(#115),#1920,.T.);
#1989=ADVANCED_FACE('',(#116),#1921,.F.);
#1990=ADVANCED_FACE('',(#117),#1922,.T.);
#1991=ADVANCED_FACE('',(#118),#1923,.F.);
#1992=ADVANCED_FACE('',(#119),#1924,.F.);
#1993=ADVANCED_FACE('',(#120),#64,.F.);
#1994=ADVANCED_FACE('',(#121),#1925,.F.);
#1995=ADVANCED_FACE('',(#122),#1926,.T.);
#1996=ADVANCED_FACE('',(#123),#65,.F.);
#1997=ADVANCED_FACE('',(#124),#1927,.T.);
#1998=ADVANCED_FACE('',(#125),#1928,.F.);
#1999=ADVANCED_FACE('',(#126),#66,.F.);
#2000=ADVANCED_FACE('',(#127),#1929,.F.);
#2001=ADVANCED_FACE('',(#128),#67,.F.);
#2002=ADVANCED_FACE('',(#129),#1930,.F.);
#2003=ADVANCED_FACE('',(#130),#68,.F.);
#2004=ADVANCED_FACE('',(#131),#1931,.F.);
#2005=ADVANCED_FACE('',(#132),#69,.F.);
#2006=ADVANCED_FACE('',(#133),#1932,.F.);
#2007=ADVANCED_FACE('',(#134),#70,.F.);
#2008=ADVANCED_FACE('',(#135),#1933,.F.);
#2009=ADVANCED_FACE('',(#136),#71,.F.);
#2010=ADVANCED_FACE('',(#137),#1934,.T.);
#2011=ADVANCED_FACE('',(#138),#1935,.T.);
#2012=ADVANCED_FACE('',(#139),#72,.F.);
#2013=ADVANCED_FACE('',(#140),#1936,.F.);
#2014=ADVANCED_FACE('',(#141),#73,.F.);
#2015=ADVANCED_FACE('',(#142),#1937,.T.);
#2016=ADVANCED_FACE('',(#143),#74,.F.);
#2017=ADVANCED_FACE('',(#144),#1938,.T.);
#2018=ADVANCED_FACE('',(#145),#1939,.F.);
#2019=ADVANCED_FACE('',(#146),#75,.T.);
#2020=ADVANCED_FACE('',(#147),#1940,.T.);
#2021=ADVANCED_FACE('',(#148),#76,.T.);
#2022=ADVANCED_FACE('',(#149),#1941,.F.);
#2023=ADVANCED_FACE('',(#150),#77,.T.);
#2024=ADVANCED_FACE('',(#151),#1942,.T.);
#2025=ADVANCED_FACE('',(#152),#1943,.F.);
#2026=ADVANCED_FACE('',(#153),#1944,.F.);
#2027=ADVANCED_FACE('',(#154),#1945,.F.);
#2028=ADVANCED_FACE('',(#155),#1946,.F.);
#2029=ADVANCED_FACE('',(#156),#1947,.F.);
#2030=ADVANCED_FACE('',(#157),#1948,.F.);
#2031=ADVANCED_FACE('',(#158),#1949,.F.);
#2032=ADVANCED_FACE('',(#159),#78,.T.);
#2033=ADVANCED_FACE('',(#160),#79,.T.);
#2034=ADVANCED_FACE('',(#161),#80,.T.);
#2035=ADVANCED_FACE('',(#162),#1950,.F.);
#2036=ADVANCED_FACE('',(#163),#81,.T.);
#2037=ADVANCED_FACE('',(#164),#1951,.F.);
#2038=ADVANCED_FACE('',(#165),#1952,.F.);
#2039=ADVANCED_FACE('',(#166),#1953,.F.);
#2040=ADVANCED_FACE('',(#167),#82,.T.);
#2041=ADVANCED_FACE('',(#168),#83,.F.);
#2042=ADVANCED_FACE('',(#169),#84,.F.);
#2043=ADVANCED_FACE('',(#170),#1954,.F.);
#2044=ADVANCED_FACE('',(#171),#85,.F.);
#2045=ADVANCED_FACE('',(#172),#1955,.F.);
#2046=ADVANCED_FACE('',(#173),#86,.F.);
#2047=ADVANCED_FACE('',(#174),#1956,.F.);
#2048=ADVANCED_FACE('',(#175),#87,.F.);
#2049=ADVANCED_FACE('',(#176),#1957,.F.);
#2050=ADVANCED_FACE('',(#177),#1958,.T.);
#2051=ADVANCED_FACE('',(#178),#88,.F.);
#2052=ADVANCED_FACE('',(#179),#1959,.F.);
#2053=ADVANCED_FACE('',(#180),#89,.F.);
#2054=ADVANCED_FACE('',(#181),#1960,.F.);
#2055=ADVANCED_FACE('',(#182),#1961,.T.);
#2056=ADVANCED_FACE('',(#183),#1962,.F.);
#2057=ADVANCED_FACE('',(#184),#90,.F.);
#2058=ADVANCED_FACE('',(#185),#1963,.F.);
#2059=ADVANCED_FACE('',(#186),#1964,.F.);
#2060=ADVANCED_FACE('',(#187),#1965,.F.);
#2061=ADVANCED_FACE('',(#188),#1966,.T.);
#2062=ADVANCED_FACE('',(#189),#1967,.T.);
#2063=ADVANCED_FACE('',(#190),#91,.T.);
#2064=ADVANCED_FACE('',(#191),#1968,.T.);
#2065=ADVANCED_FACE('',(#192),#92,.T.);
#2066=ADVANCED_FACE('',(#193,#27,#28,#29,#30,#31,#32,#33,#34,#35,#36,#37,
#38,#39,#40,#41,#42),#93,.F.);
#2067=ADVANCED_FACE('',(#194),#94,.T.);
#2068=ADVANCED_FACE('',(#195),#1969,.T.);
#2069=ADVANCED_FACE('',(#196),#95,.T.);
#2070=ADVANCED_FACE('',(#197),#1970,.T.);
#2071=ADVANCED_FACE('',(#198,#43,#44,#45,#46,#47,#48,#49,#50,#51,#52,#53,
#54,#55,#56,#57,#58),#96,.T.);
#2072=ADVANCED_FACE('',(#199),#97,.T.);
#2073=CLOSED_SHELL('',(#1971,#1972,#1973,#1974,#1975,#1976,#1977,#1978,
#1979,#1980,#1981,#1982,#1983,#1984,#1985,#1986,#1987,#1988,#1989,#1990,
#1991,#1992,#1993,#1994,#1995,#1996,#1997,#1998,#1999,#2000,#2001,#2002,
#2003,#2004,#2005,#2006,#2007,#2008,#2009,#2010,#2011,#2012,#2013,#2014,
#2015,#2016,#2017,#2018,#2019,#2020,#2021,#2022,#2023,#2024,#2025,#2026,
#2027,#2028,#2029,#2030,#2031,#2032,#2033,#2034,#2035,#2036,#2037,#2038,
#2039,#2040,#2041,#2042,#2043,#2044,#2045,#2046,#2047,#2048,#2049,#2050,
#2051,#2052,#2053,#2054,#2055,#2056,#2057,#2058,#2059,#2060,#2061,#2062,
#2063,#2064,#2065,#2066,#2067,#2068,#2069,#2070,#2071,#2072));
#2074=DERIVED_UNIT_ELEMENT(#2076,1.);
#2075=DERIVED_UNIT_ELEMENT(#3585,-3.);
#2076=(
MASS_UNIT()
NAMED_UNIT(*)
SI_UNIT(.KILO.,.GRAM.)
);
#2077=DERIVED_UNIT((#2074,#2075));
#2078=MEASURE_REPRESENTATION_ITEM('density measure',
POSITIVE_RATIO_MEASURE(7850.),#2077);
#2079=PROPERTY_DEFINITION_REPRESENTATION(#2084,#2081);
#2080=PROPERTY_DEFINITION_REPRESENTATION(#2085,#2082);
#2081=REPRESENTATION('material name',(#2083),#3582);
#2082=REPRESENTATION('density',(#2078),#3582);
#2083=DESCRIPTIVE_REPRESENTATION_ITEM('Steel','Steel');
#2084=PROPERTY_DEFINITION('material property','material name',#3607);
#2085=PROPERTY_DEFINITION('material property','density of part',#3607);
#2086=AXIS2_PLACEMENT_3D('',#2965,#2321,#2322);
#2087=AXIS2_PLACEMENT_3D('',#2966,#2323,#2324);
#2088=AXIS2_PLACEMENT_3D('',#2967,#2325,#2326);
#2089=AXIS2_PLACEMENT_3D('',#2968,#2327,#2328);
#2090=AXIS2_PLACEMENT_3D('',#2969,#2329,#2330);
#2091=AXIS2_PLACEMENT_3D('',#2972,#2331,#2332);
#2092=AXIS2_PLACEMENT_3D('',#2976,#2334,#2335);
#2093=AXIS2_PLACEMENT_3D('',#2978,#2337,#2338);
#2094=AXIS2_PLACEMENT_3D('',#2984,#2342,#2343);
#2095=AXIS2_PLACEMENT_3D('',#2986,#2344,#2345);
#2096=AXIS2_PLACEMENT_3D('',#2989,#2347,#2348);
#2097=AXIS2_PLACEMENT_3D('',#2990,#2349,#2350);
#2098=AXIS2_PLACEMENT_3D('',#2992,#2351,#2352);
#2099=AXIS2_PLACEMENT_3D('',#2994,#2353,#2354);
#2100=AXIS2_PLACEMENT_3D('',#2996,#2356,#2357);
#2101=AXIS2_PLACEMENT_3D('',#3005,#2362,#2363);
#2102=AXIS2_PLACEMENT_3D('',#3007,#2364,#2365);
#2103=AXIS2_PLACEMENT_3D('',#3009,#2366,#2367);
#2104=AXIS2_PLACEMENT_3D('',#3011,#2369,#2370);
#2105=AXIS2_PLACEMENT_3D('',#3013,#2371,#2372);
#2106=AXIS2_PLACEMENT_3D('',#3016,#2374,#2375);
#2107=AXIS2_PLACEMENT_3D('',#3017,#2376,#2377);
#2108=AXIS2_PLACEMENT_3D('',#3019,#2378,#2379);
#2109=AXIS2_PLACEMENT_3D('',#3022,#2381,#2382);
#2110=AXIS2_PLACEMENT_3D('',#3023,#2383,#2384);
#2111=AXIS2_PLACEMENT_3D('',#3029,#2388,#2389);
#2112=AXIS2_PLACEMENT_3D('',#3031,#2390,#2391);
#2113=AXIS2_PLACEMENT_3D('',#3033,#2392,#2393);
#2114=AXIS2_PLACEMENT_3D('',#3035,#2395,#2396);
#2115=AXIS2_PLACEMENT_3D('',#3037,#2397,#2398);
#2116=AXIS2_PLACEMENT_3D('',#3040,#2400,#2401);
#2117=AXIS2_PLACEMENT_3D('',#3041,#2402,#2403);
#2118=AXIS2_PLACEMENT_3D('',#3043,#2404,#2405);
#2119=AXIS2_PLACEMENT_3D('',#3046,#2407,#2408);
#2120=AXIS2_PLACEMENT_3D('',#3047,#2409,#2410);
#2121=AXIS2_PLACEMENT_3D('',#3053,#2414,#2415);
#2122=AXIS2_PLACEMENT_3D('',#3055,#2416,#2417);
#2123=AXIS2_PLACEMENT_3D('',#3057,#2418,#2419);
#2124=AXIS2_PLACEMENT_3D('',#3059,#2421,#2422);
#2125=AXIS2_PLACEMENT_3D('',#3061,#2423,#2424);
#2126=AXIS2_PLACEMENT_3D('',#3064,#2426,#2427);
#2127=AXIS2_PLACEMENT_3D('',#3065,#2428,#2429);
#2128=AXIS2_PLACEMENT_3D('',#3067,#2430,#2431);
#2129=AXIS2_PLACEMENT_3D('',#3070,#2433,#2434);
#2130=AXIS2_PLACEMENT_3D('',#3071,#2435,#2436);
#2131=AXIS2_PLACEMENT_3D('',#3077,#2440,#2441);
#2132=AXIS2_PLACEMENT_3D('',#3079,#2442,#2443);
#2133=AXIS2_PLACEMENT_3D('',#3081,#2444,#2445);
#2134=AXIS2_PLACEMENT_3D('',#3083,#2447,#2448);
#2135=AXIS2_PLACEMENT_3D('',#3087,#2450,#2451);
#2136=AXIS2_PLACEMENT_3D('',#3088,#2452,#2453);
#2137=AXIS2_PLACEMENT_3D('',#3089,#2454,#2455);
#2138=AXIS2_PLACEMENT_3D('',#3090,#2456,#2457);
#2139=AXIS2_PLACEMENT_3D('',#3091,#2458,#2459);
#2140=AXIS2_PLACEMENT_3D('',#3092,#2460,#2461);
#2141=AXIS2_PLACEMENT_3D('',#3094,#2462,#2463);
#2142=AXIS2_PLACEMENT_3D('',#3097,#2465,#2466);
#2143=AXIS2_PLACEMENT_3D('',#3098,#2467,#2468);
#2144=AXIS2_PLACEMENT_3D('',#3103,#2470,#2471);
#2145=AXIS2_PLACEMENT_3D('',#3106,#2473,#2474);
#2146=AXIS2_PLACEMENT_3D('',#3107,#2475,#2476);
#2147=AXIS2_PLACEMENT_3D('',#3113,#2480,#2481);
#2148=AXIS2_PLACEMENT_3D('',#3115,#2482,#2483);
#2149=AXIS2_PLACEMENT_3D('',#3118,#2485,#2486);
#2150=AXIS2_PLACEMENT_3D('',#3119,#2487,#2488);
#2151=AXIS2_PLACEMENT_3D('',#3121,#2489,#2490);
#2152=AXIS2_PLACEMENT_3D('',#3124,#2492,#2493);
#2153=AXIS2_PLACEMENT_3D('',#3125,#2494,#2495);
#2154=AXIS2_PLACEMENT_3D('',#3131,#2499,#2500);
#2155=AXIS2_PLACEMENT_3D('',#3133,#2501,#2502);
#2156=AXIS2_PLACEMENT_3D('',#3136,#2504,#2505);
#2157=AXIS2_PLACEMENT_3D('',#3137,#2506,#2507);
#2158=AXIS2_PLACEMENT_3D('',#3139,#2508,#2509);
#2159=AXIS2_PLACEMENT_3D('',#3142,#2511,#2512);
#2160=AXIS2_PLACEMENT_3D('',#3143,#2513,#2514);
#2161=AXIS2_PLACEMENT_3D('',#3149,#2518,#2519);
#2162=AXIS2_PLACEMENT_3D('',#3151,#2520,#2521);
#2163=AXIS2_PLACEMENT_3D('',#3154,#2523,#2524);
#2164=AXIS2_PLACEMENT_3D('',#3155,#2525,#2526);
#2165=AXIS2_PLACEMENT_3D('',#3161,#2530,#2531);
#2166=AXIS2_PLACEMENT_3D('',#3163,#2532,#2533);
#2167=AXIS2_PLACEMENT_3D('',#3166,#2535,#2536);
#2168=AXIS2_PLACEMENT_3D('',#3167,#2537,#2538);
#2169=AXIS2_PLACEMENT_3D('',#3173,#2542,#2543);
#2170=AXIS2_PLACEMENT_3D('',#3175,#2544,#2545);
#2171=AXIS2_PLACEMENT_3D('',#3178,#2547,#2548);
#2172=AXIS2_PLACEMENT_3D('',#3179,#2549,#2550);
#2173=AXIS2_PLACEMENT_3D('',#3185,#2554,#2555);
#2174=AXIS2_PLACEMENT_3D('',#3189,#2557,#2558);
#2175=AXIS2_PLACEMENT_3D('',#3190,#2559,#2560);
#2176=AXIS2_PLACEMENT_3D('',#3191,#2561,#2562);
#2177=AXIS2_PLACEMENT_3D('',#3197,#2566,#2567);
#2178=AXIS2_PLACEMENT_3D('',#3201,#2569,#2570);
#2179=AXIS2_PLACEMENT_3D('',#3202,#2571,#2572);
#2180=AXIS2_PLACEMENT_3D('',#3203,#2573,#2574);
#2181=AXIS2_PLACEMENT_3D('',#3209,#2578,#2579);
#2182=AXIS2_PLACEMENT_3D('',#3213,#2581,#2582);
#2183=AXIS2_PLACEMENT_3D('',#3214,#2583,#2584);
#2184=AXIS2_PLACEMENT_3D('',#3215,#2585,#2586);
#2185=AXIS2_PLACEMENT_3D('',#3220,#2588,#2589);
#2186=AXIS2_PLACEMENT_3D('',#3223,#2591,#2592);
#2187=AXIS2_PLACEMENT_3D('',#3224,#2593,#2594);
#2188=AXIS2_PLACEMENT_3D('',#3227,#2597,#2598);
#2189=AXIS2_PLACEMENT_3D('',#3232,#2600,#2601);
#2190=AXIS2_PLACEMENT_3D('',#3235,#2603,#2604);
#2191=AXIS2_PLACEMENT_3D('',#3236,#2605,#2606);
#2192=AXIS2_PLACEMENT_3D('',#3242,#2610,#2611);
#2193=AXIS2_PLACEMENT_3D('',#3243,#2612,#2613);
#2194=AXIS2_PLACEMENT_3D('',#3244,#2614,#2615);
#2195=AXIS2_PLACEMENT_3D('',#3245,#2616,#2617);
#2196=AXIS2_PLACEMENT_3D('',#3251,#2621,#2622);
#2197=AXIS2_PLACEMENT_3D('',#3252,#2623,#2624);
#2198=AXIS2_PLACEMENT_3D('',#3253,#2625,#2626);
#2199=AXIS2_PLACEMENT_3D('',#3254,#2627,#2628);
#2200=AXIS2_PLACEMENT_3D('',#3257,#2629,#2630);
#2201=AXIS2_PLACEMENT_3D('',#3261,#2632,#2633);
#2202=AXIS2_PLACEMENT_3D('',#3263,#2635,#2636);
#2203=AXIS2_PLACEMENT_3D('',#3269,#2640,#2641);
#2204=AXIS2_PLACEMENT_3D('',#3271,#2642,#2643);
#2205=AXIS2_PLACEMENT_3D('',#3273,#2644,#2645);
#2206=AXIS2_PLACEMENT_3D('',#3275,#2647,#2648);
#2207=AXIS2_PLACEMENT_3D('',#3281,#2652,#2653);
#2208=AXIS2_PLACEMENT_3D('',#3283,#2654,#2655);
#2209=AXIS2_PLACEMENT_3D('',#3286,#2657,#2658);
#2210=AXIS2_PLACEMENT_3D('',#3287,#2659,#2660);
#2211=AXIS2_PLACEMENT_3D('',#3293,#2664,#2665);
#2212=AXIS2_PLACEMENT_3D('',#3295,#2666,#2667);
#2213=AXIS2_PLACEMENT_3D('',#3297,#2668,#2669);
#2214=AXIS2_PLACEMENT_3D('',#3299,#2671,#2672);
#2215=AXIS2_PLACEMENT_3D('',#3301,#2673,#2674);
#2216=AXIS2_PLACEMENT_3D('',#3304,#2676,#2677);
#2217=AXIS2_PLACEMENT_3D('',#3305,#2678,#2679);
#2218=AXIS2_PLACEMENT_3D('',#3307,#2680,#2681);
#2219=AXIS2_PLACEMENT_3D('',#3310,#2683,#2684);
#2220=AXIS2_PLACEMENT_3D('',#3311,#2685,#2686);
#2221=AXIS2_PLACEMENT_3D('',#3313,#2687,#2688);
#2222=AXIS2_PLACEMENT_3D('',#3316,#2690,#2691);
#2223=AXIS2_PLACEMENT_3D('',#3317,#2692,#2693);
#2224=AXIS2_PLACEMENT_3D('',#3319,#2694,#2695);
#2225=AXIS2_PLACEMENT_3D('',#3322,#2697,#2698);
#2226=AXIS2_PLACEMENT_3D('',#3323,#2699,#2700);
#2227=AXIS2_PLACEMENT_3D('',#3325,#2701,#2702);
#2228=AXIS2_PLACEMENT_3D('',#3328,#2704,#2705);
#2229=AXIS2_PLACEMENT_3D('',#3329,#2706,#2707);
#2230=AXIS2_PLACEMENT_3D('',#3331,#2708,#2709);
#2231=AXIS2_PLACEMENT_3D('',#3334,#2711,#2712);
#2232=AXIS2_PLACEMENT_3D('',#3335,#2713,#2714);
#2233=AXIS2_PLACEMENT_3D('',#3337,#2715,#2716);
#2234=AXIS2_PLACEMENT_3D('',#3340,#2718,#2719);
#2235=AXIS2_PLACEMENT_3D('',#3341,#2720,#2721);
#2236=AXIS2_PLACEMENT_3D('',#3350,#2726,#2727);
#2237=AXIS2_PLACEMENT_3D('',#3356,#2731,#2732);
#2238=AXIS2_PLACEMENT_3D('',#3362,#2736,#2737);
#2239=AXIS2_PLACEMENT_3D('',#3364,#2738,#2739);
#2240=AXIS2_PLACEMENT_3D('',#3367,#2741,#2742);
#2241=AXIS2_PLACEMENT_3D('',#3368,#2743,#2744);
#2242=AXIS2_PLACEMENT_3D('',#3374,#2748,#2749);
#2243=AXIS2_PLACEMENT_3D('',#3375,#2750,#2751);
#2244=AXIS2_PLACEMENT_3D('',#3376,#2752,#2753);
#2245=AXIS2_PLACEMENT_3D('',#3377,#2754,#2755);
#2246=AXIS2_PLACEMENT_3D('',#3379,#2756,#2757);
#2247=AXIS2_PLACEMENT_3D('',#3382,#2759,#2760);
#2248=AXIS2_PLACEMENT_3D('',#3383,#2761,#2762);
#2249=AXIS2_PLACEMENT_3D('',#3385,#2763,#2764);
#2250=AXIS2_PLACEMENT_3D('',#3388,#2766,#2767);
#2251=AXIS2_PLACEMENT_3D('',#3389,#2768,#2769);
#2252=AXIS2_PLACEMENT_3D('',#3392,#2772,#2773);
#2253=AXIS2_PLACEMENT_3D('',#3401,#2778,#2779);
#2254=AXIS2_PLACEMENT_3D('',#3410,#2784,#2785);
#2255=AXIS2_PLACEMENT_3D('',#3412,#2786,#2787);
#2256=AXIS2_PLACEMENT_3D('',#3415,#2789,#2790);
#2257=AXIS2_PLACEMENT_3D('',#3416,#2791,#2792);
#2258=AXIS2_PLACEMENT_3D('',#3422,#2796,#2797);
#2259=AXIS2_PLACEMENT_3D('',#3424,#2798,#2799);
#2260=AXIS2_PLACEMENT_3D('',#3427,#2801,#2802);
#2261=AXIS2_PLACEMENT_3D('',#3428,#2803,#2804);
#2262=AXIS2_PLACEMENT_3D('',#3434,#2808,#2809);
#2263=AXIS2_PLACEMENT_3D('',#3436,#2810,#2811);
#2264=AXIS2_PLACEMENT_3D('',#3439,#2813,#2814);
#2265=AXIS2_PLACEMENT_3D('',#3440,#2815,#2816);
#2266=AXIS2_PLACEMENT_3D('',#3446,#2820,#2821);
#2267=AXIS2_PLACEMENT_3D('',#3448,#2822,#2823);
#2268=AXIS2_PLACEMENT_3D('',#3451,#2825,#2826);
#2269=AXIS2_PLACEMENT_3D('',#3452,#2827,#2828);
#2270=AXIS2_PLACEMENT_3D('',#3456,#2830,#2831);
#2271=AXIS2_PLACEMENT_3D('',#3457,#2832,#2833);
#2272=AXIS2_PLACEMENT_3D('',#3458,#2834,#2835);
#2273=AXIS2_PLACEMENT_3D('',#3464,#2839,#2840);
#2274=AXIS2_PLACEMENT_3D('',#3466,#2841,#2842);
#2275=AXIS2_PLACEMENT_3D('',#3468,#2843,#2844);
#2276=AXIS2_PLACEMENT_3D('',#3470,#2846,#2847);
#2277=AXIS2_PLACEMENT_3D('',#3479,#2852,#2853);
#2278=AXIS2_PLACEMENT_3D('',#3480,#2854,#2855);
#2279=AXIS2_PLACEMENT_3D('',#3481,#2856,#2857);
#2280=AXIS2_PLACEMENT_3D('',#3482,#2858,#2859);
#2281=AXIS2_PLACEMENT_3D('',#3486,#2861,#2862);
#2282=AXIS2_PLACEMENT_3D('',#3487,#2863,#2864);
#2283=AXIS2_PLACEMENT_3D('',#3488,#2865,#2866);
#2284=AXIS2_PLACEMENT_3D('',#3489,#2867,#2868);
#2285=AXIS2_PLACEMENT_3D('',#3490,#2869,#2870);
#2286=AXIS2_PLACEMENT_3D('',#3491,#2871,#2872);
#2287=AXIS2_PLACEMENT_3D('',#3497,#2876,#2877);
#2288=AXIS2_PLACEMENT_3D('',#3498,#2878,#2879);
#2289=AXIS2_PLACEMENT_3D('',#3499,#2880,#2881);
#2290=AXIS2_PLACEMENT_3D('',#3500,#2882,#2883);
#2291=AXIS2_PLACEMENT_3D('',#3502,#2884,#2885);
#2292=AXIS2_PLACEMENT_3D('',#3505,#2887,#2888);
#2293=AXIS2_PLACEMENT_3D('',#3506,#2889,#2890);
#2294=AXIS2_PLACEMENT_3D('',#3511,#2892,#2893);
#2295=AXIS2_PLACEMENT_3D('',#3514,#2895,#2896);
#2296=AXIS2_PLACEMENT_3D('',#3515,#2897,#2898);
#2297=AXIS2_PLACEMENT_3D('',#3517,#2899,#2900);
#2298=AXIS2_PLACEMENT_3D('',#3520,#2902,#2903);
#2299=AXIS2_PLACEMENT_3D('',#3521,#2904,#2905);
#2300=AXIS2_PLACEMENT_3D('',#3523,#2906,#2907);
#2301=AXIS2_PLACEMENT_3D('',#3526,#2909,#2910);
#2302=AXIS2_PLACEMENT_3D('',#3527,#2911,#2912);
#2303=AXIS2_PLACEMENT_3D('',#3533,#2916,#2917);
#2304=AXIS2_PLACEMENT_3D('',#3535,#2918,#2919);
#2305=AXIS2_PLACEMENT_3D('',#3538,#2921,#2922);
#2306=AXIS2_PLACEMENT_3D('',#3539,#2923,#2924);
#2307=AXIS2_PLACEMENT_3D('',#3545,#2928,#2929);
#2308=AXIS2_PLACEMENT_3D('',#3549,#2931,#2932);
#2309=AXIS2_PLACEMENT_3D('',#3553,#2935,#2936);
#2310=AXIS2_PLACEMENT_3D('',#3554,#2937,#2938);
#2311=AXIS2_PLACEMENT_3D('',#3558,#2941,#2942);
#2312=AXIS2_PLACEMENT_3D('',#3559,#2943,#2944);
#2313=AXIS2_PLACEMENT_3D('',#3560,#2945,#2946);
#2314=AXIS2_PLACEMENT_3D('',#3564,#2949,#2950);
#2315=AXIS2_PLACEMENT_3D('',#3567,#2952,#2953);
#2316=AXIS2_PLACEMENT_3D('',#3568,#2954,#2955);
#2317=AXIS2_PLACEMENT_3D('',#3570,#2957,#2958);
#2318=AXIS2_PLACEMENT_3D('',#3571,#2959,#2960);
#2319=AXIS2_PLACEMENT_3D('',#3572,#2961,#2962);
#2320=AXIS2_PLACEMENT_3D('',#3573,#2963,#2964);
#2321=DIRECTION('axis',(0.,0.,1.));
#2322=DIRECTION('refdir',(1.,0.,0.));
#2323=DIRECTION('axis',(0.,0.,1.));
#2324=DIRECTION('refdir',(1.,0.,0.));
#2325=DIRECTION('axis',(0.,0.,1.));
#2326=DIRECTION('refdir',(1.,0.,0.));
#2327=DIRECTION('axis',(0.,0.,1.));
#2328=DIRECTION('refdir',(1.,0.,0.));
#2329=DIRECTION('center_axis',(-1.14423774522212E-17,2.53852974109793E-29,
1.));
#2330=DIRECTION('ref_axis',(0.707106781186531,0.707106781186564,8.09098268934352E-18));
#2331=DIRECTION('center_axis',(1.14423774522212E-17,-2.53852974109793E-29,
-1.));
#2332=DIRECTION('ref_axis',(0.707106781186531,0.707106781186564,8.09098268934352E-18));
#2333=DIRECTION('',(1.14423774522212E-17,-2.53852974109793E-29,-1.));
#2334=DIRECTION('center_axis',(-1.14423774522212E-17,2.53852974109793E-29,
1.));
#2335=DIRECTION('ref_axis',(0.707106781186531,0.707106781186564,8.09098268934352E-18));
#2336=DIRECTION('',(-1.14423774522212E-17,2.53852974109793E-29,1.));
#2337=DIRECTION('center_axis',(1.,-2.7755575615628E-17,1.14423774522212E-17));
#2338=DIRECTION('ref_axis',(-2.7755575615628E-17,-1.,2.53760529472462E-29));
#2339=DIRECTION('',(-2.7755575615628E-17,-1.,2.53852974109793E-29));
#2340=DIRECTION('',(-1.14423774522212E-17,2.53852974109793E-29,1.));
#2341=DIRECTION('',(-2.7755575615628E-17,-1.,2.53852974109793E-29));
#2342=DIRECTION('center_axis',(1.14423774522212E-17,-2.53852974109793E-29,
-1.));
#2343=DIRECTION('ref_axis',(-2.09212005125546E-14,1.,-2.56246856839976E-29));
#2344=DIRECTION('center_axis',(1.14423774522212E-17,-2.53852974109793E-29,
-1.));
#2345=DIRECTION('ref_axis',(-2.09212005125546E-14,1.,-2.56246856839976E-29));
#2346=DIRECTION('',(1.14423774522212E-17,-2.53852974109793E-29,-1.));
#2347=DIRECTION('center_axis',(-1.14423774522212E-17,2.53852974109793E-29,
1.));
#2348=DIRECTION('ref_axis',(-2.09212005125546E-14,1.,-2.56246856839976E-29));
#2349=DIRECTION('center_axis',(1.14423774522212E-17,-2.53852974109793E-29,
-1.));
#2350=DIRECTION('ref_axis',(0.707106781186552,-0.707106781186543,8.09098268937966E-18));
#2351=DIRECTION('center_axis',(-1.14423774522212E-17,2.53852974109793E-29,
1.));
#2352=DIRECTION('ref_axis',(0.707106781186552,-0.707106781186543,8.09098268937966E-18));
#2353=DIRECTION('center_axis',(1.14423774522212E-17,-2.53852974109793E-29,
-1.));
#2354=DIRECTION('ref_axis',(0.707106781186552,-0.707106781186543,8.09098268937966E-18));
#2355=DIRECTION('',(1.14423774522212E-17,-2.53852974109793E-29,-1.));
#2356=DIRECTION('center_axis',(-2.77555756156281E-17,-1.,2.53852974109793E-29));
#2357=DIRECTION('ref_axis',(-1.,2.77555756156281E-17,-1.14423774522212E-17));
#2358=DIRECTION('',(-1.14423774522212E-17,2.53852974109793E-29,1.));
#2359=DIRECTION('',(-1.,2.77555756156281E-17,-1.14423774522212E-17));
#2360=DIRECTION('',(1.14423774522212E-17,-2.53852974109793E-29,-1.));
#2361=DIRECTION('',(-1.,2.77555756156281E-17,-1.14423774522212E-17));
#2362=DIRECTION('center_axis',(-1.14423774522212E-17,2.53852974109793E-29,
1.));
#2363=DIRECTION('ref_axis',(0.353553390593269,-0.935414346693487,4.04549134470452E-18));
#2364=DIRECTION('center_axis',(1.14423774522212E-17,-2.53852974109793E-29,
-1.));
#2365=DIRECTION('ref_axis',(0.353553390593269,-0.935414346693487,4.04549134470452E-18));
#2366=DIRECTION('center_axis',(-1.14423774522212E-17,2.53852974109793E-29,
1.));
#2367=DIRECTION('ref_axis',(0.353553390593269,-0.935414346693487,4.04549134470452E-18));
#2368=DIRECTION('',(-1.14423774522212E-17,2.53852974109793E-29,1.));
#2369=DIRECTION('center_axis',(-1.14423774522212E-17,2.53852974109793E-29,
1.));
#2370=DIRECTION('ref_axis',(0.707106781186543,0.707106781186552,8.09098268934366E-18));
#2371=DIRECTION('center_axis',(-1.14423774522212E-17,2.53852974109793E-29,
1.));
#2372=DIRECTION('ref_axis',(-1.,2.77555756156281E-17,-1.14423774522212E-17));
#2373=DIRECTION('',(1.14423774522212E-17,-2.53852974109793E-29,-1.));
#2374=DIRECTION('center_axis',(1.14423774522212E-17,-2.53852974109793E-29,
-1.));
#2375=DIRECTION('ref_axis',(-1.,2.77555756156281E-17,-1.14423774522212E-17));
#2376=DIRECTION('center_axis',(1.14423774522212E-17,-2.53852974109793E-29,
-1.));
#2377=DIRECTION('ref_axis',(-0.935414346693474,0.353553390593303,-1.07033640290986E-17));
#2378=DIRECTION('center_axis',(-1.14423774522212E-17,2.53852974109793E-29,
1.));
#2379=DIRECTION('ref_axis',(-0.935414346693474,0.353553390593303,-1.07033640290986E-17));
#2380=DIRECTION('',(-1.14423774522212E-17,2.53852974109793E-29,1.));
#2381=DIRECTION('center_axis',(1.14423774522212E-17,-2.53852974109793E-29,
-1.));
#2382=DIRECTION('ref_axis',(-0.935414346693474,0.353553390593303,-1.07033640290986E-17));
#2383=DIRECTION('center_axis',(-1.,2.77555756156281E-17,-1.14423774522212E-17));
#2384=DIRECTION('ref_axis',(2.77555756156281E-17,1.,-2.53760529472462E-29));
#2385=DIRECTION('',(2.77555756156281E-17,1.,-2.53852974109793E-29));
#2386=DIRECTION('',(1.14423774522212E-17,-2.53852974109793E-29,-1.));
#2387=DIRECTION('',(2.77555756156281E-17,1.,-2.53852974109793E-29));
#2388=DIRECTION('center_axis',(-1.14423774522212E-17,2.53852974109793E-29,
1.));
#2389=DIRECTION('ref_axis',(-0.935414346693487,-0.35355339059327,-1.07033640290808E-17));
#2390=DIRECTION('center_axis',(1.14423774522212E-17,-2.53852974109793E-29,
-1.));
#2391=DIRECTION('ref_axis',(-0.935414346693487,-0.35355339059327,-1.07033640290808E-17));
#2392=DIRECTION('center_axis',(-1.14423774522212E-17,2.53852974109793E-29,
1.));
#2393=DIRECTION('ref_axis',(-0.935414346693487,-0.35355339059327,-1.07033640290808E-17));
#2394=DIRECTION('',(-1.14423774522212E-17,2.53852974109793E-29,1.));
#2395=DIRECTION('center_axis',(-1.14423774522212E-17,2.53852974109793E-29,
1.));
#2396=DIRECTION('ref_axis',(0.707106781186543,-0.707106781186552,8.09098268937956E-18));
#2397=DIRECTION('center_axis',(-1.14423774522212E-17,2.53852974109793E-29,
1.));
#2398=DIRECTION('ref_axis',(-1.,2.77555756156281E-17,-1.14423774522212E-17));
#2399=DIRECTION('',(1.14423774522212E-17,-2.53852974109793E-29,-1.));
#2400=DIRECTION('center_axis',(1.14423774522212E-17,-2.53852974109793E-29,
-1.));
#2401=DIRECTION('ref_axis',(-1.,2.77555756156281E-17,-1.14423774522212E-17));
#2402=DIRECTION('center_axis',(1.14423774522212E-17,-2.53852974109793E-29,
-1.));
#2403=DIRECTION('ref_axis',(0.353553390593269,0.935414346693487,4.04549134465703E-18));
#2404=DIRECTION('center_axis',(-1.14423774522212E-17,2.53852974109793E-29,
1.));
#2405=DIRECTION('ref_axis',(0.353553390593269,0.935414346693487,4.04549134465703E-18));
#2406=DIRECTION('',(-1.14423774522212E-17,2.53852974109793E-29,1.));
#2407=DIRECTION('center_axis',(1.14423774522212E-17,-2.53852974109793E-29,
-1.));
#2408=DIRECTION('ref_axis',(0.353553390593269,0.935414346693487,4.04549134465703E-18));
#2409=DIRECTION('center_axis',(2.77555756156281E-17,1.,-2.53852974109793E-29));
#2410=DIRECTION('ref_axis',(1.,-2.77555756156281E-17,1.14423774522212E-17));
#2411=DIRECTION('',(1.14423774522212E-17,-2.53852974109793E-29,-1.));
#2412=DIRECTION('',(1.,-2.77555756156281E-17,1.14423774522212E-17));
#2413=DIRECTION('',(1.,-2.77555756156281E-17,1.14423774522212E-17));
#2414=DIRECTION('center_axis',(-1.14423774522212E-17,2.53852974109793E-29,
1.));
#2415=DIRECTION('ref_axis',(-0.353553390593269,0.935414346693487,-4.04549134470452E-18));
#2416=DIRECTION('center_axis',(1.14423774522212E-17,-2.53852974109793E-29,
-1.));
#2417=DIRECTION('ref_axis',(-0.353553390593269,0.935414346693487,-4.04549134470452E-18));
#2418=DIRECTION('center_axis',(-1.14423774522212E-17,2.53852974109793E-29,
1.));
#2419=DIRECTION('ref_axis',(-0.353553390593269,0.935414346693487,-4.04549134470452E-18));
#2420=DIRECTION('',(-1.14423774522212E-17,2.53852974109793E-29,1.));
#2421=DIRECTION('center_axis',(-1.14423774522212E-17,2.53852974109793E-29,
1.));
#2422=DIRECTION('ref_axis',(-1.,2.77555756156281E-17,-1.14423774522212E-17));
#2423=DIRECTION('center_axis',(-1.14423774522212E-17,2.53852974109793E-29,
1.));
#2424=DIRECTION('ref_axis',(-1.,2.77555756156281E-17,-1.14423774522212E-17));
#2425=DIRECTION('',(1.14423774522212E-17,-2.53852974109793E-29,-1.));
#2426=DIRECTION('center_axis',(1.14423774522212E-17,-2.53852974109793E-29,
-1.));
#2427=DIRECTION('ref_axis',(-1.,2.77555756156281E-17,-1.14423774522212E-17));
#2428=DIRECTION('center_axis',(1.14423774522212E-17,-2.53852974109793E-29,
-1.));
#2429=DIRECTION('ref_axis',(0.935414346693487,-0.35355339059327,1.07033640290988E-17));
#2430=DIRECTION('center_axis',(-1.14423774522212E-17,2.53852974109793E-29,
1.));
#2431=DIRECTION('ref_axis',(0.935414346693487,-0.35355339059327,1.07033640290988E-17));
#2432=DIRECTION('',(-1.14423774522212E-17,2.53852974109793E-29,1.));
#2433=DIRECTION('center_axis',(1.14423774522212E-17,-2.53852974109793E-29,
-1.));
#2434=DIRECTION('ref_axis',(0.935414346693487,-0.35355339059327,1.07033640290988E-17));
#2435=DIRECTION('center_axis',(1.,-2.77555756156281E-17,1.14423774522212E-17));
#2436=DIRECTION('ref_axis',(-2.77555756156281E-17,-1.,2.53760529472462E-29));
#2437=DIRECTION('',(-2.77555756156281E-17,-1.,2.53852974109793E-29));
#2438=DIRECTION('',(1.14423774522212E-17,-2.53852974109793E-29,-1.));
#2439=DIRECTION('',(-2.77555756156281E-17,-1.,2.53852974109793E-29));
#2440=DIRECTION('center_axis',(-1.14423774522212E-17,2.53852974109793E-29,
1.));
#2441=DIRECTION('ref_axis',(0.935414346693487,0.35355339059327,1.07033640290808E-17));
#2442=DIRECTION('center_axis',(1.14423774522212E-17,-2.53852974109793E-29,
-1.));
#2443=DIRECTION('ref_axis',(0.935414346693487,0.35355339059327,1.07033640290808E-17));
#2444=DIRECTION('center_axis',(-1.14423774522212E-17,2.53852974109793E-29,
1.));
#2445=DIRECTION('ref_axis',(0.935414346693487,0.35355339059327,1.07033640290808E-17));
#2446=DIRECTION('',(-1.14423774522212E-17,2.53852974109793E-29,1.));
#2447=DIRECTION('center_axis',(-1.14423774522212E-17,2.53852974109793E-29,
1.));
#2448=DIRECTION('ref_axis',(-1.,2.77555756156281E-17,-1.14423774522212E-17));
#2449=DIRECTION('',(1.14423774522212E-17,-2.53852974109793E-29,-1.));
#2450=DIRECTION('center_axis',(1.14423774522212E-17,-2.53852974109793E-29,
-1.));
#2451=DIRECTION('ref_axis',(-1.,2.77555756156281E-17,-1.14423774522212E-17));
#2452=DIRECTION('center_axis',(-1.14423774522212E-17,2.53852974109793E-29,
1.));
#2453=DIRECTION('ref_axis',(-1.,2.77555756156281E-17,-1.14423774522212E-17));
#2454=DIRECTION('center_axis',(1.14423774522212E-17,-2.53852974109793E-29,
-1.));
#2455=DIRECTION('ref_axis',(-0.353553390593269,-0.935414346693487,-4.04549134465703E-18));
#2456=DIRECTION('center_axis',(-1.14423774522212E-17,2.53852974109793E-29,
1.));
#2457=DIRECTION('ref_axis',(-0.353553390593269,-0.935414346693487,-4.04549134465703E-18));
#2458=DIRECTION('center_axis',(1.14423774522212E-17,-2.53852974109793E-29,
-1.));
#2459=DIRECTION('ref_axis',(-0.353553390593269,-0.935414346693487,-4.04549134465703E-18));
#2460=DIRECTION('center_axis',(-1.14423774522212E-17,2.53852974109793E-29,
1.));
#2461=DIRECTION('ref_axis',(1.,2.10207804375648E-14,1.14423774522212E-17));
#2462=DIRECTION('center_axis',(-1.14423774522212E-17,2.53852974109793E-29,
1.));
#2463=DIRECTION('ref_axis',(1.,2.10207804375648E-14,1.14423774522212E-17));
#2464=DIRECTION('',(-1.14423774522212E-17,2.53852974109793E-29,1.));
#2465=DIRECTION('center_axis',(-1.14423774522212E-17,2.53852974109793E-29,
1.));
#2466=DIRECTION('ref_axis',(1.,2.10207804375648E-14,1.14423774522212E-17));
#2467=DIRECTION('center_axis',(-1.14423774522212E-17,2.53852974109793E-29,
1.));
#2468=DIRECTION('ref_axis',(0.707106781186133,-0.707106781186962,8.09098268937487E-18));
#2469=DIRECTION('',(1.14423774522212E-17,-2.53852974109793E-29,-1.));
#2470=DIRECTION('center_axis',(1.14423774522212E-17,-2.53852974109793E-29,
-1.));
#2471=DIRECTION('ref_axis',(0.707106781186133,-0.707106781186962,8.09098268937487E-18));
#2472=DIRECTION('',(1.14423774522212E-17,-2.53852974109793E-29,-1.));
#2473=DIRECTION('center_axis',(7.05235161672533E-15,1.38777878078392E-17,
1.));
#2474=DIRECTION('ref_axis',(0.707106781186133,-0.707106781186962,-4.97695257362867E-15));
#2475=DIRECTION('center_axis',(1.,-2.51398561547794E-13,1.14423774522212E-17));
#2476=DIRECTION('ref_axis',(2.51398561547794E-13,1.,-2.25025654702205E-29));
#2477=DIRECTION('',(-2.51398561547794E-13,-1.,2.2507187702087E-29));
#2478=DIRECTION('',(1.14423774522212E-17,-2.53852974109793E-29,-1.));
#2479=DIRECTION('',(2.51398561547794E-13,1.,-1.38777878096121E-17));
#2480=DIRECTION('center_axis',(-1.14423774522212E-17,2.53852974109793E-29,
1.));
#2481=DIRECTION('ref_axis',(0.866025403785181,0.499999999998714,9.90938955330962E-18));
#2482=DIRECTION('center_axis',(1.14423774522212E-17,-2.53852974109793E-29,
-1.));
#2483=DIRECTION('ref_axis',(0.866025403785181,0.499999999998714,9.90938955330962E-18));
#2484=DIRECTION('',(1.14423774522212E-17,-2.53852974109793E-29,-1.));
#2485=DIRECTION('center_axis',(7.05235161672533E-15,1.38777878078392E-17,
1.));
#2486=DIRECTION('ref_axis',(0.866025403785181,0.499999999998714,-6.11445455041353E-15));
#2487=DIRECTION('center_axis',(-1.14423774522212E-17,2.53852974109793E-29,
1.));
#2488=DIRECTION('ref_axis',(-2.54289888438557E-12,-1.,-3.71151144699259E-30));
#2489=DIRECTION('center_axis',(-1.14423774522212E-17,2.53852974109793E-29,
1.));
#2490=DIRECTION('ref_axis',(-2.54289888438557E-12,-1.,-3.71151144699259E-30));
#2491=DIRECTION('',(1.14423774522212E-17,-2.53852974109793E-29,-1.));
#2492=DIRECTION('center_axis',(-7.05235161672533E-15,-1.38777878078392E-17,
-1.));
#2493=DIRECTION('ref_axis',(-2.54289888438557E-12,-1.,1.38777878257726E-17));
#2494=DIRECTION('center_axis',(-5.04164083846354E-12,-1.,-3.23063192591292E-29));
#2495=DIRECTION('ref_axis',(1.,-5.04164083846354E-12,1.14423774522212E-17));
#2496=DIRECTION('',(-1.,5.04164083846354E-12,-1.14423774522212E-17));
#2497=DIRECTION('',(1.14423774522212E-17,-2.53852974109793E-29,-1.));
#2498=DIRECTION('',(1.,-5.04164083846354E-12,-7.05235161672526E-15));
#2499=DIRECTION('center_axis',(-1.14423774522212E-17,2.53852974109793E-29,
1.));
#2500=DIRECTION('ref_axis',(5.02979845951222E-12,1.,3.21675550713602E-29));
#2501=DIRECTION('center_axis',(-1.14423774522212E-17,2.53852974109793E-29,
1.));
#2502=DIRECTION('ref_axis',(5.02979845951222E-12,1.,3.21675550713602E-29));
#2503=DIRECTION('',(1.14423774522212E-17,-2.53852974109793E-29,-1.));
#2504=DIRECTION('center_axis',(-7.05235161672533E-15,-1.38777878078392E-17,
-1.));
#2505=DIRECTION('ref_axis',(5.02979845951222E-12,1.,-1.38777878433111E-17));
#2506=DIRECTION('center_axis',(-1.14423774522212E-17,2.53852974109793E-29,
1.));
#2507=DIRECTION('ref_axis',(-0.866025403783935,0.500000000000872,-9.90938955332075E-18));
#2508=DIRECTION('center_axis',(1.14423774522212E-17,-2.53852974109793E-29,
-1.));
#2509=DIRECTION('ref_axis',(-0.866025403783935,0.500000000000872,-9.90938955332075E-18));
#2510=DIRECTION('',(1.14423774522212E-17,-2.53852974109793E-29,-1.));
#2511=DIRECTION('center_axis',(7.05235161672533E-15,1.38777878078392E-17,
1.));
#2512=DIRECTION('ref_axis',(-0.866025403783935,0.500000000000872,6.10057676259691E-15));
#2513=DIRECTION('center_axis',(-1.,1.09290014396893E-13,-1.14423774522212E-17));
#2514=DIRECTION('ref_axis',(-1.09290014396893E-13,-1.,2.41280503432833E-29));
#2515=DIRECTION('',(1.09290014396893E-13,1.,-2.41342133191053E-29));
#2516=DIRECTION('',(1.14423774522212E-17,-2.53852974109793E-29,-1.));
#2517=DIRECTION('',(-1.09290014396893E-13,-1.,1.38777878086099E-17));
#2518=DIRECTION('center_axis',(-1.14423774522212E-17,2.53852974109793E-29,
1.));
#2519=DIRECTION('ref_axis',(-0.707106781186887,-0.707106781186209,-8.09098268934759E-18));
#2520=DIRECTION('center_axis',(1.14423774522212E-17,-2.53852974109793E-29,
-1.));
#2521=DIRECTION('ref_axis',(-0.707106781186887,-0.707106781186209,-8.09098268934759E-18));
#2522=DIRECTION('',(1.14423774522212E-17,-2.53852974109793E-29,-1.));
#2523=DIRECTION('center_axis',(7.05235161672533E-15,1.38777878078392E-17,
1.));
#2524=DIRECTION('ref_axis',(-0.707106781186887,-0.707106781186209,4.99657872936757E-15));
#2525=DIRECTION('center_axis',(-8.84965834269433E-13,-1.,1.52595281353689E-29));
#2526=DIRECTION('ref_axis',(1.,-8.84965834269433E-13,1.14423774522212E-17));
#2527=DIRECTION('',(-1.,8.84965834269433E-13,-1.14423774522212E-17));
#2528=DIRECTION('',(1.14423774522212E-17,-2.53852974109793E-29,-1.));
#2529=DIRECTION('',(1.,-8.84965834269433E-13,-7.05235161672532E-15));
#2530=DIRECTION('center_axis',(-1.14423774522212E-17,2.53852974109793E-29,
1.));
#2531=DIRECTION('ref_axis',(1.,-5.59993092148859E-14,1.14423774522212E-17));
#2532=DIRECTION('center_axis',(1.14423774522212E-17,-2.53852974109793E-29,
-1.));
#2533=DIRECTION('ref_axis',(1.,-5.59993092148859E-14,1.14423774522212E-17));
#2534=DIRECTION('',(1.14423774522212E-17,-2.53852974109793E-29,-1.));
#2535=DIRECTION('center_axis',(7.05235161672533E-15,1.38777878078392E-17,
1.));
#2536=DIRECTION('ref_axis',(1.,-5.59993092148859E-14,-7.05235161672533E-15));
#2537=DIRECTION('center_axis',(1.,2.27562448524845E-15,1.14423774522212E-17));
#2538=DIRECTION('ref_axis',(-2.27562448524845E-15,1.,-2.5414571546134E-29));
#2539=DIRECTION('',(2.27562448524845E-15,-1.,2.54037863384454E-29));
#2540=DIRECTION('',(1.14423774522212E-17,-2.53852974109793E-29,-1.));
#2541=DIRECTION('',(-2.27562448524845E-15,1.,-5.04008162726362E-29));
#2542=DIRECTION('center_axis',(-1.14423774522212E-17,2.53852974109793E-29,
1.));
#2543=DIRECTION('ref_axis',(-5.05821011491276E-14,1.,-2.5964076904654E-29));
#2544=DIRECTION('center_axis',(1.14423774522212E-17,-2.53852974109793E-29,
-1.));
#2545=DIRECTION('ref_axis',(-5.05821011491276E-14,1.,-2.5964076904654E-29));
#2546=DIRECTION('',(1.14423774522212E-17,-2.53852974109793E-29,-1.));
#2547=DIRECTION('center_axis',(7.05235161672533E-15,1.38777878078392E-17,
1.));
#2548=DIRECTION('ref_axis',(-5.05821011491276E-14,1.,-1.38777878074825E-17));
#2549=DIRECTION('center_axis',(-9.32335349985821E-13,-1.,1.47171862630295E-29));
#2550=DIRECTION('ref_axis',(1.,-9.32335349985821E-13,1.14423774522212E-17));
#2551=DIRECTION('',(-1.14423774522212E-17,2.53852974109793E-29,1.));
#2552=DIRECTION('',(-1.,9.32335349985821E-13,-1.14423774522212E-17));
#2553=DIRECTION('',(1.,-9.32335349985821E-13,-7.05235161672532E-15));
#2554=DIRECTION('center_axis',(-1.14423774522212E-17,2.53852974109793E-29,
1.));
#2555=DIRECTION('ref_axis',(-9.08650592127027E-13,-1.,1.49881743636776E-29));
#2556=DIRECTION('',(-1.14423774522212E-17,2.53852974109793E-29,1.));
#2557=DIRECTION('center_axis',(1.14423774522212E-17,-2.53852974109793E-29,
-1.));
#2558=DIRECTION('ref_axis',(-9.08650592127027E-13,-1.,1.49881743636776E-29));
#2559=DIRECTION('center_axis',(7.05235161672533E-15,1.38777878078392E-17,
1.));
#2560=DIRECTION('ref_axis',(-9.08650592127027E-13,-1.,1.38777878142473E-17));
#2561=DIRECTION('center_axis',(-1.,-2.27562448524846E-15,-1.14423774522212E-17));
#2562=DIRECTION('ref_axis',(2.27562448524846E-15,-1.,2.5414571546134E-29));
#2563=DIRECTION('',(-1.14423774522212E-17,2.53852974109793E-29,1.));
#2564=DIRECTION('',(-2.27562448524846E-15,1.,-2.54037863384454E-29));
#2565=DIRECTION('',(2.27562448524846E-15,-1.,5.04008162726362E-29));
#2566=DIRECTION('center_axis',(-1.14423774522212E-17,2.53852974109793E-29,
1.));
#2567=DIRECTION('ref_axis',(-1.,9.15264460028904E-14,-1.14423774522212E-17));
#2568=DIRECTION('',(-1.14423774522212E-17,2.53852974109793E-29,1.));
#2569=DIRECTION('center_axis',(1.14423774522212E-17,-2.53852974109793E-29,
-1.));
#2570=DIRECTION('ref_axis',(-1.,9.15264460028904E-14,-1.14423774522212E-17));
#2571=DIRECTION('center_axis',(7.05235161672533E-15,1.38777878078392E-17,
1.));
#2572=DIRECTION('ref_axis',(-1.,9.15264460028904E-14,7.05235161672533E-15));
#2573=DIRECTION('center_axis',(1.98107856366775E-13,1.,-2.31173223084689E-29));
#2574=DIRECTION('ref_axis',(-1.,1.98107856366775E-13,-1.14423774522212E-17));
#2575=DIRECTION('',(-1.14423774522212E-17,2.53852974109793E-29,1.));
#2576=DIRECTION('',(1.,-1.98107856366775E-13,1.14423774522212E-17));
#2577=DIRECTION('',(-1.,1.98107856366775E-13,7.05235161672533E-15));
#2578=DIRECTION('center_axis',(-1.14423774522212E-17,2.53852974109793E-29,
1.));
#2579=DIRECTION('ref_axis',(1.,1.50549643611231E-14,1.14423774522212E-17));
#2580=DIRECTION('',(-1.14423774522212E-17,2.53852974109793E-29,1.));
#2581=DIRECTION('center_axis',(-1.14423774522212E-17,2.53852974109793E-29,
1.));
#2582=DIRECTION('ref_axis',(1.,1.50549643611231E-14,1.14423774522212E-17));
#2583=DIRECTION('center_axis',(-7.05235161672533E-15,-1.38777878078392E-17,
-1.));
#2584=DIRECTION('ref_axis',(1.,1.50549643611231E-14,-7.05235161672533E-15));
#2585=DIRECTION('center_axis',(-1.14423774522212E-17,2.53852974109793E-29,
1.));
#2586=DIRECTION('ref_axis',(1.50549643611231E-14,-1.,2.5557561995729E-29));
#2587=DIRECTION('',(-1.14423774522212E-17,2.53852974109793E-29,1.));
#2588=DIRECTION('center_axis',(-1.14423774522212E-17,2.53852974109793E-29,
1.));
#2589=DIRECTION('ref_axis',(1.50549643611231E-14,-1.,2.5557561995729E-29));
#2590=DIRECTION('',(-1.14423774522212E-17,2.53852974109793E-29,1.));
#2591=DIRECTION('center_axis',(-7.05235161672533E-15,-1.38777878078392E-17,
-1.));
#2592=DIRECTION('ref_axis',(1.50549643611231E-14,-1.,1.3877787807733E-17));
#2593=DIRECTION('center_axis',(-1.50549643611231E-14,1.,-2.55578607339964E-29));
#2594=DIRECTION('ref_axis',(-1.,-1.50549643611231E-14,-1.14423774522212E-17));
#2595=DIRECTION('',(1.,1.50549643611231E-14,1.14423774522212E-17));
#2596=DIRECTION('',(-1.,-1.50549643611231E-14,7.05235161672533E-15));
#2597=DIRECTION('center_axis',(-1.14423774522212E-17,2.53852974109793E-29,
1.));
#2598=DIRECTION('ref_axis',(-1.01401290567986E-8,1.,-1.16052569379536E-25));
#2599=DIRECTION('',(-1.14423774522212E-17,2.53852974109793E-29,1.));
#2600=DIRECTION('center_axis',(-1.14423774522212E-17,2.53852974109793E-29,
1.));
#2601=DIRECTION('ref_axis',(-0.655737704918935,-0.754988782928361,-7.50319832931654E-18));
#2602=DIRECTION('',(1.14423774522212E-17,-2.53852974109793E-29,-1.));
#2603=DIRECTION('center_axis',(-1.14423774522212E-17,2.53852974109793E-29,
1.));
#2604=DIRECTION('ref_axis',(-0.655737704918935,-0.754988782928361,-7.50319832931654E-18));
#2605=DIRECTION('center_axis',(1.,-7.61673045000196E-14,1.14423774522212E-17));
#2606=DIRECTION('ref_axis',(7.61673045000196E-14,1.,-2.45132363321607E-29));
#2607=DIRECTION('',(-1.14423774522212E-17,2.53852974109793E-29,1.));
#2608=DIRECTION('',(7.61673045000196E-14,1.,-1.38777878083763E-17));
#2609=DIRECTION('',(-7.61673045000196E-14,-1.,2.45163178200718E-29));
#2610=DIRECTION('center_axis',(1.14423774522212E-17,-2.53852974109793E-29,
-1.));
#2611=DIRECTION('ref_axis',(-0.884132416572703,0.467236417635989,-1.01165768281812E-17));
#2612=DIRECTION('center_axis',(-1.14423774522212E-17,2.53852974109793E-29,
1.));
#2613=DIRECTION('ref_axis',(-0.884132416572703,0.467236417635989,-1.01165768281812E-17));
#2614=DIRECTION('center_axis',(1.14423774522212E-17,-2.53852974109793E-29,
-1.));
#2615=DIRECTION('ref_axis',(-0.884132416572703,0.467236417635989,-1.01165768281812E-17));
#2616=DIRECTION('center_axis',(-1.,-1.50549643611231E-14,-1.14423774522212E-17));
#2617=DIRECTION('ref_axis',(1.50549643611231E-14,-1.,2.55609422219074E-29));
#2618=DIRECTION('',(1.14423774522212E-17,-2.53852974109793E-29,-1.));
#2619=DIRECTION('',(-1.50549643611231E-14,1.,-2.55578607339964E-29));
#2620=DIRECTION('',(1.50549643611231E-14,-1.,1.3877787807733E-17));
#2621=DIRECTION('center_axis',(1.14423774522212E-17,-2.53852974109793E-29,
-1.));
#2622=DIRECTION('ref_axis',(0.884132411834883,0.467236426601172,1.01165767739456E-17));
#2623=DIRECTION('center_axis',(-1.14423774522212E-17,2.53852974109793E-29,
1.));
#2624=DIRECTION('ref_axis',(0.884132411834883,0.467236426601172,1.01165767739456E-17));
#2625=DIRECTION('center_axis',(1.14423774522212E-17,-2.53852974109793E-29,
-1.));
#2626=DIRECTION('ref_axis',(0.884132411834883,0.467236426601172,1.01165767739456E-17));
#2627=DIRECTION('center_axis',(1.14423774522212E-17,-2.53852974109793E-29,
-1.));
#2628=DIRECTION('ref_axis',(-0.382683432365019,0.923879532511316,-4.37880827785556E-18));
#2629=DIRECTION('center_axis',(-1.14423774522212E-17,2.53852974109793E-29,
1.));
#2630=DIRECTION('ref_axis',(-0.382683432365019,0.923879532511316,-4.37880827785556E-18));
#2631=DIRECTION('',(1.14423774522212E-17,-2.53852974109793E-29,-1.));
#2632=DIRECTION('center_axis',(1.14423774522212E-17,-2.53852974109793E-29,
-1.));
#2633=DIRECTION('ref_axis',(-0.382683432365019,0.923879532511316,-4.37880827785556E-18));
#2634=DIRECTION('',(-1.14423774522212E-17,2.53852974109793E-29,1.));
#2635=DIRECTION('center_axis',(0.70710678118644,-0.707106781186655,8.09098268937838E-18));
#2636=DIRECTION('ref_axis',(-0.707106781186655,-0.70710678118644,-8.09098268934497E-18));
#2637=DIRECTION('',(-1.14423774522212E-17,2.53852974109793E-29,1.));
#2638=DIRECTION('',(-0.707106781186655,-0.70710678118644,-8.09098268934495E-18));
#2639=DIRECTION('',(-0.707106781186655,-0.70710678118644,-8.09098268934495E-18));
#2640=DIRECTION('center_axis',(1.14423774522212E-17,-2.53852974109793E-29,
-1.));
#2641=DIRECTION('ref_axis',(0.382683432365014,-0.923879532511318,4.37880827785551E-18));
#2642=DIRECTION('center_axis',(-1.14423774522212E-17,2.53852974109793E-29,
1.));
#2643=DIRECTION('ref_axis',(0.382683432365014,-0.923879532511318,4.37880827785551E-18));
#2644=DIRECTION('center_axis',(1.14423774522212E-17,-2.53852974109793E-29,
-1.));
#2645=DIRECTION('ref_axis',(0.382683432365014,-0.923879532511318,4.37880827785551E-18));
#2646=DIRECTION('',(1.14423774522212E-17,-2.53852974109793E-29,-1.));
#2647=DIRECTION('center_axis',(-2.77555756156281E-17,-1.,2.53852974109793E-29));
#2648=DIRECTION('ref_axis',(-1.,2.77555756156281E-17,-1.14423774522212E-17));
#2649=DIRECTION('',(-1.,2.77555756156281E-17,-1.14423774522212E-17));
#2650=DIRECTION('',(-1.14423774522212E-17,2.53852974109793E-29,1.));
#2651=DIRECTION('',(-1.,2.77555756156281E-17,-1.14423774522212E-17));
#2652=DIRECTION('center_axis',(1.14423774522212E-17,-2.53852974109793E-29,
-1.));
#2653=DIRECTION('ref_axis',(-0.382683432365084,0.923879532511289,-4.37880827785631E-18));
#2654=DIRECTION('center_axis',(-1.14423774522212E-17,2.53852974109793E-29,
1.));
#2655=DIRECTION('ref_axis',(-0.382683432365084,0.923879532511289,-4.37880827785631E-18));
#2656=DIRECTION('',(1.14423774522212E-17,-2.53852974109793E-29,-1.));
#2657=DIRECTION('center_axis',(1.14423774522212E-17,-2.53852974109793E-29,
-1.));
#2658=DIRECTION('ref_axis',(-0.382683432365084,0.923879532511289,-4.37880827785631E-18));
#2659=DIRECTION('center_axis',(0.707106781186538,-0.707106781186557,8.09098268937951E-18));
#2660=DIRECTION('ref_axis',(-0.707106781186557,-0.707106781186538,-8.09098268934383E-18));
#2661=DIRECTION('',(-1.14423774522212E-17,2.53852974109793E-29,1.));
#2662=DIRECTION('',(-0.707106781186557,-0.707106781186538,-8.09098268934383E-18));
#2663=DIRECTION('',(-0.707106781186557,-0.707106781186538,-8.09098268934383E-18));
#2664=DIRECTION('center_axis',(1.14423774522212E-17,-2.53852974109793E-29,
-1.));
#2665=DIRECTION('ref_axis',(0.382683432365089,-0.923879532511287,4.37880827785637E-18));
#2666=DIRECTION('center_axis',(-1.14423774522212E-17,2.53852974109793E-29,
1.));
#2667=DIRECTION('ref_axis',(0.382683432365089,-0.923879532511287,4.37880827785637E-18));
#2668=DIRECTION('center_axis',(1.14423774522212E-17,-2.53852974109793E-29,
-1.));
#2669=DIRECTION('ref_axis',(0.382683432365089,-0.923879532511287,4.37880827785637E-18));
#2670=DIRECTION('',(1.14423774522212E-17,-2.53852974109793E-29,-1.));
#2671=DIRECTION('center_axis',(-1.14423774522212E-17,2.53852974109793E-29,
1.));
#2672=DIRECTION('ref_axis',(-1.,2.77555756156281E-17,-1.14423774522212E-17));
#2673=DIRECTION('center_axis',(-1.14423774522212E-17,2.53852974109793E-29,
1.));
#2674=DIRECTION('ref_axis',(-1.,2.77555756156281E-17,-1.14423774522212E-17));
#2675=DIRECTION('',(-1.14423774522212E-17,2.53852974109793E-29,1.));
#2676=DIRECTION('center_axis',(1.14423774522212E-17,-2.53852974109793E-29,
-1.));
#2677=DIRECTION('ref_axis',(-1.,2.77555756156281E-17,-1.14423774522212E-17));
#2678=DIRECTION('center_axis',(1.14423774522212E-17,-2.53852974109793E-29,
-1.));
#2679=DIRECTION('ref_axis',(-1.,2.77555756156281E-17,-1.14423774522212E-17));
#2680=DIRECTION('center_axis',(1.14423774522212E-17,-2.53852974109793E-29,
-1.));
#2681=DIRECTION('ref_axis',(-1.,2.77555756156281E-17,-1.14423774522212E-17));
#2682=DIRECTION('',(1.14423774522212E-17,-2.53852974109793E-29,-1.));
#2683=DIRECTION('center_axis',(1.14423774522212E-17,-2.53852974109793E-29,
-1.));
#2684=DIRECTION('ref_axis',(-1.,2.77555756156281E-17,-1.14423774522212E-17));
#2685=DIRECTION('center_axis',(1.14423774522212E-17,-2.53852974109793E-29,
-1.));
#2686=DIRECTION('ref_axis',(-1.,2.77555756156281E-17,-1.14423774522212E-17));
#2687=DIRECTION('center_axis',(1.14423774522212E-17,-2.53852974109793E-29,
-1.));
#2688=DIRECTION('ref_axis',(-1.,2.77555756156281E-17,-1.14423774522212E-17));
#2689=DIRECTION('',(1.14423774522212E-17,-2.53852974109793E-29,-1.));
#2690=DIRECTION('center_axis',(-1.14423774522212E-17,2.53852974109793E-29,
1.));
#2691=DIRECTION('ref_axis',(-1.,2.77555756156281E-17,-1.14423774522212E-17));
#2692=DIRECTION('center_axis',(1.14423774522212E-17,-2.53852974109793E-29,
-1.));
#2693=DIRECTION('ref_axis',(-1.,2.77555756156281E-17,-1.14423774522212E-17));
#2694=DIRECTION('center_axis',(1.14423774522212E-17,-2.53852974109793E-29,
-1.));
#2695=DIRECTION('ref_axis',(-1.,2.77555756156281E-17,-1.14423774522212E-17));
#2696=DIRECTION('',(1.14423774522212E-17,-2.53852974109793E-29,-1.));
#2697=DIRECTION('center_axis',(-1.14423774522212E-17,2.53852974109793E-29,
1.));
#2698=DIRECTION('ref_axis',(-1.,2.77555756156281E-17,-1.14423774522212E-17));
#2699=DIRECTION('center_axis',(1.14423774522212E-17,-2.53852974109793E-29,
-1.));
#2700=DIRECTION('ref_axis',(-1.,2.77555756156281E-17,-1.14423774522212E-17));
#2701=DIRECTION('center_axis',(1.14423774522212E-17,-2.53852974109793E-29,
-1.));
#2702=DIRECTION('ref_axis',(-1.,2.77555756156281E-17,-1.14423774522212E-17));
#2703=DIRECTION('',(1.14423774522212E-17,-2.53852974109793E-29,-1.));
#2704=DIRECTION('center_axis',(-1.14423774522212E-17,2.53852974109793E-29,
1.));
#2705=DIRECTION('ref_axis',(-1.,2.77555756156281E-17,-1.14423774522212E-17));
#2706=DIRECTION('center_axis',(1.14423774522212E-17,-2.53852974109793E-29,
-1.));
#2707=DIRECTION('ref_axis',(-1.,2.77555756156281E-17,-1.14423774522212E-17));
#2708=DIRECTION('center_axis',(1.14423774522212E-17,-2.53852974109793E-29,
-1.));
#2709=DIRECTION('ref_axis',(-1.,2.77555756156281E-17,-1.14423774522212E-17));
#2710=DIRECTION('',(1.14423774522212E-17,-2.53852974109793E-29,-1.));
#2711=DIRECTION('center_axis',(-1.14423774522212E-17,2.53852974109793E-29,
1.));
#2712=DIRECTION('ref_axis',(-1.,2.77555756156281E-17,-1.14423774522212E-17));
#2713=DIRECTION('center_axis',(1.14423774522212E-17,-2.53852974109793E-29,
-1.));
#2714=DIRECTION('ref_axis',(-1.,2.77555756156281E-17,-1.14423774522212E-17));
#2715=DIRECTION('center_axis',(1.14423774522212E-17,-2.53852974109793E-29,
-1.));
#2716=DIRECTION('ref_axis',(-1.,2.77555756156281E-17,-1.14423774522212E-17));
#2717=DIRECTION('',(1.14423774522212E-17,-2.53852974109793E-29,-1.));
#2718=DIRECTION('center_axis',(-1.14423774522212E-17,2.53852974109793E-29,
1.));
#2719=DIRECTION('ref_axis',(-1.,2.77555756156281E-17,-1.14423774522212E-17));
#2720=DIRECTION('center_axis',(2.77555756156281E-17,1.,-2.53852974109793E-29));
#2721=DIRECTION('ref_axis',(1.,-2.77555756156281E-17,1.14423774522212E-17));
#2722=DIRECTION('',(1.14423774522212E-17,-2.53852974109793E-29,-1.));
#2723=DIRECTION('',(-1.,2.77555756156281E-17,-1.14423774522212E-17));
#2724=DIRECTION('',(1.14423774522212E-17,-2.53852974109793E-29,-1.));
#2725=DIRECTION('',(1.,-2.77555756156281E-17,1.14423774522212E-17));
#2726=DIRECTION('center_axis',(-1.,-8.10148593912793E-16,-1.14423774522212E-17));
#2727=DIRECTION('ref_axis',(-8.10148593912793E-16,1.,-2.53837566670238E-29));
#2728=DIRECTION('',(8.10148593912793E-16,-1.,2.53976233626234E-29));
#2729=DIRECTION('',(1.14423774522212E-17,-2.53852974109793E-29,-1.));
#2730=DIRECTION('',(-8.10148593912793E-16,1.,-2.53976233626234E-29));
#2731=DIRECTION('center_axis',(-2.77555756156281E-17,-1.,2.53852974109793E-29));
#2732=DIRECTION('ref_axis',(-1.,2.77555756156281E-17,-1.14423774522212E-17));
#2733=DIRECTION('',(-1.14423774522212E-17,2.53852974109793E-29,1.));
#2734=DIRECTION('',(-1.,2.77555756156281E-17,-1.14423774522212E-17));
#2735=DIRECTION('',(1.,-2.77555756156281E-17,1.14423774522212E-17));
#2736=DIRECTION('center_axis',(1.14423774522212E-17,-2.53852974109793E-29,
-1.));
#2737=DIRECTION('ref_axis',(-0.707106781186546,0.707106781186549,-8.0909826893796E-18));
#2738=DIRECTION('center_axis',(-1.14423774522212E-17,2.53852974109793E-29,
1.));
#2739=DIRECTION('ref_axis',(-0.707106781186546,0.707106781186549,-8.0909826893796E-18));
#2740=DIRECTION('',(1.14423774522212E-17,-2.53852974109793E-29,-1.));
#2741=DIRECTION('center_axis',(1.14423774522212E-17,-2.53852974109793E-29,
-1.));
#2742=DIRECTION('ref_axis',(-0.707106781186546,0.707106781186549,-8.0909826893796E-18));
#2743=DIRECTION('center_axis',(1.,-2.77555756156281E-17,1.14423774522212E-17));
#2744=DIRECTION('ref_axis',(-2.77555756156281E-17,-1.,2.53760529472462E-29));
#2745=DIRECTION('',(-1.14423774522212E-17,2.53852974109793E-29,1.));
#2746=DIRECTION('',(-2.77555756156281E-17,-1.,2.53852974109793E-29));
#2747=DIRECTION('',(2.77555756156281E-17,1.,-2.53852974109793E-29));
#2748=DIRECTION('center_axis',(1.14423774522212E-17,-2.53852974109793E-29,
-1.));
#2749=DIRECTION('ref_axis',(-0.707106781186547,-0.707106781186547,-8.09098268934371E-18));
#2750=DIRECTION('center_axis',(-1.14423774522212E-17,2.53852974109793E-29,
1.));
#2751=DIRECTION('ref_axis',(-0.707106781186547,-0.707106781186547,-8.09098268934371E-18));
#2752=DIRECTION('center_axis',(1.14423774522212E-17,-2.53852974109793E-29,
-1.));
#2753=DIRECTION('ref_axis',(-0.707106781186547,-0.707106781186547,-8.09098268934371E-18));
#2754=DIRECTION('center_axis',(1.14423774522212E-17,-2.53852974109793E-29,
-1.));
#2755=DIRECTION('ref_axis',(-1.,2.77555756156281E-17,-1.14423774522212E-17));
#2756=DIRECTION('center_axis',(1.14423774522212E-17,-2.53852974109793E-29,
-1.));
#2757=DIRECTION('ref_axis',(-1.,2.77555756156281E-17,-1.14423774522212E-17));
#2758=DIRECTION('',(1.14423774522212E-17,-2.53852974109793E-29,-1.));
#2759=DIRECTION('center_axis',(-1.14423774522212E-17,2.53852974109793E-29,
1.));
#2760=DIRECTION('ref_axis',(-1.,2.77555756156281E-17,-1.14423774522212E-17));
#2761=DIRECTION('center_axis',(1.14423774522212E-17,-2.53852974109793E-29,
-1.));
#2762=DIRECTION('ref_axis',(-1.,2.77555756156281E-17,-1.14423774522212E-17));
#2763=DIRECTION('center_axis',(1.14423774522212E-17,-2.53852974109793E-29,
-1.));
#2764=DIRECTION('ref_axis',(-1.,2.77555756156281E-17,-1.14423774522212E-17));
#2765=DIRECTION('',(1.14423774522212E-17,-2.53852974109793E-29,-1.));
#2766=DIRECTION('center_axis',(-1.14423774522212E-17,2.53852974109793E-29,
1.));
#2767=DIRECTION('ref_axis',(-1.,2.77555756156281E-17,-1.14423774522212E-17));
#2768=DIRECTION('center_axis',(-2.77555756156281E-17,-1.,2.53852974109793E-29));
#2769=DIRECTION('ref_axis',(-1.,2.77555756156281E-17,-1.14423774522212E-17));
#2770=DIRECTION('',(-1.,2.77555756156281E-17,-1.14423774522212E-17));
#2771=DIRECTION('',(-1.,2.77555756156281E-17,-1.14423774522212E-17));
#2772=DIRECTION('center_axis',(1.,5.12576555274414E-12,6.89911982697646E-16));
#2773=DIRECTION('ref_axis',(-5.12576555274414E-12,1.,6.3201561619702E-16));
#2774=DIRECTION('',(5.12576555274415E-12,-1.,8.4044501285148E-29));
#2775=DIRECTION('',(-6.89911982697646E-16,1.74843624071251E-29,1.));
#2776=DIRECTION('',(-5.12576555274415E-12,1.,-8.4044501285148E-29));
#2777=DIRECTION('',(-6.89911982697646E-16,1.74843624071251E-29,1.));
#2778=DIRECTION('center_axis',(1.,1.01646006426643E-12,6.89911982697646E-16));
#2779=DIRECTION('ref_axis',(-1.01646006426643E-12,1.,1.37216429928284E-15));
#2780=DIRECTION('',(6.89911982697646E-16,-1.74905253829471E-29,-1.));
#2781=DIRECTION('',(1.01646006426643E-12,-1.,3.70086698113451E-29));
#2782=DIRECTION('',(-6.89911982697646E-16,1.74843624071251E-29,1.));
#2783=DIRECTION('',(-1.01646006426643E-12,1.,-3.70086698113451E-29));
#2784=DIRECTION('center_axis',(-6.89911982697646E-16,1.74843624071251E-29,
1.));
#2785=DIRECTION('ref_axis',(1.,9.92775306407642E-13,6.89911982697646E-16));
#2786=DIRECTION('center_axis',(1.14423774522212E-17,-2.53852974109793E-29,
-1.));
#2787=DIRECTION('ref_axis',(1.,9.92775306407642E-13,1.14423774522212E-17));
#2788=DIRECTION('',(-6.89911982697646E-16,1.74843624071251E-29,1.));
#2789=DIRECTION('center_axis',(-1.14423774522212E-17,2.53852974109793E-29,
1.));
#2790=DIRECTION('ref_axis',(1.,9.92775306407642E-13,1.14423774522212E-17));
#2791=DIRECTION('center_axis',(-1.60425244516966E-13,1.,-1.2817757114677E-28));
#2792=DIRECTION('ref_axis',(-1.,-1.60425244516966E-13,-7.12866258576447E-16));
#2793=DIRECTION('',(1.,1.60425244516966E-13,1.14423774522212E-17));
#2794=DIRECTION('',(-6.89911982697646E-16,1.74843624071251E-29,1.));
#2795=DIRECTION('',(-1.,-1.60425244516966E-13,-1.14423774522212E-17));
#2796=DIRECTION('center_axis',(-6.89911982697646E-16,1.74843624071251E-29,
1.));
#2797=DIRECTION('ref_axis',(-1.75651160283506E-13,1.,-1.38668202661461E-28));
#2798=DIRECTION('center_axis',(1.14423774522212E-17,-2.53852974109793E-29,
-1.));
#2799=DIRECTION('ref_axis',(-1.75651160283506E-13,1.,-2.73951642868638E-29));
#2800=DIRECTION('',(-6.89911982697646E-16,1.74843624071251E-29,1.));
#2801=DIRECTION('center_axis',(-1.14423774522212E-17,2.53852974109793E-29,
1.));
#2802=DIRECTION('ref_axis',(-1.75651160283506E-13,1.,-2.73951642868638E-29));
#2803=DIRECTION('center_axis',(-1.,-6.90697499194926E-14,-6.89911982697646E-16));
#2804=DIRECTION('ref_axis',(6.90697499194926E-14,-1.,1.93519988271272E-14));
#2805=DIRECTION('',(-6.90697499194926E-14,1.,-2.61741583162003E-29));
#2806=DIRECTION('',(-6.89911982697646E-16,1.74843624071251E-29,1.));
#2807=DIRECTION('',(6.90697499194926E-14,-1.,2.61741583162003E-29));
#2808=DIRECTION('center_axis',(-6.89911982697646E-16,1.74843624071251E-29,
1.));
#2809=DIRECTION('ref_axis',(-1.,-3.35426131314881E-14,-6.89911982697646E-16));
#2810=DIRECTION('center_axis',(1.14423774522212E-17,-2.53852974109793E-29,
-1.));
#2811=DIRECTION('ref_axis',(-1.,-3.35426131314881E-14,-1.14423774522212E-17));
#2812=DIRECTION('',(-6.89911982697646E-16,1.74843624071251E-29,1.));
#2813=DIRECTION('center_axis',(-1.14423774522212E-17,2.53852974109793E-29,
1.));
#2814=DIRECTION('ref_axis',(-1.,-3.35426131314881E-14,-1.14423774522212E-17));
#2815=DIRECTION('center_axis',(1.55349939261482E-13,-1.,1.24677000879852E-28));
#2816=DIRECTION('ref_axis',(1.,1.55349939261482E-13,5.54262969344718E-16));
#2817=DIRECTION('',(-1.,-1.55349939261482E-13,-1.14423774522212E-17));
#2818=DIRECTION('',(-6.89911982697646E-16,1.74843624071251E-29,1.));
#2819=DIRECTION('',(1.,1.55349939261482E-13,1.14423774522212E-17));
#2820=DIRECTION('center_axis',(-6.89911982697646E-16,1.74843624071251E-29,
1.));
#2821=DIRECTION('ref_axis',(1.40124023495501E-13,-1.,1.14157605280478E-28));
#2822=DIRECTION('center_axis',(1.14423774522212E-17,-2.53852974109793E-29,
-1.));
#2823=DIRECTION('ref_axis',(1.40124023495501E-13,-1.,2.69886493779387E-29));
#2824=DIRECTION('',(-6.89911982697646E-16,1.74843624071251E-29,1.));
#2825=DIRECTION('center_axis',(-1.14423774522212E-17,2.53852974109793E-29,
1.));
#2826=DIRECTION('ref_axis',(1.40124023495501E-13,-1.,2.69886493779387E-29));
#2827=DIRECTION('center_axis',(-6.89911982697646E-16,1.74843624071251E-29,
1.));
#2828=DIRECTION('ref_axis',(-1.,-5.11392317379283E-12,-6.89911982697646E-16));
#2829=DIRECTION('',(6.89911982697646E-16,-1.74843624071251E-29,-1.));
#2830=DIRECTION('center_axis',(-1.14423774522212E-17,2.53852974109793E-29,
1.));
#2831=DIRECTION('ref_axis',(-1.,-5.11392317379283E-12,-1.14423774522212E-17));
#2832=DIRECTION('center_axis',(1.14423774522212E-17,-2.53852974109793E-29,
-1.));
#2833=DIRECTION('ref_axis',(-1.,-5.11392317379283E-12,-1.14423774522212E-17));
#2834=DIRECTION('center_axis',(1.,9.69090548550048E-13,6.89911982697646E-16));
#2835=DIRECTION('ref_axis',(-9.69090548550048E-13,1.,3.59261034853667E-15));
#2836=DIRECTION('',(-6.89911982697646E-16,1.74843624071251E-29,1.));
#2837=DIRECTION('',(-9.69090548550048E-13,1.,-3.64786538906498E-29));
#2838=DIRECTION('',(9.69090548550048E-13,-1.,3.64786538906498E-29));
#2839=DIRECTION('center_axis',(-6.89911982697646E-16,1.74843624071251E-29,
1.));
#2840=DIRECTION('ref_axis',(0.707106781186148,0.707106781186947,4.87841441387074E-16));
#2841=DIRECTION('center_axis',(1.14423774522212E-17,-2.53852974109793E-29,
-1.));
#2842=DIRECTION('ref_axis',(0.707106781186148,0.707106781186947,8.09098268933914E-18));
#2843=DIRECTION('center_axis',(-1.14423774522212E-17,2.53852974109793E-29,
1.));
#2844=DIRECTION('ref_axis',(0.707106781186148,0.707106781186947,8.09098268933914E-18));
#2845=DIRECTION('',(6.89911982697646E-16,-1.74843624071251E-29,-1.));
#2846=DIRECTION('center_axis',(3.35523275828409E-13,-1.,2.48971897258738E-28));
#2847=DIRECTION('ref_axis',(1.,3.35523275828409E-13,2.7747090185858E-15));
#2848=DIRECTION('',(6.89911982697646E-16,-1.74905253829471E-29,-1.));
#2849=DIRECTION('',(-1.,-3.35523275828409E-13,-1.14423774522212E-17));
#2850=DIRECTION('',(-6.89911982697646E-16,1.74905253829471E-29,1.));
#2851=DIRECTION('',(1.,3.35523275828409E-13,1.14423774522212E-17));
#2852=DIRECTION('center_axis',(-6.89911982697646E-16,1.74905253829471E-29,
1.));
#2853=DIRECTION('ref_axis',(0.707106781187012,-0.707106781186083,4.87841441387694E-16));
#2854=DIRECTION('center_axis',(1.14423774522212E-17,-2.53852974109793E-29,
-1.));
#2855=DIRECTION('ref_axis',(0.707106781187012,-0.707106781186083,8.09098268938493E-18));
#2856=DIRECTION('center_axis',(-1.14423774522212E-17,2.53852974109793E-29,
1.));
#2857=DIRECTION('ref_axis',(0.707106781187012,-0.707106781186083,8.09098268938493E-18));
#2858=DIRECTION('center_axis',(-6.89911982697646E-16,1.74843624071251E-29,
1.));
#2859=DIRECTION('ref_axis',(1.,2.62702359866617E-12,6.89911982697646E-16));
#2860=DIRECTION('',(-6.89911982697646E-16,1.74843624071251E-29,1.));
#2861=DIRECTION('center_axis',(1.14423774522212E-17,-2.53852974109793E-29,
-1.));
#2862=DIRECTION('ref_axis',(1.,2.62702359866617E-12,1.14423774522212E-17));
#2863=DIRECTION('center_axis',(-1.14423774522212E-17,2.53852974109793E-29,
1.));
#2864=DIRECTION('ref_axis',(1.,2.62702359866617E-12,1.14423774522212E-17));
#2865=DIRECTION('center_axis',(-6.89911982697646E-16,1.74843624071251E-29,
1.));
#2866=DIRECTION('ref_axis',(-0.499999999998624,-0.866025403785233,-3.44955991347859E-16));
#2867=DIRECTION('center_axis',(1.14423774522212E-17,-2.53852974109793E-29,
-1.));
#2868=DIRECTION('ref_axis',(-0.499999999998624,-0.866025403785233,-5.72118872607287E-18));
#2869=DIRECTION('center_axis',(-1.14423774522212E-17,2.53852974109793E-29,
1.));
#2870=DIRECTION('ref_axis',(-0.499999999998624,-0.866025403785233,-5.72118872607287E-18));
#2871=DIRECTION('center_axis',(-1.93414728677508E-13,1.,-1.50931277881739E-28));
#2872=DIRECTION('ref_axis',(-1.,-1.93414728677508E-13,-2.21959750628245E-15));
#2873=DIRECTION('',(-6.89911982697646E-16,1.74843624071251E-29,1.));
#2874=DIRECTION('',(-1.,-1.93414728677508E-13,-1.14423774522212E-17));
#2875=DIRECTION('',(1.,1.93414728677508E-13,1.14423774522212E-17));
#2876=DIRECTION('center_axis',(-6.89911982697646E-16,1.74843624071251E-29,
1.));
#2877=DIRECTION('ref_axis',(-0.500000000000947,0.866025403783892,-3.44955991349491E-16));
#2878=DIRECTION('center_axis',(1.14423774522212E-17,-2.53852974109793E-29,
-1.));
#2879=DIRECTION('ref_axis',(-0.500000000000947,0.866025403783892,-5.72118872614342E-18));
#2880=DIRECTION('center_axis',(-1.14423774522212E-17,2.53852974109793E-29,
1.));
#2881=DIRECTION('ref_axis',(-0.500000000000947,0.866025403783892,-5.72118872614342E-18));
#2882=DIRECTION('center_axis',(1.14423774522212E-17,-2.53852974109793E-29,
-1.));
#2883=DIRECTION('ref_axis',(1.39550952600045E-14,-1.,2.5544976878326E-29));
#2884=DIRECTION('center_axis',(1.14423774522212E-17,-2.53852974109793E-29,
-1.));
#2885=DIRECTION('ref_axis',(1.39550952600045E-14,-1.,2.5544976878326E-29));
#2886=DIRECTION('',(1.14423774522212E-17,-2.53852974109793E-29,-1.));
#2887=DIRECTION('center_axis',(-1.14423774522212E-17,2.53852974109793E-29,
1.));
#2888=DIRECTION('ref_axis',(1.39550952600045E-14,-1.,2.5544976878326E-29));
#2889=DIRECTION('center_axis',(1.14423774522212E-17,-2.53852974109793E-29,
-1.));
#2890=DIRECTION('ref_axis',(0.707106781186379,-0.707106781186716,8.09098268937768E-18));
#2891=DIRECTION('',(-1.14423774522212E-17,2.53852974109793E-29,1.));
#2892=DIRECTION('center_axis',(-1.14423774522212E-17,2.53852974109793E-29,
1.));
#2893=DIRECTION('ref_axis',(-1.,-3.06341224687017E-31,-1.14423774522212E-17));
#2894=DIRECTION('',(1.14423774522212E-17,-2.53852974109793E-29,-1.));
#2895=DIRECTION('center_axis',(1.14423774522212E-17,-2.53852974109793E-29,
-1.));
#2896=DIRECTION('ref_axis',(-1.,-3.06341224687017E-31,-1.14423774522212E-17));
#2897=DIRECTION('center_axis',(1.14423774522212E-17,-2.53852974109793E-29,
-1.));
#2898=DIRECTION('ref_axis',(0.49999999999982,0.866025403784543,5.72118872608655E-18));
#2899=DIRECTION('center_axis',(-1.14423774522212E-17,2.53852974109793E-29,
1.));
#2900=DIRECTION('ref_axis',(0.49999999999982,0.866025403784543,5.72118872608655E-18));
#2901=DIRECTION('',(-1.14423774522212E-17,2.53852974109793E-29,1.));
#2902=DIRECTION('center_axis',(1.14423774522212E-17,-2.53852974109793E-29,
-1.));
#2903=DIRECTION('ref_axis',(0.49999999999982,0.866025403784543,5.72118872608655E-18));
#2904=DIRECTION('center_axis',(-1.14423774522212E-17,2.53852974109793E-29,
1.));
#2905=DIRECTION('ref_axis',(-0.866025403784675,-0.499999999999591,-9.90938955330383E-18));
#2906=DIRECTION('center_axis',(1.14423774522212E-17,-2.53852974109793E-29,
-1.));
#2907=DIRECTION('ref_axis',(-0.866025403784675,-0.499999999999591,-9.90938955330383E-18));
#2908=DIRECTION('',(1.14423774522212E-17,-2.53852974109793E-29,-1.));
#2909=DIRECTION('center_axis',(-1.14423774522212E-17,2.53852974109793E-29,
1.));
#2910=DIRECTION('ref_axis',(-0.866025403784675,-0.499999999999591,-9.90938955330383E-18));
#2911=DIRECTION('center_axis',(-4.98346414093404E-33,-1.,5.06350093538737E-29));
#2912=DIRECTION('ref_axis',(9.95799250102928E-17,5.06350093538737E-29,1.));
#2913=DIRECTION('',(-1.14423774522212E-17,5.06350093538737E-29,1.));
#2914=DIRECTION('',(1.,-2.77555756156281E-17,1.14423774522212E-17));
#2915=DIRECTION('',(1.,2.28443368731989E-32,1.14423774522212E-17));
#2916=DIRECTION('center_axis',(-1.14423774522212E-17,5.06350093538737E-29,
1.));
#2917=DIRECTION('ref_axis',(-0.707106781186547,-0.707106781186547,-8.09098268932586E-18));
#2918=DIRECTION('center_axis',(1.14423774522212E-17,-2.53852974109793E-29,
-1.));
#2919=DIRECTION('ref_axis',(-0.707106781186547,-0.707106781186547,-8.09098268934371E-18));
#2920=DIRECTION('',(1.14423774522212E-17,-5.06350093538737E-29,-1.));
#2921=DIRECTION('center_axis',(-1.14423774522212E-17,2.53852974109793E-29,
1.));
#2922=DIRECTION('ref_axis',(-0.707106781186547,-0.707106781186547,-8.09098268934371E-18));
#2923=DIRECTION('center_axis',(-1.,2.77555756156281E-17,-1.14423774522212E-17));
#2924=DIRECTION('ref_axis',(2.77555756156281E-17,1.,-2.53760529472462E-29));
#2925=DIRECTION('',(-1.14423774522212E-17,2.53852974109793E-29,1.));
#2926=DIRECTION('',(2.77555756156281E-17,1.,-5.06350093538737E-29));
#2927=DIRECTION('',(-2.77555756156281E-17,-1.,2.53852974109793E-29));
#2928=DIRECTION('center_axis',(1.14423774522212E-17,-2.53852974109793E-29,
-1.));
#2929=DIRECTION('ref_axis',(-1.,2.77555756156281E-17,-1.14423774522212E-17));
#2930=DIRECTION('',(1.,-2.77555756156281E-17,1.14423774522212E-17));
#2931=DIRECTION('center_axis',(1.14423774522212E-17,-2.53852974109793E-29,
-1.));
#2932=DIRECTION('ref_axis',(-0.707106781186531,0.707106781186564,-8.09098268937942E-18));
#2933=DIRECTION('',(2.77555756156281E-17,1.,-2.53852974109793E-29));
#2934=DIRECTION('',(-1.,2.77555756156281E-17,-1.14423774522212E-17));
#2935=DIRECTION('center_axis',(1.14423774522212E-17,-2.53852974109793E-29,
-1.));
#2936=DIRECTION('ref_axis',(-0.707106781186547,0.707106781186547,-8.09098268937961E-18));
#2937=DIRECTION('center_axis',(2.77555756156281E-17,1.,-2.53852974109793E-29));
#2938=DIRECTION('ref_axis',(1.,-2.77555756156281E-17,1.14423774522212E-17));
#2939=DIRECTION('',(1.14423774522212E-17,-2.53852974109793E-29,-1.));
#2940=DIRECTION('',(1.,-2.77555756156281E-17,1.14423774522212E-17));
#2941=DIRECTION('center_axis',(-1.14423774522212E-17,2.53852974109793E-29,
1.));
#2942=DIRECTION('ref_axis',(-0.707106781186547,0.707106781186547,-8.09098268937961E-18));
#2943=DIRECTION('center_axis',(-1.14423774522212E-17,2.53852974109793E-29,
1.));
#2944=DIRECTION('ref_axis',(-0.707106781186547,0.707106781186547,-8.09098268937961E-18));
#2945=DIRECTION('center_axis',(-1.,2.77555756156281E-17,-1.14423774522212E-17));
#2946=DIRECTION('ref_axis',(-1.14423774522212E-17,2.53760529472462E-29,
1.));
#2947=DIRECTION('',(-1.14423774522212E-17,2.53852974109793E-29,1.));
#2948=DIRECTION('',(-2.77555756156281E-17,-1.,2.53852974109793E-29));
#2949=DIRECTION('center_axis',(-1.14423774522212E-17,2.53852974109793E-29,
1.));
#2950=DIRECTION('ref_axis',(-0.707106781186531,0.707106781186564,-8.09098268937942E-18));
#2951=DIRECTION('',(1.14423774522212E-17,-2.53852974109793E-29,-1.));
#2952=DIRECTION('center_axis',(-1.14423774522212E-17,2.53852974109793E-29,
1.));
#2953=DIRECTION('ref_axis',(-0.707106781186531,0.707106781186564,-8.09098268937942E-18));
#2954=DIRECTION('center_axis',(1.14423774522212E-17,-2.53852974109793E-29,
-1.));
#2955=DIRECTION('ref_axis',(-1.,2.77555756156281E-17,-1.14423774522212E-17));
#2956=DIRECTION('',(-1.,2.77555756156281E-17,-1.14423774522212E-17));
#2957=DIRECTION('center_axis',(2.77555756156281E-17,1.,-2.53852974109793E-29));
#2958=DIRECTION('ref_axis',(1.14423774522212E-17,-2.53856150007519E-29,
-1.));
#2959=DIRECTION('',(3.02860766344992E-17,6.70899071809639E-17,1.));
#2960=DIRECTION('',(1.,1.38777878078145E-17,-3.02860766344992E-17));
#2961=DIRECTION('',(-3.02860766344992E-17,-1.22601058412222E-16,1.));
#2962=DIRECTION('',(1.,-1.38777878078145E-17,3.02860766344992E-17));
#2963=DIRECTION('',(0.,0.,1.));
#2964=DIRECTION('',(1.,0.,0.));
#2965=CARTESIAN_POINT('',(0.,0.,0.));
#2966=CARTESIAN_POINT('',(0.,0.,0.));
#2967=CARTESIAN_POINT('',(0.,0.,0.));
#2968=CARTESIAN_POINT('',(0.,0.,0.));
#2969=CARTESIAN_POINT('Origin',(230.000280862599,380.999999999975,714.999967972897));
#2970=CARTESIAN_POINT('',(230.000280862599,382.499999999975,714.999967972897));
#2971=CARTESIAN_POINT('',(231.500280862599,380.999999999975,714.999967972897));
#2972=CARTESIAN_POINT('Origin',(230.000280862599,380.999999999975,714.999967972897));
#2973=CARTESIAN_POINT('',(231.500280862599,380.999999999975,709.999967972897));
#2974=CARTESIAN_POINT('',(231.500280862599,380.999999999975,714.999967972897));
#2975=CARTESIAN_POINT('',(230.000280862599,382.499999999975,709.999967972897));
#2976=CARTESIAN_POINT('Origin',(230.000280862599,380.999999999975,709.999967972897));
#2977=CARTESIAN_POINT('',(230.000280862599,382.499999999975,714.999967972897));
#2978=CARTESIAN_POINT('Origin',(231.500280862599,372.499999999975,714.999967972897));
#2979=CARTESIAN_POINT('',(231.500280862599,336.999999999975,714.999967972897));
#2980=CARTESIAN_POINT('',(231.500280862599,372.499999999975,714.999967972897));
#2981=CARTESIAN_POINT('',(231.500280862599,336.999999999975,709.999967972897));
#2982=CARTESIAN_POINT('',(231.500280862599,336.999999999975,714.999967972897));
#2983=CARTESIAN_POINT('',(231.500280862599,372.499999999975,709.999967972897));
#2984=CARTESIAN_POINT('Origin',(224.000280862597,367.499999999998,749.999967972897));
#2985=CARTESIAN_POINT('',(224.000280862597,364.449999999999,714.999967972897));
#2986=CARTESIAN_POINT('Origin',(224.000280862597,367.499999999998,714.999967972897));
#2987=CARTESIAN_POINT('',(224.000280862597,364.449999999999,709.999967972897));
#2988=CARTESIAN_POINT('',(224.000280862597,364.449999999998,749.999967972897));
#2989=CARTESIAN_POINT('Origin',(224.000280862597,367.499999999998,709.999967972897));
#2990=CARTESIAN_POINT('Origin',(230.000280862599,336.999999999975,714.999967972897));
#2991=CARTESIAN_POINT('',(230.000280862599,335.499999999975,709.999967972897));
#2992=CARTESIAN_POINT('Origin',(230.000280862599,336.999999999975,709.999967972897));
#2993=CARTESIAN_POINT('',(230.000280862599,335.499999999975,714.999967972897));
#2994=CARTESIAN_POINT('Origin',(230.000280862599,336.999999999975,714.999967972897));
#2995=CARTESIAN_POINT('',(230.000280862599,335.499999999975,714.999967972897));
#2996=CARTESIAN_POINT('Origin',(226.500280862599,349.499999999987,714.999967972897));
#2997=CARTESIAN_POINT('',(222.311718690366,349.499999999987,709.999967972897));
#2998=CARTESIAN_POINT('',(222.311718690366,349.499999999987,714.999967972897));
#2999=CARTESIAN_POINT('',(222.311718690366,349.499999999987,714.499967972897));
#3000=CARTESIAN_POINT('',(225.588843034833,349.499999999987,709.999967972897));
#3001=CARTESIAN_POINT('',(226.500280862599,349.499999999987,709.999967972897));
#3002=CARTESIAN_POINT('',(225.588843034833,349.499999999987,714.999967972897));
#3003=CARTESIAN_POINT('',(225.588843034833,349.499999999987,714.499967972897));
#3004=CARTESIAN_POINT('',(226.500280862599,349.499999999987,714.999967972897));
#3005=CARTESIAN_POINT('Origin',(225.588843034833,349.999999999987,714.499967972897));
#3006=CARTESIAN_POINT('',(225.919561948716,349.624999999987,714.999967972897));
#3007=CARTESIAN_POINT('Origin',(225.588843034833,349.999999999987,714.999967972897));
#3008=CARTESIAN_POINT('',(225.919561948716,349.624999999987,709.999967972897));
#3009=CARTESIAN_POINT('Origin',(225.588843034833,349.999999999987,709.999967972897));
#3010=CARTESIAN_POINT('',(225.919561948716,349.624999999987,714.499967972897));
#3011=CARTESIAN_POINT('Origin',(226.250280862599,349.249999999987,714.499967972897));
#3012=CARTESIAN_POINT('',(226.625280862599,348.919281086104,709.999967972897));
#3013=CARTESIAN_POINT('Origin',(226.250280862599,349.249999999987,709.999967972897));
#3014=CARTESIAN_POINT('',(226.625280862599,348.919281086104,714.999967972897));
#3015=CARTESIAN_POINT('',(226.625280862599,348.919281086104,714.499967972897));
#3016=CARTESIAN_POINT('Origin',(226.250280862599,349.249999999987,714.999967972897));
#3017=CARTESIAN_POINT('Origin',(227.000280862599,348.588562172221,714.499967972897));
#3018=CARTESIAN_POINT('',(226.500280862599,348.588562172221,709.999967972897));
#3019=CARTESIAN_POINT('Origin',(227.000280862599,348.588562172221,709.999967972897));
#3020=CARTESIAN_POINT('',(226.500280862599,348.588562172221,714.999967972897));
#3021=CARTESIAN_POINT('',(226.500280862599,348.588562172221,714.499967972897));
#3022=CARTESIAN_POINT('Origin',(227.000280862599,348.588562172221,714.999967972897));
#3023=CARTESIAN_POINT('Origin',(226.500280862599,338.499999999975,714.999967972897));
#3024=CARTESIAN_POINT('',(226.500280862599,339.411437827741,709.999967972897));
#3025=CARTESIAN_POINT('',(226.500280862599,338.499999999975,709.999967972897));
#3026=CARTESIAN_POINT('',(226.500280862599,339.411437827741,714.999967972897));
#3027=CARTESIAN_POINT('',(226.500280862599,339.411437827741,714.499967972897));
#3028=CARTESIAN_POINT('',(226.500280862599,338.499999999975,714.999967972897));
#3029=CARTESIAN_POINT('Origin',(227.000280862599,339.411437827741,714.499967972897));
#3030=CARTESIAN_POINT('',(226.625280862599,339.080718913858,714.999967972897));
#3031=CARTESIAN_POINT('Origin',(227.000280862599,339.411437827741,714.999967972897));
#3032=CARTESIAN_POINT('',(226.625280862599,339.080718913858,709.999967972897));
#3033=CARTESIAN_POINT('Origin',(227.000280862599,339.411437827741,709.999967972897));
#3034=CARTESIAN_POINT('',(226.625280862599,339.080718913858,714.499967972897));
#3035=CARTESIAN_POINT('Origin',(226.250280862599,338.749999999975,714.499967972897));
#3036=CARTESIAN_POINT('',(225.919561948716,338.374999999975,709.999967972897));
#3037=CARTESIAN_POINT('Origin',(226.250280862599,338.749999999975,709.999967972897));
#3038=CARTESIAN_POINT('',(225.919561948716,338.374999999975,714.999967972897));
#3039=CARTESIAN_POINT('',(225.919561948716,338.374999999975,714.499967972897));
#3040=CARTESIAN_POINT('Origin',(226.250280862599,338.749999999975,714.999967972897));
#3041=CARTESIAN_POINT('Origin',(225.588843034833,337.999999999975,714.499967972897));
#3042=CARTESIAN_POINT('',(225.588843034833,338.499999999975,709.999967972897));
#3043=CARTESIAN_POINT('Origin',(225.588843034833,337.999999999975,709.999967972897));
#3044=CARTESIAN_POINT('',(225.588843034833,338.499999999975,714.999967972897));
#3045=CARTESIAN_POINT('',(225.588843034833,338.499999999975,714.499967972897));
#3046=CARTESIAN_POINT('Origin',(225.588843034833,337.999999999975,714.999967972897));
#3047=CARTESIAN_POINT('Origin',(221.200280862599,338.499999999975,714.999967972897));
#3048=CARTESIAN_POINT('',(222.311718690366,338.499999999975,714.999967972897));
#3049=CARTESIAN_POINT('',(222.311718690366,338.499999999975,709.999967972897));
#3050=CARTESIAN_POINT('',(222.311718690366,338.499999999975,714.499967972897));
#3051=CARTESIAN_POINT('',(221.200280862599,338.499999999975,714.999967972897));
#3052=CARTESIAN_POINT('',(221.200280862599,338.499999999975,709.999967972897));
#3053=CARTESIAN_POINT('Origin',(222.311718690366,337.999999999975,714.499967972897));
#3054=CARTESIAN_POINT('',(221.980999776482,338.374999999975,714.999967972897));
#3055=CARTESIAN_POINT('Origin',(222.311718690366,337.999999999975,714.999967972897));
#3056=CARTESIAN_POINT('',(221.980999776482,338.374999999975,709.999967972897));
#3057=CARTESIAN_POINT('Origin',(222.311718690366,337.999999999975,709.999967972897));
#3058=CARTESIAN_POINT('',(221.980999776482,338.374999999975,714.499967972897));
#3059=CARTESIAN_POINT('Origin',(221.650280862599,338.749999999975,714.499967972897));
#3060=CARTESIAN_POINT('',(221.275280862599,339.080718913858,709.999967972897));
#3061=CARTESIAN_POINT('Origin',(221.650280862599,338.749999999975,709.999967972897));
#3062=CARTESIAN_POINT('',(221.275280862599,339.080718913858,714.999967972897));
#3063=CARTESIAN_POINT('',(221.275280862599,339.080718913858,714.499967972897));
#3064=CARTESIAN_POINT('Origin',(221.650280862599,338.749999999975,714.999967972897));
#3065=CARTESIAN_POINT('Origin',(220.900280862599,339.411437827741,714.499967972897));
#3066=CARTESIAN_POINT('',(221.400280862599,339.411437827741,709.999967972897));
#3067=CARTESIAN_POINT('Origin',(220.900280862599,339.411437827741,709.999967972897));
#3068=CARTESIAN_POINT('',(221.400280862599,339.411437827741,714.999967972897));
#3069=CARTESIAN_POINT('',(221.400280862599,339.411437827741,714.499967972897));
#3070=CARTESIAN_POINT('Origin',(220.900280862599,339.411437827741,714.999967972897));
#3071=CARTESIAN_POINT('Origin',(221.400280862599,349.499999999987,714.999967972897));
#3072=CARTESIAN_POINT('',(221.400280862599,348.588562172221,709.999967972897));
#3073=CARTESIAN_POINT('',(221.400280862599,349.499999999987,709.999967972897));
#3074=CARTESIAN_POINT('',(221.400280862599,348.588562172221,714.999967972897));
#3075=CARTESIAN_POINT('',(221.400280862599,348.588562172221,714.499967972897));
#3076=CARTESIAN_POINT('',(221.400280862599,349.499999999987,714.999967972897));
#3077=CARTESIAN_POINT('Origin',(220.900280862599,348.588562172221,714.499967972897));
#3078=CARTESIAN_POINT('',(221.275280862599,348.919281086104,714.999967972897));
#3079=CARTESIAN_POINT('Origin',(220.900280862599,348.588562172221,714.999967972897));
#3080=CARTESIAN_POINT('',(221.275280862599,348.919281086104,709.999967972897));
#3081=CARTESIAN_POINT('Origin',(220.900280862599,348.588562172221,709.999967972897));
#3082=CARTESIAN_POINT('',(221.275280862599,348.919281086104,714.499967972897));
#3083=CARTESIAN_POINT('Origin',(221.650280862599,349.249999999987,714.499967972897));
#3084=CARTESIAN_POINT('',(221.980999776482,349.624999999987,714.999967972897));
#3085=CARTESIAN_POINT('',(221.980999776482,349.624999999987,709.999967972897));
#3086=CARTESIAN_POINT('',(221.980999776482,349.624999999987,714.499967972897));
#3087=CARTESIAN_POINT('Origin',(221.650280862599,349.249999999987,714.999967972897));
#3088=CARTESIAN_POINT('Origin',(221.650280862599,349.249999999987,709.999967972897));
#3089=CARTESIAN_POINT('Origin',(222.311718690366,349.999999999987,714.499967972897));
#3090=CARTESIAN_POINT('Origin',(222.311718690366,349.999999999987,709.999967972897));
#3091=CARTESIAN_POINT('Origin',(222.311718690366,349.999999999987,714.999967972897));
#3092=CARTESIAN_POINT('Origin',(115.000280862598,325.499999999998,709.999967972897));
#3093=CARTESIAN_POINT('',(111.950280862598,325.499999999998,709.999967972897));
#3094=CARTESIAN_POINT('Origin',(115.000280862598,325.499999999998,709.999967972897));
#3095=CARTESIAN_POINT('',(111.950280862598,325.499999999998,714.999967972897));
#3096=CARTESIAN_POINT('',(111.950280862598,325.499999999998,709.999967972897));
#3097=CARTESIAN_POINT('Origin',(115.000280862598,325.499999999998,714.999967972897));
#3098=CARTESIAN_POINT('Origin',(113.000280862595,330.750000000002,709.999967972897));
#3099=CARTESIAN_POINT('',(113.000280862594,330.250000000001,714.999967972897));
#3100=CARTESIAN_POINT('',(113.000280862594,330.250000000001,709.999967972898));
#3101=CARTESIAN_POINT('',(113.000280862594,330.250000000001,710.499967972898));
#3102=CARTESIAN_POINT('',(113.500280862595,330.750000000001,714.999967972897));
#3103=CARTESIAN_POINT('Origin',(113.000280862595,330.750000000002,714.999967972897));
#3104=CARTESIAN_POINT('',(113.500280862595,330.750000000001,709.999967972898));
#3105=CARTESIAN_POINT('',(113.500280862595,330.750000000001,710.499967972898));
#3106=CARTESIAN_POINT('Origin',(113.000280862595,330.750000000002,709.999967972898));
#3107=CARTESIAN_POINT('Origin',(113.500280862595,330.750000000001,709.999967972897));
#3108=CARTESIAN_POINT('',(113.500280862595,333.883974596234,714.999967972897));
#3109=CARTESIAN_POINT('',(113.50028086259,311.625000000012,714.999967972897));
#3110=CARTESIAN_POINT('',(113.500280862595,333.883974596234,709.999967972898));
#3111=CARTESIAN_POINT('',(113.500280862595,333.883974596234,710.499967972898));
#3112=CARTESIAN_POINT('',(113.50028086259,311.375,709.999967972898));
#3113=CARTESIAN_POINT('Origin',(113.000280862595,333.883974596234,709.999967972897));
#3114=CARTESIAN_POINT('',(113.250280862597,334.316987298126,714.999967972897));
#3115=CARTESIAN_POINT('Origin',(113.000280862595,333.883974596234,714.999967972897));
#3116=CARTESIAN_POINT('',(113.250280862597,334.316987298126,709.999967972898));
#3117=CARTESIAN_POINT('',(113.250280862597,334.316987298126,710.499967972898));
#3118=CARTESIAN_POINT('Origin',(113.000280862595,333.883974596234,709.999967972898));
#3119=CARTESIAN_POINT('Origin',(113.500280862597,334.750000000016,709.999967972897));
#3120=CARTESIAN_POINT('',(113.500280862599,335.250000000016,714.999967972897));
#3121=CARTESIAN_POINT('Origin',(113.500280862597,334.750000000016,714.999967972897));
#3122=CARTESIAN_POINT('',(113.500280862599,335.250000000016,709.999967972898));
#3123=CARTESIAN_POINT('',(113.500280862599,335.250000000016,710.499967972898));
#3124=CARTESIAN_POINT('Origin',(113.500280862597,334.750000000016,709.999967972898));
#3125=CARTESIAN_POINT('Origin',(113.500280862599,335.250000000016,709.999967972897));
#3126=CARTESIAN_POINT('',(116.5002808626,335.250000000001,714.999967972897));
#3127=CARTESIAN_POINT('',(140.100280862706,335.249999999882,714.999967972897));
#3128=CARTESIAN_POINT('',(116.5002808626,335.250000000001,709.999967972898));
#3129=CARTESIAN_POINT('',(116.5002808626,335.250000000001,710.499967972898));
#3130=CARTESIAN_POINT('',(137.600280862708,335.249999999894,709.999967972898));
#3131=CARTESIAN_POINT('Origin',(116.500280862597,334.749999999998,709.999967972897));
#3132=CARTESIAN_POINT('',(116.750280862598,334.316987298104,714.999967972897));
#3133=CARTESIAN_POINT('Origin',(116.500280862597,334.749999999998,714.999967972897));
#3134=CARTESIAN_POINT('',(116.750280862598,334.316987298104,709.999967972898));
#3135=CARTESIAN_POINT('',(116.750280862598,334.316987298104,710.499967972898));
#3136=CARTESIAN_POINT('Origin',(116.500280862597,334.749999999998,709.999967972898));
#3137=CARTESIAN_POINT('Origin',(117.000280862597,333.883974596211,709.999967972897));
#3138=CARTESIAN_POINT('',(116.500280862597,333.883974596211,714.999967972897));
#3139=CARTESIAN_POINT('Origin',(117.000280862597,333.883974596211,714.999967972897));
#3140=CARTESIAN_POINT('',(116.500280862597,333.883974596211,709.999967972898));
#3141=CARTESIAN_POINT('',(116.500280862597,333.883974596211,710.499967972898));
#3142=CARTESIAN_POINT('Origin',(117.000280862597,333.883974596211,709.999967972898));
#3143=CARTESIAN_POINT('Origin',(116.500280862597,333.883974596211,709.999967972897));
#3144=CARTESIAN_POINT('',(116.500280862597,330.749999999998,714.999967972897));
#3145=CARTESIAN_POINT('',(116.500280862595,313.191987298113,714.999967972897));
#3146=CARTESIAN_POINT('',(116.500280862597,330.749999999998,709.999967972898));
#3147=CARTESIAN_POINT('',(116.500280862597,330.749999999998,710.499967972898));
#3148=CARTESIAN_POINT('',(116.500280862595,313.374999999995,709.999967972898));
#3149=CARTESIAN_POINT('Origin',(117.000280862597,330.749999999998,709.999967972897));
#3150=CARTESIAN_POINT('',(117.000280862596,330.249999999998,714.999967972897));
#3151=CARTESIAN_POINT('Origin',(117.000280862597,330.749999999998,714.999967972897));
#3152=CARTESIAN_POINT('',(117.000280862596,330.249999999998,709.999967972898));
#3153=CARTESIAN_POINT('',(117.000280862596,330.249999999998,710.499967972898));
#3154=CARTESIAN_POINT('Origin',(117.000280862597,330.749999999998,709.999967972898));
#3155=CARTESIAN_POINT('Origin',(117.000280862596,330.249999999998,709.999967972897));
#3156=CARTESIAN_POINT('',(118.000280862595,330.249999999997,714.999967972897));
#3157=CARTESIAN_POINT('',(141.850280862614,330.249999999976,714.999967972897));
#3158=CARTESIAN_POINT('',(118.000280862595,330.249999999997,709.999967972898));
#3159=CARTESIAN_POINT('',(118.000280862595,330.249999999997,710.499967972898));
#3160=CARTESIAN_POINT('',(139.100280862615,330.249999999978,709.999967972898));
#3161=CARTESIAN_POINT('Origin',(118.000280862596,331.249999999997,709.999967972897));
#3162=CARTESIAN_POINT('',(119.000280862596,331.249999999997,714.999967972897));
#3163=CARTESIAN_POINT('Origin',(118.000280862596,331.249999999997,714.999967972897));
#3164=CARTESIAN_POINT('',(119.000280862596,331.249999999997,709.999967972898));
#3165=CARTESIAN_POINT('',(119.000280862596,331.249999999997,710.499967972898));
#3166=CARTESIAN_POINT('Origin',(118.000280862596,331.249999999997,709.999967972898));
#3167=CARTESIAN_POINT('Origin',(119.000280862597,331.249999999997,709.999967972897));
#3168=CARTESIAN_POINT('',(119.000280862596,338.250000000022,714.999967972897));
#3169=CARTESIAN_POINT('',(119.000280862597,311.875000000003,714.999967972897));
#3170=CARTESIAN_POINT('',(119.000280862596,338.250000000022,709.999967972898));
#3171=CARTESIAN_POINT('',(119.000280862596,338.250000000022,710.499967972898));
#3172=CARTESIAN_POINT('',(119.000280862597,330.874999999998,709.999967972897));
#3173=CARTESIAN_POINT('Origin',(118.000280862596,338.250000000022,709.999967972897));
#3174=CARTESIAN_POINT('',(118.000280862596,339.250000000022,714.999967972897));
#3175=CARTESIAN_POINT('Origin',(118.000280862596,338.250000000022,714.999967972897));
#3176=CARTESIAN_POINT('',(118.000280862596,339.250000000022,709.999967972898));
#3177=CARTESIAN_POINT('',(118.000280862596,339.250000000022,710.499967972898));
#3178=CARTESIAN_POINT('Origin',(118.000280862596,338.250000000022,709.999967972898));
#3179=CARTESIAN_POINT('Origin',(112.000280862595,330.250000000002,709.999967972897));
#3180=CARTESIAN_POINT('',(112.000280862595,330.250000000002,709.999967972898));
#3181=CARTESIAN_POINT('',(112.000280862595,330.250000000002,714.999967972897));
#3182=CARTESIAN_POINT('',(112.000280862595,330.250000000002,709.999967972897));
#3183=CARTESIAN_POINT('',(139.350280862614,330.249999999977,714.999967972897));
#3184=CARTESIAN_POINT('',(136.850280862615,330.249999999979,709.999967972898));
#3185=CARTESIAN_POINT('Origin',(112.000280862596,331.250000000002,709.999967972897));
#3186=CARTESIAN_POINT('',(111.000280862596,331.250000000003,709.999967972898));
#3187=CARTESIAN_POINT('',(111.000280862596,331.250000000003,714.999967972897));
#3188=CARTESIAN_POINT('',(111.000280862596,331.250000000003,709.999967972897));
#3189=CARTESIAN_POINT('Origin',(112.000280862596,331.250000000002,714.999967972897));
#3190=CARTESIAN_POINT('Origin',(112.000280862596,331.250000000002,709.999967972898));
#3191=CARTESIAN_POINT('Origin',(111.000280862597,338.250000000022,709.999967972897));
#3192=CARTESIAN_POINT('',(111.000280862596,338.250000000022,709.999967972898));
#3193=CARTESIAN_POINT('',(111.000280862596,338.250000000022,714.999967972897));
#3194=CARTESIAN_POINT('',(111.000280862596,338.250000000022,709.999967972897));
#3195=CARTESIAN_POINT('',(111.000280862597,315.375000000016,714.999967972897));
#3196=CARTESIAN_POINT('',(111.000280862597,339.124999999998,709.999967972897));
#3197=CARTESIAN_POINT('Origin',(112.000280862596,338.250000000022,709.999967972897));
#3198=CARTESIAN_POINT('',(112.000280862596,339.250000000022,709.999967972898));
#3199=CARTESIAN_POINT('',(112.000280862596,339.250000000022,714.999967972897));
#3200=CARTESIAN_POINT('',(112.000280862596,339.250000000022,709.999967972897));
#3201=CARTESIAN_POINT('Origin',(112.000280862596,338.250000000022,714.999967972897));
#3202=CARTESIAN_POINT('Origin',(112.000280862596,338.250000000022,709.999967972898));
#3203=CARTESIAN_POINT('Origin',(113.000280862597,339.250000000022,709.999967972897));
#3204=CARTESIAN_POINT('',(113.000280862597,339.250000000022,709.999967972898));
#3205=CARTESIAN_POINT('',(113.000280862597,339.250000000022,714.999967972897));
#3206=CARTESIAN_POINT('',(113.000280862597,339.250000000022,709.999967972897));
#3207=CARTESIAN_POINT('',(139.850280862602,339.250000000017,714.999967972897));
#3208=CARTESIAN_POINT('',(137.350280862603,339.250000000017,709.999967972898));
#3209=CARTESIAN_POINT('Origin',(113.000280862597,339.750000000022,709.999967972897));
#3210=CARTESIAN_POINT('',(113.500280862597,339.750000000022,709.999967972898));
#3211=CARTESIAN_POINT('',(113.500280862597,339.750000000022,714.999967972897));
#3212=CARTESIAN_POINT('',(113.500280862597,339.750000000022,709.999967972897));
#3213=CARTESIAN_POINT('Origin',(113.000280862597,339.750000000022,714.999967972897));
#3214=CARTESIAN_POINT('Origin',(113.000280862597,339.750000000022,709.999967972898));
#3215=CARTESIAN_POINT('Origin',(117.0002808626,339.750000000022,709.999967972897));
#3216=CARTESIAN_POINT('',(117.0002808626,339.250000000022,709.999967972898));
#3217=CARTESIAN_POINT('',(117.0002808626,339.250000000022,714.999967972897));
#3218=CARTESIAN_POINT('',(117.0002808626,339.250000000022,709.999967972897));
#3219=CARTESIAN_POINT('',(116.5002808626,339.750000000022,714.999967972897));
#3220=CARTESIAN_POINT('Origin',(117.0002808626,339.750000000022,714.999967972897));
#3221=CARTESIAN_POINT('',(116.5002808626,339.750000000022,709.999967972898));
#3222=CARTESIAN_POINT('',(116.5002808626,339.750000000022,709.999967972897));
#3223=CARTESIAN_POINT('Origin',(117.0002808626,339.750000000022,709.999967972898));
#3224=CARTESIAN_POINT('Origin',(118.000280862596,339.250000000022,709.999967972897));
#3225=CARTESIAN_POINT('',(142.350280862597,339.250000000022,714.999967972897));
#3226=CARTESIAN_POINT('',(139.850280862598,339.250000000022,709.999967972898));
#3227=CARTESIAN_POINT('Origin',(115.000280862599,343.999999999998,709.999967972897));
#3228=CARTESIAN_POINT('',(113.281971043738,341.480096788076,709.999967972897));
#3229=CARTESIAN_POINT('',(113.281971043738,341.480096788076,714.999967972897));
#3230=CARTESIAN_POINT('',(113.281971043738,341.480096788076,709.999967972897));
#3231=CARTESIAN_POINT('',(116.718590732565,341.480096822923,709.999967972897));
#3232=CARTESIAN_POINT('Origin',(115.000280862599,343.999999999998,709.999967972897));
#3233=CARTESIAN_POINT('',(116.718590732565,341.480096822923,714.999967972897));
#3234=CARTESIAN_POINT('',(116.718590732565,341.480096822923,709.999967972897));
#3235=CARTESIAN_POINT('Origin',(115.000280862599,343.999999999998,714.999967972897));
#3236=CARTESIAN_POINT('Origin',(116.5002808626,339.750000000022,709.999967972897));
#3237=CARTESIAN_POINT('',(116.5002808626,341.066997959888,709.999967972898));
#3238=CARTESIAN_POINT('',(116.5002808626,341.066997959888,714.999967972897));
#3239=CARTESIAN_POINT('',(116.5002808626,341.066997959888,709.999967972897));
#3240=CARTESIAN_POINT('',(116.500280862598,316.125000000006,709.999967972898));
#3241=CARTESIAN_POINT('',(116.500280862598,316.125000000018,714.999967972897));
#3242=CARTESIAN_POINT('Origin',(117.0002808626,341.066997959888,709.999967972897));
#3243=CARTESIAN_POINT('Origin',(117.0002808626,341.066997959888,709.999967972897));
#3244=CARTESIAN_POINT('Origin',(117.0002808626,341.066997959888,714.999967972897));
#3245=CARTESIAN_POINT('Origin',(113.500280862597,341.697284212067,709.999967972897));
#3246=CARTESIAN_POINT('',(113.500280862597,341.066998031887,714.999967972897));
#3247=CARTESIAN_POINT('',(113.500280862597,341.066998031887,709.999967972898));
#3248=CARTESIAN_POINT('',(113.500280862597,341.066998031887,709.999967972897));
#3249=CARTESIAN_POINT('',(113.500280862597,317.098642106038,714.999967972897));
#3250=CARTESIAN_POINT('',(113.500280862597,317.098642106026,709.999967972898));
#3251=CARTESIAN_POINT('Origin',(113.000280998835,341.066998031887,709.999967972897));
#3252=CARTESIAN_POINT('Origin',(113.000280998835,341.066998031887,709.999967972897));
#3253=CARTESIAN_POINT('Origin',(113.000280998835,341.066998031887,714.999967972897));
#3254=CARTESIAN_POINT('Origin',(179.742921549666,332.499999999975,714.999967972897));
#3255=CARTESIAN_POINT('',(179.742921549666,335.499999999975,714.999967972897));
#3256=CARTESIAN_POINT('',(177.621601206107,334.621320343535,714.999967972897));
#3257=CARTESIAN_POINT('Origin',(179.742921549666,332.499999999975,714.999967972897));
#3258=CARTESIAN_POINT('',(177.621601206107,334.621320343535,709.999967972897));
#3259=CARTESIAN_POINT('',(177.621601206107,334.621320343535,714.999967972897));
#3260=CARTESIAN_POINT('',(179.742921549666,335.499999999975,709.999967972897));
#3261=CARTESIAN_POINT('Origin',(179.742921549666,332.499999999975,709.999967972897));
#3262=CARTESIAN_POINT('',(179.742921549666,335.499999999975,714.999967972897));
#3263=CARTESIAN_POINT('Origin',(178.500280862547,335.499999999975,714.999967972897));
#3264=CARTESIAN_POINT('',(163.939620690786,320.939339828218,709.999967972897));
#3265=CARTESIAN_POINT('',(163.939620690786,320.939339828218,714.999967972897));
#3266=CARTESIAN_POINT('',(163.939620690786,320.939339828218,714.999967972897));
#3267=CARTESIAN_POINT('',(178.500280862547,335.499999999975,709.999967972897));
#3268=CARTESIAN_POINT('',(178.500280862547,335.499999999975,714.999967972897));
#3269=CARTESIAN_POINT('Origin',(162.878960519006,321.999999999998,714.999967972897));
#3270=CARTESIAN_POINT('',(162.878960519006,320.499999999998,709.999967972897));
#3271=CARTESIAN_POINT('Origin',(162.878960519006,321.999999999998,709.999967972897));
#3272=CARTESIAN_POINT('',(162.878960519006,320.499999999998,714.999967972897));
#3273=CARTESIAN_POINT('Origin',(162.878960519006,321.999999999998,714.999967972897));
#3274=CARTESIAN_POINT('',(162.878960519006,320.499999999998,714.999967972897));
#3275=CARTESIAN_POINT('Origin',(163.500280862565,320.499999999998,714.999967972897));
#3276=CARTESIAN_POINT('',(153.393174081411,320.499999999998,714.999967972897));
#3277=CARTESIAN_POINT('',(163.500280862565,320.499999999998,714.999967972897));
#3278=CARTESIAN_POINT('',(153.393174081411,320.499999999998,709.999967972897));
#3279=CARTESIAN_POINT('',(153.393174081411,320.499999999998,714.999967972897));
#3280=CARTESIAN_POINT('',(163.500280862565,320.499999999998,709.999967972897));
#3281=CARTESIAN_POINT('Origin',(153.393174081411,317.499999999998,714.999967972897));
#3282=CARTESIAN_POINT('',(151.271853737851,319.621320343558,714.999967972897));
#3283=CARTESIAN_POINT('Origin',(153.393174081411,317.499999999998,714.999967972897));
#3284=CARTESIAN_POINT('',(151.271853737851,319.621320343558,709.999967972897));
#3285=CARTESIAN_POINT('',(151.271853737851,319.621320343558,714.999967972897));
#3286=CARTESIAN_POINT('Origin',(153.393174081411,317.499999999998,709.999967972897));
#3287=CARTESIAN_POINT('Origin',(152.150533394292,320.499999999998,714.999967972897));
#3288=CARTESIAN_POINT('',(146.089873222512,314.439339828218,709.999967972897));
#3289=CARTESIAN_POINT('',(146.089873222512,314.439339828218,714.999967972897));
#3290=CARTESIAN_POINT('',(146.089873222512,314.439339828218,714.999967972897));
#3291=CARTESIAN_POINT('',(152.150533394292,320.499999999998,709.999967972897));
#3292=CARTESIAN_POINT('',(152.150533394292,320.499999999998,714.999967972897));
#3293=CARTESIAN_POINT('Origin',(145.029213050732,315.499999999998,714.999967972897));
#3294=CARTESIAN_POINT('',(145.029213050732,314.000005340572,709.999967972897));
#3295=CARTESIAN_POINT('Origin',(145.029213050732,315.499999999998,709.999967972897));
#3296=CARTESIAN_POINT('',(145.029213050732,314.000005340572,714.999967972897));
#3297=CARTESIAN_POINT('Origin',(145.029213050732,315.499999999998,714.999967972897));
#3298=CARTESIAN_POINT('',(145.029213050732,313.999999999998,714.999967972897));
#3299=CARTESIAN_POINT('Origin',(214.500280862584,343.999999999987,714.499967972897));
#3300=CARTESIAN_POINT('',(215.750280862584,343.999999999987,709.999967972897));
#3301=CARTESIAN_POINT('Origin',(214.500280862584,343.999999999987,709.999967972897));
#3302=CARTESIAN_POINT('',(215.750280862584,343.999999999987,714.999967972897));
#3303=CARTESIAN_POINT('',(215.750280862584,343.999999999987,714.499967972897));
#3304=CARTESIAN_POINT('Origin',(214.500280862584,343.999999999987,714.999967972897));
#3305=CARTESIAN_POINT('Origin',(155.500280862584,351.499999999987,714.999967972897));
#3306=CARTESIAN_POINT('',(166.550280862584,351.499999999987,714.999967972897));
#3307=CARTESIAN_POINT('Origin',(155.500280862584,351.499999999987,714.999967972897));
#3308=CARTESIAN_POINT('',(166.550280862584,351.499999999987,709.999967972897));
#3309=CARTESIAN_POINT('',(166.550280862584,351.499999999987,714.999967972897));
#3310=CARTESIAN_POINT('Origin',(155.500280862584,351.499999999987,709.999967972897));
#3311=CARTESIAN_POINT('Origin',(140.000280862584,366.999999999987,714.999967972897));
#3312=CARTESIAN_POINT('',(141.550280862584,366.999999999987,714.999967972897));
#3313=CARTESIAN_POINT('Origin',(140.000280862584,366.999999999987,714.999967972897));
#3314=CARTESIAN_POINT('',(141.550280862584,366.999999999987,709.999967972897));
#3315=CARTESIAN_POINT('',(141.550280862584,366.999999999987,714.999967972897));
#3316=CARTESIAN_POINT('Origin',(140.000280862584,366.999999999987,709.999967972897));
#3317=CARTESIAN_POINT('Origin',(171.000280862584,366.999999999987,714.999967972897));
#3318=CARTESIAN_POINT('',(172.550280862584,366.999999999987,714.999967972897));
#3319=CARTESIAN_POINT('Origin',(171.000280862584,366.999999999987,714.999967972897));
#3320=CARTESIAN_POINT('',(172.550280862584,366.999999999987,709.999967972897));
#3321=CARTESIAN_POINT('',(172.550280862584,366.999999999987,714.999967972897));
#3322=CARTESIAN_POINT('Origin',(171.000280862584,366.999999999987,709.999967972897));
#3323=CARTESIAN_POINT('Origin',(171.000280862584,335.999999999988,714.999967972897));
#3324=CARTESIAN_POINT('',(172.550280862584,335.999999999988,714.999967972897));
#3325=CARTESIAN_POINT('Origin',(171.000280862584,335.999999999988,714.999967972897));
#3326=CARTESIAN_POINT('',(172.550280862584,335.999999999988,709.999967972897));
#3327=CARTESIAN_POINT('',(172.550280862584,335.999999999988,714.999967972897));
#3328=CARTESIAN_POINT('Origin',(171.000280862584,335.999999999988,709.999967972897));
#3329=CARTESIAN_POINT('Origin',(140.000280862585,335.999999999987,714.999967972897));
#3330=CARTESIAN_POINT('',(141.550280862585,335.999999999987,714.999967972897));
#3331=CARTESIAN_POINT('Origin',(140.000280862585,335.999999999987,714.999967972897));
#3332=CARTESIAN_POINT('',(141.550280862585,335.999999999987,709.999967972897));
#3333=CARTESIAN_POINT('',(141.550280862585,335.999999999987,714.999967972897));
#3334=CARTESIAN_POINT('Origin',(140.000280862585,335.999999999987,709.999967972897));
#3335=CARTESIAN_POINT('Origin',(155.500280862584,330.759999999997,714.999967972897));
#3336=CARTESIAN_POINT('',(162.015280862584,330.759999999997,714.999967972897));
#3337=CARTESIAN_POINT('Origin',(155.500280862584,330.759999999997,714.999967972897));
#3338=CARTESIAN_POINT('',(162.015280862584,330.759999999997,709.999967972897));
#3339=CARTESIAN_POINT('',(162.015280862584,330.759999999997,714.999967972897));
#3340=CARTESIAN_POINT('Origin',(155.500280862584,330.759999999997,709.999967972897));
#3341=CARTESIAN_POINT('Origin',(167.000280862584,341.199999999987,714.999967972897));
#3342=CARTESIAN_POINT('',(169.300280862584,341.199999999987,714.999967972897));
#3343=CARTESIAN_POINT('',(169.300280862584,341.199999999987,709.999967972897));
#3344=CARTESIAN_POINT('',(169.300280862584,341.199999999987,714.999967972897));
#3345=CARTESIAN_POINT('',(204.000280862584,341.199999999987,714.999967972897));
#3346=CARTESIAN_POINT('',(204.000280862584,341.199999999987,714.999967972897));
#3347=CARTESIAN_POINT('',(204.000280862584,341.199999999987,709.999967972897));
#3348=CARTESIAN_POINT('',(204.000280862584,341.199999999987,714.999967972897));
#3349=CARTESIAN_POINT('',(204.000280862584,341.199999999987,709.999967972897));
#3350=CARTESIAN_POINT('Origin',(204.000280862584,341.199999999987,714.999967972897));
#3351=CARTESIAN_POINT('',(204.000280862584,346.499999999987,714.999967972897));
#3352=CARTESIAN_POINT('',(204.000280862584,346.499999999987,714.999967972897));
#3353=CARTESIAN_POINT('',(204.000280862584,346.499999999987,709.999967972897));
#3354=CARTESIAN_POINT('',(204.000280862584,346.499999999987,714.999967972897));
#3355=CARTESIAN_POINT('',(204.000280862584,346.499999999987,709.999967972897));
#3356=CARTESIAN_POINT('Origin',(204.000280862584,346.499999999987,714.999967972897));
#3357=CARTESIAN_POINT('',(169.300280862584,346.499999999987,709.999967972897));
#3358=CARTESIAN_POINT('',(169.300280862584,346.499999999987,714.999967972897));
#3359=CARTESIAN_POINT('',(169.300280862584,346.499999999987,714.999967972897));
#3360=CARTESIAN_POINT('',(167.000280862584,346.499999999987,709.999967972897));
#3361=CARTESIAN_POINT('',(167.000280862584,346.499999999987,714.999967972897));
#3362=CARTESIAN_POINT('Origin',(169.300280862584,344.199999999987,714.999967972897));
#3363=CARTESIAN_POINT('',(167.000280862584,344.199999999987,714.999967972897));
#3364=CARTESIAN_POINT('Origin',(169.300280862584,344.199999999987,714.999967972897));
#3365=CARTESIAN_POINT('',(167.000280862584,344.199999999987,709.999967972897));
#3366=CARTESIAN_POINT('',(167.000280862584,344.199999999987,714.999967972897));
#3367=CARTESIAN_POINT('Origin',(169.300280862584,344.199999999987,709.999967972897));
#3368=CARTESIAN_POINT('Origin',(167.000280862584,346.499999999987,714.999967972897));
#3369=CARTESIAN_POINT('',(167.000280862584,343.499999999987,709.999967972897));
#3370=CARTESIAN_POINT('',(167.000280862584,343.499999999987,714.999967972897));
#3371=CARTESIAN_POINT('',(167.000280862584,343.499999999987,714.999967972897));
#3372=CARTESIAN_POINT('',(167.000280862584,341.199999999987,709.999967972897));
#3373=CARTESIAN_POINT('',(167.000280862584,341.199999999987,714.999967972897));
#3374=CARTESIAN_POINT('Origin',(169.300280862584,343.499999999987,714.999967972897));
#3375=CARTESIAN_POINT('Origin',(169.300280862584,343.499999999987,714.999967972897));
#3376=CARTESIAN_POINT('Origin',(169.300280862584,343.499999999987,709.999967972897));
#3377=CARTESIAN_POINT('Origin',(146.865907694826,335.999999999987,714.999967972897));
#3378=CARTESIAN_POINT('',(148.115907694826,335.999999999987,714.999967972897));
#3379=CARTESIAN_POINT('Origin',(146.865907694826,335.999999999987,714.999967972897));
#3380=CARTESIAN_POINT('',(148.115907694826,335.999999999987,709.999967972897));
#3381=CARTESIAN_POINT('',(148.115907694826,335.999999999987,714.999967972897));
#3382=CARTESIAN_POINT('Origin',(146.865907694826,335.999999999987,709.999967972897));
#3383=CARTESIAN_POINT('Origin',(164.134654030343,325.520000000007,714.999967972897));
#3384=CARTESIAN_POINT('',(165.384654030343,325.520000000007,714.999967972897));
#3385=CARTESIAN_POINT('Origin',(164.134654030343,325.520000000007,714.999967972897));
#3386=CARTESIAN_POINT('',(165.384654030343,325.520000000007,709.999967972897));
#3387=CARTESIAN_POINT('',(165.384654030343,325.520000000007,714.999967972897));
#3388=CARTESIAN_POINT('Origin',(164.134654030343,325.520000000007,709.999967972897));
#3389=CARTESIAN_POINT('Origin',(226.400280862599,335.499999999975,714.999967972897));
#3390=CARTESIAN_POINT('',(231.400280862599,335.499999999975,714.999967972897));
#3391=CARTESIAN_POINT('',(231.400280862599,335.499999999975,709.999967972897));
#3392=CARTESIAN_POINT('Origin',(184.400280862661,360.999999999993,704.999967972892));
#3393=CARTESIAN_POINT('',(184.400280862645,363.999999999994,714.999967972897));
#3394=CARTESIAN_POINT('',(184.400280862661,360.999999999993,714.999967972897));
#3395=CARTESIAN_POINT('',(184.400280862846,324.750000000039,714.999967972897));
#3396=CARTESIAN_POINT('',(184.400280862645,363.999999999994,709.999967972897));
#3397=CARTESIAN_POINT('',(184.400280862645,363.999999999994,704.999967972892));
#3398=CARTESIAN_POINT('',(184.400280862661,360.999999999993,709.999967972897));
#3399=CARTESIAN_POINT('',(184.400280862846,324.750000000039,709.999967972897));
#3400=CARTESIAN_POINT('',(184.400280862661,360.999999999993,704.999967972892));
#3401=CARTESIAN_POINT('Origin',(189.40028086266,363.999999999999,704.999967972892));
#3402=CARTESIAN_POINT('',(189.400280862659,364.5,714.999967972897));
#3403=CARTESIAN_POINT('',(189.400280862659,364.5,709.999967972897));
#3404=CARTESIAN_POINT('',(189.400280862659,364.5,704.999967972892));
#3405=CARTESIAN_POINT('',(189.400280862658,365.499999999999,714.999967972897));
#3406=CARTESIAN_POINT('',(189.400280862698,326.250000000015,714.999967972897));
#3407=CARTESIAN_POINT('',(189.400280862658,365.499999999999,709.999967972897));
#3408=CARTESIAN_POINT('',(189.400280862658,365.499999999999,704.999967972892));
#3409=CARTESIAN_POINT('',(189.400280862698,326.250000000015,709.999967972897));
#3410=CARTESIAN_POINT('Origin',(188.400280862658,365.499999999998,704.999967972892));
#3411=CARTESIAN_POINT('',(188.400280862658,366.499999999998,714.999967972897));
#3412=CARTESIAN_POINT('Origin',(188.400280862658,365.499999999998,714.999967972897));
#3413=CARTESIAN_POINT('',(188.400280862658,366.499999999998,709.999967972897));
#3414=CARTESIAN_POINT('',(188.400280862658,366.499999999998,704.999967972892));
#3415=CARTESIAN_POINT('Origin',(188.400280862658,365.499999999998,709.999967972897));
#3416=CARTESIAN_POINT('Origin',(188.400280862658,366.499999999998,704.999967972892));
#3417=CARTESIAN_POINT('',(181.400280862639,366.499999999997,714.999967972897));
#3418=CARTESIAN_POINT('',(179.050280862622,366.499999999997,714.999967972897));
#3419=CARTESIAN_POINT('',(181.400280862639,366.499999999997,709.999967972897));
#3420=CARTESIAN_POINT('',(181.400280862639,366.499999999997,704.999967972892));
#3421=CARTESIAN_POINT('',(179.050280862622,366.499999999997,709.999967972897));
#3422=CARTESIAN_POINT('Origin',(181.400280862639,365.499999999997,704.999967972892));
#3423=CARTESIAN_POINT('',(180.400280862639,365.499999999997,714.999967972897));
#3424=CARTESIAN_POINT('Origin',(181.400280862639,365.499999999997,714.999967972897));
#3425=CARTESIAN_POINT('',(180.400280862639,365.499999999997,709.999967972897));
#3426=CARTESIAN_POINT('',(180.400280862639,365.499999999997,704.999967972892));
#3427=CARTESIAN_POINT('Origin',(181.400280862639,365.499999999997,709.999967972897));
#3428=CARTESIAN_POINT('Origin',(180.400280862639,365.499999999997,704.999967972892));
#3429=CARTESIAN_POINT('',(180.400280862639,359.499999999997,714.999967972897));
#3430=CARTESIAN_POINT('',(180.400280862642,327.000000000004,714.999967972897));
#3431=CARTESIAN_POINT('',(180.400280862639,359.499999999997,709.999967972897));
#3432=CARTESIAN_POINT('',(180.400280862639,359.499999999997,704.999967972892));
#3433=CARTESIAN_POINT('',(180.400280862642,327.000000000004,709.999967972897));
#3434=CARTESIAN_POINT('Origin',(181.400280862639,359.499999999997,704.999967972892));
#3435=CARTESIAN_POINT('',(181.40028086264,358.499999999997,714.999967972897));
#3436=CARTESIAN_POINT('Origin',(181.400280862639,359.499999999997,714.999967972897));
#3437=CARTESIAN_POINT('',(181.40028086264,358.499999999997,709.999967972897));
#3438=CARTESIAN_POINT('',(181.40028086264,358.499999999997,704.999967972892));
#3439=CARTESIAN_POINT('Origin',(181.400280862639,359.499999999997,709.999967972897));
#3440=CARTESIAN_POINT('Origin',(181.40028086264,358.499999999997,704.999967972892));
#3441=CARTESIAN_POINT('',(188.400280862665,358.499999999998,714.999967972897));
#3442=CARTESIAN_POINT('',(175.550280862613,358.499999999996,714.999967972897));
#3443=CARTESIAN_POINT('',(188.400280862665,358.499999999998,709.999967972897));
#3444=CARTESIAN_POINT('',(188.400280862665,358.499999999998,704.999967972892));
#3445=CARTESIAN_POINT('',(175.550280862613,358.499999999996,709.999967972897));
#3446=CARTESIAN_POINT('Origin',(188.400280862664,359.499999999998,704.999967972892));
#3447=CARTESIAN_POINT('',(189.400280862664,359.499999999999,714.999967972897));
#3448=CARTESIAN_POINT('Origin',(188.400280862664,359.499999999998,714.999967972897));
#3449=CARTESIAN_POINT('',(189.400280862664,359.499999999999,709.999967972897));
#3450=CARTESIAN_POINT('',(189.400280862664,359.499999999999,704.999967972892));
#3451=CARTESIAN_POINT('Origin',(188.400280862664,359.499999999998,709.999967972897));
#3452=CARTESIAN_POINT('Origin',(184.900280862663,360.999999999996,704.999967972892));
#3453=CARTESIAN_POINT('',(185.333293564558,360.749999999996,714.999967972897));
#3454=CARTESIAN_POINT('',(185.333293564558,360.749999999996,709.999967972897));
#3455=CARTESIAN_POINT('',(185.333293564558,360.749999999996,704.999967972892));
#3456=CARTESIAN_POINT('Origin',(184.900280862663,360.999999999996,714.999967972897));
#3457=CARTESIAN_POINT('Origin',(184.900280862663,360.999999999996,709.999967972897));
#3458=CARTESIAN_POINT('Origin',(189.400280862664,359.499999999999,704.999967972892));
#3459=CARTESIAN_POINT('',(189.400280862663,360.499999999998,709.999967972897));
#3460=CARTESIAN_POINT('',(189.400280862663,360.499999999998,714.999967972897));
#3461=CARTESIAN_POINT('',(189.400280862663,360.499999999998,704.999967972892));
#3462=CARTESIAN_POINT('',(189.400280862699,324.000000000014,709.999967972897));
#3463=CARTESIAN_POINT('',(189.400280862699,324.000000000014,714.999967972897));
#3464=CARTESIAN_POINT('Origin',(188.900280862663,360.499999999997,704.999967972892));
#3465=CARTESIAN_POINT('',(188.900280862663,360.999999999997,709.999967972897));
#3466=CARTESIAN_POINT('Origin',(188.900280862663,360.499999999997,709.999967972897));
#3467=CARTESIAN_POINT('',(188.900280862663,360.999999999997,714.999967972897));
#3468=CARTESIAN_POINT('Origin',(188.900280862663,360.499999999997,714.999967972897));
#3469=CARTESIAN_POINT('',(188.900280862663,360.999999999997,704.999967972892));
#3470=CARTESIAN_POINT('Origin',(185.400280862643,363.999999999998,704.999967972892));
#3471=CARTESIAN_POINT('',(185.766306266427,363.999999999998,714.999967972897));
#3472=CARTESIAN_POINT('',(185.766306266427,363.999999999998,709.999967972897));
#3473=CARTESIAN_POINT('',(185.766306266427,363.999999999998,704.999967972892));
#3474=CARTESIAN_POINT('',(188.90028086266,363.999999999999,714.999967972897));
#3475=CARTESIAN_POINT('',(177.550280862608,363.999999999995,714.999967972897));
#3476=CARTESIAN_POINT('',(188.90028086266,363.999999999999,709.999967972897));
#3477=CARTESIAN_POINT('',(188.90028086266,363.999999999999,704.999967972892));
#3478=CARTESIAN_POINT('',(177.550280862608,363.999999999995,709.999967972897));
#3479=CARTESIAN_POINT('Origin',(188.900280862659,364.499999999999,704.999967972892));
#3480=CARTESIAN_POINT('Origin',(188.900280862659,364.499999999999,709.999967972897));
#3481=CARTESIAN_POINT('Origin',(188.900280862659,364.499999999999,714.999967972897));
#3482=CARTESIAN_POINT('Origin',(184.900280862645,363.999999999997,704.999967972892));
#3483=CARTESIAN_POINT('',(185.333293564535,364.249999999997,709.999967972897));
#3484=CARTESIAN_POINT('',(185.333293564535,364.249999999997,714.999967972897));
#3485=CARTESIAN_POINT('',(185.333293564535,364.249999999997,704.999967972892));
#3486=CARTESIAN_POINT('Origin',(184.900280862645,363.999999999997,709.999967972897));
#3487=CARTESIAN_POINT('Origin',(184.900280862645,363.999999999997,714.999967972897));
#3488=CARTESIAN_POINT('Origin',(185.766306266426,364.499999999998,704.999967972892));
#3489=CARTESIAN_POINT('Origin',(185.766306266426,364.499999999998,709.999967972897));
#3490=CARTESIAN_POINT('Origin',(185.766306266426,364.499999999998,714.999967972897));
#3491=CARTESIAN_POINT('Origin',(189.400280862663,360.999999999997,704.999967972892));
#3492=CARTESIAN_POINT('',(185.76630626645,360.999999999996,709.999967972897));
#3493=CARTESIAN_POINT('',(185.76630626645,360.999999999996,714.999967972897));
#3494=CARTESIAN_POINT('',(185.76630626645,360.999999999996,704.999967972892));
#3495=CARTESIAN_POINT('',(179.550280862624,360.999999999995,709.999967972897));
#3496=CARTESIAN_POINT('',(179.550280862624,360.999999999995,714.999967972897));
#3497=CARTESIAN_POINT('Origin',(185.76630626645,360.499999999996,704.999967972892));
#3498=CARTESIAN_POINT('Origin',(185.76630626645,360.499999999996,709.999967972897));
#3499=CARTESIAN_POINT('Origin',(185.76630626645,360.499999999996,714.999967972897));
#3500=CARTESIAN_POINT('Origin',(200.500280862598,367.499999999997,749.999967972897));
#3501=CARTESIAN_POINT('',(200.500280862598,370.549999999997,714.999967972897));
#3502=CARTESIAN_POINT('Origin',(200.500280862598,367.499999999997,714.999967972897));
#3503=CARTESIAN_POINT('',(200.500280862598,370.549999999997,709.999967972897));
#3504=CARTESIAN_POINT('',(200.500280862598,370.549999999997,749.999967972897));
#3505=CARTESIAN_POINT('Origin',(200.500280862598,367.499999999997,709.999967972897));
#3506=CARTESIAN_POINT('Origin',(130.000280862595,352.499999999998,749.999967972897));
#3507=CARTESIAN_POINT('',(130.250280862596,352.93301270189,709.999967972897));
#3508=CARTESIAN_POINT('',(130.250280862596,352.93301270189,714.999967972897));
#3509=CARTESIAN_POINT('',(130.250280862596,352.93301270189,749.999967972897));
#3510=CARTESIAN_POINT('',(129.567268160703,352.249999999998,709.999967972897));
#3511=CARTESIAN_POINT('Origin',(130.000280862595,352.499999999998,709.999967972897));
#3512=CARTESIAN_POINT('',(129.567268160703,352.249999999998,714.999967972897));
#3513=CARTESIAN_POINT('',(129.567268160703,352.249999999998,749.999967972897));
#3514=CARTESIAN_POINT('Origin',(130.000280862595,352.499999999998,714.999967972897));
#3515=CARTESIAN_POINT('Origin',(129.134255458811,351.999999999998,749.999967972897));
#3516=CARTESIAN_POINT('',(129.134255458811,352.499999999998,709.999967972897));
#3517=CARTESIAN_POINT('Origin',(129.134255458811,351.999999999998,709.999967972897));
#3518=CARTESIAN_POINT('',(129.134255458811,352.499999999998,714.999967972897));
#3519=CARTESIAN_POINT('',(129.134255458811,352.499999999998,749.999967972897));
#3520=CARTESIAN_POINT('Origin',(129.134255458811,351.999999999998,714.999967972897));
#3521=CARTESIAN_POINT('Origin',(130.500280862596,353.366025403782,749.999967972897));
#3522=CARTESIAN_POINT('',(130.000280862596,353.366025403782,714.999967972897));
#3523=CARTESIAN_POINT('Origin',(130.500280862596,353.366025403782,714.999967972897));
#3524=CARTESIAN_POINT('',(130.000280862596,353.366025403782,709.999967972897));
#3525=CARTESIAN_POINT('',(130.000280862596,353.366025403782,749.999967972897));
#3526=CARTESIAN_POINT('Origin',(130.500280862596,353.366025403782,709.999967972897));
#3527=CARTESIAN_POINT('Origin',(127.000280862597,314.000010681148,714.999967972897));
#3528=CARTESIAN_POINT('',(101.500280862597,314.000010172522,709.999967972897));
#3529=CARTESIAN_POINT('',(101.500280862597,314.000010681148,714.999967972897));
#3530=CARTESIAN_POINT('',(101.500280862597,314.000010681148,714.999967972897));
#3531=CARTESIAN_POINT('',(145.650533394292,314.000009155271,709.999967972897));
#3532=CARTESIAN_POINT('',(146.850280862598,314.000010681148,714.999967972897));
#3533=CARTESIAN_POINT('Origin',(101.500280862597,315.500010681148,714.999967972897));
#3534=CARTESIAN_POINT('',(100.000280862597,315.500010681148,714.999967972897));
#3535=CARTESIAN_POINT('Origin',(101.500280862597,315.500010681148,714.999967972897));
#3536=CARTESIAN_POINT('',(100.000280862597,315.500010681148,709.999967972897));
#3537=CARTESIAN_POINT('',(100.000280862597,315.500010681148,714.999967972897));
#3538=CARTESIAN_POINT('Origin',(101.500280862597,315.500010681148,709.999967972897));
#3539=CARTESIAN_POINT('Origin',(100.000280862597,314.099999999998,714.999967972897));
#3540=CARTESIAN_POINT('',(100.000280862597,350.999999999998,709.999967972897));
#3541=CARTESIAN_POINT('',(100.000280862597,350.999999999998,714.999967972897));
#3542=CARTESIAN_POINT('',(100.000280862597,350.999999999998,714.999967972897));
#3543=CARTESIAN_POINT('',(100.000280862597,324.674999999998,709.999967972897));
#3544=CARTESIAN_POINT('',(100.000280862597,303.300000000004,714.999967972897));
#3545=CARTESIAN_POINT('Origin',(166.700280862598,292.50000000001,714.999967972897));
#3546=CARTESIAN_POINT('',(131.500280862596,382.499999999975,714.999967972897));
#3547=CARTESIAN_POINT('',(176.50028086257,382.499999999975,714.999967972897));
#3548=CARTESIAN_POINT('',(130.000280862596,380.999999999975,714.999967972897));
#3549=CARTESIAN_POINT('Origin',(131.500280862596,380.999999999975,714.999967972897));
#3550=CARTESIAN_POINT('',(130.000280862596,372.499999999975,714.999967972897));
#3551=CARTESIAN_POINT('',(101.500280862597,352.499999999998,714.999967972897));
#3552=CARTESIAN_POINT('',(122.500280862597,352.499999999998,714.999967972897));
#3553=CARTESIAN_POINT('Origin',(101.500280862597,350.999999999998,714.999967972897));
#3554=CARTESIAN_POINT('Origin',(110.000280862597,352.499999999998,714.999967972897));
#3555=CARTESIAN_POINT('',(101.500280862597,352.499999999998,709.999967972897));
#3556=CARTESIAN_POINT('',(101.500280862597,352.499999999998,714.999967972897));
#3557=CARTESIAN_POINT('',(122.500280862597,352.499999999998,709.999967972897));
#3558=CARTESIAN_POINT('Origin',(101.500280862597,350.999999999998,714.999967972897));
#3559=CARTESIAN_POINT('Origin',(101.500280862597,350.999999999998,709.999967972897));
#3560=CARTESIAN_POINT('Origin',(130.000280862596,351.499999999997,714.999967972897));
#3561=CARTESIAN_POINT('',(130.000280862596,380.999999999975,709.999967972897));
#3562=CARTESIAN_POINT('',(130.000280862596,380.999999999975,714.999967972897));
#3563=CARTESIAN_POINT('',(130.000280862596,320.374997329461,709.999967972897));
#3564=CARTESIAN_POINT('Origin',(131.500280862596,380.999999999975,714.999967972897));
#3565=CARTESIAN_POINT('',(131.500280862596,382.499999999975,709.999967972897));
#3566=CARTESIAN_POINT('',(131.500280862596,382.499999999975,714.999967972897));
#3567=CARTESIAN_POINT('Origin',(131.500280862596,380.999999999975,709.999967972897));
#3568=CARTESIAN_POINT('Origin',(166.700280862598,292.50000000001,709.999967972897));
#3569=CARTESIAN_POINT('',(138.000280862596,382.499999999975,709.999967972897));
#3570=CARTESIAN_POINT('Origin',(134.500280862596,382.499999999975,714.999967972897));
#3571=CARTESIAN_POINT('',(-318.000280862595,-163.5,-694.999968032501));
#3572=CARTESIAN_POINT('',(-131.999719137405,163.5,694.999968032501));
#3573=CARTESIAN_POINT('',(0.,0.,0.));
#3574=UNCERTAINTY_MEASURE_WITH_UNIT(LENGTH_MEASURE(0.01),#3584,
'DISTANCE_ACCURACY_VALUE',
'Maximum model space distance between geometric entities at asserted c
onnectivities');
#3575=UNCERTAINTY_MEASURE_WITH_UNIT(LENGTH_MEASURE(0.01),#3584,
'DISTANCE_ACCURACY_VALUE',
'Maximum model space distance between geometric entities at asserted c
onnectivities');
#3576=UNCERTAINTY_MEASURE_WITH_UNIT(LENGTH_MEASURE(0.01),#3584,
'DISTANCE_ACCURACY_VALUE',
'Maximum model space distance between geometric entities at asserted c
onnectivities');
#3577=UNCERTAINTY_MEASURE_WITH_UNIT(LENGTH_MEASURE(0.01),#3584,
'DISTANCE_ACCURACY_VALUE',
'Maximum model space distance between geometric entities at asserted c
onnectivities');
#3578=UNCERTAINTY_MEASURE_WITH_UNIT(LENGTH_MEASURE(0.01),#3584,
'DISTANCE_ACCURACY_VALUE',
'Maximum model space distance between geometric entities at asserted c
onnectivities');
#3579=(
GEOMETRIC_REPRESENTATION_CONTEXT(3)
GLOBAL_UNCERTAINTY_ASSIGNED_CONTEXT((#3574))
GLOBAL_UNIT_ASSIGNED_CONTEXT((#3584,#3586,#3587))
REPRESENTATION_CONTEXT('','3D')
);
#3580=(
GEOMETRIC_REPRESENTATION_CONTEXT(3)
GLOBAL_UNCERTAINTY_ASSIGNED_CONTEXT((#3575))
GLOBAL_UNIT_ASSIGNED_CONTEXT((#3584,#3586,#3587))
REPRESENTATION_CONTEXT('','3D')
);
#3581=(
GEOMETRIC_REPRESENTATION_CONTEXT(3)
GLOBAL_UNCERTAINTY_ASSIGNED_CONTEXT((#3576))
GLOBAL_UNIT_ASSIGNED_CONTEXT((#3584,#3586,#3587))
REPRESENTATION_CONTEXT('','3D')
);
#3582=(
GEOMETRIC_REPRESENTATION_CONTEXT(3)
GLOBAL_UNCERTAINTY_ASSIGNED_CONTEXT((#3577))
GLOBAL_UNIT_ASSIGNED_CONTEXT((#3584,#3586,#3587))
REPRESENTATION_CONTEXT('','3D')
);
#3583=(
GEOMETRIC_REPRESENTATION_CONTEXT(3)
GLOBAL_UNCERTAINTY_ASSIGNED_CONTEXT((#3578))
GLOBAL_UNIT_ASSIGNED_CONTEXT((#3584,#3586,#3587))
REPRESENTATION_CONTEXT('','3D')
);
#3584=(
LENGTH_UNIT()
NAMED_UNIT(*)
SI_UNIT(.MILLI.,.METRE.)
);
#3585=(
LENGTH_UNIT()
NAMED_UNIT(*)
SI_UNIT($,.METRE.)
);
#3586=(
NAMED_UNIT(*)
PLANE_ANGLE_UNIT()
SI_UNIT($,.RADIAN.)
);
#3587=(
NAMED_UNIT(*)
SI_UNIT($,.STERADIAN.)
SOLID_ANGLE_UNIT()
);
#3588=SHAPE_DEFINITION_REPRESENTATION(#3592,#3599);
#3589=SHAPE_DEFINITION_REPRESENTATION(#3593,#3600);
#3590=SHAPE_DEFINITION_REPRESENTATION(#3594,#3601);
#3591=SHAPE_DEFINITION_REPRESENTATION(#3595,#3602);
#3592=PRODUCT_DEFINITION_SHAPE('',$,#3604);
#3593=PRODUCT_DEFINITION_SHAPE('',$,#3605);
#3594=PRODUCT_DEFINITION_SHAPE('',$,#3606);
#3595=PRODUCT_DEFINITION_SHAPE('',$,#3607);
#3596=PRODUCT_DEFINITION_SHAPE($,$,#20);
#3597=PRODUCT_DEFINITION_SHAPE($,$,#21);
#3598=PRODUCT_DEFINITION_SHAPE($,$,#22);
#3599=SHAPE_REPRESENTATION('',(#2086,#2320),#3579);
#3600=SHAPE_REPRESENTATION('',(#2087,#2319),#3580);
#3601=SHAPE_REPRESENTATION('',(#2088,#2318),#3581);
#3602=SHAPE_REPRESENTATION('',(#2089),#3582);
#3603=PRODUCT_DEFINITION_CONTEXT('part definition',#3617,'design');
#3604=PRODUCT_DEFINITION('2026-08-09-21-43-37-793','(Unsaved)',#3608,#3603);
#3605=PRODUCT_DEFINITION('2026-08-14-10-18-47-270',
'3030 Rear Motor Assemblies',#3609,#3603);
#3606=PRODUCT_DEFINITION('2026-08-14-10-18-47-271',
'_Sheet_metal_VT_9mm_rear_left_motor_mount',#3610,#3603);
#3607=PRODUCT_DEFINITION('2026-08-14-10-18-47-271_1',
'2x-3030_Sheet_metal_RR_rear_motor_mount_a_4.7-5mm (1) (1)',#3611,#3603);
#3608=PRODUCT_DEFINITION_FORMATION('',$,#3619);
#3609=PRODUCT_DEFINITION_FORMATION('',$,#3620);
#3610=PRODUCT_DEFINITION_FORMATION('',$,#3621);
#3611=PRODUCT_DEFINITION_FORMATION('',$,#3622);
#3612=PRODUCT_RELATED_PRODUCT_CATEGORY('(Unsaved)','(Unsaved)',(#3619));
#3613=PRODUCT_RELATED_PRODUCT_CATEGORY('3030 Rear Motor Assemblies',
'3030 Rear Motor Assemblies',(#3620));
#3614=PRODUCT_RELATED_PRODUCT_CATEGORY(
'_Sheet_metal_VT_9mm_rear_left_motor_mount',
'_Sheet_metal_VT_9mm_rear_left_motor_mount',(#3621));
#3615=PRODUCT_RELATED_PRODUCT_CATEGORY(
'2x-3030_Sheet_metal_RR_rear_motor_mount_a_4.7-5mm (1) (1)',
'2x-3030_Sheet_metal_RR_rear_motor_mount_a_4.7-5mm (1) (1)',(#3622));
#3616=APPLICATION_PROTOCOL_DEFINITION('international standard',
'automotive_design',2009,#3617);
#3617=APPLICATION_CONTEXT(
'Core Data for Automotive Mechanical Design Process');
#3618=PRODUCT_CONTEXT('part definition',#3617,'mechanical');
#3619=PRODUCT('2026-08-09-21-43-37-793','(Unsaved)',$,(#3618));
#3620=PRODUCT('2026-08-14-10-18-47-270','3030 Rear Motor Assemblies',$,
(#3618));
#3621=PRODUCT('2026-08-14-10-18-47-271',
'_Sheet_metal_VT_9mm_rear_left_motor_mount',$,(#3618));
#3622=PRODUCT('2026-08-14-10-18-47-271_1',
'2x-3030_Sheet_metal_RR_rear_motor_mount_a_4.7-5mm (1) (1)',$,(#3618));
#3623=PRESENTATION_STYLE_ASSIGNMENT((#3626));
#3624=PRESENTATION_STYLE_ASSIGNMENT((#3627));
#3625=PRESENTATION_STYLE_ASSIGNMENT((#3628));
#3626=SURFACE_STYLE_USAGE(.BOTH.,#3629);
#3627=SURFACE_STYLE_USAGE(.BOTH.,#3630);
#3628=SURFACE_STYLE_USAGE(.BOTH.,#3631);
#3629=SURFACE_SIDE_STYLE('',(#3632));
#3630=SURFACE_SIDE_STYLE('',(#3633));
#3631=SURFACE_SIDE_STYLE('',(#3634));
#3632=SURFACE_STYLE_FILL_AREA(#3635);
#3633=SURFACE_STYLE_FILL_AREA(#3636);
#3634=SURFACE_STYLE_FILL_AREA(#3637);
#3635=FILL_AREA_STYLE('Steel - Satin',(#3638));
#3636=FILL_AREA_STYLE('Opaque(137,137,137)',(#3639));
#3637=FILL_AREA_STYLE('Opaque(245,245,246)',(#3640));
#3638=FILL_AREA_STYLE_COLOUR('Steel - Satin',#3641);
#3639=FILL_AREA_STYLE_COLOUR('Opaque(137,137,137)',#3642);
#3640=FILL_AREA_STYLE_COLOUR('Opaque(245,245,246)',#3643);
#3641=COLOUR_RGB('Steel - Satin',0.627450980392157,0.627450980392157,0.627450980392157);
#3642=COLOUR_RGB('Opaque(137,137,137)',0.537254901960784,0.537254901960784,
0.537254901960784);
#3643=COLOUR_RGB('Opaque(245,245,246)',0.96078431372549,0.96078431372549,
0.964705882352941);
ENDSEC;
END-ISO-10303-21;
