ISO-10303-21;
HEADER;
/* Generated by software containing ST-Developer
 * from STEP Tools, Inc. (www.steptools.com) 
 */

FILE_DESCRIPTION(
/* description */ (''),
/* implementation_level */ '2;1');

FILE_NAME(
/* name */ '2x Sheet_metal_XY_joint_b_3-3.2mm.step',
/* time_stamp */ '2026-08-22T22:42:14-05:00',
/* author */ (''),
/* organization */ (''),
/* preprocessor_version */ 'ST-DEVELOPER v20.1',
/* originating_system */ 'Autodesk Translation Framework v15.8.0.0',
/* authorisation */ '');

FILE_SCHEMA (('AUTOMOTIVE_DESIGN { 1 0 10303 214 3 1 1 }'));
ENDSEC;

DATA;
#10=MECHANICAL_DESIGN_GEOMETRIC_PRESENTATION_REPRESENTATION('',(#21),#2447);
#11=ITEM_DEFINED_TRANSFORMATION($,$,#1422,#1581);
#12=ITEM_DEFINED_TRANSFORMATION($,$,#1421,#1582);
#13=(
REPRESENTATION_RELATIONSHIP($,$,#2462,#2461)
REPRESENTATION_RELATIONSHIP_WITH_TRANSFORMATION(#11)
SHAPE_REPRESENTATION_RELATIONSHIP()
);
#14=(
REPRESENTATION_RELATIONSHIP($,$,#2461,#2460)
REPRESENTATION_RELATIONSHIP_WITH_TRANSFORMATION(#12)
SHAPE_REPRESENTATION_RELATIONSHIP()
);
#15=CONTEXT_DEPENDENT_SHAPE_REPRESENTATION(#13,#2458);
#16=CONTEXT_DEPENDENT_SHAPE_REPRESENTATION(#14,#2459);
#17=NEXT_ASSEMBLY_USAGE_OCCURRENCE(
'Sheet_metal_XY_joint_b_3-3.2mm (2):1',
'Sheet_metal_XY_joint_b_3-3.2mm (2):1',
'Sheet_metal_XY_joint_b_3-3.2mm (2):1',#2465,#2466,
'Sheet_metal_XY_joint_b_3-3.2mm (2):1');
#18=NEXT_ASSEMBLY_USAGE_OCCURRENCE(
'_Sheet_metal_9mm_AWD_left_XY_joint (1) (1):1',
'_Sheet_metal_9mm_AWD_left_XY_joint (1) (1):1',
'_Sheet_metal_9mm_AWD_left_XY_joint (1) (1):1',#2464,#2465,
'_Sheet_metal_9mm_AWD_left_XY_joint (1) (1):1');
#19=SHAPE_REPRESENTATION_RELATIONSHIP('SRR','None',#2462,#20);
#20=ADVANCED_BREP_SHAPE_REPRESENTATION('',(#22),#2446);
#21=STYLED_ITEM('',(#2480),#22);
#22=MANIFOLD_SOLID_BREP('Body1',#1407);
#23=FACE_BOUND('',#139,.T.);
#24=FACE_BOUND('',#140,.T.);
#25=FACE_BOUND('',#141,.T.);
#26=FACE_BOUND('',#142,.T.);
#27=FACE_BOUND('',#143,.T.);
#28=FACE_BOUND('',#144,.T.);
#29=FACE_BOUND('',#145,.T.);
#30=FACE_BOUND('',#146,.T.);
#31=FACE_BOUND('',#147,.T.);
#32=FACE_BOUND('',#175,.T.);
#33=FACE_BOUND('',#176,.T.);
#34=FACE_BOUND('',#177,.T.);
#35=FACE_BOUND('',#178,.T.);
#36=FACE_BOUND('',#179,.T.);
#37=FACE_BOUND('',#180,.T.);
#38=FACE_BOUND('',#181,.T.);
#39=FACE_BOUND('',#182,.T.);
#40=FACE_BOUND('',#183,.T.);
#41=PLANE('',#1426);
#42=PLANE('',#1470);
#43=PLANE('',#1475);
#44=PLANE('',#1480);
#45=PLANE('',#1483);
#46=PLANE('',#1488);
#47=PLANE('',#1491);
#48=PLANE('',#1492);
#49=PLANE('',#1495);
#50=PLANE('',#1504);
#51=PLANE('',#1511);
#52=PLANE('',#1512);
#53=PLANE('',#1541);
#54=PLANE('',#1542);
#55=PLANE('',#1546);
#56=PLANE('',#1547);
#57=PLANE('',#1551);
#58=PLANE('',#1553);
#59=PLANE('',#1556);
#60=PLANE('',#1558);
#61=PLANE('',#1562);
#62=PLANE('',#1565);
#63=PLANE('',#1568);
#64=PLANE('',#1570);
#65=PLANE('',#1577);
#66=PLANE('',#1579);
#67=FACE_OUTER_BOUND('',#137,.T.);
#68=FACE_OUTER_BOUND('',#138,.T.);
#69=FACE_OUTER_BOUND('',#148,.T.);
#70=FACE_OUTER_BOUND('',#149,.T.);
#71=FACE_OUTER_BOUND('',#150,.T.);
#72=FACE_OUTER_BOUND('',#151,.T.);
#73=FACE_OUTER_BOUND('',#152,.T.);
#74=FACE_OUTER_BOUND('',#153,.T.);
#75=FACE_OUTER_BOUND('',#154,.T.);
#76=FACE_OUTER_BOUND('',#155,.T.);
#77=FACE_OUTER_BOUND('',#156,.T.);
#78=FACE_OUTER_BOUND('',#157,.T.);
#79=FACE_OUTER_BOUND('',#158,.T.);
#80=FACE_OUTER_BOUND('',#159,.T.);
#81=FACE_OUTER_BOUND('',#160,.T.);
#82=FACE_OUTER_BOUND('',#161,.T.);
#83=FACE_OUTER_BOUND('',#162,.T.);
#84=FACE_OUTER_BOUND('',#163,.T.);
#85=FACE_OUTER_BOUND('',#164,.T.);
#86=FACE_OUTER_BOUND('',#165,.T.);
#87=FACE_OUTER_BOUND('',#166,.T.);
#88=FACE_OUTER_BOUND('',#167,.T.);
#89=FACE_OUTER_BOUND('',#168,.T.);
#90=FACE_OUTER_BOUND('',#169,.T.);
#91=FACE_OUTER_BOUND('',#170,.T.);
#92=FACE_OUTER_BOUND('',#171,.T.);
#93=FACE_OUTER_BOUND('',#172,.T.);
#94=FACE_OUTER_BOUND('',#173,.T.);
#95=FACE_OUTER_BOUND('',#174,.T.);
#96=FACE_OUTER_BOUND('',#184,.T.);
#97=FACE_OUTER_BOUND('',#185,.T.);
#98=FACE_OUTER_BOUND('',#186,.T.);
#99=FACE_OUTER_BOUND('',#187,.T.);
#100=FACE_OUTER_BOUND('',#188,.T.);
#101=FACE_OUTER_BOUND('',#189,.T.);
#102=FACE_OUTER_BOUND('',#190,.T.);
#103=FACE_OUTER_BOUND('',#191,.T.);
#104=FACE_OUTER_BOUND('',#192,.T.);
#105=FACE_OUTER_BOUND('',#193,.T.);
#106=FACE_OUTER_BOUND('',#194,.T.);
#107=FACE_OUTER_BOUND('',#195,.T.);
#108=FACE_OUTER_BOUND('',#196,.T.);
#109=FACE_OUTER_BOUND('',#197,.T.);
#110=FACE_OUTER_BOUND('',#198,.T.);
#111=FACE_OUTER_BOUND('',#199,.T.);
#112=FACE_OUTER_BOUND('',#200,.T.);
#113=FACE_OUTER_BOUND('',#201,.T.);
#114=FACE_OUTER_BOUND('',#202,.T.);
#115=FACE_OUTER_BOUND('',#203,.T.);
#116=FACE_OUTER_BOUND('',#204,.T.);
#117=FACE_OUTER_BOUND('',#205,.T.);
#118=FACE_OUTER_BOUND('',#206,.T.);
#119=FACE_OUTER_BOUND('',#207,.T.);
#120=FACE_OUTER_BOUND('',#208,.T.);
#121=FACE_OUTER_BOUND('',#209,.T.);
#122=FACE_OUTER_BOUND('',#210,.T.);
#123=FACE_OUTER_BOUND('',#211,.T.);
#124=FACE_OUTER_BOUND('',#212,.T.);
#125=FACE_OUTER_BOUND('',#213,.T.);
#126=FACE_OUTER_BOUND('',#214,.T.);
#127=FACE_OUTER_BOUND('',#215,.T.);
#128=FACE_OUTER_BOUND('',#216,.T.);
#129=FACE_OUTER_BOUND('',#217,.T.);
#130=FACE_OUTER_BOUND('',#218,.T.);
#131=FACE_OUTER_BOUND('',#219,.T.);
#132=FACE_OUTER_BOUND('',#220,.T.);
#133=FACE_OUTER_BOUND('',#221,.T.);
#134=FACE_OUTER_BOUND('',#222,.T.);
#135=FACE_OUTER_BOUND('',#223,.T.);
#136=FACE_OUTER_BOUND('',#224,.T.);
#137=EDGE_LOOP('',(#885,#886,#887,#888));
#138=EDGE_LOOP('',(#889,#890,#891,#892,#893,#894,#895,#896,#897,#898,#899,
#900,#901,#902,#903,#904,#905,#906,#907,#908,#909,#910,#911,#912));
#139=EDGE_LOOP('',(#913,#914,#915,#916,#917,#918,#919,#920,#921,#922,#923,
#924,#925,#926,#927,#928,#929));
#140=EDGE_LOOP('',(#930));
#141=EDGE_LOOP('',(#931,#932,#933,#934,#935,#936,#937,#938,#939,#940,#941,
#942,#943,#944,#945,#946,#947));
#142=EDGE_LOOP('',(#948,#949,#950,#951));
#143=EDGE_LOOP('',(#952));
#144=EDGE_LOOP('',(#953));
#145=EDGE_LOOP('',(#954));
#146=EDGE_LOOP('',(#955));
#147=EDGE_LOOP('',(#956));
#148=EDGE_LOOP('',(#957,#958,#959,#960));
#149=EDGE_LOOP('',(#961,#962,#963,#964));
#150=EDGE_LOOP('',(#965,#966,#967,#968));
#151=EDGE_LOOP('',(#969,#970,#971,#972));
#152=EDGE_LOOP('',(#973,#974,#975,#976));
#153=EDGE_LOOP('',(#977,#978,#979,#980));
#154=EDGE_LOOP('',(#981,#982,#983,#984));
#155=EDGE_LOOP('',(#985,#986,#987,#988));
#156=EDGE_LOOP('',(#989,#990,#991,#992));
#157=EDGE_LOOP('',(#993,#994,#995,#996));
#158=EDGE_LOOP('',(#997,#998,#999,#1000));
#159=EDGE_LOOP('',(#1001,#1002,#1003,#1004));
#160=EDGE_LOOP('',(#1005,#1006,#1007,#1008));
#161=EDGE_LOOP('',(#1009,#1010,#1011,#1012));
#162=EDGE_LOOP('',(#1013,#1014,#1015,#1016));
#163=EDGE_LOOP('',(#1017,#1018,#1019,#1020));
#164=EDGE_LOOP('',(#1021,#1022,#1023,#1024));
#165=EDGE_LOOP('',(#1025,#1026,#1027,#1028));
#166=EDGE_LOOP('',(#1029,#1030,#1031,#1032));
#167=EDGE_LOOP('',(#1033,#1034,#1035,#1036));
#168=EDGE_LOOP('',(#1037,#1038,#1039,#1040));
#169=EDGE_LOOP('',(#1041,#1042,#1043,#1044));
#170=EDGE_LOOP('',(#1045,#1046,#1047,#1048));
#171=EDGE_LOOP('',(#1049,#1050,#1051,#1052));
#172=EDGE_LOOP('',(#1053,#1054,#1055,#1056));
#173=EDGE_LOOP('',(#1057,#1058,#1059,#1060));
#174=EDGE_LOOP('',(#1061,#1062,#1063,#1064,#1065,#1066,#1067,#1068,#1069,
#1070,#1071,#1072,#1073,#1074,#1075,#1076,#1077,#1078,#1079,#1080,#1081,
#1082,#1083,#1084));
#175=EDGE_LOOP('',(#1085,#1086,#1087,#1088,#1089,#1090,#1091,#1092,#1093,
#1094,#1095,#1096,#1097,#1098,#1099,#1100,#1101));
#176=EDGE_LOOP('',(#1102,#1103,#1104,#1105,#1106,#1107,#1108,#1109,#1110,
#1111,#1112,#1113,#1114,#1115,#1116,#1117,#1118));
#177=EDGE_LOOP('',(#1119));
#178=EDGE_LOOP('',(#1120));
#179=EDGE_LOOP('',(#1121));
#180=EDGE_LOOP('',(#1122));
#181=EDGE_LOOP('',(#1123));
#182=EDGE_LOOP('',(#1124));
#183=EDGE_LOOP('',(#1125,#1126,#1127,#1128));
#184=EDGE_LOOP('',(#1129,#1130,#1131,#1132));
#185=EDGE_LOOP('',(#1133,#1134,#1135,#1136));
#186=EDGE_LOOP('',(#1137,#1138,#1139,#1140));
#187=EDGE_LOOP('',(#1141,#1142,#1143,#1144));
#188=EDGE_LOOP('',(#1145,#1146,#1147,#1148));
#189=EDGE_LOOP('',(#1149,#1150,#1151,#1152));
#190=EDGE_LOOP('',(#1153,#1154,#1155,#1156));
#191=EDGE_LOOP('',(#1157,#1158,#1159,#1160));
#192=EDGE_LOOP('',(#1161,#1162,#1163,#1164));
#193=EDGE_LOOP('',(#1165,#1166,#1167,#1168));
#194=EDGE_LOOP('',(#1169,#1170,#1171,#1172));
#195=EDGE_LOOP('',(#1173,#1174,#1175,#1176));
#196=EDGE_LOOP('',(#1177,#1178,#1179,#1180));
#197=EDGE_LOOP('',(#1181,#1182,#1183,#1184));
#198=EDGE_LOOP('',(#1185,#1186,#1187,#1188));
#199=EDGE_LOOP('',(#1189,#1190,#1191,#1192));
#200=EDGE_LOOP('',(#1193,#1194,#1195,#1196));
#201=EDGE_LOOP('',(#1197,#1198,#1199,#1200));
#202=EDGE_LOOP('',(#1201,#1202,#1203,#1204));
#203=EDGE_LOOP('',(#1205,#1206,#1207,#1208));
#204=EDGE_LOOP('',(#1209,#1210,#1211,#1212));
#205=EDGE_LOOP('',(#1213,#1214,#1215,#1216));
#206=EDGE_LOOP('',(#1217,#1218,#1219,#1220));
#207=EDGE_LOOP('',(#1221,#1222,#1223,#1224));
#208=EDGE_LOOP('',(#1225,#1226,#1227,#1228));
#209=EDGE_LOOP('',(#1229,#1230,#1231,#1232));
#210=EDGE_LOOP('',(#1233,#1234,#1235,#1236));
#211=EDGE_LOOP('',(#1237,#1238,#1239,#1240));
#212=EDGE_LOOP('',(#1241,#1242,#1243,#1244));
#213=EDGE_LOOP('',(#1245,#1246,#1247,#1248));
#214=EDGE_LOOP('',(#1249,#1250,#1251,#1252));
#215=EDGE_LOOP('',(#1253,#1254,#1255,#1256));
#216=EDGE_LOOP('',(#1257,#1258,#1259,#1260));
#217=EDGE_LOOP('',(#1261,#1262,#1263,#1264));
#218=EDGE_LOOP('',(#1265,#1266,#1267,#1268));
#219=EDGE_LOOP('',(#1269,#1270,#1271,#1272));
#220=EDGE_LOOP('',(#1273,#1274,#1275,#1276));
#221=EDGE_LOOP('',(#1277,#1278,#1279,#1280));
#222=EDGE_LOOP('',(#1281,#1282,#1283,#1284));
#223=EDGE_LOOP('',(#1285,#1286,#1287,#1288));
#224=EDGE_LOOP('',(#1289,#1290,#1291,#1292));
#225=LINE('',#2033,#341);
#226=LINE('',#2036,#342);
#227=LINE('',#2040,#343);
#228=LINE('',#2044,#344);
#229=LINE('',#2048,#345);
#230=LINE('',#2052,#346);
#231=LINE('',#2056,#347);
#232=LINE('',#2060,#348);
#233=LINE('',#2064,#349);
#234=LINE('',#2068,#350);
#235=LINE('',#2072,#351);
#236=LINE('',#2076,#352);
#237=LINE('',#2080,#353);
#238=LINE('',#2084,#354);
#239=LINE('',#2090,#355);
#240=LINE('',#2098,#356);
#241=LINE('',#2106,#357);
#242=LINE('',#2114,#358);
#243=LINE('',#2118,#359);
#244=LINE('',#2123,#360);
#245=LINE('',#2129,#361);
#246=LINE('',#2133,#362);
#247=LINE('',#2141,#363);
#248=LINE('',#2149,#364);
#249=LINE('',#2157,#365);
#250=LINE('',#2160,#366);
#251=LINE('',#2173,#367);
#252=LINE('',#2174,#368);
#253=LINE('',#2178,#369);
#254=LINE('',#2183,#370);
#255=LINE('',#2184,#371);
#256=LINE('',#2187,#372);
#257=LINE('',#2188,#373);
#258=LINE('',#2192,#374);
#259=LINE('',#2196,#375);
#260=LINE('',#2199,#376);
#261=LINE('',#2201,#377);
#262=LINE('',#2202,#378);
#263=LINE('',#2207,#379);
#264=LINE('',#2208,#380);
#265=LINE('',#2211,#381);
#266=LINE('',#2212,#382);
#267=LINE('',#2218,#383);
#268=LINE('',#2221,#384);
#269=LINE('',#2222,#385);
#270=LINE('',#2226,#386);
#271=LINE('',#2229,#387);
#272=LINE('',#2230,#388);
#273=LINE('',#2233,#389);
#274=LINE('',#2234,#390);
#275=LINE('',#2237,#391);
#276=LINE('',#2240,#392);
#277=LINE('',#2243,#393);
#278=LINE('',#2244,#394);
#279=LINE('',#2248,#395);
#280=LINE('',#2251,#396);
#281=LINE('',#2257,#397);
#282=LINE('',#2260,#398);
#283=LINE('',#2263,#399);
#284=LINE('',#2264,#400);
#285=LINE('',#2270,#401);
#286=LINE('',#2275,#402);
#287=LINE('',#2276,#403);
#288=LINE('',#2279,#404);
#289=LINE('',#2280,#405);
#290=LINE('',#2284,#406);
#291=LINE('',#2289,#407);
#292=LINE('',#2293,#408);
#293=LINE('',#2297,#409);
#294=LINE('',#2301,#410);
#295=LINE('',#2304,#411);
#296=LINE('',#2309,#412);
#297=LINE('',#2317,#413);
#298=LINE('',#2321,#414);
#299=LINE('',#2326,#415);
#300=LINE('',#2330,#416);
#301=LINE('',#2338,#417);
#302=LINE('',#2356,#418);
#303=LINE('',#2359,#419);
#304=LINE('',#2361,#420);
#305=LINE('',#2363,#421);
#306=LINE('',#2365,#422);
#307=LINE('',#2367,#423);
#308=LINE('',#2368,#424);
#309=LINE('',#2370,#425);
#310=LINE('',#2372,#426);
#311=LINE('',#2374,#427);
#312=LINE('',#2376,#428);
#313=LINE('',#2379,#429);
#314=LINE('',#2381,#430);
#315=LINE('',#2384,#431);
#316=LINE('',#2386,#432);
#317=LINE('',#2388,#433);
#318=LINE('',#2390,#434);
#319=LINE('',#2391,#435);
#320=LINE('',#2393,#436);
#321=LINE('',#2395,#437);
#322=LINE('',#2397,#438);
#323=LINE('',#2401,#439);
#324=LINE('',#2403,#440);
#325=LINE('',#2405,#441);
#326=LINE('',#2407,#442);
#327=LINE('',#2408,#443);
#328=LINE('',#2412,#444);
#329=LINE('',#2414,#445);
#330=LINE('',#2416,#446);
#331=LINE('',#2419,#447);
#332=LINE('',#2421,#448);
#333=LINE('',#2423,#449);
#334=LINE('',#2425,#450);
#335=LINE('',#2427,#451);
#336=LINE('',#2429,#452);
#337=LINE('',#2431,#453);
#338=LINE('',#2432,#454);
#339=LINE('',#2434,#455);
#340=LINE('',#2436,#456);
#341=VECTOR('',#1593,10.);
#342=VECTOR('',#1596,10.);
#343=VECTOR('',#1599,10.);
#344=VECTOR('',#1602,10.);
#345=VECTOR('',#1605,10.);
#346=VECTOR('',#1608,10.);
#347=VECTOR('',#1611,10.);
#348=VECTOR('',#1614,10.);
#349=VECTOR('',#1617,10.);
#350=VECTOR('',#1620,10.);
#351=VECTOR('',#1623,10.);
#352=VECTOR('',#1626,10.);
#353=VECTOR('',#1629,10.);
#354=VECTOR('',#1632,10.);
#355=VECTOR('',#1637,10.);
#356=VECTOR('',#1644,10.);
#357=VECTOR('',#1651,10.);
#358=VECTOR('',#1658,10.);
#359=VECTOR('',#1661,10.);
#360=VECTOR('',#1666,10.);
#361=VECTOR('',#1671,10.);
#362=VECTOR('',#1674,10.);
#363=VECTOR('',#1681,10.);
#364=VECTOR('',#1688,10.);
#365=VECTOR('',#1695,10.);
#366=VECTOR('',#1698,10.);
#367=VECTOR('',#1711,10.);
#368=VECTOR('',#1712,10.);
#369=VECTOR('',#1717,10.);
#370=VECTOR('',#1722,10.);
#371=VECTOR('',#1723,10.);
#372=VECTOR('',#1726,10.);
#373=VECTOR('',#1727,10.);
#374=VECTOR('',#1732,10.);
#375=VECTOR('',#1737,10.);
#376=VECTOR('',#1740,10.);
#377=VECTOR('',#1741,10.);
#378=VECTOR('',#1742,10.);
#379=VECTOR('',#1747,10.);
#380=VECTOR('',#1748,10.);
#381=VECTOR('',#1751,10.);
#382=VECTOR('',#1752,10.);
#383=VECTOR('',#1761,10.);
#384=VECTOR('',#1764,10.);
#385=VECTOR('',#1765,10.);
#386=VECTOR('',#1770,10.);
#387=VECTOR('',#1773,10.);
#388=VECTOR('',#1774,10.);
#389=VECTOR('',#1777,10.);
#390=VECTOR('',#1778,10.);
#391=VECTOR('',#1781,10.);
#392=VECTOR('',#1784,10.);
#393=VECTOR('',#1787,10.);
#394=VECTOR('',#1788,10.);
#395=VECTOR('',#1793,10.);
#396=VECTOR('',#1796,10.);
#397=VECTOR('',#1805,10.);
#398=VECTOR('',#1808,10.);
#399=VECTOR('',#1811,10.);
#400=VECTOR('',#1812,10.);
#401=VECTOR('',#1821,10.);
#402=VECTOR('',#1826,10.);
#403=VECTOR('',#1827,10.);
#404=VECTOR('',#1830,10.);
#405=VECTOR('',#1831,10.);
#406=VECTOR('',#1834,10.);
#407=VECTOR('',#1839,10.);
#408=VECTOR('',#1842,10.);
#409=VECTOR('',#1845,10.);
#410=VECTOR('',#1848,10.);
#411=VECTOR('',#1851,10.);
#412=VECTOR('',#1856,10.);
#413=VECTOR('',#1863,10.);
#414=VECTOR('',#1866,10.);
#415=VECTOR('',#1871,10.);
#416=VECTOR('',#1874,10.);
#417=VECTOR('',#1881,10.);
#418=VECTOR('',#1898,10.);
#419=VECTOR('',#1901,10.);
#420=VECTOR('',#1904,10.);
#421=VECTOR('',#1907,10.);
#422=VECTOR('',#1910,10.);
#423=VECTOR('',#1913,10.);
#424=VECTOR('',#1914,10.);
#425=VECTOR('',#1917,10.);
#426=VECTOR('',#1920,10.);
#427=VECTOR('',#1923,10.);
#428=VECTOR('',#1926,10.);
#429=VECTOR('',#1931,10.);
#430=VECTOR('',#1934,10.);
#431=VECTOR('',#1939,10.);
#432=VECTOR('',#1942,10.);
#433=VECTOR('',#1945,10.);
#434=VECTOR('',#1948,10.);
#435=VECTOR('',#1949,10.);
#436=VECTOR('',#1952,10.);
#437=VECTOR('',#1955,10.);
#438=VECTOR('',#1958,10.);
#439=VECTOR('',#1965,10.);
#440=VECTOR('',#1968,10.);
#441=VECTOR('',#1971,10.);
#442=VECTOR('',#1974,10.);
#443=VECTOR('',#1975,10.);
#444=VECTOR('',#1982,10.);
#445=VECTOR('',#1985,10.);
#446=VECTOR('',#1988,10.);
#447=VECTOR('',#1993,1.25);
#448=VECTOR('',#1996,1.25000000000001);
#449=VECTOR('',#1999,6.515);
#450=VECTOR('',#2002,1.55);
#451=VECTOR('',#2005,1.54999999999999);
#452=VECTOR('',#2008,1.54999999999999);
#453=VECTOR('',#2011,10.);
#454=VECTOR('',#2012,10.);
#455=VECTOR('',#2015,10.);
#456=VECTOR('',#2018,10.);
#457=CIRCLE('',#1424,0.5);
#458=CIRCLE('',#1425,0.5);
#459=CIRCLE('',#1427,1.5);
#460=CIRCLE('',#1428,1.5);
#461=CIRCLE('',#1429,1.5);
#462=CIRCLE('',#1430,1.5);
#463=CIRCLE('',#1431,1.5);
#464=CIRCLE('',#1432,1.5);
#465=CIRCLE('',#1433,3.);
#466=CIRCLE('',#1434,1.50000499016666);
#467=CIRCLE('',#1435,1.50000000000002);
#468=CIRCLE('',#1436,1.49999759932389);
#469=CIRCLE('',#1437,1.49999999999962);
#470=CIRCLE('',#1438,3.);
#471=CIRCLE('',#1439,0.5);
#472=CIRCLE('',#1440,0.5);
#473=CIRCLE('',#1441,0.500000000000021);
#474=CIRCLE('',#1442,0.5);
#475=CIRCLE('',#1443,0.5);
#476=CIRCLE('',#1444,0.500000000000021);
#477=CIRCLE('',#1445,0.5);
#478=CIRCLE('',#1446,0.5);
#479=CIRCLE('',#1447,0.500000000000021);
#480=CIRCLE('',#1448,0.5);
#481=CIRCLE('',#1449,0.5);
#482=CIRCLE('',#1450,0.5);
#483=CIRCLE('',#1451,1.54999999999999);
#484=CIRCLE('',#1452,0.5);
#485=CIRCLE('',#1453,0.5);
#486=CIRCLE('',#1454,0.5);
#487=CIRCLE('',#1455,0.5);
#488=CIRCLE('',#1456,0.500000000000021);
#489=CIRCLE('',#1457,0.5);
#490=CIRCLE('',#1458,0.5);
#491=CIRCLE('',#1459,0.500000000000021);
#492=CIRCLE('',#1460,0.5);
#493=CIRCLE('',#1461,0.5);
#494=CIRCLE('',#1462,0.500000000000021);
#495=CIRCLE('',#1463,2.55000000000001);
#496=CIRCLE('',#1464,2.54999999999997);
#497=CIRCLE('',#1465,1.54999999999999);
#498=CIRCLE('',#1466,1.55);
#499=CIRCLE('',#1467,6.515);
#500=CIRCLE('',#1468,1.25000000000001);
#501=CIRCLE('',#1469,1.25);
#502=CIRCLE('',#1472,0.5);
#503=CIRCLE('',#1474,0.5);
#504=CIRCLE('',#1477,0.5);
#505=CIRCLE('',#1479,0.500000000000021);
#506=CIRCLE('',#1482,1.49999999999962);
#507=CIRCLE('',#1485,1.49999759932389);
#508=CIRCLE('',#1487,1.50000000000002);
#509=CIRCLE('',#1490,1.50000499016666);
#510=CIRCLE('',#1494,0.5);
#511=CIRCLE('',#1497,0.5);
#512=CIRCLE('',#1499,0.500000000000021);
#513=CIRCLE('',#1501,0.500000000000021);
#514=CIRCLE('',#1503,0.5);
#515=CIRCLE('',#1506,0.5);
#516=CIRCLE('',#1508,0.500000000000021);
#517=CIRCLE('',#1510,1.5);
#518=CIRCLE('',#1513,3.);
#519=CIRCLE('',#1514,3.);
#520=CIRCLE('',#1515,1.5);
#521=CIRCLE('',#1516,1.5);
#522=CIRCLE('',#1517,1.5);
#523=CIRCLE('',#1518,1.5);
#524=CIRCLE('',#1519,1.5);
#525=CIRCLE('',#1520,0.5);
#526=CIRCLE('',#1521,0.5);
#527=CIRCLE('',#1522,0.500000000000021);
#528=CIRCLE('',#1523,0.5);
#529=CIRCLE('',#1524,0.5);
#530=CIRCLE('',#1525,0.5);
#531=CIRCLE('',#1526,0.5);
#532=CIRCLE('',#1527,0.5);
#533=CIRCLE('',#1528,0.5);
#534=CIRCLE('',#1529,0.500000000000021);
#535=CIRCLE('',#1530,0.5);
#536=CIRCLE('',#1531,0.5);
#537=CIRCLE('',#1532,1.54999999999999);
#538=CIRCLE('',#1533,1.25);
#539=CIRCLE('',#1534,1.25000000000001);
#540=CIRCLE('',#1535,6.515);
#541=CIRCLE('',#1536,1.55);
#542=CIRCLE('',#1537,1.54999999999999);
#543=CIRCLE('',#1538,2.55000000000001);
#544=CIRCLE('',#1539,2.54999999999997);
#545=VERTEX_POINT('',#2029);
#546=VERTEX_POINT('',#2030);
#547=VERTEX_POINT('',#2032);
#548=VERTEX_POINT('',#2034);
#549=VERTEX_POINT('',#2038);
#550=VERTEX_POINT('',#2039);
#551=VERTEX_POINT('',#2041);
#552=VERTEX_POINT('',#2043);
#553=VERTEX_POINT('',#2045);
#554=VERTEX_POINT('',#2047);
#555=VERTEX_POINT('',#2049);
#556=VERTEX_POINT('',#2051);
#557=VERTEX_POINT('',#2053);
#558=VERTEX_POINT('',#2055);
#559=VERTEX_POINT('',#2057);
#560=VERTEX_POINT('',#2059);
#561=VERTEX_POINT('',#2061);
#562=VERTEX_POINT('',#2063);
#563=VERTEX_POINT('',#2065);
#564=VERTEX_POINT('',#2067);
#565=VERTEX_POINT('',#2069);
#566=VERTEX_POINT('',#2071);
#567=VERTEX_POINT('',#2073);
#568=VERTEX_POINT('',#2075);
#569=VERTEX_POINT('',#2077);
#570=VERTEX_POINT('',#2079);
#571=VERTEX_POINT('',#2081);
#572=VERTEX_POINT('',#2083);
#573=VERTEX_POINT('',#2086);
#574=VERTEX_POINT('',#2087);
#575=VERTEX_POINT('',#2089);
#576=VERTEX_POINT('',#2091);
#577=VERTEX_POINT('',#2093);
#578=VERTEX_POINT('',#2095);
#579=VERTEX_POINT('',#2097);
#580=VERTEX_POINT('',#2099);
#581=VERTEX_POINT('',#2101);
#582=VERTEX_POINT('',#2103);
#583=VERTEX_POINT('',#2105);
#584=VERTEX_POINT('',#2107);
#585=VERTEX_POINT('',#2109);
#586=VERTEX_POINT('',#2111);
#587=VERTEX_POINT('',#2113);
#588=VERTEX_POINT('',#2115);
#589=VERTEX_POINT('',#2117);
#590=VERTEX_POINT('',#2120);
#591=VERTEX_POINT('',#2122);
#592=VERTEX_POINT('',#2124);
#593=VERTEX_POINT('',#2126);
#594=VERTEX_POINT('',#2128);
#595=VERTEX_POINT('',#2130);
#596=VERTEX_POINT('',#2132);
#597=VERTEX_POINT('',#2134);
#598=VERTEX_POINT('',#2136);
#599=VERTEX_POINT('',#2138);
#600=VERTEX_POINT('',#2140);
#601=VERTEX_POINT('',#2142);
#602=VERTEX_POINT('',#2144);
#603=VERTEX_POINT('',#2146);
#604=VERTEX_POINT('',#2148);
#605=VERTEX_POINT('',#2150);
#606=VERTEX_POINT('',#2153);
#607=VERTEX_POINT('',#2154);
#608=VERTEX_POINT('',#2156);
#609=VERTEX_POINT('',#2158);
#610=VERTEX_POINT('',#2161);
#611=VERTEX_POINT('',#2163);
#612=VERTEX_POINT('',#2165);
#613=VERTEX_POINT('',#2167);
#614=VERTEX_POINT('',#2169);
#615=VERTEX_POINT('',#2172);
#616=VERTEX_POINT('',#2176);
#617=VERTEX_POINT('',#2180);
#618=VERTEX_POINT('',#2181);
#619=VERTEX_POINT('',#2186);
#620=VERTEX_POINT('',#2190);
#621=VERTEX_POINT('',#2194);
#622=VERTEX_POINT('',#2198);
#623=VERTEX_POINT('',#2200);
#624=VERTEX_POINT('',#2204);
#625=VERTEX_POINT('',#2205);
#626=VERTEX_POINT('',#2210);
#627=VERTEX_POINT('',#2216);
#628=VERTEX_POINT('',#2220);
#629=VERTEX_POINT('',#2224);
#630=VERTEX_POINT('',#2228);
#631=VERTEX_POINT('',#2232);
#632=VERTEX_POINT('',#2236);
#633=VERTEX_POINT('',#2238);
#634=VERTEX_POINT('',#2242);
#635=VERTEX_POINT('',#2246);
#636=VERTEX_POINT('',#2250);
#637=VERTEX_POINT('',#2256);
#638=VERTEX_POINT('',#2258);
#639=VERTEX_POINT('',#2262);
#640=VERTEX_POINT('',#2268);
#641=VERTEX_POINT('',#2272);
#642=VERTEX_POINT('',#2273);
#643=VERTEX_POINT('',#2278);
#644=VERTEX_POINT('',#2282);
#645=VERTEX_POINT('',#2283);
#646=VERTEX_POINT('',#2286);
#647=VERTEX_POINT('',#2288);
#648=VERTEX_POINT('',#2290);
#649=VERTEX_POINT('',#2292);
#650=VERTEX_POINT('',#2294);
#651=VERTEX_POINT('',#2296);
#652=VERTEX_POINT('',#2298);
#653=VERTEX_POINT('',#2300);
#654=VERTEX_POINT('',#2303);
#655=VERTEX_POINT('',#2306);
#656=VERTEX_POINT('',#2308);
#657=VERTEX_POINT('',#2310);
#658=VERTEX_POINT('',#2312);
#659=VERTEX_POINT('',#2314);
#660=VERTEX_POINT('',#2316);
#661=VERTEX_POINT('',#2318);
#662=VERTEX_POINT('',#2320);
#663=VERTEX_POINT('',#2323);
#664=VERTEX_POINT('',#2325);
#665=VERTEX_POINT('',#2327);
#666=VERTEX_POINT('',#2329);
#667=VERTEX_POINT('',#2331);
#668=VERTEX_POINT('',#2333);
#669=VERTEX_POINT('',#2335);
#670=VERTEX_POINT('',#2337);
#671=VERTEX_POINT('',#2340);
#672=VERTEX_POINT('',#2342);
#673=VERTEX_POINT('',#2344);
#674=VERTEX_POINT('',#2346);
#675=VERTEX_POINT('',#2348);
#676=VERTEX_POINT('',#2350);
#677=VERTEX_POINT('',#2352);
#678=VERTEX_POINT('',#2353);
#679=VERTEX_POINT('',#2355);
#680=VERTEX_POINT('',#2357);
#681=EDGE_CURVE('',#545,#546,#457,.T.);
#682=EDGE_CURVE('',#546,#547,#225,.T.);
#683=EDGE_CURVE('',#547,#548,#458,.T.);
#684=EDGE_CURVE('',#548,#545,#226,.T.);
#685=EDGE_CURVE('',#549,#550,#227,.T.);
#686=EDGE_CURVE('',#551,#550,#459,.T.);
#687=EDGE_CURVE('',#551,#552,#228,.T.);
#688=EDGE_CURVE('',#553,#552,#460,.T.);
#689=EDGE_CURVE('',#554,#553,#229,.T.);
#690=EDGE_CURVE('',#555,#554,#461,.T.);
#691=EDGE_CURVE('',#555,#556,#230,.T.);
#692=EDGE_CURVE('',#557,#556,#462,.T.);
#693=EDGE_CURVE('',#557,#558,#231,.T.);
#694=EDGE_CURVE('',#559,#558,#463,.T.);
#695=EDGE_CURVE('',#559,#560,#232,.T.);
#696=EDGE_CURVE('',#561,#560,#464,.T.);
#697=EDGE_CURVE('',#561,#562,#233,.T.);
#698=EDGE_CURVE('',#563,#562,#465,.T.);
#699=EDGE_CURVE('',#563,#564,#234,.T.);
#700=EDGE_CURVE('',#564,#565,#466,.T.);
#701=EDGE_CURVE('',#565,#566,#235,.T.);
#702=EDGE_CURVE('',#566,#567,#467,.T.);
#703=EDGE_CURVE('',#567,#568,#236,.T.);
#704=EDGE_CURVE('',#568,#569,#468,.T.);
#705=EDGE_CURVE('',#569,#570,#237,.T.);
#706=EDGE_CURVE('',#570,#571,#469,.T.);
#707=EDGE_CURVE('',#571,#572,#238,.T.);
#708=EDGE_CURVE('',#549,#572,#470,.T.);
#709=EDGE_CURVE('',#573,#574,#471,.T.);
#710=EDGE_CURVE('',#573,#575,#239,.F.);
#711=EDGE_CURVE('',#576,#575,#472,.T.);
#712=EDGE_CURVE('',#576,#577,#473,.T.);
#713=EDGE_CURVE('',#578,#577,#474,.T.);
#714=EDGE_CURVE('',#578,#579,#240,.T.);
#715=EDGE_CURVE('',#580,#579,#475,.T.);
#716=EDGE_CURVE('',#580,#581,#476,.T.);
#717=EDGE_CURVE('',#582,#581,#477,.T.);
#718=EDGE_CURVE('',#582,#583,#241,.T.);
#719=EDGE_CURVE('',#584,#583,#478,.T.);
#720=EDGE_CURVE('',#584,#585,#479,.T.);
#721=EDGE_CURVE('',#586,#585,#480,.T.);
#722=EDGE_CURVE('',#586,#587,#242,.T.);
#723=EDGE_CURVE('',#588,#587,#481,.T.);
#724=EDGE_CURVE('',#588,#589,#243,.T.);
#725=EDGE_CURVE('',#574,#589,#482,.T.);
#726=EDGE_CURVE('',#590,#590,#483,.T.);
#727=EDGE_CURVE('',#547,#591,#244,.F.);
#728=EDGE_CURVE('',#592,#591,#484,.T.);
#729=EDGE_CURVE('',#593,#592,#485,.T.);
#730=EDGE_CURVE('',#593,#594,#245,.T.);
#731=EDGE_CURVE('',#595,#594,#486,.T.);
#732=EDGE_CURVE('',#595,#596,#246,.T.);
#733=EDGE_CURVE('',#597,#596,#487,.T.);
#734=EDGE_CURVE('',#597,#598,#488,.T.);
#735=EDGE_CURVE('',#599,#598,#489,.T.);
#736=EDGE_CURVE('',#599,#600,#247,.T.);
#737=EDGE_CURVE('',#601,#600,#490,.T.);
#738=EDGE_CURVE('',#601,#602,#491,.T.);
#739=EDGE_CURVE('',#603,#602,#492,.T.);
#740=EDGE_CURVE('',#603,#604,#248,.T.);
#741=EDGE_CURVE('',#605,#604,#493,.T.);
#742=EDGE_CURVE('',#605,#548,#494,.T.);
#743=EDGE_CURVE('',#606,#607,#495,.T.);
#744=EDGE_CURVE('',#607,#608,#249,.T.);
#745=EDGE_CURVE('',#608,#609,#496,.T.);
#746=EDGE_CURVE('',#609,#606,#250,.T.);
#747=EDGE_CURVE('',#610,#610,#497,.T.);
#748=EDGE_CURVE('',#611,#611,#498,.T.);
#749=EDGE_CURVE('',#612,#612,#499,.T.);
#750=EDGE_CURVE('',#613,#613,#500,.T.);
#751=EDGE_CURVE('',#614,#614,#501,.T.);
#752=EDGE_CURVE('',#546,#615,#251,.F.);
#753=EDGE_CURVE('',#591,#615,#252,.T.);
#754=EDGE_CURVE('',#615,#616,#502,.T.);
#755=EDGE_CURVE('',#592,#616,#253,.T.);
#756=EDGE_CURVE('',#617,#618,#503,.T.);
#757=EDGE_CURVE('',#618,#573,#254,.T.);
#758=EDGE_CURVE('',#617,#574,#255,.T.);
#759=EDGE_CURVE('',#619,#618,#256,.T.);
#760=EDGE_CURVE('',#575,#619,#257,.T.);
#761=EDGE_CURVE('',#619,#620,#504,.T.);
#762=EDGE_CURVE('',#620,#576,#258,.T.);
#763=EDGE_CURVE('',#621,#620,#505,.T.);
#764=EDGE_CURVE('',#577,#621,#259,.T.);
#765=EDGE_CURVE('',#567,#622,#260,.T.);
#766=EDGE_CURVE('',#623,#622,#261,.T.);
#767=EDGE_CURVE('',#568,#623,#262,.T.);
#768=EDGE_CURVE('',#624,#625,#506,.T.);
#769=EDGE_CURVE('',#624,#571,#263,.T.);
#770=EDGE_CURVE('',#570,#625,#264,.T.);
#771=EDGE_CURVE('',#625,#626,#265,.T.);
#772=EDGE_CURVE('',#569,#626,#266,.T.);
#773=EDGE_CURVE('',#626,#623,#507,.T.);
#774=EDGE_CURVE('',#622,#627,#508,.T.);
#775=EDGE_CURVE('',#566,#627,#267,.T.);
#776=EDGE_CURVE('',#627,#628,#268,.T.);
#777=EDGE_CURVE('',#565,#628,#269,.T.);
#778=EDGE_CURVE('',#628,#629,#509,.T.);
#779=EDGE_CURVE('',#629,#564,#270,.T.);
#780=EDGE_CURVE('',#630,#563,#271,.T.);
#781=EDGE_CURVE('',#630,#629,#272,.T.);
#782=EDGE_CURVE('',#631,#624,#273,.T.);
#783=EDGE_CURVE('',#572,#631,#274,.T.);
#784=EDGE_CURVE('',#604,#632,#275,.T.);
#785=EDGE_CURVE('',#632,#633,#510,.T.);
#786=EDGE_CURVE('',#633,#605,#276,.T.);
#787=EDGE_CURVE('',#634,#603,#277,.T.);
#788=EDGE_CURVE('',#634,#632,#278,.T.);
#789=EDGE_CURVE('',#635,#634,#511,.T.);
#790=EDGE_CURVE('',#602,#635,#279,.T.);
#791=EDGE_CURVE('',#636,#601,#280,.T.);
#792=EDGE_CURVE('',#635,#636,#512,.T.);
#793=EDGE_CURVE('',#545,#633,#513,.T.);
#794=EDGE_CURVE('',#579,#637,#281,.T.);
#795=EDGE_CURVE('',#637,#638,#514,.T.);
#796=EDGE_CURVE('',#638,#580,#282,.T.);
#797=EDGE_CURVE('',#639,#578,#283,.T.);
#798=EDGE_CURVE('',#637,#639,#284,.T.);
#799=EDGE_CURVE('',#621,#639,#515,.T.);
#800=EDGE_CURVE('',#640,#638,#516,.T.);
#801=EDGE_CURVE('',#581,#640,#285,.T.);
#802=EDGE_CURVE('',#641,#642,#517,.T.);
#803=EDGE_CURVE('',#642,#553,#286,.T.);
#804=EDGE_CURVE('',#552,#641,#287,.T.);
#805=EDGE_CURVE('',#642,#643,#288,.T.);
#806=EDGE_CURVE('',#554,#643,#289,.T.);
#807=EDGE_CURVE('',#644,#645,#290,.T.);
#808=EDGE_CURVE('',#631,#644,#518,.T.);
#809=EDGE_CURVE('',#646,#630,#519,.T.);
#810=EDGE_CURVE('',#646,#647,#291,.T.);
#811=EDGE_CURVE('',#648,#647,#520,.T.);
#812=EDGE_CURVE('',#649,#648,#292,.T.);
#813=EDGE_CURVE('',#650,#649,#521,.T.);
#814=EDGE_CURVE('',#651,#650,#293,.T.);
#815=EDGE_CURVE('',#652,#651,#522,.T.);
#816=EDGE_CURVE('',#653,#652,#294,.T.);
#817=EDGE_CURVE('',#643,#653,#523,.T.);
#818=EDGE_CURVE('',#654,#641,#295,.T.);
#819=EDGE_CURVE('',#645,#654,#524,.T.);
#820=EDGE_CURVE('',#655,#636,#525,.T.);
#821=EDGE_CURVE('',#655,#656,#296,.T.);
#822=EDGE_CURVE('',#657,#656,#526,.T.);
#823=EDGE_CURVE('',#657,#658,#527,.T.);
#824=EDGE_CURVE('',#659,#658,#528,.T.);
#825=EDGE_CURVE('',#659,#660,#297,.T.);
#826=EDGE_CURVE('',#661,#660,#529,.T.);
#827=EDGE_CURVE('',#661,#662,#298,.T.);
#828=EDGE_CURVE('',#616,#662,#530,.T.);
#829=EDGE_CURVE('',#663,#617,#531,.T.);
#830=EDGE_CURVE('',#663,#664,#299,.T.);
#831=EDGE_CURVE('',#665,#664,#532,.T.);
#832=EDGE_CURVE('',#665,#666,#300,.T.);
#833=EDGE_CURVE('',#667,#666,#533,.T.);
#834=EDGE_CURVE('',#667,#668,#534,.T.);
#835=EDGE_CURVE('',#669,#668,#535,.T.);
#836=EDGE_CURVE('',#669,#670,#301,.T.);
#837=EDGE_CURVE('',#640,#670,#536,.T.);
#838=EDGE_CURVE('',#671,#671,#537,.T.);
#839=EDGE_CURVE('',#672,#672,#538,.T.);
#840=EDGE_CURVE('',#673,#673,#539,.T.);
#841=EDGE_CURVE('',#674,#674,#540,.T.);
#842=EDGE_CURVE('',#675,#675,#541,.T.);
#843=EDGE_CURVE('',#676,#676,#542,.T.);
#844=EDGE_CURVE('',#677,#678,#543,.T.);
#845=EDGE_CURVE('',#678,#679,#302,.T.);
#846=EDGE_CURVE('',#679,#680,#544,.T.);
#847=EDGE_CURVE('',#680,#677,#303,.T.);
#848=EDGE_CURVE('',#653,#555,#304,.T.);
#849=EDGE_CURVE('',#556,#652,#305,.T.);
#850=EDGE_CURVE('',#654,#551,#306,.T.);
#851=EDGE_CURVE('',#585,#667,#307,.T.);
#852=EDGE_CURVE('',#666,#586,#308,.T.);
#853=EDGE_CURVE('',#668,#584,#309,.T.);
#854=EDGE_CURVE('',#583,#669,#310,.T.);
#855=EDGE_CURVE('',#670,#582,#311,.T.);
#856=EDGE_CURVE('',#587,#665,#312,.T.);
#857=EDGE_CURVE('',#664,#588,#313,.T.);
#858=EDGE_CURVE('',#589,#663,#314,.T.);
#859=EDGE_CURVE('',#600,#655,#315,.T.);
#860=EDGE_CURVE('',#656,#599,#316,.T.);
#861=EDGE_CURVE('',#598,#657,#317,.T.);
#862=EDGE_CURVE('',#596,#659,#318,.T.);
#863=EDGE_CURVE('',#658,#597,#319,.T.);
#864=EDGE_CURVE('',#660,#595,#320,.T.);
#865=EDGE_CURVE('',#594,#661,#321,.T.);
#866=EDGE_CURVE('',#662,#593,#322,.T.);
#867=EDGE_CURVE('',#644,#549,#323,.T.);
#868=EDGE_CURVE('',#550,#645,#324,.T.);
#869=EDGE_CURVE('',#562,#646,#325,.T.);
#870=EDGE_CURVE('',#560,#648,#326,.T.);
#871=EDGE_CURVE('',#647,#561,#327,.T.);
#872=EDGE_CURVE('',#651,#557,#328,.T.);
#873=EDGE_CURVE('',#558,#650,#329,.T.);
#874=EDGE_CURVE('',#649,#559,#330,.T.);
#875=EDGE_CURVE('',#672,#614,#331,.T.);
#876=EDGE_CURVE('',#673,#613,#332,.T.);
#877=EDGE_CURVE('',#674,#612,#333,.T.);
#878=EDGE_CURVE('',#675,#611,#334,.T.);
#879=EDGE_CURVE('',#676,#610,#335,.T.);
#880=EDGE_CURVE('',#671,#590,#336,.T.);
#881=EDGE_CURVE('',#678,#606,#337,.T.);
#882=EDGE_CURVE('',#679,#609,#338,.T.);
#883=EDGE_CURVE('',#680,#608,#339,.T.);
#884=EDGE_CURVE('',#677,#607,#340,.T.);
#885=ORIENTED_EDGE('',*,*,#681,.T.);
#886=ORIENTED_EDGE('',*,*,#682,.T.);
#887=ORIENTED_EDGE('',*,*,#683,.T.);
#888=ORIENTED_EDGE('',*,*,#684,.T.);
#889=ORIENTED_EDGE('',*,*,#685,.T.);
#890=ORIENTED_EDGE('',*,*,#686,.F.);
#891=ORIENTED_EDGE('',*,*,#687,.T.);
#892=ORIENTED_EDGE('',*,*,#688,.F.);
#893=ORIENTED_EDGE('',*,*,#689,.F.);
#894=ORIENTED_EDGE('',*,*,#690,.F.);
#895=ORIENTED_EDGE('',*,*,#691,.T.);
#896=ORIENTED_EDGE('',*,*,#692,.F.);
#897=ORIENTED_EDGE('',*,*,#693,.T.);
#898=ORIENTED_EDGE('',*,*,#694,.F.);
#899=ORIENTED_EDGE('',*,*,#695,.T.);
#900=ORIENTED_EDGE('',*,*,#696,.F.);
#901=ORIENTED_EDGE('',*,*,#697,.T.);
#902=ORIENTED_EDGE('',*,*,#698,.F.);
#903=ORIENTED_EDGE('',*,*,#699,.T.);
#904=ORIENTED_EDGE('',*,*,#700,.T.);
#905=ORIENTED_EDGE('',*,*,#701,.T.);
#906=ORIENTED_EDGE('',*,*,#702,.T.);
#907=ORIENTED_EDGE('',*,*,#703,.T.);
#908=ORIENTED_EDGE('',*,*,#704,.T.);
#909=ORIENTED_EDGE('',*,*,#705,.T.);
#910=ORIENTED_EDGE('',*,*,#706,.T.);
#911=ORIENTED_EDGE('',*,*,#707,.T.);
#912=ORIENTED_EDGE('',*,*,#708,.F.);
#913=ORIENTED_EDGE('',*,*,#709,.F.);
#914=ORIENTED_EDGE('',*,*,#710,.T.);
#915=ORIENTED_EDGE('',*,*,#711,.F.);
#916=ORIENTED_EDGE('',*,*,#712,.T.);
#917=ORIENTED_EDGE('',*,*,#713,.F.);
#918=ORIENTED_EDGE('',*,*,#714,.T.);
#919=ORIENTED_EDGE('',*,*,#715,.F.);
#920=ORIENTED_EDGE('',*,*,#716,.T.);
#921=ORIENTED_EDGE('',*,*,#717,.F.);
#922=ORIENTED_EDGE('',*,*,#718,.T.);
#923=ORIENTED_EDGE('',*,*,#719,.F.);
#924=ORIENTED_EDGE('',*,*,#720,.T.);
#925=ORIENTED_EDGE('',*,*,#721,.F.);
#926=ORIENTED_EDGE('',*,*,#722,.T.);
#927=ORIENTED_EDGE('',*,*,#723,.F.);
#928=ORIENTED_EDGE('',*,*,#724,.T.);
#929=ORIENTED_EDGE('',*,*,#725,.F.);
#930=ORIENTED_EDGE('',*,*,#726,.T.);
#931=ORIENTED_EDGE('',*,*,#683,.F.);
#932=ORIENTED_EDGE('',*,*,#727,.T.);
#933=ORIENTED_EDGE('',*,*,#728,.F.);
#934=ORIENTED_EDGE('',*,*,#729,.F.);
#935=ORIENTED_EDGE('',*,*,#730,.T.);
#936=ORIENTED_EDGE('',*,*,#731,.F.);
#937=ORIENTED_EDGE('',*,*,#732,.T.);
#938=ORIENTED_EDGE('',*,*,#733,.F.);
#939=ORIENTED_EDGE('',*,*,#734,.T.);
#940=ORIENTED_EDGE('',*,*,#735,.F.);
#941=ORIENTED_EDGE('',*,*,#736,.T.);
#942=ORIENTED_EDGE('',*,*,#737,.F.);
#943=ORIENTED_EDGE('',*,*,#738,.T.);
#944=ORIENTED_EDGE('',*,*,#739,.F.);
#945=ORIENTED_EDGE('',*,*,#740,.T.);
#946=ORIENTED_EDGE('',*,*,#741,.F.);
#947=ORIENTED_EDGE('',*,*,#742,.T.);
#948=ORIENTED_EDGE('',*,*,#743,.T.);
#949=ORIENTED_EDGE('',*,*,#744,.T.);
#950=ORIENTED_EDGE('',*,*,#745,.T.);
#951=ORIENTED_EDGE('',*,*,#746,.T.);
#952=ORIENTED_EDGE('',*,*,#747,.T.);
#953=ORIENTED_EDGE('',*,*,#748,.T.);
#954=ORIENTED_EDGE('',*,*,#749,.T.);
#955=ORIENTED_EDGE('',*,*,#750,.T.);
#956=ORIENTED_EDGE('',*,*,#751,.T.);
#957=ORIENTED_EDGE('',*,*,#682,.F.);
#958=ORIENTED_EDGE('',*,*,#752,.T.);
#959=ORIENTED_EDGE('',*,*,#753,.F.);
#960=ORIENTED_EDGE('',*,*,#727,.F.);
#961=ORIENTED_EDGE('',*,*,#728,.T.);
#962=ORIENTED_EDGE('',*,*,#753,.T.);
#963=ORIENTED_EDGE('',*,*,#754,.T.);
#964=ORIENTED_EDGE('',*,*,#755,.F.);
#965=ORIENTED_EDGE('',*,*,#756,.T.);
#966=ORIENTED_EDGE('',*,*,#757,.T.);
#967=ORIENTED_EDGE('',*,*,#709,.T.);
#968=ORIENTED_EDGE('',*,*,#758,.F.);
#969=ORIENTED_EDGE('',*,*,#757,.F.);
#970=ORIENTED_EDGE('',*,*,#759,.F.);
#971=ORIENTED_EDGE('',*,*,#760,.F.);
#972=ORIENTED_EDGE('',*,*,#710,.F.);
#973=ORIENTED_EDGE('',*,*,#711,.T.);
#974=ORIENTED_EDGE('',*,*,#760,.T.);
#975=ORIENTED_EDGE('',*,*,#761,.T.);
#976=ORIENTED_EDGE('',*,*,#762,.T.);
#977=ORIENTED_EDGE('',*,*,#762,.F.);
#978=ORIENTED_EDGE('',*,*,#763,.F.);
#979=ORIENTED_EDGE('',*,*,#764,.F.);
#980=ORIENTED_EDGE('',*,*,#712,.F.);
#981=ORIENTED_EDGE('',*,*,#703,.F.);
#982=ORIENTED_EDGE('',*,*,#765,.T.);
#983=ORIENTED_EDGE('',*,*,#766,.F.);
#984=ORIENTED_EDGE('',*,*,#767,.F.);
#985=ORIENTED_EDGE('',*,*,#768,.F.);
#986=ORIENTED_EDGE('',*,*,#769,.T.);
#987=ORIENTED_EDGE('',*,*,#706,.F.);
#988=ORIENTED_EDGE('',*,*,#770,.T.);
#989=ORIENTED_EDGE('',*,*,#771,.F.);
#990=ORIENTED_EDGE('',*,*,#770,.F.);
#991=ORIENTED_EDGE('',*,*,#705,.F.);
#992=ORIENTED_EDGE('',*,*,#772,.T.);
#993=ORIENTED_EDGE('',*,*,#773,.F.);
#994=ORIENTED_EDGE('',*,*,#772,.F.);
#995=ORIENTED_EDGE('',*,*,#704,.F.);
#996=ORIENTED_EDGE('',*,*,#767,.T.);
#997=ORIENTED_EDGE('',*,*,#774,.F.);
#998=ORIENTED_EDGE('',*,*,#765,.F.);
#999=ORIENTED_EDGE('',*,*,#702,.F.);
#1000=ORIENTED_EDGE('',*,*,#775,.T.);
#1001=ORIENTED_EDGE('',*,*,#776,.F.);
#1002=ORIENTED_EDGE('',*,*,#775,.F.);
#1003=ORIENTED_EDGE('',*,*,#701,.F.);
#1004=ORIENTED_EDGE('',*,*,#777,.T.);
#1005=ORIENTED_EDGE('',*,*,#778,.F.);
#1006=ORIENTED_EDGE('',*,*,#777,.F.);
#1007=ORIENTED_EDGE('',*,*,#700,.F.);
#1008=ORIENTED_EDGE('',*,*,#779,.F.);
#1009=ORIENTED_EDGE('',*,*,#779,.T.);
#1010=ORIENTED_EDGE('',*,*,#699,.F.);
#1011=ORIENTED_EDGE('',*,*,#780,.F.);
#1012=ORIENTED_EDGE('',*,*,#781,.T.);
#1013=ORIENTED_EDGE('',*,*,#769,.F.);
#1014=ORIENTED_EDGE('',*,*,#782,.F.);
#1015=ORIENTED_EDGE('',*,*,#783,.F.);
#1016=ORIENTED_EDGE('',*,*,#707,.F.);
#1017=ORIENTED_EDGE('',*,*,#741,.T.);
#1018=ORIENTED_EDGE('',*,*,#784,.T.);
#1019=ORIENTED_EDGE('',*,*,#785,.T.);
#1020=ORIENTED_EDGE('',*,*,#786,.T.);
#1021=ORIENTED_EDGE('',*,*,#784,.F.);
#1022=ORIENTED_EDGE('',*,*,#740,.F.);
#1023=ORIENTED_EDGE('',*,*,#787,.F.);
#1024=ORIENTED_EDGE('',*,*,#788,.T.);
#1025=ORIENTED_EDGE('',*,*,#789,.T.);
#1026=ORIENTED_EDGE('',*,*,#787,.T.);
#1027=ORIENTED_EDGE('',*,*,#739,.T.);
#1028=ORIENTED_EDGE('',*,*,#790,.T.);
#1029=ORIENTED_EDGE('',*,*,#790,.F.);
#1030=ORIENTED_EDGE('',*,*,#738,.F.);
#1031=ORIENTED_EDGE('',*,*,#791,.F.);
#1032=ORIENTED_EDGE('',*,*,#792,.F.);
#1033=ORIENTED_EDGE('',*,*,#684,.F.);
#1034=ORIENTED_EDGE('',*,*,#742,.F.);
#1035=ORIENTED_EDGE('',*,*,#786,.F.);
#1036=ORIENTED_EDGE('',*,*,#793,.F.);
#1037=ORIENTED_EDGE('',*,*,#715,.T.);
#1038=ORIENTED_EDGE('',*,*,#794,.T.);
#1039=ORIENTED_EDGE('',*,*,#795,.T.);
#1040=ORIENTED_EDGE('',*,*,#796,.T.);
#1041=ORIENTED_EDGE('',*,*,#794,.F.);
#1042=ORIENTED_EDGE('',*,*,#714,.F.);
#1043=ORIENTED_EDGE('',*,*,#797,.F.);
#1044=ORIENTED_EDGE('',*,*,#798,.F.);
#1045=ORIENTED_EDGE('',*,*,#799,.T.);
#1046=ORIENTED_EDGE('',*,*,#797,.T.);
#1047=ORIENTED_EDGE('',*,*,#713,.T.);
#1048=ORIENTED_EDGE('',*,*,#764,.T.);
#1049=ORIENTED_EDGE('',*,*,#796,.F.);
#1050=ORIENTED_EDGE('',*,*,#800,.F.);
#1051=ORIENTED_EDGE('',*,*,#801,.F.);
#1052=ORIENTED_EDGE('',*,*,#716,.F.);
#1053=ORIENTED_EDGE('',*,*,#802,.T.);
#1054=ORIENTED_EDGE('',*,*,#803,.T.);
#1055=ORIENTED_EDGE('',*,*,#688,.T.);
#1056=ORIENTED_EDGE('',*,*,#804,.T.);
#1057=ORIENTED_EDGE('',*,*,#803,.F.);
#1058=ORIENTED_EDGE('',*,*,#805,.T.);
#1059=ORIENTED_EDGE('',*,*,#806,.F.);
#1060=ORIENTED_EDGE('',*,*,#689,.T.);
#1061=ORIENTED_EDGE('',*,*,#807,.F.);
#1062=ORIENTED_EDGE('',*,*,#808,.F.);
#1063=ORIENTED_EDGE('',*,*,#782,.T.);
#1064=ORIENTED_EDGE('',*,*,#768,.T.);
#1065=ORIENTED_EDGE('',*,*,#771,.T.);
#1066=ORIENTED_EDGE('',*,*,#773,.T.);
#1067=ORIENTED_EDGE('',*,*,#766,.T.);
#1068=ORIENTED_EDGE('',*,*,#774,.T.);
#1069=ORIENTED_EDGE('',*,*,#776,.T.);
#1070=ORIENTED_EDGE('',*,*,#778,.T.);
#1071=ORIENTED_EDGE('',*,*,#781,.F.);
#1072=ORIENTED_EDGE('',*,*,#809,.F.);
#1073=ORIENTED_EDGE('',*,*,#810,.T.);
#1074=ORIENTED_EDGE('',*,*,#811,.F.);
#1075=ORIENTED_EDGE('',*,*,#812,.F.);
#1076=ORIENTED_EDGE('',*,*,#813,.F.);
#1077=ORIENTED_EDGE('',*,*,#814,.F.);
#1078=ORIENTED_EDGE('',*,*,#815,.F.);
#1079=ORIENTED_EDGE('',*,*,#816,.F.);
#1080=ORIENTED_EDGE('',*,*,#817,.F.);
#1081=ORIENTED_EDGE('',*,*,#805,.F.);
#1082=ORIENTED_EDGE('',*,*,#802,.F.);
#1083=ORIENTED_EDGE('',*,*,#818,.F.);
#1084=ORIENTED_EDGE('',*,*,#819,.F.);
#1085=ORIENTED_EDGE('',*,*,#681,.F.);
#1086=ORIENTED_EDGE('',*,*,#793,.T.);
#1087=ORIENTED_EDGE('',*,*,#785,.F.);
#1088=ORIENTED_EDGE('',*,*,#788,.F.);
#1089=ORIENTED_EDGE('',*,*,#789,.F.);
#1090=ORIENTED_EDGE('',*,*,#792,.T.);
#1091=ORIENTED_EDGE('',*,*,#820,.F.);
#1092=ORIENTED_EDGE('',*,*,#821,.T.);
#1093=ORIENTED_EDGE('',*,*,#822,.F.);
#1094=ORIENTED_EDGE('',*,*,#823,.T.);
#1095=ORIENTED_EDGE('',*,*,#824,.F.);
#1096=ORIENTED_EDGE('',*,*,#825,.T.);
#1097=ORIENTED_EDGE('',*,*,#826,.F.);
#1098=ORIENTED_EDGE('',*,*,#827,.T.);
#1099=ORIENTED_EDGE('',*,*,#828,.F.);
#1100=ORIENTED_EDGE('',*,*,#754,.F.);
#1101=ORIENTED_EDGE('',*,*,#752,.F.);
#1102=ORIENTED_EDGE('',*,*,#756,.F.);
#1103=ORIENTED_EDGE('',*,*,#829,.F.);
#1104=ORIENTED_EDGE('',*,*,#830,.T.);
#1105=ORIENTED_EDGE('',*,*,#831,.F.);
#1106=ORIENTED_EDGE('',*,*,#832,.T.);
#1107=ORIENTED_EDGE('',*,*,#833,.F.);
#1108=ORIENTED_EDGE('',*,*,#834,.T.);
#1109=ORIENTED_EDGE('',*,*,#835,.F.);
#1110=ORIENTED_EDGE('',*,*,#836,.T.);
#1111=ORIENTED_EDGE('',*,*,#837,.F.);
#1112=ORIENTED_EDGE('',*,*,#800,.T.);
#1113=ORIENTED_EDGE('',*,*,#795,.F.);
#1114=ORIENTED_EDGE('',*,*,#798,.T.);
#1115=ORIENTED_EDGE('',*,*,#799,.F.);
#1116=ORIENTED_EDGE('',*,*,#763,.T.);
#1117=ORIENTED_EDGE('',*,*,#761,.F.);
#1118=ORIENTED_EDGE('',*,*,#759,.T.);
#1119=ORIENTED_EDGE('',*,*,#838,.T.);
#1120=ORIENTED_EDGE('',*,*,#839,.T.);
#1121=ORIENTED_EDGE('',*,*,#840,.T.);
#1122=ORIENTED_EDGE('',*,*,#841,.T.);
#1123=ORIENTED_EDGE('',*,*,#842,.T.);
#1124=ORIENTED_EDGE('',*,*,#843,.T.);
#1125=ORIENTED_EDGE('',*,*,#844,.T.);
#1126=ORIENTED_EDGE('',*,*,#845,.T.);
#1127=ORIENTED_EDGE('',*,*,#846,.T.);
#1128=ORIENTED_EDGE('',*,*,#847,.T.);
#1129=ORIENTED_EDGE('',*,*,#690,.T.);
#1130=ORIENTED_EDGE('',*,*,#806,.T.);
#1131=ORIENTED_EDGE('',*,*,#817,.T.);
#1132=ORIENTED_EDGE('',*,*,#848,.T.);
#1133=ORIENTED_EDGE('',*,*,#848,.F.);
#1134=ORIENTED_EDGE('',*,*,#816,.T.);
#1135=ORIENTED_EDGE('',*,*,#849,.F.);
#1136=ORIENTED_EDGE('',*,*,#691,.F.);
#1137=ORIENTED_EDGE('',*,*,#804,.F.);
#1138=ORIENTED_EDGE('',*,*,#687,.F.);
#1139=ORIENTED_EDGE('',*,*,#850,.F.);
#1140=ORIENTED_EDGE('',*,*,#818,.T.);
#1141=ORIENTED_EDGE('',*,*,#721,.T.);
#1142=ORIENTED_EDGE('',*,*,#851,.T.);
#1143=ORIENTED_EDGE('',*,*,#833,.T.);
#1144=ORIENTED_EDGE('',*,*,#852,.T.);
#1145=ORIENTED_EDGE('',*,*,#851,.F.);
#1146=ORIENTED_EDGE('',*,*,#720,.F.);
#1147=ORIENTED_EDGE('',*,*,#853,.F.);
#1148=ORIENTED_EDGE('',*,*,#834,.F.);
#1149=ORIENTED_EDGE('',*,*,#835,.T.);
#1150=ORIENTED_EDGE('',*,*,#853,.T.);
#1151=ORIENTED_EDGE('',*,*,#719,.T.);
#1152=ORIENTED_EDGE('',*,*,#854,.T.);
#1153=ORIENTED_EDGE('',*,*,#854,.F.);
#1154=ORIENTED_EDGE('',*,*,#718,.F.);
#1155=ORIENTED_EDGE('',*,*,#855,.F.);
#1156=ORIENTED_EDGE('',*,*,#836,.F.);
#1157=ORIENTED_EDGE('',*,*,#852,.F.);
#1158=ORIENTED_EDGE('',*,*,#832,.F.);
#1159=ORIENTED_EDGE('',*,*,#856,.F.);
#1160=ORIENTED_EDGE('',*,*,#722,.F.);
#1161=ORIENTED_EDGE('',*,*,#837,.T.);
#1162=ORIENTED_EDGE('',*,*,#855,.T.);
#1163=ORIENTED_EDGE('',*,*,#717,.T.);
#1164=ORIENTED_EDGE('',*,*,#801,.T.);
#1165=ORIENTED_EDGE('',*,*,#723,.T.);
#1166=ORIENTED_EDGE('',*,*,#856,.T.);
#1167=ORIENTED_EDGE('',*,*,#831,.T.);
#1168=ORIENTED_EDGE('',*,*,#857,.T.);
#1169=ORIENTED_EDGE('',*,*,#725,.T.);
#1170=ORIENTED_EDGE('',*,*,#858,.T.);
#1171=ORIENTED_EDGE('',*,*,#829,.T.);
#1172=ORIENTED_EDGE('',*,*,#758,.T.);
#1173=ORIENTED_EDGE('',*,*,#857,.F.);
#1174=ORIENTED_EDGE('',*,*,#830,.F.);
#1175=ORIENTED_EDGE('',*,*,#858,.F.);
#1176=ORIENTED_EDGE('',*,*,#724,.F.);
#1177=ORIENTED_EDGE('',*,*,#737,.T.);
#1178=ORIENTED_EDGE('',*,*,#859,.T.);
#1179=ORIENTED_EDGE('',*,*,#820,.T.);
#1180=ORIENTED_EDGE('',*,*,#791,.T.);
#1181=ORIENTED_EDGE('',*,*,#859,.F.);
#1182=ORIENTED_EDGE('',*,*,#736,.F.);
#1183=ORIENTED_EDGE('',*,*,#860,.F.);
#1184=ORIENTED_EDGE('',*,*,#821,.F.);
#1185=ORIENTED_EDGE('',*,*,#822,.T.);
#1186=ORIENTED_EDGE('',*,*,#860,.T.);
#1187=ORIENTED_EDGE('',*,*,#735,.T.);
#1188=ORIENTED_EDGE('',*,*,#861,.T.);
#1189=ORIENTED_EDGE('',*,*,#733,.T.);
#1190=ORIENTED_EDGE('',*,*,#862,.T.);
#1191=ORIENTED_EDGE('',*,*,#824,.T.);
#1192=ORIENTED_EDGE('',*,*,#863,.T.);
#1193=ORIENTED_EDGE('',*,*,#862,.F.);
#1194=ORIENTED_EDGE('',*,*,#732,.F.);
#1195=ORIENTED_EDGE('',*,*,#864,.F.);
#1196=ORIENTED_EDGE('',*,*,#825,.F.);
#1197=ORIENTED_EDGE('',*,*,#731,.T.);
#1198=ORIENTED_EDGE('',*,*,#865,.T.);
#1199=ORIENTED_EDGE('',*,*,#826,.T.);
#1200=ORIENTED_EDGE('',*,*,#864,.T.);
#1201=ORIENTED_EDGE('',*,*,#865,.F.);
#1202=ORIENTED_EDGE('',*,*,#730,.F.);
#1203=ORIENTED_EDGE('',*,*,#866,.F.);
#1204=ORIENTED_EDGE('',*,*,#827,.F.);
#1205=ORIENTED_EDGE('',*,*,#729,.T.);
#1206=ORIENTED_EDGE('',*,*,#755,.T.);
#1207=ORIENTED_EDGE('',*,*,#828,.T.);
#1208=ORIENTED_EDGE('',*,*,#866,.T.);
#1209=ORIENTED_EDGE('',*,*,#861,.F.);
#1210=ORIENTED_EDGE('',*,*,#734,.F.);
#1211=ORIENTED_EDGE('',*,*,#863,.F.);
#1212=ORIENTED_EDGE('',*,*,#823,.F.);
#1213=ORIENTED_EDGE('',*,*,#808,.T.);
#1214=ORIENTED_EDGE('',*,*,#867,.T.);
#1215=ORIENTED_EDGE('',*,*,#708,.T.);
#1216=ORIENTED_EDGE('',*,*,#783,.T.);
#1217=ORIENTED_EDGE('',*,*,#867,.F.);
#1218=ORIENTED_EDGE('',*,*,#807,.T.);
#1219=ORIENTED_EDGE('',*,*,#868,.F.);
#1220=ORIENTED_EDGE('',*,*,#685,.F.);
#1221=ORIENTED_EDGE('',*,*,#809,.T.);
#1222=ORIENTED_EDGE('',*,*,#780,.T.);
#1223=ORIENTED_EDGE('',*,*,#698,.T.);
#1224=ORIENTED_EDGE('',*,*,#869,.T.);
#1225=ORIENTED_EDGE('',*,*,#696,.T.);
#1226=ORIENTED_EDGE('',*,*,#870,.T.);
#1227=ORIENTED_EDGE('',*,*,#811,.T.);
#1228=ORIENTED_EDGE('',*,*,#871,.T.);
#1229=ORIENTED_EDGE('',*,*,#869,.F.);
#1230=ORIENTED_EDGE('',*,*,#697,.F.);
#1231=ORIENTED_EDGE('',*,*,#871,.F.);
#1232=ORIENTED_EDGE('',*,*,#810,.F.);
#1233=ORIENTED_EDGE('',*,*,#686,.T.);
#1234=ORIENTED_EDGE('',*,*,#868,.T.);
#1235=ORIENTED_EDGE('',*,*,#819,.T.);
#1236=ORIENTED_EDGE('',*,*,#850,.T.);
#1237=ORIENTED_EDGE('',*,*,#692,.T.);
#1238=ORIENTED_EDGE('',*,*,#849,.T.);
#1239=ORIENTED_EDGE('',*,*,#815,.T.);
#1240=ORIENTED_EDGE('',*,*,#872,.T.);
#1241=ORIENTED_EDGE('',*,*,#872,.F.);
#1242=ORIENTED_EDGE('',*,*,#814,.T.);
#1243=ORIENTED_EDGE('',*,*,#873,.F.);
#1244=ORIENTED_EDGE('',*,*,#693,.F.);
#1245=ORIENTED_EDGE('',*,*,#694,.T.);
#1246=ORIENTED_EDGE('',*,*,#873,.T.);
#1247=ORIENTED_EDGE('',*,*,#813,.T.);
#1248=ORIENTED_EDGE('',*,*,#874,.T.);
#1249=ORIENTED_EDGE('',*,*,#870,.F.);
#1250=ORIENTED_EDGE('',*,*,#695,.F.);
#1251=ORIENTED_EDGE('',*,*,#874,.F.);
#1252=ORIENTED_EDGE('',*,*,#812,.T.);
#1253=ORIENTED_EDGE('',*,*,#839,.F.);
#1254=ORIENTED_EDGE('',*,*,#875,.T.);
#1255=ORIENTED_EDGE('',*,*,#751,.F.);
#1256=ORIENTED_EDGE('',*,*,#875,.F.);
#1257=ORIENTED_EDGE('',*,*,#840,.F.);
#1258=ORIENTED_EDGE('',*,*,#876,.T.);
#1259=ORIENTED_EDGE('',*,*,#750,.F.);
#1260=ORIENTED_EDGE('',*,*,#876,.F.);
#1261=ORIENTED_EDGE('',*,*,#841,.F.);
#1262=ORIENTED_EDGE('',*,*,#877,.T.);
#1263=ORIENTED_EDGE('',*,*,#749,.F.);
#1264=ORIENTED_EDGE('',*,*,#877,.F.);
#1265=ORIENTED_EDGE('',*,*,#842,.F.);
#1266=ORIENTED_EDGE('',*,*,#878,.T.);
#1267=ORIENTED_EDGE('',*,*,#748,.F.);
#1268=ORIENTED_EDGE('',*,*,#878,.F.);
#1269=ORIENTED_EDGE('',*,*,#843,.F.);
#1270=ORIENTED_EDGE('',*,*,#879,.T.);
#1271=ORIENTED_EDGE('',*,*,#747,.F.);
#1272=ORIENTED_EDGE('',*,*,#879,.F.);
#1273=ORIENTED_EDGE('',*,*,#838,.F.);
#1274=ORIENTED_EDGE('',*,*,#880,.T.);
#1275=ORIENTED_EDGE('',*,*,#726,.F.);
#1276=ORIENTED_EDGE('',*,*,#880,.F.);
#1277=ORIENTED_EDGE('',*,*,#845,.F.);
#1278=ORIENTED_EDGE('',*,*,#881,.T.);
#1279=ORIENTED_EDGE('',*,*,#746,.F.);
#1280=ORIENTED_EDGE('',*,*,#882,.F.);
#1281=ORIENTED_EDGE('',*,*,#846,.F.);
#1282=ORIENTED_EDGE('',*,*,#882,.T.);
#1283=ORIENTED_EDGE('',*,*,#745,.F.);
#1284=ORIENTED_EDGE('',*,*,#883,.F.);
#1285=ORIENTED_EDGE('',*,*,#847,.F.);
#1286=ORIENTED_EDGE('',*,*,#883,.T.);
#1287=ORIENTED_EDGE('',*,*,#744,.F.);
#1288=ORIENTED_EDGE('',*,*,#884,.F.);
#1289=ORIENTED_EDGE('',*,*,#844,.F.);
#1290=ORIENTED_EDGE('',*,*,#884,.T.);
#1291=ORIENTED_EDGE('',*,*,#743,.F.);
#1292=ORIENTED_EDGE('',*,*,#881,.F.);
#1293=CYLINDRICAL_SURFACE('',#1423,0.5);
#1294=CYLINDRICAL_SURFACE('',#1471,0.5);
#1295=CYLINDRICAL_SURFACE('',#1473,0.5);
#1296=CYLINDRICAL_SURFACE('',#1476,0.5);
#1297=CYLINDRICAL_SURFACE('',#1478,0.500000000000021);
#1298=CYLINDRICAL_SURFACE('',#1481,1.49999999999962);
#1299=CYLINDRICAL_SURFACE('',#1484,1.49999759932389);
#1300=CYLINDRICAL_SURFACE('',#1486,1.50000000000002);
#1301=CYLINDRICAL_SURFACE('',#1489,1.50000499016666);
#1302=CYLINDRICAL_SURFACE('',#1493,0.5);
#1303=CYLINDRICAL_SURFACE('',#1496,0.5);
#1304=CYLINDRICAL_SURFACE('',#1498,0.500000000000021);
#1305=CYLINDRICAL_SURFACE('',#1500,0.500000000000021);
#1306=CYLINDRICAL_SURFACE('',#1502,0.5);
#1307=CYLINDRICAL_SURFACE('',#1505,0.5);
#1308=CYLINDRICAL_SURFACE('',#1507,0.500000000000021);
#1309=CYLINDRICAL_SURFACE('',#1509,1.5);
#1310=CYLINDRICAL_SURFACE('',#1540,1.5);
#1311=CYLINDRICAL_SURFACE('',#1543,0.5);
#1312=CYLINDRICAL_SURFACE('',#1544,0.500000000000021);
#1313=CYLINDRICAL_SURFACE('',#1545,0.5);
#1314=CYLINDRICAL_SURFACE('',#1548,0.5);
#1315=CYLINDRICAL_SURFACE('',#1549,0.5);
#1316=CYLINDRICAL_SURFACE('',#1550,0.5);
#1317=CYLINDRICAL_SURFACE('',#1552,0.5);
#1318=CYLINDRICAL_SURFACE('',#1554,0.5);
#1319=CYLINDRICAL_SURFACE('',#1555,0.5);
#1320=CYLINDRICAL_SURFACE('',#1557,0.5);
#1321=CYLINDRICAL_SURFACE('',#1559,0.5);
#1322=CYLINDRICAL_SURFACE('',#1560,0.500000000000021);
#1323=CYLINDRICAL_SURFACE('',#1561,3.);
#1324=CYLINDRICAL_SURFACE('',#1563,3.);
#1325=CYLINDRICAL_SURFACE('',#1564,1.5);
#1326=CYLINDRICAL_SURFACE('',#1566,1.5);
#1327=CYLINDRICAL_SURFACE('',#1567,1.5);
#1328=CYLINDRICAL_SURFACE('',#1569,1.5);
#1329=CYLINDRICAL_SURFACE('',#1571,1.25);
#1330=CYLINDRICAL_SURFACE('',#1572,1.25000000000001);
#1331=CYLINDRICAL_SURFACE('',#1573,6.515);
#1332=CYLINDRICAL_SURFACE('',#1574,1.55);
#1333=CYLINDRICAL_SURFACE('',#1575,1.54999999999999);
#1334=CYLINDRICAL_SURFACE('',#1576,1.54999999999999);
#1335=CYLINDRICAL_SURFACE('',#1578,2.54999999999997);
#1336=CYLINDRICAL_SURFACE('',#1580,2.55000000000001);
#1337=ADVANCED_FACE('',(#67),#1293,.T.);
#1338=ADVANCED_FACE('',(#68,#23,#24,#25,#26,#27,#28,#29,#30,#31),#41,.T.);
#1339=ADVANCED_FACE('',(#69),#42,.T.);
#1340=ADVANCED_FACE('',(#70),#1294,.T.);
#1341=ADVANCED_FACE('',(#71),#1295,.T.);
#1342=ADVANCED_FACE('',(#72),#43,.T.);
#1343=ADVANCED_FACE('',(#73),#1296,.T.);
#1344=ADVANCED_FACE('',(#74),#1297,.F.);
#1345=ADVANCED_FACE('',(#75),#44,.F.);
#1346=ADVANCED_FACE('',(#76),#1298,.T.);
#1347=ADVANCED_FACE('',(#77),#45,.F.);
#1348=ADVANCED_FACE('',(#78),#1299,.T.);
#1349=ADVANCED_FACE('',(#79),#1300,.T.);
#1350=ADVANCED_FACE('',(#80),#46,.F.);
#1351=ADVANCED_FACE('',(#81),#1301,.T.);
#1352=ADVANCED_FACE('',(#82),#47,.T.);
#1353=ADVANCED_FACE('',(#83),#48,.T.);
#1354=ADVANCED_FACE('',(#84),#1302,.T.);
#1355=ADVANCED_FACE('',(#85),#49,.T.);
#1356=ADVANCED_FACE('',(#86),#1303,.T.);
#1357=ADVANCED_FACE('',(#87),#1304,.F.);
#1358=ADVANCED_FACE('',(#88),#1305,.F.);
#1359=ADVANCED_FACE('',(#89),#1306,.T.);
#1360=ADVANCED_FACE('',(#90),#50,.T.);
#1361=ADVANCED_FACE('',(#91),#1307,.T.);
#1362=ADVANCED_FACE('',(#92),#1308,.F.);
#1363=ADVANCED_FACE('',(#93),#1309,.T.);
#1364=ADVANCED_FACE('',(#94),#51,.T.);
#1365=ADVANCED_FACE('',(#95,#32,#33,#34,#35,#36,#37,#38,#39,#40),#52,.F.);
#1366=ADVANCED_FACE('',(#96),#1310,.T.);
#1367=ADVANCED_FACE('',(#97),#53,.T.);
#1368=ADVANCED_FACE('',(#98),#54,.T.);
#1369=ADVANCED_FACE('',(#99),#1311,.T.);
#1370=ADVANCED_FACE('',(#100),#1312,.F.);
#1371=ADVANCED_FACE('',(#101),#1313,.T.);
#1372=ADVANCED_FACE('',(#102),#55,.T.);
#1373=ADVANCED_FACE('',(#103),#56,.T.);
#1374=ADVANCED_FACE('',(#104),#1314,.T.);
#1375=ADVANCED_FACE('',(#105),#1315,.F.);
#1376=ADVANCED_FACE('',(#106),#1316,.F.);
#1377=ADVANCED_FACE('',(#107),#57,.F.);
#1378=ADVANCED_FACE('',(#108),#1317,.T.);
#1379=ADVANCED_FACE('',(#109),#58,.T.);
#1380=ADVANCED_FACE('',(#110),#1318,.T.);
#1381=ADVANCED_FACE('',(#111),#1319,.T.);
#1382=ADVANCED_FACE('',(#112),#59,.T.);
#1383=ADVANCED_FACE('',(#113),#1320,.F.);
#1384=ADVANCED_FACE('',(#114),#60,.F.);
#1385=ADVANCED_FACE('',(#115),#1321,.F.);
#1386=ADVANCED_FACE('',(#116),#1322,.F.);
#1387=ADVANCED_FACE('',(#117),#1323,.F.);
#1388=ADVANCED_FACE('',(#118),#61,.T.);
#1389=ADVANCED_FACE('',(#119),#1324,.F.);
#1390=ADVANCED_FACE('',(#120),#1325,.T.);
#1391=ADVANCED_FACE('',(#121),#62,.T.);
#1392=ADVANCED_FACE('',(#122),#1326,.T.);
#1393=ADVANCED_FACE('',(#123),#1327,.T.);
#1394=ADVANCED_FACE('',(#124),#63,.T.);
#1395=ADVANCED_FACE('',(#125),#1328,.T.);
#1396=ADVANCED_FACE('',(#126),#64,.T.);
#1397=ADVANCED_FACE('',(#127),#1329,.F.);
#1398=ADVANCED_FACE('',(#128),#1330,.F.);
#1399=ADVANCED_FACE('',(#129),#1331,.F.);
#1400=ADVANCED_FACE('',(#130),#1332,.F.);
#1401=ADVANCED_FACE('',(#131),#1333,.F.);
#1402=ADVANCED_FACE('',(#132),#1334,.F.);
#1403=ADVANCED_FACE('',(#133),#65,.T.);
#1404=ADVANCED_FACE('',(#134),#1335,.F.);
#1405=ADVANCED_FACE('',(#135),#66,.T.);
#1406=ADVANCED_FACE('',(#136),#1336,.F.);
#1407=CLOSED_SHELL('',(#1337,#1338,#1339,#1340,#1341,#1342,#1343,#1344,
#1345,#1346,#1347,#1348,#1349,#1350,#1351,#1352,#1353,#1354,#1355,#1356,
#1357,#1358,#1359,#1360,#1361,#1362,#1363,#1364,#1365,#1366,#1367,#1368,
#1369,#1370,#1371,#1372,#1373,#1374,#1375,#1376,#1377,#1378,#1379,#1380,
#1381,#1382,#1383,#1384,#1385,#1386,#1387,#1388,#1389,#1390,#1391,#1392,
#1393,#1394,#1395,#1396,#1397,#1398,#1399,#1400,#1401,#1402,#1403,#1404,
#1405,#1406));
#1408=DERIVED_UNIT_ELEMENT(#1410,1.);
#1409=DERIVED_UNIT_ELEMENT(#2449,-3.);
#1410=(
MASS_UNIT()
NAMED_UNIT(*)
SI_UNIT(.KILO.,.GRAM.)
);
#1411=DERIVED_UNIT((#1408,#1409));
#1412=MEASURE_REPRESENTATION_ITEM('density measure',
POSITIVE_RATIO_MEASURE(7850.),#1411);
#1413=PROPERTY_DEFINITION_REPRESENTATION(#1418,#1415);
#1414=PROPERTY_DEFINITION_REPRESENTATION(#1419,#1416);
#1415=REPRESENTATION('material name',(#1417),#2446);
#1416=REPRESENTATION('density',(#1412),#2446);
#1417=DESCRIPTIVE_REPRESENTATION_ITEM('Steel','Steel');
#1418=PROPERTY_DEFINITION('material property','material name',#2466);
#1419=PROPERTY_DEFINITION('material property','density of part',#2466);
#1420=AXIS2_PLACEMENT_3D('',#2025,#1583,#1584);
#1421=AXIS2_PLACEMENT_3D('',#2026,#1585,#1586);
#1422=AXIS2_PLACEMENT_3D('',#2027,#1587,#1588);
#1423=AXIS2_PLACEMENT_3D('',#2028,#1589,#1590);
#1424=AXIS2_PLACEMENT_3D('',#2031,#1591,#1592);
#1425=AXIS2_PLACEMENT_3D('',#2035,#1594,#1595);
#1426=AXIS2_PLACEMENT_3D('',#2037,#1597,#1598);
#1427=AXIS2_PLACEMENT_3D('',#2042,#1600,#1601);
#1428=AXIS2_PLACEMENT_3D('',#2046,#1603,#1604);
#1429=AXIS2_PLACEMENT_3D('',#2050,#1606,#1607);
#1430=AXIS2_PLACEMENT_3D('',#2054,#1609,#1610);
#1431=AXIS2_PLACEMENT_3D('',#2058,#1612,#1613);
#1432=AXIS2_PLACEMENT_3D('',#2062,#1615,#1616);
#1433=AXIS2_PLACEMENT_3D('',#2066,#1618,#1619);
#1434=AXIS2_PLACEMENT_3D('',#2070,#1621,#1622);
#1435=AXIS2_PLACEMENT_3D('',#2074,#1624,#1625);
#1436=AXIS2_PLACEMENT_3D('',#2078,#1627,#1628);
#1437=AXIS2_PLACEMENT_3D('',#2082,#1630,#1631);
#1438=AXIS2_PLACEMENT_3D('',#2085,#1633,#1634);
#1439=AXIS2_PLACEMENT_3D('',#2088,#1635,#1636);
#1440=AXIS2_PLACEMENT_3D('',#2092,#1638,#1639);
#1441=AXIS2_PLACEMENT_3D('',#2094,#1640,#1641);
#1442=AXIS2_PLACEMENT_3D('',#2096,#1642,#1643);
#1443=AXIS2_PLACEMENT_3D('',#2100,#1645,#1646);
#1444=AXIS2_PLACEMENT_3D('',#2102,#1647,#1648);
#1445=AXIS2_PLACEMENT_3D('',#2104,#1649,#1650);
#1446=AXIS2_PLACEMENT_3D('',#2108,#1652,#1653);
#1447=AXIS2_PLACEMENT_3D('',#2110,#1654,#1655);
#1448=AXIS2_PLACEMENT_3D('',#2112,#1656,#1657);
#1449=AXIS2_PLACEMENT_3D('',#2116,#1659,#1660);
#1450=AXIS2_PLACEMENT_3D('',#2119,#1662,#1663);
#1451=AXIS2_PLACEMENT_3D('',#2121,#1664,#1665);
#1452=AXIS2_PLACEMENT_3D('',#2125,#1667,#1668);
#1453=AXIS2_PLACEMENT_3D('',#2127,#1669,#1670);
#1454=AXIS2_PLACEMENT_3D('',#2131,#1672,#1673);
#1455=AXIS2_PLACEMENT_3D('',#2135,#1675,#1676);
#1456=AXIS2_PLACEMENT_3D('',#2137,#1677,#1678);
#1457=AXIS2_PLACEMENT_3D('',#2139,#1679,#1680);
#1458=AXIS2_PLACEMENT_3D('',#2143,#1682,#1683);
#1459=AXIS2_PLACEMENT_3D('',#2145,#1684,#1685);
#1460=AXIS2_PLACEMENT_3D('',#2147,#1686,#1687);
#1461=AXIS2_PLACEMENT_3D('',#2151,#1689,#1690);
#1462=AXIS2_PLACEMENT_3D('',#2152,#1691,#1692);
#1463=AXIS2_PLACEMENT_3D('',#2155,#1693,#1694);
#1464=AXIS2_PLACEMENT_3D('',#2159,#1696,#1697);
#1465=AXIS2_PLACEMENT_3D('',#2162,#1699,#1700);
#1466=AXIS2_PLACEMENT_3D('',#2164,#1701,#1702);
#1467=AXIS2_PLACEMENT_3D('',#2166,#1703,#1704);
#1468=AXIS2_PLACEMENT_3D('',#2168,#1705,#1706);
#1469=AXIS2_PLACEMENT_3D('',#2170,#1707,#1708);
#1470=AXIS2_PLACEMENT_3D('',#2171,#1709,#1710);
#1471=AXIS2_PLACEMENT_3D('',#2175,#1713,#1714);
#1472=AXIS2_PLACEMENT_3D('',#2177,#1715,#1716);
#1473=AXIS2_PLACEMENT_3D('',#2179,#1718,#1719);
#1474=AXIS2_PLACEMENT_3D('',#2182,#1720,#1721);
#1475=AXIS2_PLACEMENT_3D('',#2185,#1724,#1725);
#1476=AXIS2_PLACEMENT_3D('',#2189,#1728,#1729);
#1477=AXIS2_PLACEMENT_3D('',#2191,#1730,#1731);
#1478=AXIS2_PLACEMENT_3D('',#2193,#1733,#1734);
#1479=AXIS2_PLACEMENT_3D('',#2195,#1735,#1736);
#1480=AXIS2_PLACEMENT_3D('',#2197,#1738,#1739);
#1481=AXIS2_PLACEMENT_3D('',#2203,#1743,#1744);
#1482=AXIS2_PLACEMENT_3D('',#2206,#1745,#1746);
#1483=AXIS2_PLACEMENT_3D('',#2209,#1749,#1750);
#1484=AXIS2_PLACEMENT_3D('',#2213,#1753,#1754);
#1485=AXIS2_PLACEMENT_3D('',#2214,#1755,#1756);
#1486=AXIS2_PLACEMENT_3D('',#2215,#1757,#1758);
#1487=AXIS2_PLACEMENT_3D('',#2217,#1759,#1760);
#1488=AXIS2_PLACEMENT_3D('',#2219,#1762,#1763);
#1489=AXIS2_PLACEMENT_3D('',#2223,#1766,#1767);
#1490=AXIS2_PLACEMENT_3D('',#2225,#1768,#1769);
#1491=AXIS2_PLACEMENT_3D('',#2227,#1771,#1772);
#1492=AXIS2_PLACEMENT_3D('',#2231,#1775,#1776);
#1493=AXIS2_PLACEMENT_3D('',#2235,#1779,#1780);
#1494=AXIS2_PLACEMENT_3D('',#2239,#1782,#1783);
#1495=AXIS2_PLACEMENT_3D('',#2241,#1785,#1786);
#1496=AXIS2_PLACEMENT_3D('',#2245,#1789,#1790);
#1497=AXIS2_PLACEMENT_3D('',#2247,#1791,#1792);
#1498=AXIS2_PLACEMENT_3D('',#2249,#1794,#1795);
#1499=AXIS2_PLACEMENT_3D('',#2252,#1797,#1798);
#1500=AXIS2_PLACEMENT_3D('',#2253,#1799,#1800);
#1501=AXIS2_PLACEMENT_3D('',#2254,#1801,#1802);
#1502=AXIS2_PLACEMENT_3D('',#2255,#1803,#1804);
#1503=AXIS2_PLACEMENT_3D('',#2259,#1806,#1807);
#1504=AXIS2_PLACEMENT_3D('',#2261,#1809,#1810);
#1505=AXIS2_PLACEMENT_3D('',#2265,#1813,#1814);
#1506=AXIS2_PLACEMENT_3D('',#2266,#1815,#1816);
#1507=AXIS2_PLACEMENT_3D('',#2267,#1817,#1818);
#1508=AXIS2_PLACEMENT_3D('',#2269,#1819,#1820);
#1509=AXIS2_PLACEMENT_3D('',#2271,#1822,#1823);
#1510=AXIS2_PLACEMENT_3D('',#2274,#1824,#1825);
#1511=AXIS2_PLACEMENT_3D('',#2277,#1828,#1829);
#1512=AXIS2_PLACEMENT_3D('',#2281,#1832,#1833);
#1513=AXIS2_PLACEMENT_3D('',#2285,#1835,#1836);
#1514=AXIS2_PLACEMENT_3D('',#2287,#1837,#1838);
#1515=AXIS2_PLACEMENT_3D('',#2291,#1840,#1841);
#1516=AXIS2_PLACEMENT_3D('',#2295,#1843,#1844);
#1517=AXIS2_PLACEMENT_3D('',#2299,#1846,#1847);
#1518=AXIS2_PLACEMENT_3D('',#2302,#1849,#1850);
#1519=AXIS2_PLACEMENT_3D('',#2305,#1852,#1853);
#1520=AXIS2_PLACEMENT_3D('',#2307,#1854,#1855);
#1521=AXIS2_PLACEMENT_3D('',#2311,#1857,#1858);
#1522=AXIS2_PLACEMENT_3D('',#2313,#1859,#1860);
#1523=AXIS2_PLACEMENT_3D('',#2315,#1861,#1862);
#1524=AXIS2_PLACEMENT_3D('',#2319,#1864,#1865);
#1525=AXIS2_PLACEMENT_3D('',#2322,#1867,#1868);
#1526=AXIS2_PLACEMENT_3D('',#2324,#1869,#1870);
#1527=AXIS2_PLACEMENT_3D('',#2328,#1872,#1873);
#1528=AXIS2_PLACEMENT_3D('',#2332,#1875,#1876);
#1529=AXIS2_PLACEMENT_3D('',#2334,#1877,#1878);
#1530=AXIS2_PLACEMENT_3D('',#2336,#1879,#1880);
#1531=AXIS2_PLACEMENT_3D('',#2339,#1882,#1883);
#1532=AXIS2_PLACEMENT_3D('',#2341,#1884,#1885);
#1533=AXIS2_PLACEMENT_3D('',#2343,#1886,#1887);
#1534=AXIS2_PLACEMENT_3D('',#2345,#1888,#1889);
#1535=AXIS2_PLACEMENT_3D('',#2347,#1890,#1891);
#1536=AXIS2_PLACEMENT_3D('',#2349,#1892,#1893);
#1537=AXIS2_PLACEMENT_3D('',#2351,#1894,#1895);
#1538=AXIS2_PLACEMENT_3D('',#2354,#1896,#1897);
#1539=AXIS2_PLACEMENT_3D('',#2358,#1899,#1900);
#1540=AXIS2_PLACEMENT_3D('',#2360,#1902,#1903);
#1541=AXIS2_PLACEMENT_3D('',#2362,#1905,#1906);
#1542=AXIS2_PLACEMENT_3D('',#2364,#1908,#1909);
#1543=AXIS2_PLACEMENT_3D('',#2366,#1911,#1912);
#1544=AXIS2_PLACEMENT_3D('',#2369,#1915,#1916);
#1545=AXIS2_PLACEMENT_3D('',#2371,#1918,#1919);
#1546=AXIS2_PLACEMENT_3D('',#2373,#1921,#1922);
#1547=AXIS2_PLACEMENT_3D('',#2375,#1924,#1925);
#1548=AXIS2_PLACEMENT_3D('',#2377,#1927,#1928);
#1549=AXIS2_PLACEMENT_3D('',#2378,#1929,#1930);
#1550=AXIS2_PLACEMENT_3D('',#2380,#1932,#1933);
#1551=AXIS2_PLACEMENT_3D('',#2382,#1935,#1936);
#1552=AXIS2_PLACEMENT_3D('',#2383,#1937,#1938);
#1553=AXIS2_PLACEMENT_3D('',#2385,#1940,#1941);
#1554=AXIS2_PLACEMENT_3D('',#2387,#1943,#1944);
#1555=AXIS2_PLACEMENT_3D('',#2389,#1946,#1947);
#1556=AXIS2_PLACEMENT_3D('',#2392,#1950,#1951);
#1557=AXIS2_PLACEMENT_3D('',#2394,#1953,#1954);
#1558=AXIS2_PLACEMENT_3D('',#2396,#1956,#1957);
#1559=AXIS2_PLACEMENT_3D('',#2398,#1959,#1960);
#1560=AXIS2_PLACEMENT_3D('',#2399,#1961,#1962);
#1561=AXIS2_PLACEMENT_3D('',#2400,#1963,#1964);
#1562=AXIS2_PLACEMENT_3D('',#2402,#1966,#1967);
#1563=AXIS2_PLACEMENT_3D('',#2404,#1969,#1970);
#1564=AXIS2_PLACEMENT_3D('',#2406,#1972,#1973);
#1565=AXIS2_PLACEMENT_3D('',#2409,#1976,#1977);
#1566=AXIS2_PLACEMENT_3D('',#2410,#1978,#1979);
#1567=AXIS2_PLACEMENT_3D('',#2411,#1980,#1981);
#1568=AXIS2_PLACEMENT_3D('',#2413,#1983,#1984);
#1569=AXIS2_PLACEMENT_3D('',#2415,#1986,#1987);
#1570=AXIS2_PLACEMENT_3D('',#2417,#1989,#1990);
#1571=AXIS2_PLACEMENT_3D('',#2418,#1991,#1992);
#1572=AXIS2_PLACEMENT_3D('',#2420,#1994,#1995);
#1573=AXIS2_PLACEMENT_3D('',#2422,#1997,#1998);
#1574=AXIS2_PLACEMENT_3D('',#2424,#2000,#2001);
#1575=AXIS2_PLACEMENT_3D('',#2426,#2003,#2004);
#1576=AXIS2_PLACEMENT_3D('',#2428,#2006,#2007);
#1577=AXIS2_PLACEMENT_3D('',#2430,#2009,#2010);
#1578=AXIS2_PLACEMENT_3D('',#2433,#2013,#2014);
#1579=AXIS2_PLACEMENT_3D('',#2435,#2016,#2017);
#1580=AXIS2_PLACEMENT_3D('',#2437,#2019,#2020);
#1581=AXIS2_PLACEMENT_3D('',#2438,#2021,#2022);
#1582=AXIS2_PLACEMENT_3D('',#2439,#2023,#2024);
#1583=DIRECTION('axis',(0.,0.,1.));
#1584=DIRECTION('refdir',(1.,0.,0.));
#1585=DIRECTION('axis',(0.,0.,1.));
#1586=DIRECTION('refdir',(1.,0.,0.));
#1587=DIRECTION('axis',(0.,0.,1.));
#1588=DIRECTION('refdir',(1.,0.,0.));
#1589=DIRECTION('center_axis',(0.,-3.41086796739543E-29,-1.));
#1590=DIRECTION('ref_axis',(0.935414346693473,-0.353553390593307,0.));
#1591=DIRECTION('center_axis',(0.,0.,1.));
#1592=DIRECTION('ref_axis',(0.935414346693473,-0.353553390593307,0.));
#1593=DIRECTION('',(0.,3.41086796739543E-29,1.));
#1594=DIRECTION('center_axis',(0.,0.,-1.));
#1595=DIRECTION('ref_axis',(0.935414346693473,-0.353553390593307,0.));
#1596=DIRECTION('',(0.,-3.41086796739543E-29,-1.));
#1597=DIRECTION('center_axis',(0.,0.,1.));
#1598=DIRECTION('ref_axis',(1.,0.,0.));
#1599=DIRECTION('',(-0.707106781186564,0.707106781186531,0.));
#1600=DIRECTION('center_axis',(0.,0.,-1.));
#1601=DIRECTION('ref_axis',(0.382683432365073,0.923879532511294,0.));
#1602=DIRECTION('',(-1.,0.,0.));
#1603=DIRECTION('center_axis',(0.,0.,-1.));
#1604=DIRECTION('ref_axis',(-0.382683432365089,0.923879532511287,0.));
#1605=DIRECTION('',(0.707106781186547,0.707106781186548,0.));
#1606=DIRECTION('center_axis',(0.,0.,-1.));
#1607=DIRECTION('ref_axis',(-0.923879532511289,0.382683432365084,0.));
#1608=DIRECTION('',(0.,-1.,0.));
#1609=DIRECTION('center_axis',(0.,0.,-1.));
#1610=DIRECTION('ref_axis',(-0.923879532511278,-0.382683432365112,0.));
#1611=DIRECTION('',(0.707106781186579,-0.707106781186516,0.));
#1612=DIRECTION('center_axis',(0.,0.,-1.));
#1613=DIRECTION('ref_axis',(-0.382683432365074,-0.923879532511293,0.));
#1614=DIRECTION('',(1.,-8.95153281639524E-15,0.));
#1615=DIRECTION('center_axis',(0.,0.,-1.));
#1616=DIRECTION('ref_axis',(0.382683432365112,-0.923879532511278,0.));
#1617=DIRECTION('',(0.707106781186508,0.707106781186587,0.));
#1618=DIRECTION('center_axis',(0.,0.,1.));
#1619=DIRECTION('ref_axis',(-0.382683432365116,0.923879532511276,0.));
#1620=DIRECTION('',(1.,0.,0.));
#1621=DIRECTION('center_axis',(0.,0.,1.));
#1622=DIRECTION('ref_axis',(0.707106781186567,-0.707106781186528,0.));
#1623=DIRECTION('',(0.707105564221517,0.707107998149484,0.));
#1624=DIRECTION('center_axis',(0.,0.,1.));
#1625=DIRECTION('ref_axis',(1.,3.33344463143699E-14,0.));
#1626=DIRECTION('',(-3.2164715069476E-10,1.,0.));
#1627=DIRECTION('center_axis',(0.,0.,1.));
#1628=DIRECTION('ref_axis',(0.707106781186545,0.70710678118655,0.));
#1629=DIRECTION('',(-0.707106781186555,0.70710678118654,0.));
#1630=DIRECTION('center_axis',(0.,0.,1.));
#1631=DIRECTION('ref_axis',(2.13135065152469E-13,1.,0.));
#1632=DIRECTION('',(-1.,0.,0.));
#1633=DIRECTION('center_axis',(0.,0.,1.));
#1634=DIRECTION('ref_axis',(-0.382683432365081,-0.92387953251129,0.));
#1635=DIRECTION('center_axis',(0.,0.,-1.));
#1636=DIRECTION('ref_axis',(0.70710678118656,-0.707106781186535,0.));
#1637=DIRECTION('',(0.,-1.,0.));
#1638=DIRECTION('center_axis',(0.,0.,-1.));
#1639=DIRECTION('ref_axis',(0.935414346693473,0.353553390593307,0.));
#1640=DIRECTION('center_axis',(0.,0.,-1.));
#1641=DIRECTION('ref_axis',(1.,0.,0.));
#1642=DIRECTION('center_axis',(0.,0.,-1.));
#1643=DIRECTION('ref_axis',(-0.273861278752583,-0.961769203083567,0.));
#1644=DIRECTION('',(1.,0.,0.));
#1645=DIRECTION('center_axis',(0.,0.,-1.));
#1646=DIRECTION('ref_axis',(0.273861278752583,-0.961769203083567,0.));
#1647=DIRECTION('center_axis',(0.,0.,-1.));
#1648=DIRECTION('ref_axis',(1.,0.,0.));
#1649=DIRECTION('center_axis',(0.,0.,-1.));
#1650=DIRECTION('ref_axis',(-0.935414346693483,0.35355339059328,0.));
#1651=DIRECTION('',(0.,-1.,0.));
#1652=DIRECTION('center_axis',(0.,0.,-1.));
#1653=DIRECTION('ref_axis',(-0.935414346693479,-0.35355339059329,0.));
#1654=DIRECTION('center_axis',(0.,0.,-1.));
#1655=DIRECTION('ref_axis',(1.,0.,0.));
#1656=DIRECTION('center_axis',(0.,0.,-1.));
#1657=DIRECTION('ref_axis',(0.353553390593273,0.935414346693486,0.));
#1658=DIRECTION('',(-1.,0.,0.));
#1659=DIRECTION('center_axis',(0.,0.,1.));
#1660=DIRECTION('ref_axis',(-0.70710678118656,-0.707106781186535,0.));
#1661=DIRECTION('',(0.,1.,0.));
#1662=DIRECTION('center_axis',(0.,0.,1.));
#1663=DIRECTION('ref_axis',(-0.707106781186548,0.707106781186548,0.));
#1664=DIRECTION('center_axis',(0.,0.,-1.));
#1665=DIRECTION('ref_axis',(1.,0.,0.));
#1666=DIRECTION('',(0.,-1.,0.));
#1667=DIRECTION('center_axis',(0.,0.,-1.));
#1668=DIRECTION('ref_axis',(0.707106781186548,0.707106781186548,0.));
#1669=DIRECTION('center_axis',(0.,0.,1.));
#1670=DIRECTION('ref_axis',(-0.707106781186548,-0.707106781186548,0.));
#1671=DIRECTION('',(0.,1.,0.));
#1672=DIRECTION('center_axis',(0.,0.,1.));
#1673=DIRECTION('ref_axis',(-0.70710678118656,0.707106781186535,0.));
#1674=DIRECTION('',(1.,0.,0.));
#1675=DIRECTION('center_axis',(0.,0.,-1.));
#1676=DIRECTION('ref_axis',(0.353553390593277,-0.935414346693484,0.));
#1677=DIRECTION('center_axis',(0.,0.,-1.));
#1678=DIRECTION('ref_axis',(1.,0.,0.));
#1679=DIRECTION('center_axis',(0.,0.,-1.));
#1680=DIRECTION('ref_axis',(-0.935414346693483,0.35355339059328,0.));
#1681=DIRECTION('',(0.,-1.,0.));
#1682=DIRECTION('center_axis',(0.,0.,-1.));
#1683=DIRECTION('ref_axis',(-0.935414346693483,-0.35355339059328,0.));
#1684=DIRECTION('center_axis',(0.,0.,-1.));
#1685=DIRECTION('ref_axis',(1.,0.,0.));
#1686=DIRECTION('center_axis',(0.,0.,-1.));
#1687=DIRECTION('ref_axis',(0.273861278752583,0.961769203083567,0.));
#1688=DIRECTION('',(-1.,0.,0.));
#1689=DIRECTION('center_axis',(0.,0.,-1.));
#1690=DIRECTION('ref_axis',(-0.273861278752583,0.961769203083567,0.));
#1691=DIRECTION('center_axis',(0.,0.,-1.));
#1692=DIRECTION('ref_axis',(1.,0.,0.));
#1693=DIRECTION('center_axis',(0.,0.,-1.));
#1694=DIRECTION('ref_axis',(1.21906841919625E-14,1.,0.));
#1695=DIRECTION('',(1.,-1.77635683940025E-14,0.));
#1696=DIRECTION('center_axis',(0.,0.,-1.));
#1697=DIRECTION('ref_axis',(-1.56737368182377E-14,-1.,0.));
#1698=DIRECTION('',(-1.,1.77635683940026E-14,0.));
#1699=DIRECTION('center_axis',(0.,0.,-1.));
#1700=DIRECTION('ref_axis',(1.,0.,0.));
#1701=DIRECTION('center_axis',(0.,0.,-1.));
#1702=DIRECTION('ref_axis',(1.,0.,0.));
#1703=DIRECTION('center_axis',(0.,0.,-1.));
#1704=DIRECTION('ref_axis',(1.,0.,0.));
#1705=DIRECTION('center_axis',(0.,0.,-1.));
#1706=DIRECTION('ref_axis',(1.,0.,0.));
#1707=DIRECTION('center_axis',(0.,0.,-1.));
#1708=DIRECTION('ref_axis',(1.,0.,0.));
#1709=DIRECTION('center_axis',(1.,0.,0.));
#1710=DIRECTION('ref_axis',(0.,1.,0.));
#1711=DIRECTION('',(0.,-1.,0.));
#1712=DIRECTION('',(0.,-6.40617234366397E-30,-1.));
#1713=DIRECTION('center_axis',(0.,6.40617234366397E-30,1.));
#1714=DIRECTION('ref_axis',(0.707106781186548,0.707106781186548,0.));
#1715=DIRECTION('center_axis',(0.,0.,1.));
#1716=DIRECTION('ref_axis',(0.707106781186548,0.707106781186548,0.));
#1717=DIRECTION('',(0.,-6.40617234366397E-30,-1.));
#1718=DIRECTION('center_axis',(0.,-6.40617234366397E-30,-1.));
#1719=DIRECTION('ref_axis',(0.70710678118656,-0.707106781186535,0.));
#1720=DIRECTION('center_axis',(0.,0.,1.));
#1721=DIRECTION('ref_axis',(0.70710678118656,-0.707106781186535,0.));
#1722=DIRECTION('',(0.,6.40617234366397E-30,1.));
#1723=DIRECTION('',(0.,6.40617234366397E-30,1.));
#1724=DIRECTION('center_axis',(1.,0.,0.));
#1725=DIRECTION('ref_axis',(0.,1.,0.));
#1726=DIRECTION('',(0.,-1.,0.));
#1727=DIRECTION('',(0.,-3.41086796739543E-29,-1.));
#1728=DIRECTION('center_axis',(0.,3.41086796739543E-29,1.));
#1729=DIRECTION('ref_axis',(0.935414346693473,0.353553390593307,0.));
#1730=DIRECTION('center_axis',(0.,0.,1.));
#1731=DIRECTION('ref_axis',(0.935414346693473,0.353553390593307,0.));
#1732=DIRECTION('',(0.,3.41086796739543E-29,1.));
#1733=DIRECTION('center_axis',(0.,-3.41086796739543E-29,-1.));
#1734=DIRECTION('ref_axis',(-0.842662292397549,0.538442439793993,-1.83655607017957E-29));
#1735=DIRECTION('center_axis',(0.,0.,1.));
#1736=DIRECTION('ref_axis',(1.,0.,0.));
#1737=DIRECTION('',(0.,-3.41086796739543E-29,-1.));
#1738=DIRECTION('center_axis',(-1.,-3.2164715069476E-10,-4.82530682077708E-14));
#1739=DIRECTION('ref_axis',(-3.2164715069476E-10,1.,-1.55204981159684E-23));
#1740=DIRECTION('',(4.82530682077708E-14,7.88860905221012E-30,-1.));
#1741=DIRECTION('',(3.2164715069476E-10,-1.,0.));
#1742=DIRECTION('',(4.82530682077708E-14,7.88860905221012E-30,-1.));
#1743=DIRECTION('center_axis',(4.82530682077708E-14,7.88860905221012E-30,
-1.));
#1744=DIRECTION('ref_axis',(2.13135065152469E-13,1.,1.0292309445322E-26));
#1745=DIRECTION('center_axis',(0.,0.,-1.));
#1746=DIRECTION('ref_axis',(2.13135065152469E-13,1.,0.));
#1747=DIRECTION('',(-4.82530682077708E-14,-7.88860905221012E-30,1.));
#1748=DIRECTION('',(4.82530682077708E-14,7.88860905221012E-30,-1.));
#1749=DIRECTION('center_axis',(-0.70710678118654,-0.707106781186555,-3.41200717427714E-14));
#1750=DIRECTION('ref_axis',(-0.707106781186555,0.70710678118654,-3.40808194313052E-14));
#1751=DIRECTION('',(0.707106781186555,-0.70710678118654,0.));
#1752=DIRECTION('',(4.82530682077708E-14,7.88860905221012E-30,-1.));
#1753=DIRECTION('center_axis',(4.82530682077708E-14,7.88860905221012E-30,
-1.));
#1754=DIRECTION('ref_axis',(0.707106781186545,0.70710678118655,3.41200717427716E-14));
#1755=DIRECTION('center_axis',(0.,0.,-1.));
#1756=DIRECTION('ref_axis',(0.707106781186545,0.70710678118655,0.));
#1757=DIRECTION('center_axis',(4.82530682077708E-14,7.88860905221012E-30,
-1.));
#1758=DIRECTION('ref_axis',(1.,3.33344463143699E-14,4.82530682077708E-14));
#1759=DIRECTION('center_axis',(0.,0.,-1.));
#1760=DIRECTION('ref_axis',(1.,3.33344463143699E-14,0.));
#1761=DIRECTION('',(4.82530682077708E-14,7.88860905221012E-30,-1.));
#1762=DIRECTION('center_axis',(-0.707107998149484,0.707105564221517,-3.41201304649673E-14));
#1763=DIRECTION('ref_axis',(0.707105564221517,0.707107998149484,3.25288454051147E-14));
#1764=DIRECTION('',(-0.707105564221517,-0.707107998149484,0.));
#1765=DIRECTION('',(4.82530682077708E-14,7.88860905221012E-30,-1.));
#1766=DIRECTION('center_axis',(4.82530682077708E-14,7.88860905221012E-30,
-1.));
#1767=DIRECTION('ref_axis',(0.707106781186567,-0.707106781186528,3.41200717427727E-14));
#1768=DIRECTION('center_axis',(0.,0.,-1.));
#1769=DIRECTION('ref_axis',(0.707106781186567,-0.707106781186528,0.));
#1770=DIRECTION('',(-4.82530682077708E-14,-7.88860905221012E-30,1.));
#1771=DIRECTION('center_axis',(0.,-1.,0.));
#1772=DIRECTION('ref_axis',(1.,0.,0.));
#1773=DIRECTION('',(0.,0.,1.));
#1774=DIRECTION('',(1.,0.,0.));
#1775=DIRECTION('center_axis',(0.,1.,0.));
#1776=DIRECTION('ref_axis',(-1.,0.,0.));
#1777=DIRECTION('',(1.,0.,0.));
#1778=DIRECTION('',(0.,0.,-1.));
#1779=DIRECTION('center_axis',(0.,3.41086796739543E-29,1.));
#1780=DIRECTION('ref_axis',(-0.273861278752583,0.961769203083567,-3.28046776682517E-29));
#1781=DIRECTION('',(0.,0.,-1.));
#1782=DIRECTION('center_axis',(0.,0.,1.));
#1783=DIRECTION('ref_axis',(-0.273861278752583,0.961769203083567,0.));
#1784=DIRECTION('',(0.,3.41086796739543E-29,1.));
#1785=DIRECTION('center_axis',(0.,1.,0.));
#1786=DIRECTION('ref_axis',(-1.,0.,0.));
#1787=DIRECTION('',(0.,0.,1.));
#1788=DIRECTION('',(-1.,0.,0.));
#1789=DIRECTION('center_axis',(0.,-3.41086796739543E-29,-1.));
#1790=DIRECTION('ref_axis',(0.273861278752583,0.961769203083567,-3.28046776682517E-29));
#1791=DIRECTION('center_axis',(0.,0.,1.));
#1792=DIRECTION('ref_axis',(0.273861278752583,0.961769203083567,0.));
#1793=DIRECTION('',(0.,-3.41086796739543E-29,-1.));
#1794=DIRECTION('center_axis',(0.,-3.41086796739543E-29,-1.));
#1795=DIRECTION('ref_axis',(1.,0.,0.));
#1796=DIRECTION('',(0.,3.41086796739543E-29,1.));
#1797=DIRECTION('center_axis',(0.,0.,1.));
#1798=DIRECTION('ref_axis',(1.,0.,0.));
#1799=DIRECTION('center_axis',(0.,-3.41086796739543E-29,-1.));
#1800=DIRECTION('ref_axis',(-0.842662292397549,-0.538442439793993,1.83655607017957E-29));
#1801=DIRECTION('center_axis',(0.,0.,1.));
#1802=DIRECTION('ref_axis',(1.,0.,0.));
#1803=DIRECTION('center_axis',(0.,3.41086796739543E-29,1.));
#1804=DIRECTION('ref_axis',(0.273861278752583,-0.961769203083567,3.28046776682517E-29));
#1805=DIRECTION('',(0.,0.,-1.));
#1806=DIRECTION('center_axis',(0.,0.,1.));
#1807=DIRECTION('ref_axis',(0.273861278752583,-0.961769203083567,0.));
#1808=DIRECTION('',(0.,3.41086796739543E-29,1.));
#1809=DIRECTION('center_axis',(0.,-1.,0.));
#1810=DIRECTION('ref_axis',(1.,0.,0.));
#1811=DIRECTION('',(0.,0.,1.));
#1812=DIRECTION('',(-1.,0.,0.));
#1813=DIRECTION('center_axis',(0.,-3.41086796739543E-29,-1.));
#1814=DIRECTION('ref_axis',(-0.273861278752583,-0.961769203083567,3.28046776682517E-29));
#1815=DIRECTION('center_axis',(0.,0.,1.));
#1816=DIRECTION('ref_axis',(-0.273861278752583,-0.961769203083567,0.));
#1817=DIRECTION('center_axis',(0.,-3.41086796739543E-29,-1.));
#1818=DIRECTION('ref_axis',(1.,0.,0.));
#1819=DIRECTION('center_axis',(0.,0.,1.));
#1820=DIRECTION('ref_axis',(1.,0.,0.));
#1821=DIRECTION('',(0.,-3.41086796739543E-29,-1.));
#1822=DIRECTION('center_axis',(0.,0.,-1.));
#1823=DIRECTION('ref_axis',(-0.382683432365089,0.923879532511287,0.));
#1824=DIRECTION('center_axis',(0.,0.,1.));
#1825=DIRECTION('ref_axis',(-0.382683432365089,0.923879532511287,0.));
#1826=DIRECTION('',(0.,0.,1.));
#1827=DIRECTION('',(0.,0.,-1.));
#1828=DIRECTION('center_axis',(-0.707106781186548,0.707106781186547,0.));
#1829=DIRECTION('ref_axis',(0.,0.,1.));
#1830=DIRECTION('',(-0.707106781186547,-0.707106781186548,0.));
#1831=DIRECTION('',(0.,0.,-1.));
#1832=DIRECTION('center_axis',(0.,0.,1.));
#1833=DIRECTION('ref_axis',(1.,0.,0.));
#1834=DIRECTION('',(-0.707106781186564,0.707106781186531,0.));
#1835=DIRECTION('center_axis',(0.,0.,-1.));
#1836=DIRECTION('ref_axis',(-0.382683432365081,-0.92387953251129,0.));
#1837=DIRECTION('center_axis',(0.,0.,-1.));
#1838=DIRECTION('ref_axis',(-0.382683432365116,0.923879532511276,0.));
#1839=DIRECTION('',(-0.707106781186508,-0.707106781186587,0.));
#1840=DIRECTION('center_axis',(0.,0.,1.));
#1841=DIRECTION('ref_axis',(0.382683432365112,-0.923879532511278,0.));
#1842=DIRECTION('',(1.,-8.95153281639524E-15,0.));
#1843=DIRECTION('center_axis',(0.,0.,1.));
#1844=DIRECTION('ref_axis',(-0.382683432365074,-0.923879532511293,0.));
#1845=DIRECTION('',(0.707106781186579,-0.707106781186516,0.));
#1846=DIRECTION('center_axis',(0.,0.,1.));
#1847=DIRECTION('ref_axis',(-0.923879532511278,-0.382683432365112,0.));
#1848=DIRECTION('',(0.,-1.,0.));
#1849=DIRECTION('center_axis',(0.,0.,1.));
#1850=DIRECTION('ref_axis',(-0.923879532511289,0.382683432365084,0.));
#1851=DIRECTION('',(-1.,0.,0.));
#1852=DIRECTION('center_axis',(0.,0.,1.));
#1853=DIRECTION('ref_axis',(0.382683432365073,0.923879532511294,0.));
#1854=DIRECTION('center_axis',(0.,0.,1.));
#1855=DIRECTION('ref_axis',(-0.935414346693483,-0.35355339059328,0.));
#1856=DIRECTION('',(0.,1.,0.));
#1857=DIRECTION('center_axis',(0.,0.,1.));
#1858=DIRECTION('ref_axis',(-0.935414346693483,0.35355339059328,0.));
#1859=DIRECTION('center_axis',(0.,0.,1.));
#1860=DIRECTION('ref_axis',(1.,0.,0.));
#1861=DIRECTION('center_axis',(0.,0.,1.));
#1862=DIRECTION('ref_axis',(0.353553390593277,-0.935414346693484,0.));
#1863=DIRECTION('',(-1.,0.,0.));
#1864=DIRECTION('center_axis',(0.,0.,-1.));
#1865=DIRECTION('ref_axis',(-0.70710678118656,0.707106781186535,0.));
#1866=DIRECTION('',(0.,-1.,0.));
#1867=DIRECTION('center_axis',(0.,0.,-1.));
#1868=DIRECTION('ref_axis',(-0.707106781186548,-0.707106781186548,0.));
#1869=DIRECTION('center_axis',(0.,0.,-1.));
#1870=DIRECTION('ref_axis',(-0.707106781186548,0.707106781186548,0.));
#1871=DIRECTION('',(0.,-1.,0.));
#1872=DIRECTION('center_axis',(0.,0.,-1.));
#1873=DIRECTION('ref_axis',(-0.70710678118656,-0.707106781186535,0.));
#1874=DIRECTION('',(1.,0.,0.));
#1875=DIRECTION('center_axis',(0.,0.,1.));
#1876=DIRECTION('ref_axis',(0.353553390593273,0.935414346693486,0.));
#1877=DIRECTION('center_axis',(0.,0.,1.));
#1878=DIRECTION('ref_axis',(1.,0.,0.));
#1879=DIRECTION('center_axis',(0.,0.,1.));
#1880=DIRECTION('ref_axis',(-0.935414346693479,-0.35355339059329,0.));
#1881=DIRECTION('',(0.,1.,0.));
#1882=DIRECTION('center_axis',(0.,0.,1.));
#1883=DIRECTION('ref_axis',(-0.935414346693483,0.35355339059328,0.));
#1884=DIRECTION('center_axis',(0.,0.,1.));
#1885=DIRECTION('ref_axis',(1.,0.,0.));
#1886=DIRECTION('center_axis',(0.,0.,1.));
#1887=DIRECTION('ref_axis',(1.,0.,0.));
#1888=DIRECTION('center_axis',(0.,0.,1.));
#1889=DIRECTION('ref_axis',(1.,0.,0.));
#1890=DIRECTION('center_axis',(0.,0.,1.));
#1891=DIRECTION('ref_axis',(1.,0.,0.));
#1892=DIRECTION('center_axis',(0.,0.,1.));
#1893=DIRECTION('ref_axis',(1.,0.,0.));
#1894=DIRECTION('center_axis',(0.,0.,1.));
#1895=DIRECTION('ref_axis',(1.,0.,0.));
#1896=DIRECTION('center_axis',(0.,0.,1.));
#1897=DIRECTION('ref_axis',(1.21906841919625E-14,1.,0.));
#1898=DIRECTION('',(1.,-1.77635683940026E-14,0.));
#1899=DIRECTION('center_axis',(0.,0.,1.));
#1900=DIRECTION('ref_axis',(-1.56737368182377E-14,-1.,0.));
#1901=DIRECTION('',(-1.,1.77635683940025E-14,0.));
#1902=DIRECTION('center_axis',(0.,0.,1.));
#1903=DIRECTION('ref_axis',(-0.923879532511289,0.382683432365084,0.));
#1904=DIRECTION('',(0.,0.,1.));
#1905=DIRECTION('center_axis',(-1.,0.,0.));
#1906=DIRECTION('ref_axis',(0.,-1.,0.));
#1907=DIRECTION('',(0.,0.,-1.));
#1908=DIRECTION('center_axis',(0.,1.,0.));
#1909=DIRECTION('ref_axis',(-1.,0.,0.));
#1910=DIRECTION('',(0.,0.,1.));
#1911=DIRECTION('center_axis',(0.,3.41086796739543E-29,1.));
#1912=DIRECTION('ref_axis',(0.353553390593273,0.935414346693486,-3.19057483137893E-29));
#1913=DIRECTION('',(0.,-3.41086796739543E-29,-1.));
#1914=DIRECTION('',(0.,0.,1.));
#1915=DIRECTION('center_axis',(0.,-3.41086796739543E-29,-1.));
#1916=DIRECTION('ref_axis',(1.,0.,0.));
#1917=DIRECTION('',(0.,3.41086796739543E-29,1.));
#1918=DIRECTION('center_axis',(0.,-3.41086796739543E-29,-1.));
#1919=DIRECTION('ref_axis',(-0.935414346693479,-0.35355339059329,1.2059239347387E-29));
#1920=DIRECTION('',(0.,-3.41086796739543E-29,-1.));
#1921=DIRECTION('center_axis',(-1.,0.,0.));
#1922=DIRECTION('ref_axis',(0.,-1.,0.));
#1923=DIRECTION('',(0.,3.41086796739543E-29,1.));
#1924=DIRECTION('center_axis',(0.,1.,0.));
#1925=DIRECTION('ref_axis',(-1.,0.,0.));
#1926=DIRECTION('',(0.,0.,-1.));
#1927=DIRECTION('center_axis',(0.,-3.41086796739543E-29,-1.));
#1928=DIRECTION('ref_axis',(-0.935414346693483,0.35355339059328,-1.20592393473866E-29));
#1929=DIRECTION('center_axis',(0.,0.,-1.));
#1930=DIRECTION('ref_axis',(-0.70710678118656,-0.707106781186535,0.));
#1931=DIRECTION('',(0.,0.,1.));
#1932=DIRECTION('center_axis',(0.,-6.40617234366397E-30,-1.));
#1933=DIRECTION('ref_axis',(-0.707106781186548,0.707106781186548,-4.52984790565451E-30));
#1934=DIRECTION('',(0.,-6.40617234366397E-30,-1.));
#1935=DIRECTION('center_axis',(-1.,0.,0.));
#1936=DIRECTION('ref_axis',(0.,1.,-3.41086810669212E-29));
#1937=DIRECTION('center_axis',(0.,3.41086796739543E-29,1.));
#1938=DIRECTION('ref_axis',(-0.935414346693483,-0.35355339059328,1.20592393473866E-29));
#1939=DIRECTION('',(0.,-3.41086796739543E-29,-1.));
#1940=DIRECTION('center_axis',(-1.,0.,0.));
#1941=DIRECTION('ref_axis',(0.,-1.,0.));
#1942=DIRECTION('',(0.,3.41086796739543E-29,1.));
#1943=DIRECTION('center_axis',(0.,-3.41086796739543E-29,-1.));
#1944=DIRECTION('ref_axis',(-0.935414346693483,0.35355339059328,-1.20592393473866E-29));
#1945=DIRECTION('',(0.,-3.41086796739543E-29,-1.));
#1946=DIRECTION('center_axis',(0.,3.41086796739543E-29,1.));
#1947=DIRECTION('ref_axis',(0.353553390593277,-0.935414346693484,3.19057483137893E-29));
#1948=DIRECTION('',(0.,0.,-1.));
#1949=DIRECTION('',(0.,3.41086796739543E-29,1.));
#1950=DIRECTION('center_axis',(0.,-1.,0.));
#1951=DIRECTION('ref_axis',(1.,0.,0.));
#1952=DIRECTION('',(0.,0.,1.));
#1953=DIRECTION('center_axis',(0.,0.,-1.));
#1954=DIRECTION('ref_axis',(-0.70710678118656,0.707106781186535,0.));
#1955=DIRECTION('',(0.,0.,-1.));
#1956=DIRECTION('center_axis',(-1.,0.,0.));
#1957=DIRECTION('ref_axis',(0.,1.,-3.41086810669212E-29));
#1958=DIRECTION('',(0.,6.40617234366397E-30,1.));
#1959=DIRECTION('center_axis',(0.,-6.40617234366397E-30,-1.));
#1960=DIRECTION('ref_axis',(-0.707106781186548,-0.707106781186548,4.52984790565451E-30));
#1961=DIRECTION('center_axis',(0.,-3.41086796739543E-29,-1.));
#1962=DIRECTION('ref_axis',(1.,0.,0.));
#1963=DIRECTION('center_axis',(0.,0.,1.));
#1964=DIRECTION('ref_axis',(-0.382683432365081,-0.92387953251129,0.));
#1965=DIRECTION('',(0.,0.,1.));
#1966=DIRECTION('center_axis',(0.707106781186531,0.707106781186564,0.));
#1967=DIRECTION('ref_axis',(-0.707106781186564,0.707106781186531,0.));
#1968=DIRECTION('',(0.,0.,-1.));
#1969=DIRECTION('center_axis',(0.,0.,1.));
#1970=DIRECTION('ref_axis',(-0.382683432365116,0.923879532511276,0.));
#1971=DIRECTION('',(0.,0.,-1.));
#1972=DIRECTION('center_axis',(0.,0.,1.));
#1973=DIRECTION('ref_axis',(0.382683432365112,-0.923879532511278,0.));
#1974=DIRECTION('',(0.,0.,-1.));
#1975=DIRECTION('',(0.,0.,1.));
#1976=DIRECTION('center_axis',(0.707106781186587,-0.707106781186508,0.));
#1977=DIRECTION('ref_axis',(0.707106781186508,0.707106781186587,0.));
#1978=DIRECTION('center_axis',(0.,0.,1.));
#1979=DIRECTION('ref_axis',(0.382683432365073,0.923879532511294,0.));
#1980=DIRECTION('center_axis',(0.,0.,1.));
#1981=DIRECTION('ref_axis',(-0.923879532511278,-0.382683432365112,0.));
#1982=DIRECTION('',(0.,0.,1.));
#1983=DIRECTION('center_axis',(-0.707106781186516,-0.707106781186579,0.));
#1984=DIRECTION('ref_axis',(0.707106781186579,-0.707106781186516,0.));
#1985=DIRECTION('',(0.,0.,-1.));
#1986=DIRECTION('center_axis',(0.,0.,1.));
#1987=DIRECTION('ref_axis',(-0.382683432365074,-0.923879532511293,0.));
#1988=DIRECTION('',(0.,0.,1.));
#1989=DIRECTION('center_axis',(-8.95153281639524E-15,-1.,0.));
#1990=DIRECTION('ref_axis',(1.,-8.95153281639524E-15,0.));
#1991=DIRECTION('center_axis',(0.,0.,1.));
#1992=DIRECTION('ref_axis',(1.,0.,0.));
#1993=DIRECTION('',(0.,0.,1.));
#1994=DIRECTION('center_axis',(0.,0.,1.));
#1995=DIRECTION('ref_axis',(1.,0.,0.));
#1996=DIRECTION('',(0.,0.,1.));
#1997=DIRECTION('center_axis',(0.,0.,1.));
#1998=DIRECTION('ref_axis',(1.,0.,0.));
#1999=DIRECTION('',(0.,0.,1.));
#2000=DIRECTION('center_axis',(0.,0.,1.));
#2001=DIRECTION('ref_axis',(1.,0.,0.));
#2002=DIRECTION('',(0.,0.,1.));
#2003=DIRECTION('center_axis',(0.,0.,1.));
#2004=DIRECTION('ref_axis',(1.,0.,0.));
#2005=DIRECTION('',(0.,0.,1.));
#2006=DIRECTION('center_axis',(0.,0.,1.));
#2007=DIRECTION('ref_axis',(1.,0.,0.));
#2008=DIRECTION('',(0.,0.,1.));
#2009=DIRECTION('center_axis',(1.77635683940026E-14,1.,0.));
#2010=DIRECTION('ref_axis',(-1.,1.77635683940026E-14,0.));
#2011=DIRECTION('',(0.,0.,1.));
#2012=DIRECTION('',(0.,0.,1.));
#2013=DIRECTION('center_axis',(0.,0.,1.));
#2014=DIRECTION('ref_axis',(-1.56737368182377E-14,-1.,0.));
#2015=DIRECTION('',(0.,0.,1.));
#2016=DIRECTION('center_axis',(-1.77635683940025E-14,-1.,0.));
#2017=DIRECTION('ref_axis',(1.,-1.77635683940025E-14,0.));
#2018=DIRECTION('',(0.,0.,1.));
#2019=DIRECTION('center_axis',(0.,0.,1.));
#2020=DIRECTION('ref_axis',(1.21906841919625E-14,1.,0.));
#2021=DIRECTION('',(-4.83640905102339E-14,6.44513178112906E-29,-1.));
#2022=DIRECTION('',(-1.,-1.38765563609035E-28,4.83640905102339E-14));
#2023=DIRECTION('',(-1.11022302463323E-16,2.36658271566304E-29,1.));
#2024=DIRECTION('',(1.,2.60208521396269E-17,1.11022302463323E-16));
#2025=CARTESIAN_POINT('',(0.,0.,0.));
#2026=CARTESIAN_POINT('',(0.,0.,0.));
#2027=CARTESIAN_POINT('',(0.,0.,0.));
#2028=CARTESIAN_POINT('Origin',(46.3,88.9114378277662,10.5));
#2029=CARTESIAN_POINT('',(46.675,88.5807189138831,10.));
#2030=CARTESIAN_POINT('',(46.8,88.9114378277662,10.));
#2031=CARTESIAN_POINT('Origin',(46.3,88.9114378277662,10.));
#2032=CARTESIAN_POINT('',(46.8,88.9114378277662,13.));
#2033=CARTESIAN_POINT('',(46.8,88.9114378277662,10.5));
#2034=CARTESIAN_POINT('',(46.675,88.5807189138831,13.));
#2035=CARTESIAN_POINT('Origin',(46.3,88.9114378277662,13.));
#2036=CARTESIAN_POINT('',(46.675,88.5807189138831,10.5));
#2037=CARTESIAN_POINT('Origin',(23.2999999999988,80.0000000000121,13.));
#2038=CARTESIAN_POINT('',(47.4710678118651,104.87867965644,13.));
#2039=CARTESIAN_POINT('',(41.2890872965253,111.06066017178,13.));
#2040=CARTESIAN_POINT('',(53.5,98.8497474683057,13.));
#2041=CARTESIAN_POINT('',(40.2284271247455,111.5,13.));
#2042=CARTESIAN_POINT('Origin',(40.2284271247455,110.,13.));
#2043=CARTESIAN_POINT('',(29.3713203445714,111.5,13.));
#2044=CARTESIAN_POINT('',(40.8497474683051,111.5,13.));
#2045=CARTESIAN_POINT('',(28.3106601727916,111.06066017178,13.));
#2046=CARTESIAN_POINT('Origin',(29.3713203445714,110.,13.));
#2047=CARTESIAN_POINT('',(26.1893398292319,108.93933982822,13.));
#2048=CARTESIAN_POINT('',(18.7625000007615,101.51249999975,13.));
#2049=CARTESIAN_POINT('',(25.7500000010117,107.87867965644,13.));
#2050=CARTESIAN_POINT('Origin',(27.2500000010117,107.87867965644,13.));
#2051=CARTESIAN_POINT('',(25.7500000010117,67.2747186257613,13.));
#2052=CARTESIAN_POINT('',(25.7500000010117,91.5,13.));
#2053=CARTESIAN_POINT('',(26.189339829232,66.2140584539815,13.));
#2054=CARTESIAN_POINT('Origin',(27.2500000010117,67.2747186257613,13.));
#2055=CARTESIAN_POINT('',(29.7040584549936,62.6993398282201,13.));
#2056=CARTESIAN_POINT('',(25.7500000010117,66.6533982822016,13.));
#2057=CARTESIAN_POINT('',(30.7647186267734,62.26,13.));
#2058=CARTESIAN_POINT('Origin',(30.7647186267734,63.76,13.));
#2059=CARTESIAN_POINT('',(40.9884271247462,62.2599999999999,13.));
#2060=CARTESIAN_POINT('',(25.7500000010117,62.26,13.));
#2061=CARTESIAN_POINT('',(42.0490872965261,62.6993398282201,13.));
#2062=CARTESIAN_POINT('Origin',(40.9884271247462,63.7599999999999,13.));
#2063=CARTESIAN_POINT('',(45.4710678118656,66.1213203435601,13.));
#2064=CARTESIAN_POINT('',(45.3497474683056,66.,13.));
#2065=CARTESIAN_POINT('',(47.5923881554254,67.0000000000006,13.));
#2066=CARTESIAN_POINT('Origin',(47.5923881554254,64.0000000000006,13.));
#2067=CARTESIAN_POINT('',(49.8497474589115,66.9999975049593,13.));
#2068=CARTESIAN_POINT('',(46.349747468306,67.0000000000006,13.));
#2069=CARTESIAN_POINT('',(50.910411159272,67.4393362996396,13.));
#2070=CARTESIAN_POINT('Origin',(49.8497474589115,68.5000000000001,13.0000000000013));
#2071=CARTESIAN_POINT('',(52.9606601623874,69.4895923599168,13.));
#2072=CARTESIAN_POINT('',(47.1479980539357,63.6769102437016,13.));
#2073=CARTESIAN_POINT('',(53.3999999953404,70.5502525316967,13.));
#2074=CARTESIAN_POINT('Origin',(51.8999999906076,70.5502525316967,13.0000000000014));
#2075=CARTESIAN_POINT('',(53.3999987902339,100.449747468309,13.));
#2076=CARTESIAN_POINT('',(53.3999999985362,75.4500000048468,13.));
#2077=CARTESIAN_POINT('',(52.9606584648536,101.510405942554,13.));
#2078=CARTESIAN_POINT('Origin',(51.8999999906081,100.449747468309,13.0000000000014));
#2079=CARTESIAN_POINT('',(50.9104067819431,103.560659323027,13.));
#2080=CARTESIAN_POINT('',(50.9230953342754,103.547969073132,13.));
#2081=CARTESIAN_POINT('',(49.8497474589165,104.,13.));
#2082=CARTESIAN_POINT('Origin',(49.8497474589165,102.5,13.0000000000013));
#2083=CARTESIAN_POINT('',(49.5923881554247,104.,13.));
#2084=CARTESIAN_POINT('',(48.3497474683055,104.,13.));
#2085=CARTESIAN_POINT('Origin',(49.5923881554247,107.,13.));
#2086=CARTESIAN_POINT('',(46.8,79.5000000000008,13.));
#2087=CARTESIAN_POINT('',(46.3,79.0000000000008,13.));
#2088=CARTESIAN_POINT('Origin',(46.3,79.5000000000008,13.));
#2089=CARTESIAN_POINT('',(46.8,82.0885621722338,13.));
#2090=CARTESIAN_POINT('',(46.8,78.0000000000061,13.));
#2091=CARTESIAN_POINT('',(46.675,82.4192810861169,13.));
#2092=CARTESIAN_POINT('Origin',(46.3,82.0885621722338,13.));
#2093=CARTESIAN_POINT('',(47.3133913438213,83.175,13.));
#2094=CARTESIAN_POINT('Origin',(47.05,82.75,13.));
#2095=CARTESIAN_POINT('',(47.5767826876426,83.1,13.));
#2096=CARTESIAN_POINT('Origin',(47.5767826876426,83.6,13.));
#2097=CARTESIAN_POINT('',(49.2232173123573,83.1,13.));
#2098=CARTESIAN_POINT('',(50.,83.1,13.));
#2099=CARTESIAN_POINT('',(49.4866086561787,83.175,13.));
#2100=CARTESIAN_POINT('Origin',(49.2232173123573,83.6,13.));
#2101=CARTESIAN_POINT('',(50.125,82.4192810861169,13.));
#2102=CARTESIAN_POINT('Origin',(49.75,82.75,13.));
#2103=CARTESIAN_POINT('',(50.,82.0885621722338,13.));
#2104=CARTESIAN_POINT('Origin',(50.5,82.0885621722338,13.));
#2105=CARTESIAN_POINT('',(50.,76.9114378277662,13.));
#2106=CARTESIAN_POINT('',(50.,65.5,13.));
#2107=CARTESIAN_POINT('',(50.125,76.5807189138831,13.));
#2108=CARTESIAN_POINT('Origin',(50.5,76.9114378277662,13.));
#2109=CARTESIAN_POINT('',(49.4192810861169,75.875,13.));
#2110=CARTESIAN_POINT('Origin',(49.75,76.25,13.));
#2111=CARTESIAN_POINT('',(49.0885621722338,76.,13.));
#2112=CARTESIAN_POINT('Origin',(49.0885621722338,75.5,13.));
#2113=CARTESIAN_POINT('',(46.3,76.,13.));
#2114=CARTESIAN_POINT('',(46.8,76.,13.));
#2115=CARTESIAN_POINT('',(45.8,76.5,13.));
#2116=CARTESIAN_POINT('Origin',(46.3,76.5,13.));
#2117=CARTESIAN_POINT('',(45.8,78.5000000000009,13.));
#2118=CARTESIAN_POINT('',(45.8,78.0000000000061,13.));
#2119=CARTESIAN_POINT('Origin',(46.3,78.5000000000009,13.));
#2120=CARTESIAN_POINT('',(46.85,99.,13.));
#2121=CARTESIAN_POINT('Origin',(48.4,99.,13.));
#2122=CARTESIAN_POINT('',(46.8,91.4999999999991,13.));
#2123=CARTESIAN_POINT('',(46.8,78.0000000000061,13.));
#2124=CARTESIAN_POINT('',(46.3,91.9999999999991,13.));
#2125=CARTESIAN_POINT('Origin',(46.3,91.4999999999991,13.));
#2126=CARTESIAN_POINT('',(45.8,92.4999999999991,13.));
#2127=CARTESIAN_POINT('Origin',(46.3,92.4999999999991,13.));
#2128=CARTESIAN_POINT('',(45.8,94.5,13.));
#2129=CARTESIAN_POINT('',(45.8,86.0000000000056,13.));
#2130=CARTESIAN_POINT('',(46.3,95.,13.));
#2131=CARTESIAN_POINT('Origin',(46.3,94.5,13.));
#2132=CARTESIAN_POINT('',(49.0885621722338,95.,13.));
#2133=CARTESIAN_POINT('',(34.0499999999994,95.,13.));
#2134=CARTESIAN_POINT('',(49.4192810861169,95.125,13.));
#2135=CARTESIAN_POINT('Origin',(49.0885621722338,95.5,13.));
#2136=CARTESIAN_POINT('',(50.125,94.4192810861169,13.));
#2137=CARTESIAN_POINT('Origin',(49.75,94.75,13.));
#2138=CARTESIAN_POINT('',(50.,94.0885621722338,13.));
#2139=CARTESIAN_POINT('Origin',(50.5,94.0885621722338,13.));
#2140=CARTESIAN_POINT('',(50.,88.9114378277662,13.));
#2141=CARTESIAN_POINT('',(50.,65.5,13.));
#2142=CARTESIAN_POINT('',(50.125,88.5807189138831,13.));
#2143=CARTESIAN_POINT('Origin',(50.5,88.9114378277662,13.));
#2144=CARTESIAN_POINT('',(49.4866086561787,87.825,13.));
#2145=CARTESIAN_POINT('Origin',(49.75,88.25,13.));
#2146=CARTESIAN_POINT('',(49.2232173123573,87.9,13.));
#2147=CARTESIAN_POINT('Origin',(49.2232173123573,87.4,13.));
#2148=CARTESIAN_POINT('',(47.5767826876426,87.9,13.));
#2149=CARTESIAN_POINT('',(50.,87.9,13.));
#2150=CARTESIAN_POINT('',(47.3133913438213,87.825,13.));
#2151=CARTESIAN_POINT('Origin',(47.5767826876426,87.4,13.));
#2152=CARTESIAN_POINT('Origin',(47.05,88.25,13.));
#2153=CARTESIAN_POINT('',(33.,98.95,13.));
#2154=CARTESIAN_POINT('',(33.0000000000001,104.05,13.));
#2155=CARTESIAN_POINT('Origin',(33.0000000000001,101.5,13.));
#2156=CARTESIAN_POINT('',(34.0000000000001,104.05,13.));
#2157=CARTESIAN_POINT('',(34.0000000000001,104.05,13.));
#2158=CARTESIAN_POINT('',(34.,98.95,13.));
#2159=CARTESIAN_POINT('Origin',(34.0000000000001,101.5,13.));
#2160=CARTESIAN_POINT('',(33.,98.95,13.));
#2161=CARTESIAN_POINT('',(46.85,72.,13.));
#2162=CARTESIAN_POINT('Origin',(48.4,72.,13.));
#2163=CARTESIAN_POINT('',(31.7000000010117,69.76,13.));
#2164=CARTESIAN_POINT('Origin',(33.2500000010117,69.76,13.));
#2165=CARTESIAN_POINT('',(30.9850000009091,83.0000000022753,13.));
#2166=CARTESIAN_POINT('Origin',(37.5000000009091,83.0000000022753,13.));
#2167=CARTESIAN_POINT('',(42.6846717097053,89.4346717110745,13.));
#2168=CARTESIAN_POINT('Origin',(43.9346717097053,89.4346717110745,13.));
#2169=CARTESIAN_POINT('',(29.8153282921129,76.5653282934761,13.));
#2170=CARTESIAN_POINT('Origin',(31.0653282921129,76.5653282934761,13.));
#2171=CARTESIAN_POINT('Origin',(46.8,76.,10.));
#2172=CARTESIAN_POINT('',(46.8,91.4999999999991,10.));
#2173=CARTESIAN_POINT('',(46.8,78.0000000000061,10.));
#2174=CARTESIAN_POINT('',(46.8,91.4999999999991,11.5));
#2175=CARTESIAN_POINT('Origin',(46.3,91.4999999999991,11.5));
#2176=CARTESIAN_POINT('',(46.3,91.9999999999991,10.));
#2177=CARTESIAN_POINT('Origin',(46.3,91.4999999999991,10.));
#2178=CARTESIAN_POINT('',(46.3,91.9999999999991,13.));
#2179=CARTESIAN_POINT('Origin',(46.3,79.5000000000008,11.5));
#2180=CARTESIAN_POINT('',(46.3,79.0000000000008,10.));
#2181=CARTESIAN_POINT('',(46.8,79.5000000000008,10.));
#2182=CARTESIAN_POINT('Origin',(46.3,79.5000000000008,10.));
#2183=CARTESIAN_POINT('',(46.8,79.5000000000008,11.5));
#2184=CARTESIAN_POINT('',(46.3,79.0000000000008,13.));
#2185=CARTESIAN_POINT('Origin',(46.8,76.,10.));
#2186=CARTESIAN_POINT('',(46.8,82.0885621722338,10.));
#2187=CARTESIAN_POINT('',(46.8,78.0000000000061,10.));
#2188=CARTESIAN_POINT('',(46.8,82.0885621722338,10.5));
#2189=CARTESIAN_POINT('Origin',(46.3,82.0885621722338,10.5));
#2190=CARTESIAN_POINT('',(46.675,82.4192810861169,10.));
#2191=CARTESIAN_POINT('Origin',(46.3,82.0885621722338,10.));
#2192=CARTESIAN_POINT('',(46.675,82.4192810861169,10.5));
#2193=CARTESIAN_POINT('Origin',(47.05,82.75,10.5));
#2194=CARTESIAN_POINT('',(47.3133913438213,83.175,10.));
#2195=CARTESIAN_POINT('Origin',(47.05,82.75,10.));
#2196=CARTESIAN_POINT('',(47.3133913438213,83.175,10.5));
#2197=CARTESIAN_POINT('Origin',(53.4000000000006,70.8999999999998,-4.99999999999999));
#2198=CARTESIAN_POINT('',(53.3999999953405,70.5502525316967,10.));
#2199=CARTESIAN_POINT('',(53.3999999906085,70.5502525316967,-4.99999999999999));
#2200=CARTESIAN_POINT('',(53.3999987902341,100.449747468309,10.));
#2201=CARTESIAN_POINT('',(53.3999999985364,75.4500000048468,10.));
#2202=CARTESIAN_POINT('',(53.3999999906085,100.449747468309,-4.99999999999999));
#2203=CARTESIAN_POINT('Origin',(49.8497474589173,102.5,-5.00000000000016));
#2204=CARTESIAN_POINT('',(49.8497474589166,104.,10.));
#2205=CARTESIAN_POINT('',(50.9104067819433,103.560659323027,10.));
#2206=CARTESIAN_POINT('Origin',(49.8497474589166,102.5,10.0000000000013));
#2207=CARTESIAN_POINT('',(49.8497474589173,104.,-5.00000000000016));
#2208=CARTESIAN_POINT('',(50.9104076306969,103.56066017178,-5.00000000000011));
#2209=CARTESIAN_POINT('Origin',(52.9606584648545,101.510405942554,-5.00000000000001));
#2210=CARTESIAN_POINT('',(52.9606584648537,101.510405942554,10.));
#2211=CARTESIAN_POINT('',(50.9230953342755,103.547969073132,10.));
#2212=CARTESIAN_POINT('',(52.9606584648545,101.510405942554,-5.00000000000001));
#2213=CARTESIAN_POINT('Origin',(51.899999990609,100.449747468309,-5.00000000000006));
#2214=CARTESIAN_POINT('Origin',(51.8999999906083,100.449747468309,10.0000000000014));
#2215=CARTESIAN_POINT('Origin',(51.8999999906085,70.5502525316967,-5.00000000000006));
#2216=CARTESIAN_POINT('',(52.9606601623876,69.4895923599168,10.));
#2217=CARTESIAN_POINT('Origin',(51.8999999906077,70.5502525316967,10.0000000000014));
#2218=CARTESIAN_POINT('',(52.9606601623883,69.4895923599168,-5.00000000000001));
#2219=CARTESIAN_POINT('Origin',(50.9104111592729,67.4393362996396,-5.00000000000011));
#2220=CARTESIAN_POINT('',(50.9104111592722,67.4393362996396,10.));
#2221=CARTESIAN_POINT('',(47.1479980539358,63.6769102437015,10.));
#2222=CARTESIAN_POINT('',(50.9104111592729,67.4393362996396,-5.00000000000011));
#2223=CARTESIAN_POINT('Origin',(49.8497474589123,68.5000000000001,-5.00000000000016));
#2224=CARTESIAN_POINT('',(49.8497474589116,66.9999975049593,10.));
#2225=CARTESIAN_POINT('Origin',(49.8497474589116,68.5000000000001,10.0000000000013));
#2226=CARTESIAN_POINT('',(49.8497474589123,67.0000000000006,-5.00000000000016));
#2227=CARTESIAN_POINT('Origin',(46.349747468306,67.0000000000006,10.));
#2228=CARTESIAN_POINT('',(47.5923881554254,67.0000000000006,10.));
#2229=CARTESIAN_POINT('',(47.5923881554254,67.0000000000006,10.));
#2230=CARTESIAN_POINT('',(46.349747468306,67.0000000000006,10.));
#2231=CARTESIAN_POINT('Origin',(50.5,104.,10.));
#2232=CARTESIAN_POINT('',(49.5923881554247,104.,10.));
#2233=CARTESIAN_POINT('',(48.3497474683055,104.,10.));
#2234=CARTESIAN_POINT('',(49.5923881554247,104.,10.));
#2235=CARTESIAN_POINT('Origin',(47.5767826876426,87.4,10.5));
#2236=CARTESIAN_POINT('',(47.5767826876426,87.9,10.));
#2237=CARTESIAN_POINT('',(47.5767826876426,87.9,10.5));
#2238=CARTESIAN_POINT('',(47.3133913438213,87.825,10.));
#2239=CARTESIAN_POINT('Origin',(47.5767826876426,87.4,10.));
#2240=CARTESIAN_POINT('',(47.3133913438213,87.825,10.5));
#2241=CARTESIAN_POINT('Origin',(50.,87.9,10.));
#2242=CARTESIAN_POINT('',(49.2232173123573,87.9,10.));
#2243=CARTESIAN_POINT('',(49.2232173123573,87.9,10.5));
#2244=CARTESIAN_POINT('',(50.,87.9,10.));
#2245=CARTESIAN_POINT('Origin',(49.2232173123573,87.4,10.5));
#2246=CARTESIAN_POINT('',(49.4866086561787,87.825,10.));
#2247=CARTESIAN_POINT('Origin',(49.2232173123573,87.4,10.));
#2248=CARTESIAN_POINT('',(49.4866086561787,87.825,10.5));
#2249=CARTESIAN_POINT('Origin',(49.75,88.25,10.5));
#2250=CARTESIAN_POINT('',(50.125,88.5807189138831,10.));
#2251=CARTESIAN_POINT('',(50.125,88.5807189138831,10.5));
#2252=CARTESIAN_POINT('Origin',(49.75,88.25,10.));
#2253=CARTESIAN_POINT('Origin',(47.05,88.25,10.5));
#2254=CARTESIAN_POINT('Origin',(47.05,88.25,10.));
#2255=CARTESIAN_POINT('Origin',(49.2232173123573,83.6,10.5));
#2256=CARTESIAN_POINT('',(49.2232173123573,83.1,10.));
#2257=CARTESIAN_POINT('',(49.2232173123573,83.1,10.5));
#2258=CARTESIAN_POINT('',(49.4866086561787,83.175,10.));
#2259=CARTESIAN_POINT('Origin',(49.2232173123573,83.6,10.));
#2260=CARTESIAN_POINT('',(49.4866086561787,83.175,10.5));
#2261=CARTESIAN_POINT('Origin',(46.8,83.1,10.));
#2262=CARTESIAN_POINT('',(47.5767826876426,83.1,10.));
#2263=CARTESIAN_POINT('',(47.5767826876426,83.1,10.5));
#2264=CARTESIAN_POINT('',(50.,83.1,10.));
#2265=CARTESIAN_POINT('Origin',(47.5767826876426,83.6,10.5));
#2266=CARTESIAN_POINT('Origin',(47.5767826876426,83.6,10.));
#2267=CARTESIAN_POINT('Origin',(49.75,82.75,10.5));
#2268=CARTESIAN_POINT('',(50.125,82.4192810861169,10.));
#2269=CARTESIAN_POINT('Origin',(49.75,82.75,10.));
#2270=CARTESIAN_POINT('',(50.125,82.4192810861169,10.5));
#2271=CARTESIAN_POINT('Origin',(29.3713203445714,110.,10.));
#2272=CARTESIAN_POINT('',(29.3713203445714,111.5,10.));
#2273=CARTESIAN_POINT('',(28.3106601727916,111.06066017178,10.));
#2274=CARTESIAN_POINT('Origin',(29.3713203445714,110.,10.));
#2275=CARTESIAN_POINT('',(28.3106601727915,111.06066017178,10.));
#2276=CARTESIAN_POINT('',(29.3713203445714,111.5,10.));
#2277=CARTESIAN_POINT('Origin',(27.2500000010117,110.,10.));
#2278=CARTESIAN_POINT('',(26.1893398292319,108.93933982822,10.));
#2279=CARTESIAN_POINT('',(18.7625000007615,101.51249999975,10.));
#2280=CARTESIAN_POINT('',(26.1893398292319,108.93933982822,10.));
#2281=CARTESIAN_POINT('Origin',(23.2999999999988,80.0000000000121,10.));
#2282=CARTESIAN_POINT('',(47.4710678118651,104.87867965644,10.));
#2283=CARTESIAN_POINT('',(41.2890872965253,111.06066017178,10.));
#2284=CARTESIAN_POINT('',(53.5,98.8497474683057,10.));
#2285=CARTESIAN_POINT('Origin',(49.5923881554247,107.,10.));
#2286=CARTESIAN_POINT('',(45.4710678118656,66.1213203435601,10.));
#2287=CARTESIAN_POINT('Origin',(47.5923881554254,64.0000000000006,10.));
#2288=CARTESIAN_POINT('',(42.0490872965261,62.6993398282201,10.));
#2289=CARTESIAN_POINT('',(45.3497474683056,66.,10.));
#2290=CARTESIAN_POINT('',(40.9884271247462,62.2599999999999,10.));
#2291=CARTESIAN_POINT('Origin',(40.9884271247462,63.7599999999999,10.));
#2292=CARTESIAN_POINT('',(30.7647186267734,62.26,10.));
#2293=CARTESIAN_POINT('',(25.7500000010117,62.26,10.));
#2294=CARTESIAN_POINT('',(29.7040584549936,62.6993398282201,10.));
#2295=CARTESIAN_POINT('Origin',(30.7647186267734,63.76,10.));
#2296=CARTESIAN_POINT('',(26.189339829232,66.2140584539815,10.));
#2297=CARTESIAN_POINT('',(25.7500000010117,66.6533982822016,10.));
#2298=CARTESIAN_POINT('',(25.7500000010117,67.2747186257613,10.));
#2299=CARTESIAN_POINT('Origin',(27.2500000010117,67.2747186257613,10.));
#2300=CARTESIAN_POINT('',(25.7500000010117,107.87867965644,10.));
#2301=CARTESIAN_POINT('',(25.7500000010117,91.5,10.));
#2302=CARTESIAN_POINT('Origin',(27.2500000010117,107.87867965644,10.));
#2303=CARTESIAN_POINT('',(40.2284271247455,111.5,10.));
#2304=CARTESIAN_POINT('',(40.8497474683051,111.5,10.));
#2305=CARTESIAN_POINT('Origin',(40.2284271247455,110.,10.));
#2306=CARTESIAN_POINT('',(50.,88.9114378277662,10.));
#2307=CARTESIAN_POINT('Origin',(50.5,88.9114378277662,10.));
#2308=CARTESIAN_POINT('',(50.,94.0885621722338,10.));
#2309=CARTESIAN_POINT('',(50.,65.5,10.));
#2310=CARTESIAN_POINT('',(50.125,94.4192810861169,10.));
#2311=CARTESIAN_POINT('Origin',(50.5,94.0885621722338,10.));
#2312=CARTESIAN_POINT('',(49.4192810861169,95.125,10.));
#2313=CARTESIAN_POINT('Origin',(49.75,94.75,10.));
#2314=CARTESIAN_POINT('',(49.0885621722338,95.,10.));
#2315=CARTESIAN_POINT('Origin',(49.0885621722338,95.5,10.));
#2316=CARTESIAN_POINT('',(46.3,95.,10.));
#2317=CARTESIAN_POINT('',(34.0499999999994,95.,10.));
#2318=CARTESIAN_POINT('',(45.8,94.5,10.));
#2319=CARTESIAN_POINT('Origin',(46.3,94.5,10.));
#2320=CARTESIAN_POINT('',(45.8,92.4999999999991,10.));
#2321=CARTESIAN_POINT('',(45.8,86.0000000000056,10.));
#2322=CARTESIAN_POINT('Origin',(46.3,92.4999999999991,10.));
#2323=CARTESIAN_POINT('',(45.8,78.5000000000009,10.));
#2324=CARTESIAN_POINT('Origin',(46.3,78.5000000000009,10.));
#2325=CARTESIAN_POINT('',(45.8,76.5,10.));
#2326=CARTESIAN_POINT('',(45.8,78.0000000000061,10.));
#2327=CARTESIAN_POINT('',(46.3,76.,10.));
#2328=CARTESIAN_POINT('Origin',(46.3,76.5,10.));
#2329=CARTESIAN_POINT('',(49.0885621722338,76.,10.));
#2330=CARTESIAN_POINT('',(46.8,76.,10.));
#2331=CARTESIAN_POINT('',(49.4192810861169,75.875,10.));
#2332=CARTESIAN_POINT('Origin',(49.0885621722338,75.5,10.));
#2333=CARTESIAN_POINT('',(50.125,76.5807189138831,10.));
#2334=CARTESIAN_POINT('Origin',(49.75,76.25,10.));
#2335=CARTESIAN_POINT('',(50.,76.9114378277662,10.));
#2336=CARTESIAN_POINT('Origin',(50.5,76.9114378277662,10.));
#2337=CARTESIAN_POINT('',(50.,82.0885621722338,10.));
#2338=CARTESIAN_POINT('',(50.,65.5,10.));
#2339=CARTESIAN_POINT('Origin',(50.5,82.0885621722338,10.));
#2340=CARTESIAN_POINT('',(46.85,99.,10.));
#2341=CARTESIAN_POINT('Origin',(48.4,99.,10.));
#2342=CARTESIAN_POINT('',(29.8153282921129,76.5653282934761,10.));
#2343=CARTESIAN_POINT('Origin',(31.0653282921129,76.5653282934761,10.));
#2344=CARTESIAN_POINT('',(42.6846717097053,89.4346717110745,10.));
#2345=CARTESIAN_POINT('Origin',(43.9346717097053,89.4346717110745,10.));
#2346=CARTESIAN_POINT('',(30.9850000009091,83.0000000022753,10.));
#2347=CARTESIAN_POINT('Origin',(37.5000000009091,83.0000000022753,10.));
#2348=CARTESIAN_POINT('',(31.7000000010117,69.76,10.));
#2349=CARTESIAN_POINT('Origin',(33.2500000010117,69.76,10.));
#2350=CARTESIAN_POINT('',(46.85,72.,10.));
#2351=CARTESIAN_POINT('Origin',(48.4,72.,10.));
#2352=CARTESIAN_POINT('',(33.0000000000001,104.05,10.));
#2353=CARTESIAN_POINT('',(33.,98.95,10.));
#2354=CARTESIAN_POINT('Origin',(33.0000000000001,101.5,10.));
#2355=CARTESIAN_POINT('',(34.,98.95,10.));
#2356=CARTESIAN_POINT('',(33.,98.95,10.));
#2357=CARTESIAN_POINT('',(34.0000000000001,104.05,10.));
#2358=CARTESIAN_POINT('Origin',(34.0000000000001,101.5,10.));
#2359=CARTESIAN_POINT('',(34.0000000000001,104.05,10.));
#2360=CARTESIAN_POINT('Origin',(27.2500000010117,107.87867965644,10.));
#2361=CARTESIAN_POINT('',(25.7500000010117,107.87867965644,10.));
#2362=CARTESIAN_POINT('Origin',(25.7500000010117,91.5,10.));
#2363=CARTESIAN_POINT('',(25.7500000010117,67.2747186257613,10.));
#2364=CARTESIAN_POINT('Origin',(40.8497474683051,111.5,10.));
#2365=CARTESIAN_POINT('',(40.2284271247455,111.5,10.));
#2366=CARTESIAN_POINT('Origin',(49.0885621722338,75.5,10.5));
#2367=CARTESIAN_POINT('',(49.4192810861169,75.875,10.5));
#2368=CARTESIAN_POINT('',(49.0885621722338,76.,10.5));
#2369=CARTESIAN_POINT('Origin',(49.75,76.25,10.5));
#2370=CARTESIAN_POINT('',(50.125,76.5807189138831,10.5));
#2371=CARTESIAN_POINT('Origin',(50.5,76.9114378277662,10.5));
#2372=CARTESIAN_POINT('',(50.,76.9114378277662,10.5));
#2373=CARTESIAN_POINT('Origin',(50.,83.,10.));
#2374=CARTESIAN_POINT('',(50.,82.0885621722338,10.5));
#2375=CARTESIAN_POINT('Origin',(50.,76.,10.));
#2376=CARTESIAN_POINT('',(46.3,76.,11.5));
#2377=CARTESIAN_POINT('Origin',(50.5,82.0885621722338,10.5));
#2378=CARTESIAN_POINT('Origin',(46.3,76.5,11.5));
#2379=CARTESIAN_POINT('',(45.8,76.5,11.5));
#2380=CARTESIAN_POINT('Origin',(46.3,78.5000000000009,13.));
#2381=CARTESIAN_POINT('',(45.8,78.5000000000009,13.));
#2382=CARTESIAN_POINT('Origin',(45.8,76.,13.));
#2383=CARTESIAN_POINT('Origin',(50.5,88.9114378277662,10.5));
#2384=CARTESIAN_POINT('',(50.,88.9114378277662,10.5));
#2385=CARTESIAN_POINT('Origin',(50.,95.,10.));
#2386=CARTESIAN_POINT('',(50.,94.0885621722338,10.5));
#2387=CARTESIAN_POINT('Origin',(50.5,94.0885621722338,10.5));
#2388=CARTESIAN_POINT('',(50.125,94.4192810861169,10.5));
#2389=CARTESIAN_POINT('Origin',(49.0885621722338,95.5,10.5));
#2390=CARTESIAN_POINT('',(49.0885621722338,95.,10.5));
#2391=CARTESIAN_POINT('',(49.4192810861169,95.125,10.5));
#2392=CARTESIAN_POINT('Origin',(46.8,95.,10.));
#2393=CARTESIAN_POINT('',(46.3,95.,11.5));
#2394=CARTESIAN_POINT('Origin',(46.3,94.5,11.5));
#2395=CARTESIAN_POINT('',(45.8,94.5,11.5));
#2396=CARTESIAN_POINT('Origin',(45.8,91.9999999999991,13.));
#2397=CARTESIAN_POINT('',(45.8,92.4999999999991,13.));
#2398=CARTESIAN_POINT('Origin',(46.3,92.4999999999991,13.));
#2399=CARTESIAN_POINT('Origin',(49.75,94.75,10.5));
#2400=CARTESIAN_POINT('Origin',(49.5923881554247,107.,10.));
#2401=CARTESIAN_POINT('',(47.4710678118651,104.87867965644,10.));
#2402=CARTESIAN_POINT('Origin',(48.3497474683055,104.,10.));
#2403=CARTESIAN_POINT('',(41.2890872965253,111.06066017178,10.));
#2404=CARTESIAN_POINT('Origin',(47.5923881554254,64.0000000000006,10.));
#2405=CARTESIAN_POINT('',(45.4710678118656,66.1213203435601,10.));
#2406=CARTESIAN_POINT('Origin',(40.9884271247462,63.7599999999999,10.));
#2407=CARTESIAN_POINT('',(40.9884271247462,62.2599999999999,10.));
#2408=CARTESIAN_POINT('',(42.0490872965261,62.6993398282201,10.));
#2409=CARTESIAN_POINT('Origin',(41.6097474683058,62.2599999999999,10.));
#2410=CARTESIAN_POINT('Origin',(40.2284271247455,110.,10.));
#2411=CARTESIAN_POINT('Origin',(27.2500000010117,67.2747186257613,10.));
#2412=CARTESIAN_POINT('',(26.189339829232,66.2140584539815,10.));
#2413=CARTESIAN_POINT('Origin',(25.7500000010117,66.6533982822016,10.));
#2414=CARTESIAN_POINT('',(29.7040584549936,62.6993398282201,10.));
#2415=CARTESIAN_POINT('Origin',(30.7647186267734,63.76,10.));
#2416=CARTESIAN_POINT('',(30.7647186267734,62.26,10.));
#2417=CARTESIAN_POINT('Origin',(30.1433982832138,62.26,10.));
#2418=CARTESIAN_POINT('Origin',(31.0653282921129,76.5653282934761,10.));
#2419=CARTESIAN_POINT('',(29.8153282921129,76.5653282934761,10.));
#2420=CARTESIAN_POINT('Origin',(43.9346717097053,89.4346717110745,10.));
#2421=CARTESIAN_POINT('',(42.6846717097053,89.4346717110745,10.));
#2422=CARTESIAN_POINT('Origin',(37.5000000009091,83.0000000022753,10.));
#2423=CARTESIAN_POINT('',(30.9850000009091,83.0000000022753,10.));
#2424=CARTESIAN_POINT('Origin',(33.2500000010117,69.76,10.));
#2425=CARTESIAN_POINT('',(31.7000000010117,69.76,10.));
#2426=CARTESIAN_POINT('Origin',(48.4,72.,10.));
#2427=CARTESIAN_POINT('',(46.85,72.,10.));
#2428=CARTESIAN_POINT('Origin',(48.4,99.,10.));
#2429=CARTESIAN_POINT('',(46.85,99.,10.));
#2430=CARTESIAN_POINT('Origin',(34.,98.95,10.));
#2431=CARTESIAN_POINT('',(33.,98.95,10.));
#2432=CARTESIAN_POINT('',(34.,98.95,10.));
#2433=CARTESIAN_POINT('Origin',(34.0000000000001,101.5,10.));
#2434=CARTESIAN_POINT('',(34.0000000000001,104.05,10.));
#2435=CARTESIAN_POINT('Origin',(33.0000000000001,104.05,10.));
#2436=CARTESIAN_POINT('',(33.0000000000001,104.05,10.));
#2437=CARTESIAN_POINT('Origin',(33.0000000000001,101.5,10.));
#2438=CARTESIAN_POINT('',(-250.,-122.999999999999,-5.00000000000242));
#2439=CARTESIAN_POINT('',(-7.00006149153936,6.3497493726894,694.999522435471));
#2440=UNCERTAINTY_MEASURE_WITH_UNIT(LENGTH_MEASURE(0.01),#2448,
'DISTANCE_ACCURACY_VALUE',
'Maximum model space distance between geometric entities at asserted c
onnectivities');
#2441=UNCERTAINTY_MEASURE_WITH_UNIT(LENGTH_MEASURE(0.01),#2448,
'DISTANCE_ACCURACY_VALUE',
'Maximum model space distance between geometric entities at asserted c
onnectivities');
#2442=UNCERTAINTY_MEASURE_WITH_UNIT(LENGTH_MEASURE(0.01),#2448,
'DISTANCE_ACCURACY_VALUE',
'Maximum model space distance between geometric entities at asserted c
onnectivities');
#2443=UNCERTAINTY_MEASURE_WITH_UNIT(LENGTH_MEASURE(0.01),#2448,
'DISTANCE_ACCURACY_VALUE',
'Maximum model space distance between geometric entities at asserted c
onnectivities');
#2444=(
GEOMETRIC_REPRESENTATION_CONTEXT(3)
GLOBAL_UNCERTAINTY_ASSIGNED_CONTEXT((#2440))
GLOBAL_UNIT_ASSIGNED_CONTEXT((#2448,#2450,#2451))
REPRESENTATION_CONTEXT('','3D')
);
#2445=(
GEOMETRIC_REPRESENTATION_CONTEXT(3)
GLOBAL_UNCERTAINTY_ASSIGNED_CONTEXT((#2441))
GLOBAL_UNIT_ASSIGNED_CONTEXT((#2448,#2450,#2451))
REPRESENTATION_CONTEXT('','3D')
);
#2446=(
GEOMETRIC_REPRESENTATION_CONTEXT(3)
GLOBAL_UNCERTAINTY_ASSIGNED_CONTEXT((#2442))
GLOBAL_UNIT_ASSIGNED_CONTEXT((#2448,#2450,#2451))
REPRESENTATION_CONTEXT('','3D')
);
#2447=(
GEOMETRIC_REPRESENTATION_CONTEXT(3)
GLOBAL_UNCERTAINTY_ASSIGNED_CONTEXT((#2443))
GLOBAL_UNIT_ASSIGNED_CONTEXT((#2448,#2450,#2451))
REPRESENTATION_CONTEXT('','3D')
);
#2448=(
LENGTH_UNIT()
NAMED_UNIT(*)
SI_UNIT(.MILLI.,.METRE.)
);
#2449=(
LENGTH_UNIT()
NAMED_UNIT(*)
SI_UNIT($,.METRE.)
);
#2450=(
NAMED_UNIT(*)
PLANE_ANGLE_UNIT()
SI_UNIT($,.RADIAN.)
);
#2451=(
NAMED_UNIT(*)
SI_UNIT($,.STERADIAN.)
SOLID_ANGLE_UNIT()
);
#2452=SHAPE_DEFINITION_REPRESENTATION(#2455,#2460);
#2453=SHAPE_DEFINITION_REPRESENTATION(#2456,#2461);
#2454=SHAPE_DEFINITION_REPRESENTATION(#2457,#2462);
#2455=PRODUCT_DEFINITION_SHAPE('',$,#2464);
#2456=PRODUCT_DEFINITION_SHAPE('',$,#2465);
#2457=PRODUCT_DEFINITION_SHAPE('',$,#2466);
#2458=PRODUCT_DEFINITION_SHAPE($,$,#17);
#2459=PRODUCT_DEFINITION_SHAPE($,$,#18);
#2460=SHAPE_REPRESENTATION('',(#1420,#1582),#2444);
#2461=SHAPE_REPRESENTATION('',(#1421,#1581),#2445);
#2462=SHAPE_REPRESENTATION('',(#1422),#2446);
#2463=PRODUCT_DEFINITION_CONTEXT('part definition',#2474,'design');
#2464=PRODUCT_DEFINITION('2026-08-06-20-18-19-490','(Unsaved)',#2467,#2463);
#2465=PRODUCT_DEFINITION('2026-08-22-19-56-40-349',
'_Sheet_metal_9mm_AWD_left_XY_joint (1) (1)',#2468,#2463);
#2466=PRODUCT_DEFINITION('2026-08-22-19-55-18-507_5',
'Sheet_metal_XY_joint_b_3-3.2mm (2)',#2469,#2463);
#2467=PRODUCT_DEFINITION_FORMATION('',$,#2476);
#2468=PRODUCT_DEFINITION_FORMATION('',$,#2477);
#2469=PRODUCT_DEFINITION_FORMATION('',$,#2478);
#2470=PRODUCT_RELATED_PRODUCT_CATEGORY('(Unsaved)','(Unsaved)',(#2476));
#2471=PRODUCT_RELATED_PRODUCT_CATEGORY(
'_Sheet_metal_9mm_AWD_left_XY_joint (1) (1)',
'_Sheet_metal_9mm_AWD_left_XY_joint (1) (1)',(#2477));
#2472=PRODUCT_RELATED_PRODUCT_CATEGORY(
'Sheet_metal_XY_joint_b_3-3.2mm (2)',
'Sheet_metal_XY_joint_b_3-3.2mm (2)',(#2478));
#2473=APPLICATION_PROTOCOL_DEFINITION('international standard',
'automotive_design',2009,#2474);
#2474=APPLICATION_CONTEXT(
'Core Data for Automotive Mechanical Design Process');
#2475=PRODUCT_CONTEXT('part definition',#2474,'mechanical');
#2476=PRODUCT('2026-08-06-20-18-19-490','(Unsaved)',$,(#2475));
#2477=PRODUCT('2026-08-22-19-56-40-349',
'_Sheet_metal_9mm_AWD_left_XY_joint (1) (1)',$,(#2475));
#2478=PRODUCT('2026-08-22-19-55-18-507_5',
'Sheet_metal_XY_joint_b_3-3.2mm (2)',$,(#2475));
#2479=PRESENTATION_STYLE_ASSIGNMENT((#2481));
#2480=PRESENTATION_STYLE_ASSIGNMENT((#2482));
#2481=SURFACE_STYLE_USAGE(.BOTH.,#2483);
#2482=SURFACE_STYLE_USAGE(.BOTH.,#2484);
#2483=SURFACE_SIDE_STYLE('',(#2485));
#2484=SURFACE_SIDE_STYLE('',(#2486));
#2485=SURFACE_STYLE_FILL_AREA(#2487);
#2486=SURFACE_STYLE_FILL_AREA(#2488);
#2487=FILL_AREA_STYLE('Steel - Satin',(#2489));
#2488=FILL_AREA_STYLE('Opaque(245,245,246)',(#2490));
#2489=FILL_AREA_STYLE_COLOUR('Steel - Satin',#2491);
#2490=FILL_AREA_STYLE_COLOUR('Opaque(245,245,246)',#2492);
#2491=COLOUR_RGB('Steel - Satin',0.627450980392157,0.627450980392157,0.627450980392157);
#2492=COLOUR_RGB('Opaque(245,245,246)',0.96078431372549,0.96078431372549,
0.964705882352941);
ENDSEC;
END-ISO-10303-21;
