ISO-10303-21;
HEADER;
/* Generated by software containing ST-Developer
 * from STEP Tools, Inc. (www.steptools.com) 
 */

FILE_DESCRIPTION(
/* description */ (''),
/* implementation_level */ '2;1');

FILE_NAME(
/* name */ '2x Sheet_metal_XY_joint_a_3.2mm.step',
/* time_stamp */ '2026-08-22T22:41:12-05:00',
/* author */ (''),
/* organization */ (''),
/* preprocessor_version */ 'ST-DEVELOPER v20.1',
/* originating_system */ 'Autodesk Translation Framework v15.8.0.0',
/* authorisation */ '');

FILE_SCHEMA (('AUTOMOTIVE_DESIGN { 1 0 10303 214 3 1 1 }'));
ENDSEC;

DATA;
#10=MECHANICAL_DESIGN_GEOMETRIC_PRESENTATION_REPRESENTATION('',(#21),#2791);
#11=ITEM_DEFINED_TRANSFORMATION($,$,#1626,#1805);
#12=ITEM_DEFINED_TRANSFORMATION($,$,#1625,#1806);
#13=(
REPRESENTATION_RELATIONSHIP($,$,#2806,#2805)
REPRESENTATION_RELATIONSHIP_WITH_TRANSFORMATION(#11)
SHAPE_REPRESENTATION_RELATIONSHIP()
);
#14=(
REPRESENTATION_RELATIONSHIP($,$,#2805,#2804)
REPRESENTATION_RELATIONSHIP_WITH_TRANSFORMATION(#12)
SHAPE_REPRESENTATION_RELATIONSHIP()
);
#15=CONTEXT_DEPENDENT_SHAPE_REPRESENTATION(#13,#2802);
#16=CONTEXT_DEPENDENT_SHAPE_REPRESENTATION(#14,#2803);
#17=NEXT_ASSEMBLY_USAGE_OCCURRENCE(
'Sheet_metal_XY_joint_a_3-3.2mm (2):1',
'Sheet_metal_XY_joint_a_3-3.2mm (2):1',
'Sheet_metal_XY_joint_a_3-3.2mm (2):1',#2809,#2810,
'Sheet_metal_XY_joint_a_3-3.2mm (2):1');
#18=NEXT_ASSEMBLY_USAGE_OCCURRENCE(
'_Sheet_metal_9mm_AWD_left_XY_joint (1) (1):1',
'_Sheet_metal_9mm_AWD_left_XY_joint (1) (1):1',
'_Sheet_metal_9mm_AWD_left_XY_joint (1) (1):1',#2808,#2809,
'_Sheet_metal_9mm_AWD_left_XY_joint (1) (1):1');
#19=SHAPE_REPRESENTATION_RELATIONSHIP('SRR','None',#2806,#20);
#20=ADVANCED_BREP_SHAPE_REPRESENTATION('',(#22),#2790);
#21=STYLED_ITEM('',(#2824),#22);
#22=MANIFOLD_SOLID_BREP('Body1',#1611);
#23=FACE_BOUND('',#156,.T.);
#24=FACE_BOUND('',#157,.T.);
#25=FACE_BOUND('',#158,.T.);
#26=FACE_BOUND('',#159,.T.);
#27=FACE_BOUND('',#160,.T.);
#28=FACE_BOUND('',#161,.T.);
#29=FACE_BOUND('',#162,.T.);
#30=FACE_BOUND('',#163,.T.);
#31=FACE_BOUND('',#164,.T.);
#32=FACE_BOUND('',#165,.T.);
#33=FACE_BOUND('',#205,.T.);
#34=FACE_BOUND('',#206,.T.);
#35=FACE_BOUND('',#207,.T.);
#36=FACE_BOUND('',#208,.T.);
#37=FACE_BOUND('',#209,.T.);
#38=FACE_BOUND('',#210,.T.);
#39=FACE_BOUND('',#211,.T.);
#40=FACE_BOUND('',#212,.T.);
#41=FACE_BOUND('',#213,.T.);
#42=FACE_BOUND('',#214,.T.);
#43=PLANE('',#1630);
#44=PLANE('',#1679);
#45=PLANE('',#1684);
#46=PLANE('',#1691);
#47=PLANE('',#1694);
#48=PLANE('',#1699);
#49=PLANE('',#1702);
#50=PLANE('',#1703);
#51=PLANE('',#1706);
#52=PLANE('',#1709);
#53=PLANE('',#1712);
#54=PLANE('',#1715);
#55=PLANE('',#1716);
#56=PLANE('',#1719);
#57=PLANE('',#1726);
#58=PLANE('',#1737);
#59=PLANE('',#1738);
#60=PLANE('',#1739);
#61=PLANE('',#1769);
#62=PLANE('',#1771);
#63=PLANE('',#1774);
#64=PLANE('',#1776);
#65=PLANE('',#1780);
#66=PLANE('',#1783);
#67=PLANE('',#1786);
#68=PLANE('',#1788);
#69=PLANE('',#1790);
#70=PLANE('',#1797);
#71=PLANE('',#1799);
#72=PLANE('',#1801);
#73=PLANE('',#1803);
#74=FACE_OUTER_BOUND('',#154,.T.);
#75=FACE_OUTER_BOUND('',#155,.T.);
#76=FACE_OUTER_BOUND('',#166,.T.);
#77=FACE_OUTER_BOUND('',#167,.T.);
#78=FACE_OUTER_BOUND('',#168,.T.);
#79=FACE_OUTER_BOUND('',#169,.T.);
#80=FACE_OUTER_BOUND('',#170,.T.);
#81=FACE_OUTER_BOUND('',#171,.T.);
#82=FACE_OUTER_BOUND('',#172,.T.);
#83=FACE_OUTER_BOUND('',#173,.T.);
#84=FACE_OUTER_BOUND('',#174,.T.);
#85=FACE_OUTER_BOUND('',#175,.T.);
#86=FACE_OUTER_BOUND('',#176,.T.);
#87=FACE_OUTER_BOUND('',#177,.T.);
#88=FACE_OUTER_BOUND('',#178,.T.);
#89=FACE_OUTER_BOUND('',#179,.T.);
#90=FACE_OUTER_BOUND('',#180,.T.);
#91=FACE_OUTER_BOUND('',#181,.T.);
#92=FACE_OUTER_BOUND('',#182,.T.);
#93=FACE_OUTER_BOUND('',#183,.T.);
#94=FACE_OUTER_BOUND('',#184,.T.);
#95=FACE_OUTER_BOUND('',#185,.T.);
#96=FACE_OUTER_BOUND('',#186,.T.);
#97=FACE_OUTER_BOUND('',#187,.T.);
#98=FACE_OUTER_BOUND('',#188,.T.);
#99=FACE_OUTER_BOUND('',#189,.T.);
#100=FACE_OUTER_BOUND('',#190,.T.);
#101=FACE_OUTER_BOUND('',#191,.T.);
#102=FACE_OUTER_BOUND('',#192,.T.);
#103=FACE_OUTER_BOUND('',#193,.T.);
#104=FACE_OUTER_BOUND('',#194,.T.);
#105=FACE_OUTER_BOUND('',#195,.T.);
#106=FACE_OUTER_BOUND('',#196,.T.);
#107=FACE_OUTER_BOUND('',#197,.T.);
#108=FACE_OUTER_BOUND('',#198,.T.);
#109=FACE_OUTER_BOUND('',#199,.T.);
#110=FACE_OUTER_BOUND('',#200,.T.);
#111=FACE_OUTER_BOUND('',#201,.T.);
#112=FACE_OUTER_BOUND('',#202,.T.);
#113=FACE_OUTER_BOUND('',#203,.T.);
#114=FACE_OUTER_BOUND('',#204,.T.);
#115=FACE_OUTER_BOUND('',#215,.T.);
#116=FACE_OUTER_BOUND('',#216,.T.);
#117=FACE_OUTER_BOUND('',#217,.T.);
#118=FACE_OUTER_BOUND('',#218,.T.);
#119=FACE_OUTER_BOUND('',#219,.T.);
#120=FACE_OUTER_BOUND('',#220,.T.);
#121=FACE_OUTER_BOUND('',#221,.T.);
#122=FACE_OUTER_BOUND('',#222,.T.);
#123=FACE_OUTER_BOUND('',#223,.T.);
#124=FACE_OUTER_BOUND('',#224,.T.);
#125=FACE_OUTER_BOUND('',#225,.T.);
#126=FACE_OUTER_BOUND('',#226,.T.);
#127=FACE_OUTER_BOUND('',#227,.T.);
#128=FACE_OUTER_BOUND('',#228,.T.);
#129=FACE_OUTER_BOUND('',#229,.T.);
#130=FACE_OUTER_BOUND('',#230,.T.);
#131=FACE_OUTER_BOUND('',#231,.T.);
#132=FACE_OUTER_BOUND('',#232,.T.);
#133=FACE_OUTER_BOUND('',#233,.T.);
#134=FACE_OUTER_BOUND('',#234,.T.);
#135=FACE_OUTER_BOUND('',#235,.T.);
#136=FACE_OUTER_BOUND('',#236,.T.);
#137=FACE_OUTER_BOUND('',#237,.T.);
#138=FACE_OUTER_BOUND('',#238,.T.);
#139=FACE_OUTER_BOUND('',#239,.T.);
#140=FACE_OUTER_BOUND('',#240,.T.);
#141=FACE_OUTER_BOUND('',#241,.T.);
#142=FACE_OUTER_BOUND('',#242,.T.);
#143=FACE_OUTER_BOUND('',#243,.T.);
#144=FACE_OUTER_BOUND('',#244,.T.);
#145=FACE_OUTER_BOUND('',#245,.T.);
#146=FACE_OUTER_BOUND('',#246,.T.);
#147=FACE_OUTER_BOUND('',#247,.T.);
#148=FACE_OUTER_BOUND('',#248,.T.);
#149=FACE_OUTER_BOUND('',#249,.T.);
#150=FACE_OUTER_BOUND('',#250,.T.);
#151=FACE_OUTER_BOUND('',#251,.T.);
#152=FACE_OUTER_BOUND('',#252,.T.);
#153=FACE_OUTER_BOUND('',#253,.T.);
#154=EDGE_LOOP('',(#1014,#1015,#1016,#1017));
#155=EDGE_LOOP('',(#1018,#1019,#1020,#1021,#1022,#1023,#1024,#1025,#1026,
#1027,#1028,#1029,#1030,#1031,#1032,#1033,#1034,#1035,#1036,#1037,#1038,
#1039,#1040,#1041,#1042,#1043,#1044,#1045,#1046,#1047));
#156=EDGE_LOOP('',(#1048));
#157=EDGE_LOOP('',(#1049,#1050,#1051,#1052,#1053,#1054,#1055,#1056,#1057,
#1058,#1059,#1060,#1061,#1062,#1063,#1064,#1065));
#158=EDGE_LOOP('',(#1066,#1067,#1068,#1069,#1070,#1071,#1072,#1073,#1074,
#1075,#1076,#1077,#1078,#1079,#1080,#1081,#1082));
#159=EDGE_LOOP('',(#1083,#1084,#1085,#1086));
#160=EDGE_LOOP('',(#1087,#1088,#1089,#1090));
#161=EDGE_LOOP('',(#1091));
#162=EDGE_LOOP('',(#1092));
#163=EDGE_LOOP('',(#1093));
#164=EDGE_LOOP('',(#1094));
#165=EDGE_LOOP('',(#1095));
#166=EDGE_LOOP('',(#1096,#1097,#1098,#1099));
#167=EDGE_LOOP('',(#1100,#1101,#1102,#1103));
#168=EDGE_LOOP('',(#1104,#1105,#1106,#1107));
#169=EDGE_LOOP('',(#1108,#1109,#1110,#1111));
#170=EDGE_LOOP('',(#1112,#1113,#1114,#1115));
#171=EDGE_LOOP('',(#1116,#1117,#1118,#1119));
#172=EDGE_LOOP('',(#1120,#1121,#1122,#1123));
#173=EDGE_LOOP('',(#1124,#1125,#1126,#1127));
#174=EDGE_LOOP('',(#1128,#1129,#1130,#1131));
#175=EDGE_LOOP('',(#1132,#1133,#1134,#1135));
#176=EDGE_LOOP('',(#1136,#1137,#1138,#1139));
#177=EDGE_LOOP('',(#1140,#1141,#1142,#1143));
#178=EDGE_LOOP('',(#1144,#1145,#1146,#1147));
#179=EDGE_LOOP('',(#1148,#1149,#1150,#1151));
#180=EDGE_LOOP('',(#1152,#1153,#1154,#1155));
#181=EDGE_LOOP('',(#1156,#1157,#1158,#1159));
#182=EDGE_LOOP('',(#1160,#1161,#1162,#1163));
#183=EDGE_LOOP('',(#1164,#1165,#1166,#1167));
#184=EDGE_LOOP('',(#1168,#1169,#1170,#1171));
#185=EDGE_LOOP('',(#1172,#1173,#1174,#1175));
#186=EDGE_LOOP('',(#1176,#1177,#1178,#1179));
#187=EDGE_LOOP('',(#1180,#1181,#1182,#1183));
#188=EDGE_LOOP('',(#1184,#1185,#1186,#1187));
#189=EDGE_LOOP('',(#1188,#1189,#1190,#1191));
#190=EDGE_LOOP('',(#1192,#1193,#1194,#1195));
#191=EDGE_LOOP('',(#1196,#1197,#1198,#1199));
#192=EDGE_LOOP('',(#1200,#1201,#1202,#1203));
#193=EDGE_LOOP('',(#1204,#1205,#1206,#1207));
#194=EDGE_LOOP('',(#1208,#1209,#1210,#1211));
#195=EDGE_LOOP('',(#1212,#1213,#1214,#1215));
#196=EDGE_LOOP('',(#1216,#1217,#1218,#1219));
#197=EDGE_LOOP('',(#1220,#1221,#1222,#1223));
#198=EDGE_LOOP('',(#1224,#1225,#1226,#1227));
#199=EDGE_LOOP('',(#1228,#1229,#1230,#1231));
#200=EDGE_LOOP('',(#1232,#1233,#1234,#1235));
#201=EDGE_LOOP('',(#1236,#1237,#1238,#1239));
#202=EDGE_LOOP('',(#1240,#1241,#1242,#1243));
#203=EDGE_LOOP('',(#1244,#1245,#1246,#1247));
#204=EDGE_LOOP('',(#1248,#1249,#1250,#1251,#1252,#1253,#1254,#1255,#1256,
#1257,#1258,#1259,#1260,#1261,#1262,#1263,#1264,#1265,#1266,#1267,#1268,
#1269,#1270,#1271,#1272,#1273,#1274,#1275,#1276,#1277));
#205=EDGE_LOOP('',(#1278,#1279,#1280,#1281,#1282,#1283,#1284,#1285,#1286,
#1287,#1288,#1289,#1290,#1291,#1292,#1293,#1294));
#206=EDGE_LOOP('',(#1295,#1296,#1297,#1298,#1299,#1300,#1301,#1302,#1303,
#1304,#1305,#1306,#1307,#1308,#1309,#1310,#1311));
#207=EDGE_LOOP('',(#1312));
#208=EDGE_LOOP('',(#1313));
#209=EDGE_LOOP('',(#1314));
#210=EDGE_LOOP('',(#1315));
#211=EDGE_LOOP('',(#1316));
#212=EDGE_LOOP('',(#1317));
#213=EDGE_LOOP('',(#1318,#1319,#1320,#1321));
#214=EDGE_LOOP('',(#1322,#1323,#1324,#1325));
#215=EDGE_LOOP('',(#1326,#1327,#1328,#1329));
#216=EDGE_LOOP('',(#1330,#1331,#1332,#1333));
#217=EDGE_LOOP('',(#1334,#1335,#1336,#1337));
#218=EDGE_LOOP('',(#1338,#1339,#1340,#1341));
#219=EDGE_LOOP('',(#1342,#1343,#1344,#1345));
#220=EDGE_LOOP('',(#1346,#1347,#1348,#1349));
#221=EDGE_LOOP('',(#1350,#1351,#1352,#1353));
#222=EDGE_LOOP('',(#1354,#1355,#1356,#1357));
#223=EDGE_LOOP('',(#1358,#1359,#1360,#1361));
#224=EDGE_LOOP('',(#1362,#1363,#1364,#1365));
#225=EDGE_LOOP('',(#1366,#1367,#1368,#1369));
#226=EDGE_LOOP('',(#1370,#1371,#1372,#1373));
#227=EDGE_LOOP('',(#1374,#1375,#1376,#1377));
#228=EDGE_LOOP('',(#1378,#1379,#1380,#1381));
#229=EDGE_LOOP('',(#1382,#1383,#1384,#1385));
#230=EDGE_LOOP('',(#1386,#1387,#1388,#1389));
#231=EDGE_LOOP('',(#1390,#1391,#1392,#1393));
#232=EDGE_LOOP('',(#1394,#1395,#1396,#1397));
#233=EDGE_LOOP('',(#1398,#1399,#1400,#1401));
#234=EDGE_LOOP('',(#1402,#1403,#1404,#1405));
#235=EDGE_LOOP('',(#1406,#1407,#1408,#1409));
#236=EDGE_LOOP('',(#1410,#1411,#1412,#1413));
#237=EDGE_LOOP('',(#1414,#1415,#1416,#1417));
#238=EDGE_LOOP('',(#1418,#1419,#1420,#1421));
#239=EDGE_LOOP('',(#1422,#1423,#1424,#1425));
#240=EDGE_LOOP('',(#1426,#1427,#1428,#1429));
#241=EDGE_LOOP('',(#1430,#1431,#1432,#1433));
#242=EDGE_LOOP('',(#1434,#1435,#1436,#1437));
#243=EDGE_LOOP('',(#1438,#1439,#1440,#1441));
#244=EDGE_LOOP('',(#1442,#1443,#1444,#1445));
#245=EDGE_LOOP('',(#1446,#1447,#1448,#1449));
#246=EDGE_LOOP('',(#1450,#1451,#1452,#1453));
#247=EDGE_LOOP('',(#1454,#1455,#1456,#1457));
#248=EDGE_LOOP('',(#1458,#1459,#1460,#1461));
#249=EDGE_LOOP('',(#1462,#1463,#1464,#1465));
#250=EDGE_LOOP('',(#1466,#1467,#1468,#1469));
#251=EDGE_LOOP('',(#1470,#1471,#1472,#1473));
#252=EDGE_LOOP('',(#1474,#1475,#1476,#1477));
#253=EDGE_LOOP('',(#1478,#1479,#1480,#1481));
#254=LINE('',#2317,#390);
#255=LINE('',#2320,#391);
#256=LINE('',#2326,#392);
#257=LINE('',#2330,#393);
#258=LINE('',#2334,#394);
#259=LINE('',#2338,#395);
#260=LINE('',#2342,#396);
#261=LINE('',#2346,#397);
#262=LINE('',#2350,#398);
#263=LINE('',#2354,#399);
#264=LINE('',#2358,#400);
#265=LINE('',#2362,#401);
#266=LINE('',#2366,#402);
#267=LINE('',#2370,#403);
#268=LINE('',#2374,#404);
#269=LINE('',#2378,#405);
#270=LINE('',#2381,#406);
#271=LINE('',#2385,#407);
#272=LINE('',#2393,#408);
#273=LINE('',#2401,#409);
#274=LINE('',#2409,#410);
#275=LINE('',#2413,#411);
#276=LINE('',#2419,#412);
#277=LINE('',#2425,#413);
#278=LINE('',#2429,#414);
#279=LINE('',#2437,#415);
#280=LINE('',#2445,#416);
#281=LINE('',#2453,#417);
#282=LINE('',#2456,#418);
#283=LINE('',#2461,#419);
#284=LINE('',#2464,#420);
#285=LINE('',#2477,#421);
#286=LINE('',#2478,#422);
#287=LINE('',#2482,#423);
#288=LINE('',#2487,#424);
#289=LINE('',#2488,#425);
#290=LINE('',#2491,#426);
#291=LINE('',#2492,#427);
#292=LINE('',#2496,#428);
#293=LINE('',#2500,#429);
#294=LINE('',#2503,#430);
#295=LINE('',#2507,#431);
#296=LINE('',#2509,#432);
#297=LINE('',#2510,#433);
#298=LINE('',#2515,#434);
#299=LINE('',#2516,#435);
#300=LINE('',#2519,#436);
#301=LINE('',#2520,#437);
#302=LINE('',#2526,#438);
#303=LINE('',#2529,#439);
#304=LINE('',#2530,#440);
#305=LINE('',#2534,#441);
#306=LINE('',#2537,#442);
#307=LINE('',#2538,#443);
#308=LINE('',#2541,#444);
#309=LINE('',#2542,#445);
#310=LINE('',#2547,#446);
#311=LINE('',#2548,#447);
#312=LINE('',#2551,#448);
#313=LINE('',#2552,#449);
#314=LINE('',#2555,#450);
#315=LINE('',#2558,#451);
#316=LINE('',#2561,#452);
#317=LINE('',#2562,#453);
#318=LINE('',#2565,#454);
#319=LINE('',#2569,#455);
#320=LINE('',#2570,#456);
#321=LINE('',#2574,#457);
#322=LINE('',#2576,#458);
#323=LINE('',#2579,#459);
#324=LINE('',#2580,#460);
#325=LINE('',#2583,#461);
#326=LINE('',#2586,#462);
#327=LINE('',#2589,#463);
#328=LINE('',#2590,#464);
#329=LINE('',#2596,#465);
#330=LINE('',#2599,#466);
#331=LINE('',#2603,#467);
#332=LINE('',#2604,#468);
#333=LINE('',#2608,#469);
#334=LINE('',#2611,#470);
#335=LINE('',#2615,#471);
#336=LINE('',#2618,#472);
#337=LINE('',#2621,#473);
#338=LINE('',#2626,#474);
#339=LINE('',#2629,#475);
#340=LINE('',#2630,#476);
#341=LINE('',#2633,#477);
#342=LINE('',#2634,#478);
#343=LINE('',#2639,#479);
#344=LINE('',#2643,#480);
#345=LINE('',#2647,#481);
#346=LINE('',#2651,#482);
#347=LINE('',#2656,#483);
#348=LINE('',#2661,#484);
#349=LINE('',#2667,#485);
#350=LINE('',#2675,#486);
#351=LINE('',#2679,#487);
#352=LINE('',#2697,#488);
#353=LINE('',#2700,#489);
#354=LINE('',#2705,#490);
#355=LINE('',#2708,#491);
#356=LINE('',#2711,#492);
#357=LINE('',#2713,#493);
#358=LINE('',#2716,#494);
#359=LINE('',#2718,#495);
#360=LINE('',#2720,#496);
#361=LINE('',#2722,#497);
#362=LINE('',#2723,#498);
#363=LINE('',#2725,#499);
#364=LINE('',#2727,#500);
#365=LINE('',#2729,#501);
#366=LINE('',#2733,#502);
#367=LINE('',#2735,#503);
#368=LINE('',#2737,#504);
#369=LINE('',#2739,#505);
#370=LINE('',#2740,#506);
#371=LINE('',#2744,#507);
#372=LINE('',#2745,#508);
#373=LINE('',#2747,#509);
#374=LINE('',#2749,#510);
#375=LINE('',#2752,#511);
#376=LINE('',#2755,#512);
#377=LINE('',#2757,#513);
#378=LINE('',#2759,#514);
#379=LINE('',#2761,#515);
#380=LINE('',#2763,#516);
#381=LINE('',#2765,#517);
#382=LINE('',#2767,#518);
#383=LINE('',#2768,#519);
#384=LINE('',#2770,#520);
#385=LINE('',#2772,#521);
#386=LINE('',#2775,#522);
#387=LINE('',#2776,#523);
#388=LINE('',#2778,#524);
#389=LINE('',#2780,#525);
#390=VECTOR('',#1817,10.);
#391=VECTOR('',#1820,10.);
#392=VECTOR('',#1825,10.);
#393=VECTOR('',#1828,10.);
#394=VECTOR('',#1831,10.);
#395=VECTOR('',#1834,10.);
#396=VECTOR('',#1837,10.);
#397=VECTOR('',#1840,10.);
#398=VECTOR('',#1843,10.);
#399=VECTOR('',#1846,10.);
#400=VECTOR('',#1849,10.);
#401=VECTOR('',#1852,10.);
#402=VECTOR('',#1855,10.);
#403=VECTOR('',#1858,10.);
#404=VECTOR('',#1861,10.);
#405=VECTOR('',#1864,10.);
#406=VECTOR('',#1867,10.);
#407=VECTOR('',#1870,10.);
#408=VECTOR('',#1877,10.);
#409=VECTOR('',#1884,10.);
#410=VECTOR('',#1891,10.);
#411=VECTOR('',#1894,10.);
#412=VECTOR('',#1899,10.);
#413=VECTOR('',#1904,10.);
#414=VECTOR('',#1907,10.);
#415=VECTOR('',#1914,10.);
#416=VECTOR('',#1921,10.);
#417=VECTOR('',#1928,10.);
#418=VECTOR('',#1931,10.);
#419=VECTOR('',#1934,10.);
#420=VECTOR('',#1937,10.);
#421=VECTOR('',#1950,10.);
#422=VECTOR('',#1951,10.);
#423=VECTOR('',#1956,10.);
#424=VECTOR('',#1961,10.);
#425=VECTOR('',#1962,10.);
#426=VECTOR('',#1965,10.);
#427=VECTOR('',#1966,10.);
#428=VECTOR('',#1971,10.);
#429=VECTOR('',#1976,10.);
#430=VECTOR('',#1979,10.);
#431=VECTOR('',#1984,10.);
#432=VECTOR('',#1985,10.);
#433=VECTOR('',#1986,10.);
#434=VECTOR('',#1991,10.);
#435=VECTOR('',#1992,10.);
#436=VECTOR('',#1995,10.);
#437=VECTOR('',#1996,10.);
#438=VECTOR('',#2005,10.);
#439=VECTOR('',#2008,10.);
#440=VECTOR('',#2009,10.);
#441=VECTOR('',#2014,10.);
#442=VECTOR('',#2017,10.);
#443=VECTOR('',#2018,10.);
#444=VECTOR('',#2021,10.);
#445=VECTOR('',#2022,10.);
#446=VECTOR('',#2027,10.);
#447=VECTOR('',#2028,10.);
#448=VECTOR('',#2031,10.);
#449=VECTOR('',#2032,10.);
#450=VECTOR('',#2035,10.);
#451=VECTOR('',#2038,10.);
#452=VECTOR('',#2041,10.);
#453=VECTOR('',#2042,10.);
#454=VECTOR('',#2045,10.);
#455=VECTOR('',#2050,10.);
#456=VECTOR('',#2051,10.);
#457=VECTOR('',#2056,10.);
#458=VECTOR('',#2059,10.);
#459=VECTOR('',#2062,10.);
#460=VECTOR('',#2063,10.);
#461=VECTOR('',#2066,10.);
#462=VECTOR('',#2069,10.);
#463=VECTOR('',#2072,10.);
#464=VECTOR('',#2073,10.);
#465=VECTOR('',#2082,10.);
#466=VECTOR('',#2085,10.);
#467=VECTOR('',#2090,10.);
#468=VECTOR('',#2091,10.);
#469=VECTOR('',#2096,10.);
#470=VECTOR('',#2099,10.);
#471=VECTOR('',#2104,10.);
#472=VECTOR('',#2107,10.);
#473=VECTOR('',#2110,10.);
#474=VECTOR('',#2117,10.);
#475=VECTOR('',#2120,10.);
#476=VECTOR('',#2121,10.);
#477=VECTOR('',#2124,10.);
#478=VECTOR('',#2125,10.);
#479=VECTOR('',#2130,10.);
#480=VECTOR('',#2133,10.);
#481=VECTOR('',#2136,10.);
#482=VECTOR('',#2139,10.);
#483=VECTOR('',#2144,10.);
#484=VECTOR('',#2149,10.);
#485=VECTOR('',#2156,10.);
#486=VECTOR('',#2163,10.);
#487=VECTOR('',#2166,10.);
#488=VECTOR('',#2183,10.);
#489=VECTOR('',#2186,10.);
#490=VECTOR('',#2189,10.);
#491=VECTOR('',#2192,10.);
#492=VECTOR('',#2197,10.);
#493=VECTOR('',#2200,10.);
#494=VECTOR('',#2205,10.);
#495=VECTOR('',#2208,10.);
#496=VECTOR('',#2211,10.);
#497=VECTOR('',#2214,10.);
#498=VECTOR('',#2215,10.);
#499=VECTOR('',#2218,10.);
#500=VECTOR('',#2221,10.);
#501=VECTOR('',#2224,10.);
#502=VECTOR('',#2231,10.);
#503=VECTOR('',#2234,10.);
#504=VECTOR('',#2237,10.);
#505=VECTOR('',#2240,10.);
#506=VECTOR('',#2241,10.);
#507=VECTOR('',#2248,10.);
#508=VECTOR('',#2249,10.);
#509=VECTOR('',#2252,10.);
#510=VECTOR('',#2255,10.);
#511=VECTOR('',#2260,10.);
#512=VECTOR('',#2265,1.25);
#513=VECTOR('',#2268,1.25000000000001);
#514=VECTOR('',#2271,6.515);
#515=VECTOR('',#2274,1.55);
#516=VECTOR('',#2277,1.54999999999999);
#517=VECTOR('',#2280,1.54999999999999);
#518=VECTOR('',#2283,10.);
#519=VECTOR('',#2284,10.);
#520=VECTOR('',#2287,10.);
#521=VECTOR('',#2290,10.);
#522=VECTOR('',#2295,10.);
#523=VECTOR('',#2296,10.);
#524=VECTOR('',#2299,10.);
#525=VECTOR('',#2302,10.);
#526=CIRCLE('',#1628,0.5);
#527=CIRCLE('',#1629,0.5);
#528=CIRCLE('',#1631,3.);
#529=CIRCLE('',#1632,1.50000499016666);
#530=CIRCLE('',#1633,1.50000000000002);
#531=CIRCLE('',#1634,1.49999759932389);
#532=CIRCLE('',#1635,1.49999999999962);
#533=CIRCLE('',#1636,3.);
#534=CIRCLE('',#1637,1.5);
#535=CIRCLE('',#1638,1.5);
#536=CIRCLE('',#1639,1.5);
#537=CIRCLE('',#1640,1.5);
#538=CIRCLE('',#1641,1.5);
#539=CIRCLE('',#1642,3.);
#540=CIRCLE('',#1643,1.5);
#541=CIRCLE('',#1644,1.5);
#542=CIRCLE('',#1645,1.5);
#543=CIRCLE('',#1646,1.54999999999999);
#544=CIRCLE('',#1647,0.5);
#545=CIRCLE('',#1648,0.500000000000021);
#546=CIRCLE('',#1649,0.5);
#547=CIRCLE('',#1650,0.5);
#548=CIRCLE('',#1651,0.500000000000021);
#549=CIRCLE('',#1652,0.5);
#550=CIRCLE('',#1653,0.5);
#551=CIRCLE('',#1654,0.500000000000021);
#552=CIRCLE('',#1655,0.5);
#553=CIRCLE('',#1656,0.5);
#554=CIRCLE('',#1657,0.5);
#555=CIRCLE('',#1658,0.5);
#556=CIRCLE('',#1659,0.5);
#557=CIRCLE('',#1660,0.5);
#558=CIRCLE('',#1661,0.5);
#559=CIRCLE('',#1662,0.5);
#560=CIRCLE('',#1663,0.500000000000021);
#561=CIRCLE('',#1664,0.5);
#562=CIRCLE('',#1665,0.5);
#563=CIRCLE('',#1666,0.500000000000021);
#564=CIRCLE('',#1667,0.5);
#565=CIRCLE('',#1668,0.5);
#566=CIRCLE('',#1669,0.500000000000021);
#567=CIRCLE('',#1670,2.55000000000001);
#568=CIRCLE('',#1671,2.55000000000001);
#569=CIRCLE('',#1672,2.55000000000001);
#570=CIRCLE('',#1673,2.54999999999997);
#571=CIRCLE('',#1674,1.54999999999999);
#572=CIRCLE('',#1675,1.55);
#573=CIRCLE('',#1676,6.515);
#574=CIRCLE('',#1677,1.25000000000001);
#575=CIRCLE('',#1678,1.25);
#576=CIRCLE('',#1681,0.5);
#577=CIRCLE('',#1683,0.5);
#578=CIRCLE('',#1686,0.5);
#579=CIRCLE('',#1688,0.500000000000021);
#580=CIRCLE('',#1690,0.500000000000021);
#581=CIRCLE('',#1693,1.49999999999962);
#582=CIRCLE('',#1696,1.49999759932389);
#583=CIRCLE('',#1698,1.50000000000002);
#584=CIRCLE('',#1701,1.50000499016666);
#585=CIRCLE('',#1705,1.5);
#586=CIRCLE('',#1708,1.5);
#587=CIRCLE('',#1711,1.5);
#588=CIRCLE('',#1714,1.5);
#589=CIRCLE('',#1718,0.5);
#590=CIRCLE('',#1721,0.5);
#591=CIRCLE('',#1723,0.500000000000021);
#592=CIRCLE('',#1725,0.5);
#593=CIRCLE('',#1728,0.5);
#594=CIRCLE('',#1730,0.500000000000021);
#595=CIRCLE('',#1732,0.5);
#596=CIRCLE('',#1734,0.500000000000021);
#597=CIRCLE('',#1736,0.5);
#598=CIRCLE('',#1740,3.);
#599=CIRCLE('',#1741,1.5);
#600=CIRCLE('',#1742,1.5);
#601=CIRCLE('',#1743,1.5);
#602=CIRCLE('',#1744,3.);
#603=CIRCLE('',#1745,1.5);
#604=CIRCLE('',#1746,3.);
#605=CIRCLE('',#1747,0.5);
#606=CIRCLE('',#1748,0.5);
#607=CIRCLE('',#1749,0.5);
#608=CIRCLE('',#1750,0.5);
#609=CIRCLE('',#1751,0.5);
#610=CIRCLE('',#1752,0.500000000000021);
#611=CIRCLE('',#1753,0.5);
#612=CIRCLE('',#1754,0.5);
#613=CIRCLE('',#1755,0.5);
#614=CIRCLE('',#1756,1.54999999999999);
#615=CIRCLE('',#1757,1.25);
#616=CIRCLE('',#1758,1.25000000000001);
#617=CIRCLE('',#1759,6.515);
#618=CIRCLE('',#1760,1.55);
#619=CIRCLE('',#1761,1.54999999999999);
#620=CIRCLE('',#1762,2.55000000000001);
#621=CIRCLE('',#1763,2.54999999999997);
#622=CIRCLE('',#1764,2.55000000000001);
#623=CIRCLE('',#1765,2.55000000000001);
#624=VERTEX_POINT('',#2313);
#625=VERTEX_POINT('',#2314);
#626=VERTEX_POINT('',#2316);
#627=VERTEX_POINT('',#2318);
#628=VERTEX_POINT('',#2322);
#629=VERTEX_POINT('',#2323);
#630=VERTEX_POINT('',#2325);
#631=VERTEX_POINT('',#2327);
#632=VERTEX_POINT('',#2329);
#633=VERTEX_POINT('',#2331);
#634=VERTEX_POINT('',#2333);
#635=VERTEX_POINT('',#2335);
#636=VERTEX_POINT('',#2337);
#637=VERTEX_POINT('',#2339);
#638=VERTEX_POINT('',#2341);
#639=VERTEX_POINT('',#2343);
#640=VERTEX_POINT('',#2345);
#641=VERTEX_POINT('',#2347);
#642=VERTEX_POINT('',#2349);
#643=VERTEX_POINT('',#2351);
#644=VERTEX_POINT('',#2353);
#645=VERTEX_POINT('',#2355);
#646=VERTEX_POINT('',#2357);
#647=VERTEX_POINT('',#2359);
#648=VERTEX_POINT('',#2361);
#649=VERTEX_POINT('',#2363);
#650=VERTEX_POINT('',#2365);
#651=VERTEX_POINT('',#2367);
#652=VERTEX_POINT('',#2369);
#653=VERTEX_POINT('',#2371);
#654=VERTEX_POINT('',#2373);
#655=VERTEX_POINT('',#2375);
#656=VERTEX_POINT('',#2377);
#657=VERTEX_POINT('',#2379);
#658=VERTEX_POINT('',#2382);
#659=VERTEX_POINT('',#2384);
#660=VERTEX_POINT('',#2386);
#661=VERTEX_POINT('',#2388);
#662=VERTEX_POINT('',#2390);
#663=VERTEX_POINT('',#2392);
#664=VERTEX_POINT('',#2394);
#665=VERTEX_POINT('',#2396);
#666=VERTEX_POINT('',#2398);
#667=VERTEX_POINT('',#2400);
#668=VERTEX_POINT('',#2402);
#669=VERTEX_POINT('',#2404);
#670=VERTEX_POINT('',#2406);
#671=VERTEX_POINT('',#2408);
#672=VERTEX_POINT('',#2410);
#673=VERTEX_POINT('',#2412);
#674=VERTEX_POINT('',#2415);
#675=VERTEX_POINT('',#2416);
#676=VERTEX_POINT('',#2418);
#677=VERTEX_POINT('',#2420);
#678=VERTEX_POINT('',#2422);
#679=VERTEX_POINT('',#2424);
#680=VERTEX_POINT('',#2426);
#681=VERTEX_POINT('',#2428);
#682=VERTEX_POINT('',#2430);
#683=VERTEX_POINT('',#2432);
#684=VERTEX_POINT('',#2434);
#685=VERTEX_POINT('',#2436);
#686=VERTEX_POINT('',#2438);
#687=VERTEX_POINT('',#2440);
#688=VERTEX_POINT('',#2442);
#689=VERTEX_POINT('',#2444);
#690=VERTEX_POINT('',#2446);
#691=VERTEX_POINT('',#2449);
#692=VERTEX_POINT('',#2450);
#693=VERTEX_POINT('',#2452);
#694=VERTEX_POINT('',#2454);
#695=VERTEX_POINT('',#2457);
#696=VERTEX_POINT('',#2458);
#697=VERTEX_POINT('',#2460);
#698=VERTEX_POINT('',#2462);
#699=VERTEX_POINT('',#2465);
#700=VERTEX_POINT('',#2467);
#701=VERTEX_POINT('',#2469);
#702=VERTEX_POINT('',#2471);
#703=VERTEX_POINT('',#2473);
#704=VERTEX_POINT('',#2476);
#705=VERTEX_POINT('',#2480);
#706=VERTEX_POINT('',#2484);
#707=VERTEX_POINT('',#2485);
#708=VERTEX_POINT('',#2490);
#709=VERTEX_POINT('',#2494);
#710=VERTEX_POINT('',#2498);
#711=VERTEX_POINT('',#2502);
#712=VERTEX_POINT('',#2506);
#713=VERTEX_POINT('',#2508);
#714=VERTEX_POINT('',#2512);
#715=VERTEX_POINT('',#2513);
#716=VERTEX_POINT('',#2518);
#717=VERTEX_POINT('',#2524);
#718=VERTEX_POINT('',#2528);
#719=VERTEX_POINT('',#2532);
#720=VERTEX_POINT('',#2536);
#721=VERTEX_POINT('',#2540);
#722=VERTEX_POINT('',#2544);
#723=VERTEX_POINT('',#2545);
#724=VERTEX_POINT('',#2550);
#725=VERTEX_POINT('',#2554);
#726=VERTEX_POINT('',#2556);
#727=VERTEX_POINT('',#2560);
#728=VERTEX_POINT('',#2564);
#729=VERTEX_POINT('',#2568);
#730=VERTEX_POINT('',#2572);
#731=VERTEX_POINT('',#2578);
#732=VERTEX_POINT('',#2582);
#733=VERTEX_POINT('',#2584);
#734=VERTEX_POINT('',#2588);
#735=VERTEX_POINT('',#2594);
#736=VERTEX_POINT('',#2598);
#737=VERTEX_POINT('',#2602);
#738=VERTEX_POINT('',#2606);
#739=VERTEX_POINT('',#2610);
#740=VERTEX_POINT('',#2614);
#741=VERTEX_POINT('',#2616);
#742=VERTEX_POINT('',#2620);
#743=VERTEX_POINT('',#2624);
#744=VERTEX_POINT('',#2628);
#745=VERTEX_POINT('',#2632);
#746=VERTEX_POINT('',#2636);
#747=VERTEX_POINT('',#2638);
#748=VERTEX_POINT('',#2640);
#749=VERTEX_POINT('',#2642);
#750=VERTEX_POINT('',#2644);
#751=VERTEX_POINT('',#2646);
#752=VERTEX_POINT('',#2648);
#753=VERTEX_POINT('',#2650);
#754=VERTEX_POINT('',#2653);
#755=VERTEX_POINT('',#2655);
#756=VERTEX_POINT('',#2658);
#757=VERTEX_POINT('',#2660);
#758=VERTEX_POINT('',#2664);
#759=VERTEX_POINT('',#2666);
#760=VERTEX_POINT('',#2668);
#761=VERTEX_POINT('',#2670);
#762=VERTEX_POINT('',#2672);
#763=VERTEX_POINT('',#2674);
#764=VERTEX_POINT('',#2676);
#765=VERTEX_POINT('',#2678);
#766=VERTEX_POINT('',#2681);
#767=VERTEX_POINT('',#2683);
#768=VERTEX_POINT('',#2685);
#769=VERTEX_POINT('',#2687);
#770=VERTEX_POINT('',#2689);
#771=VERTEX_POINT('',#2691);
#772=VERTEX_POINT('',#2693);
#773=VERTEX_POINT('',#2694);
#774=VERTEX_POINT('',#2696);
#775=VERTEX_POINT('',#2698);
#776=VERTEX_POINT('',#2701);
#777=VERTEX_POINT('',#2702);
#778=VERTEX_POINT('',#2704);
#779=VERTEX_POINT('',#2706);
#780=EDGE_CURVE('',#624,#625,#526,.T.);
#781=EDGE_CURVE('',#625,#626,#254,.T.);
#782=EDGE_CURVE('',#626,#627,#527,.T.);
#783=EDGE_CURVE('',#624,#627,#255,.T.);
#784=EDGE_CURVE('',#628,#629,#528,.T.);
#785=EDGE_CURVE('',#628,#630,#256,.T.);
#786=EDGE_CURVE('',#630,#631,#529,.T.);
#787=EDGE_CURVE('',#631,#632,#257,.T.);
#788=EDGE_CURVE('',#632,#633,#530,.T.);
#789=EDGE_CURVE('',#633,#634,#258,.T.);
#790=EDGE_CURVE('',#634,#635,#531,.T.);
#791=EDGE_CURVE('',#635,#636,#259,.T.);
#792=EDGE_CURVE('',#636,#637,#532,.T.);
#793=EDGE_CURVE('',#637,#638,#260,.T.);
#794=EDGE_CURVE('',#639,#638,#533,.T.);
#795=EDGE_CURVE('',#639,#640,#261,.T.);
#796=EDGE_CURVE('',#641,#640,#534,.T.);
#797=EDGE_CURVE('',#641,#642,#262,.T.);
#798=EDGE_CURVE('',#643,#642,#535,.T.);
#799=EDGE_CURVE('',#644,#643,#263,.T.);
#800=EDGE_CURVE('',#645,#644,#536,.T.);
#801=EDGE_CURVE('',#645,#646,#264,.T.);
#802=EDGE_CURVE('',#647,#646,#537,.T.);
#803=EDGE_CURVE('',#648,#647,#265,.T.);
#804=EDGE_CURVE('',#649,#648,#538,.T.);
#805=EDGE_CURVE('',#649,#650,#266,.T.);
#806=EDGE_CURVE('',#651,#650,#539,.T.);
#807=EDGE_CURVE('',#651,#652,#267,.T.);
#808=EDGE_CURVE('',#653,#652,#540,.T.);
#809=EDGE_CURVE('',#653,#654,#268,.T.);
#810=EDGE_CURVE('',#655,#654,#541,.T.);
#811=EDGE_CURVE('',#655,#656,#269,.T.);
#812=EDGE_CURVE('',#657,#656,#542,.T.);
#813=EDGE_CURVE('',#657,#629,#270,.T.);
#814=EDGE_CURVE('',#658,#658,#543,.T.);
#815=EDGE_CURVE('',#626,#659,#271,.F.);
#816=EDGE_CURVE('',#660,#659,#544,.T.);
#817=EDGE_CURVE('',#660,#661,#545,.T.);
#818=EDGE_CURVE('',#662,#661,#546,.T.);
#819=EDGE_CURVE('',#662,#663,#272,.T.);
#820=EDGE_CURVE('',#664,#663,#547,.T.);
#821=EDGE_CURVE('',#664,#665,#548,.T.);
#822=EDGE_CURVE('',#666,#665,#549,.T.);
#823=EDGE_CURVE('',#666,#667,#273,.T.);
#824=EDGE_CURVE('',#668,#667,#550,.T.);
#825=EDGE_CURVE('',#668,#669,#551,.T.);
#826=EDGE_CURVE('',#670,#669,#552,.T.);
#827=EDGE_CURVE('',#670,#671,#274,.T.);
#828=EDGE_CURVE('',#672,#671,#553,.T.);
#829=EDGE_CURVE('',#672,#673,#275,.T.);
#830=EDGE_CURVE('',#627,#673,#554,.T.);
#831=EDGE_CURVE('',#674,#675,#555,.T.);
#832=EDGE_CURVE('',#674,#676,#276,.F.);
#833=EDGE_CURVE('',#677,#676,#556,.T.);
#834=EDGE_CURVE('',#678,#677,#557,.T.);
#835=EDGE_CURVE('',#678,#679,#277,.T.);
#836=EDGE_CURVE('',#680,#679,#558,.T.);
#837=EDGE_CURVE('',#680,#681,#278,.T.);
#838=EDGE_CURVE('',#682,#681,#559,.T.);
#839=EDGE_CURVE('',#682,#683,#560,.T.);
#840=EDGE_CURVE('',#684,#683,#561,.T.);
#841=EDGE_CURVE('',#684,#685,#279,.T.);
#842=EDGE_CURVE('',#686,#685,#562,.T.);
#843=EDGE_CURVE('',#686,#687,#563,.T.);
#844=EDGE_CURVE('',#688,#687,#564,.T.);
#845=EDGE_CURVE('',#688,#689,#280,.T.);
#846=EDGE_CURVE('',#690,#689,#565,.T.);
#847=EDGE_CURVE('',#690,#675,#566,.T.);
#848=EDGE_CURVE('',#691,#692,#567,.T.);
#849=EDGE_CURVE('',#692,#693,#281,.T.);
#850=EDGE_CURVE('',#693,#694,#568,.T.);
#851=EDGE_CURVE('',#694,#691,#282,.T.);
#852=EDGE_CURVE('',#695,#696,#569,.T.);
#853=EDGE_CURVE('',#696,#697,#283,.T.);
#854=EDGE_CURVE('',#697,#698,#570,.T.);
#855=EDGE_CURVE('',#698,#695,#284,.T.);
#856=EDGE_CURVE('',#699,#699,#571,.T.);
#857=EDGE_CURVE('',#700,#700,#572,.T.);
#858=EDGE_CURVE('',#701,#701,#573,.T.);
#859=EDGE_CURVE('',#702,#702,#574,.T.);
#860=EDGE_CURVE('',#703,#703,#575,.T.);
#861=EDGE_CURVE('',#704,#625,#285,.T.);
#862=EDGE_CURVE('',#659,#704,#286,.T.);
#863=EDGE_CURVE('',#704,#705,#576,.T.);
#864=EDGE_CURVE('',#705,#660,#287,.T.);
#865=EDGE_CURVE('',#706,#707,#577,.T.);
#866=EDGE_CURVE('',#707,#674,#288,.T.);
#867=EDGE_CURVE('',#675,#706,#289,.T.);
#868=EDGE_CURVE('',#707,#708,#290,.F.);
#869=EDGE_CURVE('',#676,#708,#291,.T.);
#870=EDGE_CURVE('',#708,#709,#578,.T.);
#871=EDGE_CURVE('',#677,#709,#292,.T.);
#872=EDGE_CURVE('',#710,#705,#579,.T.);
#873=EDGE_CURVE('',#661,#710,#293,.T.);
#874=EDGE_CURVE('',#711,#690,#294,.T.);
#875=EDGE_CURVE('',#706,#711,#580,.T.);
#876=EDGE_CURVE('',#633,#712,#295,.T.);
#877=EDGE_CURVE('',#713,#712,#296,.T.);
#878=EDGE_CURVE('',#634,#713,#297,.T.);
#879=EDGE_CURVE('',#714,#715,#581,.T.);
#880=EDGE_CURVE('',#714,#637,#298,.T.);
#881=EDGE_CURVE('',#636,#715,#299,.T.);
#882=EDGE_CURVE('',#715,#716,#300,.T.);
#883=EDGE_CURVE('',#635,#716,#301,.T.);
#884=EDGE_CURVE('',#716,#713,#582,.T.);
#885=EDGE_CURVE('',#712,#717,#583,.T.);
#886=EDGE_CURVE('',#632,#717,#302,.T.);
#887=EDGE_CURVE('',#717,#718,#303,.T.);
#888=EDGE_CURVE('',#631,#718,#304,.T.);
#889=EDGE_CURVE('',#718,#719,#584,.T.);
#890=EDGE_CURVE('',#719,#630,#305,.T.);
#891=EDGE_CURVE('',#720,#628,#306,.T.);
#892=EDGE_CURVE('',#720,#719,#307,.T.);
#893=EDGE_CURVE('',#721,#714,#308,.T.);
#894=EDGE_CURVE('',#638,#721,#309,.T.);
#895=EDGE_CURVE('',#722,#723,#585,.T.);
#896=EDGE_CURVE('',#723,#643,#310,.T.);
#897=EDGE_CURVE('',#642,#722,#311,.T.);
#898=EDGE_CURVE('',#724,#641,#312,.T.);
#899=EDGE_CURVE('',#724,#722,#313,.T.);
#900=EDGE_CURVE('',#648,#725,#314,.T.);
#901=EDGE_CURVE('',#725,#726,#586,.T.);
#902=EDGE_CURVE('',#726,#649,#315,.T.);
#903=EDGE_CURVE('',#727,#647,#316,.T.);
#904=EDGE_CURVE('',#727,#725,#317,.T.);
#905=EDGE_CURVE('',#646,#728,#318,.T.);
#906=EDGE_CURVE('',#728,#727,#587,.T.);
#907=EDGE_CURVE('',#729,#645,#319,.T.);
#908=EDGE_CURVE('',#729,#728,#320,.T.);
#909=EDGE_CURVE('',#730,#729,#588,.T.);
#910=EDGE_CURVE('',#644,#730,#321,.T.);
#911=EDGE_CURVE('',#723,#730,#322,.T.);
#912=EDGE_CURVE('',#731,#726,#323,.T.);
#913=EDGE_CURVE('',#650,#731,#324,.T.);
#914=EDGE_CURVE('',#663,#732,#325,.T.);
#915=EDGE_CURVE('',#732,#733,#589,.T.);
#916=EDGE_CURVE('',#733,#664,#326,.T.);
#917=EDGE_CURVE('',#734,#662,#327,.T.);
#918=EDGE_CURVE('',#732,#734,#328,.T.);
#919=EDGE_CURVE('',#710,#734,#590,.T.);
#920=EDGE_CURVE('',#735,#733,#591,.T.);
#921=EDGE_CURVE('',#665,#735,#329,.T.);
#922=EDGE_CURVE('',#689,#736,#330,.T.);
#923=EDGE_CURVE('',#736,#711,#592,.T.);
#924=EDGE_CURVE('',#737,#688,#331,.T.);
#925=EDGE_CURVE('',#737,#736,#332,.T.);
#926=EDGE_CURVE('',#738,#737,#593,.T.);
#927=EDGE_CURVE('',#687,#738,#333,.T.);
#928=EDGE_CURVE('',#739,#686,#334,.T.);
#929=EDGE_CURVE('',#738,#739,#594,.T.);
#930=EDGE_CURVE('',#669,#740,#335,.T.);
#931=EDGE_CURVE('',#740,#741,#595,.T.);
#932=EDGE_CURVE('',#741,#670,#336,.T.);
#933=EDGE_CURVE('',#742,#668,#337,.T.);
#934=EDGE_CURVE('',#740,#742,#596,.T.);
#935=EDGE_CURVE('',#743,#742,#597,.T.);
#936=EDGE_CURVE('',#667,#743,#338,.T.);
#937=EDGE_CURVE('',#744,#666,#339,.T.);
#938=EDGE_CURVE('',#743,#744,#340,.T.);
#939=EDGE_CURVE('',#745,#741,#341,.T.);
#940=EDGE_CURVE('',#671,#745,#342,.T.);
#941=EDGE_CURVE('',#746,#720,#598,.T.);
#942=EDGE_CURVE('',#746,#747,#343,.T.);
#943=EDGE_CURVE('',#748,#747,#599,.T.);
#944=EDGE_CURVE('',#749,#748,#344,.T.);
#945=EDGE_CURVE('',#750,#749,#600,.T.);
#946=EDGE_CURVE('',#751,#750,#345,.T.);
#947=EDGE_CURVE('',#752,#751,#601,.T.);
#948=EDGE_CURVE('',#753,#752,#346,.T.);
#949=EDGE_CURVE('',#731,#753,#602,.T.);
#950=EDGE_CURVE('',#754,#724,#603,.T.);
#951=EDGE_CURVE('',#755,#754,#347,.T.);
#952=EDGE_CURVE('',#721,#755,#604,.T.);
#953=EDGE_CURVE('',#756,#624,#605,.T.);
#954=EDGE_CURVE('',#756,#757,#348,.T.);
#955=EDGE_CURVE('',#745,#757,#606,.T.);
#956=EDGE_CURVE('',#735,#744,#607,.T.);
#957=EDGE_CURVE('',#758,#739,#608,.T.);
#958=EDGE_CURVE('',#758,#759,#349,.T.);
#959=EDGE_CURVE('',#760,#759,#609,.T.);
#960=EDGE_CURVE('',#760,#761,#610,.T.);
#961=EDGE_CURVE('',#762,#761,#611,.T.);
#962=EDGE_CURVE('',#762,#763,#350,.T.);
#963=EDGE_CURVE('',#764,#763,#612,.T.);
#964=EDGE_CURVE('',#764,#765,#351,.T.);
#965=EDGE_CURVE('',#709,#765,#613,.T.);
#966=EDGE_CURVE('',#766,#766,#614,.T.);
#967=EDGE_CURVE('',#767,#767,#615,.T.);
#968=EDGE_CURVE('',#768,#768,#616,.T.);
#969=EDGE_CURVE('',#769,#769,#617,.T.);
#970=EDGE_CURVE('',#770,#770,#618,.T.);
#971=EDGE_CURVE('',#771,#771,#619,.T.);
#972=EDGE_CURVE('',#772,#773,#620,.T.);
#973=EDGE_CURVE('',#773,#774,#352,.T.);
#974=EDGE_CURVE('',#774,#775,#621,.T.);
#975=EDGE_CURVE('',#775,#772,#353,.T.);
#976=EDGE_CURVE('',#776,#777,#622,.T.);
#977=EDGE_CURVE('',#777,#778,#354,.T.);
#978=EDGE_CURVE('',#778,#779,#623,.T.);
#979=EDGE_CURVE('',#779,#776,#355,.T.);
#980=EDGE_CURVE('',#757,#672,#356,.T.);
#981=EDGE_CURVE('',#673,#756,#357,.T.);
#982=EDGE_CURVE('',#685,#758,#358,.T.);
#983=EDGE_CURVE('',#759,#684,#359,.T.);
#984=EDGE_CURVE('',#683,#760,#360,.T.);
#985=EDGE_CURVE('',#681,#762,#361,.T.);
#986=EDGE_CURVE('',#761,#682,#362,.T.);
#987=EDGE_CURVE('',#763,#680,#363,.T.);
#988=EDGE_CURVE('',#679,#764,#364,.T.);
#989=EDGE_CURVE('',#765,#678,#365,.T.);
#990=EDGE_CURVE('',#755,#639,#366,.T.);
#991=EDGE_CURVE('',#640,#754,#367,.T.);
#992=EDGE_CURVE('',#629,#746,#368,.T.);
#993=EDGE_CURVE('',#656,#748,#369,.T.);
#994=EDGE_CURVE('',#747,#657,#370,.T.);
#995=EDGE_CURVE('',#652,#752,#371,.T.);
#996=EDGE_CURVE('',#751,#653,#372,.T.);
#997=EDGE_CURVE('',#654,#750,#373,.T.);
#998=EDGE_CURVE('',#749,#655,#374,.T.);
#999=EDGE_CURVE('',#753,#651,#375,.T.);
#1000=EDGE_CURVE('',#767,#703,#376,.T.);
#1001=EDGE_CURVE('',#768,#702,#377,.T.);
#1002=EDGE_CURVE('',#769,#701,#378,.T.);
#1003=EDGE_CURVE('',#770,#700,#379,.T.);
#1004=EDGE_CURVE('',#766,#658,#380,.T.);
#1005=EDGE_CURVE('',#771,#699,#381,.T.);
#1006=EDGE_CURVE('',#773,#695,#382,.T.);
#1007=EDGE_CURVE('',#774,#698,#383,.T.);
#1008=EDGE_CURVE('',#775,#697,#384,.T.);
#1009=EDGE_CURVE('',#772,#696,#385,.T.);
#1010=EDGE_CURVE('',#777,#691,#386,.T.);
#1011=EDGE_CURVE('',#778,#694,#387,.T.);
#1012=EDGE_CURVE('',#779,#693,#388,.T.);
#1013=EDGE_CURVE('',#776,#692,#389,.T.);
#1014=ORIENTED_EDGE('',*,*,#780,.T.);
#1015=ORIENTED_EDGE('',*,*,#781,.T.);
#1016=ORIENTED_EDGE('',*,*,#782,.T.);
#1017=ORIENTED_EDGE('',*,*,#783,.F.);
#1018=ORIENTED_EDGE('',*,*,#784,.F.);
#1019=ORIENTED_EDGE('',*,*,#785,.T.);
#1020=ORIENTED_EDGE('',*,*,#786,.T.);
#1021=ORIENTED_EDGE('',*,*,#787,.T.);
#1022=ORIENTED_EDGE('',*,*,#788,.T.);
#1023=ORIENTED_EDGE('',*,*,#789,.T.);
#1024=ORIENTED_EDGE('',*,*,#790,.T.);
#1025=ORIENTED_EDGE('',*,*,#791,.T.);
#1026=ORIENTED_EDGE('',*,*,#792,.T.);
#1027=ORIENTED_EDGE('',*,*,#793,.T.);
#1028=ORIENTED_EDGE('',*,*,#794,.F.);
#1029=ORIENTED_EDGE('',*,*,#795,.T.);
#1030=ORIENTED_EDGE('',*,*,#796,.F.);
#1031=ORIENTED_EDGE('',*,*,#797,.T.);
#1032=ORIENTED_EDGE('',*,*,#798,.F.);
#1033=ORIENTED_EDGE('',*,*,#799,.F.);
#1034=ORIENTED_EDGE('',*,*,#800,.F.);
#1035=ORIENTED_EDGE('',*,*,#801,.T.);
#1036=ORIENTED_EDGE('',*,*,#802,.F.);
#1037=ORIENTED_EDGE('',*,*,#803,.F.);
#1038=ORIENTED_EDGE('',*,*,#804,.F.);
#1039=ORIENTED_EDGE('',*,*,#805,.T.);
#1040=ORIENTED_EDGE('',*,*,#806,.F.);
#1041=ORIENTED_EDGE('',*,*,#807,.T.);
#1042=ORIENTED_EDGE('',*,*,#808,.F.);
#1043=ORIENTED_EDGE('',*,*,#809,.T.);
#1044=ORIENTED_EDGE('',*,*,#810,.F.);
#1045=ORIENTED_EDGE('',*,*,#811,.T.);
#1046=ORIENTED_EDGE('',*,*,#812,.F.);
#1047=ORIENTED_EDGE('',*,*,#813,.T.);
#1048=ORIENTED_EDGE('',*,*,#814,.T.);
#1049=ORIENTED_EDGE('',*,*,#782,.F.);
#1050=ORIENTED_EDGE('',*,*,#815,.T.);
#1051=ORIENTED_EDGE('',*,*,#816,.F.);
#1052=ORIENTED_EDGE('',*,*,#817,.T.);
#1053=ORIENTED_EDGE('',*,*,#818,.F.);
#1054=ORIENTED_EDGE('',*,*,#819,.T.);
#1055=ORIENTED_EDGE('',*,*,#820,.F.);
#1056=ORIENTED_EDGE('',*,*,#821,.T.);
#1057=ORIENTED_EDGE('',*,*,#822,.F.);
#1058=ORIENTED_EDGE('',*,*,#823,.T.);
#1059=ORIENTED_EDGE('',*,*,#824,.F.);
#1060=ORIENTED_EDGE('',*,*,#825,.T.);
#1061=ORIENTED_EDGE('',*,*,#826,.F.);
#1062=ORIENTED_EDGE('',*,*,#827,.T.);
#1063=ORIENTED_EDGE('',*,*,#828,.F.);
#1064=ORIENTED_EDGE('',*,*,#829,.T.);
#1065=ORIENTED_EDGE('',*,*,#830,.F.);
#1066=ORIENTED_EDGE('',*,*,#831,.F.);
#1067=ORIENTED_EDGE('',*,*,#832,.T.);
#1068=ORIENTED_EDGE('',*,*,#833,.F.);
#1069=ORIENTED_EDGE('',*,*,#834,.F.);
#1070=ORIENTED_EDGE('',*,*,#835,.T.);
#1071=ORIENTED_EDGE('',*,*,#836,.F.);
#1072=ORIENTED_EDGE('',*,*,#837,.T.);
#1073=ORIENTED_EDGE('',*,*,#838,.F.);
#1074=ORIENTED_EDGE('',*,*,#839,.T.);
#1075=ORIENTED_EDGE('',*,*,#840,.F.);
#1076=ORIENTED_EDGE('',*,*,#841,.T.);
#1077=ORIENTED_EDGE('',*,*,#842,.F.);
#1078=ORIENTED_EDGE('',*,*,#843,.T.);
#1079=ORIENTED_EDGE('',*,*,#844,.F.);
#1080=ORIENTED_EDGE('',*,*,#845,.T.);
#1081=ORIENTED_EDGE('',*,*,#846,.F.);
#1082=ORIENTED_EDGE('',*,*,#847,.T.);
#1083=ORIENTED_EDGE('',*,*,#848,.T.);
#1084=ORIENTED_EDGE('',*,*,#849,.T.);
#1085=ORIENTED_EDGE('',*,*,#850,.T.);
#1086=ORIENTED_EDGE('',*,*,#851,.T.);
#1087=ORIENTED_EDGE('',*,*,#852,.T.);
#1088=ORIENTED_EDGE('',*,*,#853,.T.);
#1089=ORIENTED_EDGE('',*,*,#854,.T.);
#1090=ORIENTED_EDGE('',*,*,#855,.T.);
#1091=ORIENTED_EDGE('',*,*,#856,.T.);
#1092=ORIENTED_EDGE('',*,*,#857,.T.);
#1093=ORIENTED_EDGE('',*,*,#858,.T.);
#1094=ORIENTED_EDGE('',*,*,#859,.T.);
#1095=ORIENTED_EDGE('',*,*,#860,.T.);
#1096=ORIENTED_EDGE('',*,*,#781,.F.);
#1097=ORIENTED_EDGE('',*,*,#861,.F.);
#1098=ORIENTED_EDGE('',*,*,#862,.F.);
#1099=ORIENTED_EDGE('',*,*,#815,.F.);
#1100=ORIENTED_EDGE('',*,*,#816,.T.);
#1101=ORIENTED_EDGE('',*,*,#862,.T.);
#1102=ORIENTED_EDGE('',*,*,#863,.T.);
#1103=ORIENTED_EDGE('',*,*,#864,.T.);
#1104=ORIENTED_EDGE('',*,*,#865,.T.);
#1105=ORIENTED_EDGE('',*,*,#866,.T.);
#1106=ORIENTED_EDGE('',*,*,#831,.T.);
#1107=ORIENTED_EDGE('',*,*,#867,.T.);
#1108=ORIENTED_EDGE('',*,*,#866,.F.);
#1109=ORIENTED_EDGE('',*,*,#868,.T.);
#1110=ORIENTED_EDGE('',*,*,#869,.F.);
#1111=ORIENTED_EDGE('',*,*,#832,.F.);
#1112=ORIENTED_EDGE('',*,*,#833,.T.);
#1113=ORIENTED_EDGE('',*,*,#869,.T.);
#1114=ORIENTED_EDGE('',*,*,#870,.T.);
#1115=ORIENTED_EDGE('',*,*,#871,.F.);
#1116=ORIENTED_EDGE('',*,*,#864,.F.);
#1117=ORIENTED_EDGE('',*,*,#872,.F.);
#1118=ORIENTED_EDGE('',*,*,#873,.F.);
#1119=ORIENTED_EDGE('',*,*,#817,.F.);
#1120=ORIENTED_EDGE('',*,*,#867,.F.);
#1121=ORIENTED_EDGE('',*,*,#847,.F.);
#1122=ORIENTED_EDGE('',*,*,#874,.F.);
#1123=ORIENTED_EDGE('',*,*,#875,.F.);
#1124=ORIENTED_EDGE('',*,*,#789,.F.);
#1125=ORIENTED_EDGE('',*,*,#876,.T.);
#1126=ORIENTED_EDGE('',*,*,#877,.F.);
#1127=ORIENTED_EDGE('',*,*,#878,.F.);
#1128=ORIENTED_EDGE('',*,*,#879,.F.);
#1129=ORIENTED_EDGE('',*,*,#880,.T.);
#1130=ORIENTED_EDGE('',*,*,#792,.F.);
#1131=ORIENTED_EDGE('',*,*,#881,.T.);
#1132=ORIENTED_EDGE('',*,*,#882,.F.);
#1133=ORIENTED_EDGE('',*,*,#881,.F.);
#1134=ORIENTED_EDGE('',*,*,#791,.F.);
#1135=ORIENTED_EDGE('',*,*,#883,.T.);
#1136=ORIENTED_EDGE('',*,*,#884,.F.);
#1137=ORIENTED_EDGE('',*,*,#883,.F.);
#1138=ORIENTED_EDGE('',*,*,#790,.F.);
#1139=ORIENTED_EDGE('',*,*,#878,.T.);
#1140=ORIENTED_EDGE('',*,*,#885,.F.);
#1141=ORIENTED_EDGE('',*,*,#876,.F.);
#1142=ORIENTED_EDGE('',*,*,#788,.F.);
#1143=ORIENTED_EDGE('',*,*,#886,.T.);
#1144=ORIENTED_EDGE('',*,*,#887,.F.);
#1145=ORIENTED_EDGE('',*,*,#886,.F.);
#1146=ORIENTED_EDGE('',*,*,#787,.F.);
#1147=ORIENTED_EDGE('',*,*,#888,.T.);
#1148=ORIENTED_EDGE('',*,*,#889,.F.);
#1149=ORIENTED_EDGE('',*,*,#888,.F.);
#1150=ORIENTED_EDGE('',*,*,#786,.F.);
#1151=ORIENTED_EDGE('',*,*,#890,.F.);
#1152=ORIENTED_EDGE('',*,*,#890,.T.);
#1153=ORIENTED_EDGE('',*,*,#785,.F.);
#1154=ORIENTED_EDGE('',*,*,#891,.F.);
#1155=ORIENTED_EDGE('',*,*,#892,.T.);
#1156=ORIENTED_EDGE('',*,*,#880,.F.);
#1157=ORIENTED_EDGE('',*,*,#893,.F.);
#1158=ORIENTED_EDGE('',*,*,#894,.F.);
#1159=ORIENTED_EDGE('',*,*,#793,.F.);
#1160=ORIENTED_EDGE('',*,*,#895,.T.);
#1161=ORIENTED_EDGE('',*,*,#896,.T.);
#1162=ORIENTED_EDGE('',*,*,#798,.T.);
#1163=ORIENTED_EDGE('',*,*,#897,.T.);
#1164=ORIENTED_EDGE('',*,*,#897,.F.);
#1165=ORIENTED_EDGE('',*,*,#797,.F.);
#1166=ORIENTED_EDGE('',*,*,#898,.F.);
#1167=ORIENTED_EDGE('',*,*,#899,.T.);
#1168=ORIENTED_EDGE('',*,*,#804,.T.);
#1169=ORIENTED_EDGE('',*,*,#900,.T.);
#1170=ORIENTED_EDGE('',*,*,#901,.T.);
#1171=ORIENTED_EDGE('',*,*,#902,.T.);
#1172=ORIENTED_EDGE('',*,*,#900,.F.);
#1173=ORIENTED_EDGE('',*,*,#803,.T.);
#1174=ORIENTED_EDGE('',*,*,#903,.F.);
#1175=ORIENTED_EDGE('',*,*,#904,.T.);
#1176=ORIENTED_EDGE('',*,*,#802,.T.);
#1177=ORIENTED_EDGE('',*,*,#905,.T.);
#1178=ORIENTED_EDGE('',*,*,#906,.T.);
#1179=ORIENTED_EDGE('',*,*,#903,.T.);
#1180=ORIENTED_EDGE('',*,*,#905,.F.);
#1181=ORIENTED_EDGE('',*,*,#801,.F.);
#1182=ORIENTED_EDGE('',*,*,#907,.F.);
#1183=ORIENTED_EDGE('',*,*,#908,.T.);
#1184=ORIENTED_EDGE('',*,*,#909,.T.);
#1185=ORIENTED_EDGE('',*,*,#907,.T.);
#1186=ORIENTED_EDGE('',*,*,#800,.T.);
#1187=ORIENTED_EDGE('',*,*,#910,.T.);
#1188=ORIENTED_EDGE('',*,*,#896,.F.);
#1189=ORIENTED_EDGE('',*,*,#911,.T.);
#1190=ORIENTED_EDGE('',*,*,#910,.F.);
#1191=ORIENTED_EDGE('',*,*,#799,.T.);
#1192=ORIENTED_EDGE('',*,*,#902,.F.);
#1193=ORIENTED_EDGE('',*,*,#912,.F.);
#1194=ORIENTED_EDGE('',*,*,#913,.F.);
#1195=ORIENTED_EDGE('',*,*,#805,.F.);
#1196=ORIENTED_EDGE('',*,*,#820,.T.);
#1197=ORIENTED_EDGE('',*,*,#914,.T.);
#1198=ORIENTED_EDGE('',*,*,#915,.T.);
#1199=ORIENTED_EDGE('',*,*,#916,.T.);
#1200=ORIENTED_EDGE('',*,*,#914,.F.);
#1201=ORIENTED_EDGE('',*,*,#819,.F.);
#1202=ORIENTED_EDGE('',*,*,#917,.F.);
#1203=ORIENTED_EDGE('',*,*,#918,.F.);
#1204=ORIENTED_EDGE('',*,*,#919,.T.);
#1205=ORIENTED_EDGE('',*,*,#917,.T.);
#1206=ORIENTED_EDGE('',*,*,#818,.T.);
#1207=ORIENTED_EDGE('',*,*,#873,.T.);
#1208=ORIENTED_EDGE('',*,*,#916,.F.);
#1209=ORIENTED_EDGE('',*,*,#920,.F.);
#1210=ORIENTED_EDGE('',*,*,#921,.F.);
#1211=ORIENTED_EDGE('',*,*,#821,.F.);
#1212=ORIENTED_EDGE('',*,*,#846,.T.);
#1213=ORIENTED_EDGE('',*,*,#922,.T.);
#1214=ORIENTED_EDGE('',*,*,#923,.T.);
#1215=ORIENTED_EDGE('',*,*,#874,.T.);
#1216=ORIENTED_EDGE('',*,*,#922,.F.);
#1217=ORIENTED_EDGE('',*,*,#845,.F.);
#1218=ORIENTED_EDGE('',*,*,#924,.F.);
#1219=ORIENTED_EDGE('',*,*,#925,.T.);
#1220=ORIENTED_EDGE('',*,*,#926,.T.);
#1221=ORIENTED_EDGE('',*,*,#924,.T.);
#1222=ORIENTED_EDGE('',*,*,#844,.T.);
#1223=ORIENTED_EDGE('',*,*,#927,.T.);
#1224=ORIENTED_EDGE('',*,*,#927,.F.);
#1225=ORIENTED_EDGE('',*,*,#843,.F.);
#1226=ORIENTED_EDGE('',*,*,#928,.F.);
#1227=ORIENTED_EDGE('',*,*,#929,.F.);
#1228=ORIENTED_EDGE('',*,*,#826,.T.);
#1229=ORIENTED_EDGE('',*,*,#930,.T.);
#1230=ORIENTED_EDGE('',*,*,#931,.T.);
#1231=ORIENTED_EDGE('',*,*,#932,.T.);
#1232=ORIENTED_EDGE('',*,*,#930,.F.);
#1233=ORIENTED_EDGE('',*,*,#825,.F.);
#1234=ORIENTED_EDGE('',*,*,#933,.F.);
#1235=ORIENTED_EDGE('',*,*,#934,.F.);
#1236=ORIENTED_EDGE('',*,*,#935,.T.);
#1237=ORIENTED_EDGE('',*,*,#933,.T.);
#1238=ORIENTED_EDGE('',*,*,#824,.T.);
#1239=ORIENTED_EDGE('',*,*,#936,.T.);
#1240=ORIENTED_EDGE('',*,*,#936,.F.);
#1241=ORIENTED_EDGE('',*,*,#823,.F.);
#1242=ORIENTED_EDGE('',*,*,#937,.F.);
#1243=ORIENTED_EDGE('',*,*,#938,.F.);
#1244=ORIENTED_EDGE('',*,*,#932,.F.);
#1245=ORIENTED_EDGE('',*,*,#939,.F.);
#1246=ORIENTED_EDGE('',*,*,#940,.F.);
#1247=ORIENTED_EDGE('',*,*,#827,.F.);
#1248=ORIENTED_EDGE('',*,*,#941,.F.);
#1249=ORIENTED_EDGE('',*,*,#942,.T.);
#1250=ORIENTED_EDGE('',*,*,#943,.F.);
#1251=ORIENTED_EDGE('',*,*,#944,.F.);
#1252=ORIENTED_EDGE('',*,*,#945,.F.);
#1253=ORIENTED_EDGE('',*,*,#946,.F.);
#1254=ORIENTED_EDGE('',*,*,#947,.F.);
#1255=ORIENTED_EDGE('',*,*,#948,.F.);
#1256=ORIENTED_EDGE('',*,*,#949,.F.);
#1257=ORIENTED_EDGE('',*,*,#912,.T.);
#1258=ORIENTED_EDGE('',*,*,#901,.F.);
#1259=ORIENTED_EDGE('',*,*,#904,.F.);
#1260=ORIENTED_EDGE('',*,*,#906,.F.);
#1261=ORIENTED_EDGE('',*,*,#908,.F.);
#1262=ORIENTED_EDGE('',*,*,#909,.F.);
#1263=ORIENTED_EDGE('',*,*,#911,.F.);
#1264=ORIENTED_EDGE('',*,*,#895,.F.);
#1265=ORIENTED_EDGE('',*,*,#899,.F.);
#1266=ORIENTED_EDGE('',*,*,#950,.F.);
#1267=ORIENTED_EDGE('',*,*,#951,.F.);
#1268=ORIENTED_EDGE('',*,*,#952,.F.);
#1269=ORIENTED_EDGE('',*,*,#893,.T.);
#1270=ORIENTED_EDGE('',*,*,#879,.T.);
#1271=ORIENTED_EDGE('',*,*,#882,.T.);
#1272=ORIENTED_EDGE('',*,*,#884,.T.);
#1273=ORIENTED_EDGE('',*,*,#877,.T.);
#1274=ORIENTED_EDGE('',*,*,#885,.T.);
#1275=ORIENTED_EDGE('',*,*,#887,.T.);
#1276=ORIENTED_EDGE('',*,*,#889,.T.);
#1277=ORIENTED_EDGE('',*,*,#892,.F.);
#1278=ORIENTED_EDGE('',*,*,#780,.F.);
#1279=ORIENTED_EDGE('',*,*,#953,.F.);
#1280=ORIENTED_EDGE('',*,*,#954,.T.);
#1281=ORIENTED_EDGE('',*,*,#955,.F.);
#1282=ORIENTED_EDGE('',*,*,#939,.T.);
#1283=ORIENTED_EDGE('',*,*,#931,.F.);
#1284=ORIENTED_EDGE('',*,*,#934,.T.);
#1285=ORIENTED_EDGE('',*,*,#935,.F.);
#1286=ORIENTED_EDGE('',*,*,#938,.T.);
#1287=ORIENTED_EDGE('',*,*,#956,.F.);
#1288=ORIENTED_EDGE('',*,*,#920,.T.);
#1289=ORIENTED_EDGE('',*,*,#915,.F.);
#1290=ORIENTED_EDGE('',*,*,#918,.T.);
#1291=ORIENTED_EDGE('',*,*,#919,.F.);
#1292=ORIENTED_EDGE('',*,*,#872,.T.);
#1293=ORIENTED_EDGE('',*,*,#863,.F.);
#1294=ORIENTED_EDGE('',*,*,#861,.T.);
#1295=ORIENTED_EDGE('',*,*,#865,.F.);
#1296=ORIENTED_EDGE('',*,*,#875,.T.);
#1297=ORIENTED_EDGE('',*,*,#923,.F.);
#1298=ORIENTED_EDGE('',*,*,#925,.F.);
#1299=ORIENTED_EDGE('',*,*,#926,.F.);
#1300=ORIENTED_EDGE('',*,*,#929,.T.);
#1301=ORIENTED_EDGE('',*,*,#957,.F.);
#1302=ORIENTED_EDGE('',*,*,#958,.T.);
#1303=ORIENTED_EDGE('',*,*,#959,.F.);
#1304=ORIENTED_EDGE('',*,*,#960,.T.);
#1305=ORIENTED_EDGE('',*,*,#961,.F.);
#1306=ORIENTED_EDGE('',*,*,#962,.T.);
#1307=ORIENTED_EDGE('',*,*,#963,.F.);
#1308=ORIENTED_EDGE('',*,*,#964,.T.);
#1309=ORIENTED_EDGE('',*,*,#965,.F.);
#1310=ORIENTED_EDGE('',*,*,#870,.F.);
#1311=ORIENTED_EDGE('',*,*,#868,.F.);
#1312=ORIENTED_EDGE('',*,*,#966,.T.);
#1313=ORIENTED_EDGE('',*,*,#967,.T.);
#1314=ORIENTED_EDGE('',*,*,#968,.T.);
#1315=ORIENTED_EDGE('',*,*,#969,.T.);
#1316=ORIENTED_EDGE('',*,*,#970,.T.);
#1317=ORIENTED_EDGE('',*,*,#971,.T.);
#1318=ORIENTED_EDGE('',*,*,#972,.T.);
#1319=ORIENTED_EDGE('',*,*,#973,.T.);
#1320=ORIENTED_EDGE('',*,*,#974,.T.);
#1321=ORIENTED_EDGE('',*,*,#975,.T.);
#1322=ORIENTED_EDGE('',*,*,#976,.T.);
#1323=ORIENTED_EDGE('',*,*,#977,.T.);
#1324=ORIENTED_EDGE('',*,*,#978,.T.);
#1325=ORIENTED_EDGE('',*,*,#979,.T.);
#1326=ORIENTED_EDGE('',*,*,#956,.T.);
#1327=ORIENTED_EDGE('',*,*,#937,.T.);
#1328=ORIENTED_EDGE('',*,*,#822,.T.);
#1329=ORIENTED_EDGE('',*,*,#921,.T.);
#1330=ORIENTED_EDGE('',*,*,#828,.T.);
#1331=ORIENTED_EDGE('',*,*,#940,.T.);
#1332=ORIENTED_EDGE('',*,*,#955,.T.);
#1333=ORIENTED_EDGE('',*,*,#980,.T.);
#1334=ORIENTED_EDGE('',*,*,#830,.T.);
#1335=ORIENTED_EDGE('',*,*,#981,.T.);
#1336=ORIENTED_EDGE('',*,*,#953,.T.);
#1337=ORIENTED_EDGE('',*,*,#783,.T.);
#1338=ORIENTED_EDGE('',*,*,#980,.F.);
#1339=ORIENTED_EDGE('',*,*,#954,.F.);
#1340=ORIENTED_EDGE('',*,*,#981,.F.);
#1341=ORIENTED_EDGE('',*,*,#829,.F.);
#1342=ORIENTED_EDGE('',*,*,#842,.T.);
#1343=ORIENTED_EDGE('',*,*,#982,.T.);
#1344=ORIENTED_EDGE('',*,*,#957,.T.);
#1345=ORIENTED_EDGE('',*,*,#928,.T.);
#1346=ORIENTED_EDGE('',*,*,#982,.F.);
#1347=ORIENTED_EDGE('',*,*,#841,.F.);
#1348=ORIENTED_EDGE('',*,*,#983,.F.);
#1349=ORIENTED_EDGE('',*,*,#958,.F.);
#1350=ORIENTED_EDGE('',*,*,#959,.T.);
#1351=ORIENTED_EDGE('',*,*,#983,.T.);
#1352=ORIENTED_EDGE('',*,*,#840,.T.);
#1353=ORIENTED_EDGE('',*,*,#984,.T.);
#1354=ORIENTED_EDGE('',*,*,#838,.T.);
#1355=ORIENTED_EDGE('',*,*,#985,.T.);
#1356=ORIENTED_EDGE('',*,*,#961,.T.);
#1357=ORIENTED_EDGE('',*,*,#986,.T.);
#1358=ORIENTED_EDGE('',*,*,#985,.F.);
#1359=ORIENTED_EDGE('',*,*,#837,.F.);
#1360=ORIENTED_EDGE('',*,*,#987,.F.);
#1361=ORIENTED_EDGE('',*,*,#962,.F.);
#1362=ORIENTED_EDGE('',*,*,#836,.T.);
#1363=ORIENTED_EDGE('',*,*,#988,.T.);
#1364=ORIENTED_EDGE('',*,*,#963,.T.);
#1365=ORIENTED_EDGE('',*,*,#987,.T.);
#1366=ORIENTED_EDGE('',*,*,#988,.F.);
#1367=ORIENTED_EDGE('',*,*,#835,.F.);
#1368=ORIENTED_EDGE('',*,*,#989,.F.);
#1369=ORIENTED_EDGE('',*,*,#964,.F.);
#1370=ORIENTED_EDGE('',*,*,#834,.T.);
#1371=ORIENTED_EDGE('',*,*,#871,.T.);
#1372=ORIENTED_EDGE('',*,*,#965,.T.);
#1373=ORIENTED_EDGE('',*,*,#989,.T.);
#1374=ORIENTED_EDGE('',*,*,#984,.F.);
#1375=ORIENTED_EDGE('',*,*,#839,.F.);
#1376=ORIENTED_EDGE('',*,*,#986,.F.);
#1377=ORIENTED_EDGE('',*,*,#960,.F.);
#1378=ORIENTED_EDGE('',*,*,#952,.T.);
#1379=ORIENTED_EDGE('',*,*,#990,.T.);
#1380=ORIENTED_EDGE('',*,*,#794,.T.);
#1381=ORIENTED_EDGE('',*,*,#894,.T.);
#1382=ORIENTED_EDGE('',*,*,#990,.F.);
#1383=ORIENTED_EDGE('',*,*,#951,.T.);
#1384=ORIENTED_EDGE('',*,*,#991,.F.);
#1385=ORIENTED_EDGE('',*,*,#795,.F.);
#1386=ORIENTED_EDGE('',*,*,#941,.T.);
#1387=ORIENTED_EDGE('',*,*,#891,.T.);
#1388=ORIENTED_EDGE('',*,*,#784,.T.);
#1389=ORIENTED_EDGE('',*,*,#992,.T.);
#1390=ORIENTED_EDGE('',*,*,#812,.T.);
#1391=ORIENTED_EDGE('',*,*,#993,.T.);
#1392=ORIENTED_EDGE('',*,*,#943,.T.);
#1393=ORIENTED_EDGE('',*,*,#994,.T.);
#1394=ORIENTED_EDGE('',*,*,#992,.F.);
#1395=ORIENTED_EDGE('',*,*,#813,.F.);
#1396=ORIENTED_EDGE('',*,*,#994,.F.);
#1397=ORIENTED_EDGE('',*,*,#942,.F.);
#1398=ORIENTED_EDGE('',*,*,#796,.T.);
#1399=ORIENTED_EDGE('',*,*,#991,.T.);
#1400=ORIENTED_EDGE('',*,*,#950,.T.);
#1401=ORIENTED_EDGE('',*,*,#898,.T.);
#1402=ORIENTED_EDGE('',*,*,#808,.T.);
#1403=ORIENTED_EDGE('',*,*,#995,.T.);
#1404=ORIENTED_EDGE('',*,*,#947,.T.);
#1405=ORIENTED_EDGE('',*,*,#996,.T.);
#1406=ORIENTED_EDGE('',*,*,#996,.F.);
#1407=ORIENTED_EDGE('',*,*,#946,.T.);
#1408=ORIENTED_EDGE('',*,*,#997,.F.);
#1409=ORIENTED_EDGE('',*,*,#809,.F.);
#1410=ORIENTED_EDGE('',*,*,#810,.T.);
#1411=ORIENTED_EDGE('',*,*,#997,.T.);
#1412=ORIENTED_EDGE('',*,*,#945,.T.);
#1413=ORIENTED_EDGE('',*,*,#998,.T.);
#1414=ORIENTED_EDGE('',*,*,#993,.F.);
#1415=ORIENTED_EDGE('',*,*,#811,.F.);
#1416=ORIENTED_EDGE('',*,*,#998,.F.);
#1417=ORIENTED_EDGE('',*,*,#944,.T.);
#1418=ORIENTED_EDGE('',*,*,#949,.T.);
#1419=ORIENTED_EDGE('',*,*,#999,.T.);
#1420=ORIENTED_EDGE('',*,*,#806,.T.);
#1421=ORIENTED_EDGE('',*,*,#913,.T.);
#1422=ORIENTED_EDGE('',*,*,#995,.F.);
#1423=ORIENTED_EDGE('',*,*,#807,.F.);
#1424=ORIENTED_EDGE('',*,*,#999,.F.);
#1425=ORIENTED_EDGE('',*,*,#948,.T.);
#1426=ORIENTED_EDGE('',*,*,#967,.F.);
#1427=ORIENTED_EDGE('',*,*,#1000,.T.);
#1428=ORIENTED_EDGE('',*,*,#860,.F.);
#1429=ORIENTED_EDGE('',*,*,#1000,.F.);
#1430=ORIENTED_EDGE('',*,*,#968,.F.);
#1431=ORIENTED_EDGE('',*,*,#1001,.T.);
#1432=ORIENTED_EDGE('',*,*,#859,.F.);
#1433=ORIENTED_EDGE('',*,*,#1001,.F.);
#1434=ORIENTED_EDGE('',*,*,#969,.F.);
#1435=ORIENTED_EDGE('',*,*,#1002,.T.);
#1436=ORIENTED_EDGE('',*,*,#858,.F.);
#1437=ORIENTED_EDGE('',*,*,#1002,.F.);
#1438=ORIENTED_EDGE('',*,*,#970,.F.);
#1439=ORIENTED_EDGE('',*,*,#1003,.T.);
#1440=ORIENTED_EDGE('',*,*,#857,.F.);
#1441=ORIENTED_EDGE('',*,*,#1003,.F.);
#1442=ORIENTED_EDGE('',*,*,#966,.F.);
#1443=ORIENTED_EDGE('',*,*,#1004,.T.);
#1444=ORIENTED_EDGE('',*,*,#814,.F.);
#1445=ORIENTED_EDGE('',*,*,#1004,.F.);
#1446=ORIENTED_EDGE('',*,*,#971,.F.);
#1447=ORIENTED_EDGE('',*,*,#1005,.T.);
#1448=ORIENTED_EDGE('',*,*,#856,.F.);
#1449=ORIENTED_EDGE('',*,*,#1005,.F.);
#1450=ORIENTED_EDGE('',*,*,#973,.F.);
#1451=ORIENTED_EDGE('',*,*,#1006,.T.);
#1452=ORIENTED_EDGE('',*,*,#855,.F.);
#1453=ORIENTED_EDGE('',*,*,#1007,.F.);
#1454=ORIENTED_EDGE('',*,*,#974,.F.);
#1455=ORIENTED_EDGE('',*,*,#1007,.T.);
#1456=ORIENTED_EDGE('',*,*,#854,.F.);
#1457=ORIENTED_EDGE('',*,*,#1008,.F.);
#1458=ORIENTED_EDGE('',*,*,#975,.F.);
#1459=ORIENTED_EDGE('',*,*,#1008,.T.);
#1460=ORIENTED_EDGE('',*,*,#853,.F.);
#1461=ORIENTED_EDGE('',*,*,#1009,.F.);
#1462=ORIENTED_EDGE('',*,*,#972,.F.);
#1463=ORIENTED_EDGE('',*,*,#1009,.T.);
#1464=ORIENTED_EDGE('',*,*,#852,.F.);
#1465=ORIENTED_EDGE('',*,*,#1006,.F.);
#1466=ORIENTED_EDGE('',*,*,#977,.F.);
#1467=ORIENTED_EDGE('',*,*,#1010,.T.);
#1468=ORIENTED_EDGE('',*,*,#851,.F.);
#1469=ORIENTED_EDGE('',*,*,#1011,.F.);
#1470=ORIENTED_EDGE('',*,*,#978,.F.);
#1471=ORIENTED_EDGE('',*,*,#1011,.T.);
#1472=ORIENTED_EDGE('',*,*,#850,.F.);
#1473=ORIENTED_EDGE('',*,*,#1012,.F.);
#1474=ORIENTED_EDGE('',*,*,#979,.F.);
#1475=ORIENTED_EDGE('',*,*,#1012,.T.);
#1476=ORIENTED_EDGE('',*,*,#849,.F.);
#1477=ORIENTED_EDGE('',*,*,#1013,.F.);
#1478=ORIENTED_EDGE('',*,*,#976,.F.);
#1479=ORIENTED_EDGE('',*,*,#1013,.T.);
#1480=ORIENTED_EDGE('',*,*,#848,.F.);
#1481=ORIENTED_EDGE('',*,*,#1010,.F.);
#1482=CYLINDRICAL_SURFACE('',#1627,0.5);
#1483=CYLINDRICAL_SURFACE('',#1680,0.5);
#1484=CYLINDRICAL_SURFACE('',#1682,0.5);
#1485=CYLINDRICAL_SURFACE('',#1685,0.5);
#1486=CYLINDRICAL_SURFACE('',#1687,0.500000000000021);
#1487=CYLINDRICAL_SURFACE('',#1689,0.500000000000021);
#1488=CYLINDRICAL_SURFACE('',#1692,1.49999999999962);
#1489=CYLINDRICAL_SURFACE('',#1695,1.49999759932389);
#1490=CYLINDRICAL_SURFACE('',#1697,1.50000000000002);
#1491=CYLINDRICAL_SURFACE('',#1700,1.50000499016666);
#1492=CYLINDRICAL_SURFACE('',#1704,1.5);
#1493=CYLINDRICAL_SURFACE('',#1707,1.5);
#1494=CYLINDRICAL_SURFACE('',#1710,1.5);
#1495=CYLINDRICAL_SURFACE('',#1713,1.5);
#1496=CYLINDRICAL_SURFACE('',#1717,0.5);
#1497=CYLINDRICAL_SURFACE('',#1720,0.5);
#1498=CYLINDRICAL_SURFACE('',#1722,0.500000000000021);
#1499=CYLINDRICAL_SURFACE('',#1724,0.5);
#1500=CYLINDRICAL_SURFACE('',#1727,0.5);
#1501=CYLINDRICAL_SURFACE('',#1729,0.500000000000021);
#1502=CYLINDRICAL_SURFACE('',#1731,0.5);
#1503=CYLINDRICAL_SURFACE('',#1733,0.500000000000021);
#1504=CYLINDRICAL_SURFACE('',#1735,0.5);
#1505=CYLINDRICAL_SURFACE('',#1766,0.5);
#1506=CYLINDRICAL_SURFACE('',#1767,0.5);
#1507=CYLINDRICAL_SURFACE('',#1768,0.5);
#1508=CYLINDRICAL_SURFACE('',#1770,0.5);
#1509=CYLINDRICAL_SURFACE('',#1772,0.5);
#1510=CYLINDRICAL_SURFACE('',#1773,0.5);
#1511=CYLINDRICAL_SURFACE('',#1775,0.5);
#1512=CYLINDRICAL_SURFACE('',#1777,0.5);
#1513=CYLINDRICAL_SURFACE('',#1778,0.500000000000021);
#1514=CYLINDRICAL_SURFACE('',#1779,3.);
#1515=CYLINDRICAL_SURFACE('',#1781,3.);
#1516=CYLINDRICAL_SURFACE('',#1782,1.5);
#1517=CYLINDRICAL_SURFACE('',#1784,1.5);
#1518=CYLINDRICAL_SURFACE('',#1785,1.5);
#1519=CYLINDRICAL_SURFACE('',#1787,1.5);
#1520=CYLINDRICAL_SURFACE('',#1789,3.);
#1521=CYLINDRICAL_SURFACE('',#1791,1.25);
#1522=CYLINDRICAL_SURFACE('',#1792,1.25000000000001);
#1523=CYLINDRICAL_SURFACE('',#1793,6.515);
#1524=CYLINDRICAL_SURFACE('',#1794,1.55);
#1525=CYLINDRICAL_SURFACE('',#1795,1.54999999999999);
#1526=CYLINDRICAL_SURFACE('',#1796,1.54999999999999);
#1527=CYLINDRICAL_SURFACE('',#1798,2.54999999999997);
#1528=CYLINDRICAL_SURFACE('',#1800,2.55000000000001);
#1529=CYLINDRICAL_SURFACE('',#1802,2.55000000000001);
#1530=CYLINDRICAL_SURFACE('',#1804,2.55000000000001);
#1531=ADVANCED_FACE('',(#74),#1482,.T.);
#1532=ADVANCED_FACE('',(#75,#23,#24,#25,#26,#27,#28,#29,#30,#31,#32),#43,
 .T.);
#1533=ADVANCED_FACE('',(#76),#44,.T.);
#1534=ADVANCED_FACE('',(#77),#1483,.T.);
#1535=ADVANCED_FACE('',(#78),#1484,.T.);
#1536=ADVANCED_FACE('',(#79),#45,.T.);
#1537=ADVANCED_FACE('',(#80),#1485,.T.);
#1538=ADVANCED_FACE('',(#81),#1486,.F.);
#1539=ADVANCED_FACE('',(#82),#1487,.F.);
#1540=ADVANCED_FACE('',(#83),#46,.F.);
#1541=ADVANCED_FACE('',(#84),#1488,.T.);
#1542=ADVANCED_FACE('',(#85),#47,.F.);
#1543=ADVANCED_FACE('',(#86),#1489,.T.);
#1544=ADVANCED_FACE('',(#87),#1490,.T.);
#1545=ADVANCED_FACE('',(#88),#48,.F.);
#1546=ADVANCED_FACE('',(#89),#1491,.T.);
#1547=ADVANCED_FACE('',(#90),#49,.T.);
#1548=ADVANCED_FACE('',(#91),#50,.T.);
#1549=ADVANCED_FACE('',(#92),#1492,.T.);
#1550=ADVANCED_FACE('',(#93),#51,.T.);
#1551=ADVANCED_FACE('',(#94),#1493,.T.);
#1552=ADVANCED_FACE('',(#95),#52,.T.);
#1553=ADVANCED_FACE('',(#96),#1494,.T.);
#1554=ADVANCED_FACE('',(#97),#53,.T.);
#1555=ADVANCED_FACE('',(#98),#1495,.T.);
#1556=ADVANCED_FACE('',(#99),#54,.T.);
#1557=ADVANCED_FACE('',(#100),#55,.T.);
#1558=ADVANCED_FACE('',(#101),#1496,.T.);
#1559=ADVANCED_FACE('',(#102),#56,.T.);
#1560=ADVANCED_FACE('',(#103),#1497,.T.);
#1561=ADVANCED_FACE('',(#104),#1498,.F.);
#1562=ADVANCED_FACE('',(#105),#1499,.T.);
#1563=ADVANCED_FACE('',(#106),#57,.T.);
#1564=ADVANCED_FACE('',(#107),#1500,.T.);
#1565=ADVANCED_FACE('',(#108),#1501,.F.);
#1566=ADVANCED_FACE('',(#109),#1502,.T.);
#1567=ADVANCED_FACE('',(#110),#1503,.F.);
#1568=ADVANCED_FACE('',(#111),#1504,.T.);
#1569=ADVANCED_FACE('',(#112),#58,.T.);
#1570=ADVANCED_FACE('',(#113),#59,.T.);
#1571=ADVANCED_FACE('',(#114,#33,#34,#35,#36,#37,#38,#39,#40,#41,#42),#60,
 .F.);
#1572=ADVANCED_FACE('',(#115),#1505,.T.);
#1573=ADVANCED_FACE('',(#116),#1506,.F.);
#1574=ADVANCED_FACE('',(#117),#1507,.F.);
#1575=ADVANCED_FACE('',(#118),#61,.F.);
#1576=ADVANCED_FACE('',(#119),#1508,.T.);
#1577=ADVANCED_FACE('',(#120),#62,.T.);
#1578=ADVANCED_FACE('',(#121),#1509,.T.);
#1579=ADVANCED_FACE('',(#122),#1510,.T.);
#1580=ADVANCED_FACE('',(#123),#63,.T.);
#1581=ADVANCED_FACE('',(#124),#1511,.F.);
#1582=ADVANCED_FACE('',(#125),#64,.F.);
#1583=ADVANCED_FACE('',(#126),#1512,.F.);
#1584=ADVANCED_FACE('',(#127),#1513,.F.);
#1585=ADVANCED_FACE('',(#128),#1514,.F.);
#1586=ADVANCED_FACE('',(#129),#65,.T.);
#1587=ADVANCED_FACE('',(#130),#1515,.F.);
#1588=ADVANCED_FACE('',(#131),#1516,.T.);
#1589=ADVANCED_FACE('',(#132),#66,.T.);
#1590=ADVANCED_FACE('',(#133),#1517,.T.);
#1591=ADVANCED_FACE('',(#134),#1518,.T.);
#1592=ADVANCED_FACE('',(#135),#67,.T.);
#1593=ADVANCED_FACE('',(#136),#1519,.T.);
#1594=ADVANCED_FACE('',(#137),#68,.T.);
#1595=ADVANCED_FACE('',(#138),#1520,.F.);
#1596=ADVANCED_FACE('',(#139),#69,.T.);
#1597=ADVANCED_FACE('',(#140),#1521,.F.);
#1598=ADVANCED_FACE('',(#141),#1522,.F.);
#1599=ADVANCED_FACE('',(#142),#1523,.F.);
#1600=ADVANCED_FACE('',(#143),#1524,.F.);
#1601=ADVANCED_FACE('',(#144),#1525,.F.);
#1602=ADVANCED_FACE('',(#145),#1526,.F.);
#1603=ADVANCED_FACE('',(#146),#70,.T.);
#1604=ADVANCED_FACE('',(#147),#1527,.F.);
#1605=ADVANCED_FACE('',(#148),#71,.T.);
#1606=ADVANCED_FACE('',(#149),#1528,.F.);
#1607=ADVANCED_FACE('',(#150),#72,.T.);
#1608=ADVANCED_FACE('',(#151),#1529,.F.);
#1609=ADVANCED_FACE('',(#152),#73,.T.);
#1610=ADVANCED_FACE('',(#153),#1530,.F.);
#1611=CLOSED_SHELL('',(#1531,#1532,#1533,#1534,#1535,#1536,#1537,#1538,
#1539,#1540,#1541,#1542,#1543,#1544,#1545,#1546,#1547,#1548,#1549,#1550,
#1551,#1552,#1553,#1554,#1555,#1556,#1557,#1558,#1559,#1560,#1561,#1562,
#1563,#1564,#1565,#1566,#1567,#1568,#1569,#1570,#1571,#1572,#1573,#1574,
#1575,#1576,#1577,#1578,#1579,#1580,#1581,#1582,#1583,#1584,#1585,#1586,
#1587,#1588,#1589,#1590,#1591,#1592,#1593,#1594,#1595,#1596,#1597,#1598,
#1599,#1600,#1601,#1602,#1603,#1604,#1605,#1606,#1607,#1608,#1609,#1610));
#1612=DERIVED_UNIT_ELEMENT(#1614,1.);
#1613=DERIVED_UNIT_ELEMENT(#2793,-3.);
#1614=(
MASS_UNIT()
NAMED_UNIT(*)
SI_UNIT(.KILO.,.GRAM.)
);
#1615=DERIVED_UNIT((#1612,#1613));
#1616=MEASURE_REPRESENTATION_ITEM('density measure',
POSITIVE_RATIO_MEASURE(7850.),#1615);
#1617=PROPERTY_DEFINITION_REPRESENTATION(#1622,#1619);
#1618=PROPERTY_DEFINITION_REPRESENTATION(#1623,#1620);
#1619=REPRESENTATION('material name',(#1621),#2790);
#1620=REPRESENTATION('density',(#1616),#2790);
#1621=DESCRIPTIVE_REPRESENTATION_ITEM('Steel','Steel');
#1622=PROPERTY_DEFINITION('material property','material name',#2810);
#1623=PROPERTY_DEFINITION('material property','density of part',#2810);
#1624=AXIS2_PLACEMENT_3D('',#2309,#1807,#1808);
#1625=AXIS2_PLACEMENT_3D('',#2310,#1809,#1810);
#1626=AXIS2_PLACEMENT_3D('',#2311,#1811,#1812);
#1627=AXIS2_PLACEMENT_3D('',#2312,#1813,#1814);
#1628=AXIS2_PLACEMENT_3D('',#2315,#1815,#1816);
#1629=AXIS2_PLACEMENT_3D('',#2319,#1818,#1819);
#1630=AXIS2_PLACEMENT_3D('',#2321,#1821,#1822);
#1631=AXIS2_PLACEMENT_3D('',#2324,#1823,#1824);
#1632=AXIS2_PLACEMENT_3D('',#2328,#1826,#1827);
#1633=AXIS2_PLACEMENT_3D('',#2332,#1829,#1830);
#1634=AXIS2_PLACEMENT_3D('',#2336,#1832,#1833);
#1635=AXIS2_PLACEMENT_3D('',#2340,#1835,#1836);
#1636=AXIS2_PLACEMENT_3D('',#2344,#1838,#1839);
#1637=AXIS2_PLACEMENT_3D('',#2348,#1841,#1842);
#1638=AXIS2_PLACEMENT_3D('',#2352,#1844,#1845);
#1639=AXIS2_PLACEMENT_3D('',#2356,#1847,#1848);
#1640=AXIS2_PLACEMENT_3D('',#2360,#1850,#1851);
#1641=AXIS2_PLACEMENT_3D('',#2364,#1853,#1854);
#1642=AXIS2_PLACEMENT_3D('',#2368,#1856,#1857);
#1643=AXIS2_PLACEMENT_3D('',#2372,#1859,#1860);
#1644=AXIS2_PLACEMENT_3D('',#2376,#1862,#1863);
#1645=AXIS2_PLACEMENT_3D('',#2380,#1865,#1866);
#1646=AXIS2_PLACEMENT_3D('',#2383,#1868,#1869);
#1647=AXIS2_PLACEMENT_3D('',#2387,#1871,#1872);
#1648=AXIS2_PLACEMENT_3D('',#2389,#1873,#1874);
#1649=AXIS2_PLACEMENT_3D('',#2391,#1875,#1876);
#1650=AXIS2_PLACEMENT_3D('',#2395,#1878,#1879);
#1651=AXIS2_PLACEMENT_3D('',#2397,#1880,#1881);
#1652=AXIS2_PLACEMENT_3D('',#2399,#1882,#1883);
#1653=AXIS2_PLACEMENT_3D('',#2403,#1885,#1886);
#1654=AXIS2_PLACEMENT_3D('',#2405,#1887,#1888);
#1655=AXIS2_PLACEMENT_3D('',#2407,#1889,#1890);
#1656=AXIS2_PLACEMENT_3D('',#2411,#1892,#1893);
#1657=AXIS2_PLACEMENT_3D('',#2414,#1895,#1896);
#1658=AXIS2_PLACEMENT_3D('',#2417,#1897,#1898);
#1659=AXIS2_PLACEMENT_3D('',#2421,#1900,#1901);
#1660=AXIS2_PLACEMENT_3D('',#2423,#1902,#1903);
#1661=AXIS2_PLACEMENT_3D('',#2427,#1905,#1906);
#1662=AXIS2_PLACEMENT_3D('',#2431,#1908,#1909);
#1663=AXIS2_PLACEMENT_3D('',#2433,#1910,#1911);
#1664=AXIS2_PLACEMENT_3D('',#2435,#1912,#1913);
#1665=AXIS2_PLACEMENT_3D('',#2439,#1915,#1916);
#1666=AXIS2_PLACEMENT_3D('',#2441,#1917,#1918);
#1667=AXIS2_PLACEMENT_3D('',#2443,#1919,#1920);
#1668=AXIS2_PLACEMENT_3D('',#2447,#1922,#1923);
#1669=AXIS2_PLACEMENT_3D('',#2448,#1924,#1925);
#1670=AXIS2_PLACEMENT_3D('',#2451,#1926,#1927);
#1671=AXIS2_PLACEMENT_3D('',#2455,#1929,#1930);
#1672=AXIS2_PLACEMENT_3D('',#2459,#1932,#1933);
#1673=AXIS2_PLACEMENT_3D('',#2463,#1935,#1936);
#1674=AXIS2_PLACEMENT_3D('',#2466,#1938,#1939);
#1675=AXIS2_PLACEMENT_3D('',#2468,#1940,#1941);
#1676=AXIS2_PLACEMENT_3D('',#2470,#1942,#1943);
#1677=AXIS2_PLACEMENT_3D('',#2472,#1944,#1945);
#1678=AXIS2_PLACEMENT_3D('',#2474,#1946,#1947);
#1679=AXIS2_PLACEMENT_3D('',#2475,#1948,#1949);
#1680=AXIS2_PLACEMENT_3D('',#2479,#1952,#1953);
#1681=AXIS2_PLACEMENT_3D('',#2481,#1954,#1955);
#1682=AXIS2_PLACEMENT_3D('',#2483,#1957,#1958);
#1683=AXIS2_PLACEMENT_3D('',#2486,#1959,#1960);
#1684=AXIS2_PLACEMENT_3D('',#2489,#1963,#1964);
#1685=AXIS2_PLACEMENT_3D('',#2493,#1967,#1968);
#1686=AXIS2_PLACEMENT_3D('',#2495,#1969,#1970);
#1687=AXIS2_PLACEMENT_3D('',#2497,#1972,#1973);
#1688=AXIS2_PLACEMENT_3D('',#2499,#1974,#1975);
#1689=AXIS2_PLACEMENT_3D('',#2501,#1977,#1978);
#1690=AXIS2_PLACEMENT_3D('',#2504,#1980,#1981);
#1691=AXIS2_PLACEMENT_3D('',#2505,#1982,#1983);
#1692=AXIS2_PLACEMENT_3D('',#2511,#1987,#1988);
#1693=AXIS2_PLACEMENT_3D('',#2514,#1989,#1990);
#1694=AXIS2_PLACEMENT_3D('',#2517,#1993,#1994);
#1695=AXIS2_PLACEMENT_3D('',#2521,#1997,#1998);
#1696=AXIS2_PLACEMENT_3D('',#2522,#1999,#2000);
#1697=AXIS2_PLACEMENT_3D('',#2523,#2001,#2002);
#1698=AXIS2_PLACEMENT_3D('',#2525,#2003,#2004);
#1699=AXIS2_PLACEMENT_3D('',#2527,#2006,#2007);
#1700=AXIS2_PLACEMENT_3D('',#2531,#2010,#2011);
#1701=AXIS2_PLACEMENT_3D('',#2533,#2012,#2013);
#1702=AXIS2_PLACEMENT_3D('',#2535,#2015,#2016);
#1703=AXIS2_PLACEMENT_3D('',#2539,#2019,#2020);
#1704=AXIS2_PLACEMENT_3D('',#2543,#2023,#2024);
#1705=AXIS2_PLACEMENT_3D('',#2546,#2025,#2026);
#1706=AXIS2_PLACEMENT_3D('',#2549,#2029,#2030);
#1707=AXIS2_PLACEMENT_3D('',#2553,#2033,#2034);
#1708=AXIS2_PLACEMENT_3D('',#2557,#2036,#2037);
#1709=AXIS2_PLACEMENT_3D('',#2559,#2039,#2040);
#1710=AXIS2_PLACEMENT_3D('',#2563,#2043,#2044);
#1711=AXIS2_PLACEMENT_3D('',#2566,#2046,#2047);
#1712=AXIS2_PLACEMENT_3D('',#2567,#2048,#2049);
#1713=AXIS2_PLACEMENT_3D('',#2571,#2052,#2053);
#1714=AXIS2_PLACEMENT_3D('',#2573,#2054,#2055);
#1715=AXIS2_PLACEMENT_3D('',#2575,#2057,#2058);
#1716=AXIS2_PLACEMENT_3D('',#2577,#2060,#2061);
#1717=AXIS2_PLACEMENT_3D('',#2581,#2064,#2065);
#1718=AXIS2_PLACEMENT_3D('',#2585,#2067,#2068);
#1719=AXIS2_PLACEMENT_3D('',#2587,#2070,#2071);
#1720=AXIS2_PLACEMENT_3D('',#2591,#2074,#2075);
#1721=AXIS2_PLACEMENT_3D('',#2592,#2076,#2077);
#1722=AXIS2_PLACEMENT_3D('',#2593,#2078,#2079);
#1723=AXIS2_PLACEMENT_3D('',#2595,#2080,#2081);
#1724=AXIS2_PLACEMENT_3D('',#2597,#2083,#2084);
#1725=AXIS2_PLACEMENT_3D('',#2600,#2086,#2087);
#1726=AXIS2_PLACEMENT_3D('',#2601,#2088,#2089);
#1727=AXIS2_PLACEMENT_3D('',#2605,#2092,#2093);
#1728=AXIS2_PLACEMENT_3D('',#2607,#2094,#2095);
#1729=AXIS2_PLACEMENT_3D('',#2609,#2097,#2098);
#1730=AXIS2_PLACEMENT_3D('',#2612,#2100,#2101);
#1731=AXIS2_PLACEMENT_3D('',#2613,#2102,#2103);
#1732=AXIS2_PLACEMENT_3D('',#2617,#2105,#2106);
#1733=AXIS2_PLACEMENT_3D('',#2619,#2108,#2109);
#1734=AXIS2_PLACEMENT_3D('',#2622,#2111,#2112);
#1735=AXIS2_PLACEMENT_3D('',#2623,#2113,#2114);
#1736=AXIS2_PLACEMENT_3D('',#2625,#2115,#2116);
#1737=AXIS2_PLACEMENT_3D('',#2627,#2118,#2119);
#1738=AXIS2_PLACEMENT_3D('',#2631,#2122,#2123);
#1739=AXIS2_PLACEMENT_3D('',#2635,#2126,#2127);
#1740=AXIS2_PLACEMENT_3D('',#2637,#2128,#2129);
#1741=AXIS2_PLACEMENT_3D('',#2641,#2131,#2132);
#1742=AXIS2_PLACEMENT_3D('',#2645,#2134,#2135);
#1743=AXIS2_PLACEMENT_3D('',#2649,#2137,#2138);
#1744=AXIS2_PLACEMENT_3D('',#2652,#2140,#2141);
#1745=AXIS2_PLACEMENT_3D('',#2654,#2142,#2143);
#1746=AXIS2_PLACEMENT_3D('',#2657,#2145,#2146);
#1747=AXIS2_PLACEMENT_3D('',#2659,#2147,#2148);
#1748=AXIS2_PLACEMENT_3D('',#2662,#2150,#2151);
#1749=AXIS2_PLACEMENT_3D('',#2663,#2152,#2153);
#1750=AXIS2_PLACEMENT_3D('',#2665,#2154,#2155);
#1751=AXIS2_PLACEMENT_3D('',#2669,#2157,#2158);
#1752=AXIS2_PLACEMENT_3D('',#2671,#2159,#2160);
#1753=AXIS2_PLACEMENT_3D('',#2673,#2161,#2162);
#1754=AXIS2_PLACEMENT_3D('',#2677,#2164,#2165);
#1755=AXIS2_PLACEMENT_3D('',#2680,#2167,#2168);
#1756=AXIS2_PLACEMENT_3D('',#2682,#2169,#2170);
#1757=AXIS2_PLACEMENT_3D('',#2684,#2171,#2172);
#1758=AXIS2_PLACEMENT_3D('',#2686,#2173,#2174);
#1759=AXIS2_PLACEMENT_3D('',#2688,#2175,#2176);
#1760=AXIS2_PLACEMENT_3D('',#2690,#2177,#2178);
#1761=AXIS2_PLACEMENT_3D('',#2692,#2179,#2180);
#1762=AXIS2_PLACEMENT_3D('',#2695,#2181,#2182);
#1763=AXIS2_PLACEMENT_3D('',#2699,#2184,#2185);
#1764=AXIS2_PLACEMENT_3D('',#2703,#2187,#2188);
#1765=AXIS2_PLACEMENT_3D('',#2707,#2190,#2191);
#1766=AXIS2_PLACEMENT_3D('',#2709,#2193,#2194);
#1767=AXIS2_PLACEMENT_3D('',#2710,#2195,#2196);
#1768=AXIS2_PLACEMENT_3D('',#2712,#2198,#2199);
#1769=AXIS2_PLACEMENT_3D('',#2714,#2201,#2202);
#1770=AXIS2_PLACEMENT_3D('',#2715,#2203,#2204);
#1771=AXIS2_PLACEMENT_3D('',#2717,#2206,#2207);
#1772=AXIS2_PLACEMENT_3D('',#2719,#2209,#2210);
#1773=AXIS2_PLACEMENT_3D('',#2721,#2212,#2213);
#1774=AXIS2_PLACEMENT_3D('',#2724,#2216,#2217);
#1775=AXIS2_PLACEMENT_3D('',#2726,#2219,#2220);
#1776=AXIS2_PLACEMENT_3D('',#2728,#2222,#2223);
#1777=AXIS2_PLACEMENT_3D('',#2730,#2225,#2226);
#1778=AXIS2_PLACEMENT_3D('',#2731,#2227,#2228);
#1779=AXIS2_PLACEMENT_3D('',#2732,#2229,#2230);
#1780=AXIS2_PLACEMENT_3D('',#2734,#2232,#2233);
#1781=AXIS2_PLACEMENT_3D('',#2736,#2235,#2236);
#1782=AXIS2_PLACEMENT_3D('',#2738,#2238,#2239);
#1783=AXIS2_PLACEMENT_3D('',#2741,#2242,#2243);
#1784=AXIS2_PLACEMENT_3D('',#2742,#2244,#2245);
#1785=AXIS2_PLACEMENT_3D('',#2743,#2246,#2247);
#1786=AXIS2_PLACEMENT_3D('',#2746,#2250,#2251);
#1787=AXIS2_PLACEMENT_3D('',#2748,#2253,#2254);
#1788=AXIS2_PLACEMENT_3D('',#2750,#2256,#2257);
#1789=AXIS2_PLACEMENT_3D('',#2751,#2258,#2259);
#1790=AXIS2_PLACEMENT_3D('',#2753,#2261,#2262);
#1791=AXIS2_PLACEMENT_3D('',#2754,#2263,#2264);
#1792=AXIS2_PLACEMENT_3D('',#2756,#2266,#2267);
#1793=AXIS2_PLACEMENT_3D('',#2758,#2269,#2270);
#1794=AXIS2_PLACEMENT_3D('',#2760,#2272,#2273);
#1795=AXIS2_PLACEMENT_3D('',#2762,#2275,#2276);
#1796=AXIS2_PLACEMENT_3D('',#2764,#2278,#2279);
#1797=AXIS2_PLACEMENT_3D('',#2766,#2281,#2282);
#1798=AXIS2_PLACEMENT_3D('',#2769,#2285,#2286);
#1799=AXIS2_PLACEMENT_3D('',#2771,#2288,#2289);
#1800=AXIS2_PLACEMENT_3D('',#2773,#2291,#2292);
#1801=AXIS2_PLACEMENT_3D('',#2774,#2293,#2294);
#1802=AXIS2_PLACEMENT_3D('',#2777,#2297,#2298);
#1803=AXIS2_PLACEMENT_3D('',#2779,#2300,#2301);
#1804=AXIS2_PLACEMENT_3D('',#2781,#2303,#2304);
#1805=AXIS2_PLACEMENT_3D('',#2782,#2305,#2306);
#1806=AXIS2_PLACEMENT_3D('',#2783,#2307,#2308);
#1807=DIRECTION('axis',(0.,0.,1.));
#1808=DIRECTION('refdir',(1.,0.,0.));
#1809=DIRECTION('axis',(0.,0.,1.));
#1810=DIRECTION('refdir',(1.,0.,0.));
#1811=DIRECTION('axis',(0.,0.,1.));
#1812=DIRECTION('refdir',(1.,0.,0.));
#1813=DIRECTION('center_axis',(0.,-6.40617234366397E-30,-1.));
#1814=DIRECTION('ref_axis',(0.70710678118656,-0.707106781186535,0.));
#1815=DIRECTION('center_axis',(0.,0.,1.));
#1816=DIRECTION('ref_axis',(0.70710678118656,-0.707106781186535,0.));
#1817=DIRECTION('',(0.,6.40617234366397E-30,1.));
#1818=DIRECTION('center_axis',(0.,0.,-1.));
#1819=DIRECTION('ref_axis',(0.70710678118656,-0.707106781186535,0.));
#1820=DIRECTION('',(0.,6.40617234366397E-30,1.));
#1821=DIRECTION('center_axis',(0.,0.,1.));
#1822=DIRECTION('ref_axis',(1.,0.,0.));
#1823=DIRECTION('center_axis',(0.,0.,1.));
#1824=DIRECTION('ref_axis',(-0.382683432365116,0.923879532511276,0.));
#1825=DIRECTION('',(1.,0.,0.));
#1826=DIRECTION('center_axis',(0.,0.,1.));
#1827=DIRECTION('ref_axis',(0.707106781186567,-0.707106781186528,0.));
#1828=DIRECTION('',(0.707105564221517,0.707107998149484,0.));
#1829=DIRECTION('center_axis',(0.,0.,1.));
#1830=DIRECTION('ref_axis',(1.,3.33344463143699E-14,0.));
#1831=DIRECTION('',(-3.2164715069476E-10,1.,0.));
#1832=DIRECTION('center_axis',(0.,0.,1.));
#1833=DIRECTION('ref_axis',(0.707106781186545,0.70710678118655,0.));
#1834=DIRECTION('',(-0.707106781186555,0.70710678118654,0.));
#1835=DIRECTION('center_axis',(0.,0.,1.));
#1836=DIRECTION('ref_axis',(2.13135065152469E-13,1.,0.));
#1837=DIRECTION('',(-1.,0.,0.));
#1838=DIRECTION('center_axis',(0.,0.,1.));
#1839=DIRECTION('ref_axis',(-0.382683432365081,-0.92387953251129,0.));
#1840=DIRECTION('',(-0.707106781186564,0.707106781186531,0.));
#1841=DIRECTION('center_axis',(0.,0.,-1.));
#1842=DIRECTION('ref_axis',(0.382683432365073,0.923879532511294,0.));
#1843=DIRECTION('',(-1.,0.,0.));
#1844=DIRECTION('center_axis',(0.,0.,-1.));
#1845=DIRECTION('ref_axis',(-0.382683432365089,0.923879532511287,0.));
#1846=DIRECTION('',(0.707106781186547,0.707106781186548,-1.74315279842115E-32));
#1847=DIRECTION('center_axis',(0.,0.,-1.));
#1848=DIRECTION('ref_axis',(-0.923879532511289,0.382683432365084,0.));
#1849=DIRECTION('',(-4.44089209850063E-16,-1.,1.41224610857735E-45));
#1850=DIRECTION('center_axis',(0.,0.,-1.));
#1851=DIRECTION('ref_axis',(-0.923879532511289,-0.382683432365084,0.));
#1852=DIRECTION('',(-0.707106781186546,0.707106781186549,1.74315279842095E-32));
#1853=DIRECTION('center_axis',(0.,0.,-1.));
#1854=DIRECTION('ref_axis',(-0.382683432365088,-0.923879532511288,0.));
#1855=DIRECTION('',(1.,2.22044604925031E-16,0.));
#1856=DIRECTION('center_axis',(0.,0.,1.));
#1857=DIRECTION('ref_axis',(0.707106781186547,0.707106781186547,0.));
#1858=DIRECTION('',(0.,-1.,0.));
#1859=DIRECTION('center_axis',(0.,0.,-1.));
#1860=DIRECTION('ref_axis',(-0.923879532511278,-0.382683432365112,0.));
#1861=DIRECTION('',(0.707106781186579,-0.707106781186516,0.));
#1862=DIRECTION('center_axis',(0.,0.,-1.));
#1863=DIRECTION('ref_axis',(-0.382683432365074,-0.923879532511293,0.));
#1864=DIRECTION('',(1.,-8.95153281639524E-15,0.));
#1865=DIRECTION('center_axis',(0.,0.,-1.));
#1866=DIRECTION('ref_axis',(0.382683432365112,-0.923879532511278,0.));
#1867=DIRECTION('',(0.707106781186508,0.707106781186587,0.));
#1868=DIRECTION('center_axis',(0.,0.,-1.));
#1869=DIRECTION('ref_axis',(1.,0.,0.));
#1870=DIRECTION('',(0.,-1.,0.));
#1871=DIRECTION('center_axis',(0.,0.,-1.));
#1872=DIRECTION('ref_axis',(0.935414346693473,0.353553390593307,0.));
#1873=DIRECTION('center_axis',(0.,0.,-1.));
#1874=DIRECTION('ref_axis',(1.,0.,0.));
#1875=DIRECTION('center_axis',(0.,0.,-1.));
#1876=DIRECTION('ref_axis',(-0.273861278752583,-0.961769203083567,0.));
#1877=DIRECTION('',(1.,-6.22301527786114E-61,0.));
#1878=DIRECTION('center_axis',(0.,0.,-1.));
#1879=DIRECTION('ref_axis',(0.273861278752583,-0.961769203083567,0.));
#1880=DIRECTION('center_axis',(0.,0.,-1.));
#1881=DIRECTION('ref_axis',(1.,0.,0.));
#1882=DIRECTION('center_axis',(0.,0.,-1.));
#1883=DIRECTION('ref_axis',(-0.935414346693483,0.35355339059328,0.));
#1884=DIRECTION('',(0.,-1.,0.));
#1885=DIRECTION('center_axis',(0.,0.,-1.));
#1886=DIRECTION('ref_axis',(-0.935414346693479,-0.35355339059329,0.));
#1887=DIRECTION('center_axis',(0.,0.,-1.));
#1888=DIRECTION('ref_axis',(1.,0.,0.));
#1889=DIRECTION('center_axis',(0.,0.,-1.));
#1890=DIRECTION('ref_axis',(0.353553390593273,0.935414346693486,0.));
#1891=DIRECTION('',(-1.,0.,0.));
#1892=DIRECTION('center_axis',(0.,0.,1.));
#1893=DIRECTION('ref_axis',(-0.70710678118656,-0.707106781186535,0.));
#1894=DIRECTION('',(0.,1.,0.));
#1895=DIRECTION('center_axis',(0.,0.,1.));
#1896=DIRECTION('ref_axis',(-0.707106781186548,0.707106781186548,0.));
#1897=DIRECTION('center_axis',(0.,0.,-1.));
#1898=DIRECTION('ref_axis',(0.935414346693473,-0.353553390593307,0.));
#1899=DIRECTION('',(0.,-1.,0.));
#1900=DIRECTION('center_axis',(0.,0.,-1.));
#1901=DIRECTION('ref_axis',(0.707106781186548,0.707106781186548,0.));
#1902=DIRECTION('center_axis',(0.,0.,1.));
#1903=DIRECTION('ref_axis',(-0.707106781186548,-0.707106781186548,0.));
#1904=DIRECTION('',(0.,1.,0.));
#1905=DIRECTION('center_axis',(0.,0.,1.));
#1906=DIRECTION('ref_axis',(-0.70710678118656,0.707106781186535,0.));
#1907=DIRECTION('',(1.,0.,0.));
#1908=DIRECTION('center_axis',(0.,0.,-1.));
#1909=DIRECTION('ref_axis',(0.353553390593277,-0.935414346693484,0.));
#1910=DIRECTION('center_axis',(0.,0.,-1.));
#1911=DIRECTION('ref_axis',(1.,0.,0.));
#1912=DIRECTION('center_axis',(0.,0.,-1.));
#1913=DIRECTION('ref_axis',(-0.935414346693483,0.35355339059328,0.));
#1914=DIRECTION('',(0.,-1.,0.));
#1915=DIRECTION('center_axis',(0.,0.,-1.));
#1916=DIRECTION('ref_axis',(-0.935414346693483,-0.35355339059328,0.));
#1917=DIRECTION('center_axis',(0.,0.,-1.));
#1918=DIRECTION('ref_axis',(1.,0.,0.));
#1919=DIRECTION('center_axis',(0.,0.,-1.));
#1920=DIRECTION('ref_axis',(0.273861278752583,0.961769203083567,0.));
#1921=DIRECTION('',(-1.,6.22301527786114E-61,0.));
#1922=DIRECTION('center_axis',(0.,0.,-1.));
#1923=DIRECTION('ref_axis',(-0.273861278752583,0.961769203083567,0.));
#1924=DIRECTION('center_axis',(0.,0.,-1.));
#1925=DIRECTION('ref_axis',(1.,0.,0.));
#1926=DIRECTION('center_axis',(0.,0.,-1.));
#1927=DIRECTION('ref_axis',(-2.80293904253253E-45,-1.,0.));
#1928=DIRECTION('',(-1.,2.80293904253253E-45,0.));
#1929=DIRECTION('center_axis',(0.,0.,-1.));
#1930=DIRECTION('ref_axis',(2.80293904253253E-45,1.,0.));
#1931=DIRECTION('',(1.,-2.80293904253253E-45,0.));
#1932=DIRECTION('center_axis',(0.,0.,-1.));
#1933=DIRECTION('ref_axis',(1.21906841919625E-14,1.,0.));
#1934=DIRECTION('',(1.,-1.77635683940025E-14,0.));
#1935=DIRECTION('center_axis',(0.,0.,-1.));
#1936=DIRECTION('ref_axis',(-1.56737368182377E-14,-1.,0.));
#1937=DIRECTION('',(-1.,1.77635683940026E-14,0.));
#1938=DIRECTION('center_axis',(0.,0.,-1.));
#1939=DIRECTION('ref_axis',(1.,0.,0.));
#1940=DIRECTION('center_axis',(0.,0.,-1.));
#1941=DIRECTION('ref_axis',(1.,0.,0.));
#1942=DIRECTION('center_axis',(0.,0.,-1.));
#1943=DIRECTION('ref_axis',(1.,0.,0.));
#1944=DIRECTION('center_axis',(0.,0.,-1.));
#1945=DIRECTION('ref_axis',(1.,0.,0.));
#1946=DIRECTION('center_axis',(0.,0.,-1.));
#1947=DIRECTION('ref_axis',(1.,0.,0.));
#1948=DIRECTION('center_axis',(1.,0.,0.));
#1949=DIRECTION('ref_axis',(0.,1.,0.));
#1950=DIRECTION('',(0.,-1.,0.));
#1951=DIRECTION('',(0.,-3.41086796739543E-29,-1.));
#1952=DIRECTION('center_axis',(0.,3.41086796739543E-29,1.));
#1953=DIRECTION('ref_axis',(0.935414346693473,0.353553390593307,0.));
#1954=DIRECTION('center_axis',(0.,0.,1.));
#1955=DIRECTION('ref_axis',(0.935414346693473,0.353553390593307,0.));
#1956=DIRECTION('',(0.,3.41086796739543E-29,1.));
#1957=DIRECTION('center_axis',(0.,-3.41086796739543E-29,-1.));
#1958=DIRECTION('ref_axis',(0.935414346693473,-0.353553390593307,0.));
#1959=DIRECTION('center_axis',(0.,0.,1.));
#1960=DIRECTION('ref_axis',(0.935414346693473,-0.353553390593307,0.));
#1961=DIRECTION('',(0.,3.41086796739543E-29,1.));
#1962=DIRECTION('',(0.,-3.41086796739543E-29,-1.));
#1963=DIRECTION('center_axis',(1.,0.,0.));
#1964=DIRECTION('ref_axis',(0.,1.,0.));
#1965=DIRECTION('',(0.,-1.,0.));
#1966=DIRECTION('',(0.,-6.40617234366397E-30,-1.));
#1967=DIRECTION('center_axis',(0.,6.40617234366397E-30,1.));
#1968=DIRECTION('ref_axis',(0.707106781186548,0.707106781186548,0.));
#1969=DIRECTION('center_axis',(0.,0.,1.));
#1970=DIRECTION('ref_axis',(0.707106781186548,0.707106781186548,0.));
#1971=DIRECTION('',(0.,-6.40617234366397E-30,-1.));
#1972=DIRECTION('center_axis',(0.,-3.41086796739543E-29,-1.));
#1973=DIRECTION('ref_axis',(-0.842662292397549,0.538442439793993,-1.83655607017957E-29));
#1974=DIRECTION('center_axis',(0.,0.,1.));
#1975=DIRECTION('ref_axis',(1.,0.,0.));
#1976=DIRECTION('',(0.,-3.41086796739543E-29,-1.));
#1977=DIRECTION('center_axis',(0.,-3.41086796739543E-29,-1.));
#1978=DIRECTION('ref_axis',(-0.842662292397549,-0.538442439793993,1.83655607017957E-29));
#1979=DIRECTION('',(0.,3.41086796739543E-29,1.));
#1980=DIRECTION('center_axis',(0.,0.,1.));
#1981=DIRECTION('ref_axis',(1.,0.,0.));
#1982=DIRECTION('center_axis',(-1.,-3.2164715069476E-10,2.33486982377251E-16));
#1983=DIRECTION('ref_axis',(-3.2164715069476E-10,1.,7.5050008450644E-26));
#1984=DIRECTION('',(-2.33486982377251E-16,-6.3108872417681E-30,-1.));
#1985=DIRECTION('',(3.2164715069476E-10,-1.,0.));
#1986=DIRECTION('',(-2.33486982377251E-16,-6.3108872417681E-30,-1.));
#1987=DIRECTION('center_axis',(-2.33486982377251E-16,-6.3108872417681E-30,
-1.));
#1988=DIRECTION('ref_axis',(2.13135065152469E-13,1.,-5.60751504429969E-29));
#1989=DIRECTION('center_axis',(0.,0.,-1.));
#1990=DIRECTION('ref_axis',(2.13135065152469E-13,1.,0.));
#1991=DIRECTION('',(2.33486982377251E-16,6.3108872417681E-30,1.));
#1992=DIRECTION('',(-2.33486982377251E-16,-6.3108872417681E-30,-1.));
#1993=DIRECTION('center_axis',(-0.70710678118654,-0.707106781186555,1.6510022855774E-16));
#1994=DIRECTION('ref_axis',(-0.707106781186555,0.70710678118654,2.04352540024631E-16));
#1995=DIRECTION('',(0.707106781186555,-0.70710678118654,0.));
#1996=DIRECTION('',(-2.33486982377251E-16,-6.3108872417681E-30,-1.));
#1997=DIRECTION('center_axis',(-2.33486982377251E-16,-6.3108872417681E-30,
-1.));
#1998=DIRECTION('ref_axis',(0.707106781186545,0.70710678118655,-1.65100228557742E-16));
#1999=DIRECTION('center_axis',(0.,0.,-1.));
#2000=DIRECTION('ref_axis',(0.707106781186545,0.70710678118655,0.));
#2001=DIRECTION('center_axis',(-2.33486982377251E-16,-6.3108872417681E-30,
-1.));
#2002=DIRECTION('ref_axis',(1.,3.33344463143699E-14,-2.33486982377251E-16));
#2003=DIRECTION('center_axis',(0.,0.,-1.));
#2004=DIRECTION('ref_axis',(1.,3.33344463143699E-14,0.));
#2005=DIRECTION('',(-2.33486982377251E-16,-6.3108872417681E-30,-1.));
#2006=DIRECTION('center_axis',(-0.707107998149484,0.707105564221517,1.65100512702737E-16));
#2007=DIRECTION('ref_axis',(0.707105564221517,0.707107998149484,-1.75626755977274E-15));
#2008=DIRECTION('',(-0.707105564221517,-0.707107998149484,0.));
#2009=DIRECTION('',(-2.33486982377251E-16,-6.3108872417681E-30,-1.));
#2010=DIRECTION('center_axis',(-2.33486982377251E-16,-6.3108872417681E-30,
-1.));
#2011=DIRECTION('ref_axis',(0.707106781186567,-0.707106781186528,-1.65100228557738E-16));
#2012=DIRECTION('center_axis',(0.,0.,-1.));
#2013=DIRECTION('ref_axis',(0.707106781186567,-0.707106781186528,0.));
#2014=DIRECTION('',(2.33486982377251E-16,6.3108872417681E-30,1.));
#2015=DIRECTION('center_axis',(0.,-1.,0.));
#2016=DIRECTION('ref_axis',(1.,0.,0.));
#2017=DIRECTION('',(0.,0.,1.));
#2018=DIRECTION('',(1.,0.,0.));
#2019=DIRECTION('center_axis',(0.,1.,0.));
#2020=DIRECTION('ref_axis',(-1.,0.,0.));
#2021=DIRECTION('',(1.,0.,0.));
#2022=DIRECTION('',(0.,0.,-1.));
#2023=DIRECTION('center_axis',(-2.46519032881552E-32,0.,-1.));
#2024=DIRECTION('ref_axis',(-0.382683432365089,0.923879532511287,9.43387496464346E-33));
#2025=DIRECTION('center_axis',(0.,0.,1.));
#2026=DIRECTION('ref_axis',(-0.382683432365089,0.923879532511287,0.));
#2027=DIRECTION('',(2.46519032881552E-32,0.,1.));
#2028=DIRECTION('',(-2.46519032881552E-32,0.,-1.));
#2029=DIRECTION('center_axis',(0.,1.,0.));
#2030=DIRECTION('ref_axis',(-1.,0.,0.));
#2031=DIRECTION('',(0.,0.,1.));
#2032=DIRECTION('',(-1.,0.,0.));
#2033=DIRECTION('center_axis',(2.4651903288158E-32,5.47382212626912E-48,
1.));
#2034=DIRECTION('ref_axis',(-0.382683432365088,-0.923879532511288,9.4338749646445E-33));
#2035=DIRECTION('',(-2.4651903288158E-32,-5.47382212626912E-48,-1.));
#2036=DIRECTION('center_axis',(0.,0.,1.));
#2037=DIRECTION('ref_axis',(-0.382683432365088,-0.923879532511288,0.));
#2038=DIRECTION('',(2.4651903288158E-32,5.47382212626912E-48,1.));
#2039=DIRECTION('center_axis',(-0.707106781186549,-0.707106781186546,1.74315279842115E-32));
#2040=DIRECTION('ref_axis',(2.46519032881566E-32,1.38898236454071E-45,1.));
#2041=DIRECTION('',(2.46519032881566E-32,1.4011487815067E-45,1.));
#2042=DIRECTION('',(0.707106781186546,-0.707106781186549,-1.74315279842095E-32));
#2043=DIRECTION('center_axis',(2.46519032881566E-32,1.4011487815067E-45,
1.));
#2044=DIRECTION('ref_axis',(-0.923879532511289,-0.382683432365084,2.27753888853762E-32));
#2045=DIRECTION('',(-2.46519032881566E-32,-1.4011487815067E-45,-1.));
#2046=DIRECTION('center_axis',(0.,0.,1.));
#2047=DIRECTION('ref_axis',(-0.923879532511289,-0.382683432365084,0.));
#2048=DIRECTION('center_axis',(-1.,4.44089209850063E-16,2.46519032881566E-32));
#2049=DIRECTION('ref_axis',(-4.44089209850063E-16,-1.,1.41224610857735E-45));
#2050=DIRECTION('',(2.46519032881566E-32,1.4011487815067E-45,1.));
#2051=DIRECTION('',(-4.44089209850063E-16,-1.,1.41224610857735E-45));
#2052=DIRECTION('center_axis',(-2.46519032881566E-32,-1.4011487815067E-45,
-1.));
#2053=DIRECTION('ref_axis',(-0.923879532511289,0.382683432365084,2.27753888853751E-32));
#2054=DIRECTION('center_axis',(0.,0.,1.));
#2055=DIRECTION('ref_axis',(-0.923879532511289,0.382683432365084,0.));
#2056=DIRECTION('',(-2.46519032881566E-32,-1.4011487815067E-45,-1.));
#2057=DIRECTION('center_axis',(-0.707106781186548,0.707106781186547,1.74315279842095E-32));
#2058=DIRECTION('ref_axis',(2.46519032881566E-32,1.40266691985638E-45,1.));
#2059=DIRECTION('',(-0.707106781186547,-0.707106781186548,1.74315279842115E-32));
#2060=DIRECTION('center_axis',(2.22044604925031E-16,-1.,0.));
#2061=DIRECTION('ref_axis',(1.,2.22044604925031E-16,0.));
#2062=DIRECTION('',(-1.,-2.22044604925031E-16,0.));
#2063=DIRECTION('',(0.,0.,-1.));
#2064=DIRECTION('center_axis',(0.,3.41086796739543E-29,1.));
#2065=DIRECTION('ref_axis',(0.273861278752583,-0.961769203083567,3.28046776682517E-29));
#2066=DIRECTION('',(2.1225883471869E-89,0.,-1.));
#2067=DIRECTION('center_axis',(0.,0.,1.));
#2068=DIRECTION('ref_axis',(0.273861278752583,-0.961769203083567,0.));
#2069=DIRECTION('',(0.,3.41086796739543E-29,1.));
#2070=DIRECTION('center_axis',(-6.22301527786114E-61,-1.,0.));
#2071=DIRECTION('ref_axis',(1.,-6.22301527786114E-61,0.));
#2072=DIRECTION('',(-2.1225883471869E-89,0.,1.));
#2073=DIRECTION('',(-1.,6.22301527786114E-61,0.));
#2074=DIRECTION('center_axis',(0.,-3.41086796739543E-29,-1.));
#2075=DIRECTION('ref_axis',(-0.273861278752583,-0.961769203083567,3.28046776682517E-29));
#2076=DIRECTION('center_axis',(0.,0.,1.));
#2077=DIRECTION('ref_axis',(-0.273861278752583,-0.961769203083567,0.));
#2078=DIRECTION('center_axis',(0.,-3.41086796739543E-29,-1.));
#2079=DIRECTION('ref_axis',(1.,0.,0.));
#2080=DIRECTION('center_axis',(0.,0.,1.));
#2081=DIRECTION('ref_axis',(1.,0.,0.));
#2082=DIRECTION('',(0.,-3.41086796739543E-29,-1.));
#2083=DIRECTION('center_axis',(0.,3.41086796739543E-29,1.));
#2084=DIRECTION('ref_axis',(-0.273861278752583,0.961769203083567,-3.28046776682517E-29));
#2085=DIRECTION('',(2.1225883471869E-89,0.,-1.));
#2086=DIRECTION('center_axis',(0.,0.,1.));
#2087=DIRECTION('ref_axis',(-0.273861278752583,0.961769203083567,0.));
#2088=DIRECTION('center_axis',(6.22301527786114E-61,1.,0.));
#2089=DIRECTION('ref_axis',(-1.,6.22301527786114E-61,0.));
#2090=DIRECTION('',(-2.1225883471869E-89,0.,1.));
#2091=DIRECTION('',(-1.,6.22301527786114E-61,0.));
#2092=DIRECTION('center_axis',(0.,-3.41086796739543E-29,-1.));
#2093=DIRECTION('ref_axis',(0.273861278752583,0.961769203083567,-3.28046776682517E-29));
#2094=DIRECTION('center_axis',(0.,0.,1.));
#2095=DIRECTION('ref_axis',(0.273861278752583,0.961769203083567,0.));
#2096=DIRECTION('',(0.,-3.41086796739543E-29,-1.));
#2097=DIRECTION('center_axis',(0.,-3.41086796739543E-29,-1.));
#2098=DIRECTION('ref_axis',(1.,0.,0.));
#2099=DIRECTION('',(0.,3.41086796739543E-29,1.));
#2100=DIRECTION('center_axis',(0.,0.,1.));
#2101=DIRECTION('ref_axis',(1.,0.,0.));
#2102=DIRECTION('center_axis',(0.,3.41086796739543E-29,1.));
#2103=DIRECTION('ref_axis',(0.353553390593273,0.935414346693486,-3.19057483137893E-29));
#2104=DIRECTION('',(0.,-3.41086796739543E-29,-1.));
#2105=DIRECTION('center_axis',(0.,0.,1.));
#2106=DIRECTION('ref_axis',(0.353553390593273,0.935414346693486,0.));
#2107=DIRECTION('',(0.,0.,1.));
#2108=DIRECTION('center_axis',(0.,-3.41086796739543E-29,-1.));
#2109=DIRECTION('ref_axis',(1.,0.,0.));
#2110=DIRECTION('',(0.,3.41086796739543E-29,1.));
#2111=DIRECTION('center_axis',(0.,0.,1.));
#2112=DIRECTION('ref_axis',(1.,0.,0.));
#2113=DIRECTION('center_axis',(0.,-3.41086796739543E-29,-1.));
#2114=DIRECTION('ref_axis',(-0.935414346693479,-0.35355339059329,1.2059239347387E-29));
#2115=DIRECTION('center_axis',(0.,0.,1.));
#2116=DIRECTION('ref_axis',(-0.935414346693479,-0.35355339059329,0.));
#2117=DIRECTION('',(0.,-3.41086796739543E-29,-1.));
#2118=DIRECTION('center_axis',(-1.,0.,0.));
#2119=DIRECTION('ref_axis',(0.,-1.,0.));
#2120=DIRECTION('',(0.,3.41086796739543E-29,1.));
#2121=DIRECTION('',(0.,1.,0.));
#2122=DIRECTION('center_axis',(0.,1.,0.));
#2123=DIRECTION('ref_axis',(-1.,0.,0.));
#2124=DIRECTION('',(1.,0.,0.));
#2125=DIRECTION('',(0.,0.,-1.));
#2126=DIRECTION('center_axis',(0.,0.,1.));
#2127=DIRECTION('ref_axis',(1.,0.,0.));
#2128=DIRECTION('center_axis',(0.,0.,-1.));
#2129=DIRECTION('ref_axis',(-0.382683432365116,0.923879532511276,0.));
#2130=DIRECTION('',(-0.707106781186508,-0.707106781186587,0.));
#2131=DIRECTION('center_axis',(0.,0.,1.));
#2132=DIRECTION('ref_axis',(0.382683432365112,-0.923879532511278,0.));
#2133=DIRECTION('',(1.,-8.95153281639524E-15,0.));
#2134=DIRECTION('center_axis',(0.,0.,1.));
#2135=DIRECTION('ref_axis',(-0.382683432365074,-0.923879532511293,0.));
#2136=DIRECTION('',(0.707106781186579,-0.707106781186516,0.));
#2137=DIRECTION('center_axis',(0.,0.,1.));
#2138=DIRECTION('ref_axis',(-0.923879532511278,-0.382683432365112,0.));
#2139=DIRECTION('',(0.,-1.,0.));
#2140=DIRECTION('center_axis',(0.,0.,-1.));
#2141=DIRECTION('ref_axis',(0.707106781186547,0.707106781186547,0.));
#2142=DIRECTION('center_axis',(0.,0.,1.));
#2143=DIRECTION('ref_axis',(0.382683432365073,0.923879532511294,0.));
#2144=DIRECTION('',(-0.707106781186564,0.707106781186531,0.));
#2145=DIRECTION('center_axis',(0.,0.,-1.));
#2146=DIRECTION('ref_axis',(-0.382683432365081,-0.92387953251129,0.));
#2147=DIRECTION('center_axis',(0.,0.,-1.));
#2148=DIRECTION('ref_axis',(-0.707106781186548,0.707106781186548,0.));
#2149=DIRECTION('',(0.,-1.,0.));
#2150=DIRECTION('center_axis',(0.,0.,-1.));
#2151=DIRECTION('ref_axis',(-0.70710678118656,-0.707106781186535,0.));
#2152=DIRECTION('center_axis',(0.,0.,1.));
#2153=DIRECTION('ref_axis',(-0.935414346693483,0.35355339059328,0.));
#2154=DIRECTION('center_axis',(0.,0.,1.));
#2155=DIRECTION('ref_axis',(-0.935414346693483,-0.35355339059328,0.));
#2156=DIRECTION('',(0.,1.,0.));
#2157=DIRECTION('center_axis',(0.,0.,1.));
#2158=DIRECTION('ref_axis',(-0.935414346693483,0.35355339059328,0.));
#2159=DIRECTION('center_axis',(0.,0.,1.));
#2160=DIRECTION('ref_axis',(1.,0.,0.));
#2161=DIRECTION('center_axis',(0.,0.,1.));
#2162=DIRECTION('ref_axis',(0.353553390593277,-0.935414346693484,0.));
#2163=DIRECTION('',(-1.,0.,0.));
#2164=DIRECTION('center_axis',(0.,0.,-1.));
#2165=DIRECTION('ref_axis',(-0.70710678118656,0.707106781186535,0.));
#2166=DIRECTION('',(0.,-1.,0.));
#2167=DIRECTION('center_axis',(0.,0.,-1.));
#2168=DIRECTION('ref_axis',(-0.707106781186548,-0.707106781186548,0.));
#2169=DIRECTION('center_axis',(0.,0.,1.));
#2170=DIRECTION('ref_axis',(1.,0.,0.));
#2171=DIRECTION('center_axis',(0.,0.,1.));
#2172=DIRECTION('ref_axis',(1.,0.,0.));
#2173=DIRECTION('center_axis',(0.,0.,1.));
#2174=DIRECTION('ref_axis',(1.,0.,0.));
#2175=DIRECTION('center_axis',(0.,0.,1.));
#2176=DIRECTION('ref_axis',(1.,0.,0.));
#2177=DIRECTION('center_axis',(0.,0.,1.));
#2178=DIRECTION('ref_axis',(1.,0.,0.));
#2179=DIRECTION('center_axis',(0.,0.,1.));
#2180=DIRECTION('ref_axis',(1.,0.,0.));
#2181=DIRECTION('center_axis',(0.,0.,1.));
#2182=DIRECTION('ref_axis',(1.21906841919625E-14,1.,0.));
#2183=DIRECTION('',(1.,-1.77635683940026E-14,0.));
#2184=DIRECTION('center_axis',(0.,0.,1.));
#2185=DIRECTION('ref_axis',(-1.56737368182377E-14,-1.,0.));
#2186=DIRECTION('',(-1.,1.77635683940025E-14,0.));
#2187=DIRECTION('center_axis',(0.,0.,1.));
#2188=DIRECTION('ref_axis',(-2.80293904253253E-45,-1.,0.));
#2189=DIRECTION('',(-1.,2.80293904253253E-45,0.));
#2190=DIRECTION('center_axis',(0.,0.,1.));
#2191=DIRECTION('ref_axis',(2.80293904253253E-45,1.,0.));
#2192=DIRECTION('',(1.,-2.80293904253253E-45,0.));
#2193=DIRECTION('center_axis',(0.,-3.41086796739543E-29,-1.));
#2194=DIRECTION('ref_axis',(-0.935414346693483,0.35355339059328,-1.20592393473866E-29));
#2195=DIRECTION('center_axis',(0.,0.,-1.));
#2196=DIRECTION('ref_axis',(-0.70710678118656,-0.707106781186535,0.));
#2197=DIRECTION('',(0.,0.,1.));
#2198=DIRECTION('center_axis',(0.,-6.40617234366397E-30,-1.));
#2199=DIRECTION('ref_axis',(-0.707106781186548,0.707106781186548,-4.52984790565451E-30));
#2200=DIRECTION('',(0.,-6.40617234366397E-30,-1.));
#2201=DIRECTION('center_axis',(-1.,0.,0.));
#2202=DIRECTION('ref_axis',(0.,1.,-3.41086810669212E-29));
#2203=DIRECTION('center_axis',(0.,3.41086796739543E-29,1.));
#2204=DIRECTION('ref_axis',(-0.935414346693483,-0.35355339059328,1.20592393473866E-29));
#2205=DIRECTION('',(0.,-3.41086796739543E-29,-1.));
#2206=DIRECTION('center_axis',(-1.,0.,0.));
#2207=DIRECTION('ref_axis',(0.,-1.,0.));
#2208=DIRECTION('',(0.,3.41086796739543E-29,1.));
#2209=DIRECTION('center_axis',(0.,-3.41086796739543E-29,-1.));
#2210=DIRECTION('ref_axis',(-0.935414346693483,0.35355339059328,-1.20592393473866E-29));
#2211=DIRECTION('',(0.,-3.41086796739543E-29,-1.));
#2212=DIRECTION('center_axis',(0.,3.41086796739543E-29,1.));
#2213=DIRECTION('ref_axis',(0.353553390593277,-0.935414346693484,3.19057483137893E-29));
#2214=DIRECTION('',(0.,0.,-1.));
#2215=DIRECTION('',(0.,3.41086796739543E-29,1.));
#2216=DIRECTION('center_axis',(0.,-1.,0.));
#2217=DIRECTION('ref_axis',(1.,0.,0.));
#2218=DIRECTION('',(0.,0.,1.));
#2219=DIRECTION('center_axis',(0.,0.,-1.));
#2220=DIRECTION('ref_axis',(-0.70710678118656,0.707106781186535,0.));
#2221=DIRECTION('',(0.,0.,-1.));
#2222=DIRECTION('center_axis',(-1.,0.,0.));
#2223=DIRECTION('ref_axis',(0.,1.,-3.41086810669212E-29));
#2224=DIRECTION('',(0.,6.40617234366397E-30,1.));
#2225=DIRECTION('center_axis',(0.,-6.40617234366397E-30,-1.));
#2226=DIRECTION('ref_axis',(-0.707106781186548,-0.707106781186548,4.52984790565451E-30));
#2227=DIRECTION('center_axis',(0.,-3.41086796739543E-29,-1.));
#2228=DIRECTION('ref_axis',(1.,0.,0.));
#2229=DIRECTION('center_axis',(0.,0.,1.));
#2230=DIRECTION('ref_axis',(-0.382683432365081,-0.92387953251129,0.));
#2231=DIRECTION('',(0.,0.,1.));
#2232=DIRECTION('center_axis',(0.707106781186531,0.707106781186564,0.));
#2233=DIRECTION('ref_axis',(-0.707106781186564,0.707106781186531,0.));
#2234=DIRECTION('',(0.,0.,-1.));
#2235=DIRECTION('center_axis',(0.,0.,1.));
#2236=DIRECTION('ref_axis',(-0.382683432365116,0.923879532511276,0.));
#2237=DIRECTION('',(0.,0.,-1.));
#2238=DIRECTION('center_axis',(0.,0.,1.));
#2239=DIRECTION('ref_axis',(0.382683432365112,-0.923879532511278,0.));
#2240=DIRECTION('',(0.,0.,-1.));
#2241=DIRECTION('',(0.,0.,1.));
#2242=DIRECTION('center_axis',(0.707106781186587,-0.707106781186508,0.));
#2243=DIRECTION('ref_axis',(0.707106781186508,0.707106781186587,0.));
#2244=DIRECTION('center_axis',(0.,0.,1.));
#2245=DIRECTION('ref_axis',(0.382683432365073,0.923879532511294,0.));
#2246=DIRECTION('center_axis',(0.,0.,1.));
#2247=DIRECTION('ref_axis',(-0.923879532511278,-0.382683432365112,0.));
#2248=DIRECTION('',(0.,0.,-1.));
#2249=DIRECTION('',(0.,0.,1.));
#2250=DIRECTION('center_axis',(-0.707106781186516,-0.707106781186579,0.));
#2251=DIRECTION('ref_axis',(0.707106781186579,-0.707106781186516,0.));
#2252=DIRECTION('',(0.,0.,-1.));
#2253=DIRECTION('center_axis',(0.,0.,1.));
#2254=DIRECTION('ref_axis',(-0.382683432365074,-0.923879532511293,0.));
#2255=DIRECTION('',(0.,0.,1.));
#2256=DIRECTION('center_axis',(-8.95153281639524E-15,-1.,0.));
#2257=DIRECTION('ref_axis',(1.,-8.95153281639524E-15,0.));
#2258=DIRECTION('center_axis',(0.,0.,1.));
#2259=DIRECTION('ref_axis',(0.707106781186547,0.707106781186547,0.));
#2260=DIRECTION('',(0.,0.,1.));
#2261=DIRECTION('center_axis',(-1.,0.,0.));
#2262=DIRECTION('ref_axis',(0.,-1.,0.));
#2263=DIRECTION('center_axis',(0.,0.,1.));
#2264=DIRECTION('ref_axis',(1.,0.,0.));
#2265=DIRECTION('',(0.,0.,1.));
#2266=DIRECTION('center_axis',(0.,0.,1.));
#2267=DIRECTION('ref_axis',(1.,0.,0.));
#2268=DIRECTION('',(0.,0.,1.));
#2269=DIRECTION('center_axis',(0.,0.,1.));
#2270=DIRECTION('ref_axis',(1.,0.,0.));
#2271=DIRECTION('',(0.,0.,1.));
#2272=DIRECTION('center_axis',(0.,0.,1.));
#2273=DIRECTION('ref_axis',(1.,0.,0.));
#2274=DIRECTION('',(0.,0.,1.));
#2275=DIRECTION('center_axis',(0.,0.,1.));
#2276=DIRECTION('ref_axis',(1.,0.,0.));
#2277=DIRECTION('',(0.,0.,1.));
#2278=DIRECTION('center_axis',(0.,0.,1.));
#2279=DIRECTION('ref_axis',(1.,0.,0.));
#2280=DIRECTION('',(0.,0.,1.));
#2281=DIRECTION('center_axis',(1.77635683940026E-14,1.,0.));
#2282=DIRECTION('ref_axis',(-1.,1.77635683940026E-14,0.));
#2283=DIRECTION('',(0.,0.,1.));
#2284=DIRECTION('',(0.,0.,1.));
#2285=DIRECTION('center_axis',(0.,0.,1.));
#2286=DIRECTION('ref_axis',(-1.56737368182377E-14,-1.,0.));
#2287=DIRECTION('',(0.,0.,1.));
#2288=DIRECTION('center_axis',(-1.77635683940025E-14,-1.,0.));
#2289=DIRECTION('ref_axis',(1.,-1.77635683940025E-14,0.));
#2290=DIRECTION('',(0.,0.,1.));
#2291=DIRECTION('center_axis',(0.,0.,1.));
#2292=DIRECTION('ref_axis',(1.21906841919625E-14,1.,0.));
#2293=DIRECTION('center_axis',(-2.80293904253253E-45,-1.,0.));
#2294=DIRECTION('ref_axis',(1.,-2.80293904253253E-45,0.));
#2295=DIRECTION('',(0.,0.,1.));
#2296=DIRECTION('',(0.,0.,1.));
#2297=DIRECTION('center_axis',(0.,0.,1.));
#2298=DIRECTION('ref_axis',(2.80293904253253E-45,1.,0.));
#2299=DIRECTION('',(0.,0.,1.));
#2300=DIRECTION('center_axis',(2.80293904253253E-45,1.,0.));
#2301=DIRECTION('ref_axis',(-1.,2.80293904253253E-45,0.));
#2302=DIRECTION('',(0.,0.,1.));
#2303=DIRECTION('center_axis',(0.,0.,1.));
#2304=DIRECTION('ref_axis',(-2.80293904253253E-45,-1.,0.));
#2305=DIRECTION('',(1.22464679914558E-16,5.36393549197004E-29,-1.));
#2306=DIRECTION('',(-1.,3.69778549322398E-32,-1.22464679914558E-16));
#2307=DIRECTION('',(-1.11022302463323E-16,2.36658271566304E-29,1.));
#2308=DIRECTION('',(1.,2.60208521396269E-17,1.11022302463323E-16));
#2309=CARTESIAN_POINT('',(0.,0.,0.));
#2310=CARTESIAN_POINT('',(0.,0.,0.));
#2311=CARTESIAN_POINT('',(0.,0.,0.));
#2312=CARTESIAN_POINT('Origin',(46.3,79.5000000000008,11.5));
#2313=CARTESIAN_POINT('',(46.3,79.0000000000008,10.));
#2314=CARTESIAN_POINT('',(46.8,79.5000000000008,10.));
#2315=CARTESIAN_POINT('Origin',(46.3,79.5000000000008,10.));
#2316=CARTESIAN_POINT('',(46.8,79.5000000000008,13.));
#2317=CARTESIAN_POINT('',(46.8,79.5000000000008,11.5));
#2318=CARTESIAN_POINT('',(46.3,79.0000000000008,13.));
#2319=CARTESIAN_POINT('Origin',(46.3,79.5000000000008,13.));
#2320=CARTESIAN_POINT('',(46.3,79.0000000000008,13.));
#2321=CARTESIAN_POINT('Origin',(23.2999999999988,80.0000000000121,13.));
#2322=CARTESIAN_POINT('',(47.5923881554254,67.0000000000006,13.));
#2323=CARTESIAN_POINT('',(45.4710678118656,66.1213203435601,13.));
#2324=CARTESIAN_POINT('Origin',(47.5923881554254,64.0000000000006,13.));
#2325=CARTESIAN_POINT('',(49.8497474589121,66.9999975049593,13.));
#2326=CARTESIAN_POINT('',(46.349747468306,67.0000000000006,13.));
#2327=CARTESIAN_POINT('',(50.9104111592726,67.4393362996397,13.));
#2328=CARTESIAN_POINT('Origin',(49.8497474589121,68.5000000000001,13.));
#2329=CARTESIAN_POINT('',(52.960660162388,69.4895923599169,13.));
#2330=CARTESIAN_POINT('',(47.1479980539359,63.6769102437013,13.));
#2331=CARTESIAN_POINT('',(53.3999999953409,70.5502525316968,13.));
#2332=CARTESIAN_POINT('Origin',(51.8999999906082,70.5502525316967,13.));
#2333=CARTESIAN_POINT('',(53.3999987902345,100.449747468309,13.));
#2334=CARTESIAN_POINT('',(53.3999999985368,75.4500000048468,13.));
#2335=CARTESIAN_POINT('',(52.9606584648542,101.510405942554,13.));
#2336=CARTESIAN_POINT('Origin',(51.8999999906087,100.449747468309,13.));
#2337=CARTESIAN_POINT('',(50.9104067819437,103.560659323027,13.));
#2338=CARTESIAN_POINT('',(50.9230953342757,103.547969073133,13.));
#2339=CARTESIAN_POINT('',(49.8497474589171,104.,13.));
#2340=CARTESIAN_POINT('Origin',(49.8497474589171,102.5,13.));
#2341=CARTESIAN_POINT('',(49.5923881554247,104.,13.));
#2342=CARTESIAN_POINT('',(48.3497474683055,104.,13.));
#2343=CARTESIAN_POINT('',(47.4710678118651,104.87867965644,13.));
#2344=CARTESIAN_POINT('Origin',(49.5923881554247,107.,13.));
#2345=CARTESIAN_POINT('',(41.2890872965253,111.06066017178,13.));
#2346=CARTESIAN_POINT('',(53.5,98.8497474683057,13.));
#2347=CARTESIAN_POINT('',(40.2284271247455,111.5,13.));
#2348=CARTESIAN_POINT('Origin',(40.2284271247455,110.,13.));
#2349=CARTESIAN_POINT('',(15.1213203435597,111.5,13.));
#2350=CARTESIAN_POINT('',(40.8497474683051,111.5,13.));
#2351=CARTESIAN_POINT('',(14.0606601717799,111.06066017178,13.));
#2352=CARTESIAN_POINT('Origin',(15.1213203435597,110.,13.));
#2353=CARTESIAN_POINT('',(11.9393398282202,108.93933982822,13.));
#2354=CARTESIAN_POINT('',(8.05000000000275,105.050000000003,13.));
#2355=CARTESIAN_POINT('',(11.5000000000001,107.87867965644,13.));
#2356=CARTESIAN_POINT('Origin',(13.0000000000001,107.87867965644,13.));
#2357=CARTESIAN_POINT('',(11.5000000000001,95.1213203435596,13.));
#2358=CARTESIAN_POINT('',(11.5000000000001,111.5,13.));
#2359=CARTESIAN_POINT('',(11.9393398282202,94.0606601717798,13.));
#2360=CARTESIAN_POINT('Origin',(13.0000000000001,95.1213203435596,13.));
#2361=CARTESIAN_POINT('',(14.0606601717799,91.9393398282202,13.));
#2362=CARTESIAN_POINT('',(18.7999999999967,87.2000000000034,13.));
#2363=CARTESIAN_POINT('',(15.1213203435597,91.5,13.));
#2364=CARTESIAN_POINT('Origin',(15.1213203435597,93.,13.));
#2365=CARTESIAN_POINT('',(22.7500000010117,91.5,13.));
#2366=CARTESIAN_POINT('',(40.0000000000001,91.5,13.));
#2367=CARTESIAN_POINT('',(25.7500000010117,88.5,13.));
#2368=CARTESIAN_POINT('Origin',(22.7500000010117,88.5,13.));
#2369=CARTESIAN_POINT('',(25.7500000010117,67.2747186257613,13.));
#2370=CARTESIAN_POINT('',(25.7500000010117,91.5,13.));
#2371=CARTESIAN_POINT('',(26.189339829232,66.2140584539815,13.));
#2372=CARTESIAN_POINT('Origin',(27.2500000010117,67.2747186257613,13.));
#2373=CARTESIAN_POINT('',(29.7040584549936,62.6993398282201,13.));
#2374=CARTESIAN_POINT('',(25.7500000010117,66.6533982822016,13.));
#2375=CARTESIAN_POINT('',(30.7647186267734,62.26,13.));
#2376=CARTESIAN_POINT('Origin',(30.7647186267734,63.76,13.));
#2377=CARTESIAN_POINT('',(40.9884271247462,62.2599999999999,13.));
#2378=CARTESIAN_POINT('',(25.7500000010117,62.26,13.));
#2379=CARTESIAN_POINT('',(42.0490872965261,62.6993398282201,13.));
#2380=CARTESIAN_POINT('Origin',(40.9884271247462,63.7599999999999,13.));
#2381=CARTESIAN_POINT('',(45.3497474683056,66.,13.));
#2382=CARTESIAN_POINT('',(46.85,72.,13.));
#2383=CARTESIAN_POINT('Origin',(48.4,72.,13.));
#2384=CARTESIAN_POINT('',(46.8,82.0885621722338,13.));
#2385=CARTESIAN_POINT('',(46.8,84.0000000000061,13.));
#2386=CARTESIAN_POINT('',(46.675,82.4192810861169,13.));
#2387=CARTESIAN_POINT('Origin',(46.3,82.0885621722338,13.));
#2388=CARTESIAN_POINT('',(47.3133913438213,83.175,13.));
#2389=CARTESIAN_POINT('Origin',(47.05,82.75,13.));
#2390=CARTESIAN_POINT('',(47.5767826876426,83.1,13.));
#2391=CARTESIAN_POINT('Origin',(47.5767826876426,83.6,13.));
#2392=CARTESIAN_POINT('',(49.2232173123573,83.1,13.));
#2393=CARTESIAN_POINT('',(50.,83.1,13.));
#2394=CARTESIAN_POINT('',(49.4866086561787,83.175,13.));
#2395=CARTESIAN_POINT('Origin',(49.2232173123573,83.6,13.));
#2396=CARTESIAN_POINT('',(50.125,82.4192810861169,13.));
#2397=CARTESIAN_POINT('Origin',(49.75,82.75,13.));
#2398=CARTESIAN_POINT('',(50.,82.0885621722338,13.));
#2399=CARTESIAN_POINT('Origin',(50.5,82.0885621722338,13.));
#2400=CARTESIAN_POINT('',(50.,76.9114378277662,13.));
#2401=CARTESIAN_POINT('',(50.,65.5,13.));
#2402=CARTESIAN_POINT('',(50.125,76.5807189138831,13.));
#2403=CARTESIAN_POINT('Origin',(50.5,76.9114378277662,13.));
#2404=CARTESIAN_POINT('',(49.4192810861169,75.875,13.));
#2405=CARTESIAN_POINT('Origin',(49.75,76.25,13.));
#2406=CARTESIAN_POINT('',(49.0885621722338,76.,13.));
#2407=CARTESIAN_POINT('Origin',(49.0885621722338,75.5,13.));
#2408=CARTESIAN_POINT('',(46.3,76.,13.));
#2409=CARTESIAN_POINT('',(46.8,76.,13.));
#2410=CARTESIAN_POINT('',(45.8,76.5,13.));
#2411=CARTESIAN_POINT('Origin',(46.3,76.5,13.));
#2412=CARTESIAN_POINT('',(45.8,78.5000000000009,13.));
#2413=CARTESIAN_POINT('',(45.8,78.0000000000061,13.));
#2414=CARTESIAN_POINT('Origin',(46.3,78.5000000000009,13.));
#2415=CARTESIAN_POINT('',(46.8,88.9114378277662,13.));
#2416=CARTESIAN_POINT('',(46.675,88.5807189138831,13.));
#2417=CARTESIAN_POINT('Origin',(46.3,88.9114378277662,13.));
#2418=CARTESIAN_POINT('',(46.8,91.4999999999991,13.));
#2419=CARTESIAN_POINT('',(46.8,84.0000000000061,13.));
#2420=CARTESIAN_POINT('',(46.3,91.9999999999991,13.));
#2421=CARTESIAN_POINT('Origin',(46.3,91.4999999999991,13.));
#2422=CARTESIAN_POINT('',(45.8,92.4999999999991,13.));
#2423=CARTESIAN_POINT('Origin',(46.3,92.4999999999991,13.));
#2424=CARTESIAN_POINT('',(45.8,94.5,13.));
#2425=CARTESIAN_POINT('',(45.8,86.0000000000056,13.));
#2426=CARTESIAN_POINT('',(46.3,95.,13.));
#2427=CARTESIAN_POINT('Origin',(46.3,94.5,13.));
#2428=CARTESIAN_POINT('',(49.0885621722338,95.,13.));
#2429=CARTESIAN_POINT('',(34.0499999999994,95.,13.));
#2430=CARTESIAN_POINT('',(49.4192810861169,95.125,13.));
#2431=CARTESIAN_POINT('Origin',(49.0885621722338,95.5,13.));
#2432=CARTESIAN_POINT('',(50.125,94.4192810861169,13.));
#2433=CARTESIAN_POINT('Origin',(49.75,94.75,13.));
#2434=CARTESIAN_POINT('',(50.,94.0885621722338,13.));
#2435=CARTESIAN_POINT('Origin',(50.5,94.0885621722338,13.));
#2436=CARTESIAN_POINT('',(50.,88.9114378277662,13.));
#2437=CARTESIAN_POINT('',(50.,65.5,13.));
#2438=CARTESIAN_POINT('',(50.125,88.5807189138831,13.));
#2439=CARTESIAN_POINT('Origin',(50.5,88.9114378277662,13.));
#2440=CARTESIAN_POINT('',(49.4866086561787,87.825,13.));
#2441=CARTESIAN_POINT('Origin',(49.75,88.25,13.));
#2442=CARTESIAN_POINT('',(49.2232173123573,87.9,13.));
#2443=CARTESIAN_POINT('Origin',(49.2232173123573,87.4,13.));
#2444=CARTESIAN_POINT('',(47.5767826876426,87.9,13.));
#2445=CARTESIAN_POINT('',(50.,87.9,13.));
#2446=CARTESIAN_POINT('',(47.3133913438213,87.825,13.));
#2447=CARTESIAN_POINT('Origin',(47.5767826876426,87.4,13.));
#2448=CARTESIAN_POINT('Origin',(47.05,88.25,13.));
#2449=CARTESIAN_POINT('',(18.5,104.05,13.));
#2450=CARTESIAN_POINT('',(18.5,98.95,13.));
#2451=CARTESIAN_POINT('Origin',(18.5,101.5,13.));
#2452=CARTESIAN_POINT('',(17.5,98.95,13.));
#2453=CARTESIAN_POINT('',(17.5,98.95,13.));
#2454=CARTESIAN_POINT('',(17.5,104.05,13.));
#2455=CARTESIAN_POINT('Origin',(17.5,101.5,13.));
#2456=CARTESIAN_POINT('',(18.5,104.05,13.));
#2457=CARTESIAN_POINT('',(33.,98.95,13.));
#2458=CARTESIAN_POINT('',(33.0000000000001,104.05,13.));
#2459=CARTESIAN_POINT('Origin',(33.0000000000001,101.5,13.));
#2460=CARTESIAN_POINT('',(34.0000000000001,104.05,13.));
#2461=CARTESIAN_POINT('',(34.0000000000001,104.05,13.));
#2462=CARTESIAN_POINT('',(34.,98.95,13.));
#2463=CARTESIAN_POINT('Origin',(34.0000000000001,101.5,13.));
#2464=CARTESIAN_POINT('',(33.,98.95,13.));
#2465=CARTESIAN_POINT('',(46.85,99.,13.));
#2466=CARTESIAN_POINT('Origin',(48.4,99.,13.));
#2467=CARTESIAN_POINT('',(31.7000000010117,69.76,13.));
#2468=CARTESIAN_POINT('Origin',(33.2500000010117,69.76,13.));
#2469=CARTESIAN_POINT('',(30.9850000009091,83.0000000022753,13.));
#2470=CARTESIAN_POINT('Origin',(37.5000000009091,83.0000000022753,13.));
#2471=CARTESIAN_POINT('',(42.6846717097053,89.4346717110745,13.));
#2472=CARTESIAN_POINT('Origin',(43.9346717097053,89.4346717110745,13.));
#2473=CARTESIAN_POINT('',(29.8153282921129,76.5653282934761,13.));
#2474=CARTESIAN_POINT('Origin',(31.0653282921129,76.5653282934761,13.));
#2475=CARTESIAN_POINT('Origin',(46.8,88.,10.));
#2476=CARTESIAN_POINT('',(46.8,82.0885621722338,10.));
#2477=CARTESIAN_POINT('',(46.8,84.0000000000061,10.));
#2478=CARTESIAN_POINT('',(46.8,82.0885621722338,10.5));
#2479=CARTESIAN_POINT('Origin',(46.3,82.0885621722338,10.5));
#2480=CARTESIAN_POINT('',(46.675,82.4192810861169,10.));
#2481=CARTESIAN_POINT('Origin',(46.3,82.0885621722338,10.));
#2482=CARTESIAN_POINT('',(46.675,82.4192810861169,10.5));
#2483=CARTESIAN_POINT('Origin',(46.3,88.9114378277662,10.5));
#2484=CARTESIAN_POINT('',(46.675,88.5807189138831,10.));
#2485=CARTESIAN_POINT('',(46.8,88.9114378277662,10.));
#2486=CARTESIAN_POINT('Origin',(46.3,88.9114378277662,10.));
#2487=CARTESIAN_POINT('',(46.8,88.9114378277662,10.5));
#2488=CARTESIAN_POINT('',(46.675,88.5807189138831,10.5));
#2489=CARTESIAN_POINT('Origin',(46.8,88.,10.));
#2490=CARTESIAN_POINT('',(46.8,91.4999999999991,10.));
#2491=CARTESIAN_POINT('',(46.8,84.0000000000061,10.));
#2492=CARTESIAN_POINT('',(46.8,91.4999999999991,11.5));
#2493=CARTESIAN_POINT('Origin',(46.3,91.4999999999991,11.5));
#2494=CARTESIAN_POINT('',(46.3,91.9999999999991,10.));
#2495=CARTESIAN_POINT('Origin',(46.3,91.4999999999991,10.));
#2496=CARTESIAN_POINT('',(46.3,91.9999999999991,13.));
#2497=CARTESIAN_POINT('Origin',(47.05,82.75,10.5));
#2498=CARTESIAN_POINT('',(47.3133913438213,83.175,10.));
#2499=CARTESIAN_POINT('Origin',(47.05,82.75,10.));
#2500=CARTESIAN_POINT('',(47.3133913438213,83.175,10.5));
#2501=CARTESIAN_POINT('Origin',(47.05,88.25,10.5));
#2502=CARTESIAN_POINT('',(47.3133913438213,87.825,10.));
#2503=CARTESIAN_POINT('',(47.3133913438213,87.825,10.5));
#2504=CARTESIAN_POINT('Origin',(47.05,88.25,10.));
#2505=CARTESIAN_POINT('Origin',(53.4000000000003,70.8999999999999,27.9999999999998));
#2506=CARTESIAN_POINT('',(53.3999999953409,70.5502525316968,10.));
#2507=CARTESIAN_POINT('',(53.3999999906082,70.5502525316968,27.9999999999998));
#2508=CARTESIAN_POINT('',(53.3999987902345,100.449747468309,10.));
#2509=CARTESIAN_POINT('',(53.3999999985368,75.4500000048468,10.));
#2510=CARTESIAN_POINT('',(53.3999999906082,100.449747468309,27.9999999999998));
#2511=CARTESIAN_POINT('Origin',(49.8497474589171,102.5,27.9999999999998));
#2512=CARTESIAN_POINT('',(49.8497474589171,104.,10.));
#2513=CARTESIAN_POINT('',(50.9104067819437,103.560659323027,10.));
#2514=CARTESIAN_POINT('Origin',(49.8497474589171,102.5,9.99999999999999));
#2515=CARTESIAN_POINT('',(49.8497474589171,104.,27.9999999999998));
#2516=CARTESIAN_POINT('',(50.9104076306966,103.56066017178,27.9999999999998));
#2517=CARTESIAN_POINT('Origin',(52.9606584648542,101.510405942554,27.9999999999998));
#2518=CARTESIAN_POINT('',(52.9606584648542,101.510405942554,10.));
#2519=CARTESIAN_POINT('',(50.9230953342757,103.547969073133,10.));
#2520=CARTESIAN_POINT('',(52.9606584648542,101.510405942554,27.9999999999998));
#2521=CARTESIAN_POINT('Origin',(51.8999999906087,100.449747468309,27.9999999999998));
#2522=CARTESIAN_POINT('Origin',(51.8999999906087,100.449747468309,9.99999999999999));
#2523=CARTESIAN_POINT('Origin',(51.8999999906082,70.5502525316967,27.9999999999998));
#2524=CARTESIAN_POINT('',(52.960660162388,69.4895923599169,10.));
#2525=CARTESIAN_POINT('Origin',(51.8999999906082,70.5502525316967,9.99999999999999));
#2526=CARTESIAN_POINT('',(52.960660162388,69.4895923599169,27.9999999999998));
#2527=CARTESIAN_POINT('Origin',(50.9104111592726,67.4393362996397,27.9999999999998));
#2528=CARTESIAN_POINT('',(50.9104111592726,67.4393362996397,10.));
#2529=CARTESIAN_POINT('',(47.1479980539359,63.6769102437013,10.));
#2530=CARTESIAN_POINT('',(50.9104111592726,67.4393362996397,27.9999999999998));
#2531=CARTESIAN_POINT('Origin',(49.8497474589121,68.5000000000001,27.9999999999998));
#2532=CARTESIAN_POINT('',(49.8497474589121,66.9999975049593,10.));
#2533=CARTESIAN_POINT('Origin',(49.8497474589121,68.5000000000001,9.99999999999999));
#2534=CARTESIAN_POINT('',(49.8497474589121,67.0000000000006,27.9999999999998));
#2535=CARTESIAN_POINT('Origin',(46.349747468306,67.0000000000006,10.));
#2536=CARTESIAN_POINT('',(47.5923881554254,67.0000000000006,10.));
#2537=CARTESIAN_POINT('',(47.5923881554254,67.0000000000006,10.));
#2538=CARTESIAN_POINT('',(46.349747468306,67.0000000000006,10.));
#2539=CARTESIAN_POINT('Origin',(50.5,104.,10.));
#2540=CARTESIAN_POINT('',(49.5923881554247,104.,10.));
#2541=CARTESIAN_POINT('',(48.3497474683055,104.,10.));
#2542=CARTESIAN_POINT('',(49.5923881554247,104.,10.));
#2543=CARTESIAN_POINT('Origin',(15.1213203435597,110.,10.));
#2544=CARTESIAN_POINT('',(15.1213203435597,111.5,10.));
#2545=CARTESIAN_POINT('',(14.0606601717799,111.06066017178,10.));
#2546=CARTESIAN_POINT('Origin',(15.1213203435597,110.,10.));
#2547=CARTESIAN_POINT('',(14.0606601717799,111.06066017178,10.));
#2548=CARTESIAN_POINT('',(15.1213203435597,111.5,10.));
#2549=CARTESIAN_POINT('Origin',(40.8497474683051,111.5,10.));
#2550=CARTESIAN_POINT('',(40.2284271247455,111.5,10.));
#2551=CARTESIAN_POINT('',(40.2284271247455,111.5,10.));
#2552=CARTESIAN_POINT('',(40.8497474683051,111.5,10.));
#2553=CARTESIAN_POINT('Origin',(15.1213203435597,93.,10.));
#2554=CARTESIAN_POINT('',(14.0606601717799,91.9393398282202,10.));
#2555=CARTESIAN_POINT('',(14.0606601717799,91.9393398282202,10.));
#2556=CARTESIAN_POINT('',(15.1213203435597,91.5,10.));
#2557=CARTESIAN_POINT('Origin',(15.1213203435597,93.,10.));
#2558=CARTESIAN_POINT('',(15.1213203435597,91.5,10.));
#2559=CARTESIAN_POINT('Origin',(13.,93.,10.));
#2560=CARTESIAN_POINT('',(11.9393398282202,94.0606601717798,10.));
#2561=CARTESIAN_POINT('',(11.9393398282202,94.0606601717798,10.));
#2562=CARTESIAN_POINT('',(18.7999999999967,87.2000000000034,10.));
#2563=CARTESIAN_POINT('Origin',(13.0000000000001,95.1213203435596,10.));
#2564=CARTESIAN_POINT('',(11.5000000000001,95.1213203435596,10.));
#2565=CARTESIAN_POINT('',(11.5000000000001,95.1213203435596,10.));
#2566=CARTESIAN_POINT('Origin',(13.0000000000001,95.1213203435596,10.));
#2567=CARTESIAN_POINT('Origin',(11.5000000000001,111.5,10.));
#2568=CARTESIAN_POINT('',(11.5000000000001,107.87867965644,10.));
#2569=CARTESIAN_POINT('',(11.5000000000001,107.87867965644,10.));
#2570=CARTESIAN_POINT('',(11.5000000000001,111.5,10.));
#2571=CARTESIAN_POINT('Origin',(13.0000000000001,107.87867965644,10.));
#2572=CARTESIAN_POINT('',(11.9393398282202,108.93933982822,10.));
#2573=CARTESIAN_POINT('Origin',(13.0000000000001,107.87867965644,10.));
#2574=CARTESIAN_POINT('',(11.9393398282202,108.93933982822,10.));
#2575=CARTESIAN_POINT('Origin',(13.0000000000001,110.,10.));
#2576=CARTESIAN_POINT('',(8.05000000000275,105.050000000003,10.));
#2577=CARTESIAN_POINT('Origin',(11.6,91.5,10.));
#2578=CARTESIAN_POINT('',(22.7500000010117,91.5,10.));
#2579=CARTESIAN_POINT('',(40.0000000000001,91.5,10.));
#2580=CARTESIAN_POINT('',(22.7500000010117,91.5,10.));
#2581=CARTESIAN_POINT('Origin',(49.2232173123573,83.6,10.5));
#2582=CARTESIAN_POINT('',(49.2232173123573,83.1,10.));
#2583=CARTESIAN_POINT('',(49.2232173123573,83.1,10.5));
#2584=CARTESIAN_POINT('',(49.4866086561787,83.175,10.));
#2585=CARTESIAN_POINT('Origin',(49.2232173123573,83.6,10.));
#2586=CARTESIAN_POINT('',(49.4866086561787,83.175,10.5));
#2587=CARTESIAN_POINT('Origin',(46.8,83.1,10.));
#2588=CARTESIAN_POINT('',(47.5767826876426,83.1,10.));
#2589=CARTESIAN_POINT('',(47.5767826876426,83.1,10.5));
#2590=CARTESIAN_POINT('',(50.,83.1,10.));
#2591=CARTESIAN_POINT('Origin',(47.5767826876426,83.6,10.5));
#2592=CARTESIAN_POINT('Origin',(47.5767826876426,83.6,10.));
#2593=CARTESIAN_POINT('Origin',(49.75,82.75,10.5));
#2594=CARTESIAN_POINT('',(50.125,82.4192810861169,10.));
#2595=CARTESIAN_POINT('Origin',(49.75,82.75,10.));
#2596=CARTESIAN_POINT('',(50.125,82.4192810861169,10.5));
#2597=CARTESIAN_POINT('Origin',(47.5767826876426,87.4,10.5));
#2598=CARTESIAN_POINT('',(47.5767826876426,87.9,10.));
#2599=CARTESIAN_POINT('',(47.5767826876426,87.9,10.5));
#2600=CARTESIAN_POINT('Origin',(47.5767826876426,87.4,10.));
#2601=CARTESIAN_POINT('Origin',(50.,87.9,10.));
#2602=CARTESIAN_POINT('',(49.2232173123573,87.9,10.));
#2603=CARTESIAN_POINT('',(49.2232173123573,87.9,10.5));
#2604=CARTESIAN_POINT('',(50.,87.9,10.));
#2605=CARTESIAN_POINT('Origin',(49.2232173123573,87.4,10.5));
#2606=CARTESIAN_POINT('',(49.4866086561787,87.825,10.));
#2607=CARTESIAN_POINT('Origin',(49.2232173123573,87.4,10.));
#2608=CARTESIAN_POINT('',(49.4866086561787,87.825,10.5));
#2609=CARTESIAN_POINT('Origin',(49.75,88.25,10.5));
#2610=CARTESIAN_POINT('',(50.125,88.5807189138831,10.));
#2611=CARTESIAN_POINT('',(50.125,88.5807189138831,10.5));
#2612=CARTESIAN_POINT('Origin',(49.75,88.25,10.));
#2613=CARTESIAN_POINT('Origin',(49.0885621722338,75.5,10.5));
#2614=CARTESIAN_POINT('',(49.4192810861169,75.875,10.));
#2615=CARTESIAN_POINT('',(49.4192810861169,75.875,10.5));
#2616=CARTESIAN_POINT('',(49.0885621722338,76.,10.));
#2617=CARTESIAN_POINT('Origin',(49.0885621722338,75.5,10.));
#2618=CARTESIAN_POINT('',(49.0885621722338,76.,10.5));
#2619=CARTESIAN_POINT('Origin',(49.75,76.25,10.5));
#2620=CARTESIAN_POINT('',(50.125,76.5807189138831,10.));
#2621=CARTESIAN_POINT('',(50.125,76.5807189138831,10.5));
#2622=CARTESIAN_POINT('Origin',(49.75,76.25,10.));
#2623=CARTESIAN_POINT('Origin',(50.5,76.9114378277662,10.5));
#2624=CARTESIAN_POINT('',(50.,76.9114378277662,10.));
#2625=CARTESIAN_POINT('Origin',(50.5,76.9114378277662,10.));
#2626=CARTESIAN_POINT('',(50.,76.9114378277662,10.5));
#2627=CARTESIAN_POINT('Origin',(50.,83.,10.));
#2628=CARTESIAN_POINT('',(50.,82.0885621722338,10.));
#2629=CARTESIAN_POINT('',(50.,82.0885621722338,10.5));
#2630=CARTESIAN_POINT('',(50.,65.5,10.));
#2631=CARTESIAN_POINT('Origin',(50.,76.,10.));
#2632=CARTESIAN_POINT('',(46.3,76.,10.));
#2633=CARTESIAN_POINT('',(46.8,76.,10.));
#2634=CARTESIAN_POINT('',(46.3,76.,11.5));
#2635=CARTESIAN_POINT('Origin',(23.2999999999988,80.0000000000121,10.));
#2636=CARTESIAN_POINT('',(45.4710678118656,66.1213203435601,10.));
#2637=CARTESIAN_POINT('Origin',(47.5923881554254,64.0000000000006,10.));
#2638=CARTESIAN_POINT('',(42.0490872965261,62.6993398282201,10.));
#2639=CARTESIAN_POINT('',(45.3497474683056,66.,10.));
#2640=CARTESIAN_POINT('',(40.9884271247462,62.2599999999999,10.));
#2641=CARTESIAN_POINT('Origin',(40.9884271247462,63.7599999999999,10.));
#2642=CARTESIAN_POINT('',(30.7647186267734,62.26,10.));
#2643=CARTESIAN_POINT('',(25.7500000010117,62.26,10.));
#2644=CARTESIAN_POINT('',(29.7040584549936,62.6993398282201,10.));
#2645=CARTESIAN_POINT('Origin',(30.7647186267734,63.76,10.));
#2646=CARTESIAN_POINT('',(26.189339829232,66.2140584539815,10.));
#2647=CARTESIAN_POINT('',(25.7500000010117,66.6533982822016,10.));
#2648=CARTESIAN_POINT('',(25.7500000010117,67.2747186257613,10.));
#2649=CARTESIAN_POINT('Origin',(27.2500000010117,67.2747186257613,10.));
#2650=CARTESIAN_POINT('',(25.7500000010117,88.5,10.));
#2651=CARTESIAN_POINT('',(25.7500000010117,91.5,10.));
#2652=CARTESIAN_POINT('Origin',(22.7500000010117,88.5,10.));
#2653=CARTESIAN_POINT('',(41.2890872965253,111.06066017178,10.));
#2654=CARTESIAN_POINT('Origin',(40.2284271247455,110.,10.));
#2655=CARTESIAN_POINT('',(47.4710678118651,104.87867965644,10.));
#2656=CARTESIAN_POINT('',(53.5,98.8497474683057,10.));
#2657=CARTESIAN_POINT('Origin',(49.5923881554247,107.,10.));
#2658=CARTESIAN_POINT('',(45.8,78.5000000000009,10.));
#2659=CARTESIAN_POINT('Origin',(46.3,78.5000000000009,10.));
#2660=CARTESIAN_POINT('',(45.8,76.5,10.));
#2661=CARTESIAN_POINT('',(45.8,78.0000000000061,10.));
#2662=CARTESIAN_POINT('Origin',(46.3,76.5,10.));
#2663=CARTESIAN_POINT('Origin',(50.5,82.0885621722338,10.));
#2664=CARTESIAN_POINT('',(50.,88.9114378277662,10.));
#2665=CARTESIAN_POINT('Origin',(50.5,88.9114378277662,10.));
#2666=CARTESIAN_POINT('',(50.,94.0885621722338,10.));
#2667=CARTESIAN_POINT('',(50.,65.5,10.));
#2668=CARTESIAN_POINT('',(50.125,94.4192810861169,10.));
#2669=CARTESIAN_POINT('Origin',(50.5,94.0885621722338,10.));
#2670=CARTESIAN_POINT('',(49.4192810861169,95.125,10.));
#2671=CARTESIAN_POINT('Origin',(49.75,94.75,10.));
#2672=CARTESIAN_POINT('',(49.0885621722338,95.,10.));
#2673=CARTESIAN_POINT('Origin',(49.0885621722338,95.5,10.));
#2674=CARTESIAN_POINT('',(46.3,95.,10.));
#2675=CARTESIAN_POINT('',(34.0499999999994,95.,10.));
#2676=CARTESIAN_POINT('',(45.8,94.5,10.));
#2677=CARTESIAN_POINT('Origin',(46.3,94.5,10.));
#2678=CARTESIAN_POINT('',(45.8,92.4999999999991,10.));
#2679=CARTESIAN_POINT('',(45.8,86.0000000000056,10.));
#2680=CARTESIAN_POINT('Origin',(46.3,92.4999999999991,10.));
#2681=CARTESIAN_POINT('',(46.85,72.,10.));
#2682=CARTESIAN_POINT('Origin',(48.4,72.,10.));
#2683=CARTESIAN_POINT('',(29.8153282921129,76.5653282934761,10.));
#2684=CARTESIAN_POINT('Origin',(31.0653282921129,76.5653282934761,10.));
#2685=CARTESIAN_POINT('',(42.6846717097053,89.4346717110745,10.));
#2686=CARTESIAN_POINT('Origin',(43.9346717097053,89.4346717110745,10.));
#2687=CARTESIAN_POINT('',(30.9850000009091,83.0000000022753,10.));
#2688=CARTESIAN_POINT('Origin',(37.5000000009091,83.0000000022753,10.));
#2689=CARTESIAN_POINT('',(31.7000000010117,69.76,10.));
#2690=CARTESIAN_POINT('Origin',(33.2500000010117,69.76,10.));
#2691=CARTESIAN_POINT('',(46.85,99.,10.));
#2692=CARTESIAN_POINT('Origin',(48.4,99.,10.));
#2693=CARTESIAN_POINT('',(33.0000000000001,104.05,10.));
#2694=CARTESIAN_POINT('',(33.,98.95,10.));
#2695=CARTESIAN_POINT('Origin',(33.0000000000001,101.5,10.));
#2696=CARTESIAN_POINT('',(34.,98.95,10.));
#2697=CARTESIAN_POINT('',(33.,98.95,10.));
#2698=CARTESIAN_POINT('',(34.0000000000001,104.05,10.));
#2699=CARTESIAN_POINT('Origin',(34.0000000000001,101.5,10.));
#2700=CARTESIAN_POINT('',(34.0000000000001,104.05,10.));
#2701=CARTESIAN_POINT('',(18.5,98.95,10.));
#2702=CARTESIAN_POINT('',(18.5,104.05,10.));
#2703=CARTESIAN_POINT('Origin',(18.5,101.5,10.));
#2704=CARTESIAN_POINT('',(17.5,104.05,10.));
#2705=CARTESIAN_POINT('',(18.5,104.05,10.));
#2706=CARTESIAN_POINT('',(17.5,98.95,10.));
#2707=CARTESIAN_POINT('Origin',(17.5,101.5,10.));
#2708=CARTESIAN_POINT('',(17.5,98.95,10.));
#2709=CARTESIAN_POINT('Origin',(50.5,82.0885621722338,10.5));
#2710=CARTESIAN_POINT('Origin',(46.3,76.5,11.5));
#2711=CARTESIAN_POINT('',(45.8,76.5,11.5));
#2712=CARTESIAN_POINT('Origin',(46.3,78.5000000000009,13.));
#2713=CARTESIAN_POINT('',(45.8,78.5000000000009,13.));
#2714=CARTESIAN_POINT('Origin',(45.8,76.,13.));
#2715=CARTESIAN_POINT('Origin',(50.5,88.9114378277662,10.5));
#2716=CARTESIAN_POINT('',(50.,88.9114378277662,10.5));
#2717=CARTESIAN_POINT('Origin',(50.,95.,10.));
#2718=CARTESIAN_POINT('',(50.,94.0885621722338,10.5));
#2719=CARTESIAN_POINT('Origin',(50.5,94.0885621722338,10.5));
#2720=CARTESIAN_POINT('',(50.125,94.4192810861169,10.5));
#2721=CARTESIAN_POINT('Origin',(49.0885621722338,95.5,10.5));
#2722=CARTESIAN_POINT('',(49.0885621722338,95.,10.5));
#2723=CARTESIAN_POINT('',(49.4192810861169,95.125,10.5));
#2724=CARTESIAN_POINT('Origin',(46.8,95.,10.));
#2725=CARTESIAN_POINT('',(46.3,95.,11.5));
#2726=CARTESIAN_POINT('Origin',(46.3,94.5,11.5));
#2727=CARTESIAN_POINT('',(45.8,94.5,11.5));
#2728=CARTESIAN_POINT('Origin',(45.8,91.9999999999991,13.));
#2729=CARTESIAN_POINT('',(45.8,92.4999999999991,13.));
#2730=CARTESIAN_POINT('Origin',(46.3,92.4999999999991,13.));
#2731=CARTESIAN_POINT('Origin',(49.75,94.75,10.5));
#2732=CARTESIAN_POINT('Origin',(49.5923881554247,107.,10.));
#2733=CARTESIAN_POINT('',(47.4710678118651,104.87867965644,10.));
#2734=CARTESIAN_POINT('Origin',(48.3497474683055,104.,10.));
#2735=CARTESIAN_POINT('',(41.2890872965253,111.06066017178,10.));
#2736=CARTESIAN_POINT('Origin',(47.5923881554254,64.0000000000006,10.));
#2737=CARTESIAN_POINT('',(45.4710678118656,66.1213203435601,10.));
#2738=CARTESIAN_POINT('Origin',(40.9884271247462,63.7599999999999,10.));
#2739=CARTESIAN_POINT('',(40.9884271247462,62.2599999999999,10.));
#2740=CARTESIAN_POINT('',(42.0490872965261,62.6993398282201,10.));
#2741=CARTESIAN_POINT('Origin',(41.6097474683058,62.2599999999999,10.));
#2742=CARTESIAN_POINT('Origin',(40.2284271247455,110.,10.));
#2743=CARTESIAN_POINT('Origin',(27.2500000010117,67.2747186257613,10.));
#2744=CARTESIAN_POINT('',(25.7500000010117,67.2747186257613,10.));
#2745=CARTESIAN_POINT('',(26.189339829232,66.2140584539815,10.));
#2746=CARTESIAN_POINT('Origin',(25.7500000010117,66.6533982822016,10.));
#2747=CARTESIAN_POINT('',(29.7040584549936,62.6993398282201,10.));
#2748=CARTESIAN_POINT('Origin',(30.7647186267734,63.76,10.));
#2749=CARTESIAN_POINT('',(30.7647186267734,62.26,10.));
#2750=CARTESIAN_POINT('Origin',(30.1433982832138,62.26,10.));
#2751=CARTESIAN_POINT('Origin',(22.7500000010117,88.5,10.));
#2752=CARTESIAN_POINT('',(25.7500000010117,88.5,10.));
#2753=CARTESIAN_POINT('Origin',(25.7500000010117,91.5,10.));
#2754=CARTESIAN_POINT('Origin',(31.0653282921129,76.5653282934761,10.));
#2755=CARTESIAN_POINT('',(29.8153282921129,76.5653282934761,10.));
#2756=CARTESIAN_POINT('Origin',(43.9346717097053,89.4346717110745,10.));
#2757=CARTESIAN_POINT('',(42.6846717097053,89.4346717110745,10.));
#2758=CARTESIAN_POINT('Origin',(37.5000000009091,83.0000000022753,10.));
#2759=CARTESIAN_POINT('',(30.9850000009091,83.0000000022753,10.));
#2760=CARTESIAN_POINT('Origin',(33.2500000010117,69.76,10.));
#2761=CARTESIAN_POINT('',(31.7000000010117,69.76,10.));
#2762=CARTESIAN_POINT('Origin',(48.4,72.,10.));
#2763=CARTESIAN_POINT('',(46.85,72.,10.));
#2764=CARTESIAN_POINT('Origin',(48.4,99.,10.));
#2765=CARTESIAN_POINT('',(46.85,99.,10.));
#2766=CARTESIAN_POINT('Origin',(34.,98.95,10.));
#2767=CARTESIAN_POINT('',(33.,98.95,10.));
#2768=CARTESIAN_POINT('',(34.,98.95,10.));
#2769=CARTESIAN_POINT('Origin',(34.0000000000001,101.5,10.));
#2770=CARTESIAN_POINT('',(34.0000000000001,104.05,10.));
#2771=CARTESIAN_POINT('Origin',(33.0000000000001,104.05,10.));
#2772=CARTESIAN_POINT('',(33.0000000000001,104.05,10.));
#2773=CARTESIAN_POINT('Origin',(33.0000000000001,101.5,10.));
#2774=CARTESIAN_POINT('Origin',(17.5,104.05,10.));
#2775=CARTESIAN_POINT('',(18.5,104.05,10.));
#2776=CARTESIAN_POINT('',(17.5,104.05,10.));
#2777=CARTESIAN_POINT('Origin',(17.5,101.5,10.));
#2778=CARTESIAN_POINT('',(17.5,98.95,10.));
#2779=CARTESIAN_POINT('Origin',(18.5,98.95,10.));
#2780=CARTESIAN_POINT('',(18.5,98.95,10.));
#2781=CARTESIAN_POINT('Origin',(18.5,101.5,10.));
#2782=CARTESIAN_POINT('',(-250.,-122.999999999999,28.));
#2783=CARTESIAN_POINT('',(-7.00006149153936,6.3497493726894,694.999522435471));
#2784=UNCERTAINTY_MEASURE_WITH_UNIT(LENGTH_MEASURE(0.01),#2792,
'DISTANCE_ACCURACY_VALUE',
'Maximum model space distance between geometric entities at asserted c
onnectivities');
#2785=UNCERTAINTY_MEASURE_WITH_UNIT(LENGTH_MEASURE(0.01),#2792,
'DISTANCE_ACCURACY_VALUE',
'Maximum model space distance between geometric entities at asserted c
onnectivities');
#2786=UNCERTAINTY_MEASURE_WITH_UNIT(LENGTH_MEASURE(0.01),#2792,
'DISTANCE_ACCURACY_VALUE',
'Maximum model space distance between geometric entities at asserted c
onnectivities');
#2787=UNCERTAINTY_MEASURE_WITH_UNIT(LENGTH_MEASURE(0.01),#2792,
'DISTANCE_ACCURACY_VALUE',
'Maximum model space distance between geometric entities at asserted c
onnectivities');
#2788=(
GEOMETRIC_REPRESENTATION_CONTEXT(3)
GLOBAL_UNCERTAINTY_ASSIGNED_CONTEXT((#2784))
GLOBAL_UNIT_ASSIGNED_CONTEXT((#2792,#2794,#2795))
REPRESENTATION_CONTEXT('','3D')
);
#2789=(
GEOMETRIC_REPRESENTATION_CONTEXT(3)
GLOBAL_UNCERTAINTY_ASSIGNED_CONTEXT((#2785))
GLOBAL_UNIT_ASSIGNED_CONTEXT((#2792,#2794,#2795))
REPRESENTATION_CONTEXT('','3D')
);
#2790=(
GEOMETRIC_REPRESENTATION_CONTEXT(3)
GLOBAL_UNCERTAINTY_ASSIGNED_CONTEXT((#2786))
GLOBAL_UNIT_ASSIGNED_CONTEXT((#2792,#2794,#2795))
REPRESENTATION_CONTEXT('','3D')
);
#2791=(
GEOMETRIC_REPRESENTATION_CONTEXT(3)
GLOBAL_UNCERTAINTY_ASSIGNED_CONTEXT((#2787))
GLOBAL_UNIT_ASSIGNED_CONTEXT((#2792,#2794,#2795))
REPRESENTATION_CONTEXT('','3D')
);
#2792=(
LENGTH_UNIT()
NAMED_UNIT(*)
SI_UNIT(.MILLI.,.METRE.)
);
#2793=(
LENGTH_UNIT()
NAMED_UNIT(*)
SI_UNIT($,.METRE.)
);
#2794=(
NAMED_UNIT(*)
PLANE_ANGLE_UNIT()
SI_UNIT($,.RADIAN.)
);
#2795=(
NAMED_UNIT(*)
SI_UNIT($,.STERADIAN.)
SOLID_ANGLE_UNIT()
);
#2796=SHAPE_DEFINITION_REPRESENTATION(#2799,#2804);
#2797=SHAPE_DEFINITION_REPRESENTATION(#2800,#2805);
#2798=SHAPE_DEFINITION_REPRESENTATION(#2801,#2806);
#2799=PRODUCT_DEFINITION_SHAPE('',$,#2808);
#2800=PRODUCT_DEFINITION_SHAPE('',$,#2809);
#2801=PRODUCT_DEFINITION_SHAPE('',$,#2810);
#2802=PRODUCT_DEFINITION_SHAPE($,$,#17);
#2803=PRODUCT_DEFINITION_SHAPE($,$,#18);
#2804=SHAPE_REPRESENTATION('',(#1624,#1806),#2788);
#2805=SHAPE_REPRESENTATION('',(#1625,#1805),#2789);
#2806=SHAPE_REPRESENTATION('',(#1626),#2790);
#2807=PRODUCT_DEFINITION_CONTEXT('part definition',#2818,'design');
#2808=PRODUCT_DEFINITION('2026-08-06-20-18-19-490','(Unsaved)',#2811,#2807);
#2809=PRODUCT_DEFINITION('2026-08-22-19-56-40-349',
'_Sheet_metal_9mm_AWD_left_XY_joint (1) (1)',#2812,#2807);
#2810=PRODUCT_DEFINITION('2026-08-22-19-55-18-508_7',
'Sheet_metal_XY_joint_a_3-3.2mm (2)',#2813,#2807);
#2811=PRODUCT_DEFINITION_FORMATION('',$,#2820);
#2812=PRODUCT_DEFINITION_FORMATION('',$,#2821);
#2813=PRODUCT_DEFINITION_FORMATION('',$,#2822);
#2814=PRODUCT_RELATED_PRODUCT_CATEGORY('(Unsaved)','(Unsaved)',(#2820));
#2815=PRODUCT_RELATED_PRODUCT_CATEGORY(
'_Sheet_metal_9mm_AWD_left_XY_joint (1) (1)',
'_Sheet_metal_9mm_AWD_left_XY_joint (1) (1)',(#2821));
#2816=PRODUCT_RELATED_PRODUCT_CATEGORY(
'Sheet_metal_XY_joint_a_3-3.2mm (2)',
'Sheet_metal_XY_joint_a_3-3.2mm (2)',(#2822));
#2817=APPLICATION_PROTOCOL_DEFINITION('international standard',
'automotive_design',2009,#2818);
#2818=APPLICATION_CONTEXT(
'Core Data for Automotive Mechanical Design Process');
#2819=PRODUCT_CONTEXT('part definition',#2818,'mechanical');
#2820=PRODUCT('2026-08-06-20-18-19-490','(Unsaved)',$,(#2819));
#2821=PRODUCT('2026-08-22-19-56-40-349',
'_Sheet_metal_9mm_AWD_left_XY_joint (1) (1)',$,(#2819));
#2822=PRODUCT('2026-08-22-19-55-18-508_7',
'Sheet_metal_XY_joint_a_3-3.2mm (2)',$,(#2819));
#2823=PRESENTATION_STYLE_ASSIGNMENT((#2825));
#2824=PRESENTATION_STYLE_ASSIGNMENT((#2826));
#2825=SURFACE_STYLE_USAGE(.BOTH.,#2827);
#2826=SURFACE_STYLE_USAGE(.BOTH.,#2828);
#2827=SURFACE_SIDE_STYLE('',(#2829));
#2828=SURFACE_SIDE_STYLE('',(#2830));
#2829=SURFACE_STYLE_FILL_AREA(#2831);
#2830=SURFACE_STYLE_FILL_AREA(#2832);
#2831=FILL_AREA_STYLE('Steel - Satin',(#2833));
#2832=FILL_AREA_STYLE('Opaque(245,245,246)',(#2834));
#2833=FILL_AREA_STYLE_COLOUR('Steel - Satin',#2835);
#2834=FILL_AREA_STYLE_COLOUR('Opaque(245,245,246)',#2836);
#2835=COLOUR_RGB('Steel - Satin',0.627450980392157,0.627450980392157,0.627450980392157);
#2836=COLOUR_RGB('Opaque(245,245,246)',0.96078431372549,0.96078431372549,
0.964705882352941);
ENDSEC;
END-ISO-10303-21;
