ISO-10303-21;
HEADER;
/* Generated by software containing ST-Developer
 * from STEP Tools, Inc. (www.steptools.com) 
 */

FILE_DESCRIPTION(
/* description */ (''),
/* implementation_level */ '2;1');

FILE_NAME(
/* name */ '2x Sheet_metal_9mm_XY_joint_c_3mm.step',
/* time_stamp */ '2026-08-22T21:26:01-05:00',
/* author */ (''),
/* organization */ (''),
/* preprocessor_version */ 'ST-DEVELOPER v20.1',
/* originating_system */ 'Autodesk Translation Framework v15.8.0.0',
/* authorisation */ '');

FILE_SCHEMA (('AUTOMOTIVE_DESIGN { 1 0 10303 214 3 1 1 }'));
ENDSEC;

DATA;
#10=MECHANICAL_DESIGN_GEOMETRIC_PRESENTATION_REPRESENTATION('',(#21),#2015);
#11=ITEM_DEFINED_TRANSFORMATION($,$,#1166,#1297);
#12=ITEM_DEFINED_TRANSFORMATION($,$,#1165,#1298);
#13=(
REPRESENTATION_RELATIONSHIP($,$,#2030,#2029)
REPRESENTATION_RELATIONSHIP_WITH_TRANSFORMATION(#11)
SHAPE_REPRESENTATION_RELATIONSHIP()
);
#14=(
REPRESENTATION_RELATIONSHIP($,$,#2029,#2028)
REPRESENTATION_RELATIONSHIP_WITH_TRANSFORMATION(#12)
SHAPE_REPRESENTATION_RELATIONSHIP()
);
#15=CONTEXT_DEPENDENT_SHAPE_REPRESENTATION(#13,#2026);
#16=CONTEXT_DEPENDENT_SHAPE_REPRESENTATION(#14,#2027);
#17=NEXT_ASSEMBLY_USAGE_OCCURRENCE(
'Sheet_metal_9mm_XY_joint_c_3-3.2mm (1) (1):1',
'Sheet_metal_9mm_XY_joint_c_3-3.2mm (1) (1):1',
'Sheet_metal_9mm_XY_joint_c_3-3.2mm (1) (1):1',#2033,#2034,
'Sheet_metal_9mm_XY_joint_c_3-3.2mm (1) (1):1');
#18=NEXT_ASSEMBLY_USAGE_OCCURRENCE(
'_Sheet_metal_9mm_AWD_left_XY_joint (1) (1):1',
'_Sheet_metal_9mm_AWD_left_XY_joint (1) (1):1',
'_Sheet_metal_9mm_AWD_left_XY_joint (1) (1):1',#2032,#2033,
'_Sheet_metal_9mm_AWD_left_XY_joint (1) (1):1');
#19=SHAPE_REPRESENTATION_RELATIONSHIP('SRR','None',#2030,#20);
#20=ADVANCED_BREP_SHAPE_REPRESENTATION('',(#22),#2014);
#21=STYLED_ITEM('',(#2048),#22);
#22=MANIFOLD_SOLID_BREP('Body1',#1151);
#23=FACE_BOUND('',#116,.T.);
#24=FACE_BOUND('',#117,.T.);
#25=FACE_BOUND('',#118,.T.);
#26=FACE_BOUND('',#119,.T.);
#27=FACE_BOUND('',#152,.T.);
#28=FACE_BOUND('',#153,.T.);
#29=FACE_BOUND('',#154,.T.);
#30=FACE_BOUND('',#155,.T.);
#31=PLANE('',#1179);
#32=PLANE('',#1246);
#33=PLANE('',#1255);
#34=PLANE('',#1258);
#35=PLANE('',#1263);
#36=PLANE('',#1264);
#37=PLANE('',#1265);
#38=PLANE('',#1266);
#39=PLANE('',#1267);
#40=PLANE('',#1276);
#41=PLANE('',#1277);
#42=PLANE('',#1278);
#43=PLANE('',#1279);
#44=PLANE('',#1280);
#45=PLANE('',#1281);
#46=PLANE('',#1282);
#47=PLANE('',#1284);
#48=PLANE('',#1287);
#49=PLANE('',#1290);
#50=PLANE('',#1294);
#51=PLANE('',#1295);
#52=PLANE('',#1296);
#53=FACE_OUTER_BOUND('',#111,.T.);
#54=FACE_OUTER_BOUND('',#112,.T.);
#55=FACE_OUTER_BOUND('',#113,.T.);
#56=FACE_OUTER_BOUND('',#114,.T.);
#57=FACE_OUTER_BOUND('',#115,.T.);
#58=FACE_OUTER_BOUND('',#120,.T.);
#59=FACE_OUTER_BOUND('',#121,.T.);
#60=FACE_OUTER_BOUND('',#122,.T.);
#61=FACE_OUTER_BOUND('',#123,.T.);
#62=FACE_OUTER_BOUND('',#124,.T.);
#63=FACE_OUTER_BOUND('',#125,.T.);
#64=FACE_OUTER_BOUND('',#126,.T.);
#65=FACE_OUTER_BOUND('',#127,.T.);
#66=FACE_OUTER_BOUND('',#128,.T.);
#67=FACE_OUTER_BOUND('',#129,.T.);
#68=FACE_OUTER_BOUND('',#130,.T.);
#69=FACE_OUTER_BOUND('',#131,.T.);
#70=FACE_OUTER_BOUND('',#132,.T.);
#71=FACE_OUTER_BOUND('',#133,.T.);
#72=FACE_OUTER_BOUND('',#134,.T.);
#73=FACE_OUTER_BOUND('',#135,.T.);
#74=FACE_OUTER_BOUND('',#136,.T.);
#75=FACE_OUTER_BOUND('',#137,.T.);
#76=FACE_OUTER_BOUND('',#138,.T.);
#77=FACE_OUTER_BOUND('',#139,.T.);
#78=FACE_OUTER_BOUND('',#140,.T.);
#79=FACE_OUTER_BOUND('',#141,.T.);
#80=FACE_OUTER_BOUND('',#142,.T.);
#81=FACE_OUTER_BOUND('',#143,.T.);
#82=FACE_OUTER_BOUND('',#144,.T.);
#83=FACE_OUTER_BOUND('',#145,.T.);
#84=FACE_OUTER_BOUND('',#146,.T.);
#85=FACE_OUTER_BOUND('',#147,.T.);
#86=FACE_OUTER_BOUND('',#148,.T.);
#87=FACE_OUTER_BOUND('',#149,.T.);
#88=FACE_OUTER_BOUND('',#150,.T.);
#89=FACE_OUTER_BOUND('',#151,.T.);
#90=FACE_OUTER_BOUND('',#156,.T.);
#91=FACE_OUTER_BOUND('',#157,.T.);
#92=FACE_OUTER_BOUND('',#158,.T.);
#93=FACE_OUTER_BOUND('',#159,.T.);
#94=FACE_OUTER_BOUND('',#160,.T.);
#95=FACE_OUTER_BOUND('',#161,.T.);
#96=FACE_OUTER_BOUND('',#162,.T.);
#97=FACE_OUTER_BOUND('',#163,.T.);
#98=FACE_OUTER_BOUND('',#164,.T.);
#99=FACE_OUTER_BOUND('',#165,.T.);
#100=FACE_OUTER_BOUND('',#166,.T.);
#101=FACE_OUTER_BOUND('',#167,.T.);
#102=FACE_OUTER_BOUND('',#168,.T.);
#103=FACE_OUTER_BOUND('',#169,.T.);
#104=FACE_OUTER_BOUND('',#170,.T.);
#105=FACE_OUTER_BOUND('',#171,.T.);
#106=FACE_OUTER_BOUND('',#172,.T.);
#107=FACE_OUTER_BOUND('',#173,.T.);
#108=FACE_OUTER_BOUND('',#174,.T.);
#109=FACE_OUTER_BOUND('',#175,.T.);
#110=FACE_OUTER_BOUND('',#176,.T.);
#111=EDGE_LOOP('',(#721,#722,#723,#724));
#112=EDGE_LOOP('',(#725,#726,#727,#728));
#113=EDGE_LOOP('',(#729,#730,#731,#732));
#114=EDGE_LOOP('',(#733,#734,#735,#736));
#115=EDGE_LOOP('',(#737,#738,#739,#740,#741,#742,#743,#744,#745,#746,#747,
#748,#749,#750,#751,#752,#753,#754,#755,#756,#757,#758,#759,#760,#761,#762,
#763,#764,#765,#766,#767,#768,#769,#770,#771,#772,#773,#774,#775,#776,#777,
#778,#779,#780,#781,#782,#783,#784,#785,#786,#787,#788));
#116=EDGE_LOOP('',(#789));
#117=EDGE_LOOP('',(#790));
#118=EDGE_LOOP('',(#791));
#119=EDGE_LOOP('',(#792));
#120=EDGE_LOOP('',(#793,#794,#795,#796));
#121=EDGE_LOOP('',(#797,#798,#799,#800));
#122=EDGE_LOOP('',(#801,#802,#803,#804));
#123=EDGE_LOOP('',(#805,#806,#807,#808));
#124=EDGE_LOOP('',(#809,#810,#811,#812));
#125=EDGE_LOOP('',(#813,#814,#815,#816));
#126=EDGE_LOOP('',(#817,#818,#819,#820));
#127=EDGE_LOOP('',(#821,#822,#823,#824));
#128=EDGE_LOOP('',(#825,#826,#827,#828));
#129=EDGE_LOOP('',(#829,#830,#831,#832));
#130=EDGE_LOOP('',(#833,#834,#835,#836));
#131=EDGE_LOOP('',(#837,#838,#839,#840));
#132=EDGE_LOOP('',(#841,#842,#843,#844));
#133=EDGE_LOOP('',(#845,#846,#847,#848));
#134=EDGE_LOOP('',(#849,#850,#851,#852));
#135=EDGE_LOOP('',(#853,#854,#855,#856));
#136=EDGE_LOOP('',(#857,#858,#859,#860));
#137=EDGE_LOOP('',(#861,#862,#863,#864));
#138=EDGE_LOOP('',(#865,#866,#867,#868));
#139=EDGE_LOOP('',(#869,#870,#871,#872));
#140=EDGE_LOOP('',(#873,#874,#875,#876));
#141=EDGE_LOOP('',(#877,#878,#879,#880));
#142=EDGE_LOOP('',(#881,#882,#883,#884));
#143=EDGE_LOOP('',(#885,#886,#887,#888));
#144=EDGE_LOOP('',(#889,#890,#891,#892));
#145=EDGE_LOOP('',(#893,#894,#895,#896));
#146=EDGE_LOOP('',(#897,#898,#899,#900));
#147=EDGE_LOOP('',(#901,#902,#903,#904));
#148=EDGE_LOOP('',(#905,#906,#907,#908));
#149=EDGE_LOOP('',(#909,#910,#911,#912));
#150=EDGE_LOOP('',(#913,#914,#915,#916));
#151=EDGE_LOOP('',(#917,#918,#919,#920,#921,#922,#923,#924,#925,#926,#927,
#928,#929,#930,#931,#932,#933,#934,#935,#936,#937,#938,#939,#940,#941,#942,
#943,#944,#945,#946,#947,#948,#949,#950,#951,#952,#953,#954,#955,#956,#957,
#958,#959,#960,#961,#962,#963,#964,#965,#966,#967,#968));
#152=EDGE_LOOP('',(#969));
#153=EDGE_LOOP('',(#970));
#154=EDGE_LOOP('',(#971));
#155=EDGE_LOOP('',(#972));
#156=EDGE_LOOP('',(#973,#974,#975,#976));
#157=EDGE_LOOP('',(#977,#978,#979,#980));
#158=EDGE_LOOP('',(#981,#982,#983,#984));
#159=EDGE_LOOP('',(#985,#986,#987,#988));
#160=EDGE_LOOP('',(#989,#990,#991,#992));
#161=EDGE_LOOP('',(#993,#994,#995,#996));
#162=EDGE_LOOP('',(#997,#998,#999,#1000));
#163=EDGE_LOOP('',(#1001,#1002,#1003,#1004));
#164=EDGE_LOOP('',(#1005,#1006,#1007,#1008));
#165=EDGE_LOOP('',(#1009,#1010,#1011,#1012));
#166=EDGE_LOOP('',(#1013,#1014,#1015,#1016));
#167=EDGE_LOOP('',(#1017,#1018,#1019,#1020));
#168=EDGE_LOOP('',(#1021,#1022,#1023,#1024));
#169=EDGE_LOOP('',(#1025,#1026,#1027,#1028));
#170=EDGE_LOOP('',(#1029,#1030,#1031,#1032));
#171=EDGE_LOOP('',(#1033,#1034,#1035,#1036));
#172=EDGE_LOOP('',(#1037,#1038,#1039,#1040));
#173=EDGE_LOOP('',(#1041,#1042,#1043,#1044));
#174=EDGE_LOOP('',(#1045,#1046,#1047,#1048));
#175=EDGE_LOOP('',(#1049,#1050,#1051,#1052));
#176=EDGE_LOOP('',(#1053,#1054,#1055,#1056));
#177=LINE('',#1672,#273);
#178=LINE('',#1678,#274);
#179=LINE('',#1684,#275);
#180=LINE('',#1690,#276);
#181=LINE('',#1695,#277);
#182=LINE('',#1697,#278);
#183=LINE('',#1705,#279);
#184=LINE('',#1709,#280);
#185=LINE('',#1713,#281);
#186=LINE('',#1721,#282);
#187=LINE('',#1729,#283);
#188=LINE('',#1733,#284);
#189=LINE('',#1737,#285);
#190=LINE('',#1745,#286);
#191=LINE('',#1747,#287);
#192=LINE('',#1749,#288);
#193=LINE('',#1757,#289);
#194=LINE('',#1761,#290);
#195=LINE('',#1765,#291);
#196=LINE('',#1773,#292);
#197=LINE('',#1781,#293);
#198=LINE('',#1785,#294);
#199=LINE('',#1789,#295);
#200=LINE('',#1796,#296);
#201=LINE('',#1801,#297);
#202=LINE('',#1802,#298);
#203=LINE('',#1805,#299);
#204=LINE('',#1809,#300);
#205=LINE('',#1812,#301);
#206=LINE('',#1816,#302);
#207=LINE('',#1820,#303);
#208=LINE('',#1823,#304);
#209=LINE('',#1826,#305);
#210=LINE('',#1830,#306);
#211=LINE('',#1834,#307);
#212=LINE('',#1837,#308);
#213=LINE('',#1840,#309);
#214=LINE('',#1844,#310);
#215=LINE('',#1848,#311);
#216=LINE('',#1851,#312);
#217=LINE('',#1854,#313);
#218=LINE('',#1858,#314);
#219=LINE('',#1862,#315);
#220=LINE('',#1867,#316);
#221=LINE('',#1868,#317);
#222=LINE('',#1871,#318);
#223=LINE('',#1877,#319);
#224=LINE('',#1878,#320);
#225=LINE('',#1881,#321);
#226=LINE('',#1882,#322);
#227=LINE('',#1889,#323);
#228=LINE('',#1890,#324);
#229=LINE('',#1893,#325);
#230=LINE('',#1897,#326);
#231=LINE('',#1901,#327);
#232=LINE('',#1902,#328);
#233=LINE('',#1905,#329);
#234=LINE('',#1908,#330);
#235=LINE('',#1911,#331);
#236=LINE('',#1912,#332);
#237=LINE('',#1915,#333);
#238=LINE('',#1921,#334);
#239=LINE('',#1922,#335);
#240=LINE('',#1925,#336);
#241=LINE('',#1926,#337);
#242=LINE('',#1928,#338);
#243=LINE('',#1931,#339);
#244=LINE('',#1932,#340);
#245=LINE('',#1934,#341);
#246=LINE('',#1936,#342);
#247=LINE('',#1940,#343);
#248=LINE('',#1943,#344);
#249=LINE('',#1945,#345);
#250=LINE('',#1949,#346);
#251=LINE('',#1952,#347);
#252=LINE('',#1953,#348);
#253=LINE('',#1955,#349);
#254=LINE('',#1959,#350);
#255=LINE('',#1962,#351);
#256=LINE('',#1966,#352);
#257=LINE('',#1969,#353);
#258=LINE('',#1971,#354);
#259=LINE('',#1973,#355);
#260=LINE('',#1975,#356);
#261=LINE('',#1977,#357);
#262=LINE('',#1979,#358);
#263=LINE('',#1981,#359);
#264=LINE('',#1983,#360);
#265=LINE('',#1985,#361);
#266=LINE('',#1987,#362);
#267=LINE('',#1990,#363);
#268=LINE('',#1992,#364);
#269=LINE('',#1995,#365);
#270=LINE('',#1997,#366);
#271=LINE('',#2000,#367);
#272=LINE('',#2002,#368);
#273=VECTOR('',#1309,1.625);
#274=VECTOR('',#1316,1.625);
#275=VECTOR('',#1323,1.625);
#276=VECTOR('',#1330,1.625);
#277=VECTOR('',#1335,10.);
#278=VECTOR('',#1336,10.);
#279=VECTOR('',#1343,10.);
#280=VECTOR('',#1346,10.);
#281=VECTOR('',#1349,10.);
#282=VECTOR('',#1356,10.);
#283=VECTOR('',#1363,10.);
#284=VECTOR('',#1366,10.);
#285=VECTOR('',#1369,10.);
#286=VECTOR('',#1376,10.);
#287=VECTOR('',#1377,10.);
#288=VECTOR('',#1378,10.);
#289=VECTOR('',#1385,10.);
#290=VECTOR('',#1388,10.);
#291=VECTOR('',#1391,10.);
#292=VECTOR('',#1398,10.);
#293=VECTOR('',#1405,10.);
#294=VECTOR('',#1408,10.);
#295=VECTOR('',#1411,10.);
#296=VECTOR('',#1418,10.);
#297=VECTOR('',#1423,10.);
#298=VECTOR('',#1424,10.);
#299=VECTOR('',#1427,10.);
#300=VECTOR('',#1432,10.);
#301=VECTOR('',#1435,10.);
#302=VECTOR('',#1440,10.);
#303=VECTOR('',#1445,10.);
#304=VECTOR('',#1448,10.);
#305=VECTOR('',#1451,10.);
#306=VECTOR('',#1456,10.);
#307=VECTOR('',#1461,10.);
#308=VECTOR('',#1464,10.);
#309=VECTOR('',#1467,10.);
#310=VECTOR('',#1472,10.);
#311=VECTOR('',#1477,10.);
#312=VECTOR('',#1480,10.);
#313=VECTOR('',#1483,10.);
#314=VECTOR('',#1488,10.);
#315=VECTOR('',#1493,10.);
#316=VECTOR('',#1498,10.);
#317=VECTOR('',#1499,10.);
#318=VECTOR('',#1502,10.);
#319=VECTOR('',#1509,10.);
#320=VECTOR('',#1510,10.);
#321=VECTOR('',#1513,10.);
#322=VECTOR('',#1514,10.);
#323=VECTOR('',#1523,10.);
#324=VECTOR('',#1524,10.);
#325=VECTOR('',#1527,10.);
#326=VECTOR('',#1532,10.);
#327=VECTOR('',#1537,10.);
#328=VECTOR('',#1538,10.);
#329=VECTOR('',#1541,10.);
#330=VECTOR('',#1544,10.);
#331=VECTOR('',#1547,10.);
#332=VECTOR('',#1548,10.);
#333=VECTOR('',#1551,10.);
#334=VECTOR('',#1560,10.);
#335=VECTOR('',#1561,10.);
#336=VECTOR('',#1564,10.);
#337=VECTOR('',#1565,10.);
#338=VECTOR('',#1568,10.);
#339=VECTOR('',#1571,10.);
#340=VECTOR('',#1572,10.);
#341=VECTOR('',#1575,10.);
#342=VECTOR('',#1576,10.);
#343=VECTOR('',#1579,10.);
#344=VECTOR('',#1582,10.);
#345=VECTOR('',#1583,10.);
#346=VECTOR('',#1586,10.);
#347=VECTOR('',#1589,10.);
#348=VECTOR('',#1590,10.);
#349=VECTOR('',#1591,10.);
#350=VECTOR('',#1594,10.);
#351=VECTOR('',#1597,10.);
#352=VECTOR('',#1600,10.);
#353=VECTOR('',#1603,10.);
#354=VECTOR('',#1606,10.);
#355=VECTOR('',#1609,10.);
#356=VECTOR('',#1612,10.);
#357=VECTOR('',#1615,10.);
#358=VECTOR('',#1618,10.);
#359=VECTOR('',#1621,10.);
#360=VECTOR('',#1624,10.);
#361=VECTOR('',#1627,10.);
#362=VECTOR('',#1630,10.);
#363=VECTOR('',#1635,10.);
#364=VECTOR('',#1638,10.);
#365=VECTOR('',#1643,10.);
#366=VECTOR('',#1646,10.);
#367=VECTOR('',#1651,10.);
#368=VECTOR('',#1654,10.);
#369=CIRCLE('',#1168,1.625);
#370=CIRCLE('',#1169,1.625);
#371=CIRCLE('',#1171,1.625);
#372=CIRCLE('',#1172,1.625);
#373=CIRCLE('',#1174,1.625);
#374=CIRCLE('',#1175,1.625);
#375=CIRCLE('',#1177,1.625);
#376=CIRCLE('',#1178,1.625);
#377=CIRCLE('',#1180,0.5);
#378=CIRCLE('',#1181,0.499999999999973);
#379=CIRCLE('',#1182,0.5);
#380=CIRCLE('',#1183,0.5);
#381=CIRCLE('',#1184,0.5);
#382=CIRCLE('',#1185,0.5);
#383=CIRCLE('',#1186,0.499999999999967);
#384=CIRCLE('',#1187,0.5);
#385=CIRCLE('',#1188,0.5);
#386=CIRCLE('',#1189,0.5);
#387=CIRCLE('',#1190,0.5);
#388=CIRCLE('',#1191,0.5);
#389=CIRCLE('',#1192,0.5);
#390=CIRCLE('',#1193,0.5);
#391=CIRCLE('',#1194,0.499999999999976);
#392=CIRCLE('',#1195,0.5);
#393=CIRCLE('',#1196,0.5);
#394=CIRCLE('',#1197,0.499999999999976);
#395=CIRCLE('',#1198,0.5);
#396=CIRCLE('',#1199,0.5);
#397=CIRCLE('',#1200,0.5);
#398=CIRCLE('',#1201,0.5);
#399=CIRCLE('',#1202,0.5);
#400=CIRCLE('',#1203,0.5);
#401=CIRCLE('',#1204,0.5);
#402=CIRCLE('',#1205,0.499999999999967);
#403=CIRCLE('',#1206,0.5);
#404=CIRCLE('',#1207,0.5);
#405=CIRCLE('',#1208,0.5);
#406=CIRCLE('',#1209,0.5);
#407=CIRCLE('',#1210,0.499999999999973);
#408=CIRCLE('',#1211,0.5);
#409=CIRCLE('',#1213,0.5);
#410=CIRCLE('',#1215,0.5);
#411=CIRCLE('',#1217,0.5);
#412=CIRCLE('',#1219,0.499999999999976);
#413=CIRCLE('',#1221,0.5);
#414=CIRCLE('',#1223,0.5);
#415=CIRCLE('',#1225,0.5);
#416=CIRCLE('',#1227,0.5);
#417=CIRCLE('',#1229,0.5);
#418=CIRCLE('',#1231,0.499999999999967);
#419=CIRCLE('',#1233,0.5);
#420=CIRCLE('',#1235,0.5);
#421=CIRCLE('',#1237,0.499999999999973);
#422=CIRCLE('',#1239,0.5);
#423=CIRCLE('',#1241,0.5);
#424=CIRCLE('',#1243,0.499999999999973);
#425=CIRCLE('',#1245,0.5);
#426=CIRCLE('',#1248,0.5);
#427=CIRCLE('',#1250,0.5);
#428=CIRCLE('',#1252,0.499999999999976);
#429=CIRCLE('',#1254,0.5);
#430=CIRCLE('',#1257,0.5);
#431=CIRCLE('',#1260,0.5);
#432=CIRCLE('',#1262,0.499999999999967);
#433=CIRCLE('',#1268,0.5);
#434=CIRCLE('',#1269,0.5);
#435=CIRCLE('',#1270,0.5);
#436=CIRCLE('',#1271,0.5);
#437=CIRCLE('',#1272,0.5);
#438=CIRCLE('',#1273,0.5);
#439=CIRCLE('',#1274,0.5);
#440=CIRCLE('',#1275,0.5);
#441=VERTEX_POINT('',#1669);
#442=VERTEX_POINT('',#1671);
#443=VERTEX_POINT('',#1675);
#444=VERTEX_POINT('',#1677);
#445=VERTEX_POINT('',#1681);
#446=VERTEX_POINT('',#1683);
#447=VERTEX_POINT('',#1687);
#448=VERTEX_POINT('',#1689);
#449=VERTEX_POINT('',#1693);
#450=VERTEX_POINT('',#1694);
#451=VERTEX_POINT('',#1696);
#452=VERTEX_POINT('',#1698);
#453=VERTEX_POINT('',#1700);
#454=VERTEX_POINT('',#1702);
#455=VERTEX_POINT('',#1704);
#456=VERTEX_POINT('',#1706);
#457=VERTEX_POINT('',#1708);
#458=VERTEX_POINT('',#1710);
#459=VERTEX_POINT('',#1712);
#460=VERTEX_POINT('',#1714);
#461=VERTEX_POINT('',#1716);
#462=VERTEX_POINT('',#1718);
#463=VERTEX_POINT('',#1720);
#464=VERTEX_POINT('',#1722);
#465=VERTEX_POINT('',#1724);
#466=VERTEX_POINT('',#1726);
#467=VERTEX_POINT('',#1728);
#468=VERTEX_POINT('',#1730);
#469=VERTEX_POINT('',#1732);
#470=VERTEX_POINT('',#1734);
#471=VERTEX_POINT('',#1736);
#472=VERTEX_POINT('',#1738);
#473=VERTEX_POINT('',#1740);
#474=VERTEX_POINT('',#1742);
#475=VERTEX_POINT('',#1744);
#476=VERTEX_POINT('',#1746);
#477=VERTEX_POINT('',#1748);
#478=VERTEX_POINT('',#1750);
#479=VERTEX_POINT('',#1752);
#480=VERTEX_POINT('',#1754);
#481=VERTEX_POINT('',#1756);
#482=VERTEX_POINT('',#1758);
#483=VERTEX_POINT('',#1760);
#484=VERTEX_POINT('',#1762);
#485=VERTEX_POINT('',#1764);
#486=VERTEX_POINT('',#1766);
#487=VERTEX_POINT('',#1768);
#488=VERTEX_POINT('',#1770);
#489=VERTEX_POINT('',#1772);
#490=VERTEX_POINT('',#1774);
#491=VERTEX_POINT('',#1776);
#492=VERTEX_POINT('',#1778);
#493=VERTEX_POINT('',#1780);
#494=VERTEX_POINT('',#1782);
#495=VERTEX_POINT('',#1784);
#496=VERTEX_POINT('',#1786);
#497=VERTEX_POINT('',#1788);
#498=VERTEX_POINT('',#1790);
#499=VERTEX_POINT('',#1792);
#500=VERTEX_POINT('',#1794);
#501=VERTEX_POINT('',#1798);
#502=VERTEX_POINT('',#1799);
#503=VERTEX_POINT('',#1804);
#504=VERTEX_POINT('',#1808);
#505=VERTEX_POINT('',#1810);
#506=VERTEX_POINT('',#1814);
#507=VERTEX_POINT('',#1818);
#508=VERTEX_POINT('',#1822);
#509=VERTEX_POINT('',#1824);
#510=VERTEX_POINT('',#1828);
#511=VERTEX_POINT('',#1832);
#512=VERTEX_POINT('',#1836);
#513=VERTEX_POINT('',#1838);
#514=VERTEX_POINT('',#1842);
#515=VERTEX_POINT('',#1846);
#516=VERTEX_POINT('',#1850);
#517=VERTEX_POINT('',#1852);
#518=VERTEX_POINT('',#1856);
#519=VERTEX_POINT('',#1860);
#520=VERTEX_POINT('',#1864);
#521=VERTEX_POINT('',#1865);
#522=VERTEX_POINT('',#1870);
#523=VERTEX_POINT('',#1874);
#524=VERTEX_POINT('',#1875);
#525=VERTEX_POINT('',#1880);
#526=VERTEX_POINT('',#1886);
#527=VERTEX_POINT('',#1887);
#528=VERTEX_POINT('',#1892);
#529=VERTEX_POINT('',#1896);
#530=VERTEX_POINT('',#1900);
#531=VERTEX_POINT('',#1904);
#532=VERTEX_POINT('',#1906);
#533=VERTEX_POINT('',#1910);
#534=VERTEX_POINT('',#1914);
#535=VERTEX_POINT('',#1920);
#536=VERTEX_POINT('',#1924);
#537=VERTEX_POINT('',#1930);
#538=VERTEX_POINT('',#1935);
#539=VERTEX_POINT('',#1937);
#540=VERTEX_POINT('',#1939);
#541=VERTEX_POINT('',#1941);
#542=VERTEX_POINT('',#1944);
#543=VERTEX_POINT('',#1946);
#544=VERTEX_POINT('',#1948);
#545=VERTEX_POINT('',#1950);
#546=VERTEX_POINT('',#1954);
#547=VERTEX_POINT('',#1956);
#548=VERTEX_POINT('',#1958);
#549=VERTEX_POINT('',#1960);
#550=VERTEX_POINT('',#1963);
#551=VERTEX_POINT('',#1965);
#552=VERTEX_POINT('',#1967);
#553=EDGE_CURVE('',#441,#441,#369,.T.);
#554=EDGE_CURVE('',#441,#442,#177,.T.);
#555=EDGE_CURVE('',#442,#442,#370,.T.);
#556=EDGE_CURVE('',#443,#443,#371,.T.);
#557=EDGE_CURVE('',#443,#444,#178,.T.);
#558=EDGE_CURVE('',#444,#444,#372,.T.);
#559=EDGE_CURVE('',#445,#445,#373,.T.);
#560=EDGE_CURVE('',#445,#446,#179,.T.);
#561=EDGE_CURVE('',#446,#446,#374,.T.);
#562=EDGE_CURVE('',#447,#447,#375,.T.);
#563=EDGE_CURVE('',#447,#448,#180,.T.);
#564=EDGE_CURVE('',#448,#448,#376,.T.);
#565=EDGE_CURVE('',#449,#450,#181,.T.);
#566=EDGE_CURVE('',#451,#449,#182,.T.);
#567=EDGE_CURVE('',#452,#451,#377,.T.);
#568=EDGE_CURVE('',#452,#453,#378,.T.);
#569=EDGE_CURVE('',#454,#453,#379,.T.);
#570=EDGE_CURVE('',#454,#455,#183,.T.);
#571=EDGE_CURVE('',#456,#455,#380,.T.);
#572=EDGE_CURVE('',#457,#456,#184,.T.);
#573=EDGE_CURVE('',#458,#457,#381,.T.);
#574=EDGE_CURVE('',#458,#459,#185,.T.);
#575=EDGE_CURVE('',#460,#459,#382,.T.);
#576=EDGE_CURVE('',#460,#461,#383,.T.);
#577=EDGE_CURVE('',#462,#461,#384,.T.);
#578=EDGE_CURVE('',#463,#462,#186,.T.);
#579=EDGE_CURVE('',#464,#463,#385,.T.);
#580=EDGE_CURVE('',#464,#465,#386,.T.);
#581=EDGE_CURVE('',#466,#465,#387,.T.);
#582=EDGE_CURVE('',#466,#467,#187,.T.);
#583=EDGE_CURVE('',#468,#467,#388,.T.);
#584=EDGE_CURVE('',#469,#468,#188,.T.);
#585=EDGE_CURVE('',#470,#469,#389,.T.);
#586=EDGE_CURVE('',#470,#471,#189,.T.);
#587=EDGE_CURVE('',#472,#471,#390,.T.);
#588=EDGE_CURVE('',#472,#473,#391,.T.);
#589=EDGE_CURVE('',#474,#473,#392,.T.);
#590=EDGE_CURVE('',#475,#474,#190,.T.);
#591=EDGE_CURVE('',#475,#476,#191,.T.);
#592=EDGE_CURVE('',#477,#476,#192,.T.);
#593=EDGE_CURVE('',#478,#477,#393,.T.);
#594=EDGE_CURVE('',#478,#479,#394,.T.);
#595=EDGE_CURVE('',#480,#479,#395,.T.);
#596=EDGE_CURVE('',#481,#480,#193,.T.);
#597=EDGE_CURVE('',#482,#481,#396,.T.);
#598=EDGE_CURVE('',#482,#483,#194,.T.);
#599=EDGE_CURVE('',#484,#483,#397,.T.);
#600=EDGE_CURVE('',#485,#484,#195,.T.);
#601=EDGE_CURVE('',#486,#485,#398,.T.);
#602=EDGE_CURVE('',#486,#487,#399,.T.);
#603=EDGE_CURVE('',#488,#487,#400,.T.);
#604=EDGE_CURVE('',#489,#488,#196,.T.);
#605=EDGE_CURVE('',#490,#489,#401,.T.);
#606=EDGE_CURVE('',#490,#491,#402,.T.);
#607=EDGE_CURVE('',#492,#491,#403,.T.);
#608=EDGE_CURVE('',#493,#492,#197,.T.);
#609=EDGE_CURVE('',#494,#493,#404,.T.);
#610=EDGE_CURVE('',#494,#495,#198,.T.);
#611=EDGE_CURVE('',#496,#495,#405,.T.);
#612=EDGE_CURVE('',#497,#496,#199,.T.);
#613=EDGE_CURVE('',#498,#497,#406,.T.);
#614=EDGE_CURVE('',#498,#499,#407,.T.);
#615=EDGE_CURVE('',#500,#499,#408,.T.);
#616=EDGE_CURVE('',#450,#500,#200,.T.);
#617=EDGE_CURVE('',#501,#502,#409,.T.);
#618=EDGE_CURVE('',#502,#466,#201,.T.);
#619=EDGE_CURVE('',#465,#501,#202,.T.);
#620=EDGE_CURVE('',#503,#464,#203,.T.);
#621=EDGE_CURVE('',#501,#503,#410,.T.);
#622=EDGE_CURVE('',#477,#504,#204,.T.);
#623=EDGE_CURVE('',#504,#505,#411,.T.);
#624=EDGE_CURVE('',#505,#478,#205,.T.);
#625=EDGE_CURVE('',#506,#505,#412,.T.);
#626=EDGE_CURVE('',#479,#506,#206,.T.);
#627=EDGE_CURVE('',#506,#507,#413,.T.);
#628=EDGE_CURVE('',#507,#480,#207,.T.);
#629=EDGE_CURVE('',#485,#508,#208,.T.);
#630=EDGE_CURVE('',#508,#509,#414,.T.);
#631=EDGE_CURVE('',#509,#486,#209,.T.);
#632=EDGE_CURVE('',#510,#509,#415,.T.);
#633=EDGE_CURVE('',#487,#510,#210,.T.);
#634=EDGE_CURVE('',#510,#511,#416,.T.);
#635=EDGE_CURVE('',#511,#488,#211,.T.);
#636=EDGE_CURVE('',#489,#512,#212,.T.);
#637=EDGE_CURVE('',#512,#513,#417,.T.);
#638=EDGE_CURVE('',#513,#490,#213,.T.);
#639=EDGE_CURVE('',#514,#513,#418,.T.);
#640=EDGE_CURVE('',#491,#514,#214,.T.);
#641=EDGE_CURVE('',#514,#515,#419,.T.);
#642=EDGE_CURVE('',#515,#492,#215,.T.);
#643=EDGE_CURVE('',#497,#516,#216,.T.);
#644=EDGE_CURVE('',#516,#517,#420,.T.);
#645=EDGE_CURVE('',#517,#498,#217,.T.);
#646=EDGE_CURVE('',#518,#517,#421,.T.);
#647=EDGE_CURVE('',#499,#518,#218,.T.);
#648=EDGE_CURVE('',#518,#519,#422,.T.);
#649=EDGE_CURVE('',#519,#500,#219,.T.);
#650=EDGE_CURVE('',#520,#521,#423,.T.);
#651=EDGE_CURVE('',#521,#454,#220,.T.);
#652=EDGE_CURVE('',#453,#520,#221,.T.);
#653=EDGE_CURVE('',#522,#452,#222,.T.);
#654=EDGE_CURVE('',#520,#522,#424,.T.);
#655=EDGE_CURVE('',#523,#524,#425,.T.);
#656=EDGE_CURVE('',#524,#462,#223,.T.);
#657=EDGE_CURVE('',#461,#523,#224,.T.);
#658=EDGE_CURVE('',#524,#525,#225,.T.);
#659=EDGE_CURVE('',#463,#525,#226,.T.);
#660=EDGE_CURVE('',#525,#503,#426,.T.);
#661=EDGE_CURVE('',#526,#527,#427,.T.);
#662=EDGE_CURVE('',#527,#474,#227,.T.);
#663=EDGE_CURVE('',#473,#526,#228,.T.);
#664=EDGE_CURVE('',#528,#472,#229,.T.);
#665=EDGE_CURVE('',#526,#528,#428,.T.);
#666=EDGE_CURVE('',#451,#529,#230,.T.);
#667=EDGE_CURVE('',#529,#522,#429,.T.);
#668=EDGE_CURVE('',#449,#530,#231,.T.);
#669=EDGE_CURVE('',#530,#529,#232,.T.);
#670=EDGE_CURVE('',#459,#531,#233,.T.);
#671=EDGE_CURVE('',#531,#532,#430,.T.);
#672=EDGE_CURVE('',#532,#460,#234,.T.);
#673=EDGE_CURVE('',#533,#458,#235,.T.);
#674=EDGE_CURVE('',#533,#531,#236,.T.);
#675=EDGE_CURVE('',#471,#534,#237,.T.);
#676=EDGE_CURVE('',#534,#528,#431,.T.);
#677=EDGE_CURVE('',#523,#532,#432,.T.);
#678=EDGE_CURVE('',#476,#535,#238,.T.);
#679=EDGE_CURVE('',#535,#504,#239,.T.);
#680=EDGE_CURVE('',#527,#536,#240,.T.);
#681=EDGE_CURVE('',#536,#475,#241,.T.);
#682=EDGE_CURVE('',#511,#512,#242,.T.);
#683=EDGE_CURVE('',#519,#537,#243,.T.);
#684=EDGE_CURVE('',#537,#450,#244,.T.);
#685=EDGE_CURVE('',#537,#530,#245,.T.);
#686=EDGE_CURVE('',#516,#538,#246,.T.);
#687=EDGE_CURVE('',#539,#538,#433,.T.);
#688=EDGE_CURVE('',#539,#540,#247,.T.);
#689=EDGE_CURVE('',#541,#540,#434,.T.);
#690=EDGE_CURVE('',#541,#515,#248,.T.);
#691=EDGE_CURVE('',#508,#542,#249,.T.);
#692=EDGE_CURVE('',#543,#542,#435,.T.);
#693=EDGE_CURVE('',#543,#544,#250,.T.);
#694=EDGE_CURVE('',#545,#544,#436,.T.);
#695=EDGE_CURVE('',#545,#507,#251,.T.);
#696=EDGE_CURVE('',#535,#536,#252,.T.);
#697=EDGE_CURVE('',#546,#534,#253,.T.);
#698=EDGE_CURVE('',#547,#546,#437,.T.);
#699=EDGE_CURVE('',#548,#547,#254,.T.);
#700=EDGE_CURVE('',#549,#548,#438,.T.);
#701=EDGE_CURVE('',#502,#549,#255,.T.);
#702=EDGE_CURVE('',#550,#533,#439,.T.);
#703=EDGE_CURVE('',#551,#550,#256,.T.);
#704=EDGE_CURVE('',#552,#551,#440,.T.);
#705=EDGE_CURVE('',#521,#552,#257,.T.);
#706=EDGE_CURVE('',#542,#484,#258,.T.);
#707=EDGE_CURVE('',#538,#496,#259,.T.);
#708=EDGE_CURVE('',#467,#549,#260,.T.);
#709=EDGE_CURVE('',#546,#470,#261,.T.);
#710=EDGE_CURVE('',#481,#545,#262,.T.);
#711=EDGE_CURVE('',#493,#541,#263,.T.);
#712=EDGE_CURVE('',#455,#552,#264,.T.);
#713=EDGE_CURVE('',#469,#547,#265,.T.);
#714=EDGE_CURVE('',#548,#468,#266,.T.);
#715=EDGE_CURVE('',#551,#456,#267,.T.);
#716=EDGE_CURVE('',#457,#550,#268,.T.);
#717=EDGE_CURVE('',#544,#482,#269,.T.);
#718=EDGE_CURVE('',#483,#543,#270,.T.);
#719=EDGE_CURVE('',#495,#539,#271,.T.);
#720=EDGE_CURVE('',#540,#494,#272,.T.);
#721=ORIENTED_EDGE('',*,*,#553,.F.);
#722=ORIENTED_EDGE('',*,*,#554,.T.);
#723=ORIENTED_EDGE('',*,*,#555,.F.);
#724=ORIENTED_EDGE('',*,*,#554,.F.);
#725=ORIENTED_EDGE('',*,*,#556,.F.);
#726=ORIENTED_EDGE('',*,*,#557,.T.);
#727=ORIENTED_EDGE('',*,*,#558,.F.);
#728=ORIENTED_EDGE('',*,*,#557,.F.);
#729=ORIENTED_EDGE('',*,*,#559,.F.);
#730=ORIENTED_EDGE('',*,*,#560,.T.);
#731=ORIENTED_EDGE('',*,*,#561,.F.);
#732=ORIENTED_EDGE('',*,*,#560,.F.);
#733=ORIENTED_EDGE('',*,*,#562,.F.);
#734=ORIENTED_EDGE('',*,*,#563,.T.);
#735=ORIENTED_EDGE('',*,*,#564,.F.);
#736=ORIENTED_EDGE('',*,*,#563,.F.);
#737=ORIENTED_EDGE('',*,*,#565,.F.);
#738=ORIENTED_EDGE('',*,*,#566,.F.);
#739=ORIENTED_EDGE('',*,*,#567,.F.);
#740=ORIENTED_EDGE('',*,*,#568,.T.);
#741=ORIENTED_EDGE('',*,*,#569,.F.);
#742=ORIENTED_EDGE('',*,*,#570,.T.);
#743=ORIENTED_EDGE('',*,*,#571,.F.);
#744=ORIENTED_EDGE('',*,*,#572,.F.);
#745=ORIENTED_EDGE('',*,*,#573,.F.);
#746=ORIENTED_EDGE('',*,*,#574,.T.);
#747=ORIENTED_EDGE('',*,*,#575,.F.);
#748=ORIENTED_EDGE('',*,*,#576,.T.);
#749=ORIENTED_EDGE('',*,*,#577,.F.);
#750=ORIENTED_EDGE('',*,*,#578,.F.);
#751=ORIENTED_EDGE('',*,*,#579,.F.);
#752=ORIENTED_EDGE('',*,*,#580,.T.);
#753=ORIENTED_EDGE('',*,*,#581,.F.);
#754=ORIENTED_EDGE('',*,*,#582,.T.);
#755=ORIENTED_EDGE('',*,*,#583,.F.);
#756=ORIENTED_EDGE('',*,*,#584,.F.);
#757=ORIENTED_EDGE('',*,*,#585,.F.);
#758=ORIENTED_EDGE('',*,*,#586,.T.);
#759=ORIENTED_EDGE('',*,*,#587,.F.);
#760=ORIENTED_EDGE('',*,*,#588,.T.);
#761=ORIENTED_EDGE('',*,*,#589,.F.);
#762=ORIENTED_EDGE('',*,*,#590,.F.);
#763=ORIENTED_EDGE('',*,*,#591,.T.);
#764=ORIENTED_EDGE('',*,*,#592,.F.);
#765=ORIENTED_EDGE('',*,*,#593,.F.);
#766=ORIENTED_EDGE('',*,*,#594,.T.);
#767=ORIENTED_EDGE('',*,*,#595,.F.);
#768=ORIENTED_EDGE('',*,*,#596,.F.);
#769=ORIENTED_EDGE('',*,*,#597,.F.);
#770=ORIENTED_EDGE('',*,*,#598,.T.);
#771=ORIENTED_EDGE('',*,*,#599,.F.);
#772=ORIENTED_EDGE('',*,*,#600,.F.);
#773=ORIENTED_EDGE('',*,*,#601,.F.);
#774=ORIENTED_EDGE('',*,*,#602,.T.);
#775=ORIENTED_EDGE('',*,*,#603,.F.);
#776=ORIENTED_EDGE('',*,*,#604,.F.);
#777=ORIENTED_EDGE('',*,*,#605,.F.);
#778=ORIENTED_EDGE('',*,*,#606,.T.);
#779=ORIENTED_EDGE('',*,*,#607,.F.);
#780=ORIENTED_EDGE('',*,*,#608,.F.);
#781=ORIENTED_EDGE('',*,*,#609,.F.);
#782=ORIENTED_EDGE('',*,*,#610,.T.);
#783=ORIENTED_EDGE('',*,*,#611,.F.);
#784=ORIENTED_EDGE('',*,*,#612,.F.);
#785=ORIENTED_EDGE('',*,*,#613,.F.);
#786=ORIENTED_EDGE('',*,*,#614,.T.);
#787=ORIENTED_EDGE('',*,*,#615,.F.);
#788=ORIENTED_EDGE('',*,*,#616,.F.);
#789=ORIENTED_EDGE('',*,*,#559,.T.);
#790=ORIENTED_EDGE('',*,*,#553,.T.);
#791=ORIENTED_EDGE('',*,*,#556,.T.);
#792=ORIENTED_EDGE('',*,*,#562,.T.);
#793=ORIENTED_EDGE('',*,*,#617,.T.);
#794=ORIENTED_EDGE('',*,*,#618,.T.);
#795=ORIENTED_EDGE('',*,*,#581,.T.);
#796=ORIENTED_EDGE('',*,*,#619,.T.);
#797=ORIENTED_EDGE('',*,*,#619,.F.);
#798=ORIENTED_EDGE('',*,*,#580,.F.);
#799=ORIENTED_EDGE('',*,*,#620,.F.);
#800=ORIENTED_EDGE('',*,*,#621,.F.);
#801=ORIENTED_EDGE('',*,*,#593,.T.);
#802=ORIENTED_EDGE('',*,*,#622,.T.);
#803=ORIENTED_EDGE('',*,*,#623,.T.);
#804=ORIENTED_EDGE('',*,*,#624,.T.);
#805=ORIENTED_EDGE('',*,*,#624,.F.);
#806=ORIENTED_EDGE('',*,*,#625,.F.);
#807=ORIENTED_EDGE('',*,*,#626,.F.);
#808=ORIENTED_EDGE('',*,*,#594,.F.);
#809=ORIENTED_EDGE('',*,*,#627,.T.);
#810=ORIENTED_EDGE('',*,*,#628,.T.);
#811=ORIENTED_EDGE('',*,*,#595,.T.);
#812=ORIENTED_EDGE('',*,*,#626,.T.);
#813=ORIENTED_EDGE('',*,*,#601,.T.);
#814=ORIENTED_EDGE('',*,*,#629,.T.);
#815=ORIENTED_EDGE('',*,*,#630,.T.);
#816=ORIENTED_EDGE('',*,*,#631,.T.);
#817=ORIENTED_EDGE('',*,*,#631,.F.);
#818=ORIENTED_EDGE('',*,*,#632,.F.);
#819=ORIENTED_EDGE('',*,*,#633,.F.);
#820=ORIENTED_EDGE('',*,*,#602,.F.);
#821=ORIENTED_EDGE('',*,*,#634,.T.);
#822=ORIENTED_EDGE('',*,*,#635,.T.);
#823=ORIENTED_EDGE('',*,*,#603,.T.);
#824=ORIENTED_EDGE('',*,*,#633,.T.);
#825=ORIENTED_EDGE('',*,*,#605,.T.);
#826=ORIENTED_EDGE('',*,*,#636,.T.);
#827=ORIENTED_EDGE('',*,*,#637,.T.);
#828=ORIENTED_EDGE('',*,*,#638,.T.);
#829=ORIENTED_EDGE('',*,*,#638,.F.);
#830=ORIENTED_EDGE('',*,*,#639,.F.);
#831=ORIENTED_EDGE('',*,*,#640,.F.);
#832=ORIENTED_EDGE('',*,*,#606,.F.);
#833=ORIENTED_EDGE('',*,*,#641,.T.);
#834=ORIENTED_EDGE('',*,*,#642,.T.);
#835=ORIENTED_EDGE('',*,*,#607,.T.);
#836=ORIENTED_EDGE('',*,*,#640,.T.);
#837=ORIENTED_EDGE('',*,*,#613,.T.);
#838=ORIENTED_EDGE('',*,*,#643,.T.);
#839=ORIENTED_EDGE('',*,*,#644,.T.);
#840=ORIENTED_EDGE('',*,*,#645,.T.);
#841=ORIENTED_EDGE('',*,*,#645,.F.);
#842=ORIENTED_EDGE('',*,*,#646,.F.);
#843=ORIENTED_EDGE('',*,*,#647,.F.);
#844=ORIENTED_EDGE('',*,*,#614,.F.);
#845=ORIENTED_EDGE('',*,*,#648,.T.);
#846=ORIENTED_EDGE('',*,*,#649,.T.);
#847=ORIENTED_EDGE('',*,*,#615,.T.);
#848=ORIENTED_EDGE('',*,*,#647,.T.);
#849=ORIENTED_EDGE('',*,*,#650,.T.);
#850=ORIENTED_EDGE('',*,*,#651,.T.);
#851=ORIENTED_EDGE('',*,*,#569,.T.);
#852=ORIENTED_EDGE('',*,*,#652,.T.);
#853=ORIENTED_EDGE('',*,*,#652,.F.);
#854=ORIENTED_EDGE('',*,*,#568,.F.);
#855=ORIENTED_EDGE('',*,*,#653,.F.);
#856=ORIENTED_EDGE('',*,*,#654,.F.);
#857=ORIENTED_EDGE('',*,*,#655,.T.);
#858=ORIENTED_EDGE('',*,*,#656,.T.);
#859=ORIENTED_EDGE('',*,*,#577,.T.);
#860=ORIENTED_EDGE('',*,*,#657,.T.);
#861=ORIENTED_EDGE('',*,*,#656,.F.);
#862=ORIENTED_EDGE('',*,*,#658,.T.);
#863=ORIENTED_EDGE('',*,*,#659,.F.);
#864=ORIENTED_EDGE('',*,*,#578,.T.);
#865=ORIENTED_EDGE('',*,*,#579,.T.);
#866=ORIENTED_EDGE('',*,*,#659,.T.);
#867=ORIENTED_EDGE('',*,*,#660,.T.);
#868=ORIENTED_EDGE('',*,*,#620,.T.);
#869=ORIENTED_EDGE('',*,*,#661,.T.);
#870=ORIENTED_EDGE('',*,*,#662,.T.);
#871=ORIENTED_EDGE('',*,*,#589,.T.);
#872=ORIENTED_EDGE('',*,*,#663,.T.);
#873=ORIENTED_EDGE('',*,*,#663,.F.);
#874=ORIENTED_EDGE('',*,*,#588,.F.);
#875=ORIENTED_EDGE('',*,*,#664,.F.);
#876=ORIENTED_EDGE('',*,*,#665,.F.);
#877=ORIENTED_EDGE('',*,*,#567,.T.);
#878=ORIENTED_EDGE('',*,*,#666,.T.);
#879=ORIENTED_EDGE('',*,*,#667,.T.);
#880=ORIENTED_EDGE('',*,*,#653,.T.);
#881=ORIENTED_EDGE('',*,*,#666,.F.);
#882=ORIENTED_EDGE('',*,*,#566,.T.);
#883=ORIENTED_EDGE('',*,*,#668,.T.);
#884=ORIENTED_EDGE('',*,*,#669,.T.);
#885=ORIENTED_EDGE('',*,*,#575,.T.);
#886=ORIENTED_EDGE('',*,*,#670,.T.);
#887=ORIENTED_EDGE('',*,*,#671,.T.);
#888=ORIENTED_EDGE('',*,*,#672,.T.);
#889=ORIENTED_EDGE('',*,*,#670,.F.);
#890=ORIENTED_EDGE('',*,*,#574,.F.);
#891=ORIENTED_EDGE('',*,*,#673,.F.);
#892=ORIENTED_EDGE('',*,*,#674,.T.);
#893=ORIENTED_EDGE('',*,*,#587,.T.);
#894=ORIENTED_EDGE('',*,*,#675,.T.);
#895=ORIENTED_EDGE('',*,*,#676,.T.);
#896=ORIENTED_EDGE('',*,*,#664,.T.);
#897=ORIENTED_EDGE('',*,*,#657,.F.);
#898=ORIENTED_EDGE('',*,*,#576,.F.);
#899=ORIENTED_EDGE('',*,*,#672,.F.);
#900=ORIENTED_EDGE('',*,*,#677,.F.);
#901=ORIENTED_EDGE('',*,*,#622,.F.);
#902=ORIENTED_EDGE('',*,*,#592,.T.);
#903=ORIENTED_EDGE('',*,*,#678,.T.);
#904=ORIENTED_EDGE('',*,*,#679,.T.);
#905=ORIENTED_EDGE('',*,*,#662,.F.);
#906=ORIENTED_EDGE('',*,*,#680,.T.);
#907=ORIENTED_EDGE('',*,*,#681,.T.);
#908=ORIENTED_EDGE('',*,*,#590,.T.);
#909=ORIENTED_EDGE('',*,*,#635,.F.);
#910=ORIENTED_EDGE('',*,*,#682,.T.);
#911=ORIENTED_EDGE('',*,*,#636,.F.);
#912=ORIENTED_EDGE('',*,*,#604,.T.);
#913=ORIENTED_EDGE('',*,*,#649,.F.);
#914=ORIENTED_EDGE('',*,*,#683,.T.);
#915=ORIENTED_EDGE('',*,*,#684,.T.);
#916=ORIENTED_EDGE('',*,*,#616,.T.);
#917=ORIENTED_EDGE('',*,*,#685,.F.);
#918=ORIENTED_EDGE('',*,*,#683,.F.);
#919=ORIENTED_EDGE('',*,*,#648,.F.);
#920=ORIENTED_EDGE('',*,*,#646,.T.);
#921=ORIENTED_EDGE('',*,*,#644,.F.);
#922=ORIENTED_EDGE('',*,*,#686,.T.);
#923=ORIENTED_EDGE('',*,*,#687,.F.);
#924=ORIENTED_EDGE('',*,*,#688,.T.);
#925=ORIENTED_EDGE('',*,*,#689,.F.);
#926=ORIENTED_EDGE('',*,*,#690,.T.);
#927=ORIENTED_EDGE('',*,*,#641,.F.);
#928=ORIENTED_EDGE('',*,*,#639,.T.);
#929=ORIENTED_EDGE('',*,*,#637,.F.);
#930=ORIENTED_EDGE('',*,*,#682,.F.);
#931=ORIENTED_EDGE('',*,*,#634,.F.);
#932=ORIENTED_EDGE('',*,*,#632,.T.);
#933=ORIENTED_EDGE('',*,*,#630,.F.);
#934=ORIENTED_EDGE('',*,*,#691,.T.);
#935=ORIENTED_EDGE('',*,*,#692,.F.);
#936=ORIENTED_EDGE('',*,*,#693,.T.);
#937=ORIENTED_EDGE('',*,*,#694,.F.);
#938=ORIENTED_EDGE('',*,*,#695,.T.);
#939=ORIENTED_EDGE('',*,*,#627,.F.);
#940=ORIENTED_EDGE('',*,*,#625,.T.);
#941=ORIENTED_EDGE('',*,*,#623,.F.);
#942=ORIENTED_EDGE('',*,*,#679,.F.);
#943=ORIENTED_EDGE('',*,*,#696,.T.);
#944=ORIENTED_EDGE('',*,*,#680,.F.);
#945=ORIENTED_EDGE('',*,*,#661,.F.);
#946=ORIENTED_EDGE('',*,*,#665,.T.);
#947=ORIENTED_EDGE('',*,*,#676,.F.);
#948=ORIENTED_EDGE('',*,*,#697,.F.);
#949=ORIENTED_EDGE('',*,*,#698,.F.);
#950=ORIENTED_EDGE('',*,*,#699,.F.);
#951=ORIENTED_EDGE('',*,*,#700,.F.);
#952=ORIENTED_EDGE('',*,*,#701,.F.);
#953=ORIENTED_EDGE('',*,*,#617,.F.);
#954=ORIENTED_EDGE('',*,*,#621,.T.);
#955=ORIENTED_EDGE('',*,*,#660,.F.);
#956=ORIENTED_EDGE('',*,*,#658,.F.);
#957=ORIENTED_EDGE('',*,*,#655,.F.);
#958=ORIENTED_EDGE('',*,*,#677,.T.);
#959=ORIENTED_EDGE('',*,*,#671,.F.);
#960=ORIENTED_EDGE('',*,*,#674,.F.);
#961=ORIENTED_EDGE('',*,*,#702,.F.);
#962=ORIENTED_EDGE('',*,*,#703,.F.);
#963=ORIENTED_EDGE('',*,*,#704,.F.);
#964=ORIENTED_EDGE('',*,*,#705,.F.);
#965=ORIENTED_EDGE('',*,*,#650,.F.);
#966=ORIENTED_EDGE('',*,*,#654,.T.);
#967=ORIENTED_EDGE('',*,*,#667,.F.);
#968=ORIENTED_EDGE('',*,*,#669,.F.);
#969=ORIENTED_EDGE('',*,*,#555,.T.);
#970=ORIENTED_EDGE('',*,*,#558,.T.);
#971=ORIENTED_EDGE('',*,*,#561,.T.);
#972=ORIENTED_EDGE('',*,*,#564,.T.);
#973=ORIENTED_EDGE('',*,*,#629,.F.);
#974=ORIENTED_EDGE('',*,*,#600,.T.);
#975=ORIENTED_EDGE('',*,*,#706,.F.);
#976=ORIENTED_EDGE('',*,*,#691,.F.);
#977=ORIENTED_EDGE('',*,*,#643,.F.);
#978=ORIENTED_EDGE('',*,*,#612,.T.);
#979=ORIENTED_EDGE('',*,*,#707,.F.);
#980=ORIENTED_EDGE('',*,*,#686,.F.);
#981=ORIENTED_EDGE('',*,*,#618,.F.);
#982=ORIENTED_EDGE('',*,*,#701,.T.);
#983=ORIENTED_EDGE('',*,*,#708,.F.);
#984=ORIENTED_EDGE('',*,*,#582,.F.);
#985=ORIENTED_EDGE('',*,*,#675,.F.);
#986=ORIENTED_EDGE('',*,*,#586,.F.);
#987=ORIENTED_EDGE('',*,*,#709,.F.);
#988=ORIENTED_EDGE('',*,*,#697,.T.);
#989=ORIENTED_EDGE('',*,*,#628,.F.);
#990=ORIENTED_EDGE('',*,*,#695,.F.);
#991=ORIENTED_EDGE('',*,*,#710,.F.);
#992=ORIENTED_EDGE('',*,*,#596,.T.);
#993=ORIENTED_EDGE('',*,*,#642,.F.);
#994=ORIENTED_EDGE('',*,*,#690,.F.);
#995=ORIENTED_EDGE('',*,*,#711,.F.);
#996=ORIENTED_EDGE('',*,*,#608,.T.);
#997=ORIENTED_EDGE('',*,*,#651,.F.);
#998=ORIENTED_EDGE('',*,*,#705,.T.);
#999=ORIENTED_EDGE('',*,*,#712,.F.);
#1000=ORIENTED_EDGE('',*,*,#570,.F.);
#1001=ORIENTED_EDGE('',*,*,#585,.T.);
#1002=ORIENTED_EDGE('',*,*,#713,.T.);
#1003=ORIENTED_EDGE('',*,*,#698,.T.);
#1004=ORIENTED_EDGE('',*,*,#709,.T.);
#1005=ORIENTED_EDGE('',*,*,#713,.F.);
#1006=ORIENTED_EDGE('',*,*,#584,.T.);
#1007=ORIENTED_EDGE('',*,*,#714,.F.);
#1008=ORIENTED_EDGE('',*,*,#699,.T.);
#1009=ORIENTED_EDGE('',*,*,#700,.T.);
#1010=ORIENTED_EDGE('',*,*,#714,.T.);
#1011=ORIENTED_EDGE('',*,*,#583,.T.);
#1012=ORIENTED_EDGE('',*,*,#708,.T.);
#1013=ORIENTED_EDGE('',*,*,#704,.T.);
#1014=ORIENTED_EDGE('',*,*,#715,.T.);
#1015=ORIENTED_EDGE('',*,*,#571,.T.);
#1016=ORIENTED_EDGE('',*,*,#712,.T.);
#1017=ORIENTED_EDGE('',*,*,#715,.F.);
#1018=ORIENTED_EDGE('',*,*,#703,.T.);
#1019=ORIENTED_EDGE('',*,*,#716,.F.);
#1020=ORIENTED_EDGE('',*,*,#572,.T.);
#1021=ORIENTED_EDGE('',*,*,#573,.T.);
#1022=ORIENTED_EDGE('',*,*,#716,.T.);
#1023=ORIENTED_EDGE('',*,*,#702,.T.);
#1024=ORIENTED_EDGE('',*,*,#673,.T.);
#1025=ORIENTED_EDGE('',*,*,#694,.T.);
#1026=ORIENTED_EDGE('',*,*,#717,.T.);
#1027=ORIENTED_EDGE('',*,*,#597,.T.);
#1028=ORIENTED_EDGE('',*,*,#710,.T.);
#1029=ORIENTED_EDGE('',*,*,#717,.F.);
#1030=ORIENTED_EDGE('',*,*,#693,.F.);
#1031=ORIENTED_EDGE('',*,*,#718,.F.);
#1032=ORIENTED_EDGE('',*,*,#598,.F.);
#1033=ORIENTED_EDGE('',*,*,#599,.T.);
#1034=ORIENTED_EDGE('',*,*,#718,.T.);
#1035=ORIENTED_EDGE('',*,*,#692,.T.);
#1036=ORIENTED_EDGE('',*,*,#706,.T.);
#1037=ORIENTED_EDGE('',*,*,#687,.T.);
#1038=ORIENTED_EDGE('',*,*,#707,.T.);
#1039=ORIENTED_EDGE('',*,*,#611,.T.);
#1040=ORIENTED_EDGE('',*,*,#719,.T.);
#1041=ORIENTED_EDGE('',*,*,#689,.T.);
#1042=ORIENTED_EDGE('',*,*,#720,.T.);
#1043=ORIENTED_EDGE('',*,*,#609,.T.);
#1044=ORIENTED_EDGE('',*,*,#711,.T.);
#1045=ORIENTED_EDGE('',*,*,#719,.F.);
#1046=ORIENTED_EDGE('',*,*,#610,.F.);
#1047=ORIENTED_EDGE('',*,*,#720,.F.);
#1048=ORIENTED_EDGE('',*,*,#688,.F.);
#1049=ORIENTED_EDGE('',*,*,#696,.F.);
#1050=ORIENTED_EDGE('',*,*,#678,.F.);
#1051=ORIENTED_EDGE('',*,*,#591,.F.);
#1052=ORIENTED_EDGE('',*,*,#681,.F.);
#1053=ORIENTED_EDGE('',*,*,#565,.T.);
#1054=ORIENTED_EDGE('',*,*,#684,.F.);
#1055=ORIENTED_EDGE('',*,*,#685,.T.);
#1056=ORIENTED_EDGE('',*,*,#668,.F.);
#1057=CYLINDRICAL_SURFACE('',#1167,1.625);
#1058=CYLINDRICAL_SURFACE('',#1170,1.625);
#1059=CYLINDRICAL_SURFACE('',#1173,1.625);
#1060=CYLINDRICAL_SURFACE('',#1176,1.625);
#1061=CYLINDRICAL_SURFACE('',#1212,0.5);
#1062=CYLINDRICAL_SURFACE('',#1214,0.5);
#1063=CYLINDRICAL_SURFACE('',#1216,0.5);
#1064=CYLINDRICAL_SURFACE('',#1218,0.499999999999976);
#1065=CYLINDRICAL_SURFACE('',#1220,0.5);
#1066=CYLINDRICAL_SURFACE('',#1222,0.5);
#1067=CYLINDRICAL_SURFACE('',#1224,0.5);
#1068=CYLINDRICAL_SURFACE('',#1226,0.5);
#1069=CYLINDRICAL_SURFACE('',#1228,0.5);
#1070=CYLINDRICAL_SURFACE('',#1230,0.499999999999967);
#1071=CYLINDRICAL_SURFACE('',#1232,0.5);
#1072=CYLINDRICAL_SURFACE('',#1234,0.5);
#1073=CYLINDRICAL_SURFACE('',#1236,0.499999999999973);
#1074=CYLINDRICAL_SURFACE('',#1238,0.5);
#1075=CYLINDRICAL_SURFACE('',#1240,0.5);
#1076=CYLINDRICAL_SURFACE('',#1242,0.499999999999973);
#1077=CYLINDRICAL_SURFACE('',#1244,0.5);
#1078=CYLINDRICAL_SURFACE('',#1247,0.5);
#1079=CYLINDRICAL_SURFACE('',#1249,0.5);
#1080=CYLINDRICAL_SURFACE('',#1251,0.499999999999976);
#1081=CYLINDRICAL_SURFACE('',#1253,0.5);
#1082=CYLINDRICAL_SURFACE('',#1256,0.5);
#1083=CYLINDRICAL_SURFACE('',#1259,0.5);
#1084=CYLINDRICAL_SURFACE('',#1261,0.499999999999967);
#1085=CYLINDRICAL_SURFACE('',#1283,0.5);
#1086=CYLINDRICAL_SURFACE('',#1285,0.5);
#1087=CYLINDRICAL_SURFACE('',#1286,0.5);
#1088=CYLINDRICAL_SURFACE('',#1288,0.5);
#1089=CYLINDRICAL_SURFACE('',#1289,0.5);
#1090=CYLINDRICAL_SURFACE('',#1291,0.5);
#1091=CYLINDRICAL_SURFACE('',#1292,0.5);
#1092=CYLINDRICAL_SURFACE('',#1293,0.5);
#1093=ADVANCED_FACE('',(#53),#1057,.F.);
#1094=ADVANCED_FACE('',(#54),#1058,.F.);
#1095=ADVANCED_FACE('',(#55),#1059,.F.);
#1096=ADVANCED_FACE('',(#56),#1060,.F.);
#1097=ADVANCED_FACE('',(#57,#23,#24,#25,#26),#31,.F.);
#1098=ADVANCED_FACE('',(#58),#1061,.T.);
#1099=ADVANCED_FACE('',(#59),#1062,.F.);
#1100=ADVANCED_FACE('',(#60),#1063,.T.);
#1101=ADVANCED_FACE('',(#61),#1064,.F.);
#1102=ADVANCED_FACE('',(#62),#1065,.T.);
#1103=ADVANCED_FACE('',(#63),#1066,.T.);
#1104=ADVANCED_FACE('',(#64),#1067,.F.);
#1105=ADVANCED_FACE('',(#65),#1068,.T.);
#1106=ADVANCED_FACE('',(#66),#1069,.T.);
#1107=ADVANCED_FACE('',(#67),#1070,.F.);
#1108=ADVANCED_FACE('',(#68),#1071,.T.);
#1109=ADVANCED_FACE('',(#69),#1072,.T.);
#1110=ADVANCED_FACE('',(#70),#1073,.F.);
#1111=ADVANCED_FACE('',(#71),#1074,.T.);
#1112=ADVANCED_FACE('',(#72),#1075,.T.);
#1113=ADVANCED_FACE('',(#73),#1076,.F.);
#1114=ADVANCED_FACE('',(#74),#1077,.T.);
#1115=ADVANCED_FACE('',(#75),#32,.T.);
#1116=ADVANCED_FACE('',(#76),#1078,.T.);
#1117=ADVANCED_FACE('',(#77),#1079,.T.);
#1118=ADVANCED_FACE('',(#78),#1080,.F.);
#1119=ADVANCED_FACE('',(#79),#1081,.T.);
#1120=ADVANCED_FACE('',(#80),#33,.T.);
#1121=ADVANCED_FACE('',(#81),#1082,.T.);
#1122=ADVANCED_FACE('',(#82),#34,.F.);
#1123=ADVANCED_FACE('',(#83),#1083,.T.);
#1124=ADVANCED_FACE('',(#84),#1084,.F.);
#1125=ADVANCED_FACE('',(#85),#35,.T.);
#1126=ADVANCED_FACE('',(#86),#36,.T.);
#1127=ADVANCED_FACE('',(#87),#37,.T.);
#1128=ADVANCED_FACE('',(#88),#38,.T.);
#1129=ADVANCED_FACE('',(#89,#27,#28,#29,#30),#39,.T.);
#1130=ADVANCED_FACE('',(#90),#40,.T.);
#1131=ADVANCED_FACE('',(#91),#41,.T.);
#1132=ADVANCED_FACE('',(#92),#42,.F.);
#1133=ADVANCED_FACE('',(#93),#43,.F.);
#1134=ADVANCED_FACE('',(#94),#44,.T.);
#1135=ADVANCED_FACE('',(#95),#45,.T.);
#1136=ADVANCED_FACE('',(#96),#46,.F.);
#1137=ADVANCED_FACE('',(#97),#1085,.T.);
#1138=ADVANCED_FACE('',(#98),#47,.F.);
#1139=ADVANCED_FACE('',(#99),#1086,.T.);
#1140=ADVANCED_FACE('',(#100),#1087,.T.);
#1141=ADVANCED_FACE('',(#101),#48,.F.);
#1142=ADVANCED_FACE('',(#102),#1088,.T.);
#1143=ADVANCED_FACE('',(#103),#1089,.T.);
#1144=ADVANCED_FACE('',(#104),#49,.T.);
#1145=ADVANCED_FACE('',(#105),#1090,.T.);
#1146=ADVANCED_FACE('',(#106),#1091,.T.);
#1147=ADVANCED_FACE('',(#107),#1092,.T.);
#1148=ADVANCED_FACE('',(#108),#50,.T.);
#1149=ADVANCED_FACE('',(#109),#51,.T.);
#1150=ADVANCED_FACE('',(#110),#52,.T.);
#1151=CLOSED_SHELL('',(#1093,#1094,#1095,#1096,#1097,#1098,#1099,#1100,
#1101,#1102,#1103,#1104,#1105,#1106,#1107,#1108,#1109,#1110,#1111,#1112,
#1113,#1114,#1115,#1116,#1117,#1118,#1119,#1120,#1121,#1122,#1123,#1124,
#1125,#1126,#1127,#1128,#1129,#1130,#1131,#1132,#1133,#1134,#1135,#1136,
#1137,#1138,#1139,#1140,#1141,#1142,#1143,#1144,#1145,#1146,#1147,#1148,
#1149,#1150));
#1152=DERIVED_UNIT_ELEMENT(#1154,1.);
#1153=DERIVED_UNIT_ELEMENT(#2017,-3.);
#1154=(
MASS_UNIT()
NAMED_UNIT(*)
SI_UNIT(.KILO.,.GRAM.)
);
#1155=DERIVED_UNIT((#1152,#1153));
#1156=MEASURE_REPRESENTATION_ITEM('density measure',
POSITIVE_RATIO_MEASURE(7850.),#1155);
#1157=PROPERTY_DEFINITION_REPRESENTATION(#1162,#1159);
#1158=PROPERTY_DEFINITION_REPRESENTATION(#1163,#1160);
#1159=REPRESENTATION('material name',(#1161),#2014);
#1160=REPRESENTATION('density',(#1156),#2014);
#1161=DESCRIPTIVE_REPRESENTATION_ITEM('Steel','Steel');
#1162=PROPERTY_DEFINITION('material property','material name',#2034);
#1163=PROPERTY_DEFINITION('material property','density of part',#2034);
#1164=AXIS2_PLACEMENT_3D('',#1665,#1299,#1300);
#1165=AXIS2_PLACEMENT_3D('',#1666,#1301,#1302);
#1166=AXIS2_PLACEMENT_3D('',#1667,#1303,#1304);
#1167=AXIS2_PLACEMENT_3D('',#1668,#1305,#1306);
#1168=AXIS2_PLACEMENT_3D('',#1670,#1307,#1308);
#1169=AXIS2_PLACEMENT_3D('',#1673,#1310,#1311);
#1170=AXIS2_PLACEMENT_3D('',#1674,#1312,#1313);
#1171=AXIS2_PLACEMENT_3D('',#1676,#1314,#1315);
#1172=AXIS2_PLACEMENT_3D('',#1679,#1317,#1318);
#1173=AXIS2_PLACEMENT_3D('',#1680,#1319,#1320);
#1174=AXIS2_PLACEMENT_3D('',#1682,#1321,#1322);
#1175=AXIS2_PLACEMENT_3D('',#1685,#1324,#1325);
#1176=AXIS2_PLACEMENT_3D('',#1686,#1326,#1327);
#1177=AXIS2_PLACEMENT_3D('',#1688,#1328,#1329);
#1178=AXIS2_PLACEMENT_3D('',#1691,#1331,#1332);
#1179=AXIS2_PLACEMENT_3D('',#1692,#1333,#1334);
#1180=AXIS2_PLACEMENT_3D('',#1699,#1337,#1338);
#1181=AXIS2_PLACEMENT_3D('',#1701,#1339,#1340);
#1182=AXIS2_PLACEMENT_3D('',#1703,#1341,#1342);
#1183=AXIS2_PLACEMENT_3D('',#1707,#1344,#1345);
#1184=AXIS2_PLACEMENT_3D('',#1711,#1347,#1348);
#1185=AXIS2_PLACEMENT_3D('',#1715,#1350,#1351);
#1186=AXIS2_PLACEMENT_3D('',#1717,#1352,#1353);
#1187=AXIS2_PLACEMENT_3D('',#1719,#1354,#1355);
#1188=AXIS2_PLACEMENT_3D('',#1723,#1357,#1358);
#1189=AXIS2_PLACEMENT_3D('',#1725,#1359,#1360);
#1190=AXIS2_PLACEMENT_3D('',#1727,#1361,#1362);
#1191=AXIS2_PLACEMENT_3D('',#1731,#1364,#1365);
#1192=AXIS2_PLACEMENT_3D('',#1735,#1367,#1368);
#1193=AXIS2_PLACEMENT_3D('',#1739,#1370,#1371);
#1194=AXIS2_PLACEMENT_3D('',#1741,#1372,#1373);
#1195=AXIS2_PLACEMENT_3D('',#1743,#1374,#1375);
#1196=AXIS2_PLACEMENT_3D('',#1751,#1379,#1380);
#1197=AXIS2_PLACEMENT_3D('',#1753,#1381,#1382);
#1198=AXIS2_PLACEMENT_3D('',#1755,#1383,#1384);
#1199=AXIS2_PLACEMENT_3D('',#1759,#1386,#1387);
#1200=AXIS2_PLACEMENT_3D('',#1763,#1389,#1390);
#1201=AXIS2_PLACEMENT_3D('',#1767,#1392,#1393);
#1202=AXIS2_PLACEMENT_3D('',#1769,#1394,#1395);
#1203=AXIS2_PLACEMENT_3D('',#1771,#1396,#1397);
#1204=AXIS2_PLACEMENT_3D('',#1775,#1399,#1400);
#1205=AXIS2_PLACEMENT_3D('',#1777,#1401,#1402);
#1206=AXIS2_PLACEMENT_3D('',#1779,#1403,#1404);
#1207=AXIS2_PLACEMENT_3D('',#1783,#1406,#1407);
#1208=AXIS2_PLACEMENT_3D('',#1787,#1409,#1410);
#1209=AXIS2_PLACEMENT_3D('',#1791,#1412,#1413);
#1210=AXIS2_PLACEMENT_3D('',#1793,#1414,#1415);
#1211=AXIS2_PLACEMENT_3D('',#1795,#1416,#1417);
#1212=AXIS2_PLACEMENT_3D('',#1797,#1419,#1420);
#1213=AXIS2_PLACEMENT_3D('',#1800,#1421,#1422);
#1214=AXIS2_PLACEMENT_3D('',#1803,#1425,#1426);
#1215=AXIS2_PLACEMENT_3D('',#1806,#1428,#1429);
#1216=AXIS2_PLACEMENT_3D('',#1807,#1430,#1431);
#1217=AXIS2_PLACEMENT_3D('',#1811,#1433,#1434);
#1218=AXIS2_PLACEMENT_3D('',#1813,#1436,#1437);
#1219=AXIS2_PLACEMENT_3D('',#1815,#1438,#1439);
#1220=AXIS2_PLACEMENT_3D('',#1817,#1441,#1442);
#1221=AXIS2_PLACEMENT_3D('',#1819,#1443,#1444);
#1222=AXIS2_PLACEMENT_3D('',#1821,#1446,#1447);
#1223=AXIS2_PLACEMENT_3D('',#1825,#1449,#1450);
#1224=AXIS2_PLACEMENT_3D('',#1827,#1452,#1453);
#1225=AXIS2_PLACEMENT_3D('',#1829,#1454,#1455);
#1226=AXIS2_PLACEMENT_3D('',#1831,#1457,#1458);
#1227=AXIS2_PLACEMENT_3D('',#1833,#1459,#1460);
#1228=AXIS2_PLACEMENT_3D('',#1835,#1462,#1463);
#1229=AXIS2_PLACEMENT_3D('',#1839,#1465,#1466);
#1230=AXIS2_PLACEMENT_3D('',#1841,#1468,#1469);
#1231=AXIS2_PLACEMENT_3D('',#1843,#1470,#1471);
#1232=AXIS2_PLACEMENT_3D('',#1845,#1473,#1474);
#1233=AXIS2_PLACEMENT_3D('',#1847,#1475,#1476);
#1234=AXIS2_PLACEMENT_3D('',#1849,#1478,#1479);
#1235=AXIS2_PLACEMENT_3D('',#1853,#1481,#1482);
#1236=AXIS2_PLACEMENT_3D('',#1855,#1484,#1485);
#1237=AXIS2_PLACEMENT_3D('',#1857,#1486,#1487);
#1238=AXIS2_PLACEMENT_3D('',#1859,#1489,#1490);
#1239=AXIS2_PLACEMENT_3D('',#1861,#1491,#1492);
#1240=AXIS2_PLACEMENT_3D('',#1863,#1494,#1495);
#1241=AXIS2_PLACEMENT_3D('',#1866,#1496,#1497);
#1242=AXIS2_PLACEMENT_3D('',#1869,#1500,#1501);
#1243=AXIS2_PLACEMENT_3D('',#1872,#1503,#1504);
#1244=AXIS2_PLACEMENT_3D('',#1873,#1505,#1506);
#1245=AXIS2_PLACEMENT_3D('',#1876,#1507,#1508);
#1246=AXIS2_PLACEMENT_3D('',#1879,#1511,#1512);
#1247=AXIS2_PLACEMENT_3D('',#1883,#1515,#1516);
#1248=AXIS2_PLACEMENT_3D('',#1884,#1517,#1518);
#1249=AXIS2_PLACEMENT_3D('',#1885,#1519,#1520);
#1250=AXIS2_PLACEMENT_3D('',#1888,#1521,#1522);
#1251=AXIS2_PLACEMENT_3D('',#1891,#1525,#1526);
#1252=AXIS2_PLACEMENT_3D('',#1894,#1528,#1529);
#1253=AXIS2_PLACEMENT_3D('',#1895,#1530,#1531);
#1254=AXIS2_PLACEMENT_3D('',#1898,#1533,#1534);
#1255=AXIS2_PLACEMENT_3D('',#1899,#1535,#1536);
#1256=AXIS2_PLACEMENT_3D('',#1903,#1539,#1540);
#1257=AXIS2_PLACEMENT_3D('',#1907,#1542,#1543);
#1258=AXIS2_PLACEMENT_3D('',#1909,#1545,#1546);
#1259=AXIS2_PLACEMENT_3D('',#1913,#1549,#1550);
#1260=AXIS2_PLACEMENT_3D('',#1916,#1552,#1553);
#1261=AXIS2_PLACEMENT_3D('',#1917,#1554,#1555);
#1262=AXIS2_PLACEMENT_3D('',#1918,#1556,#1557);
#1263=AXIS2_PLACEMENT_3D('',#1919,#1558,#1559);
#1264=AXIS2_PLACEMENT_3D('',#1923,#1562,#1563);
#1265=AXIS2_PLACEMENT_3D('',#1927,#1566,#1567);
#1266=AXIS2_PLACEMENT_3D('',#1929,#1569,#1570);
#1267=AXIS2_PLACEMENT_3D('',#1933,#1573,#1574);
#1268=AXIS2_PLACEMENT_3D('',#1938,#1577,#1578);
#1269=AXIS2_PLACEMENT_3D('',#1942,#1580,#1581);
#1270=AXIS2_PLACEMENT_3D('',#1947,#1584,#1585);
#1271=AXIS2_PLACEMENT_3D('',#1951,#1587,#1588);
#1272=AXIS2_PLACEMENT_3D('',#1957,#1592,#1593);
#1273=AXIS2_PLACEMENT_3D('',#1961,#1595,#1596);
#1274=AXIS2_PLACEMENT_3D('',#1964,#1598,#1599);
#1275=AXIS2_PLACEMENT_3D('',#1968,#1601,#1602);
#1276=AXIS2_PLACEMENT_3D('',#1970,#1604,#1605);
#1277=AXIS2_PLACEMENT_3D('',#1972,#1607,#1608);
#1278=AXIS2_PLACEMENT_3D('',#1974,#1610,#1611);
#1279=AXIS2_PLACEMENT_3D('',#1976,#1613,#1614);
#1280=AXIS2_PLACEMENT_3D('',#1978,#1616,#1617);
#1281=AXIS2_PLACEMENT_3D('',#1980,#1619,#1620);
#1282=AXIS2_PLACEMENT_3D('',#1982,#1622,#1623);
#1283=AXIS2_PLACEMENT_3D('',#1984,#1625,#1626);
#1284=AXIS2_PLACEMENT_3D('',#1986,#1628,#1629);
#1285=AXIS2_PLACEMENT_3D('',#1988,#1631,#1632);
#1286=AXIS2_PLACEMENT_3D('',#1989,#1633,#1634);
#1287=AXIS2_PLACEMENT_3D('',#1991,#1636,#1637);
#1288=AXIS2_PLACEMENT_3D('',#1993,#1639,#1640);
#1289=AXIS2_PLACEMENT_3D('',#1994,#1641,#1642);
#1290=AXIS2_PLACEMENT_3D('',#1996,#1644,#1645);
#1291=AXIS2_PLACEMENT_3D('',#1998,#1647,#1648);
#1292=AXIS2_PLACEMENT_3D('',#1999,#1649,#1650);
#1293=AXIS2_PLACEMENT_3D('',#2001,#1652,#1653);
#1294=AXIS2_PLACEMENT_3D('',#2003,#1655,#1656);
#1295=AXIS2_PLACEMENT_3D('',#2004,#1657,#1658);
#1296=AXIS2_PLACEMENT_3D('',#2005,#1659,#1660);
#1297=AXIS2_PLACEMENT_3D('',#2006,#1661,#1662);
#1298=AXIS2_PLACEMENT_3D('',#2007,#1663,#1664);
#1299=DIRECTION('axis',(0.,0.,1.));
#1300=DIRECTION('refdir',(1.,0.,0.));
#1301=DIRECTION('axis',(0.,0.,1.));
#1302=DIRECTION('refdir',(1.,0.,0.));
#1303=DIRECTION('axis',(0.,0.,1.));
#1304=DIRECTION('refdir',(1.,0.,0.));
#1305=DIRECTION('center_axis',(1.,-7.90455663886695E-16,-1.38777878078952E-16));
#1306=DIRECTION('ref_axis',(1.38777878078954E-16,1.96373305435995E-15,1.));
#1307=DIRECTION('center_axis',(1.,6.9562411386673E-16,-8.53493033456712E-16));
#1308=DIRECTION('ref_axis',(8.53493033456711E-16,1.96373305435995E-15,1.));
#1309=DIRECTION('',(1.,-7.90455663886695E-16,-1.38777878078952E-16));
#1310=DIRECTION('center_axis',(-1.,4.66640615037762E-16,-9.47091042989296E-17));
#1311=DIRECTION('ref_axis',(-9.47091042989287E-17,1.96373305435995E-15,
1.));
#1312=DIRECTION('center_axis',(1.,-7.90455663886695E-16,-1.38777878078952E-16));
#1313=DIRECTION('ref_axis',(1.38777878078954E-16,1.96373305435995E-15,1.));
#1314=DIRECTION('center_axis',(1.,6.9562411386673E-16,-8.53493033456712E-16));
#1315=DIRECTION('ref_axis',(8.53493033456711E-16,1.96373305435995E-15,1.));
#1316=DIRECTION('',(1.,-7.90455663886695E-16,-1.38777878078952E-16));
#1317=DIRECTION('center_axis',(-1.,4.66640615037762E-16,-9.47091042989296E-17));
#1318=DIRECTION('ref_axis',(-9.47091042989287E-17,1.96373305435995E-15,
1.));
#1319=DIRECTION('center_axis',(1.,-4.66640615037753E-16,-1.38777878078952E-16));
#1320=DIRECTION('ref_axis',(1.38777878078953E-16,1.96373305435995E-15,1.));
#1321=DIRECTION('center_axis',(1.,6.9562411386673E-16,-8.53493033456712E-16));
#1322=DIRECTION('ref_axis',(8.53493033456711E-16,1.96373305435995E-15,1.));
#1323=DIRECTION('',(1.,-4.66640615037753E-16,-1.38777878078952E-16));
#1324=DIRECTION('center_axis',(-1.,4.66640615037762E-16,-9.47091042989296E-17));
#1325=DIRECTION('ref_axis',(-9.47091042989287E-17,1.96373305435995E-15,
1.));
#1326=DIRECTION('center_axis',(1.,-4.66640615037753E-16,-1.38777878078952E-16));
#1327=DIRECTION('ref_axis',(1.38777878078953E-16,1.96373305435995E-15,1.));
#1328=DIRECTION('center_axis',(1.,6.9562411386673E-16,-8.53493033456712E-16));
#1329=DIRECTION('ref_axis',(8.53493033456711E-16,1.96373305435995E-15,1.));
#1330=DIRECTION('',(1.,-4.66640615037753E-16,-1.38777878078952E-16));
#1331=DIRECTION('center_axis',(-1.,4.66640615037762E-16,-9.47091042989296E-17));
#1332=DIRECTION('ref_axis',(-9.47091042989287E-17,1.96373305435995E-15,
1.));
#1333=DIRECTION('center_axis',(1.,-4.66640615037762E-16,9.47091042989296E-17));
#1334=DIRECTION('ref_axis',(-4.66640615037762E-16,-1.,-3.46944695195363E-17));
#1335=DIRECTION('',(9.47091042989296E-17,3.46944695195363E-17,-1.));
#1336=DIRECTION('',(-4.66640615037762E-16,-1.,-3.46944695195363E-17));
#1337=DIRECTION('center_axis',(1.,-4.66640615037762E-16,9.47091042989296E-17));
#1338=DIRECTION('ref_axis',(1.51299817226335E-16,0.499999999999995,0.866025403784442));
#1339=DIRECTION('center_axis',(1.,-4.66640615037762E-16,9.47091042989296E-17));
#1340=DIRECTION('ref_axis',(-4.66640615037762E-16,-1.,-3.4694469519533E-17));
#1341=DIRECTION('center_axis',(1.,-4.66640615037762E-16,9.47091042989296E-17));
#1342=DIRECTION('ref_axis',(-3.56768074910828E-16,-0.866025403784433,-0.500000000000009));
#1343=DIRECTION('',(-9.47091042989296E-17,-3.46944695195363E-17,1.));
#1344=DIRECTION('center_axis',(1.,-4.66640615037762E-16,9.47091042989296E-17));
#1345=DIRECTION('ref_axis',(-3.96934193160137E-16,-0.707106781186541,0.707106781186554));
#1346=DIRECTION('',(-4.66640615037762E-16,-1.,-3.46944695195363E-17));
#1347=DIRECTION('center_axis',(1.,-4.66640615037762E-16,9.47091042989296E-17));
#1348=DIRECTION('ref_axis',(2.62995293380389E-16,0.707106781186554,0.707106781186541));
#1349=DIRECTION('',(9.47091042989296E-17,3.46944695195363E-17,-1.));
#1350=DIRECTION('center_axis',(1.,-4.66640615037762E-16,9.47091042989296E-17));
#1351=DIRECTION('ref_axis',(4.51477179209764E-16,0.866025403784448,-0.499999999999984));
#1352=DIRECTION('center_axis',(1.,-4.66640615037762E-16,9.47091042989296E-17));
#1353=DIRECTION('ref_axis',(-4.66640615037762E-16,-1.,-3.4694469519533E-17));
#1354=DIRECTION('center_axis',(1.,-4.66640615037762E-16,9.47091042989296E-17));
#1355=DIRECTION('ref_axis',(-3.15340797811422E-16,-0.499999999999995,0.866025403784442));
#1356=DIRECTION('',(-4.66640615037762E-16,-1.,-3.46944695195363E-17));
#1357=DIRECTION('center_axis',(1.,-4.66640615037762E-16,9.47091042989296E-17));
#1358=DIRECTION('ref_axis',(1.51299817226336E-16,0.499999999999997,0.86602540378444));
#1359=DIRECTION('center_axis',(1.,-4.66640615037762E-16,9.47091042989296E-17));
#1360=DIRECTION('ref_axis',(-4.66640615037762E-16,-1.,-3.4694469519533E-17));
#1361=DIRECTION('center_axis',(1.,-4.66640615037762E-16,9.47091042989296E-17));
#1362=DIRECTION('ref_axis',(-3.56768074910836E-16,-0.866025403784446,-0.499999999999988));
#1363=DIRECTION('',(-9.47091042989296E-17,-3.46944695195363E-17,1.));
#1364=DIRECTION('center_axis',(1.,-4.66640615037762E-16,9.47091042989296E-17));
#1365=DIRECTION('ref_axis',(-3.96934193160142E-16,-0.707106781186554,0.707106781186541));
#1366=DIRECTION('',(-4.66640615037762E-16,-1.,-3.46944695195363E-17));
#1367=DIRECTION('center_axis',(1.,-4.66640615037762E-16,9.47091042989296E-17));
#1368=DIRECTION('ref_axis',(2.62995293380389E-16,0.707106781186554,0.707106781186541));
#1369=DIRECTION('',(9.47091042989296E-17,3.46944695195363E-17,-1.));
#1370=DIRECTION('center_axis',(1.,-4.66640615037762E-16,9.47091042989296E-17));
#1371=DIRECTION('ref_axis',(4.51477179209766E-16,0.866025403784453,-0.499999999999976));
#1372=DIRECTION('center_axis',(1.,-4.66640615037762E-16,9.47091042989296E-17));
#1373=DIRECTION('ref_axis',(-4.66640615037762E-16,-1.,-3.4694469519533E-17));
#1374=DIRECTION('center_axis',(1.,-4.66640615037762E-16,9.47091042989296E-17));
#1375=DIRECTION('ref_axis',(-3.15340797811422E-16,-0.499999999999995,0.866025403784442));
#1376=DIRECTION('',(-4.66640615037762E-16,-1.,-3.46944695195363E-17));
#1377=DIRECTION('',(9.47091042989296E-17,3.46944695195363E-17,-1.));
#1378=DIRECTION('',(4.66640615037762E-16,1.,3.46944695195363E-17));
#1379=DIRECTION('center_axis',(1.,-4.66640615037762E-16,9.47091042989296E-17));
#1380=DIRECTION('ref_axis',(-1.51299817226301E-16,-0.499999999999929,-0.86602540378448));
#1381=DIRECTION('center_axis',(1.,-4.66640615037762E-16,9.47091042989296E-17));
#1382=DIRECTION('ref_axis',(-4.66640615037762E-16,-1.,-3.4694469519533E-17));
#1383=DIRECTION('center_axis',(1.,-4.66640615037762E-16,9.47091042989296E-17));
#1384=DIRECTION('ref_axis',(3.56768074910841E-16,0.866025403784453,0.499999999999976));
#1385=DIRECTION('',(-9.47091042989296E-17,-3.46944695195363E-17,1.));
#1386=DIRECTION('center_axis',(1.,-4.66640615037762E-16,9.47091042989296E-17));
#1387=DIRECTION('ref_axis',(3.96934193160142E-16,0.707106781186554,-0.707106781186541));
#1388=DIRECTION('',(-4.66640615037762E-16,-1.,-3.46944695195363E-17));
#1389=DIRECTION('center_axis',(1.,-4.66640615037762E-16,9.47091042989296E-17));
#1390=DIRECTION('ref_axis',(-2.62995293380389E-16,-0.707106781186554,-0.707106781186541));
#1391=DIRECTION('',(9.47091042989296E-17,3.46944695195363E-17,-1.));
#1392=DIRECTION('center_axis',(1.,-4.66640615037762E-16,9.47091042989296E-17));
#1393=DIRECTION('ref_axis',(-4.51477179209764E-16,-0.866025403784446,0.499999999999988));
#1394=DIRECTION('center_axis',(1.,-4.66640615037762E-16,9.47091042989296E-17));
#1395=DIRECTION('ref_axis',(-4.66640615037762E-16,-1.,-3.4694469519533E-17));
#1396=DIRECTION('center_axis',(1.,-4.66640615037762E-16,9.47091042989296E-17));
#1397=DIRECTION('ref_axis',(3.15340797811396E-16,0.499999999999931,-0.866025403784479));
#1398=DIRECTION('',(4.66640615037762E-16,1.,3.46944695195363E-17));
#1399=DIRECTION('center_axis',(1.,-4.66640615037762E-16,9.47091042989296E-17));
#1400=DIRECTION('ref_axis',(-1.51299817226285E-16,-0.499999999999898,-0.866025403784498));
#1401=DIRECTION('center_axis',(1.,-4.66640615037762E-16,9.47091042989296E-17));
#1402=DIRECTION('ref_axis',(-4.66640615037762E-16,-1.,-3.4694469519533E-17));
#1403=DIRECTION('center_axis',(1.,-4.66640615037762E-16,9.47091042989296E-17));
#1404=DIRECTION('ref_axis',(3.56768074910838E-16,0.866025403784448,0.499999999999984));
#1405=DIRECTION('',(-9.47091042989296E-17,-3.46944695195363E-17,1.));
#1406=DIRECTION('center_axis',(1.,-4.66640615037762E-16,9.47091042989296E-17));
#1407=DIRECTION('ref_axis',(3.96934193160142E-16,0.707106781186554,-0.707106781186541));
#1408=DIRECTION('',(-4.66640615037762E-16,-1.,-3.46944695195363E-17));
#1409=DIRECTION('center_axis',(1.,-4.66640615037762E-16,9.47091042989296E-17));
#1410=DIRECTION('ref_axis',(-2.62995293380389E-16,-0.707106781186554,-0.707106781186541));
#1411=DIRECTION('',(9.47091042989296E-17,3.46944695195363E-17,-1.));
#1412=DIRECTION('center_axis',(1.,-4.66640615037762E-16,9.47091042989296E-17));
#1413=DIRECTION('ref_axis',(-4.5147717920976E-16,-0.866025403784433,0.500000000000009));
#1414=DIRECTION('center_axis',(1.,-4.66640615037762E-16,9.47091042989296E-17));
#1415=DIRECTION('ref_axis',(-4.66640615037762E-16,-1.,-3.4694469519533E-17));
#1416=DIRECTION('center_axis',(1.,-4.66640615037762E-16,9.47091042989296E-17));
#1417=DIRECTION('ref_axis',(3.15340797811388E-16,0.499999999999913,-0.866025403784489));
#1418=DIRECTION('',(4.66640615037762E-16,1.,3.46944695195363E-17));
#1419=DIRECTION('center_axis',(1.,-5.03069808033027E-17,-1.38777878078952E-16));
#1420=DIRECTION('ref_axis',(-1.12956062402831E-16,-0.866025403784446,-0.499999999999988));
#1421=DIRECTION('center_axis',(-1.,4.66640615037762E-16,-9.47091042989296E-17));
#1422=DIRECTION('ref_axis',(-3.56768074910836E-16,-0.866025403784446,-0.499999999999988));
#1423=DIRECTION('',(-1.,2.2551405187699E-17,1.38777878078952E-16));
#1424=DIRECTION('',(1.,-5.03069808033027E-17,-1.38777878078952E-16));
#1425=DIRECTION('center_axis',(1.,-5.03069808033027E-17,-1.38777878078952E-16));
#1426=DIRECTION('ref_axis',(-6.25583714012662E-17,0.707106781186568,-0.707106781186527));
#1427=DIRECTION('',(-1.,5.03069808033027E-17,1.38777878078952E-16));
#1428=DIRECTION('center_axis',(-1.,4.66640615037762E-16,-9.47091042989296E-17));
#1429=DIRECTION('ref_axis',(-4.66640615037762E-16,-1.,-3.4694469519533E-17));
#1430=DIRECTION('center_axis',(-1.,5.03069808033027E-17,1.38777878078952E-16));
#1431=DIRECTION('ref_axis',(-1.45338658301325E-16,-0.499999999999929,-0.86602540378448));
#1432=DIRECTION('',(1.,-5.03069808033027E-17,-1.38777878078952E-16));
#1433=DIRECTION('center_axis',(-1.,4.66640615037762E-16,-9.47091042989296E-17));
#1434=DIRECTION('ref_axis',(-1.51299817226301E-16,-0.499999999999929,-0.86602540378448));
#1435=DIRECTION('',(-1.,5.03069808033027E-17,1.38777878078952E-16));
#1436=DIRECTION('center_axis',(1.,-5.03069808033027E-17,-1.38777878078952E-16));
#1437=DIRECTION('ref_axis',(-5.03069808033027E-17,-1.,-3.4694469519533E-17));
#1438=DIRECTION('center_axis',(-1.,4.66640615037762E-16,-9.47091042989296E-17));
#1439=DIRECTION('ref_axis',(-4.66640615037762E-16,-1.,-3.4694469519533E-17));
#1440=DIRECTION('',(1.,-5.03069808033027E-17,-1.38777878078952E-16));
#1441=DIRECTION('center_axis',(1.,-5.03069808033027E-17,-1.38777878078952E-16));
#1442=DIRECTION('ref_axis',(1.1295606240283E-16,0.866025403784453,0.499999999999976));
#1443=DIRECTION('center_axis',(-1.,4.66640615037762E-16,-9.47091042989296E-17));
#1444=DIRECTION('ref_axis',(3.56768074910841E-16,0.866025403784453,0.499999999999976));
#1445=DIRECTION('',(-1.,2.2551405187699E-17,1.38777878078952E-16));
#1446=DIRECTION('center_axis',(-1.,5.03069808033027E-17,1.38777878078952E-16));
#1447=DIRECTION('ref_axis',(2.58218156761177E-17,-0.866025403784446,0.499999999999988));
#1448=DIRECTION('',(1.,-2.2551405187699E-17,-1.38777878078952E-16));
#1449=DIRECTION('center_axis',(-1.,4.66640615037762E-16,-9.47091042989296E-17));
#1450=DIRECTION('ref_axis',(-4.51477179209764E-16,-0.866025403784446,0.499999999999988));
#1451=DIRECTION('',(-1.,5.03069808033027E-17,1.38777878078952E-16));
#1452=DIRECTION('center_axis',(1.,-5.03069808033027E-17,-1.38777878078952E-16));
#1453=DIRECTION('ref_axis',(1.33703185935341E-16,0.707106781186578,0.707106781186517));
#1454=DIRECTION('center_axis',(-1.,4.66640615037762E-16,-9.47091042989296E-17));
#1455=DIRECTION('ref_axis',(-4.66640615037762E-16,-1.,-3.4694469519533E-17));
#1456=DIRECTION('',(1.,-5.03069808033027E-17,-1.38777878078952E-16));
#1457=DIRECTION('center_axis',(1.,-5.03069808033027E-17,-1.38777878078952E-16));
#1458=DIRECTION('ref_axis',(-9.50316774980297E-17,0.499999999999931,-0.866025403784479));
#1459=DIRECTION('center_axis',(-1.,4.66640615037762E-16,-9.47091042989296E-17));
#1460=DIRECTION('ref_axis',(3.15340797811396E-16,0.499999999999931,-0.866025403784479));
#1461=DIRECTION('',(-1.,5.03069808033027E-17,1.38777878078952E-16));
#1462=DIRECTION('center_axis',(-1.,5.03069808033027E-17,1.38777878078952E-16));
#1463=DIRECTION('ref_axis',(-1.45338658301326E-16,-0.499999999999898,-0.866025403784498));
#1464=DIRECTION('',(1.,-5.03069808033027E-17,-1.38777878078952E-16));
#1465=DIRECTION('center_axis',(-1.,4.66640615037762E-16,-9.47091042989296E-17));
#1466=DIRECTION('ref_axis',(-1.51299817226285E-16,-0.499999999999898,-0.866025403784498));
#1467=DIRECTION('',(-1.,5.03069808033027E-17,1.38777878078952E-16));
#1468=DIRECTION('center_axis',(1.,-5.03069808033027E-17,-1.38777878078952E-16));
#1469=DIRECTION('ref_axis',(-5.03069808033027E-17,-1.,-3.4694469519533E-17));
#1470=DIRECTION('center_axis',(-1.,4.66640615037762E-16,-9.47091042989296E-17));
#1471=DIRECTION('ref_axis',(-4.66640615037762E-16,-1.,-3.4694469519533E-17));
#1472=DIRECTION('',(1.,-5.03069808033027E-17,-1.38777878078952E-16));
#1473=DIRECTION('center_axis',(1.,-5.03069808033027E-17,-1.38777878078952E-16));
#1474=DIRECTION('ref_axis',(1.1295606240283E-16,0.866025403784448,0.499999999999984));
#1475=DIRECTION('center_axis',(-1.,4.66640615037762E-16,-9.47091042989296E-17));
#1476=DIRECTION('ref_axis',(3.56768074910838E-16,0.866025403784448,0.499999999999984));
#1477=DIRECTION('',(-1.,2.2551405187699E-17,1.38777878078952E-16));
#1478=DIRECTION('center_axis',(-1.,5.03069808033027E-17,1.38777878078952E-16));
#1479=DIRECTION('ref_axis',(2.58218156761213E-17,-0.866025403784433,0.500000000000009));
#1480=DIRECTION('',(1.,-2.2551405187699E-17,-1.38777878078952E-16));
#1481=DIRECTION('center_axis',(-1.,4.66640615037762E-16,-9.47091042989296E-17));
#1482=DIRECTION('ref_axis',(-4.5147717920976E-16,-0.866025403784433,0.500000000000009));
#1483=DIRECTION('',(-1.,5.03069808033027E-17,1.38777878078952E-16));
#1484=DIRECTION('center_axis',(1.,-5.03069808033027E-17,-1.38777878078952E-16));
#1485=DIRECTION('ref_axis',(1.33703185935339E-16,0.7071067811866,0.707106781186495));
#1486=DIRECTION('center_axis',(-1.,4.66640615037762E-16,-9.47091042989296E-17));
#1487=DIRECTION('ref_axis',(-4.66640615037762E-16,-1.,-3.4694469519533E-17));
#1488=DIRECTION('',(1.,-5.03069808033027E-17,-1.38777878078952E-16));
#1489=DIRECTION('center_axis',(1.,-5.03069808033027E-17,-1.38777878078952E-16));
#1490=DIRECTION('ref_axis',(-9.5031677498032E-17,0.499999999999913,-0.866025403784489));
#1491=DIRECTION('center_axis',(-1.,4.66640615037762E-16,-9.47091042989296E-17));
#1492=DIRECTION('ref_axis',(3.15340797811388E-16,0.499999999999913,-0.866025403784489));
#1493=DIRECTION('',(-1.,5.03069808033027E-17,1.38777878078952E-16));
#1494=DIRECTION('center_axis',(1.,-5.03069808033027E-17,-1.38777878078952E-16));
#1495=DIRECTION('ref_axis',(-1.12956062402833E-16,-0.866025403784433,-0.500000000000009));
#1496=DIRECTION('center_axis',(-1.,4.66640615037762E-16,-9.47091042989296E-17));
#1497=DIRECTION('ref_axis',(-3.56768074910828E-16,-0.866025403784433,-0.500000000000009));
#1498=DIRECTION('',(-1.,2.2551405187699E-17,1.38777878078952E-16));
#1499=DIRECTION('',(1.,-5.03069808033027E-17,-1.38777878078952E-16));
#1500=DIRECTION('center_axis',(1.,-5.03069808033027E-17,-1.38777878078952E-16));
#1501=DIRECTION('ref_axis',(-6.25583714012624E-17,0.707106781186588,-0.707106781186507));
#1502=DIRECTION('',(-1.,5.03069808033027E-17,1.38777878078952E-16));
#1503=DIRECTION('center_axis',(-1.,4.66640615037762E-16,-9.47091042989296E-17));
#1504=DIRECTION('ref_axis',(-4.66640615037762E-16,-1.,-3.4694469519533E-17));
#1505=DIRECTION('center_axis',(1.,-5.03069808033027E-17,-1.38777878078952E-16));
#1506=DIRECTION('ref_axis',(9.50316774980213E-17,-0.499999999999995,0.866025403784442));
#1507=DIRECTION('center_axis',(-1.,4.66640615037762E-16,-9.47091042989296E-17));
#1508=DIRECTION('ref_axis',(-3.15340797811422E-16,-0.499999999999995,0.866025403784442));
#1509=DIRECTION('',(-1.,5.03069808033027E-17,1.38777878078952E-16));
#1510=DIRECTION('',(1.,-5.03069808033027E-17,-1.38777878078952E-16));
#1511=DIRECTION('center_axis',(1.38777878078952E-16,-3.4694469519533E-17,
1.));
#1512=DIRECTION('ref_axis',(1.,-5.03069808033027E-17,-1.38777878078952E-16));
#1513=DIRECTION('',(4.66640615037762E-16,1.,3.46944695195363E-17));
#1514=DIRECTION('',(1.,-5.03069808033027E-17,-1.38777878078952E-16));
#1515=DIRECTION('center_axis',(-1.,5.03069808033027E-17,1.38777878078952E-16));
#1516=DIRECTION('ref_axis',(1.45338658301323E-16,0.499999999999997,0.86602540378444));
#1517=DIRECTION('center_axis',(-1.,4.66640615037762E-16,-9.47091042989296E-17));
#1518=DIRECTION('ref_axis',(1.51299817226336E-16,0.499999999999997,0.86602540378444));
#1519=DIRECTION('center_axis',(1.,-5.03069808033027E-17,-1.38777878078952E-16));
#1520=DIRECTION('ref_axis',(9.50316774980213E-17,-0.499999999999995,0.866025403784442));
#1521=DIRECTION('center_axis',(-1.,4.66640615037762E-16,-9.47091042989296E-17));
#1522=DIRECTION('ref_axis',(-3.15340797811422E-16,-0.499999999999995,0.866025403784442));
#1523=DIRECTION('',(-1.,5.03069808033027E-17,1.38777878078952E-16));
#1524=DIRECTION('',(1.,-5.03069808033027E-17,-1.38777878078952E-16));
#1525=DIRECTION('center_axis',(1.,-5.03069808033027E-17,-1.38777878078952E-16));
#1526=DIRECTION('ref_axis',(-5.03069808033027E-17,-1.,-3.4694469519533E-17));
#1527=DIRECTION('',(-1.,5.03069808033027E-17,1.38777878078952E-16));
#1528=DIRECTION('center_axis',(-1.,4.66640615037762E-16,-9.47091042989296E-17));
#1529=DIRECTION('ref_axis',(-4.66640615037762E-16,-1.,-3.4694469519533E-17));
#1530=DIRECTION('center_axis',(-1.,5.03069808033027E-17,1.38777878078952E-16));
#1531=DIRECTION('ref_axis',(1.45338658301324E-16,0.499999999999995,0.866025403784442));
#1532=DIRECTION('',(1.,-5.03069808033027E-17,-1.38777878078952E-16));
#1533=DIRECTION('center_axis',(-1.,4.66640615037762E-16,-9.47091042989296E-17));
#1534=DIRECTION('ref_axis',(1.51299817226335E-16,0.499999999999995,0.866025403784442));
#1535=DIRECTION('center_axis',(1.38777878078952E-16,-3.4694469519533E-17,
1.));
#1536=DIRECTION('ref_axis',(1.,-5.03069808033027E-17,-1.38777878078952E-16));
#1537=DIRECTION('',(1.,-2.2551405187699E-17,9.47091042989296E-17));
#1538=DIRECTION('',(4.66640615037762E-16,1.,3.46944695195363E-17));
#1539=DIRECTION('center_axis',(-1.,5.03069808033027E-17,1.38777878078952E-16));
#1540=DIRECTION('ref_axis',(-2.58218156761171E-17,0.866025403784448,-0.499999999999984));
#1541=DIRECTION('',(1.,-2.2551405187699E-17,-1.38777878078952E-16));
#1542=DIRECTION('center_axis',(-1.,4.66640615037762E-16,-9.47091042989296E-17));
#1543=DIRECTION('ref_axis',(4.51477179209764E-16,0.866025403784448,-0.499999999999984));
#1544=DIRECTION('',(-1.,5.03069808033027E-17,1.38777878078952E-16));
#1545=DIRECTION('center_axis',(-2.2551405187699E-17,-1.,-3.46944695195363E-17));
#1546=DIRECTION('ref_axis',(9.47091042989296E-17,3.46944695195363E-17,-1.));
#1547=DIRECTION('',(-1.,2.2551405187699E-17,-9.47091042989296E-17));
#1548=DIRECTION('',(9.47091042989296E-17,3.46944695195363E-17,-1.));
#1549=DIRECTION('center_axis',(-1.,5.03069808033027E-17,1.38777878078952E-16));
#1550=DIRECTION('ref_axis',(-2.58218156761157E-17,0.866025403784453,-0.499999999999976));
#1551=DIRECTION('',(1.,-2.2551405187699E-17,-1.38777878078952E-16));
#1552=DIRECTION('center_axis',(-1.,4.66640615037762E-16,-9.47091042989296E-17));
#1553=DIRECTION('ref_axis',(4.51477179209766E-16,0.866025403784453,-0.499999999999976));
#1554=DIRECTION('center_axis',(1.,-5.03069808033027E-17,-1.38777878078952E-16));
#1555=DIRECTION('ref_axis',(-5.03069808033027E-17,-1.,-3.4694469519533E-17));
#1556=DIRECTION('center_axis',(-1.,4.66640615037762E-16,-9.47091042989296E-17));
#1557=DIRECTION('ref_axis',(-4.66640615037762E-16,-1.,-3.4694469519533E-17));
#1558=DIRECTION('center_axis',(-1.38777878078952E-16,3.4694469519533E-17,
-1.));
#1559=DIRECTION('ref_axis',(-1.,5.03069808033027E-17,1.38777878078952E-16));
#1560=DIRECTION('',(1.,-2.2551405187699E-17,9.47091042989296E-17));
#1561=DIRECTION('',(-4.66640615037762E-16,-1.,-3.46944695195363E-17));
#1562=DIRECTION('center_axis',(1.38777878078952E-16,-3.4694469519533E-17,
1.));
#1563=DIRECTION('ref_axis',(1.,-5.03069808033027E-17,-1.38777878078952E-16));
#1564=DIRECTION('',(4.66640615037762E-16,1.,3.46944695195363E-17));
#1565=DIRECTION('',(-1.,2.2551405187699E-17,-9.47091042989296E-17));
#1566=DIRECTION('center_axis',(-1.38777878078952E-16,3.4694469519533E-17,
-1.));
#1567=DIRECTION('ref_axis',(-1.,5.03069808033027E-17,1.38777878078952E-16));
#1568=DIRECTION('',(-4.66640615037762E-16,-1.,-3.46944695195363E-17));
#1569=DIRECTION('center_axis',(-1.38777878078952E-16,3.4694469519533E-17,
-1.));
#1570=DIRECTION('ref_axis',(-1.,5.03069808033027E-17,1.38777878078952E-16));
#1571=DIRECTION('',(-4.66640615037762E-16,-1.,-3.46944695195363E-17));
#1572=DIRECTION('',(-1.,2.2551405187699E-17,-9.47091042989296E-17));
#1573=DIRECTION('center_axis',(1.,-4.66640615037762E-16,9.47091042989296E-17));
#1574=DIRECTION('ref_axis',(-4.66640615037762E-16,-1.,-3.46944695195363E-17));
#1575=DIRECTION('',(-9.47091042989296E-17,-3.46944695195363E-17,1.));
#1576=DIRECTION('',(9.47091042989296E-17,3.46944695195363E-17,-1.));
#1577=DIRECTION('center_axis',(-1.,4.66640615037762E-16,-9.47091042989296E-17));
#1578=DIRECTION('ref_axis',(-2.62995293380389E-16,-0.707106781186554,-0.707106781186541));
#1579=DIRECTION('',(4.66640615037762E-16,1.,3.46944695195363E-17));
#1580=DIRECTION('center_axis',(-1.,4.66640615037762E-16,-9.47091042989296E-17));
#1581=DIRECTION('ref_axis',(3.96934193160142E-16,0.707106781186554,-0.707106781186541));
#1582=DIRECTION('',(-9.47091042989296E-17,-3.46944695195363E-17,1.));
#1583=DIRECTION('',(9.47091042989296E-17,3.46944695195363E-17,-1.));
#1584=DIRECTION('center_axis',(-1.,4.66640615037762E-16,-9.47091042989296E-17));
#1585=DIRECTION('ref_axis',(-2.62995293380389E-16,-0.707106781186554,-0.707106781186541));
#1586=DIRECTION('',(4.66640615037762E-16,1.,3.46944695195363E-17));
#1587=DIRECTION('center_axis',(-1.,4.66640615037762E-16,-9.47091042989296E-17));
#1588=DIRECTION('ref_axis',(3.96934193160142E-16,0.707106781186554,-0.707106781186541));
#1589=DIRECTION('',(-9.47091042989296E-17,-3.46944695195363E-17,1.));
#1590=DIRECTION('',(-9.47091042989296E-17,-3.46944695195363E-17,1.));
#1591=DIRECTION('',(9.47091042989296E-17,3.46944695195363E-17,-1.));
#1592=DIRECTION('center_axis',(-1.,4.66640615037762E-16,-9.47091042989296E-17));
#1593=DIRECTION('ref_axis',(2.62995293380389E-16,0.707106781186554,0.707106781186541));
#1594=DIRECTION('',(4.66640615037762E-16,1.,3.46944695195363E-17));
#1595=DIRECTION('center_axis',(-1.,4.66640615037762E-16,-9.47091042989296E-17));
#1596=DIRECTION('ref_axis',(-3.96934193160142E-16,-0.707106781186554,0.707106781186541));
#1597=DIRECTION('',(-9.47091042989296E-17,-3.46944695195363E-17,1.));
#1598=DIRECTION('center_axis',(-1.,4.66640615037762E-16,-9.47091042989296E-17));
#1599=DIRECTION('ref_axis',(2.62995293380389E-16,0.707106781186554,0.707106781186541));
#1600=DIRECTION('',(4.66640615037762E-16,1.,3.46944695195363E-17));
#1601=DIRECTION('center_axis',(-1.,4.66640615037762E-16,-9.47091042989296E-17));
#1602=DIRECTION('ref_axis',(-3.96934193160137E-16,-0.707106781186541,0.707106781186554));
#1603=DIRECTION('',(-9.47091042989296E-17,-3.46944695195363E-17,1.));
#1604=DIRECTION('center_axis',(-2.2551405187699E-17,-1.,-3.46944695195363E-17));
#1605=DIRECTION('ref_axis',(9.47091042989296E-17,3.46944695195363E-17,-1.));
#1606=DIRECTION('',(-1.,2.2551405187699E-17,-9.47091042989296E-17));
#1607=DIRECTION('center_axis',(-2.2551405187699E-17,-1.,-3.46944695195363E-17));
#1608=DIRECTION('ref_axis',(9.47091042989296E-17,3.46944695195363E-17,-1.));
#1609=DIRECTION('',(-1.,2.2551405187699E-17,-9.47091042989296E-17));
#1610=DIRECTION('center_axis',(2.2551405187699E-17,1.,3.46944695195363E-17));
#1611=DIRECTION('ref_axis',(-9.47091042989296E-17,-3.46944695195363E-17,
1.));
#1612=DIRECTION('',(1.,-2.2551405187699E-17,9.47091042989296E-17));
#1613=DIRECTION('center_axis',(-2.2551405187699E-17,-1.,-3.46944695195363E-17));
#1614=DIRECTION('ref_axis',(9.47091042989296E-17,3.46944695195363E-17,-1.));
#1615=DIRECTION('',(-1.,2.2551405187699E-17,-9.47091042989296E-17));
#1616=DIRECTION('center_axis',(2.2551405187699E-17,1.,3.46944695195363E-17));
#1617=DIRECTION('ref_axis',(-9.47091042989296E-17,-3.46944695195363E-17,
1.));
#1618=DIRECTION('',(1.,-2.2551405187699E-17,9.47091042989296E-17));
#1619=DIRECTION('center_axis',(2.2551405187699E-17,1.,3.46944695195363E-17));
#1620=DIRECTION('ref_axis',(-9.47091042989296E-17,-3.46944695195363E-17,
1.));
#1621=DIRECTION('',(1.,-2.2551405187699E-17,9.47091042989296E-17));
#1622=DIRECTION('center_axis',(2.2551405187699E-17,1.,3.46944695195363E-17));
#1623=DIRECTION('ref_axis',(-9.47091042989296E-17,-3.46944695195363E-17,
1.));
#1624=DIRECTION('',(1.,-2.2551405187699E-17,9.47091042989296E-17));
#1625=DIRECTION('center_axis',(-1.,2.2551405187699E-17,-9.47091042989296E-17));
#1626=DIRECTION('ref_axis',(-5.10231983563689E-17,0.707106781186554,0.707106781186541));
#1627=DIRECTION('',(1.,-2.2551405187699E-17,9.47091042989296E-17));
#1628=DIRECTION('center_axis',(9.47091042989296E-17,3.46944695195363E-17,
-1.));
#1629=DIRECTION('ref_axis',(4.66640615037762E-16,1.,3.46944695195364E-17));
#1630=DIRECTION('',(-1.,2.2551405187699E-17,-9.47091042989296E-17));
#1631=DIRECTION('center_axis',(1.,-2.2551405187699E-17,9.47091042989296E-17));
#1632=DIRECTION('ref_axis',(-8.29157014233841E-17,-0.707106781186554,0.707106781186541));
#1633=DIRECTION('center_axis',(1.,-2.2551405187699E-17,9.47091042989296E-17));
#1634=DIRECTION('ref_axis',(-8.29157014233851E-17,-0.707106781186541,0.707106781186554));
#1635=DIRECTION('',(-1.,2.2551405187699E-17,-9.47091042989296E-17));
#1636=DIRECTION('center_axis',(9.47091042989296E-17,3.46944695195363E-17,
-1.));
#1637=DIRECTION('ref_axis',(4.66640615037762E-16,1.,3.46944695195364E-17));
#1638=DIRECTION('',(1.,-2.2551405187699E-17,9.47091042989296E-17));
#1639=DIRECTION('center_axis',(-1.,2.2551405187699E-17,-9.47091042989296E-17));
#1640=DIRECTION('ref_axis',(-5.10231983563689E-17,0.707106781186554,0.707106781186541));
#1641=DIRECTION('center_axis',(1.,-2.2551405187699E-17,9.47091042989296E-17));
#1642=DIRECTION('ref_axis',(8.29157014233841E-17,0.707106781186554,-0.707106781186541));
#1643=DIRECTION('',(-1.,2.2551405187699E-17,-9.47091042989296E-17));
#1644=DIRECTION('center_axis',(9.47091042989296E-17,3.46944695195363E-17,
-1.));
#1645=DIRECTION('ref_axis',(4.66640615037762E-16,1.,3.46944695195364E-17));
#1646=DIRECTION('',(1.,-2.2551405187699E-17,9.47091042989296E-17));
#1647=DIRECTION('center_axis',(-1.,2.2551405187699E-17,-9.47091042989296E-17));
#1648=DIRECTION('ref_axis',(5.10231983563689E-17,-0.707106781186554,-0.707106781186541));
#1649=DIRECTION('center_axis',(1.,-2.2551405187699E-17,9.47091042989296E-17));
#1650=DIRECTION('ref_axis',(5.10231983563689E-17,-0.707106781186554,-0.707106781186541));
#1651=DIRECTION('',(1.,-2.2551405187699E-17,9.47091042989296E-17));
#1652=DIRECTION('center_axis',(1.,-2.2551405187699E-17,9.47091042989296E-17));
#1653=DIRECTION('ref_axis',(8.29157014233841E-17,0.707106781186554,-0.707106781186541));
#1654=DIRECTION('',(-1.,2.2551405187699E-17,-9.47091042989296E-17));
#1655=DIRECTION('center_axis',(9.47091042989296E-17,3.46944695195363E-17,
-1.));
#1656=DIRECTION('ref_axis',(4.66640615037762E-16,1.,3.46944695195364E-17));
#1657=DIRECTION('center_axis',(2.2551405187699E-17,1.,3.46944695195363E-17));
#1658=DIRECTION('ref_axis',(-9.47091042989296E-17,-3.46944695195363E-17,
1.));
#1659=DIRECTION('center_axis',(-2.2551405187699E-17,-1.,-3.46944695195363E-17));
#1660=DIRECTION('ref_axis',(9.47091042989296E-17,3.46944695195363E-17,-1.));
#1661=DIRECTION('',(0.,4.07441244125881E-17,1.));
#1662=DIRECTION('',(1.,2.28050386158425E-17,4.93038065763133E-32));
#1663=DIRECTION('',(-1.11022302463323E-16,2.36658271566304E-29,1.));
#1664=DIRECTION('',(1.,2.60208521396269E-17,1.11022302463323E-16));
#1665=CARTESIAN_POINT('',(0.,0.,0.));
#1666=CARTESIAN_POINT('',(0.,0.,0.));
#1667=CARTESIAN_POINT('',(0.,0.,0.));
#1668=CARTESIAN_POINT('Origin',(47.0000000000001,93.000000000001,9.99999999999957));
#1669=CARTESIAN_POINT('',(46.9999990463261,93.000000000001,8.37499999999949));
#1670=CARTESIAN_POINT('Origin',(46.9999990463261,93.000000000001,9.99999999999957));
#1671=CARTESIAN_POINT('',(50.0000000000001,93.000000000001,8.37499999999949));
#1672=CARTESIAN_POINT('',(47.0000000000001,93.000000000001,8.37499999999957));
#1673=CARTESIAN_POINT('Origin',(50.0000000000001,93.000000000001,9.99999999999957));
#1674=CARTESIAN_POINT('Origin',(47.0000000000001,93.000000000001,-10.0000000000004));
#1675=CARTESIAN_POINT('',(46.9999990463261,93.000000000001,-11.6250000000005));
#1676=CARTESIAN_POINT('Origin',(46.9999990463261,93.000000000001,-10.0000000000004));
#1677=CARTESIAN_POINT('',(50.0000000000001,93.000000000001,-11.6250000000005));
#1678=CARTESIAN_POINT('',(47.0000000000001,93.000000000001,-11.6250000000004));
#1679=CARTESIAN_POINT('Origin',(50.0000000000001,93.000000000001,-10.0000000000004));
#1680=CARTESIAN_POINT('Origin',(47.0000000000001,78.000000000001,9.99999999999957));
#1681=CARTESIAN_POINT('',(46.9999990463261,78.000000000001,8.37499999999949));
#1682=CARTESIAN_POINT('Origin',(46.9999990463261,78.000000000001,9.99999999999957));
#1683=CARTESIAN_POINT('',(50.0000000000001,78.000000000001,8.37499999999949));
#1684=CARTESIAN_POINT('',(47.0000000000001,78.000000000001,8.37499999999957));
#1685=CARTESIAN_POINT('Origin',(50.0000000000001,78.000000000001,9.99999999999957));
#1686=CARTESIAN_POINT('Origin',(47.0000000000001,78.000000000001,-10.0000000000004));
#1687=CARTESIAN_POINT('',(46.9999990463261,78.000000000001,-11.6250000000005));
#1688=CARTESIAN_POINT('Origin',(46.9999990463261,78.000000000001,-10.0000000000004));
#1689=CARTESIAN_POINT('',(50.0000000000001,78.000000000001,-11.6250000000005));
#1690=CARTESIAN_POINT('',(47.0000000000001,78.000000000001,-11.6250000000004));
#1691=CARTESIAN_POINT('Origin',(50.0000000000001,78.000000000001,-10.0000000000004));
#1692=CARTESIAN_POINT('Origin',(47.0000000000001,85.500000000001,-4.2632564145606E-13));
#1693=CARTESIAN_POINT('',(47.0000000000001,73.650000000001,13.4999999999995));
#1694=CARTESIAN_POINT('',(47.0000000000001,73.650000000001,-13.5000000000005));
#1695=CARTESIAN_POINT('',(47.0000000000001,73.650000000001,-4.2632564145606E-13));
#1696=CARTESIAN_POINT('',(47.0000000000001,75.1339745962166,13.4999999999995));
#1697=CARTESIAN_POINT('',(47.0000000000001,84.250000000001,13.4999999999995));
#1698=CARTESIAN_POINT('',(47.0000000000001,75.5669872981088,13.2499999999995));
#1699=CARTESIAN_POINT('Origin',(47.0000000000001,75.1339745962166,12.9999999999995));
#1700=CARTESIAN_POINT('',(47.0000000000001,76.250000000001,13.9330127018916));
#1701=CARTESIAN_POINT('Origin',(47.0000000000001,76.000000000001,13.4999999999995));
#1702=CARTESIAN_POINT('',(47.0000000000001,76.000000000001,14.3660254037844));
#1703=CARTESIAN_POINT('Origin',(47.0000000000001,76.500000000001,14.3660254037844));
#1704=CARTESIAN_POINT('',(47.0000000000001,76.000000000001,17.4999999999996));
#1705=CARTESIAN_POINT('',(47.0000000000001,76.000000000001,4.99999999999957));
#1706=CARTESIAN_POINT('',(47.0000000000001,76.500000000001,17.9999999999995));
#1707=CARTESIAN_POINT('Origin',(47.0000000000001,76.500000000001,17.4999999999996));
#1708=CARTESIAN_POINT('',(47.0000000000001,82.500000000001,17.9999999999995));
#1709=CARTESIAN_POINT('',(47.0000000000001,95.000000000001,17.9999999999995));
#1710=CARTESIAN_POINT('',(47.0000000000001,83.000000000001,17.4999999999996));
#1711=CARTESIAN_POINT('Origin',(47.0000000000001,82.500000000001,17.4999999999996));
#1712=CARTESIAN_POINT('',(47.0000000000001,83.000000000001,14.3660254037844));
#1713=CARTESIAN_POINT('',(47.0000000000001,83.000000000001,12.9999999999995));
#1714=CARTESIAN_POINT('',(47.0000000000001,82.750000000001,13.9330127018916));
#1715=CARTESIAN_POINT('Origin',(47.0000000000001,82.500000000001,14.3660254037844));
#1716=CARTESIAN_POINT('',(47.0000000000001,83.4330127018932,13.2499999999995));
#1717=CARTESIAN_POINT('Origin',(47.0000000000001,83.000000000001,13.4999999999995));
#1718=CARTESIAN_POINT('',(47.0000000000001,83.8660254037854,13.4999999999995));
#1719=CARTESIAN_POINT('Origin',(47.0000000000001,83.8660254037854,12.9999999999995));
#1720=CARTESIAN_POINT('',(47.0000000000001,87.1339745962166,13.4999999999995));
#1721=CARTESIAN_POINT('',(47.0000000000001,84.250000000001,13.4999999999995));
#1722=CARTESIAN_POINT('',(47.0000000000001,87.5669872981088,13.2499999999995));
#1723=CARTESIAN_POINT('Origin',(47.0000000000001,87.1339745962166,12.9999999999995));
#1724=CARTESIAN_POINT('',(47.0000000000001,88.250000000001,13.9330127018916));
#1725=CARTESIAN_POINT('Origin',(47.0000000000001,88.000000000001,13.4999999999995));
#1726=CARTESIAN_POINT('',(47.0000000000001,88.000000000001,14.3660254037844));
#1727=CARTESIAN_POINT('Origin',(47.0000000000001,88.500000000001,14.3660254037844));
#1728=CARTESIAN_POINT('',(47.0000000000001,88.000000000001,17.4999999999996));
#1729=CARTESIAN_POINT('',(47.0000000000001,88.000000000001,9.99999999999957));
#1730=CARTESIAN_POINT('',(47.0000000000001,88.500000000001,17.9999999999995));
#1731=CARTESIAN_POINT('Origin',(47.0000000000001,88.500000000001,17.4999999999996));
#1732=CARTESIAN_POINT('',(47.0000000000001,94.500000000001,17.9999999999995));
#1733=CARTESIAN_POINT('',(47.0000000000001,95.000000000001,17.9999999999995));
#1734=CARTESIAN_POINT('',(47.0000000000001,95.000000000001,17.4999999999996));
#1735=CARTESIAN_POINT('Origin',(47.0000000000001,94.500000000001,17.4999999999996));
#1736=CARTESIAN_POINT('',(47.0000000000001,95.000000000001,14.3660254037844));
#1737=CARTESIAN_POINT('',(47.0000000000001,95.000000000001,7.99999999999955));
#1738=CARTESIAN_POINT('',(47.0000000000001,94.750000000001,13.9330127018916));
#1739=CARTESIAN_POINT('Origin',(47.0000000000001,94.500000000001,14.3660254037844));
#1740=CARTESIAN_POINT('',(47.0000000000001,95.4330127018932,13.2499999999995));
#1741=CARTESIAN_POINT('Origin',(47.0000000000001,95.000000000001,13.4999999999995));
#1742=CARTESIAN_POINT('',(47.0000000000001,95.8660254037854,13.4999999999995));
#1743=CARTESIAN_POINT('Origin',(47.0000000000001,95.8660254037854,12.9999999999995));
#1744=CARTESIAN_POINT('',(47.0000000000001,97.350000000001,13.4999999999995));
#1745=CARTESIAN_POINT('',(47.0000000000001,73.650000000001,13.4999999999995));
#1746=CARTESIAN_POINT('',(47.0000000000001,97.350000000001,-13.5000000000005));
#1747=CARTESIAN_POINT('',(47.0000000000001,97.350000000001,14.9999999999996));
#1748=CARTESIAN_POINT('',(47.0000000000001,95.8660254037853,-13.5000000000005));
#1749=CARTESIAN_POINT('',(47.0000000000001,73.650000000001,-13.5000000000005));
#1750=CARTESIAN_POINT('',(47.0000000000001,95.4330127018932,-13.2500000000005));
#1751=CARTESIAN_POINT('Origin',(47.0000000000001,95.8660254037853,-13.0000000000005));
#1752=CARTESIAN_POINT('',(47.0000000000001,94.750000000001,-13.9330127018924));
#1753=CARTESIAN_POINT('Origin',(47.0000000000001,95.000000000001,-13.5000000000005));
#1754=CARTESIAN_POINT('',(47.0000000000001,95.000000000001,-14.3660254037844));
#1755=CARTESIAN_POINT('Origin',(47.0000000000001,94.500000000001,-14.3660254037844));
#1756=CARTESIAN_POINT('',(47.0000000000001,95.000000000001,-17.5000000000004));
#1757=CARTESIAN_POINT('',(47.0000000000001,95.000000000001,-8.00000000000054));
#1758=CARTESIAN_POINT('',(47.0000000000001,94.500000000001,-18.0000000000005));
#1759=CARTESIAN_POINT('Origin',(47.0000000000001,94.500000000001,-17.5000000000004));
#1760=CARTESIAN_POINT('',(47.0000000000001,88.500000000001,-18.0000000000005));
#1761=CARTESIAN_POINT('',(47.0000000000001,95.000000000001,-18.0000000000005));
#1762=CARTESIAN_POINT('',(47.0000000000001,88.000000000001,-17.5000000000004));
#1763=CARTESIAN_POINT('Origin',(47.0000000000001,88.500000000001,-17.5000000000004));
#1764=CARTESIAN_POINT('',(47.0000000000001,88.000000000001,-14.3660254037844));
#1765=CARTESIAN_POINT('',(47.0000000000001,88.000000000001,-10.0000000000004));
#1766=CARTESIAN_POINT('',(47.0000000000001,88.250000000001,-13.9330127018924));
#1767=CARTESIAN_POINT('Origin',(47.0000000000001,88.500000000001,-14.3660254037844));
#1768=CARTESIAN_POINT('',(47.0000000000001,87.5669872981088,-13.2500000000005));
#1769=CARTESIAN_POINT('Origin',(47.0000000000001,88.000000000001,-13.5000000000005));
#1770=CARTESIAN_POINT('',(47.0000000000001,87.1339745962166,-13.5000000000005));
#1771=CARTESIAN_POINT('Origin',(47.0000000000001,87.1339745962166,-13.0000000000005));
#1772=CARTESIAN_POINT('',(47.0000000000001,83.8660254037853,-13.5000000000005));
#1773=CARTESIAN_POINT('',(47.0000000000001,84.250000000001,-13.5000000000005));
#1774=CARTESIAN_POINT('',(47.0000000000001,83.4330127018932,-13.2500000000005));
#1775=CARTESIAN_POINT('Origin',(47.0000000000001,83.8660254037853,-13.0000000000005));
#1776=CARTESIAN_POINT('',(47.0000000000001,82.750000000001,-13.9330127018924));
#1777=CARTESIAN_POINT('Origin',(47.0000000000001,83.000000000001,-13.5000000000005));
#1778=CARTESIAN_POINT('',(47.0000000000001,83.000000000001,-14.3660254037844));
#1779=CARTESIAN_POINT('Origin',(47.0000000000001,82.500000000001,-14.3660254037844));
#1780=CARTESIAN_POINT('',(47.0000000000001,83.000000000001,-17.5000000000004));
#1781=CARTESIAN_POINT('',(47.0000000000001,83.000000000001,-13.0000000000005));
#1782=CARTESIAN_POINT('',(47.0000000000001,82.500000000001,-18.0000000000005));
#1783=CARTESIAN_POINT('Origin',(47.0000000000001,82.500000000001,-17.5000000000004));
#1784=CARTESIAN_POINT('',(47.0000000000001,76.500000000001,-18.0000000000005));
#1785=CARTESIAN_POINT('',(47.0000000000001,95.000000000001,-18.0000000000005));
#1786=CARTESIAN_POINT('',(47.0000000000001,76.000000000001,-17.5000000000004));
#1787=CARTESIAN_POINT('Origin',(47.0000000000001,76.500000000001,-17.5000000000004));
#1788=CARTESIAN_POINT('',(47.0000000000001,76.000000000001,-14.3660254037844));
#1789=CARTESIAN_POINT('',(47.0000000000001,76.000000000001,-5.00000000000043));
#1790=CARTESIAN_POINT('',(47.0000000000001,76.250000000001,-13.9330127018924));
#1791=CARTESIAN_POINT('Origin',(47.0000000000001,76.500000000001,-14.3660254037844));
#1792=CARTESIAN_POINT('',(47.0000000000001,75.5669872981089,-13.2500000000005));
#1793=CARTESIAN_POINT('Origin',(47.0000000000001,76.000000000001,-13.5000000000005));
#1794=CARTESIAN_POINT('',(47.0000000000001,75.1339745962167,-13.5000000000005));
#1795=CARTESIAN_POINT('Origin',(47.0000000000001,75.1339745962167,-13.0000000000005));
#1796=CARTESIAN_POINT('',(47.0000000000001,84.250000000001,-13.5000000000005));
#1797=CARTESIAN_POINT('Origin',(47.0000000000001,88.500000000001,14.3660254037844));
#1798=CARTESIAN_POINT('',(50.0000000000001,88.250000000001,13.9330127018916));
#1799=CARTESIAN_POINT('',(50.0000000000001,88.000000000001,14.3660254037844));
#1800=CARTESIAN_POINT('Origin',(50.0000000000001,88.500000000001,14.3660254037844));
#1801=CARTESIAN_POINT('',(47.0000000000001,88.000000000001,14.3660254037844));
#1802=CARTESIAN_POINT('',(47.0000000000001,88.250000000001,13.9330127018916));
#1803=CARTESIAN_POINT('Origin',(47.0000000000001,88.000000000001,13.4999999999995));
#1804=CARTESIAN_POINT('',(50.0000000000001,87.5669872981088,13.2499999999995));
#1805=CARTESIAN_POINT('',(47.0000000000001,87.5669872981088,13.2499999999995));
#1806=CARTESIAN_POINT('Origin',(50.0000000000001,88.000000000001,13.4999999999995));
#1807=CARTESIAN_POINT('Origin',(47.0000000000001,95.8660254037853,-13.0000000000005));
#1808=CARTESIAN_POINT('',(50.0000000000001,95.8660254037853,-13.5000000000005));
#1809=CARTESIAN_POINT('',(47.0000000000001,95.8660254037853,-13.5000000000005));
#1810=CARTESIAN_POINT('',(50.0000000000001,95.4330127018932,-13.2500000000005));
#1811=CARTESIAN_POINT('Origin',(50.0000000000001,95.8660254037853,-13.0000000000005));
#1812=CARTESIAN_POINT('',(47.0000000000001,95.4330127018932,-13.2500000000005));
#1813=CARTESIAN_POINT('Origin',(47.0000000000001,95.000000000001,-13.5000000000005));
#1814=CARTESIAN_POINT('',(50.0000000000001,94.750000000001,-13.9330127018924));
#1815=CARTESIAN_POINT('Origin',(50.0000000000001,95.000000000001,-13.5000000000005));
#1816=CARTESIAN_POINT('',(47.0000000000001,94.750000000001,-13.9330127018924));
#1817=CARTESIAN_POINT('Origin',(47.0000000000001,94.500000000001,-14.3660254037844));
#1818=CARTESIAN_POINT('',(50.0000000000001,95.000000000001,-14.3660254037844));
#1819=CARTESIAN_POINT('Origin',(50.0000000000001,94.500000000001,-14.3660254037844));
#1820=CARTESIAN_POINT('',(47.0000000000001,95.000000000001,-14.3660254037844));
#1821=CARTESIAN_POINT('Origin',(47.0000000000001,88.500000000001,-14.3660254037844));
#1822=CARTESIAN_POINT('',(50.0000000000001,88.000000000001,-14.3660254037844));
#1823=CARTESIAN_POINT('',(47.0000000000001,88.000000000001,-14.3660254037844));
#1824=CARTESIAN_POINT('',(50.0000000000001,88.250000000001,-13.9330127018924));
#1825=CARTESIAN_POINT('Origin',(50.0000000000001,88.500000000001,-14.3660254037844));
#1826=CARTESIAN_POINT('',(47.0000000000001,88.250000000001,-13.9330127018924));
#1827=CARTESIAN_POINT('Origin',(47.0000000000001,88.000000000001,-13.5000000000005));
#1828=CARTESIAN_POINT('',(50.0000000000001,87.5669872981088,-13.2500000000005));
#1829=CARTESIAN_POINT('Origin',(50.0000000000001,88.000000000001,-13.5000000000005));
#1830=CARTESIAN_POINT('',(47.0000000000001,87.5669872981088,-13.2500000000005));
#1831=CARTESIAN_POINT('Origin',(47.0000000000001,87.1339745962166,-13.0000000000005));
#1832=CARTESIAN_POINT('',(50.0000000000001,87.1339745962166,-13.5000000000005));
#1833=CARTESIAN_POINT('Origin',(50.0000000000001,87.1339745962166,-13.0000000000005));
#1834=CARTESIAN_POINT('',(47.0000000000001,87.1339745962166,-13.5000000000005));
#1835=CARTESIAN_POINT('Origin',(47.0000000000001,83.8660254037853,-13.0000000000005));
#1836=CARTESIAN_POINT('',(50.0000000000001,83.8660254037853,-13.5000000000005));
#1837=CARTESIAN_POINT('',(47.0000000000001,83.8660254037853,-13.5000000000005));
#1838=CARTESIAN_POINT('',(50.0000000000001,83.4330127018932,-13.2500000000005));
#1839=CARTESIAN_POINT('Origin',(50.0000000000001,83.8660254037853,-13.0000000000005));
#1840=CARTESIAN_POINT('',(47.0000000000001,83.4330127018932,-13.2500000000005));
#1841=CARTESIAN_POINT('Origin',(47.0000000000001,83.000000000001,-13.5000000000005));
#1842=CARTESIAN_POINT('',(50.0000000000001,82.750000000001,-13.9330127018924));
#1843=CARTESIAN_POINT('Origin',(50.0000000000001,83.000000000001,-13.5000000000005));
#1844=CARTESIAN_POINT('',(47.0000000000001,82.750000000001,-13.9330127018924));
#1845=CARTESIAN_POINT('Origin',(47.0000000000001,82.500000000001,-14.3660254037844));
#1846=CARTESIAN_POINT('',(50.0000000000001,83.000000000001,-14.3660254037844));
#1847=CARTESIAN_POINT('Origin',(50.0000000000001,82.500000000001,-14.3660254037844));
#1848=CARTESIAN_POINT('',(47.0000000000001,83.000000000001,-14.3660254037844));
#1849=CARTESIAN_POINT('Origin',(47.0000000000001,76.500000000001,-14.3660254037844));
#1850=CARTESIAN_POINT('',(50.0000000000001,76.000000000001,-14.3660254037844));
#1851=CARTESIAN_POINT('',(47.0000000000001,76.000000000001,-14.3660254037844));
#1852=CARTESIAN_POINT('',(50.0000000000001,76.250000000001,-13.9330127018924));
#1853=CARTESIAN_POINT('Origin',(50.0000000000001,76.500000000001,-14.3660254037844));
#1854=CARTESIAN_POINT('',(47.0000000000001,76.250000000001,-13.9330127018924));
#1855=CARTESIAN_POINT('Origin',(47.0000000000001,76.000000000001,-13.5000000000005));
#1856=CARTESIAN_POINT('',(50.0000000000001,75.5669872981089,-13.2500000000005));
#1857=CARTESIAN_POINT('Origin',(50.0000000000001,76.000000000001,-13.5000000000005));
#1858=CARTESIAN_POINT('',(47.0000000000001,75.5669872981089,-13.2500000000005));
#1859=CARTESIAN_POINT('Origin',(47.0000000000001,75.1339745962167,-13.0000000000005));
#1860=CARTESIAN_POINT('',(50.0000000000001,75.1339745962167,-13.5000000000005));
#1861=CARTESIAN_POINT('Origin',(50.0000000000001,75.1339745962167,-13.0000000000005));
#1862=CARTESIAN_POINT('',(47.0000000000001,75.1339745962167,-13.5000000000005));
#1863=CARTESIAN_POINT('Origin',(47.0000000000001,76.500000000001,14.3660254037844));
#1864=CARTESIAN_POINT('',(50.0000000000001,76.250000000001,13.9330127018916));
#1865=CARTESIAN_POINT('',(50.0000000000001,76.000000000001,14.3660254037844));
#1866=CARTESIAN_POINT('Origin',(50.0000000000001,76.500000000001,14.3660254037844));
#1867=CARTESIAN_POINT('',(47.0000000000001,76.000000000001,14.3660254037844));
#1868=CARTESIAN_POINT('',(47.0000000000001,76.250000000001,13.9330127018916));
#1869=CARTESIAN_POINT('Origin',(47.0000000000001,76.000000000001,13.4999999999995));
#1870=CARTESIAN_POINT('',(50.0000000000001,75.5669872981088,13.2499999999995));
#1871=CARTESIAN_POINT('',(47.0000000000001,75.5669872981088,13.2499999999995));
#1872=CARTESIAN_POINT('Origin',(50.0000000000001,76.000000000001,13.4999999999995));
#1873=CARTESIAN_POINT('Origin',(47.0000000000001,83.8660254037854,12.9999999999995));
#1874=CARTESIAN_POINT('',(50.0000000000001,83.4330127018932,13.2499999999995));
#1875=CARTESIAN_POINT('',(50.0000000000001,83.8660254037854,13.4999999999995));
#1876=CARTESIAN_POINT('Origin',(50.0000000000001,83.8660254037854,12.9999999999995));
#1877=CARTESIAN_POINT('',(47.0000000000001,83.8660254037854,13.4999999999995));
#1878=CARTESIAN_POINT('',(47.0000000000001,83.4330127018932,13.2499999999995));
#1879=CARTESIAN_POINT('Origin',(47.0000000000001,83.000000000001,13.4999999999995));
#1880=CARTESIAN_POINT('',(50.0000000000001,87.1339745962166,13.4999999999995));
#1881=CARTESIAN_POINT('',(50.0000000000001,73.650000000001,13.4999999999995));
#1882=CARTESIAN_POINT('',(47.0000000000001,87.1339745962166,13.4999999999995));
#1883=CARTESIAN_POINT('Origin',(47.0000000000001,87.1339745962166,12.9999999999995));
#1884=CARTESIAN_POINT('Origin',(50.0000000000001,87.1339745962166,12.9999999999995));
#1885=CARTESIAN_POINT('Origin',(47.0000000000001,95.8660254037854,12.9999999999995));
#1886=CARTESIAN_POINT('',(50.0000000000001,95.4330127018932,13.2499999999995));
#1887=CARTESIAN_POINT('',(50.0000000000001,95.8660254037854,13.4999999999995));
#1888=CARTESIAN_POINT('Origin',(50.0000000000001,95.8660254037854,12.9999999999995));
#1889=CARTESIAN_POINT('',(47.0000000000001,95.8660254037854,13.4999999999995));
#1890=CARTESIAN_POINT('',(47.0000000000001,95.4330127018932,13.2499999999995));
#1891=CARTESIAN_POINT('Origin',(47.0000000000001,95.000000000001,13.4999999999995));
#1892=CARTESIAN_POINT('',(50.0000000000001,94.750000000001,13.9330127018916));
#1893=CARTESIAN_POINT('',(47.0000000000001,94.750000000001,13.9330127018916));
#1894=CARTESIAN_POINT('Origin',(50.0000000000001,95.000000000001,13.4999999999995));
#1895=CARTESIAN_POINT('Origin',(47.0000000000001,75.1339745962166,12.9999999999995));
#1896=CARTESIAN_POINT('',(50.0000000000001,75.1339745962166,13.4999999999995));
#1897=CARTESIAN_POINT('',(47.0000000000001,75.1339745962166,13.4999999999995));
#1898=CARTESIAN_POINT('Origin',(50.0000000000001,75.1339745962166,12.9999999999995));
#1899=CARTESIAN_POINT('Origin',(47.0000000000001,83.000000000001,13.4999999999995));
#1900=CARTESIAN_POINT('',(50.0000000000001,73.650000000001,13.4999999999995));
#1901=CARTESIAN_POINT('',(47.0000000000001,73.650000000001,13.4999999999995));
#1902=CARTESIAN_POINT('',(50.0000000000001,73.650000000001,13.4999999999995));
#1903=CARTESIAN_POINT('Origin',(47.0000000000001,82.500000000001,14.3660254037844));
#1904=CARTESIAN_POINT('',(50.0000000000001,83.000000000001,14.3660254037844));
#1905=CARTESIAN_POINT('',(47.0000000000001,83.000000000001,14.3660254037844));
#1906=CARTESIAN_POINT('',(50.0000000000001,82.750000000001,13.9330127018916));
#1907=CARTESIAN_POINT('Origin',(50.0000000000001,82.500000000001,14.3660254037844));
#1908=CARTESIAN_POINT('',(47.0000000000001,82.750000000001,13.9330127018916));
#1909=CARTESIAN_POINT('Origin',(47.0000000000001,83.000000000001,12.9999999999995));
#1910=CARTESIAN_POINT('',(50.0000000000001,83.000000000001,17.4999999999996));
#1911=CARTESIAN_POINT('',(47.0000000000001,83.000000000001,17.4999999999996));
#1912=CARTESIAN_POINT('',(50.0000000000001,83.000000000001,12.9999999999995));
#1913=CARTESIAN_POINT('Origin',(47.0000000000001,94.500000000001,14.3660254037844));
#1914=CARTESIAN_POINT('',(50.0000000000001,95.000000000001,14.3660254037844));
#1915=CARTESIAN_POINT('',(47.0000000000001,95.000000000001,14.3660254037844));
#1916=CARTESIAN_POINT('Origin',(50.0000000000001,94.500000000001,14.3660254037844));
#1917=CARTESIAN_POINT('Origin',(47.0000000000001,83.000000000001,13.4999999999995));
#1918=CARTESIAN_POINT('Origin',(50.0000000000001,83.000000000001,13.4999999999995));
#1919=CARTESIAN_POINT('Origin',(47.0000000000001,83.000000000001,-13.5000000000005));
#1920=CARTESIAN_POINT('',(50.0000000000001,97.350000000001,-13.5000000000005));
#1921=CARTESIAN_POINT('',(47.0000000000001,97.350000000001,-13.5000000000005));
#1922=CARTESIAN_POINT('',(50.0000000000001,73.650000000001,-13.5000000000005));
#1923=CARTESIAN_POINT('Origin',(47.0000000000001,83.000000000001,13.4999999999995));
#1924=CARTESIAN_POINT('',(50.0000000000001,97.350000000001,13.4999999999995));
#1925=CARTESIAN_POINT('',(50.0000000000001,73.650000000001,13.4999999999995));
#1926=CARTESIAN_POINT('',(47.0000000000001,97.350000000001,13.4999999999995));
#1927=CARTESIAN_POINT('Origin',(47.0000000000001,83.000000000001,-13.5000000000005));
#1928=CARTESIAN_POINT('',(50.0000000000001,73.650000000001,-13.5000000000005));
#1929=CARTESIAN_POINT('Origin',(47.0000000000001,83.000000000001,-13.5000000000005));
#1930=CARTESIAN_POINT('',(50.0000000000001,73.650000000001,-13.5000000000005));
#1931=CARTESIAN_POINT('',(50.0000000000001,73.650000000001,-13.5000000000005));
#1932=CARTESIAN_POINT('',(47.0000000000001,73.650000000001,-13.5000000000005));
#1933=CARTESIAN_POINT('Origin',(50.0000000000001,85.500000000001,-4.2632564145606E-13));
#1934=CARTESIAN_POINT('',(50.0000000000001,73.650000000001,-4.2632564145606E-13));
#1935=CARTESIAN_POINT('',(50.0000000000001,76.000000000001,-17.5000000000004));
#1936=CARTESIAN_POINT('',(50.0000000000001,76.000000000001,-5.00000000000043));
#1937=CARTESIAN_POINT('',(50.0000000000001,76.500000000001,-18.0000000000005));
#1938=CARTESIAN_POINT('Origin',(50.0000000000001,76.500000000001,-17.5000000000004));
#1939=CARTESIAN_POINT('',(50.0000000000001,82.500000000001,-18.0000000000005));
#1940=CARTESIAN_POINT('',(50.0000000000001,95.000000000001,-18.0000000000005));
#1941=CARTESIAN_POINT('',(50.0000000000001,83.000000000001,-17.5000000000004));
#1942=CARTESIAN_POINT('Origin',(50.0000000000001,82.500000000001,-17.5000000000004));
#1943=CARTESIAN_POINT('',(50.0000000000001,83.000000000001,-13.0000000000005));
#1944=CARTESIAN_POINT('',(50.0000000000001,88.000000000001,-17.5000000000004));
#1945=CARTESIAN_POINT('',(50.0000000000001,88.000000000001,-10.0000000000004));
#1946=CARTESIAN_POINT('',(50.0000000000001,88.500000000001,-18.0000000000005));
#1947=CARTESIAN_POINT('Origin',(50.0000000000001,88.500000000001,-17.5000000000004));
#1948=CARTESIAN_POINT('',(50.0000000000001,94.500000000001,-18.0000000000005));
#1949=CARTESIAN_POINT('',(50.0000000000001,95.000000000001,-18.0000000000005));
#1950=CARTESIAN_POINT('',(50.0000000000001,95.000000000001,-17.5000000000004));
#1951=CARTESIAN_POINT('Origin',(50.0000000000001,94.500000000001,-17.5000000000004));
#1952=CARTESIAN_POINT('',(50.0000000000001,95.000000000001,-8.00000000000054));
#1953=CARTESIAN_POINT('',(50.0000000000001,97.350000000001,-15.0000000000004));
#1954=CARTESIAN_POINT('',(50.0000000000001,95.000000000001,17.4999999999996));
#1955=CARTESIAN_POINT('',(50.0000000000001,95.000000000001,7.99999999999955));
#1956=CARTESIAN_POINT('',(50.0000000000001,94.500000000001,17.9999999999995));
#1957=CARTESIAN_POINT('Origin',(50.0000000000001,94.500000000001,17.4999999999996));
#1958=CARTESIAN_POINT('',(50.0000000000001,88.500000000001,17.9999999999995));
#1959=CARTESIAN_POINT('',(50.0000000000001,95.000000000001,17.9999999999995));
#1960=CARTESIAN_POINT('',(50.0000000000001,88.000000000001,17.4999999999996));
#1961=CARTESIAN_POINT('Origin',(50.0000000000001,88.500000000001,17.4999999999996));
#1962=CARTESIAN_POINT('',(50.0000000000001,88.000000000001,9.99999999999957));
#1963=CARTESIAN_POINT('',(50.0000000000001,82.500000000001,17.9999999999995));
#1964=CARTESIAN_POINT('Origin',(50.0000000000001,82.500000000001,17.4999999999996));
#1965=CARTESIAN_POINT('',(50.0000000000001,76.500000000001,17.9999999999995));
#1966=CARTESIAN_POINT('',(50.0000000000001,95.000000000001,17.9999999999995));
#1967=CARTESIAN_POINT('',(50.0000000000001,76.000000000001,17.4999999999996));
#1968=CARTESIAN_POINT('Origin',(50.0000000000001,76.500000000001,17.4999999999996));
#1969=CARTESIAN_POINT('',(50.0000000000001,76.000000000001,4.99999999999957));
#1970=CARTESIAN_POINT('Origin',(47.0000000000001,88.000000000001,-10.0000000000004));
#1971=CARTESIAN_POINT('',(47.0000000000001,88.000000000001,-17.5000000000004));
#1972=CARTESIAN_POINT('Origin',(47.0000000000001,76.000000000001,-5.00000000000043));
#1973=CARTESIAN_POINT('',(47.0000000000001,76.000000000001,-17.5000000000004));
#1974=CARTESIAN_POINT('Origin',(47.0000000000001,88.000000000001,9.99999999999957));
#1975=CARTESIAN_POINT('',(47.0000000000001,88.000000000001,17.4999999999996));
#1976=CARTESIAN_POINT('Origin',(47.0000000000001,95.000000000001,7.99999999999955));
#1977=CARTESIAN_POINT('',(47.0000000000001,95.000000000001,17.4999999999996));
#1978=CARTESIAN_POINT('Origin',(47.0000000000001,95.000000000001,-8.00000000000054));
#1979=CARTESIAN_POINT('',(47.0000000000001,95.000000000001,-17.5000000000004));
#1980=CARTESIAN_POINT('Origin',(47.0000000000001,83.000000000001,-13.0000000000005));
#1981=CARTESIAN_POINT('',(47.0000000000001,83.000000000001,-17.5000000000004));
#1982=CARTESIAN_POINT('Origin',(47.0000000000001,76.000000000001,4.99999999999957));
#1983=CARTESIAN_POINT('',(47.0000000000001,76.000000000001,17.4999999999996));
#1984=CARTESIAN_POINT('Origin',(47.0000000000001,94.500000000001,17.4999999999996));
#1985=CARTESIAN_POINT('',(47.0000000000001,94.500000000001,17.9999999999995));
#1986=CARTESIAN_POINT('Origin',(47.0000000000001,76.000000000001,17.9999999999995));
#1987=CARTESIAN_POINT('',(47.0000000000001,88.500000000001,17.9999999999995));
#1988=CARTESIAN_POINT('Origin',(47.0000000000001,88.500000000001,17.4999999999996));
#1989=CARTESIAN_POINT('Origin',(47.0000000000001,76.500000000001,17.4999999999996));
#1990=CARTESIAN_POINT('',(47.0000000000001,76.500000000001,17.9999999999995));
#1991=CARTESIAN_POINT('Origin',(47.0000000000001,76.000000000001,17.9999999999995));
#1992=CARTESIAN_POINT('',(47.0000000000001,82.500000000001,17.9999999999995));
#1993=CARTESIAN_POINT('Origin',(47.0000000000001,82.500000000001,17.4999999999996));
#1994=CARTESIAN_POINT('Origin',(47.0000000000001,94.500000000001,-17.5000000000004));
#1995=CARTESIAN_POINT('',(47.0000000000001,94.500000000001,-18.0000000000005));
#1996=CARTESIAN_POINT('Origin',(47.0000000000001,76.000000000001,-18.0000000000005));
#1997=CARTESIAN_POINT('',(47.0000000000001,88.500000000001,-18.0000000000005));
#1998=CARTESIAN_POINT('Origin',(47.0000000000001,88.500000000001,-17.5000000000004));
#1999=CARTESIAN_POINT('Origin',(47.0000000000001,76.500000000001,-17.5000000000004));
#2000=CARTESIAN_POINT('',(47.0000000000001,76.500000000001,-18.0000000000005));
#2001=CARTESIAN_POINT('Origin',(47.0000000000001,82.500000000001,-17.5000000000004));
#2002=CARTESIAN_POINT('',(47.0000000000001,82.500000000001,-18.0000000000005));
#2003=CARTESIAN_POINT('Origin',(47.0000000000001,76.000000000001,-18.0000000000005));
#2004=CARTESIAN_POINT('Origin',(47.0000000000001,97.350000000001,-15.0000000000004));
#2005=CARTESIAN_POINT('Origin',(47.0000000000001,73.650000000001,-4.2632564145606E-13));
#2006=CARTESIAN_POINT('',(-347.,-123.,0.));
#2007=CARTESIAN_POINT('',(-7.00006149153936,6.3497493726894,694.999522435471));
#2008=UNCERTAINTY_MEASURE_WITH_UNIT(LENGTH_MEASURE(0.01),#2016,
'DISTANCE_ACCURACY_VALUE',
'Maximum model space distance between geometric entities at asserted c
onnectivities');
#2009=UNCERTAINTY_MEASURE_WITH_UNIT(LENGTH_MEASURE(0.01),#2016,
'DISTANCE_ACCURACY_VALUE',
'Maximum model space distance between geometric entities at asserted c
onnectivities');
#2010=UNCERTAINTY_MEASURE_WITH_UNIT(LENGTH_MEASURE(0.01),#2016,
'DISTANCE_ACCURACY_VALUE',
'Maximum model space distance between geometric entities at asserted c
onnectivities');
#2011=UNCERTAINTY_MEASURE_WITH_UNIT(LENGTH_MEASURE(0.01),#2016,
'DISTANCE_ACCURACY_VALUE',
'Maximum model space distance between geometric entities at asserted c
onnectivities');
#2012=(
GEOMETRIC_REPRESENTATION_CONTEXT(3)
GLOBAL_UNCERTAINTY_ASSIGNED_CONTEXT((#2008))
GLOBAL_UNIT_ASSIGNED_CONTEXT((#2016,#2018,#2019))
REPRESENTATION_CONTEXT('','3D')
);
#2013=(
GEOMETRIC_REPRESENTATION_CONTEXT(3)
GLOBAL_UNCERTAINTY_ASSIGNED_CONTEXT((#2009))
GLOBAL_UNIT_ASSIGNED_CONTEXT((#2016,#2018,#2019))
REPRESENTATION_CONTEXT('','3D')
);
#2014=(
GEOMETRIC_REPRESENTATION_CONTEXT(3)
GLOBAL_UNCERTAINTY_ASSIGNED_CONTEXT((#2010))
GLOBAL_UNIT_ASSIGNED_CONTEXT((#2016,#2018,#2019))
REPRESENTATION_CONTEXT('','3D')
);
#2015=(
GEOMETRIC_REPRESENTATION_CONTEXT(3)
GLOBAL_UNCERTAINTY_ASSIGNED_CONTEXT((#2011))
GLOBAL_UNIT_ASSIGNED_CONTEXT((#2016,#2018,#2019))
REPRESENTATION_CONTEXT('','3D')
);
#2016=(
LENGTH_UNIT()
NAMED_UNIT(*)
SI_UNIT(.MILLI.,.METRE.)
);
#2017=(
LENGTH_UNIT()
NAMED_UNIT(*)
SI_UNIT($,.METRE.)
);
#2018=(
NAMED_UNIT(*)
PLANE_ANGLE_UNIT()
SI_UNIT($,.RADIAN.)
);
#2019=(
NAMED_UNIT(*)
SI_UNIT($,.STERADIAN.)
SOLID_ANGLE_UNIT()
);
#2020=SHAPE_DEFINITION_REPRESENTATION(#2023,#2028);
#2021=SHAPE_DEFINITION_REPRESENTATION(#2024,#2029);
#2022=SHAPE_DEFINITION_REPRESENTATION(#2025,#2030);
#2023=PRODUCT_DEFINITION_SHAPE('',$,#2032);
#2024=PRODUCT_DEFINITION_SHAPE('',$,#2033);
#2025=PRODUCT_DEFINITION_SHAPE('',$,#2034);
#2026=PRODUCT_DEFINITION_SHAPE($,$,#17);
#2027=PRODUCT_DEFINITION_SHAPE($,$,#18);
#2028=SHAPE_REPRESENTATION('',(#1164,#1298),#2012);
#2029=SHAPE_REPRESENTATION('',(#1165,#1297),#2013);
#2030=SHAPE_REPRESENTATION('',(#1166),#2014);
#2031=PRODUCT_DEFINITION_CONTEXT('part definition',#2042,'design');
#2032=PRODUCT_DEFINITION('2026-08-06-20-18-19-490','(Unsaved)',#2035,#2031);
#2033=PRODUCT_DEFINITION('2026-08-22-19-56-40-349',
'_Sheet_metal_9mm_AWD_left_XY_joint (1) (1)',#2036,#2031);
#2034=PRODUCT_DEFINITION('2026-08-22-21-17-05-477',
'Sheet_metal_9mm_XY_joint_c_3-3.2mm (1) (1)',#2037,#2031);
#2035=PRODUCT_DEFINITION_FORMATION('',$,#2044);
#2036=PRODUCT_DEFINITION_FORMATION('',$,#2045);
#2037=PRODUCT_DEFINITION_FORMATION('',$,#2046);
#2038=PRODUCT_RELATED_PRODUCT_CATEGORY('(Unsaved)','(Unsaved)',(#2044));
#2039=PRODUCT_RELATED_PRODUCT_CATEGORY(
'_Sheet_metal_9mm_AWD_left_XY_joint (1) (1)',
'_Sheet_metal_9mm_AWD_left_XY_joint (1) (1)',(#2045));
#2040=PRODUCT_RELATED_PRODUCT_CATEGORY(
'Sheet_metal_9mm_XY_joint_c_3-3.2mm (1) (1)',
'Sheet_metal_9mm_XY_joint_c_3-3.2mm (1) (1)',(#2046));
#2041=APPLICATION_PROTOCOL_DEFINITION('international standard',
'automotive_design',2009,#2042);
#2042=APPLICATION_CONTEXT(
'Core Data for Automotive Mechanical Design Process');
#2043=PRODUCT_CONTEXT('part definition',#2042,'mechanical');
#2044=PRODUCT('2026-08-06-20-18-19-490','(Unsaved)',$,(#2043));
#2045=PRODUCT('2026-08-22-19-56-40-349',
'_Sheet_metal_9mm_AWD_left_XY_joint (1) (1)',$,(#2043));
#2046=PRODUCT('2026-08-22-21-17-05-477',
'Sheet_metal_9mm_XY_joint_c_3-3.2mm (1) (1)',$,(#2043));
#2047=PRESENTATION_STYLE_ASSIGNMENT((#2049));
#2048=PRESENTATION_STYLE_ASSIGNMENT((#2050));
#2049=SURFACE_STYLE_USAGE(.BOTH.,#2051);
#2050=SURFACE_STYLE_USAGE(.BOTH.,#2052);
#2051=SURFACE_SIDE_STYLE('',(#2053));
#2052=SURFACE_SIDE_STYLE('',(#2054));
#2053=SURFACE_STYLE_FILL_AREA(#2055);
#2054=SURFACE_STYLE_FILL_AREA(#2056);
#2055=FILL_AREA_STYLE('Steel - Satin',(#2057));
#2056=FILL_AREA_STYLE('Opaque(245,245,246)',(#2058));
#2057=FILL_AREA_STYLE_COLOUR('Steel - Satin',#2059);
#2058=FILL_AREA_STYLE_COLOUR('Opaque(245,245,246)',#2060);
#2059=COLOUR_RGB('Steel - Satin',0.627450980392157,0.627450980392157,0.627450980392157);
#2060=COLOUR_RGB('Opaque(245,245,246)',0.96078431372549,0.96078431372549,
0.964705882352941);
ENDSEC;
END-ISO-10303-21;
