ISO-10303-21;
HEADER;
/* Generated by software containing ST-Developer
 * from STEP Tools, Inc. (www.steptools.com) 
 */

FILE_DESCRIPTION(
/* description */ (''),
/* implementation_level */ '2;1');

FILE_NAME(
/* name */ 'Combined_ Sheet_metal_9mm_spacer_c_1.step',
/* time_stamp */ '2026-08-22T22:17:08-05:00',
/* author */ (''),
/* organization */ (''),
/* preprocessor_version */ 'ST-DEVELOPER v20.1',
/* originating_system */ 'Autodesk Translation Framework v15.8.0.0',
/* authorisation */ '');

FILE_SCHEMA (('AUTOMOTIVE_DESIGN { 1 0 10303 214 3 1 1 }'));
ENDSEC;

DATA;
#10=MECHANICAL_DESIGN_GEOMETRIC_PRESENTATION_REPRESENTATION('',(#17),#6765);
#11=ITEM_DEFINED_TRANSFORMATION($,$,#3966,#4380);
#12=(
REPRESENTATION_RELATIONSHIP($,$,#6776,#6775)
REPRESENTATION_RELATIONSHIP_WITH_TRANSFORMATION(#11)
SHAPE_REPRESENTATION_RELATIONSHIP()
);
#13=CONTEXT_DEPENDENT_SHAPE_REPRESENTATION(#12,#6774);
#14=NEXT_ASSEMBLY_USAGE_OCCURRENCE(
'Combined_Sheet_metal_9mm_spacer_c_1.5mm:1',
'Combined_Sheet_metal_9mm_spacer_c_1.5mm:1',
'Combined_Sheet_metal_9mm_spacer_c_1.5mm:1',#6778,#6779,
'Combined_Sheet_metal_9mm_spacer_c_1.5mm:1');
#15=SHAPE_REPRESENTATION_RELATIONSHIP('SRR','None',#6776,#16);
#16=ADVANCED_BREP_SHAPE_REPRESENTATION('',(#18),#6764);
#17=STYLED_ITEM('',(#6790),#18);
#18=MANIFOLD_SOLID_BREP('Body1',#3952);
#19=FACE_BOUND('',#712,.T.);
#20=FACE_BOUND('',#713,.T.);
#21=FACE_BOUND('',#714,.T.);
#22=FACE_BOUND('',#715,.T.);
#23=FACE_BOUND('',#716,.T.);
#24=FACE_BOUND('',#720,.T.);
#25=FACE_BOUND('',#721,.T.);
#26=FACE_BOUND('',#722,.T.);
#27=FACE_BOUND('',#723,.T.);
#28=FACE_BOUND('',#724,.T.);
#29=FACE_BOUND('',#727,.T.);
#30=FACE_BOUND('',#728,.T.);
#31=FACE_BOUND('',#729,.T.);
#32=FACE_BOUND('',#730,.T.);
#33=FACE_BOUND('',#731,.T.);
#34=FACE_BOUND('',#732,.T.);
#35=FACE_BOUND('',#733,.T.);
#36=FACE_BOUND('',#734,.T.);
#37=FACE_BOUND('',#735,.T.);
#38=FACE_BOUND('',#736,.T.);
#39=CIRCLE('',#3984,1.);
#40=CIRCLE('',#3985,1.);
#41=CIRCLE('',#3987,0.5);
#42=CIRCLE('',#3988,0.5);
#43=CIRCLE('',#3991,0.500000000000007);
#44=CIRCLE('',#3992,0.500000000000007);
#45=CIRCLE('',#3994,0.500000000000024);
#46=CIRCLE('',#3995,0.500000000000024);
#47=CIRCLE('',#3998,0.500000000000003);
#48=CIRCLE('',#3999,0.500000000000003);
#49=CIRCLE('',#4001,0.5);
#50=CIRCLE('',#4002,0.5);
#51=CIRCLE('',#4005,0.499999999999998);
#52=CIRCLE('',#4006,0.499999999999998);
#53=CIRCLE('',#4008,0.500000000000018);
#54=CIRCLE('',#4009,0.500000000000018);
#55=CIRCLE('',#4011,0.499999999999999);
#56=CIRCLE('',#4012,0.499999999999999);
#57=CIRCLE('',#4015,1.5);
#58=CIRCLE('',#4016,1.5);
#59=CIRCLE('',#4018,1.5);
#60=CIRCLE('',#4019,1.5);
#61=CIRCLE('',#4022,1.50000499016666);
#62=CIRCLE('',#4023,1.50000499016666);
#63=CIRCLE('',#4026,1.50000000000002);
#64=CIRCLE('',#4027,1.50000000000002);
#65=CIRCLE('',#4029,1.49999999999962);
#66=CIRCLE('',#4030,1.49999999999962);
#67=CIRCLE('',#4033,1.49999759932389);
#68=CIRCLE('',#4034,1.49999759932389);
#69=CIRCLE('',#4037,0.5);
#70=CIRCLE('',#4038,0.5);
#71=CIRCLE('',#4041,0.499999999999999);
#72=CIRCLE('',#4042,0.499999999999999);
#73=CIRCLE('',#4045,0.500000000000025);
#74=CIRCLE('',#4046,0.500000000000025);
#75=CIRCLE('',#4048,1.5);
#76=CIRCLE('',#4049,1.5);
#77=CIRCLE('',#4051,1.5);
#78=CIRCLE('',#4052,1.5);
#79=CIRCLE('',#4055,0.5);
#80=CIRCLE('',#4056,0.5);
#81=CIRCLE('',#4060,1.54999999999999);
#82=CIRCLE('',#4061,1.54999999999999);
#83=CIRCLE('',#4063,1.54999999999999);
#84=CIRCLE('',#4064,1.54999999999999);
#85=CIRCLE('',#4066,0.500000000000025);
#86=CIRCLE('',#4067,0.500000000000025);
#87=CIRCLE('',#4069,0.500000000000024);
#88=CIRCLE('',#4070,0.500000000000024);
#89=CIRCLE('',#4072,0.499999999999992);
#90=CIRCLE('',#4073,0.499999999999992);
#91=CIRCLE('',#4075,0.499999999999995);
#92=CIRCLE('',#4076,0.499999999999995);
#93=CIRCLE('',#4088,0.499999999999995);
#94=CIRCLE('',#4089,0.499999999999995);
#95=CIRCLE('',#4091,0.499999999999992);
#96=CIRCLE('',#4092,0.499999999999992);
#97=CIRCLE('',#4094,0.500000000000024);
#98=CIRCLE('',#4095,0.500000000000024);
#99=CIRCLE('',#4097,0.500000000000025);
#100=CIRCLE('',#4098,0.500000000000025);
#101=CIRCLE('',#4100,1.54999999999999);
#102=CIRCLE('',#4101,1.54999999999999);
#103=CIRCLE('',#4103,1.54999999999999);
#104=CIRCLE('',#4104,1.54999999999999);
#105=CIRCLE('',#4108,0.5);
#106=CIRCLE('',#4109,0.5);
#107=CIRCLE('',#4112,1.5);
#108=CIRCLE('',#4113,1.5);
#109=CIRCLE('',#4115,1.5);
#110=CIRCLE('',#4116,1.5);
#111=CIRCLE('',#4118,0.500000000000025);
#112=CIRCLE('',#4119,0.500000000000025);
#113=CIRCLE('',#4122,0.499999999999999);
#114=CIRCLE('',#4123,0.499999999999999);
#115=CIRCLE('',#4126,0.5);
#116=CIRCLE('',#4127,0.5);
#117=CIRCLE('',#4130,1.49999759932389);
#118=CIRCLE('',#4131,1.49999759932389);
#119=CIRCLE('',#4134,1.49999999999962);
#120=CIRCLE('',#4135,1.49999999999962);
#121=CIRCLE('',#4138,1.50000000000002);
#122=CIRCLE('',#4139,1.50000000000002);
#123=CIRCLE('',#4142,1.50000499016666);
#124=CIRCLE('',#4143,1.50000499016666);
#125=CIRCLE('',#4146,1.5);
#126=CIRCLE('',#4147,1.5);
#127=CIRCLE('',#4149,1.5);
#128=CIRCLE('',#4150,1.5);
#129=CIRCLE('',#4153,0.499999999999999);
#130=CIRCLE('',#4154,0.499999999999999);
#131=CIRCLE('',#4156,0.500000000000018);
#132=CIRCLE('',#4157,0.500000000000018);
#133=CIRCLE('',#4159,0.499999999999998);
#134=CIRCLE('',#4160,0.499999999999998);
#135=CIRCLE('',#4163,0.5);
#136=CIRCLE('',#4164,0.5);
#137=CIRCLE('',#4166,0.500000000000003);
#138=CIRCLE('',#4167,0.500000000000003);
#139=CIRCLE('',#4170,0.500000000000024);
#140=CIRCLE('',#4171,0.500000000000024);
#141=CIRCLE('',#4173,0.500000000000007);
#142=CIRCLE('',#4174,0.500000000000007);
#143=CIRCLE('',#4177,0.5);
#144=CIRCLE('',#4178,0.5);
#145=CIRCLE('',#4180,1.);
#146=CIRCLE('',#4181,1.);
#147=CIRCLE('',#4185,0.499999999999995);
#148=CIRCLE('',#4186,0.499999999999995);
#149=CIRCLE('',#4188,0.499999999999992);
#150=CIRCLE('',#4189,0.499999999999992);
#151=CIRCLE('',#4191,0.500000000000024);
#152=CIRCLE('',#4192,0.500000000000024);
#153=CIRCLE('',#4194,0.500000000000025);
#154=CIRCLE('',#4195,0.500000000000025);
#155=CIRCLE('',#4197,1.54999999999999);
#156=CIRCLE('',#4198,1.54999999999999);
#157=CIRCLE('',#4200,1.54999999999999);
#158=CIRCLE('',#4201,1.54999999999999);
#159=CIRCLE('',#4205,0.5);
#160=CIRCLE('',#4206,0.5);
#161=CIRCLE('',#4209,1.5);
#162=CIRCLE('',#4210,1.5);
#163=CIRCLE('',#4212,1.5);
#164=CIRCLE('',#4213,1.5);
#165=CIRCLE('',#4215,0.500000000000025);
#166=CIRCLE('',#4216,0.500000000000025);
#167=CIRCLE('',#4219,0.499999999999999);
#168=CIRCLE('',#4220,0.499999999999999);
#169=CIRCLE('',#4223,0.5);
#170=CIRCLE('',#4224,0.5);
#171=CIRCLE('',#4227,1.49999759932389);
#172=CIRCLE('',#4228,1.49999759932389);
#173=CIRCLE('',#4231,1.49999999999962);
#174=CIRCLE('',#4232,1.49999999999962);
#175=CIRCLE('',#4235,1.50000000000002);
#176=CIRCLE('',#4236,1.50000000000002);
#177=CIRCLE('',#4239,1.50000499016666);
#178=CIRCLE('',#4240,1.50000499016666);
#179=CIRCLE('',#4243,1.5);
#180=CIRCLE('',#4244,1.5);
#181=CIRCLE('',#4246,1.5);
#182=CIRCLE('',#4247,1.5);
#183=CIRCLE('',#4250,0.499999999999999);
#184=CIRCLE('',#4251,0.499999999999999);
#185=CIRCLE('',#4253,0.500000000000018);
#186=CIRCLE('',#4254,0.500000000000018);
#187=CIRCLE('',#4256,0.499999999999998);
#188=CIRCLE('',#4257,0.499999999999998);
#189=CIRCLE('',#4260,0.5);
#190=CIRCLE('',#4261,0.5);
#191=CIRCLE('',#4263,0.500000000000003);
#192=CIRCLE('',#4264,0.500000000000003);
#193=CIRCLE('',#4267,0.500000000000024);
#194=CIRCLE('',#4268,0.500000000000024);
#195=CIRCLE('',#4270,0.500000000000007);
#196=CIRCLE('',#4271,0.500000000000007);
#197=CIRCLE('',#4274,0.5);
#198=CIRCLE('',#4275,0.5);
#199=CIRCLE('',#4278,1.);
#200=CIRCLE('',#4279,1.);
#201=CIRCLE('',#4284,1.5);
#202=CIRCLE('',#4285,1.50000499016666);
#203=CIRCLE('',#4286,1.50000000000002);
#204=CIRCLE('',#4287,1.49999759932389);
#205=CIRCLE('',#4288,1.49999999999962);
#206=CIRCLE('',#4289,1.5);
#207=CIRCLE('',#4290,1.);
#208=CIRCLE('',#4291,1.5);
#209=CIRCLE('',#4292,0.500000000000025);
#210=CIRCLE('',#4293,0.500000000000024);
#211=CIRCLE('',#4294,0.499999999999992);
#212=CIRCLE('',#4295,0.499999999999999);
#213=CIRCLE('',#4296,0.5);
#214=CIRCLE('',#4297,0.500000000000025);
#215=CIRCLE('',#4298,0.499999999999995);
#216=CIRCLE('',#4299,0.5);
#217=CIRCLE('',#4300,0.5);
#218=CIRCLE('',#4301,0.500000000000007);
#219=CIRCLE('',#4302,0.500000000000024);
#220=CIRCLE('',#4303,0.500000000000003);
#221=CIRCLE('',#4304,0.5);
#222=CIRCLE('',#4305,0.499999999999998);
#223=CIRCLE('',#4306,0.500000000000018);
#224=CIRCLE('',#4307,0.499999999999999);
#225=CIRCLE('',#4308,1.5);
#226=CIRCLE('',#4309,1.54999999999999);
#227=CIRCLE('',#4310,1.54999999999999);
#228=CIRCLE('',#4312,1.);
#229=CIRCLE('',#4314,1.5);
#230=CIRCLE('',#4315,1.49999999999962);
#231=CIRCLE('',#4316,1.49999759932389);
#232=CIRCLE('',#4317,1.50000000000002);
#233=CIRCLE('',#4318,1.50000499016666);
#234=CIRCLE('',#4319,1.5);
#235=CIRCLE('',#4320,1.5);
#236=CIRCLE('',#4321,0.499999999999999);
#237=CIRCLE('',#4322,0.500000000000018);
#238=CIRCLE('',#4323,0.499999999999998);
#239=CIRCLE('',#4324,0.5);
#240=CIRCLE('',#4325,0.500000000000003);
#241=CIRCLE('',#4326,0.500000000000024);
#242=CIRCLE('',#4327,0.500000000000007);
#243=CIRCLE('',#4328,0.5);
#244=CIRCLE('',#4329,0.5);
#245=CIRCLE('',#4330,0.499999999999995);
#246=CIRCLE('',#4331,0.500000000000025);
#247=CIRCLE('',#4332,0.5);
#248=CIRCLE('',#4333,0.499999999999999);
#249=CIRCLE('',#4334,0.499999999999992);
#250=CIRCLE('',#4335,0.500000000000024);
#251=CIRCLE('',#4336,0.500000000000025);
#252=CIRCLE('',#4337,1.5);
#253=CIRCLE('',#4338,1.54999999999999);
#254=CIRCLE('',#4339,1.54999999999999);
#255=CYLINDRICAL_SURFACE('',#3983,1.);
#256=CYLINDRICAL_SURFACE('',#3986,0.5);
#257=CYLINDRICAL_SURFACE('',#3990,0.500000000000007);
#258=CYLINDRICAL_SURFACE('',#3993,0.500000000000024);
#259=CYLINDRICAL_SURFACE('',#3997,0.500000000000003);
#260=CYLINDRICAL_SURFACE('',#4000,0.5);
#261=CYLINDRICAL_SURFACE('',#4004,0.499999999999998);
#262=CYLINDRICAL_SURFACE('',#4007,0.500000000000018);
#263=CYLINDRICAL_SURFACE('',#4010,0.499999999999999);
#264=CYLINDRICAL_SURFACE('',#4014,1.5);
#265=CYLINDRICAL_SURFACE('',#4017,1.5);
#266=CYLINDRICAL_SURFACE('',#4021,1.50000499016666);
#267=CYLINDRICAL_SURFACE('',#4025,1.50000000000002);
#268=CYLINDRICAL_SURFACE('',#4028,1.49999999999962);
#269=CYLINDRICAL_SURFACE('',#4032,1.49999759932389);
#270=CYLINDRICAL_SURFACE('',#4036,0.5);
#271=CYLINDRICAL_SURFACE('',#4040,0.499999999999999);
#272=CYLINDRICAL_SURFACE('',#4044,0.500000000000025);
#273=CYLINDRICAL_SURFACE('',#4047,1.5);
#274=CYLINDRICAL_SURFACE('',#4050,1.5);
#275=CYLINDRICAL_SURFACE('',#4054,0.5);
#276=CYLINDRICAL_SURFACE('',#4059,1.54999999999999);
#277=CYLINDRICAL_SURFACE('',#4062,1.54999999999999);
#278=CYLINDRICAL_SURFACE('',#4065,0.500000000000025);
#279=CYLINDRICAL_SURFACE('',#4068,0.500000000000024);
#280=CYLINDRICAL_SURFACE('',#4071,0.499999999999992);
#281=CYLINDRICAL_SURFACE('',#4074,0.499999999999995);
#282=CYLINDRICAL_SURFACE('',#4087,0.499999999999995);
#283=CYLINDRICAL_SURFACE('',#4090,0.499999999999992);
#284=CYLINDRICAL_SURFACE('',#4093,0.500000000000024);
#285=CYLINDRICAL_SURFACE('',#4096,0.500000000000025);
#286=CYLINDRICAL_SURFACE('',#4099,1.54999999999999);
#287=CYLINDRICAL_SURFACE('',#4102,1.54999999999999);
#288=CYLINDRICAL_SURFACE('',#4107,0.5);
#289=CYLINDRICAL_SURFACE('',#4111,1.5);
#290=CYLINDRICAL_SURFACE('',#4114,1.5);
#291=CYLINDRICAL_SURFACE('',#4117,0.500000000000025);
#292=CYLINDRICAL_SURFACE('',#4121,0.499999999999999);
#293=CYLINDRICAL_SURFACE('',#4125,0.5);
#294=CYLINDRICAL_SURFACE('',#4129,1.49999759932389);
#295=CYLINDRICAL_SURFACE('',#4133,1.49999999999962);
#296=CYLINDRICAL_SURFACE('',#4137,1.50000000000002);
#297=CYLINDRICAL_SURFACE('',#4141,1.50000499016666);
#298=CYLINDRICAL_SURFACE('',#4145,1.5);
#299=CYLINDRICAL_SURFACE('',#4148,1.5);
#300=CYLINDRICAL_SURFACE('',#4152,0.499999999999999);
#301=CYLINDRICAL_SURFACE('',#4155,0.500000000000018);
#302=CYLINDRICAL_SURFACE('',#4158,0.499999999999998);
#303=CYLINDRICAL_SURFACE('',#4162,0.5);
#304=CYLINDRICAL_SURFACE('',#4165,0.500000000000003);
#305=CYLINDRICAL_SURFACE('',#4169,0.500000000000024);
#306=CYLINDRICAL_SURFACE('',#4172,0.500000000000007);
#307=CYLINDRICAL_SURFACE('',#4176,0.5);
#308=CYLINDRICAL_SURFACE('',#4179,1.);
#309=CYLINDRICAL_SURFACE('',#4184,0.499999999999995);
#310=CYLINDRICAL_SURFACE('',#4187,0.499999999999992);
#311=CYLINDRICAL_SURFACE('',#4190,0.500000000000024);
#312=CYLINDRICAL_SURFACE('',#4193,0.500000000000025);
#313=CYLINDRICAL_SURFACE('',#4196,1.54999999999999);
#314=CYLINDRICAL_SURFACE('',#4199,1.54999999999999);
#315=CYLINDRICAL_SURFACE('',#4204,0.5);
#316=CYLINDRICAL_SURFACE('',#4208,1.5);
#317=CYLINDRICAL_SURFACE('',#4211,1.5);
#318=CYLINDRICAL_SURFACE('',#4214,0.500000000000025);
#319=CYLINDRICAL_SURFACE('',#4218,0.499999999999999);
#320=CYLINDRICAL_SURFACE('',#4222,0.5);
#321=CYLINDRICAL_SURFACE('',#4226,1.49999759932389);
#322=CYLINDRICAL_SURFACE('',#4230,1.49999999999962);
#323=CYLINDRICAL_SURFACE('',#4234,1.50000000000002);
#324=CYLINDRICAL_SURFACE('',#4238,1.50000499016666);
#325=CYLINDRICAL_SURFACE('',#4242,1.5);
#326=CYLINDRICAL_SURFACE('',#4245,1.5);
#327=CYLINDRICAL_SURFACE('',#4249,0.499999999999999);
#328=CYLINDRICAL_SURFACE('',#4252,0.500000000000018);
#329=CYLINDRICAL_SURFACE('',#4255,0.499999999999998);
#330=CYLINDRICAL_SURFACE('',#4259,0.5);
#331=CYLINDRICAL_SURFACE('',#4262,0.500000000000003);
#332=CYLINDRICAL_SURFACE('',#4266,0.500000000000024);
#333=CYLINDRICAL_SURFACE('',#4269,0.500000000000007);
#334=CYLINDRICAL_SURFACE('',#4273,0.5);
#335=CYLINDRICAL_SURFACE('',#4277,1.);
#336=CYLINDRICAL_SURFACE('',#4311,1.);
#337=CYLINDRICAL_SURFACE('',#4340,0.5);
#338=CYLINDRICAL_SURFACE('',#4342,0.500000000000007);
#339=CYLINDRICAL_SURFACE('',#4343,0.500000000000024);
#340=CYLINDRICAL_SURFACE('',#4345,0.500000000000003);
#341=CYLINDRICAL_SURFACE('',#4346,0.5);
#342=CYLINDRICAL_SURFACE('',#4348,0.499999999999998);
#343=CYLINDRICAL_SURFACE('',#4349,0.500000000000018);
#344=CYLINDRICAL_SURFACE('',#4350,0.499999999999999);
#345=CYLINDRICAL_SURFACE('',#4352,1.5);
#346=CYLINDRICAL_SURFACE('',#4353,1.5);
#347=CYLINDRICAL_SURFACE('',#4355,1.50000499016666);
#348=CYLINDRICAL_SURFACE('',#4357,1.50000000000002);
#349=CYLINDRICAL_SURFACE('',#4359,1.49999999999962);
#350=CYLINDRICAL_SURFACE('',#4361,1.49999759932389);
#351=CYLINDRICAL_SURFACE('',#4363,0.5);
#352=CYLINDRICAL_SURFACE('',#4365,0.499999999999999);
#353=CYLINDRICAL_SURFACE('',#4367,0.500000000000025);
#354=CYLINDRICAL_SURFACE('',#4368,1.5);
#355=CYLINDRICAL_SURFACE('',#4369,1.5);
#356=CYLINDRICAL_SURFACE('',#4371,0.5);
#357=CYLINDRICAL_SURFACE('',#4374,1.54999999999999);
#358=CYLINDRICAL_SURFACE('',#4375,1.54999999999999);
#359=CYLINDRICAL_SURFACE('',#4376,0.500000000000025);
#360=CYLINDRICAL_SURFACE('',#4377,0.500000000000024);
#361=CYLINDRICAL_SURFACE('',#4378,0.499999999999992);
#362=CYLINDRICAL_SURFACE('',#4379,0.499999999999995);
#363=FACE_OUTER_BOUND('',#560,.T.);
#364=FACE_OUTER_BOUND('',#561,.T.);
#365=FACE_OUTER_BOUND('',#562,.T.);
#366=FACE_OUTER_BOUND('',#563,.T.);
#367=FACE_OUTER_BOUND('',#564,.T.);
#368=FACE_OUTER_BOUND('',#565,.T.);
#369=FACE_OUTER_BOUND('',#566,.T.);
#370=FACE_OUTER_BOUND('',#567,.T.);
#371=FACE_OUTER_BOUND('',#568,.T.);
#372=FACE_OUTER_BOUND('',#569,.T.);
#373=FACE_OUTER_BOUND('',#570,.T.);
#374=FACE_OUTER_BOUND('',#571,.T.);
#375=FACE_OUTER_BOUND('',#572,.T.);
#376=FACE_OUTER_BOUND('',#573,.T.);
#377=FACE_OUTER_BOUND('',#574,.T.);
#378=FACE_OUTER_BOUND('',#575,.T.);
#379=FACE_OUTER_BOUND('',#576,.T.);
#380=FACE_OUTER_BOUND('',#577,.T.);
#381=FACE_OUTER_BOUND('',#578,.T.);
#382=FACE_OUTER_BOUND('',#579,.T.);
#383=FACE_OUTER_BOUND('',#580,.T.);
#384=FACE_OUTER_BOUND('',#581,.T.);
#385=FACE_OUTER_BOUND('',#582,.T.);
#386=FACE_OUTER_BOUND('',#583,.T.);
#387=FACE_OUTER_BOUND('',#584,.T.);
#388=FACE_OUTER_BOUND('',#585,.T.);
#389=FACE_OUTER_BOUND('',#586,.T.);
#390=FACE_OUTER_BOUND('',#587,.T.);
#391=FACE_OUTER_BOUND('',#588,.T.);
#392=FACE_OUTER_BOUND('',#589,.T.);
#393=FACE_OUTER_BOUND('',#590,.T.);
#394=FACE_OUTER_BOUND('',#591,.T.);
#395=FACE_OUTER_BOUND('',#592,.T.);
#396=FACE_OUTER_BOUND('',#593,.T.);
#397=FACE_OUTER_BOUND('',#594,.T.);
#398=FACE_OUTER_BOUND('',#595,.T.);
#399=FACE_OUTER_BOUND('',#596,.T.);
#400=FACE_OUTER_BOUND('',#597,.T.);
#401=FACE_OUTER_BOUND('',#598,.T.);
#402=FACE_OUTER_BOUND('',#599,.T.);
#403=FACE_OUTER_BOUND('',#600,.T.);
#404=FACE_OUTER_BOUND('',#601,.T.);
#405=FACE_OUTER_BOUND('',#602,.T.);
#406=FACE_OUTER_BOUND('',#603,.T.);
#407=FACE_OUTER_BOUND('',#604,.T.);
#408=FACE_OUTER_BOUND('',#605,.T.);
#409=FACE_OUTER_BOUND('',#606,.T.);
#410=FACE_OUTER_BOUND('',#607,.T.);
#411=FACE_OUTER_BOUND('',#608,.T.);
#412=FACE_OUTER_BOUND('',#609,.T.);
#413=FACE_OUTER_BOUND('',#610,.T.);
#414=FACE_OUTER_BOUND('',#611,.T.);
#415=FACE_OUTER_BOUND('',#612,.T.);
#416=FACE_OUTER_BOUND('',#613,.T.);
#417=FACE_OUTER_BOUND('',#614,.T.);
#418=FACE_OUTER_BOUND('',#615,.T.);
#419=FACE_OUTER_BOUND('',#616,.T.);
#420=FACE_OUTER_BOUND('',#617,.T.);
#421=FACE_OUTER_BOUND('',#618,.T.);
#422=FACE_OUTER_BOUND('',#619,.T.);
#423=FACE_OUTER_BOUND('',#620,.T.);
#424=FACE_OUTER_BOUND('',#621,.T.);
#425=FACE_OUTER_BOUND('',#622,.T.);
#426=FACE_OUTER_BOUND('',#623,.T.);
#427=FACE_OUTER_BOUND('',#624,.T.);
#428=FACE_OUTER_BOUND('',#625,.T.);
#429=FACE_OUTER_BOUND('',#626,.T.);
#430=FACE_OUTER_BOUND('',#627,.T.);
#431=FACE_OUTER_BOUND('',#628,.T.);
#432=FACE_OUTER_BOUND('',#629,.T.);
#433=FACE_OUTER_BOUND('',#630,.T.);
#434=FACE_OUTER_BOUND('',#631,.T.);
#435=FACE_OUTER_BOUND('',#632,.T.);
#436=FACE_OUTER_BOUND('',#633,.T.);
#437=FACE_OUTER_BOUND('',#634,.T.);
#438=FACE_OUTER_BOUND('',#635,.T.);
#439=FACE_OUTER_BOUND('',#636,.T.);
#440=FACE_OUTER_BOUND('',#637,.T.);
#441=FACE_OUTER_BOUND('',#638,.T.);
#442=FACE_OUTER_BOUND('',#639,.T.);
#443=FACE_OUTER_BOUND('',#640,.T.);
#444=FACE_OUTER_BOUND('',#641,.T.);
#445=FACE_OUTER_BOUND('',#642,.T.);
#446=FACE_OUTER_BOUND('',#643,.T.);
#447=FACE_OUTER_BOUND('',#644,.T.);
#448=FACE_OUTER_BOUND('',#645,.T.);
#449=FACE_OUTER_BOUND('',#646,.T.);
#450=FACE_OUTER_BOUND('',#647,.T.);
#451=FACE_OUTER_BOUND('',#648,.T.);
#452=FACE_OUTER_BOUND('',#649,.T.);
#453=FACE_OUTER_BOUND('',#650,.T.);
#454=FACE_OUTER_BOUND('',#651,.T.);
#455=FACE_OUTER_BOUND('',#652,.T.);
#456=FACE_OUTER_BOUND('',#653,.T.);
#457=FACE_OUTER_BOUND('',#654,.T.);
#458=FACE_OUTER_BOUND('',#655,.T.);
#459=FACE_OUTER_BOUND('',#656,.T.);
#460=FACE_OUTER_BOUND('',#657,.T.);
#461=FACE_OUTER_BOUND('',#658,.T.);
#462=FACE_OUTER_BOUND('',#659,.T.);
#463=FACE_OUTER_BOUND('',#660,.T.);
#464=FACE_OUTER_BOUND('',#661,.T.);
#465=FACE_OUTER_BOUND('',#662,.T.);
#466=FACE_OUTER_BOUND('',#663,.T.);
#467=FACE_OUTER_BOUND('',#664,.T.);
#468=FACE_OUTER_BOUND('',#665,.T.);
#469=FACE_OUTER_BOUND('',#666,.T.);
#470=FACE_OUTER_BOUND('',#667,.T.);
#471=FACE_OUTER_BOUND('',#668,.T.);
#472=FACE_OUTER_BOUND('',#669,.T.);
#473=FACE_OUTER_BOUND('',#670,.T.);
#474=FACE_OUTER_BOUND('',#671,.T.);
#475=FACE_OUTER_BOUND('',#672,.T.);
#476=FACE_OUTER_BOUND('',#673,.T.);
#477=FACE_OUTER_BOUND('',#674,.T.);
#478=FACE_OUTER_BOUND('',#675,.T.);
#479=FACE_OUTER_BOUND('',#676,.T.);
#480=FACE_OUTER_BOUND('',#677,.T.);
#481=FACE_OUTER_BOUND('',#678,.T.);
#482=FACE_OUTER_BOUND('',#679,.T.);
#483=FACE_OUTER_BOUND('',#680,.T.);
#484=FACE_OUTER_BOUND('',#681,.T.);
#485=FACE_OUTER_BOUND('',#682,.T.);
#486=FACE_OUTER_BOUND('',#683,.T.);
#487=FACE_OUTER_BOUND('',#684,.T.);
#488=FACE_OUTER_BOUND('',#685,.T.);
#489=FACE_OUTER_BOUND('',#686,.T.);
#490=FACE_OUTER_BOUND('',#687,.T.);
#491=FACE_OUTER_BOUND('',#688,.T.);
#492=FACE_OUTER_BOUND('',#689,.T.);
#493=FACE_OUTER_BOUND('',#690,.T.);
#494=FACE_OUTER_BOUND('',#691,.T.);
#495=FACE_OUTER_BOUND('',#692,.T.);
#496=FACE_OUTER_BOUND('',#693,.T.);
#497=FACE_OUTER_BOUND('',#694,.T.);
#498=FACE_OUTER_BOUND('',#695,.T.);
#499=FACE_OUTER_BOUND('',#696,.T.);
#500=FACE_OUTER_BOUND('',#697,.T.);
#501=FACE_OUTER_BOUND('',#698,.T.);
#502=FACE_OUTER_BOUND('',#699,.T.);
#503=FACE_OUTER_BOUND('',#700,.T.);
#504=FACE_OUTER_BOUND('',#701,.T.);
#505=FACE_OUTER_BOUND('',#702,.T.);
#506=FACE_OUTER_BOUND('',#703,.T.);
#507=FACE_OUTER_BOUND('',#704,.T.);
#508=FACE_OUTER_BOUND('',#705,.T.);
#509=FACE_OUTER_BOUND('',#706,.T.);
#510=FACE_OUTER_BOUND('',#707,.T.);
#511=FACE_OUTER_BOUND('',#708,.T.);
#512=FACE_OUTER_BOUND('',#709,.T.);
#513=FACE_OUTER_BOUND('',#710,.T.);
#514=FACE_OUTER_BOUND('',#711,.T.);
#515=FACE_OUTER_BOUND('',#717,.T.);
#516=FACE_OUTER_BOUND('',#718,.T.);
#517=FACE_OUTER_BOUND('',#719,.T.);
#518=FACE_OUTER_BOUND('',#725,.T.);
#519=FACE_OUTER_BOUND('',#726,.T.);
#520=FACE_OUTER_BOUND('',#737,.T.);
#521=FACE_OUTER_BOUND('',#738,.T.);
#522=FACE_OUTER_BOUND('',#739,.T.);
#523=FACE_OUTER_BOUND('',#740,.T.);
#524=FACE_OUTER_BOUND('',#741,.T.);
#525=FACE_OUTER_BOUND('',#742,.T.);
#526=FACE_OUTER_BOUND('',#743,.T.);
#527=FACE_OUTER_BOUND('',#744,.T.);
#528=FACE_OUTER_BOUND('',#745,.T.);
#529=FACE_OUTER_BOUND('',#746,.T.);
#530=FACE_OUTER_BOUND('',#747,.T.);
#531=FACE_OUTER_BOUND('',#748,.T.);
#532=FACE_OUTER_BOUND('',#749,.T.);
#533=FACE_OUTER_BOUND('',#750,.T.);
#534=FACE_OUTER_BOUND('',#751,.T.);
#535=FACE_OUTER_BOUND('',#752,.T.);
#536=FACE_OUTER_BOUND('',#753,.T.);
#537=FACE_OUTER_BOUND('',#754,.T.);
#538=FACE_OUTER_BOUND('',#755,.T.);
#539=FACE_OUTER_BOUND('',#756,.T.);
#540=FACE_OUTER_BOUND('',#757,.T.);
#541=FACE_OUTER_BOUND('',#758,.T.);
#542=FACE_OUTER_BOUND('',#759,.T.);
#543=FACE_OUTER_BOUND('',#760,.T.);
#544=FACE_OUTER_BOUND('',#761,.T.);
#545=FACE_OUTER_BOUND('',#762,.T.);
#546=FACE_OUTER_BOUND('',#763,.T.);
#547=FACE_OUTER_BOUND('',#764,.T.);
#548=FACE_OUTER_BOUND('',#765,.T.);
#549=FACE_OUTER_BOUND('',#766,.T.);
#550=FACE_OUTER_BOUND('',#767,.T.);
#551=FACE_OUTER_BOUND('',#768,.T.);
#552=FACE_OUTER_BOUND('',#769,.T.);
#553=FACE_OUTER_BOUND('',#770,.T.);
#554=FACE_OUTER_BOUND('',#771,.T.);
#555=FACE_OUTER_BOUND('',#772,.T.);
#556=FACE_OUTER_BOUND('',#773,.T.);
#557=FACE_OUTER_BOUND('',#774,.T.);
#558=FACE_OUTER_BOUND('',#775,.T.);
#559=FACE_OUTER_BOUND('',#776,.T.);
#560=EDGE_LOOP('',(#2494,#2495,#2496,#2497));
#561=EDGE_LOOP('',(#2498,#2499,#2500,#2501));
#562=EDGE_LOOP('',(#2502,#2503,#2504,#2505));
#563=EDGE_LOOP('',(#2506,#2507,#2508,#2509));
#564=EDGE_LOOP('',(#2510,#2511,#2512,#2513));
#565=EDGE_LOOP('',(#2514,#2515,#2516,#2517));
#566=EDGE_LOOP('',(#2518,#2519,#2520,#2521));
#567=EDGE_LOOP('',(#2522,#2523,#2524,#2525));
#568=EDGE_LOOP('',(#2526,#2527,#2528,#2529));
#569=EDGE_LOOP('',(#2530,#2531,#2532,#2533));
#570=EDGE_LOOP('',(#2534,#2535,#2536,#2537,#2538));
#571=EDGE_LOOP('',(#2539,#2540,#2541,#2542));
#572=EDGE_LOOP('',(#2543,#2544,#2545,#2546,#2547));
#573=EDGE_LOOP('',(#2548,#2549,#2550,#2551,#2552,#2553,#2554,#2555));
#574=EDGE_LOOP('',(#2556,#2557,#2558,#2559));
#575=EDGE_LOOP('',(#2560,#2561,#2562,#2563));
#576=EDGE_LOOP('',(#2564,#2565,#2566,#2567));
#577=EDGE_LOOP('',(#2568,#2569,#2570,#2571));
#578=EDGE_LOOP('',(#2572,#2573,#2574,#2575));
#579=EDGE_LOOP('',(#2576,#2577,#2578,#2579));
#580=EDGE_LOOP('',(#2580,#2581,#2582,#2583));
#581=EDGE_LOOP('',(#2584,#2585,#2586,#2587));
#582=EDGE_LOOP('',(#2588,#2589,#2590,#2591));
#583=EDGE_LOOP('',(#2592,#2593,#2594,#2595));
#584=EDGE_LOOP('',(#2596,#2597,#2598,#2599));
#585=EDGE_LOOP('',(#2600,#2601,#2602,#2603));
#586=EDGE_LOOP('',(#2604,#2605,#2606,#2607));
#587=EDGE_LOOP('',(#2608,#2609,#2610,#2611));
#588=EDGE_LOOP('',(#2612,#2613,#2614,#2615));
#589=EDGE_LOOP('',(#2616,#2617,#2618,#2619));
#590=EDGE_LOOP('',(#2620,#2621,#2622,#2623));
#591=EDGE_LOOP('',(#2624,#2625,#2626,#2627));
#592=EDGE_LOOP('',(#2628,#2629,#2630,#2631));
#593=EDGE_LOOP('',(#2632,#2633,#2634,#2635));
#594=EDGE_LOOP('',(#2636,#2637,#2638,#2639,#2640));
#595=EDGE_LOOP('',(#2641,#2642,#2643,#2644));
#596=EDGE_LOOP('',(#2645,#2646,#2647,#2648));
#597=EDGE_LOOP('',(#2649,#2650,#2651,#2652,#2653));
#598=EDGE_LOOP('',(#2654,#2655,#2656,#2657));
#599=EDGE_LOOP('',(#2658,#2659,#2660,#2661));
#600=EDGE_LOOP('',(#2662,#2663,#2664,#2665));
#601=EDGE_LOOP('',(#2666,#2667,#2668,#2669));
#602=EDGE_LOOP('',(#2670,#2671,#2672,#2673));
#603=EDGE_LOOP('',(#2674,#2675,#2676,#2677));
#604=EDGE_LOOP('',(#2678,#2679,#2680,#2681));
#605=EDGE_LOOP('',(#2682,#2683,#2684,#2685));
#606=EDGE_LOOP('',(#2686,#2687,#2688,#2689));
#607=EDGE_LOOP('',(#2690,#2691,#2692,#2693));
#608=EDGE_LOOP('',(#2694,#2695,#2696,#2697));
#609=EDGE_LOOP('',(#2698,#2699,#2700,#2701));
#610=EDGE_LOOP('',(#2702,#2703,#2704,#2705));
#611=EDGE_LOOP('',(#2706,#2707,#2708,#2709));
#612=EDGE_LOOP('',(#2710,#2711,#2712,#2713));
#613=EDGE_LOOP('',(#2714,#2715,#2716,#2717));
#614=EDGE_LOOP('',(#2718,#2719,#2720,#2721));
#615=EDGE_LOOP('',(#2722,#2723,#2724,#2725));
#616=EDGE_LOOP('',(#2726,#2727,#2728,#2729));
#617=EDGE_LOOP('',(#2730,#2731,#2732,#2733));
#618=EDGE_LOOP('',(#2734,#2735,#2736,#2737));
#619=EDGE_LOOP('',(#2738,#2739,#2740,#2741));
#620=EDGE_LOOP('',(#2742,#2743,#2744,#2745));
#621=EDGE_LOOP('',(#2746,#2747,#2748,#2749));
#622=EDGE_LOOP('',(#2750,#2751,#2752,#2753));
#623=EDGE_LOOP('',(#2754,#2755,#2756,#2757));
#624=EDGE_LOOP('',(#2758,#2759,#2760,#2761));
#625=EDGE_LOOP('',(#2762,#2763,#2764,#2765));
#626=EDGE_LOOP('',(#2766,#2767,#2768,#2769));
#627=EDGE_LOOP('',(#2770,#2771,#2772,#2773));
#628=EDGE_LOOP('',(#2774,#2775,#2776,#2777));
#629=EDGE_LOOP('',(#2778,#2779,#2780,#2781));
#630=EDGE_LOOP('',(#2782,#2783,#2784,#2785));
#631=EDGE_LOOP('',(#2786,#2787,#2788,#2789));
#632=EDGE_LOOP('',(#2790,#2791,#2792,#2793));
#633=EDGE_LOOP('',(#2794,#2795,#2796,#2797));
#634=EDGE_LOOP('',(#2798,#2799,#2800,#2801));
#635=EDGE_LOOP('',(#2802,#2803,#2804,#2805));
#636=EDGE_LOOP('',(#2806,#2807,#2808,#2809));
#637=EDGE_LOOP('',(#2810,#2811,#2812,#2813));
#638=EDGE_LOOP('',(#2814,#2815,#2816,#2817));
#639=EDGE_LOOP('',(#2818,#2819,#2820,#2821));
#640=EDGE_LOOP('',(#2822,#2823,#2824,#2825));
#641=EDGE_LOOP('',(#2826,#2827,#2828,#2829));
#642=EDGE_LOOP('',(#2830,#2831,#2832,#2833));
#643=EDGE_LOOP('',(#2834,#2835,#2836,#2837));
#644=EDGE_LOOP('',(#2838,#2839,#2840,#2841));
#645=EDGE_LOOP('',(#2842,#2843,#2844,#2845));
#646=EDGE_LOOP('',(#2846,#2847,#2848,#2849));
#647=EDGE_LOOP('',(#2850,#2851,#2852,#2853));
#648=EDGE_LOOP('',(#2854,#2855,#2856,#2857));
#649=EDGE_LOOP('',(#2858,#2859,#2860,#2861));
#650=EDGE_LOOP('',(#2862,#2863,#2864,#2865));
#651=EDGE_LOOP('',(#2866,#2867,#2868,#2869));
#652=EDGE_LOOP('',(#2870,#2871,#2872,#2873));
#653=EDGE_LOOP('',(#2874,#2875,#2876,#2877));
#654=EDGE_LOOP('',(#2878,#2879,#2880,#2881));
#655=EDGE_LOOP('',(#2882,#2883,#2884,#2885));
#656=EDGE_LOOP('',(#2886,#2887,#2888,#2889));
#657=EDGE_LOOP('',(#2890,#2891,#2892,#2893));
#658=EDGE_LOOP('',(#2894,#2895,#2896,#2897));
#659=EDGE_LOOP('',(#2898,#2899,#2900,#2901));
#660=EDGE_LOOP('',(#2902,#2903,#2904,#2905));
#661=EDGE_LOOP('',(#2906,#2907,#2908,#2909));
#662=EDGE_LOOP('',(#2910,#2911,#2912,#2913));
#663=EDGE_LOOP('',(#2914,#2915,#2916,#2917));
#664=EDGE_LOOP('',(#2918,#2919,#2920,#2921));
#665=EDGE_LOOP('',(#2922,#2923,#2924,#2925));
#666=EDGE_LOOP('',(#2926,#2927,#2928,#2929));
#667=EDGE_LOOP('',(#2930,#2931,#2932,#2933));
#668=EDGE_LOOP('',(#2934,#2935,#2936,#2937));
#669=EDGE_LOOP('',(#2938,#2939,#2940,#2941));
#670=EDGE_LOOP('',(#2942,#2943,#2944,#2945));
#671=EDGE_LOOP('',(#2946,#2947,#2948,#2949));
#672=EDGE_LOOP('',(#2950,#2951,#2952,#2953));
#673=EDGE_LOOP('',(#2954,#2955,#2956,#2957));
#674=EDGE_LOOP('',(#2958,#2959,#2960,#2961));
#675=EDGE_LOOP('',(#2962,#2963,#2964,#2965));
#676=EDGE_LOOP('',(#2966,#2967,#2968,#2969));
#677=EDGE_LOOP('',(#2970,#2971,#2972,#2973));
#678=EDGE_LOOP('',(#2974,#2975,#2976,#2977));
#679=EDGE_LOOP('',(#2978,#2979,#2980,#2981));
#680=EDGE_LOOP('',(#2982,#2983,#2984,#2985));
#681=EDGE_LOOP('',(#2986,#2987,#2988,#2989));
#682=EDGE_LOOP('',(#2990,#2991,#2992,#2993));
#683=EDGE_LOOP('',(#2994,#2995,#2996,#2997));
#684=EDGE_LOOP('',(#2998,#2999,#3000,#3001));
#685=EDGE_LOOP('',(#3002,#3003,#3004,#3005));
#686=EDGE_LOOP('',(#3006,#3007,#3008,#3009));
#687=EDGE_LOOP('',(#3010,#3011,#3012,#3013));
#688=EDGE_LOOP('',(#3014,#3015,#3016,#3017));
#689=EDGE_LOOP('',(#3018,#3019,#3020,#3021));
#690=EDGE_LOOP('',(#3022,#3023,#3024,#3025,#3026,#3027,#3028,#3029,#3030,
#3031));
#691=EDGE_LOOP('',(#3032,#3033,#3034,#3035,#3036));
#692=EDGE_LOOP('',(#3037,#3038,#3039,#3040));
#693=EDGE_LOOP('',(#3041,#3042,#3043,#3044));
#694=EDGE_LOOP('',(#3045,#3046,#3047,#3048));
#695=EDGE_LOOP('',(#3049,#3050,#3051,#3052));
#696=EDGE_LOOP('',(#3053,#3054,#3055,#3056));
#697=EDGE_LOOP('',(#3057,#3058,#3059,#3060));
#698=EDGE_LOOP('',(#3061,#3062,#3063,#3064));
#699=EDGE_LOOP('',(#3065,#3066,#3067,#3068));
#700=EDGE_LOOP('',(#3069,#3070,#3071,#3072));
#701=EDGE_LOOP('',(#3073,#3074,#3075,#3076));
#702=EDGE_LOOP('',(#3077,#3078,#3079,#3080));
#703=EDGE_LOOP('',(#3081,#3082,#3083,#3084));
#704=EDGE_LOOP('',(#3085,#3086,#3087,#3088));
#705=EDGE_LOOP('',(#3089,#3090,#3091,#3092));
#706=EDGE_LOOP('',(#3093,#3094,#3095,#3096));
#707=EDGE_LOOP('',(#3097,#3098,#3099,#3100));
#708=EDGE_LOOP('',(#3101,#3102,#3103,#3104));
#709=EDGE_LOOP('',(#3105,#3106,#3107,#3108));
#710=EDGE_LOOP('',(#3109,#3110,#3111,#3112));
#711=EDGE_LOOP('',(#3113,#3114,#3115,#3116,#3117,#3118,#3119,#3120,#3121,
#3122,#3123,#3124,#3125,#3126,#3127,#3128,#3129,#3130,#3131,#3132,#3133,
#3134,#3135,#3136,#3137,#3138,#3139,#3140,#3141));
#712=EDGE_LOOP('',(#3142,#3143,#3144,#3145,#3146,#3147,#3148,#3149,#3150,
#3151,#3152,#3153,#3154,#3155,#3156,#3157,#3158,#3159,#3160,#3161,#3162,
#3163,#3164,#3165,#3166,#3167,#3168,#3169,#3170,#3171,#3172,#3173,#3174,
#3175,#3176,#3177,#3178,#3179,#3180,#3181,#3182,#3183,#3184,#3185,#3186,
#3187,#3188,#3189,#3190,#3191,#3192,#3193,#3194,#3195,#3196,#3197,#3198,
#3199,#3200,#3201,#3202,#3203));
#713=EDGE_LOOP('',(#3204));
#714=EDGE_LOOP('',(#3205));
#715=EDGE_LOOP('',(#3206));
#716=EDGE_LOOP('',(#3207));
#717=EDGE_LOOP('',(#3208,#3209,#3210,#3211));
#718=EDGE_LOOP('',(#3212,#3213,#3214,#3215));
#719=EDGE_LOOP('',(#3216,#3217,#3218,#3219,#3220,#3221,#3222,#3223,#3224,
#3225,#3226,#3227,#3228,#3229,#3230,#3231,#3232,#3233,#3234,#3235,#3236,
#3237,#3238,#3239,#3240,#3241,#3242,#3243));
#720=EDGE_LOOP('',(#3244,#3245,#3246,#3247,#3248,#3249,#3250,#3251,#3252,
#3253,#3254,#3255,#3256,#3257,#3258,#3259,#3260,#3261,#3262,#3263,#3264,
#3265,#3266,#3267,#3268,#3269,#3270,#3271,#3272,#3273,#3274,#3275,#3276,
#3277,#3278,#3279,#3280,#3281,#3282,#3283,#3284,#3285,#3286,#3287,#3288,
#3289,#3290,#3291,#3292,#3293,#3294,#3295,#3296,#3297,#3298,#3299,#3300,
#3301,#3302,#3303,#3304,#3305));
#721=EDGE_LOOP('',(#3306));
#722=EDGE_LOOP('',(#3307));
#723=EDGE_LOOP('',(#3308));
#724=EDGE_LOOP('',(#3309));
#725=EDGE_LOOP('',(#3310,#3311,#3312,#3313));
#726=EDGE_LOOP('',(#3314,#3315,#3316,#3317,#3318,#3319,#3320,#3321,#3322,
#3323,#3324,#3325,#3326,#3327,#3328,#3329,#3330,#3331,#3332,#3333,#3334,
#3335,#3336,#3337,#3338,#3339,#3340,#3341,#3342,#3343,#3344,#3345,#3346,
#3347,#3348,#3349,#3350,#3351,#3352,#3353,#3354,#3355,#3356,#3357,#3358,
#3359,#3360,#3361,#3362,#3363,#3364,#3365,#3366,#3367,#3368,#3369,#3370,
#3371,#3372,#3373));
#727=EDGE_LOOP('',(#3374));
#728=EDGE_LOOP('',(#3375));
#729=EDGE_LOOP('',(#3376));
#730=EDGE_LOOP('',(#3377));
#731=EDGE_LOOP('',(#3378,#3379,#3380,#3381,#3382,#3383,#3384,#3385,#3386,
#3387,#3388,#3389,#3390,#3391,#3392,#3393,#3394,#3395,#3396,#3397,#3398,
#3399,#3400,#3401,#3402,#3403,#3404,#3405,#3406,#3407,#3408,#3409,#3410,
#3411,#3412,#3413,#3414,#3415,#3416,#3417,#3418,#3419,#3420,#3421,#3422,
#3423,#3424,#3425,#3426,#3427,#3428,#3429,#3430,#3431,#3432,#3433,#3434,
#3435,#3436,#3437,#3438,#3439));
#732=EDGE_LOOP('',(#3440));
#733=EDGE_LOOP('',(#3441));
#734=EDGE_LOOP('',(#3442,#3443,#3444,#3445,#3446,#3447,#3448,#3449,#3450,
#3451,#3452,#3453,#3454,#3455,#3456,#3457,#3458,#3459,#3460,#3461,#3462,
#3463,#3464,#3465,#3466,#3467,#3468,#3469,#3470,#3471,#3472,#3473,#3474,
#3475,#3476,#3477,#3478,#3479,#3480,#3481,#3482,#3483,#3484,#3485,#3486,
#3487,#3488,#3489,#3490,#3491,#3492,#3493,#3494,#3495,#3496,#3497,#3498,
#3499,#3500,#3501,#3502,#3503));
#735=EDGE_LOOP('',(#3504));
#736=EDGE_LOOP('',(#3505));
#737=EDGE_LOOP('',(#3506,#3507,#3508,#3509));
#738=EDGE_LOOP('',(#3510,#3511,#3512,#3513));
#739=EDGE_LOOP('',(#3514,#3515,#3516,#3517));
#740=EDGE_LOOP('',(#3518,#3519,#3520,#3521));
#741=EDGE_LOOP('',(#3522,#3523,#3524,#3525));
#742=EDGE_LOOP('',(#3526,#3527,#3528,#3529));
#743=EDGE_LOOP('',(#3530,#3531,#3532,#3533));
#744=EDGE_LOOP('',(#3534,#3535,#3536,#3537));
#745=EDGE_LOOP('',(#3538,#3539,#3540,#3541));
#746=EDGE_LOOP('',(#3542,#3543,#3544,#3545));
#747=EDGE_LOOP('',(#3546,#3547,#3548,#3549));
#748=EDGE_LOOP('',(#3550,#3551,#3552,#3553));
#749=EDGE_LOOP('',(#3554,#3555,#3556,#3557));
#750=EDGE_LOOP('',(#3558,#3559,#3560,#3561));
#751=EDGE_LOOP('',(#3562,#3563,#3564,#3565));
#752=EDGE_LOOP('',(#3566,#3567,#3568,#3569));
#753=EDGE_LOOP('',(#3570,#3571,#3572,#3573));
#754=EDGE_LOOP('',(#3574,#3575,#3576,#3577));
#755=EDGE_LOOP('',(#3578,#3579,#3580,#3581));
#756=EDGE_LOOP('',(#3582,#3583,#3584,#3585));
#757=EDGE_LOOP('',(#3586,#3587,#3588,#3589));
#758=EDGE_LOOP('',(#3590,#3591,#3592,#3593));
#759=EDGE_LOOP('',(#3594,#3595,#3596,#3597));
#760=EDGE_LOOP('',(#3598,#3599,#3600,#3601));
#761=EDGE_LOOP('',(#3602,#3603,#3604,#3605));
#762=EDGE_LOOP('',(#3606,#3607,#3608,#3609));
#763=EDGE_LOOP('',(#3610,#3611,#3612,#3613));
#764=EDGE_LOOP('',(#3614,#3615,#3616,#3617));
#765=EDGE_LOOP('',(#3618,#3619,#3620,#3621));
#766=EDGE_LOOP('',(#3622,#3623,#3624,#3625));
#767=EDGE_LOOP('',(#3626,#3627,#3628,#3629));
#768=EDGE_LOOP('',(#3630,#3631,#3632,#3633));
#769=EDGE_LOOP('',(#3634,#3635,#3636,#3637));
#770=EDGE_LOOP('',(#3638,#3639,#3640,#3641));
#771=EDGE_LOOP('',(#3642,#3643,#3644,#3645));
#772=EDGE_LOOP('',(#3646,#3647,#3648,#3649));
#773=EDGE_LOOP('',(#3650,#3651,#3652,#3653));
#774=EDGE_LOOP('',(#3654,#3655,#3656,#3657));
#775=EDGE_LOOP('',(#3658,#3659,#3660,#3661));
#776=EDGE_LOOP('',(#3662,#3663,#3664,#3665));
#777=LINE('',#5588,#1147);
#778=LINE('',#5590,#1148);
#779=LINE('',#5592,#1149);
#780=LINE('',#5593,#1150);
#781=LINE('',#5597,#1151);
#782=LINE('',#5599,#1152);
#783=LINE('',#5601,#1153);
#784=LINE('',#5602,#1154);
#785=LINE('',#5605,#1155);
#786=LINE('',#5607,#1156);
#787=LINE('',#5608,#1157);
#788=LINE('',#5611,#1158);
#789=LINE('',#5613,#1159);
#790=LINE('',#5614,#1160);
#791=LINE('',#5617,#1161);
#792=LINE('',#5619,#1162);
#793=LINE('',#5620,#1163);
#794=LINE('',#5623,#1164);
#795=LINE('',#5625,#1165);
#796=LINE('',#5626,#1166);
#797=LINE('',#5630,#1167);
#798=LINE('',#5632,#1168);
#799=LINE('',#5634,#1169);
#800=LINE('',#5635,#1170);
#801=LINE('',#5639,#1171);
#802=LINE('',#5641,#1172);
#803=LINE('',#5643,#1173);
#804=LINE('',#5644,#1174);
#805=LINE('',#5647,#1175);
#806=LINE('',#5649,#1176);
#807=LINE('',#5650,#1177);
#808=LINE('',#5653,#1178);
#809=LINE('',#5655,#1179);
#810=LINE('',#5656,#1180);
#811=LINE('',#5660,#1181);
#812=LINE('',#5662,#1182);
#813=LINE('',#5664,#1183);
#814=LINE('',#5666,#1184);
#815=LINE('',#5667,#1185);
#816=LINE('',#5670,#1186);
#817=LINE('',#5672,#1187);
#818=LINE('',#5673,#1188);
#819=LINE('',#5677,#1189);
#820=LINE('',#5679,#1190);
#821=LINE('',#5680,#1191);
#822=LINE('',#5681,#1192);
#823=LINE('',#5684,#1193);
#824=LINE('',#5686,#1194);
#825=LINE('',#5688,#1195);
#826=LINE('',#5690,#1196);
#827=LINE('',#5691,#1197);
#828=LINE('',#5694,#1198);
#829=LINE('',#5695,#1199);
#830=LINE('',#5698,#1200);
#831=LINE('',#5699,#1201);
#832=LINE('',#5704,#1202);
#833=LINE('',#5711,#1203);
#834=LINE('',#5714,#1204);
#835=LINE('',#5717,#1205);
#836=LINE('',#5719,#1206);
#837=LINE('',#5720,#1207);
#838=LINE('',#5725,#1208);
#839=LINE('',#5731,#1209);
#840=LINE('',#5735,#1210);
#841=LINE('',#5737,#1211);
#842=LINE('',#5738,#1212);
#843=LINE('',#5743,#1213);
#844=LINE('',#5749,#1214);
#845=LINE('',#5753,#1215);
#846=LINE('',#5755,#1216);
#847=LINE('',#5756,#1217);
#848=LINE('',#5761,#1218);
#849=LINE('',#5767,#1219);
#850=LINE('',#5773,#1220);
#851=LINE('',#5777,#1221);
#852=LINE('',#5779,#1222);
#853=LINE('',#5780,#1223);
#854=LINE('',#5788,#1224);
#855=LINE('',#5792,#1225);
#856=LINE('',#5794,#1226);
#857=LINE('',#5795,#1227);
#858=LINE('',#5800,#1228);
#859=LINE('',#5804,#1229);
#860=LINE('',#5806,#1230);
#861=LINE('',#5807,#1231);
#862=LINE('',#5816,#1232);
#863=LINE('',#5819,#1233);
#864=LINE('',#5822,#1234);
#865=LINE('',#5824,#1235);
#866=LINE('',#5825,#1236);
#867=LINE('',#5831,#1237);
#868=LINE('',#5833,#1238);
#869=LINE('',#5834,#1239);
#870=LINE('',#5840,#1240);
#871=LINE('',#5843,#1241);
#872=LINE('',#5846,#1242);
#873=LINE('',#5848,#1243);
#874=LINE('',#5849,#1244);
#875=LINE('',#5855,#1245);
#876=LINE('',#5858,#1246);
#877=LINE('',#5860,#1247);
#878=LINE('',#5861,#1248);
#879=LINE('',#5866,#1249);
#880=LINE('',#5875,#1250);
#881=LINE('',#5879,#1251);
#882=LINE('',#5881,#1252);
#883=LINE('',#5882,#1253);
#884=LINE('',#5888,#1254);
#885=LINE('',#5891,#1255);
#886=LINE('',#5893,#1256);
#887=LINE('',#5894,#1257);
#888=LINE('',#5897,#1258);
#889=LINE('',#5899,#1259);
#890=LINE('',#5900,#1260);
#891=LINE('',#5905,#1261);
#892=LINE('',#5911,#1262);
#893=LINE('',#5917,#1263);
#894=LINE('',#5923,#1264);
#895=LINE('',#5934,#1265);
#896=LINE('',#5936,#1266);
#897=LINE('',#5938,#1267);
#898=LINE('',#5939,#1268);
#899=LINE('',#5943,#1269);
#900=LINE('',#5945,#1270);
#901=LINE('',#5947,#1271);
#902=LINE('',#5948,#1272);
#903=LINE('',#5951,#1273);
#904=LINE('',#5953,#1274);
#905=LINE('',#5954,#1275);
#906=LINE('',#5957,#1276);
#907=LINE('',#5959,#1277);
#908=LINE('',#5960,#1278);
#909=LINE('',#5963,#1279);
#910=LINE('',#5965,#1280);
#911=LINE('',#5966,#1281);
#912=LINE('',#5969,#1282);
#913=LINE('',#5971,#1283);
#914=LINE('',#5972,#1284);
#915=LINE('',#5976,#1285);
#916=LINE('',#5978,#1286);
#917=LINE('',#5980,#1287);
#918=LINE('',#5981,#1288);
#919=LINE('',#5985,#1289);
#920=LINE('',#5987,#1290);
#921=LINE('',#5989,#1291);
#922=LINE('',#5990,#1292);
#923=LINE('',#5993,#1293);
#924=LINE('',#5995,#1294);
#925=LINE('',#5996,#1295);
#926=LINE('',#5999,#1296);
#927=LINE('',#6001,#1297);
#928=LINE('',#6002,#1298);
#929=LINE('',#6008,#1299);
#930=LINE('',#6011,#1300);
#931=LINE('',#6017,#1301);
#932=LINE('',#6020,#1302);
#933=LINE('',#6026,#1303);
#934=LINE('',#6032,#1304);
#935=LINE('',#6037,#1305);
#936=LINE('',#6043,#1306);
#937=LINE('',#6047,#1307);
#938=LINE('',#6049,#1308);
#939=LINE('',#6050,#1309);
#940=LINE('',#6054,#1310);
#941=LINE('',#6056,#1311);
#942=LINE('',#6058,#1312);
#943=LINE('',#6059,#1313);
#944=LINE('',#6065,#1314);
#945=LINE('',#6067,#1315);
#946=LINE('',#6068,#1316);
#947=LINE('',#6072,#1317);
#948=LINE('',#6080,#1318);
#949=LINE('',#6086,#1319);
#950=LINE('',#6089,#1320);
#951=LINE('',#6091,#1321);
#952=LINE('',#6092,#1322);
#953=LINE('',#6097,#1323);
#954=LINE('',#6101,#1324);
#955=LINE('',#6103,#1325);
#956=LINE('',#6104,#1326);
#957=LINE('',#6110,#1327);
#958=LINE('',#6112,#1328);
#959=LINE('',#6113,#1329);
#960=LINE('',#6119,#1330);
#961=LINE('',#6122,#1331);
#962=LINE('',#6125,#1332);
#963=LINE('',#6127,#1333);
#964=LINE('',#6128,#1334);
#965=LINE('',#6134,#1335);
#966=LINE('',#6136,#1336);
#967=LINE('',#6137,#1337);
#968=LINE('',#6143,#1338);
#969=LINE('',#6146,#1339);
#970=LINE('',#6148,#1340);
#971=LINE('',#6149,#1341);
#972=LINE('',#6155,#1342);
#973=LINE('',#6158,#1343);
#974=LINE('',#6160,#1344);
#975=LINE('',#6161,#1345);
#976=LINE('',#6170,#1346);
#977=LINE('',#6173,#1347);
#978=LINE('',#6175,#1348);
#979=LINE('',#6176,#1349);
#980=LINE('',#6182,#1350);
#981=LINE('',#6188,#1351);
#982=LINE('',#6194,#1352);
#983=LINE('',#6197,#1353);
#984=LINE('',#6199,#1354);
#985=LINE('',#6200,#1355);
#986=LINE('',#6206,#1356);
#987=LINE('',#6212,#1357);
#988=LINE('',#6215,#1358);
#989=LINE('',#6217,#1359);
#990=LINE('',#6218,#1360);
#991=LINE('',#6224,#1361);
#992=LINE('',#6230,#1362);
#993=LINE('',#6233,#1363);
#994=LINE('',#6235,#1364);
#995=LINE('',#6236,#1365);
#996=LINE('',#6245,#1366);
#997=LINE('',#6247,#1367);
#998=LINE('',#6248,#1368);
#999=LINE('',#6251,#1369);
#1000=LINE('',#6253,#1370);
#1001=LINE('',#6254,#1371);
#1002=LINE('',#6260,#1372);
#1003=LINE('',#6263,#1373);
#1004=LINE('',#6269,#1374);
#1005=LINE('',#6272,#1375);
#1006=LINE('',#6278,#1376);
#1007=LINE('',#6284,#1377);
#1008=LINE('',#6289,#1378);
#1009=LINE('',#6295,#1379);
#1010=LINE('',#6299,#1380);
#1011=LINE('',#6301,#1381);
#1012=LINE('',#6302,#1382);
#1013=LINE('',#6306,#1383);
#1014=LINE('',#6308,#1384);
#1015=LINE('',#6310,#1385);
#1016=LINE('',#6311,#1386);
#1017=LINE('',#6317,#1387);
#1018=LINE('',#6319,#1388);
#1019=LINE('',#6320,#1389);
#1020=LINE('',#6324,#1390);
#1021=LINE('',#6332,#1391);
#1022=LINE('',#6338,#1392);
#1023=LINE('',#6341,#1393);
#1024=LINE('',#6343,#1394);
#1025=LINE('',#6344,#1395);
#1026=LINE('',#6349,#1396);
#1027=LINE('',#6353,#1397);
#1028=LINE('',#6355,#1398);
#1029=LINE('',#6356,#1399);
#1030=LINE('',#6362,#1400);
#1031=LINE('',#6364,#1401);
#1032=LINE('',#6365,#1402);
#1033=LINE('',#6371,#1403);
#1034=LINE('',#6374,#1404);
#1035=LINE('',#6377,#1405);
#1036=LINE('',#6379,#1406);
#1037=LINE('',#6380,#1407);
#1038=LINE('',#6385,#1408);
#1039=LINE('',#6387,#1409);
#1040=LINE('',#6389,#1410);
#1041=LINE('',#6391,#1411);
#1042=LINE('',#6393,#1412);
#1043=LINE('',#6394,#1413);
#1044=LINE('',#6399,#1414);
#1045=LINE('',#6402,#1415);
#1046=LINE('',#6405,#1416);
#1047=LINE('',#6407,#1417);
#1048=LINE('',#6408,#1418);
#1049=LINE('',#6414,#1419);
#1050=LINE('',#6417,#1420);
#1051=LINE('',#6419,#1421);
#1052=LINE('',#6420,#1422);
#1053=LINE('',#6429,#1423);
#1054=LINE('',#6432,#1424);
#1055=LINE('',#6434,#1425);
#1056=LINE('',#6435,#1426);
#1057=LINE('',#6441,#1427);
#1058=LINE('',#6447,#1428);
#1059=LINE('',#6453,#1429);
#1060=LINE('',#6456,#1430);
#1061=LINE('',#6458,#1431);
#1062=LINE('',#6459,#1432);
#1063=LINE('',#6465,#1433);
#1064=LINE('',#6471,#1434);
#1065=LINE('',#6474,#1435);
#1066=LINE('',#6476,#1436);
#1067=LINE('',#6477,#1437);
#1068=LINE('',#6483,#1438);
#1069=LINE('',#6489,#1439);
#1070=LINE('',#6492,#1440);
#1071=LINE('',#6494,#1441);
#1072=LINE('',#6495,#1442);
#1073=LINE('',#6500,#1443);
#1074=LINE('',#6507,#1444);
#1075=LINE('',#6509,#1445);
#1076=LINE('',#6510,#1446);
#1077=LINE('',#6513,#1447);
#1078=LINE('',#6515,#1448);
#1079=LINE('',#6516,#1449);
#1080=LINE('',#6521,#1450);
#1081=LINE('',#6525,#1451);
#1082=LINE('',#6529,#1452);
#1083=LINE('',#6533,#1453);
#1084=LINE('',#6537,#1454);
#1085=LINE('',#6544,#1455);
#1086=LINE('',#6552,#1456);
#1087=LINE('',#6558,#1457);
#1088=LINE('',#6564,#1458);
#1089=LINE('',#6568,#1459);
#1090=LINE('',#6572,#1460);
#1091=LINE('',#6578,#1461);
#1092=LINE('',#6584,#1462);
#1093=LINE('',#6592,#1463);
#1094=LINE('',#6601,#1464);
#1095=LINE('',#6606,#1465);
#1096=LINE('',#6610,#1466);
#1097=LINE('',#6614,#1467);
#1098=LINE('',#6618,#1468);
#1099=LINE('',#6622,#1469);
#1100=LINE('',#6627,#1470);
#1101=LINE('',#6635,#1471);
#1102=LINE('',#6641,#1472);
#1103=LINE('',#6647,#1473);
#1104=LINE('',#6651,#1474);
#1105=LINE('',#6655,#1475);
#1106=LINE('',#6661,#1476);
#1107=LINE('',#6667,#1477);
#1108=LINE('',#6675,#1478);
#1109=LINE('',#6682,#1479);
#1110=LINE('',#6683,#1480);
#1111=LINE('',#6685,#1481);
#1112=LINE('',#6687,#1482);
#1113=LINE('',#6689,#1483);
#1114=LINE('',#6691,#1484);
#1115=LINE('',#6693,#1485);
#1116=LINE('',#6695,#1486);
#1117=LINE('',#6697,#1487);
#1118=LINE('',#6699,#1488);
#1119=LINE('',#6701,#1489);
#1120=LINE('',#6703,#1490);
#1121=LINE('',#6705,#1491);
#1122=LINE('',#6708,#1492);
#1123=LINE('',#6710,#1493);
#1124=LINE('',#6712,#1494);
#1125=LINE('',#6714,#1495);
#1126=LINE('',#6716,#1496);
#1127=LINE('',#6718,#1497);
#1128=LINE('',#6720,#1498);
#1129=LINE('',#6721,#1499);
#1130=LINE('',#6723,#1500);
#1131=LINE('',#6726,#1501);
#1132=LINE('',#6728,#1502);
#1133=LINE('',#6729,#1503);
#1134=LINE('',#6731,#1504);
#1135=LINE('',#6733,#1505);
#1136=LINE('',#6735,#1506);
#1137=LINE('',#6737,#1507);
#1138=LINE('',#6740,#1508);
#1139=LINE('',#6742,#1509);
#1140=LINE('',#6744,#1510);
#1141=LINE('',#6745,#1511);
#1142=LINE('',#6748,#1512);
#1143=LINE('',#6750,#1513);
#1144=LINE('',#6752,#1514);
#1145=LINE('',#6754,#1515);
#1146=LINE('',#6756,#1516);
#1147=VECTOR('',#4387,10.);
#1148=VECTOR('',#4388,10.);
#1149=VECTOR('',#4389,10.);
#1150=VECTOR('',#4390,10.);
#1151=VECTOR('',#4393,10.);
#1152=VECTOR('',#4394,10.);
#1153=VECTOR('',#4395,10.);
#1154=VECTOR('',#4396,10.);
#1155=VECTOR('',#4399,10.);
#1156=VECTOR('',#4400,10.);
#1157=VECTOR('',#4401,10.);
#1158=VECTOR('',#4404,10.);
#1159=VECTOR('',#4405,10.);
#1160=VECTOR('',#4406,10.);
#1161=VECTOR('',#4409,10.);
#1162=VECTOR('',#4410,10.);
#1163=VECTOR('',#4411,10.);
#1164=VECTOR('',#4414,10.);
#1165=VECTOR('',#4415,10.);
#1166=VECTOR('',#4416,10.);
#1167=VECTOR('',#4419,10.);
#1168=VECTOR('',#4420,10.);
#1169=VECTOR('',#4421,10.);
#1170=VECTOR('',#4422,10.);
#1171=VECTOR('',#4425,10.);
#1172=VECTOR('',#4426,10.);
#1173=VECTOR('',#4427,10.);
#1174=VECTOR('',#4428,10.);
#1175=VECTOR('',#4431,10.);
#1176=VECTOR('',#4432,10.);
#1177=VECTOR('',#4433,10.);
#1178=VECTOR('',#4436,10.);
#1179=VECTOR('',#4437,10.);
#1180=VECTOR('',#4438,10.);
#1181=VECTOR('',#4441,10.);
#1182=VECTOR('',#4442,10.);
#1183=VECTOR('',#4443,10.);
#1184=VECTOR('',#4444,10.);
#1185=VECTOR('',#4445,10.);
#1186=VECTOR('',#4448,10.);
#1187=VECTOR('',#4449,10.);
#1188=VECTOR('',#4450,10.);
#1189=VECTOR('',#4453,10.);
#1190=VECTOR('',#4454,10.);
#1191=VECTOR('',#4455,10.);
#1192=VECTOR('',#4456,10.);
#1193=VECTOR('',#4459,10.);
#1194=VECTOR('',#4460,10.);
#1195=VECTOR('',#4461,10.);
#1196=VECTOR('',#4462,10.);
#1197=VECTOR('',#4463,10.);
#1198=VECTOR('',#4466,10.);
#1199=VECTOR('',#4467,10.);
#1200=VECTOR('',#4470,10.);
#1201=VECTOR('',#4471,10.);
#1202=VECTOR('',#4476,10.);
#1203=VECTOR('',#4483,10.);
#1204=VECTOR('',#4486,10.);
#1205=VECTOR('',#4489,10.);
#1206=VECTOR('',#4490,10.);
#1207=VECTOR('',#4491,10.);
#1208=VECTOR('',#4496,10.);
#1209=VECTOR('',#4503,10.);
#1210=VECTOR('',#4508,10.);
#1211=VECTOR('',#4509,0.5);
#1212=VECTOR('',#4510,10.);
#1213=VECTOR('',#4515,10.);
#1214=VECTOR('',#4522,10.);
#1215=VECTOR('',#4527,10.);
#1216=VECTOR('',#4528,10.);
#1217=VECTOR('',#4529,10.);
#1218=VECTOR('',#4534,10.);
#1219=VECTOR('',#4541,10.);
#1220=VECTOR('',#4548,10.);
#1221=VECTOR('',#4553,10.);
#1222=VECTOR('',#4554,10.);
#1223=VECTOR('',#4555,10.);
#1224=VECTOR('',#4566,10.);
#1225=VECTOR('',#4571,10.);
#1226=VECTOR('',#4572,10.);
#1227=VECTOR('',#4573,10.);
#1228=VECTOR('',#4578,10.);
#1229=VECTOR('',#4583,10.);
#1230=VECTOR('',#4584,10.);
#1231=VECTOR('',#4585,10.);
#1232=VECTOR('',#4596,10.);
#1233=VECTOR('',#4599,10.);
#1234=VECTOR('',#4602,10.);
#1235=VECTOR('',#4603,10.);
#1236=VECTOR('',#4604,10.);
#1237=VECTOR('',#4613,10.);
#1238=VECTOR('',#4614,10.);
#1239=VECTOR('',#4615,10.);
#1240=VECTOR('',#4620,10.);
#1241=VECTOR('',#4623,10.);
#1242=VECTOR('',#4626,10.);
#1243=VECTOR('',#4627,10.);
#1244=VECTOR('',#4628,10.);
#1245=VECTOR('',#4635,0.5);
#1246=VECTOR('',#4638,10.);
#1247=VECTOR('',#4639,10.);
#1248=VECTOR('',#4640,10.);
#1249=VECTOR('',#4645,10.);
#1250=VECTOR('',#4658,10.);
#1251=VECTOR('',#4663,10.);
#1252=VECTOR('',#4664,10.);
#1253=VECTOR('',#4665,10.);
#1254=VECTOR('',#4670,10.);
#1255=VECTOR('',#4673,10.);
#1256=VECTOR('',#4676,10.);
#1257=VECTOR('',#4677,10.);
#1258=VECTOR('',#4680,10.);
#1259=VECTOR('',#4681,10.);
#1260=VECTOR('',#4682,10.);
#1261=VECTOR('',#4687,1.54999999999999);
#1262=VECTOR('',#4694,1.54999999999999);
#1263=VECTOR('',#4701,10.);
#1264=VECTOR('',#4708,10.);
#1265=VECTOR('',#4725,10.);
#1266=VECTOR('',#4726,10.);
#1267=VECTOR('',#4727,10.);
#1268=VECTOR('',#4728,10.);
#1269=VECTOR('',#4731,10.);
#1270=VECTOR('',#4732,10.);
#1271=VECTOR('',#4733,10.);
#1272=VECTOR('',#4734,10.);
#1273=VECTOR('',#4737,10.);
#1274=VECTOR('',#4738,10.);
#1275=VECTOR('',#4739,10.);
#1276=VECTOR('',#4742,10.);
#1277=VECTOR('',#4743,10.);
#1278=VECTOR('',#4744,10.);
#1279=VECTOR('',#4747,10.);
#1280=VECTOR('',#4748,10.);
#1281=VECTOR('',#4749,10.);
#1282=VECTOR('',#4752,10.);
#1283=VECTOR('',#4753,10.);
#1284=VECTOR('',#4754,10.);
#1285=VECTOR('',#4757,10.);
#1286=VECTOR('',#4758,10.);
#1287=VECTOR('',#4759,10.);
#1288=VECTOR('',#4760,10.);
#1289=VECTOR('',#4763,10.);
#1290=VECTOR('',#4764,10.);
#1291=VECTOR('',#4765,10.);
#1292=VECTOR('',#4766,10.);
#1293=VECTOR('',#4769,10.);
#1294=VECTOR('',#4770,10.);
#1295=VECTOR('',#4771,10.);
#1296=VECTOR('',#4774,10.);
#1297=VECTOR('',#4775,10.);
#1298=VECTOR('',#4776,10.);
#1299=VECTOR('',#4781,10.);
#1300=VECTOR('',#4784,10.);
#1301=VECTOR('',#4789,10.);
#1302=VECTOR('',#4792,10.);
#1303=VECTOR('',#4799,10.);
#1304=VECTOR('',#4806,10.);
#1305=VECTOR('',#4811,1.54999999999999);
#1306=VECTOR('',#4818,1.54999999999999);
#1307=VECTOR('',#4823,10.);
#1308=VECTOR('',#4824,10.);
#1309=VECTOR('',#4825,10.);
#1310=VECTOR('',#4828,10.);
#1311=VECTOR('',#4829,10.);
#1312=VECTOR('',#4830,10.);
#1313=VECTOR('',#4831,10.);
#1314=VECTOR('',#4840,10.);
#1315=VECTOR('',#4841,10.);
#1316=VECTOR('',#4842,10.);
#1317=VECTOR('',#4845,10.);
#1318=VECTOR('',#4856,10.);
#1319=VECTOR('',#4863,10.);
#1320=VECTOR('',#4866,10.);
#1321=VECTOR('',#4867,0.5);
#1322=VECTOR('',#4868,10.);
#1323=VECTOR('',#4873,10.);
#1324=VECTOR('',#4878,10.);
#1325=VECTOR('',#4879,10.);
#1326=VECTOR('',#4880,10.);
#1327=VECTOR('',#4889,10.);
#1328=VECTOR('',#4890,10.);
#1329=VECTOR('',#4891,10.);
#1330=VECTOR('',#4896,10.);
#1331=VECTOR('',#4899,10.);
#1332=VECTOR('',#4902,10.);
#1333=VECTOR('',#4903,10.);
#1334=VECTOR('',#4904,10.);
#1335=VECTOR('',#4913,10.);
#1336=VECTOR('',#4914,10.);
#1337=VECTOR('',#4915,10.);
#1338=VECTOR('',#4922,10.);
#1339=VECTOR('',#4925,10.);
#1340=VECTOR('',#4926,10.);
#1341=VECTOR('',#4927,10.);
#1342=VECTOR('',#4934,10.);
#1343=VECTOR('',#4937,10.);
#1344=VECTOR('',#4938,10.);
#1345=VECTOR('',#4939,10.);
#1346=VECTOR('',#4952,10.);
#1347=VECTOR('',#4955,10.);
#1348=VECTOR('',#4956,10.);
#1349=VECTOR('',#4957,10.);
#1350=VECTOR('',#4964,10.);
#1351=VECTOR('',#4971,10.);
#1352=VECTOR('',#4978,10.);
#1353=VECTOR('',#4981,10.);
#1354=VECTOR('',#4982,10.);
#1355=VECTOR('',#4983,10.);
#1356=VECTOR('',#4990,10.);
#1357=VECTOR('',#4997,0.5);
#1358=VECTOR('',#5000,10.);
#1359=VECTOR('',#5001,10.);
#1360=VECTOR('',#5002,10.);
#1361=VECTOR('',#5009,10.);
#1362=VECTOR('',#5016,10.);
#1363=VECTOR('',#5019,10.);
#1364=VECTOR('',#5020,10.);
#1365=VECTOR('',#5021,10.);
#1366=VECTOR('',#5036,10.);
#1367=VECTOR('',#5037,10.);
#1368=VECTOR('',#5038,10.);
#1369=VECTOR('',#5041,10.);
#1370=VECTOR('',#5042,10.);
#1371=VECTOR('',#5043,10.);
#1372=VECTOR('',#5048,10.);
#1373=VECTOR('',#5051,10.);
#1374=VECTOR('',#5056,10.);
#1375=VECTOR('',#5059,10.);
#1376=VECTOR('',#5066,10.);
#1377=VECTOR('',#5073,10.);
#1378=VECTOR('',#5078,1.54999999999999);
#1379=VECTOR('',#5085,1.54999999999999);
#1380=VECTOR('',#5090,10.);
#1381=VECTOR('',#5091,10.);
#1382=VECTOR('',#5092,10.);
#1383=VECTOR('',#5095,10.);
#1384=VECTOR('',#5096,10.);
#1385=VECTOR('',#5097,10.);
#1386=VECTOR('',#5098,10.);
#1387=VECTOR('',#5107,10.);
#1388=VECTOR('',#5108,10.);
#1389=VECTOR('',#5109,10.);
#1390=VECTOR('',#5112,10.);
#1391=VECTOR('',#5123,10.);
#1392=VECTOR('',#5130,10.);
#1393=VECTOR('',#5133,10.);
#1394=VECTOR('',#5134,0.5);
#1395=VECTOR('',#5135,10.);
#1396=VECTOR('',#5140,10.);
#1397=VECTOR('',#5145,10.);
#1398=VECTOR('',#5146,10.);
#1399=VECTOR('',#5147,10.);
#1400=VECTOR('',#5156,10.);
#1401=VECTOR('',#5157,10.);
#1402=VECTOR('',#5158,10.);
#1403=VECTOR('',#5163,10.);
#1404=VECTOR('',#5166,10.);
#1405=VECTOR('',#5169,10.);
#1406=VECTOR('',#5170,10.);
#1407=VECTOR('',#5171,10.);
#1408=VECTOR('',#5180,10.);
#1409=VECTOR('',#5181,10.);
#1410=VECTOR('',#5182,10.);
#1411=VECTOR('',#5183,10.);
#1412=VECTOR('',#5184,10.);
#1413=VECTOR('',#5185,10.);
#1414=VECTOR('',#5190,10.);
#1415=VECTOR('',#5193,10.);
#1416=VECTOR('',#5196,10.);
#1417=VECTOR('',#5197,10.);
#1418=VECTOR('',#5198,10.);
#1419=VECTOR('',#5205,10.);
#1420=VECTOR('',#5208,10.);
#1421=VECTOR('',#5209,10.);
#1422=VECTOR('',#5210,10.);
#1423=VECTOR('',#5223,10.);
#1424=VECTOR('',#5226,10.);
#1425=VECTOR('',#5227,10.);
#1426=VECTOR('',#5228,10.);
#1427=VECTOR('',#5235,10.);
#1428=VECTOR('',#5242,10.);
#1429=VECTOR('',#5249,10.);
#1430=VECTOR('',#5252,10.);
#1431=VECTOR('',#5253,10.);
#1432=VECTOR('',#5254,10.);
#1433=VECTOR('',#5261,10.);
#1434=VECTOR('',#5268,0.5);
#1435=VECTOR('',#5271,10.);
#1436=VECTOR('',#5272,10.);
#1437=VECTOR('',#5273,10.);
#1438=VECTOR('',#5280,10.);
#1439=VECTOR('',#5287,10.);
#1440=VECTOR('',#5290,10.);
#1441=VECTOR('',#5291,10.);
#1442=VECTOR('',#5292,10.);
#1443=VECTOR('',#5301,10.);
#1444=VECTOR('',#5312,10.);
#1445=VECTOR('',#5313,10.);
#1446=VECTOR('',#5314,10.);
#1447=VECTOR('',#5317,10.);
#1448=VECTOR('',#5318,10.);
#1449=VECTOR('',#5319,10.);
#1450=VECTOR('',#5324,10.);
#1451=VECTOR('',#5327,10.);
#1452=VECTOR('',#5330,10.);
#1453=VECTOR('',#5333,10.);
#1454=VECTOR('',#5336,10.);
#1455=VECTOR('',#5343,10.);
#1456=VECTOR('',#5350,10.);
#1457=VECTOR('',#5355,10.);
#1458=VECTOR('',#5360,10.);
#1459=VECTOR('',#5363,10.);
#1460=VECTOR('',#5366,10.);
#1461=VECTOR('',#5371,10.);
#1462=VECTOR('',#5376,10.);
#1463=VECTOR('',#5383,10.);
#1464=VECTOR('',#5394,10.);
#1465=VECTOR('',#5399,10.);
#1466=VECTOR('',#5402,10.);
#1467=VECTOR('',#5405,10.);
#1468=VECTOR('',#5408,10.);
#1469=VECTOR('',#5411,10.);
#1470=VECTOR('',#5416,10.);
#1471=VECTOR('',#5423,10.);
#1472=VECTOR('',#5428,10.);
#1473=VECTOR('',#5433,10.);
#1474=VECTOR('',#5436,10.);
#1475=VECTOR('',#5439,10.);
#1476=VECTOR('',#5444,10.);
#1477=VECTOR('',#5449,10.);
#1478=VECTOR('',#5456,10.);
#1479=VECTOR('',#5465,10.);
#1480=VECTOR('',#5466,10.);
#1481=VECTOR('',#5469,10.);
#1482=VECTOR('',#5472,10.);
#1483=VECTOR('',#5475,10.);
#1484=VECTOR('',#5478,0.5);
#1485=VECTOR('',#5481,10.);
#1486=VECTOR('',#5484,10.);
#1487=VECTOR('',#5487,10.);
#1488=VECTOR('',#5490,10.);
#1489=VECTOR('',#5493,10.);
#1490=VECTOR('',#5496,10.);
#1491=VECTOR('',#5499,10.);
#1492=VECTOR('',#5504,10.);
#1493=VECTOR('',#5507,10.);
#1494=VECTOR('',#5510,10.);
#1495=VECTOR('',#5513,10.);
#1496=VECTOR('',#5516,10.);
#1497=VECTOR('',#5519,10.);
#1498=VECTOR('',#5522,10.);
#1499=VECTOR('',#5523,10.);
#1500=VECTOR('',#5526,10.);
#1501=VECTOR('',#5531,10.);
#1502=VECTOR('',#5534,10.);
#1503=VECTOR('',#5535,10.);
#1504=VECTOR('',#5538,10.);
#1505=VECTOR('',#5541,0.5);
#1506=VECTOR('',#5544,10.);
#1507=VECTOR('',#5547,10.);
#1508=VECTOR('',#5552,10.);
#1509=VECTOR('',#5555,10.);
#1510=VECTOR('',#5558,10.);
#1511=VECTOR('',#5559,10.);
#1512=VECTOR('',#5564,10.);
#1513=VECTOR('',#5567,1.54999999999999);
#1514=VECTOR('',#5570,1.54999999999999);
#1515=VECTOR('',#5573,10.);
#1516=VECTOR('',#5576,10.);
#1517=VERTEX_POINT('',#5586);
#1518=VERTEX_POINT('',#5587);
#1519=VERTEX_POINT('',#5589);
#1520=VERTEX_POINT('',#5591);
#1521=VERTEX_POINT('',#5595);
#1522=VERTEX_POINT('',#5596);
#1523=VERTEX_POINT('',#5598);
#1524=VERTEX_POINT('',#5600);
#1525=VERTEX_POINT('',#5604);
#1526=VERTEX_POINT('',#5606);
#1527=VERTEX_POINT('',#5610);
#1528=VERTEX_POINT('',#5612);
#1529=VERTEX_POINT('',#5616);
#1530=VERTEX_POINT('',#5618);
#1531=VERTEX_POINT('',#5622);
#1532=VERTEX_POINT('',#5624);
#1533=VERTEX_POINT('',#5628);
#1534=VERTEX_POINT('',#5629);
#1535=VERTEX_POINT('',#5631);
#1536=VERTEX_POINT('',#5633);
#1537=VERTEX_POINT('',#5637);
#1538=VERTEX_POINT('',#5638);
#1539=VERTEX_POINT('',#5640);
#1540=VERTEX_POINT('',#5642);
#1541=VERTEX_POINT('',#5646);
#1542=VERTEX_POINT('',#5648);
#1543=VERTEX_POINT('',#5652);
#1544=VERTEX_POINT('',#5654);
#1545=VERTEX_POINT('',#5658);
#1546=VERTEX_POINT('',#5659);
#1547=VERTEX_POINT('',#5661);
#1548=VERTEX_POINT('',#5663);
#1549=VERTEX_POINT('',#5665);
#1550=VERTEX_POINT('',#5669);
#1551=VERTEX_POINT('',#5671);
#1552=VERTEX_POINT('',#5675);
#1553=VERTEX_POINT('',#5676);
#1554=VERTEX_POINT('',#5678);
#1555=VERTEX_POINT('',#5683);
#1556=VERTEX_POINT('',#5685);
#1557=VERTEX_POINT('',#5687);
#1558=VERTEX_POINT('',#5689);
#1559=VERTEX_POINT('',#5693);
#1560=VERTEX_POINT('',#5697);
#1561=VERTEX_POINT('',#5701);
#1562=VERTEX_POINT('',#5703);
#1563=VERTEX_POINT('',#5707);
#1564=VERTEX_POINT('',#5708);
#1565=VERTEX_POINT('',#5710);
#1566=VERTEX_POINT('',#5712);
#1567=VERTEX_POINT('',#5716);
#1568=VERTEX_POINT('',#5718);
#1569=VERTEX_POINT('',#5722);
#1570=VERTEX_POINT('',#5724);
#1571=VERTEX_POINT('',#5728);
#1572=VERTEX_POINT('',#5730);
#1573=VERTEX_POINT('',#5734);
#1574=VERTEX_POINT('',#5736);
#1575=VERTEX_POINT('',#5740);
#1576=VERTEX_POINT('',#5742);
#1577=VERTEX_POINT('',#5746);
#1578=VERTEX_POINT('',#5748);
#1579=VERTEX_POINT('',#5752);
#1580=VERTEX_POINT('',#5754);
#1581=VERTEX_POINT('',#5758);
#1582=VERTEX_POINT('',#5760);
#1583=VERTEX_POINT('',#5764);
#1584=VERTEX_POINT('',#5766);
#1585=VERTEX_POINT('',#5770);
#1586=VERTEX_POINT('',#5772);
#1587=VERTEX_POINT('',#5776);
#1588=VERTEX_POINT('',#5778);
#1589=VERTEX_POINT('',#5785);
#1590=VERTEX_POINT('',#5787);
#1591=VERTEX_POINT('',#5791);
#1592=VERTEX_POINT('',#5793);
#1593=VERTEX_POINT('',#5797);
#1594=VERTEX_POINT('',#5799);
#1595=VERTEX_POINT('',#5803);
#1596=VERTEX_POINT('',#5805);
#1597=VERTEX_POINT('',#5812);
#1598=VERTEX_POINT('',#5813);
#1599=VERTEX_POINT('',#5815);
#1600=VERTEX_POINT('',#5817);
#1601=VERTEX_POINT('',#5821);
#1602=VERTEX_POINT('',#5823);
#1603=VERTEX_POINT('',#5830);
#1604=VERTEX_POINT('',#5832);
#1605=VERTEX_POINT('',#5836);
#1606=VERTEX_POINT('',#5837);
#1607=VERTEX_POINT('',#5839);
#1608=VERTEX_POINT('',#5841);
#1609=VERTEX_POINT('',#5845);
#1610=VERTEX_POINT('',#5847);
#1611=VERTEX_POINT('',#5851);
#1612=VERTEX_POINT('',#5853);
#1613=VERTEX_POINT('',#5857);
#1614=VERTEX_POINT('',#5859);
#1615=VERTEX_POINT('',#5863);
#1616=VERTEX_POINT('',#5865);
#1617=VERTEX_POINT('',#5872);
#1618=VERTEX_POINT('',#5874);
#1619=VERTEX_POINT('',#5878);
#1620=VERTEX_POINT('',#5880);
#1621=VERTEX_POINT('',#5884);
#1622=VERTEX_POINT('',#5885);
#1623=VERTEX_POINT('',#5887);
#1624=VERTEX_POINT('',#5889);
#1625=VERTEX_POINT('',#5896);
#1626=VERTEX_POINT('',#5898);
#1627=VERTEX_POINT('',#5902);
#1628=VERTEX_POINT('',#5904);
#1629=VERTEX_POINT('',#5908);
#1630=VERTEX_POINT('',#5910);
#1631=VERTEX_POINT('',#5914);
#1632=VERTEX_POINT('',#5916);
#1633=VERTEX_POINT('',#5920);
#1634=VERTEX_POINT('',#5922);
#1635=VERTEX_POINT('',#5932);
#1636=VERTEX_POINT('',#5933);
#1637=VERTEX_POINT('',#5935);
#1638=VERTEX_POINT('',#5937);
#1639=VERTEX_POINT('',#5941);
#1640=VERTEX_POINT('',#5942);
#1641=VERTEX_POINT('',#5944);
#1642=VERTEX_POINT('',#5946);
#1643=VERTEX_POINT('',#5950);
#1644=VERTEX_POINT('',#5952);
#1645=VERTEX_POINT('',#5956);
#1646=VERTEX_POINT('',#5958);
#1647=VERTEX_POINT('',#5962);
#1648=VERTEX_POINT('',#5964);
#1649=VERTEX_POINT('',#5968);
#1650=VERTEX_POINT('',#5970);
#1651=VERTEX_POINT('',#5974);
#1652=VERTEX_POINT('',#5975);
#1653=VERTEX_POINT('',#5977);
#1654=VERTEX_POINT('',#5979);
#1655=VERTEX_POINT('',#5983);
#1656=VERTEX_POINT('',#5984);
#1657=VERTEX_POINT('',#5986);
#1658=VERTEX_POINT('',#5988);
#1659=VERTEX_POINT('',#5992);
#1660=VERTEX_POINT('',#5994);
#1661=VERTEX_POINT('',#5998);
#1662=VERTEX_POINT('',#6000);
#1663=VERTEX_POINT('',#6004);
#1664=VERTEX_POINT('',#6005);
#1665=VERTEX_POINT('',#6007);
#1666=VERTEX_POINT('',#6009);
#1667=VERTEX_POINT('',#6013);
#1668=VERTEX_POINT('',#6014);
#1669=VERTEX_POINT('',#6016);
#1670=VERTEX_POINT('',#6018);
#1671=VERTEX_POINT('',#6022);
#1672=VERTEX_POINT('',#6024);
#1673=VERTEX_POINT('',#6028);
#1674=VERTEX_POINT('',#6030);
#1675=VERTEX_POINT('',#6034);
#1676=VERTEX_POINT('',#6036);
#1677=VERTEX_POINT('',#6040);
#1678=VERTEX_POINT('',#6042);
#1679=VERTEX_POINT('',#6046);
#1680=VERTEX_POINT('',#6048);
#1681=VERTEX_POINT('',#6052);
#1682=VERTEX_POINT('',#6053);
#1683=VERTEX_POINT('',#6055);
#1684=VERTEX_POINT('',#6057);
#1685=VERTEX_POINT('',#6064);
#1686=VERTEX_POINT('',#6066);
#1687=VERTEX_POINT('',#6070);
#1688=VERTEX_POINT('',#6071);
#1689=VERTEX_POINT('',#6076);
#1690=VERTEX_POINT('',#6078);
#1691=VERTEX_POINT('',#6082);
#1692=VERTEX_POINT('',#6084);
#1693=VERTEX_POINT('',#6088);
#1694=VERTEX_POINT('',#6090);
#1695=VERTEX_POINT('',#6094);
#1696=VERTEX_POINT('',#6096);
#1697=VERTEX_POINT('',#6100);
#1698=VERTEX_POINT('',#6102);
#1699=VERTEX_POINT('',#6109);
#1700=VERTEX_POINT('',#6111);
#1701=VERTEX_POINT('',#6115);
#1702=VERTEX_POINT('',#6116);
#1703=VERTEX_POINT('',#6118);
#1704=VERTEX_POINT('',#6120);
#1705=VERTEX_POINT('',#6124);
#1706=VERTEX_POINT('',#6126);
#1707=VERTEX_POINT('',#6133);
#1708=VERTEX_POINT('',#6135);
#1709=VERTEX_POINT('',#6139);
#1710=VERTEX_POINT('',#6141);
#1711=VERTEX_POINT('',#6145);
#1712=VERTEX_POINT('',#6147);
#1713=VERTEX_POINT('',#6151);
#1714=VERTEX_POINT('',#6153);
#1715=VERTEX_POINT('',#6157);
#1716=VERTEX_POINT('',#6159);
#1717=VERTEX_POINT('',#6166);
#1718=VERTEX_POINT('',#6168);
#1719=VERTEX_POINT('',#6172);
#1720=VERTEX_POINT('',#6174);
#1721=VERTEX_POINT('',#6178);
#1722=VERTEX_POINT('',#6180);
#1723=VERTEX_POINT('',#6184);
#1724=VERTEX_POINT('',#6186);
#1725=VERTEX_POINT('',#6190);
#1726=VERTEX_POINT('',#6192);
#1727=VERTEX_POINT('',#6196);
#1728=VERTEX_POINT('',#6198);
#1729=VERTEX_POINT('',#6202);
#1730=VERTEX_POINT('',#6204);
#1731=VERTEX_POINT('',#6208);
#1732=VERTEX_POINT('',#6210);
#1733=VERTEX_POINT('',#6214);
#1734=VERTEX_POINT('',#6216);
#1735=VERTEX_POINT('',#6220);
#1736=VERTEX_POINT('',#6222);
#1737=VERTEX_POINT('',#6226);
#1738=VERTEX_POINT('',#6228);
#1739=VERTEX_POINT('',#6232);
#1740=VERTEX_POINT('',#6234);
#1741=VERTEX_POINT('',#6244);
#1742=VERTEX_POINT('',#6246);
#1743=VERTEX_POINT('',#6250);
#1744=VERTEX_POINT('',#6252);
#1745=VERTEX_POINT('',#6256);
#1746=VERTEX_POINT('',#6257);
#1747=VERTEX_POINT('',#6259);
#1748=VERTEX_POINT('',#6261);
#1749=VERTEX_POINT('',#6265);
#1750=VERTEX_POINT('',#6266);
#1751=VERTEX_POINT('',#6268);
#1752=VERTEX_POINT('',#6270);
#1753=VERTEX_POINT('',#6274);
#1754=VERTEX_POINT('',#6276);
#1755=VERTEX_POINT('',#6280);
#1756=VERTEX_POINT('',#6282);
#1757=VERTEX_POINT('',#6286);
#1758=VERTEX_POINT('',#6288);
#1759=VERTEX_POINT('',#6292);
#1760=VERTEX_POINT('',#6294);
#1761=VERTEX_POINT('',#6298);
#1762=VERTEX_POINT('',#6300);
#1763=VERTEX_POINT('',#6304);
#1764=VERTEX_POINT('',#6305);
#1765=VERTEX_POINT('',#6307);
#1766=VERTEX_POINT('',#6309);
#1767=VERTEX_POINT('',#6316);
#1768=VERTEX_POINT('',#6318);
#1769=VERTEX_POINT('',#6322);
#1770=VERTEX_POINT('',#6323);
#1771=VERTEX_POINT('',#6328);
#1772=VERTEX_POINT('',#6330);
#1773=VERTEX_POINT('',#6334);
#1774=VERTEX_POINT('',#6336);
#1775=VERTEX_POINT('',#6340);
#1776=VERTEX_POINT('',#6342);
#1777=VERTEX_POINT('',#6346);
#1778=VERTEX_POINT('',#6348);
#1779=VERTEX_POINT('',#6352);
#1780=VERTEX_POINT('',#6354);
#1781=VERTEX_POINT('',#6361);
#1782=VERTEX_POINT('',#6363);
#1783=VERTEX_POINT('',#6367);
#1784=VERTEX_POINT('',#6368);
#1785=VERTEX_POINT('',#6370);
#1786=VERTEX_POINT('',#6372);
#1787=VERTEX_POINT('',#6376);
#1788=VERTEX_POINT('',#6378);
#1789=VERTEX_POINT('',#6386);
#1790=VERTEX_POINT('',#6388);
#1791=VERTEX_POINT('',#6390);
#1792=VERTEX_POINT('',#6392);
#1793=VERTEX_POINT('',#6396);
#1794=VERTEX_POINT('',#6398);
#1795=VERTEX_POINT('',#6400);
#1796=VERTEX_POINT('',#6404);
#1797=VERTEX_POINT('',#6406);
#1798=VERTEX_POINT('',#6410);
#1799=VERTEX_POINT('',#6412);
#1800=VERTEX_POINT('',#6416);
#1801=VERTEX_POINT('',#6418);
#1802=VERTEX_POINT('',#6425);
#1803=VERTEX_POINT('',#6427);
#1804=VERTEX_POINT('',#6431);
#1805=VERTEX_POINT('',#6433);
#1806=VERTEX_POINT('',#6437);
#1807=VERTEX_POINT('',#6439);
#1808=VERTEX_POINT('',#6443);
#1809=VERTEX_POINT('',#6445);
#1810=VERTEX_POINT('',#6449);
#1811=VERTEX_POINT('',#6451);
#1812=VERTEX_POINT('',#6455);
#1813=VERTEX_POINT('',#6457);
#1814=VERTEX_POINT('',#6461);
#1815=VERTEX_POINT('',#6463);
#1816=VERTEX_POINT('',#6467);
#1817=VERTEX_POINT('',#6469);
#1818=VERTEX_POINT('',#6473);
#1819=VERTEX_POINT('',#6475);
#1820=VERTEX_POINT('',#6479);
#1821=VERTEX_POINT('',#6481);
#1822=VERTEX_POINT('',#6485);
#1823=VERTEX_POINT('',#6487);
#1824=VERTEX_POINT('',#6491);
#1825=VERTEX_POINT('',#6493);
#1826=VERTEX_POINT('',#6506);
#1827=VERTEX_POINT('',#6508);
#1828=VERTEX_POINT('',#6512);
#1829=VERTEX_POINT('',#6514);
#1830=VERTEX_POINT('',#6518);
#1831=VERTEX_POINT('',#6520);
#1832=VERTEX_POINT('',#6522);
#1833=VERTEX_POINT('',#6524);
#1834=VERTEX_POINT('',#6526);
#1835=VERTEX_POINT('',#6528);
#1836=VERTEX_POINT('',#6530);
#1837=VERTEX_POINT('',#6532);
#1838=VERTEX_POINT('',#6534);
#1839=VERTEX_POINT('',#6536);
#1840=VERTEX_POINT('',#6539);
#1841=VERTEX_POINT('',#6541);
#1842=VERTEX_POINT('',#6543);
#1843=VERTEX_POINT('',#6545);
#1844=VERTEX_POINT('',#6547);
#1845=VERTEX_POINT('',#6549);
#1846=VERTEX_POINT('',#6551);
#1847=VERTEX_POINT('',#6553);
#1848=VERTEX_POINT('',#6555);
#1849=VERTEX_POINT('',#6557);
#1850=VERTEX_POINT('',#6559);
#1851=VERTEX_POINT('',#6561);
#1852=VERTEX_POINT('',#6563);
#1853=VERTEX_POINT('',#6565);
#1854=VERTEX_POINT('',#6567);
#1855=VERTEX_POINT('',#6569);
#1856=VERTEX_POINT('',#6571);
#1857=VERTEX_POINT('',#6573);
#1858=VERTEX_POINT('',#6575);
#1859=VERTEX_POINT('',#6577);
#1860=VERTEX_POINT('',#6579);
#1861=VERTEX_POINT('',#6581);
#1862=VERTEX_POINT('',#6583);
#1863=VERTEX_POINT('',#6585);
#1864=VERTEX_POINT('',#6587);
#1865=VERTEX_POINT('',#6589);
#1866=VERTEX_POINT('',#6591);
#1867=VERTEX_POINT('',#6594);
#1868=VERTEX_POINT('',#6596);
#1869=VERTEX_POINT('',#6599);
#1870=VERTEX_POINT('',#6603);
#1871=VERTEX_POINT('',#6605);
#1872=VERTEX_POINT('',#6607);
#1873=VERTEX_POINT('',#6609);
#1874=VERTEX_POINT('',#6611);
#1875=VERTEX_POINT('',#6613);
#1876=VERTEX_POINT('',#6615);
#1877=VERTEX_POINT('',#6617);
#1878=VERTEX_POINT('',#6619);
#1879=VERTEX_POINT('',#6621);
#1880=VERTEX_POINT('',#6624);
#1881=VERTEX_POINT('',#6626);
#1882=VERTEX_POINT('',#6628);
#1883=VERTEX_POINT('',#6630);
#1884=VERTEX_POINT('',#6632);
#1885=VERTEX_POINT('',#6634);
#1886=VERTEX_POINT('',#6636);
#1887=VERTEX_POINT('',#6638);
#1888=VERTEX_POINT('',#6640);
#1889=VERTEX_POINT('',#6642);
#1890=VERTEX_POINT('',#6644);
#1891=VERTEX_POINT('',#6646);
#1892=VERTEX_POINT('',#6648);
#1893=VERTEX_POINT('',#6650);
#1894=VERTEX_POINT('',#6652);
#1895=VERTEX_POINT('',#6654);
#1896=VERTEX_POINT('',#6656);
#1897=VERTEX_POINT('',#6658);
#1898=VERTEX_POINT('',#6660);
#1899=VERTEX_POINT('',#6662);
#1900=VERTEX_POINT('',#6664);
#1901=VERTEX_POINT('',#6666);
#1902=VERTEX_POINT('',#6668);
#1903=VERTEX_POINT('',#6670);
#1904=VERTEX_POINT('',#6672);
#1905=VERTEX_POINT('',#6674);
#1906=VERTEX_POINT('',#6677);
#1907=VERTEX_POINT('',#6679);
#1908=EDGE_CURVE('',#1517,#1518,#777,.T.);
#1909=EDGE_CURVE('',#1517,#1519,#778,.T.);
#1910=EDGE_CURVE('',#1520,#1519,#779,.T.);
#1911=EDGE_CURVE('',#1518,#1520,#780,.T.);
#1912=EDGE_CURVE('',#1521,#1522,#781,.T.);
#1913=EDGE_CURVE('',#1521,#1523,#782,.T.);
#1914=EDGE_CURVE('',#1524,#1523,#783,.T.);
#1915=EDGE_CURVE('',#1522,#1524,#784,.T.);
#1916=EDGE_CURVE('',#1525,#1518,#785,.T.);
#1917=EDGE_CURVE('',#1526,#1525,#786,.T.);
#1918=EDGE_CURVE('',#1517,#1526,#787,.T.);
#1919=EDGE_CURVE('',#1527,#1522,#788,.T.);
#1920=EDGE_CURVE('',#1528,#1527,#789,.T.);
#1921=EDGE_CURVE('',#1521,#1528,#790,.T.);
#1922=EDGE_CURVE('',#1529,#1519,#791,.T.);
#1923=EDGE_CURVE('',#1530,#1529,#792,.T.);
#1924=EDGE_CURVE('',#1530,#1520,#793,.T.);
#1925=EDGE_CURVE('',#1523,#1531,#794,.T.);
#1926=EDGE_CURVE('',#1532,#1531,#795,.T.);
#1927=EDGE_CURVE('',#1524,#1532,#796,.T.);
#1928=EDGE_CURVE('',#1533,#1534,#797,.T.);
#1929=EDGE_CURVE('',#1533,#1535,#798,.T.);
#1930=EDGE_CURVE('',#1536,#1535,#799,.T.);
#1931=EDGE_CURVE('',#1534,#1536,#800,.T.);
#1932=EDGE_CURVE('',#1537,#1538,#801,.T.);
#1933=EDGE_CURVE('',#1537,#1539,#802,.T.);
#1934=EDGE_CURVE('',#1540,#1539,#803,.T.);
#1935=EDGE_CURVE('',#1538,#1540,#804,.T.);
#1936=EDGE_CURVE('',#1541,#1534,#805,.T.);
#1937=EDGE_CURVE('',#1542,#1541,#806,.T.);
#1938=EDGE_CURVE('',#1533,#1542,#807,.T.);
#1939=EDGE_CURVE('',#1543,#1538,#808,.T.);
#1940=EDGE_CURVE('',#1543,#1544,#809,.F.);
#1941=EDGE_CURVE('',#1537,#1544,#810,.T.);
#1942=EDGE_CURVE('',#1545,#1546,#811,.T.);
#1943=EDGE_CURVE('',#1547,#1545,#812,.T.);
#1944=EDGE_CURVE('',#1548,#1547,#813,.T.);
#1945=EDGE_CURVE('',#1549,#1548,#814,.T.);
#1946=EDGE_CURVE('',#1549,#1546,#815,.T.);
#1947=EDGE_CURVE('',#1550,#1547,#816,.T.);
#1948=EDGE_CURVE('',#1551,#1550,#817,.T.);
#1949=EDGE_CURVE('',#1548,#1551,#818,.T.);
#1950=EDGE_CURVE('',#1552,#1553,#819,.T.);
#1951=EDGE_CURVE('',#1554,#1552,#820,.T.);
#1952=EDGE_CURVE('',#1551,#1554,#821,.T.);
#1953=EDGE_CURVE('',#1553,#1550,#822,.T.);
#1954=EDGE_CURVE('',#1555,#1545,#823,.T.);
#1955=EDGE_CURVE('',#1556,#1555,#824,.T.);
#1956=EDGE_CURVE('',#1557,#1556,#825,.T.);
#1957=EDGE_CURVE('',#1558,#1557,#826,.T.);
#1958=EDGE_CURVE('',#1553,#1558,#827,.T.);
#1959=EDGE_CURVE('',#1559,#1546,#828,.T.);
#1960=EDGE_CURVE('',#1559,#1555,#829,.T.);
#1961=EDGE_CURVE('',#1560,#1558,#830,.T.);
#1962=EDGE_CURVE('',#1552,#1560,#831,.T.);
#1963=EDGE_CURVE('',#1543,#1561,#39,.T.);
#1964=EDGE_CURVE('',#1561,#1562,#832,.T.);
#1965=EDGE_CURVE('',#1562,#1544,#40,.T.);
#1966=EDGE_CURVE('',#1563,#1564,#41,.T.);
#1967=EDGE_CURVE('',#1564,#1565,#833,.T.);
#1968=EDGE_CURVE('',#1565,#1566,#42,.T.);
#1969=EDGE_CURVE('',#1566,#1563,#834,.T.);
#1970=EDGE_CURVE('',#1564,#1567,#835,.T.);
#1971=EDGE_CURVE('',#1568,#1567,#836,.T.);
#1972=EDGE_CURVE('',#1565,#1568,#837,.T.);
#1973=EDGE_CURVE('',#1567,#1569,#43,.T.);
#1974=EDGE_CURVE('',#1570,#1569,#838,.T.);
#1975=EDGE_CURVE('',#1568,#1570,#44,.T.);
#1976=EDGE_CURVE('',#1569,#1571,#45,.T.);
#1977=EDGE_CURVE('',#1571,#1572,#839,.T.);
#1978=EDGE_CURVE('',#1572,#1570,#46,.T.);
#1979=EDGE_CURVE('',#1571,#1573,#840,.T.);
#1980=EDGE_CURVE('',#1574,#1573,#841,.T.);
#1981=EDGE_CURVE('',#1572,#1574,#842,.T.);
#1982=EDGE_CURVE('',#1573,#1575,#47,.T.);
#1983=EDGE_CURVE('',#1576,#1575,#843,.T.);
#1984=EDGE_CURVE('',#1576,#1574,#48,.T.);
#1985=EDGE_CURVE('',#1575,#1577,#49,.T.);
#1986=EDGE_CURVE('',#1577,#1578,#844,.T.);
#1987=EDGE_CURVE('',#1578,#1576,#50,.T.);
#1988=EDGE_CURVE('',#1577,#1579,#845,.T.);
#1989=EDGE_CURVE('',#1580,#1579,#846,.T.);
#1990=EDGE_CURVE('',#1578,#1580,#847,.T.);
#1991=EDGE_CURVE('',#1579,#1581,#51,.T.);
#1992=EDGE_CURVE('',#1582,#1581,#848,.T.);
#1993=EDGE_CURVE('',#1580,#1582,#52,.T.);
#1994=EDGE_CURVE('',#1581,#1583,#53,.T.);
#1995=EDGE_CURVE('',#1584,#1583,#849,.T.);
#1996=EDGE_CURVE('',#1584,#1582,#54,.T.);
#1997=EDGE_CURVE('',#1583,#1585,#55,.T.);
#1998=EDGE_CURVE('',#1586,#1585,#850,.T.);
#1999=EDGE_CURVE('',#1584,#1586,#56,.T.);
#2000=EDGE_CURVE('',#1585,#1587,#851,.T.);
#2001=EDGE_CURVE('',#1588,#1587,#852,.T.);
#2002=EDGE_CURVE('',#1586,#1588,#853,.T.);
#2003=EDGE_CURVE('',#1587,#1526,#57,.T.);
#2004=EDGE_CURVE('',#1525,#1588,#58,.T.);
#2005=EDGE_CURVE('',#1527,#1589,#59,.T.);
#2006=EDGE_CURVE('',#1589,#1590,#854,.T.);
#2007=EDGE_CURVE('',#1590,#1528,#60,.T.);
#2008=EDGE_CURVE('',#1589,#1591,#855,.T.);
#2009=EDGE_CURVE('',#1591,#1592,#856,.T.);
#2010=EDGE_CURVE('',#1592,#1590,#857,.T.);
#2011=EDGE_CURVE('',#1591,#1593,#61,.T.);
#2012=EDGE_CURVE('',#1594,#1593,#858,.T.);
#2013=EDGE_CURVE('',#1592,#1594,#62,.T.);
#2014=EDGE_CURVE('',#1593,#1595,#859,.T.);
#2015=EDGE_CURVE('',#1596,#1595,#860,.T.);
#2016=EDGE_CURVE('',#1594,#1596,#861,.T.);
#2017=EDGE_CURVE('',#1595,#1556,#63,.T.);
#2018=EDGE_CURVE('',#1596,#1559,#64,.T.);
#2019=EDGE_CURVE('',#1597,#1598,#65,.T.);
#2020=EDGE_CURVE('',#1598,#1599,#862,.T.);
#2021=EDGE_CURVE('',#1600,#1599,#66,.T.);
#2022=EDGE_CURVE('',#1600,#1597,#863,.T.);
#2023=EDGE_CURVE('',#1601,#1597,#864,.T.);
#2024=EDGE_CURVE('',#1602,#1600,#865,.T.);
#2025=EDGE_CURVE('',#1602,#1601,#866,.T.);
#2026=EDGE_CURVE('',#1557,#1601,#67,.T.);
#2027=EDGE_CURVE('',#1560,#1602,#68,.T.);
#2028=EDGE_CURVE('',#1598,#1603,#867,.T.);
#2029=EDGE_CURVE('',#1604,#1603,#868,.T.);
#2030=EDGE_CURVE('',#1599,#1604,#869,.T.);
#2031=EDGE_CURVE('',#1605,#1606,#69,.T.);
#2032=EDGE_CURVE('',#1606,#1607,#870,.T.);
#2033=EDGE_CURVE('',#1607,#1608,#70,.T.);
#2034=EDGE_CURVE('',#1608,#1605,#871,.T.);
#2035=EDGE_CURVE('',#1606,#1609,#872,.T.);
#2036=EDGE_CURVE('',#1609,#1610,#873,.T.);
#2037=EDGE_CURVE('',#1607,#1610,#874,.T.);
#2038=EDGE_CURVE('',#1611,#1605,#71,.T.);
#2039=EDGE_CURVE('',#1608,#1612,#72,.T.);
#2040=EDGE_CURVE('',#1612,#1611,#875,.T.);
#2041=EDGE_CURVE('',#1613,#1611,#876,.T.);
#2042=EDGE_CURVE('',#1614,#1612,#877,.T.);
#2043=EDGE_CURVE('',#1614,#1613,#878,.T.);
#2044=EDGE_CURVE('',#1609,#1615,#73,.T.);
#2045=EDGE_CURVE('',#1616,#1615,#879,.T.);
#2046=EDGE_CURVE('',#1616,#1610,#74,.T.);
#2047=EDGE_CURVE('',#1603,#1542,#75,.T.);
#2048=EDGE_CURVE('',#1541,#1604,#76,.T.);
#2049=EDGE_CURVE('',#1561,#1617,#77,.T.);
#2050=EDGE_CURVE('',#1617,#1618,#880,.T.);
#2051=EDGE_CURVE('',#1618,#1562,#78,.T.);
#2052=EDGE_CURVE('',#1617,#1619,#881,.T.);
#2053=EDGE_CURVE('',#1620,#1619,#882,.T.);
#2054=EDGE_CURVE('',#1618,#1620,#883,.T.);
#2055=EDGE_CURVE('',#1621,#1622,#79,.T.);
#2056=EDGE_CURVE('',#1622,#1623,#884,.T.);
#2057=EDGE_CURVE('',#1623,#1624,#80,.T.);
#2058=EDGE_CURVE('',#1624,#1621,#885,.T.);
#2059=EDGE_CURVE('',#1622,#1563,#886,.T.);
#2060=EDGE_CURVE('',#1623,#1566,#887,.T.);
#2061=EDGE_CURVE('',#1625,#1621,#888,.T.);
#2062=EDGE_CURVE('',#1626,#1624,#889,.T.);
#2063=EDGE_CURVE('',#1626,#1625,#890,.T.);
#2064=EDGE_CURVE('',#1627,#1627,#81,.T.);
#2065=EDGE_CURVE('',#1627,#1628,#891,.T.);
#2066=EDGE_CURVE('',#1628,#1628,#82,.T.);
#2067=EDGE_CURVE('',#1629,#1629,#83,.T.);
#2068=EDGE_CURVE('',#1629,#1630,#892,.T.);
#2069=EDGE_CURVE('',#1630,#1630,#84,.T.);
#2070=EDGE_CURVE('',#1619,#1631,#85,.T.);
#2071=EDGE_CURVE('',#1632,#1631,#893,.T.);
#2072=EDGE_CURVE('',#1620,#1632,#86,.T.);
#2073=EDGE_CURVE('',#1631,#1633,#87,.T.);
#2074=EDGE_CURVE('',#1634,#1633,#894,.T.);
#2075=EDGE_CURVE('',#1634,#1632,#88,.T.);
#2076=EDGE_CURVE('',#1633,#1613,#89,.T.);
#2077=EDGE_CURVE('',#1634,#1614,#90,.T.);
#2078=EDGE_CURVE('',#1615,#1625,#91,.T.);
#2079=EDGE_CURVE('',#1616,#1626,#92,.T.);
#2080=EDGE_CURVE('',#1635,#1636,#895,.T.);
#2081=EDGE_CURVE('',#1637,#1635,#896,.T.);
#2082=EDGE_CURVE('',#1638,#1637,#897,.T.);
#2083=EDGE_CURVE('',#1638,#1636,#898,.T.);
#2084=EDGE_CURVE('',#1639,#1640,#899,.T.);
#2085=EDGE_CURVE('',#1641,#1639,#900,.T.);
#2086=EDGE_CURVE('',#1642,#1641,#901,.T.);
#2087=EDGE_CURVE('',#1642,#1640,#902,.T.);
#2088=EDGE_CURVE('',#1643,#1637,#903,.T.);
#2089=EDGE_CURVE('',#1644,#1643,#904,.T.);
#2090=EDGE_CURVE('',#1638,#1644,#905,.T.);
#2091=EDGE_CURVE('',#1645,#1641,#906,.T.);
#2092=EDGE_CURVE('',#1645,#1646,#907,.F.);
#2093=EDGE_CURVE('',#1642,#1646,#908,.T.);
#2094=EDGE_CURVE('',#1647,#1636,#909,.T.);
#2095=EDGE_CURVE('',#1648,#1647,#910,.T.);
#2096=EDGE_CURVE('',#1648,#1635,#911,.T.);
#2097=EDGE_CURVE('',#1640,#1649,#912,.T.);
#2098=EDGE_CURVE('',#1650,#1649,#913,.T.);
#2099=EDGE_CURVE('',#1639,#1650,#914,.T.);
#2100=EDGE_CURVE('',#1651,#1652,#915,.T.);
#2101=EDGE_CURVE('',#1653,#1651,#916,.T.);
#2102=EDGE_CURVE('',#1654,#1653,#917,.T.);
#2103=EDGE_CURVE('',#1654,#1652,#918,.T.);
#2104=EDGE_CURVE('',#1655,#1656,#919,.T.);
#2105=EDGE_CURVE('',#1657,#1655,#920,.T.);
#2106=EDGE_CURVE('',#1658,#1657,#921,.T.);
#2107=EDGE_CURVE('',#1658,#1656,#922,.T.);
#2108=EDGE_CURVE('',#1659,#1653,#923,.T.);
#2109=EDGE_CURVE('',#1660,#1659,#924,.T.);
#2110=EDGE_CURVE('',#1654,#1660,#925,.T.);
#2111=EDGE_CURVE('',#1661,#1657,#926,.T.);
#2112=EDGE_CURVE('',#1662,#1661,#927,.T.);
#2113=EDGE_CURVE('',#1658,#1662,#928,.T.);
#2114=EDGE_CURVE('',#1663,#1664,#93,.T.);
#2115=EDGE_CURVE('',#1665,#1664,#929,.T.);
#2116=EDGE_CURVE('',#1666,#1665,#94,.T.);
#2117=EDGE_CURVE('',#1666,#1663,#930,.T.);
#2118=EDGE_CURVE('',#1667,#1668,#95,.T.);
#2119=EDGE_CURVE('',#1669,#1668,#931,.T.);
#2120=EDGE_CURVE('',#1670,#1669,#96,.T.);
#2121=EDGE_CURVE('',#1670,#1667,#932,.T.);
#2122=EDGE_CURVE('',#1671,#1667,#97,.T.);
#2123=EDGE_CURVE('',#1670,#1672,#98,.T.);
#2124=EDGE_CURVE('',#1672,#1671,#933,.T.);
#2125=EDGE_CURVE('',#1673,#1671,#99,.T.);
#2126=EDGE_CURVE('',#1674,#1672,#100,.T.);
#2127=EDGE_CURVE('',#1674,#1673,#934,.T.);
#2128=EDGE_CURVE('',#1675,#1675,#101,.T.);
#2129=EDGE_CURVE('',#1675,#1676,#935,.T.);
#2130=EDGE_CURVE('',#1676,#1676,#102,.T.);
#2131=EDGE_CURVE('',#1677,#1677,#103,.T.);
#2132=EDGE_CURVE('',#1677,#1678,#936,.T.);
#2133=EDGE_CURVE('',#1678,#1678,#104,.T.);
#2134=EDGE_CURVE('',#1664,#1679,#937,.T.);
#2135=EDGE_CURVE('',#1680,#1679,#938,.T.);
#2136=EDGE_CURVE('',#1665,#1680,#939,.T.);
#2137=EDGE_CURVE('',#1681,#1682,#940,.T.);
#2138=EDGE_CURVE('',#1683,#1682,#941,.T.);
#2139=EDGE_CURVE('',#1684,#1683,#942,.T.);
#2140=EDGE_CURVE('',#1681,#1684,#943,.T.);
#2141=EDGE_CURVE('',#1679,#1681,#105,.T.);
#2142=EDGE_CURVE('',#1684,#1680,#106,.T.);
#2143=EDGE_CURVE('',#1685,#1673,#944,.T.);
#2144=EDGE_CURVE('',#1686,#1674,#945,.T.);
#2145=EDGE_CURVE('',#1685,#1686,#946,.T.);
#2146=EDGE_CURVE('',#1687,#1688,#947,.T.);
#2147=EDGE_CURVE('',#1687,#1685,#107,.T.);
#2148=EDGE_CURVE('',#1686,#1688,#108,.T.);
#2149=EDGE_CURVE('',#1689,#1644,#109,.T.);
#2150=EDGE_CURVE('',#1643,#1690,#110,.T.);
#2151=EDGE_CURVE('',#1690,#1689,#948,.T.);
#2152=EDGE_CURVE('',#1691,#1663,#111,.T.);
#2153=EDGE_CURVE('',#1666,#1692,#112,.T.);
#2154=EDGE_CURVE('',#1691,#1692,#949,.T.);
#2155=EDGE_CURVE('',#1668,#1693,#950,.T.);
#2156=EDGE_CURVE('',#1694,#1693,#951,.T.);
#2157=EDGE_CURVE('',#1669,#1694,#952,.T.);
#2158=EDGE_CURVE('',#1693,#1695,#113,.T.);
#2159=EDGE_CURVE('',#1696,#1695,#953,.T.);
#2160=EDGE_CURVE('',#1696,#1694,#114,.T.);
#2161=EDGE_CURVE('',#1697,#1691,#954,.T.);
#2162=EDGE_CURVE('',#1698,#1692,#955,.T.);
#2163=EDGE_CURVE('',#1697,#1698,#956,.T.);
#2164=EDGE_CURVE('',#1695,#1697,#115,.T.);
#2165=EDGE_CURVE('',#1698,#1696,#116,.T.);
#2166=EDGE_CURVE('',#1699,#1689,#957,.T.);
#2167=EDGE_CURVE('',#1700,#1690,#958,.T.);
#2168=EDGE_CURVE('',#1699,#1700,#959,.T.);
#2169=EDGE_CURVE('',#1701,#1702,#117,.T.);
#2170=EDGE_CURVE('',#1703,#1702,#960,.T.);
#2171=EDGE_CURVE('',#1704,#1703,#118,.T.);
#2172=EDGE_CURVE('',#1704,#1701,#961,.T.);
#2173=EDGE_CURVE('',#1702,#1705,#962,.T.);
#2174=EDGE_CURVE('',#1706,#1705,#963,.T.);
#2175=EDGE_CURVE('',#1703,#1706,#964,.T.);
#2176=EDGE_CURVE('',#1705,#1699,#119,.T.);
#2177=EDGE_CURVE('',#1706,#1700,#120,.T.);
#2178=EDGE_CURVE('',#1707,#1701,#965,.T.);
#2179=EDGE_CURVE('',#1708,#1704,#966,.T.);
#2180=EDGE_CURVE('',#1708,#1707,#967,.T.);
#2181=EDGE_CURVE('',#1709,#1707,#121,.T.);
#2182=EDGE_CURVE('',#1710,#1708,#122,.T.);
#2183=EDGE_CURVE('',#1710,#1709,#968,.T.);
#2184=EDGE_CURVE('',#1711,#1709,#969,.T.);
#2185=EDGE_CURVE('',#1712,#1710,#970,.T.);
#2186=EDGE_CURVE('',#1712,#1711,#971,.T.);
#2187=EDGE_CURVE('',#1713,#1711,#123,.T.);
#2188=EDGE_CURVE('',#1714,#1712,#124,.T.);
#2189=EDGE_CURVE('',#1713,#1714,#972,.T.);
#2190=EDGE_CURVE('',#1715,#1713,#973,.T.);
#2191=EDGE_CURVE('',#1714,#1716,#974,.T.);
#2192=EDGE_CURVE('',#1715,#1716,#975,.T.);
#2193=EDGE_CURVE('',#1661,#1715,#125,.T.);
#2194=EDGE_CURVE('',#1716,#1662,#126,.T.);
#2195=EDGE_CURVE('',#1717,#1660,#127,.T.);
#2196=EDGE_CURVE('',#1659,#1718,#128,.T.);
#2197=EDGE_CURVE('',#1718,#1717,#976,.T.);
#2198=EDGE_CURVE('',#1719,#1717,#977,.T.);
#2199=EDGE_CURVE('',#1720,#1718,#978,.T.);
#2200=EDGE_CURVE('',#1720,#1719,#979,.T.);
#2201=EDGE_CURVE('',#1721,#1719,#129,.T.);
#2202=EDGE_CURVE('',#1722,#1720,#130,.T.);
#2203=EDGE_CURVE('',#1722,#1721,#980,.T.);
#2204=EDGE_CURVE('',#1723,#1721,#131,.T.);
#2205=EDGE_CURVE('',#1722,#1724,#132,.T.);
#2206=EDGE_CURVE('',#1724,#1723,#981,.T.);
#2207=EDGE_CURVE('',#1725,#1723,#133,.T.);
#2208=EDGE_CURVE('',#1726,#1724,#134,.T.);
#2209=EDGE_CURVE('',#1726,#1725,#982,.T.);
#2210=EDGE_CURVE('',#1727,#1725,#983,.T.);
#2211=EDGE_CURVE('',#1728,#1726,#984,.T.);
#2212=EDGE_CURVE('',#1727,#1728,#985,.T.);
#2213=EDGE_CURVE('',#1729,#1727,#135,.T.);
#2214=EDGE_CURVE('',#1728,#1730,#136,.T.);
#2215=EDGE_CURVE('',#1730,#1729,#986,.T.);
#2216=EDGE_CURVE('',#1731,#1729,#137,.T.);
#2217=EDGE_CURVE('',#1730,#1732,#138,.T.);
#2218=EDGE_CURVE('',#1732,#1731,#987,.T.);
#2219=EDGE_CURVE('',#1733,#1731,#988,.T.);
#2220=EDGE_CURVE('',#1734,#1732,#989,.T.);
#2221=EDGE_CURVE('',#1733,#1734,#990,.T.);
#2222=EDGE_CURVE('',#1735,#1733,#139,.T.);
#2223=EDGE_CURVE('',#1734,#1736,#140,.T.);
#2224=EDGE_CURVE('',#1736,#1735,#991,.T.);
#2225=EDGE_CURVE('',#1737,#1735,#141,.T.);
#2226=EDGE_CURVE('',#1738,#1736,#142,.T.);
#2227=EDGE_CURVE('',#1738,#1737,#992,.T.);
#2228=EDGE_CURVE('',#1739,#1737,#993,.T.);
#2229=EDGE_CURVE('',#1740,#1738,#994,.T.);
#2230=EDGE_CURVE('',#1739,#1740,#995,.T.);
#2231=EDGE_CURVE('',#1682,#1739,#143,.T.);
#2232=EDGE_CURVE('',#1740,#1683,#144,.T.);
#2233=EDGE_CURVE('',#1645,#1687,#145,.T.);
#2234=EDGE_CURVE('',#1688,#1646,#146,.T.);
#2235=EDGE_CURVE('',#1741,#1652,#996,.T.);
#2236=EDGE_CURVE('',#1742,#1741,#997,.T.);
#2237=EDGE_CURVE('',#1742,#1651,#998,.T.);
#2238=EDGE_CURVE('',#1656,#1743,#999,.T.);
#2239=EDGE_CURVE('',#1744,#1743,#1000,.T.);
#2240=EDGE_CURVE('',#1655,#1744,#1001,.T.);
#2241=EDGE_CURVE('',#1745,#1746,#147,.T.);
#2242=EDGE_CURVE('',#1747,#1746,#1002,.T.);
#2243=EDGE_CURVE('',#1748,#1747,#148,.T.);
#2244=EDGE_CURVE('',#1748,#1745,#1003,.T.);
#2245=EDGE_CURVE('',#1749,#1750,#149,.T.);
#2246=EDGE_CURVE('',#1751,#1750,#1004,.T.);
#2247=EDGE_CURVE('',#1752,#1751,#150,.T.);
#2248=EDGE_CURVE('',#1752,#1749,#1005,.T.);
#2249=EDGE_CURVE('',#1753,#1749,#151,.T.);
#2250=EDGE_CURVE('',#1752,#1754,#152,.T.);
#2251=EDGE_CURVE('',#1754,#1753,#1006,.T.);
#2252=EDGE_CURVE('',#1755,#1753,#153,.T.);
#2253=EDGE_CURVE('',#1756,#1754,#154,.T.);
#2254=EDGE_CURVE('',#1756,#1755,#1007,.T.);
#2255=EDGE_CURVE('',#1757,#1757,#155,.T.);
#2256=EDGE_CURVE('',#1757,#1758,#1008,.T.);
#2257=EDGE_CURVE('',#1758,#1758,#156,.T.);
#2258=EDGE_CURVE('',#1759,#1759,#157,.T.);
#2259=EDGE_CURVE('',#1759,#1760,#1009,.T.);
#2260=EDGE_CURVE('',#1760,#1760,#158,.T.);
#2261=EDGE_CURVE('',#1746,#1761,#1010,.T.);
#2262=EDGE_CURVE('',#1762,#1761,#1011,.T.);
#2263=EDGE_CURVE('',#1747,#1762,#1012,.T.);
#2264=EDGE_CURVE('',#1763,#1764,#1013,.T.);
#2265=EDGE_CURVE('',#1765,#1764,#1014,.T.);
#2266=EDGE_CURVE('',#1766,#1765,#1015,.T.);
#2267=EDGE_CURVE('',#1763,#1766,#1016,.T.);
#2268=EDGE_CURVE('',#1761,#1763,#159,.T.);
#2269=EDGE_CURVE('',#1766,#1762,#160,.T.);
#2270=EDGE_CURVE('',#1767,#1755,#1017,.T.);
#2271=EDGE_CURVE('',#1768,#1756,#1018,.T.);
#2272=EDGE_CURVE('',#1767,#1768,#1019,.T.);
#2273=EDGE_CURVE('',#1769,#1770,#1020,.T.);
#2274=EDGE_CURVE('',#1769,#1767,#161,.T.);
#2275=EDGE_CURVE('',#1768,#1770,#162,.T.);
#2276=EDGE_CURVE('',#1771,#1648,#163,.T.);
#2277=EDGE_CURVE('',#1647,#1772,#164,.T.);
#2278=EDGE_CURVE('',#1772,#1771,#1021,.T.);
#2279=EDGE_CURVE('',#1773,#1745,#165,.T.);
#2280=EDGE_CURVE('',#1748,#1774,#166,.T.);
#2281=EDGE_CURVE('',#1773,#1774,#1022,.T.);
#2282=EDGE_CURVE('',#1750,#1775,#1023,.T.);
#2283=EDGE_CURVE('',#1776,#1775,#1024,.T.);
#2284=EDGE_CURVE('',#1751,#1776,#1025,.T.);
#2285=EDGE_CURVE('',#1775,#1777,#167,.T.);
#2286=EDGE_CURVE('',#1778,#1777,#1026,.T.);
#2287=EDGE_CURVE('',#1778,#1776,#168,.T.);
#2288=EDGE_CURVE('',#1779,#1773,#1027,.T.);
#2289=EDGE_CURVE('',#1780,#1774,#1028,.T.);
#2290=EDGE_CURVE('',#1779,#1780,#1029,.T.);
#2291=EDGE_CURVE('',#1777,#1779,#169,.T.);
#2292=EDGE_CURVE('',#1780,#1778,#170,.T.);
#2293=EDGE_CURVE('',#1781,#1771,#1030,.T.);
#2294=EDGE_CURVE('',#1782,#1772,#1031,.T.);
#2295=EDGE_CURVE('',#1781,#1782,#1032,.T.);
#2296=EDGE_CURVE('',#1783,#1784,#171,.T.);
#2297=EDGE_CURVE('',#1785,#1784,#1033,.T.);
#2298=EDGE_CURVE('',#1786,#1785,#172,.T.);
#2299=EDGE_CURVE('',#1786,#1783,#1034,.T.);
#2300=EDGE_CURVE('',#1784,#1787,#1035,.T.);
#2301=EDGE_CURVE('',#1788,#1787,#1036,.T.);
#2302=EDGE_CURVE('',#1785,#1788,#1037,.T.);
#2303=EDGE_CURVE('',#1787,#1781,#173,.T.);
#2304=EDGE_CURVE('',#1788,#1782,#174,.T.);
#2305=EDGE_CURVE('',#1554,#1783,#1038,.T.);
#2306=EDGE_CURVE('',#1789,#1786,#1039,.T.);
#2307=EDGE_CURVE('',#1790,#1789,#1040,.T.);
#2308=EDGE_CURVE('',#1790,#1791,#1041,.T.);
#2309=EDGE_CURVE('',#1791,#1792,#1042,.T.);
#2310=EDGE_CURVE('',#1792,#1549,#1043,.T.);
#2311=EDGE_CURVE('',#1793,#1792,#175,.T.);
#2312=EDGE_CURVE('',#1794,#1791,#1044,.T.);
#2313=EDGE_CURVE('',#1795,#1794,#176,.T.);
#2314=EDGE_CURVE('',#1795,#1793,#1045,.T.);
#2315=EDGE_CURVE('',#1796,#1793,#1046,.T.);
#2316=EDGE_CURVE('',#1797,#1795,#1047,.T.);
#2317=EDGE_CURVE('',#1797,#1796,#1048,.T.);
#2318=EDGE_CURVE('',#1798,#1796,#177,.T.);
#2319=EDGE_CURVE('',#1799,#1797,#178,.T.);
#2320=EDGE_CURVE('',#1798,#1799,#1049,.T.);
#2321=EDGE_CURVE('',#1800,#1798,#1050,.T.);
#2322=EDGE_CURVE('',#1799,#1801,#1051,.T.);
#2323=EDGE_CURVE('',#1800,#1801,#1052,.T.);
#2324=EDGE_CURVE('',#1743,#1800,#179,.T.);
#2325=EDGE_CURVE('',#1801,#1744,#180,.T.);
#2326=EDGE_CURVE('',#1802,#1742,#181,.T.);
#2327=EDGE_CURVE('',#1741,#1803,#182,.T.);
#2328=EDGE_CURVE('',#1803,#1802,#1053,.T.);
#2329=EDGE_CURVE('',#1804,#1802,#1054,.T.);
#2330=EDGE_CURVE('',#1805,#1803,#1055,.T.);
#2331=EDGE_CURVE('',#1805,#1804,#1056,.T.);
#2332=EDGE_CURVE('',#1806,#1804,#183,.T.);
#2333=EDGE_CURVE('',#1807,#1805,#184,.T.);
#2334=EDGE_CURVE('',#1807,#1806,#1057,.T.);
#2335=EDGE_CURVE('',#1808,#1806,#185,.T.);
#2336=EDGE_CURVE('',#1807,#1809,#186,.T.);
#2337=EDGE_CURVE('',#1809,#1808,#1058,.T.);
#2338=EDGE_CURVE('',#1810,#1808,#187,.T.);
#2339=EDGE_CURVE('',#1811,#1809,#188,.T.);
#2340=EDGE_CURVE('',#1811,#1810,#1059,.T.);
#2341=EDGE_CURVE('',#1812,#1810,#1060,.T.);
#2342=EDGE_CURVE('',#1813,#1811,#1061,.T.);
#2343=EDGE_CURVE('',#1812,#1813,#1062,.T.);
#2344=EDGE_CURVE('',#1814,#1812,#189,.T.);
#2345=EDGE_CURVE('',#1813,#1815,#190,.T.);
#2346=EDGE_CURVE('',#1815,#1814,#1063,.T.);
#2347=EDGE_CURVE('',#1816,#1814,#191,.T.);
#2348=EDGE_CURVE('',#1815,#1817,#192,.T.);
#2349=EDGE_CURVE('',#1817,#1816,#1064,.T.);
#2350=EDGE_CURVE('',#1818,#1816,#1065,.T.);
#2351=EDGE_CURVE('',#1819,#1817,#1066,.T.);
#2352=EDGE_CURVE('',#1818,#1819,#1067,.T.);
#2353=EDGE_CURVE('',#1820,#1818,#193,.T.);
#2354=EDGE_CURVE('',#1819,#1821,#194,.T.);
#2355=EDGE_CURVE('',#1821,#1820,#1068,.T.);
#2356=EDGE_CURVE('',#1822,#1820,#195,.T.);
#2357=EDGE_CURVE('',#1823,#1821,#196,.T.);
#2358=EDGE_CURVE('',#1823,#1822,#1069,.T.);
#2359=EDGE_CURVE('',#1824,#1822,#1070,.T.);
#2360=EDGE_CURVE('',#1825,#1823,#1071,.T.);
#2361=EDGE_CURVE('',#1824,#1825,#1072,.T.);
#2362=EDGE_CURVE('',#1764,#1824,#197,.T.);
#2363=EDGE_CURVE('',#1825,#1765,#198,.T.);
#2364=EDGE_CURVE('',#1794,#1789,#1073,.T.);
#2365=EDGE_CURVE('',#1769,#1649,#199,.F.);
#2366=EDGE_CURVE('',#1770,#1650,#200,.T.);
#2367=EDGE_CURVE('',#1826,#1535,#1074,.T.);
#2368=EDGE_CURVE('',#1827,#1826,#1075,.T.);
#2369=EDGE_CURVE('',#1827,#1536,#1076,.T.);
#2370=EDGE_CURVE('',#1539,#1828,#1077,.T.);
#2371=EDGE_CURVE('',#1829,#1828,#1078,.T.);
#2372=EDGE_CURVE('',#1540,#1829,#1079,.T.);
#2373=EDGE_CURVE('',#1830,#1532,#201,.T.);
#2374=EDGE_CURVE('',#1831,#1830,#1080,.T.);
#2375=EDGE_CURVE('',#1831,#1832,#202,.T.);
#2376=EDGE_CURVE('',#1832,#1833,#1081,.T.);
#2377=EDGE_CURVE('',#1833,#1834,#203,.T.);
#2378=EDGE_CURVE('',#1834,#1835,#1082,.T.);
#2379=EDGE_CURVE('',#1835,#1836,#204,.T.);
#2380=EDGE_CURVE('',#1836,#1837,#1083,.T.);
#2381=EDGE_CURVE('',#1837,#1838,#205,.T.);
#2382=EDGE_CURVE('',#1838,#1839,#1084,.T.);
#2383=EDGE_CURVE('',#1826,#1839,#206,.T.);
#2384=EDGE_CURVE('',#1840,#1829,#207,.T.);
#2385=EDGE_CURVE('',#1841,#1840,#208,.T.);
#2386=EDGE_CURVE('',#1841,#1842,#1085,.T.);
#2387=EDGE_CURVE('',#1842,#1843,#209,.T.);
#2388=EDGE_CURVE('',#1844,#1843,#210,.T.);
#2389=EDGE_CURVE('',#1844,#1845,#211,.T.);
#2390=EDGE_CURVE('',#1845,#1846,#1086,.T.);
#2391=EDGE_CURVE('',#1847,#1846,#212,.T.);
#2392=EDGE_CURVE('',#1848,#1847,#213,.T.);
#2393=EDGE_CURVE('',#1848,#1849,#1087,.T.);
#2394=EDGE_CURVE('',#1850,#1849,#214,.T.);
#2395=EDGE_CURVE('',#1850,#1851,#215,.T.);
#2396=EDGE_CURVE('',#1851,#1852,#1088,.T.);
#2397=EDGE_CURVE('',#1853,#1852,#216,.T.);
#2398=EDGE_CURVE('',#1853,#1854,#1089,.T.);
#2399=EDGE_CURVE('',#1855,#1854,#217,.T.);
#2400=EDGE_CURVE('',#1855,#1856,#1090,.T.);
#2401=EDGE_CURVE('',#1856,#1857,#218,.T.);
#2402=EDGE_CURVE('',#1858,#1857,#219,.T.);
#2403=EDGE_CURVE('',#1858,#1859,#1091,.T.);
#2404=EDGE_CURVE('',#1860,#1859,#220,.T.);
#2405=EDGE_CURVE('',#1861,#1860,#221,.T.);
#2406=EDGE_CURVE('',#1861,#1862,#1092,.T.);
#2407=EDGE_CURVE('',#1862,#1863,#222,.T.);
#2408=EDGE_CURVE('',#1864,#1863,#223,.T.);
#2409=EDGE_CURVE('',#1864,#1865,#224,.T.);
#2410=EDGE_CURVE('',#1865,#1866,#1093,.T.);
#2411=EDGE_CURVE('',#1529,#1866,#225,.T.);
#2412=EDGE_CURVE('',#1867,#1867,#226,.T.);
#2413=EDGE_CURVE('',#1868,#1868,#227,.T.);
#2414=EDGE_CURVE('',#1869,#1828,#228,.F.);
#2415=EDGE_CURVE('',#1869,#1840,#1094,.T.);
#2416=EDGE_CURVE('',#1870,#1827,#229,.T.);
#2417=EDGE_CURVE('',#1871,#1870,#1095,.T.);
#2418=EDGE_CURVE('',#1872,#1871,#230,.T.);
#2419=EDGE_CURVE('',#1873,#1872,#1096,.T.);
#2420=EDGE_CURVE('',#1874,#1873,#231,.T.);
#2421=EDGE_CURVE('',#1875,#1874,#1097,.T.);
#2422=EDGE_CURVE('',#1876,#1875,#232,.T.);
#2423=EDGE_CURVE('',#1877,#1876,#1098,.T.);
#2424=EDGE_CURVE('',#1878,#1877,#233,.T.);
#2425=EDGE_CURVE('',#1879,#1878,#1099,.T.);
#2426=EDGE_CURVE('',#1531,#1879,#234,.T.);
#2427=EDGE_CURVE('',#1880,#1530,#235,.T.);
#2428=EDGE_CURVE('',#1881,#1880,#1100,.T.);
#2429=EDGE_CURVE('',#1882,#1881,#236,.T.);
#2430=EDGE_CURVE('',#1883,#1882,#237,.T.);
#2431=EDGE_CURVE('',#1884,#1883,#238,.T.);
#2432=EDGE_CURVE('',#1885,#1884,#1101,.T.);
#2433=EDGE_CURVE('',#1886,#1885,#239,.T.);
#2434=EDGE_CURVE('',#1887,#1886,#240,.T.);
#2435=EDGE_CURVE('',#1888,#1887,#1102,.T.);
#2436=EDGE_CURVE('',#1889,#1888,#241,.T.);
#2437=EDGE_CURVE('',#1890,#1889,#242,.T.);
#2438=EDGE_CURVE('',#1891,#1890,#1103,.T.);
#2439=EDGE_CURVE('',#1892,#1891,#243,.T.);
#2440=EDGE_CURVE('',#1893,#1892,#1104,.T.);
#2441=EDGE_CURVE('',#1894,#1893,#244,.T.);
#2442=EDGE_CURVE('',#1895,#1894,#1105,.T.);
#2443=EDGE_CURVE('',#1896,#1895,#245,.T.);
#2444=EDGE_CURVE('',#1897,#1896,#246,.T.);
#2445=EDGE_CURVE('',#1898,#1897,#1106,.T.);
#2446=EDGE_CURVE('',#1899,#1898,#247,.T.);
#2447=EDGE_CURVE('',#1900,#1899,#248,.T.);
#2448=EDGE_CURVE('',#1901,#1900,#1107,.T.);
#2449=EDGE_CURVE('',#1902,#1901,#249,.T.);
#2450=EDGE_CURVE('',#1903,#1902,#250,.T.);
#2451=EDGE_CURVE('',#1904,#1903,#251,.T.);
#2452=EDGE_CURVE('',#1905,#1904,#1108,.T.);
#2453=EDGE_CURVE('',#1869,#1905,#252,.T.);
#2454=EDGE_CURVE('',#1906,#1906,#253,.T.);
#2455=EDGE_CURVE('',#1907,#1907,#254,.T.);
#2456=EDGE_CURVE('',#1891,#1855,#1109,.T.);
#2457=EDGE_CURVE('',#1854,#1892,#1110,.T.);
#2458=EDGE_CURVE('',#1856,#1890,#1111,.T.);
#2459=EDGE_CURVE('',#1857,#1889,#1112,.T.);
#2460=EDGE_CURVE('',#1888,#1858,#1113,.T.);
#2461=EDGE_CURVE('',#1859,#1887,#1114,.T.);
#2462=EDGE_CURVE('',#1860,#1886,#1115,.T.);
#2463=EDGE_CURVE('',#1885,#1861,#1116,.T.);
#2464=EDGE_CURVE('',#1862,#1884,#1117,.T.);
#2465=EDGE_CURVE('',#1863,#1883,#1118,.T.);
#2466=EDGE_CURVE('',#1864,#1882,#1119,.T.);
#2467=EDGE_CURVE('',#1865,#1881,#1120,.T.);
#2468=EDGE_CURVE('',#1866,#1880,#1121,.T.);
#2469=EDGE_CURVE('',#1879,#1830,#1122,.T.);
#2470=EDGE_CURVE('',#1878,#1831,#1123,.T.);
#2471=EDGE_CURVE('',#1832,#1877,#1124,.T.);
#2472=EDGE_CURVE('',#1833,#1876,#1125,.T.);
#2473=EDGE_CURVE('',#1834,#1875,#1126,.T.);
#2474=EDGE_CURVE('',#1835,#1874,#1127,.T.);
#2475=EDGE_CURVE('',#1871,#1838,#1128,.T.);
#2476=EDGE_CURVE('',#1837,#1872,#1129,.T.);
#2477=EDGE_CURVE('',#1836,#1873,#1130,.T.);
#2478=EDGE_CURVE('',#1839,#1870,#1131,.T.);
#2479=EDGE_CURVE('',#1898,#1848,#1132,.T.);
#2480=EDGE_CURVE('',#1847,#1899,#1133,.T.);
#2481=EDGE_CURVE('',#1897,#1849,#1134,.T.);
#2482=EDGE_CURVE('',#1846,#1900,#1135,.T.);
#2483=EDGE_CURVE('',#1845,#1901,#1136,.T.);
#2484=EDGE_CURVE('',#1850,#1896,#1137,.T.);
#2485=EDGE_CURVE('',#1905,#1841,#1138,.T.);
#2486=EDGE_CURVE('',#1842,#1904,#1139,.T.);
#2487=EDGE_CURVE('',#1893,#1853,#1140,.T.);
#2488=EDGE_CURVE('',#1852,#1894,#1141,.T.);
#2489=EDGE_CURVE('',#1851,#1895,#1142,.T.);
#2490=EDGE_CURVE('',#1867,#1907,#1143,.T.);
#2491=EDGE_CURVE('',#1868,#1906,#1144,.T.);
#2492=EDGE_CURVE('',#1843,#1903,#1145,.T.);
#2493=EDGE_CURVE('',#1844,#1902,#1146,.T.);
#2494=ORIENTED_EDGE('',*,*,#1908,.F.);
#2495=ORIENTED_EDGE('',*,*,#1909,.T.);
#2496=ORIENTED_EDGE('',*,*,#1910,.F.);
#2497=ORIENTED_EDGE('',*,*,#1911,.F.);
#2498=ORIENTED_EDGE('',*,*,#1912,.F.);
#2499=ORIENTED_EDGE('',*,*,#1913,.T.);
#2500=ORIENTED_EDGE('',*,*,#1914,.F.);
#2501=ORIENTED_EDGE('',*,*,#1915,.F.);
#2502=ORIENTED_EDGE('',*,*,#1908,.T.);
#2503=ORIENTED_EDGE('',*,*,#1916,.F.);
#2504=ORIENTED_EDGE('',*,*,#1917,.F.);
#2505=ORIENTED_EDGE('',*,*,#1918,.F.);
#2506=ORIENTED_EDGE('',*,*,#1912,.T.);
#2507=ORIENTED_EDGE('',*,*,#1919,.F.);
#2508=ORIENTED_EDGE('',*,*,#1920,.F.);
#2509=ORIENTED_EDGE('',*,*,#1921,.F.);
#2510=ORIENTED_EDGE('',*,*,#1910,.T.);
#2511=ORIENTED_EDGE('',*,*,#1922,.F.);
#2512=ORIENTED_EDGE('',*,*,#1923,.F.);
#2513=ORIENTED_EDGE('',*,*,#1924,.T.);
#2514=ORIENTED_EDGE('',*,*,#1914,.T.);
#2515=ORIENTED_EDGE('',*,*,#1925,.T.);
#2516=ORIENTED_EDGE('',*,*,#1926,.F.);
#2517=ORIENTED_EDGE('',*,*,#1927,.F.);
#2518=ORIENTED_EDGE('',*,*,#1928,.F.);
#2519=ORIENTED_EDGE('',*,*,#1929,.T.);
#2520=ORIENTED_EDGE('',*,*,#1930,.F.);
#2521=ORIENTED_EDGE('',*,*,#1931,.F.);
#2522=ORIENTED_EDGE('',*,*,#1932,.F.);
#2523=ORIENTED_EDGE('',*,*,#1933,.T.);
#2524=ORIENTED_EDGE('',*,*,#1934,.F.);
#2525=ORIENTED_EDGE('',*,*,#1935,.F.);
#2526=ORIENTED_EDGE('',*,*,#1928,.T.);
#2527=ORIENTED_EDGE('',*,*,#1936,.F.);
#2528=ORIENTED_EDGE('',*,*,#1937,.F.);
#2529=ORIENTED_EDGE('',*,*,#1938,.F.);
#2530=ORIENTED_EDGE('',*,*,#1932,.T.);
#2531=ORIENTED_EDGE('',*,*,#1939,.F.);
#2532=ORIENTED_EDGE('',*,*,#1940,.T.);
#2533=ORIENTED_EDGE('',*,*,#1941,.F.);
#2534=ORIENTED_EDGE('',*,*,#1942,.F.);
#2535=ORIENTED_EDGE('',*,*,#1943,.F.);
#2536=ORIENTED_EDGE('',*,*,#1944,.F.);
#2537=ORIENTED_EDGE('',*,*,#1945,.F.);
#2538=ORIENTED_EDGE('',*,*,#1946,.T.);
#2539=ORIENTED_EDGE('',*,*,#1947,.F.);
#2540=ORIENTED_EDGE('',*,*,#1948,.F.);
#2541=ORIENTED_EDGE('',*,*,#1949,.F.);
#2542=ORIENTED_EDGE('',*,*,#1944,.T.);
#2543=ORIENTED_EDGE('',*,*,#1950,.F.);
#2544=ORIENTED_EDGE('',*,*,#1951,.F.);
#2545=ORIENTED_EDGE('',*,*,#1952,.F.);
#2546=ORIENTED_EDGE('',*,*,#1948,.T.);
#2547=ORIENTED_EDGE('',*,*,#1953,.F.);
#2548=ORIENTED_EDGE('',*,*,#1953,.T.);
#2549=ORIENTED_EDGE('',*,*,#1947,.T.);
#2550=ORIENTED_EDGE('',*,*,#1943,.T.);
#2551=ORIENTED_EDGE('',*,*,#1954,.F.);
#2552=ORIENTED_EDGE('',*,*,#1955,.F.);
#2553=ORIENTED_EDGE('',*,*,#1956,.F.);
#2554=ORIENTED_EDGE('',*,*,#1957,.F.);
#2555=ORIENTED_EDGE('',*,*,#1958,.F.);
#2556=ORIENTED_EDGE('',*,*,#1942,.T.);
#2557=ORIENTED_EDGE('',*,*,#1959,.F.);
#2558=ORIENTED_EDGE('',*,*,#1960,.T.);
#2559=ORIENTED_EDGE('',*,*,#1954,.T.);
#2560=ORIENTED_EDGE('',*,*,#1950,.T.);
#2561=ORIENTED_EDGE('',*,*,#1958,.T.);
#2562=ORIENTED_EDGE('',*,*,#1961,.F.);
#2563=ORIENTED_EDGE('',*,*,#1962,.F.);
#2564=ORIENTED_EDGE('',*,*,#1940,.F.);
#2565=ORIENTED_EDGE('',*,*,#1963,.T.);
#2566=ORIENTED_EDGE('',*,*,#1964,.T.);
#2567=ORIENTED_EDGE('',*,*,#1965,.T.);
#2568=ORIENTED_EDGE('',*,*,#1966,.T.);
#2569=ORIENTED_EDGE('',*,*,#1967,.T.);
#2570=ORIENTED_EDGE('',*,*,#1968,.T.);
#2571=ORIENTED_EDGE('',*,*,#1969,.T.);
#2572=ORIENTED_EDGE('',*,*,#1970,.T.);
#2573=ORIENTED_EDGE('',*,*,#1971,.F.);
#2574=ORIENTED_EDGE('',*,*,#1972,.F.);
#2575=ORIENTED_EDGE('',*,*,#1967,.F.);
#2576=ORIENTED_EDGE('',*,*,#1973,.T.);
#2577=ORIENTED_EDGE('',*,*,#1974,.F.);
#2578=ORIENTED_EDGE('',*,*,#1975,.F.);
#2579=ORIENTED_EDGE('',*,*,#1971,.T.);
#2580=ORIENTED_EDGE('',*,*,#1976,.T.);
#2581=ORIENTED_EDGE('',*,*,#1977,.T.);
#2582=ORIENTED_EDGE('',*,*,#1978,.T.);
#2583=ORIENTED_EDGE('',*,*,#1974,.T.);
#2584=ORIENTED_EDGE('',*,*,#1979,.T.);
#2585=ORIENTED_EDGE('',*,*,#1980,.F.);
#2586=ORIENTED_EDGE('',*,*,#1981,.F.);
#2587=ORIENTED_EDGE('',*,*,#1977,.F.);
#2588=ORIENTED_EDGE('',*,*,#1982,.T.);
#2589=ORIENTED_EDGE('',*,*,#1983,.F.);
#2590=ORIENTED_EDGE('',*,*,#1984,.T.);
#2591=ORIENTED_EDGE('',*,*,#1980,.T.);
#2592=ORIENTED_EDGE('',*,*,#1985,.T.);
#2593=ORIENTED_EDGE('',*,*,#1986,.T.);
#2594=ORIENTED_EDGE('',*,*,#1987,.T.);
#2595=ORIENTED_EDGE('',*,*,#1983,.T.);
#2596=ORIENTED_EDGE('',*,*,#1988,.T.);
#2597=ORIENTED_EDGE('',*,*,#1989,.F.);
#2598=ORIENTED_EDGE('',*,*,#1990,.F.);
#2599=ORIENTED_EDGE('',*,*,#1986,.F.);
#2600=ORIENTED_EDGE('',*,*,#1991,.T.);
#2601=ORIENTED_EDGE('',*,*,#1992,.F.);
#2602=ORIENTED_EDGE('',*,*,#1993,.F.);
#2603=ORIENTED_EDGE('',*,*,#1989,.T.);
#2604=ORIENTED_EDGE('',*,*,#1994,.T.);
#2605=ORIENTED_EDGE('',*,*,#1995,.F.);
#2606=ORIENTED_EDGE('',*,*,#1996,.T.);
#2607=ORIENTED_EDGE('',*,*,#1992,.T.);
#2608=ORIENTED_EDGE('',*,*,#1997,.T.);
#2609=ORIENTED_EDGE('',*,*,#1998,.F.);
#2610=ORIENTED_EDGE('',*,*,#1999,.F.);
#2611=ORIENTED_EDGE('',*,*,#1995,.T.);
#2612=ORIENTED_EDGE('',*,*,#2000,.T.);
#2613=ORIENTED_EDGE('',*,*,#2001,.F.);
#2614=ORIENTED_EDGE('',*,*,#2002,.F.);
#2615=ORIENTED_EDGE('',*,*,#1998,.T.);
#2616=ORIENTED_EDGE('',*,*,#2003,.T.);
#2617=ORIENTED_EDGE('',*,*,#1917,.T.);
#2618=ORIENTED_EDGE('',*,*,#2004,.T.);
#2619=ORIENTED_EDGE('',*,*,#2001,.T.);
#2620=ORIENTED_EDGE('',*,*,#2005,.T.);
#2621=ORIENTED_EDGE('',*,*,#2006,.T.);
#2622=ORIENTED_EDGE('',*,*,#2007,.T.);
#2623=ORIENTED_EDGE('',*,*,#1920,.T.);
#2624=ORIENTED_EDGE('',*,*,#2008,.T.);
#2625=ORIENTED_EDGE('',*,*,#2009,.T.);
#2626=ORIENTED_EDGE('',*,*,#2010,.T.);
#2627=ORIENTED_EDGE('',*,*,#2006,.F.);
#2628=ORIENTED_EDGE('',*,*,#2011,.T.);
#2629=ORIENTED_EDGE('',*,*,#2012,.F.);
#2630=ORIENTED_EDGE('',*,*,#2013,.F.);
#2631=ORIENTED_EDGE('',*,*,#2009,.F.);
#2632=ORIENTED_EDGE('',*,*,#2014,.T.);
#2633=ORIENTED_EDGE('',*,*,#2015,.F.);
#2634=ORIENTED_EDGE('',*,*,#2016,.F.);
#2635=ORIENTED_EDGE('',*,*,#2012,.T.);
#2636=ORIENTED_EDGE('',*,*,#2017,.T.);
#2637=ORIENTED_EDGE('',*,*,#1955,.T.);
#2638=ORIENTED_EDGE('',*,*,#1960,.F.);
#2639=ORIENTED_EDGE('',*,*,#2018,.F.);
#2640=ORIENTED_EDGE('',*,*,#2015,.T.);
#2641=ORIENTED_EDGE('',*,*,#2019,.T.);
#2642=ORIENTED_EDGE('',*,*,#2020,.T.);
#2643=ORIENTED_EDGE('',*,*,#2021,.F.);
#2644=ORIENTED_EDGE('',*,*,#2022,.T.);
#2645=ORIENTED_EDGE('',*,*,#2023,.T.);
#2646=ORIENTED_EDGE('',*,*,#2022,.F.);
#2647=ORIENTED_EDGE('',*,*,#2024,.F.);
#2648=ORIENTED_EDGE('',*,*,#2025,.T.);
#2649=ORIENTED_EDGE('',*,*,#2026,.T.);
#2650=ORIENTED_EDGE('',*,*,#2025,.F.);
#2651=ORIENTED_EDGE('',*,*,#2027,.F.);
#2652=ORIENTED_EDGE('',*,*,#1961,.T.);
#2653=ORIENTED_EDGE('',*,*,#1957,.T.);
#2654=ORIENTED_EDGE('',*,*,#2028,.T.);
#2655=ORIENTED_EDGE('',*,*,#2029,.F.);
#2656=ORIENTED_EDGE('',*,*,#2030,.F.);
#2657=ORIENTED_EDGE('',*,*,#2020,.F.);
#2658=ORIENTED_EDGE('',*,*,#2031,.T.);
#2659=ORIENTED_EDGE('',*,*,#2032,.T.);
#2660=ORIENTED_EDGE('',*,*,#2033,.T.);
#2661=ORIENTED_EDGE('',*,*,#2034,.T.);
#2662=ORIENTED_EDGE('',*,*,#2035,.T.);
#2663=ORIENTED_EDGE('',*,*,#2036,.T.);
#2664=ORIENTED_EDGE('',*,*,#2037,.F.);
#2665=ORIENTED_EDGE('',*,*,#2032,.F.);
#2666=ORIENTED_EDGE('',*,*,#2038,.T.);
#2667=ORIENTED_EDGE('',*,*,#2034,.F.);
#2668=ORIENTED_EDGE('',*,*,#2039,.T.);
#2669=ORIENTED_EDGE('',*,*,#2040,.T.);
#2670=ORIENTED_EDGE('',*,*,#2041,.T.);
#2671=ORIENTED_EDGE('',*,*,#2040,.F.);
#2672=ORIENTED_EDGE('',*,*,#2042,.F.);
#2673=ORIENTED_EDGE('',*,*,#2043,.T.);
#2674=ORIENTED_EDGE('',*,*,#2044,.T.);
#2675=ORIENTED_EDGE('',*,*,#2045,.F.);
#2676=ORIENTED_EDGE('',*,*,#2046,.T.);
#2677=ORIENTED_EDGE('',*,*,#2036,.F.);
#2678=ORIENTED_EDGE('',*,*,#2047,.T.);
#2679=ORIENTED_EDGE('',*,*,#1937,.T.);
#2680=ORIENTED_EDGE('',*,*,#2048,.T.);
#2681=ORIENTED_EDGE('',*,*,#2029,.T.);
#2682=ORIENTED_EDGE('',*,*,#1964,.F.);
#2683=ORIENTED_EDGE('',*,*,#2049,.T.);
#2684=ORIENTED_EDGE('',*,*,#2050,.T.);
#2685=ORIENTED_EDGE('',*,*,#2051,.T.);
#2686=ORIENTED_EDGE('',*,*,#2052,.T.);
#2687=ORIENTED_EDGE('',*,*,#2053,.F.);
#2688=ORIENTED_EDGE('',*,*,#2054,.F.);
#2689=ORIENTED_EDGE('',*,*,#2050,.F.);
#2690=ORIENTED_EDGE('',*,*,#2055,.T.);
#2691=ORIENTED_EDGE('',*,*,#2056,.T.);
#2692=ORIENTED_EDGE('',*,*,#2057,.T.);
#2693=ORIENTED_EDGE('',*,*,#2058,.T.);
#2694=ORIENTED_EDGE('',*,*,#2059,.T.);
#2695=ORIENTED_EDGE('',*,*,#1969,.F.);
#2696=ORIENTED_EDGE('',*,*,#2060,.F.);
#2697=ORIENTED_EDGE('',*,*,#2056,.F.);
#2698=ORIENTED_EDGE('',*,*,#2061,.T.);
#2699=ORIENTED_EDGE('',*,*,#2058,.F.);
#2700=ORIENTED_EDGE('',*,*,#2062,.F.);
#2701=ORIENTED_EDGE('',*,*,#2063,.T.);
#2702=ORIENTED_EDGE('',*,*,#2064,.T.);
#2703=ORIENTED_EDGE('',*,*,#2065,.T.);
#2704=ORIENTED_EDGE('',*,*,#2066,.T.);
#2705=ORIENTED_EDGE('',*,*,#2065,.F.);
#2706=ORIENTED_EDGE('',*,*,#2067,.T.);
#2707=ORIENTED_EDGE('',*,*,#2068,.T.);
#2708=ORIENTED_EDGE('',*,*,#2069,.T.);
#2709=ORIENTED_EDGE('',*,*,#2068,.F.);
#2710=ORIENTED_EDGE('',*,*,#2070,.T.);
#2711=ORIENTED_EDGE('',*,*,#2071,.F.);
#2712=ORIENTED_EDGE('',*,*,#2072,.F.);
#2713=ORIENTED_EDGE('',*,*,#2053,.T.);
#2714=ORIENTED_EDGE('',*,*,#2073,.T.);
#2715=ORIENTED_EDGE('',*,*,#2074,.F.);
#2716=ORIENTED_EDGE('',*,*,#2075,.T.);
#2717=ORIENTED_EDGE('',*,*,#2071,.T.);
#2718=ORIENTED_EDGE('',*,*,#2076,.T.);
#2719=ORIENTED_EDGE('',*,*,#2043,.F.);
#2720=ORIENTED_EDGE('',*,*,#2077,.F.);
#2721=ORIENTED_EDGE('',*,*,#2074,.T.);
#2722=ORIENTED_EDGE('',*,*,#2078,.T.);
#2723=ORIENTED_EDGE('',*,*,#2063,.F.);
#2724=ORIENTED_EDGE('',*,*,#2079,.F.);
#2725=ORIENTED_EDGE('',*,*,#2045,.T.);
#2726=ORIENTED_EDGE('',*,*,#2080,.F.);
#2727=ORIENTED_EDGE('',*,*,#2081,.F.);
#2728=ORIENTED_EDGE('',*,*,#2082,.F.);
#2729=ORIENTED_EDGE('',*,*,#2083,.T.);
#2730=ORIENTED_EDGE('',*,*,#2084,.F.);
#2731=ORIENTED_EDGE('',*,*,#2085,.F.);
#2732=ORIENTED_EDGE('',*,*,#2086,.F.);
#2733=ORIENTED_EDGE('',*,*,#2087,.T.);
#2734=ORIENTED_EDGE('',*,*,#2082,.T.);
#2735=ORIENTED_EDGE('',*,*,#2088,.F.);
#2736=ORIENTED_EDGE('',*,*,#2089,.F.);
#2737=ORIENTED_EDGE('',*,*,#2090,.F.);
#2738=ORIENTED_EDGE('',*,*,#2086,.T.);
#2739=ORIENTED_EDGE('',*,*,#2091,.F.);
#2740=ORIENTED_EDGE('',*,*,#2092,.T.);
#2741=ORIENTED_EDGE('',*,*,#2093,.F.);
#2742=ORIENTED_EDGE('',*,*,#2080,.T.);
#2743=ORIENTED_EDGE('',*,*,#2094,.F.);
#2744=ORIENTED_EDGE('',*,*,#2095,.F.);
#2745=ORIENTED_EDGE('',*,*,#2096,.T.);
#2746=ORIENTED_EDGE('',*,*,#2084,.T.);
#2747=ORIENTED_EDGE('',*,*,#2097,.T.);
#2748=ORIENTED_EDGE('',*,*,#2098,.F.);
#2749=ORIENTED_EDGE('',*,*,#2099,.F.);
#2750=ORIENTED_EDGE('',*,*,#2100,.F.);
#2751=ORIENTED_EDGE('',*,*,#2101,.F.);
#2752=ORIENTED_EDGE('',*,*,#2102,.F.);
#2753=ORIENTED_EDGE('',*,*,#2103,.T.);
#2754=ORIENTED_EDGE('',*,*,#2104,.F.);
#2755=ORIENTED_EDGE('',*,*,#2105,.F.);
#2756=ORIENTED_EDGE('',*,*,#2106,.F.);
#2757=ORIENTED_EDGE('',*,*,#2107,.T.);
#2758=ORIENTED_EDGE('',*,*,#2102,.T.);
#2759=ORIENTED_EDGE('',*,*,#2108,.F.);
#2760=ORIENTED_EDGE('',*,*,#2109,.F.);
#2761=ORIENTED_EDGE('',*,*,#2110,.F.);
#2762=ORIENTED_EDGE('',*,*,#2106,.T.);
#2763=ORIENTED_EDGE('',*,*,#2111,.F.);
#2764=ORIENTED_EDGE('',*,*,#2112,.F.);
#2765=ORIENTED_EDGE('',*,*,#2113,.F.);
#2766=ORIENTED_EDGE('',*,*,#2114,.T.);
#2767=ORIENTED_EDGE('',*,*,#2115,.F.);
#2768=ORIENTED_EDGE('',*,*,#2116,.F.);
#2769=ORIENTED_EDGE('',*,*,#2117,.T.);
#2770=ORIENTED_EDGE('',*,*,#2118,.T.);
#2771=ORIENTED_EDGE('',*,*,#2119,.F.);
#2772=ORIENTED_EDGE('',*,*,#2120,.F.);
#2773=ORIENTED_EDGE('',*,*,#2121,.T.);
#2774=ORIENTED_EDGE('',*,*,#2122,.T.);
#2775=ORIENTED_EDGE('',*,*,#2121,.F.);
#2776=ORIENTED_EDGE('',*,*,#2123,.T.);
#2777=ORIENTED_EDGE('',*,*,#2124,.T.);
#2778=ORIENTED_EDGE('',*,*,#2125,.T.);
#2779=ORIENTED_EDGE('',*,*,#2124,.F.);
#2780=ORIENTED_EDGE('',*,*,#2126,.F.);
#2781=ORIENTED_EDGE('',*,*,#2127,.T.);
#2782=ORIENTED_EDGE('',*,*,#2128,.T.);
#2783=ORIENTED_EDGE('',*,*,#2129,.T.);
#2784=ORIENTED_EDGE('',*,*,#2130,.T.);
#2785=ORIENTED_EDGE('',*,*,#2129,.F.);
#2786=ORIENTED_EDGE('',*,*,#2131,.T.);
#2787=ORIENTED_EDGE('',*,*,#2132,.T.);
#2788=ORIENTED_EDGE('',*,*,#2133,.T.);
#2789=ORIENTED_EDGE('',*,*,#2132,.F.);
#2790=ORIENTED_EDGE('',*,*,#2134,.T.);
#2791=ORIENTED_EDGE('',*,*,#2135,.F.);
#2792=ORIENTED_EDGE('',*,*,#2136,.F.);
#2793=ORIENTED_EDGE('',*,*,#2115,.T.);
#2794=ORIENTED_EDGE('',*,*,#2137,.T.);
#2795=ORIENTED_EDGE('',*,*,#2138,.F.);
#2796=ORIENTED_EDGE('',*,*,#2139,.F.);
#2797=ORIENTED_EDGE('',*,*,#2140,.F.);
#2798=ORIENTED_EDGE('',*,*,#2141,.T.);
#2799=ORIENTED_EDGE('',*,*,#2140,.T.);
#2800=ORIENTED_EDGE('',*,*,#2142,.T.);
#2801=ORIENTED_EDGE('',*,*,#2135,.T.);
#2802=ORIENTED_EDGE('',*,*,#2143,.T.);
#2803=ORIENTED_EDGE('',*,*,#2127,.F.);
#2804=ORIENTED_EDGE('',*,*,#2144,.F.);
#2805=ORIENTED_EDGE('',*,*,#2145,.F.);
#2806=ORIENTED_EDGE('',*,*,#2146,.F.);
#2807=ORIENTED_EDGE('',*,*,#2147,.T.);
#2808=ORIENTED_EDGE('',*,*,#2145,.T.);
#2809=ORIENTED_EDGE('',*,*,#2148,.T.);
#2810=ORIENTED_EDGE('',*,*,#2149,.T.);
#2811=ORIENTED_EDGE('',*,*,#2089,.T.);
#2812=ORIENTED_EDGE('',*,*,#2150,.T.);
#2813=ORIENTED_EDGE('',*,*,#2151,.T.);
#2814=ORIENTED_EDGE('',*,*,#2152,.T.);
#2815=ORIENTED_EDGE('',*,*,#2117,.F.);
#2816=ORIENTED_EDGE('',*,*,#2153,.T.);
#2817=ORIENTED_EDGE('',*,*,#2154,.F.);
#2818=ORIENTED_EDGE('',*,*,#2155,.T.);
#2819=ORIENTED_EDGE('',*,*,#2156,.F.);
#2820=ORIENTED_EDGE('',*,*,#2157,.F.);
#2821=ORIENTED_EDGE('',*,*,#2119,.T.);
#2822=ORIENTED_EDGE('',*,*,#2158,.T.);
#2823=ORIENTED_EDGE('',*,*,#2159,.F.);
#2824=ORIENTED_EDGE('',*,*,#2160,.T.);
#2825=ORIENTED_EDGE('',*,*,#2156,.T.);
#2826=ORIENTED_EDGE('',*,*,#2161,.T.);
#2827=ORIENTED_EDGE('',*,*,#2154,.T.);
#2828=ORIENTED_EDGE('',*,*,#2162,.F.);
#2829=ORIENTED_EDGE('',*,*,#2163,.F.);
#2830=ORIENTED_EDGE('',*,*,#2164,.T.);
#2831=ORIENTED_EDGE('',*,*,#2163,.T.);
#2832=ORIENTED_EDGE('',*,*,#2165,.T.);
#2833=ORIENTED_EDGE('',*,*,#2159,.T.);
#2834=ORIENTED_EDGE('',*,*,#2166,.T.);
#2835=ORIENTED_EDGE('',*,*,#2151,.F.);
#2836=ORIENTED_EDGE('',*,*,#2167,.F.);
#2837=ORIENTED_EDGE('',*,*,#2168,.F.);
#2838=ORIENTED_EDGE('',*,*,#2169,.T.);
#2839=ORIENTED_EDGE('',*,*,#2170,.F.);
#2840=ORIENTED_EDGE('',*,*,#2171,.F.);
#2841=ORIENTED_EDGE('',*,*,#2172,.T.);
#2842=ORIENTED_EDGE('',*,*,#2173,.T.);
#2843=ORIENTED_EDGE('',*,*,#2174,.F.);
#2844=ORIENTED_EDGE('',*,*,#2175,.F.);
#2845=ORIENTED_EDGE('',*,*,#2170,.T.);
#2846=ORIENTED_EDGE('',*,*,#2176,.T.);
#2847=ORIENTED_EDGE('',*,*,#2168,.T.);
#2848=ORIENTED_EDGE('',*,*,#2177,.F.);
#2849=ORIENTED_EDGE('',*,*,#2174,.T.);
#2850=ORIENTED_EDGE('',*,*,#2178,.T.);
#2851=ORIENTED_EDGE('',*,*,#2172,.F.);
#2852=ORIENTED_EDGE('',*,*,#2179,.F.);
#2853=ORIENTED_EDGE('',*,*,#2180,.T.);
#2854=ORIENTED_EDGE('',*,*,#2181,.T.);
#2855=ORIENTED_EDGE('',*,*,#2180,.F.);
#2856=ORIENTED_EDGE('',*,*,#2182,.F.);
#2857=ORIENTED_EDGE('',*,*,#2183,.T.);
#2858=ORIENTED_EDGE('',*,*,#2184,.T.);
#2859=ORIENTED_EDGE('',*,*,#2183,.F.);
#2860=ORIENTED_EDGE('',*,*,#2185,.F.);
#2861=ORIENTED_EDGE('',*,*,#2186,.T.);
#2862=ORIENTED_EDGE('',*,*,#2187,.T.);
#2863=ORIENTED_EDGE('',*,*,#2186,.F.);
#2864=ORIENTED_EDGE('',*,*,#2188,.F.);
#2865=ORIENTED_EDGE('',*,*,#2189,.F.);
#2866=ORIENTED_EDGE('',*,*,#2190,.T.);
#2867=ORIENTED_EDGE('',*,*,#2189,.T.);
#2868=ORIENTED_EDGE('',*,*,#2191,.T.);
#2869=ORIENTED_EDGE('',*,*,#2192,.F.);
#2870=ORIENTED_EDGE('',*,*,#2193,.T.);
#2871=ORIENTED_EDGE('',*,*,#2192,.T.);
#2872=ORIENTED_EDGE('',*,*,#2194,.T.);
#2873=ORIENTED_EDGE('',*,*,#2112,.T.);
#2874=ORIENTED_EDGE('',*,*,#2195,.T.);
#2875=ORIENTED_EDGE('',*,*,#2109,.T.);
#2876=ORIENTED_EDGE('',*,*,#2196,.T.);
#2877=ORIENTED_EDGE('',*,*,#2197,.T.);
#2878=ORIENTED_EDGE('',*,*,#2198,.T.);
#2879=ORIENTED_EDGE('',*,*,#2197,.F.);
#2880=ORIENTED_EDGE('',*,*,#2199,.F.);
#2881=ORIENTED_EDGE('',*,*,#2200,.T.);
#2882=ORIENTED_EDGE('',*,*,#2201,.T.);
#2883=ORIENTED_EDGE('',*,*,#2200,.F.);
#2884=ORIENTED_EDGE('',*,*,#2202,.F.);
#2885=ORIENTED_EDGE('',*,*,#2203,.T.);
#2886=ORIENTED_EDGE('',*,*,#2204,.T.);
#2887=ORIENTED_EDGE('',*,*,#2203,.F.);
#2888=ORIENTED_EDGE('',*,*,#2205,.T.);
#2889=ORIENTED_EDGE('',*,*,#2206,.T.);
#2890=ORIENTED_EDGE('',*,*,#2207,.T.);
#2891=ORIENTED_EDGE('',*,*,#2206,.F.);
#2892=ORIENTED_EDGE('',*,*,#2208,.F.);
#2893=ORIENTED_EDGE('',*,*,#2209,.T.);
#2894=ORIENTED_EDGE('',*,*,#2210,.T.);
#2895=ORIENTED_EDGE('',*,*,#2209,.F.);
#2896=ORIENTED_EDGE('',*,*,#2211,.F.);
#2897=ORIENTED_EDGE('',*,*,#2212,.F.);
#2898=ORIENTED_EDGE('',*,*,#2213,.T.);
#2899=ORIENTED_EDGE('',*,*,#2212,.T.);
#2900=ORIENTED_EDGE('',*,*,#2214,.T.);
#2901=ORIENTED_EDGE('',*,*,#2215,.T.);
#2902=ORIENTED_EDGE('',*,*,#2216,.T.);
#2903=ORIENTED_EDGE('',*,*,#2215,.F.);
#2904=ORIENTED_EDGE('',*,*,#2217,.T.);
#2905=ORIENTED_EDGE('',*,*,#2218,.T.);
#2906=ORIENTED_EDGE('',*,*,#2219,.T.);
#2907=ORIENTED_EDGE('',*,*,#2218,.F.);
#2908=ORIENTED_EDGE('',*,*,#2220,.F.);
#2909=ORIENTED_EDGE('',*,*,#2221,.F.);
#2910=ORIENTED_EDGE('',*,*,#2222,.T.);
#2911=ORIENTED_EDGE('',*,*,#2221,.T.);
#2912=ORIENTED_EDGE('',*,*,#2223,.T.);
#2913=ORIENTED_EDGE('',*,*,#2224,.T.);
#2914=ORIENTED_EDGE('',*,*,#2225,.T.);
#2915=ORIENTED_EDGE('',*,*,#2224,.F.);
#2916=ORIENTED_EDGE('',*,*,#2226,.F.);
#2917=ORIENTED_EDGE('',*,*,#2227,.T.);
#2918=ORIENTED_EDGE('',*,*,#2228,.T.);
#2919=ORIENTED_EDGE('',*,*,#2227,.F.);
#2920=ORIENTED_EDGE('',*,*,#2229,.F.);
#2921=ORIENTED_EDGE('',*,*,#2230,.F.);
#2922=ORIENTED_EDGE('',*,*,#2231,.T.);
#2923=ORIENTED_EDGE('',*,*,#2230,.T.);
#2924=ORIENTED_EDGE('',*,*,#2232,.T.);
#2925=ORIENTED_EDGE('',*,*,#2138,.T.);
#2926=ORIENTED_EDGE('',*,*,#2092,.F.);
#2927=ORIENTED_EDGE('',*,*,#2233,.T.);
#2928=ORIENTED_EDGE('',*,*,#2146,.T.);
#2929=ORIENTED_EDGE('',*,*,#2234,.T.);
#2930=ORIENTED_EDGE('',*,*,#2100,.T.);
#2931=ORIENTED_EDGE('',*,*,#2235,.F.);
#2932=ORIENTED_EDGE('',*,*,#2236,.F.);
#2933=ORIENTED_EDGE('',*,*,#2237,.T.);
#2934=ORIENTED_EDGE('',*,*,#2104,.T.);
#2935=ORIENTED_EDGE('',*,*,#2238,.T.);
#2936=ORIENTED_EDGE('',*,*,#2239,.F.);
#2937=ORIENTED_EDGE('',*,*,#2240,.F.);
#2938=ORIENTED_EDGE('',*,*,#2241,.T.);
#2939=ORIENTED_EDGE('',*,*,#2242,.F.);
#2940=ORIENTED_EDGE('',*,*,#2243,.F.);
#2941=ORIENTED_EDGE('',*,*,#2244,.T.);
#2942=ORIENTED_EDGE('',*,*,#2245,.T.);
#2943=ORIENTED_EDGE('',*,*,#2246,.F.);
#2944=ORIENTED_EDGE('',*,*,#2247,.F.);
#2945=ORIENTED_EDGE('',*,*,#2248,.T.);
#2946=ORIENTED_EDGE('',*,*,#2249,.T.);
#2947=ORIENTED_EDGE('',*,*,#2248,.F.);
#2948=ORIENTED_EDGE('',*,*,#2250,.T.);
#2949=ORIENTED_EDGE('',*,*,#2251,.T.);
#2950=ORIENTED_EDGE('',*,*,#2252,.T.);
#2951=ORIENTED_EDGE('',*,*,#2251,.F.);
#2952=ORIENTED_EDGE('',*,*,#2253,.F.);
#2953=ORIENTED_EDGE('',*,*,#2254,.T.);
#2954=ORIENTED_EDGE('',*,*,#2255,.T.);
#2955=ORIENTED_EDGE('',*,*,#2256,.T.);
#2956=ORIENTED_EDGE('',*,*,#2257,.T.);
#2957=ORIENTED_EDGE('',*,*,#2256,.F.);
#2958=ORIENTED_EDGE('',*,*,#2258,.T.);
#2959=ORIENTED_EDGE('',*,*,#2259,.T.);
#2960=ORIENTED_EDGE('',*,*,#2260,.T.);
#2961=ORIENTED_EDGE('',*,*,#2259,.F.);
#2962=ORIENTED_EDGE('',*,*,#2261,.T.);
#2963=ORIENTED_EDGE('',*,*,#2262,.F.);
#2964=ORIENTED_EDGE('',*,*,#2263,.F.);
#2965=ORIENTED_EDGE('',*,*,#2242,.T.);
#2966=ORIENTED_EDGE('',*,*,#2264,.T.);
#2967=ORIENTED_EDGE('',*,*,#2265,.F.);
#2968=ORIENTED_EDGE('',*,*,#2266,.F.);
#2969=ORIENTED_EDGE('',*,*,#2267,.F.);
#2970=ORIENTED_EDGE('',*,*,#2268,.T.);
#2971=ORIENTED_EDGE('',*,*,#2267,.T.);
#2972=ORIENTED_EDGE('',*,*,#2269,.T.);
#2973=ORIENTED_EDGE('',*,*,#2262,.T.);
#2974=ORIENTED_EDGE('',*,*,#2270,.T.);
#2975=ORIENTED_EDGE('',*,*,#2254,.F.);
#2976=ORIENTED_EDGE('',*,*,#2271,.F.);
#2977=ORIENTED_EDGE('',*,*,#2272,.F.);
#2978=ORIENTED_EDGE('',*,*,#2273,.F.);
#2979=ORIENTED_EDGE('',*,*,#2274,.T.);
#2980=ORIENTED_EDGE('',*,*,#2272,.T.);
#2981=ORIENTED_EDGE('',*,*,#2275,.T.);
#2982=ORIENTED_EDGE('',*,*,#2276,.T.);
#2983=ORIENTED_EDGE('',*,*,#2095,.T.);
#2984=ORIENTED_EDGE('',*,*,#2277,.T.);
#2985=ORIENTED_EDGE('',*,*,#2278,.T.);
#2986=ORIENTED_EDGE('',*,*,#2279,.T.);
#2987=ORIENTED_EDGE('',*,*,#2244,.F.);
#2988=ORIENTED_EDGE('',*,*,#2280,.T.);
#2989=ORIENTED_EDGE('',*,*,#2281,.F.);
#2990=ORIENTED_EDGE('',*,*,#2282,.T.);
#2991=ORIENTED_EDGE('',*,*,#2283,.F.);
#2992=ORIENTED_EDGE('',*,*,#2284,.F.);
#2993=ORIENTED_EDGE('',*,*,#2246,.T.);
#2994=ORIENTED_EDGE('',*,*,#2285,.T.);
#2995=ORIENTED_EDGE('',*,*,#2286,.F.);
#2996=ORIENTED_EDGE('',*,*,#2287,.T.);
#2997=ORIENTED_EDGE('',*,*,#2283,.T.);
#2998=ORIENTED_EDGE('',*,*,#2288,.T.);
#2999=ORIENTED_EDGE('',*,*,#2281,.T.);
#3000=ORIENTED_EDGE('',*,*,#2289,.F.);
#3001=ORIENTED_EDGE('',*,*,#2290,.F.);
#3002=ORIENTED_EDGE('',*,*,#2291,.T.);
#3003=ORIENTED_EDGE('',*,*,#2290,.T.);
#3004=ORIENTED_EDGE('',*,*,#2292,.T.);
#3005=ORIENTED_EDGE('',*,*,#2286,.T.);
#3006=ORIENTED_EDGE('',*,*,#2293,.T.);
#3007=ORIENTED_EDGE('',*,*,#2278,.F.);
#3008=ORIENTED_EDGE('',*,*,#2294,.F.);
#3009=ORIENTED_EDGE('',*,*,#2295,.F.);
#3010=ORIENTED_EDGE('',*,*,#2296,.T.);
#3011=ORIENTED_EDGE('',*,*,#2297,.F.);
#3012=ORIENTED_EDGE('',*,*,#2298,.F.);
#3013=ORIENTED_EDGE('',*,*,#2299,.T.);
#3014=ORIENTED_EDGE('',*,*,#2300,.T.);
#3015=ORIENTED_EDGE('',*,*,#2301,.F.);
#3016=ORIENTED_EDGE('',*,*,#2302,.F.);
#3017=ORIENTED_EDGE('',*,*,#2297,.T.);
#3018=ORIENTED_EDGE('',*,*,#2303,.T.);
#3019=ORIENTED_EDGE('',*,*,#2295,.T.);
#3020=ORIENTED_EDGE('',*,*,#2304,.F.);
#3021=ORIENTED_EDGE('',*,*,#2301,.T.);
#3022=ORIENTED_EDGE('',*,*,#1952,.T.);
#3023=ORIENTED_EDGE('',*,*,#2305,.T.);
#3024=ORIENTED_EDGE('',*,*,#2299,.F.);
#3025=ORIENTED_EDGE('',*,*,#2306,.F.);
#3026=ORIENTED_EDGE('',*,*,#2307,.F.);
#3027=ORIENTED_EDGE('',*,*,#2308,.T.);
#3028=ORIENTED_EDGE('',*,*,#2309,.T.);
#3029=ORIENTED_EDGE('',*,*,#2310,.T.);
#3030=ORIENTED_EDGE('',*,*,#1945,.T.);
#3031=ORIENTED_EDGE('',*,*,#1949,.T.);
#3032=ORIENTED_EDGE('',*,*,#2311,.T.);
#3033=ORIENTED_EDGE('',*,*,#2309,.F.);
#3034=ORIENTED_EDGE('',*,*,#2312,.F.);
#3035=ORIENTED_EDGE('',*,*,#2313,.F.);
#3036=ORIENTED_EDGE('',*,*,#2314,.T.);
#3037=ORIENTED_EDGE('',*,*,#2315,.T.);
#3038=ORIENTED_EDGE('',*,*,#2314,.F.);
#3039=ORIENTED_EDGE('',*,*,#2316,.F.);
#3040=ORIENTED_EDGE('',*,*,#2317,.T.);
#3041=ORIENTED_EDGE('',*,*,#2318,.T.);
#3042=ORIENTED_EDGE('',*,*,#2317,.F.);
#3043=ORIENTED_EDGE('',*,*,#2319,.F.);
#3044=ORIENTED_EDGE('',*,*,#2320,.F.);
#3045=ORIENTED_EDGE('',*,*,#2321,.T.);
#3046=ORIENTED_EDGE('',*,*,#2320,.T.);
#3047=ORIENTED_EDGE('',*,*,#2322,.T.);
#3048=ORIENTED_EDGE('',*,*,#2323,.F.);
#3049=ORIENTED_EDGE('',*,*,#2324,.T.);
#3050=ORIENTED_EDGE('',*,*,#2323,.T.);
#3051=ORIENTED_EDGE('',*,*,#2325,.T.);
#3052=ORIENTED_EDGE('',*,*,#2239,.T.);
#3053=ORIENTED_EDGE('',*,*,#2326,.T.);
#3054=ORIENTED_EDGE('',*,*,#2236,.T.);
#3055=ORIENTED_EDGE('',*,*,#2327,.T.);
#3056=ORIENTED_EDGE('',*,*,#2328,.T.);
#3057=ORIENTED_EDGE('',*,*,#2329,.T.);
#3058=ORIENTED_EDGE('',*,*,#2328,.F.);
#3059=ORIENTED_EDGE('',*,*,#2330,.F.);
#3060=ORIENTED_EDGE('',*,*,#2331,.T.);
#3061=ORIENTED_EDGE('',*,*,#2332,.T.);
#3062=ORIENTED_EDGE('',*,*,#2331,.F.);
#3063=ORIENTED_EDGE('',*,*,#2333,.F.);
#3064=ORIENTED_EDGE('',*,*,#2334,.T.);
#3065=ORIENTED_EDGE('',*,*,#2335,.T.);
#3066=ORIENTED_EDGE('',*,*,#2334,.F.);
#3067=ORIENTED_EDGE('',*,*,#2336,.T.);
#3068=ORIENTED_EDGE('',*,*,#2337,.T.);
#3069=ORIENTED_EDGE('',*,*,#2338,.T.);
#3070=ORIENTED_EDGE('',*,*,#2337,.F.);
#3071=ORIENTED_EDGE('',*,*,#2339,.F.);
#3072=ORIENTED_EDGE('',*,*,#2340,.T.);
#3073=ORIENTED_EDGE('',*,*,#2341,.T.);
#3074=ORIENTED_EDGE('',*,*,#2340,.F.);
#3075=ORIENTED_EDGE('',*,*,#2342,.F.);
#3076=ORIENTED_EDGE('',*,*,#2343,.F.);
#3077=ORIENTED_EDGE('',*,*,#2344,.T.);
#3078=ORIENTED_EDGE('',*,*,#2343,.T.);
#3079=ORIENTED_EDGE('',*,*,#2345,.T.);
#3080=ORIENTED_EDGE('',*,*,#2346,.T.);
#3081=ORIENTED_EDGE('',*,*,#2347,.T.);
#3082=ORIENTED_EDGE('',*,*,#2346,.F.);
#3083=ORIENTED_EDGE('',*,*,#2348,.T.);
#3084=ORIENTED_EDGE('',*,*,#2349,.T.);
#3085=ORIENTED_EDGE('',*,*,#2350,.T.);
#3086=ORIENTED_EDGE('',*,*,#2349,.F.);
#3087=ORIENTED_EDGE('',*,*,#2351,.F.);
#3088=ORIENTED_EDGE('',*,*,#2352,.F.);
#3089=ORIENTED_EDGE('',*,*,#2353,.T.);
#3090=ORIENTED_EDGE('',*,*,#2352,.T.);
#3091=ORIENTED_EDGE('',*,*,#2354,.T.);
#3092=ORIENTED_EDGE('',*,*,#2355,.T.);
#3093=ORIENTED_EDGE('',*,*,#2356,.T.);
#3094=ORIENTED_EDGE('',*,*,#2355,.F.);
#3095=ORIENTED_EDGE('',*,*,#2357,.F.);
#3096=ORIENTED_EDGE('',*,*,#2358,.T.);
#3097=ORIENTED_EDGE('',*,*,#2359,.T.);
#3098=ORIENTED_EDGE('',*,*,#2358,.F.);
#3099=ORIENTED_EDGE('',*,*,#2360,.F.);
#3100=ORIENTED_EDGE('',*,*,#2361,.F.);
#3101=ORIENTED_EDGE('',*,*,#2362,.T.);
#3102=ORIENTED_EDGE('',*,*,#2361,.T.);
#3103=ORIENTED_EDGE('',*,*,#2363,.T.);
#3104=ORIENTED_EDGE('',*,*,#2265,.T.);
#3105=ORIENTED_EDGE('',*,*,#2312,.T.);
#3106=ORIENTED_EDGE('',*,*,#2308,.F.);
#3107=ORIENTED_EDGE('',*,*,#2307,.T.);
#3108=ORIENTED_EDGE('',*,*,#2364,.F.);
#3109=ORIENTED_EDGE('',*,*,#2098,.T.);
#3110=ORIENTED_EDGE('',*,*,#2365,.F.);
#3111=ORIENTED_EDGE('',*,*,#2273,.T.);
#3112=ORIENTED_EDGE('',*,*,#2366,.T.);
#3113=ORIENTED_EDGE('',*,*,#2090,.T.);
#3114=ORIENTED_EDGE('',*,*,#2149,.F.);
#3115=ORIENTED_EDGE('',*,*,#2166,.F.);
#3116=ORIENTED_EDGE('',*,*,#2176,.F.);
#3117=ORIENTED_EDGE('',*,*,#2173,.F.);
#3118=ORIENTED_EDGE('',*,*,#2169,.F.);
#3119=ORIENTED_EDGE('',*,*,#2178,.F.);
#3120=ORIENTED_EDGE('',*,*,#2181,.F.);
#3121=ORIENTED_EDGE('',*,*,#2184,.F.);
#3122=ORIENTED_EDGE('',*,*,#2187,.F.);
#3123=ORIENTED_EDGE('',*,*,#2190,.F.);
#3124=ORIENTED_EDGE('',*,*,#2193,.F.);
#3125=ORIENTED_EDGE('',*,*,#2111,.T.);
#3126=ORIENTED_EDGE('',*,*,#2105,.T.);
#3127=ORIENTED_EDGE('',*,*,#2240,.T.);
#3128=ORIENTED_EDGE('',*,*,#2325,.F.);
#3129=ORIENTED_EDGE('',*,*,#2322,.F.);
#3130=ORIENTED_EDGE('',*,*,#2319,.T.);
#3131=ORIENTED_EDGE('',*,*,#2316,.T.);
#3132=ORIENTED_EDGE('',*,*,#2313,.T.);
#3133=ORIENTED_EDGE('',*,*,#2364,.T.);
#3134=ORIENTED_EDGE('',*,*,#2306,.T.);
#3135=ORIENTED_EDGE('',*,*,#2298,.T.);
#3136=ORIENTED_EDGE('',*,*,#2302,.T.);
#3137=ORIENTED_EDGE('',*,*,#2304,.T.);
#3138=ORIENTED_EDGE('',*,*,#2294,.T.);
#3139=ORIENTED_EDGE('',*,*,#2277,.F.);
#3140=ORIENTED_EDGE('',*,*,#2094,.T.);
#3141=ORIENTED_EDGE('',*,*,#2083,.F.);
#3142=ORIENTED_EDGE('',*,*,#2085,.T.);
#3143=ORIENTED_EDGE('',*,*,#2099,.T.);
#3144=ORIENTED_EDGE('',*,*,#2366,.F.);
#3145=ORIENTED_EDGE('',*,*,#2275,.F.);
#3146=ORIENTED_EDGE('',*,*,#2271,.T.);
#3147=ORIENTED_EDGE('',*,*,#2253,.T.);
#3148=ORIENTED_EDGE('',*,*,#2250,.F.);
#3149=ORIENTED_EDGE('',*,*,#2247,.T.);
#3150=ORIENTED_EDGE('',*,*,#2284,.T.);
#3151=ORIENTED_EDGE('',*,*,#2287,.F.);
#3152=ORIENTED_EDGE('',*,*,#2292,.F.);
#3153=ORIENTED_EDGE('',*,*,#2289,.T.);
#3154=ORIENTED_EDGE('',*,*,#2280,.F.);
#3155=ORIENTED_EDGE('',*,*,#2243,.T.);
#3156=ORIENTED_EDGE('',*,*,#2263,.T.);
#3157=ORIENTED_EDGE('',*,*,#2269,.F.);
#3158=ORIENTED_EDGE('',*,*,#2266,.T.);
#3159=ORIENTED_EDGE('',*,*,#2363,.F.);
#3160=ORIENTED_EDGE('',*,*,#2360,.T.);
#3161=ORIENTED_EDGE('',*,*,#2357,.T.);
#3162=ORIENTED_EDGE('',*,*,#2354,.F.);
#3163=ORIENTED_EDGE('',*,*,#2351,.T.);
#3164=ORIENTED_EDGE('',*,*,#2348,.F.);
#3165=ORIENTED_EDGE('',*,*,#2345,.F.);
#3166=ORIENTED_EDGE('',*,*,#2342,.T.);
#3167=ORIENTED_EDGE('',*,*,#2339,.T.);
#3168=ORIENTED_EDGE('',*,*,#2336,.F.);
#3169=ORIENTED_EDGE('',*,*,#2333,.T.);
#3170=ORIENTED_EDGE('',*,*,#2330,.T.);
#3171=ORIENTED_EDGE('',*,*,#2327,.F.);
#3172=ORIENTED_EDGE('',*,*,#2235,.T.);
#3173=ORIENTED_EDGE('',*,*,#2103,.F.);
#3174=ORIENTED_EDGE('',*,*,#2110,.T.);
#3175=ORIENTED_EDGE('',*,*,#2195,.F.);
#3176=ORIENTED_EDGE('',*,*,#2198,.F.);
#3177=ORIENTED_EDGE('',*,*,#2201,.F.);
#3178=ORIENTED_EDGE('',*,*,#2204,.F.);
#3179=ORIENTED_EDGE('',*,*,#2207,.F.);
#3180=ORIENTED_EDGE('',*,*,#2210,.F.);
#3181=ORIENTED_EDGE('',*,*,#2213,.F.);
#3182=ORIENTED_EDGE('',*,*,#2216,.F.);
#3183=ORIENTED_EDGE('',*,*,#2219,.F.);
#3184=ORIENTED_EDGE('',*,*,#2222,.F.);
#3185=ORIENTED_EDGE('',*,*,#2225,.F.);
#3186=ORIENTED_EDGE('',*,*,#2228,.F.);
#3187=ORIENTED_EDGE('',*,*,#2231,.F.);
#3188=ORIENTED_EDGE('',*,*,#2137,.F.);
#3189=ORIENTED_EDGE('',*,*,#2141,.F.);
#3190=ORIENTED_EDGE('',*,*,#2134,.F.);
#3191=ORIENTED_EDGE('',*,*,#2114,.F.);
#3192=ORIENTED_EDGE('',*,*,#2152,.F.);
#3193=ORIENTED_EDGE('',*,*,#2161,.F.);
#3194=ORIENTED_EDGE('',*,*,#2164,.F.);
#3195=ORIENTED_EDGE('',*,*,#2158,.F.);
#3196=ORIENTED_EDGE('',*,*,#2155,.F.);
#3197=ORIENTED_EDGE('',*,*,#2118,.F.);
#3198=ORIENTED_EDGE('',*,*,#2122,.F.);
#3199=ORIENTED_EDGE('',*,*,#2125,.F.);
#3200=ORIENTED_EDGE('',*,*,#2143,.F.);
#3201=ORIENTED_EDGE('',*,*,#2147,.F.);
#3202=ORIENTED_EDGE('',*,*,#2233,.F.);
#3203=ORIENTED_EDGE('',*,*,#2091,.T.);
#3204=ORIENTED_EDGE('',*,*,#2133,.F.);
#3205=ORIENTED_EDGE('',*,*,#2130,.F.);
#3206=ORIENTED_EDGE('',*,*,#2255,.F.);
#3207=ORIENTED_EDGE('',*,*,#2258,.F.);
#3208=ORIENTED_EDGE('',*,*,#1930,.T.);
#3209=ORIENTED_EDGE('',*,*,#2367,.F.);
#3210=ORIENTED_EDGE('',*,*,#2368,.F.);
#3211=ORIENTED_EDGE('',*,*,#2369,.T.);
#3212=ORIENTED_EDGE('',*,*,#1934,.T.);
#3213=ORIENTED_EDGE('',*,*,#2370,.T.);
#3214=ORIENTED_EDGE('',*,*,#2371,.F.);
#3215=ORIENTED_EDGE('',*,*,#2372,.F.);
#3216=ORIENTED_EDGE('',*,*,#1915,.T.);
#3217=ORIENTED_EDGE('',*,*,#1927,.T.);
#3218=ORIENTED_EDGE('',*,*,#2373,.F.);
#3219=ORIENTED_EDGE('',*,*,#2374,.F.);
#3220=ORIENTED_EDGE('',*,*,#2375,.T.);
#3221=ORIENTED_EDGE('',*,*,#2376,.T.);
#3222=ORIENTED_EDGE('',*,*,#2377,.T.);
#3223=ORIENTED_EDGE('',*,*,#2378,.T.);
#3224=ORIENTED_EDGE('',*,*,#2379,.T.);
#3225=ORIENTED_EDGE('',*,*,#2380,.T.);
#3226=ORIENTED_EDGE('',*,*,#2381,.T.);
#3227=ORIENTED_EDGE('',*,*,#2382,.T.);
#3228=ORIENTED_EDGE('',*,*,#2383,.F.);
#3229=ORIENTED_EDGE('',*,*,#2367,.T.);
#3230=ORIENTED_EDGE('',*,*,#1929,.F.);
#3231=ORIENTED_EDGE('',*,*,#1938,.T.);
#3232=ORIENTED_EDGE('',*,*,#2047,.F.);
#3233=ORIENTED_EDGE('',*,*,#2028,.F.);
#3234=ORIENTED_EDGE('',*,*,#2019,.F.);
#3235=ORIENTED_EDGE('',*,*,#2023,.F.);
#3236=ORIENTED_EDGE('',*,*,#2026,.F.);
#3237=ORIENTED_EDGE('',*,*,#1956,.T.);
#3238=ORIENTED_EDGE('',*,*,#2017,.F.);
#3239=ORIENTED_EDGE('',*,*,#2014,.F.);
#3240=ORIENTED_EDGE('',*,*,#2011,.F.);
#3241=ORIENTED_EDGE('',*,*,#2008,.F.);
#3242=ORIENTED_EDGE('',*,*,#2005,.F.);
#3243=ORIENTED_EDGE('',*,*,#1919,.T.);
#3244=ORIENTED_EDGE('',*,*,#1918,.T.);
#3245=ORIENTED_EDGE('',*,*,#2003,.F.);
#3246=ORIENTED_EDGE('',*,*,#2000,.F.);
#3247=ORIENTED_EDGE('',*,*,#1997,.F.);
#3248=ORIENTED_EDGE('',*,*,#1994,.F.);
#3249=ORIENTED_EDGE('',*,*,#1991,.F.);
#3250=ORIENTED_EDGE('',*,*,#1988,.F.);
#3251=ORIENTED_EDGE('',*,*,#1985,.F.);
#3252=ORIENTED_EDGE('',*,*,#1982,.F.);
#3253=ORIENTED_EDGE('',*,*,#1979,.F.);
#3254=ORIENTED_EDGE('',*,*,#1976,.F.);
#3255=ORIENTED_EDGE('',*,*,#1973,.F.);
#3256=ORIENTED_EDGE('',*,*,#1970,.F.);
#3257=ORIENTED_EDGE('',*,*,#1966,.F.);
#3258=ORIENTED_EDGE('',*,*,#2059,.F.);
#3259=ORIENTED_EDGE('',*,*,#2055,.F.);
#3260=ORIENTED_EDGE('',*,*,#2061,.F.);
#3261=ORIENTED_EDGE('',*,*,#2078,.F.);
#3262=ORIENTED_EDGE('',*,*,#2044,.F.);
#3263=ORIENTED_EDGE('',*,*,#2035,.F.);
#3264=ORIENTED_EDGE('',*,*,#2031,.F.);
#3265=ORIENTED_EDGE('',*,*,#2038,.F.);
#3266=ORIENTED_EDGE('',*,*,#2041,.F.);
#3267=ORIENTED_EDGE('',*,*,#2076,.F.);
#3268=ORIENTED_EDGE('',*,*,#2073,.F.);
#3269=ORIENTED_EDGE('',*,*,#2070,.F.);
#3270=ORIENTED_EDGE('',*,*,#2052,.F.);
#3271=ORIENTED_EDGE('',*,*,#2049,.F.);
#3272=ORIENTED_EDGE('',*,*,#1963,.F.);
#3273=ORIENTED_EDGE('',*,*,#1939,.T.);
#3274=ORIENTED_EDGE('',*,*,#1935,.T.);
#3275=ORIENTED_EDGE('',*,*,#2372,.T.);
#3276=ORIENTED_EDGE('',*,*,#2384,.F.);
#3277=ORIENTED_EDGE('',*,*,#2385,.F.);
#3278=ORIENTED_EDGE('',*,*,#2386,.T.);
#3279=ORIENTED_EDGE('',*,*,#2387,.T.);
#3280=ORIENTED_EDGE('',*,*,#2388,.F.);
#3281=ORIENTED_EDGE('',*,*,#2389,.T.);
#3282=ORIENTED_EDGE('',*,*,#2390,.T.);
#3283=ORIENTED_EDGE('',*,*,#2391,.F.);
#3284=ORIENTED_EDGE('',*,*,#2392,.F.);
#3285=ORIENTED_EDGE('',*,*,#2393,.T.);
#3286=ORIENTED_EDGE('',*,*,#2394,.F.);
#3287=ORIENTED_EDGE('',*,*,#2395,.T.);
#3288=ORIENTED_EDGE('',*,*,#2396,.T.);
#3289=ORIENTED_EDGE('',*,*,#2397,.F.);
#3290=ORIENTED_EDGE('',*,*,#2398,.T.);
#3291=ORIENTED_EDGE('',*,*,#2399,.F.);
#3292=ORIENTED_EDGE('',*,*,#2400,.T.);
#3293=ORIENTED_EDGE('',*,*,#2401,.T.);
#3294=ORIENTED_EDGE('',*,*,#2402,.F.);
#3295=ORIENTED_EDGE('',*,*,#2403,.T.);
#3296=ORIENTED_EDGE('',*,*,#2404,.F.);
#3297=ORIENTED_EDGE('',*,*,#2405,.F.);
#3298=ORIENTED_EDGE('',*,*,#2406,.T.);
#3299=ORIENTED_EDGE('',*,*,#2407,.T.);
#3300=ORIENTED_EDGE('',*,*,#2408,.F.);
#3301=ORIENTED_EDGE('',*,*,#2409,.T.);
#3302=ORIENTED_EDGE('',*,*,#2410,.T.);
#3303=ORIENTED_EDGE('',*,*,#2411,.F.);
#3304=ORIENTED_EDGE('',*,*,#1922,.T.);
#3305=ORIENTED_EDGE('',*,*,#1909,.F.);
#3306=ORIENTED_EDGE('',*,*,#2069,.F.);
#3307=ORIENTED_EDGE('',*,*,#2066,.F.);
#3308=ORIENTED_EDGE('',*,*,#2412,.F.);
#3309=ORIENTED_EDGE('',*,*,#2413,.F.);
#3310=ORIENTED_EDGE('',*,*,#2371,.T.);
#3311=ORIENTED_EDGE('',*,*,#2414,.F.);
#3312=ORIENTED_EDGE('',*,*,#2415,.T.);
#3313=ORIENTED_EDGE('',*,*,#2384,.T.);
#3314=ORIENTED_EDGE('',*,*,#1921,.T.);
#3315=ORIENTED_EDGE('',*,*,#2007,.F.);
#3316=ORIENTED_EDGE('',*,*,#2010,.F.);
#3317=ORIENTED_EDGE('',*,*,#2013,.T.);
#3318=ORIENTED_EDGE('',*,*,#2016,.T.);
#3319=ORIENTED_EDGE('',*,*,#2018,.T.);
#3320=ORIENTED_EDGE('',*,*,#1959,.T.);
#3321=ORIENTED_EDGE('',*,*,#1946,.F.);
#3322=ORIENTED_EDGE('',*,*,#2310,.F.);
#3323=ORIENTED_EDGE('',*,*,#2311,.F.);
#3324=ORIENTED_EDGE('',*,*,#2315,.F.);
#3325=ORIENTED_EDGE('',*,*,#2318,.F.);
#3326=ORIENTED_EDGE('',*,*,#2321,.F.);
#3327=ORIENTED_EDGE('',*,*,#2324,.F.);
#3328=ORIENTED_EDGE('',*,*,#2238,.F.);
#3329=ORIENTED_EDGE('',*,*,#2107,.F.);
#3330=ORIENTED_EDGE('',*,*,#2113,.T.);
#3331=ORIENTED_EDGE('',*,*,#2194,.F.);
#3332=ORIENTED_EDGE('',*,*,#2191,.F.);
#3333=ORIENTED_EDGE('',*,*,#2188,.T.);
#3334=ORIENTED_EDGE('',*,*,#2185,.T.);
#3335=ORIENTED_EDGE('',*,*,#2182,.T.);
#3336=ORIENTED_EDGE('',*,*,#2179,.T.);
#3337=ORIENTED_EDGE('',*,*,#2171,.T.);
#3338=ORIENTED_EDGE('',*,*,#2175,.T.);
#3339=ORIENTED_EDGE('',*,*,#2177,.T.);
#3340=ORIENTED_EDGE('',*,*,#2167,.T.);
#3341=ORIENTED_EDGE('',*,*,#2150,.F.);
#3342=ORIENTED_EDGE('',*,*,#2088,.T.);
#3343=ORIENTED_EDGE('',*,*,#2081,.T.);
#3344=ORIENTED_EDGE('',*,*,#2096,.F.);
#3345=ORIENTED_EDGE('',*,*,#2276,.F.);
#3346=ORIENTED_EDGE('',*,*,#2293,.F.);
#3347=ORIENTED_EDGE('',*,*,#2303,.F.);
#3348=ORIENTED_EDGE('',*,*,#2300,.F.);
#3349=ORIENTED_EDGE('',*,*,#2296,.F.);
#3350=ORIENTED_EDGE('',*,*,#2305,.F.);
#3351=ORIENTED_EDGE('',*,*,#1951,.T.);
#3352=ORIENTED_EDGE('',*,*,#1962,.T.);
#3353=ORIENTED_EDGE('',*,*,#2027,.T.);
#3354=ORIENTED_EDGE('',*,*,#2024,.T.);
#3355=ORIENTED_EDGE('',*,*,#2021,.T.);
#3356=ORIENTED_EDGE('',*,*,#2030,.T.);
#3357=ORIENTED_EDGE('',*,*,#2048,.F.);
#3358=ORIENTED_EDGE('',*,*,#1936,.T.);
#3359=ORIENTED_EDGE('',*,*,#1931,.T.);
#3360=ORIENTED_EDGE('',*,*,#2369,.F.);
#3361=ORIENTED_EDGE('',*,*,#2416,.F.);
#3362=ORIENTED_EDGE('',*,*,#2417,.F.);
#3363=ORIENTED_EDGE('',*,*,#2418,.F.);
#3364=ORIENTED_EDGE('',*,*,#2419,.F.);
#3365=ORIENTED_EDGE('',*,*,#2420,.F.);
#3366=ORIENTED_EDGE('',*,*,#2421,.F.);
#3367=ORIENTED_EDGE('',*,*,#2422,.F.);
#3368=ORIENTED_EDGE('',*,*,#2423,.F.);
#3369=ORIENTED_EDGE('',*,*,#2424,.F.);
#3370=ORIENTED_EDGE('',*,*,#2425,.F.);
#3371=ORIENTED_EDGE('',*,*,#2426,.F.);
#3372=ORIENTED_EDGE('',*,*,#1925,.F.);
#3373=ORIENTED_EDGE('',*,*,#1913,.F.);
#3374=ORIENTED_EDGE('',*,*,#2128,.F.);
#3375=ORIENTED_EDGE('',*,*,#2131,.F.);
#3376=ORIENTED_EDGE('',*,*,#2260,.F.);
#3377=ORIENTED_EDGE('',*,*,#2257,.F.);
#3378=ORIENTED_EDGE('',*,*,#2093,.T.);
#3379=ORIENTED_EDGE('',*,*,#2234,.F.);
#3380=ORIENTED_EDGE('',*,*,#2148,.F.);
#3381=ORIENTED_EDGE('',*,*,#2144,.T.);
#3382=ORIENTED_EDGE('',*,*,#2126,.T.);
#3383=ORIENTED_EDGE('',*,*,#2123,.F.);
#3384=ORIENTED_EDGE('',*,*,#2120,.T.);
#3385=ORIENTED_EDGE('',*,*,#2157,.T.);
#3386=ORIENTED_EDGE('',*,*,#2160,.F.);
#3387=ORIENTED_EDGE('',*,*,#2165,.F.);
#3388=ORIENTED_EDGE('',*,*,#2162,.T.);
#3389=ORIENTED_EDGE('',*,*,#2153,.F.);
#3390=ORIENTED_EDGE('',*,*,#2116,.T.);
#3391=ORIENTED_EDGE('',*,*,#2136,.T.);
#3392=ORIENTED_EDGE('',*,*,#2142,.F.);
#3393=ORIENTED_EDGE('',*,*,#2139,.T.);
#3394=ORIENTED_EDGE('',*,*,#2232,.F.);
#3395=ORIENTED_EDGE('',*,*,#2229,.T.);
#3396=ORIENTED_EDGE('',*,*,#2226,.T.);
#3397=ORIENTED_EDGE('',*,*,#2223,.F.);
#3398=ORIENTED_EDGE('',*,*,#2220,.T.);
#3399=ORIENTED_EDGE('',*,*,#2217,.F.);
#3400=ORIENTED_EDGE('',*,*,#2214,.F.);
#3401=ORIENTED_EDGE('',*,*,#2211,.T.);
#3402=ORIENTED_EDGE('',*,*,#2208,.T.);
#3403=ORIENTED_EDGE('',*,*,#2205,.F.);
#3404=ORIENTED_EDGE('',*,*,#2202,.T.);
#3405=ORIENTED_EDGE('',*,*,#2199,.T.);
#3406=ORIENTED_EDGE('',*,*,#2196,.F.);
#3407=ORIENTED_EDGE('',*,*,#2108,.T.);
#3408=ORIENTED_EDGE('',*,*,#2101,.T.);
#3409=ORIENTED_EDGE('',*,*,#2237,.F.);
#3410=ORIENTED_EDGE('',*,*,#2326,.F.);
#3411=ORIENTED_EDGE('',*,*,#2329,.F.);
#3412=ORIENTED_EDGE('',*,*,#2332,.F.);
#3413=ORIENTED_EDGE('',*,*,#2335,.F.);
#3414=ORIENTED_EDGE('',*,*,#2338,.F.);
#3415=ORIENTED_EDGE('',*,*,#2341,.F.);
#3416=ORIENTED_EDGE('',*,*,#2344,.F.);
#3417=ORIENTED_EDGE('',*,*,#2347,.F.);
#3418=ORIENTED_EDGE('',*,*,#2350,.F.);
#3419=ORIENTED_EDGE('',*,*,#2353,.F.);
#3420=ORIENTED_EDGE('',*,*,#2356,.F.);
#3421=ORIENTED_EDGE('',*,*,#2359,.F.);
#3422=ORIENTED_EDGE('',*,*,#2362,.F.);
#3423=ORIENTED_EDGE('',*,*,#2264,.F.);
#3424=ORIENTED_EDGE('',*,*,#2268,.F.);
#3425=ORIENTED_EDGE('',*,*,#2261,.F.);
#3426=ORIENTED_EDGE('',*,*,#2241,.F.);
#3427=ORIENTED_EDGE('',*,*,#2279,.F.);
#3428=ORIENTED_EDGE('',*,*,#2288,.F.);
#3429=ORIENTED_EDGE('',*,*,#2291,.F.);
#3430=ORIENTED_EDGE('',*,*,#2285,.F.);
#3431=ORIENTED_EDGE('',*,*,#2282,.F.);
#3432=ORIENTED_EDGE('',*,*,#2245,.F.);
#3433=ORIENTED_EDGE('',*,*,#2249,.F.);
#3434=ORIENTED_EDGE('',*,*,#2252,.F.);
#3435=ORIENTED_EDGE('',*,*,#2270,.F.);
#3436=ORIENTED_EDGE('',*,*,#2274,.F.);
#3437=ORIENTED_EDGE('',*,*,#2365,.T.);
#3438=ORIENTED_EDGE('',*,*,#2097,.F.);
#3439=ORIENTED_EDGE('',*,*,#2087,.F.);
#3440=ORIENTED_EDGE('',*,*,#2064,.F.);
#3441=ORIENTED_EDGE('',*,*,#2067,.F.);
#3442=ORIENTED_EDGE('',*,*,#1911,.T.);
#3443=ORIENTED_EDGE('',*,*,#1924,.F.);
#3444=ORIENTED_EDGE('',*,*,#2427,.F.);
#3445=ORIENTED_EDGE('',*,*,#2428,.F.);
#3446=ORIENTED_EDGE('',*,*,#2429,.F.);
#3447=ORIENTED_EDGE('',*,*,#2430,.F.);
#3448=ORIENTED_EDGE('',*,*,#2431,.F.);
#3449=ORIENTED_EDGE('',*,*,#2432,.F.);
#3450=ORIENTED_EDGE('',*,*,#2433,.F.);
#3451=ORIENTED_EDGE('',*,*,#2434,.F.);
#3452=ORIENTED_EDGE('',*,*,#2435,.F.);
#3453=ORIENTED_EDGE('',*,*,#2436,.F.);
#3454=ORIENTED_EDGE('',*,*,#2437,.F.);
#3455=ORIENTED_EDGE('',*,*,#2438,.F.);
#3456=ORIENTED_EDGE('',*,*,#2439,.F.);
#3457=ORIENTED_EDGE('',*,*,#2440,.F.);
#3458=ORIENTED_EDGE('',*,*,#2441,.F.);
#3459=ORIENTED_EDGE('',*,*,#2442,.F.);
#3460=ORIENTED_EDGE('',*,*,#2443,.F.);
#3461=ORIENTED_EDGE('',*,*,#2444,.F.);
#3462=ORIENTED_EDGE('',*,*,#2445,.F.);
#3463=ORIENTED_EDGE('',*,*,#2446,.F.);
#3464=ORIENTED_EDGE('',*,*,#2447,.F.);
#3465=ORIENTED_EDGE('',*,*,#2448,.F.);
#3466=ORIENTED_EDGE('',*,*,#2449,.F.);
#3467=ORIENTED_EDGE('',*,*,#2450,.F.);
#3468=ORIENTED_EDGE('',*,*,#2451,.F.);
#3469=ORIENTED_EDGE('',*,*,#2452,.F.);
#3470=ORIENTED_EDGE('',*,*,#2453,.F.);
#3471=ORIENTED_EDGE('',*,*,#2414,.T.);
#3472=ORIENTED_EDGE('',*,*,#2370,.F.);
#3473=ORIENTED_EDGE('',*,*,#1933,.F.);
#3474=ORIENTED_EDGE('',*,*,#1941,.T.);
#3475=ORIENTED_EDGE('',*,*,#1965,.F.);
#3476=ORIENTED_EDGE('',*,*,#2051,.F.);
#3477=ORIENTED_EDGE('',*,*,#2054,.T.);
#3478=ORIENTED_EDGE('',*,*,#2072,.T.);
#3479=ORIENTED_EDGE('',*,*,#2075,.F.);
#3480=ORIENTED_EDGE('',*,*,#2077,.T.);
#3481=ORIENTED_EDGE('',*,*,#2042,.T.);
#3482=ORIENTED_EDGE('',*,*,#2039,.F.);
#3483=ORIENTED_EDGE('',*,*,#2033,.F.);
#3484=ORIENTED_EDGE('',*,*,#2037,.T.);
#3485=ORIENTED_EDGE('',*,*,#2046,.F.);
#3486=ORIENTED_EDGE('',*,*,#2079,.T.);
#3487=ORIENTED_EDGE('',*,*,#2062,.T.);
#3488=ORIENTED_EDGE('',*,*,#2057,.F.);
#3489=ORIENTED_EDGE('',*,*,#2060,.T.);
#3490=ORIENTED_EDGE('',*,*,#1968,.F.);
#3491=ORIENTED_EDGE('',*,*,#1972,.T.);
#3492=ORIENTED_EDGE('',*,*,#1975,.T.);
#3493=ORIENTED_EDGE('',*,*,#1978,.F.);
#3494=ORIENTED_EDGE('',*,*,#1981,.T.);
#3495=ORIENTED_EDGE('',*,*,#1984,.F.);
#3496=ORIENTED_EDGE('',*,*,#1987,.F.);
#3497=ORIENTED_EDGE('',*,*,#1990,.T.);
#3498=ORIENTED_EDGE('',*,*,#1993,.T.);
#3499=ORIENTED_EDGE('',*,*,#1996,.F.);
#3500=ORIENTED_EDGE('',*,*,#1999,.T.);
#3501=ORIENTED_EDGE('',*,*,#2002,.T.);
#3502=ORIENTED_EDGE('',*,*,#2004,.F.);
#3503=ORIENTED_EDGE('',*,*,#1916,.T.);
#3504=ORIENTED_EDGE('',*,*,#2454,.F.);
#3505=ORIENTED_EDGE('',*,*,#2455,.F.);
#3506=ORIENTED_EDGE('',*,*,#2439,.T.);
#3507=ORIENTED_EDGE('',*,*,#2456,.T.);
#3508=ORIENTED_EDGE('',*,*,#2399,.T.);
#3509=ORIENTED_EDGE('',*,*,#2457,.T.);
#3510=ORIENTED_EDGE('',*,*,#2438,.T.);
#3511=ORIENTED_EDGE('',*,*,#2458,.F.);
#3512=ORIENTED_EDGE('',*,*,#2400,.F.);
#3513=ORIENTED_EDGE('',*,*,#2456,.F.);
#3514=ORIENTED_EDGE('',*,*,#2437,.T.);
#3515=ORIENTED_EDGE('',*,*,#2459,.F.);
#3516=ORIENTED_EDGE('',*,*,#2401,.F.);
#3517=ORIENTED_EDGE('',*,*,#2458,.T.);
#3518=ORIENTED_EDGE('',*,*,#2436,.T.);
#3519=ORIENTED_EDGE('',*,*,#2460,.T.);
#3520=ORIENTED_EDGE('',*,*,#2402,.T.);
#3521=ORIENTED_EDGE('',*,*,#2459,.T.);
#3522=ORIENTED_EDGE('',*,*,#2435,.T.);
#3523=ORIENTED_EDGE('',*,*,#2461,.F.);
#3524=ORIENTED_EDGE('',*,*,#2403,.F.);
#3525=ORIENTED_EDGE('',*,*,#2460,.F.);
#3526=ORIENTED_EDGE('',*,*,#2434,.T.);
#3527=ORIENTED_EDGE('',*,*,#2462,.F.);
#3528=ORIENTED_EDGE('',*,*,#2404,.T.);
#3529=ORIENTED_EDGE('',*,*,#2461,.T.);
#3530=ORIENTED_EDGE('',*,*,#2433,.T.);
#3531=ORIENTED_EDGE('',*,*,#2463,.T.);
#3532=ORIENTED_EDGE('',*,*,#2405,.T.);
#3533=ORIENTED_EDGE('',*,*,#2462,.T.);
#3534=ORIENTED_EDGE('',*,*,#2432,.T.);
#3535=ORIENTED_EDGE('',*,*,#2464,.F.);
#3536=ORIENTED_EDGE('',*,*,#2406,.F.);
#3537=ORIENTED_EDGE('',*,*,#2463,.F.);
#3538=ORIENTED_EDGE('',*,*,#2431,.T.);
#3539=ORIENTED_EDGE('',*,*,#2465,.F.);
#3540=ORIENTED_EDGE('',*,*,#2407,.F.);
#3541=ORIENTED_EDGE('',*,*,#2464,.T.);
#3542=ORIENTED_EDGE('',*,*,#2430,.T.);
#3543=ORIENTED_EDGE('',*,*,#2466,.F.);
#3544=ORIENTED_EDGE('',*,*,#2408,.T.);
#3545=ORIENTED_EDGE('',*,*,#2465,.T.);
#3546=ORIENTED_EDGE('',*,*,#2429,.T.);
#3547=ORIENTED_EDGE('',*,*,#2467,.F.);
#3548=ORIENTED_EDGE('',*,*,#2409,.F.);
#3549=ORIENTED_EDGE('',*,*,#2466,.T.);
#3550=ORIENTED_EDGE('',*,*,#2428,.T.);
#3551=ORIENTED_EDGE('',*,*,#2468,.F.);
#3552=ORIENTED_EDGE('',*,*,#2410,.F.);
#3553=ORIENTED_EDGE('',*,*,#2467,.T.);
#3554=ORIENTED_EDGE('',*,*,#2427,.T.);
#3555=ORIENTED_EDGE('',*,*,#1923,.T.);
#3556=ORIENTED_EDGE('',*,*,#2411,.T.);
#3557=ORIENTED_EDGE('',*,*,#2468,.T.);
#3558=ORIENTED_EDGE('',*,*,#2426,.T.);
#3559=ORIENTED_EDGE('',*,*,#2469,.T.);
#3560=ORIENTED_EDGE('',*,*,#2373,.T.);
#3561=ORIENTED_EDGE('',*,*,#1926,.T.);
#3562=ORIENTED_EDGE('',*,*,#2425,.T.);
#3563=ORIENTED_EDGE('',*,*,#2470,.T.);
#3564=ORIENTED_EDGE('',*,*,#2374,.T.);
#3565=ORIENTED_EDGE('',*,*,#2469,.F.);
#3566=ORIENTED_EDGE('',*,*,#2424,.T.);
#3567=ORIENTED_EDGE('',*,*,#2471,.F.);
#3568=ORIENTED_EDGE('',*,*,#2375,.F.);
#3569=ORIENTED_EDGE('',*,*,#2470,.F.);
#3570=ORIENTED_EDGE('',*,*,#2423,.T.);
#3571=ORIENTED_EDGE('',*,*,#2472,.F.);
#3572=ORIENTED_EDGE('',*,*,#2376,.F.);
#3573=ORIENTED_EDGE('',*,*,#2471,.T.);
#3574=ORIENTED_EDGE('',*,*,#2422,.T.);
#3575=ORIENTED_EDGE('',*,*,#2473,.F.);
#3576=ORIENTED_EDGE('',*,*,#2377,.F.);
#3577=ORIENTED_EDGE('',*,*,#2472,.T.);
#3578=ORIENTED_EDGE('',*,*,#2421,.T.);
#3579=ORIENTED_EDGE('',*,*,#2474,.F.);
#3580=ORIENTED_EDGE('',*,*,#2378,.F.);
#3581=ORIENTED_EDGE('',*,*,#2473,.T.);
#3582=ORIENTED_EDGE('',*,*,#2418,.T.);
#3583=ORIENTED_EDGE('',*,*,#2475,.T.);
#3584=ORIENTED_EDGE('',*,*,#2381,.F.);
#3585=ORIENTED_EDGE('',*,*,#2476,.T.);
#3586=ORIENTED_EDGE('',*,*,#2419,.T.);
#3587=ORIENTED_EDGE('',*,*,#2476,.F.);
#3588=ORIENTED_EDGE('',*,*,#2380,.F.);
#3589=ORIENTED_EDGE('',*,*,#2477,.T.);
#3590=ORIENTED_EDGE('',*,*,#2420,.T.);
#3591=ORIENTED_EDGE('',*,*,#2477,.F.);
#3592=ORIENTED_EDGE('',*,*,#2379,.F.);
#3593=ORIENTED_EDGE('',*,*,#2474,.T.);
#3594=ORIENTED_EDGE('',*,*,#2417,.T.);
#3595=ORIENTED_EDGE('',*,*,#2478,.F.);
#3596=ORIENTED_EDGE('',*,*,#2382,.F.);
#3597=ORIENTED_EDGE('',*,*,#2475,.F.);
#3598=ORIENTED_EDGE('',*,*,#2446,.T.);
#3599=ORIENTED_EDGE('',*,*,#2479,.T.);
#3600=ORIENTED_EDGE('',*,*,#2392,.T.);
#3601=ORIENTED_EDGE('',*,*,#2480,.T.);
#3602=ORIENTED_EDGE('',*,*,#2445,.T.);
#3603=ORIENTED_EDGE('',*,*,#2481,.T.);
#3604=ORIENTED_EDGE('',*,*,#2393,.F.);
#3605=ORIENTED_EDGE('',*,*,#2479,.F.);
#3606=ORIENTED_EDGE('',*,*,#2447,.T.);
#3607=ORIENTED_EDGE('',*,*,#2480,.F.);
#3608=ORIENTED_EDGE('',*,*,#2391,.T.);
#3609=ORIENTED_EDGE('',*,*,#2482,.T.);
#3610=ORIENTED_EDGE('',*,*,#2448,.T.);
#3611=ORIENTED_EDGE('',*,*,#2482,.F.);
#3612=ORIENTED_EDGE('',*,*,#2390,.F.);
#3613=ORIENTED_EDGE('',*,*,#2483,.T.);
#3614=ORIENTED_EDGE('',*,*,#2444,.T.);
#3615=ORIENTED_EDGE('',*,*,#2484,.F.);
#3616=ORIENTED_EDGE('',*,*,#2394,.T.);
#3617=ORIENTED_EDGE('',*,*,#2481,.F.);
#3618=ORIENTED_EDGE('',*,*,#2416,.T.);
#3619=ORIENTED_EDGE('',*,*,#2368,.T.);
#3620=ORIENTED_EDGE('',*,*,#2383,.T.);
#3621=ORIENTED_EDGE('',*,*,#2478,.T.);
#3622=ORIENTED_EDGE('',*,*,#2415,.F.);
#3623=ORIENTED_EDGE('',*,*,#2453,.T.);
#3624=ORIENTED_EDGE('',*,*,#2485,.T.);
#3625=ORIENTED_EDGE('',*,*,#2385,.T.);
#3626=ORIENTED_EDGE('',*,*,#2452,.T.);
#3627=ORIENTED_EDGE('',*,*,#2486,.F.);
#3628=ORIENTED_EDGE('',*,*,#2386,.F.);
#3629=ORIENTED_EDGE('',*,*,#2485,.F.);
#3630=ORIENTED_EDGE('',*,*,#2441,.T.);
#3631=ORIENTED_EDGE('',*,*,#2487,.T.);
#3632=ORIENTED_EDGE('',*,*,#2397,.T.);
#3633=ORIENTED_EDGE('',*,*,#2488,.T.);
#3634=ORIENTED_EDGE('',*,*,#2440,.T.);
#3635=ORIENTED_EDGE('',*,*,#2457,.F.);
#3636=ORIENTED_EDGE('',*,*,#2398,.F.);
#3637=ORIENTED_EDGE('',*,*,#2487,.F.);
#3638=ORIENTED_EDGE('',*,*,#2442,.T.);
#3639=ORIENTED_EDGE('',*,*,#2488,.F.);
#3640=ORIENTED_EDGE('',*,*,#2396,.F.);
#3641=ORIENTED_EDGE('',*,*,#2489,.T.);
#3642=ORIENTED_EDGE('',*,*,#2412,.T.);
#3643=ORIENTED_EDGE('',*,*,#2490,.T.);
#3644=ORIENTED_EDGE('',*,*,#2455,.T.);
#3645=ORIENTED_EDGE('',*,*,#2490,.F.);
#3646=ORIENTED_EDGE('',*,*,#2413,.T.);
#3647=ORIENTED_EDGE('',*,*,#2491,.T.);
#3648=ORIENTED_EDGE('',*,*,#2454,.T.);
#3649=ORIENTED_EDGE('',*,*,#2491,.F.);
#3650=ORIENTED_EDGE('',*,*,#2451,.T.);
#3651=ORIENTED_EDGE('',*,*,#2492,.F.);
#3652=ORIENTED_EDGE('',*,*,#2387,.F.);
#3653=ORIENTED_EDGE('',*,*,#2486,.T.);
#3654=ORIENTED_EDGE('',*,*,#2450,.T.);
#3655=ORIENTED_EDGE('',*,*,#2493,.F.);
#3656=ORIENTED_EDGE('',*,*,#2388,.T.);
#3657=ORIENTED_EDGE('',*,*,#2492,.T.);
#3658=ORIENTED_EDGE('',*,*,#2449,.T.);
#3659=ORIENTED_EDGE('',*,*,#2483,.F.);
#3660=ORIENTED_EDGE('',*,*,#2389,.F.);
#3661=ORIENTED_EDGE('',*,*,#2493,.T.);
#3662=ORIENTED_EDGE('',*,*,#2443,.T.);
#3663=ORIENTED_EDGE('',*,*,#2489,.F.);
#3664=ORIENTED_EDGE('',*,*,#2395,.F.);
#3665=ORIENTED_EDGE('',*,*,#2484,.T.);
#3666=PLANE('',#3967);
#3667=PLANE('',#3968);
#3668=PLANE('',#3969);
#3669=PLANE('',#3970);
#3670=PLANE('',#3971);
#3671=PLANE('',#3972);
#3672=PLANE('',#3973);
#3673=PLANE('',#3974);
#3674=PLANE('',#3975);
#3675=PLANE('',#3976);
#3676=PLANE('',#3977);
#3677=PLANE('',#3978);
#3678=PLANE('',#3979);
#3679=PLANE('',#3980);
#3680=PLANE('',#3981);
#3681=PLANE('',#3982);
#3682=PLANE('',#3989);
#3683=PLANE('',#3996);
#3684=PLANE('',#4003);
#3685=PLANE('',#4013);
#3686=PLANE('',#4020);
#3687=PLANE('',#4024);
#3688=PLANE('',#4031);
#3689=PLANE('',#4035);
#3690=PLANE('',#4039);
#3691=PLANE('',#4043);
#3692=PLANE('',#4053);
#3693=PLANE('',#4057);
#3694=PLANE('',#4058);
#3695=PLANE('',#4077);
#3696=PLANE('',#4078);
#3697=PLANE('',#4079);
#3698=PLANE('',#4080);
#3699=PLANE('',#4081);
#3700=PLANE('',#4082);
#3701=PLANE('',#4083);
#3702=PLANE('',#4084);
#3703=PLANE('',#4085);
#3704=PLANE('',#4086);
#3705=PLANE('',#4105);
#3706=PLANE('',#4106);
#3707=PLANE('',#4110);
#3708=PLANE('',#4120);
#3709=PLANE('',#4124);
#3710=PLANE('',#4128);
#3711=PLANE('',#4132);
#3712=PLANE('',#4136);
#3713=PLANE('',#4140);
#3714=PLANE('',#4144);
#3715=PLANE('',#4151);
#3716=PLANE('',#4161);
#3717=PLANE('',#4168);
#3718=PLANE('',#4175);
#3719=PLANE('',#4182);
#3720=PLANE('',#4183);
#3721=PLANE('',#4202);
#3722=PLANE('',#4203);
#3723=PLANE('',#4207);
#3724=PLANE('',#4217);
#3725=PLANE('',#4221);
#3726=PLANE('',#4225);
#3727=PLANE('',#4229);
#3728=PLANE('',#4233);
#3729=PLANE('',#4237);
#3730=PLANE('',#4241);
#3731=PLANE('',#4248);
#3732=PLANE('',#4258);
#3733=PLANE('',#4265);
#3734=PLANE('',#4272);
#3735=PLANE('',#4276);
#3736=PLANE('',#4280);
#3737=PLANE('',#4281);
#3738=PLANE('',#4282);
#3739=PLANE('',#4283);
#3740=PLANE('',#4313);
#3741=PLANE('',#4341);
#3742=PLANE('',#4344);
#3743=PLANE('',#4347);
#3744=PLANE('',#4351);
#3745=PLANE('',#4354);
#3746=PLANE('',#4356);
#3747=PLANE('',#4358);
#3748=PLANE('',#4360);
#3749=PLANE('',#4362);
#3750=PLANE('',#4364);
#3751=PLANE('',#4366);
#3752=PLANE('',#4370);
#3753=PLANE('',#4372);
#3754=PLANE('',#4373);
#3755=ADVANCED_FACE('',(#363),#3666,.T.);
#3756=ADVANCED_FACE('',(#364),#3667,.T.);
#3757=ADVANCED_FACE('',(#365),#3668,.T.);
#3758=ADVANCED_FACE('',(#366),#3669,.T.);
#3759=ADVANCED_FACE('',(#367),#3670,.T.);
#3760=ADVANCED_FACE('',(#368),#3671,.T.);
#3761=ADVANCED_FACE('',(#369),#3672,.T.);
#3762=ADVANCED_FACE('',(#370),#3673,.T.);
#3763=ADVANCED_FACE('',(#371),#3674,.T.);
#3764=ADVANCED_FACE('',(#372),#3675,.T.);
#3765=ADVANCED_FACE('',(#373),#3676,.T.);
#3766=ADVANCED_FACE('',(#374),#3677,.T.);
#3767=ADVANCED_FACE('',(#375),#3678,.T.);
#3768=ADVANCED_FACE('',(#376),#3679,.F.);
#3769=ADVANCED_FACE('',(#377),#3680,.F.);
#3770=ADVANCED_FACE('',(#378),#3681,.F.);
#3771=ADVANCED_FACE('',(#379),#255,.F.);
#3772=ADVANCED_FACE('',(#380),#256,.T.);
#3773=ADVANCED_FACE('',(#381),#3682,.T.);
#3774=ADVANCED_FACE('',(#382),#257,.T.);
#3775=ADVANCED_FACE('',(#383),#258,.F.);
#3776=ADVANCED_FACE('',(#384),#3683,.F.);
#3777=ADVANCED_FACE('',(#385),#259,.F.);
#3778=ADVANCED_FACE('',(#386),#260,.T.);
#3779=ADVANCED_FACE('',(#387),#3684,.T.);
#3780=ADVANCED_FACE('',(#388),#261,.T.);
#3781=ADVANCED_FACE('',(#389),#262,.F.);
#3782=ADVANCED_FACE('',(#390),#263,.T.);
#3783=ADVANCED_FACE('',(#391),#3685,.T.);
#3784=ADVANCED_FACE('',(#392),#264,.T.);
#3785=ADVANCED_FACE('',(#393),#265,.T.);
#3786=ADVANCED_FACE('',(#394),#3686,.T.);
#3787=ADVANCED_FACE('',(#395),#266,.T.);
#3788=ADVANCED_FACE('',(#396),#3687,.F.);
#3789=ADVANCED_FACE('',(#397),#267,.T.);
#3790=ADVANCED_FACE('',(#398),#268,.T.);
#3791=ADVANCED_FACE('',(#399),#3688,.F.);
#3792=ADVANCED_FACE('',(#400),#269,.T.);
#3793=ADVANCED_FACE('',(#401),#3689,.T.);
#3794=ADVANCED_FACE('',(#402),#270,.F.);
#3795=ADVANCED_FACE('',(#403),#3690,.F.);
#3796=ADVANCED_FACE('',(#404),#271,.T.);
#3797=ADVANCED_FACE('',(#405),#3691,.T.);
#3798=ADVANCED_FACE('',(#406),#272,.F.);
#3799=ADVANCED_FACE('',(#407),#273,.T.);
#3800=ADVANCED_FACE('',(#408),#274,.T.);
#3801=ADVANCED_FACE('',(#409),#3692,.T.);
#3802=ADVANCED_FACE('',(#410),#275,.T.);
#3803=ADVANCED_FACE('',(#411),#3693,.T.);
#3804=ADVANCED_FACE('',(#412),#3694,.T.);
#3805=ADVANCED_FACE('',(#413),#276,.F.);
#3806=ADVANCED_FACE('',(#414),#277,.F.);
#3807=ADVANCED_FACE('',(#415),#278,.T.);
#3808=ADVANCED_FACE('',(#416),#279,.F.);
#3809=ADVANCED_FACE('',(#417),#280,.T.);
#3810=ADVANCED_FACE('',(#418),#281,.T.);
#3811=ADVANCED_FACE('',(#419),#3695,.T.);
#3812=ADVANCED_FACE('',(#420),#3696,.T.);
#3813=ADVANCED_FACE('',(#421),#3697,.T.);
#3814=ADVANCED_FACE('',(#422),#3698,.T.);
#3815=ADVANCED_FACE('',(#423),#3699,.T.);
#3816=ADVANCED_FACE('',(#424),#3700,.T.);
#3817=ADVANCED_FACE('',(#425),#3701,.T.);
#3818=ADVANCED_FACE('',(#426),#3702,.T.);
#3819=ADVANCED_FACE('',(#427),#3703,.T.);
#3820=ADVANCED_FACE('',(#428),#3704,.T.);
#3821=ADVANCED_FACE('',(#429),#282,.T.);
#3822=ADVANCED_FACE('',(#430),#283,.T.);
#3823=ADVANCED_FACE('',(#431),#284,.F.);
#3824=ADVANCED_FACE('',(#432),#285,.T.);
#3825=ADVANCED_FACE('',(#433),#286,.F.);
#3826=ADVANCED_FACE('',(#434),#287,.F.);
#3827=ADVANCED_FACE('',(#435),#3705,.T.);
#3828=ADVANCED_FACE('',(#436),#3706,.T.);
#3829=ADVANCED_FACE('',(#437),#288,.T.);
#3830=ADVANCED_FACE('',(#438),#3707,.T.);
#3831=ADVANCED_FACE('',(#439),#289,.T.);
#3832=ADVANCED_FACE('',(#440),#290,.T.);
#3833=ADVANCED_FACE('',(#441),#291,.F.);
#3834=ADVANCED_FACE('',(#442),#3708,.T.);
#3835=ADVANCED_FACE('',(#443),#292,.T.);
#3836=ADVANCED_FACE('',(#444),#3709,.F.);
#3837=ADVANCED_FACE('',(#445),#293,.F.);
#3838=ADVANCED_FACE('',(#446),#3710,.T.);
#3839=ADVANCED_FACE('',(#447),#294,.T.);
#3840=ADVANCED_FACE('',(#448),#3711,.F.);
#3841=ADVANCED_FACE('',(#449),#295,.T.);
#3842=ADVANCED_FACE('',(#450),#3712,.F.);
#3843=ADVANCED_FACE('',(#451),#296,.T.);
#3844=ADVANCED_FACE('',(#452),#3713,.F.);
#3845=ADVANCED_FACE('',(#453),#297,.T.);
#3846=ADVANCED_FACE('',(#454),#3714,.T.);
#3847=ADVANCED_FACE('',(#455),#298,.T.);
#3848=ADVANCED_FACE('',(#456),#299,.T.);
#3849=ADVANCED_FACE('',(#457),#3715,.T.);
#3850=ADVANCED_FACE('',(#458),#300,.T.);
#3851=ADVANCED_FACE('',(#459),#301,.F.);
#3852=ADVANCED_FACE('',(#460),#302,.T.);
#3853=ADVANCED_FACE('',(#461),#3716,.T.);
#3854=ADVANCED_FACE('',(#462),#303,.T.);
#3855=ADVANCED_FACE('',(#463),#304,.F.);
#3856=ADVANCED_FACE('',(#464),#3717,.F.);
#3857=ADVANCED_FACE('',(#465),#305,.F.);
#3858=ADVANCED_FACE('',(#466),#306,.T.);
#3859=ADVANCED_FACE('',(#467),#3718,.T.);
#3860=ADVANCED_FACE('',(#468),#307,.T.);
#3861=ADVANCED_FACE('',(#469),#308,.F.);
#3862=ADVANCED_FACE('',(#470),#3719,.T.);
#3863=ADVANCED_FACE('',(#471),#3720,.T.);
#3864=ADVANCED_FACE('',(#472),#309,.T.);
#3865=ADVANCED_FACE('',(#473),#310,.T.);
#3866=ADVANCED_FACE('',(#474),#311,.F.);
#3867=ADVANCED_FACE('',(#475),#312,.T.);
#3868=ADVANCED_FACE('',(#476),#313,.F.);
#3869=ADVANCED_FACE('',(#477),#314,.F.);
#3870=ADVANCED_FACE('',(#478),#3721,.T.);
#3871=ADVANCED_FACE('',(#479),#3722,.T.);
#3872=ADVANCED_FACE('',(#480),#315,.T.);
#3873=ADVANCED_FACE('',(#481),#3723,.T.);
#3874=ADVANCED_FACE('',(#482),#316,.T.);
#3875=ADVANCED_FACE('',(#483),#317,.T.);
#3876=ADVANCED_FACE('',(#484),#318,.F.);
#3877=ADVANCED_FACE('',(#485),#3724,.T.);
#3878=ADVANCED_FACE('',(#486),#319,.T.);
#3879=ADVANCED_FACE('',(#487),#3725,.F.);
#3880=ADVANCED_FACE('',(#488),#320,.F.);
#3881=ADVANCED_FACE('',(#489),#3726,.T.);
#3882=ADVANCED_FACE('',(#490),#321,.T.);
#3883=ADVANCED_FACE('',(#491),#3727,.F.);
#3884=ADVANCED_FACE('',(#492),#322,.T.);
#3885=ADVANCED_FACE('',(#493),#3728,.F.);
#3886=ADVANCED_FACE('',(#494),#323,.T.);
#3887=ADVANCED_FACE('',(#495),#3729,.F.);
#3888=ADVANCED_FACE('',(#496),#324,.T.);
#3889=ADVANCED_FACE('',(#497),#3730,.T.);
#3890=ADVANCED_FACE('',(#498),#325,.T.);
#3891=ADVANCED_FACE('',(#499),#326,.T.);
#3892=ADVANCED_FACE('',(#500),#3731,.T.);
#3893=ADVANCED_FACE('',(#501),#327,.T.);
#3894=ADVANCED_FACE('',(#502),#328,.F.);
#3895=ADVANCED_FACE('',(#503),#329,.T.);
#3896=ADVANCED_FACE('',(#504),#3732,.T.);
#3897=ADVANCED_FACE('',(#505),#330,.T.);
#3898=ADVANCED_FACE('',(#506),#331,.F.);
#3899=ADVANCED_FACE('',(#507),#3733,.F.);
#3900=ADVANCED_FACE('',(#508),#332,.F.);
#3901=ADVANCED_FACE('',(#509),#333,.T.);
#3902=ADVANCED_FACE('',(#510),#3734,.T.);
#3903=ADVANCED_FACE('',(#511),#334,.T.);
#3904=ADVANCED_FACE('',(#512),#3735,.F.);
#3905=ADVANCED_FACE('',(#513),#335,.F.);
#3906=ADVANCED_FACE('',(#514,#19,#20,#21,#22,#23),#3736,.F.);
#3907=ADVANCED_FACE('',(#515),#3737,.T.);
#3908=ADVANCED_FACE('',(#516),#3738,.T.);
#3909=ADVANCED_FACE('',(#517,#24,#25,#26,#27,#28),#3739,.F.);
#3910=ADVANCED_FACE('',(#518),#336,.F.);
#3911=ADVANCED_FACE('',(#519,#29,#30,#31,#32,#33,#34,#35,#36,#37,#38),#3740,
 .F.);
#3912=ADVANCED_FACE('',(#520),#337,.T.);
#3913=ADVANCED_FACE('',(#521),#3741,.T.);
#3914=ADVANCED_FACE('',(#522),#338,.T.);
#3915=ADVANCED_FACE('',(#523),#339,.F.);
#3916=ADVANCED_FACE('',(#524),#3742,.F.);
#3917=ADVANCED_FACE('',(#525),#340,.F.);
#3918=ADVANCED_FACE('',(#526),#341,.T.);
#3919=ADVANCED_FACE('',(#527),#3743,.T.);
#3920=ADVANCED_FACE('',(#528),#342,.T.);
#3921=ADVANCED_FACE('',(#529),#343,.F.);
#3922=ADVANCED_FACE('',(#530),#344,.T.);
#3923=ADVANCED_FACE('',(#531),#3744,.T.);
#3924=ADVANCED_FACE('',(#532),#345,.T.);
#3925=ADVANCED_FACE('',(#533),#346,.T.);
#3926=ADVANCED_FACE('',(#534),#3745,.T.);
#3927=ADVANCED_FACE('',(#535),#347,.T.);
#3928=ADVANCED_FACE('',(#536),#3746,.F.);
#3929=ADVANCED_FACE('',(#537),#348,.T.);
#3930=ADVANCED_FACE('',(#538),#3747,.F.);
#3931=ADVANCED_FACE('',(#539),#349,.T.);
#3932=ADVANCED_FACE('',(#540),#3748,.F.);
#3933=ADVANCED_FACE('',(#541),#350,.T.);
#3934=ADVANCED_FACE('',(#542),#3749,.T.);
#3935=ADVANCED_FACE('',(#543),#351,.F.);
#3936=ADVANCED_FACE('',(#544),#3750,.F.);
#3937=ADVANCED_FACE('',(#545),#352,.T.);
#3938=ADVANCED_FACE('',(#546),#3751,.T.);
#3939=ADVANCED_FACE('',(#547),#353,.F.);
#3940=ADVANCED_FACE('',(#548),#354,.T.);
#3941=ADVANCED_FACE('',(#549),#355,.T.);
#3942=ADVANCED_FACE('',(#550),#3752,.T.);
#3943=ADVANCED_FACE('',(#551),#356,.T.);
#3944=ADVANCED_FACE('',(#552),#3753,.T.);
#3945=ADVANCED_FACE('',(#553),#3754,.T.);
#3946=ADVANCED_FACE('',(#554),#357,.F.);
#3947=ADVANCED_FACE('',(#555),#358,.F.);
#3948=ADVANCED_FACE('',(#556),#359,.T.);
#3949=ADVANCED_FACE('',(#557),#360,.F.);
#3950=ADVANCED_FACE('',(#558),#361,.T.);
#3951=ADVANCED_FACE('',(#559),#362,.T.);
#3952=CLOSED_SHELL('',(#3755,#3756,#3757,#3758,#3759,#3760,#3761,#3762,
#3763,#3764,#3765,#3766,#3767,#3768,#3769,#3770,#3771,#3772,#3773,#3774,
#3775,#3776,#3777,#3778,#3779,#3780,#3781,#3782,#3783,#3784,#3785,#3786,
#3787,#3788,#3789,#3790,#3791,#3792,#3793,#3794,#3795,#3796,#3797,#3798,
#3799,#3800,#3801,#3802,#3803,#3804,#3805,#3806,#3807,#3808,#3809,#3810,
#3811,#3812,#3813,#3814,#3815,#3816,#3817,#3818,#3819,#3820,#3821,#3822,
#3823,#3824,#3825,#3826,#3827,#3828,#3829,#3830,#3831,#3832,#3833,#3834,
#3835,#3836,#3837,#3838,#3839,#3840,#3841,#3842,#3843,#3844,#3845,#3846,
#3847,#3848,#3849,#3850,#3851,#3852,#3853,#3854,#3855,#3856,#3857,#3858,
#3859,#3860,#3861,#3862,#3863,#3864,#3865,#3866,#3867,#3868,#3869,#3870,
#3871,#3872,#3873,#3874,#3875,#3876,#3877,#3878,#3879,#3880,#3881,#3882,
#3883,#3884,#3885,#3886,#3887,#3888,#3889,#3890,#3891,#3892,#3893,#3894,
#3895,#3896,#3897,#3898,#3899,#3900,#3901,#3902,#3903,#3904,#3905,#3906,
#3907,#3908,#3909,#3910,#3911,#3912,#3913,#3914,#3915,#3916,#3917,#3918,
#3919,#3920,#3921,#3922,#3923,#3924,#3925,#3926,#3927,#3928,#3929,#3930,
#3931,#3932,#3933,#3934,#3935,#3936,#3937,#3938,#3939,#3940,#3941,#3942,
#3943,#3944,#3945,#3946,#3947,#3948,#3949,#3950,#3951));
#3953=DERIVED_UNIT_ELEMENT(#3955,1.);
#3954=DERIVED_UNIT_ELEMENT(#6767,-3.);
#3955=(
MASS_UNIT()
NAMED_UNIT(*)
SI_UNIT(.KILO.,.GRAM.)
);
#3956=DERIVED_UNIT((#3953,#3954));
#3957=MEASURE_REPRESENTATION_ITEM('density measure',
POSITIVE_RATIO_MEASURE(7850.),#3956);
#3958=PROPERTY_DEFINITION_REPRESENTATION(#3963,#3960);
#3959=PROPERTY_DEFINITION_REPRESENTATION(#3964,#3961);
#3960=REPRESENTATION('material name',(#3962),#6764);
#3961=REPRESENTATION('density',(#3957),#6764);
#3962=DESCRIPTIVE_REPRESENTATION_ITEM('Steel','Steel');
#3963=PROPERTY_DEFINITION('material property','material name',#6779);
#3964=PROPERTY_DEFINITION('material property','density of part',#6779);
#3965=AXIS2_PLACEMENT_3D('',#5583,#4381,#4382);
#3966=AXIS2_PLACEMENT_3D('',#5584,#4383,#4384);
#3967=AXIS2_PLACEMENT_3D('',#5585,#4385,#4386);
#3968=AXIS2_PLACEMENT_3D('',#5594,#4391,#4392);
#3969=AXIS2_PLACEMENT_3D('',#5603,#4397,#4398);
#3970=AXIS2_PLACEMENT_3D('',#5609,#4402,#4403);
#3971=AXIS2_PLACEMENT_3D('',#5615,#4407,#4408);
#3972=AXIS2_PLACEMENT_3D('',#5621,#4412,#4413);
#3973=AXIS2_PLACEMENT_3D('',#5627,#4417,#4418);
#3974=AXIS2_PLACEMENT_3D('',#5636,#4423,#4424);
#3975=AXIS2_PLACEMENT_3D('',#5645,#4429,#4430);
#3976=AXIS2_PLACEMENT_3D('',#5651,#4434,#4435);
#3977=AXIS2_PLACEMENT_3D('',#5657,#4439,#4440);
#3978=AXIS2_PLACEMENT_3D('',#5668,#4446,#4447);
#3979=AXIS2_PLACEMENT_3D('',#5674,#4451,#4452);
#3980=AXIS2_PLACEMENT_3D('',#5682,#4457,#4458);
#3981=AXIS2_PLACEMENT_3D('',#5692,#4464,#4465);
#3982=AXIS2_PLACEMENT_3D('',#5696,#4468,#4469);
#3983=AXIS2_PLACEMENT_3D('',#5700,#4472,#4473);
#3984=AXIS2_PLACEMENT_3D('',#5702,#4474,#4475);
#3985=AXIS2_PLACEMENT_3D('',#5705,#4477,#4478);
#3986=AXIS2_PLACEMENT_3D('',#5706,#4479,#4480);
#3987=AXIS2_PLACEMENT_3D('',#5709,#4481,#4482);
#3988=AXIS2_PLACEMENT_3D('',#5713,#4484,#4485);
#3989=AXIS2_PLACEMENT_3D('',#5715,#4487,#4488);
#3990=AXIS2_PLACEMENT_3D('',#5721,#4492,#4493);
#3991=AXIS2_PLACEMENT_3D('',#5723,#4494,#4495);
#3992=AXIS2_PLACEMENT_3D('',#5726,#4497,#4498);
#3993=AXIS2_PLACEMENT_3D('',#5727,#4499,#4500);
#3994=AXIS2_PLACEMENT_3D('',#5729,#4501,#4502);
#3995=AXIS2_PLACEMENT_3D('',#5732,#4504,#4505);
#3996=AXIS2_PLACEMENT_3D('',#5733,#4506,#4507);
#3997=AXIS2_PLACEMENT_3D('',#5739,#4511,#4512);
#3998=AXIS2_PLACEMENT_3D('',#5741,#4513,#4514);
#3999=AXIS2_PLACEMENT_3D('',#5744,#4516,#4517);
#4000=AXIS2_PLACEMENT_3D('',#5745,#4518,#4519);
#4001=AXIS2_PLACEMENT_3D('',#5747,#4520,#4521);
#4002=AXIS2_PLACEMENT_3D('',#5750,#4523,#4524);
#4003=AXIS2_PLACEMENT_3D('',#5751,#4525,#4526);
#4004=AXIS2_PLACEMENT_3D('',#5757,#4530,#4531);
#4005=AXIS2_PLACEMENT_3D('',#5759,#4532,#4533);
#4006=AXIS2_PLACEMENT_3D('',#5762,#4535,#4536);
#4007=AXIS2_PLACEMENT_3D('',#5763,#4537,#4538);
#4008=AXIS2_PLACEMENT_3D('',#5765,#4539,#4540);
#4009=AXIS2_PLACEMENT_3D('',#5768,#4542,#4543);
#4010=AXIS2_PLACEMENT_3D('',#5769,#4544,#4545);
#4011=AXIS2_PLACEMENT_3D('',#5771,#4546,#4547);
#4012=AXIS2_PLACEMENT_3D('',#5774,#4549,#4550);
#4013=AXIS2_PLACEMENT_3D('',#5775,#4551,#4552);
#4014=AXIS2_PLACEMENT_3D('',#5781,#4556,#4557);
#4015=AXIS2_PLACEMENT_3D('',#5782,#4558,#4559);
#4016=AXIS2_PLACEMENT_3D('',#5783,#4560,#4561);
#4017=AXIS2_PLACEMENT_3D('',#5784,#4562,#4563);
#4018=AXIS2_PLACEMENT_3D('',#5786,#4564,#4565);
#4019=AXIS2_PLACEMENT_3D('',#5789,#4567,#4568);
#4020=AXIS2_PLACEMENT_3D('',#5790,#4569,#4570);
#4021=AXIS2_PLACEMENT_3D('',#5796,#4574,#4575);
#4022=AXIS2_PLACEMENT_3D('',#5798,#4576,#4577);
#4023=AXIS2_PLACEMENT_3D('',#5801,#4579,#4580);
#4024=AXIS2_PLACEMENT_3D('',#5802,#4581,#4582);
#4025=AXIS2_PLACEMENT_3D('',#5808,#4586,#4587);
#4026=AXIS2_PLACEMENT_3D('',#5809,#4588,#4589);
#4027=AXIS2_PLACEMENT_3D('',#5810,#4590,#4591);
#4028=AXIS2_PLACEMENT_3D('',#5811,#4592,#4593);
#4029=AXIS2_PLACEMENT_3D('',#5814,#4594,#4595);
#4030=AXIS2_PLACEMENT_3D('',#5818,#4597,#4598);
#4031=AXIS2_PLACEMENT_3D('',#5820,#4600,#4601);
#4032=AXIS2_PLACEMENT_3D('',#5826,#4605,#4606);
#4033=AXIS2_PLACEMENT_3D('',#5827,#4607,#4608);
#4034=AXIS2_PLACEMENT_3D('',#5828,#4609,#4610);
#4035=AXIS2_PLACEMENT_3D('',#5829,#4611,#4612);
#4036=AXIS2_PLACEMENT_3D('',#5835,#4616,#4617);
#4037=AXIS2_PLACEMENT_3D('',#5838,#4618,#4619);
#4038=AXIS2_PLACEMENT_3D('',#5842,#4621,#4622);
#4039=AXIS2_PLACEMENT_3D('',#5844,#4624,#4625);
#4040=AXIS2_PLACEMENT_3D('',#5850,#4629,#4630);
#4041=AXIS2_PLACEMENT_3D('',#5852,#4631,#4632);
#4042=AXIS2_PLACEMENT_3D('',#5854,#4633,#4634);
#4043=AXIS2_PLACEMENT_3D('',#5856,#4636,#4637);
#4044=AXIS2_PLACEMENT_3D('',#5862,#4641,#4642);
#4045=AXIS2_PLACEMENT_3D('',#5864,#4643,#4644);
#4046=AXIS2_PLACEMENT_3D('',#5867,#4646,#4647);
#4047=AXIS2_PLACEMENT_3D('',#5868,#4648,#4649);
#4048=AXIS2_PLACEMENT_3D('',#5869,#4650,#4651);
#4049=AXIS2_PLACEMENT_3D('',#5870,#4652,#4653);
#4050=AXIS2_PLACEMENT_3D('',#5871,#4654,#4655);
#4051=AXIS2_PLACEMENT_3D('',#5873,#4656,#4657);
#4052=AXIS2_PLACEMENT_3D('',#5876,#4659,#4660);
#4053=AXIS2_PLACEMENT_3D('',#5877,#4661,#4662);
#4054=AXIS2_PLACEMENT_3D('',#5883,#4666,#4667);
#4055=AXIS2_PLACEMENT_3D('',#5886,#4668,#4669);
#4056=AXIS2_PLACEMENT_3D('',#5890,#4671,#4672);
#4057=AXIS2_PLACEMENT_3D('',#5892,#4674,#4675);
#4058=AXIS2_PLACEMENT_3D('',#5895,#4678,#4679);
#4059=AXIS2_PLACEMENT_3D('',#5901,#4683,#4684);
#4060=AXIS2_PLACEMENT_3D('',#5903,#4685,#4686);
#4061=AXIS2_PLACEMENT_3D('',#5906,#4688,#4689);
#4062=AXIS2_PLACEMENT_3D('',#5907,#4690,#4691);
#4063=AXIS2_PLACEMENT_3D('',#5909,#4692,#4693);
#4064=AXIS2_PLACEMENT_3D('',#5912,#4695,#4696);
#4065=AXIS2_PLACEMENT_3D('',#5913,#4697,#4698);
#4066=AXIS2_PLACEMENT_3D('',#5915,#4699,#4700);
#4067=AXIS2_PLACEMENT_3D('',#5918,#4702,#4703);
#4068=AXIS2_PLACEMENT_3D('',#5919,#4704,#4705);
#4069=AXIS2_PLACEMENT_3D('',#5921,#4706,#4707);
#4070=AXIS2_PLACEMENT_3D('',#5924,#4709,#4710);
#4071=AXIS2_PLACEMENT_3D('',#5925,#4711,#4712);
#4072=AXIS2_PLACEMENT_3D('',#5926,#4713,#4714);
#4073=AXIS2_PLACEMENT_3D('',#5927,#4715,#4716);
#4074=AXIS2_PLACEMENT_3D('',#5928,#4717,#4718);
#4075=AXIS2_PLACEMENT_3D('',#5929,#4719,#4720);
#4076=AXIS2_PLACEMENT_3D('',#5930,#4721,#4722);
#4077=AXIS2_PLACEMENT_3D('',#5931,#4723,#4724);
#4078=AXIS2_PLACEMENT_3D('',#5940,#4729,#4730);
#4079=AXIS2_PLACEMENT_3D('',#5949,#4735,#4736);
#4080=AXIS2_PLACEMENT_3D('',#5955,#4740,#4741);
#4081=AXIS2_PLACEMENT_3D('',#5961,#4745,#4746);
#4082=AXIS2_PLACEMENT_3D('',#5967,#4750,#4751);
#4083=AXIS2_PLACEMENT_3D('',#5973,#4755,#4756);
#4084=AXIS2_PLACEMENT_3D('',#5982,#4761,#4762);
#4085=AXIS2_PLACEMENT_3D('',#5991,#4767,#4768);
#4086=AXIS2_PLACEMENT_3D('',#5997,#4772,#4773);
#4087=AXIS2_PLACEMENT_3D('',#6003,#4777,#4778);
#4088=AXIS2_PLACEMENT_3D('',#6006,#4779,#4780);
#4089=AXIS2_PLACEMENT_3D('',#6010,#4782,#4783);
#4090=AXIS2_PLACEMENT_3D('',#6012,#4785,#4786);
#4091=AXIS2_PLACEMENT_3D('',#6015,#4787,#4788);
#4092=AXIS2_PLACEMENT_3D('',#6019,#4790,#4791);
#4093=AXIS2_PLACEMENT_3D('',#6021,#4793,#4794);
#4094=AXIS2_PLACEMENT_3D('',#6023,#4795,#4796);
#4095=AXIS2_PLACEMENT_3D('',#6025,#4797,#4798);
#4096=AXIS2_PLACEMENT_3D('',#6027,#4800,#4801);
#4097=AXIS2_PLACEMENT_3D('',#6029,#4802,#4803);
#4098=AXIS2_PLACEMENT_3D('',#6031,#4804,#4805);
#4099=AXIS2_PLACEMENT_3D('',#6033,#4807,#4808);
#4100=AXIS2_PLACEMENT_3D('',#6035,#4809,#4810);
#4101=AXIS2_PLACEMENT_3D('',#6038,#4812,#4813);
#4102=AXIS2_PLACEMENT_3D('',#6039,#4814,#4815);
#4103=AXIS2_PLACEMENT_3D('',#6041,#4816,#4817);
#4104=AXIS2_PLACEMENT_3D('',#6044,#4819,#4820);
#4105=AXIS2_PLACEMENT_3D('',#6045,#4821,#4822);
#4106=AXIS2_PLACEMENT_3D('',#6051,#4826,#4827);
#4107=AXIS2_PLACEMENT_3D('',#6060,#4832,#4833);
#4108=AXIS2_PLACEMENT_3D('',#6061,#4834,#4835);
#4109=AXIS2_PLACEMENT_3D('',#6062,#4836,#4837);
#4110=AXIS2_PLACEMENT_3D('',#6063,#4838,#4839);
#4111=AXIS2_PLACEMENT_3D('',#6069,#4843,#4844);
#4112=AXIS2_PLACEMENT_3D('',#6073,#4846,#4847);
#4113=AXIS2_PLACEMENT_3D('',#6074,#4848,#4849);
#4114=AXIS2_PLACEMENT_3D('',#6075,#4850,#4851);
#4115=AXIS2_PLACEMENT_3D('',#6077,#4852,#4853);
#4116=AXIS2_PLACEMENT_3D('',#6079,#4854,#4855);
#4117=AXIS2_PLACEMENT_3D('',#6081,#4857,#4858);
#4118=AXIS2_PLACEMENT_3D('',#6083,#4859,#4860);
#4119=AXIS2_PLACEMENT_3D('',#6085,#4861,#4862);
#4120=AXIS2_PLACEMENT_3D('',#6087,#4864,#4865);
#4121=AXIS2_PLACEMENT_3D('',#6093,#4869,#4870);
#4122=AXIS2_PLACEMENT_3D('',#6095,#4871,#4872);
#4123=AXIS2_PLACEMENT_3D('',#6098,#4874,#4875);
#4124=AXIS2_PLACEMENT_3D('',#6099,#4876,#4877);
#4125=AXIS2_PLACEMENT_3D('',#6105,#4881,#4882);
#4126=AXIS2_PLACEMENT_3D('',#6106,#4883,#4884);
#4127=AXIS2_PLACEMENT_3D('',#6107,#4885,#4886);
#4128=AXIS2_PLACEMENT_3D('',#6108,#4887,#4888);
#4129=AXIS2_PLACEMENT_3D('',#6114,#4892,#4893);
#4130=AXIS2_PLACEMENT_3D('',#6117,#4894,#4895);
#4131=AXIS2_PLACEMENT_3D('',#6121,#4897,#4898);
#4132=AXIS2_PLACEMENT_3D('',#6123,#4900,#4901);
#4133=AXIS2_PLACEMENT_3D('',#6129,#4905,#4906);
#4134=AXIS2_PLACEMENT_3D('',#6130,#4907,#4908);
#4135=AXIS2_PLACEMENT_3D('',#6131,#4909,#4910);
#4136=AXIS2_PLACEMENT_3D('',#6132,#4911,#4912);
#4137=AXIS2_PLACEMENT_3D('',#6138,#4916,#4917);
#4138=AXIS2_PLACEMENT_3D('',#6140,#4918,#4919);
#4139=AXIS2_PLACEMENT_3D('',#6142,#4920,#4921);
#4140=AXIS2_PLACEMENT_3D('',#6144,#4923,#4924);
#4141=AXIS2_PLACEMENT_3D('',#6150,#4928,#4929);
#4142=AXIS2_PLACEMENT_3D('',#6152,#4930,#4931);
#4143=AXIS2_PLACEMENT_3D('',#6154,#4932,#4933);
#4144=AXIS2_PLACEMENT_3D('',#6156,#4935,#4936);
#4145=AXIS2_PLACEMENT_3D('',#6162,#4940,#4941);
#4146=AXIS2_PLACEMENT_3D('',#6163,#4942,#4943);
#4147=AXIS2_PLACEMENT_3D('',#6164,#4944,#4945);
#4148=AXIS2_PLACEMENT_3D('',#6165,#4946,#4947);
#4149=AXIS2_PLACEMENT_3D('',#6167,#4948,#4949);
#4150=AXIS2_PLACEMENT_3D('',#6169,#4950,#4951);
#4151=AXIS2_PLACEMENT_3D('',#6171,#4953,#4954);
#4152=AXIS2_PLACEMENT_3D('',#6177,#4958,#4959);
#4153=AXIS2_PLACEMENT_3D('',#6179,#4960,#4961);
#4154=AXIS2_PLACEMENT_3D('',#6181,#4962,#4963);
#4155=AXIS2_PLACEMENT_3D('',#6183,#4965,#4966);
#4156=AXIS2_PLACEMENT_3D('',#6185,#4967,#4968);
#4157=AXIS2_PLACEMENT_3D('',#6187,#4969,#4970);
#4158=AXIS2_PLACEMENT_3D('',#6189,#4972,#4973);
#4159=AXIS2_PLACEMENT_3D('',#6191,#4974,#4975);
#4160=AXIS2_PLACEMENT_3D('',#6193,#4976,#4977);
#4161=AXIS2_PLACEMENT_3D('',#6195,#4979,#4980);
#4162=AXIS2_PLACEMENT_3D('',#6201,#4984,#4985);
#4163=AXIS2_PLACEMENT_3D('',#6203,#4986,#4987);
#4164=AXIS2_PLACEMENT_3D('',#6205,#4988,#4989);
#4165=AXIS2_PLACEMENT_3D('',#6207,#4991,#4992);
#4166=AXIS2_PLACEMENT_3D('',#6209,#4993,#4994);
#4167=AXIS2_PLACEMENT_3D('',#6211,#4995,#4996);
#4168=AXIS2_PLACEMENT_3D('',#6213,#4998,#4999);
#4169=AXIS2_PLACEMENT_3D('',#6219,#5003,#5004);
#4170=AXIS2_PLACEMENT_3D('',#6221,#5005,#5006);
#4171=AXIS2_PLACEMENT_3D('',#6223,#5007,#5008);
#4172=AXIS2_PLACEMENT_3D('',#6225,#5010,#5011);
#4173=AXIS2_PLACEMENT_3D('',#6227,#5012,#5013);
#4174=AXIS2_PLACEMENT_3D('',#6229,#5014,#5015);
#4175=AXIS2_PLACEMENT_3D('',#6231,#5017,#5018);
#4176=AXIS2_PLACEMENT_3D('',#6237,#5022,#5023);
#4177=AXIS2_PLACEMENT_3D('',#6238,#5024,#5025);
#4178=AXIS2_PLACEMENT_3D('',#6239,#5026,#5027);
#4179=AXIS2_PLACEMENT_3D('',#6240,#5028,#5029);
#4180=AXIS2_PLACEMENT_3D('',#6241,#5030,#5031);
#4181=AXIS2_PLACEMENT_3D('',#6242,#5032,#5033);
#4182=AXIS2_PLACEMENT_3D('',#6243,#5034,#5035);
#4183=AXIS2_PLACEMENT_3D('',#6249,#5039,#5040);
#4184=AXIS2_PLACEMENT_3D('',#6255,#5044,#5045);
#4185=AXIS2_PLACEMENT_3D('',#6258,#5046,#5047);
#4186=AXIS2_PLACEMENT_3D('',#6262,#5049,#5050);
#4187=AXIS2_PLACEMENT_3D('',#6264,#5052,#5053);
#4188=AXIS2_PLACEMENT_3D('',#6267,#5054,#5055);
#4189=AXIS2_PLACEMENT_3D('',#6271,#5057,#5058);
#4190=AXIS2_PLACEMENT_3D('',#6273,#5060,#5061);
#4191=AXIS2_PLACEMENT_3D('',#6275,#5062,#5063);
#4192=AXIS2_PLACEMENT_3D('',#6277,#5064,#5065);
#4193=AXIS2_PLACEMENT_3D('',#6279,#5067,#5068);
#4194=AXIS2_PLACEMENT_3D('',#6281,#5069,#5070);
#4195=AXIS2_PLACEMENT_3D('',#6283,#5071,#5072);
#4196=AXIS2_PLACEMENT_3D('',#6285,#5074,#5075);
#4197=AXIS2_PLACEMENT_3D('',#6287,#5076,#5077);
#4198=AXIS2_PLACEMENT_3D('',#6290,#5079,#5080);
#4199=AXIS2_PLACEMENT_3D('',#6291,#5081,#5082);
#4200=AXIS2_PLACEMENT_3D('',#6293,#5083,#5084);
#4201=AXIS2_PLACEMENT_3D('',#6296,#5086,#5087);
#4202=AXIS2_PLACEMENT_3D('',#6297,#5088,#5089);
#4203=AXIS2_PLACEMENT_3D('',#6303,#5093,#5094);
#4204=AXIS2_PLACEMENT_3D('',#6312,#5099,#5100);
#4205=AXIS2_PLACEMENT_3D('',#6313,#5101,#5102);
#4206=AXIS2_PLACEMENT_3D('',#6314,#5103,#5104);
#4207=AXIS2_PLACEMENT_3D('',#6315,#5105,#5106);
#4208=AXIS2_PLACEMENT_3D('',#6321,#5110,#5111);
#4209=AXIS2_PLACEMENT_3D('',#6325,#5113,#5114);
#4210=AXIS2_PLACEMENT_3D('',#6326,#5115,#5116);
#4211=AXIS2_PLACEMENT_3D('',#6327,#5117,#5118);
#4212=AXIS2_PLACEMENT_3D('',#6329,#5119,#5120);
#4213=AXIS2_PLACEMENT_3D('',#6331,#5121,#5122);
#4214=AXIS2_PLACEMENT_3D('',#6333,#5124,#5125);
#4215=AXIS2_PLACEMENT_3D('',#6335,#5126,#5127);
#4216=AXIS2_PLACEMENT_3D('',#6337,#5128,#5129);
#4217=AXIS2_PLACEMENT_3D('',#6339,#5131,#5132);
#4218=AXIS2_PLACEMENT_3D('',#6345,#5136,#5137);
#4219=AXIS2_PLACEMENT_3D('',#6347,#5138,#5139);
#4220=AXIS2_PLACEMENT_3D('',#6350,#5141,#5142);
#4221=AXIS2_PLACEMENT_3D('',#6351,#5143,#5144);
#4222=AXIS2_PLACEMENT_3D('',#6357,#5148,#5149);
#4223=AXIS2_PLACEMENT_3D('',#6358,#5150,#5151);
#4224=AXIS2_PLACEMENT_3D('',#6359,#5152,#5153);
#4225=AXIS2_PLACEMENT_3D('',#6360,#5154,#5155);
#4226=AXIS2_PLACEMENT_3D('',#6366,#5159,#5160);
#4227=AXIS2_PLACEMENT_3D('',#6369,#5161,#5162);
#4228=AXIS2_PLACEMENT_3D('',#6373,#5164,#5165);
#4229=AXIS2_PLACEMENT_3D('',#6375,#5167,#5168);
#4230=AXIS2_PLACEMENT_3D('',#6381,#5172,#5173);
#4231=AXIS2_PLACEMENT_3D('',#6382,#5174,#5175);
#4232=AXIS2_PLACEMENT_3D('',#6383,#5176,#5177);
#4233=AXIS2_PLACEMENT_3D('',#6384,#5178,#5179);
#4234=AXIS2_PLACEMENT_3D('',#6395,#5186,#5187);
#4235=AXIS2_PLACEMENT_3D('',#6397,#5188,#5189);
#4236=AXIS2_PLACEMENT_3D('',#6401,#5191,#5192);
#4237=AXIS2_PLACEMENT_3D('',#6403,#5194,#5195);
#4238=AXIS2_PLACEMENT_3D('',#6409,#5199,#5200);
#4239=AXIS2_PLACEMENT_3D('',#6411,#5201,#5202);
#4240=AXIS2_PLACEMENT_3D('',#6413,#5203,#5204);
#4241=AXIS2_PLACEMENT_3D('',#6415,#5206,#5207);
#4242=AXIS2_PLACEMENT_3D('',#6421,#5211,#5212);
#4243=AXIS2_PLACEMENT_3D('',#6422,#5213,#5214);
#4244=AXIS2_PLACEMENT_3D('',#6423,#5215,#5216);
#4245=AXIS2_PLACEMENT_3D('',#6424,#5217,#5218);
#4246=AXIS2_PLACEMENT_3D('',#6426,#5219,#5220);
#4247=AXIS2_PLACEMENT_3D('',#6428,#5221,#5222);
#4248=AXIS2_PLACEMENT_3D('',#6430,#5224,#5225);
#4249=AXIS2_PLACEMENT_3D('',#6436,#5229,#5230);
#4250=AXIS2_PLACEMENT_3D('',#6438,#5231,#5232);
#4251=AXIS2_PLACEMENT_3D('',#6440,#5233,#5234);
#4252=AXIS2_PLACEMENT_3D('',#6442,#5236,#5237);
#4253=AXIS2_PLACEMENT_3D('',#6444,#5238,#5239);
#4254=AXIS2_PLACEMENT_3D('',#6446,#5240,#5241);
#4255=AXIS2_PLACEMENT_3D('',#6448,#5243,#5244);
#4256=AXIS2_PLACEMENT_3D('',#6450,#5245,#5246);
#4257=AXIS2_PLACEMENT_3D('',#6452,#5247,#5248);
#4258=AXIS2_PLACEMENT_3D('',#6454,#5250,#5251);
#4259=AXIS2_PLACEMENT_3D('',#6460,#5255,#5256);
#4260=AXIS2_PLACEMENT_3D('',#6462,#5257,#5258);
#4261=AXIS2_PLACEMENT_3D('',#6464,#5259,#5260);
#4262=AXIS2_PLACEMENT_3D('',#6466,#5262,#5263);
#4263=AXIS2_PLACEMENT_3D('',#6468,#5264,#5265);
#4264=AXIS2_PLACEMENT_3D('',#6470,#5266,#5267);
#4265=AXIS2_PLACEMENT_3D('',#6472,#5269,#5270);
#4266=AXIS2_PLACEMENT_3D('',#6478,#5274,#5275);
#4267=AXIS2_PLACEMENT_3D('',#6480,#5276,#5277);
#4268=AXIS2_PLACEMENT_3D('',#6482,#5278,#5279);
#4269=AXIS2_PLACEMENT_3D('',#6484,#5281,#5282);
#4270=AXIS2_PLACEMENT_3D('',#6486,#5283,#5284);
#4271=AXIS2_PLACEMENT_3D('',#6488,#5285,#5286);
#4272=AXIS2_PLACEMENT_3D('',#6490,#5288,#5289);
#4273=AXIS2_PLACEMENT_3D('',#6496,#5293,#5294);
#4274=AXIS2_PLACEMENT_3D('',#6497,#5295,#5296);
#4275=AXIS2_PLACEMENT_3D('',#6498,#5297,#5298);
#4276=AXIS2_PLACEMENT_3D('',#6499,#5299,#5300);
#4277=AXIS2_PLACEMENT_3D('',#6501,#5302,#5303);
#4278=AXIS2_PLACEMENT_3D('',#6502,#5304,#5305);
#4279=AXIS2_PLACEMENT_3D('',#6503,#5306,#5307);
#4280=AXIS2_PLACEMENT_3D('',#6504,#5308,#5309);
#4281=AXIS2_PLACEMENT_3D('',#6505,#5310,#5311);
#4282=AXIS2_PLACEMENT_3D('',#6511,#5315,#5316);
#4283=AXIS2_PLACEMENT_3D('',#6517,#5320,#5321);
#4284=AXIS2_PLACEMENT_3D('',#6519,#5322,#5323);
#4285=AXIS2_PLACEMENT_3D('',#6523,#5325,#5326);
#4286=AXIS2_PLACEMENT_3D('',#6527,#5328,#5329);
#4287=AXIS2_PLACEMENT_3D('',#6531,#5331,#5332);
#4288=AXIS2_PLACEMENT_3D('',#6535,#5334,#5335);
#4289=AXIS2_PLACEMENT_3D('',#6538,#5337,#5338);
#4290=AXIS2_PLACEMENT_3D('',#6540,#5339,#5340);
#4291=AXIS2_PLACEMENT_3D('',#6542,#5341,#5342);
#4292=AXIS2_PLACEMENT_3D('',#6546,#5344,#5345);
#4293=AXIS2_PLACEMENT_3D('',#6548,#5346,#5347);
#4294=AXIS2_PLACEMENT_3D('',#6550,#5348,#5349);
#4295=AXIS2_PLACEMENT_3D('',#6554,#5351,#5352);
#4296=AXIS2_PLACEMENT_3D('',#6556,#5353,#5354);
#4297=AXIS2_PLACEMENT_3D('',#6560,#5356,#5357);
#4298=AXIS2_PLACEMENT_3D('',#6562,#5358,#5359);
#4299=AXIS2_PLACEMENT_3D('',#6566,#5361,#5362);
#4300=AXIS2_PLACEMENT_3D('',#6570,#5364,#5365);
#4301=AXIS2_PLACEMENT_3D('',#6574,#5367,#5368);
#4302=AXIS2_PLACEMENT_3D('',#6576,#5369,#5370);
#4303=AXIS2_PLACEMENT_3D('',#6580,#5372,#5373);
#4304=AXIS2_PLACEMENT_3D('',#6582,#5374,#5375);
#4305=AXIS2_PLACEMENT_3D('',#6586,#5377,#5378);
#4306=AXIS2_PLACEMENT_3D('',#6588,#5379,#5380);
#4307=AXIS2_PLACEMENT_3D('',#6590,#5381,#5382);
#4308=AXIS2_PLACEMENT_3D('',#6593,#5384,#5385);
#4309=AXIS2_PLACEMENT_3D('',#6595,#5386,#5387);
#4310=AXIS2_PLACEMENT_3D('',#6597,#5388,#5389);
#4311=AXIS2_PLACEMENT_3D('',#6598,#5390,#5391);
#4312=AXIS2_PLACEMENT_3D('',#6600,#5392,#5393);
#4313=AXIS2_PLACEMENT_3D('',#6602,#5395,#5396);
#4314=AXIS2_PLACEMENT_3D('',#6604,#5397,#5398);
#4315=AXIS2_PLACEMENT_3D('',#6608,#5400,#5401);
#4316=AXIS2_PLACEMENT_3D('',#6612,#5403,#5404);
#4317=AXIS2_PLACEMENT_3D('',#6616,#5406,#5407);
#4318=AXIS2_PLACEMENT_3D('',#6620,#5409,#5410);
#4319=AXIS2_PLACEMENT_3D('',#6623,#5412,#5413);
#4320=AXIS2_PLACEMENT_3D('',#6625,#5414,#5415);
#4321=AXIS2_PLACEMENT_3D('',#6629,#5417,#5418);
#4322=AXIS2_PLACEMENT_3D('',#6631,#5419,#5420);
#4323=AXIS2_PLACEMENT_3D('',#6633,#5421,#5422);
#4324=AXIS2_PLACEMENT_3D('',#6637,#5424,#5425);
#4325=AXIS2_PLACEMENT_3D('',#6639,#5426,#5427);
#4326=AXIS2_PLACEMENT_3D('',#6643,#5429,#5430);
#4327=AXIS2_PLACEMENT_3D('',#6645,#5431,#5432);
#4328=AXIS2_PLACEMENT_3D('',#6649,#5434,#5435);
#4329=AXIS2_PLACEMENT_3D('',#6653,#5437,#5438);
#4330=AXIS2_PLACEMENT_3D('',#6657,#5440,#5441);
#4331=AXIS2_PLACEMENT_3D('',#6659,#5442,#5443);
#4332=AXIS2_PLACEMENT_3D('',#6663,#5445,#5446);
#4333=AXIS2_PLACEMENT_3D('',#6665,#5447,#5448);
#4334=AXIS2_PLACEMENT_3D('',#6669,#5450,#5451);
#4335=AXIS2_PLACEMENT_3D('',#6671,#5452,#5453);
#4336=AXIS2_PLACEMENT_3D('',#6673,#5454,#5455);
#4337=AXIS2_PLACEMENT_3D('',#6676,#5457,#5458);
#4338=AXIS2_PLACEMENT_3D('',#6678,#5459,#5460);
#4339=AXIS2_PLACEMENT_3D('',#6680,#5461,#5462);
#4340=AXIS2_PLACEMENT_3D('',#6681,#5463,#5464);
#4341=AXIS2_PLACEMENT_3D('',#6684,#5467,#5468);
#4342=AXIS2_PLACEMENT_3D('',#6686,#5470,#5471);
#4343=AXIS2_PLACEMENT_3D('',#6688,#5473,#5474);
#4344=AXIS2_PLACEMENT_3D('',#6690,#5476,#5477);
#4345=AXIS2_PLACEMENT_3D('',#6692,#5479,#5480);
#4346=AXIS2_PLACEMENT_3D('',#6694,#5482,#5483);
#4347=AXIS2_PLACEMENT_3D('',#6696,#5485,#5486);
#4348=AXIS2_PLACEMENT_3D('',#6698,#5488,#5489);
#4349=AXIS2_PLACEMENT_3D('',#6700,#5491,#5492);
#4350=AXIS2_PLACEMENT_3D('',#6702,#5494,#5495);
#4351=AXIS2_PLACEMENT_3D('',#6704,#5497,#5498);
#4352=AXIS2_PLACEMENT_3D('',#6706,#5500,#5501);
#4353=AXIS2_PLACEMENT_3D('',#6707,#5502,#5503);
#4354=AXIS2_PLACEMENT_3D('',#6709,#5505,#5506);
#4355=AXIS2_PLACEMENT_3D('',#6711,#5508,#5509);
#4356=AXIS2_PLACEMENT_3D('',#6713,#5511,#5512);
#4357=AXIS2_PLACEMENT_3D('',#6715,#5514,#5515);
#4358=AXIS2_PLACEMENT_3D('',#6717,#5517,#5518);
#4359=AXIS2_PLACEMENT_3D('',#6719,#5520,#5521);
#4360=AXIS2_PLACEMENT_3D('',#6722,#5524,#5525);
#4361=AXIS2_PLACEMENT_3D('',#6724,#5527,#5528);
#4362=AXIS2_PLACEMENT_3D('',#6725,#5529,#5530);
#4363=AXIS2_PLACEMENT_3D('',#6727,#5532,#5533);
#4364=AXIS2_PLACEMENT_3D('',#6730,#5536,#5537);
#4365=AXIS2_PLACEMENT_3D('',#6732,#5539,#5540);
#4366=AXIS2_PLACEMENT_3D('',#6734,#5542,#5543);
#4367=AXIS2_PLACEMENT_3D('',#6736,#5545,#5546);
#4368=AXIS2_PLACEMENT_3D('',#6738,#5548,#5549);
#4369=AXIS2_PLACEMENT_3D('',#6739,#5550,#5551);
#4370=AXIS2_PLACEMENT_3D('',#6741,#5553,#5554);
#4371=AXIS2_PLACEMENT_3D('',#6743,#5556,#5557);
#4372=AXIS2_PLACEMENT_3D('',#6746,#5560,#5561);
#4373=AXIS2_PLACEMENT_3D('',#6747,#5562,#5563);
#4374=AXIS2_PLACEMENT_3D('',#6749,#5565,#5566);
#4375=AXIS2_PLACEMENT_3D('',#6751,#5568,#5569);
#4376=AXIS2_PLACEMENT_3D('',#6753,#5571,#5572);
#4377=AXIS2_PLACEMENT_3D('',#6755,#5574,#5575);
#4378=AXIS2_PLACEMENT_3D('',#6757,#5577,#5578);
#4379=AXIS2_PLACEMENT_3D('',#6758,#5579,#5580);
#4380=AXIS2_PLACEMENT_3D('',#6759,#5581,#5582);
#4381=DIRECTION('axis',(0.,0.,1.));
#4382=DIRECTION('refdir',(1.,0.,0.));
#4383=DIRECTION('axis',(0.,0.,1.));
#4384=DIRECTION('refdir',(1.,0.,0.));
#4385=DIRECTION('center_axis',(0.,1.,0.));
#4386=DIRECTION('ref_axis',(-1.53950926081364E-13,0.,-1.));
#4387=DIRECTION('',(-2.90535332138576E-14,0.,1.));
#4388=DIRECTION('',(-1.,0.,0.));
#4389=DIRECTION('',(6.31831406750082E-16,0.,-1.));
#4390=DIRECTION('',(-1.,0.,0.));
#4391=DIRECTION('center_axis',(0.,-1.,0.));
#4392=DIRECTION('ref_axis',(0.,0.,1.));
#4393=DIRECTION('',(2.90535332138576E-14,0.,-1.));
#4394=DIRECTION('',(-1.,0.,0.));
#4395=DIRECTION('',(-6.31831406750082E-16,0.,1.));
#4396=DIRECTION('',(-1.,0.,0.));
#4397=DIRECTION('center_axis',(-1.,9.16784509568422E-14,-2.90535332138576E-14));
#4398=DIRECTION('ref_axis',(9.16784509568422E-14,1.,4.75332813969508E-16));
#4399=DIRECTION('',(-9.16784509568422E-14,-1.,-4.75332813969508E-16));
#4400=DIRECTION('',(-2.90535332138576E-14,-4.75332813966872E-16,1.));
#4401=DIRECTION('',(9.16784509568422E-14,1.,4.34471508738086E-16));
#4402=DIRECTION('center_axis',(-1.,9.16784509568422E-14,-2.90535332138576E-14));
#4403=DIRECTION('ref_axis',(9.16784509568422E-14,1.,4.75332813969508E-16));
#4404=DIRECTION('',(9.16784509568422E-14,1.,4.34471508738086E-16));
#4405=DIRECTION('',(2.90535332138576E-14,4.75332813966872E-16,-1.));
#4406=DIRECTION('',(-9.16784509568422E-14,-1.,-4.75332813969508E-16));
#4407=DIRECTION('center_axis',(1.,-9.1682053785479E-14,6.31831406750082E-16));
#4408=DIRECTION('ref_axis',(9.1682053785479E-14,1.,4.78001991380241E-17));
#4409=DIRECTION('',(-9.1682053785479E-14,-1.,-4.34471508738086E-16));
#4410=DIRECTION('',(6.31831406750085E-16,4.78001991379383E-17,-1.));
#4411=DIRECTION('',(-9.1682053785479E-14,-1.,-4.78001991380241E-17));
#4412=DIRECTION('center_axis',(1.,-9.1682053785479E-14,6.31831406750082E-16));
#4413=DIRECTION('ref_axis',(9.1682053785479E-14,1.,4.78001991380241E-17));
#4414=DIRECTION('',(-9.1682053785479E-14,-1.,-4.78001991380241E-17));
#4415=DIRECTION('',(-6.31831406750085E-16,-4.78001991379383E-17,1.));
#4416=DIRECTION('',(-9.1682053785479E-14,-1.,-4.34471508738086E-16));
#4417=DIRECTION('center_axis',(0.,1.,0.));
#4418=DIRECTION('ref_axis',(0.,0.,-1.));
#4419=DIRECTION('',(-2.90535332138576E-14,0.,1.));
#4420=DIRECTION('',(-1.,0.,0.));
#4421=DIRECTION('',(6.31831406750082E-16,0.,-1.));
#4422=DIRECTION('',(-1.,0.,0.));
#4423=DIRECTION('center_axis',(0.,-1.,0.));
#4424=DIRECTION('ref_axis',(0.,0.,1.));
#4425=DIRECTION('',(2.90535332138576E-14,0.,-1.));
#4426=DIRECTION('',(-1.,0.,0.));
#4427=DIRECTION('',(-6.31831406750082E-16,0.,1.));
#4428=DIRECTION('',(-1.,0.,0.));
#4429=DIRECTION('center_axis',(-1.,9.16784509568422E-14,-2.90535332138576E-14));
#4430=DIRECTION('ref_axis',(9.16784509568422E-14,1.,4.75332813969508E-16));
#4431=DIRECTION('',(-9.16784509568422E-14,-1.,-4.75332813969508E-16));
#4432=DIRECTION('',(-2.90535332138576E-14,-4.75332813966872E-16,1.));
#4433=DIRECTION('',(9.16784509568422E-14,1.,4.34471508738086E-16));
#4434=DIRECTION('center_axis',(-1.,9.16784509568422E-14,-2.90535332138576E-14));
#4435=DIRECTION('ref_axis',(9.16784509568422E-14,1.,4.75332813969508E-16));
#4436=DIRECTION('',(9.16784509568422E-14,1.,4.34471508738086E-16));
#4437=DIRECTION('',(2.90535332138576E-14,4.75332813966872E-16,-1.));
#4438=DIRECTION('',(-9.16784509568422E-14,-1.,-4.75332813969508E-16));
#4439=DIRECTION('center_axis',(0.,-1.,0.));
#4440=DIRECTION('ref_axis',(0.,0.,1.));
#4441=DIRECTION('',(-2.88200462316332E-14,0.,1.));
#4442=DIRECTION('',(-2.80477395694776E-14,0.,1.));
#4443=DIRECTION('',(-1.,0.,0.));
#4444=DIRECTION('',(2.77555756140259E-17,0.,-1.));
#4445=DIRECTION('',(-1.,0.,0.));
#4446=DIRECTION('center_axis',(0.,0.,-1.));
#4447=DIRECTION('ref_axis',(1.11022302462516E-13,-1.,0.));
#4448=DIRECTION('',(2.96236805298473E-17,-1.,0.));
#4449=DIRECTION('',(-1.,0.,0.));
#4450=DIRECTION('',(3.21647126408631E-10,1.,0.));
#4451=DIRECTION('center_axis',(0.,1.,0.));
#4452=DIRECTION('ref_axis',(-7.40389616724613E-14,0.,-1.));
#4453=DIRECTION('',(2.88200462316332E-14,0.,-1.));
#4454=DIRECTION('',(-1.,0.,0.));
#4455=DIRECTION('',(-2.77555756140259E-17,0.,1.));
#4456=DIRECTION('',(2.80477395694776E-14,0.,-1.));
#4457=DIRECTION('center_axis',(-1.,-2.96236805298473E-17,-2.80477395694776E-14));
#4458=DIRECTION('ref_axis',(-2.96236805298473E-17,1.,-1.25754147058582E-23));
#4459=DIRECTION('',(-2.96236805298473E-17,1.,-1.25754147058582E-23));
#4460=DIRECTION('',(-2.86551885988538E-14,1.25754138676934E-23,1.));
#4461=DIRECTION('',(2.96236805298595E-17,-1.,-4.34471508735455E-16));
#4462=DIRECTION('',(2.86551885887938E-14,-1.25754138676934E-23,-1.));
#4463=DIRECTION('',(-2.96236805298473E-17,1.,-1.25754147058582E-23));
#4464=DIRECTION('center_axis',(-1.,-3.21555472243803E-10,-2.88200462316332E-14));
#4465=DIRECTION('ref_axis',(-3.21555472243803E-10,1.,4.75332804699606E-16));
#4466=DIRECTION('',(-3.21555472243803E-10,1.,4.75332804624522E-16));
#4467=DIRECTION('',(2.88200462314804E-14,4.75332813966893E-16,-1.));
#4468=DIRECTION('center_axis',(-1.,-3.21555472243803E-10,-2.88200462316332E-14));
#4469=DIRECTION('ref_axis',(-3.21555472243803E-10,1.,4.75332804699606E-16));
#4470=DIRECTION('',(2.88200462314804E-14,4.75332813966893E-16,-1.));
#4471=DIRECTION('',(-3.21555472243803E-10,1.,4.75332804624522E-16));
#4472=DIRECTION('center_axis',(2.90535332138576E-14,4.75332813966872E-16,
-1.));
#4473=DIRECTION('ref_axis',(0.547722557505277,0.836660026534003,1.63109674812046E-14));
#4474=DIRECTION('center_axis',(2.8682944365101E-14,4.34471508735456E-16,
-1.));
#4475=DIRECTION('ref_axis',(0.547722557505277,0.836660026534003,1.60738005884616E-14));
#4476=DIRECTION('',(-2.90535332138576E-14,-4.75332813966872E-16,1.));
#4477=DIRECTION('center_axis',(-2.90535332138576E-14,-4.75332813966844E-16,
1.));
#4478=DIRECTION('ref_axis',(0.547722557505277,0.836660026534003,1.63109674812046E-14));
#4479=DIRECTION('center_axis',(2.90535332138576E-14,4.75332813966872E-16,
-1.));
#4480=DIRECTION('ref_axis',(-0.707106781186606,-0.707106781186489,-2.08800614090254E-14));
#4481=DIRECTION('center_axis',(-2.90535332138576E-14,-4.75332813966844E-16,
1.));
#4482=DIRECTION('ref_axis',(-0.707106781186606,-0.707106781186489,-2.08800614090254E-14));
#4483=DIRECTION('',(-2.90535332138576E-14,-4.75332813966872E-16,1.));
#4484=DIRECTION('center_axis',(2.90535332138576E-14,4.75332813966844E-16,
-1.));
#4485=DIRECTION('ref_axis',(-0.707106781186606,-0.707106781186489,-2.08800614090254E-14));
#4486=DIRECTION('',(2.90535332138576E-14,4.75332813966872E-16,-1.));
#4487=DIRECTION('center_axis',(-9.16784509568422E-14,-1.,-4.75332813969536E-16));
#4488=DIRECTION('ref_axis',(-1.,9.16784509568422E-14,-2.90535332138576E-14));
#4489=DIRECTION('',(1.,-9.16784509568422E-14,2.90535332138576E-14));
#4490=DIRECTION('',(2.90535332138576E-14,4.75332813966872E-16,-1.));
#4491=DIRECTION('',(1.,-9.16784509568422E-14,2.90535332138576E-14));
#4492=DIRECTION('center_axis',(2.90535332138576E-14,4.75332813966872E-16,
-1.));
#4493=DIRECTION('ref_axis',(-9.16784509568422E-14,-1.,-4.75332813969536E-16));
#4494=DIRECTION('center_axis',(-2.90535332138576E-14,-4.75332813966844E-16,
1.));
#4495=DIRECTION('ref_axis',(-9.16784509568422E-14,-1.,-4.75332813969508E-16));
#4496=DIRECTION('',(2.90535332138576E-14,4.75332813966872E-16,-1.));
#4497=DIRECTION('center_axis',(-2.90535332138576E-14,-4.75332813966844E-16,
1.));
#4498=DIRECTION('ref_axis',(-9.16784509568422E-14,-1.,-4.75332813969508E-16));
#4499=DIRECTION('center_axis',(2.90535332138576E-14,4.75332813966872E-16,
-1.));
#4500=DIRECTION('ref_axis',(0.749999999999915,-0.661437827766245,2.14757468064544E-14));
#4501=DIRECTION('center_axis',(2.90535332138576E-14,4.75332813966844E-16,
-1.));
#4502=DIRECTION('ref_axis',(0.749999999999915,-0.661437827766245,2.14757468064545E-14));
#4503=DIRECTION('',(-2.90535332138576E-14,-4.75332813966872E-16,1.));
#4504=DIRECTION('center_axis',(-2.90535332138576E-14,-4.75332813966844E-16,
1.));
#4505=DIRECTION('ref_axis',(0.749999999999915,-0.661437827766245,2.14757468064545E-14));
#4506=DIRECTION('center_axis',(1.,-9.16784509568422E-14,2.89310685339428E-14));
#4507=DIRECTION('ref_axis',(9.16784509568422E-14,1.,4.75332813969474E-16));
#4508=DIRECTION('',(-9.16784509568422E-14,-1.,-4.75332813969508E-16));
#4509=DIRECTION('',(2.89310685339429E-14,4.75332813966883E-16,-1.));
#4510=DIRECTION('',(-9.16784509568422E-14,-1.,-4.75332813969508E-16));
#4511=DIRECTION('center_axis',(-2.89310685339429E-14,-4.75332813966883E-16,
1.));
#4512=DIRECTION('ref_axis',(0.500000000000369,-0.866025403784226,1.40538839748346E-14));
#4513=DIRECTION('center_axis',(2.90535332138576E-14,4.75332813966844E-16,
-1.));
#4514=DIRECTION('ref_axis',(0.500000000000369,-0.866025403784226,1.4115116314792E-14));
#4515=DIRECTION('',(2.89310685339429E-14,4.75332813966883E-16,-1.));
#4516=DIRECTION('center_axis',(-2.90535332138576E-14,-4.75332813966844E-16,
1.));
#4517=DIRECTION('ref_axis',(0.500000000000369,-0.866025403784226,1.4115116314792E-14));
#4518=DIRECTION('center_axis',(2.89310685339429E-14,4.75332813966883E-16,
-1.));
#4519=DIRECTION('ref_axis',(-0.935414346693507,0.353553390593216,-2.68944810437851E-14));
#4520=DIRECTION('center_axis',(-2.90535332138576E-14,-4.75332813966844E-16,
1.));
#4521=DIRECTION('ref_axis',(-0.935414346693507,0.353553390593216,-2.70090362623405E-14));
#4522=DIRECTION('',(-2.90535332138576E-14,-4.75332813966872E-16,1.));
#4523=DIRECTION('center_axis',(2.90535332138576E-14,4.75332813966844E-16,
-1.));
#4524=DIRECTION('ref_axis',(-0.935414346693507,0.353553390593216,-2.70090362623405E-14));
#4525=DIRECTION('center_axis',(-1.,9.16784509568422E-14,-2.90535332138576E-14));
#4526=DIRECTION('ref_axis',(9.16784509568422E-14,1.,4.75332813969508E-16));
#4527=DIRECTION('',(-9.16784509568422E-14,-1.,-4.75332813969508E-16));
#4528=DIRECTION('',(2.90535332138576E-14,4.75332813966872E-16,-1.));
#4529=DIRECTION('',(-9.16784509568422E-14,-1.,-4.75332813969508E-16));
#4530=DIRECTION('center_axis',(2.90535332138576E-14,4.75332813966872E-16,
-1.));
#4531=DIRECTION('ref_axis',(-1.,9.16784509568422E-14,-2.90535332138576E-14));
#4532=DIRECTION('center_axis',(-2.90535332138576E-14,-4.75332813966844E-16,
1.));
#4533=DIRECTION('ref_axis',(-1.,9.16784509568422E-14,-2.90535332138576E-14));
#4534=DIRECTION('',(2.90535332138576E-14,4.75332813966872E-16,-1.));
#4535=DIRECTION('center_axis',(-2.90535332138576E-14,-4.75332813966844E-16,
1.));
#4536=DIRECTION('ref_axis',(-1.,9.16784509568422E-14,-2.90535332138576E-14));
#4537=DIRECTION('center_axis',(2.90535332138576E-14,4.75332813966872E-16,
-1.));
#4538=DIRECTION('ref_axis',(-0.661437827766234,-0.749999999999924,-1.95736055083832E-14));
#4539=DIRECTION('center_axis',(2.90535332138576E-14,4.75332813966844E-16,
-1.));
#4540=DIRECTION('ref_axis',(-0.661437827766234,-0.749999999999924,-1.95736055083832E-14));
#4541=DIRECTION('',(2.90535332138576E-14,4.75332813966872E-16,-1.));
#4542=DIRECTION('center_axis',(-2.90535332138576E-14,-4.75332813966844E-16,
1.));
#4543=DIRECTION('ref_axis',(-0.661437827766234,-0.749999999999924,-1.95736055083832E-14));
#4544=DIRECTION('center_axis',(2.90535332138576E-14,4.75332813966872E-16,
-1.));
#4545=DIRECTION('ref_axis',(0.661437827766224,0.749999999999933,1.95736055083829E-14));
#4546=DIRECTION('center_axis',(-2.90535332138576E-14,-4.75332813966844E-16,
1.));
#4547=DIRECTION('ref_axis',(0.661437827766224,0.749999999999933,1.95736055083829E-14));
#4548=DIRECTION('',(2.90535332138576E-14,4.75332813966872E-16,-1.));
#4549=DIRECTION('center_axis',(-2.90535332138576E-14,-4.75332813966844E-16,
1.));
#4550=DIRECTION('ref_axis',(0.661437827766224,0.749999999999933,1.95736055083829E-14));
#4551=DIRECTION('center_axis',(9.16784509568422E-14,1.,4.75332813969536E-16));
#4552=DIRECTION('ref_axis',(1.,-9.16784509568422E-14,2.90535332138576E-14));
#4553=DIRECTION('',(-1.,9.16784509568422E-14,-2.90535332138576E-14));
#4554=DIRECTION('',(2.90535332138576E-14,4.75332813966872E-16,-1.));
#4555=DIRECTION('',(-1.,9.16784509568422E-14,-2.90535332138576E-14));
#4556=DIRECTION('center_axis',(2.90535332138576E-14,4.75332813966872E-16,
-1.));
#4557=DIRECTION('ref_axis',(-0.707106781186483,0.707106781186612,-2.02078392968689E-14));
#4558=DIRECTION('center_axis',(-2.90535332138576E-14,-4.75332813966844E-16,
1.));
#4559=DIRECTION('ref_axis',(-0.707106781186483,0.707106781186612,-2.0207839296869E-14));
#4560=DIRECTION('center_axis',(2.90535332138576E-14,4.75332813966844E-16,
-1.));
#4561=DIRECTION('ref_axis',(-0.707106781186483,0.707106781186612,-2.0207839296869E-14));
#4562=DIRECTION('center_axis',(-2.90535332138576E-14,-4.75332813966872E-16,
1.));
#4563=DIRECTION('ref_axis',(-0.707106781186612,-0.707106781186483,-2.08800614090256E-14));
#4564=DIRECTION('center_axis',(-2.90535332138576E-14,-4.75332813966844E-16,
1.));
#4565=DIRECTION('ref_axis',(-0.707106781186612,-0.707106781186483,-2.08800614090256E-14));
#4566=DIRECTION('',(-2.90535332138576E-14,-4.75332813966872E-16,1.));
#4567=DIRECTION('center_axis',(2.90535332138576E-14,4.75332813966844E-16,
-1.));
#4568=DIRECTION('ref_axis',(-0.707106781186612,-0.707106781186483,-2.08800614090256E-14));
#4569=DIRECTION('center_axis',(-9.16784509568422E-14,-1.,-4.75332813969536E-16));
#4570=DIRECTION('ref_axis',(-1.,9.16784509568422E-14,-2.90535332138576E-14));
#4571=DIRECTION('',(1.,-9.16784509568422E-14,2.90535332138576E-14));
#4572=DIRECTION('',(-2.88200462314804E-14,-4.75332813966893E-16,1.));
#4573=DIRECTION('',(-1.,9.16784509568422E-14,-2.90535332138576E-14));
#4574=DIRECTION('center_axis',(2.88200462314804E-14,4.75332813966893E-16,
-1.));
#4575=DIRECTION('ref_axis',(0.707106781186502,-0.707106781186593,2.00427390683118E-14));
#4576=DIRECTION('center_axis',(-2.90535332138576E-14,-4.75332813966844E-16,
1.));
#4577=DIRECTION('ref_axis',(0.707106781186502,-0.707106781186593,2.02078392968695E-14));
#4578=DIRECTION('',(2.88200462314804E-14,4.75332813966893E-16,-1.));
#4579=DIRECTION('center_axis',(-2.90535332138576E-14,-4.75332813966844E-16,
1.));
#4580=DIRECTION('ref_axis',(0.707106781186502,-0.707106781186593,2.02078392968695E-14));
#4581=DIRECTION('center_axis',(-0.707107998149419,0.707105564221582,-2.00427747197027E-14));
#4582=DIRECTION('ref_axis',(0.707105564221582,0.707107998149419,1.91237590705814E-14));
#4583=DIRECTION('',(0.707105564221582,0.707107998149419,2.08800266303541E-14));
#4584=DIRECTION('',(2.88200462314804E-14,4.75332813966893E-16,-1.));
#4585=DIRECTION('',(0.707105564221582,0.707107998149419,2.08800266303541E-14));
#4586=DIRECTION('center_axis',(2.88200462314804E-14,4.75332813966893E-16,
-1.));
#4587=DIRECTION('ref_axis',(1.,-5.83440046424723E-14,2.88200462314804E-14));
#4588=DIRECTION('center_axis',(-2.90535332138576E-14,-4.75332813966844E-16,
1.));
#4589=DIRECTION('ref_axis',(1.,-5.83440046424723E-14,2.90535332138576E-14));
#4590=DIRECTION('center_axis',(-2.90535332138576E-14,-4.75332813966844E-16,
1.));
#4591=DIRECTION('ref_axis',(1.,-5.83440046424723E-14,2.90535332138576E-14));
#4592=DIRECTION('center_axis',(2.88200462314804E-14,4.75332813966893E-16,
-1.));
#4593=DIRECTION('ref_axis',(3.04813516109311E-13,1.,4.75332813975678E-16));
#4594=DIRECTION('center_axis',(-2.90535332138576E-14,-4.75332813966844E-16,
1.));
#4595=DIRECTION('ref_axis',(3.04813516109311E-13,1.,4.753328139757E-16));
#4596=DIRECTION('',(-2.88200462314804E-14,-4.75332813966893E-16,1.));
#4597=DIRECTION('center_axis',(-2.90535332138576E-14,-4.75332813966844E-16,
1.));
#4598=DIRECTION('ref_axis',(3.04813516109311E-13,1.,4.753328139757E-16));
#4599=DIRECTION('',(2.88200462314804E-14,4.75332813966893E-16,-1.));
#4600=DIRECTION('center_axis',(-0.707106781186605,-0.70710678118649,-2.07149611804677E-14));
#4601=DIRECTION('ref_axis',(-0.70710678118649,0.707106781186605,-2.00034867568445E-14));
#4602=DIRECTION('',(-0.70710678118649,0.707106781186605,-2.02078392968692E-14));
#4603=DIRECTION('',(-0.70710678118649,0.707106781186605,-2.02078392968692E-14));
#4604=DIRECTION('',(2.88200462314804E-14,4.75332813966893E-16,-1.));
#4605=DIRECTION('center_axis',(2.88200462314804E-14,4.75332813966893E-16,
-1.));
#4606=DIRECTION('ref_axis',(0.70710678118661,0.707106781186485,2.07149611804678E-14));
#4607=DIRECTION('center_axis',(-2.90535332138576E-14,-4.75332813966844E-16,
1.));
#4608=DIRECTION('ref_axis',(0.70710678118661,0.707106781186485,2.08800614090255E-14));
#4609=DIRECTION('center_axis',(-2.90535332138576E-14,-4.75332813966844E-16,
1.));
#4610=DIRECTION('ref_axis',(0.70710678118661,0.707106781186485,2.08800614090255E-14));
#4611=DIRECTION('center_axis',(8.92609222396458E-14,1.,4.75332813969465E-16));
#4612=DIRECTION('ref_axis',(1.,-8.92609222396458E-14,2.90535332138576E-14));
#4613=DIRECTION('',(-1.,8.92609222396458E-14,-2.90535332138576E-14));
#4614=DIRECTION('',(2.90535332138576E-14,4.75332813966872E-16,-1.));
#4615=DIRECTION('',(-1.,8.92609222396458E-14,-2.90535332138576E-14));
#4616=DIRECTION('center_axis',(-2.90535332138576E-14,-4.75332813966872E-16,
1.));
#4617=DIRECTION('ref_axis',(0.935414346693576,0.353553390593035,2.73451473184188E-14));
#4618=DIRECTION('center_axis',(2.90535332138576E-14,4.75332813966844E-16,
-1.));
#4619=DIRECTION('ref_axis',(0.935414346693576,0.353553390593035,2.73451473184188E-14));
#4620=DIRECTION('',(-2.89310685339429E-14,-4.75332813966883E-16,1.));
#4621=DIRECTION('center_axis',(-2.90535332138576E-14,-4.75332813966844E-16,
1.));
#4622=DIRECTION('ref_axis',(0.935414346693576,0.353553390593035,2.73451473184188E-14));
#4623=DIRECTION('',(2.90535332138576E-14,4.75332813966872E-16,-1.));
#4624=DIRECTION('center_axis',(1.,-9.16784509568422E-14,2.89310685339428E-14));
#4625=DIRECTION('ref_axis',(9.16784509568422E-14,1.,4.75332813969474E-16));
#4626=DIRECTION('',(-9.16784509568422E-14,-1.,-4.75332813969508E-16));
#4627=DIRECTION('',(-2.90535332138576E-14,-4.75332813966872E-16,1.));
#4628=DIRECTION('',(-9.16784509568422E-14,-1.,-4.75332813969508E-16));
#4629=DIRECTION('center_axis',(2.90535332138576E-14,4.75332813966872E-16,
-1.));
#4630=DIRECTION('ref_axis',(-0.500000000000531,-0.866025403784132,-1.49384168990917E-14));
#4631=DIRECTION('center_axis',(-2.90535332138576E-14,-4.75332813966844E-16,
1.));
#4632=DIRECTION('ref_axis',(-0.500000000000531,-0.866025403784132,-1.49384168990917E-14));
#4633=DIRECTION('center_axis',(2.90535332138576E-14,4.75332813966844E-16,
-1.));
#4634=DIRECTION('ref_axis',(-0.500000000000531,-0.866025403784132,-1.49384168990917E-14));
#4635=DIRECTION('',(2.90535332138576E-14,4.75332813966872E-16,-1.));
#4636=DIRECTION('center_axis',(-1.,9.16784509568422E-14,-2.90535332138576E-14));
#4637=DIRECTION('ref_axis',(9.16784509568422E-14,1.,4.75332813969508E-16));
#4638=DIRECTION('',(-9.16784509568422E-14,-1.,-4.75332813969508E-16));
#4639=DIRECTION('',(-9.16784509568422E-14,-1.,-4.75332813969508E-16));
#4640=DIRECTION('',(2.90535332138576E-14,4.75332813966872E-16,-1.));
#4641=DIRECTION('center_axis',(2.90535332138576E-14,4.75332813966872E-16,
-1.));
#4642=DIRECTION('ref_axis',(-0.526782687642713,-0.849999999999953,-1.57089312037846E-14));
#4643=DIRECTION('center_axis',(2.90535332138576E-14,4.75332813966844E-16,
-1.));
#4644=DIRECTION('ref_axis',(-0.526782687642713,-0.849999999999953,-1.57089312037845E-14));
#4645=DIRECTION('',(2.90535332138576E-14,4.75332813966872E-16,-1.));
#4646=DIRECTION('center_axis',(-2.90535332138576E-14,-4.75332813966844E-16,
1.));
#4647=DIRECTION('ref_axis',(-0.526782687642713,-0.849999999999953,-1.57089312037845E-14));
#4648=DIRECTION('center_axis',(2.90535332138576E-14,4.75332813966872E-16,
-1.));
#4649=DIRECTION('ref_axis',(-0.707106781186483,0.707106781186612,-2.02078392968689E-14));
#4650=DIRECTION('center_axis',(-2.90535332138576E-14,-4.75332813966844E-16,
1.));
#4651=DIRECTION('ref_axis',(-0.707106781186483,0.707106781186612,-2.0207839296869E-14));
#4652=DIRECTION('center_axis',(2.90535332138576E-14,4.75332813966844E-16,
-1.));
#4653=DIRECTION('ref_axis',(-0.707106781186483,0.707106781186612,-2.0207839296869E-14));
#4654=DIRECTION('center_axis',(2.90535332138576E-14,4.75332813966872E-16,
-1.));
#4655=DIRECTION('ref_axis',(-0.707106781186612,-0.707106781186483,-2.08800614090256E-14));
#4656=DIRECTION('center_axis',(-2.90535332138576E-14,-4.75332813966844E-16,
1.));
#4657=DIRECTION('ref_axis',(-0.707106781186612,-0.707106781186483,-2.08800614090256E-14));
#4658=DIRECTION('',(-2.90535332138576E-14,-4.75332813966872E-16,1.));
#4659=DIRECTION('center_axis',(2.90535332138576E-14,4.75332813966844E-16,
-1.));
#4660=DIRECTION('ref_axis',(-0.707106781186612,-0.707106781186483,-2.08800614090256E-14));
#4661=DIRECTION('center_axis',(-9.16784509568422E-14,-1.,-4.75332813969536E-16));
#4662=DIRECTION('ref_axis',(-1.,9.16784509568422E-14,-2.90535332138576E-14));
#4663=DIRECTION('',(1.,-9.16784509568422E-14,2.90535332138576E-14));
#4664=DIRECTION('',(2.90535332138576E-14,4.75332813966872E-16,-1.));
#4665=DIRECTION('',(1.,-9.16784509568422E-14,2.90535332138576E-14));
#4666=DIRECTION('center_axis',(-2.90535332138576E-14,-4.75332813966872E-16,
1.));
#4667=DIRECTION('ref_axis',(-0.707106781186476,0.707106781186619,-2.02078392968687E-14));
#4668=DIRECTION('center_axis',(-2.90535332138576E-14,-4.75332813966844E-16,
1.));
#4669=DIRECTION('ref_axis',(-0.707106781186476,0.707106781186619,-2.02078392968687E-14));
#4670=DIRECTION('',(-2.90535332138576E-14,-4.75332813966872E-16,1.));
#4671=DIRECTION('center_axis',(2.90535332138576E-14,4.75332813966844E-16,
-1.));
#4672=DIRECTION('ref_axis',(-0.707106781186476,0.707106781186619,-2.02078392968687E-14));
#4673=DIRECTION('',(2.90535332138576E-14,4.75332813966872E-16,-1.));
#4674=DIRECTION('center_axis',(-1.,9.16784509568422E-14,-2.90535332138576E-14));
#4675=DIRECTION('ref_axis',(9.16784509568422E-14,1.,4.75332813969508E-16));
#4676=DIRECTION('',(-9.16784509568422E-14,-1.,-4.75332813969508E-16));
#4677=DIRECTION('',(-9.16784509568422E-14,-1.,-4.75332813969508E-16));
#4678=DIRECTION('center_axis',(9.16784509568422E-14,1.,4.75332813969536E-16));
#4679=DIRECTION('ref_axis',(1.,-9.16784509568422E-14,2.90535332138576E-14));
#4680=DIRECTION('',(-1.,9.16784509568422E-14,-2.90535332138576E-14));
#4681=DIRECTION('',(-1.,9.16784509568422E-14,-2.90535332138576E-14));
#4682=DIRECTION('',(2.90535332138576E-14,4.75332813966872E-16,-1.));
#4683=DIRECTION('center_axis',(2.90535332138576E-14,4.75332813966872E-16,
-1.));
#4684=DIRECTION('ref_axis',(-1.,9.16784509568422E-14,-2.90535332138576E-14));
#4685=DIRECTION('center_axis',(-2.90535332138576E-14,-4.75332813966844E-16,
1.));
#4686=DIRECTION('ref_axis',(-1.,9.16784509568422E-14,-2.90535332138576E-14));
#4687=DIRECTION('',(2.90535332138576E-14,4.75332813966872E-16,-1.));
#4688=DIRECTION('center_axis',(2.90535332138576E-14,4.75332813966844E-16,
-1.));
#4689=DIRECTION('ref_axis',(-1.,9.16784509568422E-14,-2.90535332138576E-14));
#4690=DIRECTION('center_axis',(2.90535332138576E-14,4.75332813966872E-16,
-1.));
#4691=DIRECTION('ref_axis',(-1.,9.16784509568422E-14,-2.90535332138576E-14));
#4692=DIRECTION('center_axis',(-2.90535332138576E-14,-4.75332813966844E-16,
1.));
#4693=DIRECTION('ref_axis',(-1.,9.16784509568422E-14,-2.90535332138576E-14));
#4694=DIRECTION('',(2.90535332138576E-14,4.75332813966872E-16,-1.));
#4695=DIRECTION('center_axis',(2.90535332138576E-14,4.75332813966844E-16,
-1.));
#4696=DIRECTION('ref_axis',(-1.,9.16784509568422E-14,-2.90535332138576E-14));
#4697=DIRECTION('center_axis',(2.90535332138576E-14,4.75332813966872E-16,
-1.));
#4698=DIRECTION('ref_axis',(-9.16784509568422E-14,-1.,-4.75332813969536E-16));
#4699=DIRECTION('center_axis',(-2.90535332138576E-14,-4.75332813966844E-16,
1.));
#4700=DIRECTION('ref_axis',(-9.16784509568422E-14,-1.,-4.75332813969508E-16));
#4701=DIRECTION('',(2.90535332138576E-14,4.75332813966872E-16,-1.));
#4702=DIRECTION('center_axis',(-2.90535332138576E-14,-4.75332813966844E-16,
1.));
#4703=DIRECTION('ref_axis',(-9.16784509568422E-14,-1.,-4.75332813969508E-16));
#4704=DIRECTION('center_axis',(2.90535332138576E-14,4.75332813966872E-16,
-1.));
#4705=DIRECTION('ref_axis',(0.749999999999915,-0.661437827766245,2.14757468064544E-14));
#4706=DIRECTION('center_axis',(2.90535332138576E-14,4.75332813966844E-16,
-1.));
#4707=DIRECTION('ref_axis',(0.749999999999915,-0.661437827766245,2.14757468064545E-14));
#4708=DIRECTION('',(2.90535332138576E-14,4.75332813966872E-16,-1.));
#4709=DIRECTION('center_axis',(-2.90535332138576E-14,-4.75332813966844E-16,
1.));
#4710=DIRECTION('ref_axis',(0.749999999999915,-0.661437827766245,2.14757468064545E-14));
#4711=DIRECTION('center_axis',(2.90535332138576E-14,4.75332813966872E-16,
-1.));
#4712=DIRECTION('ref_axis',(-0.749999999999909,0.661437827766251,-2.14757468064543E-14));
#4713=DIRECTION('center_axis',(-2.90535332138576E-14,-4.75332813966844E-16,
1.));
#4714=DIRECTION('ref_axis',(-0.749999999999909,0.661437827766251,-2.14757468064543E-14));
#4715=DIRECTION('center_axis',(-2.90535332138576E-14,-4.75332813966844E-16,
1.));
#4716=DIRECTION('ref_axis',(-0.749999999999909,0.661437827766251,-2.14757468064543E-14));
#4717=DIRECTION('center_axis',(2.90535332138576E-14,4.75332813966872E-16,
-1.));
#4718=DIRECTION('ref_axis',(0.526782687642745,0.849999999999933,1.57089312037855E-14));
#4719=DIRECTION('center_axis',(-2.90535332138576E-14,-4.75332813966844E-16,
1.));
#4720=DIRECTION('ref_axis',(0.526782687642745,0.849999999999933,1.57089312037855E-14));
#4721=DIRECTION('center_axis',(-2.90535332138576E-14,-4.75332813966844E-16,
1.));
#4722=DIRECTION('ref_axis',(0.526782687642745,0.849999999999933,1.57089312037855E-14));
#4723=DIRECTION('center_axis',(0.,1.,0.));
#4724=DIRECTION('ref_axis',(2.51783760559092E-14,0.,-1.));
#4725=DIRECTION('',(2.61242557993508E-16,0.,-1.));
#4726=DIRECTION('',(-1.,0.,0.));
#4727=DIRECTION('',(-2.8682944365101E-14,0.,1.));
#4728=DIRECTION('',(-1.,0.,0.));
#4729=DIRECTION('center_axis',(0.,-1.,0.));
#4730=DIRECTION('ref_axis',(0.,0.,1.));
#4731=DIRECTION('',(-2.61242557993508E-16,0.,1.));
#4732=DIRECTION('',(-1.,0.,0.));
#4733=DIRECTION('',(2.8682944365101E-14,0.,-1.));
#4734=DIRECTION('',(-1.,0.,0.));
#4735=DIRECTION('center_axis',(-1.,-2.78889573005851E-17,-2.8682944365101E-14));
#4736=DIRECTION('ref_axis',(-2.78889573005976E-17,1.,4.34471508735455E-16));
#4737=DIRECTION('',(2.78889573005975E-17,-1.,-4.34471508735455E-16));
#4738=DIRECTION('',(-2.8682944365101E-14,-4.34471508735484E-16,1.));
#4739=DIRECTION('',(-2.78889573005973E-17,1.,4.34471508735455E-16));
#4740=DIRECTION('center_axis',(-1.,-2.78889573005851E-17,-2.8682944365101E-14));
#4741=DIRECTION('ref_axis',(-2.78889573005976E-17,1.,4.34471508735455E-16));
#4742=DIRECTION('',(-2.78889573005973E-17,1.,4.34471508735455E-16));
#4743=DIRECTION('',(2.8682944365101E-14,4.34471508735484E-16,-1.));
#4744=DIRECTION('',(2.78889573005975E-17,-1.,-4.34471508735455E-16));
#4745=DIRECTION('center_axis',(1.,2.42861286637636E-17,2.61242557993508E-16));
#4746=DIRECTION('ref_axis',(-2.42861286637636E-17,1.,6.93889390397167E-18));
#4747=DIRECTION('',(2.42861286637758E-17,-1.,-4.34471508735455E-16));
#4748=DIRECTION('',(2.61242557993508E-16,6.93889390394396E-18,-1.));
#4749=DIRECTION('',(2.42861286637636E-17,-1.,-6.93889390397167E-18));
#4750=DIRECTION('center_axis',(1.,2.42861286637636E-17,2.61242557993508E-16));
#4751=DIRECTION('ref_axis',(-2.42861286637636E-17,1.,6.93889390397167E-18));
#4752=DIRECTION('',(2.42861286637636E-17,-1.,-6.93889390397167E-18));
#4753=DIRECTION('',(-2.61242557993508E-16,-6.93889390394396E-18,1.));
#4754=DIRECTION('',(2.42861286637758E-17,-1.,-4.34471508735455E-16));
#4755=DIRECTION('center_axis',(0.,1.,0.));
#4756=DIRECTION('ref_axis',(0.,0.,-1.));
#4757=DIRECTION('',(2.61242557993508E-16,0.,-1.));
#4758=DIRECTION('',(-1.,0.,0.));
#4759=DIRECTION('',(-2.8682944365101E-14,0.,1.));
#4760=DIRECTION('',(-1.,0.,0.));
#4761=DIRECTION('center_axis',(0.,-1.,0.));
#4762=DIRECTION('ref_axis',(0.,0.,1.));
#4763=DIRECTION('',(-2.61242557993508E-16,0.,1.));
#4764=DIRECTION('',(-1.,0.,0.));
#4765=DIRECTION('',(2.8682944365101E-14,0.,-1.));
#4766=DIRECTION('',(-1.,0.,0.));
#4767=DIRECTION('center_axis',(-1.,-2.78889573005851E-17,-2.8682944365101E-14));
#4768=DIRECTION('ref_axis',(-2.78889573005976E-17,1.,4.34471508735455E-16));
#4769=DIRECTION('',(2.78889573005975E-17,-1.,-4.34471508735455E-16));
#4770=DIRECTION('',(-2.8682944365101E-14,-4.34471508735484E-16,1.));
#4771=DIRECTION('',(-2.78889573005973E-17,1.,4.34471508735455E-16));
#4772=DIRECTION('center_axis',(-1.,-2.78889573005851E-17,-2.8682944365101E-14));
#4773=DIRECTION('ref_axis',(-2.78889573005976E-17,1.,4.34471508735455E-16));
#4774=DIRECTION('',(-2.78889573005973E-17,1.,4.34471508735455E-16));
#4775=DIRECTION('',(2.8682944365101E-14,4.34471508735484E-16,-1.));
#4776=DIRECTION('',(2.78889573005975E-17,-1.,-4.34471508735455E-16));
#4777=DIRECTION('center_axis',(2.8682944365101E-14,4.34471508735484E-16,
-1.));
#4778=DIRECTION('ref_axis',(0.526782687642667,0.849999999999981,1.54789793045782E-14));
#4779=DIRECTION('center_axis',(-2.8682944365101E-14,-4.34471508735456E-16,
1.));
#4780=DIRECTION('ref_axis',(0.526782687642667,0.849999999999981,1.54789793045781E-14));
#4781=DIRECTION('',(2.8682944365101E-14,4.34471508735484E-16,-1.));
#4782=DIRECTION('center_axis',(-2.8682944365101E-14,-4.34471508735456E-16,
1.));
#4783=DIRECTION('ref_axis',(0.526782687642667,0.849999999999981,1.54789793045781E-14));
#4784=DIRECTION('',(2.8682944365101E-14,4.34471508735484E-16,-1.));
#4785=DIRECTION('center_axis',(2.8682944365101E-14,4.34471508735484E-16,
-1.));
#4786=DIRECTION('ref_axis',(-0.749999999999969,0.661437827766182,-2.12248323828606E-14));
#4787=DIRECTION('center_axis',(-2.8682944365101E-14,-4.34471508735456E-16,
1.));
#4788=DIRECTION('ref_axis',(-0.749999999999969,0.661437827766182,-2.12248323828606E-14));
#4789=DIRECTION('',(2.8682944365101E-14,4.34471508735484E-16,-1.));
#4790=DIRECTION('center_axis',(-2.8682944365101E-14,-4.34471508735456E-16,
1.));
#4791=DIRECTION('ref_axis',(-0.749999999999969,0.661437827766182,-2.12248323828606E-14));
#4792=DIRECTION('',(2.8682944365101E-14,4.34471508735484E-16,-1.));
#4793=DIRECTION('center_axis',(2.8682944365101E-14,4.34471508735484E-16,
-1.));
#4794=DIRECTION('ref_axis',(0.749999999999975,-0.661437827766176,2.12248323828607E-14));
#4795=DIRECTION('center_axis',(2.8682944365101E-14,4.34471508735456E-16,
-1.));
#4796=DIRECTION('ref_axis',(0.749999999999975,-0.661437827766176,2.12248323828608E-14));
#4797=DIRECTION('center_axis',(-2.8682944365101E-14,-4.34471508735456E-16,
1.));
#4798=DIRECTION('ref_axis',(0.749999999999975,-0.661437827766176,2.12248323828608E-14));
#4799=DIRECTION('',(2.8682944365101E-14,4.34471508735484E-16,-1.));
#4800=DIRECTION('center_axis',(2.8682944365101E-14,4.34471508735484E-16,
-1.));
#4801=DIRECTION('ref_axis',(2.78889573005975E-17,-1.,-4.34471508735483E-16));
#4802=DIRECTION('center_axis',(-2.8682944365101E-14,-4.34471508735456E-16,
1.));
#4803=DIRECTION('ref_axis',(2.78889573005975E-17,-1.,-4.34471508735455E-16));
#4804=DIRECTION('center_axis',(-2.8682944365101E-14,-4.34471508735456E-16,
1.));
#4805=DIRECTION('ref_axis',(2.78889573005975E-17,-1.,-4.34471508735455E-16));
#4806=DIRECTION('',(2.8682944365101E-14,4.34471508735484E-16,-1.));
#4807=DIRECTION('center_axis',(2.8682944365101E-14,4.34471508735484E-16,
-1.));
#4808=DIRECTION('ref_axis',(-1.,-2.78889573005851E-17,-2.8682944365101E-14));
#4809=DIRECTION('center_axis',(-2.8682944365101E-14,-4.34471508735456E-16,
1.));
#4810=DIRECTION('ref_axis',(-1.,-2.78889573005851E-17,-2.8682944365101E-14));
#4811=DIRECTION('',(2.8682944365101E-14,4.34471508735484E-16,-1.));
#4812=DIRECTION('center_axis',(2.8682944365101E-14,4.34471508735456E-16,
-1.));
#4813=DIRECTION('ref_axis',(-1.,-2.78889573005851E-17,-2.8682944365101E-14));
#4814=DIRECTION('center_axis',(2.8682944365101E-14,4.34471508735484E-16,
-1.));
#4815=DIRECTION('ref_axis',(-1.,-2.78889573005851E-17,-2.8682944365101E-14));
#4816=DIRECTION('center_axis',(-2.8682944365101E-14,-4.34471508735456E-16,
1.));
#4817=DIRECTION('ref_axis',(-1.,-2.78889573005851E-17,-2.8682944365101E-14));
#4818=DIRECTION('',(2.8682944365101E-14,4.34471508735484E-16,-1.));
#4819=DIRECTION('center_axis',(2.8682944365101E-14,4.34471508735456E-16,
-1.));
#4820=DIRECTION('ref_axis',(-1.,-2.78889573005851E-17,-2.8682944365101E-14));
#4821=DIRECTION('center_axis',(-2.78889573005975E-17,1.,4.34471508735483E-16));
#4822=DIRECTION('ref_axis',(1.,2.7888957300585E-17,2.8682944365101E-14));
#4823=DIRECTION('',(-1.,-2.78889573005851E-17,-2.8682944365101E-14));
#4824=DIRECTION('',(2.8682944365101E-14,4.34471508735484E-16,-1.));
#4825=DIRECTION('',(-1.,-2.78889573005851E-17,-2.8682944365101E-14));
#4826=DIRECTION('center_axis',(-1.,-2.78889573005851E-17,-2.8682944365101E-14));
#4827=DIRECTION('ref_axis',(-2.78889573005976E-17,1.,4.34471508735455E-16));
#4828=DIRECTION('',(2.78889573005975E-17,-1.,-4.34471508735455E-16));
#4829=DIRECTION('',(2.8682944365101E-14,4.34471508735484E-16,-1.));
#4830=DIRECTION('',(2.78889573005975E-17,-1.,-4.34471508735455E-16));
#4831=DIRECTION('',(-2.8682944365101E-14,-4.34471508735484E-16,1.));
#4832=DIRECTION('center_axis',(-2.8682944365101E-14,-4.34471508735484E-16,
1.));
#4833=DIRECTION('ref_axis',(-0.707106781186541,0.707106781186554,-1.99746867149E-14));
#4834=DIRECTION('center_axis',(-2.8682944365101E-14,-4.34471508735456E-16,
1.));
#4835=DIRECTION('ref_axis',(-0.707106781186541,0.707106781186554,-1.99746867149E-14));
#4836=DIRECTION('center_axis',(2.8682944365101E-14,4.34471508735456E-16,
-1.));
#4837=DIRECTION('ref_axis',(-0.707106781186541,0.707106781186554,-1.99746867149E-14));
#4838=DIRECTION('center_axis',(2.78889573005975E-17,-1.,-4.34471508735483E-16));
#4839=DIRECTION('ref_axis',(-1.,-2.7888957300585E-17,-2.8682944365101E-14));
#4840=DIRECTION('',(1.,2.78889573005851E-17,2.8682944365101E-14));
#4841=DIRECTION('',(1.,2.78889573005851E-17,2.8682944365101E-14));
#4842=DIRECTION('',(-2.8682944365101E-14,-4.34471508735484E-16,1.));
#4843=DIRECTION('center_axis',(2.8682944365101E-14,4.34471508735484E-16,
-1.));
#4844=DIRECTION('ref_axis',(-0.707106781186547,-0.707106781186547,-2.05891222150186E-14));
#4845=DIRECTION('',(-2.8682944365101E-14,-4.34471508735484E-16,1.));
#4846=DIRECTION('center_axis',(-2.8682944365101E-14,-4.34471508735456E-16,
1.));
#4847=DIRECTION('ref_axis',(-0.707106781186547,-0.707106781186547,-2.05891222150186E-14));
#4848=DIRECTION('center_axis',(2.8682944365101E-14,4.34471508735456E-16,
-1.));
#4849=DIRECTION('ref_axis',(-0.707106781186547,-0.707106781186547,-2.05891222150186E-14));
#4850=DIRECTION('center_axis',(2.8682944365101E-14,4.34471508735484E-16,
-1.));
#4851=DIRECTION('ref_axis',(-0.707106781186547,0.707106781186547,-1.99746867149002E-14));
#4852=DIRECTION('center_axis',(-2.8682944365101E-14,-4.34471508735456E-16,
1.));
#4853=DIRECTION('ref_axis',(-0.707106781186547,0.707106781186547,-1.99746867149002E-14));
#4854=DIRECTION('center_axis',(2.8682944365101E-14,4.34471508735456E-16,
-1.));
#4855=DIRECTION('ref_axis',(-0.707106781186547,0.707106781186547,-1.99746867149002E-14));
#4856=DIRECTION('',(2.8682944365101E-14,4.34471508735484E-16,-1.));
#4857=DIRECTION('center_axis',(2.8682944365101E-14,4.34471508735484E-16,
-1.));
#4858=DIRECTION('ref_axis',(-0.526782687642635,-0.850000000000001,-1.54789793045772E-14));
#4859=DIRECTION('center_axis',(2.8682944365101E-14,4.34471508735456E-16,
-1.));
#4860=DIRECTION('ref_axis',(-0.526782687642635,-0.850000000000001,-1.54789793045772E-14));
#4861=DIRECTION('center_axis',(-2.8682944365101E-14,-4.34471508735456E-16,
1.));
#4862=DIRECTION('ref_axis',(-0.526782687642635,-0.850000000000001,-1.54789793045772E-14));
#4863=DIRECTION('',(-2.8682944365101E-14,-4.34471508735484E-16,1.));
#4864=DIRECTION('center_axis',(-1.,-2.78889573005851E-17,-2.8682944365101E-14));
#4865=DIRECTION('ref_axis',(-2.78889573005976E-17,1.,4.34471508735455E-16));
#4866=DIRECTION('',(2.78889573005975E-17,-1.,-4.34471508735455E-16));
#4867=DIRECTION('',(2.8682944365101E-14,4.34471508735484E-16,-1.));
#4868=DIRECTION('',(2.78889573005975E-17,-1.,-4.34471508735455E-16));
#4869=DIRECTION('center_axis',(2.8682944365101E-14,4.34471508735484E-16,
-1.));
#4870=DIRECTION('ref_axis',(-0.500000000000452,-0.866025403784178,-1.47177355463488E-14));
#4871=DIRECTION('center_axis',(-2.8682944365101E-14,-4.34471508735456E-16,
1.));
#4872=DIRECTION('ref_axis',(-0.500000000000452,-0.866025403784178,-1.47177355463488E-14));
#4873=DIRECTION('',(2.8682944365101E-14,4.34471508735484E-16,-1.));
#4874=DIRECTION('center_axis',(2.8682944365101E-14,4.34471508735456E-16,
-1.));
#4875=DIRECTION('ref_axis',(-0.500000000000452,-0.866025403784178,-1.47177355463488E-14));
#4876=DIRECTION('center_axis',(1.,2.78889573005852E-17,2.85604796851863E-14));
#4877=DIRECTION('ref_axis',(-2.78889573005976E-17,1.,4.34471508735421E-16));
#4878=DIRECTION('',(2.78889573005976E-17,-1.,-4.34471508735455E-16));
#4879=DIRECTION('',(2.78889573005976E-17,-1.,-4.34471508735455E-16));
#4880=DIRECTION('',(-2.85604796851863E-14,-4.34471508735484E-16,1.));
#4881=DIRECTION('center_axis',(-2.8682944365101E-14,-4.34471508735484E-16,
1.));
#4882=DIRECTION('ref_axis',(0.935414346693543,0.353553390593121,2.69840465395577E-14));
#4883=DIRECTION('center_axis',(2.8682944365101E-14,4.34471508735456E-16,
-1.));
#4884=DIRECTION('ref_axis',(0.935414346693543,0.353553390593121,2.69840465395577E-14));
#4885=DIRECTION('center_axis',(-2.8682944365101E-14,-4.34471508735456E-16,
1.));
#4886=DIRECTION('ref_axis',(0.935414346693543,0.353553390593121,2.69840465395577E-14));
#4887=DIRECTION('center_axis',(-2.44541767449695E-15,1.,4.34471508735414E-16));
#4888=DIRECTION('ref_axis',(1.,2.44541767449694E-15,2.8682944365101E-14));
#4889=DIRECTION('',(-1.,-2.44541767449694E-15,-2.8682944365101E-14));
#4890=DIRECTION('',(-1.,-2.44541767449694E-15,-2.8682944365101E-14));
#4891=DIRECTION('',(-2.84494573827237E-14,-4.34471508735484E-16,1.));
#4892=DIRECTION('center_axis',(2.84494573827237E-14,4.34471508735484E-16,
-1.));
#4893=DIRECTION('ref_axis',(0.707106781186545,0.70710678118655,2.04240219864608E-14));
#4894=DIRECTION('center_axis',(-2.8682944365101E-14,-4.34471508735456E-16,
1.));
#4895=DIRECTION('ref_axis',(0.707106781186545,0.70710678118655,2.05891222150185E-14));
#4896=DIRECTION('',(2.84494573827237E-14,4.34471508735484E-16,-1.));
#4897=DIRECTION('center_axis',(-2.8682944365101E-14,-4.34471508735456E-16,
1.));
#4898=DIRECTION('ref_axis',(0.707106781186545,0.70710678118655,2.05891222150185E-14));
#4899=DIRECTION('',(2.84494573827237E-14,4.34471508735484E-16,-1.));
#4900=DIRECTION('center_axis',(-0.70710678118654,-0.707106781186555,-2.04240219864607E-14));
#4901=DIRECTION('ref_axis',(-0.707106781186555,0.70710678118654,-1.97703341748758E-14));
#4902=DIRECTION('',(-0.707106781186555,0.70710678118654,-1.99746867149004E-14));
#4903=DIRECTION('',(2.84494573827237E-14,4.34471508735484E-16,-1.));
#4904=DIRECTION('',(-0.707106781186555,0.70710678118654,-1.99746867149004E-14));
#4905=DIRECTION('center_axis',(2.84494573827237E-14,4.34471508735484E-16,
-1.));
#4906=DIRECTION('ref_axis',(2.13107176195168E-13,1.,4.34471508741547E-16));
#4907=DIRECTION('center_axis',(-2.8682944365101E-14,-4.34471508735456E-16,
1.));
#4908=DIRECTION('ref_axis',(2.13107176195168E-13,1.,4.34471508741568E-16));
#4909=DIRECTION('center_axis',(-2.8682944365101E-14,-4.34471508735456E-16,
1.));
#4910=DIRECTION('ref_axis',(2.13107176195168E-13,1.,4.34471508741568E-16));
#4911=DIRECTION('center_axis',(-1.,-3.21647178583717E-10,-2.84494573828635E-14));
#4912=DIRECTION('ref_axis',(-3.21647178583717E-10,1.,4.34471499584752E-16));
#4913=DIRECTION('',(-3.21647178583717E-10,1.,4.34471499509668E-16));
#4914=DIRECTION('',(-3.21647178583717E-10,1.,4.34471499509668E-16));
#4915=DIRECTION('',(2.84494573827237E-14,4.34471508735484E-16,-1.));
#4916=DIRECTION('center_axis',(2.84494573827237E-14,4.34471508735484E-16,
-1.));
#4917=DIRECTION('ref_axis',(1.,3.33623352716705E-14,2.84494573827237E-14));
#4918=DIRECTION('center_axis',(-2.8682944365101E-14,-4.34471508735456E-16,
1.));
#4919=DIRECTION('ref_axis',(1.,3.33623352716705E-14,2.8682944365101E-14));
#4920=DIRECTION('center_axis',(-2.8682944365101E-14,-4.34471508735456E-16,
1.));
#4921=DIRECTION('ref_axis',(1.,3.33623352716705E-14,2.8682944365101E-14));
#4922=DIRECTION('',(2.84494573827237E-14,4.34471508735484E-16,-1.));
#4923=DIRECTION('center_axis',(-0.707107998149484,0.707105564221517,-1.98096216370143E-14));
#4924=DIRECTION('ref_axis',(0.707105564221517,0.707107998149484,1.88328202778413E-14));
#4925=DIRECTION('',(0.707105564221517,0.707107998149484,2.0589087837614E-14));
#4926=DIRECTION('',(0.707105564221517,0.707107998149484,2.0589087837614E-14));
#4927=DIRECTION('',(2.84494573827237E-14,4.34471508735484E-16,-1.));
#4928=DIRECTION('center_axis',(2.84494573827237E-14,4.34471508735484E-16,
-1.));
#4929=DIRECTION('ref_axis',(0.707106781186567,-0.707106781186528,1.9809586486343E-14));
#4930=DIRECTION('center_axis',(-2.8682944365101E-14,-4.34471508735456E-16,
1.));
#4931=DIRECTION('ref_axis',(0.707106781186567,-0.707106781186528,1.99746867149008E-14));
#4932=DIRECTION('center_axis',(-2.8682944365101E-14,-4.34471508735456E-16,
1.));
#4933=DIRECTION('ref_axis',(0.707106781186567,-0.707106781186528,1.99746867149008E-14));
#4934=DIRECTION('',(-2.84494573827237E-14,-4.34471508735484E-16,1.));
#4935=DIRECTION('center_axis',(2.78889573005975E-17,-1.,-4.34471508735483E-16));
#4936=DIRECTION('ref_axis',(-1.,-2.7888957300585E-17,-2.8682944365101E-14));
#4937=DIRECTION('',(1.,2.78889573005851E-17,2.8682944365101E-14));
#4938=DIRECTION('',(-1.,-2.78889573005851E-17,-2.8682944365101E-14));
#4939=DIRECTION('',(-2.8682944365101E-14,-4.34471508735484E-16,1.));
#4940=DIRECTION('center_axis',(-2.8682944365101E-14,-4.34471508735484E-16,
1.));
#4941=DIRECTION('ref_axis',(-0.707106781186547,-0.707106781186547,-2.05891222150186E-14));
#4942=DIRECTION('center_axis',(-2.8682944365101E-14,-4.34471508735456E-16,
1.));
#4943=DIRECTION('ref_axis',(-0.707106781186547,-0.707106781186547,-2.05891222150186E-14));
#4944=DIRECTION('center_axis',(2.8682944365101E-14,4.34471508735456E-16,
-1.));
#4945=DIRECTION('ref_axis',(-0.707106781186547,-0.707106781186547,-2.05891222150186E-14));
#4946=DIRECTION('center_axis',(2.8682944365101E-14,4.34471508735484E-16,
-1.));
#4947=DIRECTION('ref_axis',(-0.707106781186547,0.707106781186547,-1.99746867149002E-14));
#4948=DIRECTION('center_axis',(-2.8682944365101E-14,-4.34471508735456E-16,
1.));
#4949=DIRECTION('ref_axis',(-0.707106781186547,0.707106781186547,-1.99746867149002E-14));
#4950=DIRECTION('center_axis',(2.8682944365101E-14,4.34471508735456E-16,
-1.));
#4951=DIRECTION('ref_axis',(-0.707106781186547,0.707106781186547,-1.99746867149002E-14));
#4952=DIRECTION('',(2.8682944365101E-14,4.34471508735484E-16,-1.));
#4953=DIRECTION('center_axis',(-2.78889573005975E-17,1.,4.34471508735483E-16));
#4954=DIRECTION('ref_axis',(1.,2.7888957300585E-17,2.8682944365101E-14));
#4955=DIRECTION('',(-1.,-2.78889573005851E-17,-2.8682944365101E-14));
#4956=DIRECTION('',(-1.,-2.78889573005851E-17,-2.8682944365101E-14));
#4957=DIRECTION('',(2.8682944365101E-14,4.34471508735484E-16,-1.));
#4958=DIRECTION('center_axis',(2.8682944365101E-14,4.34471508735484E-16,
-1.));
#4959=DIRECTION('ref_axis',(0.661437827766155,0.749999999999994,1.92978380463415E-14));
#4960=DIRECTION('center_axis',(-2.8682944365101E-14,-4.34471508735456E-16,
1.));
#4961=DIRECTION('ref_axis',(0.661437827766155,0.749999999999994,1.92978380463415E-14));
#4962=DIRECTION('center_axis',(-2.8682944365101E-14,-4.34471508735456E-16,
1.));
#4963=DIRECTION('ref_axis',(0.661437827766155,0.749999999999994,1.92978380463415E-14));
#4964=DIRECTION('',(2.8682944365101E-14,4.34471508735484E-16,-1.));
#4965=DIRECTION('center_axis',(2.8682944365101E-14,4.34471508735484E-16,
-1.));
#4966=DIRECTION('ref_axis',(-0.661437827766166,-0.749999999999984,-1.92978380463418E-14));
#4967=DIRECTION('center_axis',(2.8682944365101E-14,4.34471508735456E-16,
-1.));
#4968=DIRECTION('ref_axis',(-0.661437827766166,-0.749999999999984,-1.92978380463418E-14));
#4969=DIRECTION('center_axis',(-2.8682944365101E-14,-4.34471508735456E-16,
1.));
#4970=DIRECTION('ref_axis',(-0.661437827766166,-0.749999999999984,-1.92978380463418E-14));
#4971=DIRECTION('',(2.8682944365101E-14,4.34471508735484E-16,-1.));
#4972=DIRECTION('center_axis',(2.8682944365101E-14,4.34471508735484E-16,
-1.));
#4973=DIRECTION('ref_axis',(-1.,-2.78889573005851E-17,-2.8682944365101E-14));
#4974=DIRECTION('center_axis',(-2.8682944365101E-14,-4.34471508735456E-16,
1.));
#4975=DIRECTION('ref_axis',(-1.,-2.78889573005851E-17,-2.8682944365101E-14));
#4976=DIRECTION('center_axis',(-2.8682944365101E-14,-4.34471508735456E-16,
1.));
#4977=DIRECTION('ref_axis',(-1.,-2.78889573005851E-17,-2.8682944365101E-14));
#4978=DIRECTION('',(2.8682944365101E-14,4.34471508735484E-16,-1.));
#4979=DIRECTION('center_axis',(-1.,-2.78889573005851E-17,-2.8682944365101E-14));
#4980=DIRECTION('ref_axis',(-2.78889573005976E-17,1.,4.34471508735455E-16));
#4981=DIRECTION('',(2.78889573005975E-17,-1.,-4.34471508735455E-16));
#4982=DIRECTION('',(2.78889573005975E-17,-1.,-4.34471508735455E-16));
#4983=DIRECTION('',(-2.8682944365101E-14,-4.34471508735484E-16,1.));
#4984=DIRECTION('center_axis',(2.85604796851863E-14,4.34471508735484E-16,
-1.));
#4985=DIRECTION('ref_axis',(-0.93541434669354,0.35355339059313,-2.65622735709431E-14));
#4986=DIRECTION('center_axis',(-2.8682944365101E-14,-4.34471508735456E-16,
1.));
#4987=DIRECTION('ref_axis',(-0.93541434669354,0.35355339059313,-2.66768287894986E-14));
#4988=DIRECTION('center_axis',(2.8682944365101E-14,4.34471508735456E-16,
-1.));
#4989=DIRECTION('ref_axis',(-0.93541434669354,0.35355339059313,-2.66768287894986E-14));
#4990=DIRECTION('',(2.85604796851863E-14,4.34471508735484E-16,-1.));
#4991=DIRECTION('center_axis',(-2.85604796851863E-14,-4.34471508735484E-16,
1.));
#4992=DIRECTION('ref_axis',(0.500000000000448,-0.86602540378418,1.39039764788206E-14));
#4993=DIRECTION('center_axis',(2.8682944365101E-14,4.34471508735456E-16,
-1.));
#4994=DIRECTION('ref_axis',(0.500000000000448,-0.86602540378418,1.3965208818778E-14));
#4995=DIRECTION('center_axis',(-2.8682944365101E-14,-4.34471508735456E-16,
1.));
#4996=DIRECTION('ref_axis',(0.500000000000448,-0.86602540378418,1.3965208818778E-14));
#4997=DIRECTION('',(2.85604796851863E-14,4.34471508735484E-16,-1.));
#4998=DIRECTION('center_axis',(1.,2.78889573005852E-17,2.85604796851863E-14));
#4999=DIRECTION('ref_axis',(-2.78889573005976E-17,1.,4.34471508735421E-16));
#5000=DIRECTION('',(2.78889573005976E-17,-1.,-4.34471508735455E-16));
#5001=DIRECTION('',(2.78889573005976E-17,-1.,-4.34471508735455E-16));
#5002=DIRECTION('',(-2.8682944365101E-14,-4.34471508735484E-16,1.));
#5003=DIRECTION('center_axis',(2.8682944365101E-14,4.34471508735484E-16,
-1.));
#5004=DIRECTION('ref_axis',(0.749999999999975,-0.661437827766176,2.12248323828607E-14));
#5005=DIRECTION('center_axis',(2.8682944365101E-14,4.34471508735456E-16,
-1.));
#5006=DIRECTION('ref_axis',(0.749999999999975,-0.661437827766176,2.12248323828608E-14));
#5007=DIRECTION('center_axis',(-2.8682944365101E-14,-4.34471508735456E-16,
1.));
#5008=DIRECTION('ref_axis',(0.749999999999975,-0.661437827766176,2.12248323828608E-14));
#5009=DIRECTION('',(2.8682944365101E-14,4.34471508735484E-16,-1.));
#5010=DIRECTION('center_axis',(2.8682944365101E-14,4.34471508735484E-16,
-1.));
#5011=DIRECTION('ref_axis',(2.78889573005975E-17,-1.,-4.34471508735483E-16));
#5012=DIRECTION('center_axis',(-2.8682944365101E-14,-4.34471508735456E-16,
1.));
#5013=DIRECTION('ref_axis',(2.78889573005975E-17,-1.,-4.34471508735455E-16));
#5014=DIRECTION('center_axis',(-2.8682944365101E-14,-4.34471508735456E-16,
1.));
#5015=DIRECTION('ref_axis',(2.78889573005975E-17,-1.,-4.34471508735455E-16));
#5016=DIRECTION('',(2.8682944365101E-14,4.34471508735484E-16,-1.));
#5017=DIRECTION('center_axis',(2.78889573005975E-17,-1.,-4.34471508735483E-16));
#5018=DIRECTION('ref_axis',(-1.,-2.7888957300585E-17,-2.8682944365101E-14));
#5019=DIRECTION('',(1.,2.78889573005851E-17,2.8682944365101E-14));
#5020=DIRECTION('',(1.,2.78889573005851E-17,2.8682944365101E-14));
#5021=DIRECTION('',(-2.8682944365101E-14,-4.34471508735484E-16,1.));
#5022=DIRECTION('center_axis',(2.8682944365101E-14,4.34471508735484E-16,
-1.));
#5023=DIRECTION('ref_axis',(-0.707106781186541,-0.707106781186554,-2.05891222150184E-14));
#5024=DIRECTION('center_axis',(-2.8682944365101E-14,-4.34471508735456E-16,
1.));
#5025=DIRECTION('ref_axis',(-0.707106781186541,-0.707106781186554,-2.05891222150184E-14));
#5026=DIRECTION('center_axis',(2.8682944365101E-14,4.34471508735456E-16,
-1.));
#5027=DIRECTION('ref_axis',(-0.707106781186541,-0.707106781186554,-2.05891222150184E-14));
#5028=DIRECTION('center_axis',(2.8682944365101E-14,4.34471508735484E-16,
-1.));
#5029=DIRECTION('ref_axis',(0.54772255750519,0.83666002653406,1.60738005884591E-14));
#5030=DIRECTION('center_axis',(2.8682944365101E-14,4.34471508735456E-16,
-1.));
#5031=DIRECTION('ref_axis',(0.54772255750519,0.83666002653406,1.60738005884591E-14));
#5032=DIRECTION('center_axis',(-2.8682944365101E-14,-4.34471508735456E-16,
1.));
#5033=DIRECTION('ref_axis',(0.54772255750519,0.83666002653406,1.60738005884591E-14));
#5034=DIRECTION('center_axis',(1.,2.42861286637636E-17,2.61242557993508E-16));
#5035=DIRECTION('ref_axis',(-2.42861286637636E-17,1.,6.93889390397167E-18));
#5036=DIRECTION('',(2.42861286637758E-17,-1.,-4.34471508735455E-16));
#5037=DIRECTION('',(2.61242557993508E-16,6.93889390394396E-18,-1.));
#5038=DIRECTION('',(2.42861286637636E-17,-1.,-6.93889390397167E-18));
#5039=DIRECTION('center_axis',(1.,2.42861286637636E-17,2.61242557993508E-16));
#5040=DIRECTION('ref_axis',(-2.42861286637636E-17,1.,6.93889390397167E-18));
#5041=DIRECTION('',(2.42861286637636E-17,-1.,-6.93889390397167E-18));
#5042=DIRECTION('',(-2.61242557993508E-16,-6.93889390394396E-18,1.));
#5043=DIRECTION('',(2.42861286637758E-17,-1.,-4.34471508735455E-16));
#5044=DIRECTION('center_axis',(-2.61242557993508E-16,-6.93889390394396E-18,
1.));
#5045=DIRECTION('ref_axis',(-0.526782687642667,0.849999999999981,-1.31719997008113E-16));
#5046=DIRECTION('center_axis',(2.61242557993508E-16,6.93889390397167E-18,
-1.));
#5047=DIRECTION('ref_axis',(-0.526782687642667,0.849999999999981,-1.3171999700809E-16));
#5048=DIRECTION('',(-2.61242557993508E-16,-6.93889390394396E-18,1.));
#5049=DIRECTION('center_axis',(2.61242557993508E-16,6.93889390397167E-18,
-1.));
#5050=DIRECTION('ref_axis',(-0.526782687642667,0.849999999999981,-1.3171999700809E-16));
#5051=DIRECTION('',(-2.61242557993508E-16,-6.93889390394396E-18,1.));
#5052=DIRECTION('center_axis',(-2.61242557993508E-16,-6.93889390394396E-18,
1.));
#5053=DIRECTION('ref_axis',(0.749999999999969,0.661437827766182,2.00521565406048E-16));
#5054=DIRECTION('center_axis',(2.61242557993508E-16,6.93889390397167E-18,
-1.));
#5055=DIRECTION('ref_axis',(0.749999999999969,0.661437827766182,2.00521565406066E-16));
#5056=DIRECTION('',(-2.61242557993508E-16,-6.93889390394396E-18,1.));
#5057=DIRECTION('center_axis',(2.61242557993508E-16,6.93889390397167E-18,
-1.));
#5058=DIRECTION('ref_axis',(0.749999999999969,0.661437827766182,2.00521565406066E-16));
#5059=DIRECTION('',(-2.61242557993508E-16,-6.93889390394396E-18,1.));
#5060=DIRECTION('center_axis',(-2.61242557993508E-16,-6.93889390394396E-18,
1.));
#5061=DIRECTION('ref_axis',(-0.749999999999975,-0.661437827766176,-2.00521565406049E-16));
#5062=DIRECTION('center_axis',(-2.61242557993508E-16,-6.93889390397167E-18,
1.));
#5063=DIRECTION('ref_axis',(-0.749999999999975,-0.661437827766176,-2.00521565406067E-16));
#5064=DIRECTION('center_axis',(2.61242557993508E-16,6.93889390397167E-18,
-1.));
#5065=DIRECTION('ref_axis',(-0.749999999999975,-0.661437827766176,-2.00521565406067E-16));
#5066=DIRECTION('',(-2.61242557993508E-16,-6.93889390394396E-18,1.));
#5067=DIRECTION('center_axis',(-2.61242557993508E-16,-6.93889390394396E-18,
1.));
#5068=DIRECTION('ref_axis',(2.42861286637636E-17,-1.,-6.93889390394396E-18));
#5069=DIRECTION('center_axis',(2.61242557993508E-16,6.93889390397167E-18,
-1.));
#5070=DIRECTION('ref_axis',(2.42861286637636E-17,-1.,-6.93889390397166E-18));
#5071=DIRECTION('center_axis',(2.61242557993508E-16,6.93889390397167E-18,
-1.));
#5072=DIRECTION('ref_axis',(2.42861286637636E-17,-1.,-6.93889390397166E-18));
#5073=DIRECTION('',(-2.61242557993508E-16,-6.93889390394396E-18,1.));
#5074=DIRECTION('center_axis',(-2.61242557993508E-16,-6.93889390394396E-18,
1.));
#5075=DIRECTION('ref_axis',(1.,2.42861286637636E-17,2.61242557993508E-16));
#5076=DIRECTION('center_axis',(2.61242557993508E-16,6.93889390397167E-18,
-1.));
#5077=DIRECTION('ref_axis',(1.,2.42861286637636E-17,2.61242557993508E-16));
#5078=DIRECTION('',(-2.61242557993508E-16,-6.93889390394396E-18,1.));
#5079=DIRECTION('center_axis',(-2.61242557993508E-16,-6.93889390397167E-18,
1.));
#5080=DIRECTION('ref_axis',(1.,2.42861286637636E-17,2.61242557993508E-16));
#5081=DIRECTION('center_axis',(-2.61242557993508E-16,-6.93889390394396E-18,
1.));
#5082=DIRECTION('ref_axis',(1.,2.42861286637636E-17,2.61242557993508E-16));
#5083=DIRECTION('center_axis',(2.61242557993508E-16,6.93889390397167E-18,
-1.));
#5084=DIRECTION('ref_axis',(1.,2.42861286637636E-17,2.61242557993508E-16));
#5085=DIRECTION('',(-2.61242557993508E-16,-6.93889390394396E-18,1.));
#5086=DIRECTION('center_axis',(-2.61242557993508E-16,-6.93889390397167E-18,
1.));
#5087=DIRECTION('ref_axis',(1.,2.42861286637636E-17,2.61242557993508E-16));
#5088=DIRECTION('center_axis',(-2.42861286637636E-17,1.,6.93889390394396E-18));
#5089=DIRECTION('ref_axis',(-1.,-2.42861286637636E-17,-2.61242557993505E-16));
#5090=DIRECTION('',(1.,2.42861286637636E-17,2.61242557993508E-16));
#5091=DIRECTION('',(-2.61242557993508E-16,-6.93889390394396E-18,1.));
#5092=DIRECTION('',(1.,2.42861286637636E-17,2.61242557993508E-16));
#5093=DIRECTION('center_axis',(1.,2.42861286637636E-17,2.61242557993508E-16));
#5094=DIRECTION('ref_axis',(-2.42861286637636E-17,1.,6.93889390397167E-18));
#5095=DIRECTION('',(2.42861286637636E-17,-1.,-6.93889390397167E-18));
#5096=DIRECTION('',(-2.61242557993508E-16,-6.93889390394396E-18,1.));
#5097=DIRECTION('',(2.42861286637636E-17,-1.,-6.93889390397167E-18));
#5098=DIRECTION('',(2.61242557993508E-16,6.93889390394396E-18,-1.));
#5099=DIRECTION('center_axis',(2.61242557993508E-16,6.93889390394396E-18,
-1.));
#5100=DIRECTION('ref_axis',(0.707106781186541,0.707106781186554,1.89632923225141E-16));
#5101=DIRECTION('center_axis',(2.61242557993508E-16,6.93889390397167E-18,
-1.));
#5102=DIRECTION('ref_axis',(0.707106781186541,0.707106781186554,1.8963292322516E-16));
#5103=DIRECTION('center_axis',(-2.61242557993508E-16,-6.93889390397167E-18,
1.));
#5104=DIRECTION('ref_axis',(0.707106781186541,0.707106781186554,1.8963292322516E-16));
#5105=DIRECTION('center_axis',(2.42861286637636E-17,-1.,-6.93889390394396E-18));
#5106=DIRECTION('ref_axis',(1.,2.42861286637636E-17,2.61242557993505E-16));
#5107=DIRECTION('',(-1.,-2.42861286637636E-17,-2.61242557993508E-16));
#5108=DIRECTION('',(-1.,-2.42861286637636E-17,-2.61242557993508E-16));
#5109=DIRECTION('',(2.61242557993508E-16,6.93889390394396E-18,-1.));
#5110=DIRECTION('center_axis',(-2.61242557993508E-16,-6.93889390394396E-18,
1.));
#5111=DIRECTION('ref_axis',(0.707106781186547,-0.707106781186547,1.79819845358317E-16));
#5112=DIRECTION('',(2.61242557993508E-16,6.93889390394396E-18,-1.));
#5113=DIRECTION('center_axis',(2.61242557993508E-16,6.93889390397167E-18,
-1.));
#5114=DIRECTION('ref_axis',(0.707106781186547,-0.707106781186547,1.79819845358297E-16));
#5115=DIRECTION('center_axis',(-2.61242557993508E-16,-6.93889390397167E-18,
1.));
#5116=DIRECTION('ref_axis',(0.707106781186547,-0.707106781186547,1.79819845358297E-16));
#5117=DIRECTION('center_axis',(-2.61242557993508E-16,-6.93889390394396E-18,
1.));
#5118=DIRECTION('ref_axis',(0.707106781186547,0.707106781186547,1.89632923225142E-16));
#5119=DIRECTION('center_axis',(2.61242557993508E-16,6.93889390397167E-18,
-1.));
#5120=DIRECTION('ref_axis',(0.707106781186547,0.707106781186547,1.89632923225162E-16));
#5121=DIRECTION('center_axis',(-2.61242557993508E-16,-6.93889390397167E-18,
1.));
#5122=DIRECTION('ref_axis',(0.707106781186547,0.707106781186547,1.89632923225162E-16));
#5123=DIRECTION('',(-2.61242557993508E-16,-6.93889390394396E-18,1.));
#5124=DIRECTION('center_axis',(-2.61242557993508E-16,-6.93889390394396E-18,
1.));
#5125=DIRECTION('ref_axis',(0.526782687642635,-0.850000000000001,1.31719997008105E-16));
#5126=DIRECTION('center_axis',(-2.61242557993508E-16,-6.93889390397167E-18,
1.));
#5127=DIRECTION('ref_axis',(0.526782687642635,-0.850000000000001,1.31719997008081E-16));
#5128=DIRECTION('center_axis',(2.61242557993508E-16,6.93889390397167E-18,
-1.));
#5129=DIRECTION('ref_axis',(0.526782687642635,-0.850000000000001,1.31719997008081E-16));
#5130=DIRECTION('',(2.61242557993508E-16,6.93889390394396E-18,-1.));
#5131=DIRECTION('center_axis',(1.,2.42861286637636E-17,2.61242557993508E-16));
#5132=DIRECTION('ref_axis',(-2.42861286637636E-17,1.,6.93889390397167E-18));
#5133=DIRECTION('',(2.42861286637636E-17,-1.,-6.93889390397167E-18));
#5134=DIRECTION('',(-2.61242557993505E-16,-6.93889390394394E-18,1.));
#5135=DIRECTION('',(2.42861286637636E-17,-1.,-6.93889390397167E-18));
#5136=DIRECTION('center_axis',(-2.61242557993508E-16,-6.93889390394396E-18,
1.));
#5137=DIRECTION('ref_axis',(0.500000000000452,-0.866025403784178,1.24612020601893E-16));
#5138=DIRECTION('center_axis',(2.61242557993508E-16,6.93889390397167E-18,
-1.));
#5139=DIRECTION('ref_axis',(0.500000000000452,-0.866025403784178,1.24612020601869E-16));
#5140=DIRECTION('',(-2.61242557993508E-16,-6.93889390394396E-18,1.));
#5141=DIRECTION('center_axis',(-2.61242557993508E-16,-6.93889390397167E-18,
1.));
#5142=DIRECTION('ref_axis',(0.500000000000452,-0.866025403784178,1.24612020601869E-16));
#5143=DIRECTION('center_axis',(-1.,-2.42861286637635E-17,-1.38777878078776E-16));
#5144=DIRECTION('ref_axis',(-2.42861286637635E-17,1.,6.93889390400575E-18));
#5145=DIRECTION('',(2.42861286637635E-17,-1.,-6.93889390397167E-18));
#5146=DIRECTION('',(2.42861286637635E-17,-1.,-6.93889390397167E-18));
#5147=DIRECTION('',(1.38777878078776E-16,6.93889390394396E-18,-1.));
#5148=DIRECTION('center_axis',(2.61242557993508E-16,6.93889390394396E-18,
-1.));
#5149=DIRECTION('ref_axis',(-0.935414346693543,0.353553390593121,-2.41916767247342E-16));
#5150=DIRECTION('center_axis',(-2.61242557993508E-16,-6.93889390397167E-18,
1.));
#5151=DIRECTION('ref_axis',(-0.935414346693543,0.353553390593121,-2.41916767247332E-16));
#5152=DIRECTION('center_axis',(2.61242557993508E-16,6.93889390397167E-18,
-1.));
#5153=DIRECTION('ref_axis',(-0.935414346693543,0.353553390593121,-2.41916767247332E-16));
#5154=DIRECTION('center_axis',(2.39324258853259E-15,1.,6.93889390394455E-18));
#5155=DIRECTION('ref_axis',(-1.,2.39324258853259E-15,-2.61242557993505E-16));
#5156=DIRECTION('',(1.,-2.39324258853259E-15,2.61242557993508E-16));
#5157=DIRECTION('',(1.,-2.39324258853259E-15,2.61242557993508E-16));
#5158=DIRECTION('',(2.77555756162537E-17,6.93889390394386E-18,-1.));
#5159=DIRECTION('center_axis',(-2.77555756162537E-17,-6.93889390394386E-18,
1.));
#5160=DIRECTION('ref_axis',(-0.707106781186545,0.70710678118655,-1.47196168005762E-17));
#5161=DIRECTION('center_axis',(2.61242557993508E-16,6.93889390397167E-18,
-1.));
#5162=DIRECTION('ref_axis',(-0.707106781186545,0.70710678118655,-1.79819845358296E-16));
#5163=DIRECTION('',(-2.77555756162537E-17,-6.93889390394386E-18,1.));
#5164=DIRECTION('center_axis',(2.61242557993508E-16,6.93889390397167E-18,
-1.));
#5165=DIRECTION('ref_axis',(-0.707106781186545,0.70710678118655,-1.79819845358296E-16));
#5166=DIRECTION('',(-2.77555756162537E-17,-6.93889390394386E-18,1.));
#5167=DIRECTION('center_axis',(0.70710678118654,-0.707106781186555,1.47196168005826E-17));
#5168=DIRECTION('ref_axis',(0.707106781186555,0.70710678118654,-1.47196167994916E-17));
#5169=DIRECTION('',(0.707106781186555,0.70710678118654,1.89632923225163E-16));
#5170=DIRECTION('',(-2.77555756162537E-17,-6.93889390394386E-18,1.));
#5171=DIRECTION('',(0.707106781186555,0.70710678118654,1.89632923225163E-16));
#5172=DIRECTION('center_axis',(-2.77555756162537E-17,-6.93889390394386E-18,
1.));
#5173=DIRECTION('ref_axis',(-2.13159351281133E-13,1.,6.93889390393794E-18));
#5174=DIRECTION('center_axis',(2.61242557993508E-16,6.93889390397167E-18,
-1.));
#5175=DIRECTION('ref_axis',(-2.13159351281133E-13,1.,6.93889390391598E-18));
#5176=DIRECTION('center_axis',(2.61242557993508E-16,6.93889390397167E-18,
-1.));
#5177=DIRECTION('ref_axis',(-2.13159351281133E-13,1.,6.93889390391598E-18));
#5178=DIRECTION('center_axis',(1.,-3.21647126408631E-10,2.77555756140259E-17));
#5179=DIRECTION('ref_axis',(3.21647126408631E-10,1.,6.93889391291544E-18));
#5180=DIRECTION('',(3.21647126408631E-10,1.,6.93889398799955E-18));
#5181=DIRECTION('',(3.21647126408631E-10,1.,4.34471517961243E-16));
#5182=DIRECTION('',(2.77555756162537E-17,6.93889390394386E-18,-1.));
#5183=DIRECTION('',(-3.21647126408631E-10,-1.,3.35855474429112E-24));
#5184=DIRECTION('',(-2.77555756162537E-17,-6.93889390394386E-18,1.));
#5185=DIRECTION('',(3.21647126408631E-10,1.,6.93889398799955E-18));
#5186=DIRECTION('center_axis',(-2.77555756162537E-17,-6.93889390394386E-18,
1.));
#5187=DIRECTION('ref_axis',(-1.,3.33101601857061E-14,-2.77555756162535E-17));
#5188=DIRECTION('center_axis',(2.61242557993508E-16,6.93889390397167E-18,
-1.));
#5189=DIRECTION('ref_axis',(-1.,3.33101601857061E-14,-2.61242557993508E-16));
#5190=DIRECTION('',(-2.77555756162537E-17,-6.93889390394386E-18,1.));
#5191=DIRECTION('center_axis',(2.61242557993508E-16,6.93889390397167E-18,
-1.));
#5192=DIRECTION('ref_axis',(-1.,3.33101601857061E-14,-2.61242557993508E-16));
#5193=DIRECTION('',(-2.77555756162537E-17,-6.93889390394386E-18,1.));
#5194=DIRECTION('center_axis',(0.707107998149484,0.707105564221517,2.45327200005151E-17));
#5195=DIRECTION('ref_axis',(-0.707105564221517,0.707107998149484,1.57644804078185E-15));
#5196=DIRECTION('',(-0.707105564221517,0.707107998149484,-1.79819518990864E-16));
#5197=DIRECTION('',(-0.707105564221517,0.707107998149484,-1.79819518990864E-16));
#5198=DIRECTION('',(-2.77555756162537E-17,-6.93889390394386E-18,1.));
#5199=DIRECTION('center_axis',(-2.77555756162537E-17,-6.93889390394386E-18,
1.));
#5200=DIRECTION('ref_axis',(-0.707106781186567,-0.707106781186528,-2.45326946674021E-17));
#5201=DIRECTION('center_axis',(2.61242557993508E-16,6.93889390397167E-18,
-1.));
#5202=DIRECTION('ref_axis',(-0.707106781186567,-0.707106781186528,-1.89632923225167E-16));
#5203=DIRECTION('center_axis',(2.61242557993508E-16,6.93889390397167E-18,
-1.));
#5204=DIRECTION('ref_axis',(-0.707106781186567,-0.707106781186528,-1.89632923225167E-16));
#5205=DIRECTION('',(2.77555756162537E-17,6.93889390394386E-18,-1.));
#5206=DIRECTION('center_axis',(2.42861286637636E-17,-1.,-6.93889390394396E-18));
#5207=DIRECTION('ref_axis',(1.,2.42861286637636E-17,2.61242557993505E-16));
#5208=DIRECTION('',(-1.,-2.42861286637636E-17,-2.61242557993508E-16));
#5209=DIRECTION('',(1.,2.42861286637636E-17,2.61242557993508E-16));
#5210=DIRECTION('',(2.61242557993508E-16,6.93889390394396E-18,-1.));
#5211=DIRECTION('center_axis',(2.61242557993508E-16,6.93889390394396E-18,
-1.));
#5212=DIRECTION('ref_axis',(0.707106781186547,-0.707106781186547,1.79819845358317E-16));
#5213=DIRECTION('center_axis',(2.61242557993508E-16,6.93889390397167E-18,
-1.));
#5214=DIRECTION('ref_axis',(0.707106781186547,-0.707106781186547,1.79819845358297E-16));
#5215=DIRECTION('center_axis',(-2.61242557993508E-16,-6.93889390397167E-18,
1.));
#5216=DIRECTION('ref_axis',(0.707106781186547,-0.707106781186547,1.79819845358297E-16));
#5217=DIRECTION('center_axis',(-2.61242557993508E-16,-6.93889390394396E-18,
1.));
#5218=DIRECTION('ref_axis',(0.707106781186547,0.707106781186547,1.89632923225142E-16));
#5219=DIRECTION('center_axis',(2.61242557993508E-16,6.93889390397167E-18,
-1.));
#5220=DIRECTION('ref_axis',(0.707106781186547,0.707106781186547,1.89632923225162E-16));
#5221=DIRECTION('center_axis',(-2.61242557993508E-16,-6.93889390397167E-18,
1.));
#5222=DIRECTION('ref_axis',(0.707106781186547,0.707106781186547,1.89632923225162E-16));
#5223=DIRECTION('',(-2.61242557993508E-16,-6.93889390394396E-18,1.));
#5224=DIRECTION('center_axis',(-2.42861286637636E-17,1.,6.93889390394396E-18));
#5225=DIRECTION('ref_axis',(-1.,-2.42861286637636E-17,-2.61242557993505E-16));
#5226=DIRECTION('',(1.,2.42861286637636E-17,2.61242557993508E-16));
#5227=DIRECTION('',(1.,2.42861286637636E-17,2.61242557993508E-16));
#5228=DIRECTION('',(-2.61242557993508E-16,-6.93889390394396E-18,1.));
#5229=DIRECTION('center_axis',(-2.61242557993508E-16,-6.93889390394396E-18,
1.));
#5230=DIRECTION('ref_axis',(-0.661437827766155,0.749999999999994,-1.67591539651342E-16));
#5231=DIRECTION('center_axis',(2.61242557993508E-16,6.93889390397167E-18,
-1.));
#5232=DIRECTION('ref_axis',(-0.661437827766155,0.749999999999994,-1.67591539651321E-16));
#5233=DIRECTION('center_axis',(2.61242557993508E-16,6.93889390397167E-18,
-1.));
#5234=DIRECTION('ref_axis',(-0.661437827766155,0.749999999999994,-1.67591539651321E-16));
#5235=DIRECTION('',(-2.61242557993508E-16,-6.93889390394396E-18,1.));
#5236=DIRECTION('center_axis',(-2.61242557993508E-16,-6.93889390394396E-18,
1.));
#5237=DIRECTION('ref_axis',(0.661437827766166,-0.749999999999984,1.67591539651345E-16));
#5238=DIRECTION('center_axis',(-2.61242557993508E-16,-6.93889390397167E-18,
1.));
#5239=DIRECTION('ref_axis',(0.661437827766166,-0.749999999999984,1.67591539651324E-16));
#5240=DIRECTION('center_axis',(2.61242557993508E-16,6.93889390397167E-18,
-1.));
#5241=DIRECTION('ref_axis',(0.661437827766166,-0.749999999999984,1.67591539651324E-16));
#5242=DIRECTION('',(-2.61242557993508E-16,-6.93889390394396E-18,1.));
#5243=DIRECTION('center_axis',(-2.61242557993508E-16,-6.93889390394396E-18,
1.));
#5244=DIRECTION('ref_axis',(1.,2.42861286637636E-17,2.61242557993508E-16));
#5245=DIRECTION('center_axis',(2.61242557993508E-16,6.93889390397167E-18,
-1.));
#5246=DIRECTION('ref_axis',(1.,2.42861286637636E-17,2.61242557993508E-16));
#5247=DIRECTION('center_axis',(2.61242557993508E-16,6.93889390397167E-18,
-1.));
#5248=DIRECTION('ref_axis',(1.,2.42861286637636E-17,2.61242557993508E-16));
#5249=DIRECTION('',(-2.61242557993508E-16,-6.93889390394396E-18,1.));
#5250=DIRECTION('center_axis',(1.,2.42861286637636E-17,2.61242557993508E-16));
#5251=DIRECTION('ref_axis',(-2.42861286637636E-17,1.,6.93889390397167E-18));
#5252=DIRECTION('',(2.42861286637636E-17,-1.,-6.93889390397167E-18));
#5253=DIRECTION('',(2.42861286637636E-17,-1.,-6.93889390397167E-18));
#5254=DIRECTION('',(2.61242557993508E-16,6.93889390394396E-18,-1.));
#5255=DIRECTION('center_axis',(-1.38777878078776E-16,-6.93889390394396E-18,
1.));
#5256=DIRECTION('ref_axis',(0.93541434669354,0.35355339059313,1.32268087625279E-16));
#5257=DIRECTION('center_axis',(2.61242557993508E-16,6.93889390397167E-18,
-1.));
#5258=DIRECTION('ref_axis',(0.93541434669354,0.35355339059313,2.46823306180762E-16));
#5259=DIRECTION('center_axis',(-2.61242557993508E-16,-6.93889390397167E-18,
1.));
#5260=DIRECTION('ref_axis',(0.93541434669354,0.35355339059313,2.46823306180762E-16));
#5261=DIRECTION('',(-1.38777878078776E-16,-6.93889390394396E-18,1.));
#5262=DIRECTION('center_axis',(1.38777878078776E-16,6.93889390394396E-18,
-1.));
#5263=DIRECTION('ref_axis',(-0.500000000000448,-0.86602540378418,-7.53981974344288E-17));
#5264=DIRECTION('center_axis',(-2.61242557993508E-16,-6.93889390397167E-18,
1.));
#5265=DIRECTION('ref_axis',(-0.500000000000448,-0.86602540378418,-1.36630537391874E-16));
#5266=DIRECTION('center_axis',(2.61242557993508E-16,6.93889390397167E-18,
-1.));
#5267=DIRECTION('ref_axis',(-0.500000000000448,-0.86602540378418,-1.36630537391874E-16));
#5268=DIRECTION('',(-1.38777878078776E-16,-6.93889390394394E-18,1.));
#5269=DIRECTION('center_axis',(-1.,-2.42861286637635E-17,-1.38777878078776E-16));
#5270=DIRECTION('ref_axis',(-2.42861286637635E-17,1.,6.93889390400575E-18));
#5271=DIRECTION('',(2.42861286637635E-17,-1.,-6.93889390397167E-18));
#5272=DIRECTION('',(2.42861286637635E-17,-1.,-6.93889390397167E-18));
#5273=DIRECTION('',(2.61242557993508E-16,6.93889390394396E-18,-1.));
#5274=DIRECTION('center_axis',(-2.61242557993508E-16,-6.93889390394396E-18,
1.));
#5275=DIRECTION('ref_axis',(-0.749999999999975,-0.661437827766176,-2.00521565406049E-16));
#5276=DIRECTION('center_axis',(-2.61242557993508E-16,-6.93889390397167E-18,
1.));
#5277=DIRECTION('ref_axis',(-0.749999999999975,-0.661437827766176,-2.00521565406067E-16));
#5278=DIRECTION('center_axis',(2.61242557993508E-16,6.93889390397167E-18,
-1.));
#5279=DIRECTION('ref_axis',(-0.749999999999975,-0.661437827766176,-2.00521565406067E-16));
#5280=DIRECTION('',(-2.61242557993508E-16,-6.93889390394396E-18,1.));
#5281=DIRECTION('center_axis',(-2.61242557993508E-16,-6.93889390394396E-18,
1.));
#5282=DIRECTION('ref_axis',(2.42861286637636E-17,-1.,-6.93889390394395E-18));
#5283=DIRECTION('center_axis',(2.61242557993508E-16,6.93889390397167E-18,
-1.));
#5284=DIRECTION('ref_axis',(2.42861286637636E-17,-1.,-6.93889390397166E-18));
#5285=DIRECTION('center_axis',(2.61242557993508E-16,6.93889390397167E-18,
-1.));
#5286=DIRECTION('ref_axis',(2.42861286637636E-17,-1.,-6.93889390397166E-18));
#5287=DIRECTION('',(-2.61242557993508E-16,-6.93889390394396E-18,1.));
#5288=DIRECTION('center_axis',(2.42861286637636E-17,-1.,-6.93889390394396E-18));
#5289=DIRECTION('ref_axis',(1.,2.42861286637636E-17,2.61242557993505E-16));
#5290=DIRECTION('',(-1.,-2.42861286637636E-17,-2.61242557993508E-16));
#5291=DIRECTION('',(-1.,-2.42861286637636E-17,-2.61242557993508E-16));
#5292=DIRECTION('',(2.61242557993508E-16,6.93889390394396E-18,-1.));
#5293=DIRECTION('center_axis',(-2.61242557993508E-16,-6.93889390394396E-18,
1.));
#5294=DIRECTION('ref_axis',(0.707106781186541,-0.707106781186554,1.79819845358315E-16));
#5295=DIRECTION('center_axis',(2.61242557993508E-16,6.93889390397167E-18,
-1.));
#5296=DIRECTION('ref_axis',(0.707106781186541,-0.707106781186554,1.79819845358295E-16));
#5297=DIRECTION('center_axis',(-2.61242557993508E-16,-6.93889390397167E-18,
1.));
#5298=DIRECTION('ref_axis',(0.707106781186541,-0.707106781186554,1.79819845358295E-16));
#5299=DIRECTION('center_axis',(1.,0.,2.77555756162537E-17));
#5300=DIRECTION('ref_axis',(2.77555756162537E-17,6.93889390394386E-18,-1.));
#5301=DIRECTION('',(-1.20590068138148E-32,1.,4.34471508735456E-16));
#5302=DIRECTION('center_axis',(-2.61242557993508E-16,-6.93889390394396E-18,
1.));
#5303=DIRECTION('ref_axis',(-0.54772255750519,0.83666002653406,-1.37282946835611E-16));
#5304=DIRECTION('center_axis',(-2.61242557993508E-16,-6.93889390397167E-18,
1.));
#5305=DIRECTION('ref_axis',(-0.54772255750519,0.83666002653406,-1.37282946835588E-16));
#5306=DIRECTION('center_axis',(2.8682944365101E-14,4.34471508735456E-16,
-1.));
#5307=DIRECTION('ref_axis',(-0.54772255750519,0.83666002653406,-1.53467907004053E-14));
#5308=DIRECTION('center_axis',(-2.8682944365101E-14,-4.34471508735456E-16,
1.));
#5309=DIRECTION('ref_axis',(-1.,-2.78889573005851E-17,-2.8682944365101E-14));
#5310=DIRECTION('center_axis',(1.,-9.1682053785479E-14,6.31831406750082E-16));
#5311=DIRECTION('ref_axis',(9.1682053785479E-14,1.,4.78001991380241E-17));
#5312=DIRECTION('',(-9.1682053785479E-14,-1.,-4.34471508738086E-16));
#5313=DIRECTION('',(6.31831406750085E-16,4.78001991379383E-17,-1.));
#5314=DIRECTION('',(-9.1682053785479E-14,-1.,-4.78001991380241E-17));
#5315=DIRECTION('center_axis',(1.,-9.1682053785479E-14,6.31831406750082E-16));
#5316=DIRECTION('ref_axis',(9.1682053785479E-14,1.,4.78001991380241E-17));
#5317=DIRECTION('',(-9.1682053785479E-14,-1.,-4.78001991380241E-17));
#5318=DIRECTION('',(-6.31831406750085E-16,-4.78001991379383E-17,1.));
#5319=DIRECTION('',(-9.1682053785479E-14,-1.,-4.34471508738086E-16));
#5320=DIRECTION('center_axis',(-2.8682944365101E-14,-4.34471508735456E-16,
1.));
#5321=DIRECTION('ref_axis',(-1.,-2.78889573005851E-17,-2.8682944365101E-14));
#5322=DIRECTION('center_axis',(-6.31831406750085E-16,-4.78001991379661E-17,
1.));
#5323=DIRECTION('ref_axis',(0.707106781186483,-0.707106781186612,4.12972427327054E-16));
#5324=DIRECTION('',(1.,-9.1682053785479E-14,6.31831406750082E-16));
#5325=DIRECTION('center_axis',(6.31831406750085E-16,4.78001991379661E-17,
-1.));
#5326=DIRECTION('ref_axis',(-0.707106781186632,-0.707106781186463,-4.80572117232193E-16));
#5327=DIRECTION('',(-0.707105564221452,0.707107998149549,-4.12971600239258E-16));
#5328=DIRECTION('center_axis',(6.31831406750085E-16,4.78001991379661E-17,
-1.));
#5329=DIRECTION('ref_axis',(-1.,1.25016500099849E-13,-6.31831406750079E-16));
#5330=DIRECTION('',(3.21738832748545E-10,1.,4.78001993412508E-17));
#5331=DIRECTION('center_axis',(6.31831406750085E-16,4.78001991379661E-17,
-1.));
#5332=DIRECTION('ref_axis',(-0.70710678118648,0.707106781186615,-4.12972427327052E-16));
#5333=DIRECTION('',(0.70710678118662,0.707106781186475,4.80572117232189E-16));
#5334=DIRECTION('center_axis',(6.31831406750085E-16,4.78001991379661E-17,
-1.));
#5335=DIRECTION('ref_axis',(-1.2145301136699E-13,1.,4.78001991378894E-17));
#5336=DIRECTION('',(1.,-9.40995825026754E-14,6.31831406750082E-16));
#5337=DIRECTION('center_axis',(-6.31831406750085E-16,-4.78001991379661E-17,
1.));
#5338=DIRECTION('ref_axis',(0.707106781186612,0.707106781186483,4.80572117232182E-16));
#5339=DIRECTION('center_axis',(2.8682944365101E-14,4.34471508735456E-16,
-1.));
#5340=DIRECTION('ref_axis',(-0.547722557505109,0.836660026534113,-1.5346790700403E-14));
#5341=DIRECTION('center_axis',(-6.31831406750085E-16,-4.78001991379661E-17,
1.));
#5342=DIRECTION('ref_axis',(0.707106781186483,-0.707106781186612,4.12972427327054E-16));
#5343=DIRECTION('',(-1.,9.1682053785479E-14,-6.31831406750082E-16));
#5344=DIRECTION('center_axis',(6.31831406750085E-16,4.78001991379661E-17,
-1.));
#5345=DIRECTION('ref_axis',(-9.1682053785479E-14,-1.,-4.7800199138024E-17));
#5346=DIRECTION('center_axis',(6.31831406750085E-16,4.78001991379661E-17,
-1.));
#5347=DIRECTION('ref_axis',(-0.750000000000036,-0.661437827766107,-5.0549041494719E-16));
#5348=DIRECTION('center_axis',(6.31831406750085E-16,4.78001991379661E-17,
-1.));
#5349=DIRECTION('ref_axis',(0.75000000000003,0.661437827766114,5.05490414947186E-16));
#5350=DIRECTION('',(-9.1682053785479E-14,-1.,-4.78001991380241E-17));
#5351=DIRECTION('center_axis',(-6.31831406750085E-16,-4.78001991379661E-17,
1.));
#5352=DIRECTION('ref_axis',(0.500000000000372,-0.866025403784224,2.74519516615854E-16));
#5353=DIRECTION('center_axis',(6.31831406750085E-16,4.78001991379661E-17,
-1.));
#5354=DIRECTION('ref_axis',(-0.935414346693511,0.353553390593207,-5.74124240089314E-16));
#5355=DIRECTION('',(-9.1682053785479E-14,-1.,-4.78001991380241E-17));
#5356=DIRECTION('center_axis',(6.31831406750085E-16,4.78001991379661E-17,
-1.));
#5357=DIRECTION('ref_axis',(0.526782687642557,-0.850000000000049,2.92207677317514E-16));
#5358=DIRECTION('center_axis',(6.31831406750085E-16,4.78001991379661E-17,
-1.));
#5359=DIRECTION('ref_axis',(-0.526782687642589,0.85000000000003,-2.92207677317535E-16));
#5360=DIRECTION('',(1.,-9.1682053785479E-14,6.31831406750082E-16));
#5361=DIRECTION('center_axis',(-6.31831406750085E-16,-4.78001991379661E-17,
1.));
#5362=DIRECTION('ref_axis',(0.707106781186606,0.707106781186489,4.80572117232178E-16));
#5363=DIRECTION('',(-9.1682053785479E-14,-1.,-4.78001991380241E-17));
#5364=DIRECTION('center_axis',(-6.31831406750085E-16,-4.78001991379661E-17,
1.));
#5365=DIRECTION('ref_axis',(0.707106781186476,-0.707106781186619,4.12972427327049E-16));
#5366=DIRECTION('',(-1.,9.1682053785479E-14,-6.31831406750082E-16));
#5367=DIRECTION('center_axis',(6.31831406750085E-16,4.78001991379661E-17,
-1.));
#5368=DIRECTION('ref_axis',(-9.1682053785479E-14,-1.,-4.7800199138024E-17));
#5369=DIRECTION('center_axis',(6.31831406750085E-16,4.78001991379661E-17,
-1.));
#5370=DIRECTION('ref_axis',(-0.750000000000036,-0.661437827766107,-5.0549041494719E-16));
#5371=DIRECTION('',(-9.1682053785479E-14,-1.,-4.78001991380241E-17));
#5372=DIRECTION('center_axis',(6.31831406750085E-16,4.78001991379661E-17,
-1.));
#5373=DIRECTION('ref_axis',(-0.500000000000527,-0.866025403784134,-3.57311890134795E-16));
#5374=DIRECTION('center_axis',(-6.31831406750085E-16,-4.78001991379661E-17,
1.));
#5375=DIRECTION('ref_axis',(0.935414346693572,0.353553390593044,6.07924085041862E-16));
#5376=DIRECTION('',(-9.1682053785479E-14,-1.,-4.78001991380241E-17));
#5377=DIRECTION('center_axis',(6.31831406750085E-16,4.78001991379661E-17,
-1.));
#5378=DIRECTION('ref_axis',(1.,-9.1682053785479E-14,6.31831406750081E-16));
#5379=DIRECTION('center_axis',(6.31831406750085E-16,4.78001991379661E-17,
-1.));
#5380=DIRECTION('ref_axis',(0.661437827766097,-0.750000000000045,3.82067043841697E-16));
#5381=DIRECTION('center_axis',(6.31831406750085E-16,4.78001991379661E-17,
-1.));
#5382=DIRECTION('ref_axis',(-0.661437827766086,0.750000000000054,-3.82067043841689E-16));
#5383=DIRECTION('',(1.,-9.1682053785479E-14,6.31831406750082E-16));
#5384=DIRECTION('center_axis',(-6.31831406750085E-16,-4.78001991379661E-17,
1.));
#5385=DIRECTION('ref_axis',(0.707106781186612,0.707106781186483,4.80572117232182E-16));
#5386=DIRECTION('center_axis',(6.31831406750085E-16,4.78001991379661E-17,
-1.));
#5387=DIRECTION('ref_axis',(1.,-9.1682053785479E-14,6.31831406750081E-16));
#5388=DIRECTION('center_axis',(6.31831406750085E-16,4.78001991379661E-17,
-1.));
#5389=DIRECTION('ref_axis',(1.,-9.1682053785479E-14,6.31831406750081E-16));
#5390=DIRECTION('center_axis',(-6.31831406750085E-16,-4.78001991379383E-17,
1.));
#5391=DIRECTION('ref_axis',(-0.547722557505109,0.836660026534113,-3.06075798138124E-16));
#5392=DIRECTION('center_axis',(-6.31831406750085E-16,-4.78001991379661E-17,
1.));
#5393=DIRECTION('ref_axis',(-0.547722557505109,0.836660026534113,-3.06075798138101E-16));
#5394=DIRECTION('',(6.31831406750085E-16,4.78001991379383E-17,-1.));
#5395=DIRECTION('center_axis',(6.31831406750085E-16,4.78001991379661E-17,
-1.));
#5396=DIRECTION('ref_axis',(1.,-9.1682053785479E-14,6.31831406750081E-16));
#5397=DIRECTION('center_axis',(6.31831406750085E-16,4.78001991379661E-17,
-1.));
#5398=DIRECTION('ref_axis',(0.707106781186612,0.707106781186483,4.80572117232182E-16));
#5399=DIRECTION('',(1.,-9.40995825026754E-14,6.31831406750082E-16));
#5400=DIRECTION('center_axis',(6.31831406750085E-16,4.78001991379661E-17,
-1.));
#5401=DIRECTION('ref_axis',(-1.2145301136699E-13,1.,4.78001991378894E-17));
#5402=DIRECTION('',(0.70710678118662,0.707106781186475,4.80572117232189E-16));
#5403=DIRECTION('center_axis',(6.31831406750085E-16,4.78001991379661E-17,
-1.));
#5404=DIRECTION('ref_axis',(-0.70710678118648,0.707106781186615,-4.12972427327052E-16));
#5405=DIRECTION('',(3.21738832748545E-10,1.,4.78001993412508E-17));
#5406=DIRECTION('center_axis',(6.31831406750085E-16,4.78001991379661E-17,
-1.));
#5407=DIRECTION('ref_axis',(-1.,1.25016500099849E-13,-6.31831406750079E-16));
#5408=DIRECTION('',(-0.707105564221452,0.707107998149549,-4.12971600239258E-16));
#5409=DIRECTION('center_axis',(6.31831406750085E-16,4.78001991379661E-17,
-1.));
#5410=DIRECTION('ref_axis',(-0.707106781186632,-0.707106781186463,-4.80572117232193E-16));
#5411=DIRECTION('',(-1.,9.1682053785479E-14,-6.31831406750082E-16));
#5412=DIRECTION('center_axis',(6.31831406750085E-16,4.78001991379661E-17,
-1.));
#5413=DIRECTION('ref_axis',(0.707106781186483,-0.707106781186612,4.12972427327054E-16));
#5414=DIRECTION('center_axis',(6.31831406750085E-16,4.78001991379661E-17,
-1.));
#5415=DIRECTION('ref_axis',(0.707106781186612,0.707106781186483,4.80572117232182E-16));
#5416=DIRECTION('',(1.,-9.1682053785479E-14,6.31831406750082E-16));
#5417=DIRECTION('center_axis',(6.31831406750085E-16,4.78001991379661E-17,
-1.));
#5418=DIRECTION('ref_axis',(-0.661437827766086,0.750000000000054,-3.82067043841689E-16));
#5419=DIRECTION('center_axis',(-6.31831406750085E-16,-4.78001991379661E-17,
1.));
#5420=DIRECTION('ref_axis',(0.661437827766097,-0.750000000000045,3.82067043841697E-16));
#5421=DIRECTION('center_axis',(6.31831406750085E-16,4.78001991379661E-17,
-1.));
#5422=DIRECTION('ref_axis',(1.,-9.1682053785479E-14,6.31831406750081E-16));
#5423=DIRECTION('',(-9.1682053785479E-14,-1.,-4.78001991380241E-17));
#5424=DIRECTION('center_axis',(6.31831406750085E-16,4.78001991379661E-17,
-1.));
#5425=DIRECTION('ref_axis',(0.935414346693572,0.353553390593044,6.07924085041862E-16));
#5426=DIRECTION('center_axis',(-6.31831406750085E-16,-4.78001991379661E-17,
1.));
#5427=DIRECTION('ref_axis',(-0.500000000000527,-0.866025403784134,-3.57311890134795E-16));
#5428=DIRECTION('',(-9.1682053785479E-14,-1.,-4.78001991380241E-17));
#5429=DIRECTION('center_axis',(-6.31831406750085E-16,-4.78001991379661E-17,
1.));
#5430=DIRECTION('ref_axis',(-0.750000000000036,-0.661437827766107,-5.0549041494719E-16));
#5431=DIRECTION('center_axis',(6.31831406750085E-16,4.78001991379661E-17,
-1.));
#5432=DIRECTION('ref_axis',(-9.1682053785479E-14,-1.,-4.7800199138024E-17));
#5433=DIRECTION('',(-1.,9.1682053785479E-14,-6.31831406750082E-16));
#5434=DIRECTION('center_axis',(6.31831406750085E-16,4.78001991379661E-17,
-1.));
#5435=DIRECTION('ref_axis',(0.707106781186476,-0.707106781186619,4.12972427327049E-16));
#5436=DIRECTION('',(-9.1682053785479E-14,-1.,-4.78001991380241E-17));
#5437=DIRECTION('center_axis',(6.31831406750085E-16,4.78001991379661E-17,
-1.));
#5438=DIRECTION('ref_axis',(0.707106781186606,0.707106781186489,4.80572117232178E-16));
#5439=DIRECTION('',(1.,-9.1682053785479E-14,6.31831406750082E-16));
#5440=DIRECTION('center_axis',(6.31831406750085E-16,4.78001991379661E-17,
-1.));
#5441=DIRECTION('ref_axis',(-0.526782687642589,0.85000000000003,-2.92207677317535E-16));
#5442=DIRECTION('center_axis',(-6.31831406750085E-16,-4.78001991379661E-17,
1.));
#5443=DIRECTION('ref_axis',(0.526782687642557,-0.850000000000049,2.92207677317514E-16));
#5444=DIRECTION('',(-9.1682053785479E-14,-1.,-4.78001991380241E-17));
#5445=DIRECTION('center_axis',(-6.31831406750085E-16,-4.78001991379661E-17,
1.));
#5446=DIRECTION('ref_axis',(-0.935414346693511,0.353553390593207,-5.74124240089314E-16));
#5447=DIRECTION('center_axis',(6.31831406750085E-16,4.78001991379661E-17,
-1.));
#5448=DIRECTION('ref_axis',(0.500000000000372,-0.866025403784224,2.74519516615854E-16));
#5449=DIRECTION('',(-9.1682053785479E-14,-1.,-4.78001991380241E-17));
#5450=DIRECTION('center_axis',(6.31831406750085E-16,4.78001991379661E-17,
-1.));
#5451=DIRECTION('ref_axis',(0.75000000000003,0.661437827766114,5.05490414947186E-16));
#5452=DIRECTION('center_axis',(-6.31831406750085E-16,-4.78001991379661E-17,
1.));
#5453=DIRECTION('ref_axis',(-0.750000000000036,-0.661437827766107,-5.0549041494719E-16));
#5454=DIRECTION('center_axis',(6.31831406750085E-16,4.78001991379661E-17,
-1.));
#5455=DIRECTION('ref_axis',(-9.1682053785479E-14,-1.,-4.7800199138024E-17));
#5456=DIRECTION('',(-1.,9.1682053785479E-14,-6.31831406750082E-16));
#5457=DIRECTION('center_axis',(6.31831406750085E-16,4.78001991379661E-17,
-1.));
#5458=DIRECTION('ref_axis',(0.707106781186483,-0.707106781186612,4.12972427327054E-16));
#5459=DIRECTION('center_axis',(-6.31831406750085E-16,-4.78001991379661E-17,
1.));
#5460=DIRECTION('ref_axis',(1.,-9.1682053785479E-14,6.31831406750081E-16));
#5461=DIRECTION('center_axis',(-6.31831406750085E-16,-4.78001991379661E-17,
1.));
#5462=DIRECTION('ref_axis',(1.,-9.1682053785479E-14,6.31831406750081E-16));
#5463=DIRECTION('center_axis',(-6.31831406750085E-16,-4.78001991379383E-17,
1.));
#5464=DIRECTION('ref_axis',(0.707106781186476,-0.707106781186619,4.12972427327069E-16));
#5465=DIRECTION('',(6.31831406750085E-16,4.78001991379383E-17,-1.));
#5466=DIRECTION('',(-6.31831406750085E-16,-4.78001991379383E-17,1.));
#5467=DIRECTION('center_axis',(-9.1682053785479E-14,-1.,-4.78001991379964E-17));
#5468=DIRECTION('ref_axis',(1.,-9.1682053785479E-14,6.3183140675008E-16));
#5469=DIRECTION('',(-6.31831406750085E-16,-4.78001991379383E-17,1.));
#5470=DIRECTION('center_axis',(-6.31831406750085E-16,-4.78001991379383E-17,
1.));
#5471=DIRECTION('ref_axis',(-9.1682053785479E-14,-1.,-4.78001991379962E-17));
#5472=DIRECTION('',(-6.31831406750085E-16,-4.78001991379383E-17,1.));
#5473=DIRECTION('center_axis',(-6.31831406750085E-16,-4.78001991379383E-17,
1.));
#5474=DIRECTION('ref_axis',(-0.750000000000036,-0.661437827766107,-5.05490414947172E-16));
#5475=DIRECTION('',(6.31831406750085E-16,4.78001991379383E-17,-1.));
#5476=DIRECTION('center_axis',(-1.,9.1682053785479E-14,-5.0936672683535E-16));
#5477=DIRECTION('ref_axis',(9.1682053785479E-14,1.,4.78001991380582E-17));
#5478=DIRECTION('',(-5.09366726835358E-16,-4.78001991379495E-17,1.));
#5479=DIRECTION('center_axis',(5.09366726835356E-16,4.78001991379496E-17,
-1.));
#5480=DIRECTION('ref_axis',(-0.500000000000527,-0.866025403784134,-2.96079550177351E-16));
#5481=DIRECTION('',(-5.09366726835356E-16,-4.78001991379496E-17,1.));
#5482=DIRECTION('center_axis',(-5.09366726835356E-16,-4.78001991379496E-17,
1.));
#5483=DIRECTION('ref_axis',(0.935414346693572,0.353553390593044,4.93368866486383E-16));
#5484=DIRECTION('',(6.31831406750085E-16,4.78001991379383E-17,-1.));
#5485=DIRECTION('center_axis',(1.,-9.1682053785479E-14,6.31831406750082E-16));
#5486=DIRECTION('ref_axis',(9.1682053785479E-14,1.,4.78001991380241E-17));
#5487=DIRECTION('',(-6.31831406750085E-16,-4.78001991379383E-17,1.));
#5488=DIRECTION('center_axis',(-6.31831406750085E-16,-4.78001991379383E-17,
1.));
#5489=DIRECTION('ref_axis',(1.,-9.1682053785479E-14,6.31831406750081E-16));
#5490=DIRECTION('',(-6.31831406750085E-16,-4.78001991379383E-17,1.));
#5491=DIRECTION('center_axis',(-6.31831406750085E-16,-4.78001991379383E-17,
1.));
#5492=DIRECTION('ref_axis',(0.661437827766097,-0.750000000000045,3.82067043841718E-16));
#5493=DIRECTION('',(-6.31831406750085E-16,-4.78001991379383E-17,1.));
#5494=DIRECTION('center_axis',(-6.31831406750085E-16,-4.78001991379383E-17,
1.));
#5495=DIRECTION('ref_axis',(-0.661437827766086,0.750000000000054,-3.8206704384171E-16));
#5496=DIRECTION('',(-6.31831406750085E-16,-4.78001991379383E-17,1.));
#5497=DIRECTION('center_axis',(9.1682053785479E-14,1.,4.78001991379964E-17));
#5498=DIRECTION('ref_axis',(-1.,9.1682053785479E-14,-6.3183140675008E-16));
#5499=DIRECTION('',(-6.31831406750085E-16,-4.78001991379383E-17,1.));
#5500=DIRECTION('center_axis',(-6.31831406750085E-16,-4.78001991379383E-17,
1.));
#5501=DIRECTION('ref_axis',(0.707106781186612,0.707106781186483,4.80572117232162E-16));
#5502=DIRECTION('center_axis',(6.31831406750085E-16,4.78001991379383E-17,
-1.));
#5503=DIRECTION('ref_axis',(0.707106781186483,-0.707106781186612,4.12972427327073E-16));
#5504=DIRECTION('',(6.31831406750085E-16,4.78001991379383E-17,-1.));
#5505=DIRECTION('center_axis',(-9.1682053785479E-14,-1.,-4.78001991379964E-17));
#5506=DIRECTION('ref_axis',(1.,-9.1682053785479E-14,6.3183140675008E-16));
#5507=DIRECTION('',(3.98344424372834E-16,4.78001991379597E-17,-1.));
#5508=DIRECTION('center_axis',(-3.98344424372834E-16,-4.78001991379597E-17,
1.));
#5509=DIRECTION('ref_axis',(-0.707106781186632,-0.707106781186463,-3.15471888674431E-16));
#5510=DIRECTION('',(-3.98344424372834E-16,-4.78001991379597E-17,1.));
#5511=DIRECTION('center_axis',(0.707107998149549,0.707105564221452,3.1547231527365E-16));
#5512=DIRECTION('ref_axis',(-0.707105564221452,0.707107998149549,1.34329595953346E-15));
#5513=DIRECTION('',(-3.98344424372834E-16,-4.78001991379597E-17,1.));
#5514=DIRECTION('center_axis',(-3.98344424372834E-16,-4.78001991379597E-17,
1.));
#5515=DIRECTION('ref_axis',(-1.,1.25016500099849E-13,-3.98344424372828E-16));
#5516=DIRECTION('',(-3.98344424372834E-16,-4.78001991379597E-17,1.));
#5517=DIRECTION('center_axis',(1.,-3.21738832748545E-10,3.98344424357455E-16));
#5518=DIRECTION('ref_axis',(3.21738832748545E-10,1.,4.78001992661667E-17));
#5519=DIRECTION('',(-3.98344424372834E-16,-4.78001991379597E-17,1.));
#5520=DIRECTION('center_axis',(-3.98344424372834E-16,-4.78001991379597E-17,
1.));
#5521=DIRECTION('ref_axis',(-1.2145301136699E-13,1.,4.78001991379113E-17));
#5522=DIRECTION('',(3.98344424372834E-16,4.78001991379597E-17,-1.));
#5523=DIRECTION('',(-3.98344424372834E-16,-4.78001991379597E-17,1.));
#5524=DIRECTION('center_axis',(0.707106781186475,-0.70710678118662,2.47872198769336E-16));
#5525=DIRECTION('ref_axis',(0.70710678118662,0.707106781186475,2.76219577207531E-16));
#5526=DIRECTION('',(-3.98344424372834E-16,-4.78001991379597E-17,1.));
#5527=DIRECTION('center_axis',(-3.98344424372834E-16,-4.78001991379597E-17,
1.));
#5528=DIRECTION('ref_axis',(-0.70710678118648,0.707106781186615,-2.47872198769334E-16));
#5529=DIRECTION('center_axis',(9.40995825026754E-14,1.,4.78001991379978E-17));
#5530=DIRECTION('ref_axis',(-1.,9.40995825026754E-14,-6.3183140675008E-16));
#5531=DIRECTION('',(-6.31831406750085E-16,-4.78001991379383E-17,1.));
#5532=DIRECTION('center_axis',(6.31831406750085E-16,4.78001991379383E-17,
-1.));
#5533=DIRECTION('ref_axis',(-0.935414346693511,0.353553390593207,-5.74124240089324E-16));
#5534=DIRECTION('',(5.09366726835356E-16,4.78001991379496E-17,-1.));
#5535=DIRECTION('',(-6.31831406750085E-16,-4.78001991379383E-17,1.));
#5536=DIRECTION('center_axis',(-1.,9.1682053785479E-14,-5.0936672683535E-16));
#5537=DIRECTION('ref_axis',(9.1682053785479E-14,1.,4.78001991380582E-17));
#5538=DIRECTION('',(6.31831406750085E-16,4.78001991379383E-17,-1.));
#5539=DIRECTION('center_axis',(-6.31831406750085E-16,-4.78001991379383E-17,
1.));
#5540=DIRECTION('ref_axis',(0.500000000000372,-0.866025403784224,2.74519516615878E-16));
#5541=DIRECTION('',(-6.31831406750088E-16,-4.78001991379383E-17,1.));
#5542=DIRECTION('center_axis',(1.,-9.1682053785479E-14,6.31831406750082E-16));
#5543=DIRECTION('ref_axis',(9.1682053785479E-14,1.,4.78001991380241E-17));
#5544=DIRECTION('',(-6.31831406750085E-16,-4.78001991379383E-17,1.));
#5545=DIRECTION('center_axis',(-6.31831406750085E-16,-4.78001991379383E-17,
1.));
#5546=DIRECTION('ref_axis',(0.526782687642557,-0.850000000000049,2.92207677317538E-16));
#5547=DIRECTION('',(-6.31831406750085E-16,-4.78001991379383E-17,1.));
#5548=DIRECTION('center_axis',(-6.31831406750085E-16,-4.78001991379383E-17,
1.));
#5549=DIRECTION('ref_axis',(0.707106781186612,0.707106781186483,4.80572117232162E-16));
#5550=DIRECTION('center_axis',(-6.31831406750085E-16,-4.78001991379383E-17,
1.));
#5551=DIRECTION('ref_axis',(0.707106781186483,-0.707106781186612,4.12972427327073E-16));
#5552=DIRECTION('',(6.31831406750085E-16,4.78001991379383E-17,-1.));
#5553=DIRECTION('center_axis',(-9.1682053785479E-14,-1.,-4.78001991379964E-17));
#5554=DIRECTION('ref_axis',(1.,-9.1682053785479E-14,6.3183140675008E-16));
#5555=DIRECTION('',(-6.31831406750085E-16,-4.78001991379383E-17,1.));
#5556=DIRECTION('center_axis',(6.31831406750085E-16,4.78001991379383E-17,
-1.));
#5557=DIRECTION('ref_axis',(0.707106781186606,0.707106781186489,4.80572117232159E-16));
#5558=DIRECTION('',(6.31831406750085E-16,4.78001991379383E-17,-1.));
#5559=DIRECTION('',(-6.31831406750085E-16,-4.78001991379383E-17,1.));
#5560=DIRECTION('center_axis',(1.,-9.1682053785479E-14,6.31831406750082E-16));
#5561=DIRECTION('ref_axis',(9.1682053785479E-14,1.,4.78001991380241E-17));
#5562=DIRECTION('center_axis',(9.1682053785479E-14,1.,4.78001991379964E-17));
#5563=DIRECTION('ref_axis',(-1.,9.1682053785479E-14,-6.3183140675008E-16));
#5564=DIRECTION('',(-6.31831406750085E-16,-4.78001991379383E-17,1.));
#5565=DIRECTION('center_axis',(-6.31831406750085E-16,-4.78001991379383E-17,
1.));
#5566=DIRECTION('ref_axis',(1.,-9.1682053785479E-14,6.31831406750081E-16));
#5567=DIRECTION('',(-6.31831406750085E-16,-4.78001991379383E-17,1.));
#5568=DIRECTION('center_axis',(-6.31831406750085E-16,-4.78001991379383E-17,
1.));
#5569=DIRECTION('ref_axis',(1.,-9.1682053785479E-14,6.31831406750081E-16));
#5570=DIRECTION('',(-6.31831406750085E-16,-4.78001991379383E-17,1.));
#5571=DIRECTION('center_axis',(-6.31831406750085E-16,-4.78001991379383E-17,
1.));
#5572=DIRECTION('ref_axis',(-9.1682053785479E-14,-1.,-4.78001991379962E-17));
#5573=DIRECTION('',(-6.31831406750085E-16,-4.78001991379383E-17,1.));
#5574=DIRECTION('center_axis',(-6.31831406750085E-16,-4.78001991379383E-17,
1.));
#5575=DIRECTION('ref_axis',(-0.750000000000036,-0.661437827766107,-5.05490414947172E-16));
#5576=DIRECTION('',(-6.31831406750085E-16,-4.78001991379383E-17,1.));
#5577=DIRECTION('center_axis',(-6.31831406750085E-16,-4.78001991379383E-17,
1.));
#5578=DIRECTION('ref_axis',(0.75000000000003,0.661437827766114,5.05490414947168E-16));
#5579=DIRECTION('center_axis',(-6.31831406750085E-16,-4.78001991379383E-17,
1.));
#5580=DIRECTION('ref_axis',(-0.526782687642589,0.85000000000003,-2.92207677317559E-16));
#5581=DIRECTION('',(0.,0.,1.));
#5582=DIRECTION('',(1.,0.,0.));
#5583=CARTESIAN_POINT('',(0.,0.,0.));
#5584=CARTESIAN_POINT('',(0.,0.,0.));
#5585=CARTESIAN_POINT('Origin',(-320.800061482149,-44.1502506273088,709.999522435471));
#5586=CARTESIAN_POINT('',(-320.80006148215,-44.1502506273088,708.499522435471));
#5587=CARTESIAN_POINT('',(-320.800061482149,-44.1502506273088,709.999522435471));
#5588=CARTESIAN_POINT('',(-320.800061482149,-44.1502506273088,709.999522435471));
#5589=CARTESIAN_POINT('',(-322.80006148215,-44.1502506273088,708.499522435471));
#5590=CARTESIAN_POINT('',(-320.80006148215,-44.1502506273088,708.499522435471));
#5591=CARTESIAN_POINT('',(-322.800061482149,-44.1502506273088,709.999522435471));
#5592=CARTESIAN_POINT('',(-322.800061482149,-44.1502506273088,709.249522435471));
#5593=CARTESIAN_POINT('',(-320.800061482149,-44.1502506273088,709.999522435471));
#5594=CARTESIAN_POINT('Origin',(-320.80006148215,-45.1502506273088,708.499522435471));
#5595=CARTESIAN_POINT('',(-320.80006148215,-45.1502506273088,709.999522435471));
#5596=CARTESIAN_POINT('',(-320.80006148215,-45.1502506273088,708.499522435471));
#5597=CARTESIAN_POINT('',(-320.800061482149,-45.1502506273088,709.249522435471));
#5598=CARTESIAN_POINT('',(-322.80006148215,-45.1502506273088,709.999522435471));
#5599=CARTESIAN_POINT('',(-320.80006148215,-45.1502506273088,709.999522435471));
#5600=CARTESIAN_POINT('',(-322.80006148215,-45.1502506273088,708.499522435471));
#5601=CARTESIAN_POINT('',(-322.800061482149,-45.1502506273088,708.499522435471));
#5602=CARTESIAN_POINT('',(-320.80006148215,-45.1502506273088,708.499522435471));
#5603=CARTESIAN_POINT('Origin',(-320.800061482147,-21.6502506273089,709.999522435471));
#5604=CARTESIAN_POINT('',(-320.800061482149,-42.1502506273088,709.999522435471));
#5605=CARTESIAN_POINT('',(-320.800061482148,-25.7102506273089,709.999522435471));
#5606=CARTESIAN_POINT('',(-320.800061482149,-42.1502506273088,708.499522435471));
#5607=CARTESIAN_POINT('',(-320.800061482149,-42.1502506273088,709.999522435471));
#5608=CARTESIAN_POINT('',(-320.800061482149,-35.9602506273089,708.499522435471));
#5609=CARTESIAN_POINT('Origin',(-320.800061482147,-21.6502506273089,709.999522435471));
#5610=CARTESIAN_POINT('',(-320.80006148215,-48.1502506273083,708.499522435471));
#5611=CARTESIAN_POINT('',(-320.800061482149,-35.9602506273089,708.499522435471));
#5612=CARTESIAN_POINT('',(-320.80006148215,-48.1502506273083,709.999522435471));
#5613=CARTESIAN_POINT('',(-320.80006148215,-48.1502506273083,709.999522435471));
#5614=CARTESIAN_POINT('',(-320.800061482148,-25.7102506273089,709.999522435471));
#5615=CARTESIAN_POINT('Origin',(-322.800061482147,-21.6502506273087,708.499522435471));
#5616=CARTESIAN_POINT('',(-322.800061482149,-42.1502506273087,708.499522435471));
#5617=CARTESIAN_POINT('',(-322.800061482149,-38.9602506273084,708.499522435471));
#5618=CARTESIAN_POINT('',(-322.800061482149,-42.1502506273087,709.999522435471));
#5619=CARTESIAN_POINT('',(-322.800061482149,-42.1502506273087,708.499522435471));
#5620=CARTESIAN_POINT('',(-322.800061482148,-25.7102506273088,709.999522435471));
#5621=CARTESIAN_POINT('Origin',(-322.800061482147,-21.6502506273087,708.499522435471));
#5622=CARTESIAN_POINT('',(-322.80006148215,-48.1502506273081,709.999522435471));
#5623=CARTESIAN_POINT('',(-322.800061482148,-25.7102506273088,709.999522435471));
#5624=CARTESIAN_POINT('',(-322.80006148215,-48.1502506273081,708.499522435471));
#5625=CARTESIAN_POINT('',(-322.80006148215,-48.1502506273081,708.499522435471));
#5626=CARTESIAN_POINT('',(-322.800061482149,-38.9602506273084,708.499522435471));
#5627=CARTESIAN_POINT('Origin',(-320.800061482147,-16.1502506273089,709.999522435471));
#5628=CARTESIAN_POINT('',(-320.800061482147,-16.1502506273089,708.499522435471));
#5629=CARTESIAN_POINT('',(-320.800061482147,-16.1502506273089,709.999522435471));
#5630=CARTESIAN_POINT('',(-320.800061482146,-16.1502506273089,709.999522435471));
#5631=CARTESIAN_POINT('',(-322.800061482147,-16.1502506273089,708.499522435471));
#5632=CARTESIAN_POINT('',(-320.800061482147,-16.1502506273089,708.499522435471));
#5633=CARTESIAN_POINT('',(-322.800061482147,-16.1502506273089,709.999522435471));
#5634=CARTESIAN_POINT('',(-322.800061482147,-16.1502506273089,709.249522435471));
#5635=CARTESIAN_POINT('',(-320.800061482147,-16.1502506273089,709.999522435471));
#5636=CARTESIAN_POINT('Origin',(-320.800061482147,-17.1502506273089,708.499522435471));
#5637=CARTESIAN_POINT('',(-320.800061482147,-17.1502506273089,709.999522435471));
#5638=CARTESIAN_POINT('',(-320.800061482147,-17.1502506273089,708.499522435471));
#5639=CARTESIAN_POINT('',(-320.800061482147,-17.1502506273089,709.249522435471));
#5640=CARTESIAN_POINT('',(-322.800061482147,-17.1502506273089,709.999522435471));
#5641=CARTESIAN_POINT('',(-320.800061482147,-17.1502506273089,709.999522435471));
#5642=CARTESIAN_POINT('',(-322.800061482147,-17.1502506273089,708.499522435471));
#5643=CARTESIAN_POINT('',(-322.800061482147,-17.1502506273089,708.499522435471));
#5644=CARTESIAN_POINT('',(-320.800061482147,-17.1502506273089,708.499522435471));
#5645=CARTESIAN_POINT('Origin',(-320.800061482147,-21.6502506273089,709.999522435471));
#5646=CARTESIAN_POINT('',(-320.800061482147,-14.1502506273089,709.999522435471));
#5647=CARTESIAN_POINT('',(-320.800061482146,-12.6502506273089,709.999522435471));
#5648=CARTESIAN_POINT('',(-320.800061482147,-14.1502506273089,708.499522435471));
#5649=CARTESIAN_POINT('',(-320.800061482147,-14.1502506273089,709.999522435471));
#5650=CARTESIAN_POINT('',(-320.800061482147,-21.9602506273089,708.499522435471));
#5651=CARTESIAN_POINT('Origin',(-320.800061482147,-21.6502506273089,709.999522435471));
#5652=CARTESIAN_POINT('',(-320.800061482147,-20.5388068094207,708.499522435471));
#5653=CARTESIAN_POINT('',(-320.800061482147,-21.9602506273089,708.499522435471));
#5654=CARTESIAN_POINT('',(-320.800061482147,-20.5388068094206,709.999522435471));
#5655=CARTESIAN_POINT('',(-320.800061482147,-20.5388068094206,709.999522435471));
#5656=CARTESIAN_POINT('',(-320.800061482146,-12.6502506273089,709.999522435471));
#5657=CARTESIAN_POINT('Origin',(-310.400060798661,-30.024897155334,708.500010557473));
#5658=CARTESIAN_POINT('',(-312.400061476845,-30.024897155334,709.249522435471));
#5659=CARTESIAN_POINT('',(-312.400061487206,-30.024897155334,709.999522435471));
#5660=CARTESIAN_POINT('',(-312.400061487206,-30.024897155334,701.749766496472));
#5661=CARTESIAN_POINT('',(-312.400061476845,-30.024897155334,708.500010557473));
#5662=CARTESIAN_POINT('',(-312.400061476845,-30.024897155334,708.874766496472));
#5663=CARTESIAN_POINT('',(-310.400060798661,-30.024897155334,708.500010557473));
#5664=CARTESIAN_POINT('',(-310.400060798661,-30.024897155334,708.500010557473));
#5665=CARTESIAN_POINT('',(-310.400060838968,-30.024897155334,709.999522435471));
#5666=CARTESIAN_POINT('',(-310.400061486482,-30.024897155334,715.999766496472));
#5667=CARTESIAN_POINT('',(-310.400060838968,-30.024897155334,709.999522435471));
#5668=CARTESIAN_POINT('Origin',(-310.400060798661,-29.024897155334,708.500010557473));
#5669=CARTESIAN_POINT('',(-312.400061476845,-29.024897155334,708.500010557473));
#5670=CARTESIAN_POINT('',(-312.400061476845,-37.5624476254735,708.500010557473));
#5671=CARTESIAN_POINT('',(-310.400060798661,-29.024897155334,708.500010557473));
#5672=CARTESIAN_POINT('',(-310.400060798661,-29.024897155334,708.500010557473));
#5673=CARTESIAN_POINT('',(-310.40006148885,-37.387573891322,708.500010557473));
#5674=CARTESIAN_POINT('Origin',(-310.400060798661,-29.024897155334,709.999522435471));
#5675=CARTESIAN_POINT('',(-312.400061487528,-29.024897155334,709.999522435471));
#5676=CARTESIAN_POINT('',(-312.400061476845,-29.024897155334,709.249522435471));
#5677=CARTESIAN_POINT('',(-312.400061487527,-29.024897155334,702.499522435471));
#5678=CARTESIAN_POINT('',(-310.400060798661,-29.024897155334,709.999522435471));
#5679=CARTESIAN_POINT('',(-310.400060798661,-29.024897155334,709.999522435471));
#5680=CARTESIAN_POINT('',(-310.40006148616,-29.024897155334,716.749522435471));
#5681=CARTESIAN_POINT('',(-312.400061476845,-29.0248971553341,709.624522435471));
#5682=CARTESIAN_POINT('Origin',(-312.400061476845,-46.099998095613,709.249522435471));
#5683=CARTESIAN_POINT('',(-312.400061483371,-46.099998095613,709.249522435471));
#5684=CARTESIAN_POINT('',(-312.400061476845,-16.2005031590011,709.249522435471));
#5685=CARTESIAN_POINT('',(-312.400061483921,-46.099998095613,708.499522435471));
#5686=CARTESIAN_POINT('',(-312.400061476845,-46.099998095613,709.249522435471));
#5687=CARTESIAN_POINT('',(-312.400062684346,-16.2005031590011,708.499522435471));
#5688=CARTESIAN_POINT('',(-312.400061476845,-37.9351243614614,708.499522435471));
#5689=CARTESIAN_POINT('',(-312.400061480518,-16.2005031590011,709.249522435471));
#5690=CARTESIAN_POINT('',(-312.400061476845,-16.2005031590011,708.499522435471));
#5691=CARTESIAN_POINT('',(-312.400061476845,-16.2005031590011,709.249522435471));
#5692=CARTESIAN_POINT('Origin',(-312.400061482149,-45.7502506273099,694.999522435471));
#5693=CARTESIAN_POINT('',(-312.400061486789,-46.099998095613,709.999522435471));
#5694=CARTESIAN_POINT('',(-312.400061484719,-37.7602506239566,709.999522435471));
#5695=CARTESIAN_POINT('',(-312.400061491541,-46.099998095613,694.999522435471));
#5696=CARTESIAN_POINT('Origin',(-312.400061482149,-45.7502506273099,694.999522435471));
#5697=CARTESIAN_POINT('',(-312.400062691933,-16.2005031590011,709.999522435471));
#5698=CARTESIAN_POINT('',(-312.400061491538,-16.2005031590011,694.999522435471));
#5699=CARTESIAN_POINT('',(-312.400061484719,-37.7602506239566,709.999522435471));
#5700=CARTESIAN_POINT('Origin',(-321.591349329625,-21.1502506273088,709.999522435471));
#5701=CARTESIAN_POINT('',(-320.674834190634,-20.7502506273089,708.499522435471));
#5702=CARTESIAN_POINT('Origin',(-321.591349329625,-21.1502506273088,708.499522435471));
#5703=CARTESIAN_POINT('',(-320.674834190634,-20.7502506273089,709.999522435471));
#5704=CARTESIAN_POINT('',(-320.674834190634,-20.7502506273089,709.999522435471));
#5705=CARTESIAN_POINT('Origin',(-321.591349329625,-21.1502506273088,709.999522435471));
#5706=CARTESIAN_POINT('Origin',(-318.500061482148,-33.0502506273091,709.999522435471));
#5707=CARTESIAN_POINT('',(-319.000061482148,-33.050250627309,708.499522435471));
#5708=CARTESIAN_POINT('',(-318.500061482148,-33.5502506273091,708.499522435471));
#5709=CARTESIAN_POINT('Origin',(-318.500061482148,-33.0502506273091,708.499522435471));
#5710=CARTESIAN_POINT('',(-318.500061482148,-33.5502506273091,709.999522435471));
#5711=CARTESIAN_POINT('',(-318.500061482148,-33.5502506273091,709.999522435471));
#5712=CARTESIAN_POINT('',(-319.000061482148,-33.050250627309,709.999522435471));
#5713=CARTESIAN_POINT('Origin',(-318.500061482148,-33.0502506273091,709.999522435471));
#5714=CARTESIAN_POINT('',(-319.000061482148,-33.050250627309,709.999522435471));
#5715=CARTESIAN_POINT('Origin',(-316.576844169791,-33.5502506273092,709.999522435471));
#5716=CARTESIAN_POINT('',(-316.576844169791,-33.5502506273092,708.499522435471));
#5717=CARTESIAN_POINT('',(-324.913452825969,-33.5502506273085,708.499522435471));
#5718=CARTESIAN_POINT('',(-316.576844169791,-33.5502506273092,709.999522435471));
#5719=CARTESIAN_POINT('',(-316.576844169791,-33.5502506273092,709.999522435471));
#5720=CARTESIAN_POINT('',(-318.223278794505,-33.5502506273091,709.999522435471));
#5721=CARTESIAN_POINT('Origin',(-316.576844169791,-33.0502506273093,709.999522435471));
#5722=CARTESIAN_POINT('',(-316.313452825969,-33.4752506273093,708.499522435471));
#5723=CARTESIAN_POINT('Origin',(-316.576844169791,-33.0502506273092,708.499522435471));
#5724=CARTESIAN_POINT('',(-316.313452825969,-33.4752506273093,709.999522435471));
#5725=CARTESIAN_POINT('',(-316.313452825969,-33.4752506273093,709.999522435471));
#5726=CARTESIAN_POINT('Origin',(-316.576844169791,-33.0502506273093,709.999522435471));
#5727=CARTESIAN_POINT('Origin',(-316.050061482148,-33.9002506273093,709.999522435471));
#5728=CARTESIAN_POINT('',(-315.550061482148,-33.9002506273093,708.499522435471));
#5729=CARTESIAN_POINT('Origin',(-316.050061482148,-33.9002506273093,708.499522435471));
#5730=CARTESIAN_POINT('',(-315.550061482148,-33.9002506273093,709.999522435471));
#5731=CARTESIAN_POINT('',(-315.550061482148,-33.9002506273093,709.999522435471));
#5732=CARTESIAN_POINT('Origin',(-316.050061482148,-33.9002506273093,709.999522435471));
#5733=CARTESIAN_POINT('Origin',(-315.550061482149,-37.1502506273093,704.999522435471));
#5734=CARTESIAN_POINT('',(-315.550061482149,-36.7172379254173,708.499522435471));
#5735=CARTESIAN_POINT('',(-315.550061482148,-33.4602506273094,708.499522435471));
#5736=CARTESIAN_POINT('',(-315.550061482149,-36.7172379254173,709.999522435471));
#5737=CARTESIAN_POINT('',(-315.550061482149,-36.7172379254173,707.499522435471));
#5738=CARTESIAN_POINT('',(-315.550061482148,-33.4602506273093,709.999522435471));
#5739=CARTESIAN_POINT('Origin',(-316.050061482149,-36.7172379254172,707.499522435471));
#5740=CARTESIAN_POINT('',(-315.675061482149,-37.0479568393002,708.499522435471));
#5741=CARTESIAN_POINT('Origin',(-316.050061482149,-36.7172379254172,708.499522435471));
#5742=CARTESIAN_POINT('',(-315.675061482149,-37.0479568393002,709.999522435471));
#5743=CARTESIAN_POINT('',(-315.675061482149,-37.0479568393002,707.499522435471));
#5744=CARTESIAN_POINT('Origin',(-316.050061482149,-36.7172379254172,709.999522435471));
#5745=CARTESIAN_POINT('Origin',(-315.300061482149,-37.3786757531832,707.499522435471));
#5746=CARTESIAN_POINT('',(-315.800061482149,-37.3786757531831,708.499522435471));
#5747=CARTESIAN_POINT('Origin',(-315.300061482149,-37.3786757531832,708.499522435471));
#5748=CARTESIAN_POINT('',(-315.800061482149,-37.3786757531831,709.999522435471));
#5749=CARTESIAN_POINT('',(-315.800061482149,-37.3786757531831,707.499522435471));
#5750=CARTESIAN_POINT('Origin',(-315.300061482149,-37.3786757531832,709.999522435471));
#5751=CARTESIAN_POINT('Origin',(-315.800061482149,-39.7388127995431,709.999522435471));
#5752=CARTESIAN_POINT('',(-315.800061482149,-39.7388127995431,708.499522435471));
#5753=CARTESIAN_POINT('',(-315.800061482148,-34.7545317134263,708.499522435471));
#5754=CARTESIAN_POINT('',(-315.800061482149,-39.7388127995431,709.999522435471));
#5755=CARTESIAN_POINT('',(-315.800061482149,-39.7388127995431,709.999522435471));
#5756=CARTESIAN_POINT('',(-315.800061482149,-34.5616884550755,709.999522435471));
#5757=CARTESIAN_POINT('Origin',(-315.300061482149,-39.7388127995432,709.999522435471));
#5758=CARTESIAN_POINT('',(-315.675061482149,-40.0695317134262,708.499522435471));
#5759=CARTESIAN_POINT('Origin',(-315.300061482149,-39.7388127995432,708.499522435471));
#5760=CARTESIAN_POINT('',(-315.675061482149,-40.0695317134262,709.999522435471));
#5761=CARTESIAN_POINT('',(-315.675061482149,-40.0695317134262,709.999522435471));
#5762=CARTESIAN_POINT('Origin',(-315.300061482149,-39.7388127995432,709.999522435471));
#5763=CARTESIAN_POINT('Origin',(-316.050061482149,-40.4002506273093,709.999522435471));
#5764=CARTESIAN_POINT('',(-316.380780396032,-40.7752506273093,708.499522435471));
#5765=CARTESIAN_POINT('Origin',(-316.050061482149,-40.4002506273093,708.499522435471));
#5766=CARTESIAN_POINT('',(-316.380780396032,-40.7752506273093,709.999522435471));
#5767=CARTESIAN_POINT('',(-316.380780396032,-40.7752506273093,709.999522435471));
#5768=CARTESIAN_POINT('Origin',(-316.050061482149,-40.4002506273093,709.999522435471));
#5769=CARTESIAN_POINT('Origin',(-316.711499309915,-41.1502506273092,709.999522435471));
#5770=CARTESIAN_POINT('',(-316.711499309915,-40.6502506273092,708.499522435471));
#5771=CARTESIAN_POINT('Origin',(-316.711499309915,-41.1502506273092,708.499522435471));
#5772=CARTESIAN_POINT('',(-316.711499309915,-40.6502506273092,709.999522435471));
#5773=CARTESIAN_POINT('',(-316.711499309915,-40.6502506273092,709.999522435471));
#5774=CARTESIAN_POINT('Origin',(-316.711499309915,-41.1502506273092,709.999522435471));
#5775=CARTESIAN_POINT('Origin',(-320.800061482149,-40.6502506273089,709.999522435471));
#5776=CARTESIAN_POINT('',(-319.300061482149,-40.650250627309,708.499522435471));
#5777=CARTESIAN_POINT('',(-327.025061482149,-40.6502506273083,708.499522435471));
#5778=CARTESIAN_POINT('',(-319.300061482149,-40.650250627309,709.999522435471));
#5779=CARTESIAN_POINT('',(-319.300061482149,-40.650250627309,709.999522435471));
#5780=CARTESIAN_POINT('',(-316.711499309915,-40.6502506273092,709.999522435471));
#5781=CARTESIAN_POINT('Origin',(-319.300061482149,-42.150250627309,709.999522435471));
#5782=CARTESIAN_POINT('Origin',(-319.300061482149,-42.150250627309,708.499522435471));
#5783=CARTESIAN_POINT('Origin',(-319.300061482149,-42.150250627309,709.999522435471));
#5784=CARTESIAN_POINT('Origin',(-319.30006148215,-48.1502506273084,709.999522435471));
#5785=CARTESIAN_POINT('',(-319.30006148215,-49.6502506273084,708.499522435471));
#5786=CARTESIAN_POINT('Origin',(-319.30006148215,-48.1502506273084,708.499522435471));
#5787=CARTESIAN_POINT('',(-319.30006148215,-49.6502506273084,709.999522435471));
#5788=CARTESIAN_POINT('',(-319.30006148215,-49.6502506273084,709.999522435471));
#5789=CARTESIAN_POINT('Origin',(-319.30006148215,-48.1502506273084,709.999522435471));
#5790=CARTESIAN_POINT('Origin',(-315.92138182571,-49.6502506273087,709.999522435471));
#5791=CARTESIAN_POINT('',(-315.950314023238,-49.6502531223922,708.499522435471));
#5792=CARTESIAN_POINT('',(-324.58572165393,-49.6502506273079,708.499522435471));
#5793=CARTESIAN_POINT('',(-315.950314023238,-49.6502531223922,709.999522435471));
#5794=CARTESIAN_POINT('',(-315.950314023237,-49.6502506273087,694.999522435471));
#5795=CARTESIAN_POINT('',(-318.207673326725,-49.6502506273085,709.999522435471));
#5796=CARTESIAN_POINT('Origin',(-315.950314023237,-48.1502506273093,694.999522435471));
#5797=CARTESIAN_POINT('',(-314.889650322878,-49.2109143276699,708.499522435471));
#5798=CARTESIAN_POINT('Origin',(-315.950314023238,-48.1502506273093,708.499522435471));
#5799=CARTESIAN_POINT('',(-314.889650322878,-49.2109143276699,709.999522435471));
#5800=CARTESIAN_POINT('',(-314.889650322877,-49.2109143276699,694.999522435471));
#5801=CARTESIAN_POINT('Origin',(-315.950314023238,-48.1502506273093,709.999522435471));
#5802=CARTESIAN_POINT('Origin',(-314.889650322877,-49.2109143276699,694.999522435471));
#5803=CARTESIAN_POINT('',(-312.839401319762,-47.1606582673929,708.499522435471));
#5804=CARTESIAN_POINT('',(-314.61957138807,-48.940834463223,708.499522435471));
#5805=CARTESIAN_POINT('',(-312.839401319762,-47.1606582673929,709.999522435471));
#5806=CARTESIAN_POINT('',(-312.839401319761,-47.1606582673929,694.999522435471));
#5807=CARTESIAN_POINT('',(-314.61957138807,-48.9408344632229,709.999522435471));
#5808=CARTESIAN_POINT('Origin',(-313.900061491541,-46.0999980956129,694.999522435471));
#5809=CARTESIAN_POINT('Origin',(-313.900061491542,-46.0999980956129,708.499522435471));
#5810=CARTESIAN_POINT('Origin',(-313.900061491542,-46.0999980956129,709.999522435471));
#5811=CARTESIAN_POINT('Origin',(-315.950314023229,-14.1502506273094,694.999522435471));
#5812=CARTESIAN_POINT('',(-314.889654700217,-13.0895913042965,708.499522435471));
#5813=CARTESIAN_POINT('',(-315.95031402323,-12.6502506273093,708.499522435471));
#5814=CARTESIAN_POINT('Origin',(-315.95031402323,-14.1502506273094,708.499522435471));
#5815=CARTESIAN_POINT('',(-315.95031402323,-12.6502506273093,709.999522435471));
#5816=CARTESIAN_POINT('',(-315.950314023229,-12.6502506273093,694.999522435471));
#5817=CARTESIAN_POINT('',(-314.889654700217,-13.0895913042965,709.999522435471));
#5818=CARTESIAN_POINT('Origin',(-315.95031402323,-14.1502506273094,709.999522435471));
#5819=CARTESIAN_POINT('',(-314.88965385145,-13.0895904555299,694.999522435471));
#5820=CARTESIAN_POINT('Origin',(-312.839403017292,-15.1398446847557,694.999522435471));
#5821=CARTESIAN_POINT('',(-312.839403017293,-15.1398446847557,708.499522435471));
#5822=CARTESIAN_POINT('',(-314.284466147868,-13.6947815541806,708.499522435471));
#5823=CARTESIAN_POINT('',(-312.839403017293,-15.1398446847557,709.999522435471));
#5824=CARTESIAN_POINT('',(-314.284466147868,-13.6947815541806,709.999522435471));
#5825=CARTESIAN_POINT('',(-312.839403017292,-15.1398446847557,694.999522435471));
#5826=CARTESIAN_POINT('Origin',(-313.900061491539,-16.200503159001,694.999522435471));
#5827=CARTESIAN_POINT('Origin',(-313.900061491539,-16.200503159001,708.499522435471));
#5828=CARTESIAN_POINT('Origin',(-313.900061491539,-16.200503159001,709.999522435471));
#5829=CARTESIAN_POINT('Origin',(-320.800061482146,-12.6502506273089,709.999522435471));
#5830=CARTESIAN_POINT('',(-319.300061482146,-12.650250627309,708.499522435471));
#5831=CARTESIAN_POINT('',(-327.025061482146,-12.6502506273083,708.499522435471));
#5832=CARTESIAN_POINT('',(-319.300061482146,-12.650250627309,709.999522435471));
#5833=CARTESIAN_POINT('',(-319.300061482146,-12.650250627309,709.999522435471));
#5834=CARTESIAN_POINT('',(-316.207673326721,-12.6502506273093,709.999522435471));
#5835=CARTESIAN_POINT('Origin',(-316.050061482147,-25.3786757531831,704.999522435471));
#5836=CARTESIAN_POINT('',(-315.675061482148,-25.0479568393002,708.499522435471));
#5837=CARTESIAN_POINT('',(-315.550061482148,-25.3786757531831,708.499522435471));
#5838=CARTESIAN_POINT('Origin',(-316.050061482148,-25.3786757531831,708.499522435471));
#5839=CARTESIAN_POINT('',(-315.550061482148,-25.3786757531831,709.999522435471));
#5840=CARTESIAN_POINT('',(-315.550061482147,-25.3786757531831,704.999522435471));
#5841=CARTESIAN_POINT('',(-315.675061482148,-25.0479568393002,709.999522435471));
#5842=CARTESIAN_POINT('Origin',(-316.050061482148,-25.3786757531831,709.999522435471));
#5843=CARTESIAN_POINT('',(-315.675061482147,-25.0479568393002,704.999522435471));
#5844=CARTESIAN_POINT('Origin',(-315.550061482148,-28.4002506273093,704.999522435471));
#5845=CARTESIAN_POINT('',(-315.550061482148,-28.4002506273093,708.499522435471));
#5846=CARTESIAN_POINT('',(-315.550061482148,-29.0852506273094,708.499522435471));
#5847=CARTESIAN_POINT('',(-315.550061482148,-28.4002506273093,709.999522435471));
#5848=CARTESIAN_POINT('',(-315.550061482148,-28.4002506273093,709.999522435471));
#5849=CARTESIAN_POINT('',(-315.550061482148,-29.0852506273093,709.999522435471));
#5850=CARTESIAN_POINT('Origin',(-315.300061482147,-24.7172379254173,704.999522435471));
#5851=CARTESIAN_POINT('',(-315.800061482148,-24.7172379254172,708.499522435471));
#5852=CARTESIAN_POINT('Origin',(-315.300061482147,-24.7172379254173,708.499522435471));
#5853=CARTESIAN_POINT('',(-315.800061482148,-24.7172379254172,709.999522435471));
#5854=CARTESIAN_POINT('Origin',(-315.300061482148,-24.7172379254173,709.999522435471));
#5855=CARTESIAN_POINT('',(-315.800061482147,-24.7172379254172,704.999522435471));
#5856=CARTESIAN_POINT('Origin',(-315.800061482148,-27.7388127995431,709.999522435471));
#5857=CARTESIAN_POINT('',(-315.800061482147,-22.5616884550755,708.499522435471));
#5858=CARTESIAN_POINT('',(-315.800061482148,-28.7545317134263,708.499522435471));
#5859=CARTESIAN_POINT('',(-315.800061482147,-22.5616884550755,709.999522435471));
#5860=CARTESIAN_POINT('',(-315.800061482147,-22.5616884550755,709.999522435471));
#5861=CARTESIAN_POINT('',(-315.800061482147,-22.5616884550755,709.999522435471));
#5862=CARTESIAN_POINT('Origin',(-316.050061482148,-28.4002506273093,709.999522435471));
#5863=CARTESIAN_POINT('',(-316.313452825969,-28.8252506273093,708.499522435471));
#5864=CARTESIAN_POINT('Origin',(-316.050061482148,-28.4002506273093,708.499522435471));
#5865=CARTESIAN_POINT('',(-316.313452825969,-28.8252506273093,709.999522435471));
#5866=CARTESIAN_POINT('',(-316.313452825969,-28.8252506273093,709.999522435471));
#5867=CARTESIAN_POINT('Origin',(-316.050061482148,-28.4002506273093,709.999522435471));
#5868=CARTESIAN_POINT('Origin',(-319.300061482147,-14.150250627309,709.999522435471));
#5869=CARTESIAN_POINT('Origin',(-319.300061482147,-14.150250627309,708.499522435471));
#5870=CARTESIAN_POINT('Origin',(-319.300061482147,-14.150250627309,709.999522435471));
#5871=CARTESIAN_POINT('Origin',(-319.300061482147,-20.150250627309,709.999522435471));
#5872=CARTESIAN_POINT('',(-319.300061482147,-21.650250627309,708.499522435471));
#5873=CARTESIAN_POINT('Origin',(-319.300061482147,-20.150250627309,708.499522435471));
#5874=CARTESIAN_POINT('',(-319.300061482147,-21.650250627309,709.999522435471));
#5875=CARTESIAN_POINT('',(-319.300061482147,-21.650250627309,709.999522435471));
#5876=CARTESIAN_POINT('Origin',(-319.300061482147,-20.150250627309,709.999522435471));
#5877=CARTESIAN_POINT('Origin',(-316.711499309913,-21.6502506273092,709.999522435471));
#5878=CARTESIAN_POINT('',(-316.711499309913,-21.6502506273092,708.499522435471));
#5879=CARTESIAN_POINT('',(-324.98078039603,-21.6502506273085,708.499522435471));
#5880=CARTESIAN_POINT('',(-316.711499309913,-21.6502506273092,709.999522435471));
#5881=CARTESIAN_POINT('',(-316.711499309913,-21.6502506273092,709.999522435471));
#5882=CARTESIAN_POINT('',(-320.800061482147,-21.6502506273089,709.999522435471));
#5883=CARTESIAN_POINT('Origin',(-318.500061482148,-29.2502506273091,709.999522435471));
#5884=CARTESIAN_POINT('',(-318.500061482148,-28.7502506273091,708.499522435471));
#5885=CARTESIAN_POINT('',(-319.000061482148,-29.250250627309,708.499522435471));
#5886=CARTESIAN_POINT('Origin',(-318.500061482148,-29.2502506273091,708.499522435471));
#5887=CARTESIAN_POINT('',(-319.000061482148,-29.250250627309,709.999522435471));
#5888=CARTESIAN_POINT('',(-319.000061482148,-29.250250627309,709.999522435471));
#5889=CARTESIAN_POINT('',(-318.500061482148,-28.7502506273091,709.999522435471));
#5890=CARTESIAN_POINT('Origin',(-318.500061482148,-29.2502506273091,709.999522435471));
#5891=CARTESIAN_POINT('',(-318.500061482148,-28.7502506273091,709.999522435471));
#5892=CARTESIAN_POINT('Origin',(-319.000061482148,-33.4672379254168,709.999522435471));
#5893=CARTESIAN_POINT('',(-319.000061482148,-31.618744276363,708.499522435471));
#5894=CARTESIAN_POINT('',(-319.000061482148,-28.750250627309,709.999522435471));
#5895=CARTESIAN_POINT('Origin',(-318.223278794505,-28.7502506273091,709.999522435471));
#5896=CARTESIAN_POINT('',(-316.576844169791,-28.7502506273092,708.499522435471));
#5897=CARTESIAN_POINT('',(-325.736670138327,-28.7502506273084,708.499522435471));
#5898=CARTESIAN_POINT('',(-316.576844169791,-28.7502506273092,709.999522435471));
#5899=CARTESIAN_POINT('',(-316.576844169791,-28.7502506273092,709.999522435471));
#5900=CARTESIAN_POINT('',(-316.576844169791,-28.7502506273092,709.999522435471));
#5901=CARTESIAN_POINT('Origin',(-317.400061482147,-17.6502506273092,709.999522435471));
#5902=CARTESIAN_POINT('',(-315.850061482147,-17.6502506273093,709.999522435471));
#5903=CARTESIAN_POINT('Origin',(-317.400061482147,-17.6502506273092,709.999522435471));
#5904=CARTESIAN_POINT('',(-315.850061482147,-17.6502506273093,708.499522435471));
#5905=CARTESIAN_POINT('',(-315.850061482147,-17.6502506273093,709.999522435471));
#5906=CARTESIAN_POINT('Origin',(-317.400061482147,-17.6502506273092,708.499522435471));
#5907=CARTESIAN_POINT('Origin',(-317.400061482149,-44.6502506273092,709.999522435471));
#5908=CARTESIAN_POINT('',(-315.850061482149,-44.6502506273093,709.999522435471));
#5909=CARTESIAN_POINT('Origin',(-317.400061482149,-44.6502506273092,709.999522435471));
#5910=CARTESIAN_POINT('',(-315.850061482149,-44.6502506273093,708.499522435471));
#5911=CARTESIAN_POINT('',(-315.850061482149,-44.6502506273093,709.999522435471));
#5912=CARTESIAN_POINT('Origin',(-317.400061482149,-44.6502506273092,708.499522435471));
#5913=CARTESIAN_POINT('Origin',(-316.711499309913,-21.1502506273092,709.999522435471));
#5914=CARTESIAN_POINT('',(-316.38078039603,-21.5252506273093,708.499522435471));
#5915=CARTESIAN_POINT('Origin',(-316.711499309913,-21.1502506273092,708.499522435471));
#5916=CARTESIAN_POINT('',(-316.38078039603,-21.5252506273093,709.999522435471));
#5917=CARTESIAN_POINT('',(-316.38078039603,-21.5252506273093,709.999522435471));
#5918=CARTESIAN_POINT('Origin',(-316.711499309913,-21.1502506273092,709.999522435471));
#5919=CARTESIAN_POINT('Origin',(-316.050061482147,-21.9002506273093,709.999522435471));
#5920=CARTESIAN_POINT('',(-315.675061482147,-22.2309695411924,708.499522435471));
#5921=CARTESIAN_POINT('Origin',(-316.050061482147,-21.9002506273093,708.499522435471));
#5922=CARTESIAN_POINT('',(-315.675061482147,-22.2309695411924,709.999522435471));
#5923=CARTESIAN_POINT('',(-315.675061482147,-22.2309695411924,709.999522435471));
#5924=CARTESIAN_POINT('Origin',(-316.050061482147,-21.9002506273093,709.999522435471));
#5925=CARTESIAN_POINT('Origin',(-315.300061482147,-22.5616884550756,709.999522435471));
#5926=CARTESIAN_POINT('Origin',(-315.300061482147,-22.5616884550756,708.499522435471));
#5927=CARTESIAN_POINT('Origin',(-315.300061482147,-22.5616884550756,709.999522435471));
#5928=CARTESIAN_POINT('Origin',(-316.576844169791,-29.2502506273092,709.999522435471));
#5929=CARTESIAN_POINT('Origin',(-316.576844169791,-29.2502506273092,708.499522435471));
#5930=CARTESIAN_POINT('Origin',(-316.576844169791,-29.2502506273092,709.999522435471));
#5931=CARTESIAN_POINT('Origin',(-300.00006149154,-16.1502506273096,709.999522435471));
#5932=CARTESIAN_POINT('',(-302.00006149154,-16.1502506273096,709.999522435471));
#5933=CARTESIAN_POINT('',(-302.00006149154,-16.1502506273096,708.499522435471));
#5934=CARTESIAN_POINT('',(-302.00006149154,-16.1502506273096,709.249522435471));
#5935=CARTESIAN_POINT('',(-300.00006149154,-16.1502506273096,709.999522435471));
#5936=CARTESIAN_POINT('',(-300.00006149154,-16.1502506273096,709.999522435471));
#5937=CARTESIAN_POINT('',(-300.00006149154,-16.1502506273096,708.499522435471));
#5938=CARTESIAN_POINT('',(-300.00006149154,-16.1502506273096,709.999522435471));
#5939=CARTESIAN_POINT('',(-300.00006149154,-16.1502506273096,708.499522435471));
#5940=CARTESIAN_POINT('Origin',(-300.00006149154,-17.1502506273096,708.499522435471));
#5941=CARTESIAN_POINT('',(-302.00006149154,-17.1502506273096,708.499522435471));
#5942=CARTESIAN_POINT('',(-302.00006149154,-17.1502506273096,709.999522435471));
#5943=CARTESIAN_POINT('',(-302.00006149154,-17.1502506273096,708.499522435471));
#5944=CARTESIAN_POINT('',(-300.00006149154,-17.1502506273096,708.499522435471));
#5945=CARTESIAN_POINT('',(-300.00006149154,-17.1502506273096,708.499522435471));
#5946=CARTESIAN_POINT('',(-300.00006149154,-17.1502506273096,709.999522435471));
#5947=CARTESIAN_POINT('',(-300.00006149154,-17.1502506273096,709.249522435471));
#5948=CARTESIAN_POINT('',(-300.00006149154,-17.1502506273096,709.999522435471));
#5949=CARTESIAN_POINT('Origin',(-300.00006149154,-21.6502506273096,709.999522435471));
#5950=CARTESIAN_POINT('',(-300.00006149154,-14.1502506273096,709.999522435471));
#5951=CARTESIAN_POINT('',(-300.00006149154,-12.6502506273096,709.999522435471));
#5952=CARTESIAN_POINT('',(-300.00006149154,-14.1502506273096,708.499522435471));
#5953=CARTESIAN_POINT('',(-300.00006149154,-14.1502506273096,709.999522435471));
#5954=CARTESIAN_POINT('',(-300.00006149154,-21.9602506273096,708.499522435471));
#5955=CARTESIAN_POINT('Origin',(-300.00006149154,-21.6502506273096,709.999522435471));
#5956=CARTESIAN_POINT('',(-300.00006149154,-20.5388068094214,708.499522435471));
#5957=CARTESIAN_POINT('',(-300.00006149154,-21.9602506273096,708.499522435471));
#5958=CARTESIAN_POINT('',(-300.00006149154,-20.5388068094214,709.999522435471));
#5959=CARTESIAN_POINT('',(-300.00006149154,-20.5388068094214,709.999522435471));
#5960=CARTESIAN_POINT('',(-300.00006149154,-12.6502506273096,709.999522435471));
#5961=CARTESIAN_POINT('Origin',(-302.00006149154,-21.6502506273096,708.499522435471));
#5962=CARTESIAN_POINT('',(-302.00006149154,-14.1502506273096,708.499522435471));
#5963=CARTESIAN_POINT('',(-302.00006149154,-25.1545287183655,708.499522435471));
#5964=CARTESIAN_POINT('',(-302.00006149154,-14.1502506273096,709.999522435471));
#5965=CARTESIAN_POINT('',(-302.00006149154,-14.1502506273096,708.499522435471));
#5966=CARTESIAN_POINT('',(-302.00006149154,-25.7102506273097,709.999522435471));
#5967=CARTESIAN_POINT('Origin',(-302.00006149154,-21.6502506273096,708.499522435471));
#5968=CARTESIAN_POINT('',(-302.00006149154,-20.5388068094214,709.999522435471));
#5969=CARTESIAN_POINT('',(-302.00006149154,-25.7102506273097,709.999522435471));
#5970=CARTESIAN_POINT('',(-302.00006149154,-20.5388068094215,708.499522435471));
#5971=CARTESIAN_POINT('',(-302.00006149154,-20.5388068094215,708.499522435471));
#5972=CARTESIAN_POINT('',(-302.00006149154,-25.1545287183655,708.499522435471));
#5973=CARTESIAN_POINT('Origin',(-300.00006149152,-44.1502506273096,709.999522435471));
#5974=CARTESIAN_POINT('',(-302.00006149154,-44.1502506273096,709.999522435471));
#5975=CARTESIAN_POINT('',(-302.00006149154,-44.1502506273096,708.499522435471));
#5976=CARTESIAN_POINT('',(-302.00006149154,-44.1502506273096,709.249522435471));
#5977=CARTESIAN_POINT('',(-300.00006149152,-44.1502506273096,709.999522435471));
#5978=CARTESIAN_POINT('',(-300.00006149152,-44.1502506273096,709.999522435471));
#5979=CARTESIAN_POINT('',(-300.00006149152,-44.1502506273096,708.499522435471));
#5980=CARTESIAN_POINT('',(-300.00006149154,-44.1502506273096,709.999522435471));
#5981=CARTESIAN_POINT('',(-300.00006149152,-44.1502506273096,708.499522435471));
#5982=CARTESIAN_POINT('Origin',(-300.00006149152,-45.1502506273096,708.499522435471));
#5983=CARTESIAN_POINT('',(-302.00006149154,-45.1502506273096,708.499522435471));
#5984=CARTESIAN_POINT('',(-302.00006149154,-45.1502506273096,709.999522435471));
#5985=CARTESIAN_POINT('',(-302.00006149154,-45.1502506273096,708.499522435471));
#5986=CARTESIAN_POINT('',(-300.00006149152,-45.1502506273096,708.499522435471));
#5987=CARTESIAN_POINT('',(-300.00006149152,-45.1502506273096,708.499522435471));
#5988=CARTESIAN_POINT('',(-300.00006149152,-45.1502506273096,709.999522435471));
#5989=CARTESIAN_POINT('',(-300.00006149154,-45.1502506273096,709.249522435471));
#5990=CARTESIAN_POINT('',(-300.00006149152,-45.1502506273096,709.999522435471));
#5991=CARTESIAN_POINT('Origin',(-300.00006149154,-21.6502506273096,709.999522435471));
#5992=CARTESIAN_POINT('',(-300.00006149154,-42.1502506273096,709.999522435471));
#5993=CARTESIAN_POINT('',(-300.00006149154,-25.7102506273096,709.999522435471));
#5994=CARTESIAN_POINT('',(-300.00006149154,-42.1502506273096,708.499522435471));
#5995=CARTESIAN_POINT('',(-300.00006149154,-42.1502506273096,709.999522435471));
#5996=CARTESIAN_POINT('',(-300.00006149154,-36.4602506273096,708.499522435471));
#5997=CARTESIAN_POINT('Origin',(-300.00006149154,-21.6502506273096,709.999522435471));
#5998=CARTESIAN_POINT('',(-300.00006149154,-48.150250627309,708.499522435471));
#5999=CARTESIAN_POINT('',(-300.00006149154,-36.4602506273096,708.499522435471));
#6000=CARTESIAN_POINT('',(-300.00006149154,-48.150250627309,709.999522435471));
#6001=CARTESIAN_POINT('',(-300.00006149154,-48.150250627309,709.999522435471));
#6002=CARTESIAN_POINT('',(-300.00006149154,-25.7102506273096,709.999522435471));
#6003=CARTESIAN_POINT('Origin',(-295.776844179183,-29.2502506273096,709.999522435471));
#6004=CARTESIAN_POINT('',(-295.513452835361,-28.8252506273096,708.499522435471));
#6005=CARTESIAN_POINT('',(-295.776844179183,-28.7502506273096,708.499522435471));
#6006=CARTESIAN_POINT('Origin',(-295.776844179183,-29.2502506273096,708.499522435471));
#6007=CARTESIAN_POINT('',(-295.776844179183,-28.7502506273096,709.999522435471));
#6008=CARTESIAN_POINT('',(-295.776844179183,-28.7502506273096,709.999522435471));
#6009=CARTESIAN_POINT('',(-295.513452835361,-28.8252506273096,709.999522435471));
#6010=CARTESIAN_POINT('Origin',(-295.776844179183,-29.2502506273096,709.999522435471));
#6011=CARTESIAN_POINT('',(-295.513452835361,-28.8252506273096,709.999522435471));
#6012=CARTESIAN_POINT('Origin',(-294.50006149154,-22.5616884550758,709.999522435471));
#6013=CARTESIAN_POINT('',(-294.87506149154,-22.2309695411927,708.499522435471));
#6014=CARTESIAN_POINT('',(-295.00006149154,-22.5616884550758,708.499522435471));
#6015=CARTESIAN_POINT('Origin',(-294.50006149154,-22.5616884550758,708.499522435471));
#6016=CARTESIAN_POINT('',(-295.00006149154,-22.5616884550758,709.999522435471));
#6017=CARTESIAN_POINT('',(-295.00006149154,-22.5616884550758,709.999522435471));
#6018=CARTESIAN_POINT('',(-294.87506149154,-22.2309695411927,709.999522435471));
#6019=CARTESIAN_POINT('Origin',(-294.50006149154,-22.5616884550758,709.999522435471));
#6020=CARTESIAN_POINT('',(-294.87506149154,-22.2309695411927,709.999522435471));
#6021=CARTESIAN_POINT('Origin',(-295.25006149154,-21.9002506273096,709.999522435471));
#6022=CARTESIAN_POINT('',(-295.580780405423,-21.5252506273096,708.499522435471));
#6023=CARTESIAN_POINT('Origin',(-295.25006149154,-21.9002506273096,708.499522435471));
#6024=CARTESIAN_POINT('',(-295.580780405423,-21.5252506273096,709.999522435471));
#6025=CARTESIAN_POINT('Origin',(-295.25006149154,-21.9002506273096,709.999522435471));
#6026=CARTESIAN_POINT('',(-295.580780405423,-21.5252506273096,709.999522435471));
#6027=CARTESIAN_POINT('Origin',(-295.911499319306,-21.1502506273096,709.999522435471));
#6028=CARTESIAN_POINT('',(-295.911499319306,-21.6502506273096,708.499522435471));
#6029=CARTESIAN_POINT('Origin',(-295.911499319306,-21.1502506273096,708.499522435471));
#6030=CARTESIAN_POINT('',(-295.911499319306,-21.6502506273096,709.999522435471));
#6031=CARTESIAN_POINT('Origin',(-295.911499319306,-21.1502506273096,709.999522435471));
#6032=CARTESIAN_POINT('',(-295.911499319306,-21.6502506273096,709.999522435471));
#6033=CARTESIAN_POINT('Origin',(-296.60006149154,-44.6502506273096,709.999522435471));
#6034=CARTESIAN_POINT('',(-295.05006149154,-44.6502506273096,709.999522435471));
#6035=CARTESIAN_POINT('Origin',(-296.60006149154,-44.6502506273096,709.999522435471));
#6036=CARTESIAN_POINT('',(-295.05006149154,-44.6502506273096,708.499522435471));
#6037=CARTESIAN_POINT('',(-295.05006149154,-44.6502506273096,709.999522435471));
#6038=CARTESIAN_POINT('Origin',(-296.60006149154,-44.6502506273096,708.499522435471));
#6039=CARTESIAN_POINT('Origin',(-296.60006149154,-17.6502506273096,709.999522435471));
#6040=CARTESIAN_POINT('',(-295.05006149154,-17.6502506273096,709.999522435471));
#6041=CARTESIAN_POINT('Origin',(-296.60006149154,-17.6502506273096,709.999522435471));
#6042=CARTESIAN_POINT('',(-295.05006149154,-17.6502506273096,708.499522435471));
#6043=CARTESIAN_POINT('',(-295.05006149154,-17.6502506273096,709.999522435471));
#6044=CARTESIAN_POINT('Origin',(-296.60006149154,-17.6502506273096,708.499522435471));
#6045=CARTESIAN_POINT('Origin',(-297.423278803897,-28.7502506273096,709.999522435471));
#6046=CARTESIAN_POINT('',(-297.70006149154,-28.7502506273096,708.499522435471));
#6047=CARTESIAN_POINT('',(-304.936670147719,-28.7502506273096,708.499522435471));
#6048=CARTESIAN_POINT('',(-297.70006149154,-28.7502506273096,709.999522435471));
#6049=CARTESIAN_POINT('',(-297.70006149154,-28.7502506273096,709.999522435471));
#6050=CARTESIAN_POINT('',(-295.776844179183,-28.7502506273096,709.999522435471));
#6051=CARTESIAN_POINT('Origin',(-298.20006149154,-33.4672379254174,709.999522435471));
#6052=CARTESIAN_POINT('',(-298.20006149154,-29.2502506273096,708.499522435471));
#6053=CARTESIAN_POINT('',(-298.20006149154,-33.0502506273096,708.499522435471));
#6054=CARTESIAN_POINT('',(-298.20006149154,-31.6187442763636,708.499522435471));
#6055=CARTESIAN_POINT('',(-298.20006149154,-33.0502506273096,709.999522435471));
#6056=CARTESIAN_POINT('',(-298.20006149154,-33.0502506273096,709.999522435471));
#6057=CARTESIAN_POINT('',(-298.20006149154,-29.2502506273096,709.999522435471));
#6058=CARTESIAN_POINT('',(-298.20006149154,-28.7502506273096,709.999522435471));
#6059=CARTESIAN_POINT('',(-298.20006149154,-29.2502506273096,709.999522435471));
#6060=CARTESIAN_POINT('Origin',(-297.70006149154,-29.2502506273096,709.999522435471));
#6061=CARTESIAN_POINT('Origin',(-297.70006149154,-29.2502506273096,708.499522435471));
#6062=CARTESIAN_POINT('Origin',(-297.70006149154,-29.2502506273096,709.999522435471));
#6063=CARTESIAN_POINT('Origin',(-295.911499319306,-21.6502506273096,709.999522435471));
#6064=CARTESIAN_POINT('',(-298.50006149154,-21.6502506273096,708.499522435471));
#6065=CARTESIAN_POINT('',(-304.180780405423,-21.6502506273096,708.499522435471));
#6066=CARTESIAN_POINT('',(-298.50006149154,-21.6502506273096,709.999522435471));
#6067=CARTESIAN_POINT('',(-300.00006149154,-21.6502506273096,709.999522435471));
#6068=CARTESIAN_POINT('',(-298.50006149154,-21.6502506273096,709.999522435471));
#6069=CARTESIAN_POINT('Origin',(-298.50006149154,-20.1502506273096,709.999522435471));
#6070=CARTESIAN_POINT('',(-299.874834200026,-20.7502506273096,708.499522435471));
#6071=CARTESIAN_POINT('',(-299.874834200026,-20.7502506273096,709.999522435471));
#6072=CARTESIAN_POINT('',(-299.874834200026,-20.7502506273096,709.999522435471));
#6073=CARTESIAN_POINT('Origin',(-298.50006149154,-20.1502506273096,708.499522435471));
#6074=CARTESIAN_POINT('Origin',(-298.50006149154,-20.1502506273096,709.999522435471));
#6075=CARTESIAN_POINT('Origin',(-298.50006149154,-14.1502506273096,709.999522435471));
#6076=CARTESIAN_POINT('',(-298.50006149154,-12.6502506273096,708.499522435471));
#6077=CARTESIAN_POINT('Origin',(-298.50006149154,-14.1502506273096,708.499522435471));
#6078=CARTESIAN_POINT('',(-298.50006149154,-12.6502506273096,709.999522435471));
#6079=CARTESIAN_POINT('Origin',(-298.50006149154,-14.1502506273096,709.999522435471));
#6080=CARTESIAN_POINT('',(-298.50006149154,-12.6502506273096,709.999522435471));
#6081=CARTESIAN_POINT('Origin',(-295.25006149154,-28.4002506273096,709.999522435471));
#6082=CARTESIAN_POINT('',(-294.75006149154,-28.4002506273096,708.499522435471));
#6083=CARTESIAN_POINT('Origin',(-295.25006149154,-28.4002506273096,708.499522435471));
#6084=CARTESIAN_POINT('',(-294.75006149154,-28.4002506273096,709.999522435471));
#6085=CARTESIAN_POINT('Origin',(-295.25006149154,-28.4002506273096,709.999522435471));
#6086=CARTESIAN_POINT('',(-294.75006149154,-28.4002506273096,709.999522435471));
#6087=CARTESIAN_POINT('Origin',(-295.00006149154,-27.7388127995434,709.999522435471));
#6088=CARTESIAN_POINT('',(-295.00006149154,-24.7172379254175,708.499522435471));
#6089=CARTESIAN_POINT('',(-295.00006149154,-28.7545317134266,708.499522435471));
#6090=CARTESIAN_POINT('',(-295.00006149154,-24.7172379254175,709.999522435471));
#6091=CARTESIAN_POINT('',(-295.00006149154,-24.7172379254175,704.999522435471));
#6092=CARTESIAN_POINT('',(-295.00006149154,-22.5616884550758,709.999522435471));
#6093=CARTESIAN_POINT('Origin',(-294.50006149154,-24.7172379254175,704.999522435471));
#6094=CARTESIAN_POINT('',(-294.87506149154,-25.0479568393005,708.499522435471));
#6095=CARTESIAN_POINT('Origin',(-294.50006149154,-24.7172379254175,708.499522435471));
#6096=CARTESIAN_POINT('',(-294.87506149154,-25.0479568393005,709.999522435471));
#6097=CARTESIAN_POINT('',(-294.87506149154,-25.0479568393005,704.999522435471));
#6098=CARTESIAN_POINT('Origin',(-294.50006149154,-24.7172379254175,709.999522435471));
#6099=CARTESIAN_POINT('Origin',(-294.75006149154,-28.4002506273096,704.999522435471));
#6100=CARTESIAN_POINT('',(-294.75006149154,-25.3786757531834,708.499522435471));
#6101=CARTESIAN_POINT('',(-294.75006149154,-29.0852506273097,708.499522435471));
#6102=CARTESIAN_POINT('',(-294.75006149154,-25.3786757531834,709.999522435471));
#6103=CARTESIAN_POINT('',(-294.75006149154,-29.0852506273096,709.999522435471));
#6104=CARTESIAN_POINT('',(-294.75006149154,-25.3786757531834,704.999522435471));
#6105=CARTESIAN_POINT('Origin',(-295.25006149154,-25.3786757531834,704.999522435471));
#6106=CARTESIAN_POINT('Origin',(-295.25006149154,-25.3786757531834,708.499522435471));
#6107=CARTESIAN_POINT('Origin',(-295.25006149154,-25.3786757531834,709.999522435471));
#6108=CARTESIAN_POINT('Origin',(-300.00006149154,-12.6502506273096,709.999522435471));
#6109=CARTESIAN_POINT('',(-295.150314032623,-12.6502506273096,708.499522435471));
#6110=CARTESIAN_POINT('',(-306.22506149154,-12.6502506273096,708.499522435471));
#6111=CARTESIAN_POINT('',(-295.150314032623,-12.6502506273096,709.999522435471));
#6112=CARTESIAN_POINT('',(-295.407673336115,-12.6502506273096,709.999522435471));
#6113=CARTESIAN_POINT('',(-295.150314032622,-12.6502506273096,694.999522435471));
#6114=CARTESIAN_POINT('Origin',(-293.100061500931,-16.2005031590011,694.999522435471));
#6115=CARTESIAN_POINT('',(-291.600062701326,-16.2005031590011,708.499522435471));
#6116=CARTESIAN_POINT('',(-292.039403026686,-15.1398446847557,708.499522435471));
#6117=CARTESIAN_POINT('Origin',(-293.100061500932,-16.2005031590011,708.499522435471));
#6118=CARTESIAN_POINT('',(-292.039403026686,-15.1398446847557,709.999522435471));
#6119=CARTESIAN_POINT('',(-292.039403026685,-15.1398446847557,694.999522435471));
#6120=CARTESIAN_POINT('',(-291.600062701326,-16.2005031590011,709.999522435471));
#6121=CARTESIAN_POINT('Origin',(-293.100061500932,-16.2005031590011,709.999522435471));
#6122=CARTESIAN_POINT('',(-291.600061500931,-16.2005031590011,694.999522435471));
#6123=CARTESIAN_POINT('Origin',(-292.039403026685,-15.1398446847557,694.999522435471));
#6124=CARTESIAN_POINT('',(-294.08965470961,-13.0895913042968,708.499522435471));
#6125=CARTESIAN_POINT('',(-293.484466157261,-13.6947815541807,708.499522435471));
#6126=CARTESIAN_POINT('',(-294.089654709611,-13.0895913042964,709.999522435471));
#6127=CARTESIAN_POINT('',(-294.089653860843,-13.0895904555301,694.999522435471));
#6128=CARTESIAN_POINT('',(-293.484466157261,-13.6947815541807,709.999522435471));
#6129=CARTESIAN_POINT('Origin',(-295.150314032622,-14.1502506273097,694.999522435471));
#6130=CARTESIAN_POINT('Origin',(-295.150314032623,-14.1502506273097,708.499522435471));
#6131=CARTESIAN_POINT('Origin',(-295.150314032623,-14.1502506273097,709.999522435471));
#6132=CARTESIAN_POINT('Origin',(-291.600061491539,-45.7502506273099,694.999522435471));
#6133=CARTESIAN_POINT('',(-291.600061496179,-46.099998095613,708.499522435471));
#6134=CARTESIAN_POINT('',(-291.60006149411,-37.7602506239568,708.499522435471));
#6135=CARTESIAN_POINT('',(-291.600061496179,-46.099998095613,709.999522435471));
#6136=CARTESIAN_POINT('',(-291.60006149411,-37.7602506239567,709.999522435471));
#6137=CARTESIAN_POINT('',(-291.600061500931,-46.099998095613,694.999522435471));
#6138=CARTESIAN_POINT('Origin',(-293.100061500931,-46.099998095613,694.999522435471));
#6139=CARTESIAN_POINT('',(-292.039401329152,-47.1606582673929,708.499522435471));
#6140=CARTESIAN_POINT('Origin',(-293.100061500932,-46.099998095613,708.499522435471));
#6141=CARTESIAN_POINT('',(-292.039401329152,-47.1606582673929,709.999522435471));
#6142=CARTESIAN_POINT('Origin',(-293.100061500932,-46.099998095613,709.999522435471));
#6143=CARTESIAN_POINT('',(-292.039401329151,-47.1606582673929,694.999522435471));
#6144=CARTESIAN_POINT('Origin',(-294.089650332267,-49.2109143276701,694.999522435471));
#6145=CARTESIAN_POINT('',(-294.089650332268,-49.2109143276701,708.499522435471));
#6146=CARTESIAN_POINT('',(-293.81957139746,-48.9408344632233,708.499522435471));
#6147=CARTESIAN_POINT('',(-294.089650332268,-49.2109143276701,709.999522435471));
#6148=CARTESIAN_POINT('',(-293.81957139746,-48.9408344632231,709.999522435471));
#6149=CARTESIAN_POINT('',(-294.089650332267,-49.2109143276701,694.999522435471));
#6150=CARTESIAN_POINT('Origin',(-295.150314032627,-48.1502506273096,694.999522435471));
#6151=CARTESIAN_POINT('',(-295.150314032628,-49.6502531223925,708.499522435471));
#6152=CARTESIAN_POINT('Origin',(-295.150314032628,-48.1502506273096,708.499522435471));
#6153=CARTESIAN_POINT('',(-295.150314032628,-49.6502531223925,709.999522435471));
#6154=CARTESIAN_POINT('Origin',(-295.150314032628,-48.1502506273096,709.999522435471));
#6155=CARTESIAN_POINT('',(-295.150314032627,-49.650250627309,694.999522435471));
#6156=CARTESIAN_POINT('Origin',(-295.1213818351,-49.650250627309,709.999522435471));
#6157=CARTESIAN_POINT('',(-298.50006149154,-49.650250627309,708.499522435471));
#6158=CARTESIAN_POINT('',(-303.78572166332,-49.650250627309,708.499522435471));
#6159=CARTESIAN_POINT('',(-298.50006149154,-49.650250627309,709.999522435471));
#6160=CARTESIAN_POINT('',(-297.407673336115,-49.650250627309,709.999522435471));
#6161=CARTESIAN_POINT('',(-298.50006149154,-49.650250627309,709.999522435471));
#6162=CARTESIAN_POINT('Origin',(-298.50006149154,-48.150250627309,709.999522435471));
#6163=CARTESIAN_POINT('Origin',(-298.50006149154,-48.150250627309,708.499522435471));
#6164=CARTESIAN_POINT('Origin',(-298.50006149154,-48.150250627309,709.999522435471));
#6165=CARTESIAN_POINT('Origin',(-298.50006149154,-42.1502506273096,709.999522435471));
#6166=CARTESIAN_POINT('',(-298.50006149154,-40.6502506273096,708.499522435471));
#6167=CARTESIAN_POINT('Origin',(-298.50006149154,-42.1502506273096,708.499522435471));
#6168=CARTESIAN_POINT('',(-298.50006149154,-40.6502506273096,709.999522435471));
#6169=CARTESIAN_POINT('Origin',(-298.50006149154,-42.1502506273096,709.999522435471));
#6170=CARTESIAN_POINT('',(-298.50006149154,-40.6502506273096,709.999522435471));
#6171=CARTESIAN_POINT('Origin',(-300.00006149154,-40.6502506273096,709.999522435471));
#6172=CARTESIAN_POINT('',(-295.911499319306,-40.6502506273096,708.499522435471));
#6173=CARTESIAN_POINT('',(-306.22506149154,-40.6502506273096,708.499522435471));
#6174=CARTESIAN_POINT('',(-295.911499319306,-40.6502506273096,709.999522435471));
#6175=CARTESIAN_POINT('',(-295.911499319306,-40.6502506273096,709.999522435471));
#6176=CARTESIAN_POINT('',(-295.911499319306,-40.6502506273096,709.999522435471));
#6177=CARTESIAN_POINT('Origin',(-295.911499319306,-41.1502506273096,709.999522435471));
#6178=CARTESIAN_POINT('',(-295.580780405423,-40.7752506273096,708.499522435471));
#6179=CARTESIAN_POINT('Origin',(-295.911499319306,-41.1502506273096,708.499522435471));
#6180=CARTESIAN_POINT('',(-295.580780405423,-40.7752506273096,709.999522435471));
#6181=CARTESIAN_POINT('Origin',(-295.911499319306,-41.1502506273096,709.999522435471));
#6182=CARTESIAN_POINT('',(-295.580780405423,-40.7752506273096,709.999522435471));
#6183=CARTESIAN_POINT('Origin',(-295.25006149154,-40.4002506273096,709.999522435471));
#6184=CARTESIAN_POINT('',(-294.87506149154,-40.0695317134265,708.499522435471));
#6185=CARTESIAN_POINT('Origin',(-295.25006149154,-40.4002506273096,708.499522435471));
#6186=CARTESIAN_POINT('',(-294.87506149154,-40.0695317134265,709.999522435471));
#6187=CARTESIAN_POINT('Origin',(-295.25006149154,-40.4002506273096,709.999522435471));
#6188=CARTESIAN_POINT('',(-294.87506149154,-40.0695317134265,709.999522435471));
#6189=CARTESIAN_POINT('Origin',(-294.50006149154,-39.7388127995434,709.999522435471));
#6190=CARTESIAN_POINT('',(-295.00006149154,-39.7388127995434,708.499522435471));
#6191=CARTESIAN_POINT('Origin',(-294.50006149154,-39.7388127995434,708.499522435471));
#6192=CARTESIAN_POINT('',(-295.00006149154,-39.7388127995434,709.999522435471));
#6193=CARTESIAN_POINT('Origin',(-294.50006149154,-39.7388127995434,709.999522435471));
#6194=CARTESIAN_POINT('',(-295.00006149154,-39.7388127995434,709.999522435471));
#6195=CARTESIAN_POINT('Origin',(-295.00006149154,-39.7388127995434,709.999522435471));
#6196=CARTESIAN_POINT('',(-295.00006149154,-37.3786757531834,708.499522435471));
#6197=CARTESIAN_POINT('',(-295.00006149154,-34.7545317134267,708.499522435471));
#6198=CARTESIAN_POINT('',(-295.00006149154,-37.3786757531834,709.999522435471));
#6199=CARTESIAN_POINT('',(-295.00006149154,-34.5616884550758,709.999522435471));
#6200=CARTESIAN_POINT('',(-295.00006149154,-37.3786757531834,707.499522435471));
#6201=CARTESIAN_POINT('Origin',(-294.50006149154,-37.3786757531834,707.499522435471));
#6202=CARTESIAN_POINT('',(-294.87506149154,-37.0479568393005,708.499522435471));
#6203=CARTESIAN_POINT('Origin',(-294.50006149154,-37.3786757531834,708.499522435471));
#6204=CARTESIAN_POINT('',(-294.87506149154,-37.0479568393005,709.999522435471));
#6205=CARTESIAN_POINT('Origin',(-294.50006149154,-37.3786757531834,709.999522435471));
#6206=CARTESIAN_POINT('',(-294.87506149154,-37.0479568393005,707.499522435471));
#6207=CARTESIAN_POINT('Origin',(-295.25006149154,-36.7172379254175,707.499522435471));
#6208=CARTESIAN_POINT('',(-294.75006149154,-36.7172379254175,708.499522435471));
#6209=CARTESIAN_POINT('Origin',(-295.25006149154,-36.7172379254175,708.499522435471));
#6210=CARTESIAN_POINT('',(-294.75006149154,-36.7172379254175,709.999522435471));
#6211=CARTESIAN_POINT('Origin',(-295.25006149154,-36.7172379254175,709.999522435471));
#6212=CARTESIAN_POINT('',(-294.75006149154,-36.7172379254175,707.499522435471));
#6213=CARTESIAN_POINT('Origin',(-294.75006149154,-37.1502506273096,704.999522435471));
#6214=CARTESIAN_POINT('',(-294.75006149154,-33.9002506273096,708.499522435471));
#6215=CARTESIAN_POINT('',(-294.75006149154,-33.4602506273097,708.499522435471));
#6216=CARTESIAN_POINT('',(-294.75006149154,-33.9002506273096,709.999522435471));
#6217=CARTESIAN_POINT('',(-294.75006149154,-33.4602506273096,709.999522435471));
#6218=CARTESIAN_POINT('',(-294.75006149154,-33.9002506273096,709.999522435471));
#6219=CARTESIAN_POINT('Origin',(-295.25006149154,-33.9002506273096,709.999522435471));
#6220=CARTESIAN_POINT('',(-295.513452835361,-33.4752506273096,708.499522435471));
#6221=CARTESIAN_POINT('Origin',(-295.25006149154,-33.9002506273096,708.499522435471));
#6222=CARTESIAN_POINT('',(-295.513452835361,-33.4752506273096,709.999522435471));
#6223=CARTESIAN_POINT('Origin',(-295.25006149154,-33.9002506273096,709.999522435471));
#6224=CARTESIAN_POINT('',(-295.513452835361,-33.4752506273096,709.999522435471));
#6225=CARTESIAN_POINT('Origin',(-295.776844179183,-33.0502506273096,709.999522435471));
#6226=CARTESIAN_POINT('',(-295.776844179183,-33.5502506273096,708.499522435471));
#6227=CARTESIAN_POINT('Origin',(-295.776844179183,-33.0502506273096,708.499522435471));
#6228=CARTESIAN_POINT('',(-295.776844179183,-33.5502506273096,709.999522435471));
#6229=CARTESIAN_POINT('Origin',(-295.776844179183,-33.0502506273096,709.999522435471));
#6230=CARTESIAN_POINT('',(-295.776844179183,-33.5502506273096,709.999522435471));
#6231=CARTESIAN_POINT('Origin',(-295.776844179183,-33.5502506273096,709.999522435471));
#6232=CARTESIAN_POINT('',(-297.70006149154,-33.5502506273096,708.499522435471));
#6233=CARTESIAN_POINT('',(-304.113452835361,-33.5502506273096,708.499522435471));
#6234=CARTESIAN_POINT('',(-297.70006149154,-33.5502506273096,709.999522435471));
#6235=CARTESIAN_POINT('',(-297.423278803897,-33.5502506273096,709.999522435471));
#6236=CARTESIAN_POINT('',(-297.70006149154,-33.5502506273096,709.999522435471));
#6237=CARTESIAN_POINT('Origin',(-297.70006149154,-33.0502506273096,709.999522435471));
#6238=CARTESIAN_POINT('Origin',(-297.70006149154,-33.0502506273096,708.499522435471));
#6239=CARTESIAN_POINT('Origin',(-297.70006149154,-33.0502506273096,709.999522435471));
#6240=CARTESIAN_POINT('Origin',(-300.791349339018,-21.1502506273096,709.999522435471));
#6241=CARTESIAN_POINT('Origin',(-300.791349339018,-21.1502506273096,708.499522435471));
#6242=CARTESIAN_POINT('Origin',(-300.791349339018,-21.1502506273096,709.999522435471));
#6243=CARTESIAN_POINT('Origin',(-302.00006149154,-21.6502506273096,708.499522435471));
#6244=CARTESIAN_POINT('',(-302.00006149154,-42.1502506273096,708.499522435471));
#6245=CARTESIAN_POINT('',(-302.00006149154,-38.9602506273093,708.499522435471));
#6246=CARTESIAN_POINT('',(-302.00006149154,-42.1502506273096,709.999522435471));
#6247=CARTESIAN_POINT('',(-302.00006149154,-42.1502506273096,708.499522435471));
#6248=CARTESIAN_POINT('',(-302.00006149154,-25.7102506273097,709.999522435471));
#6249=CARTESIAN_POINT('Origin',(-302.00006149154,-21.6502506273096,708.499522435471));
#6250=CARTESIAN_POINT('',(-302.00006149154,-48.150250627309,709.999522435471));
#6251=CARTESIAN_POINT('',(-302.00006149154,-25.7102506273097,709.999522435471));
#6252=CARTESIAN_POINT('',(-302.00006149154,-48.150250627309,708.499522435471));
#6253=CARTESIAN_POINT('',(-302.00006149154,-48.150250627309,708.499522435471));
#6254=CARTESIAN_POINT('',(-302.00006149154,-38.9602506273093,708.499522435471));
#6255=CARTESIAN_POINT('Origin',(-306.223278803897,-29.2502506273096,708.499522435471));
#6256=CARTESIAN_POINT('',(-306.486670147719,-28.8252506273096,709.999522435471));
#6257=CARTESIAN_POINT('',(-306.223278803897,-28.7502506273096,709.999522435471));
#6258=CARTESIAN_POINT('Origin',(-306.223278803897,-29.2502506273096,709.999522435471));
#6259=CARTESIAN_POINT('',(-306.223278803897,-28.7502506273096,708.499522435471));
#6260=CARTESIAN_POINT('',(-306.223278803897,-28.7502506273096,708.499522435471));
#6261=CARTESIAN_POINT('',(-306.486670147719,-28.8252506273096,708.499522435471));
#6262=CARTESIAN_POINT('Origin',(-306.223278803897,-29.2502506273096,708.499522435471));
#6263=CARTESIAN_POINT('',(-306.486670147719,-28.8252506273096,708.499522435471));
#6264=CARTESIAN_POINT('Origin',(-307.50006149154,-22.5616884550758,708.499522435471));
#6265=CARTESIAN_POINT('',(-307.12506149154,-22.2309695411927,709.999522435471));
#6266=CARTESIAN_POINT('',(-307.00006149154,-22.5616884550758,709.999522435471));
#6267=CARTESIAN_POINT('Origin',(-307.50006149154,-22.5616884550758,709.999522435471));
#6268=CARTESIAN_POINT('',(-307.00006149154,-22.5616884550758,708.499522435471));
#6269=CARTESIAN_POINT('',(-307.00006149154,-22.5616884550758,708.499522435471));
#6270=CARTESIAN_POINT('',(-307.12506149154,-22.2309695411927,708.499522435471));
#6271=CARTESIAN_POINT('Origin',(-307.50006149154,-22.5616884550758,708.499522435471));
#6272=CARTESIAN_POINT('',(-307.12506149154,-22.2309695411927,708.499522435471));
#6273=CARTESIAN_POINT('Origin',(-306.75006149154,-21.9002506273096,708.499522435471));
#6274=CARTESIAN_POINT('',(-306.419342577657,-21.5252506273096,709.999522435471));
#6275=CARTESIAN_POINT('Origin',(-306.75006149154,-21.9002506273096,709.999522435471));
#6276=CARTESIAN_POINT('',(-306.419342577657,-21.5252506273096,708.499522435471));
#6277=CARTESIAN_POINT('Origin',(-306.75006149154,-21.9002506273096,708.499522435471));
#6278=CARTESIAN_POINT('',(-306.419342577657,-21.5252506273096,708.499522435471));
#6279=CARTESIAN_POINT('Origin',(-306.088623663774,-21.1502506273096,708.499522435471));
#6280=CARTESIAN_POINT('',(-306.088623663774,-21.6502506273096,709.999522435471));
#6281=CARTESIAN_POINT('Origin',(-306.088623663774,-21.1502506273096,709.999522435471));
#6282=CARTESIAN_POINT('',(-306.088623663774,-21.6502506273096,708.499522435471));
#6283=CARTESIAN_POINT('Origin',(-306.088623663774,-21.1502506273096,708.499522435471));
#6284=CARTESIAN_POINT('',(-306.088623663774,-21.6502506273096,708.499522435471));
#6285=CARTESIAN_POINT('Origin',(-305.40006149154,-44.6502506273096,708.499522435471));
#6286=CARTESIAN_POINT('',(-306.95006149154,-44.6502506273096,708.499522435471));
#6287=CARTESIAN_POINT('Origin',(-305.40006149154,-44.6502506273096,708.499522435471));
#6288=CARTESIAN_POINT('',(-306.95006149154,-44.6502506273096,709.999522435471));
#6289=CARTESIAN_POINT('',(-306.95006149154,-44.6502506273096,708.499522435471));
#6290=CARTESIAN_POINT('Origin',(-305.40006149154,-44.6502506273096,709.999522435471));
#6291=CARTESIAN_POINT('Origin',(-305.40006149154,-17.6502506273096,708.499522435471));
#6292=CARTESIAN_POINT('',(-306.95006149154,-17.6502506273096,708.499522435471));
#6293=CARTESIAN_POINT('Origin',(-305.40006149154,-17.6502506273096,708.499522435471));
#6294=CARTESIAN_POINT('',(-306.95006149154,-17.6502506273096,709.999522435471));
#6295=CARTESIAN_POINT('',(-306.95006149154,-17.6502506273096,708.499522435471));
#6296=CARTESIAN_POINT('Origin',(-305.40006149154,-17.6502506273096,709.999522435471));
#6297=CARTESIAN_POINT('Origin',(-304.576844179183,-28.7502506273096,708.499522435471));
#6298=CARTESIAN_POINT('',(-304.30006149154,-28.7502506273096,709.999522435471));
#6299=CARTESIAN_POINT('',(-297.063452835361,-28.7502506273096,709.999522435471));
#6300=CARTESIAN_POINT('',(-304.30006149154,-28.7502506273096,708.499522435471));
#6301=CARTESIAN_POINT('',(-304.30006149154,-28.7502506273096,708.499522435471));
#6302=CARTESIAN_POINT('',(-306.223278803897,-28.7502506273096,708.499522435471));
#6303=CARTESIAN_POINT('Origin',(-303.80006149154,-33.4672379254174,708.499522435471));
#6304=CARTESIAN_POINT('',(-303.80006149154,-29.2502506273096,709.999522435471));
#6305=CARTESIAN_POINT('',(-303.80006149154,-33.0502506273096,709.999522435471));
#6306=CARTESIAN_POINT('',(-303.80006149154,-31.6187442763636,709.999522435471));
#6307=CARTESIAN_POINT('',(-303.80006149154,-33.0502506273096,708.499522435471));
#6308=CARTESIAN_POINT('',(-303.80006149154,-33.0502506273096,708.499522435471));
#6309=CARTESIAN_POINT('',(-303.80006149154,-29.2502506273096,708.499522435471));
#6310=CARTESIAN_POINT('',(-303.80006149154,-28.7502506273096,708.499522435471));
#6311=CARTESIAN_POINT('',(-303.80006149154,-29.2502506273096,708.499522435471));
#6312=CARTESIAN_POINT('Origin',(-304.30006149154,-29.2502506273096,708.499522435471));
#6313=CARTESIAN_POINT('Origin',(-304.30006149154,-29.2502506273096,709.999522435471));
#6314=CARTESIAN_POINT('Origin',(-304.30006149154,-29.2502506273096,708.499522435471));
#6315=CARTESIAN_POINT('Origin',(-306.088623663774,-21.6502506273096,708.499522435471));
#6316=CARTESIAN_POINT('',(-303.50006149154,-21.6502506273096,709.999522435471));
#6317=CARTESIAN_POINT('',(-297.819342577657,-21.6502506273096,709.999522435471));
#6318=CARTESIAN_POINT('',(-303.50006149154,-21.6502506273096,708.499522435471));
#6319=CARTESIAN_POINT('',(-302.00006149154,-21.6502506273096,708.499522435471));
#6320=CARTESIAN_POINT('',(-303.50006149154,-21.6502506273096,708.499522435471));
#6321=CARTESIAN_POINT('Origin',(-303.50006149154,-20.1502506273096,708.499522435471));
#6322=CARTESIAN_POINT('',(-302.125288783053,-20.7502506273097,709.999522435471));
#6323=CARTESIAN_POINT('',(-302.125288783053,-20.7502506273096,708.499522435471));
#6324=CARTESIAN_POINT('',(-302.125288783053,-20.7502506273096,708.499522435471));
#6325=CARTESIAN_POINT('Origin',(-303.50006149154,-20.1502506273096,709.999522435471));
#6326=CARTESIAN_POINT('Origin',(-303.50006149154,-20.1502506273096,708.499522435471));
#6327=CARTESIAN_POINT('Origin',(-303.50006149154,-14.1502506273096,708.499522435471));
#6328=CARTESIAN_POINT('',(-303.50006149154,-12.6502506273096,709.999522435471));
#6329=CARTESIAN_POINT('Origin',(-303.50006149154,-14.1502506273096,709.999522435471));
#6330=CARTESIAN_POINT('',(-303.50006149154,-12.6502506273096,708.499522435471));
#6331=CARTESIAN_POINT('Origin',(-303.50006149154,-14.1502506273096,708.499522435471));
#6332=CARTESIAN_POINT('',(-303.50006149154,-12.6502506273096,708.499522435471));
#6333=CARTESIAN_POINT('Origin',(-306.75006149154,-28.4002506273096,708.499522435471));
#6334=CARTESIAN_POINT('',(-307.25006149154,-28.4002506273096,709.999522435471));
#6335=CARTESIAN_POINT('Origin',(-306.75006149154,-28.4002506273096,709.999522435471));
#6336=CARTESIAN_POINT('',(-307.25006149154,-28.4002506273096,708.499522435471));
#6337=CARTESIAN_POINT('Origin',(-306.75006149154,-28.4002506273096,708.499522435471));
#6338=CARTESIAN_POINT('',(-307.25006149154,-28.4002506273096,708.499522435471));
#6339=CARTESIAN_POINT('Origin',(-307.00006149154,-27.7388127995434,708.499522435471));
#6340=CARTESIAN_POINT('',(-307.00006149154,-24.7172379254175,709.999522435471));
#6341=CARTESIAN_POINT('',(-307.00006149154,-28.7545317134266,709.999522435471));
#6342=CARTESIAN_POINT('',(-307.00006149154,-24.7172379254175,708.499522435471));
#6343=CARTESIAN_POINT('',(-307.00006149154,-24.7172379254175,713.499522435471));
#6344=CARTESIAN_POINT('',(-307.00006149154,-22.5616884550758,708.499522435471));
#6345=CARTESIAN_POINT('Origin',(-307.50006149154,-24.7172379254175,713.499522435471));
#6346=CARTESIAN_POINT('',(-307.12506149154,-25.0479568393005,709.999522435471));
#6347=CARTESIAN_POINT('Origin',(-307.50006149154,-24.7172379254175,709.999522435471));
#6348=CARTESIAN_POINT('',(-307.12506149154,-25.0479568393005,708.499522435471));
#6349=CARTESIAN_POINT('',(-307.12506149154,-25.0479568393006,713.499522435471));
#6350=CARTESIAN_POINT('Origin',(-307.50006149154,-24.7172379254175,708.499522435471));
#6351=CARTESIAN_POINT('Origin',(-307.25006149154,-28.4002506273096,713.499522435471));
#6352=CARTESIAN_POINT('',(-307.25006149154,-25.3786757531834,709.999522435471));
#6353=CARTESIAN_POINT('',(-307.25006149154,-29.0852506273097,709.999522435471));
#6354=CARTESIAN_POINT('',(-307.25006149154,-25.3786757531834,708.499522435471));
#6355=CARTESIAN_POINT('',(-307.25006149154,-29.0852506273096,708.499522435471));
#6356=CARTESIAN_POINT('',(-307.25006149154,-25.3786757531834,713.499522435471));
#6357=CARTESIAN_POINT('Origin',(-306.75006149154,-25.3786757531834,713.499522435471));
#6358=CARTESIAN_POINT('Origin',(-306.75006149154,-25.3786757531834,709.999522435471));
#6359=CARTESIAN_POINT('Origin',(-306.75006149154,-25.3786757531834,708.499522435471));
#6360=CARTESIAN_POINT('Origin',(-302.00006149154,-12.6502506273096,708.499522435471));
#6361=CARTESIAN_POINT('',(-306.849808950457,-12.6502506273096,709.999522435471));
#6362=CARTESIAN_POINT('',(-295.77506149154,-12.6502506273096,709.999522435471));
#6363=CARTESIAN_POINT('',(-306.849808950457,-12.6502506273096,708.499522435471));
#6364=CARTESIAN_POINT('',(-306.592449646965,-12.6502506273096,708.499522435471));
#6365=CARTESIAN_POINT('',(-306.849808950457,-12.6502506273096,723.499522435471));
#6366=CARTESIAN_POINT('Origin',(-308.900061482148,-16.2005031590011,723.499522435471));
#6367=CARTESIAN_POINT('',(-310.400060281754,-16.2005031590011,709.999522435471));
#6368=CARTESIAN_POINT('',(-309.960719956394,-15.1398446847557,709.999522435471));
#6369=CARTESIAN_POINT('Origin',(-308.900061482148,-16.2005031590011,709.999522435471));
#6370=CARTESIAN_POINT('',(-309.960719956394,-15.1398446847557,708.499522435471));
#6371=CARTESIAN_POINT('',(-309.960719956394,-15.1398446847557,723.499522435471));
#6372=CARTESIAN_POINT('',(-310.400060281791,-16.2005031590011,708.499522435471));
#6373=CARTESIAN_POINT('Origin',(-308.900061482148,-16.2005031590011,708.499522435471));
#6374=CARTESIAN_POINT('',(-310.400061482148,-16.2005031590011,723.499522435471));
#6375=CARTESIAN_POINT('Origin',(-309.960719956394,-15.1398446847557,723.499522435471));
#6376=CARTESIAN_POINT('',(-307.910468273469,-13.0895913042966,709.999522435471));
#6377=CARTESIAN_POINT('',(-308.515656825819,-13.6947815541807,709.999522435471));
#6378=CARTESIAN_POINT('',(-307.910468273469,-13.0895913042966,708.499522435471));
#6379=CARTESIAN_POINT('',(-307.910469122236,-13.0895904555301,723.499522435471));
#6380=CARTESIAN_POINT('',(-308.515656825819,-13.6947815541807,708.499522435471));
#6381=CARTESIAN_POINT('Origin',(-306.849808950457,-14.1502506273097,723.499522435471));
#6382=CARTESIAN_POINT('Origin',(-306.849808950457,-14.1502506273097,709.999522435471));
#6383=CARTESIAN_POINT('Origin',(-306.849808950457,-14.1502506273097,708.499522435471));
#6384=CARTESIAN_POINT('Origin',(-310.40006149154,-45.7502506273099,723.499522435471));
#6385=CARTESIAN_POINT('',(-310.40006148897,-37.7602506239568,709.999522435471));
#6386=CARTESIAN_POINT('',(-310.400061482617,-45.0999980956131,708.499522435471));
#6387=CARTESIAN_POINT('',(-310.400061484217,-22.9853768934851,708.499522435471));
#6388=CARTESIAN_POINT('',(-310.400061486121,-45.0999980956131,709.249522435471));
#6389=CARTESIAN_POINT('',(-310.400061482148,-45.099998095613,723.499522435471));
#6390=CARTESIAN_POINT('',(-310.400061485316,-46.099998095613,709.249522435471));
#6391=CARTESIAN_POINT('',(-310.400061491596,-45.9251243614615,709.249522435471));
#6392=CARTESIAN_POINT('',(-310.4000614869,-46.0999980956131,709.999522435471));
#6393=CARTESIAN_POINT('',(-310.400061482148,-46.099998095613,723.499522435471));
#6394=CARTESIAN_POINT('',(-310.40006148897,-37.7602506239568,709.999522435471));
#6395=CARTESIAN_POINT('Origin',(-308.900061482148,-46.099998095613,723.499522435471));
#6396=CARTESIAN_POINT('',(-309.960721653928,-47.1606582673929,709.999522435471));
#6397=CARTESIAN_POINT('Origin',(-308.900061482148,-46.0999980956131,709.999522435471));
#6398=CARTESIAN_POINT('',(-310.400061482676,-46.0999980956131,708.499522435471));
#6399=CARTESIAN_POINT('',(-310.400061482148,-46.099998095613,723.499522435471));
#6400=CARTESIAN_POINT('',(-309.960721653928,-47.1606582673929,708.499522435471));
#6401=CARTESIAN_POINT('Origin',(-308.900061482148,-46.0999980956131,708.499522435471));
#6402=CARTESIAN_POINT('',(-309.960721653928,-47.1606582673929,723.499522435471));
#6403=CARTESIAN_POINT('Origin',(-307.910472650812,-49.2109143276701,723.499522435471));
#6404=CARTESIAN_POINT('',(-307.910472650812,-49.2109143276702,709.999522435471));
#6405=CARTESIAN_POINT('',(-308.18055158562,-48.9408344632233,709.999522435471));
#6406=CARTESIAN_POINT('',(-307.910472650812,-49.2109143276702,708.499522435471));
#6407=CARTESIAN_POINT('',(-308.18055158562,-48.9408344632231,708.499522435471));
#6408=CARTESIAN_POINT('',(-307.910472650812,-49.2109143276701,723.499522435471));
#6409=CARTESIAN_POINT('Origin',(-306.849808950452,-48.1502506273096,723.499522435471));
#6410=CARTESIAN_POINT('',(-306.849808950452,-49.6502531223925,709.999522435471));
#6411=CARTESIAN_POINT('Origin',(-306.849808950452,-48.1502506273097,709.999522435471));
#6412=CARTESIAN_POINT('',(-306.849808950452,-49.6502531223925,708.499522435471));
#6413=CARTESIAN_POINT('Origin',(-306.849808950452,-48.1502506273097,708.499522435471));
#6414=CARTESIAN_POINT('',(-306.849808950452,-49.650250627309,723.499522435471));
#6415=CARTESIAN_POINT('Origin',(-306.87874114798,-49.6502506273091,708.499522435471));
#6416=CARTESIAN_POINT('',(-303.50006149154,-49.6502506273091,709.999522435471));
#6417=CARTESIAN_POINT('',(-298.21440131976,-49.6502506273091,709.999522435471));
#6418=CARTESIAN_POINT('',(-303.50006149154,-49.6502506273091,708.499522435471));
#6419=CARTESIAN_POINT('',(-304.592449646965,-49.6502506273091,708.499522435471));
#6420=CARTESIAN_POINT('',(-303.50006149154,-49.6502506273091,708.499522435471));
#6421=CARTESIAN_POINT('Origin',(-303.50006149154,-48.150250627309,708.499522435471));
#6422=CARTESIAN_POINT('Origin',(-303.50006149154,-48.150250627309,709.999522435471));
#6423=CARTESIAN_POINT('Origin',(-303.50006149154,-48.150250627309,708.499522435471));
#6424=CARTESIAN_POINT('Origin',(-303.50006149154,-42.1502506273096,708.499522435471));
#6425=CARTESIAN_POINT('',(-303.50006149154,-40.6502506273097,709.999522435471));
#6426=CARTESIAN_POINT('Origin',(-303.50006149154,-42.1502506273096,709.999522435471));
#6427=CARTESIAN_POINT('',(-303.50006149154,-40.6502506273097,708.499522435471));
#6428=CARTESIAN_POINT('Origin',(-303.50006149154,-42.1502506273096,708.499522435471));
#6429=CARTESIAN_POINT('',(-303.50006149154,-40.6502506273097,708.499522435471));
#6430=CARTESIAN_POINT('Origin',(-302.00006149154,-40.6502506273097,708.499522435471));
#6431=CARTESIAN_POINT('',(-306.088623663774,-40.6502506273097,709.999522435471));
#6432=CARTESIAN_POINT('',(-295.77506149154,-40.6502506273097,709.999522435471));
#6433=CARTESIAN_POINT('',(-306.088623663774,-40.6502506273097,708.499522435471));
#6434=CARTESIAN_POINT('',(-306.088623663774,-40.6502506273097,708.499522435471));
#6435=CARTESIAN_POINT('',(-306.088623663774,-40.6502506273097,708.499522435471));
#6436=CARTESIAN_POINT('Origin',(-306.088623663774,-41.1502506273096,708.499522435471));
#6437=CARTESIAN_POINT('',(-306.419342577657,-40.7752506273096,709.999522435471));
#6438=CARTESIAN_POINT('Origin',(-306.088623663774,-41.1502506273096,709.999522435471));
#6439=CARTESIAN_POINT('',(-306.419342577657,-40.7752506273096,708.499522435471));
#6440=CARTESIAN_POINT('Origin',(-306.088623663774,-41.1502506273096,708.499522435471));
#6441=CARTESIAN_POINT('',(-306.419342577657,-40.7752506273096,708.499522435471));
#6442=CARTESIAN_POINT('Origin',(-306.75006149154,-40.4002506273097,708.499522435471));
#6443=CARTESIAN_POINT('',(-307.12506149154,-40.0695317134265,709.999522435471));
#6444=CARTESIAN_POINT('Origin',(-306.75006149154,-40.4002506273097,709.999522435471));
#6445=CARTESIAN_POINT('',(-307.12506149154,-40.0695317134265,708.499522435471));
#6446=CARTESIAN_POINT('Origin',(-306.75006149154,-40.4002506273097,708.499522435471));
#6447=CARTESIAN_POINT('',(-307.12506149154,-40.0695317134265,708.499522435471));
#6448=CARTESIAN_POINT('Origin',(-307.50006149154,-39.7388127995434,708.499522435471));
#6449=CARTESIAN_POINT('',(-307.00006149154,-39.7388127995434,709.999522435471));
#6450=CARTESIAN_POINT('Origin',(-307.50006149154,-39.7388127995434,709.999522435471));
#6451=CARTESIAN_POINT('',(-307.00006149154,-39.7388127995434,708.499522435471));
#6452=CARTESIAN_POINT('Origin',(-307.50006149154,-39.7388127995434,708.499522435471));
#6453=CARTESIAN_POINT('',(-307.00006149154,-39.7388127995434,708.499522435471));
#6454=CARTESIAN_POINT('Origin',(-307.00006149154,-39.7388127995434,708.499522435471));
#6455=CARTESIAN_POINT('',(-307.00006149154,-37.3786757531835,709.999522435471));
#6456=CARTESIAN_POINT('',(-307.00006149154,-34.7545317134267,709.999522435471));
#6457=CARTESIAN_POINT('',(-307.00006149154,-37.3786757531835,708.499522435471));
#6458=CARTESIAN_POINT('',(-307.00006149154,-34.5616884550759,708.499522435471));
#6459=CARTESIAN_POINT('',(-307.00006149154,-37.3786757531835,710.999522435471));
#6460=CARTESIAN_POINT('Origin',(-307.50006149154,-37.3786757531835,710.999522435471));
#6461=CARTESIAN_POINT('',(-307.12506149154,-37.0479568393005,709.999522435471));
#6462=CARTESIAN_POINT('Origin',(-307.50006149154,-37.3786757531835,709.999522435471));
#6463=CARTESIAN_POINT('',(-307.12506149154,-37.0479568393005,708.499522435471));
#6464=CARTESIAN_POINT('Origin',(-307.50006149154,-37.3786757531835,708.499522435471));
#6465=CARTESIAN_POINT('',(-307.12506149154,-37.0479568393005,710.999522435471));
#6466=CARTESIAN_POINT('Origin',(-306.75006149154,-36.7172379254175,710.999522435471));
#6467=CARTESIAN_POINT('',(-307.25006149154,-36.7172379254175,709.999522435471));
#6468=CARTESIAN_POINT('Origin',(-306.75006149154,-36.7172379254175,709.999522435471));
#6469=CARTESIAN_POINT('',(-307.25006149154,-36.7172379254175,708.499522435471));
#6470=CARTESIAN_POINT('Origin',(-306.75006149154,-36.7172379254175,708.499522435471));
#6471=CARTESIAN_POINT('',(-307.25006149154,-36.7172379254175,710.999522435471));
#6472=CARTESIAN_POINT('Origin',(-307.25006149154,-37.1502506273096,713.499522435471));
#6473=CARTESIAN_POINT('',(-307.25006149154,-33.9002506273096,709.999522435471));
#6474=CARTESIAN_POINT('',(-307.25006149154,-33.4602506273097,709.999522435471));
#6475=CARTESIAN_POINT('',(-307.25006149154,-33.9002506273096,708.499522435471));
#6476=CARTESIAN_POINT('',(-307.25006149154,-33.4602506273096,708.499522435471));
#6477=CARTESIAN_POINT('',(-307.25006149154,-33.9002506273096,708.499522435471));
#6478=CARTESIAN_POINT('Origin',(-306.75006149154,-33.9002506273096,708.499522435471));
#6479=CARTESIAN_POINT('',(-306.486670147719,-33.4752506273096,709.999522435471));
#6480=CARTESIAN_POINT('Origin',(-306.75006149154,-33.9002506273096,709.999522435471));
#6481=CARTESIAN_POINT('',(-306.486670147719,-33.4752506273096,708.499522435471));
#6482=CARTESIAN_POINT('Origin',(-306.75006149154,-33.9002506273096,708.499522435471));
#6483=CARTESIAN_POINT('',(-306.486670147719,-33.4752506273096,708.499522435471));
#6484=CARTESIAN_POINT('Origin',(-306.223278803897,-33.0502506273096,708.499522435471));
#6485=CARTESIAN_POINT('',(-306.223278803897,-33.5502506273096,709.999522435471));
#6486=CARTESIAN_POINT('Origin',(-306.223278803897,-33.0502506273096,709.999522435471));
#6487=CARTESIAN_POINT('',(-306.223278803897,-33.5502506273096,708.499522435471));
#6488=CARTESIAN_POINT('Origin',(-306.223278803897,-33.0502506273096,708.499522435471));
#6489=CARTESIAN_POINT('',(-306.223278803897,-33.5502506273096,708.499522435471));
#6490=CARTESIAN_POINT('Origin',(-306.223278803897,-33.5502506273096,708.499522435471));
#6491=CARTESIAN_POINT('',(-304.30006149154,-33.5502506273096,709.999522435471));
#6492=CARTESIAN_POINT('',(-297.886670147719,-33.5502506273096,709.999522435471));
#6493=CARTESIAN_POINT('',(-304.30006149154,-33.5502506273096,708.499522435471));
#6494=CARTESIAN_POINT('',(-304.576844179183,-33.5502506273096,708.499522435471));
#6495=CARTESIAN_POINT('',(-304.30006149154,-33.5502506273096,708.499522435471));
#6496=CARTESIAN_POINT('Origin',(-304.30006149154,-33.0502506273096,708.499522435471));
#6497=CARTESIAN_POINT('Origin',(-304.30006149154,-33.0502506273096,709.999522435471));
#6498=CARTESIAN_POINT('Origin',(-304.30006149154,-33.0502506273096,708.499522435471));
#6499=CARTESIAN_POINT('Origin',(-310.400061482148,-46.099998095613,709.249522435471));
#6500=CARTESIAN_POINT('',(-310.400061482148,-37.9351243614614,708.499522435471));
#6501=CARTESIAN_POINT('Origin',(-301.208773644062,-21.1502506273096,708.499522435471));
#6502=CARTESIAN_POINT('Origin',(-301.208773644062,-21.1502506273096,709.999522435471));
#6503=CARTESIAN_POINT('Origin',(-301.208773644062,-21.1502506273096,708.499522435471));
#6504=CARTESIAN_POINT('Origin',(-312.45006149154,-29.7702506273097,708.499522435471));
#6505=CARTESIAN_POINT('Origin',(-322.800061482147,-21.6502506273087,708.499522435471));
#6506=CARTESIAN_POINT('',(-322.800061482147,-14.1502506273087,708.499522435471));
#6507=CARTESIAN_POINT('',(-322.800061482147,-25.1545287183646,708.499522435471));
#6508=CARTESIAN_POINT('',(-322.800061482147,-14.1502506273087,709.999522435471));
#6509=CARTESIAN_POINT('',(-322.800061482147,-14.1502506273087,708.499522435471));
#6510=CARTESIAN_POINT('',(-322.800061482148,-25.7102506273088,709.999522435471));
#6511=CARTESIAN_POINT('Origin',(-322.800061482147,-21.6502506273087,708.499522435471));
#6512=CARTESIAN_POINT('',(-322.800061482147,-20.5388068094205,709.999522435471));
#6513=CARTESIAN_POINT('',(-322.800061482148,-25.7102506273088,709.999522435471));
#6514=CARTESIAN_POINT('',(-322.800061482147,-20.5388068094205,708.499522435471));
#6515=CARTESIAN_POINT('',(-322.800061482147,-20.5388068094193,708.499522435471));
#6516=CARTESIAN_POINT('',(-322.800061482147,-25.1545287183646,708.499522435471));
#6517=CARTESIAN_POINT('Origin',(-312.45006149154,-29.7702506273097,708.499522435471));
#6518=CARTESIAN_POINT('',(-324.30006148215,-49.6502506273079,708.499522435471));
#6519=CARTESIAN_POINT('Origin',(-324.30006148215,-48.1502506273079,708.499522435471));
#6520=CARTESIAN_POINT('',(-327.649808941062,-49.6502531223911,708.499522435471));
#6521=CARTESIAN_POINT('',(-325.392449637575,-49.6502506273078,708.499522435471));
#6522=CARTESIAN_POINT('',(-328.710472641422,-49.2109143276686,708.499522435471));
#6523=CARTESIAN_POINT('Origin',(-327.649808941062,-48.1502506273082,708.499522435471));
#6524=CARTESIAN_POINT('',(-330.760721644538,-47.1606582673912,708.499522435471));
#6525=CARTESIAN_POINT('',(-328.98055157623,-48.9408344632216,708.499522435471));
#6526=CARTESIAN_POINT('',(-331.20006147751,-46.0999980956113,708.499522435471));
#6527=CARTESIAN_POINT('Origin',(-329.700061472758,-46.0999980956115,708.499522435471));
#6528=CARTESIAN_POINT('',(-331.200060272361,-16.2005031589994,708.499522435471));
#6529=CARTESIAN_POINT('',(-331.200061479579,-37.7602506239549,708.499522435471));
#6530=CARTESIAN_POINT('',(-330.760719947001,-15.139844684754,708.499522435471));
#6531=CARTESIAN_POINT('Origin',(-329.700061472755,-16.2005031589995,708.499522435471));
#6532=CARTESIAN_POINT('',(-328.710468264076,-13.0895913042952,708.499522435471));
#6533=CARTESIAN_POINT('',(-329.315656816426,-13.6947815541792,708.499522435471));
#6534=CARTESIAN_POINT('',(-327.649808941064,-12.6502506273082,708.499522435471));
#6535=CARTESIAN_POINT('Origin',(-327.649808941064,-14.1502506273083,708.499522435471));
#6536=CARTESIAN_POINT('',(-324.300061482147,-12.6502506273085,708.499522435471));
#6537=CARTESIAN_POINT('',(-327.392449637572,-12.6502506273083,708.499522435471));
#6538=CARTESIAN_POINT('Origin',(-324.300061482147,-14.1502506273085,708.499522435471));
#6539=CARTESIAN_POINT('',(-322.925288773661,-20.7502506273087,708.499522435471));
#6540=CARTESIAN_POINT('Origin',(-322.00877363467,-21.1502506273087,708.499522435471));
#6541=CARTESIAN_POINT('',(-324.300061482147,-21.6502506273085,708.499522435471));
#6542=CARTESIAN_POINT('Origin',(-324.300061482147,-20.1502506273085,708.499522435471));
#6543=CARTESIAN_POINT('',(-326.888623654381,-21.6502506273083,708.499522435471));
#6544=CARTESIAN_POINT('',(-322.800061482147,-21.6502506273087,708.499522435471));
#6545=CARTESIAN_POINT('',(-327.219342568264,-21.5252506273083,708.499522435471));
#6546=CARTESIAN_POINT('Origin',(-326.888623654381,-21.1502506273083,708.499522435471));
#6547=CARTESIAN_POINT('',(-327.925061482148,-22.2309695411913,708.499522435471));
#6548=CARTESIAN_POINT('Origin',(-327.550061482148,-21.9002506273082,708.499522435471));
#6549=CARTESIAN_POINT('',(-327.800061482148,-22.5616884550744,708.499522435471));
#6550=CARTESIAN_POINT('Origin',(-328.300061482148,-22.5616884550744,708.499522435471));
#6551=CARTESIAN_POINT('',(-327.800061482148,-24.7172379254161,708.499522435471));
#6552=CARTESIAN_POINT('',(-327.800061482148,-22.5616884550744,708.499522435471));
#6553=CARTESIAN_POINT('',(-327.925061482148,-25.0479568392991,708.499522435471));
#6554=CARTESIAN_POINT('Origin',(-328.300061482148,-24.7172379254161,708.499522435471));
#6555=CARTESIAN_POINT('',(-328.050061482148,-25.378675753182,708.499522435471));
#6556=CARTESIAN_POINT('Origin',(-327.550061482148,-25.378675753182,708.499522435471));
#6557=CARTESIAN_POINT('',(-328.050061482148,-28.4002506273082,708.499522435471));
#6558=CARTESIAN_POINT('',(-328.050061482148,-29.0852506273082,708.499522435471));
#6559=CARTESIAN_POINT('',(-327.286670138327,-28.8252506273083,708.499522435471));
#6560=CARTESIAN_POINT('Origin',(-327.550061482148,-28.4002506273082,708.499522435471));
#6561=CARTESIAN_POINT('',(-327.023278794505,-28.7502506273083,708.499522435471));
#6562=CARTESIAN_POINT('Origin',(-327.023278794505,-29.2502506273083,708.499522435471));
#6563=CARTESIAN_POINT('',(-325.100061482148,-28.7502506273085,708.499522435471));
#6564=CARTESIAN_POINT('',(-327.023278794505,-28.7502506273083,708.499522435471));
#6565=CARTESIAN_POINT('',(-324.600061482148,-29.2502506273085,708.499522435471));
#6566=CARTESIAN_POINT('Origin',(-325.100061482148,-29.2502506273085,708.499522435471));
#6567=CARTESIAN_POINT('',(-324.600061482149,-33.0502506273085,708.499522435471));
#6568=CARTESIAN_POINT('',(-324.600061482148,-28.7502506273085,708.499522435471));
#6569=CARTESIAN_POINT('',(-325.100061482149,-33.5502506273085,708.499522435471));
#6570=CARTESIAN_POINT('Origin',(-325.100061482149,-33.0502506273085,708.499522435471));
#6571=CARTESIAN_POINT('',(-327.023278794506,-33.5502506273083,708.499522435471));
#6572=CARTESIAN_POINT('',(-325.376844169792,-33.5502506273084,708.499522435471));
#6573=CARTESIAN_POINT('',(-327.286670138328,-33.4752506273083,708.499522435471));
#6574=CARTESIAN_POINT('Origin',(-327.023278794506,-33.0502506273083,708.499522435471));
#6575=CARTESIAN_POINT('',(-328.050061482149,-33.9002506273082,708.499522435471));
#6576=CARTESIAN_POINT('Origin',(-327.550061482149,-33.9002506273082,708.499522435471));
#6577=CARTESIAN_POINT('',(-328.050061482149,-36.7172379254161,708.499522435471));
#6578=CARTESIAN_POINT('',(-328.050061482149,-33.4602506273082,708.499522435471));
#6579=CARTESIAN_POINT('',(-327.925061482149,-37.0479568392991,708.499522435471));
#6580=CARTESIAN_POINT('Origin',(-327.550061482149,-36.7172379254161,708.499522435471));
#6581=CARTESIAN_POINT('',(-327.800061482149,-37.378675753182,708.499522435471));
#6582=CARTESIAN_POINT('Origin',(-328.300061482149,-37.378675753182,708.499522435471));
#6583=CARTESIAN_POINT('',(-327.800061482149,-39.738812799542,708.499522435471));
#6584=CARTESIAN_POINT('',(-327.800061482149,-34.5616884550744,708.499522435471));
#6585=CARTESIAN_POINT('',(-327.925061482149,-40.0695317134251,708.499522435471));
#6586=CARTESIAN_POINT('Origin',(-328.300061482149,-39.738812799542,708.499522435471));
#6587=CARTESIAN_POINT('',(-327.219342568266,-40.7752506273083,708.499522435471));
#6588=CARTESIAN_POINT('Origin',(-327.550061482149,-40.4002506273083,708.499522435471));
#6589=CARTESIAN_POINT('',(-326.888623654383,-40.6502506273083,708.499522435471));
#6590=CARTESIAN_POINT('Origin',(-326.888623654383,-41.1502506273083,708.499522435471));
#6591=CARTESIAN_POINT('',(-324.300061482149,-40.6502506273085,708.499522435471));
#6592=CARTESIAN_POINT('',(-326.888623654383,-40.6502506273083,708.499522435471));
#6593=CARTESIAN_POINT('Origin',(-324.300061482149,-42.1502506273085,708.499522435471));
#6594=CARTESIAN_POINT('',(-327.750061482147,-17.6502506273082,708.499522435471));
#6595=CARTESIAN_POINT('Origin',(-326.200061482147,-17.6502506273084,708.499522435471));
#6596=CARTESIAN_POINT('',(-327.75006148215,-44.6502506273082,708.499522435471));
#6597=CARTESIAN_POINT('Origin',(-326.20006148215,-44.6502506273084,708.499522435471));
#6598=CARTESIAN_POINT('Origin',(-322.00877363467,-21.1502506273087,708.499522435471));
#6599=CARTESIAN_POINT('',(-322.925288773661,-20.7502506273087,709.999522435471));
#6600=CARTESIAN_POINT('Origin',(-322.00877363467,-21.1502506273087,709.999522435471));
#6601=CARTESIAN_POINT('',(-322.925288773661,-20.7502506273087,708.499522435471));
#6602=CARTESIAN_POINT('Origin',(-310.350061482148,-29.7702506273099,709.999522435471));
#6603=CARTESIAN_POINT('',(-324.300061482147,-12.6502506273085,709.999522435471));
#6604=CARTESIAN_POINT('Origin',(-324.300061482147,-14.1502506273085,709.999522435471));
#6605=CARTESIAN_POINT('',(-327.649808941064,-12.6502506273082,709.999522435471));
#6606=CARTESIAN_POINT('',(-316.575061482147,-12.6502506273092,709.999522435471));
#6607=CARTESIAN_POINT('',(-328.710468264076,-13.0895913042952,709.999522435471));
#6608=CARTESIAN_POINT('Origin',(-327.649808941064,-14.1502506273083,709.999522435471));
#6609=CARTESIAN_POINT('',(-330.760719947001,-15.139844684754,709.999522435471));
#6610=CARTESIAN_POINT('',(-329.315656816426,-13.6947815541792,709.999522435471));
#6611=CARTESIAN_POINT('',(-331.200060272361,-16.2005031589994,709.999522435471));
#6612=CARTESIAN_POINT('Origin',(-329.700061472755,-16.2005031589995,709.999522435471));
#6613=CARTESIAN_POINT('',(-331.20006147751,-46.0999980956113,709.999522435471));
#6614=CARTESIAN_POINT('',(-331.200061479579,-37.760250623955,709.999522435471));
#6615=CARTESIAN_POINT('',(-330.760721644538,-47.1606582673912,709.999522435471));
#6616=CARTESIAN_POINT('Origin',(-329.700061472758,-46.0999980956115,709.999522435471));
#6617=CARTESIAN_POINT('',(-328.710472641422,-49.2109143276686,709.999522435471));
#6618=CARTESIAN_POINT('',(-328.98055157623,-48.9408344632217,709.999522435471));
#6619=CARTESIAN_POINT('',(-327.649808941062,-49.6502531223911,709.999522435471));
#6620=CARTESIAN_POINT('Origin',(-327.649808941062,-48.1502506273082,709.999522435471));
#6621=CARTESIAN_POINT('',(-324.30006148215,-49.6502506273079,709.999522435471));
#6622=CARTESIAN_POINT('',(-319.01440131037,-49.6502506273084,709.999522435471));
#6623=CARTESIAN_POINT('Origin',(-324.30006148215,-48.1502506273079,709.999522435471));
#6624=CARTESIAN_POINT('',(-324.300061482149,-40.6502506273085,709.999522435471));
#6625=CARTESIAN_POINT('Origin',(-324.300061482149,-42.1502506273085,709.999522435471));
#6626=CARTESIAN_POINT('',(-326.888623654383,-40.6502506273083,709.999522435471));
#6627=CARTESIAN_POINT('',(-316.575061482149,-40.6502506273093,709.999522435471));
#6628=CARTESIAN_POINT('',(-327.219342568266,-40.7752506273083,709.999522435471));
#6629=CARTESIAN_POINT('Origin',(-326.888623654383,-41.1502506273083,709.999522435471));
#6630=CARTESIAN_POINT('',(-327.925061482149,-40.0695317134251,709.999522435471));
#6631=CARTESIAN_POINT('Origin',(-327.550061482149,-40.4002506273083,709.999522435471));
#6632=CARTESIAN_POINT('',(-327.800061482149,-39.738812799542,709.999522435471));
#6633=CARTESIAN_POINT('Origin',(-328.300061482149,-39.738812799542,709.999522435471));
#6634=CARTESIAN_POINT('',(-327.800061482149,-37.378675753182,709.999522435471));
#6635=CARTESIAN_POINT('',(-327.800061482149,-34.7545317134252,709.999522435471));
#6636=CARTESIAN_POINT('',(-327.925061482149,-37.0479568392991,709.999522435471));
#6637=CARTESIAN_POINT('Origin',(-328.300061482149,-37.378675753182,709.999522435471));
#6638=CARTESIAN_POINT('',(-328.050061482149,-36.7172379254161,709.999522435471));
#6639=CARTESIAN_POINT('Origin',(-327.550061482149,-36.7172379254161,709.999522435471));
#6640=CARTESIAN_POINT('',(-328.050061482149,-33.9002506273082,709.999522435471));
#6641=CARTESIAN_POINT('',(-328.050061482149,-33.4602506273083,709.999522435471));
#6642=CARTESIAN_POINT('',(-327.286670138328,-33.4752506273083,709.999522435471));
#6643=CARTESIAN_POINT('Origin',(-327.550061482149,-33.9002506273082,709.999522435471));
#6644=CARTESIAN_POINT('',(-327.023278794506,-33.5502506273083,709.999522435471));
#6645=CARTESIAN_POINT('Origin',(-327.023278794506,-33.0502506273083,709.999522435471));
#6646=CARTESIAN_POINT('',(-325.100061482149,-33.5502506273085,709.999522435471));
#6647=CARTESIAN_POINT('',(-318.686670138328,-33.5502506273091,709.999522435471));
#6648=CARTESIAN_POINT('',(-324.600061482149,-33.0502506273085,709.999522435471));
#6649=CARTESIAN_POINT('Origin',(-325.100061482149,-33.0502506273085,709.999522435471));
#6650=CARTESIAN_POINT('',(-324.600061482148,-29.2502506273085,709.999522435471));
#6651=CARTESIAN_POINT('',(-324.600061482148,-31.6187442763625,709.999522435471));
#6652=CARTESIAN_POINT('',(-325.100061482148,-28.7502506273085,709.999522435471));
#6653=CARTESIAN_POINT('Origin',(-325.100061482148,-29.2502506273085,709.999522435471));
#6654=CARTESIAN_POINT('',(-327.023278794505,-28.7502506273083,709.999522435471));
#6655=CARTESIAN_POINT('',(-317.863452825969,-28.7502506273091,709.999522435471));
#6656=CARTESIAN_POINT('',(-327.286670138327,-28.8252506273083,709.999522435471));
#6657=CARTESIAN_POINT('Origin',(-327.023278794505,-29.2502506273083,709.999522435471));
#6658=CARTESIAN_POINT('',(-328.050061482148,-28.4002506273082,709.999522435471));
#6659=CARTESIAN_POINT('Origin',(-327.550061482148,-28.4002506273082,709.999522435471));
#6660=CARTESIAN_POINT('',(-328.050061482148,-25.378675753182,709.999522435471));
#6661=CARTESIAN_POINT('',(-328.050061482148,-29.0852506273083,709.999522435471));
#6662=CARTESIAN_POINT('',(-327.925061482148,-25.0479568392991,709.999522435471));
#6663=CARTESIAN_POINT('Origin',(-327.550061482148,-25.378675753182,709.999522435471));
#6664=CARTESIAN_POINT('',(-327.800061482148,-24.7172379254161,709.999522435471));
#6665=CARTESIAN_POINT('Origin',(-328.300061482148,-24.7172379254161,709.999522435471));
#6666=CARTESIAN_POINT('',(-327.800061482148,-22.5616884550744,709.999522435471));
#6667=CARTESIAN_POINT('',(-327.800061482148,-28.7545317134252,709.999522435471));
#6668=CARTESIAN_POINT('',(-327.925061482148,-22.2309695411913,709.999522435471));
#6669=CARTESIAN_POINT('Origin',(-328.300061482148,-22.5616884550744,709.999522435471));
#6670=CARTESIAN_POINT('',(-327.219342568264,-21.5252506273083,709.999522435471));
#6671=CARTESIAN_POINT('Origin',(-327.550061482148,-21.9002506273082,709.999522435471));
#6672=CARTESIAN_POINT('',(-326.888623654381,-21.6502506273083,709.999522435471));
#6673=CARTESIAN_POINT('Origin',(-326.888623654381,-21.1502506273083,709.999522435471));
#6674=CARTESIAN_POINT('',(-324.300061482147,-21.6502506273085,709.999522435471));
#6675=CARTESIAN_POINT('',(-318.619342568264,-21.6502506273091,709.999522435471));
#6676=CARTESIAN_POINT('Origin',(-324.300061482147,-20.1502506273085,709.999522435471));
#6677=CARTESIAN_POINT('',(-327.75006148215,-44.6502506273082,709.999522435471));
#6678=CARTESIAN_POINT('Origin',(-326.20006148215,-44.6502506273084,709.999522435471));
#6679=CARTESIAN_POINT('',(-327.750061482147,-17.6502506273082,709.999522435471));
#6680=CARTESIAN_POINT('Origin',(-326.200061482147,-17.6502506273084,709.999522435471));
#6681=CARTESIAN_POINT('Origin',(-325.100061482149,-33.0502506273085,708.499522435471));
#6682=CARTESIAN_POINT('',(-325.100061482149,-33.5502506273085,708.499522435471));
#6683=CARTESIAN_POINT('',(-324.600061482149,-33.0502506273085,708.499522435471));
#6684=CARTESIAN_POINT('Origin',(-327.023278794506,-33.5502506273083,708.499522435471));
#6685=CARTESIAN_POINT('',(-327.023278794506,-33.5502506273083,708.499522435471));
#6686=CARTESIAN_POINT('Origin',(-327.023278794506,-33.0502506273083,708.499522435471));
#6687=CARTESIAN_POINT('',(-327.286670138328,-33.4752506273083,708.499522435471));
#6688=CARTESIAN_POINT('Origin',(-327.550061482149,-33.9002506273082,708.499522435471));
#6689=CARTESIAN_POINT('',(-328.050061482149,-33.9002506273082,708.499522435471));
#6690=CARTESIAN_POINT('Origin',(-328.050061482149,-37.1502506273082,713.499522435471));
#6691=CARTESIAN_POINT('',(-328.050061482149,-36.7172379254161,710.999522435471));
#6692=CARTESIAN_POINT('Origin',(-327.550061482149,-36.7172379254161,710.999522435471));
#6693=CARTESIAN_POINT('',(-327.925061482149,-37.0479568392991,710.999522435471));
#6694=CARTESIAN_POINT('Origin',(-328.300061482149,-37.378675753182,710.999522435471));
#6695=CARTESIAN_POINT('',(-327.800061482149,-37.378675753182,710.999522435471));
#6696=CARTESIAN_POINT('Origin',(-327.800061482149,-39.738812799542,708.499522435471));
#6697=CARTESIAN_POINT('',(-327.800061482149,-39.738812799542,708.499522435471));
#6698=CARTESIAN_POINT('Origin',(-328.300061482149,-39.738812799542,708.499522435471));
#6699=CARTESIAN_POINT('',(-327.925061482149,-40.0695317134251,708.499522435471));
#6700=CARTESIAN_POINT('Origin',(-327.550061482149,-40.4002506273083,708.499522435471));
#6701=CARTESIAN_POINT('',(-327.219342568266,-40.7752506273083,708.499522435471));
#6702=CARTESIAN_POINT('Origin',(-326.888623654383,-41.1502506273083,708.499522435471));
#6703=CARTESIAN_POINT('',(-326.888623654383,-40.6502506273083,708.499522435471));
#6704=CARTESIAN_POINT('Origin',(-322.800061482149,-40.6502506273087,708.499522435471));
#6705=CARTESIAN_POINT('',(-324.300061482149,-40.6502506273085,708.499522435471));
#6706=CARTESIAN_POINT('Origin',(-324.300061482149,-42.1502506273085,708.499522435471));
#6707=CARTESIAN_POINT('Origin',(-324.30006148215,-48.1502506273079,708.499522435471));
#6708=CARTESIAN_POINT('',(-324.30006148215,-49.6502506273079,708.499522435471));
#6709=CARTESIAN_POINT('Origin',(-327.67874113859,-49.6502506273076,708.499522435471));
#6710=CARTESIAN_POINT('',(-327.649808941062,-49.6502506273076,723.499522435471));
#6711=CARTESIAN_POINT('Origin',(-327.649808941062,-48.1502506273082,723.499522435471));
#6712=CARTESIAN_POINT('',(-328.710472641422,-49.2109143276686,723.499522435471));
#6713=CARTESIAN_POINT('Origin',(-328.710472641422,-49.2109143276686,723.499522435471));
#6714=CARTESIAN_POINT('',(-330.760721644538,-47.1606582673913,723.499522435471));
#6715=CARTESIAN_POINT('Origin',(-329.700061472758,-46.0999980956114,723.499522435471));
#6716=CARTESIAN_POINT('',(-331.200061472758,-46.0999980956113,723.499522435471));
#6717=CARTESIAN_POINT('Origin',(-331.20006148215,-45.7502506273082,723.499522435471));
#6718=CARTESIAN_POINT('',(-331.200061472755,-16.2005031589994,723.499522435471));
#6719=CARTESIAN_POINT('Origin',(-327.649808941064,-14.1502506273083,723.499522435471));
#6720=CARTESIAN_POINT('',(-327.649808941064,-12.6502506273082,723.499522435471));
#6721=CARTESIAN_POINT('',(-328.710469112843,-13.0895904555286,723.499522435471));
#6722=CARTESIAN_POINT('Origin',(-330.760719947001,-15.139844684754,723.499522435471));
#6723=CARTESIAN_POINT('',(-330.760719947001,-15.139844684754,723.499522435471));
#6724=CARTESIAN_POINT('Origin',(-329.700061472755,-16.2005031589995,723.499522435471));
#6725=CARTESIAN_POINT('Origin',(-322.800061482147,-12.6502506273087,708.499522435471));
#6726=CARTESIAN_POINT('',(-324.300061482147,-12.6502506273085,708.499522435471));
#6727=CARTESIAN_POINT('Origin',(-327.550061482148,-25.378675753182,713.499522435471));
#6728=CARTESIAN_POINT('',(-328.050061482148,-25.378675753182,713.499522435471));
#6729=CARTESIAN_POINT('',(-327.925061482148,-25.0479568392991,713.499522435471));
#6730=CARTESIAN_POINT('Origin',(-328.050061482148,-28.4002506273082,713.499522435471));
#6731=CARTESIAN_POINT('',(-328.050061482148,-28.4002506273082,708.499522435471));
#6732=CARTESIAN_POINT('Origin',(-328.300061482148,-24.7172379254161,713.499522435471));
#6733=CARTESIAN_POINT('',(-327.800061482148,-24.7172379254161,713.499522435471));
#6734=CARTESIAN_POINT('Origin',(-327.800061482148,-27.738812799542,708.499522435471));
#6735=CARTESIAN_POINT('',(-327.800061482148,-22.5616884550744,708.499522435471));
#6736=CARTESIAN_POINT('Origin',(-327.550061482148,-28.4002506273082,708.499522435471));
#6737=CARTESIAN_POINT('',(-327.286670138327,-28.8252506273083,708.499522435471));
#6738=CARTESIAN_POINT('Origin',(-324.300061482147,-14.1502506273085,708.499522435471));
#6739=CARTESIAN_POINT('Origin',(-324.300061482147,-20.1502506273085,708.499522435471));
#6740=CARTESIAN_POINT('',(-324.300061482147,-21.6502506273085,708.499522435471));
#6741=CARTESIAN_POINT('Origin',(-326.888623654381,-21.6502506273083,708.499522435471));
#6742=CARTESIAN_POINT('',(-326.888623654381,-21.6502506273083,708.499522435471));
#6743=CARTESIAN_POINT('Origin',(-325.100061482148,-29.2502506273085,708.499522435471));
#6744=CARTESIAN_POINT('',(-324.600061482148,-29.2502506273085,708.499522435471));
#6745=CARTESIAN_POINT('',(-325.100061482148,-28.7502506273085,708.499522435471));
#6746=CARTESIAN_POINT('Origin',(-324.600061482149,-33.4672379254163,708.499522435471));
#6747=CARTESIAN_POINT('Origin',(-325.376844169791,-28.7502506273084,708.499522435471));
#6748=CARTESIAN_POINT('',(-327.023278794505,-28.7502506273083,708.499522435471));
#6749=CARTESIAN_POINT('Origin',(-326.200061482147,-17.6502506273084,708.499522435471));
#6750=CARTESIAN_POINT('',(-327.750061482147,-17.6502506273083,708.499522435471));
#6751=CARTESIAN_POINT('Origin',(-326.20006148215,-44.6502506273084,708.499522435471));
#6752=CARTESIAN_POINT('',(-327.75006148215,-44.6502506273083,708.499522435471));
#6753=CARTESIAN_POINT('Origin',(-326.888623654381,-21.1502506273083,708.499522435471));
#6754=CARTESIAN_POINT('',(-327.219342568264,-21.5252506273083,708.499522435471));
#6755=CARTESIAN_POINT('Origin',(-327.550061482148,-21.9002506273082,708.499522435471));
#6756=CARTESIAN_POINT('',(-327.925061482148,-22.2309695411913,708.499522435471));
#6757=CARTESIAN_POINT('Origin',(-328.300061482148,-22.5616884550744,708.499522435471));
#6758=CARTESIAN_POINT('Origin',(-327.023278794505,-29.2502506273083,708.499522435471));
#6759=CARTESIAN_POINT('',(0.,0.,0.));
#6760=UNCERTAINTY_MEASURE_WITH_UNIT(LENGTH_MEASURE(0.01),#6766,
'DISTANCE_ACCURACY_VALUE',
'Maximum model space distance between geometric entities at asserted c
onnectivities');
#6761=UNCERTAINTY_MEASURE_WITH_UNIT(LENGTH_MEASURE(0.01),#6766,
'DISTANCE_ACCURACY_VALUE',
'Maximum model space distance between geometric entities at asserted c
onnectivities');
#6762=UNCERTAINTY_MEASURE_WITH_UNIT(LENGTH_MEASURE(0.01),#6766,
'DISTANCE_ACCURACY_VALUE',
'Maximum model space distance between geometric entities at asserted c
onnectivities');
#6763=(
GEOMETRIC_REPRESENTATION_CONTEXT(3)
GLOBAL_UNCERTAINTY_ASSIGNED_CONTEXT((#6760))
GLOBAL_UNIT_ASSIGNED_CONTEXT((#6766,#6768,#6769))
REPRESENTATION_CONTEXT('','3D')
);
#6764=(
GEOMETRIC_REPRESENTATION_CONTEXT(3)
GLOBAL_UNCERTAINTY_ASSIGNED_CONTEXT((#6761))
GLOBAL_UNIT_ASSIGNED_CONTEXT((#6766,#6768,#6769))
REPRESENTATION_CONTEXT('','3D')
);
#6765=(
GEOMETRIC_REPRESENTATION_CONTEXT(3)
GLOBAL_UNCERTAINTY_ASSIGNED_CONTEXT((#6762))
GLOBAL_UNIT_ASSIGNED_CONTEXT((#6766,#6768,#6769))
REPRESENTATION_CONTEXT('','3D')
);
#6766=(
LENGTH_UNIT()
NAMED_UNIT(*)
SI_UNIT(.MILLI.,.METRE.)
);
#6767=(
LENGTH_UNIT()
NAMED_UNIT(*)
SI_UNIT($,.METRE.)
);
#6768=(
NAMED_UNIT(*)
PLANE_ANGLE_UNIT()
SI_UNIT($,.RADIAN.)
);
#6769=(
NAMED_UNIT(*)
SI_UNIT($,.STERADIAN.)
SOLID_ANGLE_UNIT()
);
#6770=SHAPE_DEFINITION_REPRESENTATION(#6772,#6775);
#6771=SHAPE_DEFINITION_REPRESENTATION(#6773,#6776);
#6772=PRODUCT_DEFINITION_SHAPE('',$,#6778);
#6773=PRODUCT_DEFINITION_SHAPE('',$,#6779);
#6774=PRODUCT_DEFINITION_SHAPE($,$,#14);
#6775=SHAPE_REPRESENTATION('',(#3965,#4380),#6763);
#6776=SHAPE_REPRESENTATION('',(#3966),#6764);
#6777=PRODUCT_DEFINITION_CONTEXT('part definition',#6785,'design');
#6778=PRODUCT_DEFINITION('2026-08-06-20-18-19-490','(Unsaved)',#6780,#6777);
#6779=PRODUCT_DEFINITION('2026-08-22-21-53-21-546',
'Combined_Sheet_metal_9mm_spacer_c_1.5mm',#6781,#6777);
#6780=PRODUCT_DEFINITION_FORMATION('',$,#6787);
#6781=PRODUCT_DEFINITION_FORMATION('',$,#6788);
#6782=PRODUCT_RELATED_PRODUCT_CATEGORY('(Unsaved)','(Unsaved)',(#6787));
#6783=PRODUCT_RELATED_PRODUCT_CATEGORY(
'Combined_Sheet_metal_9mm_spacer_c_1.5mm',
'Combined_Sheet_metal_9mm_spacer_c_1.5mm',(#6788));
#6784=APPLICATION_PROTOCOL_DEFINITION('international standard',
'automotive_design',2009,#6785);
#6785=APPLICATION_CONTEXT(
'Core Data for Automotive Mechanical Design Process');
#6786=PRODUCT_CONTEXT('part definition',#6785,'mechanical');
#6787=PRODUCT('2026-08-06-20-18-19-490','(Unsaved)',$,(#6786));
#6788=PRODUCT('2026-08-22-21-53-21-546',
'Combined_Sheet_metal_9mm_spacer_c_1.5mm',$,(#6786));
#6789=PRESENTATION_STYLE_ASSIGNMENT((#6791));
#6790=PRESENTATION_STYLE_ASSIGNMENT((#6792));
#6791=SURFACE_STYLE_USAGE(.BOTH.,#6793);
#6792=SURFACE_STYLE_USAGE(.BOTH.,#6794);
#6793=SURFACE_SIDE_STYLE('',(#6795));
#6794=SURFACE_SIDE_STYLE('',(#6796));
#6795=SURFACE_STYLE_FILL_AREA(#6797);
#6796=SURFACE_STYLE_FILL_AREA(#6798);
#6797=FILL_AREA_STYLE('Steel - Satin',(#6799));
#6798=FILL_AREA_STYLE('Opaque(245,245,246)',(#6800));
#6799=FILL_AREA_STYLE_COLOUR('Steel - Satin',#6801);
#6800=FILL_AREA_STYLE_COLOUR('Opaque(245,245,246)',#6802);
#6801=COLOUR_RGB('Steel - Satin',0.627450980392157,0.627450980392157,0.627450980392157);
#6802=COLOUR_RGB('Opaque(245,245,246)',0.96078431372549,0.96078431372549,
0.964705882352941);
ENDSEC;
END-ISO-10303-21;
