ISO-10303-21;
HEADER;
/* Generated by software containing ST-Developer
 * from STEP Tools, Inc. (www.steptools.com) 
 */

FILE_DESCRIPTION(
/* description */ (''),
/* implementation_level */ '2;1');

FILE_NAME(
/* name */ 'X_endstop.step',
/* time_stamp */ '2026-10-07T19:43:07+02:00',
/* author */ (''),
/* organization */ (''),
/* preprocessor_version */ 'ST-DEVELOPER v20.2',
/* originating_system */ 'Autodesk Translation Framework v15.15.0.0',
/* authorisation */ '');

FILE_SCHEMA (('AUTOMOTIVE_DESIGN { 1 0 10303 214 3 1 1 }'));
ENDSEC;

DATA;
#10=MECHANICAL_DESIGN_GEOMETRIC_PRESENTATION_REPRESENTATION('',(#111,#112,
#113,#114,#115,#116,#117,#118,#119,#120,#121,#122,#123,#124,#125,#126,#127,
#128,#129,#130,#131,#132,#133,#134,#135,#136,#137,#138,#139,#140,#141,#142,
#143,#144,#145,#146,#147,#148,#149,#150,#151,#152,#153,#154,#155,#156,#157,
#158,#159,#160,#161,#162,#163,#164,#165,#166,#167,#168,#169,#170,#171,#172,
#173,#174,#175,#176,#177,#178,#179,#180,#181,#182,#183,#184,#185,#186,#187,
#188,#189,#190,#191,#192,#193,#194,#195,#196,#197,#198,#199,#200,#201,#202,
#203,#204,#205,#206),#7143);
#11=ITEM_DEFINED_TRANSFORMATION($,$,#4192,#4571);
#12=ITEM_DEFINED_TRANSFORMATION($,$,#4192,#4572);
#13=ITEM_DEFINED_TRANSFORMATION($,$,#4236,#4573);
#14=ITEM_DEFINED_TRANSFORMATION($,$,#4236,#4574);
#15=ITEM_DEFINED_TRANSFORMATION($,$,#4279,#4575);
#16=ITEM_DEFINED_TRANSFORMATION($,$,#4360,#4576);
#17=ITEM_DEFINED_TRANSFORMATION($,$,#4360,#4577);
#18=ITEM_DEFINED_TRANSFORMATION($,$,#4393,#4578);
#19=ITEM_DEFINED_TRANSFORMATION($,$,#4191,#4579);
#20=(
REPRESENTATION_RELATIONSHIP($,$,#7173,#7172)
REPRESENTATION_RELATIONSHIP_WITH_TRANSFORMATION(#11)
SHAPE_REPRESENTATION_RELATIONSHIP()
);
#21=(
REPRESENTATION_RELATIONSHIP($,$,#7173,#7172)
REPRESENTATION_RELATIONSHIP_WITH_TRANSFORMATION(#12)
SHAPE_REPRESENTATION_RELATIONSHIP()
);
#22=(
REPRESENTATION_RELATIONSHIP($,$,#7174,#7172)
REPRESENTATION_RELATIONSHIP_WITH_TRANSFORMATION(#13)
SHAPE_REPRESENTATION_RELATIONSHIP()
);
#23=(
REPRESENTATION_RELATIONSHIP($,$,#7174,#7172)
REPRESENTATION_RELATIONSHIP_WITH_TRANSFORMATION(#14)
SHAPE_REPRESENTATION_RELATIONSHIP()
);
#24=(
REPRESENTATION_RELATIONSHIP($,$,#7175,#7172)
REPRESENTATION_RELATIONSHIP_WITH_TRANSFORMATION(#15)
SHAPE_REPRESENTATION_RELATIONSHIP()
);
#25=(
REPRESENTATION_RELATIONSHIP($,$,#7176,#7172)
REPRESENTATION_RELATIONSHIP_WITH_TRANSFORMATION(#16)
SHAPE_REPRESENTATION_RELATIONSHIP()
);
#26=(
REPRESENTATION_RELATIONSHIP($,$,#7176,#7172)
REPRESENTATION_RELATIONSHIP_WITH_TRANSFORMATION(#17)
SHAPE_REPRESENTATION_RELATIONSHIP()
);
#27=(
REPRESENTATION_RELATIONSHIP($,$,#7177,#7172)
REPRESENTATION_RELATIONSHIP_WITH_TRANSFORMATION(#18)
SHAPE_REPRESENTATION_RELATIONSHIP()
);
#28=(
REPRESENTATION_RELATIONSHIP($,$,#7172,#7171)
REPRESENTATION_RELATIONSHIP_WITH_TRANSFORMATION(#19)
SHAPE_REPRESENTATION_RELATIONSHIP()
);
#29=CONTEXT_DEPENDENT_SHAPE_REPRESENTATION(#20,#7162);
#30=CONTEXT_DEPENDENT_SHAPE_REPRESENTATION(#21,#7163);
#31=CONTEXT_DEPENDENT_SHAPE_REPRESENTATION(#22,#7164);
#32=CONTEXT_DEPENDENT_SHAPE_REPRESENTATION(#23,#7165);
#33=CONTEXT_DEPENDENT_SHAPE_REPRESENTATION(#24,#7166);
#34=CONTEXT_DEPENDENT_SHAPE_REPRESENTATION(#25,#7167);
#35=CONTEXT_DEPENDENT_SHAPE_REPRESENTATION(#26,#7168);
#36=CONTEXT_DEPENDENT_SHAPE_REPRESENTATION(#27,#7169);
#37=CONTEXT_DEPENDENT_SHAPE_REPRESENTATION(#28,#7170);
#38=NEXT_ASSEMBLY_USAGE_OCCURRENCE('M3 2020 drop-in T-nut:1',
'M3 2020 drop-in T-nut:1','M3 2020 drop-in T-nut:1',#7180,#7181,
'M3 2020 drop-in T-nut:1');
#39=NEXT_ASSEMBLY_USAGE_OCCURRENCE('M3 2020 drop-in T-nut:2',
'M3 2020 drop-in T-nut:2','M3 2020 drop-in T-nut:2',#7180,#7181,
'M3 2020 drop-in T-nut:2');
#40=NEXT_ASSEMBLY_USAGE_OCCURRENCE('M3x30 SHCS:1','M3x30 SHCS:1',
'M3x30 SHCS:1',#7180,#7182,'M3x30 SHCS:1');
#41=NEXT_ASSEMBLY_USAGE_OCCURRENCE('M3x30 SHCS:2','M3x30 SHCS:2',
'M3x30 SHCS:2',#7180,#7182,'M3x30 SHCS:2');
#42=NEXT_ASSEMBLY_USAGE_OCCURRENCE('KW10 microswitch:1',
'KW10 microswitch:1','KW10 microswitch:1',#7180,#7183,
'KW10 microswitch:1');
#43=NEXT_ASSEMBLY_USAGE_OCCURRENCE('M2x10 self-tapping screw:1',
'M2x10 self-tapping screw:1','M2x10 self-tapping screw:1',#7180,#7184,
'M2x10 self-tapping screw:1');
#44=NEXT_ASSEMBLY_USAGE_OCCURRENCE('M2x10 self-tapping screw:2',
'M2x10 self-tapping screw:2','M2x10 self-tapping screw:2',#7180,#7184,
'M2x10 self-tapping screw:2');
#45=NEXT_ASSEMBLY_USAGE_OCCURRENCE('X_endstop_housing:1',
'X_endstop_housing:1','X_endstop_housing:1',#7180,#7185,
'X_endstop_housing:1');
#46=NEXT_ASSEMBLY_USAGE_OCCURRENCE('_Mount frame:1','_Mount frame:1',
'_Mount frame:1',#7179,#7180,'_Mount frame:1');
#47=B_SPLINE_SURFACE_WITH_KNOTS('',3,3,((#6866,#6867,#6868,#6869),(#6870,
#6871,#6872,#6873),(#6874,#6875,#6876,#6877),(#6878,#6879,#6880,#6881),
(#6882,#6883,#6884,#6885),(#6886,#6887,#6888,#6889)),.UNSPECIFIED.,.F.,
 .F.,.F.,(4,1,1,4),(4,4),(0.,0.285714285714286,0.571428571428571,1.),(-1.57759873710896,
-1.46212866031442),.UNSPECIFIED.);
#48=B_SPLINE_SURFACE_WITH_KNOTS('',3,3,((#6913,#6914,#6915,#6916),(#6917,
#6918,#6919,#6920),(#6921,#6922,#6923,#6924),(#6925,#6926,#6927,#6928),
(#6929,#6930,#6931,#6932),(#6933,#6934,#6935,#6936)),.UNSPECIFIED.,.F.,
 .F.,.F.,(4,1,1,4),(4,4),(0.,0.285714285714286,0.571428571428571,1.),(-2.0597097827752,
-1.94423972893727),.UNSPECIFIED.);
#49=SPHERICAL_SURFACE('',#4372,1.790942933915);
#50=ELLIPSE('',#4294,0.600022664837337,0.6);
#51=ELLIPSE('',#4457,0.565685424949238,0.4);
#52=ELLIPSE('',#4458,0.565685424949238,0.4);
#53=ELLIPSE('',#4461,0.565685424949238,0.4);
#54=ELLIPSE('',#4463,0.565685424949259,0.4);
#55=ELLIPSE('',#4469,0.565685424949238,0.4);
#56=ELLIPSE('',#4479,0.565685424949238,0.4);
#57=ELLIPSE('',#4490,0.800000000000308,0.4);
#58=ELLIPSE('',#4497,0.800000000000029,0.4);
#59=ELLIPSE('',#4518,0.270950987254778,0.260773453014126);
#60=ELLIPSE('',#4519,0.270950987254858,0.260773453014251);
#61=ELLIPSE('',#4520,0.27095098725242,0.26077345301171);
#62=ELLIPSE('',#4521,0.270950987252781,0.260773453012065);
#63=ELLIPSE('',#4532,2.1213203435596,1.5);
#64=ELLIPSE('',#4535,2.12132034355964,1.5);
#65=ELLIPSE('',#4537,2.12132034355964,1.5);
#66=ELLIPSE('',#4539,2.1213203435596,1.5);
#67=(
BOUNDED_CURVE()
B_SPLINE_CURVE(2,(#5887,#5888,#5889),.UNSPECIFIED.,.F.,.F.)
B_SPLINE_CURVE_WITH_KNOTS((3,3),(-0.375752880509707,-0.139709918898254),
 .UNSPECIFIED.)
CURVE()
GEOMETRIC_REPRESENTATION_ITEM()
RATIONAL_B_SPLINE_CURVE((1.41147367097488,1.62982940778282,1.41147367097488))
REPRESENTATION_ITEM('')
);
#68=(
BOUNDED_CURVE()
B_SPLINE_CURVE(2,(#5891,#5892,#5893),.UNSPECIFIED.,.F.,.F.)
B_SPLINE_CURVE_WITH_KNOTS((3,3),(-0.375752880509709,-0.139709918898254),
 .UNSPECIFIED.)
CURVE()
GEOMETRIC_REPRESENTATION_ITEM()
RATIONAL_B_SPLINE_CURVE((1.41147367097488,1.62982940778282,1.41147367097488))
REPRESENTATION_ITEM('')
);
#69=(
BOUNDED_CURVE()
B_SPLINE_CURVE(2,(#5895,#5896,#5897),.UNSPECIFIED.,.F.,.F.)
B_SPLINE_CURVE_WITH_KNOTS((3,3),(-0.375752880509709,-0.139709918898254),
 .UNSPECIFIED.)
CURVE()
GEOMETRIC_REPRESENTATION_ITEM()
RATIONAL_B_SPLINE_CURVE((1.41147367097488,1.62982940778282,1.41147367097488))
REPRESENTATION_ITEM('')
);
#70=(
BOUNDED_CURVE()
B_SPLINE_CURVE(2,(#5899,#5900,#5901),.UNSPECIFIED.,.F.,.F.)
B_SPLINE_CURVE_WITH_KNOTS((3,3),(0.139709918898254,0.257731399703982),
 .UNSPECIFIED.)
CURVE()
GEOMETRIC_REPRESENTATION_ITEM()
RATIONAL_B_SPLINE_CURVE((1.41147367097488,1.52065153937886,1.52065153937886))
REPRESENTATION_ITEM('')
);
#71=(
BOUNDED_CURVE()
B_SPLINE_CURVE(2,(#5906,#5907,#5908),.UNSPECIFIED.,.F.,.F.)
B_SPLINE_CURVE_WITH_KNOTS((3,3),(0.257731399703982,0.37575288050971),
 .UNSPECIFIED.)
CURVE()
GEOMETRIC_REPRESENTATION_ITEM()
RATIONAL_B_SPLINE_CURVE((1.52065153937886,1.52065153937886,1.41147367097488))
REPRESENTATION_ITEM('')
);
#72=(
BOUNDED_CURVE()
B_SPLINE_CURVE(2,(#5910,#5911,#5912),.UNSPECIFIED.,.F.,.F.)
B_SPLINE_CURVE_WITH_KNOTS((3,3),(-0.375752880509709,-0.139709918898254),
 .UNSPECIFIED.)
CURVE()
GEOMETRIC_REPRESENTATION_ITEM()
RATIONAL_B_SPLINE_CURVE((1.41147367097488,1.62982940778282,1.41147367097488))
REPRESENTATION_ITEM('')
);
#73=(
BOUNDED_CURVE()
B_SPLINE_CURVE(2,(#5913,#5914,#5915),.UNSPECIFIED.,.F.,.F.)
B_SPLINE_CURVE_WITH_KNOTS((3,3),(-0.375752880509711,-0.139709918898254),
 .UNSPECIFIED.)
CURVE()
GEOMETRIC_REPRESENTATION_ITEM()
RATIONAL_B_SPLINE_CURVE((1.41147367097488,1.62982940778283,1.41147367097488))
REPRESENTATION_ITEM('')
);
#74=(
BOUNDED_CURVE()
B_SPLINE_CURVE(2,(#6302,#6303,#6304),.UNSPECIFIED.,.F.,.F.)
B_SPLINE_CURVE_WITH_KNOTS((3,3),(0.118614470998721,0.273975193232128),
 .UNSPECIFIED.)
CURVE()
GEOMETRIC_REPRESENTATION_ITEM()
RATIONAL_B_SPLINE_CURVE((1.71400248482891,1.97915959201189,1.71400248482891))
REPRESENTATION_ITEM('')
);
#75=(
BOUNDED_CURVE()
B_SPLINE_CURVE(2,(#6327,#6328,#6329),.UNSPECIFIED.,.F.,.F.)
B_SPLINE_CURVE_WITH_KNOTS((3,3),(-0.273975193232128,-0.11861447099872),
 .UNSPECIFIED.)
CURVE()
GEOMETRIC_REPRESENTATION_ITEM()
RATIONAL_B_SPLINE_CURVE((1.71400248482891,1.97915959201189,1.71400248482891))
REPRESENTATION_ITEM('')
);
#76=(
BOUNDED_CURVE()
B_SPLINE_CURVE(2,(#6331,#6332,#6333),.UNSPECIFIED.,.F.,.F.)
B_SPLINE_CURVE_WITH_KNOTS((3,3),(-0.273975193232128,-0.118614470998721),
 .UNSPECIFIED.)
CURVE()
GEOMETRIC_REPRESENTATION_ITEM()
RATIONAL_B_SPLINE_CURVE((1.71400248482891,1.97915959201188,1.71400248482891))
REPRESENTATION_ITEM('')
);
#77=(
BOUNDED_CURVE()
B_SPLINE_CURVE(2,(#6335,#6336,#6337),.UNSPECIFIED.,.F.,.F.)
B_SPLINE_CURVE_WITH_KNOTS((3,3),(-0.273975193232128,-0.118614470998721),
 .UNSPECIFIED.)
CURVE()
GEOMETRIC_REPRESENTATION_ITEM()
RATIONAL_B_SPLINE_CURVE((1.71400248482891,1.97915959201189,1.71400248482891))
REPRESENTATION_ITEM('')
);
#78=(
BOUNDED_CURVE()
B_SPLINE_CURVE(2,(#6339,#6340,#6341),.UNSPECIFIED.,.F.,.F.)
B_SPLINE_CURVE_WITH_KNOTS((3,3),(-0.273975193232128,-0.118614470998721),
 .UNSPECIFIED.)
CURVE()
GEOMETRIC_REPRESENTATION_ITEM()
RATIONAL_B_SPLINE_CURVE((1.71400248482891,1.97915959201189,1.71400248482891))
REPRESENTATION_ITEM('')
);
#79=(
BOUNDED_CURVE()
B_SPLINE_CURVE(2,(#6343,#6344,#6345),.UNSPECIFIED.,.F.,.F.)
B_SPLINE_CURVE_WITH_KNOTS((3,3),(-0.273975193232128,-0.118614470998721),
 .UNSPECIFIED.)
CURVE()
GEOMETRIC_REPRESENTATION_ITEM()
RATIONAL_B_SPLINE_CURVE((1.71400248482891,1.97915959201189,1.71400248482891))
REPRESENTATION_ITEM('')
);
#80=(
BOUNDED_CURVE()
B_SPLINE_CURVE(2,(#6608,#6609,#6610),.UNSPECIFIED.,.F.,.F.)
B_SPLINE_CURVE_WITH_KNOTS((3,3),(7.43029872294349,7.5683264884358),
 .UNSPECIFIED.)
CURVE()
GEOMETRIC_REPRESENTATION_ITEM()
RATIONAL_B_SPLINE_CURVE((24.6793144954017,24.6687355364666,24.6495922721269))
REPRESENTATION_ITEM('')
);
#81=(
BOUNDED_CURVE()
B_SPLINE_CURVE(2,(#6616,#6617,#6618),.UNSPECIFIED.,.F.,.F.)
B_SPLINE_CURVE_WITH_KNOTS((3,3),(9.58064859719566,13.6369560674152),
 .UNSPECIFIED.)
CURVE()
GEOMETRIC_REPRESENTATION_ITEM()
RATIONAL_B_SPLINE_CURVE((23.3331872382994,23.3331879503592,19.3298479446584))
REPRESENTATION_ITEM('')
);
#82=(
BOUNDED_CURVE()
B_SPLINE_CURVE(2,(#6628,#6629,#6630,#6631),.UNSPECIFIED.,.F.,.F.)
B_SPLINE_CURVE_WITH_KNOTS((3,1,3),(5.52433938652736,9.00809943426582,9.58064622121089),
 .UNSPECIFIED.)
CURVE()
GEOMETRIC_REPRESENTATION_ITEM()
RATIONAL_B_SPLINE_CURVE((19.3298421340716,22.7681127934993,23.3331835193033,
23.3331835193033))
REPRESENTATION_ITEM('')
);
#83=(
BOUNDED_CURVE()
B_SPLINE_CURVE(2,(#6637,#6638,#6639),.UNSPECIFIED.,.F.,.F.)
B_SPLINE_CURVE_WITH_KNOTS((3,3),(6.95127656405652,7.08930432954817),
 .UNSPECIFIED.)
CURVE()
GEOMETRIC_REPRESENTATION_ITEM()
RATIONAL_B_SPLINE_CURVE((24.6495922719714,24.6687355363108,24.6793144952456))
REPRESENTATION_ITEM('')
);
#84=(
BOUNDED_CURVE()
B_SPLINE_CURVE(2,(#6768,#6769,#6770),.UNSPECIFIED.,.F.,.F.)
B_SPLINE_CURVE_WITH_KNOTS((3,3),(7.65521989465846,7.80692631258318),
 .UNSPECIFIED.)
CURVE()
GEOMETRIC_REPRESENTATION_ITEM()
RATIONAL_B_SPLINE_CURVE((27.0743216689133,27.0953480165625,27.1069676058021))
REPRESENTATION_ITEM('')
);
#85=(
BOUNDED_CURVE()
B_SPLINE_CURVE(2,(#6776,#6777,#6778,#6779),.UNSPECIFIED.,.F.,.F.)
B_SPLINE_CURVE_WITH_KNOTS((3,1,3),(5.52433938652716,9.00809943426482,9.58064622121064),
 .UNSPECIFIED.)
CURVE()
GEOMETRIC_REPRESENTATION_ITEM()
RATIONAL_B_SPLINE_CURVE((19.3298421340684,22.7681127934949,23.3331835192997,
23.3331835192998))
REPRESENTATION_ITEM('')
);
#86=(
BOUNDED_CURVE()
B_SPLINE_CURVE(2,(#6783,#6784,#6785),.UNSPECIFIED.,.F.,.F.)
B_SPLINE_CURVE_WITH_KNOTS((3,3),(9.58064622121064,13.6369530558963),
 .UNSPECIFIED.)
CURVE()
GEOMETRIC_REPRESENTATION_ITEM()
RATIONAL_B_SPLINE_CURVE((23.3331835193013,23.3331835193011,19.3298421340648))
REPRESENTATION_ITEM('')
);
#87=(
BOUNDED_CURVE()
B_SPLINE_CURVE(2,(#6790,#6791,#6792,#6793),.UNSPECIFIED.,.F.,.F.)
B_SPLINE_CURVE_WITH_KNOTS((3,1,3),(8.18171349960582,8.29529817477902,8.33341991749803),
 .UNSPECIFIED.)
CURVE()
GEOMETRIC_REPRESENTATION_ITEM()
RATIONAL_B_SPLINE_CURVE((27.1069676058993,27.0982678601157,27.0796053018788,
27.0743216690149))
REPRESENTATION_ITEM('')
);
#88=(
BOUNDED_CURVE()
B_SPLINE_CURVE(2,(#6970,#6971,#6972),.UNSPECIFIED.,.F.,.F.)
B_SPLINE_CURVE_WITH_KNOTS((3,3),(7.43029872290829,7.56832648839967),
 .UNSPECIFIED.)
CURVE()
GEOMETRIC_REPRESENTATION_ITEM()
RATIONAL_B_SPLINE_CURVE((24.6793144952372,24.6687355363025,24.6495922719632))
REPRESENTATION_ITEM('')
);
#89=(
BOUNDED_CURVE()
B_SPLINE_CURVE(2,(#6993,#6994,#6995),.UNSPECIFIED.,.F.,.F.)
B_SPLINE_CURVE_WITH_KNOTS((3,3),(7.6552198946582,7.80692631257796),
 .UNSPECIFIED.)
CURVE()
GEOMETRIC_REPRESENTATION_ITEM()
RATIONAL_B_SPLINE_CURVE((27.0743216689439,27.0953480165925,27.106967605832))
REPRESENTATION_ITEM('')
);
#90=(
BOUNDED_CURVE()
B_SPLINE_CURVE(2,(#6999,#7000,#7001,#7002),.UNSPECIFIED.,.F.,.F.)
B_SPLINE_CURVE_WITH_KNOTS((3,1,3),(8.18171349960577,8.29529817488092,8.33341991749698),
 .UNSPECIFIED.)
CURVE()
GEOMETRIC_REPRESENTATION_ITEM()
RATIONAL_B_SPLINE_CURVE((27.1069676064781,27.0982678606864,27.0796053024428,
27.0743216695931))
REPRESENTATION_ITEM('')
);
#91=(
BOUNDED_CURVE()
B_SPLINE_CURVE(2,(#7023,#7024,#7025),.UNSPECIFIED.,.F.,.F.)
B_SPLINE_CURVE_WITH_KNOTS((3,3),(6.9512765640832,7.08930432957735),
 .UNSPECIFIED.)
CURVE()
GEOMETRIC_REPRESENTATION_ITEM()
RATIONAL_B_SPLINE_CURVE((24.6495922720911,24.6687355364311,24.6793144953662))
REPRESENTATION_ITEM('')
);
#92=TOROIDAL_SURFACE('',#4237,1.70412658773654,0.150000000000002);
#93=TOROIDAL_SURFACE('',#4255,1.17912658773654,0.374999999999998);
#94=TOROIDAL_SURFACE('',#4262,1.875,0.375000000000002);
#95=TOROIDAL_SURFACE('',#4420,1.4,1.);
#96=TOROIDAL_SURFACE('',#4426,1.4,1.);
#97=TOROIDAL_SURFACE('',#4449,1.4,1.);
#98=TOROIDAL_SURFACE('',#4454,1.4,1.);
#99=TOROIDAL_SURFACE('',#4486,1.9,0.4);
#100=TOROIDAL_SURFACE('',#4498,1.9,0.4);
#101=SHAPE_REPRESENTATION_RELATIONSHIP('SRR','None',#7173,#106);
#102=SHAPE_REPRESENTATION_RELATIONSHIP('SRR','None',#7174,#107);
#103=SHAPE_REPRESENTATION_RELATIONSHIP('SRR','None',#7175,#108);
#104=SHAPE_REPRESENTATION_RELATIONSHIP('SRR','None',#7176,#109);
#105=SHAPE_REPRESENTATION_RELATIONSHIP('SRR','None',#7177,#110);
#106=ADVANCED_BREP_SHAPE_REPRESENTATION('',(#207),#7138);
#107=ADVANCED_BREP_SHAPE_REPRESENTATION('',(#208),#7139);
#108=ADVANCED_BREP_SHAPE_REPRESENTATION('',(#209,#210),#7140);
#109=ADVANCED_BREP_SHAPE_REPRESENTATION('',(#211),#7141);
#110=ADVANCED_BREP_SHAPE_REPRESENTATION('',(#212),#7142);
#111=STYLED_ITEM('',(#7211),#207);
#112=STYLED_ITEM('',(#7212),#3924);
#113=STYLED_ITEM('',(#7212),#3925);
#114=STYLED_ITEM('',(#7212),#3926);
#115=STYLED_ITEM('',(#7212),#3927);
#116=STYLED_ITEM('',(#7212),#3928);
#117=STYLED_ITEM('',(#7212),#3929);
#118=STYLED_ITEM('',(#7212),#3930);
#119=STYLED_ITEM('',(#7212),#3931);
#120=STYLED_ITEM('',(#7212),#3932);
#121=STYLED_ITEM('',(#7212),#3933);
#122=STYLED_ITEM('',(#7212),#3934);
#123=STYLED_ITEM('',(#7212),#3935);
#124=STYLED_ITEM('',(#7212),#3936);
#125=STYLED_ITEM('',(#7212),#3937);
#126=STYLED_ITEM('',(#7212),#3938);
#127=STYLED_ITEM('',(#7212),#3939);
#128=STYLED_ITEM('',(#7212),#3940);
#129=STYLED_ITEM('',(#7212),#3941);
#130=STYLED_ITEM('',(#7212),#3942);
#131=STYLED_ITEM('',(#7212),#3943);
#132=STYLED_ITEM('',(#7212),#3944);
#133=STYLED_ITEM('',(#7210),#208);
#134=STYLED_ITEM('',(#7213),#209);
#135=STYLED_ITEM('',(#7215),#3954);
#136=STYLED_ITEM('',(#7215),#3955);
#137=STYLED_ITEM('',(#7215),#3956);
#138=STYLED_ITEM('',(#7215),#3957);
#139=STYLED_ITEM('',(#7216),#3958);
#140=STYLED_ITEM('',(#7215),#3959);
#141=STYLED_ITEM('',(#7215),#3960);
#142=STYLED_ITEM('',(#7215),#3961);
#143=STYLED_ITEM('',(#7215),#3962);
#144=STYLED_ITEM('',(#7215),#3963);
#145=STYLED_ITEM('',(#7215),#3964);
#146=STYLED_ITEM('',(#7215),#3965);
#147=STYLED_ITEM('',(#7215),#3966);
#148=STYLED_ITEM('',(#7215),#3967);
#149=STYLED_ITEM('',(#7215),#3968);
#150=STYLED_ITEM('',(#7215),#3969);
#151=STYLED_ITEM('',(#7215),#3970);
#152=STYLED_ITEM('',(#7215),#3971);
#153=STYLED_ITEM('',(#7215),#3972);
#154=STYLED_ITEM('',(#7215),#3973);
#155=STYLED_ITEM('',(#7215),#3974);
#156=STYLED_ITEM('',(#7216),#3975);
#157=STYLED_ITEM('',(#7216),#3976);
#158=STYLED_ITEM('',(#7216),#3977);
#159=STYLED_ITEM('',(#7216),#3978);
#160=STYLED_ITEM('',(#7215),#3979);
#161=STYLED_ITEM('',(#7215),#3980);
#162=STYLED_ITEM('',(#7215),#3981);
#163=STYLED_ITEM('',(#7215),#3982);
#164=STYLED_ITEM('',(#7215),#3983);
#165=STYLED_ITEM('',(#7215),#3984);
#166=STYLED_ITEM('',(#7215),#3985);
#167=STYLED_ITEM('',(#7215),#3986);
#168=STYLED_ITEM('',(#7215),#3987);
#169=STYLED_ITEM('',(#7215),#3988);
#170=STYLED_ITEM('',(#7215),#3989);
#171=STYLED_ITEM('',(#7215),#3990);
#172=STYLED_ITEM('',(#7215),#3991);
#173=STYLED_ITEM('',(#7215),#3992);
#174=STYLED_ITEM('',(#7215),#3993);
#175=STYLED_ITEM('',(#7215),#3994);
#176=STYLED_ITEM('',(#7215),#3995);
#177=STYLED_ITEM('',(#7215),#3996);
#178=STYLED_ITEM('',(#7215),#3997);
#179=STYLED_ITEM('',(#7215),#3998);
#180=STYLED_ITEM('',(#7215),#3999);
#181=STYLED_ITEM('',(#7215),#4000);
#182=STYLED_ITEM('',(#7215),#4001);
#183=STYLED_ITEM('',(#7215),#4002);
#184=STYLED_ITEM('',(#7214),#210);
#185=STYLED_ITEM('',(#7212),#4003);
#186=STYLED_ITEM('',(#7212),#4004);
#187=STYLED_ITEM('',(#7212),#4005);
#188=STYLED_ITEM('',(#7212),#4006);
#189=STYLED_ITEM('',(#7212),#4007);
#190=STYLED_ITEM('',(#7212),#4008);
#191=STYLED_ITEM('',(#7212),#4009);
#192=STYLED_ITEM('',(#7212),#4010);
#193=STYLED_ITEM('',(#7212),#4011);
#194=STYLED_ITEM('',(#7212),#4012);
#195=STYLED_ITEM('',(#7212),#4013);
#196=STYLED_ITEM('',(#7212),#4014);
#197=STYLED_ITEM('',(#7212),#4015);
#198=STYLED_ITEM('',(#7212),#4016);
#199=STYLED_ITEM('',(#7212),#4017);
#200=STYLED_ITEM('',(#7212),#4018);
#201=STYLED_ITEM('',(#7212),#4019);
#202=STYLED_ITEM('',(#7212),#4020);
#203=STYLED_ITEM('',(#7212),#4021);
#204=STYLED_ITEM('',(#7212),#4022);
#205=STYLED_ITEM('',(#7210),#211);
#206=STYLED_ITEM('',(#7217),#212);
#207=MANIFOLD_SOLID_BREP('Body1',#4128);
#208=MANIFOLD_SOLID_BREP('Body1',#4129);
#209=MANIFOLD_SOLID_BREP('Body1',#4130);
#210=MANIFOLD_SOLID_BREP('Body2',#4131);
#211=MANIFOLD_SOLID_BREP('Body1',#4132);
#212=MANIFOLD_SOLID_BREP('Body1',#4133);
#213=FACE_BOUND('',#635,.T.);
#214=FACE_BOUND('',#651,.T.);
#215=FACE_BOUND('',#663,.T.);
#216=FACE_BOUND('',#674,.T.);
#217=FACE_BOUND('',#676,.T.);
#218=FACE_BOUND('',#683,.T.);
#219=FACE_BOUND('',#695,.T.);
#220=FACE_BOUND('',#700,.T.);
#221=FACE_BOUND('',#701,.T.);
#222=FACE_BOUND('',#704,.T.);
#223=FACE_BOUND('',#707,.T.);
#224=FACE_BOUND('',#718,.T.);
#225=FACE_BOUND('',#722,.T.);
#226=FACE_BOUND('',#723,.T.);
#227=FACE_BOUND('',#735,.T.);
#228=FACE_BOUND('',#738,.T.);
#229=FACE_BOUND('',#740,.T.);
#230=FACE_BOUND('',#741,.T.);
#231=FACE_BOUND('',#750,.T.);
#232=FACE_BOUND('',#752,.T.);
#233=FACE_BOUND('',#754,.T.);
#234=FACE_BOUND('',#774,.T.);
#235=FACE_BOUND('',#775,.T.);
#236=FACE_BOUND('',#776,.T.);
#237=FACE_BOUND('',#777,.T.);
#238=FACE_BOUND('',#778,.T.);
#239=FACE_BOUND('',#779,.T.);
#240=FACE_BOUND('',#780,.T.);
#241=FACE_BOUND('',#791,.T.);
#242=FACE_BOUND('',#792,.T.);
#243=FACE_BOUND('',#830,.T.);
#244=FACE_BOUND('',#831,.T.);
#245=CONICAL_SURFACE('',#4210,1.743,0.785398163397448);
#246=CONICAL_SURFACE('',#4215,1.743,0.785398163397448);
#247=CONICAL_SURFACE('',#4246,1.55162884844712,0.78539816339745);
#248=CONICAL_SURFACE('',#4248,2.75,0.785398163397454);
#249=CONICAL_SURFACE('',#4254,2.6,0.785398163397431);
#250=CONICAL_SURFACE('',#4259,1.50720551984879,0.19634954084936);
#251=CONICAL_SURFACE('',#4268,1.17524047358086,0.785398163397408);
#252=CONICAL_SURFACE('',#4361,0.849999999999967,0.78539816339744);
#253=CONICAL_SURFACE('',#4367,0.750555349946513,0.78539816339745);
#254=CONICAL_SURFACE('',#4381,0.750555349946513,0.78539816339745);
#255=CONICAL_SURFACE('',#4382,0.750555349946513,0.78539816339745);
#256=CONICAL_SURFACE('',#4383,0.750555349946513,0.78539816339745);
#257=CONICAL_SURFACE('',#4384,0.750555349946513,0.78539816339745);
#258=CONICAL_SURFACE('',#4385,0.750555349946513,0.78539816339745);
#259=CONICAL_SURFACE('',#4505,0.600000000000009,0.785398163397115);
#260=CONICAL_SURFACE('',#4506,0.600000000000001,0.785398163397549);
#261=CONICAL_SURFACE('',#4524,1.39589089918274,0.93300756881043);
#262=CONICAL_SURFACE('',#4527,0.0318371773033673,0.933007568811812);
#263=CONICAL_SURFACE('',#4530,0.433062767843133,0.933007568811717);
#264=CONICAL_SURFACE('',#4533,0.522661232306234,0.933007568810389);
#265=CONICAL_SURFACE('',#4540,1.76306889988008,0.785398199150189);
#266=CONICAL_SURFACE('',#4542,1.1087105447524,0.785398163397307);
#267=CONICAL_SURFACE('',#4543,1.07605869971271,0.785398163397453);
#268=CONICAL_SURFACE('',#4545,1.49580484474078,0.785398163397462);
#269=CONICAL_SURFACE('',#4550,1.8999999999997,0.78539744738244);
#270=CONICAL_SURFACE('',#4553,1.89999999999968,0.785397198969727);
#271=CONICAL_SURFACE('',#4558,1.89999999999976,0.785397447382495);
#272=CONICAL_SURFACE('',#4561,1.89999999999962,0.785397198969772);
#273=PLANE('',#4203);
#274=PLANE('',#4214);
#275=PLANE('',#4217);
#276=PLANE('',#4218);
#277=PLANE('',#4223);
#278=PLANE('',#4226);
#279=PLANE('',#4231);
#280=PLANE('',#4234);
#281=PLANE('',#4235);
#282=PLANE('',#4244);
#283=PLANE('',#4270);
#284=PLANE('',#4271);
#285=PLANE('',#4272);
#286=PLANE('',#4273);
#287=PLANE('',#4274);
#288=PLANE('',#4275);
#289=PLANE('',#4276);
#290=PLANE('',#4277);
#291=PLANE('',#4278);
#292=PLANE('',#4286);
#293=PLANE('',#4287);
#294=PLANE('',#4288);
#295=PLANE('',#4289);
#296=PLANE('',#4290);
#297=PLANE('',#4291);
#298=PLANE('',#4292);
#299=PLANE('',#4293);
#300=PLANE('',#4319);
#301=PLANE('',#4320);
#302=PLANE('',#4321);
#303=PLANE('',#4322);
#304=PLANE('',#4323);
#305=PLANE('',#4324);
#306=PLANE('',#4325);
#307=PLANE('',#4326);
#308=PLANE('',#4327);
#309=PLANE('',#4328);
#310=PLANE('',#4329);
#311=PLANE('',#4330);
#312=PLANE('',#4331);
#313=PLANE('',#4332);
#314=PLANE('',#4333);
#315=PLANE('',#4334);
#316=PLANE('',#4335);
#317=PLANE('',#4336);
#318=PLANE('',#4337);
#319=PLANE('',#4338);
#320=PLANE('',#4339);
#321=PLANE('',#4340);
#322=PLANE('',#4341);
#323=PLANE('',#4342);
#324=PLANE('',#4343);
#325=PLANE('',#4344);
#326=PLANE('',#4345);
#327=PLANE('',#4346);
#328=PLANE('',#4347);
#329=PLANE('',#4348);
#330=PLANE('',#4349);
#331=PLANE('',#4350);
#332=PLANE('',#4351);
#333=PLANE('',#4352);
#334=PLANE('',#4353);
#335=PLANE('',#4354);
#336=PLANE('',#4355);
#337=PLANE('',#4356);
#338=PLANE('',#4359);
#339=PLANE('',#4364);
#340=PLANE('',#4374);
#341=PLANE('',#4380);
#342=PLANE('',#4386);
#343=PLANE('',#4387);
#344=PLANE('',#4388);
#345=PLANE('',#4389);
#346=PLANE('',#4390);
#347=PLANE('',#4391);
#348=PLANE('',#4392);
#349=PLANE('',#4394);
#350=PLANE('',#4395);
#351=PLANE('',#4396);
#352=PLANE('',#4397);
#353=PLANE('',#4401);
#354=PLANE('',#4403);
#355=PLANE('',#4416);
#356=PLANE('',#4417);
#357=PLANE('',#4418);
#358=PLANE('',#4419);
#359=PLANE('',#4429);
#360=PLANE('',#4434);
#361=PLANE('',#4442);
#362=PLANE('',#4444);
#363=PLANE('',#4445);
#364=PLANE('',#4446);
#365=PLANE('',#4459);
#366=PLANE('',#4460);
#367=PLANE('',#4467);
#368=PLANE('',#4471);
#369=PLANE('',#4476);
#370=PLANE('',#4481);
#371=PLANE('',#4482);
#372=PLANE('',#4491);
#373=PLANE('',#4494);
#374=PLANE('',#4502);
#375=PLANE('',#4503);
#376=PLANE('',#4504);
#377=PLANE('',#4507);
#378=PLANE('',#4510);
#379=PLANE('',#4512);
#380=PLANE('',#4514);
#381=PLANE('',#4515);
#382=PLANE('',#4516);
#383=PLANE('',#4517);
#384=PLANE('',#4522);
#385=PLANE('',#4523);
#386=PLANE('',#4525);
#387=PLANE('',#4526);
#388=PLANE('',#4528);
#389=PLANE('',#4529);
#390=PLANE('',#4541);
#391=PLANE('',#4544);
#392=PLANE('',#4546);
#393=PLANE('',#4548);
#394=PLANE('',#4549);
#395=PLANE('',#4552);
#396=PLANE('',#4555);
#397=PLANE('',#4556);
#398=PLANE('',#4560);
#399=PLANE('',#4563);
#400=PLANE('',#4564);
#401=PLANE('',#4566);
#402=PLANE('',#4567);
#403=FACE_OUTER_BOUND('',#627,.T.);
#404=FACE_OUTER_BOUND('',#628,.T.);
#405=FACE_OUTER_BOUND('',#629,.T.);
#406=FACE_OUTER_BOUND('',#630,.T.);
#407=FACE_OUTER_BOUND('',#631,.T.);
#408=FACE_OUTER_BOUND('',#632,.T.);
#409=FACE_OUTER_BOUND('',#633,.T.);
#410=FACE_OUTER_BOUND('',#634,.T.);
#411=FACE_OUTER_BOUND('',#636,.T.);
#412=FACE_OUTER_BOUND('',#637,.T.);
#413=FACE_OUTER_BOUND('',#638,.T.);
#414=FACE_OUTER_BOUND('',#639,.T.);
#415=FACE_OUTER_BOUND('',#640,.T.);
#416=FACE_OUTER_BOUND('',#641,.T.);
#417=FACE_OUTER_BOUND('',#642,.T.);
#418=FACE_OUTER_BOUND('',#643,.T.);
#419=FACE_OUTER_BOUND('',#644,.T.);
#420=FACE_OUTER_BOUND('',#645,.T.);
#421=FACE_OUTER_BOUND('',#646,.T.);
#422=FACE_OUTER_BOUND('',#647,.T.);
#423=FACE_OUTER_BOUND('',#648,.T.);
#424=FACE_OUTER_BOUND('',#649,.T.);
#425=FACE_OUTER_BOUND('',#650,.T.);
#426=FACE_OUTER_BOUND('',#652,.T.);
#427=FACE_OUTER_BOUND('',#653,.T.);
#428=FACE_OUTER_BOUND('',#654,.T.);
#429=FACE_OUTER_BOUND('',#655,.T.);
#430=FACE_OUTER_BOUND('',#656,.T.);
#431=FACE_OUTER_BOUND('',#657,.T.);
#432=FACE_OUTER_BOUND('',#658,.T.);
#433=FACE_OUTER_BOUND('',#659,.T.);
#434=FACE_OUTER_BOUND('',#660,.T.);
#435=FACE_OUTER_BOUND('',#661,.T.);
#436=FACE_OUTER_BOUND('',#662,.T.);
#437=FACE_OUTER_BOUND('',#664,.T.);
#438=FACE_OUTER_BOUND('',#665,.T.);
#439=FACE_OUTER_BOUND('',#666,.T.);
#440=FACE_OUTER_BOUND('',#667,.T.);
#441=FACE_OUTER_BOUND('',#668,.T.);
#442=FACE_OUTER_BOUND('',#669,.T.);
#443=FACE_OUTER_BOUND('',#670,.T.);
#444=FACE_OUTER_BOUND('',#671,.T.);
#445=FACE_OUTER_BOUND('',#672,.T.);
#446=FACE_OUTER_BOUND('',#673,.T.);
#447=FACE_OUTER_BOUND('',#675,.T.);
#448=FACE_OUTER_BOUND('',#677,.T.);
#449=FACE_OUTER_BOUND('',#678,.T.);
#450=FACE_OUTER_BOUND('',#679,.T.);
#451=FACE_OUTER_BOUND('',#680,.T.);
#452=FACE_OUTER_BOUND('',#681,.T.);
#453=FACE_OUTER_BOUND('',#682,.T.);
#454=FACE_OUTER_BOUND('',#684,.T.);
#455=FACE_OUTER_BOUND('',#685,.T.);
#456=FACE_OUTER_BOUND('',#686,.T.);
#457=FACE_OUTER_BOUND('',#687,.T.);
#458=FACE_OUTER_BOUND('',#688,.T.);
#459=FACE_OUTER_BOUND('',#689,.T.);
#460=FACE_OUTER_BOUND('',#690,.T.);
#461=FACE_OUTER_BOUND('',#691,.T.);
#462=FACE_OUTER_BOUND('',#692,.T.);
#463=FACE_OUTER_BOUND('',#693,.T.);
#464=FACE_OUTER_BOUND('',#694,.T.);
#465=FACE_OUTER_BOUND('',#696,.T.);
#466=FACE_OUTER_BOUND('',#697,.T.);
#467=FACE_OUTER_BOUND('',#698,.T.);
#468=FACE_OUTER_BOUND('',#699,.T.);
#469=FACE_OUTER_BOUND('',#702,.T.);
#470=FACE_OUTER_BOUND('',#703,.T.);
#471=FACE_OUTER_BOUND('',#705,.T.);
#472=FACE_OUTER_BOUND('',#706,.T.);
#473=FACE_OUTER_BOUND('',#708,.T.);
#474=FACE_OUTER_BOUND('',#709,.T.);
#475=FACE_OUTER_BOUND('',#710,.T.);
#476=FACE_OUTER_BOUND('',#711,.T.);
#477=FACE_OUTER_BOUND('',#712,.T.);
#478=FACE_OUTER_BOUND('',#713,.T.);
#479=FACE_OUTER_BOUND('',#714,.T.);
#480=FACE_OUTER_BOUND('',#715,.T.);
#481=FACE_OUTER_BOUND('',#716,.T.);
#482=FACE_OUTER_BOUND('',#717,.T.);
#483=FACE_OUTER_BOUND('',#719,.T.);
#484=FACE_OUTER_BOUND('',#720,.T.);
#485=FACE_OUTER_BOUND('',#721,.T.);
#486=FACE_OUTER_BOUND('',#724,.T.);
#487=FACE_OUTER_BOUND('',#725,.T.);
#488=FACE_OUTER_BOUND('',#726,.T.);
#489=FACE_OUTER_BOUND('',#727,.T.);
#490=FACE_OUTER_BOUND('',#728,.T.);
#491=FACE_OUTER_BOUND('',#729,.T.);
#492=FACE_OUTER_BOUND('',#730,.T.);
#493=FACE_OUTER_BOUND('',#731,.T.);
#494=FACE_OUTER_BOUND('',#732,.T.);
#495=FACE_OUTER_BOUND('',#733,.T.);
#496=FACE_OUTER_BOUND('',#734,.T.);
#497=FACE_OUTER_BOUND('',#736,.T.);
#498=FACE_OUTER_BOUND('',#737,.T.);
#499=FACE_OUTER_BOUND('',#739,.T.);
#500=FACE_OUTER_BOUND('',#742,.T.);
#501=FACE_OUTER_BOUND('',#743,.T.);
#502=FACE_OUTER_BOUND('',#744,.T.);
#503=FACE_OUTER_BOUND('',#745,.T.);
#504=FACE_OUTER_BOUND('',#746,.T.);
#505=FACE_OUTER_BOUND('',#747,.T.);
#506=FACE_OUTER_BOUND('',#748,.T.);
#507=FACE_OUTER_BOUND('',#749,.T.);
#508=FACE_OUTER_BOUND('',#751,.T.);
#509=FACE_OUTER_BOUND('',#753,.T.);
#510=FACE_OUTER_BOUND('',#755,.T.);
#511=FACE_OUTER_BOUND('',#756,.T.);
#512=FACE_OUTER_BOUND('',#757,.T.);
#513=FACE_OUTER_BOUND('',#758,.T.);
#514=FACE_OUTER_BOUND('',#759,.T.);
#515=FACE_OUTER_BOUND('',#760,.T.);
#516=FACE_OUTER_BOUND('',#761,.T.);
#517=FACE_OUTER_BOUND('',#762,.T.);
#518=FACE_OUTER_BOUND('',#763,.T.);
#519=FACE_OUTER_BOUND('',#764,.T.);
#520=FACE_OUTER_BOUND('',#765,.T.);
#521=FACE_OUTER_BOUND('',#766,.T.);
#522=FACE_OUTER_BOUND('',#767,.T.);
#523=FACE_OUTER_BOUND('',#768,.T.);
#524=FACE_OUTER_BOUND('',#769,.T.);
#525=FACE_OUTER_BOUND('',#770,.T.);
#526=FACE_OUTER_BOUND('',#771,.T.);
#527=FACE_OUTER_BOUND('',#772,.T.);
#528=FACE_OUTER_BOUND('',#773,.T.);
#529=FACE_OUTER_BOUND('',#781,.T.);
#530=FACE_OUTER_BOUND('',#782,.T.);
#531=FACE_OUTER_BOUND('',#783,.T.);
#532=FACE_OUTER_BOUND('',#784,.T.);
#533=FACE_OUTER_BOUND('',#785,.T.);
#534=FACE_OUTER_BOUND('',#786,.T.);
#535=FACE_OUTER_BOUND('',#787,.T.);
#536=FACE_OUTER_BOUND('',#788,.T.);
#537=FACE_OUTER_BOUND('',#789,.T.);
#538=FACE_OUTER_BOUND('',#790,.T.);
#539=FACE_OUTER_BOUND('',#793,.T.);
#540=FACE_OUTER_BOUND('',#794,.T.);
#541=FACE_OUTER_BOUND('',#795,.T.);
#542=FACE_OUTER_BOUND('',#796,.T.);
#543=FACE_OUTER_BOUND('',#797,.T.);
#544=FACE_OUTER_BOUND('',#798,.T.);
#545=FACE_OUTER_BOUND('',#799,.T.);
#546=FACE_OUTER_BOUND('',#800,.T.);
#547=FACE_OUTER_BOUND('',#801,.T.);
#548=FACE_OUTER_BOUND('',#802,.T.);
#549=FACE_OUTER_BOUND('',#803,.T.);
#550=FACE_OUTER_BOUND('',#804,.T.);
#551=FACE_OUTER_BOUND('',#805,.T.);
#552=FACE_OUTER_BOUND('',#806,.T.);
#553=FACE_OUTER_BOUND('',#807,.T.);
#554=FACE_OUTER_BOUND('',#808,.T.);
#555=FACE_OUTER_BOUND('',#809,.T.);
#556=FACE_OUTER_BOUND('',#810,.T.);
#557=FACE_OUTER_BOUND('',#811,.T.);
#558=FACE_OUTER_BOUND('',#812,.T.);
#559=FACE_OUTER_BOUND('',#813,.T.);
#560=FACE_OUTER_BOUND('',#814,.T.);
#561=FACE_OUTER_BOUND('',#815,.T.);
#562=FACE_OUTER_BOUND('',#816,.T.);
#563=FACE_OUTER_BOUND('',#817,.T.);
#564=FACE_OUTER_BOUND('',#818,.T.);
#565=FACE_OUTER_BOUND('',#819,.T.);
#566=FACE_OUTER_BOUND('',#820,.T.);
#567=FACE_OUTER_BOUND('',#821,.T.);
#568=FACE_OUTER_BOUND('',#822,.T.);
#569=FACE_OUTER_BOUND('',#823,.T.);
#570=FACE_OUTER_BOUND('',#824,.T.);
#571=FACE_OUTER_BOUND('',#825,.T.);
#572=FACE_OUTER_BOUND('',#826,.T.);
#573=FACE_OUTER_BOUND('',#827,.T.);
#574=FACE_OUTER_BOUND('',#828,.T.);
#575=FACE_OUTER_BOUND('',#829,.T.);
#576=FACE_OUTER_BOUND('',#832,.T.);
#577=FACE_OUTER_BOUND('',#833,.T.);
#578=FACE_OUTER_BOUND('',#834,.T.);
#579=FACE_OUTER_BOUND('',#835,.T.);
#580=FACE_OUTER_BOUND('',#836,.T.);
#581=FACE_OUTER_BOUND('',#837,.T.);
#582=FACE_OUTER_BOUND('',#838,.T.);
#583=FACE_OUTER_BOUND('',#839,.T.);
#584=FACE_OUTER_BOUND('',#840,.T.);
#585=FACE_OUTER_BOUND('',#841,.T.);
#586=FACE_OUTER_BOUND('',#842,.T.);
#587=FACE_OUTER_BOUND('',#843,.T.);
#588=FACE_OUTER_BOUND('',#844,.T.);
#589=FACE_OUTER_BOUND('',#845,.T.);
#590=FACE_OUTER_BOUND('',#846,.T.);
#591=FACE_OUTER_BOUND('',#847,.T.);
#592=FACE_OUTER_BOUND('',#848,.T.);
#593=FACE_OUTER_BOUND('',#849,.T.);
#594=FACE_OUTER_BOUND('',#850,.T.);
#595=FACE_OUTER_BOUND('',#851,.T.);
#596=FACE_OUTER_BOUND('',#852,.T.);
#597=FACE_OUTER_BOUND('',#853,.T.);
#598=FACE_OUTER_BOUND('',#854,.T.);
#599=FACE_OUTER_BOUND('',#855,.T.);
#600=FACE_OUTER_BOUND('',#856,.T.);
#601=FACE_OUTER_BOUND('',#857,.T.);
#602=FACE_OUTER_BOUND('',#858,.T.);
#603=FACE_OUTER_BOUND('',#859,.T.);
#604=FACE_OUTER_BOUND('',#860,.T.);
#605=FACE_OUTER_BOUND('',#861,.T.);
#606=FACE_OUTER_BOUND('',#862,.T.);
#607=FACE_OUTER_BOUND('',#863,.T.);
#608=FACE_OUTER_BOUND('',#864,.T.);
#609=FACE_OUTER_BOUND('',#865,.T.);
#610=FACE_OUTER_BOUND('',#866,.T.);
#611=FACE_OUTER_BOUND('',#867,.T.);
#612=FACE_OUTER_BOUND('',#868,.T.);
#613=FACE_OUTER_BOUND('',#869,.T.);
#614=FACE_OUTER_BOUND('',#870,.T.);
#615=FACE_OUTER_BOUND('',#871,.T.);
#616=FACE_OUTER_BOUND('',#872,.T.);
#617=FACE_OUTER_BOUND('',#873,.T.);
#618=FACE_OUTER_BOUND('',#874,.T.);
#619=FACE_OUTER_BOUND('',#875,.T.);
#620=FACE_OUTER_BOUND('',#876,.T.);
#621=FACE_OUTER_BOUND('',#877,.T.);
#622=FACE_OUTER_BOUND('',#878,.T.);
#623=FACE_OUTER_BOUND('',#879,.T.);
#624=FACE_OUTER_BOUND('',#880,.T.);
#625=FACE_OUTER_BOUND('',#881,.T.);
#626=FACE_OUTER_BOUND('',#882,.T.);
#627=EDGE_LOOP('',(#2714,#2715,#2716,#2717,#2718,#2719));
#628=EDGE_LOOP('',(#2720,#2721,#2722,#2723,#2724));
#629=EDGE_LOOP('',(#2725,#2726,#2727,#2728,#2729,#2730));
#630=EDGE_LOOP('',(#2731,#2732,#2733,#2734,#2735,#2736,#2737,#2738,#2739,
#2740,#2741,#2742,#2743,#2744));
#631=EDGE_LOOP('',(#2745,#2746,#2747,#2748,#2749,#2750,#2751,#2752,#2753));
#632=EDGE_LOOP('',(#2754,#2755,#2756,#2757,#2758));
#633=EDGE_LOOP('',(#2759,#2760,#2761,#2762));
#634=EDGE_LOOP('',(#2763,#2764,#2765,#2766));
#635=EDGE_LOOP('',(#2767));
#636=EDGE_LOOP('',(#2768,#2769,#2770,#2771));
#637=EDGE_LOOP('',(#2772,#2773,#2774,#2775));
#638=EDGE_LOOP('',(#2776,#2777,#2778,#2779));
#639=EDGE_LOOP('',(#2780,#2781,#2782,#2783));
#640=EDGE_LOOP('',(#2784,#2785,#2786,#2787));
#641=EDGE_LOOP('',(#2788,#2789,#2790,#2791));
#642=EDGE_LOOP('',(#2792,#2793,#2794,#2795));
#643=EDGE_LOOP('',(#2796,#2797,#2798,#2799));
#644=EDGE_LOOP('',(#2800,#2801,#2802,#2803));
#645=EDGE_LOOP('',(#2804,#2805,#2806,#2807));
#646=EDGE_LOOP('',(#2808,#2809,#2810,#2811));
#647=EDGE_LOOP('',(#2812,#2813,#2814,#2815,#2816,#2817,#2818,#2819,#2820,
#2821,#2822,#2823,#2824,#2825));
#648=EDGE_LOOP('',(#2826,#2827,#2828,#2829,#2830));
#649=EDGE_LOOP('',(#2831,#2832,#2833,#2834,#2835));
#650=EDGE_LOOP('',(#2836));
#651=EDGE_LOOP('',(#2837));
#652=EDGE_LOOP('',(#2838,#2839,#2840,#2841,#2842,#2843,#2844,#2845,#2846,
#2847));
#653=EDGE_LOOP('',(#2848,#2849,#2850,#2851));
#654=EDGE_LOOP('',(#2852,#2853,#2854,#2855,#2856));
#655=EDGE_LOOP('',(#2857,#2858,#2859,#2860,#2861));
#656=EDGE_LOOP('',(#2862,#2863,#2864,#2865,#2866));
#657=EDGE_LOOP('',(#2867,#2868,#2869,#2870,#2871,#2872));
#658=EDGE_LOOP('',(#2873,#2874,#2875,#2876,#2877));
#659=EDGE_LOOP('',(#2878,#2879,#2880,#2881,#2882));
#660=EDGE_LOOP('',(#2883,#2884,#2885,#2886,#2887));
#661=EDGE_LOOP('',(#2888));
#662=EDGE_LOOP('',(#2889));
#663=EDGE_LOOP('',(#2890));
#664=EDGE_LOOP('',(#2891,#2892,#2893,#2894,#2895,#2896));
#665=EDGE_LOOP('',(#2897,#2898,#2899,#2900));
#666=EDGE_LOOP('',(#2901,#2902,#2903,#2904));
#667=EDGE_LOOP('',(#2905,#2906,#2907,#2908,#2909));
#668=EDGE_LOOP('',(#2910,#2911,#2912,#2913));
#669=EDGE_LOOP('',(#2914,#2915,#2916,#2917));
#670=EDGE_LOOP('',(#2918,#2919,#2920,#2921));
#671=EDGE_LOOP('',(#2922,#2923,#2924,#2925));
#672=EDGE_LOOP('',(#2926,#2927,#2928,#2929));
#673=EDGE_LOOP('',(#2930,#2931,#2932,#2933,#2934,#2935));
#674=EDGE_LOOP('',(#2936));
#675=EDGE_LOOP('',(#2937,#2938,#2939,#2940,#2941,#2942));
#676=EDGE_LOOP('',(#2943));
#677=EDGE_LOOP('',(#2944,#2945,#2946,#2947));
#678=EDGE_LOOP('',(#2948,#2949,#2950,#2951));
#679=EDGE_LOOP('',(#2952,#2953,#2954,#2955));
#680=EDGE_LOOP('',(#2956,#2957,#2958,#2959));
#681=EDGE_LOOP('',(#2960,#2961,#2962,#2963));
#682=EDGE_LOOP('',(#2964,#2965,#2966,#2967));
#683=EDGE_LOOP('',(#2968));
#684=EDGE_LOOP('',(#2969,#2970,#2971,#2972));
#685=EDGE_LOOP('',(#2973,#2974,#2975,#2976));
#686=EDGE_LOOP('',(#2977,#2978,#2979,#2980));
#687=EDGE_LOOP('',(#2981,#2982,#2983,#2984));
#688=EDGE_LOOP('',(#2985,#2986,#2987,#2988));
#689=EDGE_LOOP('',(#2989,#2990,#2991,#2992));
#690=EDGE_LOOP('',(#2993,#2994,#2995,#2996));
#691=EDGE_LOOP('',(#2997,#2998,#2999,#3000));
#692=EDGE_LOOP('',(#3001));
#693=EDGE_LOOP('',(#3002));
#694=EDGE_LOOP('',(#3003,#3004,#3005,#3006));
#695=EDGE_LOOP('',(#3007));
#696=EDGE_LOOP('',(#3008,#3009,#3010,#3011));
#697=EDGE_LOOP('',(#3012,#3013,#3014,#3015));
#698=EDGE_LOOP('',(#3016,#3017,#3018,#3019));
#699=EDGE_LOOP('',(#3020,#3021,#3022,#3023,#3024,#3025,#3026,#3027,#3028,
#3029,#3030,#3031,#3032,#3033,#3034,#3035));
#700=EDGE_LOOP('',(#3036,#3037,#3038,#3039));
#701=EDGE_LOOP('',(#3040));
#702=EDGE_LOOP('',(#3041,#3042,#3043,#3044));
#703=EDGE_LOOP('',(#3045,#3046,#3047,#3048));
#704=EDGE_LOOP('',(#3049));
#705=EDGE_LOOP('',(#3050,#3051,#3052,#3053));
#706=EDGE_LOOP('',(#3054,#3055,#3056,#3057));
#707=EDGE_LOOP('',(#3058));
#708=EDGE_LOOP('',(#3059,#3060,#3061,#3062));
#709=EDGE_LOOP('',(#3063,#3064,#3065,#3066));
#710=EDGE_LOOP('',(#3067,#3068,#3069,#3070));
#711=EDGE_LOOP('',(#3071,#3072,#3073,#3074));
#712=EDGE_LOOP('',(#3075,#3076,#3077,#3078));
#713=EDGE_LOOP('',(#3079,#3080,#3081,#3082));
#714=EDGE_LOOP('',(#3083,#3084,#3085,#3086));
#715=EDGE_LOOP('',(#3087,#3088,#3089,#3090));
#716=EDGE_LOOP('',(#3091,#3092,#3093,#3094));
#717=EDGE_LOOP('',(#3095,#3096,#3097,#3098));
#718=EDGE_LOOP('',(#3099));
#719=EDGE_LOOP('',(#3100,#3101,#3102,#3103));
#720=EDGE_LOOP('',(#3104,#3105,#3106,#3107));
#721=EDGE_LOOP('',(#3108,#3109,#3110,#3111,#3112,#3113,#3114,#3115,#3116,
#3117,#3118,#3119,#3120,#3121,#3122,#3123));
#722=EDGE_LOOP('',(#3124,#3125,#3126,#3127));
#723=EDGE_LOOP('',(#3128));
#724=EDGE_LOOP('',(#3129,#3130,#3131,#3132));
#725=EDGE_LOOP('',(#3133,#3134,#3135,#3136));
#726=EDGE_LOOP('',(#3137,#3138,#3139,#3140));
#727=EDGE_LOOP('',(#3141,#3142,#3143,#3144,#3145,#3146,#3147,#3148));
#728=EDGE_LOOP('',(#3149,#3150,#3151,#3152,#3153,#3154,#3155,#3156));
#729=EDGE_LOOP('',(#3157,#3158,#3159,#3160));
#730=EDGE_LOOP('',(#3161,#3162,#3163,#3164));
#731=EDGE_LOOP('',(#3165,#3166,#3167,#3168));
#732=EDGE_LOOP('',(#3169,#3170,#3171,#3172));
#733=EDGE_LOOP('',(#3173,#3174,#3175,#3176));
#734=EDGE_LOOP('',(#3177,#3178,#3179,#3180,#3181,#3182,#3183,#3184));
#735=EDGE_LOOP('',(#3185));
#736=EDGE_LOOP('',(#3186,#3187,#3188,#3189));
#737=EDGE_LOOP('',(#3190,#3191,#3192,#3193,#3194,#3195,#3196,#3197));
#738=EDGE_LOOP('',(#3198));
#739=EDGE_LOOP('',(#3199,#3200,#3201,#3202));
#740=EDGE_LOOP('',(#3203,#3204,#3205,#3206));
#741=EDGE_LOOP('',(#3207,#3208,#3209,#3210));
#742=EDGE_LOOP('',(#3211,#3212,#3213,#3214));
#743=EDGE_LOOP('',(#3215));
#744=EDGE_LOOP('',(#3216,#3217,#3218,#3219));
#745=EDGE_LOOP('',(#3220));
#746=EDGE_LOOP('',(#3221,#3222,#3223,#3224));
#747=EDGE_LOOP('',(#3225,#3226));
#748=EDGE_LOOP('',(#3227,#3228,#3229,#3230));
#749=EDGE_LOOP('',(#3231));
#750=EDGE_LOOP('',(#3232));
#751=EDGE_LOOP('',(#3233));
#752=EDGE_LOOP('',(#3234,#3235,#3236,#3237,#3238,#3239));
#753=EDGE_LOOP('',(#3240));
#754=EDGE_LOOP('',(#3241));
#755=EDGE_LOOP('',(#3242,#3243));
#756=EDGE_LOOP('',(#3244,#3245));
#757=EDGE_LOOP('',(#3246,#3247));
#758=EDGE_LOOP('',(#3248,#3249));
#759=EDGE_LOOP('',(#3250,#3251));
#760=EDGE_LOOP('',(#3252,#3253,#3254,#3255,#3256,#3257));
#761=EDGE_LOOP('',(#3258,#3259,#3260,#3261));
#762=EDGE_LOOP('',(#3262,#3263,#3264,#3265));
#763=EDGE_LOOP('',(#3266,#3267,#3268,#3269));
#764=EDGE_LOOP('',(#3270,#3271,#3272,#3273));
#765=EDGE_LOOP('',(#3274,#3275,#3276,#3277));
#766=EDGE_LOOP('',(#3278,#3279,#3280,#3281));
#767=EDGE_LOOP('',(#3282,#3283,#3284,#3285));
#768=EDGE_LOOP('',(#3286,#3287,#3288,#3289,#3290,#3291));
#769=EDGE_LOOP('',(#3292,#3293,#3294,#3295));
#770=EDGE_LOOP('',(#3296,#3297,#3298,#3299));
#771=EDGE_LOOP('',(#3300,#3301,#3302,#3303));
#772=EDGE_LOOP('',(#3304,#3305,#3306,#3307,#3308,#3309));
#773=EDGE_LOOP('',(#3310,#3311,#3312,#3313,#3314,#3315,#3316,#3317,#3318,
#3319,#3320,#3321));
#774=EDGE_LOOP('',(#3322,#3323,#3324,#3325));
#775=EDGE_LOOP('',(#3326));
#776=EDGE_LOOP('',(#3327,#3328,#3329,#3330));
#777=EDGE_LOOP('',(#3331,#3332,#3333,#3334));
#778=EDGE_LOOP('',(#3335,#3336,#3337,#3338,#3339,#3340));
#779=EDGE_LOOP('',(#3341));
#780=EDGE_LOOP('',(#3342,#3343,#3344,#3345));
#781=EDGE_LOOP('',(#3346,#3347,#3348,#3349));
#782=EDGE_LOOP('',(#3350,#3351,#3352,#3353));
#783=EDGE_LOOP('',(#3354,#3355,#3356,#3357));
#784=EDGE_LOOP('',(#3358,#3359,#3360,#3361,#3362,#3363));
#785=EDGE_LOOP('',(#3364,#3365,#3366,#3367));
#786=EDGE_LOOP('',(#3368,#3369,#3370,#3371));
#787=EDGE_LOOP('',(#3372,#3373,#3374,#3375));
#788=EDGE_LOOP('',(#3376,#3377,#3378,#3379,#3380,#3381,#3382,#3383));
#789=EDGE_LOOP('',(#3384,#3385,#3386,#3387));
#790=EDGE_LOOP('',(#3388,#3389,#3390,#3391,#3392,#3393,#3394,#3395));
#791=EDGE_LOOP('',(#3396,#3397,#3398,#3399));
#792=EDGE_LOOP('',(#3400,#3401,#3402,#3403));
#793=EDGE_LOOP('',(#3404,#3405,#3406,#3407));
#794=EDGE_LOOP('',(#3408,#3409,#3410,#3411));
#795=EDGE_LOOP('',(#3412,#3413,#3414,#3415,#3416,#3417,#3418,#3419,#3420,
#3421,#3422,#3423,#3424));
#796=EDGE_LOOP('',(#3425,#3426,#3427,#3428,#3429,#3430,#3431,#3432,#3433,
#3434,#3435,#3436,#3437));
#797=EDGE_LOOP('',(#3438,#3439,#3440,#3441,#3442,#3443));
#798=EDGE_LOOP('',(#3444,#3445,#3446,#3447));
#799=EDGE_LOOP('',(#3448,#3449,#3450,#3451));
#800=EDGE_LOOP('',(#3452,#3453,#3454,#3455));
#801=EDGE_LOOP('',(#3456,#3457,#3458,#3459));
#802=EDGE_LOOP('',(#3460,#3461,#3462,#3463,#3464));
#803=EDGE_LOOP('',(#3465,#3466,#3467,#3468));
#804=EDGE_LOOP('',(#3469,#3470,#3471,#3472,#3473,#3474));
#805=EDGE_LOOP('',(#3475,#3476,#3477,#3478,#3479));
#806=EDGE_LOOP('',(#3480,#3481,#3482,#3483));
#807=EDGE_LOOP('',(#3484,#3485,#3486,#3487));
#808=EDGE_LOOP('',(#3488,#3489,#3490,#3491));
#809=EDGE_LOOP('',(#3492,#3493,#3494,#3495,#3496,#3497,#3498,#3499,#3500,
#3501,#3502));
#810=EDGE_LOOP('',(#3503,#3504,#3505,#3506));
#811=EDGE_LOOP('',(#3507,#3508,#3509,#3510,#3511,#3512,#3513,#3514,#3515,
#3516,#3517));
#812=EDGE_LOOP('',(#3518,#3519,#3520,#3521));
#813=EDGE_LOOP('',(#3522,#3523,#3524,#3525,#3526));
#814=EDGE_LOOP('',(#3527,#3528,#3529,#3530,#3531,#3532,#3533,#3534,#3535,
#3536,#3537,#3538,#3539,#3540));
#815=EDGE_LOOP('',(#3541,#3542,#3543,#3544));
#816=EDGE_LOOP('',(#3545,#3546,#3547,#3548));
#817=EDGE_LOOP('',(#3549,#3550,#3551,#3552));
#818=EDGE_LOOP('',(#3553,#3554,#3555,#3556,#3557,#3558));
#819=EDGE_LOOP('',(#3559,#3560,#3561,#3562));
#820=EDGE_LOOP('',(#3563,#3564,#3565,#3566));
#821=EDGE_LOOP('',(#3567,#3568,#3569,#3570));
#822=EDGE_LOOP('',(#3571,#3572,#3573,#3574));
#823=EDGE_LOOP('',(#3575,#3576,#3577,#3578));
#824=EDGE_LOOP('',(#3579,#3580,#3581,#3582,#3583,#3584));
#825=EDGE_LOOP('',(#3585,#3586,#3587,#3588,#3589));
#826=EDGE_LOOP('',(#3590,#3591,#3592,#3593,#3594));
#827=EDGE_LOOP('',(#3595,#3596,#3597,#3598));
#828=EDGE_LOOP('',(#3599,#3600,#3601,#3602));
#829=EDGE_LOOP('',(#3603,#3604,#3605,#3606,#3607,#3608,#3609,#3610));
#830=EDGE_LOOP('',(#3611));
#831=EDGE_LOOP('',(#3612));
#832=EDGE_LOOP('',(#3613,#3614,#3615,#3616,#3617));
#833=EDGE_LOOP('',(#3618,#3619,#3620,#3621));
#834=EDGE_LOOP('',(#3622,#3623,#3624,#3625));
#835=EDGE_LOOP('',(#3626,#3627,#3628,#3629));
#836=EDGE_LOOP('',(#3630,#3631,#3632,#3633));
#837=EDGE_LOOP('',(#3634,#3635,#3636,#3637));
#838=EDGE_LOOP('',(#3638,#3639,#3640,#3641));
#839=EDGE_LOOP('',(#3642,#3643,#3644,#3645));
#840=EDGE_LOOP('',(#3646,#3647,#3648,#3649));
#841=EDGE_LOOP('',(#3650,#3651,#3652,#3653,#3654,#3655,#3656,#3657,#3658,
#3659,#3660,#3661,#3662,#3663));
#842=EDGE_LOOP('',(#3664,#3665,#3666,#3667));
#843=EDGE_LOOP('',(#3668,#3669,#3670,#3671,#3672));
#844=EDGE_LOOP('',(#3673,#3674,#3675,#3676,#3677,#3678));
#845=EDGE_LOOP('',(#3679,#3680,#3681,#3682));
#846=EDGE_LOOP('',(#3683,#3684,#3685,#3686,#3687,#3688));
#847=EDGE_LOOP('',(#3689,#3690,#3691,#3692,#3693,#3694));
#848=EDGE_LOOP('',(#3695,#3696,#3697,#3698));
#849=EDGE_LOOP('',(#3699,#3700,#3701,#3702,#3703,#3704));
#850=EDGE_LOOP('',(#3705,#3706,#3707,#3708,#3709,#3710));
#851=EDGE_LOOP('',(#3711,#3712,#3713,#3714));
#852=EDGE_LOOP('',(#3715,#3716,#3717,#3718,#3719,#3720));
#853=EDGE_LOOP('',(#3721,#3722,#3723,#3724));
#854=EDGE_LOOP('',(#3725,#3726,#3727,#3728));
#855=EDGE_LOOP('',(#3729,#3730,#3731,#3732));
#856=EDGE_LOOP('',(#3733,#3734,#3735,#3736));
#857=EDGE_LOOP('',(#3737,#3738,#3739,#3740,#3741,#3742,#3743,#3744));
#858=EDGE_LOOP('',(#3745,#3746,#3747,#3748));
#859=EDGE_LOOP('',(#3749,#3750,#3751,#3752));
#860=EDGE_LOOP('',(#3753,#3754,#3755,#3756,#3757,#3758,#3759,#3760));
#861=EDGE_LOOP('',(#3761,#3762,#3763,#3764));
#862=EDGE_LOOP('',(#3765,#3766,#3767,#3768));
#863=EDGE_LOOP('',(#3769,#3770,#3771,#3772));
#864=EDGE_LOOP('',(#3773,#3774,#3775,#3776,#3777));
#865=EDGE_LOOP('',(#3778,#3779,#3780,#3781));
#866=EDGE_LOOP('',(#3782,#3783,#3784,#3785));
#867=EDGE_LOOP('',(#3786,#3787,#3788,#3789));
#868=EDGE_LOOP('',(#3790,#3791,#3792,#3793));
#869=EDGE_LOOP('',(#3794,#3795,#3796,#3797));
#870=EDGE_LOOP('',(#3798,#3799,#3800,#3801));
#871=EDGE_LOOP('',(#3802,#3803,#3804,#3805));
#872=EDGE_LOOP('',(#3806,#3807,#3808,#3809));
#873=EDGE_LOOP('',(#3810,#3811,#3812,#3813));
#874=EDGE_LOOP('',(#3814,#3815,#3816,#3817));
#875=EDGE_LOOP('',(#3818,#3819,#3820,#3821));
#876=EDGE_LOOP('',(#3822,#3823,#3824,#3825));
#877=EDGE_LOOP('',(#3826,#3827,#3828,#3829));
#878=EDGE_LOOP('',(#3830,#3831,#3832,#3833));
#879=EDGE_LOOP('',(#3834,#3835,#3836,#3837));
#880=EDGE_LOOP('',(#3838,#3839,#3840,#3841));
#881=EDGE_LOOP('',(#3842,#3843,#3844,#3845));
#882=EDGE_LOOP('',(#3846,#3847,#3848,#3849));
#883=CIRCLE('',#4194,7.);
#884=CIRCLE('',#4195,7.);
#885=CIRCLE('',#4197,1.543);
#886=CIRCLE('',#4198,1.543);
#887=CIRCLE('',#4199,1.543);
#888=CIRCLE('',#4201,7.);
#889=CIRCLE('',#4202,7.);
#890=CIRCLE('',#4204,0.7);
#891=CIRCLE('',#4205,0.699999999998782);
#892=CIRCLE('',#4206,0.25);
#893=CIRCLE('',#4207,0.25);
#894=CIRCLE('',#4208,0.25);
#895=CIRCLE('',#4209,0.25);
#896=CIRCLE('',#4211,1.943);
#897=CIRCLE('',#4212,1.943);
#898=CIRCLE('',#4213,1.943);
#899=CIRCLE('',#4216,1.943);
#900=CIRCLE('',#4220,0.7);
#901=CIRCLE('',#4222,0.699999999998782);
#902=CIRCLE('',#4225,0.25);
#903=CIRCLE('',#4228,0.25);
#904=CIRCLE('',#4230,0.25);
#905=CIRCLE('',#4233,0.25);
#906=CIRCLE('',#4238,1.55412658773654);
#907=CIRCLE('',#4239,0.150000000000002);
#908=CIRCLE('',#4240,1.70412658773654);
#909=CIRCLE('',#4241,1.55412658773654);
#910=CIRCLE('',#4243,1.55412658773654);
#911=CIRCLE('',#4245,2.6);
#912=CIRCLE('',#4247,1.55162884844712);
#913=CIRCLE('',#4249,2.75);
#914=CIRCLE('',#4250,2.6);
#915=CIRCLE('',#4252,2.75);
#916=CIRCLE('',#4253,2.75);
#917=CIRCLE('',#4256,1.54692106788775);
#918=CIRCLE('',#4257,1.54692106788775);
#919=CIRCLE('',#4258,0.374999999999998);
#920=CIRCLE('',#4260,1.50720551984879);
#921=CIRCLE('',#4261,1.50720551984879);
#922=CIRCLE('',#4263,1.5);
#923=CIRCLE('',#4264,0.375000000000002);
#924=CIRCLE('',#4266,1.5);
#925=CIRCLE('',#4267,1.5);
#926=CIRCLE('',#4269,1.17524047358086);
#927=CIRCLE('',#4281,0.25);
#928=CIRCLE('',#4282,0.25);
#929=CIRCLE('',#4284,0.2);
#930=CIRCLE('',#4285,0.2);
#931=CIRCLE('',#4296,1.);
#932=CIRCLE('',#4297,1.);
#933=CIRCLE('',#4299,1.2);
#934=CIRCLE('',#4300,1.2);
#935=CIRCLE('',#4302,1.2);
#936=CIRCLE('',#4303,1.2);
#937=CIRCLE('',#4305,0.6);
#938=CIRCLE('',#4306,0.6);
#939=CIRCLE('',#4308,0.2);
#940=CIRCLE('',#4309,0.2);
#941=CIRCLE('',#4311,0.2);
#942=CIRCLE('',#4312,0.2);
#943=CIRCLE('',#4314,0.6);
#944=CIRCLE('',#4315,0.6);
#945=CIRCLE('',#4317,0.6);
#946=CIRCLE('',#4318,0.6);
#947=CIRCLE('',#4358,0.6);
#948=CIRCLE('',#4362,1.);
#949=CIRCLE('',#4363,0.699999999999933);
#950=CIRCLE('',#4366,1.);
#951=CIRCLE('',#4368,0.750555349946513);
#952=CIRCLE('',#4370,1.75);
#953=CIRCLE('',#4371,1.75);
#954=CIRCLE('',#4373,1.);
#955=CIRCLE('',#4375,0.750555349946513);
#956=CIRCLE('',#4376,0.750555349946513);
#957=CIRCLE('',#4377,0.750555349946513);
#958=CIRCLE('',#4378,0.750555349946513);
#959=CIRCLE('',#4379,0.750555349946513);
#960=CIRCLE('',#4399,3.);
#961=CIRCLE('',#4400,3.);
#962=CIRCLE('',#4402,5.);
#963=CIRCLE('',#4404,0.499999928494005);
#964=CIRCLE('',#4405,0.500000000000045);
#965=CIRCLE('',#4406,0.499999999999901);
#966=CIRCLE('',#4407,0.499999999999996);
#967=CIRCLE('',#4408,0.85);
#968=CIRCLE('',#4409,2.09999999999951);
#969=CIRCLE('',#4410,2.09999999999925);
#970=CIRCLE('',#4411,2.09999999999945);
#971=CIRCLE('',#4412,2.09999999999931);
#972=CIRCLE('',#4413,0.800000000000001);
#973=CIRCLE('',#4414,0.800000000000018);
#974=CIRCLE('',#4415,0.85);
#975=CIRCLE('',#4421,1.00000000000001);
#976=CIRCLE('',#4422,0.4);
#977=CIRCLE('',#4423,1.4);
#978=CIRCLE('',#4425,0.999999999999996);
#979=CIRCLE('',#4427,0.4);
#980=CIRCLE('',#4428,1.4);
#981=CIRCLE('',#4430,1.4);
#982=CIRCLE('',#4431,1.4);
#983=CIRCLE('',#4433,0.4);
#984=CIRCLE('',#4435,0.4);
#985=CIRCLE('',#4436,1.5);
#986=CIRCLE('',#4437,1.5);
#987=CIRCLE('',#4438,1.7);
#988=CIRCLE('',#4439,1.7);
#989=CIRCLE('',#4440,1.69999999999994);
#990=CIRCLE('',#4441,1.70000000000006);
#991=CIRCLE('',#4447,5.);
#992=CIRCLE('',#4450,1.00000000000069);
#993=CIRCLE('',#4451,0.4);
#994=CIRCLE('',#4453,0.999999999999996);
#995=CIRCLE('',#4455,0.4);
#996=CIRCLE('',#4465,0.4);
#997=CIRCLE('',#4466,0.4);
#998=CIRCLE('',#4470,0.4);
#999=CIRCLE('',#4472,1.9);
#1000=CIRCLE('',#4474,0.4);
#1001=CIRCLE('',#4475,0.4);
#1002=CIRCLE('',#4477,1.9);
#1003=CIRCLE('',#4480,0.4);
#1004=CIRCLE('',#4484,0.4);
#1005=CIRCLE('',#4485,0.4);
#1006=CIRCLE('',#4487,0.399999999999997);
#1007=CIRCLE('',#4488,1.5);
#1008=CIRCLE('',#4493,1.5);
#1009=CIRCLE('',#4496,0.399999999999999);
#1010=CIRCLE('',#4499,0.4);
#1011=CIRCLE('',#4501,0.4);
#1012=CIRCLE('',#4508,0.85);
#1013=CIRCLE('',#4509,0.85);
#1014=CIRCLE('',#4551,1.69999999999994);
#1015=CIRCLE('',#4554,1.70000000000006);
#1016=CIRCLE('',#4559,1.7);
#1017=CIRCLE('',#4562,1.7);
#1018=LINE('',#5751,#1391);
#1019=LINE('',#5755,#1392);
#1020=LINE('',#5758,#1393);
#1021=LINE('',#5763,#1394);
#1022=LINE('',#5781,#1395);
#1023=LINE('',#5785,#1396);
#1024=LINE('',#5788,#1397);
#1025=LINE('',#5792,#1398);
#1026=LINE('',#5794,#1399);
#1027=LINE('',#5798,#1400);
#1028=LINE('',#5802,#1401);
#1029=LINE('',#5806,#1402);
#1030=LINE('',#5810,#1403);
#1031=LINE('',#5814,#1404);
#1032=LINE('',#5819,#1405);
#1033=LINE('',#5822,#1406);
#1034=LINE('',#5826,#1407);
#1035=LINE('',#5828,#1408);
#1036=LINE('',#5829,#1409);
#1037=LINE('',#5833,#1410);
#1038=LINE('',#5838,#1411);
#1039=LINE('',#5841,#1412);
#1040=LINE('',#5842,#1413);
#1041=LINE('',#5846,#1414);
#1042=LINE('',#5849,#1415);
#1043=LINE('',#5850,#1416);
#1044=LINE('',#5856,#1417);
#1045=LINE('',#5859,#1418);
#1046=LINE('',#5860,#1419);
#1047=LINE('',#5864,#1420);
#1048=LINE('',#5866,#1421);
#1049=LINE('',#5880,#1422);
#1050=LINE('',#5903,#1423);
#1051=LINE('',#5920,#1424);
#1052=LINE('',#5927,#1425);
#1053=LINE('',#5929,#1426);
#1054=LINE('',#5938,#1427);
#1055=LINE('',#5951,#1428);
#1056=LINE('',#5954,#1429);
#1057=LINE('',#5961,#1430);
#1058=LINE('',#5963,#1431);
#1059=LINE('',#5965,#1432);
#1060=LINE('',#5967,#1433);
#1061=LINE('',#5969,#1434);
#1062=LINE('',#5970,#1435);
#1063=LINE('',#5972,#1436);
#1064=LINE('',#5973,#1437);
#1065=LINE('',#5975,#1438);
#1066=LINE('',#5977,#1439);
#1067=LINE('',#5979,#1440);
#1068=LINE('',#5981,#1441);
#1069=LINE('',#5989,#1442);
#1070=LINE('',#5992,#1443);
#1071=LINE('',#5997,#1444);
#1072=LINE('',#6001,#1445);
#1073=LINE('',#6003,#1446);
#1074=LINE('',#6005,#1447);
#1075=LINE('',#6007,#1448);
#1076=LINE('',#6008,#1449);
#1077=LINE('',#6011,#1450);
#1078=LINE('',#6013,#1451);
#1079=LINE('',#6015,#1452);
#1080=LINE('',#6017,#1453);
#1081=LINE('',#6018,#1454);
#1082=LINE('',#6020,#1455);
#1083=LINE('',#6022,#1456);
#1084=LINE('',#6024,#1457);
#1085=LINE('',#6026,#1458);
#1086=LINE('',#6031,#1459);
#1087=LINE('',#6033,#1460);
#1088=LINE('',#6035,#1461);
#1089=LINE('',#6036,#1462);
#1090=LINE('',#6043,#1463);
#1091=LINE('',#6050,#1464);
#1092=LINE('',#6053,#1465);
#1093=LINE('',#6059,#1466);
#1094=LINE('',#6062,#1467);
#1095=LINE('',#6068,#1468);
#1096=LINE('',#6071,#1469);
#1097=LINE('',#6076,#1470);
#1098=LINE('',#6082,#1471);
#1099=LINE('',#6088,#1472);
#1100=LINE('',#6094,#1473);
#1101=LINE('',#6101,#1474);
#1102=LINE('',#6103,#1475);
#1103=LINE('',#6105,#1476);
#1104=LINE('',#6106,#1477);
#1105=LINE('',#6109,#1478);
#1106=LINE('',#6111,#1479);
#1107=LINE('',#6112,#1480);
#1108=LINE('',#6115,#1481);
#1109=LINE('',#6117,#1482);
#1110=LINE('',#6118,#1483);
#1111=LINE('',#6121,#1484);
#1112=LINE('',#6123,#1485);
#1113=LINE('',#6124,#1486);
#1114=LINE('',#6127,#1487);
#1115=LINE('',#6129,#1488);
#1116=LINE('',#6131,#1489);
#1117=LINE('',#6133,#1490);
#1118=LINE('',#6134,#1491);
#1119=LINE('',#6136,#1492);
#1120=LINE('',#6138,#1493);
#1121=LINE('',#6140,#1494);
#1122=LINE('',#6142,#1495);
#1123=LINE('',#6144,#1496);
#1124=LINE('',#6145,#1497);
#1125=LINE('',#6146,#1498);
#1126=LINE('',#6147,#1499);
#1127=LINE('',#6151,#1500);
#1128=LINE('',#6153,#1501);
#1129=LINE('',#6155,#1502);
#1130=LINE('',#6156,#1503);
#1131=LINE('',#6159,#1504);
#1132=LINE('',#6161,#1505);
#1133=LINE('',#6162,#1506);
#1134=LINE('',#6165,#1507);
#1135=LINE('',#6167,#1508);
#1136=LINE('',#6168,#1509);
#1137=LINE('',#6170,#1510);
#1138=LINE('',#6171,#1511);
#1139=LINE('',#6175,#1512);
#1140=LINE('',#6177,#1513);
#1141=LINE('',#6178,#1514);
#1142=LINE('',#6181,#1515);
#1143=LINE('',#6182,#1516);
#1144=LINE('',#6185,#1517);
#1145=LINE('',#6186,#1518);
#1146=LINE('',#6188,#1519);
#1147=LINE('',#6190,#1520);
#1148=LINE('',#6192,#1521);
#1149=LINE('',#6195,#1522);
#1150=LINE('',#6197,#1523);
#1151=LINE('',#6198,#1524);
#1152=LINE('',#6201,#1525);
#1153=LINE('',#6203,#1526);
#1154=LINE('',#6204,#1527);
#1155=LINE('',#6206,#1528);
#1156=LINE('',#6208,#1529);
#1157=LINE('',#6210,#1530);
#1158=LINE('',#6213,#1531);
#1159=LINE('',#6215,#1532);
#1160=LINE('',#6217,#1533);
#1161=LINE('',#6219,#1534);
#1162=LINE('',#6221,#1535);
#1163=LINE('',#6222,#1536);
#1164=LINE('',#6225,#1537);
#1165=LINE('',#6227,#1538);
#1166=LINE('',#6228,#1539);
#1167=LINE('',#6231,#1540);
#1168=LINE('',#6232,#1541);
#1169=LINE('',#6235,#1542);
#1170=LINE('',#6236,#1543);
#1171=LINE('',#6239,#1544);
#1172=LINE('',#6241,#1545);
#1173=LINE('',#6243,#1546);
#1174=LINE('',#6244,#1547);
#1175=LINE('',#6247,#1548);
#1176=LINE('',#6249,#1549);
#1177=LINE('',#6251,#1550);
#1178=LINE('',#6252,#1551);
#1179=LINE('',#6253,#1552);
#1180=LINE('',#6256,#1553);
#1181=LINE('',#6257,#1554);
#1182=LINE('',#6260,#1555);
#1183=LINE('',#6261,#1556);
#1184=LINE('',#6263,#1557);
#1185=LINE('',#6266,#1558);
#1186=LINE('',#6268,#1559);
#1187=LINE('',#6269,#1560);
#1188=LINE('',#6273,#1561);
#1189=LINE('',#6274,#1562);
#1190=LINE('',#6277,#1563);
#1191=LINE('',#6278,#1564);
#1192=LINE('',#6280,#1565);
#1193=LINE('',#6285,#1566);
#1194=LINE('',#6292,#1567);
#1195=LINE('',#6298,#1568);
#1196=LINE('',#6310,#1569);
#1197=LINE('',#6349,#1570);
#1198=LINE('',#6351,#1571);
#1199=LINE('',#6353,#1572);
#1200=LINE('',#6355,#1573);
#1201=LINE('',#6357,#1574);
#1202=LINE('',#6358,#1575);
#1203=LINE('',#6360,#1576);
#1204=LINE('',#6361,#1577);
#1205=LINE('',#6363,#1578);
#1206=LINE('',#6365,#1579);
#1207=LINE('',#6367,#1580);
#1208=LINE('',#6369,#1581);
#1209=LINE('',#6375,#1582);
#1210=LINE('',#6377,#1583);
#1211=LINE('',#6379,#1584);
#1212=LINE('',#6380,#1585);
#1213=LINE('',#6384,#1586);
#1214=LINE('',#6386,#1587);
#1215=LINE('',#6388,#1588);
#1216=LINE('',#6389,#1589);
#1217=LINE('',#6390,#1590);
#1218=LINE('',#6394,#1591);
#1219=LINE('',#6395,#1592);
#1220=LINE('',#6396,#1593);
#1221=LINE('',#6398,#1594);
#1222=LINE('',#6399,#1595);
#1223=LINE('',#6404,#1596);
#1224=LINE('',#6410,#1597);
#1225=LINE('',#6411,#1598);
#1226=LINE('',#6426,#1599);
#1227=LINE('',#6430,#1600);
#1228=LINE('',#6434,#1601);
#1229=LINE('',#6438,#1602);
#1230=LINE('',#6442,#1603);
#1231=LINE('',#6454,#1604);
#1232=LINE('',#6457,#1605);
#1233=LINE('',#6459,#1606);
#1234=LINE('',#6461,#1607);
#1235=LINE('',#6462,#1608);
#1236=LINE('',#6469,#1609);
#1237=LINE('',#6472,#1610);
#1238=LINE('',#6477,#1611);
#1239=LINE('',#6480,#1612);
#1240=LINE('',#6483,#1613);
#1241=LINE('',#6485,#1614);
#1242=LINE('',#6489,#1615);
#1243=LINE('',#6492,#1616);
#1244=LINE('',#6496,#1617);
#1245=LINE('',#6498,#1618);
#1246=LINE('',#6499,#1619);
#1247=LINE('',#6501,#1620);
#1248=LINE('',#6503,#1621);
#1249=LINE('',#6506,#1622);
#1250=LINE('',#6507,#1623);
#1251=LINE('',#6528,#1624);
#1252=LINE('',#6529,#1625);
#1253=LINE('',#6545,#1626);
#1254=LINE('',#6549,#1627);
#1255=LINE('',#6552,#1628);
#1256=LINE('',#6555,#1629);
#1257=LINE('',#6558,#1630);
#1258=LINE('',#6561,#1631);
#1259=LINE('',#6565,#1632);
#1260=LINE('',#6569,#1633);
#1261=LINE('',#6572,#1634);
#1262=LINE('',#6575,#1635);
#1263=LINE('',#6579,#1636);
#1264=LINE('',#6583,#1637);
#1265=LINE('',#6587,#1638);
#1266=LINE('',#6590,#1639);
#1267=LINE('',#6592,#1640);
#1268=LINE('',#6604,#1641);
#1269=LINE('',#6606,#1642);
#1270=LINE('',#6612,#1643);
#1271=LINE('',#6614,#1644);
#1272=LINE('',#6620,#1645);
#1273=LINE('',#6621,#1646);
#1274=LINE('',#6624,#1647);
#1275=LINE('',#6626,#1648);
#1276=LINE('',#6633,#1649);
#1277=LINE('',#6635,#1650);
#1278=LINE('',#6641,#1651);
#1279=LINE('',#6643,#1652);
#1280=LINE('',#6662,#1653);
#1281=LINE('',#6670,#1654);
#1282=LINE('',#6673,#1655);
#1283=LINE('',#6674,#1656);
#1284=LINE('',#6677,#1657);
#1285=LINE('',#6679,#1658);
#1286=LINE('',#6681,#1659);
#1287=LINE('',#6690,#1660);
#1288=LINE('',#6693,#1661);
#1289=LINE('',#6696,#1662);
#1290=LINE('',#6698,#1663);
#1291=LINE('',#6699,#1664);
#1292=LINE('',#6705,#1665);
#1293=LINE('',#6708,#1666);
#1294=LINE('',#6711,#1667);
#1295=LINE('',#6713,#1668);
#1296=LINE('',#6717,#1669);
#1297=LINE('',#6719,#1670);
#1298=LINE('',#6721,#1671);
#1299=LINE('',#6723,#1672);
#1300=LINE('',#6724,#1673);
#1301=LINE('',#6725,#1674);
#1302=LINE('',#6730,#1675);
#1303=LINE('',#6734,#1676);
#1304=LINE('',#6736,#1677);
#1305=LINE('',#6738,#1678);
#1306=LINE('',#6740,#1679);
#1307=LINE('',#6742,#1680);
#1308=LINE('',#6744,#1681);
#1309=LINE('',#6746,#1682);
#1310=LINE('',#6750,#1683);
#1311=LINE('',#6751,#1684);
#1312=LINE('',#6757,#1685);
#1313=LINE('',#6760,#1686);
#1314=LINE('',#6762,#1687);
#1315=LINE('',#6763,#1688);
#1316=LINE('',#6766,#1689);
#1317=LINE('',#6772,#1690);
#1318=LINE('',#6774,#1691);
#1319=LINE('',#6781,#1692);
#1320=LINE('',#6787,#1693);
#1321=LINE('',#6789,#1694);
#1322=LINE('',#6794,#1695);
#1323=LINE('',#6799,#1696);
#1324=LINE('',#6808,#1697);
#1325=LINE('',#6810,#1698);
#1326=LINE('',#6812,#1699);
#1327=LINE('',#6814,#1700);
#1328=LINE('',#6815,#1701);
#1329=LINE('',#6818,#1702);
#1330=LINE('',#6822,#1703);
#1331=LINE('',#6823,#1704);
#1332=LINE('',#6832,#1705);
#1333=LINE('',#6835,#1706);
#1334=LINE('',#6836,#1707);
#1335=LINE('',#6839,#1708);
#1336=LINE('',#6840,#1709);
#1337=LINE('',#6842,#1710);
#1338=LINE('',#6843,#1711);
#1339=LINE('',#6845,#1712);
#1340=LINE('',#6846,#1713);
#1341=LINE('',#6865,#1714);
#1342=LINE('',#6900,#1715);
#1343=LINE('',#6901,#1716);
#1344=LINE('',#6946,#1717);
#1345=LINE('',#6948,#1718);
#1346=LINE('',#6954,#1719);
#1347=LINE('',#6957,#1720);
#1348=LINE('',#6958,#1721);
#1349=LINE('',#6962,#1722);
#1350=LINE('',#6966,#1723);
#1351=LINE('',#6973,#1724);
#1352=LINE('',#6984,#1725);
#1353=LINE('',#6985,#1726);
#1354=LINE('',#6988,#1727);
#1355=LINE('',#6990,#1728);
#1356=LINE('',#6992,#1729);
#1357=LINE('',#7003,#1730);
#1358=LINE('',#7014,#1731);
#1359=LINE('',#7015,#1732);
#1360=LINE('',#7018,#1733);
#1361=LINE('',#7020,#1734);
#1362=LINE('',#7022,#1735);
#1363=LINE('',#7053,#1736);
#1364=LINE('',#7055,#1737);
#1365=LINE('',#7057,#1738);
#1366=LINE('',#7059,#1739);
#1367=LINE('',#7060,#1740);
#1368=LINE('',#7062,#1741);
#1369=LINE('',#7066,#1742);
#1370=LINE('',#7071,#1743);
#1371=LINE('',#7073,#1744);
#1372=LINE('',#7077,#1745);
#1373=LINE('',#7078,#1746);
#1374=LINE('',#7082,#1747);
#1375=LINE('',#7084,#1748);
#1376=LINE('',#7086,#1749);
#1377=LINE('',#7087,#1750);
#1378=LINE('',#7089,#1751);
#1379=LINE('',#7092,#1752);
#1380=LINE('',#7094,#1753);
#1381=LINE('',#7098,#1754);
#1382=LINE('',#7099,#1755);
#1383=LINE('',#7103,#1756);
#1384=LINE('',#7105,#1757);
#1385=LINE('',#7107,#1758);
#1386=LINE('',#7108,#1759);
#1387=LINE('',#7110,#1760);
#1388=LINE('',#7112,#1761);
#1389=LINE('',#7114,#1762);
#1390=LINE('',#7116,#1763);
#1391=VECTOR('',#4588,10.);
#1392=VECTOR('',#4591,10.);
#1393=VECTOR('',#4594,10.);
#1394=VECTOR('',#4599,1.543);
#1395=VECTOR('',#4606,10.);
#1396=VECTOR('',#4609,10.);
#1397=VECTOR('',#4612,10.);
#1398=VECTOR('',#4615,10.);
#1399=VECTOR('',#4618,10.);
#1400=VECTOR('',#4621,10.);
#1401=VECTOR('',#4624,10.);
#1402=VECTOR('',#4627,10.);
#1403=VECTOR('',#4630,10.);
#1404=VECTOR('',#4635,1.743);
#1405=VECTOR('',#4644,10.);
#1406=VECTOR('',#4647,1.743);
#1407=VECTOR('',#4652,10.);
#1408=VECTOR('',#4653,10.);
#1409=VECTOR('',#4654,10.);
#1410=VECTOR('',#4659,10.);
#1411=VECTOR('',#4666,10.);
#1412=VECTOR('',#4669,10.);
#1413=VECTOR('',#4670,10.);
#1414=VECTOR('',#4675,10.);
#1415=VECTOR('',#4678,10.);
#1416=VECTOR('',#4679,10.);
#1417=VECTOR('',#4688,10.);
#1418=VECTOR('',#4691,10.);
#1419=VECTOR('',#4692,10.);
#1420=VECTOR('',#4697,10.);
#1421=VECTOR('',#4700,10.);
#1422=VECTOR('',#4719,1.55412658773654);
#1423=VECTOR('',#4726,1.55162884844712);
#1424=VECTOR('',#4733,2.75);
#1425=VECTOR('',#4742,2.75);
#1426=VECTOR('',#4745,2.6);
#1427=VECTOR('',#4756,1.50720551984879);
#1428=VECTOR('',#4773,1.5);
#1429=VECTOR('',#4776,1.17524047358086);
#1430=VECTOR('',#4785,1000.);
#1431=VECTOR('',#4786,1000.);
#1432=VECTOR('',#4787,1000.);
#1433=VECTOR('',#4788,1000.);
#1434=VECTOR('',#4789,1000.);
#1435=VECTOR('',#4790,1000.);
#1436=VECTOR('',#4793,1000.);
#1437=VECTOR('',#4794,1000.);
#1438=VECTOR('',#4797,1000.);
#1439=VECTOR('',#4800,1000.);
#1440=VECTOR('',#4803,1000.);
#1441=VECTOR('',#4806,1000.);
#1442=VECTOR('',#4815,1000.);
#1443=VECTOR('',#4818,1000.);
#1444=VECTOR('',#4823,0.2);
#1445=VECTOR('',#4828,1000.);
#1446=VECTOR('',#4829,1000.);
#1447=VECTOR('',#4830,1000.);
#1448=VECTOR('',#4831,1000.);
#1449=VECTOR('',#4832,1000.);
#1450=VECTOR('',#4835,1000.);
#1451=VECTOR('',#4836,1000.);
#1452=VECTOR('',#4837,1000.);
#1453=VECTOR('',#4838,1000.);
#1454=VECTOR('',#4839,1000.);
#1455=VECTOR('',#4842,1000.);
#1456=VECTOR('',#4845,1000.);
#1457=VECTOR('',#4848,1000.);
#1458=VECTOR('',#4851,1000.);
#1459=VECTOR('',#4856,1000.);
#1460=VECTOR('',#4857,1000.);
#1461=VECTOR('',#4858,1000.);
#1462=VECTOR('',#4859,1000.);
#1463=VECTOR('',#4866,1.);
#1464=VECTOR('',#4873,1000.);
#1465=VECTOR('',#4876,1000.);
#1466=VECTOR('',#4881,1000.);
#1467=VECTOR('',#4884,1000.);
#1468=VECTOR('',#4889,1000.);
#1469=VECTOR('',#4892,1000.);
#1470=VECTOR('',#4897,0.2);
#1471=VECTOR('',#4904,0.2);
#1472=VECTOR('',#4911,0.6);
#1473=VECTOR('',#4918,0.6);
#1474=VECTOR('',#4927,1000.);
#1475=VECTOR('',#4928,1000.);
#1476=VECTOR('',#4929,1000.);
#1477=VECTOR('',#4930,1000.);
#1478=VECTOR('',#4933,1000.);
#1479=VECTOR('',#4934,1000.);
#1480=VECTOR('',#4935,999.999999999999);
#1481=VECTOR('',#4938,1000.);
#1482=VECTOR('',#4939,1000.);
#1483=VECTOR('',#4940,1000.);
#1484=VECTOR('',#4943,1000.);
#1485=VECTOR('',#4944,1000.);
#1486=VECTOR('',#4945,1000.);
#1487=VECTOR('',#4948,1000.);
#1488=VECTOR('',#4949,1000.);
#1489=VECTOR('',#4950,1000.);
#1490=VECTOR('',#4951,1000.);
#1491=VECTOR('',#4952,1000.);
#1492=VECTOR('',#4953,1000.);
#1493=VECTOR('',#4954,1000.);
#1494=VECTOR('',#4955,1000.);
#1495=VECTOR('',#4956,1000.);
#1496=VECTOR('',#4957,1000.);
#1497=VECTOR('',#4958,1000.);
#1498=VECTOR('',#4959,1000.);
#1499=VECTOR('',#4960,1000.);
#1500=VECTOR('',#4963,1000.);
#1501=VECTOR('',#4964,1000.);
#1502=VECTOR('',#4965,1000.);
#1503=VECTOR('',#4966,1000.);
#1504=VECTOR('',#4969,1000.);
#1505=VECTOR('',#4970,1000.);
#1506=VECTOR('',#4971,1000.);
#1507=VECTOR('',#4974,1000.);
#1508=VECTOR('',#4975,1000.);
#1509=VECTOR('',#4976,1000.);
#1510=VECTOR('',#4979,1000.);
#1511=VECTOR('',#4980,1000.);
#1512=VECTOR('',#4985,1000.);
#1513=VECTOR('',#4986,1000.);
#1514=VECTOR('',#4987,1000.);
#1515=VECTOR('',#4990,1000.);
#1516=VECTOR('',#4991,1000.);
#1517=VECTOR('',#4994,1000.);
#1518=VECTOR('',#4995,1000.);
#1519=VECTOR('',#4998,1000.);
#1520=VECTOR('',#5001,1000.);
#1521=VECTOR('',#5004,1000.);
#1522=VECTOR('',#5007,1000.);
#1523=VECTOR('',#5008,1000.);
#1524=VECTOR('',#5009,1000.);
#1525=VECTOR('',#5012,1000.);
#1526=VECTOR('',#5013,1000.);
#1527=VECTOR('',#5014,1000.);
#1528=VECTOR('',#5017,1000.);
#1529=VECTOR('',#5020,1000.);
#1530=VECTOR('',#5023,1000.);
#1531=VECTOR('',#5026,1000.);
#1532=VECTOR('',#5027,1000.);
#1533=VECTOR('',#5028,1000.);
#1534=VECTOR('',#5029,1000.);
#1535=VECTOR('',#5030,1000.);
#1536=VECTOR('',#5031,1000.);
#1537=VECTOR('',#5034,1000.);
#1538=VECTOR('',#5035,1000.);
#1539=VECTOR('',#5036,1000.);
#1540=VECTOR('',#5039,1000.);
#1541=VECTOR('',#5040,1000.);
#1542=VECTOR('',#5043,1000.);
#1543=VECTOR('',#5044,1000.);
#1544=VECTOR('',#5047,1000.);
#1545=VECTOR('',#5048,1000.);
#1546=VECTOR('',#5049,1000.);
#1547=VECTOR('',#5050,1000.);
#1548=VECTOR('',#5053,1000.);
#1549=VECTOR('',#5054,1000.);
#1550=VECTOR('',#5055,1000.);
#1551=VECTOR('',#5056,1000.);
#1552=VECTOR('',#5057,1000.);
#1553=VECTOR('',#5060,1000.);
#1554=VECTOR('',#5061,1000.);
#1555=VECTOR('',#5064,1000.);
#1556=VECTOR('',#5065,1000.);
#1557=VECTOR('',#5068,1000.);
#1558=VECTOR('',#5071,1000.);
#1559=VECTOR('',#5072,1000.);
#1560=VECTOR('',#5073,1000.);
#1561=VECTOR('',#5078,1000.);
#1562=VECTOR('',#5079,1000.);
#1563=VECTOR('',#5082,1000.);
#1564=VECTOR('',#5083,1000.);
#1565=VECTOR('',#5086,1000.);
#1566=VECTOR('',#5093,0.6);
#1567=VECTOR('',#5102,0.849999999999967);
#1568=VECTOR('',#5111,1.);
#1569=VECTOR('',#5120,1.75);
#1570=VECTOR('',#5153,1000.);
#1571=VECTOR('',#5154,1000.);
#1572=VECTOR('',#5155,1000.);
#1573=VECTOR('',#5156,1000.);
#1574=VECTOR('',#5157,1000.);
#1575=VECTOR('',#5158,1000.);
#1576=VECTOR('',#5161,1000.);
#1577=VECTOR('',#5162,1000.);
#1578=VECTOR('',#5165,1000.);
#1579=VECTOR('',#5168,1000.);
#1580=VECTOR('',#5171,1000.);
#1581=VECTOR('',#5174,1000.);
#1582=VECTOR('',#5181,10.);
#1583=VECTOR('',#5182,10.);
#1584=VECTOR('',#5183,10.);
#1585=VECTOR('',#5184,10.);
#1586=VECTOR('',#5187,10.);
#1587=VECTOR('',#5188,10.);
#1588=VECTOR('',#5189,10.);
#1589=VECTOR('',#5190,10.);
#1590=VECTOR('',#5191,10.);
#1591=VECTOR('',#5194,10.);
#1592=VECTOR('',#5195,10.);
#1593=VECTOR('',#5196,10.);
#1594=VECTOR('',#5199,10.);
#1595=VECTOR('',#5200,10.);
#1596=VECTOR('',#5205,10.);
#1597=VECTOR('',#5212,10.);
#1598=VECTOR('',#5213,10.);
#1599=VECTOR('',#5216,10.);
#1600=VECTOR('',#5219,10.);
#1601=VECTOR('',#5222,10.);
#1602=VECTOR('',#5225,10.);
#1603=VECTOR('',#5228,10.);
#1604=VECTOR('',#5229,10.);
#1605=VECTOR('',#5230,10.);
#1606=VECTOR('',#5231,10.);
#1607=VECTOR('',#5232,10.);
#1608=VECTOR('',#5233,10.);
#1609=VECTOR('',#5238,10.);
#1610=VECTOR('',#5241,10.);
#1611=VECTOR('',#5244,10.);
#1612=VECTOR('',#5247,10.);
#1613=VECTOR('',#5248,10.);
#1614=VECTOR('',#5249,10.);
#1615=VECTOR('',#5252,10.);
#1616=VECTOR('',#5255,10.);
#1617=VECTOR('',#5260,10.);
#1618=VECTOR('',#5261,10.);
#1619=VECTOR('',#5262,10.);
#1620=VECTOR('',#5265,10.);
#1621=VECTOR('',#5268,10.);
#1622=VECTOR('',#5271,10.);
#1623=VECTOR('',#5272,10.);
#1624=VECTOR('',#5285,10.);
#1625=VECTOR('',#5286,10.);
#1626=VECTOR('',#5295,10.);
#1627=VECTOR('',#5298,10.);
#1628=VECTOR('',#5301,10.);
#1629=VECTOR('',#5304,10.);
#1630=VECTOR('',#5307,10.);
#1631=VECTOR('',#5310,10.);
#1632=VECTOR('',#5313,10.);
#1633=VECTOR('',#5316,10.);
#1634=VECTOR('',#5319,10.);
#1635=VECTOR('',#5320,10.);
#1636=VECTOR('',#5323,10.);
#1637=VECTOR('',#5326,10.);
#1638=VECTOR('',#5329,10.);
#1639=VECTOR('',#5334,10.);
#1640=VECTOR('',#5337,10.);
#1641=VECTOR('',#5340,10.);
#1642=VECTOR('',#5341,10.);
#1643=VECTOR('',#5342,10.);
#1644=VECTOR('',#5343,10.);
#1645=VECTOR('',#5344,10.);
#1646=VECTOR('',#5345,10.);
#1647=VECTOR('',#5348,10.);
#1648=VECTOR('',#5349,10.);
#1649=VECTOR('',#5350,10.);
#1650=VECTOR('',#5351,10.);
#1651=VECTOR('',#5352,10.);
#1652=VECTOR('',#5353,10.);
#1653=VECTOR('',#5370,10.);
#1654=VECTOR('',#5381,10.);
#1655=VECTOR('',#5384,10.);
#1656=VECTOR('',#5385,10.);
#1657=VECTOR('',#5388,10.);
#1658=VECTOR('',#5389,10.);
#1659=VECTOR('',#5390,10.);
#1660=VECTOR('',#5401,10.);
#1661=VECTOR('',#5404,10.);
#1662=VECTOR('',#5407,10.);
#1663=VECTOR('',#5408,10.);
#1664=VECTOR('',#5409,10.);
#1665=VECTOR('',#5414,10.);
#1666=VECTOR('',#5417,10.);
#1667=VECTOR('',#5420,10.);
#1668=VECTOR('',#5421,10.);
#1669=VECTOR('',#5424,10.);
#1670=VECTOR('',#5425,10.);
#1671=VECTOR('',#5426,10.);
#1672=VECTOR('',#5427,10.);
#1673=VECTOR('',#5428,10.);
#1674=VECTOR('',#5429,10.);
#1675=VECTOR('',#5434,10.);
#1676=VECTOR('',#5439,10.);
#1677=VECTOR('',#5440,10.);
#1678=VECTOR('',#5441,10.);
#1679=VECTOR('',#5442,10.);
#1680=VECTOR('',#5443,10.);
#1681=VECTOR('',#5444,10.);
#1682=VECTOR('',#5445,10.);
#1683=VECTOR('',#5448,10.);
#1684=VECTOR('',#5449,10.);
#1685=VECTOR('',#5456,10.);
#1686=VECTOR('',#5459,10.);
#1687=VECTOR('',#5460,10.8074876199537);
#1688=VECTOR('',#5461,10.);
#1689=VECTOR('',#5464,10.);
#1690=VECTOR('',#5465,10.);
#1691=VECTOR('',#5466,10.);
#1692=VECTOR('',#5467,10.);
#1693=VECTOR('',#5468,10.);
#1694=VECTOR('',#5469,10.);
#1695=VECTOR('',#5470,10.);
#1696=VECTOR('',#5475,10.);
#1697=VECTOR('',#5488,10.);
#1698=VECTOR('',#5491,10.);
#1699=VECTOR('',#5492,10.);
#1700=VECTOR('',#5493,10.);
#1701=VECTOR('',#5494,10.);
#1702=VECTOR('',#5497,10.);
#1703=VECTOR('',#5502,10.);
#1704=VECTOR('',#5503,10.);
#1705=VECTOR('',#5520,10.);
#1706=VECTOR('',#5523,10.);
#1707=VECTOR('',#5524,10.8074876199518);
#1708=VECTOR('',#5527,10.807487619947);
#1709=VECTOR('',#5528,10.);
#1710=VECTOR('',#5531,10.);
#1711=VECTOR('',#5532,10.);
#1712=VECTOR('',#5535,10.);
#1713=VECTOR('',#5536,10.);
#1714=VECTOR('',#5547,10.);
#1715=VECTOR('',#5550,10.);
#1716=VECTOR('',#5551,10.);
#1717=VECTOR('',#5556,10.4201076655994);
#1718=VECTOR('',#5559,10.4201076655998);
#1719=VECTOR('',#5566,10.);
#1720=VECTOR('',#5569,10.);
#1721=VECTOR('',#5570,10.);
#1722=VECTOR('',#5573,10.);
#1723=VECTOR('',#5580,10.8074876199468);
#1724=VECTOR('',#5583,10.807487619947);
#1725=VECTOR('',#5586,10.);
#1726=VECTOR('',#5587,10.8074876199468);
#1727=VECTOR('',#5590,10.);
#1728=VECTOR('',#5591,10.);
#1729=VECTOR('',#5592,10.);
#1730=VECTOR('',#5595,10.8074876199537);
#1731=VECTOR('',#5598,10.);
#1732=VECTOR('',#5599,10.8074876199518);
#1733=VECTOR('',#5602,10.);
#1734=VECTOR('',#5603,10.);
#1735=VECTOR('',#5604,10.);
#1736=VECTOR('',#5627,10.4201076655994);
#1737=VECTOR('',#5630,10.4201076656002);
#1738=VECTOR('',#5633,10.4201076656002);
#1739=VECTOR('',#5636,10.4201076655997);
#1740=VECTOR('',#5637,10.4201076655997);
#1741=VECTOR('',#5640,10.4201076655998);
#1742=VECTOR('',#5647,0.9);
#1743=VECTOR('',#5654,10.);
#1744=VECTOR('',#5655,10.);
#1745=VECTOR('',#5660,10.);
#1746=VECTOR('',#5661,10.);
#1747=VECTOR('',#5666,10.);
#1748=VECTOR('',#5669,10.);
#1749=VECTOR('',#5672,10.);
#1750=VECTOR('',#5673,10.);
#1751=VECTOR('',#5676,10.);
#1752=VECTOR('',#5679,10.);
#1753=VECTOR('',#5680,10.);
#1754=VECTOR('',#5685,10.);
#1755=VECTOR('',#5686,10.);
#1756=VECTOR('',#5691,10.);
#1757=VECTOR('',#5694,10.);
#1758=VECTOR('',#5697,10.);
#1759=VECTOR('',#5698,10.);
#1760=VECTOR('',#5701,10.);
#1761=VECTOR('',#5704,10.);
#1762=VECTOR('',#5707,10.);
#1763=VECTOR('',#5710,0.9);
#1764=B_SPLINE_CURVE_WITH_KNOTS('',3,(#5739,#5740,#5741,#5742,#5743,#5744,
#5745,#5746,#5747,#5748,#5749),.UNSPECIFIED.,.F.,.F.,(4,2,3,2,4),(-0.125231815531074,
-0.069494138442222,0.,0.0694941384422221,0.125231815531074),
 .UNSPECIFIED.);
#1765=B_SPLINE_CURVE_WITH_KNOTS('',3,(#5770,#5771,#5772,#5773,#5774,#5775,
#5776,#5777,#5778,#5779),.UNSPECIFIED.,.F.,.F.,(4,2,2,2,4),(-0.943837190438591,
-0.88809951334974,-0.818605374907518,-0.749111236465296,-0.693373559376444),
 .UNSPECIFIED.);
#1766=B_SPLINE_CURVE_WITH_KNOTS('',3,(#6415,#6416,#6417,#6418,#6419,#6420,
#6421,#6422,#6423,#6424),.UNSPECIFIED.,.F.,.F.,(4,3,3,4),(0.,0.0337677489747051,
0.0562795816245085,0.078791414274312),.UNSPECIFIED.);
#1767=B_SPLINE_CURVE_WITH_KNOTS('',3,(#6444,#6445,#6446,#6447,#6448,#6449,
#6450,#6451,#6452,#6453),.UNSPECIFIED.,.F.,.F.,(4,3,3,4),(0.,0.0337677548121102,
0.0562795913535169,0.0787914278949237),.UNSPECIFIED.);
#1768=B_SPLINE_CURVE_WITH_KNOTS('',3,(#6515,#6516,#6517,#6518,#6519,#6520,
#6521,#6522),.UNSPECIFIED.,.F.,.F.,(4,2,2,4),(0.,0.0963405313346131,0.132202787135706,
0.165627968282872),.UNSPECIFIED.);
#1769=B_SPLINE_CURVE_WITH_KNOTS('',3,(#6533,#6534,#6535,#6536,#6537,#6538,
#6539,#6540),.UNSPECIFIED.,.F.,.F.,(4,2,2,4),(0.465780542182314,0.499205723329481,
0.535067979130574,0.631408510465185),.UNSPECIFIED.);
#1770=B_SPLINE_CURVE_WITH_KNOTS('',3,(#6595,#6596,#6597,#6598,#6599,#6600,
#6601,#6602),.UNSPECIFIED.,.F.,.F.,(4,2,2,4),(0.,0.0963405313346104,0.132202787135703,
0.165627968282871),.UNSPECIFIED.);
#1771=B_SPLINE_CURVE_WITH_KNOTS('',3,(#6644,#6645,#6646,#6647,#6648,#6649,
#6650,#6651),.UNSPECIFIED.,.F.,.F.,(4,2,2,4),(0.465780542182313,0.49920572332948,
0.535067979130573,0.631408510465185),.UNSPECIFIED.);
#1772=B_SPLINE_CURVE_WITH_KNOTS('',3,(#6855,#6856,#6857,#6858,#6859,#6860,
#6861,#6862,#6863,#6864),.UNSPECIFIED.,.F.,.F.,(4,3,3,4),(0.,0.0675355096242003,
0.135071019248401,0.236374283684701),.UNSPECIFIED.);
#1773=B_SPLINE_CURVE_WITH_KNOTS('',3,(#6890,#6891,#6892,#6893),
 .UNSPECIFIED.,.F.,.F.,(4,4),(1.46212866031442,1.57759871989145),
 .UNSPECIFIED.);
#1774=B_SPLINE_CURVE_WITH_KNOTS('',3,(#6894,#6895,#6896,#6897),
 .UNSPECIFIED.,.F.,.F.,(4,4),(-1.57759873710896,-1.46212866796662),
 .UNSPECIFIED.);
#1775=B_SPLINE_CURVE_WITH_KNOTS('',3,(#6903,#6904,#6905,#6906,#6907,#6908,
#6909,#6910,#6911,#6912),.UNSPECIFIED.,.F.,.F.,(4,3,3,4),(0.,0.0675355096242305,
0.135071019248461,0.236374283684807),.UNSPECIFIED.);
#1776=B_SPLINE_CURVE_WITH_KNOTS('',3,(#6937,#6938,#6939,#6940),
 .UNSPECIFIED.,.F.,.F.,(4,4),(1.94423972893727,2.0597097827752),
 .UNSPECIFIED.);
#1777=B_SPLINE_CURVE_WITH_KNOTS('',3,(#6941,#6942,#6943,#6944),
 .UNSPECIFIED.,.F.,.F.,(4,4),(-2.0597097827752,-1.94423972893727),
 .UNSPECIFIED.);
#1778=B_SPLINE_CURVE_WITH_KNOTS('',3,(#6974,#6975,#6976,#6977,#6978,#6979,
#6980,#6981),.UNSPECIFIED.,.F.,.F.,(4,2,2,4),(0.788728111806371,0.805288274590909,
0.855627292461197,0.901486847536377),.UNSPECIFIED.);
#1779=B_SPLINE_CURVE_WITH_KNOTS('',3,(#7004,#7005,#7006,#7007,#7008,#7009,
#7010,#7011),.UNSPECIFIED.,.F.,.F.,(4,2,2,4),(0.788728111806246,0.805288274591063,
0.855627292461296,0.901486847536371),.UNSPECIFIED.);
#1780=B_SPLINE_CURVE_WITH_KNOTS('',3,(#7027,#7028,#7029,#7030,#7031,#7032,
#7033,#7034),.UNSPECIFIED.,.F.,.F.,(4,2,2,4),(0.788728111939876,0.805288274591043,
0.855627292461287,0.901486083077482),.UNSPECIFIED.);
#1781=B_SPLINE_CURVE_WITH_KNOTS('',3,(#7038,#7039,#7040,#7041,#7042,#7043,
#7044,#7045),.UNSPECIFIED.,.F.,.F.,(4,2,2,4),(0.78872843552066,0.805288274590905,
0.855627292461194,0.901486847528126),.UNSPECIFIED.);
#1782=VERTEX_POINT('',#5737);
#1783=VERTEX_POINT('',#5738);
#1784=VERTEX_POINT('',#5750);
#1785=VERTEX_POINT('',#5752);
#1786=VERTEX_POINT('',#5754);
#1787=VERTEX_POINT('',#5756);
#1788=VERTEX_POINT('',#5760);
#1789=VERTEX_POINT('',#5762);
#1790=VERTEX_POINT('',#5764);
#1791=VERTEX_POINT('',#5768);
#1792=VERTEX_POINT('',#5769);
#1793=VERTEX_POINT('',#5780);
#1794=VERTEX_POINT('',#5782);
#1795=VERTEX_POINT('',#5784);
#1796=VERTEX_POINT('',#5786);
#1797=VERTEX_POINT('',#5790);
#1798=VERTEX_POINT('',#5791);
#1799=VERTEX_POINT('',#5795);
#1800=VERTEX_POINT('',#5797);
#1801=VERTEX_POINT('',#5799);
#1802=VERTEX_POINT('',#5801);
#1803=VERTEX_POINT('',#5803);
#1804=VERTEX_POINT('',#5805);
#1805=VERTEX_POINT('',#5807);
#1806=VERTEX_POINT('',#5809);
#1807=VERTEX_POINT('',#5813);
#1808=VERTEX_POINT('',#5821);
#1809=VERTEX_POINT('',#5825);
#1810=VERTEX_POINT('',#5827);
#1811=VERTEX_POINT('',#5832);
#1812=VERTEX_POINT('',#5836);
#1813=VERTEX_POINT('',#5840);
#1814=VERTEX_POINT('',#5844);
#1815=VERTEX_POINT('',#5848);
#1816=VERTEX_POINT('',#5854);
#1817=VERTEX_POINT('',#5858);
#1818=VERTEX_POINT('',#5862);
#1819=VERTEX_POINT('',#5870);
#1820=VERTEX_POINT('',#5871);
#1821=VERTEX_POINT('',#5873);
#1822=VERTEX_POINT('',#5878);
#1823=VERTEX_POINT('',#5882);
#1824=VERTEX_POINT('',#5885);
#1825=VERTEX_POINT('',#5886);
#1826=VERTEX_POINT('',#5890);
#1827=VERTEX_POINT('',#5894);
#1828=VERTEX_POINT('',#5898);
#1829=VERTEX_POINT('',#5902);
#1830=VERTEX_POINT('',#5905);
#1831=VERTEX_POINT('',#5909);
#1832=VERTEX_POINT('',#5917);
#1833=VERTEX_POINT('',#5919);
#1834=VERTEX_POINT('',#5923);
#1835=VERTEX_POINT('',#5924);
#1836=VERTEX_POINT('',#5931);
#1837=VERTEX_POINT('',#5932);
#1838=VERTEX_POINT('',#5937);
#1839=VERTEX_POINT('',#5939);
#1840=VERTEX_POINT('',#5943);
#1841=VERTEX_POINT('',#5947);
#1842=VERTEX_POINT('',#5948);
#1843=VERTEX_POINT('',#5953);
#1844=VERTEX_POINT('',#5959);
#1845=VERTEX_POINT('',#5960);
#1846=VERTEX_POINT('',#5962);
#1847=VERTEX_POINT('',#5964);
#1848=VERTEX_POINT('',#5966);
#1849=VERTEX_POINT('',#5968);
#1850=VERTEX_POINT('',#5985);
#1851=VERTEX_POINT('',#5986);
#1852=VERTEX_POINT('',#5988);
#1853=VERTEX_POINT('',#5990);
#1854=VERTEX_POINT('',#5994);
#1855=VERTEX_POINT('',#5996);
#1856=VERTEX_POINT('',#6000);
#1857=VERTEX_POINT('',#6002);
#1858=VERTEX_POINT('',#6004);
#1859=VERTEX_POINT('',#6006);
#1860=VERTEX_POINT('',#6010);
#1861=VERTEX_POINT('',#6012);
#1862=VERTEX_POINT('',#6014);
#1863=VERTEX_POINT('',#6016);
#1864=VERTEX_POINT('',#6029);
#1865=VERTEX_POINT('',#6030);
#1866=VERTEX_POINT('',#6032);
#1867=VERTEX_POINT('',#6034);
#1868=VERTEX_POINT('',#6037);
#1869=VERTEX_POINT('',#6040);
#1870=VERTEX_POINT('',#6042);
#1871=VERTEX_POINT('',#6046);
#1872=VERTEX_POINT('',#6047);
#1873=VERTEX_POINT('',#6049);
#1874=VERTEX_POINT('',#6051);
#1875=VERTEX_POINT('',#6055);
#1876=VERTEX_POINT('',#6056);
#1877=VERTEX_POINT('',#6058);
#1878=VERTEX_POINT('',#6060);
#1879=VERTEX_POINT('',#6064);
#1880=VERTEX_POINT('',#6065);
#1881=VERTEX_POINT('',#6067);
#1882=VERTEX_POINT('',#6069);
#1883=VERTEX_POINT('',#6073);
#1884=VERTEX_POINT('',#6075);
#1885=VERTEX_POINT('',#6079);
#1886=VERTEX_POINT('',#6081);
#1887=VERTEX_POINT('',#6085);
#1888=VERTEX_POINT('',#6087);
#1889=VERTEX_POINT('',#6091);
#1890=VERTEX_POINT('',#6093);
#1891=VERTEX_POINT('',#6099);
#1892=VERTEX_POINT('',#6100);
#1893=VERTEX_POINT('',#6102);
#1894=VERTEX_POINT('',#6104);
#1895=VERTEX_POINT('',#6108);
#1896=VERTEX_POINT('',#6110);
#1897=VERTEX_POINT('',#6114);
#1898=VERTEX_POINT('',#6116);
#1899=VERTEX_POINT('',#6120);
#1900=VERTEX_POINT('',#6122);
#1901=VERTEX_POINT('',#6126);
#1902=VERTEX_POINT('',#6128);
#1903=VERTEX_POINT('',#6130);
#1904=VERTEX_POINT('',#6132);
#1905=VERTEX_POINT('',#6135);
#1906=VERTEX_POINT('',#6137);
#1907=VERTEX_POINT('',#6139);
#1908=VERTEX_POINT('',#6141);
#1909=VERTEX_POINT('',#6143);
#1910=VERTEX_POINT('',#6149);
#1911=VERTEX_POINT('',#6150);
#1912=VERTEX_POINT('',#6152);
#1913=VERTEX_POINT('',#6154);
#1914=VERTEX_POINT('',#6158);
#1915=VERTEX_POINT('',#6160);
#1916=VERTEX_POINT('',#6164);
#1917=VERTEX_POINT('',#6166);
#1918=VERTEX_POINT('',#6174);
#1919=VERTEX_POINT('',#6176);
#1920=VERTEX_POINT('',#6180);
#1921=VERTEX_POINT('',#6184);
#1922=VERTEX_POINT('',#6194);
#1923=VERTEX_POINT('',#6196);
#1924=VERTEX_POINT('',#6200);
#1925=VERTEX_POINT('',#6202);
#1926=VERTEX_POINT('',#6212);
#1927=VERTEX_POINT('',#6214);
#1928=VERTEX_POINT('',#6216);
#1929=VERTEX_POINT('',#6218);
#1930=VERTEX_POINT('',#6220);
#1931=VERTEX_POINT('',#6224);
#1932=VERTEX_POINT('',#6226);
#1933=VERTEX_POINT('',#6230);
#1934=VERTEX_POINT('',#6234);
#1935=VERTEX_POINT('',#6238);
#1936=VERTEX_POINT('',#6240);
#1937=VERTEX_POINT('',#6242);
#1938=VERTEX_POINT('',#6246);
#1939=VERTEX_POINT('',#6248);
#1940=VERTEX_POINT('',#6250);
#1941=VERTEX_POINT('',#6255);
#1942=VERTEX_POINT('',#6259);
#1943=VERTEX_POINT('',#6265);
#1944=VERTEX_POINT('',#6267);
#1945=VERTEX_POINT('',#6272);
#1946=VERTEX_POINT('',#6276);
#1947=VERTEX_POINT('',#6283);
#1948=VERTEX_POINT('',#6289);
#1949=VERTEX_POINT('',#6291);
#1950=VERTEX_POINT('',#6296);
#1951=VERTEX_POINT('',#6300);
#1952=VERTEX_POINT('',#6301);
#1953=VERTEX_POINT('',#6307);
#1954=VERTEX_POINT('',#6309);
#1955=VERTEX_POINT('',#6313);
#1956=VERTEX_POINT('',#6316);
#1957=VERTEX_POINT('',#6317);
#1958=VERTEX_POINT('',#6319);
#1959=VERTEX_POINT('',#6322);
#1960=VERTEX_POINT('',#6347);
#1961=VERTEX_POINT('',#6348);
#1962=VERTEX_POINT('',#6350);
#1963=VERTEX_POINT('',#6352);
#1964=VERTEX_POINT('',#6354);
#1965=VERTEX_POINT('',#6356);
#1966=VERTEX_POINT('',#6373);
#1967=VERTEX_POINT('',#6374);
#1968=VERTEX_POINT('',#6376);
#1969=VERTEX_POINT('',#6378);
#1970=VERTEX_POINT('',#6382);
#1971=VERTEX_POINT('',#6383);
#1972=VERTEX_POINT('',#6385);
#1973=VERTEX_POINT('',#6387);
#1974=VERTEX_POINT('',#6392);
#1975=VERTEX_POINT('',#6393);
#1976=VERTEX_POINT('',#6401);
#1977=VERTEX_POINT('',#6403);
#1978=VERTEX_POINT('',#6407);
#1979=VERTEX_POINT('',#6409);
#1980=VERTEX_POINT('',#6413);
#1981=VERTEX_POINT('',#6414);
#1982=VERTEX_POINT('',#6425);
#1983=VERTEX_POINT('',#6427);
#1984=VERTEX_POINT('',#6429);
#1985=VERTEX_POINT('',#6431);
#1986=VERTEX_POINT('',#6433);
#1987=VERTEX_POINT('',#6435);
#1988=VERTEX_POINT('',#6437);
#1989=VERTEX_POINT('',#6439);
#1990=VERTEX_POINT('',#6441);
#1991=VERTEX_POINT('',#6443);
#1992=VERTEX_POINT('',#6455);
#1993=VERTEX_POINT('',#6456);
#1994=VERTEX_POINT('',#6458);
#1995=VERTEX_POINT('',#6460);
#1996=VERTEX_POINT('',#6463);
#1997=VERTEX_POINT('',#6465);
#1998=VERTEX_POINT('',#6466);
#1999=VERTEX_POINT('',#6468);
#2000=VERTEX_POINT('',#6470);
#2001=VERTEX_POINT('',#6473);
#2002=VERTEX_POINT('',#6474);
#2003=VERTEX_POINT('',#6476);
#2004=VERTEX_POINT('',#6478);
#2005=VERTEX_POINT('',#6481);
#2006=VERTEX_POINT('',#6482);
#2007=VERTEX_POINT('',#6484);
#2008=VERTEX_POINT('',#6486);
#2009=VERTEX_POINT('',#6488);
#2010=VERTEX_POINT('',#6490);
#2011=VERTEX_POINT('',#6493);
#2012=VERTEX_POINT('',#6497);
#2013=VERTEX_POINT('',#6505);
#2014=VERTEX_POINT('',#6509);
#2015=VERTEX_POINT('',#6510);
#2016=VERTEX_POINT('',#6512);
#2017=VERTEX_POINT('',#6514);
#2018=VERTEX_POINT('',#6525);
#2019=VERTEX_POINT('',#6526);
#2020=VERTEX_POINT('',#6531);
#2021=VERTEX_POINT('',#6532);
#2022=VERTEX_POINT('',#6544);
#2023=VERTEX_POINT('',#6546);
#2024=VERTEX_POINT('',#6548);
#2025=VERTEX_POINT('',#6550);
#2026=VERTEX_POINT('',#6554);
#2027=VERTEX_POINT('',#6556);
#2028=VERTEX_POINT('',#6560);
#2029=VERTEX_POINT('',#6562);
#2030=VERTEX_POINT('',#6564);
#2031=VERTEX_POINT('',#6566);
#2032=VERTEX_POINT('',#6568);
#2033=VERTEX_POINT('',#6570);
#2034=VERTEX_POINT('',#6573);
#2035=VERTEX_POINT('',#6574);
#2036=VERTEX_POINT('',#6576);
#2037=VERTEX_POINT('',#6578);
#2038=VERTEX_POINT('',#6581);
#2039=VERTEX_POINT('',#6582);
#2040=VERTEX_POINT('',#6584);
#2041=VERTEX_POINT('',#6586);
#2042=VERTEX_POINT('',#6594);
#2043=VERTEX_POINT('',#6603);
#2044=VERTEX_POINT('',#6605);
#2045=VERTEX_POINT('',#6607);
#2046=VERTEX_POINT('',#6611);
#2047=VERTEX_POINT('',#6613);
#2048=VERTEX_POINT('',#6615);
#2049=VERTEX_POINT('',#6619);
#2050=VERTEX_POINT('',#6623);
#2051=VERTEX_POINT('',#6625);
#2052=VERTEX_POINT('',#6627);
#2053=VERTEX_POINT('',#6632);
#2054=VERTEX_POINT('',#6634);
#2055=VERTEX_POINT('',#6636);
#2056=VERTEX_POINT('',#6640);
#2057=VERTEX_POINT('',#6642);
#2058=VERTEX_POINT('',#6656);
#2059=VERTEX_POINT('',#6660);
#2060=VERTEX_POINT('',#6666);
#2061=VERTEX_POINT('',#6668);
#2062=VERTEX_POINT('',#6672);
#2063=VERTEX_POINT('',#6676);
#2064=VERTEX_POINT('',#6678);
#2065=VERTEX_POINT('',#6680);
#2066=VERTEX_POINT('',#6686);
#2067=VERTEX_POINT('',#6687);
#2068=VERTEX_POINT('',#6689);
#2069=VERTEX_POINT('',#6691);
#2070=VERTEX_POINT('',#6695);
#2071=VERTEX_POINT('',#6697);
#2072=VERTEX_POINT('',#6701);
#2073=VERTEX_POINT('',#6702);
#2074=VERTEX_POINT('',#6704);
#2075=VERTEX_POINT('',#6706);
#2076=VERTEX_POINT('',#6710);
#2077=VERTEX_POINT('',#6712);
#2078=VERTEX_POINT('',#6714);
#2079=VERTEX_POINT('',#6716);
#2080=VERTEX_POINT('',#6718);
#2081=VERTEX_POINT('',#6720);
#2082=VERTEX_POINT('',#6722);
#2083=VERTEX_POINT('',#6727);
#2084=VERTEX_POINT('',#6729);
#2085=VERTEX_POINT('',#6733);
#2086=VERTEX_POINT('',#6735);
#2087=VERTEX_POINT('',#6737);
#2088=VERTEX_POINT('',#6739);
#2089=VERTEX_POINT('',#6741);
#2090=VERTEX_POINT('',#6743);
#2091=VERTEX_POINT('',#6745);
#2092=VERTEX_POINT('',#6747);
#2093=VERTEX_POINT('',#6749);
#2094=VERTEX_POINT('',#6753);
#2095=VERTEX_POINT('',#6755);
#2096=VERTEX_POINT('',#6759);
#2097=VERTEX_POINT('',#6761);
#2098=VERTEX_POINT('',#6765);
#2099=VERTEX_POINT('',#6767);
#2100=VERTEX_POINT('',#6771);
#2101=VERTEX_POINT('',#6773);
#2102=VERTEX_POINT('',#6775);
#2103=VERTEX_POINT('',#6780);
#2104=VERTEX_POINT('',#6782);
#2105=VERTEX_POINT('',#6786);
#2106=VERTEX_POINT('',#6788);
#2107=VERTEX_POINT('',#6796);
#2108=VERTEX_POINT('',#6798);
#2109=VERTEX_POINT('',#6802);
#2110=VERTEX_POINT('',#6806);
#2111=VERTEX_POINT('',#6811);
#2112=VERTEX_POINT('',#6813);
#2113=VERTEX_POINT('',#6817);
#2114=VERTEX_POINT('',#6821);
#2115=VERTEX_POINT('',#6834);
#2116=VERTEX_POINT('',#6838);
#2117=VERTEX_POINT('',#6848);
#2118=VERTEX_POINT('',#6850);
#2119=VERTEX_POINT('',#6854);
#2120=VERTEX_POINT('',#6899);
#2121=VERTEX_POINT('',#6951);
#2122=VERTEX_POINT('',#6953);
#2123=VERTEX_POINT('',#6955);
#2124=VERTEX_POINT('',#6959);
#2125=VERTEX_POINT('',#6961);
#2126=VERTEX_POINT('',#6968);
#2127=VERTEX_POINT('',#6969);
#2128=VERTEX_POINT('',#6983);
#2129=VERTEX_POINT('',#6987);
#2130=VERTEX_POINT('',#6989);
#2131=VERTEX_POINT('',#6991);
#2132=VERTEX_POINT('',#6997);
#2133=VERTEX_POINT('',#6998);
#2134=VERTEX_POINT('',#7013);
#2135=VERTEX_POINT('',#7017);
#2136=VERTEX_POINT('',#7019);
#2137=VERTEX_POINT('',#7021);
#2138=VERTEX_POINT('',#7070);
#2139=VERTEX_POINT('',#7072);
#2140=VERTEX_POINT('',#7076);
#2141=VERTEX_POINT('',#7080);
#2142=VERTEX_POINT('',#7091);
#2143=VERTEX_POINT('',#7093);
#2144=VERTEX_POINT('',#7097);
#2145=VERTEX_POINT('',#7101);
#2146=EDGE_CURVE('',#1782,#1783,#1764,.T.);
#2147=EDGE_CURVE('',#1782,#1784,#1018,.F.);
#2148=EDGE_CURVE('',#1785,#1784,#883,.T.);
#2149=EDGE_CURVE('',#1785,#1786,#1019,.T.);
#2150=EDGE_CURVE('',#1787,#1786,#884,.T.);
#2151=EDGE_CURVE('',#1783,#1787,#1020,.T.);
#2152=EDGE_CURVE('',#1788,#1788,#885,.T.);
#2153=EDGE_CURVE('',#1788,#1789,#1021,.T.);
#2154=EDGE_CURVE('',#1790,#1789,#886,.T.);
#2155=EDGE_CURVE('',#1789,#1790,#887,.T.);
#2156=EDGE_CURVE('',#1791,#1792,#1765,.T.);
#2157=EDGE_CURVE('',#1791,#1793,#1022,.F.);
#2158=EDGE_CURVE('',#1794,#1793,#888,.T.);
#2159=EDGE_CURVE('',#1795,#1794,#1023,.T.);
#2160=EDGE_CURVE('',#1796,#1795,#889,.T.);
#2161=EDGE_CURVE('',#1796,#1792,#1024,.T.);
#2162=EDGE_CURVE('',#1797,#1798,#1025,.T.);
#2163=EDGE_CURVE('',#1798,#1794,#890,.T.);
#2164=EDGE_CURVE('',#1793,#1787,#1026,.T.);
#2165=EDGE_CURVE('',#1786,#1799,#891,.T.);
#2166=EDGE_CURVE('',#1799,#1800,#1027,.T.);
#2167=EDGE_CURVE('',#1800,#1801,#892,.T.);
#2168=EDGE_CURVE('',#1801,#1802,#1028,.T.);
#2169=EDGE_CURVE('',#1802,#1803,#893,.T.);
#2170=EDGE_CURVE('',#1803,#1804,#1029,.T.);
#2171=EDGE_CURVE('',#1804,#1805,#894,.T.);
#2172=EDGE_CURVE('',#1805,#1806,#1030,.T.);
#2173=EDGE_CURVE('',#1806,#1797,#895,.T.);
#2174=EDGE_CURVE('',#1789,#1807,#1031,.T.);
#2175=EDGE_CURVE('',#1807,#1782,#896,.T.);
#2176=EDGE_CURVE('',#1783,#1791,#897,.T.);
#2177=EDGE_CURVE('',#1792,#1807,#898,.T.);
#2178=EDGE_CURVE('',#1784,#1796,#1032,.T.);
#2179=EDGE_CURVE('',#1788,#1808,#1033,.T.);
#2180=EDGE_CURVE('',#1808,#1808,#899,.T.);
#2181=EDGE_CURVE('',#1809,#1803,#1034,.T.);
#2182=EDGE_CURVE('',#1810,#1809,#1035,.T.);
#2183=EDGE_CURVE('',#1810,#1804,#1036,.T.);
#2184=EDGE_CURVE('',#1811,#1798,#1037,.T.);
#2185=EDGE_CURVE('',#1795,#1811,#900,.T.);
#2186=EDGE_CURVE('',#1812,#1785,#901,.T.);
#2187=EDGE_CURVE('',#1812,#1799,#1038,.T.);
#2188=EDGE_CURVE('',#1813,#1812,#1039,.T.);
#2189=EDGE_CURVE('',#1813,#1800,#1040,.T.);
#2190=EDGE_CURVE('',#1814,#1813,#902,.T.);
#2191=EDGE_CURVE('',#1814,#1801,#1041,.T.);
#2192=EDGE_CURVE('',#1815,#1814,#1042,.T.);
#2193=EDGE_CURVE('',#1815,#1802,#1043,.T.);
#2194=EDGE_CURVE('',#1809,#1815,#903,.T.);
#2195=EDGE_CURVE('',#1816,#1810,#904,.T.);
#2196=EDGE_CURVE('',#1816,#1805,#1044,.T.);
#2197=EDGE_CURVE('',#1817,#1816,#1045,.T.);
#2198=EDGE_CURVE('',#1817,#1806,#1046,.T.);
#2199=EDGE_CURVE('',#1818,#1817,#905,.T.);
#2200=EDGE_CURVE('',#1797,#1818,#1047,.T.);
#2201=EDGE_CURVE('',#1811,#1818,#1048,.T.);
#2202=EDGE_CURVE('',#1819,#1820,#906,.T.);
#2203=EDGE_CURVE('',#1820,#1821,#907,.T.);
#2204=EDGE_CURVE('',#1821,#1821,#908,.T.);
#2205=EDGE_CURVE('',#1820,#1819,#909,.T.);
#2206=EDGE_CURVE('',#1822,#1822,#910,.T.);
#2207=EDGE_CURVE('',#1822,#1819,#1049,.T.);
#2208=EDGE_CURVE('',#1823,#1823,#911,.T.);
#2209=EDGE_CURVE('',#1824,#1825,#67,.T.);
#2210=EDGE_CURVE('',#1826,#1824,#68,.T.);
#2211=EDGE_CURVE('',#1827,#1826,#69,.T.);
#2212=EDGE_CURVE('',#1828,#1827,#70,.F.);
#2213=EDGE_CURVE('',#1828,#1829,#1050,.T.);
#2214=EDGE_CURVE('',#1829,#1829,#912,.T.);
#2215=EDGE_CURVE('',#1830,#1828,#71,.F.);
#2216=EDGE_CURVE('',#1831,#1830,#72,.T.);
#2217=EDGE_CURVE('',#1825,#1831,#73,.T.);
#2218=EDGE_CURVE('',#1832,#1832,#913,.T.);
#2219=EDGE_CURVE('',#1832,#1833,#1051,.T.);
#2220=EDGE_CURVE('',#1833,#1833,#914,.T.);
#2221=EDGE_CURVE('',#1834,#1835,#915,.T.);
#2222=EDGE_CURVE('',#1835,#1834,#916,.T.);
#2223=EDGE_CURVE('',#1835,#1832,#1052,.T.);
#2224=EDGE_CURVE('',#1834,#1823,#1053,.T.);
#2225=EDGE_CURVE('',#1836,#1837,#917,.T.);
#2226=EDGE_CURVE('',#1837,#1836,#918,.T.);
#2227=EDGE_CURVE('',#1837,#1822,#919,.T.);
#2228=EDGE_CURVE('',#1836,#1838,#1054,.T.);
#2229=EDGE_CURVE('',#1839,#1838,#920,.T.);
#2230=EDGE_CURVE('',#1838,#1839,#921,.T.);
#2231=EDGE_CURVE('',#1840,#1840,#922,.T.);
#2232=EDGE_CURVE('',#1840,#1839,#923,.T.);
#2233=EDGE_CURVE('',#1841,#1842,#924,.T.);
#2234=EDGE_CURVE('',#1842,#1841,#925,.T.);
#2235=EDGE_CURVE('',#1842,#1840,#1055,.T.);
#2236=EDGE_CURVE('',#1841,#1843,#1056,.T.);
#2237=EDGE_CURVE('',#1843,#1843,#926,.T.);
#2238=EDGE_CURVE('',#1844,#1845,#1057,.T.);
#2239=EDGE_CURVE('',#1845,#1846,#1058,.T.);
#2240=EDGE_CURVE('',#1846,#1847,#1059,.T.);
#2241=EDGE_CURVE('',#1847,#1848,#1060,.T.);
#2242=EDGE_CURVE('',#1848,#1849,#1061,.T.);
#2243=EDGE_CURVE('',#1849,#1844,#1062,.T.);
#2244=EDGE_CURVE('',#1844,#1826,#1063,.T.);
#2245=EDGE_CURVE('',#1845,#1824,#1064,.T.);
#2246=EDGE_CURVE('',#1849,#1827,#1065,.T.);
#2247=EDGE_CURVE('',#1848,#1830,#1066,.T.);
#2248=EDGE_CURVE('',#1847,#1831,#1067,.T.);
#2249=EDGE_CURVE('',#1846,#1825,#1068,.T.);
#2250=EDGE_CURVE('',#1850,#1851,#927,.T.);
#2251=EDGE_CURVE('',#1851,#1852,#1069,.T.);
#2252=EDGE_CURVE('',#1852,#1853,#928,.T.);
#2253=EDGE_CURVE('',#1853,#1850,#1070,.T.);
#2254=EDGE_CURVE('',#1854,#1854,#929,.T.);
#2255=EDGE_CURVE('',#1854,#1855,#1071,.T.);
#2256=EDGE_CURVE('',#1855,#1855,#930,.T.);
#2257=EDGE_CURVE('',#1852,#1856,#1072,.T.);
#2258=EDGE_CURVE('',#1857,#1856,#1073,.T.);
#2259=EDGE_CURVE('',#1858,#1857,#1074,.T.);
#2260=EDGE_CURVE('',#1859,#1858,#1075,.T.);
#2261=EDGE_CURVE('',#1859,#1853,#1076,.T.);
#2262=EDGE_CURVE('',#1860,#1850,#1077,.T.);
#2263=EDGE_CURVE('',#1861,#1860,#1078,.T.);
#2264=EDGE_CURVE('',#1861,#1862,#1079,.T.);
#2265=EDGE_CURVE('',#1863,#1862,#1080,.T.);
#2266=EDGE_CURVE('',#1851,#1863,#1081,.T.);
#2267=EDGE_CURVE('',#1856,#1863,#1082,.T.);
#2268=EDGE_CURVE('',#1862,#1857,#1083,.T.);
#2269=EDGE_CURVE('',#1858,#1861,#1084,.T.);
#2270=EDGE_CURVE('',#1860,#1859,#1085,.T.);
#2271=EDGE_CURVE('',#1864,#1865,#1086,.T.);
#2272=EDGE_CURVE('',#1866,#1864,#1087,.T.);
#2273=EDGE_CURVE('',#1867,#1866,#1088,.T.);
#2274=EDGE_CURVE('',#1865,#1867,#1089,.T.);
#2275=EDGE_CURVE('',#1868,#1868,#50,.T.);
#2276=EDGE_CURVE('',#1869,#1869,#931,.T.);
#2277=EDGE_CURVE('',#1869,#1870,#1090,.T.);
#2278=EDGE_CURVE('',#1870,#1870,#932,.T.);
#2279=EDGE_CURVE('',#1871,#1872,#933,.T.);
#2280=EDGE_CURVE('',#1871,#1873,#1091,.T.);
#2281=EDGE_CURVE('',#1874,#1873,#934,.T.);
#2282=EDGE_CURVE('',#1874,#1872,#1092,.T.);
#2283=EDGE_CURVE('',#1875,#1876,#935,.T.);
#2284=EDGE_CURVE('',#1875,#1877,#1093,.T.);
#2285=EDGE_CURVE('',#1878,#1877,#936,.T.);
#2286=EDGE_CURVE('',#1878,#1876,#1094,.T.);
#2287=EDGE_CURVE('',#1879,#1880,#937,.T.);
#2288=EDGE_CURVE('',#1880,#1881,#1095,.T.);
#2289=EDGE_CURVE('',#1881,#1882,#938,.T.);
#2290=EDGE_CURVE('',#1882,#1879,#1096,.T.);
#2291=EDGE_CURVE('',#1883,#1883,#939,.T.);
#2292=EDGE_CURVE('',#1883,#1884,#1097,.T.);
#2293=EDGE_CURVE('',#1884,#1884,#940,.T.);
#2294=EDGE_CURVE('',#1885,#1885,#941,.T.);
#2295=EDGE_CURVE('',#1885,#1886,#1098,.T.);
#2296=EDGE_CURVE('',#1886,#1886,#942,.T.);
#2297=EDGE_CURVE('',#1887,#1887,#943,.T.);
#2298=EDGE_CURVE('',#1887,#1888,#1099,.T.);
#2299=EDGE_CURVE('',#1888,#1888,#944,.T.);
#2300=EDGE_CURVE('',#1889,#1889,#945,.T.);
#2301=EDGE_CURVE('',#1889,#1890,#1100,.T.);
#2302=EDGE_CURVE('',#1890,#1890,#946,.T.);
#2303=EDGE_CURVE('',#1891,#1892,#1101,.T.);
#2304=EDGE_CURVE('',#1891,#1893,#1102,.T.);
#2305=EDGE_CURVE('',#1894,#1893,#1103,.T.);
#2306=EDGE_CURVE('',#1892,#1894,#1104,.T.);
#2307=EDGE_CURVE('',#1895,#1891,#1105,.T.);
#2308=EDGE_CURVE('',#1896,#1895,#1106,.T.);
#2309=EDGE_CURVE('',#1893,#1896,#1107,.T.);
#2310=EDGE_CURVE('',#1865,#1897,#1108,.T.);
#2311=EDGE_CURVE('',#1898,#1867,#1109,.T.);
#2312=EDGE_CURVE('',#1897,#1898,#1110,.T.);
#2313=EDGE_CURVE('',#1894,#1899,#1111,.T.);
#2314=EDGE_CURVE('',#1899,#1900,#1112,.T.);
#2315=EDGE_CURVE('',#1892,#1900,#1113,.T.);
#2316=EDGE_CURVE('',#1901,#1896,#1114,.T.);
#2317=EDGE_CURVE('',#1901,#1902,#1115,.T.);
#2318=EDGE_CURVE('',#1902,#1903,#1116,.T.);
#2319=EDGE_CURVE('',#1903,#1904,#1117,.T.);
#2320=EDGE_CURVE('',#1898,#1904,#1118,.T.);
#2321=EDGE_CURVE('',#1866,#1905,#1119,.T.);
#2322=EDGE_CURVE('',#1905,#1906,#1120,.T.);
#2323=EDGE_CURVE('',#1906,#1907,#1121,.T.);
#2324=EDGE_CURVE('',#1907,#1908,#1122,.T.);
#2325=EDGE_CURVE('',#1908,#1909,#1123,.T.);
#2326=EDGE_CURVE('',#1909,#1899,#1124,.T.);
#2327=EDGE_CURVE('',#1877,#1874,#1125,.T.);
#2328=EDGE_CURVE('',#1873,#1878,#1126,.T.);
#2329=EDGE_CURVE('',#1910,#1911,#1127,.T.);
#2330=EDGE_CURVE('',#1910,#1912,#1128,.T.);
#2331=EDGE_CURVE('',#1912,#1913,#1129,.T.);
#2332=EDGE_CURVE('',#1911,#1913,#1130,.T.);
#2333=EDGE_CURVE('',#1914,#1910,#1131,.T.);
#2334=EDGE_CURVE('',#1914,#1915,#1132,.T.);
#2335=EDGE_CURVE('',#1915,#1912,#1133,.T.);
#2336=EDGE_CURVE('',#1916,#1914,#1134,.T.);
#2337=EDGE_CURVE('',#1916,#1917,#1135,.T.);
#2338=EDGE_CURVE('',#1917,#1915,#1136,.T.);
#2339=EDGE_CURVE('',#1911,#1916,#1137,.T.);
#2340=EDGE_CURVE('',#1913,#1917,#1138,.T.);
#2341=EDGE_CURVE('',#1918,#1881,#1139,.T.);
#2342=EDGE_CURVE('',#1919,#1918,#1140,.T.);
#2343=EDGE_CURVE('',#1919,#1882,#1141,.T.);
#2344=EDGE_CURVE('',#1920,#1880,#1142,.T.);
#2345=EDGE_CURVE('',#1918,#1920,#1143,.T.);
#2346=EDGE_CURVE('',#1921,#1879,#1144,.T.);
#2347=EDGE_CURVE('',#1920,#1921,#1145,.T.);
#2348=EDGE_CURVE('',#1921,#1919,#1146,.T.);
#2349=EDGE_CURVE('',#1872,#1875,#1147,.T.);
#2350=EDGE_CURVE('',#1871,#1876,#1148,.T.);
#2351=EDGE_CURVE('',#1922,#1901,#1149,.T.);
#2352=EDGE_CURVE('',#1923,#1922,#1150,.T.);
#2353=EDGE_CURVE('',#1902,#1923,#1151,.T.);
#2354=EDGE_CURVE('',#1903,#1924,#1152,.T.);
#2355=EDGE_CURVE('',#1925,#1924,#1153,.T.);
#2356=EDGE_CURVE('',#1904,#1925,#1154,.T.);
#2357=EDGE_CURVE('',#1924,#1923,#1155,.T.);
#2358=EDGE_CURVE('',#1895,#1922,#1156,.T.);
#2359=EDGE_CURVE('',#1925,#1897,#1157,.T.);
#2360=EDGE_CURVE('',#1900,#1926,#1158,.T.);
#2361=EDGE_CURVE('',#1926,#1927,#1159,.T.);
#2362=EDGE_CURVE('',#1927,#1928,#1160,.T.);
#2363=EDGE_CURVE('',#1928,#1929,#1161,.T.);
#2364=EDGE_CURVE('',#1929,#1930,#1162,.T.);
#2365=EDGE_CURVE('',#1864,#1930,#1163,.T.);
#2366=EDGE_CURVE('',#1928,#1931,#1164,.T.);
#2367=EDGE_CURVE('',#1931,#1932,#1165,.T.);
#2368=EDGE_CURVE('',#1929,#1932,#1166,.T.);
#2369=EDGE_CURVE('',#1927,#1933,#1167,.T.);
#2370=EDGE_CURVE('',#1933,#1931,#1168,.T.);
#2371=EDGE_CURVE('',#1934,#1926,#1169,.T.);
#2372=EDGE_CURVE('',#1934,#1933,#1170,.T.);
#2373=EDGE_CURVE('',#1909,#1935,#1171,.T.);
#2374=EDGE_CURVE('',#1935,#1936,#1172,.T.);
#2375=EDGE_CURVE('',#1936,#1937,#1173,.T.);
#2376=EDGE_CURVE('',#1937,#1934,#1174,.T.);
#2377=EDGE_CURVE('',#1932,#1938,#1175,.T.);
#2378=EDGE_CURVE('',#1938,#1939,#1176,.T.);
#2379=EDGE_CURVE('',#1939,#1940,#1177,.T.);
#2380=EDGE_CURVE('',#1940,#1906,#1178,.T.);
#2381=EDGE_CURVE('',#1930,#1905,#1179,.T.);
#2382=EDGE_CURVE('',#1908,#1941,#1180,.T.);
#2383=EDGE_CURVE('',#1941,#1935,#1181,.T.);
#2384=EDGE_CURVE('',#1907,#1942,#1182,.T.);
#2385=EDGE_CURVE('',#1942,#1941,#1183,.T.);
#2386=EDGE_CURVE('',#1940,#1942,#1184,.T.);
#2387=EDGE_CURVE('',#1939,#1943,#1185,.T.);
#2388=EDGE_CURVE('',#1944,#1938,#1186,.T.);
#2389=EDGE_CURVE('',#1943,#1944,#1187,.T.);
#2390=EDGE_CURVE('',#1945,#1943,#1188,.T.);
#2391=EDGE_CURVE('',#1945,#1936,#1189,.T.);
#2392=EDGE_CURVE('',#1937,#1946,#1190,.T.);
#2393=EDGE_CURVE('',#1946,#1945,#1191,.T.);
#2394=EDGE_CURVE('',#1944,#1946,#1192,.T.);
#2395=EDGE_CURVE('',#1947,#1947,#947,.T.);
#2396=EDGE_CURVE('',#1947,#1868,#1193,.T.);
#2397=EDGE_CURVE('',#1948,#1948,#948,.T.);
#2398=EDGE_CURVE('',#1948,#1949,#1194,.T.);
#2399=EDGE_CURVE('',#1949,#1949,#949,.T.);
#2400=EDGE_CURVE('',#1950,#1950,#950,.T.);
#2401=EDGE_CURVE('',#1950,#1948,#1195,.T.);
#2402=EDGE_CURVE('',#1951,#1952,#74,.F.);
#2403=EDGE_CURVE('',#1951,#1952,#951,.T.);
#2404=EDGE_CURVE('',#1953,#1953,#952,.T.);
#2405=EDGE_CURVE('',#1953,#1954,#1196,.T.);
#2406=EDGE_CURVE('',#1954,#1954,#953,.T.);
#2407=EDGE_CURVE('',#1955,#1955,#954,.T.);
#2408=EDGE_CURVE('',#1956,#1957,#955,.T.);
#2409=EDGE_CURVE('',#1958,#1956,#956,.T.);
#2410=EDGE_CURVE('',#1952,#1958,#957,.T.);
#2411=EDGE_CURVE('',#1959,#1951,#958,.T.);
#2412=EDGE_CURVE('',#1957,#1959,#959,.T.);
#2413=EDGE_CURVE('',#1952,#1958,#75,.T.);
#2414=EDGE_CURVE('',#1958,#1956,#76,.T.);
#2415=EDGE_CURVE('',#1956,#1957,#77,.T.);
#2416=EDGE_CURVE('',#1957,#1959,#78,.T.);
#2417=EDGE_CURVE('',#1959,#1951,#79,.T.);
#2418=EDGE_CURVE('',#1960,#1961,#1197,.T.);
#2419=EDGE_CURVE('',#1961,#1962,#1198,.T.);
#2420=EDGE_CURVE('',#1962,#1963,#1199,.T.);
#2421=EDGE_CURVE('',#1963,#1964,#1200,.T.);
#2422=EDGE_CURVE('',#1964,#1965,#1201,.T.);
#2423=EDGE_CURVE('',#1965,#1960,#1202,.T.);
#2424=EDGE_CURVE('',#1961,#1951,#1203,.T.);
#2425=EDGE_CURVE('',#1962,#1952,#1204,.T.);
#2426=EDGE_CURVE('',#1963,#1958,#1205,.T.);
#2427=EDGE_CURVE('',#1964,#1956,#1206,.T.);
#2428=EDGE_CURVE('',#1965,#1957,#1207,.T.);
#2429=EDGE_CURVE('',#1960,#1959,#1208,.T.);
#2430=EDGE_CURVE('',#1966,#1967,#1209,.T.);
#2431=EDGE_CURVE('',#1967,#1968,#1210,.T.);
#2432=EDGE_CURVE('',#1968,#1969,#1211,.T.);
#2433=EDGE_CURVE('',#1969,#1966,#1212,.T.);
#2434=EDGE_CURVE('',#1970,#1971,#1213,.F.);
#2435=EDGE_CURVE('',#1971,#1972,#1214,.F.);
#2436=EDGE_CURVE('',#1972,#1973,#1215,.F.);
#2437=EDGE_CURVE('',#1973,#1968,#1216,.T.);
#2438=EDGE_CURVE('',#1967,#1970,#1217,.F.);
#2439=EDGE_CURVE('',#1974,#1975,#1218,.T.);
#2440=EDGE_CURVE('',#1975,#1973,#1219,.T.);
#2441=EDGE_CURVE('',#1972,#1974,#1220,.T.);
#2442=EDGE_CURVE('',#1969,#1975,#1221,.T.);
#2443=EDGE_CURVE('',#1966,#1974,#1222,.T.);
#2444=EDGE_CURVE('',#1974,#1976,#960,.T.);
#2445=EDGE_CURVE('',#1977,#1976,#1223,.F.);
#2446=EDGE_CURVE('',#1966,#1977,#961,.T.);
#2447=EDGE_CURVE('',#1978,#1971,#962,.T.);
#2448=EDGE_CURVE('',#1979,#1978,#1224,.F.);
#2449=EDGE_CURVE('',#1976,#1979,#1225,.T.);
#2450=EDGE_CURVE('',#1980,#1981,#1766,.T.);
#2451=EDGE_CURVE('',#1982,#1980,#1226,.T.);
#2452=EDGE_CURVE('',#1983,#1982,#963,.T.);
#2453=EDGE_CURVE('',#1984,#1983,#1227,.T.);
#2454=EDGE_CURVE('',#1985,#1984,#964,.T.);
#2455=EDGE_CURVE('',#1986,#1985,#1228,.T.);
#2456=EDGE_CURVE('',#1987,#1986,#965,.T.);
#2457=EDGE_CURVE('',#1988,#1987,#1229,.T.);
#2458=EDGE_CURVE('',#1989,#1988,#966,.T.);
#2459=EDGE_CURVE('',#1990,#1989,#1230,.T.);
#2460=EDGE_CURVE('',#1991,#1990,#1767,.T.);
#2461=EDGE_CURVE('',#1981,#1991,#1231,.T.);
#2462=EDGE_CURVE('',#1992,#1993,#1232,.T.);
#2463=EDGE_CURVE('',#1994,#1992,#1233,.T.);
#2464=EDGE_CURVE('',#1995,#1994,#1234,.T.);
#2465=EDGE_CURVE('',#1993,#1995,#1235,.T.);
#2466=EDGE_CURVE('',#1996,#1996,#967,.T.);
#2467=EDGE_CURVE('',#1997,#1998,#968,.T.);
#2468=EDGE_CURVE('',#1999,#1997,#1236,.T.);
#2469=EDGE_CURVE('',#2000,#1999,#969,.T.);
#2470=EDGE_CURVE('',#1998,#2000,#1237,.T.);
#2471=EDGE_CURVE('',#2001,#2002,#970,.T.);
#2472=EDGE_CURVE('',#2003,#2001,#1238,.T.);
#2473=EDGE_CURVE('',#2004,#2003,#971,.T.);
#2474=EDGE_CURVE('',#2002,#2004,#1239,.T.);
#2475=EDGE_CURVE('',#2005,#2006,#1240,.T.);
#2476=EDGE_CURVE('',#2007,#2005,#1241,.T.);
#2477=EDGE_CURVE('',#2008,#2007,#972,.T.);
#2478=EDGE_CURVE('',#2009,#2008,#1242,.T.);
#2479=EDGE_CURVE('',#2010,#2009,#973,.T.);
#2480=EDGE_CURVE('',#2006,#2010,#1243,.T.);
#2481=EDGE_CURVE('',#2011,#2011,#974,.T.);
#2482=EDGE_CURVE('',#1977,#1992,#1244,.T.);
#2483=EDGE_CURVE('',#1993,#2012,#1245,.T.);
#2484=EDGE_CURVE('',#2012,#1977,#1246,.T.);
#2485=EDGE_CURVE('',#1976,#1994,#1247,.T.);
#2486=EDGE_CURVE('',#1979,#1995,#1248,.T.);
#2487=EDGE_CURVE('',#1978,#2013,#1249,.F.);
#2488=EDGE_CURVE('',#2013,#2012,#1250,.F.);
#2489=EDGE_CURVE('',#2014,#2015,#975,.T.);
#2490=EDGE_CURVE('',#2015,#2016,#976,.T.);
#2491=EDGE_CURVE('',#2016,#2017,#1768,.T.);
#2492=EDGE_CURVE('',#2017,#2014,#977,.T.);
#2493=EDGE_CURVE('',#2018,#2019,#978,.T.);
#2494=EDGE_CURVE('',#2019,#2015,#1251,.T.);
#2495=EDGE_CURVE('',#2014,#2018,#1252,.T.);
#2496=EDGE_CURVE('',#2020,#2021,#1769,.T.);
#2497=EDGE_CURVE('',#2021,#2019,#979,.T.);
#2498=EDGE_CURVE('',#2018,#2020,#980,.T.);
#2499=EDGE_CURVE('',#2022,#2017,#1253,.T.);
#2500=EDGE_CURVE('',#2023,#2022,#981,.T.);
#2501=EDGE_CURVE('',#2024,#2023,#1254,.T.);
#2502=EDGE_CURVE('',#2025,#2024,#982,.T.);
#2503=EDGE_CURVE('',#2020,#2025,#1255,.T.);
#2504=EDGE_CURVE('',#2015,#2026,#1256,.T.);
#2505=EDGE_CURVE('',#2026,#2027,#983,.T.);
#2506=EDGE_CURVE('',#2027,#2016,#1257,.T.);
#2507=EDGE_CURVE('',#2026,#2028,#1258,.T.);
#2508=EDGE_CURVE('',#2029,#2028,#984,.T.);
#2509=EDGE_CURVE('',#2029,#2030,#1259,.T.);
#2510=EDGE_CURVE('',#2031,#2030,#985,.T.);
#2511=EDGE_CURVE('',#2031,#2032,#1260,.T.);
#2512=EDGE_CURVE('',#2033,#2032,#986,.T.);
#2513=EDGE_CURVE('',#2033,#2027,#1261,.T.);
#2514=EDGE_CURVE('',#2034,#2035,#1262,.T.);
#2515=EDGE_CURVE('',#2035,#2036,#987,.T.);
#2516=EDGE_CURVE('',#2036,#2037,#1263,.T.);
#2517=EDGE_CURVE('',#2037,#2034,#988,.T.);
#2518=EDGE_CURVE('',#2038,#2039,#1264,.T.);
#2519=EDGE_CURVE('',#2039,#2040,#989,.T.);
#2520=EDGE_CURVE('',#2040,#2041,#1265,.T.);
#2521=EDGE_CURVE('',#2041,#2038,#990,.T.);
#2522=EDGE_CURVE('',#2028,#2019,#1266,.T.);
#2523=EDGE_CURVE('',#2021,#2029,#1267,.T.);
#2524=EDGE_CURVE('',#2042,#2025,#1770,.T.);
#2525=EDGE_CURVE('',#2043,#2042,#1268,.T.);
#2526=EDGE_CURVE('',#2044,#2043,#1269,.T.);
#2527=EDGE_CURVE('',#2045,#2044,#80,.T.);
#2528=EDGE_CURVE('',#2046,#2045,#1270,.T.);
#2529=EDGE_CURVE('',#2046,#2047,#1271,.T.);
#2530=EDGE_CURVE('',#2048,#2047,#81,.T.);
#2531=EDGE_CURVE('',#2049,#2048,#1272,.T.);
#2532=EDGE_CURVE('',#2030,#2049,#1273,.T.);
#2533=EDGE_CURVE('',#2050,#2033,#1274,.T.);
#2534=EDGE_CURVE('',#2051,#2050,#1275,.T.);
#2535=EDGE_CURVE('',#2052,#2051,#82,.T.);
#2536=EDGE_CURVE('',#2052,#2053,#1276,.T.);
#2537=EDGE_CURVE('',#2054,#2053,#1277,.T.);
#2538=EDGE_CURVE('',#2055,#2054,#83,.T.);
#2539=EDGE_CURVE('',#2056,#2055,#1278,.T.);
#2540=EDGE_CURVE('',#2057,#2056,#1279,.T.);
#2541=EDGE_CURVE('',#2022,#2057,#1771,.T.);
#2542=EDGE_CURVE('',#1970,#2013,#991,.T.);
#2543=EDGE_CURVE('',#2024,#2058,#992,.T.);
#2544=EDGE_CURVE('',#2058,#2042,#993,.T.);
#2545=EDGE_CURVE('',#2023,#2059,#994,.T.);
#2546=EDGE_CURVE('',#2059,#2058,#1280,.T.);
#2547=EDGE_CURVE('',#2057,#2059,#995,.T.);
#2548=EDGE_CURVE('',#2056,#2060,#51,.T.);
#2549=EDGE_CURVE('',#2060,#2061,#52,.T.);
#2550=EDGE_CURVE('',#2061,#2059,#1281,.T.);
#2551=EDGE_CURVE('',#2062,#2061,#1282,.T.);
#2552=EDGE_CURVE('',#2058,#2062,#1283,.T.);
#2553=EDGE_CURVE('',#2063,#2060,#1284,.T.);
#2554=EDGE_CURVE('',#2063,#2064,#1285,.T.);
#2555=EDGE_CURVE('',#2064,#2065,#1286,.T.);
#2556=EDGE_CURVE('',#2062,#2065,#53,.T.);
#2557=EDGE_CURVE('',#2065,#2043,#54,.T.);
#2558=EDGE_CURVE('',#2066,#2067,#996,.T.);
#2559=EDGE_CURVE('',#2067,#2068,#1287,.T.);
#2560=EDGE_CURVE('',#2068,#2069,#997,.T.);
#2561=EDGE_CURVE('',#2069,#2066,#1288,.T.);
#2562=EDGE_CURVE('',#2070,#2067,#1289,.T.);
#2563=EDGE_CURVE('',#2071,#2070,#1290,.T.);
#2564=EDGE_CURVE('',#2068,#2071,#1291,.T.);
#2565=EDGE_CURVE('',#2072,#2073,#55,.T.);
#2566=EDGE_CURVE('',#2073,#2074,#1292,.T.);
#2567=EDGE_CURVE('',#2074,#2075,#998,.F.);
#2568=EDGE_CURVE('',#2075,#2072,#1293,.T.);
#2569=EDGE_CURVE('',#2076,#2069,#1294,.T.);
#2570=EDGE_CURVE('',#2077,#2076,#1295,.T.);
#2571=EDGE_CURVE('',#2078,#2077,#999,.T.);
#2572=EDGE_CURVE('',#2079,#2078,#1296,.T.);
#2573=EDGE_CURVE('',#2079,#2080,#1297,.T.);
#2574=EDGE_CURVE('',#2080,#2081,#1298,.T.);
#2575=EDGE_CURVE('',#2082,#2081,#1299,.T.);
#2576=EDGE_CURVE('',#2072,#2082,#1300,.T.);
#2577=EDGE_CURVE('',#2075,#2066,#1301,.T.);
#2578=EDGE_CURVE('',#2070,#2083,#1000,.T.);
#2579=EDGE_CURVE('',#2083,#2084,#1302,.T.);
#2580=EDGE_CURVE('',#2084,#2071,#1001,.T.);
#2581=EDGE_CURVE('',#2085,#2083,#1303,.T.);
#2582=EDGE_CURVE('',#2086,#2085,#1304,.T.);
#2583=EDGE_CURVE('',#2087,#2086,#1305,.T.);
#2584=EDGE_CURVE('',#2087,#2088,#1306,.T.);
#2585=EDGE_CURVE('',#2089,#2088,#1307,.T.);
#2586=EDGE_CURVE('',#2089,#2090,#1308,.T.);
#2587=EDGE_CURVE('',#2091,#2090,#1309,.T.);
#2588=EDGE_CURVE('',#2092,#2091,#1002,.T.);
#2589=EDGE_CURVE('',#2093,#2092,#1310,.T.);
#2590=EDGE_CURVE('',#2084,#2093,#1311,.T.);
#2591=EDGE_CURVE('',#2094,#2086,#56,.T.);
#2592=EDGE_CURVE('',#2085,#2095,#1003,.F.);
#2593=EDGE_CURVE('',#2095,#2094,#1312,.T.);
#2594=EDGE_CURVE('',#2094,#2096,#1313,.T.);
#2595=EDGE_CURVE('',#2097,#2096,#1314,.T.);
#2596=EDGE_CURVE('',#2097,#2087,#1315,.T.);
#2597=EDGE_CURVE('',#2098,#2073,#1316,.T.);
#2598=EDGE_CURVE('',#2099,#2098,#84,.F.);
#2599=EDGE_CURVE('',#2100,#2099,#1317,.T.);
#2600=EDGE_CURVE('',#2100,#2101,#1318,.T.);
#2601=EDGE_CURVE('',#2102,#2101,#85,.F.);
#2602=EDGE_CURVE('',#2103,#2102,#1319,.T.);
#2603=EDGE_CURVE('',#2104,#2103,#86,.F.);
#2604=EDGE_CURVE('',#2104,#2105,#1320,.T.);
#2605=EDGE_CURVE('',#2106,#2105,#1321,.T.);
#2606=EDGE_CURVE('',#2096,#2106,#87,.F.);
#2607=EDGE_CURVE('',#2074,#2095,#1322,.T.);
#2608=EDGE_CURVE('',#2107,#2090,#1004,.T.);
#2609=EDGE_CURVE('',#2107,#2108,#1323,.T.);
#2610=EDGE_CURVE('',#2108,#2091,#1005,.T.);
#2611=EDGE_CURVE('',#2109,#2092,#1006,.T.);
#2612=EDGE_CURVE('',#2108,#2109,#1007,.T.);
#2613=EDGE_CURVE('',#2110,#2093,#57,.T.);
#2614=EDGE_CURVE('',#2109,#2110,#1324,.T.);
#2615=EDGE_CURVE('',#2110,#2006,#1325,.T.);
#2616=EDGE_CURVE('',#2111,#2109,#1326,.T.);
#2617=EDGE_CURVE('',#2112,#2111,#1327,.T.);
#2618=EDGE_CURVE('',#2005,#2112,#1328,.F.);
#2619=EDGE_CURVE('',#2108,#2113,#1329,.T.);
#2620=EDGE_CURVE('',#2111,#2113,#1008,.T.);
#2621=EDGE_CURVE('',#2107,#2114,#1330,.T.);
#2622=EDGE_CURVE('',#2113,#2114,#1331,.T.);
#2623=EDGE_CURVE('',#2111,#2077,#1009,.T.);
#2624=EDGE_CURVE('',#2076,#2112,#58,.T.);
#2625=EDGE_CURVE('',#2113,#2078,#1010,.T.);
#2626=EDGE_CURVE('',#2079,#2114,#1011,.T.);
#2627=EDGE_CURVE('',#2080,#2089,#1332,.T.);
#2628=EDGE_CURVE('',#2064,#2115,#1333,.T.);
#2629=EDGE_CURVE('',#2044,#2115,#1334,.T.);
#2630=EDGE_CURVE('',#2116,#2055,#1335,.T.);
#2631=EDGE_CURVE('',#2116,#2063,#1336,.T.);
#2632=EDGE_CURVE('',#2084,#2010,#1337,.T.);
#2633=EDGE_CURVE('',#2071,#2009,#1338,.T.);
#2634=EDGE_CURVE('',#2069,#2007,#1339,.T.);
#2635=EDGE_CURVE('',#2068,#2008,#1340,.T.);
#2636=EDGE_CURVE('',#2117,#2117,#1012,.T.);
#2637=EDGE_CURVE('',#2118,#2118,#1013,.T.);
#2638=EDGE_CURVE('',#2049,#2119,#1772,.F.);
#2639=EDGE_CURVE('',#2119,#2031,#1341,.T.);
#2640=EDGE_CURVE('',#1981,#2119,#1773,.T.);
#2641=EDGE_CURVE('',#2049,#1980,#1774,.T.);
#2642=EDGE_CURVE('',#2120,#2119,#1342,.T.);
#2643=EDGE_CURVE('',#2032,#2120,#1343,.T.);
#2644=EDGE_CURVE('',#2120,#2050,#1775,.F.);
#2645=EDGE_CURVE('',#1990,#2050,#1776,.T.);
#2646=EDGE_CURVE('',#2120,#1991,#1777,.T.);
#2647=EDGE_CURVE('',#1982,#2048,#1344,.T.);
#2648=EDGE_CURVE('',#2051,#1989,#1345,.T.);
#2649=EDGE_CURVE('',#2121,#2116,#59,.T.);
#2650=EDGE_CURVE('',#2122,#2121,#1346,.T.);
#2651=EDGE_CURVE('',#2123,#2122,#60,.T.);
#2652=EDGE_CURVE('',#2123,#2082,#1347,.F.);
#2653=EDGE_CURVE('',#2081,#2088,#1348,.T.);
#2654=EDGE_CURVE('',#2124,#2097,#61,.T.);
#2655=EDGE_CURVE('',#2125,#2124,#1349,.T.);
#2656=EDGE_CURVE('',#2115,#2125,#62,.T.);
#2657=EDGE_CURVE('',#2098,#2123,#1350,.T.);
#2658=EDGE_CURVE('',#2126,#2127,#88,.T.);
#2659=EDGE_CURVE('',#2127,#2121,#1351,.T.);
#2660=EDGE_CURVE('',#2054,#2126,#1778,.T.);
#2661=EDGE_CURVE('',#2127,#2128,#1352,.T.);
#2662=EDGE_CURVE('',#2122,#2128,#1353,.T.);
#2663=EDGE_CURVE('',#2129,#2126,#1354,.T.);
#2664=EDGE_CURVE('',#2130,#2129,#1355,.T.);
#2665=EDGE_CURVE('',#2131,#2130,#1356,.T.);
#2666=EDGE_CURVE('',#2128,#2131,#89,.T.);
#2667=EDGE_CURVE('',#2132,#2133,#90,.T.);
#2668=EDGE_CURVE('',#2133,#2124,#1357,.T.);
#2669=EDGE_CURVE('',#2106,#2132,#1779,.T.);
#2670=EDGE_CURVE('',#2133,#2134,#1358,.T.);
#2671=EDGE_CURVE('',#2125,#2134,#1359,.T.);
#2672=EDGE_CURVE('',#2135,#2132,#1360,.T.);
#2673=EDGE_CURVE('',#2136,#2135,#1361,.T.);
#2674=EDGE_CURVE('',#2137,#2136,#1362,.T.);
#2675=EDGE_CURVE('',#2134,#2137,#91,.T.);
#2676=EDGE_CURVE('',#2137,#2045,#1780,.T.);
#2677=EDGE_CURVE('',#2136,#2046,#63,.T.);
#2678=EDGE_CURVE('',#2131,#2099,#1781,.T.);
#2679=EDGE_CURVE('',#2130,#2100,#64,.T.);
#2680=EDGE_CURVE('',#2053,#2129,#65,.T.);
#2681=EDGE_CURVE('',#2105,#2135,#66,.T.);
#2682=EDGE_CURVE('',#2047,#1983,#1363,.T.);
#2683=EDGE_CURVE('',#1984,#2104,#1364,.T.);
#2684=EDGE_CURVE('',#2103,#1985,#1365,.T.);
#2685=EDGE_CURVE('',#2101,#1987,#1366,.T.);
#2686=EDGE_CURVE('',#1986,#2102,#1367,.T.);
#2687=EDGE_CURVE('',#1988,#2052,#1368,.T.);
#2688=EDGE_CURVE('',#2117,#1996,#1369,.T.);
#2689=EDGE_CURVE('',#2138,#2001,#1370,.T.);
#2690=EDGE_CURVE('',#2002,#2139,#1371,.T.);
#2691=EDGE_CURVE('',#2139,#2138,#1014,.T.);
#2692=EDGE_CURVE('',#2138,#2140,#1372,.T.);
#2693=EDGE_CURVE('',#2140,#2003,#1373,.T.);
#2694=EDGE_CURVE('',#2140,#2141,#1015,.T.);
#2695=EDGE_CURVE('',#2141,#2004,#1374,.T.);
#2696=EDGE_CURVE('',#2141,#2139,#1375,.T.);
#2697=EDGE_CURVE('',#2039,#2138,#1376,.T.);
#2698=EDGE_CURVE('',#2140,#2038,#1377,.T.);
#2699=EDGE_CURVE('',#2040,#2139,#1378,.T.);
#2700=EDGE_CURVE('',#2142,#1997,#1379,.T.);
#2701=EDGE_CURVE('',#1998,#2143,#1380,.T.);
#2702=EDGE_CURVE('',#2143,#2142,#1016,.T.);
#2703=EDGE_CURVE('',#2142,#2144,#1381,.T.);
#2704=EDGE_CURVE('',#2144,#1999,#1382,.T.);
#2705=EDGE_CURVE('',#2144,#2145,#1017,.T.);
#2706=EDGE_CURVE('',#2145,#2000,#1383,.T.);
#2707=EDGE_CURVE('',#2145,#2143,#1384,.T.);
#2708=EDGE_CURVE('',#2035,#2142,#1385,.T.);
#2709=EDGE_CURVE('',#2144,#2034,#1386,.T.);
#2710=EDGE_CURVE('',#2036,#2143,#1387,.T.);
#2711=EDGE_CURVE('',#2141,#2041,#1388,.T.);
#2712=EDGE_CURVE('',#2145,#2037,#1389,.T.);
#2713=EDGE_CURVE('',#2118,#2011,#1390,.T.);
#2714=ORIENTED_EDGE('',*,*,#2146,.F.);
#2715=ORIENTED_EDGE('',*,*,#2147,.T.);
#2716=ORIENTED_EDGE('',*,*,#2148,.F.);
#2717=ORIENTED_EDGE('',*,*,#2149,.T.);
#2718=ORIENTED_EDGE('',*,*,#2150,.F.);
#2719=ORIENTED_EDGE('',*,*,#2151,.F.);
#2720=ORIENTED_EDGE('',*,*,#2152,.F.);
#2721=ORIENTED_EDGE('',*,*,#2153,.T.);
#2722=ORIENTED_EDGE('',*,*,#2154,.F.);
#2723=ORIENTED_EDGE('',*,*,#2155,.F.);
#2724=ORIENTED_EDGE('',*,*,#2153,.F.);
#2725=ORIENTED_EDGE('',*,*,#2156,.F.);
#2726=ORIENTED_EDGE('',*,*,#2157,.T.);
#2727=ORIENTED_EDGE('',*,*,#2158,.F.);
#2728=ORIENTED_EDGE('',*,*,#2159,.F.);
#2729=ORIENTED_EDGE('',*,*,#2160,.F.);
#2730=ORIENTED_EDGE('',*,*,#2161,.T.);
#2731=ORIENTED_EDGE('',*,*,#2162,.T.);
#2732=ORIENTED_EDGE('',*,*,#2163,.T.);
#2733=ORIENTED_EDGE('',*,*,#2158,.T.);
#2734=ORIENTED_EDGE('',*,*,#2164,.T.);
#2735=ORIENTED_EDGE('',*,*,#2150,.T.);
#2736=ORIENTED_EDGE('',*,*,#2165,.T.);
#2737=ORIENTED_EDGE('',*,*,#2166,.T.);
#2738=ORIENTED_EDGE('',*,*,#2167,.T.);
#2739=ORIENTED_EDGE('',*,*,#2168,.T.);
#2740=ORIENTED_EDGE('',*,*,#2169,.T.);
#2741=ORIENTED_EDGE('',*,*,#2170,.T.);
#2742=ORIENTED_EDGE('',*,*,#2171,.T.);
#2743=ORIENTED_EDGE('',*,*,#2172,.T.);
#2744=ORIENTED_EDGE('',*,*,#2173,.T.);
#2745=ORIENTED_EDGE('',*,*,#2154,.T.);
#2746=ORIENTED_EDGE('',*,*,#2174,.T.);
#2747=ORIENTED_EDGE('',*,*,#2175,.T.);
#2748=ORIENTED_EDGE('',*,*,#2146,.T.);
#2749=ORIENTED_EDGE('',*,*,#2176,.T.);
#2750=ORIENTED_EDGE('',*,*,#2156,.T.);
#2751=ORIENTED_EDGE('',*,*,#2177,.T.);
#2752=ORIENTED_EDGE('',*,*,#2174,.F.);
#2753=ORIENTED_EDGE('',*,*,#2155,.T.);
#2754=ORIENTED_EDGE('',*,*,#2177,.F.);
#2755=ORIENTED_EDGE('',*,*,#2161,.F.);
#2756=ORIENTED_EDGE('',*,*,#2178,.F.);
#2757=ORIENTED_EDGE('',*,*,#2147,.F.);
#2758=ORIENTED_EDGE('',*,*,#2175,.F.);
#2759=ORIENTED_EDGE('',*,*,#2152,.T.);
#2760=ORIENTED_EDGE('',*,*,#2179,.T.);
#2761=ORIENTED_EDGE('',*,*,#2180,.T.);
#2762=ORIENTED_EDGE('',*,*,#2179,.F.);
#2763=ORIENTED_EDGE('',*,*,#2181,.F.);
#2764=ORIENTED_EDGE('',*,*,#2182,.F.);
#2765=ORIENTED_EDGE('',*,*,#2183,.T.);
#2766=ORIENTED_EDGE('',*,*,#2170,.F.);
#2767=ORIENTED_EDGE('',*,*,#2180,.F.);
#2768=ORIENTED_EDGE('',*,*,#2151,.T.);
#2769=ORIENTED_EDGE('',*,*,#2164,.F.);
#2770=ORIENTED_EDGE('',*,*,#2157,.F.);
#2771=ORIENTED_EDGE('',*,*,#2176,.F.);
#2772=ORIENTED_EDGE('',*,*,#2184,.F.);
#2773=ORIENTED_EDGE('',*,*,#2185,.F.);
#2774=ORIENTED_EDGE('',*,*,#2159,.T.);
#2775=ORIENTED_EDGE('',*,*,#2163,.F.);
#2776=ORIENTED_EDGE('',*,*,#2149,.F.);
#2777=ORIENTED_EDGE('',*,*,#2186,.F.);
#2778=ORIENTED_EDGE('',*,*,#2187,.T.);
#2779=ORIENTED_EDGE('',*,*,#2165,.F.);
#2780=ORIENTED_EDGE('',*,*,#2187,.F.);
#2781=ORIENTED_EDGE('',*,*,#2188,.F.);
#2782=ORIENTED_EDGE('',*,*,#2189,.T.);
#2783=ORIENTED_EDGE('',*,*,#2166,.F.);
#2784=ORIENTED_EDGE('',*,*,#2189,.F.);
#2785=ORIENTED_EDGE('',*,*,#2190,.F.);
#2786=ORIENTED_EDGE('',*,*,#2191,.T.);
#2787=ORIENTED_EDGE('',*,*,#2167,.F.);
#2788=ORIENTED_EDGE('',*,*,#2191,.F.);
#2789=ORIENTED_EDGE('',*,*,#2192,.F.);
#2790=ORIENTED_EDGE('',*,*,#2193,.T.);
#2791=ORIENTED_EDGE('',*,*,#2168,.F.);
#2792=ORIENTED_EDGE('',*,*,#2193,.F.);
#2793=ORIENTED_EDGE('',*,*,#2194,.F.);
#2794=ORIENTED_EDGE('',*,*,#2181,.T.);
#2795=ORIENTED_EDGE('',*,*,#2169,.F.);
#2796=ORIENTED_EDGE('',*,*,#2183,.F.);
#2797=ORIENTED_EDGE('',*,*,#2195,.F.);
#2798=ORIENTED_EDGE('',*,*,#2196,.T.);
#2799=ORIENTED_EDGE('',*,*,#2171,.F.);
#2800=ORIENTED_EDGE('',*,*,#2196,.F.);
#2801=ORIENTED_EDGE('',*,*,#2197,.F.);
#2802=ORIENTED_EDGE('',*,*,#2198,.T.);
#2803=ORIENTED_EDGE('',*,*,#2172,.F.);
#2804=ORIENTED_EDGE('',*,*,#2198,.F.);
#2805=ORIENTED_EDGE('',*,*,#2199,.F.);
#2806=ORIENTED_EDGE('',*,*,#2200,.F.);
#2807=ORIENTED_EDGE('',*,*,#2173,.F.);
#2808=ORIENTED_EDGE('',*,*,#2200,.T.);
#2809=ORIENTED_EDGE('',*,*,#2201,.F.);
#2810=ORIENTED_EDGE('',*,*,#2184,.T.);
#2811=ORIENTED_EDGE('',*,*,#2162,.F.);
#2812=ORIENTED_EDGE('',*,*,#2201,.T.);
#2813=ORIENTED_EDGE('',*,*,#2199,.T.);
#2814=ORIENTED_EDGE('',*,*,#2197,.T.);
#2815=ORIENTED_EDGE('',*,*,#2195,.T.);
#2816=ORIENTED_EDGE('',*,*,#2182,.T.);
#2817=ORIENTED_EDGE('',*,*,#2194,.T.);
#2818=ORIENTED_EDGE('',*,*,#2192,.T.);
#2819=ORIENTED_EDGE('',*,*,#2190,.T.);
#2820=ORIENTED_EDGE('',*,*,#2188,.T.);
#2821=ORIENTED_EDGE('',*,*,#2186,.T.);
#2822=ORIENTED_EDGE('',*,*,#2148,.T.);
#2823=ORIENTED_EDGE('',*,*,#2178,.T.);
#2824=ORIENTED_EDGE('',*,*,#2160,.T.);
#2825=ORIENTED_EDGE('',*,*,#2185,.T.);
#2826=ORIENTED_EDGE('',*,*,#2202,.T.);
#2827=ORIENTED_EDGE('',*,*,#2203,.T.);
#2828=ORIENTED_EDGE('',*,*,#2204,.T.);
#2829=ORIENTED_EDGE('',*,*,#2203,.F.);
#2830=ORIENTED_EDGE('',*,*,#2205,.T.);
#2831=ORIENTED_EDGE('',*,*,#2206,.F.);
#2832=ORIENTED_EDGE('',*,*,#2207,.T.);
#2833=ORIENTED_EDGE('',*,*,#2205,.F.);
#2834=ORIENTED_EDGE('',*,*,#2202,.F.);
#2835=ORIENTED_EDGE('',*,*,#2207,.F.);
#2836=ORIENTED_EDGE('',*,*,#2208,.T.);
#2837=ORIENTED_EDGE('',*,*,#2204,.F.);
#2838=ORIENTED_EDGE('',*,*,#2209,.F.);
#2839=ORIENTED_EDGE('',*,*,#2210,.F.);
#2840=ORIENTED_EDGE('',*,*,#2211,.F.);
#2841=ORIENTED_EDGE('',*,*,#2212,.F.);
#2842=ORIENTED_EDGE('',*,*,#2213,.T.);
#2843=ORIENTED_EDGE('',*,*,#2214,.T.);
#2844=ORIENTED_EDGE('',*,*,#2213,.F.);
#2845=ORIENTED_EDGE('',*,*,#2215,.F.);
#2846=ORIENTED_EDGE('',*,*,#2216,.F.);
#2847=ORIENTED_EDGE('',*,*,#2217,.F.);
#2848=ORIENTED_EDGE('',*,*,#2218,.F.);
#2849=ORIENTED_EDGE('',*,*,#2219,.T.);
#2850=ORIENTED_EDGE('',*,*,#2220,.T.);
#2851=ORIENTED_EDGE('',*,*,#2219,.F.);
#2852=ORIENTED_EDGE('',*,*,#2221,.F.);
#2853=ORIENTED_EDGE('',*,*,#2222,.F.);
#2854=ORIENTED_EDGE('',*,*,#2223,.T.);
#2855=ORIENTED_EDGE('',*,*,#2218,.T.);
#2856=ORIENTED_EDGE('',*,*,#2223,.F.);
#2857=ORIENTED_EDGE('',*,*,#2221,.T.);
#2858=ORIENTED_EDGE('',*,*,#2222,.T.);
#2859=ORIENTED_EDGE('',*,*,#2224,.T.);
#2860=ORIENTED_EDGE('',*,*,#2208,.F.);
#2861=ORIENTED_EDGE('',*,*,#2224,.F.);
#2862=ORIENTED_EDGE('',*,*,#2225,.F.);
#2863=ORIENTED_EDGE('',*,*,#2226,.F.);
#2864=ORIENTED_EDGE('',*,*,#2227,.T.);
#2865=ORIENTED_EDGE('',*,*,#2206,.T.);
#2866=ORIENTED_EDGE('',*,*,#2227,.F.);
#2867=ORIENTED_EDGE('',*,*,#2225,.T.);
#2868=ORIENTED_EDGE('',*,*,#2226,.T.);
#2869=ORIENTED_EDGE('',*,*,#2228,.T.);
#2870=ORIENTED_EDGE('',*,*,#2229,.F.);
#2871=ORIENTED_EDGE('',*,*,#2230,.F.);
#2872=ORIENTED_EDGE('',*,*,#2228,.F.);
#2873=ORIENTED_EDGE('',*,*,#2231,.F.);
#2874=ORIENTED_EDGE('',*,*,#2232,.T.);
#2875=ORIENTED_EDGE('',*,*,#2229,.T.);
#2876=ORIENTED_EDGE('',*,*,#2230,.T.);
#2877=ORIENTED_EDGE('',*,*,#2232,.F.);
#2878=ORIENTED_EDGE('',*,*,#2233,.F.);
#2879=ORIENTED_EDGE('',*,*,#2234,.F.);
#2880=ORIENTED_EDGE('',*,*,#2235,.T.);
#2881=ORIENTED_EDGE('',*,*,#2231,.T.);
#2882=ORIENTED_EDGE('',*,*,#2235,.F.);
#2883=ORIENTED_EDGE('',*,*,#2233,.T.);
#2884=ORIENTED_EDGE('',*,*,#2234,.T.);
#2885=ORIENTED_EDGE('',*,*,#2236,.T.);
#2886=ORIENTED_EDGE('',*,*,#2237,.F.);
#2887=ORIENTED_EDGE('',*,*,#2236,.F.);
#2888=ORIENTED_EDGE('',*,*,#2237,.T.);
#2889=ORIENTED_EDGE('',*,*,#2220,.F.);
#2890=ORIENTED_EDGE('',*,*,#2214,.F.);
#2891=ORIENTED_EDGE('',*,*,#2238,.T.);
#2892=ORIENTED_EDGE('',*,*,#2239,.T.);
#2893=ORIENTED_EDGE('',*,*,#2240,.T.);
#2894=ORIENTED_EDGE('',*,*,#2241,.T.);
#2895=ORIENTED_EDGE('',*,*,#2242,.T.);
#2896=ORIENTED_EDGE('',*,*,#2243,.T.);
#2897=ORIENTED_EDGE('',*,*,#2244,.T.);
#2898=ORIENTED_EDGE('',*,*,#2210,.T.);
#2899=ORIENTED_EDGE('',*,*,#2245,.F.);
#2900=ORIENTED_EDGE('',*,*,#2238,.F.);
#2901=ORIENTED_EDGE('',*,*,#2246,.T.);
#2902=ORIENTED_EDGE('',*,*,#2211,.T.);
#2903=ORIENTED_EDGE('',*,*,#2244,.F.);
#2904=ORIENTED_EDGE('',*,*,#2243,.F.);
#2905=ORIENTED_EDGE('',*,*,#2247,.T.);
#2906=ORIENTED_EDGE('',*,*,#2215,.T.);
#2907=ORIENTED_EDGE('',*,*,#2212,.T.);
#2908=ORIENTED_EDGE('',*,*,#2246,.F.);
#2909=ORIENTED_EDGE('',*,*,#2242,.F.);
#2910=ORIENTED_EDGE('',*,*,#2248,.T.);
#2911=ORIENTED_EDGE('',*,*,#2216,.T.);
#2912=ORIENTED_EDGE('',*,*,#2247,.F.);
#2913=ORIENTED_EDGE('',*,*,#2241,.F.);
#2914=ORIENTED_EDGE('',*,*,#2249,.T.);
#2915=ORIENTED_EDGE('',*,*,#2217,.T.);
#2916=ORIENTED_EDGE('',*,*,#2248,.F.);
#2917=ORIENTED_EDGE('',*,*,#2240,.F.);
#2918=ORIENTED_EDGE('',*,*,#2245,.T.);
#2919=ORIENTED_EDGE('',*,*,#2209,.T.);
#2920=ORIENTED_EDGE('',*,*,#2249,.F.);
#2921=ORIENTED_EDGE('',*,*,#2239,.F.);
#2922=ORIENTED_EDGE('',*,*,#2250,.T.);
#2923=ORIENTED_EDGE('',*,*,#2251,.T.);
#2924=ORIENTED_EDGE('',*,*,#2252,.T.);
#2925=ORIENTED_EDGE('',*,*,#2253,.T.);
#2926=ORIENTED_EDGE('',*,*,#2254,.F.);
#2927=ORIENTED_EDGE('',*,*,#2255,.T.);
#2928=ORIENTED_EDGE('',*,*,#2256,.F.);
#2929=ORIENTED_EDGE('',*,*,#2255,.F.);
#2930=ORIENTED_EDGE('',*,*,#2252,.F.);
#2931=ORIENTED_EDGE('',*,*,#2257,.T.);
#2932=ORIENTED_EDGE('',*,*,#2258,.F.);
#2933=ORIENTED_EDGE('',*,*,#2259,.F.);
#2934=ORIENTED_EDGE('',*,*,#2260,.F.);
#2935=ORIENTED_EDGE('',*,*,#2261,.T.);
#2936=ORIENTED_EDGE('',*,*,#2256,.T.);
#2937=ORIENTED_EDGE('',*,*,#2250,.F.);
#2938=ORIENTED_EDGE('',*,*,#2262,.F.);
#2939=ORIENTED_EDGE('',*,*,#2263,.F.);
#2940=ORIENTED_EDGE('',*,*,#2264,.T.);
#2941=ORIENTED_EDGE('',*,*,#2265,.F.);
#2942=ORIENTED_EDGE('',*,*,#2266,.F.);
#2943=ORIENTED_EDGE('',*,*,#2254,.T.);
#2944=ORIENTED_EDGE('',*,*,#2251,.F.);
#2945=ORIENTED_EDGE('',*,*,#2266,.T.);
#2946=ORIENTED_EDGE('',*,*,#2267,.F.);
#2947=ORIENTED_EDGE('',*,*,#2257,.F.);
#2948=ORIENTED_EDGE('',*,*,#2267,.T.);
#2949=ORIENTED_EDGE('',*,*,#2265,.T.);
#2950=ORIENTED_EDGE('',*,*,#2268,.T.);
#2951=ORIENTED_EDGE('',*,*,#2258,.T.);
#2952=ORIENTED_EDGE('',*,*,#2269,.F.);
#2953=ORIENTED_EDGE('',*,*,#2259,.T.);
#2954=ORIENTED_EDGE('',*,*,#2268,.F.);
#2955=ORIENTED_EDGE('',*,*,#2264,.F.);
#2956=ORIENTED_EDGE('',*,*,#2253,.F.);
#2957=ORIENTED_EDGE('',*,*,#2261,.F.);
#2958=ORIENTED_EDGE('',*,*,#2270,.F.);
#2959=ORIENTED_EDGE('',*,*,#2262,.T.);
#2960=ORIENTED_EDGE('',*,*,#2270,.T.);
#2961=ORIENTED_EDGE('',*,*,#2260,.T.);
#2962=ORIENTED_EDGE('',*,*,#2269,.T.);
#2963=ORIENTED_EDGE('',*,*,#2263,.T.);
#2964=ORIENTED_EDGE('',*,*,#2271,.F.);
#2965=ORIENTED_EDGE('',*,*,#2272,.F.);
#2966=ORIENTED_EDGE('',*,*,#2273,.F.);
#2967=ORIENTED_EDGE('',*,*,#2274,.F.);
#2968=ORIENTED_EDGE('',*,*,#2275,.F.);
#2969=ORIENTED_EDGE('',*,*,#2276,.F.);
#2970=ORIENTED_EDGE('',*,*,#2277,.T.);
#2971=ORIENTED_EDGE('',*,*,#2278,.F.);
#2972=ORIENTED_EDGE('',*,*,#2277,.F.);
#2973=ORIENTED_EDGE('',*,*,#2279,.F.);
#2974=ORIENTED_EDGE('',*,*,#2280,.T.);
#2975=ORIENTED_EDGE('',*,*,#2281,.F.);
#2976=ORIENTED_EDGE('',*,*,#2282,.T.);
#2977=ORIENTED_EDGE('',*,*,#2283,.F.);
#2978=ORIENTED_EDGE('',*,*,#2284,.T.);
#2979=ORIENTED_EDGE('',*,*,#2285,.F.);
#2980=ORIENTED_EDGE('',*,*,#2286,.T.);
#2981=ORIENTED_EDGE('',*,*,#2287,.T.);
#2982=ORIENTED_EDGE('',*,*,#2288,.T.);
#2983=ORIENTED_EDGE('',*,*,#2289,.T.);
#2984=ORIENTED_EDGE('',*,*,#2290,.T.);
#2985=ORIENTED_EDGE('',*,*,#2291,.F.);
#2986=ORIENTED_EDGE('',*,*,#2292,.T.);
#2987=ORIENTED_EDGE('',*,*,#2293,.F.);
#2988=ORIENTED_EDGE('',*,*,#2292,.F.);
#2989=ORIENTED_EDGE('',*,*,#2294,.F.);
#2990=ORIENTED_EDGE('',*,*,#2295,.T.);
#2991=ORIENTED_EDGE('',*,*,#2296,.F.);
#2992=ORIENTED_EDGE('',*,*,#2295,.F.);
#2993=ORIENTED_EDGE('',*,*,#2297,.F.);
#2994=ORIENTED_EDGE('',*,*,#2298,.T.);
#2995=ORIENTED_EDGE('',*,*,#2299,.F.);
#2996=ORIENTED_EDGE('',*,*,#2298,.F.);
#2997=ORIENTED_EDGE('',*,*,#2300,.F.);
#2998=ORIENTED_EDGE('',*,*,#2301,.T.);
#2999=ORIENTED_EDGE('',*,*,#2302,.F.);
#3000=ORIENTED_EDGE('',*,*,#2301,.F.);
#3001=ORIENTED_EDGE('',*,*,#2300,.T.);
#3002=ORIENTED_EDGE('',*,*,#2297,.T.);
#3003=ORIENTED_EDGE('',*,*,#2303,.F.);
#3004=ORIENTED_EDGE('',*,*,#2304,.T.);
#3005=ORIENTED_EDGE('',*,*,#2305,.F.);
#3006=ORIENTED_EDGE('',*,*,#2306,.F.);
#3007=ORIENTED_EDGE('',*,*,#2302,.T.);
#3008=ORIENTED_EDGE('',*,*,#2307,.F.);
#3009=ORIENTED_EDGE('',*,*,#2308,.F.);
#3010=ORIENTED_EDGE('',*,*,#2309,.F.);
#3011=ORIENTED_EDGE('',*,*,#2304,.F.);
#3012=ORIENTED_EDGE('',*,*,#2310,.F.);
#3013=ORIENTED_EDGE('',*,*,#2274,.T.);
#3014=ORIENTED_EDGE('',*,*,#2311,.F.);
#3015=ORIENTED_EDGE('',*,*,#2312,.F.);
#3016=ORIENTED_EDGE('',*,*,#2306,.T.);
#3017=ORIENTED_EDGE('',*,*,#2313,.T.);
#3018=ORIENTED_EDGE('',*,*,#2314,.T.);
#3019=ORIENTED_EDGE('',*,*,#2315,.F.);
#3020=ORIENTED_EDGE('',*,*,#2305,.T.);
#3021=ORIENTED_EDGE('',*,*,#2309,.T.);
#3022=ORIENTED_EDGE('',*,*,#2316,.F.);
#3023=ORIENTED_EDGE('',*,*,#2317,.T.);
#3024=ORIENTED_EDGE('',*,*,#2318,.T.);
#3025=ORIENTED_EDGE('',*,*,#2319,.T.);
#3026=ORIENTED_EDGE('',*,*,#2320,.F.);
#3027=ORIENTED_EDGE('',*,*,#2311,.T.);
#3028=ORIENTED_EDGE('',*,*,#2273,.T.);
#3029=ORIENTED_EDGE('',*,*,#2321,.T.);
#3030=ORIENTED_EDGE('',*,*,#2322,.T.);
#3031=ORIENTED_EDGE('',*,*,#2323,.T.);
#3032=ORIENTED_EDGE('',*,*,#2324,.T.);
#3033=ORIENTED_EDGE('',*,*,#2325,.T.);
#3034=ORIENTED_EDGE('',*,*,#2326,.T.);
#3035=ORIENTED_EDGE('',*,*,#2313,.F.);
#3036=ORIENTED_EDGE('',*,*,#2285,.T.);
#3037=ORIENTED_EDGE('',*,*,#2327,.T.);
#3038=ORIENTED_EDGE('',*,*,#2281,.T.);
#3039=ORIENTED_EDGE('',*,*,#2328,.T.);
#3040=ORIENTED_EDGE('',*,*,#2278,.T.);
#3041=ORIENTED_EDGE('',*,*,#2329,.F.);
#3042=ORIENTED_EDGE('',*,*,#2330,.T.);
#3043=ORIENTED_EDGE('',*,*,#2331,.T.);
#3044=ORIENTED_EDGE('',*,*,#2332,.F.);
#3045=ORIENTED_EDGE('',*,*,#2333,.F.);
#3046=ORIENTED_EDGE('',*,*,#2334,.T.);
#3047=ORIENTED_EDGE('',*,*,#2335,.T.);
#3048=ORIENTED_EDGE('',*,*,#2330,.F.);
#3049=ORIENTED_EDGE('',*,*,#2291,.T.);
#3050=ORIENTED_EDGE('',*,*,#2336,.F.);
#3051=ORIENTED_EDGE('',*,*,#2337,.T.);
#3052=ORIENTED_EDGE('',*,*,#2338,.T.);
#3053=ORIENTED_EDGE('',*,*,#2334,.F.);
#3054=ORIENTED_EDGE('',*,*,#2339,.F.);
#3055=ORIENTED_EDGE('',*,*,#2332,.T.);
#3056=ORIENTED_EDGE('',*,*,#2340,.T.);
#3057=ORIENTED_EDGE('',*,*,#2337,.F.);
#3058=ORIENTED_EDGE('',*,*,#2296,.T.);
#3059=ORIENTED_EDGE('',*,*,#2340,.F.);
#3060=ORIENTED_EDGE('',*,*,#2331,.F.);
#3061=ORIENTED_EDGE('',*,*,#2335,.F.);
#3062=ORIENTED_EDGE('',*,*,#2338,.F.);
#3063=ORIENTED_EDGE('',*,*,#2289,.F.);
#3064=ORIENTED_EDGE('',*,*,#2341,.F.);
#3065=ORIENTED_EDGE('',*,*,#2342,.F.);
#3066=ORIENTED_EDGE('',*,*,#2343,.T.);
#3067=ORIENTED_EDGE('',*,*,#2288,.F.);
#3068=ORIENTED_EDGE('',*,*,#2344,.F.);
#3069=ORIENTED_EDGE('',*,*,#2345,.F.);
#3070=ORIENTED_EDGE('',*,*,#2341,.T.);
#3071=ORIENTED_EDGE('',*,*,#2287,.F.);
#3072=ORIENTED_EDGE('',*,*,#2346,.F.);
#3073=ORIENTED_EDGE('',*,*,#2347,.F.);
#3074=ORIENTED_EDGE('',*,*,#2344,.T.);
#3075=ORIENTED_EDGE('',*,*,#2290,.F.);
#3076=ORIENTED_EDGE('',*,*,#2343,.F.);
#3077=ORIENTED_EDGE('',*,*,#2348,.F.);
#3078=ORIENTED_EDGE('',*,*,#2346,.T.);
#3079=ORIENTED_EDGE('',*,*,#2349,.F.);
#3080=ORIENTED_EDGE('',*,*,#2282,.F.);
#3081=ORIENTED_EDGE('',*,*,#2327,.F.);
#3082=ORIENTED_EDGE('',*,*,#2284,.F.);
#3083=ORIENTED_EDGE('',*,*,#2350,.T.);
#3084=ORIENTED_EDGE('',*,*,#2286,.F.);
#3085=ORIENTED_EDGE('',*,*,#2328,.F.);
#3086=ORIENTED_EDGE('',*,*,#2280,.F.);
#3087=ORIENTED_EDGE('',*,*,#2317,.F.);
#3088=ORIENTED_EDGE('',*,*,#2351,.F.);
#3089=ORIENTED_EDGE('',*,*,#2352,.F.);
#3090=ORIENTED_EDGE('',*,*,#2353,.F.);
#3091=ORIENTED_EDGE('',*,*,#2319,.F.);
#3092=ORIENTED_EDGE('',*,*,#2354,.T.);
#3093=ORIENTED_EDGE('',*,*,#2355,.F.);
#3094=ORIENTED_EDGE('',*,*,#2356,.F.);
#3095=ORIENTED_EDGE('',*,*,#2318,.F.);
#3096=ORIENTED_EDGE('',*,*,#2353,.T.);
#3097=ORIENTED_EDGE('',*,*,#2357,.F.);
#3098=ORIENTED_EDGE('',*,*,#2354,.F.);
#3099=ORIENTED_EDGE('',*,*,#2299,.T.);
#3100=ORIENTED_EDGE('',*,*,#2308,.T.);
#3101=ORIENTED_EDGE('',*,*,#2358,.T.);
#3102=ORIENTED_EDGE('',*,*,#2351,.T.);
#3103=ORIENTED_EDGE('',*,*,#2316,.T.);
#3104=ORIENTED_EDGE('',*,*,#2312,.T.);
#3105=ORIENTED_EDGE('',*,*,#2320,.T.);
#3106=ORIENTED_EDGE('',*,*,#2356,.T.);
#3107=ORIENTED_EDGE('',*,*,#2359,.T.);
#3108=ORIENTED_EDGE('',*,*,#2303,.T.);
#3109=ORIENTED_EDGE('',*,*,#2315,.T.);
#3110=ORIENTED_EDGE('',*,*,#2360,.T.);
#3111=ORIENTED_EDGE('',*,*,#2361,.T.);
#3112=ORIENTED_EDGE('',*,*,#2362,.T.);
#3113=ORIENTED_EDGE('',*,*,#2363,.T.);
#3114=ORIENTED_EDGE('',*,*,#2364,.T.);
#3115=ORIENTED_EDGE('',*,*,#2365,.F.);
#3116=ORIENTED_EDGE('',*,*,#2271,.T.);
#3117=ORIENTED_EDGE('',*,*,#2310,.T.);
#3118=ORIENTED_EDGE('',*,*,#2359,.F.);
#3119=ORIENTED_EDGE('',*,*,#2355,.T.);
#3120=ORIENTED_EDGE('',*,*,#2357,.T.);
#3121=ORIENTED_EDGE('',*,*,#2352,.T.);
#3122=ORIENTED_EDGE('',*,*,#2358,.F.);
#3123=ORIENTED_EDGE('',*,*,#2307,.T.);
#3124=ORIENTED_EDGE('',*,*,#2279,.T.);
#3125=ORIENTED_EDGE('',*,*,#2349,.T.);
#3126=ORIENTED_EDGE('',*,*,#2283,.T.);
#3127=ORIENTED_EDGE('',*,*,#2350,.F.);
#3128=ORIENTED_EDGE('',*,*,#2276,.T.);
#3129=ORIENTED_EDGE('',*,*,#2363,.F.);
#3130=ORIENTED_EDGE('',*,*,#2366,.T.);
#3131=ORIENTED_EDGE('',*,*,#2367,.T.);
#3132=ORIENTED_EDGE('',*,*,#2368,.F.);
#3133=ORIENTED_EDGE('',*,*,#2362,.F.);
#3134=ORIENTED_EDGE('',*,*,#2369,.T.);
#3135=ORIENTED_EDGE('',*,*,#2370,.T.);
#3136=ORIENTED_EDGE('',*,*,#2366,.F.);
#3137=ORIENTED_EDGE('',*,*,#2361,.F.);
#3138=ORIENTED_EDGE('',*,*,#2371,.F.);
#3139=ORIENTED_EDGE('',*,*,#2372,.T.);
#3140=ORIENTED_EDGE('',*,*,#2369,.F.);
#3141=ORIENTED_EDGE('',*,*,#2371,.T.);
#3142=ORIENTED_EDGE('',*,*,#2360,.F.);
#3143=ORIENTED_EDGE('',*,*,#2314,.F.);
#3144=ORIENTED_EDGE('',*,*,#2326,.F.);
#3145=ORIENTED_EDGE('',*,*,#2373,.T.);
#3146=ORIENTED_EDGE('',*,*,#2374,.T.);
#3147=ORIENTED_EDGE('',*,*,#2375,.T.);
#3148=ORIENTED_EDGE('',*,*,#2376,.T.);
#3149=ORIENTED_EDGE('',*,*,#2368,.T.);
#3150=ORIENTED_EDGE('',*,*,#2377,.T.);
#3151=ORIENTED_EDGE('',*,*,#2378,.T.);
#3152=ORIENTED_EDGE('',*,*,#2379,.T.);
#3153=ORIENTED_EDGE('',*,*,#2380,.T.);
#3154=ORIENTED_EDGE('',*,*,#2322,.F.);
#3155=ORIENTED_EDGE('',*,*,#2381,.F.);
#3156=ORIENTED_EDGE('',*,*,#2364,.F.);
#3157=ORIENTED_EDGE('',*,*,#2325,.F.);
#3158=ORIENTED_EDGE('',*,*,#2382,.T.);
#3159=ORIENTED_EDGE('',*,*,#2383,.T.);
#3160=ORIENTED_EDGE('',*,*,#2373,.F.);
#3161=ORIENTED_EDGE('',*,*,#2324,.F.);
#3162=ORIENTED_EDGE('',*,*,#2384,.T.);
#3163=ORIENTED_EDGE('',*,*,#2385,.T.);
#3164=ORIENTED_EDGE('',*,*,#2382,.F.);
#3165=ORIENTED_EDGE('',*,*,#2323,.F.);
#3166=ORIENTED_EDGE('',*,*,#2380,.F.);
#3167=ORIENTED_EDGE('',*,*,#2386,.T.);
#3168=ORIENTED_EDGE('',*,*,#2384,.F.);
#3169=ORIENTED_EDGE('',*,*,#2387,.F.);
#3170=ORIENTED_EDGE('',*,*,#2378,.F.);
#3171=ORIENTED_EDGE('',*,*,#2388,.F.);
#3172=ORIENTED_EDGE('',*,*,#2389,.F.);
#3173=ORIENTED_EDGE('',*,*,#2272,.T.);
#3174=ORIENTED_EDGE('',*,*,#2365,.T.);
#3175=ORIENTED_EDGE('',*,*,#2381,.T.);
#3176=ORIENTED_EDGE('',*,*,#2321,.F.);
#3177=ORIENTED_EDGE('',*,*,#2387,.T.);
#3178=ORIENTED_EDGE('',*,*,#2390,.F.);
#3179=ORIENTED_EDGE('',*,*,#2391,.T.);
#3180=ORIENTED_EDGE('',*,*,#2374,.F.);
#3181=ORIENTED_EDGE('',*,*,#2383,.F.);
#3182=ORIENTED_EDGE('',*,*,#2385,.F.);
#3183=ORIENTED_EDGE('',*,*,#2386,.F.);
#3184=ORIENTED_EDGE('',*,*,#2379,.F.);
#3185=ORIENTED_EDGE('',*,*,#2293,.T.);
#3186=ORIENTED_EDGE('',*,*,#2392,.F.);
#3187=ORIENTED_EDGE('',*,*,#2375,.F.);
#3188=ORIENTED_EDGE('',*,*,#2391,.F.);
#3189=ORIENTED_EDGE('',*,*,#2393,.F.);
#3190=ORIENTED_EDGE('',*,*,#2388,.T.);
#3191=ORIENTED_EDGE('',*,*,#2377,.F.);
#3192=ORIENTED_EDGE('',*,*,#2367,.F.);
#3193=ORIENTED_EDGE('',*,*,#2370,.F.);
#3194=ORIENTED_EDGE('',*,*,#2372,.F.);
#3195=ORIENTED_EDGE('',*,*,#2376,.F.);
#3196=ORIENTED_EDGE('',*,*,#2392,.T.);
#3197=ORIENTED_EDGE('',*,*,#2394,.F.);
#3198=ORIENTED_EDGE('',*,*,#2294,.T.);
#3199=ORIENTED_EDGE('',*,*,#2389,.T.);
#3200=ORIENTED_EDGE('',*,*,#2394,.T.);
#3201=ORIENTED_EDGE('',*,*,#2393,.T.);
#3202=ORIENTED_EDGE('',*,*,#2390,.T.);
#3203=ORIENTED_EDGE('',*,*,#2329,.T.);
#3204=ORIENTED_EDGE('',*,*,#2339,.T.);
#3205=ORIENTED_EDGE('',*,*,#2336,.T.);
#3206=ORIENTED_EDGE('',*,*,#2333,.T.);
#3207=ORIENTED_EDGE('',*,*,#2342,.T.);
#3208=ORIENTED_EDGE('',*,*,#2345,.T.);
#3209=ORIENTED_EDGE('',*,*,#2347,.T.);
#3210=ORIENTED_EDGE('',*,*,#2348,.T.);
#3211=ORIENTED_EDGE('',*,*,#2395,.F.);
#3212=ORIENTED_EDGE('',*,*,#2396,.T.);
#3213=ORIENTED_EDGE('',*,*,#2275,.T.);
#3214=ORIENTED_EDGE('',*,*,#2396,.F.);
#3215=ORIENTED_EDGE('',*,*,#2395,.T.);
#3216=ORIENTED_EDGE('',*,*,#2397,.T.);
#3217=ORIENTED_EDGE('',*,*,#2398,.T.);
#3218=ORIENTED_EDGE('',*,*,#2399,.T.);
#3219=ORIENTED_EDGE('',*,*,#2398,.F.);
#3220=ORIENTED_EDGE('',*,*,#2399,.F.);
#3221=ORIENTED_EDGE('',*,*,#2400,.T.);
#3222=ORIENTED_EDGE('',*,*,#2401,.T.);
#3223=ORIENTED_EDGE('',*,*,#2397,.F.);
#3224=ORIENTED_EDGE('',*,*,#2401,.F.);
#3225=ORIENTED_EDGE('',*,*,#2402,.F.);
#3226=ORIENTED_EDGE('',*,*,#2403,.T.);
#3227=ORIENTED_EDGE('',*,*,#2404,.F.);
#3228=ORIENTED_EDGE('',*,*,#2405,.T.);
#3229=ORIENTED_EDGE('',*,*,#2406,.T.);
#3230=ORIENTED_EDGE('',*,*,#2405,.F.);
#3231=ORIENTED_EDGE('',*,*,#2404,.T.);
#3232=ORIENTED_EDGE('',*,*,#2407,.F.);
#3233=ORIENTED_EDGE('',*,*,#2407,.T.);
#3234=ORIENTED_EDGE('',*,*,#2408,.F.);
#3235=ORIENTED_EDGE('',*,*,#2409,.F.);
#3236=ORIENTED_EDGE('',*,*,#2410,.F.);
#3237=ORIENTED_EDGE('',*,*,#2403,.F.);
#3238=ORIENTED_EDGE('',*,*,#2411,.F.);
#3239=ORIENTED_EDGE('',*,*,#2412,.F.);
#3240=ORIENTED_EDGE('',*,*,#2406,.F.);
#3241=ORIENTED_EDGE('',*,*,#2400,.F.);
#3242=ORIENTED_EDGE('',*,*,#2410,.T.);
#3243=ORIENTED_EDGE('',*,*,#2413,.F.);
#3244=ORIENTED_EDGE('',*,*,#2409,.T.);
#3245=ORIENTED_EDGE('',*,*,#2414,.F.);
#3246=ORIENTED_EDGE('',*,*,#2408,.T.);
#3247=ORIENTED_EDGE('',*,*,#2415,.F.);
#3248=ORIENTED_EDGE('',*,*,#2412,.T.);
#3249=ORIENTED_EDGE('',*,*,#2416,.F.);
#3250=ORIENTED_EDGE('',*,*,#2411,.T.);
#3251=ORIENTED_EDGE('',*,*,#2417,.F.);
#3252=ORIENTED_EDGE('',*,*,#2418,.T.);
#3253=ORIENTED_EDGE('',*,*,#2419,.T.);
#3254=ORIENTED_EDGE('',*,*,#2420,.T.);
#3255=ORIENTED_EDGE('',*,*,#2421,.T.);
#3256=ORIENTED_EDGE('',*,*,#2422,.T.);
#3257=ORIENTED_EDGE('',*,*,#2423,.T.);
#3258=ORIENTED_EDGE('',*,*,#2424,.T.);
#3259=ORIENTED_EDGE('',*,*,#2402,.T.);
#3260=ORIENTED_EDGE('',*,*,#2425,.F.);
#3261=ORIENTED_EDGE('',*,*,#2419,.F.);
#3262=ORIENTED_EDGE('',*,*,#2425,.T.);
#3263=ORIENTED_EDGE('',*,*,#2413,.T.);
#3264=ORIENTED_EDGE('',*,*,#2426,.F.);
#3265=ORIENTED_EDGE('',*,*,#2420,.F.);
#3266=ORIENTED_EDGE('',*,*,#2426,.T.);
#3267=ORIENTED_EDGE('',*,*,#2414,.T.);
#3268=ORIENTED_EDGE('',*,*,#2427,.F.);
#3269=ORIENTED_EDGE('',*,*,#2421,.F.);
#3270=ORIENTED_EDGE('',*,*,#2427,.T.);
#3271=ORIENTED_EDGE('',*,*,#2415,.T.);
#3272=ORIENTED_EDGE('',*,*,#2428,.F.);
#3273=ORIENTED_EDGE('',*,*,#2422,.F.);
#3274=ORIENTED_EDGE('',*,*,#2428,.T.);
#3275=ORIENTED_EDGE('',*,*,#2416,.T.);
#3276=ORIENTED_EDGE('',*,*,#2429,.F.);
#3277=ORIENTED_EDGE('',*,*,#2423,.F.);
#3278=ORIENTED_EDGE('',*,*,#2429,.T.);
#3279=ORIENTED_EDGE('',*,*,#2417,.T.);
#3280=ORIENTED_EDGE('',*,*,#2424,.F.);
#3281=ORIENTED_EDGE('',*,*,#2418,.F.);
#3282=ORIENTED_EDGE('',*,*,#2430,.T.);
#3283=ORIENTED_EDGE('',*,*,#2431,.T.);
#3284=ORIENTED_EDGE('',*,*,#2432,.T.);
#3285=ORIENTED_EDGE('',*,*,#2433,.T.);
#3286=ORIENTED_EDGE('',*,*,#2434,.T.);
#3287=ORIENTED_EDGE('',*,*,#2435,.T.);
#3288=ORIENTED_EDGE('',*,*,#2436,.T.);
#3289=ORIENTED_EDGE('',*,*,#2437,.T.);
#3290=ORIENTED_EDGE('',*,*,#2431,.F.);
#3291=ORIENTED_EDGE('',*,*,#2438,.T.);
#3292=ORIENTED_EDGE('',*,*,#2439,.T.);
#3293=ORIENTED_EDGE('',*,*,#2440,.T.);
#3294=ORIENTED_EDGE('',*,*,#2436,.F.);
#3295=ORIENTED_EDGE('',*,*,#2441,.T.);
#3296=ORIENTED_EDGE('',*,*,#2442,.T.);
#3297=ORIENTED_EDGE('',*,*,#2439,.F.);
#3298=ORIENTED_EDGE('',*,*,#2443,.F.);
#3299=ORIENTED_EDGE('',*,*,#2433,.F.);
#3300=ORIENTED_EDGE('',*,*,#2443,.T.);
#3301=ORIENTED_EDGE('',*,*,#2444,.T.);
#3302=ORIENTED_EDGE('',*,*,#2445,.F.);
#3303=ORIENTED_EDGE('',*,*,#2446,.F.);
#3304=ORIENTED_EDGE('',*,*,#2441,.F.);
#3305=ORIENTED_EDGE('',*,*,#2435,.F.);
#3306=ORIENTED_EDGE('',*,*,#2447,.F.);
#3307=ORIENTED_EDGE('',*,*,#2448,.F.);
#3308=ORIENTED_EDGE('',*,*,#2449,.F.);
#3309=ORIENTED_EDGE('',*,*,#2444,.F.);
#3310=ORIENTED_EDGE('',*,*,#2450,.F.);
#3311=ORIENTED_EDGE('',*,*,#2451,.F.);
#3312=ORIENTED_EDGE('',*,*,#2452,.F.);
#3313=ORIENTED_EDGE('',*,*,#2453,.F.);
#3314=ORIENTED_EDGE('',*,*,#2454,.F.);
#3315=ORIENTED_EDGE('',*,*,#2455,.F.);
#3316=ORIENTED_EDGE('',*,*,#2456,.F.);
#3317=ORIENTED_EDGE('',*,*,#2457,.F.);
#3318=ORIENTED_EDGE('',*,*,#2458,.F.);
#3319=ORIENTED_EDGE('',*,*,#2459,.F.);
#3320=ORIENTED_EDGE('',*,*,#2460,.F.);
#3321=ORIENTED_EDGE('',*,*,#2461,.F.);
#3322=ORIENTED_EDGE('',*,*,#2462,.F.);
#3323=ORIENTED_EDGE('',*,*,#2463,.F.);
#3324=ORIENTED_EDGE('',*,*,#2464,.F.);
#3325=ORIENTED_EDGE('',*,*,#2465,.F.);
#3326=ORIENTED_EDGE('',*,*,#2466,.F.);
#3327=ORIENTED_EDGE('',*,*,#2467,.F.);
#3328=ORIENTED_EDGE('',*,*,#2468,.F.);
#3329=ORIENTED_EDGE('',*,*,#2469,.F.);
#3330=ORIENTED_EDGE('',*,*,#2470,.F.);
#3331=ORIENTED_EDGE('',*,*,#2471,.F.);
#3332=ORIENTED_EDGE('',*,*,#2472,.F.);
#3333=ORIENTED_EDGE('',*,*,#2473,.F.);
#3334=ORIENTED_EDGE('',*,*,#2474,.F.);
#3335=ORIENTED_EDGE('',*,*,#2475,.F.);
#3336=ORIENTED_EDGE('',*,*,#2476,.F.);
#3337=ORIENTED_EDGE('',*,*,#2477,.F.);
#3338=ORIENTED_EDGE('',*,*,#2478,.F.);
#3339=ORIENTED_EDGE('',*,*,#2479,.F.);
#3340=ORIENTED_EDGE('',*,*,#2480,.F.);
#3341=ORIENTED_EDGE('',*,*,#2481,.F.);
#3342=ORIENTED_EDGE('',*,*,#2432,.F.);
#3343=ORIENTED_EDGE('',*,*,#2437,.F.);
#3344=ORIENTED_EDGE('',*,*,#2440,.F.);
#3345=ORIENTED_EDGE('',*,*,#2442,.F.);
#3346=ORIENTED_EDGE('',*,*,#2482,.T.);
#3347=ORIENTED_EDGE('',*,*,#2462,.T.);
#3348=ORIENTED_EDGE('',*,*,#2483,.T.);
#3349=ORIENTED_EDGE('',*,*,#2484,.T.);
#3350=ORIENTED_EDGE('',*,*,#2463,.T.);
#3351=ORIENTED_EDGE('',*,*,#2482,.F.);
#3352=ORIENTED_EDGE('',*,*,#2445,.T.);
#3353=ORIENTED_EDGE('',*,*,#2485,.T.);
#3354=ORIENTED_EDGE('',*,*,#2449,.T.);
#3355=ORIENTED_EDGE('',*,*,#2486,.T.);
#3356=ORIENTED_EDGE('',*,*,#2464,.T.);
#3357=ORIENTED_EDGE('',*,*,#2485,.F.);
#3358=ORIENTED_EDGE('',*,*,#2465,.T.);
#3359=ORIENTED_EDGE('',*,*,#2486,.F.);
#3360=ORIENTED_EDGE('',*,*,#2448,.T.);
#3361=ORIENTED_EDGE('',*,*,#2487,.T.);
#3362=ORIENTED_EDGE('',*,*,#2488,.T.);
#3363=ORIENTED_EDGE('',*,*,#2483,.F.);
#3364=ORIENTED_EDGE('',*,*,#2489,.T.);
#3365=ORIENTED_EDGE('',*,*,#2490,.T.);
#3366=ORIENTED_EDGE('',*,*,#2491,.T.);
#3367=ORIENTED_EDGE('',*,*,#2492,.T.);
#3368=ORIENTED_EDGE('',*,*,#2493,.T.);
#3369=ORIENTED_EDGE('',*,*,#2494,.T.);
#3370=ORIENTED_EDGE('',*,*,#2489,.F.);
#3371=ORIENTED_EDGE('',*,*,#2495,.T.);
#3372=ORIENTED_EDGE('',*,*,#2496,.T.);
#3373=ORIENTED_EDGE('',*,*,#2497,.T.);
#3374=ORIENTED_EDGE('',*,*,#2493,.F.);
#3375=ORIENTED_EDGE('',*,*,#2498,.T.);
#3376=ORIENTED_EDGE('',*,*,#2498,.F.);
#3377=ORIENTED_EDGE('',*,*,#2495,.F.);
#3378=ORIENTED_EDGE('',*,*,#2492,.F.);
#3379=ORIENTED_EDGE('',*,*,#2499,.F.);
#3380=ORIENTED_EDGE('',*,*,#2500,.F.);
#3381=ORIENTED_EDGE('',*,*,#2501,.F.);
#3382=ORIENTED_EDGE('',*,*,#2502,.F.);
#3383=ORIENTED_EDGE('',*,*,#2503,.F.);
#3384=ORIENTED_EDGE('',*,*,#2490,.F.);
#3385=ORIENTED_EDGE('',*,*,#2504,.T.);
#3386=ORIENTED_EDGE('',*,*,#2505,.T.);
#3387=ORIENTED_EDGE('',*,*,#2506,.T.);
#3388=ORIENTED_EDGE('',*,*,#2505,.F.);
#3389=ORIENTED_EDGE('',*,*,#2507,.T.);
#3390=ORIENTED_EDGE('',*,*,#2508,.F.);
#3391=ORIENTED_EDGE('',*,*,#2509,.T.);
#3392=ORIENTED_EDGE('',*,*,#2510,.F.);
#3393=ORIENTED_EDGE('',*,*,#2511,.T.);
#3394=ORIENTED_EDGE('',*,*,#2512,.F.);
#3395=ORIENTED_EDGE('',*,*,#2513,.T.);
#3396=ORIENTED_EDGE('',*,*,#2514,.T.);
#3397=ORIENTED_EDGE('',*,*,#2515,.T.);
#3398=ORIENTED_EDGE('',*,*,#2516,.T.);
#3399=ORIENTED_EDGE('',*,*,#2517,.T.);
#3400=ORIENTED_EDGE('',*,*,#2518,.T.);
#3401=ORIENTED_EDGE('',*,*,#2519,.T.);
#3402=ORIENTED_EDGE('',*,*,#2520,.T.);
#3403=ORIENTED_EDGE('',*,*,#2521,.T.);
#3404=ORIENTED_EDGE('',*,*,#2494,.F.);
#3405=ORIENTED_EDGE('',*,*,#2522,.F.);
#3406=ORIENTED_EDGE('',*,*,#2507,.F.);
#3407=ORIENTED_EDGE('',*,*,#2504,.F.);
#3408=ORIENTED_EDGE('',*,*,#2497,.F.);
#3409=ORIENTED_EDGE('',*,*,#2523,.T.);
#3410=ORIENTED_EDGE('',*,*,#2508,.T.);
#3411=ORIENTED_EDGE('',*,*,#2522,.T.);
#3412=ORIENTED_EDGE('',*,*,#2503,.T.);
#3413=ORIENTED_EDGE('',*,*,#2524,.F.);
#3414=ORIENTED_EDGE('',*,*,#2525,.F.);
#3415=ORIENTED_EDGE('',*,*,#2526,.F.);
#3416=ORIENTED_EDGE('',*,*,#2527,.F.);
#3417=ORIENTED_EDGE('',*,*,#2528,.F.);
#3418=ORIENTED_EDGE('',*,*,#2529,.T.);
#3419=ORIENTED_EDGE('',*,*,#2530,.F.);
#3420=ORIENTED_EDGE('',*,*,#2531,.F.);
#3421=ORIENTED_EDGE('',*,*,#2532,.F.);
#3422=ORIENTED_EDGE('',*,*,#2509,.F.);
#3423=ORIENTED_EDGE('',*,*,#2523,.F.);
#3424=ORIENTED_EDGE('',*,*,#2496,.F.);
#3425=ORIENTED_EDGE('',*,*,#2506,.F.);
#3426=ORIENTED_EDGE('',*,*,#2513,.F.);
#3427=ORIENTED_EDGE('',*,*,#2533,.F.);
#3428=ORIENTED_EDGE('',*,*,#2534,.F.);
#3429=ORIENTED_EDGE('',*,*,#2535,.F.);
#3430=ORIENTED_EDGE('',*,*,#2536,.T.);
#3431=ORIENTED_EDGE('',*,*,#2537,.F.);
#3432=ORIENTED_EDGE('',*,*,#2538,.F.);
#3433=ORIENTED_EDGE('',*,*,#2539,.F.);
#3434=ORIENTED_EDGE('',*,*,#2540,.F.);
#3435=ORIENTED_EDGE('',*,*,#2541,.F.);
#3436=ORIENTED_EDGE('',*,*,#2499,.T.);
#3437=ORIENTED_EDGE('',*,*,#2491,.F.);
#3438=ORIENTED_EDGE('',*,*,#2430,.F.);
#3439=ORIENTED_EDGE('',*,*,#2446,.T.);
#3440=ORIENTED_EDGE('',*,*,#2484,.F.);
#3441=ORIENTED_EDGE('',*,*,#2488,.F.);
#3442=ORIENTED_EDGE('',*,*,#2542,.F.);
#3443=ORIENTED_EDGE('',*,*,#2438,.F.);
#3444=ORIENTED_EDGE('',*,*,#2434,.F.);
#3445=ORIENTED_EDGE('',*,*,#2542,.T.);
#3446=ORIENTED_EDGE('',*,*,#2487,.F.);
#3447=ORIENTED_EDGE('',*,*,#2447,.T.);
#3448=ORIENTED_EDGE('',*,*,#2543,.T.);
#3449=ORIENTED_EDGE('',*,*,#2544,.T.);
#3450=ORIENTED_EDGE('',*,*,#2524,.T.);
#3451=ORIENTED_EDGE('',*,*,#2502,.T.);
#3452=ORIENTED_EDGE('',*,*,#2545,.T.);
#3453=ORIENTED_EDGE('',*,*,#2546,.T.);
#3454=ORIENTED_EDGE('',*,*,#2543,.F.);
#3455=ORIENTED_EDGE('',*,*,#2501,.T.);
#3456=ORIENTED_EDGE('',*,*,#2541,.T.);
#3457=ORIENTED_EDGE('',*,*,#2547,.T.);
#3458=ORIENTED_EDGE('',*,*,#2545,.F.);
#3459=ORIENTED_EDGE('',*,*,#2500,.T.);
#3460=ORIENTED_EDGE('',*,*,#2547,.F.);
#3461=ORIENTED_EDGE('',*,*,#2540,.T.);
#3462=ORIENTED_EDGE('',*,*,#2548,.T.);
#3463=ORIENTED_EDGE('',*,*,#2549,.T.);
#3464=ORIENTED_EDGE('',*,*,#2550,.T.);
#3465=ORIENTED_EDGE('',*,*,#2546,.F.);
#3466=ORIENTED_EDGE('',*,*,#2550,.F.);
#3467=ORIENTED_EDGE('',*,*,#2551,.F.);
#3468=ORIENTED_EDGE('',*,*,#2552,.F.);
#3469=ORIENTED_EDGE('',*,*,#2549,.F.);
#3470=ORIENTED_EDGE('',*,*,#2553,.F.);
#3471=ORIENTED_EDGE('',*,*,#2554,.T.);
#3472=ORIENTED_EDGE('',*,*,#2555,.T.);
#3473=ORIENTED_EDGE('',*,*,#2556,.F.);
#3474=ORIENTED_EDGE('',*,*,#2551,.T.);
#3475=ORIENTED_EDGE('',*,*,#2544,.F.);
#3476=ORIENTED_EDGE('',*,*,#2552,.T.);
#3477=ORIENTED_EDGE('',*,*,#2556,.T.);
#3478=ORIENTED_EDGE('',*,*,#2557,.T.);
#3479=ORIENTED_EDGE('',*,*,#2525,.T.);
#3480=ORIENTED_EDGE('',*,*,#2558,.T.);
#3481=ORIENTED_EDGE('',*,*,#2559,.T.);
#3482=ORIENTED_EDGE('',*,*,#2560,.T.);
#3483=ORIENTED_EDGE('',*,*,#2561,.T.);
#3484=ORIENTED_EDGE('',*,*,#2559,.F.);
#3485=ORIENTED_EDGE('',*,*,#2562,.F.);
#3486=ORIENTED_EDGE('',*,*,#2563,.F.);
#3487=ORIENTED_EDGE('',*,*,#2564,.F.);
#3488=ORIENTED_EDGE('',*,*,#2565,.T.);
#3489=ORIENTED_EDGE('',*,*,#2566,.T.);
#3490=ORIENTED_EDGE('',*,*,#2567,.T.);
#3491=ORIENTED_EDGE('',*,*,#2568,.T.);
#3492=ORIENTED_EDGE('',*,*,#2561,.F.);
#3493=ORIENTED_EDGE('',*,*,#2569,.F.);
#3494=ORIENTED_EDGE('',*,*,#2570,.F.);
#3495=ORIENTED_EDGE('',*,*,#2571,.F.);
#3496=ORIENTED_EDGE('',*,*,#2572,.F.);
#3497=ORIENTED_EDGE('',*,*,#2573,.T.);
#3498=ORIENTED_EDGE('',*,*,#2574,.T.);
#3499=ORIENTED_EDGE('',*,*,#2575,.F.);
#3500=ORIENTED_EDGE('',*,*,#2576,.F.);
#3501=ORIENTED_EDGE('',*,*,#2568,.F.);
#3502=ORIENTED_EDGE('',*,*,#2577,.T.);
#3503=ORIENTED_EDGE('',*,*,#2578,.T.);
#3504=ORIENTED_EDGE('',*,*,#2579,.T.);
#3505=ORIENTED_EDGE('',*,*,#2580,.T.);
#3506=ORIENTED_EDGE('',*,*,#2563,.T.);
#3507=ORIENTED_EDGE('',*,*,#2579,.F.);
#3508=ORIENTED_EDGE('',*,*,#2581,.F.);
#3509=ORIENTED_EDGE('',*,*,#2582,.F.);
#3510=ORIENTED_EDGE('',*,*,#2583,.F.);
#3511=ORIENTED_EDGE('',*,*,#2584,.T.);
#3512=ORIENTED_EDGE('',*,*,#2585,.F.);
#3513=ORIENTED_EDGE('',*,*,#2586,.T.);
#3514=ORIENTED_EDGE('',*,*,#2587,.F.);
#3515=ORIENTED_EDGE('',*,*,#2588,.F.);
#3516=ORIENTED_EDGE('',*,*,#2589,.F.);
#3517=ORIENTED_EDGE('',*,*,#2590,.F.);
#3518=ORIENTED_EDGE('',*,*,#2591,.T.);
#3519=ORIENTED_EDGE('',*,*,#2582,.T.);
#3520=ORIENTED_EDGE('',*,*,#2592,.T.);
#3521=ORIENTED_EDGE('',*,*,#2593,.T.);
#3522=ORIENTED_EDGE('',*,*,#2591,.F.);
#3523=ORIENTED_EDGE('',*,*,#2594,.T.);
#3524=ORIENTED_EDGE('',*,*,#2595,.F.);
#3525=ORIENTED_EDGE('',*,*,#2596,.T.);
#3526=ORIENTED_EDGE('',*,*,#2583,.T.);
#3527=ORIENTED_EDGE('',*,*,#2566,.F.);
#3528=ORIENTED_EDGE('',*,*,#2597,.F.);
#3529=ORIENTED_EDGE('',*,*,#2598,.F.);
#3530=ORIENTED_EDGE('',*,*,#2599,.F.);
#3531=ORIENTED_EDGE('',*,*,#2600,.T.);
#3532=ORIENTED_EDGE('',*,*,#2601,.F.);
#3533=ORIENTED_EDGE('',*,*,#2602,.F.);
#3534=ORIENTED_EDGE('',*,*,#2603,.F.);
#3535=ORIENTED_EDGE('',*,*,#2604,.T.);
#3536=ORIENTED_EDGE('',*,*,#2605,.F.);
#3537=ORIENTED_EDGE('',*,*,#2606,.F.);
#3538=ORIENTED_EDGE('',*,*,#2594,.F.);
#3539=ORIENTED_EDGE('',*,*,#2593,.F.);
#3540=ORIENTED_EDGE('',*,*,#2607,.F.);
#3541=ORIENTED_EDGE('',*,*,#2608,.F.);
#3542=ORIENTED_EDGE('',*,*,#2609,.T.);
#3543=ORIENTED_EDGE('',*,*,#2610,.T.);
#3544=ORIENTED_EDGE('',*,*,#2587,.T.);
#3545=ORIENTED_EDGE('',*,*,#2611,.T.);
#3546=ORIENTED_EDGE('',*,*,#2588,.T.);
#3547=ORIENTED_EDGE('',*,*,#2610,.F.);
#3548=ORIENTED_EDGE('',*,*,#2612,.T.);
#3549=ORIENTED_EDGE('',*,*,#2613,.T.);
#3550=ORIENTED_EDGE('',*,*,#2589,.T.);
#3551=ORIENTED_EDGE('',*,*,#2611,.F.);
#3552=ORIENTED_EDGE('',*,*,#2614,.T.);
#3553=ORIENTED_EDGE('',*,*,#2615,.F.);
#3554=ORIENTED_EDGE('',*,*,#2614,.F.);
#3555=ORIENTED_EDGE('',*,*,#2616,.F.);
#3556=ORIENTED_EDGE('',*,*,#2617,.F.);
#3557=ORIENTED_EDGE('',*,*,#2618,.F.);
#3558=ORIENTED_EDGE('',*,*,#2475,.T.);
#3559=ORIENTED_EDGE('',*,*,#2612,.F.);
#3560=ORIENTED_EDGE('',*,*,#2619,.T.);
#3561=ORIENTED_EDGE('',*,*,#2620,.F.);
#3562=ORIENTED_EDGE('',*,*,#2616,.T.);
#3563=ORIENTED_EDGE('',*,*,#2609,.F.);
#3564=ORIENTED_EDGE('',*,*,#2621,.T.);
#3565=ORIENTED_EDGE('',*,*,#2622,.F.);
#3566=ORIENTED_EDGE('',*,*,#2619,.F.);
#3567=ORIENTED_EDGE('',*,*,#2623,.T.);
#3568=ORIENTED_EDGE('',*,*,#2570,.T.);
#3569=ORIENTED_EDGE('',*,*,#2624,.T.);
#3570=ORIENTED_EDGE('',*,*,#2617,.T.);
#3571=ORIENTED_EDGE('',*,*,#2625,.T.);
#3572=ORIENTED_EDGE('',*,*,#2571,.T.);
#3573=ORIENTED_EDGE('',*,*,#2623,.F.);
#3574=ORIENTED_EDGE('',*,*,#2620,.T.);
#3575=ORIENTED_EDGE('',*,*,#2626,.F.);
#3576=ORIENTED_EDGE('',*,*,#2572,.T.);
#3577=ORIENTED_EDGE('',*,*,#2625,.F.);
#3578=ORIENTED_EDGE('',*,*,#2622,.T.);
#3579=ORIENTED_EDGE('',*,*,#2608,.T.);
#3580=ORIENTED_EDGE('',*,*,#2586,.F.);
#3581=ORIENTED_EDGE('',*,*,#2627,.F.);
#3582=ORIENTED_EDGE('',*,*,#2573,.F.);
#3583=ORIENTED_EDGE('',*,*,#2626,.T.);
#3584=ORIENTED_EDGE('',*,*,#2621,.F.);
#3585=ORIENTED_EDGE('',*,*,#2557,.F.);
#3586=ORIENTED_EDGE('',*,*,#2555,.F.);
#3587=ORIENTED_EDGE('',*,*,#2628,.T.);
#3588=ORIENTED_EDGE('',*,*,#2629,.F.);
#3589=ORIENTED_EDGE('',*,*,#2526,.T.);
#3590=ORIENTED_EDGE('',*,*,#2548,.F.);
#3591=ORIENTED_EDGE('',*,*,#2539,.T.);
#3592=ORIENTED_EDGE('',*,*,#2630,.F.);
#3593=ORIENTED_EDGE('',*,*,#2631,.T.);
#3594=ORIENTED_EDGE('',*,*,#2553,.T.);
#3595=ORIENTED_EDGE('',*,*,#2632,.T.);
#3596=ORIENTED_EDGE('',*,*,#2479,.T.);
#3597=ORIENTED_EDGE('',*,*,#2633,.F.);
#3598=ORIENTED_EDGE('',*,*,#2580,.F.);
#3599=ORIENTED_EDGE('',*,*,#2477,.T.);
#3600=ORIENTED_EDGE('',*,*,#2634,.F.);
#3601=ORIENTED_EDGE('',*,*,#2560,.F.);
#3602=ORIENTED_EDGE('',*,*,#2635,.T.);
#3603=ORIENTED_EDGE('',*,*,#2562,.T.);
#3604=ORIENTED_EDGE('',*,*,#2558,.F.);
#3605=ORIENTED_EDGE('',*,*,#2577,.F.);
#3606=ORIENTED_EDGE('',*,*,#2567,.F.);
#3607=ORIENTED_EDGE('',*,*,#2607,.T.);
#3608=ORIENTED_EDGE('',*,*,#2592,.F.);
#3609=ORIENTED_EDGE('',*,*,#2581,.T.);
#3610=ORIENTED_EDGE('',*,*,#2578,.F.);
#3611=ORIENTED_EDGE('',*,*,#2636,.T.);
#3612=ORIENTED_EDGE('',*,*,#2637,.F.);
#3613=ORIENTED_EDGE('',*,*,#2590,.T.);
#3614=ORIENTED_EDGE('',*,*,#2613,.F.);
#3615=ORIENTED_EDGE('',*,*,#2615,.T.);
#3616=ORIENTED_EDGE('',*,*,#2480,.T.);
#3617=ORIENTED_EDGE('',*,*,#2632,.F.);
#3618=ORIENTED_EDGE('',*,*,#2510,.T.);
#3619=ORIENTED_EDGE('',*,*,#2532,.T.);
#3620=ORIENTED_EDGE('',*,*,#2638,.T.);
#3621=ORIENTED_EDGE('',*,*,#2639,.T.);
#3622=ORIENTED_EDGE('',*,*,#2450,.T.);
#3623=ORIENTED_EDGE('',*,*,#2640,.T.);
#3624=ORIENTED_EDGE('',*,*,#2638,.F.);
#3625=ORIENTED_EDGE('',*,*,#2641,.T.);
#3626=ORIENTED_EDGE('',*,*,#2639,.F.);
#3627=ORIENTED_EDGE('',*,*,#2642,.F.);
#3628=ORIENTED_EDGE('',*,*,#2643,.F.);
#3629=ORIENTED_EDGE('',*,*,#2511,.F.);
#3630=ORIENTED_EDGE('',*,*,#2512,.T.);
#3631=ORIENTED_EDGE('',*,*,#2643,.T.);
#3632=ORIENTED_EDGE('',*,*,#2644,.T.);
#3633=ORIENTED_EDGE('',*,*,#2533,.T.);
#3634=ORIENTED_EDGE('',*,*,#2460,.T.);
#3635=ORIENTED_EDGE('',*,*,#2645,.T.);
#3636=ORIENTED_EDGE('',*,*,#2644,.F.);
#3637=ORIENTED_EDGE('',*,*,#2646,.T.);
#3638=ORIENTED_EDGE('',*,*,#2641,.F.);
#3639=ORIENTED_EDGE('',*,*,#2531,.T.);
#3640=ORIENTED_EDGE('',*,*,#2647,.F.);
#3641=ORIENTED_EDGE('',*,*,#2451,.T.);
#3642=ORIENTED_EDGE('',*,*,#2645,.F.);
#3643=ORIENTED_EDGE('',*,*,#2459,.T.);
#3644=ORIENTED_EDGE('',*,*,#2648,.F.);
#3645=ORIENTED_EDGE('',*,*,#2534,.T.);
#3646=ORIENTED_EDGE('',*,*,#2640,.F.);
#3647=ORIENTED_EDGE('',*,*,#2461,.T.);
#3648=ORIENTED_EDGE('',*,*,#2646,.F.);
#3649=ORIENTED_EDGE('',*,*,#2642,.T.);
#3650=ORIENTED_EDGE('',*,*,#2628,.F.);
#3651=ORIENTED_EDGE('',*,*,#2554,.F.);
#3652=ORIENTED_EDGE('',*,*,#2631,.F.);
#3653=ORIENTED_EDGE('',*,*,#2649,.F.);
#3654=ORIENTED_EDGE('',*,*,#2650,.F.);
#3655=ORIENTED_EDGE('',*,*,#2651,.F.);
#3656=ORIENTED_EDGE('',*,*,#2652,.T.);
#3657=ORIENTED_EDGE('',*,*,#2575,.T.);
#3658=ORIENTED_EDGE('',*,*,#2653,.T.);
#3659=ORIENTED_EDGE('',*,*,#2584,.F.);
#3660=ORIENTED_EDGE('',*,*,#2596,.F.);
#3661=ORIENTED_EDGE('',*,*,#2654,.F.);
#3662=ORIENTED_EDGE('',*,*,#2655,.F.);
#3663=ORIENTED_EDGE('',*,*,#2656,.F.);
#3664=ORIENTED_EDGE('',*,*,#2585,.T.);
#3665=ORIENTED_EDGE('',*,*,#2653,.F.);
#3666=ORIENTED_EDGE('',*,*,#2574,.F.);
#3667=ORIENTED_EDGE('',*,*,#2627,.T.);
#3668=ORIENTED_EDGE('',*,*,#2565,.F.);
#3669=ORIENTED_EDGE('',*,*,#2576,.T.);
#3670=ORIENTED_EDGE('',*,*,#2652,.F.);
#3671=ORIENTED_EDGE('',*,*,#2657,.F.);
#3672=ORIENTED_EDGE('',*,*,#2597,.T.);
#3673=ORIENTED_EDGE('',*,*,#2658,.T.);
#3674=ORIENTED_EDGE('',*,*,#2659,.T.);
#3675=ORIENTED_EDGE('',*,*,#2649,.T.);
#3676=ORIENTED_EDGE('',*,*,#2630,.T.);
#3677=ORIENTED_EDGE('',*,*,#2538,.T.);
#3678=ORIENTED_EDGE('',*,*,#2660,.T.);
#3679=ORIENTED_EDGE('',*,*,#2659,.F.);
#3680=ORIENTED_EDGE('',*,*,#2661,.T.);
#3681=ORIENTED_EDGE('',*,*,#2662,.F.);
#3682=ORIENTED_EDGE('',*,*,#2650,.T.);
#3683=ORIENTED_EDGE('',*,*,#2658,.F.);
#3684=ORIENTED_EDGE('',*,*,#2663,.F.);
#3685=ORIENTED_EDGE('',*,*,#2664,.F.);
#3686=ORIENTED_EDGE('',*,*,#2665,.F.);
#3687=ORIENTED_EDGE('',*,*,#2666,.F.);
#3688=ORIENTED_EDGE('',*,*,#2661,.F.);
#3689=ORIENTED_EDGE('',*,*,#2667,.T.);
#3690=ORIENTED_EDGE('',*,*,#2668,.T.);
#3691=ORIENTED_EDGE('',*,*,#2654,.T.);
#3692=ORIENTED_EDGE('',*,*,#2595,.T.);
#3693=ORIENTED_EDGE('',*,*,#2606,.T.);
#3694=ORIENTED_EDGE('',*,*,#2669,.T.);
#3695=ORIENTED_EDGE('',*,*,#2668,.F.);
#3696=ORIENTED_EDGE('',*,*,#2670,.T.);
#3697=ORIENTED_EDGE('',*,*,#2671,.F.);
#3698=ORIENTED_EDGE('',*,*,#2655,.T.);
#3699=ORIENTED_EDGE('',*,*,#2667,.F.);
#3700=ORIENTED_EDGE('',*,*,#2672,.F.);
#3701=ORIENTED_EDGE('',*,*,#2673,.F.);
#3702=ORIENTED_EDGE('',*,*,#2674,.F.);
#3703=ORIENTED_EDGE('',*,*,#2675,.F.);
#3704=ORIENTED_EDGE('',*,*,#2670,.F.);
#3705=ORIENTED_EDGE('',*,*,#2527,.T.);
#3706=ORIENTED_EDGE('',*,*,#2629,.T.);
#3707=ORIENTED_EDGE('',*,*,#2656,.T.);
#3708=ORIENTED_EDGE('',*,*,#2671,.T.);
#3709=ORIENTED_EDGE('',*,*,#2675,.T.);
#3710=ORIENTED_EDGE('',*,*,#2676,.T.);
#3711=ORIENTED_EDGE('',*,*,#2676,.F.);
#3712=ORIENTED_EDGE('',*,*,#2674,.T.);
#3713=ORIENTED_EDGE('',*,*,#2677,.T.);
#3714=ORIENTED_EDGE('',*,*,#2528,.T.);
#3715=ORIENTED_EDGE('',*,*,#2598,.T.);
#3716=ORIENTED_EDGE('',*,*,#2657,.T.);
#3717=ORIENTED_EDGE('',*,*,#2651,.T.);
#3718=ORIENTED_EDGE('',*,*,#2662,.T.);
#3719=ORIENTED_EDGE('',*,*,#2666,.T.);
#3720=ORIENTED_EDGE('',*,*,#2678,.T.);
#3721=ORIENTED_EDGE('',*,*,#2678,.F.);
#3722=ORIENTED_EDGE('',*,*,#2665,.T.);
#3723=ORIENTED_EDGE('',*,*,#2679,.T.);
#3724=ORIENTED_EDGE('',*,*,#2599,.T.);
#3725=ORIENTED_EDGE('',*,*,#2660,.F.);
#3726=ORIENTED_EDGE('',*,*,#2537,.T.);
#3727=ORIENTED_EDGE('',*,*,#2680,.T.);
#3728=ORIENTED_EDGE('',*,*,#2663,.T.);
#3729=ORIENTED_EDGE('',*,*,#2669,.F.);
#3730=ORIENTED_EDGE('',*,*,#2605,.T.);
#3731=ORIENTED_EDGE('',*,*,#2681,.T.);
#3732=ORIENTED_EDGE('',*,*,#2672,.T.);
#3733=ORIENTED_EDGE('',*,*,#2530,.T.);
#3734=ORIENTED_EDGE('',*,*,#2682,.T.);
#3735=ORIENTED_EDGE('',*,*,#2452,.T.);
#3736=ORIENTED_EDGE('',*,*,#2647,.T.);
#3737=ORIENTED_EDGE('',*,*,#2681,.F.);
#3738=ORIENTED_EDGE('',*,*,#2604,.F.);
#3739=ORIENTED_EDGE('',*,*,#2683,.F.);
#3740=ORIENTED_EDGE('',*,*,#2453,.T.);
#3741=ORIENTED_EDGE('',*,*,#2682,.F.);
#3742=ORIENTED_EDGE('',*,*,#2529,.F.);
#3743=ORIENTED_EDGE('',*,*,#2677,.F.);
#3744=ORIENTED_EDGE('',*,*,#2673,.T.);
#3745=ORIENTED_EDGE('',*,*,#2603,.T.);
#3746=ORIENTED_EDGE('',*,*,#2684,.T.);
#3747=ORIENTED_EDGE('',*,*,#2454,.T.);
#3748=ORIENTED_EDGE('',*,*,#2683,.T.);
#3749=ORIENTED_EDGE('',*,*,#2601,.T.);
#3750=ORIENTED_EDGE('',*,*,#2685,.T.);
#3751=ORIENTED_EDGE('',*,*,#2456,.T.);
#3752=ORIENTED_EDGE('',*,*,#2686,.T.);
#3753=ORIENTED_EDGE('',*,*,#2680,.F.);
#3754=ORIENTED_EDGE('',*,*,#2536,.F.);
#3755=ORIENTED_EDGE('',*,*,#2687,.F.);
#3756=ORIENTED_EDGE('',*,*,#2457,.T.);
#3757=ORIENTED_EDGE('',*,*,#2685,.F.);
#3758=ORIENTED_EDGE('',*,*,#2600,.F.);
#3759=ORIENTED_EDGE('',*,*,#2679,.F.);
#3760=ORIENTED_EDGE('',*,*,#2664,.T.);
#3761=ORIENTED_EDGE('',*,*,#2535,.T.);
#3762=ORIENTED_EDGE('',*,*,#2648,.T.);
#3763=ORIENTED_EDGE('',*,*,#2458,.T.);
#3764=ORIENTED_EDGE('',*,*,#2687,.T.);
#3765=ORIENTED_EDGE('',*,*,#2684,.F.);
#3766=ORIENTED_EDGE('',*,*,#2602,.T.);
#3767=ORIENTED_EDGE('',*,*,#2686,.F.);
#3768=ORIENTED_EDGE('',*,*,#2455,.T.);
#3769=ORIENTED_EDGE('',*,*,#2636,.F.);
#3770=ORIENTED_EDGE('',*,*,#2688,.T.);
#3771=ORIENTED_EDGE('',*,*,#2466,.T.);
#3772=ORIENTED_EDGE('',*,*,#2688,.F.);
#3773=ORIENTED_EDGE('',*,*,#2569,.T.);
#3774=ORIENTED_EDGE('',*,*,#2634,.T.);
#3775=ORIENTED_EDGE('',*,*,#2476,.T.);
#3776=ORIENTED_EDGE('',*,*,#2618,.T.);
#3777=ORIENTED_EDGE('',*,*,#2624,.F.);
#3778=ORIENTED_EDGE('',*,*,#2633,.T.);
#3779=ORIENTED_EDGE('',*,*,#2478,.T.);
#3780=ORIENTED_EDGE('',*,*,#2635,.F.);
#3781=ORIENTED_EDGE('',*,*,#2564,.T.);
#3782=ORIENTED_EDGE('',*,*,#2689,.T.);
#3783=ORIENTED_EDGE('',*,*,#2471,.T.);
#3784=ORIENTED_EDGE('',*,*,#2690,.T.);
#3785=ORIENTED_EDGE('',*,*,#2691,.T.);
#3786=ORIENTED_EDGE('',*,*,#2689,.F.);
#3787=ORIENTED_EDGE('',*,*,#2692,.T.);
#3788=ORIENTED_EDGE('',*,*,#2693,.T.);
#3789=ORIENTED_EDGE('',*,*,#2472,.T.);
#3790=ORIENTED_EDGE('',*,*,#2693,.F.);
#3791=ORIENTED_EDGE('',*,*,#2694,.T.);
#3792=ORIENTED_EDGE('',*,*,#2695,.T.);
#3793=ORIENTED_EDGE('',*,*,#2473,.T.);
#3794=ORIENTED_EDGE('',*,*,#2695,.F.);
#3795=ORIENTED_EDGE('',*,*,#2696,.T.);
#3796=ORIENTED_EDGE('',*,*,#2690,.F.);
#3797=ORIENTED_EDGE('',*,*,#2474,.T.);
#3798=ORIENTED_EDGE('',*,*,#2692,.F.);
#3799=ORIENTED_EDGE('',*,*,#2697,.F.);
#3800=ORIENTED_EDGE('',*,*,#2518,.F.);
#3801=ORIENTED_EDGE('',*,*,#2698,.F.);
#3802=ORIENTED_EDGE('',*,*,#2691,.F.);
#3803=ORIENTED_EDGE('',*,*,#2699,.F.);
#3804=ORIENTED_EDGE('',*,*,#2519,.F.);
#3805=ORIENTED_EDGE('',*,*,#2697,.T.);
#3806=ORIENTED_EDGE('',*,*,#2700,.T.);
#3807=ORIENTED_EDGE('',*,*,#2467,.T.);
#3808=ORIENTED_EDGE('',*,*,#2701,.T.);
#3809=ORIENTED_EDGE('',*,*,#2702,.T.);
#3810=ORIENTED_EDGE('',*,*,#2700,.F.);
#3811=ORIENTED_EDGE('',*,*,#2703,.T.);
#3812=ORIENTED_EDGE('',*,*,#2704,.T.);
#3813=ORIENTED_EDGE('',*,*,#2468,.T.);
#3814=ORIENTED_EDGE('',*,*,#2704,.F.);
#3815=ORIENTED_EDGE('',*,*,#2705,.T.);
#3816=ORIENTED_EDGE('',*,*,#2706,.T.);
#3817=ORIENTED_EDGE('',*,*,#2469,.T.);
#3818=ORIENTED_EDGE('',*,*,#2706,.F.);
#3819=ORIENTED_EDGE('',*,*,#2707,.T.);
#3820=ORIENTED_EDGE('',*,*,#2701,.F.);
#3821=ORIENTED_EDGE('',*,*,#2470,.T.);
#3822=ORIENTED_EDGE('',*,*,#2703,.F.);
#3823=ORIENTED_EDGE('',*,*,#2708,.F.);
#3824=ORIENTED_EDGE('',*,*,#2514,.F.);
#3825=ORIENTED_EDGE('',*,*,#2709,.F.);
#3826=ORIENTED_EDGE('',*,*,#2702,.F.);
#3827=ORIENTED_EDGE('',*,*,#2710,.F.);
#3828=ORIENTED_EDGE('',*,*,#2515,.F.);
#3829=ORIENTED_EDGE('',*,*,#2708,.T.);
#3830=ORIENTED_EDGE('',*,*,#2696,.F.);
#3831=ORIENTED_EDGE('',*,*,#2711,.T.);
#3832=ORIENTED_EDGE('',*,*,#2520,.F.);
#3833=ORIENTED_EDGE('',*,*,#2699,.T.);
#3834=ORIENTED_EDGE('',*,*,#2707,.F.);
#3835=ORIENTED_EDGE('',*,*,#2712,.T.);
#3836=ORIENTED_EDGE('',*,*,#2516,.F.);
#3837=ORIENTED_EDGE('',*,*,#2710,.T.);
#3838=ORIENTED_EDGE('',*,*,#2637,.T.);
#3839=ORIENTED_EDGE('',*,*,#2713,.T.);
#3840=ORIENTED_EDGE('',*,*,#2481,.T.);
#3841=ORIENTED_EDGE('',*,*,#2713,.F.);
#3842=ORIENTED_EDGE('',*,*,#2705,.F.);
#3843=ORIENTED_EDGE('',*,*,#2709,.T.);
#3844=ORIENTED_EDGE('',*,*,#2517,.F.);
#3845=ORIENTED_EDGE('',*,*,#2712,.F.);
#3846=ORIENTED_EDGE('',*,*,#2694,.F.);
#3847=ORIENTED_EDGE('',*,*,#2698,.T.);
#3848=ORIENTED_EDGE('',*,*,#2521,.F.);
#3849=ORIENTED_EDGE('',*,*,#2711,.F.);
#3850=CYLINDRICAL_SURFACE('',#4193,7.);
#3851=CYLINDRICAL_SURFACE('',#4196,1.543);
#3852=CYLINDRICAL_SURFACE('',#4200,7.);
#3853=CYLINDRICAL_SURFACE('',#4219,0.7);
#3854=CYLINDRICAL_SURFACE('',#4221,0.699999999998782);
#3855=CYLINDRICAL_SURFACE('',#4224,0.25);
#3856=CYLINDRICAL_SURFACE('',#4227,0.25);
#3857=CYLINDRICAL_SURFACE('',#4229,0.25);
#3858=CYLINDRICAL_SURFACE('',#4232,0.25);
#3859=CYLINDRICAL_SURFACE('',#4242,1.55412658773654);
#3860=CYLINDRICAL_SURFACE('',#4251,2.75);
#3861=CYLINDRICAL_SURFACE('',#4265,1.5);
#3862=CYLINDRICAL_SURFACE('',#4280,0.25);
#3863=CYLINDRICAL_SURFACE('',#4283,0.2);
#3864=CYLINDRICAL_SURFACE('',#4295,1.);
#3865=CYLINDRICAL_SURFACE('',#4298,1.2);
#3866=CYLINDRICAL_SURFACE('',#4301,1.2);
#3867=CYLINDRICAL_SURFACE('',#4304,0.6);
#3868=CYLINDRICAL_SURFACE('',#4307,0.2);
#3869=CYLINDRICAL_SURFACE('',#4310,0.2);
#3870=CYLINDRICAL_SURFACE('',#4313,0.6);
#3871=CYLINDRICAL_SURFACE('',#4316,0.6);
#3872=CYLINDRICAL_SURFACE('',#4357,0.6);
#3873=CYLINDRICAL_SURFACE('',#4365,1.);
#3874=CYLINDRICAL_SURFACE('',#4369,1.75);
#3875=CYLINDRICAL_SURFACE('',#4398,3.);
#3876=CYLINDRICAL_SURFACE('',#4424,1.);
#3877=CYLINDRICAL_SURFACE('',#4432,0.4);
#3878=CYLINDRICAL_SURFACE('',#4443,0.4);
#3879=CYLINDRICAL_SURFACE('',#4448,5.);
#3880=CYLINDRICAL_SURFACE('',#4452,1.);
#3881=CYLINDRICAL_SURFACE('',#4456,0.4);
#3882=CYLINDRICAL_SURFACE('',#4462,0.4);
#3883=CYLINDRICAL_SURFACE('',#4464,0.4);
#3884=CYLINDRICAL_SURFACE('',#4468,0.4);
#3885=CYLINDRICAL_SURFACE('',#4473,0.4);
#3886=CYLINDRICAL_SURFACE('',#4478,0.4);
#3887=CYLINDRICAL_SURFACE('',#4483,0.4);
#3888=CYLINDRICAL_SURFACE('',#4489,0.4);
#3889=CYLINDRICAL_SURFACE('',#4492,1.5);
#3890=CYLINDRICAL_SURFACE('',#4495,0.4);
#3891=CYLINDRICAL_SURFACE('',#4500,0.4);
#3892=CYLINDRICAL_SURFACE('',#4511,1.5);
#3893=CYLINDRICAL_SURFACE('',#4513,1.5);
#3894=CYLINDRICAL_SURFACE('',#4531,1.5);
#3895=CYLINDRICAL_SURFACE('',#4534,1.5);
#3896=CYLINDRICAL_SURFACE('',#4536,1.5);
#3897=CYLINDRICAL_SURFACE('',#4538,1.5);
#3898=CYLINDRICAL_SURFACE('',#4547,0.85);
#3899=CYLINDRICAL_SURFACE('',#4557,1.69999999999994);
#3900=CYLINDRICAL_SURFACE('',#4565,1.7);
#3901=CYLINDRICAL_SURFACE('',#4568,0.85);
#3902=CYLINDRICAL_SURFACE('',#4569,1.7);
#3903=CYLINDRICAL_SURFACE('',#4570,1.70000000000006);
#3904=ADVANCED_FACE('',(#403),#3850,.T.);
#3905=ADVANCED_FACE('',(#404),#3851,.F.);
#3906=ADVANCED_FACE('',(#405),#3852,.T.);
#3907=ADVANCED_FACE('',(#406),#273,.T.);
#3908=ADVANCED_FACE('',(#407),#245,.F.);
#3909=ADVANCED_FACE('',(#408),#274,.T.);
#3910=ADVANCED_FACE('',(#409),#246,.F.);
#3911=ADVANCED_FACE('',(#410,#213),#275,.T.);
#3912=ADVANCED_FACE('',(#411),#276,.T.);
#3913=ADVANCED_FACE('',(#412),#3853,.T.);
#3914=ADVANCED_FACE('',(#413),#3854,.T.);
#3915=ADVANCED_FACE('',(#414),#277,.T.);
#3916=ADVANCED_FACE('',(#415),#3855,.F.);
#3917=ADVANCED_FACE('',(#416),#278,.T.);
#3918=ADVANCED_FACE('',(#417),#3856,.T.);
#3919=ADVANCED_FACE('',(#418),#3857,.T.);
#3920=ADVANCED_FACE('',(#419),#279,.T.);
#3921=ADVANCED_FACE('',(#420),#3858,.F.);
#3922=ADVANCED_FACE('',(#421),#280,.T.);
#3923=ADVANCED_FACE('',(#422),#281,.F.);
#3924=ADVANCED_FACE('',(#423),#92,.F.);
#3925=ADVANCED_FACE('',(#424),#3859,.T.);
#3926=ADVANCED_FACE('',(#425,#214),#282,.T.);
#3927=ADVANCED_FACE('',(#426),#247,.F.);
#3928=ADVANCED_FACE('',(#427),#248,.T.);
#3929=ADVANCED_FACE('',(#428),#3860,.T.);
#3930=ADVANCED_FACE('',(#429),#249,.T.);
#3931=ADVANCED_FACE('',(#430),#93,.T.);
#3932=ADVANCED_FACE('',(#431),#250,.T.);
#3933=ADVANCED_FACE('',(#432),#94,.F.);
#3934=ADVANCED_FACE('',(#433),#3861,.T.);
#3935=ADVANCED_FACE('',(#434),#251,.T.);
#3936=ADVANCED_FACE('',(#435),#283,.T.);
#3937=ADVANCED_FACE('',(#436,#215),#284,.T.);
#3938=ADVANCED_FACE('',(#437),#285,.F.);
#3939=ADVANCED_FACE('',(#438),#286,.F.);
#3940=ADVANCED_FACE('',(#439),#287,.F.);
#3941=ADVANCED_FACE('',(#440),#288,.F.);
#3942=ADVANCED_FACE('',(#441),#289,.F.);
#3943=ADVANCED_FACE('',(#442),#290,.F.);
#3944=ADVANCED_FACE('',(#443),#291,.F.);
#3945=ADVANCED_FACE('',(#444),#3862,.T.);
#3946=ADVANCED_FACE('',(#445),#3863,.F.);
#3947=ADVANCED_FACE('',(#446,#216),#292,.T.);
#3948=ADVANCED_FACE('',(#447,#217),#293,.T.);
#3949=ADVANCED_FACE('',(#448),#294,.T.);
#3950=ADVANCED_FACE('',(#449),#295,.T.);
#3951=ADVANCED_FACE('',(#450),#296,.T.);
#3952=ADVANCED_FACE('',(#451),#297,.T.);
#3953=ADVANCED_FACE('',(#452),#298,.T.);
#3954=ADVANCED_FACE('',(#453,#218),#299,.F.);
#3955=ADVANCED_FACE('',(#454),#3864,.F.);
#3956=ADVANCED_FACE('',(#455),#3865,.F.);
#3957=ADVANCED_FACE('',(#456),#3866,.F.);
#3958=ADVANCED_FACE('',(#457),#3867,.T.);
#3959=ADVANCED_FACE('',(#458),#3868,.F.);
#3960=ADVANCED_FACE('',(#459),#3869,.F.);
#3961=ADVANCED_FACE('',(#460),#3870,.T.);
#3962=ADVANCED_FACE('',(#461),#3871,.T.);
#3963=ADVANCED_FACE('',(#462),#300,.T.);
#3964=ADVANCED_FACE('',(#463),#301,.T.);
#3965=ADVANCED_FACE('',(#464,#219),#302,.F.);
#3966=ADVANCED_FACE('',(#465),#303,.F.);
#3967=ADVANCED_FACE('',(#466),#304,.F.);
#3968=ADVANCED_FACE('',(#467),#305,.T.);
#3969=ADVANCED_FACE('',(#468,#220,#221),#306,.T.);
#3970=ADVANCED_FACE('',(#469),#307,.F.);
#3971=ADVANCED_FACE('',(#470,#222),#308,.F.);
#3972=ADVANCED_FACE('',(#471),#309,.F.);
#3973=ADVANCED_FACE('',(#472,#223),#310,.F.);
#3974=ADVANCED_FACE('',(#473),#311,.F.);
#3975=ADVANCED_FACE('',(#474),#312,.T.);
#3976=ADVANCED_FACE('',(#475),#313,.T.);
#3977=ADVANCED_FACE('',(#476),#314,.T.);
#3978=ADVANCED_FACE('',(#477),#315,.T.);
#3979=ADVANCED_FACE('',(#478),#316,.T.);
#3980=ADVANCED_FACE('',(#479),#317,.T.);
#3981=ADVANCED_FACE('',(#480),#318,.F.);
#3982=ADVANCED_FACE('',(#481),#319,.F.);
#3983=ADVANCED_FACE('',(#482,#224),#320,.F.);
#3984=ADVANCED_FACE('',(#483),#321,.F.);
#3985=ADVANCED_FACE('',(#484),#322,.F.);
#3986=ADVANCED_FACE('',(#485,#225,#226),#323,.T.);
#3987=ADVANCED_FACE('',(#486),#324,.F.);
#3988=ADVANCED_FACE('',(#487),#325,.F.);
#3989=ADVANCED_FACE('',(#488),#326,.F.);
#3990=ADVANCED_FACE('',(#489),#327,.F.);
#3991=ADVANCED_FACE('',(#490),#328,.F.);
#3992=ADVANCED_FACE('',(#491),#329,.F.);
#3993=ADVANCED_FACE('',(#492),#330,.F.);
#3994=ADVANCED_FACE('',(#493),#331,.F.);
#3995=ADVANCED_FACE('',(#494),#332,.F.);
#3996=ADVANCED_FACE('',(#495),#333,.T.);
#3997=ADVANCED_FACE('',(#496,#227),#334,.F.);
#3998=ADVANCED_FACE('',(#497),#335,.F.);
#3999=ADVANCED_FACE('',(#498,#228),#336,.F.);
#4000=ADVANCED_FACE('',(#499,#229,#230),#337,.T.);
#4001=ADVANCED_FACE('',(#500),#3872,.T.);
#4002=ADVANCED_FACE('',(#501),#338,.T.);
#4003=ADVANCED_FACE('',(#502),#252,.T.);
#4004=ADVANCED_FACE('',(#503),#339,.T.);
#4005=ADVANCED_FACE('',(#504),#3873,.T.);
#4006=ADVANCED_FACE('',(#505),#253,.F.);
#4007=ADVANCED_FACE('',(#506),#3874,.T.);
#4008=ADVANCED_FACE('',(#507,#231),#49,.T.);
#4009=ADVANCED_FACE('',(#508,#232),#340,.F.);
#4010=ADVANCED_FACE('',(#509,#233),#341,.F.);
#4011=ADVANCED_FACE('',(#510),#254,.F.);
#4012=ADVANCED_FACE('',(#511),#255,.F.);
#4013=ADVANCED_FACE('',(#512),#256,.F.);
#4014=ADVANCED_FACE('',(#513),#257,.F.);
#4015=ADVANCED_FACE('',(#514),#258,.F.);
#4016=ADVANCED_FACE('',(#515),#342,.T.);
#4017=ADVANCED_FACE('',(#516),#343,.F.);
#4018=ADVANCED_FACE('',(#517),#344,.F.);
#4019=ADVANCED_FACE('',(#518),#345,.F.);
#4020=ADVANCED_FACE('',(#519),#346,.F.);
#4021=ADVANCED_FACE('',(#520),#347,.F.);
#4022=ADVANCED_FACE('',(#521),#348,.F.);
#4023=ADVANCED_FACE('',(#522),#349,.T.);
#4024=ADVANCED_FACE('',(#523),#350,.T.);
#4025=ADVANCED_FACE('',(#524),#351,.T.);
#4026=ADVANCED_FACE('',(#525),#352,.T.);
#4027=ADVANCED_FACE('',(#526),#3875,.T.);
#4028=ADVANCED_FACE('',(#527),#353,.T.);
#4029=ADVANCED_FACE('',(#528,#234,#235,#236,#237,#238,#239,#240),#354,.T.);
#4030=ADVANCED_FACE('',(#529),#355,.T.);
#4031=ADVANCED_FACE('',(#530),#356,.T.);
#4032=ADVANCED_FACE('',(#531),#357,.T.);
#4033=ADVANCED_FACE('',(#532),#358,.T.);
#4034=ADVANCED_FACE('',(#533),#95,.F.);
#4035=ADVANCED_FACE('',(#534),#3876,.F.);
#4036=ADVANCED_FACE('',(#535),#96,.F.);
#4037=ADVANCED_FACE('',(#536),#359,.F.);
#4038=ADVANCED_FACE('',(#537),#3877,.T.);
#4039=ADVANCED_FACE('',(#538,#241,#242),#360,.F.);
#4040=ADVANCED_FACE('',(#539),#361,.F.);
#4041=ADVANCED_FACE('',(#540),#3878,.T.);
#4042=ADVANCED_FACE('',(#541),#362,.F.);
#4043=ADVANCED_FACE('',(#542),#363,.T.);
#4044=ADVANCED_FACE('',(#543),#364,.F.);
#4045=ADVANCED_FACE('',(#544),#3879,.F.);
#4046=ADVANCED_FACE('',(#545),#97,.F.);
#4047=ADVANCED_FACE('',(#546),#3880,.F.);
#4048=ADVANCED_FACE('',(#547),#98,.F.);
#4049=ADVANCED_FACE('',(#548),#3881,.T.);
#4050=ADVANCED_FACE('',(#549),#365,.F.);
#4051=ADVANCED_FACE('',(#550),#366,.T.);
#4052=ADVANCED_FACE('',(#551),#3882,.T.);
#4053=ADVANCED_FACE('',(#552),#3883,.F.);
#4054=ADVANCED_FACE('',(#553),#367,.F.);
#4055=ADVANCED_FACE('',(#554),#3884,.T.);
#4056=ADVANCED_FACE('',(#555),#368,.T.);
#4057=ADVANCED_FACE('',(#556),#3885,.F.);
#4058=ADVANCED_FACE('',(#557),#369,.F.);
#4059=ADVANCED_FACE('',(#558),#3886,.T.);
#4060=ADVANCED_FACE('',(#559),#370,.T.);
#4061=ADVANCED_FACE('',(#560),#371,.F.);
#4062=ADVANCED_FACE('',(#561),#3887,.F.);
#4063=ADVANCED_FACE('',(#562),#99,.F.);
#4064=ADVANCED_FACE('',(#563),#3888,.F.);
#4065=ADVANCED_FACE('',(#564),#372,.T.);
#4066=ADVANCED_FACE('',(#565),#3889,.T.);
#4067=ADVANCED_FACE('',(#566),#373,.T.);
#4068=ADVANCED_FACE('',(#567),#3890,.F.);
#4069=ADVANCED_FACE('',(#568),#100,.F.);
#4070=ADVANCED_FACE('',(#569),#3891,.F.);
#4071=ADVANCED_FACE('',(#570),#374,.T.);
#4072=ADVANCED_FACE('',(#571),#375,.T.);
#4073=ADVANCED_FACE('',(#572),#376,.T.);
#4074=ADVANCED_FACE('',(#573),#259,.F.);
#4075=ADVANCED_FACE('',(#574),#260,.F.);
#4076=ADVANCED_FACE('',(#575,#243,#244),#377,.T.);
#4077=ADVANCED_FACE('',(#576),#378,.T.);
#4078=ADVANCED_FACE('',(#577),#3892,.T.);
#4079=ADVANCED_FACE('',(#578),#47,.T.);
#4080=ADVANCED_FACE('',(#579),#379,.T.);
#4081=ADVANCED_FACE('',(#580),#3893,.T.);
#4082=ADVANCED_FACE('',(#581),#48,.T.);
#4083=ADVANCED_FACE('',(#582),#380,.T.);
#4084=ADVANCED_FACE('',(#583),#381,.T.);
#4085=ADVANCED_FACE('',(#584),#382,.T.);
#4086=ADVANCED_FACE('',(#585),#383,.T.);
#4087=ADVANCED_FACE('',(#586),#384,.T.);
#4088=ADVANCED_FACE('',(#587),#385,.T.);
#4089=ADVANCED_FACE('',(#588),#261,.T.);
#4090=ADVANCED_FACE('',(#589),#386,.T.);
#4091=ADVANCED_FACE('',(#590),#387,.T.);
#4092=ADVANCED_FACE('',(#591),#262,.T.);
#4093=ADVANCED_FACE('',(#592),#388,.T.);
#4094=ADVANCED_FACE('',(#593),#389,.T.);
#4095=ADVANCED_FACE('',(#594),#263,.T.);
#4096=ADVANCED_FACE('',(#595),#3894,.T.);
#4097=ADVANCED_FACE('',(#596),#264,.T.);
#4098=ADVANCED_FACE('',(#597),#3895,.T.);
#4099=ADVANCED_FACE('',(#598),#3896,.T.);
#4100=ADVANCED_FACE('',(#599),#3897,.T.);
#4101=ADVANCED_FACE('',(#600),#265,.T.);
#4102=ADVANCED_FACE('',(#601),#390,.T.);
#4103=ADVANCED_FACE('',(#602),#266,.T.);
#4104=ADVANCED_FACE('',(#603),#267,.T.);
#4105=ADVANCED_FACE('',(#604),#391,.T.);
#4106=ADVANCED_FACE('',(#605),#268,.T.);
#4107=ADVANCED_FACE('',(#606),#392,.T.);
#4108=ADVANCED_FACE('',(#607),#3898,.F.);
#4109=ADVANCED_FACE('',(#608),#393,.T.);
#4110=ADVANCED_FACE('',(#609),#394,.T.);
#4111=ADVANCED_FACE('',(#610),#269,.F.);
#4112=ADVANCED_FACE('',(#611),#395,.T.);
#4113=ADVANCED_FACE('',(#612),#270,.F.);
#4114=ADVANCED_FACE('',(#613),#396,.T.);
#4115=ADVANCED_FACE('',(#614),#397,.T.);
#4116=ADVANCED_FACE('',(#615),#3899,.F.);
#4117=ADVANCED_FACE('',(#616),#271,.F.);
#4118=ADVANCED_FACE('',(#617),#398,.T.);
#4119=ADVANCED_FACE('',(#618),#272,.F.);
#4120=ADVANCED_FACE('',(#619),#399,.T.);
#4121=ADVANCED_FACE('',(#620),#400,.T.);
#4122=ADVANCED_FACE('',(#621),#3900,.F.);
#4123=ADVANCED_FACE('',(#622),#401,.T.);
#4124=ADVANCED_FACE('',(#623),#402,.T.);
#4125=ADVANCED_FACE('',(#624),#3901,.F.);
#4126=ADVANCED_FACE('',(#625),#3902,.F.);
#4127=ADVANCED_FACE('',(#626),#3903,.F.);
#4128=CLOSED_SHELL('',(#3904,#3905,#3906,#3907,#3908,#3909,#3910,#3911,
#3912,#3913,#3914,#3915,#3916,#3917,#3918,#3919,#3920,#3921,#3922,#3923));
#4129=CLOSED_SHELL('',(#3924,#3925,#3926,#3927,#3928,#3929,#3930,#3931,
#3932,#3933,#3934,#3935,#3936,#3937,#3938,#3939,#3940,#3941,#3942,#3943,
#3944));
#4130=CLOSED_SHELL('',(#3945,#3946,#3947,#3948,#3949,#3950,#3951,#3952,
#3953));
#4131=CLOSED_SHELL('',(#3954,#3955,#3956,#3957,#3958,#3959,#3960,#3961,
#3962,#3963,#3964,#3965,#3966,#3967,#3968,#3969,#3970,#3971,#3972,#3973,
#3974,#3975,#3976,#3977,#3978,#3979,#3980,#3981,#3982,#3983,#3984,#3985,
#3986,#3987,#3988,#3989,#3990,#3991,#3992,#3993,#3994,#3995,#3996,#3997,
#3998,#3999,#4000,#4001,#4002));
#4132=CLOSED_SHELL('',(#4003,#4004,#4005,#4006,#4007,#4008,#4009,#4010,
#4011,#4012,#4013,#4014,#4015,#4016,#4017,#4018,#4019,#4020,#4021,#4022));
#4133=CLOSED_SHELL('',(#4023,#4024,#4025,#4026,#4027,#4028,#4029,#4030,
#4031,#4032,#4033,#4034,#4035,#4036,#4037,#4038,#4039,#4040,#4041,#4042,
#4043,#4044,#4045,#4046,#4047,#4048,#4049,#4050,#4051,#4052,#4053,#4054,
#4055,#4056,#4057,#4058,#4059,#4060,#4061,#4062,#4063,#4064,#4065,#4066,
#4067,#4068,#4069,#4070,#4071,#4072,#4073,#4074,#4075,#4076,#4077,#4078,
#4079,#4080,#4081,#4082,#4083,#4084,#4085,#4086,#4087,#4088,#4089,#4090,
#4091,#4092,#4093,#4094,#4095,#4096,#4097,#4098,#4099,#4100,#4101,#4102,
#4103,#4104,#4105,#4106,#4107,#4108,#4109,#4110,#4111,#4112,#4113,#4114,
#4115,#4116,#4117,#4118,#4119,#4120,#4121,#4122,#4123,#4124,#4125,#4126,
#4127));
#4134=DERIVED_UNIT_ELEMENT(#4144,1.);
#4135=DERIVED_UNIT_ELEMENT(#7145,-3.);
#4136=DERIVED_UNIT_ELEMENT(#4144,1.);
#4137=DERIVED_UNIT_ELEMENT(#7145,-3.);
#4138=DERIVED_UNIT_ELEMENT(#4144,1.);
#4139=DERIVED_UNIT_ELEMENT(#7145,-3.);
#4140=DERIVED_UNIT_ELEMENT(#4144,1.);
#4141=DERIVED_UNIT_ELEMENT(#7145,-3.);
#4142=DERIVED_UNIT_ELEMENT(#4144,1.);
#4143=DERIVED_UNIT_ELEMENT(#7145,-3.);
#4144=(
MASS_UNIT()
NAMED_UNIT(*)
SI_UNIT(.KILO.,.GRAM.)
);
#4145=DERIVED_UNIT((#4134,#4135));
#4146=DERIVED_UNIT((#4136,#4137));
#4147=DERIVED_UNIT((#4138,#4139));
#4148=DERIVED_UNIT((#4140,#4141));
#4149=DERIVED_UNIT((#4142,#4143));
#4150=MEASURE_REPRESENTATION_ITEM('density measure',
POSITIVE_RATIO_MEASURE(7850.),#4145);
#4151=MEASURE_REPRESENTATION_ITEM('density measure',
POSITIVE_RATIO_MEASURE(7850.),#4146);
#4152=MEASURE_REPRESENTATION_ITEM('density measure',
POSITIVE_RATIO_MEASURE(7850.),#4147);
#4153=MEASURE_REPRESENTATION_ITEM('density measure',
POSITIVE_RATIO_MEASURE(7850.),#4148);
#4154=MEASURE_REPRESENTATION_ITEM('density measure',
POSITIVE_RATIO_MEASURE(7850.),#4149);
#4155=PROPERTY_DEFINITION_REPRESENTATION(#4180,#4165);
#4156=PROPERTY_DEFINITION_REPRESENTATION(#4181,#4166);
#4157=PROPERTY_DEFINITION_REPRESENTATION(#4182,#4167);
#4158=PROPERTY_DEFINITION_REPRESENTATION(#4183,#4168);
#4159=PROPERTY_DEFINITION_REPRESENTATION(#4184,#4169);
#4160=PROPERTY_DEFINITION_REPRESENTATION(#4185,#4170);
#4161=PROPERTY_DEFINITION_REPRESENTATION(#4186,#4171);
#4162=PROPERTY_DEFINITION_REPRESENTATION(#4187,#4172);
#4163=PROPERTY_DEFINITION_REPRESENTATION(#4188,#4173);
#4164=PROPERTY_DEFINITION_REPRESENTATION(#4189,#4174);
#4165=REPRESENTATION('material name',(#4175),#7138);
#4166=REPRESENTATION('density',(#4150),#7138);
#4167=REPRESENTATION('material name',(#4176),#7139);
#4168=REPRESENTATION('density',(#4151),#7139);
#4169=REPRESENTATION('material name',(#4177),#7140);
#4170=REPRESENTATION('density',(#4152),#7140);
#4171=REPRESENTATION('material name',(#4178),#7141);
#4172=REPRESENTATION('density',(#4153),#7141);
#4173=REPRESENTATION('material name',(#4179),#7142);
#4174=REPRESENTATION('density',(#4154),#7142);
#4175=DESCRIPTIVE_REPRESENTATION_ITEM('Steel','Steel');
#4176=DESCRIPTIVE_REPRESENTATION_ITEM('Steel','Steel');
#4177=DESCRIPTIVE_REPRESENTATION_ITEM('Steel','Steel');
#4178=DESCRIPTIVE_REPRESENTATION_ITEM('Steel','Steel');
#4179=DESCRIPTIVE_REPRESENTATION_ITEM('Steel','Steel');
#4180=PROPERTY_DEFINITION('material property','material name',#7181);
#4181=PROPERTY_DEFINITION('material property','density of part',#7181);
#4182=PROPERTY_DEFINITION('material property','material name',#7182);
#4183=PROPERTY_DEFINITION('material property','density of part',#7182);
#4184=PROPERTY_DEFINITION('material property','material name',#7183);
#4185=PROPERTY_DEFINITION('material property','density of part',#7183);
#4186=PROPERTY_DEFINITION('material property','material name',#7184);
#4187=PROPERTY_DEFINITION('material property','density of part',#7184);
#4188=PROPERTY_DEFINITION('material property','material name',#7185);
#4189=PROPERTY_DEFINITION('material property','density of part',#7185);
#4190=AXIS2_PLACEMENT_3D('',#5733,#4580,#4581);
#4191=AXIS2_PLACEMENT_3D('',#5734,#4582,#4583);
#4192=AXIS2_PLACEMENT_3D('',#5735,#4584,#4585);
#4193=AXIS2_PLACEMENT_3D('',#5736,#4586,#4587);
#4194=AXIS2_PLACEMENT_3D('',#5753,#4589,#4590);
#4195=AXIS2_PLACEMENT_3D('',#5757,#4592,#4593);
#4196=AXIS2_PLACEMENT_3D('',#5759,#4595,#4596);
#4197=AXIS2_PLACEMENT_3D('',#5761,#4597,#4598);
#4198=AXIS2_PLACEMENT_3D('',#5765,#4600,#4601);
#4199=AXIS2_PLACEMENT_3D('',#5766,#4602,#4603);
#4200=AXIS2_PLACEMENT_3D('',#5767,#4604,#4605);
#4201=AXIS2_PLACEMENT_3D('',#5783,#4607,#4608);
#4202=AXIS2_PLACEMENT_3D('',#5787,#4610,#4611);
#4203=AXIS2_PLACEMENT_3D('',#5789,#4613,#4614);
#4204=AXIS2_PLACEMENT_3D('',#5793,#4616,#4617);
#4205=AXIS2_PLACEMENT_3D('',#5796,#4619,#4620);
#4206=AXIS2_PLACEMENT_3D('',#5800,#4622,#4623);
#4207=AXIS2_PLACEMENT_3D('',#5804,#4625,#4626);
#4208=AXIS2_PLACEMENT_3D('',#5808,#4628,#4629);
#4209=AXIS2_PLACEMENT_3D('',#5811,#4631,#4632);
#4210=AXIS2_PLACEMENT_3D('',#5812,#4633,#4634);
#4211=AXIS2_PLACEMENT_3D('',#5815,#4636,#4637);
#4212=AXIS2_PLACEMENT_3D('',#5816,#4638,#4639);
#4213=AXIS2_PLACEMENT_3D('',#5817,#4640,#4641);
#4214=AXIS2_PLACEMENT_3D('',#5818,#4642,#4643);
#4215=AXIS2_PLACEMENT_3D('',#5820,#4645,#4646);
#4216=AXIS2_PLACEMENT_3D('',#5823,#4648,#4649);
#4217=AXIS2_PLACEMENT_3D('',#5824,#4650,#4651);
#4218=AXIS2_PLACEMENT_3D('',#5830,#4655,#4656);
#4219=AXIS2_PLACEMENT_3D('',#5831,#4657,#4658);
#4220=AXIS2_PLACEMENT_3D('',#5834,#4660,#4661);
#4221=AXIS2_PLACEMENT_3D('',#5835,#4662,#4663);
#4222=AXIS2_PLACEMENT_3D('',#5837,#4664,#4665);
#4223=AXIS2_PLACEMENT_3D('',#5839,#4667,#4668);
#4224=AXIS2_PLACEMENT_3D('',#5843,#4671,#4672);
#4225=AXIS2_PLACEMENT_3D('',#5845,#4673,#4674);
#4226=AXIS2_PLACEMENT_3D('',#5847,#4676,#4677);
#4227=AXIS2_PLACEMENT_3D('',#5851,#4680,#4681);
#4228=AXIS2_PLACEMENT_3D('',#5852,#4682,#4683);
#4229=AXIS2_PLACEMENT_3D('',#5853,#4684,#4685);
#4230=AXIS2_PLACEMENT_3D('',#5855,#4686,#4687);
#4231=AXIS2_PLACEMENT_3D('',#5857,#4689,#4690);
#4232=AXIS2_PLACEMENT_3D('',#5861,#4693,#4694);
#4233=AXIS2_PLACEMENT_3D('',#5863,#4695,#4696);
#4234=AXIS2_PLACEMENT_3D('',#5865,#4698,#4699);
#4235=AXIS2_PLACEMENT_3D('',#5867,#4701,#4702);
#4236=AXIS2_PLACEMENT_3D('',#5868,#4703,#4704);
#4237=AXIS2_PLACEMENT_3D('',#5869,#4705,#4706);
#4238=AXIS2_PLACEMENT_3D('',#5872,#4707,#4708);
#4239=AXIS2_PLACEMENT_3D('',#5874,#4709,#4710);
#4240=AXIS2_PLACEMENT_3D('',#5875,#4711,#4712);
#4241=AXIS2_PLACEMENT_3D('',#5876,#4713,#4714);
#4242=AXIS2_PLACEMENT_3D('',#5877,#4715,#4716);
#4243=AXIS2_PLACEMENT_3D('',#5879,#4717,#4718);
#4244=AXIS2_PLACEMENT_3D('',#5881,#4720,#4721);
#4245=AXIS2_PLACEMENT_3D('',#5883,#4722,#4723);
#4246=AXIS2_PLACEMENT_3D('',#5884,#4724,#4725);
#4247=AXIS2_PLACEMENT_3D('',#5904,#4727,#4728);
#4248=AXIS2_PLACEMENT_3D('',#5916,#4729,#4730);
#4249=AXIS2_PLACEMENT_3D('',#5918,#4731,#4732);
#4250=AXIS2_PLACEMENT_3D('',#5921,#4734,#4735);
#4251=AXIS2_PLACEMENT_3D('',#5922,#4736,#4737);
#4252=AXIS2_PLACEMENT_3D('',#5925,#4738,#4739);
#4253=AXIS2_PLACEMENT_3D('',#5926,#4740,#4741);
#4254=AXIS2_PLACEMENT_3D('',#5928,#4743,#4744);
#4255=AXIS2_PLACEMENT_3D('',#5930,#4746,#4747);
#4256=AXIS2_PLACEMENT_3D('',#5933,#4748,#4749);
#4257=AXIS2_PLACEMENT_3D('',#5934,#4750,#4751);
#4258=AXIS2_PLACEMENT_3D('',#5935,#4752,#4753);
#4259=AXIS2_PLACEMENT_3D('',#5936,#4754,#4755);
#4260=AXIS2_PLACEMENT_3D('',#5940,#4757,#4758);
#4261=AXIS2_PLACEMENT_3D('',#5941,#4759,#4760);
#4262=AXIS2_PLACEMENT_3D('',#5942,#4761,#4762);
#4263=AXIS2_PLACEMENT_3D('',#5944,#4763,#4764);
#4264=AXIS2_PLACEMENT_3D('',#5945,#4765,#4766);
#4265=AXIS2_PLACEMENT_3D('',#5946,#4767,#4768);
#4266=AXIS2_PLACEMENT_3D('',#5949,#4769,#4770);
#4267=AXIS2_PLACEMENT_3D('',#5950,#4771,#4772);
#4268=AXIS2_PLACEMENT_3D('',#5952,#4774,#4775);
#4269=AXIS2_PLACEMENT_3D('',#5955,#4777,#4778);
#4270=AXIS2_PLACEMENT_3D('',#5956,#4779,#4780);
#4271=AXIS2_PLACEMENT_3D('',#5957,#4781,#4782);
#4272=AXIS2_PLACEMENT_3D('',#5958,#4783,#4784);
#4273=AXIS2_PLACEMENT_3D('',#5971,#4791,#4792);
#4274=AXIS2_PLACEMENT_3D('',#5974,#4795,#4796);
#4275=AXIS2_PLACEMENT_3D('',#5976,#4798,#4799);
#4276=AXIS2_PLACEMENT_3D('',#5978,#4801,#4802);
#4277=AXIS2_PLACEMENT_3D('',#5980,#4804,#4805);
#4278=AXIS2_PLACEMENT_3D('',#5982,#4807,#4808);
#4279=AXIS2_PLACEMENT_3D('',#5983,#4809,#4810);
#4280=AXIS2_PLACEMENT_3D('',#5984,#4811,#4812);
#4281=AXIS2_PLACEMENT_3D('',#5987,#4813,#4814);
#4282=AXIS2_PLACEMENT_3D('',#5991,#4816,#4817);
#4283=AXIS2_PLACEMENT_3D('',#5993,#4819,#4820);
#4284=AXIS2_PLACEMENT_3D('',#5995,#4821,#4822);
#4285=AXIS2_PLACEMENT_3D('',#5998,#4824,#4825);
#4286=AXIS2_PLACEMENT_3D('',#5999,#4826,#4827);
#4287=AXIS2_PLACEMENT_3D('',#6009,#4833,#4834);
#4288=AXIS2_PLACEMENT_3D('',#6019,#4840,#4841);
#4289=AXIS2_PLACEMENT_3D('',#6021,#4843,#4844);
#4290=AXIS2_PLACEMENT_3D('',#6023,#4846,#4847);
#4291=AXIS2_PLACEMENT_3D('',#6025,#4849,#4850);
#4292=AXIS2_PLACEMENT_3D('',#6027,#4852,#4853);
#4293=AXIS2_PLACEMENT_3D('',#6028,#4854,#4855);
#4294=AXIS2_PLACEMENT_3D('',#6038,#4860,#4861);
#4295=AXIS2_PLACEMENT_3D('',#6039,#4862,#4863);
#4296=AXIS2_PLACEMENT_3D('',#6041,#4864,#4865);
#4297=AXIS2_PLACEMENT_3D('',#6044,#4867,#4868);
#4298=AXIS2_PLACEMENT_3D('',#6045,#4869,#4870);
#4299=AXIS2_PLACEMENT_3D('',#6048,#4871,#4872);
#4300=AXIS2_PLACEMENT_3D('',#6052,#4874,#4875);
#4301=AXIS2_PLACEMENT_3D('',#6054,#4877,#4878);
#4302=AXIS2_PLACEMENT_3D('',#6057,#4879,#4880);
#4303=AXIS2_PLACEMENT_3D('',#6061,#4882,#4883);
#4304=AXIS2_PLACEMENT_3D('',#6063,#4885,#4886);
#4305=AXIS2_PLACEMENT_3D('',#6066,#4887,#4888);
#4306=AXIS2_PLACEMENT_3D('',#6070,#4890,#4891);
#4307=AXIS2_PLACEMENT_3D('',#6072,#4893,#4894);
#4308=AXIS2_PLACEMENT_3D('',#6074,#4895,#4896);
#4309=AXIS2_PLACEMENT_3D('',#6077,#4898,#4899);
#4310=AXIS2_PLACEMENT_3D('',#6078,#4900,#4901);
#4311=AXIS2_PLACEMENT_3D('',#6080,#4902,#4903);
#4312=AXIS2_PLACEMENT_3D('',#6083,#4905,#4906);
#4313=AXIS2_PLACEMENT_3D('',#6084,#4907,#4908);
#4314=AXIS2_PLACEMENT_3D('',#6086,#4909,#4910);
#4315=AXIS2_PLACEMENT_3D('',#6089,#4912,#4913);
#4316=AXIS2_PLACEMENT_3D('',#6090,#4914,#4915);
#4317=AXIS2_PLACEMENT_3D('',#6092,#4916,#4917);
#4318=AXIS2_PLACEMENT_3D('',#6095,#4919,#4920);
#4319=AXIS2_PLACEMENT_3D('',#6096,#4921,#4922);
#4320=AXIS2_PLACEMENT_3D('',#6097,#4923,#4924);
#4321=AXIS2_PLACEMENT_3D('',#6098,#4925,#4926);
#4322=AXIS2_PLACEMENT_3D('',#6107,#4931,#4932);
#4323=AXIS2_PLACEMENT_3D('',#6113,#4936,#4937);
#4324=AXIS2_PLACEMENT_3D('',#6119,#4941,#4942);
#4325=AXIS2_PLACEMENT_3D('',#6125,#4946,#4947);
#4326=AXIS2_PLACEMENT_3D('',#6148,#4961,#4962);
#4327=AXIS2_PLACEMENT_3D('',#6157,#4967,#4968);
#4328=AXIS2_PLACEMENT_3D('',#6163,#4972,#4973);
#4329=AXIS2_PLACEMENT_3D('',#6169,#4977,#4978);
#4330=AXIS2_PLACEMENT_3D('',#6172,#4981,#4982);
#4331=AXIS2_PLACEMENT_3D('',#6173,#4983,#4984);
#4332=AXIS2_PLACEMENT_3D('',#6179,#4988,#4989);
#4333=AXIS2_PLACEMENT_3D('',#6183,#4992,#4993);
#4334=AXIS2_PLACEMENT_3D('',#6187,#4996,#4997);
#4335=AXIS2_PLACEMENT_3D('',#6189,#4999,#5000);
#4336=AXIS2_PLACEMENT_3D('',#6191,#5002,#5003);
#4337=AXIS2_PLACEMENT_3D('',#6193,#5005,#5006);
#4338=AXIS2_PLACEMENT_3D('',#6199,#5010,#5011);
#4339=AXIS2_PLACEMENT_3D('',#6205,#5015,#5016);
#4340=AXIS2_PLACEMENT_3D('',#6207,#5018,#5019);
#4341=AXIS2_PLACEMENT_3D('',#6209,#5021,#5022);
#4342=AXIS2_PLACEMENT_3D('',#6211,#5024,#5025);
#4343=AXIS2_PLACEMENT_3D('',#6223,#5032,#5033);
#4344=AXIS2_PLACEMENT_3D('',#6229,#5037,#5038);
#4345=AXIS2_PLACEMENT_3D('',#6233,#5041,#5042);
#4346=AXIS2_PLACEMENT_3D('',#6237,#5045,#5046);
#4347=AXIS2_PLACEMENT_3D('',#6245,#5051,#5052);
#4348=AXIS2_PLACEMENT_3D('',#6254,#5058,#5059);
#4349=AXIS2_PLACEMENT_3D('',#6258,#5062,#5063);
#4350=AXIS2_PLACEMENT_3D('',#6262,#5066,#5067);
#4351=AXIS2_PLACEMENT_3D('',#6264,#5069,#5070);
#4352=AXIS2_PLACEMENT_3D('',#6270,#5074,#5075);
#4353=AXIS2_PLACEMENT_3D('',#6271,#5076,#5077);
#4354=AXIS2_PLACEMENT_3D('',#6275,#5080,#5081);
#4355=AXIS2_PLACEMENT_3D('',#6279,#5084,#5085);
#4356=AXIS2_PLACEMENT_3D('',#6281,#5087,#5088);
#4357=AXIS2_PLACEMENT_3D('',#6282,#5089,#5090);
#4358=AXIS2_PLACEMENT_3D('',#6284,#5091,#5092);
#4359=AXIS2_PLACEMENT_3D('',#6286,#5094,#5095);
#4360=AXIS2_PLACEMENT_3D('',#6287,#5096,#5097);
#4361=AXIS2_PLACEMENT_3D('',#6288,#5098,#5099);
#4362=AXIS2_PLACEMENT_3D('',#6290,#5100,#5101);
#4363=AXIS2_PLACEMENT_3D('',#6293,#5103,#5104);
#4364=AXIS2_PLACEMENT_3D('',#6294,#5105,#5106);
#4365=AXIS2_PLACEMENT_3D('',#6295,#5107,#5108);
#4366=AXIS2_PLACEMENT_3D('',#6297,#5109,#5110);
#4367=AXIS2_PLACEMENT_3D('',#6299,#5112,#5113);
#4368=AXIS2_PLACEMENT_3D('',#6305,#5114,#5115);
#4369=AXIS2_PLACEMENT_3D('',#6306,#5116,#5117);
#4370=AXIS2_PLACEMENT_3D('',#6308,#5118,#5119);
#4371=AXIS2_PLACEMENT_3D('',#6311,#5121,#5122);
#4372=AXIS2_PLACEMENT_3D('',#6312,#5123,#5124);
#4373=AXIS2_PLACEMENT_3D('',#6314,#5125,#5126);
#4374=AXIS2_PLACEMENT_3D('',#6315,#5127,#5128);
#4375=AXIS2_PLACEMENT_3D('',#6318,#5129,#5130);
#4376=AXIS2_PLACEMENT_3D('',#6320,#5131,#5132);
#4377=AXIS2_PLACEMENT_3D('',#6321,#5133,#5134);
#4378=AXIS2_PLACEMENT_3D('',#6323,#5135,#5136);
#4379=AXIS2_PLACEMENT_3D('',#6324,#5137,#5138);
#4380=AXIS2_PLACEMENT_3D('',#6325,#5139,#5140);
#4381=AXIS2_PLACEMENT_3D('',#6326,#5141,#5142);
#4382=AXIS2_PLACEMENT_3D('',#6330,#5143,#5144);
#4383=AXIS2_PLACEMENT_3D('',#6334,#5145,#5146);
#4384=AXIS2_PLACEMENT_3D('',#6338,#5147,#5148);
#4385=AXIS2_PLACEMENT_3D('',#6342,#5149,#5150);
#4386=AXIS2_PLACEMENT_3D('',#6346,#5151,#5152);
#4387=AXIS2_PLACEMENT_3D('',#6359,#5159,#5160);
#4388=AXIS2_PLACEMENT_3D('',#6362,#5163,#5164);
#4389=AXIS2_PLACEMENT_3D('',#6364,#5166,#5167);
#4390=AXIS2_PLACEMENT_3D('',#6366,#5169,#5170);
#4391=AXIS2_PLACEMENT_3D('',#6368,#5172,#5173);
#4392=AXIS2_PLACEMENT_3D('',#6370,#5175,#5176);
#4393=AXIS2_PLACEMENT_3D('',#6371,#5177,#5178);
#4394=AXIS2_PLACEMENT_3D('',#6372,#5179,#5180);
#4395=AXIS2_PLACEMENT_3D('',#6381,#5185,#5186);
#4396=AXIS2_PLACEMENT_3D('',#6391,#5192,#5193);
#4397=AXIS2_PLACEMENT_3D('',#6397,#5197,#5198);
#4398=AXIS2_PLACEMENT_3D('',#6400,#5201,#5202);
#4399=AXIS2_PLACEMENT_3D('',#6402,#5203,#5204);
#4400=AXIS2_PLACEMENT_3D('',#6405,#5206,#5207);
#4401=AXIS2_PLACEMENT_3D('',#6406,#5208,#5209);
#4402=AXIS2_PLACEMENT_3D('',#6408,#5210,#5211);
#4403=AXIS2_PLACEMENT_3D('',#6412,#5214,#5215);
#4404=AXIS2_PLACEMENT_3D('',#6428,#5217,#5218);
#4405=AXIS2_PLACEMENT_3D('',#6432,#5220,#5221);
#4406=AXIS2_PLACEMENT_3D('',#6436,#5223,#5224);
#4407=AXIS2_PLACEMENT_3D('',#6440,#5226,#5227);
#4408=AXIS2_PLACEMENT_3D('',#6464,#5234,#5235);
#4409=AXIS2_PLACEMENT_3D('',#6467,#5236,#5237);
#4410=AXIS2_PLACEMENT_3D('',#6471,#5239,#5240);
#4411=AXIS2_PLACEMENT_3D('',#6475,#5242,#5243);
#4412=AXIS2_PLACEMENT_3D('',#6479,#5245,#5246);
#4413=AXIS2_PLACEMENT_3D('',#6487,#5250,#5251);
#4414=AXIS2_PLACEMENT_3D('',#6491,#5253,#5254);
#4415=AXIS2_PLACEMENT_3D('',#6494,#5256,#5257);
#4416=AXIS2_PLACEMENT_3D('',#6495,#5258,#5259);
#4417=AXIS2_PLACEMENT_3D('',#6500,#5263,#5264);
#4418=AXIS2_PLACEMENT_3D('',#6502,#5266,#5267);
#4419=AXIS2_PLACEMENT_3D('',#6504,#5269,#5270);
#4420=AXIS2_PLACEMENT_3D('',#6508,#5273,#5274);
#4421=AXIS2_PLACEMENT_3D('',#6511,#5275,#5276);
#4422=AXIS2_PLACEMENT_3D('',#6513,#5277,#5278);
#4423=AXIS2_PLACEMENT_3D('',#6523,#5279,#5280);
#4424=AXIS2_PLACEMENT_3D('',#6524,#5281,#5282);
#4425=AXIS2_PLACEMENT_3D('',#6527,#5283,#5284);
#4426=AXIS2_PLACEMENT_3D('',#6530,#5287,#5288);
#4427=AXIS2_PLACEMENT_3D('',#6541,#5289,#5290);
#4428=AXIS2_PLACEMENT_3D('',#6542,#5291,#5292);
#4429=AXIS2_PLACEMENT_3D('',#6543,#5293,#5294);
#4430=AXIS2_PLACEMENT_3D('',#6547,#5296,#5297);
#4431=AXIS2_PLACEMENT_3D('',#6551,#5299,#5300);
#4432=AXIS2_PLACEMENT_3D('',#6553,#5302,#5303);
#4433=AXIS2_PLACEMENT_3D('',#6557,#5305,#5306);
#4434=AXIS2_PLACEMENT_3D('',#6559,#5308,#5309);
#4435=AXIS2_PLACEMENT_3D('',#6563,#5311,#5312);
#4436=AXIS2_PLACEMENT_3D('',#6567,#5314,#5315);
#4437=AXIS2_PLACEMENT_3D('',#6571,#5317,#5318);
#4438=AXIS2_PLACEMENT_3D('',#6577,#5321,#5322);
#4439=AXIS2_PLACEMENT_3D('',#6580,#5324,#5325);
#4440=AXIS2_PLACEMENT_3D('',#6585,#5327,#5328);
#4441=AXIS2_PLACEMENT_3D('',#6588,#5330,#5331);
#4442=AXIS2_PLACEMENT_3D('',#6589,#5332,#5333);
#4443=AXIS2_PLACEMENT_3D('',#6591,#5335,#5336);
#4444=AXIS2_PLACEMENT_3D('',#6593,#5338,#5339);
#4445=AXIS2_PLACEMENT_3D('',#6622,#5346,#5347);
#4446=AXIS2_PLACEMENT_3D('',#6652,#5354,#5355);
#4447=AXIS2_PLACEMENT_3D('',#6653,#5356,#5357);
#4448=AXIS2_PLACEMENT_3D('',#6654,#5358,#5359);
#4449=AXIS2_PLACEMENT_3D('',#6655,#5360,#5361);
#4450=AXIS2_PLACEMENT_3D('',#6657,#5362,#5363);
#4451=AXIS2_PLACEMENT_3D('',#6658,#5364,#5365);
#4452=AXIS2_PLACEMENT_3D('',#6659,#5366,#5367);
#4453=AXIS2_PLACEMENT_3D('',#6661,#5368,#5369);
#4454=AXIS2_PLACEMENT_3D('',#6663,#5371,#5372);
#4455=AXIS2_PLACEMENT_3D('',#6664,#5373,#5374);
#4456=AXIS2_PLACEMENT_3D('',#6665,#5375,#5376);
#4457=AXIS2_PLACEMENT_3D('',#6667,#5377,#5378);
#4458=AXIS2_PLACEMENT_3D('',#6669,#5379,#5380);
#4459=AXIS2_PLACEMENT_3D('',#6671,#5382,#5383);
#4460=AXIS2_PLACEMENT_3D('',#6675,#5386,#5387);
#4461=AXIS2_PLACEMENT_3D('',#6682,#5391,#5392);
#4462=AXIS2_PLACEMENT_3D('',#6683,#5393,#5394);
#4463=AXIS2_PLACEMENT_3D('',#6684,#5395,#5396);
#4464=AXIS2_PLACEMENT_3D('',#6685,#5397,#5398);
#4465=AXIS2_PLACEMENT_3D('',#6688,#5399,#5400);
#4466=AXIS2_PLACEMENT_3D('',#6692,#5402,#5403);
#4467=AXIS2_PLACEMENT_3D('',#6694,#5405,#5406);
#4468=AXIS2_PLACEMENT_3D('',#6700,#5410,#5411);
#4469=AXIS2_PLACEMENT_3D('',#6703,#5412,#5413);
#4470=AXIS2_PLACEMENT_3D('',#6707,#5415,#5416);
#4471=AXIS2_PLACEMENT_3D('',#6709,#5418,#5419);
#4472=AXIS2_PLACEMENT_3D('',#6715,#5422,#5423);
#4473=AXIS2_PLACEMENT_3D('',#6726,#5430,#5431);
#4474=AXIS2_PLACEMENT_3D('',#6728,#5432,#5433);
#4475=AXIS2_PLACEMENT_3D('',#6731,#5435,#5436);
#4476=AXIS2_PLACEMENT_3D('',#6732,#5437,#5438);
#4477=AXIS2_PLACEMENT_3D('',#6748,#5446,#5447);
#4478=AXIS2_PLACEMENT_3D('',#6752,#5450,#5451);
#4479=AXIS2_PLACEMENT_3D('',#6754,#5452,#5453);
#4480=AXIS2_PLACEMENT_3D('',#6756,#5454,#5455);
#4481=AXIS2_PLACEMENT_3D('',#6758,#5457,#5458);
#4482=AXIS2_PLACEMENT_3D('',#6764,#5462,#5463);
#4483=AXIS2_PLACEMENT_3D('',#6795,#5471,#5472);
#4484=AXIS2_PLACEMENT_3D('',#6797,#5473,#5474);
#4485=AXIS2_PLACEMENT_3D('',#6800,#5476,#5477);
#4486=AXIS2_PLACEMENT_3D('',#6801,#5478,#5479);
#4487=AXIS2_PLACEMENT_3D('',#6803,#5480,#5481);
#4488=AXIS2_PLACEMENT_3D('',#6804,#5482,#5483);
#4489=AXIS2_PLACEMENT_3D('',#6805,#5484,#5485);
#4490=AXIS2_PLACEMENT_3D('',#6807,#5486,#5487);
#4491=AXIS2_PLACEMENT_3D('',#6809,#5489,#5490);
#4492=AXIS2_PLACEMENT_3D('',#6816,#5495,#5496);
#4493=AXIS2_PLACEMENT_3D('',#6819,#5498,#5499);
#4494=AXIS2_PLACEMENT_3D('',#6820,#5500,#5501);
#4495=AXIS2_PLACEMENT_3D('',#6824,#5504,#5505);
#4496=AXIS2_PLACEMENT_3D('',#6825,#5506,#5507);
#4497=AXIS2_PLACEMENT_3D('',#6826,#5508,#5509);
#4498=AXIS2_PLACEMENT_3D('',#6827,#5510,#5511);
#4499=AXIS2_PLACEMENT_3D('',#6828,#5512,#5513);
#4500=AXIS2_PLACEMENT_3D('',#6829,#5514,#5515);
#4501=AXIS2_PLACEMENT_3D('',#6830,#5516,#5517);
#4502=AXIS2_PLACEMENT_3D('',#6831,#5518,#5519);
#4503=AXIS2_PLACEMENT_3D('',#6833,#5521,#5522);
#4504=AXIS2_PLACEMENT_3D('',#6837,#5525,#5526);
#4505=AXIS2_PLACEMENT_3D('',#6841,#5529,#5530);
#4506=AXIS2_PLACEMENT_3D('',#6844,#5533,#5534);
#4507=AXIS2_PLACEMENT_3D('',#6847,#5537,#5538);
#4508=AXIS2_PLACEMENT_3D('',#6849,#5539,#5540);
#4509=AXIS2_PLACEMENT_3D('',#6851,#5541,#5542);
#4510=AXIS2_PLACEMENT_3D('',#6852,#5543,#5544);
#4511=AXIS2_PLACEMENT_3D('',#6853,#5545,#5546);
#4512=AXIS2_PLACEMENT_3D('',#6898,#5548,#5549);
#4513=AXIS2_PLACEMENT_3D('',#6902,#5552,#5553);
#4514=AXIS2_PLACEMENT_3D('',#6945,#5554,#5555);
#4515=AXIS2_PLACEMENT_3D('',#6947,#5557,#5558);
#4516=AXIS2_PLACEMENT_3D('',#6949,#5560,#5561);
#4517=AXIS2_PLACEMENT_3D('',#6950,#5562,#5563);
#4518=AXIS2_PLACEMENT_3D('',#6952,#5564,#5565);
#4519=AXIS2_PLACEMENT_3D('',#6956,#5567,#5568);
#4520=AXIS2_PLACEMENT_3D('',#6960,#5571,#5572);
#4521=AXIS2_PLACEMENT_3D('',#6963,#5574,#5575);
#4522=AXIS2_PLACEMENT_3D('',#6964,#5576,#5577);
#4523=AXIS2_PLACEMENT_3D('',#6965,#5578,#5579);
#4524=AXIS2_PLACEMENT_3D('',#6967,#5581,#5582);
#4525=AXIS2_PLACEMENT_3D('',#6982,#5584,#5585);
#4526=AXIS2_PLACEMENT_3D('',#6986,#5588,#5589);
#4527=AXIS2_PLACEMENT_3D('',#6996,#5593,#5594);
#4528=AXIS2_PLACEMENT_3D('',#7012,#5596,#5597);
#4529=AXIS2_PLACEMENT_3D('',#7016,#5600,#5601);
#4530=AXIS2_PLACEMENT_3D('',#7026,#5605,#5606);
#4531=AXIS2_PLACEMENT_3D('',#7035,#5607,#5608);
#4532=AXIS2_PLACEMENT_3D('',#7036,#5609,#5610);
#4533=AXIS2_PLACEMENT_3D('',#7037,#5611,#5612);
#4534=AXIS2_PLACEMENT_3D('',#7046,#5613,#5614);
#4535=AXIS2_PLACEMENT_3D('',#7047,#5615,#5616);
#4536=AXIS2_PLACEMENT_3D('',#7048,#5617,#5618);
#4537=AXIS2_PLACEMENT_3D('',#7049,#5619,#5620);
#4538=AXIS2_PLACEMENT_3D('',#7050,#5621,#5622);
#4539=AXIS2_PLACEMENT_3D('',#7051,#5623,#5624);
#4540=AXIS2_PLACEMENT_3D('',#7052,#5625,#5626);
#4541=AXIS2_PLACEMENT_3D('',#7054,#5628,#5629);
#4542=AXIS2_PLACEMENT_3D('',#7056,#5631,#5632);
#4543=AXIS2_PLACEMENT_3D('',#7058,#5634,#5635);
#4544=AXIS2_PLACEMENT_3D('',#7061,#5638,#5639);
#4545=AXIS2_PLACEMENT_3D('',#7063,#5641,#5642);
#4546=AXIS2_PLACEMENT_3D('',#7064,#5643,#5644);
#4547=AXIS2_PLACEMENT_3D('',#7065,#5645,#5646);
#4548=AXIS2_PLACEMENT_3D('',#7067,#5648,#5649);
#4549=AXIS2_PLACEMENT_3D('',#7068,#5650,#5651);
#4550=AXIS2_PLACEMENT_3D('',#7069,#5652,#5653);
#4551=AXIS2_PLACEMENT_3D('',#7074,#5656,#5657);
#4552=AXIS2_PLACEMENT_3D('',#7075,#5658,#5659);
#4553=AXIS2_PLACEMENT_3D('',#7079,#5662,#5663);
#4554=AXIS2_PLACEMENT_3D('',#7081,#5664,#5665);
#4555=AXIS2_PLACEMENT_3D('',#7083,#5667,#5668);
#4556=AXIS2_PLACEMENT_3D('',#7085,#5670,#5671);
#4557=AXIS2_PLACEMENT_3D('',#7088,#5674,#5675);
#4558=AXIS2_PLACEMENT_3D('',#7090,#5677,#5678);
#4559=AXIS2_PLACEMENT_3D('',#7095,#5681,#5682);
#4560=AXIS2_PLACEMENT_3D('',#7096,#5683,#5684);
#4561=AXIS2_PLACEMENT_3D('',#7100,#5687,#5688);
#4562=AXIS2_PLACEMENT_3D('',#7102,#5689,#5690);
#4563=AXIS2_PLACEMENT_3D('',#7104,#5692,#5693);
#4564=AXIS2_PLACEMENT_3D('',#7106,#5695,#5696);
#4565=AXIS2_PLACEMENT_3D('',#7109,#5699,#5700);
#4566=AXIS2_PLACEMENT_3D('',#7111,#5702,#5703);
#4567=AXIS2_PLACEMENT_3D('',#7113,#5705,#5706);
#4568=AXIS2_PLACEMENT_3D('',#7115,#5708,#5709);
#4569=AXIS2_PLACEMENT_3D('',#7117,#5711,#5712);
#4570=AXIS2_PLACEMENT_3D('',#7118,#5713,#5714);
#4571=AXIS2_PLACEMENT_3D('',#7119,#5715,#5716);
#4572=AXIS2_PLACEMENT_3D('',#7120,#5717,#5718);
#4573=AXIS2_PLACEMENT_3D('',#7121,#5719,#5720);
#4574=AXIS2_PLACEMENT_3D('',#7122,#5721,#5722);
#4575=AXIS2_PLACEMENT_3D('',#7123,#5723,#5724);
#4576=AXIS2_PLACEMENT_3D('',#7124,#5725,#5726);
#4577=AXIS2_PLACEMENT_3D('',#7125,#5727,#5728);
#4578=AXIS2_PLACEMENT_3D('',#7126,#5729,#5730);
#4579=AXIS2_PLACEMENT_3D('',#7127,#5731,#5732);
#4580=DIRECTION('axis',(0.,0.,1.));
#4581=DIRECTION('refdir',(1.,0.,0.));
#4582=DIRECTION('axis',(0.,0.,1.));
#4583=DIRECTION('refdir',(1.,0.,0.));
#4584=DIRECTION('axis',(0.,0.,1.));
#4585=DIRECTION('refdir',(1.,0.,0.));
#4586=DIRECTION('center_axis',(0.,0.,-1.));
#4587=DIRECTION('ref_axis',(0.864620915183226,0.502424793404665,0.));
#4588=DIRECTION('',(0.,0.,1.));
#4589=DIRECTION('center_axis',(0.,0.,-1.));
#4590=DIRECTION('ref_axis',(0.864620915183226,0.502424793404665,0.));
#4591=DIRECTION('',(0.,0.,1.));
#4592=DIRECTION('center_axis',(0.,0.,1.));
#4593=DIRECTION('ref_axis',(0.864620915183226,0.502424793404665,0.));
#4594=DIRECTION('',(0.,0.,1.));
#4595=DIRECTION('center_axis',(1.,0.,0.));
#4596=DIRECTION('ref_axis',(0.,-4.65527347732759E-14,1.));
#4597=DIRECTION('center_axis',(1.,0.,0.));
#4598=DIRECTION('ref_axis',(0.,-4.65527347732759E-14,1.));
#4599=DIRECTION('',(1.,0.,0.));
#4600=DIRECTION('center_axis',(-1.,0.,0.));
#4601=DIRECTION('ref_axis',(0.,-4.65527347732759E-14,1.));
#4602=DIRECTION('center_axis',(-1.,0.,0.));
#4603=DIRECTION('ref_axis',(0.,-4.65527347732759E-14,1.));
#4604=DIRECTION('center_axis',(0.,0.,-1.));
#4605=DIRECTION('ref_axis',(0.436880381949532,-0.899519611719295,0.));
#4606=DIRECTION('',(0.,0.,-1.));
#4607=DIRECTION('center_axis',(0.,0.,1.));
#4608=DIRECTION('ref_axis',(0.436880381949532,-0.899519611719295,0.));
#4609=DIRECTION('',(0.,0.,1.));
#4610=DIRECTION('center_axis',(0.,0.,-1.));
#4611=DIRECTION('ref_axis',(0.436880381949532,-0.899519611719295,0.));
#4612=DIRECTION('',(0.,0.,1.));
#4613=DIRECTION('center_axis',(0.,0.,1.));
#4614=DIRECTION('ref_axis',(0.,1.,0.));
#4615=DIRECTION('',(-3.08395284618099E-16,-1.,0.));
#4616=DIRECTION('center_axis',(0.,0.,1.));
#4617=DIRECTION('ref_axis',(-1.,0.,0.));
#4618=DIRECTION('',(0.,1.,0.));
#4619=DIRECTION('center_axis',(0.,0.,1.));
#4620=DIRECTION('ref_axis',(0.436880381949532,0.899519611719295,0.));
#4621=DIRECTION('',(3.08395284618099E-16,-1.,0.));
#4622=DIRECTION('center_axis',(0.,0.,-1.));
#4623=DIRECTION('ref_axis',(-5.55111512312579E-16,-1.,0.));
#4624=DIRECTION('',(-1.,0.,0.));
#4625=DIRECTION('center_axis',(0.,0.,1.));
#4626=DIRECTION('ref_axis',(-5.55111512312578E-16,1.,0.));
#4627=DIRECTION('',(0.,-1.,0.));
#4628=DIRECTION('center_axis',(0.,0.,1.));
#4629=DIRECTION('ref_axis',(-1.,-1.11022302462516E-15,0.));
#4630=DIRECTION('',(1.,0.,0.));
#4631=DIRECTION('center_axis',(0.,0.,-1.));
#4632=DIRECTION('ref_axis',(1.,0.,0.));
#4633=DIRECTION('center_axis',(1.,0.,0.));
#4634=DIRECTION('ref_axis',(0.,-4.65527347732759E-14,1.));
#4635=DIRECTION('',(0.707106781186548,3.30043500465857E-14,-0.707106781186547));
#4636=DIRECTION('center_axis',(1.,0.,0.));
#4637=DIRECTION('ref_axis',(0.,4.65527347732759E-14,-1.));
#4638=DIRECTION('center_axis',(1.,0.,0.));
#4639=DIRECTION('ref_axis',(0.,-4.65527347732759E-14,1.));
#4640=DIRECTION('center_axis',(1.,0.,0.));
#4641=DIRECTION('ref_axis',(0.,4.65527347732759E-14,-1.));
#4642=DIRECTION('center_axis',(1.,0.,0.));
#4643=DIRECTION('ref_axis',(0.,-1.,0.));
#4644=DIRECTION('',(0.,-1.,0.));
#4645=DIRECTION('center_axis',(-1.,0.,0.));
#4646=DIRECTION('ref_axis',(0.,-4.65527347732759E-14,1.));
#4647=DIRECTION('',(-0.707106781186548,3.28311588353386E-14,-0.707106781186547));
#4648=DIRECTION('center_axis',(-1.,0.,0.));
#4649=DIRECTION('ref_axis',(0.,-4.65527347732759E-14,1.));
#4650=DIRECTION('center_axis',(-1.,0.,0.));
#4651=DIRECTION('ref_axis',(0.,1.,0.));
#4652=DIRECTION('',(0.,0.,1.));
#4653=DIRECTION('',(0.,1.,0.));
#4654=DIRECTION('',(0.,0.,1.));
#4655=DIRECTION('center_axis',(1.,0.,0.));
#4656=DIRECTION('ref_axis',(0.,-1.,0.));
#4657=DIRECTION('center_axis',(0.,0.,-1.));
#4658=DIRECTION('ref_axis',(-1.,0.,0.));
#4659=DIRECTION('',(0.,0.,1.));
#4660=DIRECTION('center_axis',(0.,0.,-1.));
#4661=DIRECTION('ref_axis',(-1.,0.,0.));
#4662=DIRECTION('center_axis',(0.,0.,-1.));
#4663=DIRECTION('ref_axis',(0.436880381949532,0.899519611719295,0.));
#4664=DIRECTION('center_axis',(0.,0.,-1.));
#4665=DIRECTION('ref_axis',(0.436880381949532,0.899519611719295,0.));
#4666=DIRECTION('',(0.,0.,1.));
#4667=DIRECTION('center_axis',(-1.,-3.08395284618099E-16,0.));
#4668=DIRECTION('ref_axis',(-3.08395284618099E-16,1.,0.));
#4669=DIRECTION('',(-3.08395284618099E-16,1.,0.));
#4670=DIRECTION('',(0.,0.,1.));
#4671=DIRECTION('center_axis',(0.,0.,-1.));
#4672=DIRECTION('ref_axis',(-5.55111512312579E-16,-1.,0.));
#4673=DIRECTION('center_axis',(0.,0.,1.));
#4674=DIRECTION('ref_axis',(-5.55111512312579E-16,-1.,0.));
#4675=DIRECTION('',(0.,0.,1.));
#4676=DIRECTION('center_axis',(0.,1.,0.));
#4677=DIRECTION('ref_axis',(1.,0.,0.));
#4678=DIRECTION('',(1.,0.,0.));
#4679=DIRECTION('',(0.,0.,1.));
#4680=DIRECTION('center_axis',(0.,0.,-1.));
#4681=DIRECTION('ref_axis',(-5.55111512312578E-16,1.,0.));
#4682=DIRECTION('center_axis',(0.,0.,-1.));
#4683=DIRECTION('ref_axis',(-5.55111512312578E-16,1.,0.));
#4684=DIRECTION('center_axis',(0.,0.,-1.));
#4685=DIRECTION('ref_axis',(-1.,-1.11022302462516E-15,0.));
#4686=DIRECTION('center_axis',(0.,0.,-1.));
#4687=DIRECTION('ref_axis',(-1.,-1.11022302462516E-15,0.));
#4688=DIRECTION('',(0.,0.,1.));
#4689=DIRECTION('center_axis',(0.,-1.,0.));
#4690=DIRECTION('ref_axis',(-1.,0.,0.));
#4691=DIRECTION('',(-1.,0.,0.));
#4692=DIRECTION('',(0.,0.,1.));
#4693=DIRECTION('center_axis',(0.,0.,-1.));
#4694=DIRECTION('ref_axis',(1.,0.,0.));
#4695=DIRECTION('center_axis',(0.,0.,1.));
#4696=DIRECTION('ref_axis',(1.,0.,0.));
#4697=DIRECTION('',(0.,0.,-1.));
#4698=DIRECTION('center_axis',(-1.,3.08395284618099E-16,0.));
#4699=DIRECTION('ref_axis',(3.08395284618099E-16,1.,0.));
#4700=DIRECTION('',(3.08395284618099E-16,1.,0.));
#4701=DIRECTION('center_axis',(0.,0.,1.));
#4702=DIRECTION('ref_axis',(0.,1.,0.));
#4703=DIRECTION('axis',(0.,0.,1.));
#4704=DIRECTION('refdir',(1.,0.,0.));
#4705=DIRECTION('center_axis',(0.,0.,1.));
#4706=DIRECTION('ref_axis',(0.,1.,0.));
#4707=DIRECTION('center_axis',(0.,0.,1.));
#4708=DIRECTION('ref_axis',(-1.,0.,3.95648656073325E-64));
#4709=DIRECTION('center_axis',(1.,1.22464679914735E-16,0.));
#4710=DIRECTION('ref_axis',(1.22464679914735E-16,-1.,0.));
#4711=DIRECTION('center_axis',(0.,0.,-1.));
#4712=DIRECTION('ref_axis',(-1.,0.,0.));
#4713=DIRECTION('center_axis',(0.,0.,1.));
#4714=DIRECTION('ref_axis',(-1.,0.,3.95648656073325E-64));
#4715=DIRECTION('center_axis',(0.,0.,-1.));
#4716=DIRECTION('ref_axis',(-1.,0.,5.4266868742446E-80));
#4717=DIRECTION('center_axis',(0.,0.,-1.));
#4718=DIRECTION('ref_axis',(-1.,0.,0.));
#4719=DIRECTION('',(0.,0.,1.));
#4720=DIRECTION('center_axis',(0.,0.,-1.));
#4721=DIRECTION('ref_axis',(-1.,0.,0.));
#4722=DIRECTION('center_axis',(0.,0.,-1.));
#4723=DIRECTION('ref_axis',(-1.,0.,0.));
#4724=DIRECTION('center_axis',(3.95648656073325E-64,0.,1.));
#4725=DIRECTION('ref_axis',(0.,1.,0.));
#4726=DIRECTION('',(8.65956056235495E-17,-0.707106781186549,0.707106781186546));
#4727=DIRECTION('center_axis',(3.95648656073325E-64,0.,1.));
#4728=DIRECTION('ref_axis',(0.,1.,0.));
#4729=DIRECTION('center_axis',(0.,0.,-1.));
#4730=DIRECTION('ref_axis',(-1.,0.,-6.13364243969776E-80));
#4731=DIRECTION('center_axis',(0.,0.,-1.));
#4732=DIRECTION('ref_axis',(-1.,0.,-6.13364243969776E-80));
#4733=DIRECTION('',(-0.707106781186552,8.65956056235498E-17,0.707106781186543));
#4734=DIRECTION('center_axis',(0.,0.,-1.));
#4735=DIRECTION('ref_axis',(-1.,0.,0.));
#4736=DIRECTION('center_axis',(0.,0.,-1.));
#4737=DIRECTION('ref_axis',(-1.,0.,-6.13364243969776E-80));
#4738=DIRECTION('center_axis',(0.,0.,-1.));
#4739=DIRECTION('ref_axis',(-1.,0.,-6.13364243969776E-80));
#4740=DIRECTION('center_axis',(0.,0.,-1.));
#4741=DIRECTION('ref_axis',(-1.,0.,-6.13364243969776E-80));
#4742=DIRECTION('',(0.,0.,1.));
#4743=DIRECTION('center_axis',(0.,0.,1.));
#4744=DIRECTION('ref_axis',(1.,0.,0.));
#4745=DIRECTION('',(0.707106781186535,8.65956056235478E-17,-0.70710678118656));
#4746=DIRECTION('center_axis',(0.,0.,-1.));
#4747=DIRECTION('ref_axis',(-1.,0.,0.));
#4748=DIRECTION('center_axis',(0.,0.,-1.));
#4749=DIRECTION('ref_axis',(-1.,0.,-5.45196424669574E-80));
#4750=DIRECTION('center_axis',(0.,0.,-1.));
#4751=DIRECTION('ref_axis',(-1.,0.,-5.45196424669574E-80));
#4752=DIRECTION('center_axis',(-1.22464679914735E-16,-1.,0.));
#4753=DIRECTION('ref_axis',(1.,-1.22464679914735E-16,0.));
#4754=DIRECTION('center_axis',(0.,0.,1.));
#4755=DIRECTION('ref_axis',(1.,0.,0.));
#4756=DIRECTION('',(0.195090322016126,2.38916738401676E-17,-0.980785280403231));
#4757=DIRECTION('center_axis',(0.,0.,-1.));
#4758=DIRECTION('ref_axis',(-1.,0.,0.));
#4759=DIRECTION('center_axis',(0.,0.,-1.));
#4760=DIRECTION('ref_axis',(-1.,0.,0.));
#4761=DIRECTION('center_axis',(0.,0.,-1.));
#4762=DIRECTION('ref_axis',(-1.,0.,0.));
#4763=DIRECTION('center_axis',(0.,0.,-1.));
#4764=DIRECTION('ref_axis',(-1.,0.,0.));
#4765=DIRECTION('center_axis',(1.22464679914735E-16,1.,0.));
#4766=DIRECTION('ref_axis',(1.,-1.22464679914735E-16,0.));
#4767=DIRECTION('center_axis',(0.,0.,-1.));
#4768=DIRECTION('ref_axis',(-1.,0.,0.));
#4769=DIRECTION('center_axis',(1.23259516440783E-32,-6.16297582203915E-33,
-1.));
#4770=DIRECTION('ref_axis',(-1.,1.94060450297599E-31,-1.23259516440783E-32));
#4771=DIRECTION('center_axis',(1.23259516440783E-32,-6.16297582203915E-33,
-1.));
#4772=DIRECTION('ref_axis',(-1.,1.94060450297599E-31,-1.23259516440783E-32));
#4773=DIRECTION('',(0.,0.,1.));
#4774=DIRECTION('center_axis',(-1.23259516440783E-32,6.16297582203915E-33,
1.));
#4775=DIRECTION('ref_axis',(1.,-1.94060450297599E-31,1.23259516440783E-32));
#4776=DIRECTION('',(0.707106781186519,8.65956056235457E-17,-0.707106781186576));
#4777=DIRECTION('center_axis',(1.23259516440783E-32,-6.16297582203915E-33,
-1.));
#4778=DIRECTION('ref_axis',(-1.,1.94060450297599E-31,-1.23259516440783E-32));
#4779=DIRECTION('center_axis',(1.23259516440783E-32,-6.16297582203915E-33,
-1.));
#4780=DIRECTION('ref_axis',(-1.,1.94060450297599E-31,-1.23259516440783E-32));
#4781=DIRECTION('center_axis',(0.,0.,1.));
#4782=DIRECTION('ref_axis',(1.,0.,0.));
#4783=DIRECTION('center_axis',(0.,0.,-1.));
#4784=DIRECTION('ref_axis',(-1.,0.,0.));
#4785=DIRECTION('',(-0.500000000000001,0.866025403784438,0.));
#4786=DIRECTION('',(-1.,6.00925839494866E-16,0.));
#4787=DIRECTION('',(-0.499999999999999,-0.866025403784439,-4.31808427754722E-80));
#4788=DIRECTION('',(0.5,-0.866025403784439,-4.31808427754722E-80));
#4789=DIRECTION('',(1.,6.00925839494865E-16,0.));
#4790=DIRECTION('',(0.499999999999999,0.866025403784439,0.));
#4791=DIRECTION('center_axis',(0.866025403784438,0.500000000000001,-3.42641787132672E-64));
#4792=DIRECTION('ref_axis',(-0.500000000000001,0.866025403784438,1.97824328036663E-64));
#4793=DIRECTION('',(3.95648656073325E-64,0.,1.));
#4794=DIRECTION('',(3.95648656073325E-64,0.,1.));
#4795=DIRECTION('center_axis',(0.866025403784439,-0.499999999999999,-3.42641787132672E-64));
#4796=DIRECTION('ref_axis',(0.499999999999999,0.866025403784439,-1.97824328036662E-64));
#4797=DIRECTION('',(3.95648656073325E-64,0.,1.));
#4798=DIRECTION('center_axis',(6.00925839494865E-16,-1.,-2.37755500795878E-79));
#4799=DIRECTION('ref_axis',(1.,6.00925839494865E-16,-3.95648656073325E-64));
#4800=DIRECTION('',(3.95648656073325E-64,0.,1.));
#4801=DIRECTION('center_axis',(-0.866025403784439,-0.5,3.42641787132672E-64));
#4802=DIRECTION('ref_axis',(0.5,-0.866025403784439,-1.97824328036663E-64));
#4803=DIRECTION('',(3.95648656073325E-64,0.,1.));
#4804=DIRECTION('center_axis',(-0.866025403784439,0.499999999999999,3.42641787132672E-64));
#4805=DIRECTION('ref_axis',(-0.499999999999999,-0.866025403784439,1.97824328036662E-64));
#4806=DIRECTION('',(3.95648656073325E-64,0.,1.));
#4807=DIRECTION('center_axis',(6.00925839494866E-16,1.,-2.37755500795879E-79));
#4808=DIRECTION('ref_axis',(-1.,6.00925839494866E-16,3.95648656073325E-64));
#4809=DIRECTION('axis',(0.,0.,1.));
#4810=DIRECTION('refdir',(1.,0.,0.));
#4811=DIRECTION('center_axis',(6.80011602582908E-16,-1.,-4.96314678419058E-24));
#4812=DIRECTION('ref_axis',(0.872867091683822,5.93559752279605E-16,-0.487958031243903));
#4813=DIRECTION('center_axis',(7.19549313619498E-16,-1.,1.11832271440745E-17));
#4814=DIRECTION('ref_axis',(0.872867091683822,6.22613971201966E-16,-0.487958031243903));
#4815=DIRECTION('',(6.80011602582908E-16,-1.,-4.96314678419058E-24));
#4816=DIRECTION('center_axis',(-7.19549313619498E-16,1.,-1.11832271440745E-17));
#4817=DIRECTION('ref_axis',(-0.487958031243903,-3.6087133740956E-16,-0.872867091683822));
#4818=DIRECTION('',(-6.80011602582908E-16,1.,4.96314678419058E-24));
#4819=DIRECTION('center_axis',(6.80011602582908E-16,-1.,-4.96314678419058E-24));
#4820=DIRECTION('ref_axis',(-1.,-6.80011602582908E-16,-6.61739109910181E-24));
#4821=DIRECTION('center_axis',(7.19549313619498E-16,-1.,1.11832271440745E-17));
#4822=DIRECTION('ref_axis',(-1.,-7.19549313619498E-16,-6.61739109865965E-24));
#4823=DIRECTION('',(6.80011602582908E-16,-1.,-4.96314678419058E-24));
#4824=DIRECTION('center_axis',(-7.19549313619498E-16,1.,-1.11832271440745E-17));
#4825=DIRECTION('ref_axis',(-1.,-7.19549313619498E-16,-6.61739109865965E-24));
#4826=DIRECTION('center_axis',(7.19549313619498E-16,-1.,1.11832271440745E-17));
#4827=DIRECTION('ref_axis',(6.61739110670653E-24,-1.11832271440745E-17,
-1.));
#4828=DIRECTION('',(-0.27217180677721,-1.85079991280238E-16,0.962248672431212));
#4829=DIRECTION('',(-0.962248672431212,-6.95429130916554E-16,-0.27217180677721));
#4830=DIRECTION('',(0.27217180677721,1.85079991280238E-16,-0.962248672431212));
#4831=DIRECTION('',(0.962248672431212,6.95429130916554E-16,0.27217180677721));
#4832=DIRECTION('',(0.27217180677721,1.85079991280238E-16,-0.962248672431212));
#4833=DIRECTION('center_axis',(-6.80011602582908E-16,1.,-1.11832271440745E-17));
#4834=DIRECTION('ref_axis',(1.,6.80011602582908E-16,3.95377176539807E-17));
#4835=DIRECTION('',(0.27217180677721,1.85079991280238E-16,-0.962248672431212));
#4836=DIRECTION('',(-0.962248672431212,-6.95429130916554E-16,-0.27217180677721));
#4837=DIRECTION('',(0.27217180677721,1.85079991280238E-16,-0.962248672431212));
#4838=DIRECTION('',(0.962248672431212,6.95429130916554E-16,0.27217180677721));
#4839=DIRECTION('',(-0.27217180677721,-1.85079991280238E-16,0.962248672431212));
#4840=DIRECTION('center_axis',(0.962248672431212,6.54340260472396E-16,0.27217180677721));
#4841=DIRECTION('ref_axis',(6.80011602582909E-16,-1.,-4.96314663627916E-24));
#4842=DIRECTION('',(-6.80011602582908E-16,1.,4.96314678419058E-24));
#4843=DIRECTION('center_axis',(0.27217180677721,1.85079991280238E-16,-0.962248672431212));
#4844=DIRECTION('ref_axis',(6.80011602582908E-16,-1.,-4.96314725257675E-24));
#4845=DIRECTION('',(6.80011602582908E-16,-1.,-4.96314678419058E-24));
#4846=DIRECTION('center_axis',(0.962248672431212,6.54340260472396E-16,0.27217180677721));
#4847=DIRECTION('ref_axis',(6.80011602582909E-16,-1.,-4.96314663627916E-24));
#4848=DIRECTION('',(-6.80011602582908E-16,1.,4.96314678419058E-24));
#4849=DIRECTION('center_axis',(-0.962248672431212,-6.54340260472396E-16,
-0.27217180677721));
#4850=DIRECTION('ref_axis',(-0.27217180677721,-1.85079991280238E-16,0.962248672431212));
#4851=DIRECTION('',(6.80011602582908E-16,-1.,-4.96314678419058E-24));
#4852=DIRECTION('center_axis',(-0.27217180677721,-1.85079991280238E-16,
0.962248672431212));
#4853=DIRECTION('ref_axis',(-6.80011602582908E-16,1.,4.96314725257675E-24));
#4854=DIRECTION('center_axis',(0.00869167286632687,-2.19687226524485E-13,
0.999962226697981));
#4855=DIRECTION('ref_axis',(8.83306261000412E-16,-1.,-2.19703202848982E-13));
#4856=DIRECTION('',(0.999962226697981,2.79286126245388E-15,-0.00869167286632688));
#4857=DIRECTION('',(8.83306261000447E-16,-1.,-2.19703202848982E-13));
#4858=DIRECTION('',(-0.999962226697981,-2.79286126245388E-15,0.00869167286632688));
#4859=DIRECTION('',(-8.83306261000447E-16,1.,2.19703202848982E-13));
#4860=DIRECTION('center_axis',(-0.00869167286632687,2.19687226524485E-13,
-0.999962226697981));
#4861=DIRECTION('ref_axis',(-0.999962226697981,-6.82194771520174E-16,0.00869167286632687));
#4862=DIRECTION('center_axis',(-8.83306261000433E-16,1.,2.19703202848982E-13));
#4863=DIRECTION('ref_axis',(1.,8.83306261000433E-16,-1.05081465862845E-20));
#4864=DIRECTION('center_axis',(-8.83306261000433E-16,1.,2.19703202848982E-13));
#4865=DIRECTION('ref_axis',(1.,8.83306261000433E-16,-1.05081465862845E-20));
#4866=DIRECTION('',(-8.83306261000433E-16,1.,2.19703202848982E-13));
#4867=DIRECTION('center_axis',(8.83306261000433E-16,-1.,-2.19703202848982E-13));
#4868=DIRECTION('ref_axis',(1.,8.83306261000433E-16,-1.05081465862845E-20));
#4869=DIRECTION('center_axis',(-8.83306261000433E-16,1.,2.19703202848982E-13));
#4870=DIRECTION('ref_axis',(1.,8.83306261000433E-16,-1.05095252206388E-20));
#4871=DIRECTION('center_axis',(-8.83306261000433E-16,1.,2.19703202848982E-13));
#4872=DIRECTION('ref_axis',(1.,8.83306261000433E-16,-1.05095252206388E-20));
#4873=DIRECTION('',(-8.83306261000447E-16,1.,2.19703202848982E-13));
#4874=DIRECTION('center_axis',(8.83306261000433E-16,-1.,-2.19703202848982E-13));
#4875=DIRECTION('ref_axis',(1.,8.83306261000433E-16,-1.05095252206388E-20));
#4876=DIRECTION('',(8.83306261000447E-16,-1.,-2.19703202848982E-13));
#4877=DIRECTION('center_axis',(-8.83306261000433E-16,1.,2.19703202848982E-13));
#4878=DIRECTION('ref_axis',(-0.999998934826422,-5.62633008223147E-16,-0.00145957049212076));
#4879=DIRECTION('center_axis',(-8.83306261000433E-16,1.,2.19703202848982E-13));
#4880=DIRECTION('ref_axis',(1.,8.83306261000433E-16,-1.05095252206388E-20));
#4881=DIRECTION('',(-8.83306261000447E-16,1.,2.19703202848982E-13));
#4882=DIRECTION('center_axis',(8.83306261000433E-16,-1.,-2.19703202848982E-13));
#4883=DIRECTION('ref_axis',(1.,8.83306261000433E-16,-1.05095252206388E-20));
#4884=DIRECTION('',(8.83306261000447E-16,-1.,-2.19703202848982E-13));
#4885=DIRECTION('center_axis',(-8.83306261000433E-16,1.,2.19703202848982E-13));
#4886=DIRECTION('ref_axis',(0.707106781186547,-1.54729032735901E-13,0.707106781186548));
#4887=DIRECTION('center_axis',(-8.83306261000433E-16,1.,2.19703202848982E-13));
#4888=DIRECTION('ref_axis',(0.707106781186547,-1.54729032735901E-13,0.707106781186548));
#4889=DIRECTION('',(-8.83306261000447E-16,1.,2.19703202848982E-13));
#4890=DIRECTION('center_axis',(8.83306261000433E-16,-1.,-2.19703202848982E-13));
#4891=DIRECTION('ref_axis',(-0.707106781186547,-1.55978216429937E-13,0.707106781186548));
#4892=DIRECTION('',(8.83306261000447E-16,-1.,-2.19703202848982E-13));
#4893=DIRECTION('center_axis',(-8.83306261000433E-16,1.,2.19703202848982E-13));
#4894=DIRECTION('ref_axis',(1.,8.83306261000433E-16,-1.051641839241E-20));
#4895=DIRECTION('center_axis',(-8.83306261000433E-16,1.,2.19703202848982E-13));
#4896=DIRECTION('ref_axis',(1.,8.83306261000433E-16,-1.051641839241E-20));
#4897=DIRECTION('',(-8.83306261000433E-16,1.,2.19703202848982E-13));
#4898=DIRECTION('center_axis',(8.83306261000433E-16,-1.,-2.19703202848982E-13));
#4899=DIRECTION('ref_axis',(1.,8.83306261000433E-16,-1.051641839241E-20));
#4900=DIRECTION('center_axis',(-8.83306261000433E-16,1.,2.19703202848982E-13));
#4901=DIRECTION('ref_axis',(1.,8.83306261000433E-16,-1.051641839241E-20));
#4902=DIRECTION('center_axis',(-8.83306261000433E-16,1.,2.19703202848982E-13));
#4903=DIRECTION('ref_axis',(1.,8.83306261000433E-16,-1.051641839241E-20));
#4904=DIRECTION('',(-8.83306261000433E-16,1.,2.19703202848982E-13));
#4905=DIRECTION('center_axis',(8.83306261000433E-16,-1.,-2.19703202848982E-13));
#4906=DIRECTION('ref_axis',(1.,8.83306261000433E-16,-1.051641839241E-20));
#4907=DIRECTION('center_axis',(2.08156307316075E-16,2.19703202848982E-13,
-1.));
#4908=DIRECTION('ref_axis',(-1.,9.76317305246739E-16,-2.08156307315861E-16));
#4909=DIRECTION('center_axis',(2.15370195760265E-16,2.19703202848982E-13,
-1.));
#4910=DIRECTION('ref_axis',(-1.,9.76317305246741E-16,-2.1537019576005E-16));
#4911=DIRECTION('',(-2.08156307316075E-16,-2.19703202848982E-13,1.));
#4912=DIRECTION('center_axis',(-2.15370195760265E-16,-2.19703202848982E-13,
1.));
#4913=DIRECTION('ref_axis',(-1.,9.76317305246741E-16,-2.1537019576005E-16));
#4914=DIRECTION('center_axis',(3.70063829534762E-16,2.19703202848982E-13,
-1.));
#4915=DIRECTION('ref_axis',(-1.,9.80166222959107E-16,-3.70063829534547E-16));
#4916=DIRECTION('center_axis',(2.15370195760265E-16,2.19703202848982E-13,
-1.));
#4917=DIRECTION('ref_axis',(-1.,9.8016622295906E-16,-2.1537019576005E-16));
#4918=DIRECTION('',(-3.70063829534762E-16,-2.19703202848982E-13,1.));
#4919=DIRECTION('center_axis',(1.05098011415748E-20,-2.19703202848982E-13,
1.));
#4920=DIRECTION('ref_axis',(-1.,9.80166222959026E-16,1.05098013569205E-20));
#4921=DIRECTION('center_axis',(2.15370195760265E-16,2.19703202848982E-13,
-1.));
#4922=DIRECTION('ref_axis',(8.83306261000414E-16,-1.,-2.19703202848982E-13));
#4923=DIRECTION('center_axis',(2.15370195760265E-16,2.19703202848982E-13,
-1.));
#4924=DIRECTION('ref_axis',(8.83306261000414E-16,-1.,-2.19703202848982E-13));
#4925=DIRECTION('center_axis',(1.05098011415748E-20,-2.19703202848982E-13,
1.));
#4926=DIRECTION('ref_axis',(1.,8.83306261000446E-16,-1.05098009475096E-20));
#4927=DIRECTION('',(1.,8.83306261000431E-16,-1.04994777334649E-20));
#4928=DIRECTION('',(-8.83306261000447E-16,1.,2.19703202848982E-13));
#4929=DIRECTION('',(-1.,-8.83306261000431E-16,1.04994777334649E-20));
#4930=DIRECTION('',(-8.83306261000447E-16,1.,2.19703202848982E-13));
#4931=DIRECTION('center_axis',(-0.866025403784438,-1.10616567085839E-13,
0.5));
#4932=DIRECTION('ref_axis',(-8.83306261000225E-16,1.,2.19703202848982E-13));
#4933=DIRECTION('',(0.5,-1.89826901829524E-13,0.866025403784438));
#4934=DIRECTION('',(8.83306261000447E-16,-1.,-2.19703202848982E-13));
#4935=DIRECTION('',(-0.5,1.89826901829524E-13,-0.866025403784438));
#4936=DIRECTION('center_axis',(0.866025403784439,-1.09086635763143E-13,
0.5));
#4937=DIRECTION('ref_axis',(8.83306261000225E-16,-1.,-2.19703202848982E-13));
#4938=DIRECTION('',(0.5,1.90710208090524E-13,-0.866025403784439));
#4939=DIRECTION('',(-0.5,-1.90710208090524E-13,0.866025403784439));
#4940=DIRECTION('',(-8.83306261000447E-16,1.,2.19703202848982E-13));
#4941=DIRECTION('center_axis',(1.,8.83306261000446E-16,-1.05098009475096E-20));
#4942=DIRECTION('ref_axis',(-8.83306261000446E-16,1.,2.19703202848982E-13));
#4943=DIRECTION('',(1.04994779275302E-20,-2.19703202848982E-13,1.));
#4944=DIRECTION('',(8.83306261000447E-16,-1.,-2.19703202848982E-13));
#4945=DIRECTION('',(1.04994779275302E-20,-2.19703202848982E-13,1.));
#4946=DIRECTION('center_axis',(-8.83306261000433E-16,1.,2.19703202848982E-13));
#4947=DIRECTION('ref_axis',(1.,8.83306261000433E-16,-1.05081465862845E-20));
#4948=DIRECTION('',(1.,8.83306261000431E-16,-1.04994777334649E-20));
#4949=DIRECTION('',(-0.5,-1.90710208090524E-13,0.866025403784439));
#4950=DIRECTION('',(-1.,-8.833062610004E-16,-2.15370200789717E-16));
#4951=DIRECTION('',(-0.5,1.89826901829524E-13,-0.866025403784439));
#4952=DIRECTION('',(1.,8.83306261000431E-16,-1.04994777334649E-20));
#4953=DIRECTION('',(1.04994779275302E-20,-2.19703202848982E-13,1.));
#4954=DIRECTION('',(1.,8.83306261000422E-16,4.33575874216867E-17));
#4955=DIRECTION('',(1.11021252514723E-15,2.19703202848982E-13,-1.));
#4956=DIRECTION('',(1.,8.83306261000309E-16,5.55101012834845E-16));
#4957=DIRECTION('',(1.04994779275302E-20,-2.19703202848982E-13,1.));
#4958=DIRECTION('',(1.,8.83306261000422E-16,4.33575874216867E-17));
#4959=DIRECTION('',(1.,8.83306261000401E-16,2.0920036197994E-16));
#4960=DIRECTION('',(-0.999999962961527,-8.23509431739602E-16,-0.000272170800284675));
#4961=DIRECTION('center_axis',(1.,8.83306261000446E-16,-1.05098009475096E-20));
#4962=DIRECTION('ref_axis',(-8.83306261000446E-16,1.,2.19703202848982E-13));
#4963=DIRECTION('',(8.83306261000447E-16,-1.,-2.19703202848982E-13));
#4964=DIRECTION('',(-1.04994779275302E-20,2.19703202848982E-13,-1.));
#4965=DIRECTION('',(8.83306261000447E-16,-1.,-2.19703202848982E-13));
#4966=DIRECTION('',(-1.04994779275302E-20,2.19703202848982E-13,-1.));
#4967=DIRECTION('center_axis',(-8.83306261000433E-16,1.,2.19703202848982E-13));
#4968=DIRECTION('ref_axis',(1.,8.83306261000433E-16,-1.05081465862845E-20));
#4969=DIRECTION('',(1.,8.83306261000431E-16,-1.04994777334649E-20));
#4970=DIRECTION('',(-1.04994779275302E-20,2.19703202848982E-13,-1.));
#4971=DIRECTION('',(1.,8.83306261000431E-16,-1.04994777334649E-20));
#4972=DIRECTION('center_axis',(-1.,-8.83306261000446E-16,1.05098009475096E-20));
#4973=DIRECTION('ref_axis',(1.05098011415748E-20,-2.19703202848982E-13,
1.));
#4974=DIRECTION('',(-8.83306261000447E-16,1.,2.19703202848982E-13));
#4975=DIRECTION('',(-1.04994779275302E-20,2.19703202848982E-13,-1.));
#4976=DIRECTION('',(-8.83306261000447E-16,1.,2.19703202848982E-13));
#4977=DIRECTION('center_axis',(8.83306261000433E-16,-1.,-2.19703202848982E-13));
#4978=DIRECTION('ref_axis',(-1.05081467803497E-20,2.19703202848982E-13,
-1.));
#4979=DIRECTION('',(-1.,-8.83306261000431E-16,1.04994777334649E-20));
#4980=DIRECTION('',(-1.,-8.83306261000431E-16,1.04994777334649E-20));
#4981=DIRECTION('center_axis',(-1.05098011415748E-20,2.19703202848982E-13,
-1.));
#4982=DIRECTION('ref_axis',(8.83306261000414E-16,-1.,-2.19703202848982E-13));
#4983=DIRECTION('center_axis',(-8.83306261000433E-16,1.,2.19703202848982E-13));
#4984=DIRECTION('ref_axis',(1.,8.83306261000433E-16,-1.05081465862845E-20));
#4985=DIRECTION('',(1.04994779275302E-20,-2.19703202848982E-13,1.));
#4986=DIRECTION('',(1.,8.83306261000431E-16,-1.04994777334649E-20));
#4987=DIRECTION('',(1.04994779275302E-20,-2.19703202848982E-13,1.));
#4988=DIRECTION('center_axis',(1.,8.83306261000446E-16,-1.05098009475096E-20));
#4989=DIRECTION('ref_axis',(-8.83306261000446E-16,1.,2.19703202848982E-13));
#4990=DIRECTION('',(1.04994779275302E-20,-2.19703202848982E-13,1.));
#4991=DIRECTION('',(8.83306261000447E-16,-1.,-2.19703202848982E-13));
#4992=DIRECTION('center_axis',(8.83306261000433E-16,-1.,-2.19703202848982E-13));
#4993=DIRECTION('ref_axis',(-1.05081467803497E-20,2.19703202848982E-13,
-1.));
#4994=DIRECTION('',(1.04994779275302E-20,-2.19703202848982E-13,1.));
#4995=DIRECTION('',(-1.,-8.83306261000431E-16,1.04994777334649E-20));
#4996=DIRECTION('center_axis',(-1.,-8.83306261000446E-16,1.05098009475096E-20));
#4997=DIRECTION('ref_axis',(1.05098011415748E-20,-2.19703202848982E-13,
1.));
#4998=DIRECTION('',(-8.83306261000447E-16,1.,2.19703202848982E-13));
#4999=DIRECTION('center_axis',(1.05098011415748E-20,-2.19703202848982E-13,
1.));
#5000=DIRECTION('ref_axis',(1.,1.09251712213306E-15,-1.05098009015453E-20));
#5001=DIRECTION('',(-1.,-8.83306261000401E-16,-2.0920036197994E-16));
#5002=DIRECTION('center_axis',(0.000272170800284675,2.19703435121683E-13,
-0.999999962961527));
#5003=DIRECTION('ref_axis',(8.83306261000414E-16,-1.,-2.19703202848982E-13));
#5004=DIRECTION('',(-0.999999962961527,-8.23509431739602E-16,-0.000272170800284675));
#5005=DIRECTION('center_axis',(0.866025403784439,-1.09086635763143E-13,
0.5));
#5006=DIRECTION('ref_axis',(8.83306261000225E-16,-1.,-2.19703202848982E-13));
#5007=DIRECTION('',(-8.83306261000447E-16,1.,2.19703202848982E-13));
#5008=DIRECTION('',(0.5,1.90710208090524E-13,-0.866025403784439));
#5009=DIRECTION('',(8.83306261000447E-16,-1.,-2.19703202848982E-13));
#5010=DIRECTION('center_axis',(-0.866025403784439,-1.10616567085839E-13,
0.5));
#5011=DIRECTION('ref_axis',(-8.83306261000237E-16,1.,2.19703202848982E-13));
#5012=DIRECTION('',(8.83306261000447E-16,-1.,-2.19703202848982E-13));
#5013=DIRECTION('',(0.5,-1.89826901829524E-13,0.866025403784439));
#5014=DIRECTION('',(8.83306261000447E-16,-1.,-2.19703202848982E-13));
#5015=DIRECTION('center_axis',(1.05098011415748E-20,-2.19703202848982E-13,
1.));
#5016=DIRECTION('ref_axis',(1.,1.09868696378988E-15,-1.05098009001898E-20));
#5017=DIRECTION('',(1.,8.833062610004E-16,2.15370200789717E-16));
#5018=DIRECTION('center_axis',(1.05098011415748E-20,-2.19703202848982E-13,
1.));
#5019=DIRECTION('ref_axis',(1.,8.83306261000446E-16,-1.05098009475096E-20));
#5020=DIRECTION('',(-1.,-8.83306261000431E-16,1.04994777334649E-20));
#5021=DIRECTION('center_axis',(1.05098011415748E-20,-2.19703202848982E-13,
1.));
#5022=DIRECTION('ref_axis',(1.,8.83306261000446E-16,-1.05098009475096E-20));
#5023=DIRECTION('',(-1.,-8.83306261000431E-16,1.04994777334649E-20));
#5024=DIRECTION('center_axis',(8.83306261000433E-16,-1.,-2.19703202848982E-13));
#5025=DIRECTION('ref_axis',(-1.05081467803497E-20,2.19703202848982E-13,
-1.));
#5026=DIRECTION('',(-1.,-8.83306261000409E-16,-1.76215374354552E-16));
#5027=DIRECTION('',(6.93784395611447E-17,2.19703202848982E-13,-1.));
#5028=DIRECTION('',(-1.,-8.83306261000295E-16,-6.93878890912989E-16));
#5029=DIRECTION('',(-1.1796014641863E-15,-2.19703202848982E-13,1.));
#5030=DIRECTION('',(-1.,-8.83306261000409E-16,-1.76215374354552E-16));
#5031=DIRECTION('',(1.04994779275302E-20,-2.19703202848982E-13,1.));
#5032=DIRECTION('center_axis',(-1.,-8.83306261000187E-16,-1.17960145386328E-15));
#5033=DIRECTION('ref_axis',(-1.17960145386309E-15,-2.19703202848982E-13,
1.));
#5034=DIRECTION('',(-8.83306261000447E-16,1.,2.19703202848982E-13));
#5035=DIRECTION('',(-1.1796014641863E-15,-2.19703202848982E-13,1.));
#5036=DIRECTION('',(-8.83306261000447E-16,1.,2.19703202848982E-13));
#5037=DIRECTION('center_axis',(6.93878880589581E-16,2.19703202848982E-13,
-1.));
#5038=DIRECTION('ref_axis',(8.83306261000414E-16,-1.,-2.19703202848982E-13));
#5039=DIRECTION('',(-8.83306261000447E-16,1.,2.19703202848982E-13));
#5040=DIRECTION('',(-1.,-8.83306261000295E-16,-6.93878890912989E-16));
#5041=DIRECTION('center_axis',(1.,8.83306261000446E-16,-1.05098009475096E-20));
#5042=DIRECTION('ref_axis',(1.05098011416361E-20,-2.19772591788021E-13,
1.));
#5043=DIRECTION('',(8.83306261000447E-16,-1.,-2.19703202848982E-13));
#5044=DIRECTION('',(6.93784395611447E-17,2.19703202848982E-13,-1.));
#5045=DIRECTION('center_axis',(1.76215369854495E-16,2.19703202848982E-13,
-1.));
#5046=DIRECTION('ref_axis',(8.83306261000414E-16,-1.,-2.19703202848982E-13));
#5047=DIRECTION('',(8.83306261000447E-16,-1.,-2.19703202848982E-13));
#5048=DIRECTION('',(1.,8.83306261000422E-16,4.33575874216867E-17));
#5049=DIRECTION('',(8.83306261000447E-16,-1.,-2.19703202848982E-13));
#5050=DIRECTION('',(-1.,-8.83306261000409E-16,-1.76215374354552E-16));
#5051=DIRECTION('center_axis',(1.76215369854495E-16,2.19703202848982E-13,
-1.));
#5052=DIRECTION('ref_axis',(8.83306261000414E-16,-1.,-2.19703202848982E-13));
#5053=DIRECTION('',(-1.,-8.83306261000409E-16,-1.76215374354552E-16));
#5054=DIRECTION('',(-8.83306261000447E-16,1.,2.19703202848982E-13));
#5055=DIRECTION('',(1.,8.83306261000422E-16,4.33575874216867E-17));
#5056=DIRECTION('',(-8.83306261000447E-16,1.,2.19703202848982E-13));
#5057=DIRECTION('',(-8.83306261000447E-16,1.,2.19703202848982E-13));
#5058=DIRECTION('center_axis',(1.,8.83306261000446E-16,-1.05098009475096E-20));
#5059=DIRECTION('ref_axis',(-8.83306261000446E-16,1.,2.19703202848982E-13));
#5060=DIRECTION('',(8.83306261000447E-16,-1.,-2.19703202848982E-13));
#5061=DIRECTION('',(1.04994779275302E-20,-2.19703202848982E-13,1.));
#5062=DIRECTION('center_axis',(5.55101002511437E-16,2.19703202848982E-13,
-1.));
#5063=DIRECTION('ref_axis',(8.83306261000414E-16,-1.,-2.19703202848982E-13));
#5064=DIRECTION('',(8.83306261000447E-16,-1.,-2.19703202848982E-13));
#5065=DIRECTION('',(1.,8.83306261000309E-16,5.55101012834845E-16));
#5066=DIRECTION('center_axis',(-1.,-8.83306261000202E-16,-1.11021251482421E-15));
#5067=DIRECTION('ref_axis',(-1.11021251482402E-15,-2.19703202848982E-13,
1.));
#5068=DIRECTION('',(1.11021252514723E-15,2.19703202848982E-13,-1.));
#5069=DIRECTION('center_axis',(1.,8.83306261000446E-16,-1.05098009475096E-20));
#5070=DIRECTION('ref_axis',(-8.83306261000446E-16,1.,2.19703202848982E-13));
#5071=DIRECTION('',(1.04994779275302E-20,-2.19703202848982E-13,1.));
#5072=DIRECTION('',(-1.04994779275302E-20,2.19703202848982E-13,-1.));
#5073=DIRECTION('',(8.83306261000447E-16,-1.,-2.19703202848982E-13));
#5074=DIRECTION('center_axis',(-1.,-8.83306261000446E-16,1.05098009475096E-20));
#5075=DIRECTION('ref_axis',(1.05098011415748E-20,-2.19703202848982E-13,
1.));
#5076=DIRECTION('center_axis',(8.83306261000433E-16,-1.,-2.19703202848982E-13));
#5077=DIRECTION('ref_axis',(-1.05081467803497E-20,2.19703202848982E-13,
-1.));
#5078=DIRECTION('',(-1.,-8.83306261000431E-16,1.04994777334649E-20));
#5079=DIRECTION('',(-1.04994779275302E-20,2.19703202848982E-13,-1.));
#5080=DIRECTION('center_axis',(-1.,-8.83306261000446E-16,1.05098009475096E-20));
#5081=DIRECTION('ref_axis',(1.05098011415748E-20,-2.19703202848982E-13,
1.));
#5082=DIRECTION('',(1.04994779275302E-20,-2.19703202848982E-13,1.));
#5083=DIRECTION('',(-8.83306261000447E-16,1.,2.19703202848982E-13));
#5084=DIRECTION('center_axis',(-8.83306261000433E-16,1.,2.19703202848982E-13));
#5085=DIRECTION('ref_axis',(1.,8.83306261000433E-16,-1.05081465862845E-20));
#5086=DIRECTION('',(1.,8.83306261000431E-16,-1.04994777334649E-20));
#5087=DIRECTION('center_axis',(1.05098011415748E-20,-2.19703202848982E-13,
1.));
#5088=DIRECTION('ref_axis',(1.,8.83306261000446E-16,-1.05098009475096E-20));
#5089=DIRECTION('center_axis',(1.85026669792978E-16,2.19703201779611E-13,
-1.));
#5090=DIRECTION('ref_axis',(-1.,9.76317303250732E-16,-1.85026669792764E-16));
#5091=DIRECTION('center_axis',(2.15370202377709E-16,2.19703201779611E-13,
-1.));
#5092=DIRECTION('ref_axis',(-1.,9.76317303250739E-16,-2.15370202377495E-16));
#5093=DIRECTION('',(-1.85026669792978E-16,-2.19703201779611E-13,1.));
#5094=DIRECTION('center_axis',(2.15370202377709E-16,2.19703201779611E-13,
-1.));
#5095=DIRECTION('ref_axis',(8.83306262996374E-16,-1.,-2.19703201779611E-13));
#5096=DIRECTION('axis',(0.,0.,1.));
#5097=DIRECTION('refdir',(1.,0.,0.));
#5098=DIRECTION('center_axis',(4.00955606570161E-16,-9.46633086265214E-30,
1.));
#5099=DIRECTION('ref_axis',(-1.,-3.79557843302853E-45,4.00955606570161E-16));
#5100=DIRECTION('center_axis',(-4.00955606570161E-16,9.46633086265214E-30,
-1.));
#5101=DIRECTION('ref_axis',(-1.,-3.79557843302852E-45,4.00955606570161E-16));
#5102=DIRECTION('',(-0.707106781186542,-8.65956056235419E-17,-0.707106781186553));
#5103=DIRECTION('center_axis',(4.00955606570161E-16,-9.46633086265214E-30,
1.));
#5104=DIRECTION('ref_axis',(-1.,-3.79557843302853E-45,4.00955606570161E-16));
#5105=DIRECTION('center_axis',(-4.00955606570161E-16,9.46633086265214E-30,
-1.));
#5106=DIRECTION('ref_axis',(1.,4.38172358791595E-30,-4.00955606570161E-16));
#5107=DIRECTION('center_axis',(0.,0.,1.));
#5108=DIRECTION('ref_axis',(-1.,0.,0.));
#5109=DIRECTION('center_axis',(-4.37095678986282E-16,0.,-1.));
#5110=DIRECTION('ref_axis',(-1.,0.,4.37095678986282E-16));
#5111=DIRECTION('',(0.,0.,-1.));
#5112=DIRECTION('center_axis',(4.37095678986282E-16,0.,1.));
#5113=DIRECTION('ref_axis',(0.,-1.,0.));
#5114=DIRECTION('center_axis',(4.37095678986282E-16,0.,1.));
#5115=DIRECTION('ref_axis',(0.,-1.,0.));
#5116=DIRECTION('center_axis',(4.37095678986282E-16,0.,1.));
#5117=DIRECTION('ref_axis',(0.,-1.,0.));
#5118=DIRECTION('center_axis',(4.37095678986282E-16,0.,1.));
#5119=DIRECTION('ref_axis',(0.,-1.,0.));
#5120=DIRECTION('',(-4.37095678986282E-16,0.,-1.));
#5121=DIRECTION('center_axis',(4.37095678986282E-16,0.,1.));
#5122=DIRECTION('ref_axis',(0.,-1.,0.));
#5123=DIRECTION('center_axis',(6.86049799777153E-15,-1.,0.));
#5124=DIRECTION('ref_axis',(-1.,-6.9217303377289E-15,4.95927817062584E-16));
#5125=DIRECTION('center_axis',(4.37095678986282E-16,0.,1.));
#5126=DIRECTION('ref_axis',(0.,-1.,0.));
#5127=DIRECTION('center_axis',(-4.37095678986282E-16,0.,-1.));
#5128=DIRECTION('ref_axis',(0.,1.,0.));
#5129=DIRECTION('center_axis',(4.37095678986282E-16,0.,1.));
#5130=DIRECTION('ref_axis',(0.,-1.,0.));
#5131=DIRECTION('center_axis',(4.37095678986282E-16,0.,1.));
#5132=DIRECTION('ref_axis',(0.,-1.,0.));
#5133=DIRECTION('center_axis',(4.37095678986282E-16,0.,1.));
#5134=DIRECTION('ref_axis',(0.,-1.,0.));
#5135=DIRECTION('center_axis',(4.37095678986282E-16,0.,1.));
#5136=DIRECTION('ref_axis',(0.,-1.,0.));
#5137=DIRECTION('center_axis',(4.37095678986282E-16,0.,1.));
#5138=DIRECTION('ref_axis',(0.,-1.,0.));
#5139=DIRECTION('center_axis',(4.37095678986282E-16,0.,1.));
#5140=DIRECTION('ref_axis',(0.,-1.,0.));
#5141=DIRECTION('center_axis',(4.37095678986282E-16,0.,1.));
#5142=DIRECTION('ref_axis',(0.,-1.,0.));
#5143=DIRECTION('center_axis',(4.37095678986282E-16,0.,1.));
#5144=DIRECTION('ref_axis',(0.,-1.,0.));
#5145=DIRECTION('center_axis',(4.37095678986282E-16,0.,1.));
#5146=DIRECTION('ref_axis',(1.22464679914735E-16,1.,-5.35287824191688E-32));
#5147=DIRECTION('center_axis',(4.37095678986282E-16,0.,1.));
#5148=DIRECTION('ref_axis',(0.,-1.,0.));
#5149=DIRECTION('center_axis',(4.37095678986282E-16,0.,1.));
#5150=DIRECTION('ref_axis',(0.,-1.,0.));
#5151=DIRECTION('center_axis',(4.37095678986282E-16,0.,1.));
#5152=DIRECTION('ref_axis',(0.,-1.,0.));
#5153=DIRECTION('',(0.5,-0.866025403784438,-2.18547839493141E-16));
#5154=DIRECTION('',(1.,0.,-4.37095678986282E-16));
#5155=DIRECTION('',(0.5,0.866025403784439,-2.18547839493141E-16));
#5156=DIRECTION('',(-0.5,0.866025403784438,2.18547839493141E-16));
#5157=DIRECTION('',(-1.,0.,4.37095678986282E-16));
#5158=DIRECTION('',(-0.5,-0.866025403784439,2.18547839493141E-16));
#5159=DIRECTION('center_axis',(0.,-1.,0.));
#5160=DIRECTION('ref_axis',(-4.37095678986282E-16,0.,-1.));
#5161=DIRECTION('',(4.37095678986282E-16,0.,1.));
#5162=DIRECTION('',(4.37095678986282E-16,0.,1.));
#5163=DIRECTION('center_axis',(0.866025403784439,-0.5,-3.78535961886528E-16));
#5164=DIRECTION('ref_axis',(0.5,0.866025403784439,-2.18547839493141E-16));
#5165=DIRECTION('',(4.37095678986282E-16,0.,1.));
#5166=DIRECTION('center_axis',(0.866025403784439,0.5,-3.78535961886528E-16));
#5167=DIRECTION('ref_axis',(-0.5,0.866025403784439,2.18547839493141E-16));
#5168=DIRECTION('',(4.37095678986282E-16,0.,1.));
#5169=DIRECTION('center_axis',(0.,1.,0.));
#5170=DIRECTION('ref_axis',(4.37095678986282E-16,0.,1.));
#5171=DIRECTION('',(4.37095678986282E-16,0.,1.));
#5172=DIRECTION('center_axis',(-0.866025403784439,0.5,3.78535961886528E-16));
#5173=DIRECTION('ref_axis',(-0.5,-0.866025403784439,2.18547839493141E-16));
#5174=DIRECTION('',(4.37095678986282E-16,0.,1.));
#5175=DIRECTION('center_axis',(-0.866025403784438,-0.5,3.78535961886528E-16));
#5176=DIRECTION('ref_axis',(0.5,-0.866025403784438,-2.18547839493141E-16));
#5177=DIRECTION('axis',(0.,0.,1.));
#5178=DIRECTION('refdir',(1.,0.,0.));
#5179=DIRECTION('center_axis',(0.707106781186548,8.20252833458486E-16,-0.707106781186548));
#5180=DIRECTION('ref_axis',(-0.707106781186548,0.,-0.707106781186548));
#5181=DIRECTION('',(-1.25021830240272E-15,1.,-9.02056207507744E-17));
#5182=DIRECTION('',(0.577350269189622,0.577350269189632,0.577350269189623));
#5183=DIRECTION('',(1.25021830240272E-15,-1.,9.02056207507744E-17));
#5184=DIRECTION('',(-0.57735026918962,0.577350269189638,-0.577350269189619));
#5185=DIRECTION('center_axis',(0.707106781186553,-0.707106781186542,-6.31882591690609E-28));
#5186=DIRECTION('ref_axis',(-8.9351193739255E-28,1.04993603762927E-31,-1.));
#5187=DIRECTION('',(1.17961196367E-16,1.17961196366108E-16,1.));
#5188=DIRECTION('',(0.707106781186542,0.707106781186553,-6.37850061340812E-17));
#5189=DIRECTION('',(-0.577350269189622,-0.577350269189632,0.577350269189623));
#5190=DIRECTION('',(4.50282420998379E-31,-8.93166648575329E-28,1.));
#5191=DIRECTION('',(-0.707106781186542,-0.707106781186553,6.37850061340814E-17));
#5192=DIRECTION('center_axis',(0.707106781186548,9.47822845726515E-16,0.707106781186548));
#5193=DIRECTION('ref_axis',(0.707106781186548,0.,-0.707106781186548));
#5194=DIRECTION('',(0.57735026918962,-0.577350269189638,-0.57735026918962));
#5195=DIRECTION('',(-1.25021830240272E-15,1.,-9.02056207507742E-17));
#5196=DIRECTION('',(1.25021830240272E-15,-1.,9.02056207507742E-17));
#5197=DIRECTION('center_axis',(0.707106781186559,0.707106781186536,-1.66822323735337E-16));
#5198=DIRECTION('ref_axis',(-2.35922392733105E-16,1.04993603762927E-31,
-1.));
#5199=DIRECTION('',(-1.55327927655682E-31,-2.35922392733112E-16,-1.));
#5200=DIRECTION('',(-1.17961196367E-16,-1.17961196366108E-16,-1.));
#5201=DIRECTION('center_axis',(-1.17961196367E-16,-1.17961196366108E-16,
-1.));
#5202=DIRECTION('ref_axis',(1.78329573330416E-15,1.,-1.17961196366108E-16));
#5203=DIRECTION('center_axis',(9.38744477213004E-29,9.02056207507741E-17,
1.));
#5204=DIRECTION('ref_axis',(1.78329573330416E-15,1.,-9.02056207507743E-17));
#5205=DIRECTION('',(1.17961196367E-16,1.17961196366108E-16,1.));
#5206=DIRECTION('center_axis',(9.38744477213004E-29,9.02056207507743E-17,
1.));
#5207=DIRECTION('ref_axis',(1.78329573330416E-15,1.,-9.02056207507745E-17));
#5208=DIRECTION('center_axis',(9.38744477213004E-29,9.02056207507742E-17,
1.));
#5209=DIRECTION('ref_axis',(1.78329573330416E-15,1.,-9.02056207507744E-17));
#5210=DIRECTION('center_axis',(-1.82492909672829E-15,-4.85722573273458E-17,
-1.));
#5211=DIRECTION('ref_axis',(1.78329573330416E-15,1.,-1.17961196366109E-16));
#5212=DIRECTION('',(-0.707106781186545,0.70710678118655,-6.37850061339482E-17));
#5213=DIRECTION('',(1.25021830240272E-15,-1.,9.02056207507742E-17));
#5214=DIRECTION('center_axis',(1.,1.25021830240272E-15,-4.50282420997262E-31));
#5215=DIRECTION('ref_axis',(-1.25021830240272E-15,1.,2.44355417724052E-30));
#5216=DIRECTION('',(-7.67289688507854E-28,6.13453753276264E-13,1.));
#5217=DIRECTION('center_axis',(-1.,-1.25021830240272E-15,4.50282420997262E-31));
#5218=DIRECTION('ref_axis',(0.,-0.707106781186976,-0.707106781186119));
#5219=DIRECTION('',(8.84037839591957E-16,-0.707106781186113,0.707106781186982));
#5220=DIRECTION('center_axis',(-1.,-1.25021830240272E-15,4.50282420997262E-31));
#5221=DIRECTION('ref_axis',(1.32515803512892E-13,-3.84537248947415E-14,
-1.));
#5222=DIRECTION('',(1.25021830240272E-15,-1.,-1.04993742268345E-31));
#5223=DIRECTION('center_axis',(-1.,-1.25021830240272E-15,4.50282420997262E-31));
#5224=DIRECTION('ref_axis',(-5.49532360539324E-15,0.707106781186556,-0.707106781186539));
#5225=DIRECTION('',(8.84037839592502E-16,-0.707106781186549,-0.707106781186546));
#5226=DIRECTION('center_axis',(-1.,-1.25021830240272E-15,4.50282420997262E-31));
#5227=DIRECTION('ref_axis',(-1.46018598657593E-14,0.70710678118655,-0.707106781186545));
#5228=DIRECTION('',(3.38578484223748E-31,3.23241508246128E-30,-1.));
#5229=DIRECTION('',(-1.25021830240272E-15,1.,-4.4200754167889E-15));
#5230=DIRECTION('',(1.25021830240272E-15,-1.,9.02056207507744E-17));
#5231=DIRECTION('',(4.50282420998376E-31,-8.91229803833669E-28,1.));
#5232=DIRECTION('',(-1.25021830240272E-15,1.,-9.02056207507742E-17));
#5233=DIRECTION('',(-1.55327927655685E-31,-2.35922392733109E-16,-1.));
#5234=DIRECTION('center_axis',(1.,1.25021830240272E-15,-4.50282420997262E-31));
#5235=DIRECTION('ref_axis',(2.19128029228059E-30,-1.,1.04083408559003E-16));
#5236=DIRECTION('center_axis',(1.,1.25021830240273E-15,3.38578484223752E-31));
#5237=DIRECTION('ref_axis',(1.25021830240273E-15,-1.,4.4200754167889E-15));
#5238=DIRECTION('',(5.86463766829359E-30,-4.4200754167889E-15,-1.));
#5239=DIRECTION('center_axis',(1.,1.25021830240273E-15,3.38578484223752E-31));
#5240=DIRECTION('ref_axis',(-1.25021830240273E-15,1.,1.64782403408611E-14));
#5241=DIRECTION('',(-5.86463766829359E-30,4.4200754167889E-15,1.));
#5242=DIRECTION('center_axis',(1.,1.25021830240272E-15,3.38578484223751E-31));
#5243=DIRECTION('ref_axis',(1.25021830240272E-15,-1.,4.4200754167889E-15));
#5244=DIRECTION('',(6.09597452581613E-30,-4.60511258755976E-15,-1.));
#5245=DIRECTION('center_axis',(1.,1.25021830240272E-15,3.38578484223751E-31));
#5246=DIRECTION('ref_axis',(-1.25021830240272E-15,1.,-4.4200754167889E-15));
#5247=DIRECTION('',(-5.86463766829359E-30,4.4200754167889E-15,1.));
#5248=DIRECTION('',(1.25021830240272E-15,-1.,-3.29769106758725E-14));
#5249=DIRECTION('',(4.50282420997262E-31,-1.04993742268345E-31,1.));
#5250=DIRECTION('center_axis',(1.,1.25021830240272E-15,-4.50282420997262E-31));
#5251=DIRECTION('ref_axis',(-8.84037839592491E-16,0.70710678118654,-0.707106781186555));
#5252=DIRECTION('',(-1.25021830240272E-15,1.,-4.42007541678889E-15));
#5253=DIRECTION('center_axis',(1.,1.25021830240272E-15,-4.50282420997262E-31));
#5254=DIRECTION('ref_axis',(8.84037839592761E-16,-0.707106781186756,-0.707106781186339));
#5255=DIRECTION('',(7.66500827602633E-28,-6.13453753276264E-13,-1.));
#5256=DIRECTION('center_axis',(1.,1.25021830240272E-15,-4.50282420997262E-31));
#5257=DIRECTION('ref_axis',(5.94565764389587E-14,1.,-6.13349669867705E-13));
#5258=DIRECTION('center_axis',(0.707106781186548,8.20252833458486E-16,-0.707106781186548));
#5259=DIRECTION('ref_axis',(-0.707106781186548,0.,-0.707106781186548));
#5260=DIRECTION('',(0.577350269189626,0.577350269189626,0.577350269189626));
#5261=DIRECTION('',(-0.577350269189624,0.577350269189629,-0.577350269189624));
#5262=DIRECTION('',(-1.25021830240272E-15,1.,-9.02056207507744E-17));
#5263=DIRECTION('center_axis',(0.707106781186548,-0.707106781186548,-6.30513035639681E-28));
#5264=DIRECTION('ref_axis',(-8.91575092650905E-28,1.04993603762927E-31,
-1.));
#5265=DIRECTION('',(0.57735026918962,0.577350269189629,-0.577350269189629));
#5266=DIRECTION('center_axis',(0.707106781186548,9.47822845726515E-16,0.707106781186548));
#5267=DIRECTION('ref_axis',(0.707106781186548,0.,-0.707106781186548));
#5268=DIRECTION('',(0.577350269189624,-0.577350269189629,-0.577350269189624));
#5269=DIRECTION('center_axis',(0.70710678118655,0.707106781186545,-1.66822323735337E-16));
#5270=DIRECTION('ref_axis',(-2.35922392733107E-16,1.04993603762927E-31,
-1.));
#5271=DIRECTION('',(-1.17961196367E-16,-1.17961196366108E-16,-1.));
#5272=DIRECTION('',(0.707106781186545,-0.70710678118655,6.37850061339484E-17));
#5273=DIRECTION('center_axis',(-1.,3.02441928084588E-16,3.60552796643944E-15));
#5274=DIRECTION('ref_axis',(5.9211894646675E-15,0.,1.));
#5275=DIRECTION('center_axis',(0.,-1.,0.));
#5276=DIRECTION('ref_axis',(1.,0.,-4.4408920985006E-15));
#5277=DIRECTION('center_axis',(1.,-3.02441928084588E-16,-3.60552796643944E-15));
#5278=DIRECTION('ref_axis',(-2.08166817117216E-15,0.707106781186547,-0.707106781186548));
#5279=DIRECTION('center_axis',(-1.,3.02441928084588E-16,3.60552796643944E-15));
#5280=DIRECTION('ref_axis',(-2.33563453656332E-15,0.707106781186547,-0.707106781186548));
#5281=DIRECTION('center_axis',(3.02441928084572E-16,1.,-4.4200754167889E-15));
#5282=DIRECTION('ref_axis',(0.707106781186548,0.,0.707106781186548));
#5283=DIRECTION('center_axis',(0.,-1.,0.));
#5284=DIRECTION('ref_axis',(1.,0.,-4.44089209850064E-15));
#5285=DIRECTION('',(3.02441928084572E-16,1.,-4.4200754167889E-15));
#5286=DIRECTION('',(-3.02441928084572E-16,-1.,4.4200754167889E-15));
#5287=DIRECTION('center_axis',(-1.,3.02441928084588E-16,3.60552796643944E-15));
#5288=DIRECTION('ref_axis',(5.9211894646675E-15,0.,1.));
#5289=DIRECTION('center_axis',(1.,-3.02441928084588E-16,-3.60552796643944E-15));
#5290=DIRECTION('ref_axis',(-2.77555756156259E-15,-0.707106781186829,-0.707106781186266));
#5291=DIRECTION('center_axis',(-1.,3.02441928084588E-16,3.60552796643944E-15));
#5292=DIRECTION('ref_axis',(-2.76335201308988E-15,-0.707106781186829,-0.707106781186266));
#5293=DIRECTION('center_axis',(1.,-3.02441928084588E-16,-3.60552796643944E-15));
#5294=DIRECTION('ref_axis',(3.02441928084572E-16,1.,-4.33680868994174E-15));
#5295=DIRECTION('',(3.60552796643944E-15,-1.63337575271126E-30,1.));
#5296=DIRECTION('center_axis',(-1.,3.02441928084588E-16,3.60552796643944E-15));
#5297=DIRECTION('ref_axis',(2.76335201309083E-15,0.707106781186543,0.707106781186552));
#5298=DIRECTION('',(3.02441928084588E-16,1.,1.4109084271261E-16));
#5299=DIRECTION('center_axis',(-1.,3.02441928084588E-16,3.60552796643944E-15));
#5300=DIRECTION('ref_axis',(2.33563453656389E-15,-0.707106781186401,0.707106781186694));
#5301=DIRECTION('',(-3.60552796643962E-15,-6.13453753276264E-13,-1.));
#5302=DIRECTION('center_axis',(1.,4.43496582091169E-16,-3.44863027024249E-15));
#5303=DIRECTION('ref_axis',(0.,0.707106781186548,-0.707106781186548));
#5304=DIRECTION('',(-1.,-4.43496582091169E-16,3.44863027024249E-15));
#5305=DIRECTION('center_axis',(1.,-4.16333634234089E-17,-1.38777878078246E-16));
#5306=DIRECTION('ref_axis',(0.,0.707106781186548,-0.707106781186548));
#5307=DIRECTION('',(1.,4.43496582091169E-16,-3.44863027024249E-15));
#5308=DIRECTION('center_axis',(1.,-4.16333634234089E-17,-1.38777878078246E-16));
#5309=DIRECTION('ref_axis',(-4.16333634234081E-17,-1.,4.4200754167889E-15));
#5310=DIRECTION('',(-4.16333634234082E-17,-1.,4.4200754167889E-15));
#5311=DIRECTION('center_axis',(1.,-4.16333634234089E-17,-1.38777878078246E-16));
#5312=DIRECTION('ref_axis',(-4.71027737605284E-14,-0.70710678118676,-0.707106781186336));
#5313=DIRECTION('',(-1.07237451242192E-15,4.4200754167889E-15,1.));
#5314=DIRECTION('center_axis',(1.,-4.16333634234089E-17,-1.38777878078246E-16));
#5315=DIRECTION('ref_axis',(-4.18691322315543E-14,-0.70710678118633,0.707106781186765));
#5316=DIRECTION('',(4.16333634234081E-17,1.,-4.4200754167889E-15));
#5317=DIRECTION('center_axis',(1.,-4.16333634234089E-17,-1.38777878078246E-16));
#5318=DIRECTION('ref_axis',(0.,0.707106781186548,0.707106781186548));
#5319=DIRECTION('',(-1.38777878078246E-16,-4.66679164448338E-15,-1.));
#5320=DIRECTION('',(-1.38777878078246E-16,-4.4200754167889E-15,-1.));
#5321=DIRECTION('center_axis',(1.,-4.16333634234085E-17,-1.38777878078246E-16));
#5322=DIRECTION('ref_axis',(-4.16333634234077E-17,-1.,4.4200754167889E-15));
#5323=DIRECTION('',(1.38777878078246E-16,4.4200754167889E-15,1.));
#5324=DIRECTION('center_axis',(1.,-4.16333634234085E-17,-1.38777878078246E-16));
#5325=DIRECTION('ref_axis',(4.16333634234106E-17,1.,1.64782403408611E-14));
#5326=DIRECTION('',(-1.38777878078246E-16,-4.60511258755976E-15,-1.));
#5327=DIRECTION('center_axis',(1.,-4.16333634234089E-17,-1.38777878078246E-16));
#5328=DIRECTION('ref_axis',(-4.16333634234081E-17,-1.,4.4200754167889E-15));
#5329=DIRECTION('',(1.38777878078246E-16,4.4200754167889E-15,1.));
#5330=DIRECTION('center_axis',(1.,-4.16333634234089E-17,-1.38777878078246E-16));
#5331=DIRECTION('ref_axis',(4.16333634234081E-17,1.,-4.4200754167889E-15));
#5332=DIRECTION('center_axis',(3.44863027024249E-15,4.4200754167889E-15,
1.));
#5333=DIRECTION('ref_axis',(-4.16333634234081E-17,-1.,4.4200754167889E-15));
#5334=DIRECTION('',(1.,-5.9900073021052E-14,-3.44863027024222E-15));
#5335=DIRECTION('center_axis',(1.,-5.9900073021052E-14,-3.44863027024222E-15));
#5336=DIRECTION('ref_axis',(-4.71027737605284E-14,-0.70710678118676,-0.707106781186336));
#5337=DIRECTION('',(-1.,5.9900073021052E-14,3.44863027024222E-15));
#5338=DIRECTION('center_axis',(5.99000730210498E-14,1.,-6.13453753276264E-13));
#5339=DIRECTION('ref_axis',(-1.,5.99000730210499E-14,1.38777878060336E-16));
#5340=DIRECTION('',(1.,-5.99000730210498E-14,5.55111512311974E-17));
#5341=DIRECTION('',(-8.52801779376184E-31,6.13453753276264E-13,1.));
#5342=DIRECTION('',(-1.,5.99000730210498E-14,0.));
#5343=DIRECTION('',(0.577350269189625,4.66299568824169E-13,0.816496580927727));
#5344=DIRECTION('',(7.67289688507854E-28,-6.13453753276264E-13,-1.));
#5345=DIRECTION('',(1.,-5.9900073021052E-14,-3.44863027024222E-15));
#5346=DIRECTION('center_axis',(-4.43496582091169E-16,1.,3.12742134019293E-30));
#5347=DIRECTION('ref_axis',(-1.,-4.43496582091169E-16,2.13335259939174E-30));
#5348=DIRECTION('',(-1.,-4.43496582091169E-16,3.44863027024249E-15));
#5349=DIRECTION('',(-3.38578484223748E-31,-3.23241508246128E-30,1.));
#5350=DIRECTION('',(-0.577350269189627,-2.56052871055014E-16,-0.816496580927725));
#5351=DIRECTION('',(1.,4.43496582091169E-16,1.18534390292631E-30));
#5352=DIRECTION('',(8.5280177937691E-31,5.08556246289978E-30,-1.));
#5353=DIRECTION('',(-1.,-4.43496582091169E-16,-5.55111512312059E-17));
#5354=DIRECTION('center_axis',(9.38744477213004E-29,9.02056207507744E-17,
1.));
#5355=DIRECTION('ref_axis',(1.78329573330416E-15,1.,-9.02056207507746E-17));
#5356=DIRECTION('center_axis',(9.38744477213004E-29,9.02056207507743E-17,
1.));
#5357=DIRECTION('ref_axis',(1.78329573330416E-15,1.,-9.02056207507745E-17));
#5358=DIRECTION('center_axis',(-1.17961196367E-16,-1.17961196366108E-16,
-1.));
#5359=DIRECTION('ref_axis',(1.78329573330416E-15,1.,-1.17961196366109E-16));
#5360=DIRECTION('center_axis',(-1.,3.02441928084588E-16,3.60552796643944E-15));
#5361=DIRECTION('ref_axis',(5.9211894646675E-15,0.,1.));
#5362=DIRECTION('center_axis',(0.,1.,0.));
#5363=DIRECTION('ref_axis',(1.,0.,-4.44089209849757E-15));
#5364=DIRECTION('center_axis',(1.,-3.02441928084588E-16,-3.60552796643944E-15));
#5365=DIRECTION('ref_axis',(2.08166817117193E-15,-0.707106781186401,0.707106781186694));
#5366=DIRECTION('center_axis',(-3.02441928084588E-16,-1.,-1.4109084271261E-16));
#5367=DIRECTION('ref_axis',(0.707106781186544,0.,-0.707106781186551));
#5368=DIRECTION('center_axis',(0.,1.,0.));
#5369=DIRECTION('ref_axis',(1.,0.,-4.44089209850064E-15));
#5370=DIRECTION('',(-3.02441928084588E-16,-1.,-1.4109084271261E-16));
#5371=DIRECTION('center_axis',(-1.,3.02441928084588E-16,3.60552796643944E-15));
#5372=DIRECTION('ref_axis',(5.9211894646675E-15,0.,1.));
#5373=DIRECTION('center_axis',(1.,-3.02441928084588E-16,-3.60552796643944E-15));
#5374=DIRECTION('ref_axis',(2.77555756156286E-15,0.707106781186543,0.707106781186552));
#5375=DIRECTION('center_axis',(1.,4.43496582091169E-16,5.55111512312059E-17));
#5376=DIRECTION('ref_axis',(0.,0.70710678118654,0.707106781186555));
#5377=DIRECTION('center_axis',(0.707106781186548,-0.707106781186548,-2.99301378245883E-30));
#5378=DIRECTION('ref_axis',(0.707106781186547,0.707106781186547,0.));
#5379=DIRECTION('center_axis',(0.707106781186548,9.97662916454118E-17,-0.707106781186548));
#5380=DIRECTION('ref_axis',(0.707106781186548,4.9065389333868E-16,0.707106781186548));
#5381=DIRECTION('',(1.,4.43496582091169E-16,5.55111512312059E-17));
#5382=DIRECTION('center_axis',(5.55111512312058E-17,1.4109084271261E-16,
-1.));
#5383=DIRECTION('ref_axis',(5.05151476204414E-15,1.,1.41090842712611E-16));
#5384=DIRECTION('',(1.18329135783152E-30,1.,1.41090842712612E-16));
#5385=DIRECTION('',(-1.,5.99000730210498E-14,-5.55111512311974E-17));
#5386=DIRECTION('center_axis',(-0.707106781186548,-9.97662916454118E-17,
0.707106781186548));
#5387=DIRECTION('ref_axis',(0.707106781186548,-1.10571041863888E-30,0.707106781186548));
#5388=DIRECTION('',(0.577350269189626,0.577350269189626,0.577350269189626));
#5389=DIRECTION('',(-1.57772181044202E-30,-1.,-1.41090842712612E-16));
#5390=DIRECTION('',(0.577350269189735,-0.577350269189407,0.577350269189735));
#5391=DIRECTION('center_axis',(0.707106781186548,9.97662916454118E-17,-0.707106781186548));
#5392=DIRECTION('ref_axis',(0.707106781186548,-8.48217918109242E-14,0.707106781186548));
#5393=DIRECTION('center_axis',(1.,-5.99000730210498E-14,5.55111512311974E-17));
#5394=DIRECTION('ref_axis',(-4.71027737604983E-14,-0.707106781186339,0.707106781186756));
#5395=DIRECTION('center_axis',(0.707106781186563,0.707106781186532,-4.33777308885976E-13));
#5396=DIRECTION('ref_axis',(0.707106781186532,-0.707106781186563,4.33676709974709E-13));
#5397=DIRECTION('center_axis',(-1.,7.88860905221012E-31,3.44863027024249E-15));
#5398=DIRECTION('ref_axis',(0.,0.70710678118654,-0.707106781186555));
#5399=DIRECTION('center_axis',(-1.,2.368475785867E-15,-8.20831342299841E-31));
#5400=DIRECTION('ref_axis',(0.,0.70710678118654,-0.707106781186555));
#5401=DIRECTION('',(1.,-7.88860905221012E-31,-3.44863027024249E-15));
#5402=DIRECTION('center_axis',(1.,-7.88860905221012E-31,-3.44863027024249E-15));
#5403=DIRECTION('ref_axis',(0.,0.70710678118654,-0.707106781186555));
#5404=DIRECTION('',(-1.,7.88860905221012E-31,3.44863027024249E-15));
#5405=DIRECTION('center_axis',(-3.44863027024249E-15,-4.4200754167889E-15,
-1.));
#5406=DIRECTION('ref_axis',(8.32667268467911E-17,1.,-4.4200754167889E-15));
#5407=DIRECTION('',(2.368475785867E-15,1.,-4.4200754167889E-15));
#5408=DIRECTION('',(-1.,5.94565764389608E-14,3.44863027024223E-15));
#5409=DIRECTION('',(1.25021830240272E-15,-1.,4.42007541678889E-15));
#5410=DIRECTION('center_axis',(1.,-7.88860905221012E-31,0.));
#5411=DIRECTION('ref_axis',(0.,-0.70710678118654,-0.707106781186555));
#5412=DIRECTION('center_axis',(0.707106781186547,-2.22132820962835E-30,
0.707106781186548));
#5413=DIRECTION('ref_axis',(0.707106781186548,0.,-0.707106781186547));
#5414=DIRECTION('',(1.,-7.88860905221012E-31,0.));
#5415=DIRECTION('center_axis',(1.,-2.368475785867E-15,8.20831342299841E-31));
#5416=DIRECTION('ref_axis',(0.,-0.70710678118654,-0.707106781186555));
#5417=DIRECTION('',(-1.,7.88860905221012E-31,0.));
#5418=DIRECTION('center_axis',(-7.88860905221012E-31,-1.,-1.04993742268345E-31));
#5419=DIRECTION('ref_axis',(1.,-7.88860905221012E-31,-1.73738140283115E-30));
#5420=DIRECTION('',(-4.50282420997262E-31,1.04993742268345E-31,-1.));
#5421=DIRECTION('',(0.707106781186542,-6.32050682634831E-31,0.707106781186553));
#5422=DIRECTION('center_axis',(-7.88860905221012E-31,-1.,-1.04993742268345E-31));
#5423=DIRECTION('ref_axis',(0.382683432365096,-2.04882429345125E-31,-0.923879532511284));
#5424=DIRECTION('',(1.,-7.88860905221012E-31,4.9882727385299E-16));
#5425=DIRECTION('',(-1.70318304920018E-17,1.34357452194912E-47,-1.));
#5426=DIRECTION('',(-1.,7.88860905221012E-31,1.70318304920018E-17));
#5427=DIRECTION('',(-4.58371326766404E-31,5.51806432843272E-61,1.));
#5428=DIRECTION('',(-0.707106781186548,5.57808895494736E-31,0.707106781186547));
#5429=DIRECTION('',(9.16550060531304E-31,-3.89622135743591E-60,1.));
#5430=DIRECTION('center_axis',(1.,-5.94565764389608E-14,-3.44863027024223E-15));
#5431=DIRECTION('ref_axis',(-6.2803698347371E-14,-0.707106781186758,-0.707106781186338));
#5432=DIRECTION('center_axis',(-1.,2.368475785867E-15,-8.20831342299841E-31));
#5433=DIRECTION('ref_axis',(-6.2803698347371E-14,-0.707106781186758,-0.707106781186338));
#5434=DIRECTION('',(1.,-5.94565764389608E-14,-3.44863027024223E-15));
#5435=DIRECTION('center_axis',(1.,-5.94565764389608E-14,-3.44863027024223E-15));
#5436=DIRECTION('ref_axis',(-6.2803698347371E-14,-0.707106781186758,-0.707106781186338));
#5437=DIRECTION('center_axis',(-5.94565764389587E-14,-1.,6.13453753276264E-13));
#5438=DIRECTION('ref_axis',(1.,-5.94565764389588E-14,-1.38777878060609E-16));
#5439=DIRECTION('',(1.38777878097082E-16,6.13453753276264E-13,1.));
#5440=DIRECTION('',(1.,-5.94565764389587E-14,0.));
#5441=DIRECTION('',(0.707106781186548,-4.75819457272109E-13,-0.707106781186547));
#5442=DIRECTION('',(-4.58371326765436E-31,6.13453753276264E-13,1.));
#5443=DIRECTION('',(-1.,5.94565764389587E-14,1.7031830491991E-17));
#5444=DIRECTION('',(1.70318304930957E-17,6.13453753276264E-13,1.));
#5445=DIRECTION('',(-1.,5.94565764389584E-14,-4.9882727385103E-16));
#5446=DIRECTION('center_axis',(5.94565764389587E-14,1.,-6.13453753276264E-13));
#5447=DIRECTION('ref_axis',(0.382683432365045,-5.89510413542515E-13,-0.923879532511305));
#5448=DIRECTION('',(-0.707106781186542,-3.91735160499865E-13,-0.707106781186553));
#5449=DIRECTION('',(-7.66500827602633E-28,6.13453753276264E-13,1.));
#5450=DIRECTION('center_axis',(-1.,5.94565764389587E-14,0.));
#5451=DIRECTION('ref_axis',(6.28036983473324E-14,0.707106781186323,-0.707106781186772));
#5452=DIRECTION('center_axis',(0.707106781186547,-2.22132820962835E-30,
0.707106781186548));
#5453=DIRECTION('ref_axis',(0.707106781186548,-8.42084744442509E-14,-0.707106781186547));
#5454=DIRECTION('center_axis',(1.,-2.368475785867E-15,8.20831342299841E-31));
#5455=DIRECTION('ref_axis',(6.28036983473324E-14,0.707106781186323,-0.707106781186772));
#5456=DIRECTION('',(-1.,5.94565764389587E-14,0.));
#5457=DIRECTION('center_axis',(-0.707106781186547,2.22132820962835E-30,
-0.707106781186548));
#5458=DIRECTION('ref_axis',(-0.707106781186548,-1.66351931413362E-30,0.707106781186547));
#5459=DIRECTION('',(-1.18329135783152E-30,-1.,-1.95814112270685E-30));
#5460=DIRECTION('',(0.703279777465368,0.10389951499658,-0.703279777465368));
#5461=DIRECTION('',(1.57772181044202E-30,1.,1.56371067009634E-30));
#5462=DIRECTION('center_axis',(0.,0.,1.));
#5463=DIRECTION('ref_axis',(1.,0.,0.));
#5464=DIRECTION('',(-1.18329135783152E-30,-1.,-1.95814112270685E-30));
#5465=DIRECTION('',(-1.,-4.43496582091168E-16,0.));
#5466=DIRECTION('',(0.577350269189626,-0.816496580927726,-8.57270315809102E-32));
#5467=DIRECTION('',(-1.25021830240272E-15,1.,1.04993742268345E-31));
#5468=DIRECTION('',(-0.577350269189877,-0.816496580927548,-8.57270315808915E-32));
#5469=DIRECTION('',(1.,-5.99000730210498E-14,0.));
#5470=DIRECTION('',(-5.70881006530917E-14,-1.,6.13453753276264E-13));
#5471=DIRECTION('center_axis',(1.,-5.94565764389584E-14,4.9882727385103E-16));
#5472=DIRECTION('ref_axis',(-3.14018491736654E-14,-0.707106781186336,0.70710678118676));
#5473=DIRECTION('center_axis',(1.,-1.78329573330416E-15,-1.70318304920018E-17));
#5474=DIRECTION('ref_axis',(-3.14018491736654E-14,-0.707106781186336,0.70710678118676));
#5475=DIRECTION('',(1.,-5.94565764389584E-14,4.9882727385103E-16));
#5476=DIRECTION('center_axis',(1.,-6.66133814775093E-14,-1.47911419728939E-27));
#5477=DIRECTION('ref_axis',(0.,-2.22044604925031E-14,1.));
#5478=DIRECTION('center_axis',(5.94565764389587E-14,1.,-6.13453753276264E-13));
#5479=DIRECTION('ref_axis',(0.,6.14773932244609E-13,1.));
#5480=DIRECTION('center_axis',(0.707106781186539,3.88597883532851E-13,0.707106781186556));
#5481=DIRECTION('ref_axis',(-0.707106781186556,4.88498130835073E-13,0.707106781186539));
#5482=DIRECTION('center_axis',(-5.94565764389587E-14,-1.,6.13453753276264E-13));
#5483=DIRECTION('ref_axis',(0.382683432365045,-5.89528426075861E-13,-0.923879532511305));
#5484=DIRECTION('center_axis',(-0.707106781186542,-3.91735160499865E-13,
-0.707106781186553));
#5485=DIRECTION('ref_axis',(-0.499999999999924,-0.707106781186386,0.500000000000304));
#5486=DIRECTION('center_axis',(0.707106781186324,0.707106781186771,-4.33777308886122E-13));
#5487=DIRECTION('ref_axis',(0.40824829046409,-0.408248290463331,0.816496580927879));
#5488=DIRECTION('',(0.707106781186542,3.91735160499865E-13,0.707106781186553));
#5489=DIRECTION('center_axis',(0.707106781186553,2.42022350010848E-14,-0.707106781186542));
#5490=DIRECTION('ref_axis',(-0.707106781186542,7.42417871400997E-32,-0.707106781186553));
#5491=DIRECTION('',(0.577350269189869,-0.577350269189149,0.577350269189859));
#5492=DIRECTION('',(1.25021830240273E-15,-1.,-3.29769106758725E-14));
#5493=DIRECTION('',(-0.707106781186542,6.32050682634831E-31,-0.707106781186553));
#5494=DIRECTION('',(0.577350269189627,0.577350269189595,0.577350269189656));
#5495=DIRECTION('center_axis',(-1.25021830240273E-15,1.,3.29769106758725E-14));
#5496=DIRECTION('ref_axis',(0.382683432365096,3.20452464650481E-14,-0.923879532511284));
#5497=DIRECTION('',(-1.25021830240273E-15,1.,3.29769106758725E-14));
#5498=DIRECTION('center_axis',(7.88860905221012E-31,1.,1.04993742268345E-31));
#5499=DIRECTION('ref_axis',(0.382683432365096,0.,-0.923879532511284));
#5500=DIRECTION('center_axis',(4.9882727385299E-16,3.29769106758725E-14,
-1.));
#5501=DIRECTION('ref_axis',(4.16333634234132E-17,1.,3.29769106758725E-14));
#5502=DIRECTION('',(1.78329573330416E-15,1.,3.29769106758725E-14));
#5503=DIRECTION('',(-1.,7.88860905221012E-31,-4.9882727385299E-16));
#5504=DIRECTION('center_axis',(0.707106781186542,-6.32050682634831E-31,
0.707106781186553));
#5505=DIRECTION('ref_axis',(-0.500000000000021,0.707106781186537,0.499999999999994));
#5506=DIRECTION('center_axis',(-0.707106781186542,0.,-0.707106781186553));
#5507=DIRECTION('ref_axis',(-0.707106781186553,-2.22044604925032E-14,0.707106781186542));
#5508=DIRECTION('center_axis',(0.707106781186528,-0.707106781186567,-3.92639540476352E-31));
#5509=DIRECTION('ref_axis',(0.408248290463877,0.408248290463855,0.816496580927723));
#5510=DIRECTION('center_axis',(7.88860905221012E-31,1.,1.04993742268345E-31));
#5511=DIRECTION('ref_axis',(0.,0.,1.));
#5512=DIRECTION('center_axis',(-1.,0.,0.));
#5513=DIRECTION('ref_axis',(0.,0.,1.));
#5514=DIRECTION('center_axis',(-1.,7.88860905221012E-31,-4.9882727385299E-16));
#5515=DIRECTION('ref_axis',(0.,0.70710678118654,0.707106781186555));
#5516=DIRECTION('center_axis',(1.,-1.78329573330416E-15,-1.70318304920018E-17));
#5517=DIRECTION('ref_axis',(0.,0.70710678118654,0.707106781186555));
#5518=DIRECTION('center_axis',(1.,-1.78329573330416E-15,-1.70318304920018E-17));
#5519=DIRECTION('ref_axis',(-1.78329573330416E-15,-1.,9.0205620750775E-17));
#5520=DIRECTION('',(-1.78329573330416E-15,-1.,9.02056207507739E-17));
#5521=DIRECTION('center_axis',(-0.707106781186563,-0.707106781186532,4.33777308885976E-13));
#5522=DIRECTION('ref_axis',(6.13453753276236E-13,-1.9581411227066E-30,1.));
#5523=DIRECTION('',(4.58371326765436E-31,-6.13453753276264E-13,-1.));
#5524=DIRECTION('',(-0.703279777465363,0.703279777465331,-0.103899514996868));
#5525=DIRECTION('center_axis',(-0.707106781186548,0.707106781186548,2.99301378245883E-30));
#5526=DIRECTION('ref_axis',(2.27461956081602E-30,-1.95814112270685E-30,
1.));
#5527=DIRECTION('',(0.703279777465461,0.703279777465461,0.10389951499532));
#5528=DIRECTION('',(-4.58371326766404E-31,-4.69113201028927E-30,1.));
#5529=DIRECTION('center_axis',(1.,0.,0.));
#5530=DIRECTION('ref_axis',(-9.87792449816647E-15,-0.707106781186756,-0.707106781186339));
#5531=DIRECTION('',(0.707106781186795,-0.7071067811863,4.33738041711222E-13));
#5532=DIRECTION('',(0.707106781186549,7.42417871400989E-32,-0.707106781186546));
#5533=DIRECTION('center_axis',(1.,0.,0.));
#5534=DIRECTION('ref_axis',(-5.89358559728328E-16,0.70710678118654,-0.707106781186555));
#5535=DIRECTION('',(0.707106781186567,0.707106781186528,7.4241787140097E-32));
#5536=DIRECTION('',(0.707106781186476,7.42417871401066E-32,-0.707106781186619));
#5537=DIRECTION('center_axis',(-1.,2.368475785867E-15,-8.20831342299841E-31));
#5538=DIRECTION('ref_axis',(-2.368475785867E-15,-1.,-1.94411915851788E-45));
#5539=DIRECTION('center_axis',(1.,-2.368475785867E-15,8.20831342299841E-31));
#5540=DIRECTION('ref_axis',(1.40241938705958E-30,-1.,1.04083408559003E-16));
#5541=DIRECTION('center_axis',(-1.,5.70881006530918E-14,1.38777878062059E-16));
#5542=DIRECTION('ref_axis',(5.94565764389587E-14,1.,-6.13349669867705E-13));
#5543=DIRECTION('center_axis',(0.707106781186324,0.707106781186771,-4.33777308886122E-13));
#5544=DIRECTION('ref_axis',(-6.13453753276651E-13,1.04993742268345E-31,
-1.));
#5545=DIRECTION('center_axis',(1.,-5.9900073021052E-14,-3.44863027024222E-15));
#5546=DIRECTION('ref_axis',(-4.18691322315543E-14,-0.70710678118633,0.707106781186765));
#5547=DIRECTION('',(-1.,5.9900073021052E-14,3.44863027024222E-15));
#5548=DIRECTION('center_axis',(3.44863027024249E-15,4.4200754167889E-15,
1.));
#5549=DIRECTION('ref_axis',(4.16333634234081E-17,1.,-4.4200754167889E-15));
#5550=DIRECTION('',(1.25021830240272E-15,-1.,4.4200754167889E-15));
#5551=DIRECTION('',(1.,4.43496582091169E-16,-3.44863027024249E-15));
#5552=DIRECTION('center_axis',(-1.,-4.43496582091169E-16,3.44863027024249E-15));
#5553=DIRECTION('ref_axis',(0.,0.707106781186548,0.707106781186548));
#5554=DIRECTION('center_axis',(0.707106874906486,-0.707106687466597,4.3377725139313E-13));
#5555=DIRECTION('ref_axis',(6.13453590661944E-13,1.27427395975418E-30,-1.));
#5556=DIRECTION('',(-0.707106687466581,-0.707106874906471,2.08383855559508E-7));
#5557=DIRECTION('center_axis',(0.707106781186552,0.707106781186543,2.5250737665765E-30));
#5558=DIRECTION('ref_axis',(1.50785870170982E-30,2.06313486497519E-30,-1.));
#5559=DIRECTION('',(0.707106781186543,-0.707106781186552,-1.93914110070904E-14));
#5560=DIRECTION('center_axis',(0.707106781186557,4.00950314015986E-15,0.707106781186538));
#5561=DIRECTION('ref_axis',(0.707106781186538,1.4848347634208E-31,-0.707106781186557));
#5562=DIRECTION('center_axis',(-1.,1.57772181044202E-30,-4.58371326766404E-31));
#5563=DIRECTION('ref_axis',(-1.57772181044202E-30,-1.,-1.16928021748609E-30));
#5564=DIRECTION('center_axis',(1.,-1.57772181044202E-30,4.58371326766404E-31));
#5565=DIRECTION('ref_axis',(0.,-0.923879532511803,0.382683432363843));
#5566=DIRECTION('',(7.91500317531476E-31,0.707106781186549,0.707106781186546));
#5567=DIRECTION('center_axis',(1.,-1.57772181044202E-30,4.58371326766404E-31));
#5568=DIRECTION('ref_axis',(0.,-0.382683432365502,0.923879532511116));
#5569=DIRECTION('',(1.57772181044202E-30,1.,1.56371067009634E-30));
#5570=DIRECTION('',(-1.57772181044202E-30,-1.,1.81042050038012E-16));
#5571=DIRECTION('center_axis',(1.,-1.57772181044202E-30,4.58371326766404E-31));
#5572=DIRECTION('ref_axis',(0.,0.382683432368913,0.923879532509703));
#5573=DIRECTION('',(1.43973526444698E-30,0.707106781186113,-0.707106781186982));
#5574=DIRECTION('center_axis',(1.,-1.57772181044202E-30,4.58371326766404E-31));
#5575=DIRECTION('ref_axis',(0.,0.923879532511762,0.382683432363941));
#5576=DIRECTION('center_axis',(-1.70318304920018E-17,-1.81042050038012E-16,
-1.));
#5577=DIRECTION('ref_axis',(1.,-1.78329573330412E-15,-1.70318304920014E-17));
#5578=DIRECTION('center_axis',(-0.707106781186547,2.22132820962835E-30,
-0.707106781186548));
#5579=DIRECTION('ref_axis',(-0.707106781186548,-1.66351931413362E-30,0.707106781186547));
#5580=DIRECTION('',(-0.703279777465464,0.103899514995284,0.703279777465464));
#5581=DIRECTION('center_axis',(0.986846822288789,-0.149352632837365,0.061863886097361));
#5582=DIRECTION('ref_axis',(0.143999287256525,0.63821794128959,-0.756268513615165));
#5583=DIRECTION('',(-0.703279777465457,-0.423825848101999,0.570761951332391));
#5584=DIRECTION('center_axis',(-0.707106781186551,0.499999999999996,-0.499999999999999));
#5585=DIRECTION('ref_axis',(-0.577350269189623,-4.69067995882623E-30,0.816496580927728));
#5586=DIRECTION('',(6.03021921205361E-31,-0.707106781186549,-0.707106781186546));
#5587=DIRECTION('',(0.703279777465459,0.570761951332366,-0.423825848102029));
#5588=DIRECTION('center_axis',(-3.13599440629721E-16,0.707106781186546,
-0.707106781186549));
#5589=DIRECTION('ref_axis',(-1.,-3.94430452610507E-31,4.43496582091165E-16));
#5590=DIRECTION('',(-1.,-4.43496582091169E-16,-1.18534390292631E-30));
#5591=DIRECTION('',(-8.84037839592504E-16,0.707106781186549,0.707106781186546));
#5592=DIRECTION('',(1.,4.43496582091168E-16,0.));
#5593=DIRECTION('center_axis',(0.986846822288534,0.0618638860979962,0.149352632838784));
#5594=DIRECTION('ref_axis',(0.143999287257809,-0.756268513616142,-0.638217941288142));
#5595=DIRECTION('',(-0.703279777465359,0.570761951333489,0.423825848100682));
#5596=DIRECTION('center_axis',(-0.707106781186554,-0.500000000000303,-0.499999999999688));
#5597=DIRECTION('ref_axis',(-0.577350269189382,-4.69067995882706E-30,0.816496580927898));
#5598=DIRECTION('',(-2.27644860768995E-30,-0.707106781186113,0.707106781186982));
#5599=DIRECTION('',(0.703279777465376,-0.423825848101551,-0.570761951332824));
#5600=DIRECTION('center_axis',(-4.23557478267797E-14,-0.707106781186982,
-0.707106781186113));
#5601=DIRECTION('ref_axis',(-1.,-1.40079940819113E-43,5.99000730211235E-14));
#5602=DIRECTION('',(-1.,5.99000730210498E-14,0.));
#5603=DIRECTION('',(-8.84037839591956E-16,0.707106781186113,-0.707106781186982));
#5604=DIRECTION('',(1.,-5.99000730210498E-14,0.));
#5605=DIRECTION('center_axis',(0.986846822288557,0.1493526328387,0.0618638860978269));
#5606=DIRECTION('ref_axis',(0.143999287257713,-0.986050828535635,0.083474360215934));
#5607=DIRECTION('center_axis',(1.,-5.99000730210498E-14,0.));
#5608=DIRECTION('ref_axis',(-5.44769189905814E-14,-0.923879532511522,-0.382683432364522));
#5609=DIRECTION('center_axis',(-0.707106781186533,0.500000000000317,0.499999999999703));
#5610=DIRECTION('ref_axis',(-0.707106781186562,-0.500000000000254,-0.499999999999726));
#5611=DIRECTION('center_axis',(0.986846822288796,-0.0618638860973429,0.149352632837324));
#5612=DIRECTION('ref_axis',(0.143999287256493,-0.0834743602143206,-0.986050828535949));
#5613=DIRECTION('center_axis',(1.,4.43496582091168E-16,0.));
#5614=DIRECTION('ref_axis',(0.,0.382683432365089,-0.923879532511287));
#5615=DIRECTION('center_axis',(-0.707106781186547,-0.5,0.500000000000001));
#5616=DIRECTION('ref_axis',(-0.707106781186548,0.499999999999998,-0.500000000000001));
#5617=DIRECTION('center_axis',(1.,4.43496582091169E-16,1.18534390292631E-30));
#5618=DIRECTION('ref_axis',(0.,0.923879532511286,-0.382683432365091));
#5619=DIRECTION('center_axis',(-0.707106781186547,-0.5,0.500000000000001));
#5620=DIRECTION('ref_axis',(-0.707106781186548,0.499999999999998,-0.500000000000001));
#5621=DIRECTION('center_axis',(1.,-5.99000730210498E-14,0.));
#5622=DIRECTION('ref_axis',(-2.24316725255364E-14,-0.382683432365375,-0.923879532511169));
#5623=DIRECTION('center_axis',(-0.707106781186533,0.500000000000317,0.499999999999703));
#5624=DIRECTION('ref_axis',(-0.707106781186562,-0.500000000000254,-0.499999999999726));
#5625=DIRECTION('center_axis',(-0.999999999999984,-9.67872655530637E-8,
1.47349325380473E-7));
#5626=DIRECTION('ref_axis',(-3.57527455968954E-8,-0.707106903255275,-0.707106659117798));
#5627=DIRECTION('',(0.70710678118654,0.500000172630927,0.499999827369023));
#5628=DIRECTION('center_axis',(0.707106781186533,-0.500000000000317,-0.499999999999703));
#5629=DIRECTION('ref_axis',(-0.577350269189405,2.94986693075231E-30,-0.816496580927882));
#5630=DIRECTION('',(-0.707106781186562,-0.500000000000231,-0.499999999999749));
#5631=DIRECTION('center_axis',(-1.,-3.97039431971553E-14,-1.32522269608721E-13));
#5632=DIRECTION('ref_axis',(1.32515803512892E-13,-3.84537248947415E-14,
-1.));
#5633=DIRECTION('',(0.707106781186554,5.54040314488273E-14,0.707106781186541));
#5634=DIRECTION('center_axis',(-1.,6.14017337868658E-15,1.33351004665954E-14));
#5635=DIRECTION('ref_axis',(-5.49532360539323E-15,0.707106781186556,-0.707106781186539));
#5636=DIRECTION('',(0.707106781186548,-0.500000000000012,0.499999999999987));
#5637=DIRECTION('',(-0.707106781186554,9.48261307489588E-15,-0.707106781186541));
#5638=DIRECTION('center_axis',(0.707106781186547,0.5,-0.500000000000001));
#5639=DIRECTION('ref_axis',(-0.577350269189627,3.36624463470099E-30,-0.816496580927725));
#5640=DIRECTION('',(-0.707106781186548,0.500000000000003,-0.499999999999996));
#5641=DIRECTION('center_axis',(-1.,-7.00657821126191E-15,1.37117982198889E-14));
#5642=DIRECTION('ref_axis',(-1.46018598657593E-14,0.70710678118655,-0.707106781186545));
#5643=DIRECTION('center_axis',(0.707106781186541,8.84037839592492E-16,-0.707106781186554));
#5644=DIRECTION('ref_axis',(-0.707106781186554,7.42417871400984E-32,-0.707106781186541));
#5645=DIRECTION('center_axis',(1.,2.36658271566304E-30,-5.41860389853292E-30));
#5646=DIRECTION('ref_axis',(2.19128029228059E-30,-1.,1.04083408559003E-16));
#5647=DIRECTION('',(1.,2.36658271566304E-30,-5.41860389853293E-30));
#5648=DIRECTION('center_axis',(0.707106781186528,-0.707106781186567,-3.92639540476352E-31));
#5649=DIRECTION('ref_axis',(-4.50282420997262E-31,1.04993742268345E-31,
-1.));
#5650=DIRECTION('center_axis',(0.707106781186546,4.00950314015989E-15,0.707106781186549));
#5651=DIRECTION('ref_axis',(0.707106781186549,7.42417871400989E-32,-0.707106781186546));
#5652=DIRECTION('center_axis',(1.,-8.28254585683479E-62,7.88860905221012E-31));
#5653=DIRECTION('ref_axis',(6.87849666173212E-16,-1.,4.4200754167889E-15));
#5654=DIRECTION('',(0.70710728748546,-0.707106274887272,-3.43237817973477E-31));
#5655=DIRECTION('',(-0.707107287485499,-0.707106274887233,-1.45885640776177E-30));
#5656=DIRECTION('center_axis',(-1.,-1.25021830240272E-15,-3.38578484223751E-31));
#5657=DIRECTION('ref_axis',(-6.84100211014666E-18,-1.,4.4200754167889E-15));
#5658=DIRECTION('center_axis',(0.707106099232702,0.707107463139735,-3.25630947926224E-15));
#5659=DIRECTION('ref_axis',(-4.60512147016656E-15,1.27427395975418E-30,
-1.));
#5660=DIRECTION('',(-6.09597452581613E-30,4.60511258755976E-15,1.));
#5661=DIRECTION('',(0.707107463139735,-0.707106099232702,-3.43237455574642E-31));
#5662=DIRECTION('center_axis',(1.,-8.28254585683479E-62,7.88860905221012E-31));
#5663=DIRECTION('ref_axis',(-6.87849666173166E-16,1.,-4.4200754167889E-15));
#5664=DIRECTION('center_axis',(-1.,-1.25021830240272E-15,-3.38578484223751E-31));
#5665=DIRECTION('ref_axis',(6.84100211015199E-18,1.,-4.4200754167889E-15));
#5666=DIRECTION('',(0.70710746313959,0.707106099232847,1.4588563224966E-30));
#5667=DIRECTION('center_axis',(0.707106099232714,-0.707107463139724,3.12546831485186E-15));
#5668=DIRECTION('ref_axis',(4.4200839424852E-15,1.27427395975418E-30,-1.));
#5669=DIRECTION('',(5.86463766829359E-30,-4.4200754167889E-15,-1.));
#5670=DIRECTION('center_axis',(6.841002110151E-18,1.,-4.60511258755976E-15));
#5671=DIRECTION('ref_axis',(-1.38777878078246E-16,-4.60511258755976E-15,
-1.));
#5672=DIRECTION('',(1.,-6.84100211016204E-18,-3.44863027024249E-15));
#5673=DIRECTION('',(-1.,6.84100211016717E-18,3.44863027024249E-15));
#5674=DIRECTION('center_axis',(-1.,6.84100211016204E-18,3.44863027024249E-15));
#5675=DIRECTION('ref_axis',(-6.84100211014666E-18,-1.,4.4200754167889E-15));
#5676=DIRECTION('',(1.,-6.84100211016204E-18,-3.44863027024249E-15));
#5677=DIRECTION('center_axis',(1.,3.94430452610506E-31,7.88860905221012E-31));
#5678=DIRECTION('ref_axis',(6.8784966617321E-16,-1.,4.4200754167889E-15));
#5679=DIRECTION('',(0.707107287485342,-0.70710627488739,-9.01046314068844E-31));
#5680=DIRECTION('',(-0.707107287485452,-0.70710627488728,-2.01666490385683E-30));
#5681=DIRECTION('center_axis',(-1.,-1.25021830240273E-15,-3.38578484223752E-31));
#5682=DIRECTION('ref_axis',(-6.84100211014632E-18,-1.,4.4200754167889E-15));
#5683=DIRECTION('center_axis',(0.707106099232722,0.707107463139716,-3.12546831485182E-15));
#5684=DIRECTION('ref_axis',(-4.42008394248509E-15,2.06313486497519E-30,
-1.));
#5685=DIRECTION('',(-5.86463766829359E-30,4.4200754167889E-15,1.));
#5686=DIRECTION('',(0.707107463139716,-0.707106099232722,-9.01045813102706E-31));
#5687=DIRECTION('center_axis',(1.,3.94430452610506E-31,7.88860905221012E-31));
#5688=DIRECTION('ref_axis',(-6.87849666173136E-16,1.,1.64782403408611E-14));
#5689=DIRECTION('center_axis',(-1.,-1.25021830240273E-15,-3.38578484223752E-31));
#5690=DIRECTION('ref_axis',(6.84100211022376E-18,1.,1.64782403408611E-14));
#5691=DIRECTION('',(0.707107463139575,0.707106099232863,2.01666468002474E-30));
#5692=DIRECTION('center_axis',(0.707106099232729,-0.707107463139708,3.12546831485179E-15));
#5693=DIRECTION('ref_axis',(4.420083942485E-15,2.06313486497519E-30,-1.));
#5694=DIRECTION('',(5.86463766829359E-30,-4.4200754167889E-15,-1.));
#5695=DIRECTION('center_axis',(6.8410021101514E-18,1.,-4.4200754167889E-15));
#5696=DIRECTION('ref_axis',(-1.38777878078246E-16,-4.4200754167889E-15,
-1.));
#5697=DIRECTION('',(1.,-6.84100211016165E-18,-3.44863027024249E-15));
#5698=DIRECTION('',(-1.,6.84100211016678E-18,3.44863027024249E-15));
#5699=DIRECTION('center_axis',(-1.,6.84100211016165E-18,3.44863027024249E-15));
#5700=DIRECTION('ref_axis',(-6.84100211014632E-18,-1.,4.4200754167889E-15));
#5701=DIRECTION('',(1.,-6.84100211016165E-18,-3.44863027024249E-15));
#5702=DIRECTION('center_axis',(-6.84100211015179E-18,-1.,4.4200754167889E-15));
#5703=DIRECTION('ref_axis',(1.38777878078246E-16,4.4200754167889E-15,1.));
#5704=DIRECTION('',(-1.,6.84100211016717E-18,3.44863027024249E-15));
#5705=DIRECTION('center_axis',(-6.8410021101514E-18,-1.,4.4200754167889E-15));
#5706=DIRECTION('ref_axis',(1.38777878078246E-16,4.4200754167889E-15,1.));
#5707=DIRECTION('',(-1.,6.84100211016678E-18,3.44863027024249E-15));
#5708=DIRECTION('center_axis',(-1.,5.94565764389588E-14,1.38777878060612E-16));
#5709=DIRECTION('ref_axis',(5.94565764389587E-14,1.,-6.13349669867705E-13));
#5710=DIRECTION('',(1.,-5.94565764389588E-14,-1.38777878060612E-16));
#5711=DIRECTION('center_axis',(-1.,6.84100211016678E-18,3.44863027024249E-15));
#5712=DIRECTION('ref_axis',(6.84100211022376E-18,1.,1.64782403408611E-14));
#5713=DIRECTION('center_axis',(-1.,6.84100211016717E-18,3.44863027024249E-15));
#5714=DIRECTION('ref_axis',(6.84100211015199E-18,1.,-4.4200754167889E-15));
#5715=DIRECTION('',(-1.14721311774198E-15,1.,-2.43175832486026E-13));
#5716=DIRECTION('',(8.08242361927114E-14,2.43175832486026E-13,1.));
#5717=DIRECTION('',(-8.32028777682508E-16,1.,-2.43193715053354E-13));
#5718=DIRECTION('',(6.26165785888588E-14,2.43193715053354E-13,1.));
#5719=DIRECTION('',(-3.58401081365169E-15,-2.22044604925028E-16,-1.));
#5720=DIRECTION('',(-1.,1.77333472181119E-15,3.58401081365169E-15));
#5721=DIRECTION('',(-1.48513787024447E-16,2.22044604925031E-16,-1.));
#5722=DIRECTION('',(-1.,1.77333472181118E-15,1.48513787024447E-16));
#5723=DIRECTION('',(1.,2.99982261253717E-13,2.71380140580654E-14));
#5724=DIRECTION('',(-2.99982261253717E-13,1.,-2.05661876417852E-13));
#5725=DIRECTION('',(1.93248821631317E-13,2.05818344333549E-13,1.));
#5726=DIRECTION('',(-1.,-3.22900087451449E-13,1.93248821631384E-13));
#5727=DIRECTION('',(1.9328448206946E-13,2.05835348765535E-13,1.));
#5728=DIRECTION('',(-1.,-3.22900087451448E-13,1.93284482069526E-13));
#5729=DIRECTION('',(-1.,-2.2898349882894E-15,1.77635683940025E-15));
#5730=DIRECTION('',(-1.77635683940025E-15,3.28644452629103E-15,-1.));
#5731=DIRECTION('',(0.,0.,1.));
#5732=DIRECTION('',(1.,0.,0.));
#5733=CARTESIAN_POINT('',(0.,0.,0.));
#5734=CARTESIAN_POINT('',(0.,0.,0.));
#5735=CARTESIAN_POINT('',(0.,0.,0.));
#5736=CARTESIAN_POINT('Origin',(0.,-5.0339471076653,-0.5));
#5737=CARTESIAN_POINT('',(5.75234640628259,-1.04514894003036,-9.76845626893707));
#5738=CARTESIAN_POINT('',(5.75234640628259,-1.04514894003036,-7.23154373106293));
#5739=CARTESIAN_POINT('Ctrl Pts',(5.75234640628259,-1.04514894003037,-9.76845626893707));
#5740=CARTESIAN_POINT('Ctrl Pts',(5.69991677648666,-0.969538849004342,-9.60041297967489));
#5741=CARTESIAN_POINT('Ctrl Pts',(5.65261413424796,-0.904628087360343,-9.41431428082709));
#5742=CARTESIAN_POINT('Ctrl Pts',(5.57536585489137,-0.800690705478832,-8.98193125634862));
#5743=CARTESIAN_POINT('Ctrl Pts',(5.55357301203239,-0.77274694808285,-8.73164712814074));
#5744=CARTESIAN_POINT('Ctrl Pts',(5.55357301203239,-0.77274694808285,-8.5));
#5745=CARTESIAN_POINT('Ctrl Pts',(5.55357301203239,-0.77274694808285,-8.26835287185926));
#5746=CARTESIAN_POINT('Ctrl Pts',(5.57536585489137,-0.800690705478833,-8.01806874365138));
#5747=CARTESIAN_POINT('Ctrl Pts',(5.65261413424796,-0.904628087360344,-7.58568571917291));
#5748=CARTESIAN_POINT('Ctrl Pts',(5.69991677648666,-0.969538849004342,-7.39958702032511));
#5749=CARTESIAN_POINT('Ctrl Pts',(5.75234640628259,-1.04514894003037,-7.23154373106293));
#5750=CARTESIAN_POINT('',(5.75234640628259,-1.04514894003036,-12.5));
#5751=CARTESIAN_POINT('',(5.75234640628259,-1.04514894003036,-0.5));
#5752=CARTESIAN_POINT('',(3.05816267364673,1.26269017436976,-12.5));
#5753=CARTESIAN_POINT('Origin',(0.,-5.0339471076653,-12.5));
#5754=CARTESIAN_POINT('',(3.05816267364673,1.26269017436976,-4.16333634234434E-16));
#5755=CARTESIAN_POINT('',(3.05816267364673,1.26269017436976,-0.5));
#5756=CARTESIAN_POINT('',(5.75234640628259,-1.04514894003036,-4.16333634234434E-16));
#5757=CARTESIAN_POINT('Origin',(0.,-5.0339471076653,-4.16333634234434E-16));
#5758=CARTESIAN_POINT('',(5.75234640628259,-1.04514894003036,-0.5));
#5759=CARTESIAN_POINT('Origin',(0.34813468269387,-2.51697355383265,-8.5));
#5760=CARTESIAN_POINT('',(1.85234640628259,-2.51697355383258,-10.043));
#5761=CARTESIAN_POINT('Origin',(1.85234640628259,-2.51697355383265,-8.5));
#5762=CARTESIAN_POINT('',(5.35234640628259,-2.51697355383258,-10.043));
#5763=CARTESIAN_POINT('',(0.34813468269387,-2.51697355383258,-10.043));
#5764=CARTESIAN_POINT('',(5.35234640628259,-1.05741490168908,-9.00053725231279));
#5765=CARTESIAN_POINT('Origin',(5.35234640628259,-2.51697355383265,-8.5));
#5766=CARTESIAN_POINT('Origin',(5.35234640628259,-2.51697355383265,-8.5));
#5767=CARTESIAN_POINT('Origin',(0.,0.,-0.5));
#5768=CARTESIAN_POINT('',(5.75234640628259,-3.98879816763494,-7.23154373106293));
#5769=CARTESIAN_POINT('',(5.75234640628259,-3.98879816763494,-9.76845626893707));
#5770=CARTESIAN_POINT('Ctrl Pts',(5.75234640628259,-3.98879816763493,-7.23154373106293));
#5771=CARTESIAN_POINT('Ctrl Pts',(5.69991677648666,-4.06440825866096,-7.39958702032511));
#5772=CARTESIAN_POINT('Ctrl Pts',(5.65261413424796,-4.12931902030496,-7.58568571917291));
#5773=CARTESIAN_POINT('Ctrl Pts',(5.57536585489137,-4.23325640218647,-8.01806874365138));
#5774=CARTESIAN_POINT('Ctrl Pts',(5.55357301203239,-4.26120015958245,-8.26835287185926));
#5775=CARTESIAN_POINT('Ctrl Pts',(5.55357301203239,-4.26120015958245,-8.73164712814074));
#5776=CARTESIAN_POINT('Ctrl Pts',(5.57536585489137,-4.23325640218647,-8.98193125634862));
#5777=CARTESIAN_POINT('Ctrl Pts',(5.65261413424796,-4.12931902030496,-9.41431428082709));
#5778=CARTESIAN_POINT('Ctrl Pts',(5.69991677648666,-4.06440825866096,-9.60041297967489));
#5779=CARTESIAN_POINT('Ctrl Pts',(5.75234640628259,-3.98879816763493,-9.76845626893707));
#5780=CARTESIAN_POINT('',(5.75234640628259,-3.98879816763494,-4.16333634234434E-16));
#5781=CARTESIAN_POINT('',(5.75234640628259,-3.98879816763494,-0.5));
#5782=CARTESIAN_POINT('',(3.05816267364726,-6.29663728203616,-4.16333634234434E-16));
#5783=CARTESIAN_POINT('Origin',(0.,0.,-4.16333634234434E-16));
#5784=CARTESIAN_POINT('',(3.05816267364726,-6.29663728203616,-12.5));
#5785=CARTESIAN_POINT('',(3.05816267364726,-6.29663728203616,-0.5));
#5786=CARTESIAN_POINT('',(5.75234640628259,-3.98879816763494,-12.5));
#5787=CARTESIAN_POINT('Origin',(0.,0.,-12.5));
#5788=CARTESIAN_POINT('',(5.75234640628259,-3.98879816763494,-0.5));
#5789=CARTESIAN_POINT('Origin',(3.75234640628259,-2.51697355383326,-4.16333634234434E-16));
#5790=CARTESIAN_POINT('',(2.05234640628259,-5.21697355383265,-4.16333634234434E-16));
#5791=CARTESIAN_POINT('',(2.05234640628259,-5.66697355383265,-4.16333634234434E-16));
#5792=CARTESIAN_POINT('',(2.05234640628259,-5.21697355383265,-4.16333634234434E-16));
#5793=CARTESIAN_POINT('Origin',(2.75234640628259,-5.66697355383265,-4.16333634234434E-16));
#5794=CARTESIAN_POINT('',(5.75234640628259,-2.01697355383295,-4.16333634234434E-16));
#5795=CARTESIAN_POINT('',(2.05234640628381,0.63302644616735,-4.16333634234434E-16));
#5796=CARTESIAN_POINT('Origin',(2.75234640628259,0.63302644616735,-4.16333634234434E-16));
#5797=CARTESIAN_POINT('',(2.05234640628259,0.18302644616735,-4.16333634234434E-16));
#5798=CARTESIAN_POINT('',(2.05234640628259,0.18302644616735,-4.16333634234434E-16));
#5799=CARTESIAN_POINT('',(1.80234640628259,-0.0669735538326502,-4.16333634234434E-16));
#5800=CARTESIAN_POINT('Origin',(1.80234640628259,0.18302644616735,-4.16333634234434E-16));
#5801=CARTESIAN_POINT('',(1.70234640628259,-0.0669735538326502,-4.16333634234434E-16));
#5802=CARTESIAN_POINT('',(1.70234640628259,-0.0669735538326502,-4.16333634234434E-16));
#5803=CARTESIAN_POINT('',(1.45234640628259,-0.31697355383265,-4.16333634234434E-16));
#5804=CARTESIAN_POINT('Origin',(1.70234640628259,-0.31697355383265,-4.16333634234434E-16));
#5805=CARTESIAN_POINT('',(1.45234640628259,-4.71697355383265,-4.16333634234434E-16));
#5806=CARTESIAN_POINT('',(1.45234640628259,-2.51697355383265,-4.16333634234434E-16));
#5807=CARTESIAN_POINT('',(1.70234640628259,-4.96697355383265,-4.16333634234434E-16));
#5808=CARTESIAN_POINT('Origin',(1.70234640628259,-4.71697355383265,-4.16333634234434E-16));
#5809=CARTESIAN_POINT('',(1.80234640628259,-4.96697355383265,-4.16333634234434E-16));
#5810=CARTESIAN_POINT('',(1.70234640628259,-4.96697355383265,-4.16333634234434E-16));
#5811=CARTESIAN_POINT('Origin',(1.80234640628259,-5.21697355383265,-4.16333634234434E-16));
#5812=CARTESIAN_POINT('Origin',(5.55234640628259,-2.51697355383265,-8.5));
#5813=CARTESIAN_POINT('',(5.75234640628259,-2.51697355383256,-10.443));
#5814=CARTESIAN_POINT('',(5.55234640628259,-2.51697355383257,-10.243));
#5815=CARTESIAN_POINT('Origin',(5.75234640628259,-2.51697355383265,-8.5));
#5816=CARTESIAN_POINT('Origin',(5.75234640628259,-2.51697355383265,-8.5));
#5817=CARTESIAN_POINT('Origin',(5.75234640628259,-2.51697355383265,-8.5));
#5818=CARTESIAN_POINT('Origin',(5.75234640628259,-1.51697355383265,-0.5));
#5819=CARTESIAN_POINT('',(5.75234640628259,-2.01697355383295,-12.5));
#5820=CARTESIAN_POINT('Origin',(1.65234640628259,-2.51697355383265,-8.5));
#5821=CARTESIAN_POINT('',(1.45234640628259,-2.51697355383256,-10.443));
#5822=CARTESIAN_POINT('',(1.65234640628259,-2.51697355383257,-10.243));
#5823=CARTESIAN_POINT('Origin',(1.45234640628259,-2.51697355383265,-8.5));
#5824=CARTESIAN_POINT('Origin',(1.45234640628259,-4.71697355383265,-0.5));
#5825=CARTESIAN_POINT('',(1.45234640628259,-0.31697355383265,-12.5));
#5826=CARTESIAN_POINT('',(1.45234640628259,-0.31697355383265,-0.5));
#5827=CARTESIAN_POINT('',(1.45234640628259,-4.71697355383265,-12.5));
#5828=CARTESIAN_POINT('',(1.45234640628259,-2.51697355383265,-12.5));
#5829=CARTESIAN_POINT('',(1.45234640628259,-4.71697355383265,-0.5));
#5830=CARTESIAN_POINT('Origin',(5.75234640628259,-1.51697355383265,-0.5));
#5831=CARTESIAN_POINT('Origin',(2.75234640628259,-5.66697355383265,-0.5));
#5832=CARTESIAN_POINT('',(2.05234640628259,-5.66697355383265,-12.5));
#5833=CARTESIAN_POINT('',(2.05234640628259,-5.66697355383265,-0.5));
#5834=CARTESIAN_POINT('Origin',(2.75234640628259,-5.66697355383265,-12.5));
#5835=CARTESIAN_POINT('Origin',(2.75234640628259,0.63302644616735,-0.5));
#5836=CARTESIAN_POINT('',(2.05234640628381,0.63302644616735,-12.5));
#5837=CARTESIAN_POINT('Origin',(2.75234640628259,0.63302644616735,-12.5));
#5838=CARTESIAN_POINT('',(2.05234640628381,0.63302644616735,-0.5));
#5839=CARTESIAN_POINT('Origin',(2.05234640628259,0.18302644616735,-0.5));
#5840=CARTESIAN_POINT('',(2.05234640628259,0.18302644616735,-12.5));
#5841=CARTESIAN_POINT('',(2.05234640628259,0.18302644616735,-12.5));
#5842=CARTESIAN_POINT('',(2.05234640628259,0.18302644616735,-0.5));
#5843=CARTESIAN_POINT('Origin',(1.80234640628259,0.18302644616735,-0.5));
#5844=CARTESIAN_POINT('',(1.80234640628259,-0.0669735538326502,-12.5));
#5845=CARTESIAN_POINT('Origin',(1.80234640628259,0.18302644616735,-12.5));
#5846=CARTESIAN_POINT('',(1.80234640628259,-0.0669735538326502,-0.5));
#5847=CARTESIAN_POINT('Origin',(1.70234640628259,-0.0669735538326502,-0.5));
#5848=CARTESIAN_POINT('',(1.70234640628259,-0.0669735538326502,-12.5));
#5849=CARTESIAN_POINT('',(1.70234640628259,-0.0669735538326502,-12.5));
#5850=CARTESIAN_POINT('',(1.70234640628259,-0.0669735538326502,-0.5));
#5851=CARTESIAN_POINT('Origin',(1.70234640628259,-0.31697355383265,-0.5));
#5852=CARTESIAN_POINT('Origin',(1.70234640628259,-0.31697355383265,-12.5));
#5853=CARTESIAN_POINT('Origin',(1.70234640628259,-4.71697355383265,-0.5));
#5854=CARTESIAN_POINT('',(1.70234640628259,-4.96697355383265,-12.5));
#5855=CARTESIAN_POINT('Origin',(1.70234640628259,-4.71697355383265,-12.5));
#5856=CARTESIAN_POINT('',(1.70234640628259,-4.96697355383265,-0.5));
#5857=CARTESIAN_POINT('Origin',(1.80234640628259,-4.96697355383265,-0.5));
#5858=CARTESIAN_POINT('',(1.80234640628259,-4.96697355383265,-12.5));
#5859=CARTESIAN_POINT('',(1.70234640628259,-4.96697355383265,-12.5));
#5860=CARTESIAN_POINT('',(1.80234640628259,-4.96697355383265,-0.5));
#5861=CARTESIAN_POINT('Origin',(1.80234640628259,-5.21697355383265,-0.5));
#5862=CARTESIAN_POINT('',(2.05234640628259,-5.21697355383265,-12.5));
#5863=CARTESIAN_POINT('Origin',(1.80234640628259,-5.21697355383265,-12.5));
#5864=CARTESIAN_POINT('',(2.05234640628259,-5.21697355383265,-0.5));
#5865=CARTESIAN_POINT('Origin',(2.05234640628259,-5.66697355383265,-0.5));
#5866=CARTESIAN_POINT('',(2.05234640628259,-5.21697355383265,-12.5));
#5867=CARTESIAN_POINT('Origin',(3.75234640628259,-2.51697355383326,-12.5));
#5868=CARTESIAN_POINT('',(0.,0.,0.));
#5869=CARTESIAN_POINT('Origin',(0.,0.,-0.15000000000001));
#5870=CARTESIAN_POINT('',(1.55412658773654,1.90325615114135E-16,-0.15000000000001));
#5871=CARTESIAN_POINT('',(1.90325615114135E-16,-1.55412658773654,-0.15000000000001));
#5872=CARTESIAN_POINT('Origin',(0.,0.,-0.15000000000001));
#5873=CARTESIAN_POINT('',(2.08695317101346E-16,-1.70412658773654,-8.88178419700125E-15));
#5874=CARTESIAN_POINT('Origin',(2.08695317101346E-16,-1.70412658773654,
-0.15000000000001));
#5875=CARTESIAN_POINT('Origin',(0.,0.,-8.88178419700125E-15));
#5876=CARTESIAN_POINT('Origin',(0.,0.,-0.15000000000001));
#5877=CARTESIAN_POINT('Origin',(2.69880267346701E-78,0.,-35.));
#5878=CARTESIAN_POINT('',(1.55412658773654,-1.90325615114135E-16,-16.5034529916391));
#5879=CARTESIAN_POINT('Origin',(2.69880267346701E-78,0.,-16.5034529916391));
#5880=CARTESIAN_POINT('',(1.55412658773654,-1.90325615114135E-16,-35.));
#5881=CARTESIAN_POINT('Origin',(-2.6,0.,-8.88178419700125E-15));
#5882=CARTESIAN_POINT('',(-2.6,-3.18408167778312E-16,-8.98181507307479E-15));
#5883=CARTESIAN_POINT('Origin',(-3.95648656073325E-63,0.,-8.88178419700125E-15));
#5884=CARTESIAN_POINT('Origin',(-1.3452054306493E-62,0.,2.99999999999999));
#5885=CARTESIAN_POINT('',(0.721687836487029,1.25,2.89174682452694));
#5886=CARTESIAN_POINT('',(-0.721687836487029,1.25,2.89174682452694));
#5887=CARTESIAN_POINT('Ctrl Pts',(0.721687836487,1.25,2.89174682452692));
#5888=CARTESIAN_POINT('Ctrl Pts',(-3.60822483003176E-15,1.25,2.53090290628343));
#5889=CARTESIAN_POINT('Ctrl Pts',(-0.721687836487011,1.25,2.89174682452693));
#5890=CARTESIAN_POINT('',(1.44337567297406,2.74164141743023E-15,2.89174682452693));
#5891=CARTESIAN_POINT('Ctrl Pts',(1.44337567297405,1.77371563636789E-14,
2.89174682452693));
#5892=CARTESIAN_POINT('Ctrl Pts',(1.08253175473055,0.625,2.53090290628343));
#5893=CARTESIAN_POINT('Ctrl Pts',(0.721687836487038,1.24999999999998,2.89174682452693));
#5894=CARTESIAN_POINT('',(0.721687836487031,-1.25,2.89174682452693));
#5895=CARTESIAN_POINT('Ctrl Pts',(0.721687836487041,-1.24999999999998,2.89174682452692));
#5896=CARTESIAN_POINT('Ctrl Pts',(1.08253175473055,-0.624999999999997,2.53090290628343));
#5897=CARTESIAN_POINT('Ctrl Pts',(1.44337567297405,-1.33323636525214E-14,
2.89174682452692));
#5898=CARTESIAN_POINT('',(3.73142303861192E-16,-1.25,2.69837115155287));
#5899=CARTESIAN_POINT('Ctrl Pts',(0.721687836487013,-1.25,2.89174682452693));
#5900=CARTESIAN_POINT('Ctrl Pts',(0.334936490538895,-1.25,2.69837115155287));
#5901=CARTESIAN_POINT('Ctrl Pts',(5.93203757828965E-16,-1.25,2.69837115155287));
#5902=CARTESIAN_POINT('',(1.90019730271545E-16,-1.55162884844712,2.99999999999999));
#5903=CARTESIAN_POINT('',(1.90019730271545E-16,-1.55162884844712,2.99999999999999));
#5904=CARTESIAN_POINT('Origin',(-1.3452054306493E-62,0.,2.99999999999999));
#5905=CARTESIAN_POINT('',(-0.72168783648703,-1.25,2.89174682452693));
#5906=CARTESIAN_POINT('Ctrl Pts',(5.93203757828965E-16,-1.25,2.69837115155287));
#5907=CARTESIAN_POINT('Ctrl Pts',(-0.334936490538895,-1.25,2.69837115155287));
#5908=CARTESIAN_POINT('Ctrl Pts',(-0.721687836487015,-1.25,2.89174682452693));
#5909=CARTESIAN_POINT('',(-1.44337567297406,-1.22075769992251E-15,2.89174682452693));
#5910=CARTESIAN_POINT('Ctrl Pts',(-1.44337567297405,-1.63606586414422E-14,
2.89174682452693));
#5911=CARTESIAN_POINT('Ctrl Pts',(-1.08253175473055,-0.624999999999999,
2.53090290628343));
#5912=CARTESIAN_POINT('Ctrl Pts',(-0.72168783648704,-1.24999999999998,2.89174682452693));
#5913=CARTESIAN_POINT('Ctrl Pts',(-0.721687836487036,1.24999999999999,2.89174682452693));
#5914=CARTESIAN_POINT('Ctrl Pts',(-1.08253175473054,0.625,2.53090290628342));
#5915=CARTESIAN_POINT('Ctrl Pts',(-1.44337567297405,1.4197590792213E-14,
2.89174682452692));
#5916=CARTESIAN_POINT('Origin',(-3.95648656073325E-63,0.,2.84999999999999));
#5917=CARTESIAN_POINT('',(2.75,-3.36777869765522E-16,2.84999999999999));
#5918=CARTESIAN_POINT('Origin',(-3.95648656073325E-63,0.,2.84999999999999));
#5919=CARTESIAN_POINT('',(2.6,-3.18408167778312E-16,2.99999999999999));
#5920=CARTESIAN_POINT('',(2.75,-3.36777869765522E-16,2.84999999999999));
#5921=CARTESIAN_POINT('Origin',(-3.95648656073325E-63,0.,2.99999999999999));
#5922=CARTESIAN_POINT('Origin',(-3.95648656073325E-63,0.,-45.));
#5923=CARTESIAN_POINT('',(-2.75,3.36777869765522E-16,0.149999999999997));
#5924=CARTESIAN_POINT('',(2.75,-3.36777869765522E-16,0.149999999999997));
#5925=CARTESIAN_POINT('Origin',(-3.95648656073325E-63,0.,0.149999999999997));
#5926=CARTESIAN_POINT('Origin',(-3.95648656073325E-63,0.,0.149999999999997));
#5927=CARTESIAN_POINT('',(2.75,-3.36777869765522E-16,-45.));
#5928=CARTESIAN_POINT('Origin',(-3.95648656073325E-63,0.,-8.88178419700125E-15));
#5929=CARTESIAN_POINT('',(-2.6,-3.18408167778312E-16,-8.88178419700125E-15));
#5930=CARTESIAN_POINT('Origin',(-1.16730015256645E-62,0.,-16.5034529916392));
#5931=CARTESIAN_POINT('',(-1.54692106788775,1.89443193432234E-16,-16.5766118623952));
#5932=CARTESIAN_POINT('',(1.54692106788775,-1.89443193432234E-16,-16.5766118623952));
#5933=CARTESIAN_POINT('Origin',(2.69880267346701E-78,0.,-16.5766118623952));
#5934=CARTESIAN_POINT('Origin',(2.69880267346701E-78,0.,-16.5766118623952));
#5935=CARTESIAN_POINT('Origin',(1.17912658773654,-1.44401360146109E-16,
-16.5034529916392));
#5936=CARTESIAN_POINT('Origin',(0.,0.,-16.7762754055029));
#5937=CARTESIAN_POINT('',(-1.50720551984879,-1.84579441554004E-16,-16.7762754055029));
#5938=CARTESIAN_POINT('',(-1.50720551984879,-1.84579441554004E-16,-16.7762754055029));
#5939=CARTESIAN_POINT('',(1.50720551984879,1.84579441554004E-16,-16.7762754055029));
#5940=CARTESIAN_POINT('Origin',(0.,0.,-16.7762754055029));
#5941=CARTESIAN_POINT('Origin',(0.,0.,-16.7762754055029));
#5942=CARTESIAN_POINT('Origin',(-1.18098885559509E-62,0.,-16.8494342762589));
#5943=CARTESIAN_POINT('',(1.5,-1.83697019872103E-16,-16.8494342762589));
#5944=CARTESIAN_POINT('Origin',(2.69880267346701E-78,0.,-16.8494342762589));
#5945=CARTESIAN_POINT('Origin',(1.875,-2.29621274840129E-16,-16.8494342762589));
#5946=CARTESIAN_POINT('Origin',(2.69880267346701E-78,0.,-35.));
#5947=CARTESIAN_POINT('',(-1.5,1.83697019872103E-16,-29.6752404735808));
#5948=CARTESIAN_POINT('',(1.5,-1.83697019872103E-16,-29.6752404735808));
#5949=CARTESIAN_POINT('Origin',(1.685603527985E-31,-8.42801763992499E-32,
-29.6752404735808));
#5950=CARTESIAN_POINT('Origin',(1.685603527985E-31,-8.42801763992499E-32,
-29.6752404735808));
#5951=CARTESIAN_POINT('',(1.5,-1.83697019872103E-16,-35.));
#5952=CARTESIAN_POINT('Origin',(1.72563323017096E-31,-8.62816615085481E-32,
-30.));
#5953=CARTESIAN_POINT('',(-1.17524047358086,-1.43925448419922E-16,-30.));
#5954=CARTESIAN_POINT('',(-1.17524047358086,-1.43925448419922E-16,-30.));
#5955=CARTESIAN_POINT('Origin',(1.72563323017096E-31,-8.62816615085481E-32,
-30.));
#5956=CARTESIAN_POINT('Origin',(-1.17524047358086,1.41786034002517E-31,
-30.));
#5957=CARTESIAN_POINT('Origin',(-3.95648656073325E-63,0.,2.99999999999999));
#5958=CARTESIAN_POINT('Origin',(-2.6,0.,0.999999999999996));
#5959=CARTESIAN_POINT('',(1.44337567297406,2.38524477946811E-15,0.999999999999996));
#5960=CARTESIAN_POINT('',(0.721687836487029,1.25,0.999999999999996));
#5961=CARTESIAN_POINT('',(1.44337567297406,2.52270771170676E-15,0.999999999999996));
#5962=CARTESIAN_POINT('',(-0.721687836487029,1.25,0.999999999999996));
#5963=CARTESIAN_POINT('',(0.721687836487029,1.25,0.999999999999996));
#5964=CARTESIAN_POINT('',(-1.44337567297406,-8.67361737988404E-16,0.999999999999996));
#5965=CARTESIAN_POINT('',(-0.721687836487029,1.25,0.999999999999996));
#5966=CARTESIAN_POINT('',(-0.721687836487031,-1.25,0.999999999999996));
#5967=CARTESIAN_POINT('',(-1.44337567297406,-1.00182399781276E-15,0.999999999999996));
#5968=CARTESIAN_POINT('',(0.721687836487031,-1.25,0.999999999999996));
#5969=CARTESIAN_POINT('',(-0.721687836487031,-1.25,0.999999999999996));
#5970=CARTESIAN_POINT('',(0.721687836487031,-1.25,0.999999999999996));
#5971=CARTESIAN_POINT('Origin',(1.44337567297406,2.52270771170676E-15,-3.81881307912987));
#5972=CARTESIAN_POINT('',(1.44337567297406,2.52270771170676E-15,-3.81881307912987));
#5973=CARTESIAN_POINT('',(0.721687836487029,1.25,-3.81881307912987));
#5974=CARTESIAN_POINT('Origin',(0.721687836487031,-1.25,-3.81881307912987));
#5975=CARTESIAN_POINT('',(0.721687836487031,-1.25,-3.81881307912987));
#5976=CARTESIAN_POINT('Origin',(-0.721687836487031,-1.25,-3.81881307912987));
#5977=CARTESIAN_POINT('',(-0.721687836487031,-1.25,-3.81881307912987));
#5978=CARTESIAN_POINT('Origin',(-1.44337567297406,-1.00182399781276E-15,
-3.81881307912987));
#5979=CARTESIAN_POINT('',(-1.44337567297406,-1.00182399781276E-15,-3.81881307912987));
#5980=CARTESIAN_POINT('Origin',(-0.721687836487029,1.25,-3.81881307912987));
#5981=CARTESIAN_POINT('',(-0.721687836487029,1.25,-3.81881307912987));
#5982=CARTESIAN_POINT('Origin',(0.721687836487029,1.25,-3.81881307912987));
#5983=CARTESIAN_POINT('',(0.,0.,0.));
#5984=CARTESIAN_POINT('Origin',(-85.9097433381783,92.9,6.18880618185716));
#5985=CARTESIAN_POINT('',(-86.1503055062861,92.9,6.12076323016285));
#5986=CARTESIAN_POINT('',(-85.6691811700705,92.9,6.25684913355146));
#5987=CARTESIAN_POINT('Origin',(-85.9097433381783,92.9,6.18880618185716));
#5988=CARTESIAN_POINT('',(-85.6691811700705,89.1,6.25684913355146));
#5989=CARTESIAN_POINT('',(-85.6691811700705,92.9,6.25684913355146));
#5990=CARTESIAN_POINT('',(-86.1503055062861,89.1,6.12076323016285));
#5991=CARTESIAN_POINT('Origin',(-85.9097433381783,89.1,6.18880618185716));
#5992=CARTESIAN_POINT('',(-86.1503055062861,91.0000000000001,6.12076323016285));
#5993=CARTESIAN_POINT('Origin',(-85.9097433381783,92.9,6.18880618185716));
#5994=CARTESIAN_POINT('',(-85.7097433381783,92.9,6.18880618185716));
#5995=CARTESIAN_POINT('Origin',(-85.9097433381783,92.9,6.18880618185716));
#5996=CARTESIAN_POINT('',(-85.7097433381783,89.1,6.18880618185716));
#5997=CARTESIAN_POINT('',(-85.7097433381783,92.9,6.18880618185716));
#5998=CARTESIAN_POINT('Origin',(-85.9097433381783,89.1,6.18880618185716));
#5999=CARTESIAN_POINT('Origin',(-73.3000000000135,89.1000000000001,10.3270468897235));
#6000=CARTESIAN_POINT('',(-85.7372241217648,89.1,6.49741130165926));
#6001=CARTESIAN_POINT('',(-85.6011382183762,89.1,6.01628696544366));
#6002=CARTESIAN_POINT('',(-73.2183484579804,89.1000000000001,10.0383722879941));
#6003=CARTESIAN_POINT('',(-86.2183484579804,89.1,6.36132539827066));
#6004=CARTESIAN_POINT('',(-73.3000000000135,89.1000000000001,10.3270468897235));
#6005=CARTESIAN_POINT('',(-73.3000000000135,89.1000000000001,10.3270468897235));
#6006=CARTESIAN_POINT('',(-86.3000000000135,89.1,6.65000000000002));
#6007=CARTESIAN_POINT('',(-86.3000000000135,89.1,6.65000000000002));
#6008=CARTESIAN_POINT('',(-86.3000000000135,89.1,6.65000000000002));
#6009=CARTESIAN_POINT('Origin',(-86.3000000000135,92.9,6.65000000000002));
#6010=CARTESIAN_POINT('',(-86.3000000000135,92.9,6.65000000000002));
#6011=CARTESIAN_POINT('',(-86.3000000000135,92.9,6.65000000000002));
#6012=CARTESIAN_POINT('',(-73.3000000000135,92.9000000000001,10.3270468897235));
#6013=CARTESIAN_POINT('',(-73.3000000000135,92.9000000000001,10.3270468897235));
#6014=CARTESIAN_POINT('',(-73.2183484579804,92.9000000000001,10.0383722879941));
#6015=CARTESIAN_POINT('',(-73.3000000000135,92.9000000000001,10.3270468897235));
#6016=CARTESIAN_POINT('',(-85.7372241217648,92.9,6.49741130165926));
#6017=CARTESIAN_POINT('',(-73.2183484579804,92.9000000000001,10.0383722879941));
#6018=CARTESIAN_POINT('',(-85.6011382183762,92.9,6.01628696544366));
#6019=CARTESIAN_POINT('Origin',(-85.6011382183762,92.9,6.01628696544366));
#6020=CARTESIAN_POINT('',(-85.7372241217648,91.95,6.49741130165926));
#6021=CARTESIAN_POINT('Origin',(-79.7183484579804,91.0000000000001,8.1998488431324));
#6022=CARTESIAN_POINT('',(-73.2183484579804,89.1000000000001,10.0383722879941));
#6023=CARTESIAN_POINT('Origin',(-73.3000000000135,92.9000000000001,10.3270468897235));
#6024=CARTESIAN_POINT('',(-73.3000000000135,89.1000000000001,10.3270468897235));
#6025=CARTESIAN_POINT('Origin',(-86.3000000000135,89.1,6.65000000000002));
#6026=CARTESIAN_POINT('',(-86.3000000000135,91.0000000000001,6.65000000000002));
#6027=CARTESIAN_POINT('Origin',(-79.8000000000135,91.0000000000001,8.48852344486176));
#6028=CARTESIAN_POINT('Origin',(-86.4000000000135,88.100000000074,0.414450004559586));
#6029=CARTESIAN_POINT('',(-86.4000000000135,88.100000000074,0.414450004559586));
#6030=CARTESIAN_POINT('',(-84.4659562757295,88.100000000074,0.397639294202927));
#6031=CARTESIAN_POINT('',(-86.3977643688912,88.100000000074,0.414430572451219));
#6032=CARTESIAN_POINT('',(-86.4000000000135,93.900000000074,0.41445000456086));
#6033=CARTESIAN_POINT('',(-86.4000000000135,91.000000000074,0.414450004560223));
#6034=CARTESIAN_POINT('',(-84.4659562757295,93.900000000074,0.397639294204202));
#6035=CARTESIAN_POINT('',(-79.9982478580254,93.900000000074,0.35880596731239));
#6036=CARTESIAN_POINT('',(-84.4659562757295,88.100000000074,0.397639294202927));
#6037=CARTESIAN_POINT('',(-84.8000000000135,91.0000000000741,0.400542802653162));
#6038=CARTESIAN_POINT('Origin',(-85.4000000000135,91.0000000000741,0.405758003368309));
#6039=CARTESIAN_POINT('Origin',(-76.7500000000135,88.1000000000738,1.40000000004161));
#6040=CARTESIAN_POINT('',(-77.7500000000136,88.1000000000738,1.40000000004161));
#6041=CARTESIAN_POINT('Origin',(-76.7500000000135,88.1000000000738,1.40000000004161));
#6042=CARTESIAN_POINT('',(-77.7500000000135,93.9000000000738,1.40000000004288));
#6043=CARTESIAN_POINT('',(-77.7500000000135,88.1000000000738,1.40000000004161));
#6044=CARTESIAN_POINT('Origin',(-76.7500000000135,93.9000000000738,1.40000000004288));
#6045=CARTESIAN_POINT('Origin',(-83.2500000000135,88.1000000000738,1.40000000004161));
#6046=CARTESIAN_POINT('',(-82.5842873563475,88.1000000000736,2.39841207732393));
#6047=CARTESIAN_POINT('',(-82.586660260734,88.100000000074,0.400009804943375));
#6048=CARTESIAN_POINT('Origin',(-83.2500000000135,88.1000000000738,1.40000000004161));
#6049=CARTESIAN_POINT('',(-82.5842873563475,93.9000000000736,2.39841207732517));
#6050=CARTESIAN_POINT('',(-82.5842873563475,88.1000000000736,2.39841207732393));
#6051=CARTESIAN_POINT('',(-82.586660260734,93.900000000074,0.40000980494465));
#6052=CARTESIAN_POINT('Origin',(-83.2500000000135,93.9000000000738,1.40000000004288));
#6053=CARTESIAN_POINT('',(-82.586660260734,88.100000000074,0.400009804943375));
#6054=CARTESIAN_POINT('Origin',(-83.2500000000135,88.1000000000738,1.40000000004161));
#6055=CARTESIAN_POINT('',(-83.9133397392931,88.100000000074,0.400009804943375));
#6056=CARTESIAN_POINT('',(-83.9162560222597,88.1000000000736,2.39804955433275));
#6057=CARTESIAN_POINT('Origin',(-83.2500000000135,88.1000000000738,1.40000000004161));
#6058=CARTESIAN_POINT('',(-83.9133397392931,93.900000000074,0.40000980494465));
#6059=CARTESIAN_POINT('',(-83.9133397392931,88.100000000074,0.400009804943375));
#6060=CARTESIAN_POINT('',(-83.9162560222597,93.9000000000736,2.39804955433403));
#6061=CARTESIAN_POINT('Origin',(-83.2500000000135,93.9000000000738,1.40000000004288));
#6062=CARTESIAN_POINT('',(-83.9162560222597,88.1000000000736,2.39804955433275));
#6063=CARTESIAN_POINT('Origin',(-81.9501158761366,90.1250000000726,6.95000000004202));
#6064=CARTESIAN_POINT('',(-82.5501158761366,89.2500000000726,6.95000000004183));
#6065=CARTESIAN_POINT('',(-81.3501158761366,89.2500000000726,6.95000000004183));
#6066=CARTESIAN_POINT('Origin',(-81.9501158761366,89.2500000000726,6.95000000004183));
#6067=CARTESIAN_POINT('',(-81.3501158761366,92.7500000000726,6.95000000004259));
#6068=CARTESIAN_POINT('',(-81.3501158761366,90.1250000000726,6.95000000004202));
#6069=CARTESIAN_POINT('',(-82.5501158761366,92.7500000000726,6.95000000004259));
#6070=CARTESIAN_POINT('Origin',(-81.9501158761366,92.7500000000726,6.95000000004259));
#6071=CARTESIAN_POINT('',(-82.5501158761366,91.8750000000726,6.9500000000424));
#6072=CARTESIAN_POINT('Origin',(-85.9097433381783,88.1500000000727,6.18880618189875));
#6073=CARTESIAN_POINT('',(-86.1097433381782,92.9000000000728,6.18880618189979));
#6074=CARTESIAN_POINT('Origin',(-85.9097433381783,92.9000000000728,6.18880618189979));
#6075=CARTESIAN_POINT('',(-86.1097433381782,93.8500000000728,6.18880618189996));
#6076=CARTESIAN_POINT('',(-86.1097433381783,88.1500000000727,6.18880618189875));
#6077=CARTESIAN_POINT('Origin',(-85.9097433381783,93.8500000000727,6.18880618189996));
#6078=CARTESIAN_POINT('Origin',(-85.9097433381783,88.1500000000727,6.18880618189875));
#6079=CARTESIAN_POINT('',(-86.1097433381782,88.1500000000728,6.18880618189875));
#6080=CARTESIAN_POINT('Origin',(-85.9097433381783,88.1500000000727,6.18880618189875));
#6081=CARTESIAN_POINT('',(-86.1097433381782,89.1000000000728,6.18880618189896));
#6082=CARTESIAN_POINT('',(-86.1097433381783,88.1500000000727,6.18880618189875));
#6083=CARTESIAN_POINT('Origin',(-85.9097433381783,89.1000000000728,6.18880618189892));
#6084=CARTESIAN_POINT('Origin',(-80.0000000000135,91.000000000074,0.400000000042269));
#6085=CARTESIAN_POINT('',(-79.4000000000135,91.0000000000747,-2.59999999995777));
#6086=CARTESIAN_POINT('Origin',(-80.0000000000135,91.0000000000747,-2.59999999995774));
#6087=CARTESIAN_POINT('',(-79.4000000000135,91.000000000074,0.400000000042233));
#6088=CARTESIAN_POINT('',(-79.4000000000135,91.000000000074,0.400000000042269));
#6089=CARTESIAN_POINT('Origin',(-80.0000000000135,91.000000000074,0.400000000042269));
#6090=CARTESIAN_POINT('Origin',(-74.5477721973119,91.0581981356857,0.400000000042246));
#6091=CARTESIAN_POINT('',(-73.9477721973119,91.0581981356864,-2.59999999995773));
#6092=CARTESIAN_POINT('Origin',(-74.5477721973119,91.0581981356864,-2.59999999995773));
#6093=CARTESIAN_POINT('',(-73.9477721973119,91.0581981356857,0.400000000042282));
#6094=CARTESIAN_POINT('',(-73.9477721973119,91.0581981356857,0.400000000042246));
#6095=CARTESIAN_POINT('Origin',(-74.5477721973119,91.0581981356857,0.400000000042246));
#6096=CARTESIAN_POINT('Origin',(-74.5477721973119,91.0581981356864,-2.59999999995773));
#6097=CARTESIAN_POINT('Origin',(-80.0000000000135,91.0000000000747,-2.59999999995774));
#6098=CARTESIAN_POINT('Origin',(-75.4955443946103,88.100000000074,0.400000000041596));
#6099=CARTESIAN_POINT('',(-75.4955443946103,88.100000000074,0.400000000041596));
#6100=CARTESIAN_POINT('',(-73.6000000000135,88.100000000074,0.400000000041596));
#6101=CARTESIAN_POINT('',(-80.9477721973119,88.100000000074,0.400000000041596));
#6102=CARTESIAN_POINT('',(-75.4955443946103,93.900000000074,0.400000000042835));
#6103=CARTESIAN_POINT('',(-75.4955443946103,88.100000000074,0.400000000041596));
#6104=CARTESIAN_POINT('',(-73.6000000000135,93.900000000074,0.40000000004287));
#6105=CARTESIAN_POINT('',(-74.5477721973119,93.900000000074,0.40000000004287));
#6106=CARTESIAN_POINT('',(-73.6000000000135,88.100000000074,0.400000000041596));
#6107=CARTESIAN_POINT('Origin',(-75.7842195292051,88.1000000000741,-0.099999999958411));
#6108=CARTESIAN_POINT('',(-75.7842195292051,88.1000000000741,-0.099999999958411));
#6109=CARTESIAN_POINT('',(-77.1111920880561,88.1000000000746,-2.39838389213812));
#6110=CARTESIAN_POINT('',(-75.7842195292051,93.9000000000742,-0.0999999999571367));
#6111=CARTESIAN_POINT('',(-75.7842195292051,89.5500000000741,-0.0999999999580924));
#6112=CARTESIAN_POINT('',(-75.5111920880561,93.900000000074,0.372897399973337));
#6113=CARTESIAN_POINT('Origin',(-84.5351635473734,88.100000000074,0.517509804943404));
#6114=CARTESIAN_POINT('',(-84.1786440952861,88.1000000000741,-0.099999999958411));
#6115=CARTESIAN_POINT('',(-84.6345733094207,88.1000000000739,0.689692563577611));
#6116=CARTESIAN_POINT('',(-84.1786440952861,93.9000000000742,-0.0999999999571367));
#6117=CARTESIAN_POINT('',(-83.0345733094207,93.9000000000746,-2.08158872853133));
#6118=CARTESIAN_POINT('',(-84.1786440952861,89.5500000000741,-0.0999999999580924));
#6119=CARTESIAN_POINT('Origin',(-73.6000000000136,88.1000000000742,-0.099999999958411));
#6120=CARTESIAN_POINT('',(-73.6000000000136,93.9000000000735,2.90000000004287));
#6121=CARTESIAN_POINT('',(-73.6000000000136,93.9000000000742,-0.0999999999571367));
#6122=CARTESIAN_POINT('',(-73.6000000000136,88.1000000000735,2.9000000000416));
#6123=CARTESIAN_POINT('',(-73.6000000000136,88.1000000000735,2.9000000000416));
#6124=CARTESIAN_POINT('',(-73.6000000000136,88.1000000000742,-0.099999999958411));
#6125=CARTESIAN_POINT('Origin',(-73.6000000000136,93.9000000000742,-0.0999999999571367));
#6126=CARTESIAN_POINT('',(-78.4226497308239,93.9000000000742,-0.0999999999571367));
#6127=CARTESIAN_POINT('',(-86.4000000000135,93.9000000000742,-0.0999999999571367));
#6128=CARTESIAN_POINT('',(-78.7113248654187,93.900000000074,0.40000000004287));
#6129=CARTESIAN_POINT('',(-77.8198185144726,93.9000000000744,-1.14413429506613));
#6130=CARTESIAN_POINT('',(-81.2886751346083,93.900000000074,0.40000000004287));
#6131=CARTESIAN_POINT('',(-76.1556624327161,93.900000000074,0.40000000004287));
#6132=CARTESIAN_POINT('',(-81.5773502692031,93.9000000000742,-0.0999999999571367));
#6133=CARTESIAN_POINT('',(-80.435843918257,93.9000000000737,1.87714699704408));
#6134=CARTESIAN_POINT('',(-86.4000000000135,93.9000000000742,-0.0999999999571367));
#6135=CARTESIAN_POINT('',(-86.4000000000135,93.9000000000735,2.90000000004287));
#6136=CARTESIAN_POINT('',(-86.4000000000135,93.9000000000742,-0.0999999999571367));
#6137=CARTESIAN_POINT('',(-81.0000000000135,93.9000000000735,2.90000000004287));
#6138=CARTESIAN_POINT('',(-80.0000000000135,93.9000000000735,2.90000000004287));
#6139=CARTESIAN_POINT('',(-81.0000000000135,93.9000000000739,0.900000000042878));
#6140=CARTESIAN_POINT('',(-81.0000000000135,93.9000000000738,1.40000000004288));
#6141=CARTESIAN_POINT('',(-79.0000000000135,93.9000000000739,0.900000000042878));
#6142=CARTESIAN_POINT('',(-77.3000000000135,93.9000000000739,0.900000000042878));
#6143=CARTESIAN_POINT('',(-79.0000000000135,93.9000000000735,2.90000000004287));
#6144=CARTESIAN_POINT('',(-79.0000000000135,93.900000000074,0.40000000004287));
#6145=CARTESIAN_POINT('',(-80.0000000000135,93.9000000000735,2.90000000004287));
#6146=CARTESIAN_POINT('',(-82.586660260734,93.900000000074,0.40000980494465));
#6147=CARTESIAN_POINT('',(-82.5842873563475,93.9000000000736,2.39841207732517));
#6148=CARTESIAN_POINT('Origin',(-85.6000000000135,92.9000000000727,6.40000000004259));
#6149=CARTESIAN_POINT('',(-85.6000000000135,92.9000000000727,6.40000000004259));
#6150=CARTESIAN_POINT('',(-85.6000000000135,89.1000000000727,6.40000000004176));
#6151=CARTESIAN_POINT('',(-85.6000000000135,91.9500000000727,6.40000000004242));
#6152=CARTESIAN_POINT('',(-85.6000000000135,92.9000000000729,5.5000000000426));
#6153=CARTESIAN_POINT('',(-85.6000000000135,92.9000000000727,6.40000000004259));
#6154=CARTESIAN_POINT('',(-85.6000000000135,89.1000000000729,5.50000000004176));
#6155=CARTESIAN_POINT('',(-85.6000000000136,91.9500000000729,5.50000000004242));
#6156=CARTESIAN_POINT('',(-85.6000000000135,89.1000000000727,6.40000000004176));
#6157=CARTESIAN_POINT('Origin',(-86.3000000000135,92.9000000000727,6.40000000004263));
#6158=CARTESIAN_POINT('',(-86.2500000000135,92.9000000000727,6.40000000004263));
#6159=CARTESIAN_POINT('',(-83.1500000000135,92.9000000000727,6.40000000004259));
#6160=CARTESIAN_POINT('',(-86.2500000000135,92.9000000000729,5.50000000004263));
#6161=CARTESIAN_POINT('',(-86.2500000000135,92.9000000000727,6.40000000004263));
#6162=CARTESIAN_POINT('',(-86.3000000000135,92.9000000000729,5.50000000004263));
#6163=CARTESIAN_POINT('Origin',(-86.2500000000135,89.1000000000727,6.40000000004176));
#6164=CARTESIAN_POINT('',(-86.2500000000135,89.1000000000727,6.40000000004176));
#6165=CARTESIAN_POINT('',(-86.2500000000135,90.0500000000727,6.40000000004197));
#6166=CARTESIAN_POINT('',(-86.2500000000135,89.1000000000729,5.50000000004176));
#6167=CARTESIAN_POINT('',(-86.2500000000135,89.1000000000727,6.40000000004176));
#6168=CARTESIAN_POINT('',(-86.2500000000135,90.0500000000729,5.50000000004197));
#6169=CARTESIAN_POINT('Origin',(-85.4000000000135,89.1000000000727,6.40000000004179));
#6170=CARTESIAN_POINT('',(-82.7000000000135,89.1000000000727,6.40000000004176));
#6171=CARTESIAN_POINT('',(-85.4000000000135,89.1000000000729,5.5000000000418));
#6172=CARTESIAN_POINT('Origin',(-85.8500000000136,91.0000000000729,5.50000000004225));
#6173=CARTESIAN_POINT('Origin',(-81.3501158761366,92.7500000000727,6.4000000000426));
#6174=CARTESIAN_POINT('',(-81.3501158761366,92.7500000000727,6.4000000000426));
#6175=CARTESIAN_POINT('',(-81.3501158761366,92.7500000000727,6.4000000000426));
#6176=CARTESIAN_POINT('',(-82.5501158761366,92.7500000000727,6.40000000004256));
#6177=CARTESIAN_POINT('',(-80.6750579380751,92.7500000000727,6.40000000004256));
#6178=CARTESIAN_POINT('',(-82.5501158761366,92.7500000000727,6.40000000004256));
#6179=CARTESIAN_POINT('Origin',(-81.3501158761366,89.2500000000727,6.40000000004183));
#6180=CARTESIAN_POINT('',(-81.3501158761366,89.2500000000727,6.40000000004183));
#6181=CARTESIAN_POINT('',(-81.3501158761366,89.2500000000727,6.40000000004183));
#6182=CARTESIAN_POINT('',(-81.3501158761366,90.1250000000727,6.40000000004202));
#6183=CARTESIAN_POINT('Origin',(-82.5501158761366,89.2500000000727,6.40000000004183));
#6184=CARTESIAN_POINT('',(-82.5501158761366,89.2500000000727,6.40000000004183));
#6185=CARTESIAN_POINT('',(-82.5501158761366,89.2500000000727,6.40000000004183));
#6186=CARTESIAN_POINT('',(-81.275057938075,89.2500000000727,6.40000000004183));
#6187=CARTESIAN_POINT('Origin',(-82.5501158761366,92.7500000000727,6.40000000004256));
#6188=CARTESIAN_POINT('',(-82.5501158761366,91.8750000000727,6.4000000000424));
#6189=CARTESIAN_POINT('Origin',(-83.9133397392931,88.100000000074,0.400009804943375));
#6190=CARTESIAN_POINT('',(-82.586660260734,88.100000000074,0.400009804943375));
#6191=CARTESIAN_POINT('Origin',(-82.5842873563475,88.1000000000736,2.39841207732393));
#6192=CARTESIAN_POINT('',(-82.5842873563475,88.1000000000736,2.39841207732393));
#6193=CARTESIAN_POINT('Origin',(-78.4226497308239,93.9000000000742,-0.0999999999571367));
#6194=CARTESIAN_POINT('',(-78.4226497308239,88.1000000000741,-0.099999999958411));
#6195=CARTESIAN_POINT('',(-78.4226497308239,92.4500000000741,-0.0999999999574198));
#6196=CARTESIAN_POINT('',(-78.7113248654187,88.100000000074,0.400000000041596));
#6197=CARTESIAN_POINT('',(-79.4198185144726,88.1000000000738,1.62714699704282));
#6198=CARTESIAN_POINT('',(-78.7113248654187,93.900000000074,0.40000000004287));
#6199=CARTESIAN_POINT('Origin',(-81.2886751346083,93.900000000074,0.40000000004287));
#6200=CARTESIAN_POINT('',(-81.2886751346084,88.100000000074,0.400000000041632));
#6201=CARTESIAN_POINT('',(-81.2886751346083,93.900000000074,0.40000000004287));
#6202=CARTESIAN_POINT('',(-81.5773502692031,88.1000000000741,-0.099999999958411));
#6203=CARTESIAN_POINT('',(-82.035843918257,88.1000000000743,-0.894134295067415));
#6204=CARTESIAN_POINT('',(-81.5773502692031,92.4500000000742,-0.0999999999574553));
#6205=CARTESIAN_POINT('Origin',(-78.7113248654187,93.900000000074,0.40000000004287));
#6206=CARTESIAN_POINT('',(-82.5556624327161,88.100000000074,0.400000000041632));
#6207=CARTESIAN_POINT('Origin',(-80.0000000000135,91.0000000000742,-0.0999999999577383));
#6208=CARTESIAN_POINT('',(-73.6000000000136,88.1000000000742,-0.099999999958411));
#6209=CARTESIAN_POINT('Origin',(-80.0000000000135,91.0000000000742,-0.0999999999577383));
#6210=CARTESIAN_POINT('',(-73.6000000000136,88.1000000000742,-0.099999999958411));
#6211=CARTESIAN_POINT('Origin',(-86.4000000000135,88.1000000000742,-0.099999999958411));
#6212=CARTESIAN_POINT('',(-79.0000000000135,88.1000000000735,2.9000000000416));
#6213=CARTESIAN_POINT('',(-80.0000000000135,88.1000000000735,2.9000000000416));
#6214=CARTESIAN_POINT('',(-79.0000000000135,88.1000000000739,0.900000000041603));
#6215=CARTESIAN_POINT('',(-79.0000000000135,88.1000000000738,1.40000000004161));
#6216=CARTESIAN_POINT('',(-81.0000000000135,88.1000000000739,0.900000000041603));
#6217=CARTESIAN_POINT('',(-82.7000000000135,88.1000000000739,0.900000000041603));
#6218=CARTESIAN_POINT('',(-81.0000000000135,88.1000000000735,2.9000000000416));
#6219=CARTESIAN_POINT('',(-81.0000000000136,88.100000000074,0.400000000041596));
#6220=CARTESIAN_POINT('',(-86.4000000000135,88.1000000000735,2.9000000000416));
#6221=CARTESIAN_POINT('',(-80.0000000000135,88.1000000000735,2.9000000000416));
#6222=CARTESIAN_POINT('',(-86.4000000000135,88.1000000000742,-0.099999999958411));
#6223=CARTESIAN_POINT('Origin',(-81.0000000000135,88.1000000000739,0.900000000041603));
#6224=CARTESIAN_POINT('',(-81.0000000000135,88.1500000000739,0.900000000041614));
#6225=CARTESIAN_POINT('',(-81.0000000000135,88.1000000000739,0.900000000041603));
#6226=CARTESIAN_POINT('',(-81.0000000000135,88.1500000000735,2.90000000004161));
#6227=CARTESIAN_POINT('',(-81.0000000000135,88.1500000000735,2.90000000004161));
#6228=CARTESIAN_POINT('',(-81.0000000000135,88.1000000000735,2.9000000000416));
#6229=CARTESIAN_POINT('Origin',(-79.0000000000135,88.1000000000739,0.900000000041603));
#6230=CARTESIAN_POINT('',(-79.0000000000135,88.1500000000739,0.900000000041614));
#6231=CARTESIAN_POINT('',(-79.0000000000135,88.1000000000739,0.900000000041603));
#6232=CARTESIAN_POINT('',(-81.0000000000135,88.1500000000739,0.900000000041614));
#6233=CARTESIAN_POINT('Origin',(-79.0000000000135,88.1000000000735,2.9000000000416));
#6234=CARTESIAN_POINT('',(-79.0000000000135,88.1500000000735,2.90000000004161));
#6235=CARTESIAN_POINT('',(-79.0000000000135,88.1000000000735,2.9000000000416));
#6236=CARTESIAN_POINT('',(-79.0000000000135,88.1500000000735,2.90000000004161));
#6237=CARTESIAN_POINT('Origin',(-73.6000000000136,88.1000000000735,2.9000000000416));
#6238=CARTESIAN_POINT('',(-79.0000000000135,93.8500000000735,2.90000000004286));
#6239=CARTESIAN_POINT('',(-79.0000000000135,91.0000000000735,2.90000000004227));
#6240=CARTESIAN_POINT('',(-73.6500000000136,93.8500000000735,2.90000000004286));
#6241=CARTESIAN_POINT('',(-73.6000000000136,93.8500000000735,2.90000000004286));
#6242=CARTESIAN_POINT('',(-73.6500000000136,88.1500000000735,2.90000000004161));
#6243=CARTESIAN_POINT('',(-73.6500000000136,88.1000000000735,2.9000000000416));
#6244=CARTESIAN_POINT('',(-83.2500000000135,88.1500000000735,2.90000000004161));
#6245=CARTESIAN_POINT('Origin',(-73.6000000000136,88.1000000000735,2.9000000000416));
#6246=CARTESIAN_POINT('',(-86.3500000000136,88.1500000000735,2.90000000004161));
#6247=CARTESIAN_POINT('',(-83.2500000000135,88.1500000000735,2.90000000004161));
#6248=CARTESIAN_POINT('',(-86.3500000000136,93.8500000000735,2.90000000004286));
#6249=CARTESIAN_POINT('',(-86.3500000000136,93.9000000000735,2.90000000004287));
#6250=CARTESIAN_POINT('',(-81.0000000000135,93.8500000000735,2.90000000004286));
#6251=CARTESIAN_POINT('',(-73.6000000000136,93.8500000000735,2.90000000004286));
#6252=CARTESIAN_POINT('',(-81.0000000000136,91.0000000000735,2.90000000004227));
#6253=CARTESIAN_POINT('',(-86.4000000000135,91.0000000000735,2.90000000004223));
#6254=CARTESIAN_POINT('Origin',(-79.0000000000135,93.9000000000739,0.900000000042878));
#6255=CARTESIAN_POINT('',(-79.0000000000135,93.8500000000739,0.900000000042867));
#6256=CARTESIAN_POINT('',(-79.0000000000135,93.9000000000739,0.900000000042878));
#6257=CARTESIAN_POINT('',(-79.0000000000135,93.8500000000735,2.90000000004286));
#6258=CARTESIAN_POINT('Origin',(-81.0000000000135,93.9000000000739,0.900000000042878));
#6259=CARTESIAN_POINT('',(-81.0000000000135,93.8500000000739,0.900000000042867));
#6260=CARTESIAN_POINT('',(-81.0000000000135,93.9000000000739,0.900000000042878));
#6261=CARTESIAN_POINT('',(-81.0000000000135,93.8500000000739,0.900000000042867));
#6262=CARTESIAN_POINT('Origin',(-81.0000000000135,93.9000000000735,2.90000000004287));
#6263=CARTESIAN_POINT('',(-81.0000000000135,93.8500000000735,2.90000000004286));
#6264=CARTESIAN_POINT('Origin',(-86.3500000000135,91.0000000000731,4.6500000000422));
#6265=CARTESIAN_POINT('',(-86.3500000000135,93.8500000000727,6.4000000000428));
#6266=CARTESIAN_POINT('',(-86.3500000000136,93.8500000000731,4.65000000004283));
#6267=CARTESIAN_POINT('',(-86.3500000000135,88.1500000000727,6.40000000004159));
#6268=CARTESIAN_POINT('',(-86.3500000000136,88.1500000000731,4.65000000004158));
#6269=CARTESIAN_POINT('',(-86.3500000000136,91.0000000000727,6.40000000004221));
#6270=CARTESIAN_POINT('Origin',(-86.4000000000135,93.9000000000742,-0.0999999999571367));
#6271=CARTESIAN_POINT('Origin',(-80.0000000000135,93.8500000000731,4.65000000004283));
#6272=CARTESIAN_POINT('',(-73.6500000000136,93.8500000000727,6.40000000004284));
#6273=CARTESIAN_POINT('',(-80.0000000000135,93.8500000000727,6.4000000000428));
#6274=CARTESIAN_POINT('',(-73.6500000000136,93.8500000000731,4.65000000004283));
#6275=CARTESIAN_POINT('Origin',(-73.6500000000136,91.0000000000731,4.65000000004224));
#6276=CARTESIAN_POINT('',(-73.6500000000135,88.1500000000727,6.40000000004159));
#6277=CARTESIAN_POINT('',(-73.6500000000136,88.1500000000731,4.65000000004158));
#6278=CARTESIAN_POINT('',(-73.6500000000136,91.0000000000727,6.40000000004221));
#6279=CARTESIAN_POINT('Origin',(-80.0000000000135,88.1500000000731,4.65000000004158));
#6280=CARTESIAN_POINT('',(-80.0000000000135,88.1500000000727,6.40000000004159));
#6281=CARTESIAN_POINT('Origin',(-80.0000000000135,91.0000000000727,6.40000000004221));
#6282=CARTESIAN_POINT('Origin',(-85.4000000000135,91.0000000000741,0.400000000042233));
#6283=CARTESIAN_POINT('',(-84.8000000000134,91.0000000000747,-2.5999999999577));
#6284=CARTESIAN_POINT('Origin',(-85.4000000000135,91.0000000000747,-2.5999999999577));
#6285=CARTESIAN_POINT('',(-84.8000000000135,91.0000000000741,0.400000000042233));
#6286=CARTESIAN_POINT('Origin',(-85.4000000000135,91.0000000000747,-2.5999999999577));
#6287=CARTESIAN_POINT('',(0.,0.,0.));
#6288=CARTESIAN_POINT('Origin',(-6.01433409855517E-17,1.41994962939816E-30,
-11.1500000000008));
#6289=CARTESIAN_POINT('',(0.999999999999996,-1.22464679914735E-16,-11.0000000000007));
#6290=CARTESIAN_POINT('Origin',(2.36658271566304E-29,0.,-11.0000000000007));
#6291=CARTESIAN_POINT('',(0.699999999999933,8.57252759403094E-17,-11.3000000000008));
#6292=CARTESIAN_POINT('',(0.849999999999967,1.04094977927522E-16,-11.1500000000008));
#6293=CARTESIAN_POINT('Origin',(-1.20286681971075E-16,2.83989925879632E-30,
-11.3000000000008));
#6294=CARTESIAN_POINT('Origin',(-1.00000000000009,-2.8421709430404E-13,
-11.3000000000008));
#6295=CARTESIAN_POINT('Origin',(0.,0.,-13.3));
#6296=CARTESIAN_POINT('',(1.,-1.22464679914735E-16,-1.3));
#6297=CARTESIAN_POINT('Origin',(1.23259516440783E-31,0.,-1.3));
#6298=CARTESIAN_POINT('',(1.,1.22464679914735E-16,-13.3));
#6299=CARTESIAN_POINT('Origin',(7.63565742604132E-16,0.,-3.33751286714218E-31));
#6300=CARTESIAN_POINT('',(-0.375277674973255,-0.65,1.64032250150828E-16));
#6301=CARTESIAN_POINT('',(0.375277674973257,-0.65,-1.64032250150829E-16));
#6302=CARTESIAN_POINT('Ctrl Pts',(0.375277674970655,-0.65,-1.30101448030377E-12));
#6303=CARTESIAN_POINT('Ctrl Pts',(4.73382800411927E-16,-0.65,-0.187638837485652));
#6304=CARTESIAN_POINT('Ctrl Pts',(-0.375277674970654,-0.65,-1.30050828809684E-12));
#6305=CARTESIAN_POINT('Origin',(7.63565742604132E-16,0.,-3.33751286714218E-31));
#6306=CARTESIAN_POINT('Origin',(7.63565742604132E-16,0.,-3.33751286714218E-31));
#6307=CARTESIAN_POINT('',(6.62618274735031E-17,1.75,-1.105));
#6308=CARTESIAN_POINT('Origin',(2.8057501732429E-16,0.,-1.105));
#6309=CARTESIAN_POINT('',(-1.8971829928822E-17,1.75,-1.3));
#6310=CARTESIAN_POINT('',(5.49252552753345E-16,1.75,-2.40075917480672E-31));
#6311=CARTESIAN_POINT('Origin',(1.95341359921965E-16,0.,-1.3));
#6312=CARTESIAN_POINT('Origin',(9.81509114373787E-16,6.05675464442612E-30,
-1.48575791855204));
#6313=CARTESIAN_POINT('',(-0.999999999999999,-9.60157368181862E-15,4.37095678986282E-16));
#6314=CARTESIAN_POINT('Origin',(7.63565742604132E-16,0.,-3.33751286714218E-31));
#6315=CARTESIAN_POINT('Origin',(-0.999999999999999,-6.98296267768627E-15,
4.37095678986282E-16));
#6316=CARTESIAN_POINT('',(0.375277674973257,0.65,-1.64032250150829E-16));
#6317=CARTESIAN_POINT('',(-0.375277674973256,0.65,1.64032250150829E-16));
#6318=CARTESIAN_POINT('Origin',(7.63565742604132E-16,0.,-3.33751286714218E-31));
#6319=CARTESIAN_POINT('',(0.750555349946514,2.16840434497101E-16,-3.28064500301658E-16));
#6320=CARTESIAN_POINT('Origin',(7.63565742604132E-16,0.,-3.33751286714218E-31));
#6321=CARTESIAN_POINT('Origin',(7.63565742604132E-16,0.,-3.33751286714218E-31));
#6322=CARTESIAN_POINT('',(-0.750555349946512,-1.0842021724855E-16,3.28064500301657E-16));
#6323=CARTESIAN_POINT('Origin',(7.63565742604132E-16,0.,-3.33751286714218E-31));
#6324=CARTESIAN_POINT('Origin',(7.63565742604132E-16,0.,-3.33751286714218E-31));
#6325=CARTESIAN_POINT('Origin',(-1.75,-1.2220184685951E-14,-1.3));
#6326=CARTESIAN_POINT('Origin',(7.63565742604132E-16,0.,-3.33751286714218E-31));
#6327=CARTESIAN_POINT('Ctrl Pts',(0.37527767497456,-0.649999999997745,-1.30230995453377E-12));
#6328=CARTESIAN_POINT('Ctrl Pts',(0.562916512459887,-0.324999999999999,
-0.187638837485652));
#6329=CARTESIAN_POINT('Ctrl Pts',(0.750555349945214,-2.25279729911272E-12,
-1.30103277170304E-12));
#6330=CARTESIAN_POINT('Origin',(7.63565742604132E-16,0.,-3.33751286714218E-31));
#6331=CARTESIAN_POINT('Ctrl Pts',(0.750555349945213,2.25399561277547E-12,
-1.30138902711629E-12));
#6332=CARTESIAN_POINT('Ctrl Pts',(0.562916512459886,0.325,-0.187638837485652));
#6333=CARTESIAN_POINT('Ctrl Pts',(0.375277674974558,0.649999999997747,-1.30085254602502E-12));
#6334=CARTESIAN_POINT('Origin',(7.63565742604132E-16,0.,-3.33751286714218E-31));
#6335=CARTESIAN_POINT('Ctrl Pts',(0.375277674970656,0.65,-1.30073919202989E-12));
#6336=CARTESIAN_POINT('Ctrl Pts',(7.50938556568216E-16,0.65,-0.187638837485652));
#6337=CARTESIAN_POINT('Ctrl Pts',(-0.375277674970654,0.65,-1.30065402894772E-12));
#6338=CARTESIAN_POINT('Origin',(7.63565742604132E-16,0.,-3.33751286714218E-31));
#6339=CARTESIAN_POINT('Ctrl Pts',(-0.375277674974558,0.649999999997745,
-1.30191711632197E-12));
#6340=CARTESIAN_POINT('Ctrl Pts',(-0.562916512459884,0.325,-0.187638837485651));
#6341=CARTESIAN_POINT('Ctrl Pts',(-0.750555349945211,2.25376890478522E-12,
-1.30089483239444E-12));
#6342=CARTESIAN_POINT('Origin',(7.63565742604132E-16,0.,-3.33751286714218E-31));
#6343=CARTESIAN_POINT('Ctrl Pts',(-0.750555349945211,-2.25396322591972E-12,
-1.30095960610594E-12));
#6344=CARTESIAN_POINT('Ctrl Pts',(-0.562916512459884,-0.325,-0.187638837485652));
#6345=CARTESIAN_POINT('Ctrl Pts',(-0.375277674974556,-0.649999999997747,
-1.30089693036584E-12));
#6346=CARTESIAN_POINT('Origin',(-0.375277674973256,-0.65,-0.91));
#6347=CARTESIAN_POINT('',(-0.750555349946513,2.58129674329908E-17,-0.91));
#6348=CARTESIAN_POINT('',(-0.375277674973256,-0.65,-0.91));
#6349=CARTESIAN_POINT('',(-0.750555349946513,2.58129674329908E-17,-0.91));
#6350=CARTESIAN_POINT('',(0.375277674973257,-0.65,-0.91));
#6351=CARTESIAN_POINT('',(-0.375277674973256,-0.65,-0.91));
#6352=CARTESIAN_POINT('',(0.750555349946513,9.28335385697928E-17,-0.91));
#6353=CARTESIAN_POINT('',(0.375277674973257,-0.65,-0.91));
#6354=CARTESIAN_POINT('',(0.375277674973256,0.65,-0.91));
#6355=CARTESIAN_POINT('',(0.750555349946513,9.28335385697928E-17,-0.91));
#6356=CARTESIAN_POINT('',(-0.375277674973257,0.65,-0.91));
#6357=CARTESIAN_POINT('',(0.375277674973256,0.65,-0.91));
#6358=CARTESIAN_POINT('',(-0.375277674973257,0.65,-0.91));
#6359=CARTESIAN_POINT('Origin',(-0.375277674973256,-0.65,-0.91));
#6360=CARTESIAN_POINT('',(-0.375277674973256,-0.65,-0.91));
#6361=CARTESIAN_POINT('',(0.375277674973257,-0.65,-0.91));
#6362=CARTESIAN_POINT('Origin',(0.375277674973257,-0.65,-0.91));
#6363=CARTESIAN_POINT('',(0.750555349946513,9.28335385697928E-17,-0.91));
#6364=CARTESIAN_POINT('Origin',(0.750555349946513,9.28335385697928E-17,
-0.91));
#6365=CARTESIAN_POINT('',(0.375277674973256,0.65,-0.91));
#6366=CARTESIAN_POINT('Origin',(0.375277674973256,0.65,-0.91));
#6367=CARTESIAN_POINT('',(-0.375277674973257,0.65,-0.91));
#6368=CARTESIAN_POINT('Origin',(-0.375277674973257,0.65,-0.91));
#6369=CARTESIAN_POINT('',(-0.750555349946513,2.58129674329908E-17,-0.91));
#6370=CARTESIAN_POINT('Origin',(-0.750555349946513,2.58129674329908E-17,
-0.91));
#6371=CARTESIAN_POINT('',(0.,0.,0.));
#6372=CARTESIAN_POINT('Origin',(-38.2751831928407,-52.947137425757,31.2000019073481));
#6373=CARTESIAN_POINT('',(-38.4751831928407,-48.4688380727597,31.0000009536741));
#6374=CARTESIAN_POINT('',(-38.4751831928408,-46.3221584194777,31.0000019073481));
#6375=CARTESIAN_POINT('',(-38.4751831928407,-52.947137425757,31.0000019073481));
#6376=CARTESIAN_POINT('',(-38.0751831928407,-45.9221584194777,31.4000019073481));
#6377=CARTESIAN_POINT('',(-38.6035182696396,-46.4504934962765,30.8716668305492));
#6378=CARTESIAN_POINT('',(-38.0751831928407,-48.8688380727597,31.4000019073481));
#6379=CARTESIAN_POINT('',(-38.0751831928407,-52.947137425757,31.4000019073481));
#6380=CARTESIAN_POINT('',(-36.7621339364572,-50.1818873291433,32.7130511637316));
#6381=CARTESIAN_POINT('Origin',(-38.2476979664236,-46.0946731930605,36.0000000000001));
#6382=CARTESIAN_POINT('',(-38.4751542314212,-46.3221294580581,31.0000019073481));
#6383=CARTESIAN_POINT('',(-38.4751542314212,-46.3221294580581,27.0000019073481));
#6384=CARTESIAN_POINT('',(-38.4751542314212,-46.3221294580581,36.0000000000001));
#6385=CARTESIAN_POINT('',(-38.4751831928408,-46.3221584194777,27.0000019073481));
#6386=CARTESIAN_POINT('',(-39.8116510103088,-47.6586262369457,27.0000019073481));
#6387=CARTESIAN_POINT('',(-38.0751831928407,-45.9221584194777,26.6000019073481));
#6388=CARTESIAN_POINT('',(-40.9368509671902,-48.7838261938272,29.4616696816976));
#6389=CARTESIAN_POINT('',(-38.0751831928408,-45.9221584194777,18.));
#6390=CARTESIAN_POINT('',(-39.8116510103088,-47.6586262369457,31.0000019073481));
#6391=CARTESIAN_POINT('Origin',(-38.2751831928407,-52.947137425757,26.8000019073481));
#6392=CARTESIAN_POINT('',(-38.4751831928407,-48.4688380727597,27.0000009536742));
#6393=CARTESIAN_POINT('',(-38.0751831928407,-48.8688380727597,26.6000000000002));
#6394=CARTESIAN_POINT('',(-38.4751831928407,-48.4688380727597,27.0000000000002));
#6395=CARTESIAN_POINT('',(-38.0751831928407,-52.947137425757,26.6000019073481));
#6396=CARTESIAN_POINT('',(-38.4751831928407,-52.947137425757,27.0000019073481));
#6397=CARTESIAN_POINT('Origin',(-38.333553398733,-48.6104678668674,36.1167385044366));
#6398=CARTESIAN_POINT('',(-38.0751831928407,-48.8688380727597,18.0583692522183));
#6399=CARTESIAN_POINT('',(-38.4751831928407,-48.4688380727597,36.0000000000001));
#6400=CARTESIAN_POINT('Origin',(-37.0751831928408,-51.122137905044,36.0000000000001));
#6401=CARTESIAN_POINT('',(-38.4751831928407,-53.7754377373284,27.0000009536742));
#6402=CARTESIAN_POINT('Origin',(-37.0751831928408,-51.122137905044,27.0000000000002));
#6403=CARTESIAN_POINT('',(-38.4751831928407,-53.7754377373284,31.0000009536741));
#6404=CARTESIAN_POINT('',(-38.4751831928407,-53.7754377373283,36.0000000000001));
#6405=CARTESIAN_POINT('Origin',(-37.0751831928408,-51.122137905044,31.0000000000001));
#6406=CARTESIAN_POINT('Origin',(-39.5750454299808,-51.122137905044,27.0000019073481));
#6407=CARTESIAN_POINT('',(-38.4751542314212,-55.9221463520299,27.0000019073481));
#6408=CARTESIAN_POINT('Origin',(-37.0751831928408,-51.122137905044,27.0000019073482));
#6409=CARTESIAN_POINT('',(-38.4751831928407,-55.9221173906104,27.0000019073481));
#6410=CARTESIAN_POINT('',(-39.8116510103088,-54.5856495731423,27.0000019073481));
#6411=CARTESIAN_POINT('',(-38.4751831928407,-52.947137425757,27.0000019073481));
#6412=CARTESIAN_POINT('Origin',(-38.0751831928407,-54.77213694647,-8.88178419700137E-15));
#6413=CARTESIAN_POINT('',(-38.0751831928407,-63.1219500140218,48.5000000883602));
#6414=CARTESIAN_POINT('',(-38.0751831928407,-62.6219501023817,49.));
#6415=CARTESIAN_POINT('Ctrl Pts',(-38.0751831928407,-63.1219500140218,48.5000000883602));
#6416=CARTESIAN_POINT('Ctrl Pts',(-38.0751831973036,-63.121950018729,48.6010153315198));
#6417=CARTESIAN_POINT('Ctrl Pts',(-38.0751832055412,-63.0869590343592,48.7174901199764));
#6418=CARTESIAN_POINT('Ctrl Pts',(-38.0751832160212,-63.014438535042,48.8096592548355));
#6419=CARTESIAN_POINT('Ctrl Pts',(-38.0751832230078,-62.9660915354972,48.8711053447416));
#6420=CARTESIAN_POINT('Ctrl Pts',(-38.075183230991,-62.9010647515312,48.9217489219378));
#6421=CARTESIAN_POINT('Ctrl Pts',(-38.0751832385291,-62.8318652671278,48.9539726008251));
#6422=CARTESIAN_POINT('Ctrl Pts',(-38.0751832460672,-62.7626657827244,48.9861962797123));
#6423=CARTESIAN_POINT('Ctrl Pts',(-38.0751832531603,-62.6892935978835,49.0000000602907));
#6424=CARTESIAN_POINT('Ctrl Pts',(-38.0751832591107,-62.6219501023817,49.00000006627));
#6425=CARTESIAN_POINT('',(-38.0751831928407,-63.1219500140481,5.74264039242155));
#6426=CARTESIAN_POINT('',(-38.0751831928407,-63.1219500140516,6.28001888343128E-12));
#6427=CARTESIAN_POINT('',(-38.0751831928407,-62.9755034255852,5.38908705239055));
#6428=CARTESIAN_POINT('Origin',(-38.0751831928407,-62.621950085554,5.74264039242123));
#6429=CARTESIAN_POINT('',(-38.0751831928407,-58.7328629826067,1.14644660940693));
#6430=CARTESIAN_POINT('',(-38.0751831928407,-57.5916832926686,0.00526691946740494));
#6431=CARTESIAN_POINT('',(-38.0751831928407,-58.3793095920133,0.999999999999982));
#6432=CARTESIAN_POINT('Origin',(-38.0751831928408,-58.3793095920132,1.50000000000004));
#6433=CARTESIAN_POINT('',(-38.0751831928408,-43.864524450106,0.999999999999982));
#6434=CARTESIAN_POINT('',(-38.0751831928407,-52.5700436120772,0.999999999999982));
#6435=CARTESIAN_POINT('',(-38.0751831928408,-43.5109710595128,1.14644660940671));
#6436=CARTESIAN_POINT('Origin',(-38.0751831928406,-43.864524450106,1.49999999999998));
#6437=CARTESIAN_POINT('',(-38.0751831928408,-39.2683303723935,5.38908729652599));
#6438=CARTESIAN_POINT('',(-38.0751831928407,-47.3897604725094,-2.73234280358987));
#6439=CARTESIAN_POINT('',(-38.0751831928408,-39.1218837629867,5.74264068711926));
#6440=CARTESIAN_POINT('Origin',(-38.0751831928408,-39.6218837629867,5.74264068711925));
#6441=CARTESIAN_POINT('',(-38.0751831928407,-39.1218837629867,48.4999999999999));
#6442=CARTESIAN_POINT('',(-38.0751831928408,-39.1218837629867,-1.3322676295502E-14));
#6443=CARTESIAN_POINT('',(-38.0751831928408,-39.6218837629867,48.9999999999999));
#6444=CARTESIAN_POINT('Ctrl Pts',(-38.0751831928408,-39.6218837629867,48.9999999999999));
#6445=CARTESIAN_POINT('Ctrl Pts',(-38.0751831928408,-39.5208685085315,48.9999999999999));
#6446=CARTESIAN_POINT('Ctrl Pts',(-38.0751831928408,-39.4043981342076,48.9650168791894));
#6447=CARTESIAN_POINT('Ctrl Pts',(-38.0751831928408,-39.3122295472414,48.8924973392254));
#6448=CARTESIAN_POINT('Ctrl Pts',(-38.0751831928408,-39.2507838225972,48.8441509792494));
#6449=CARTESIAN_POINT('Ctrl Pts',(-38.0751831928408,-39.2001388923343,48.7791217663163));
#6450=CARTESIAN_POINT('Ctrl Pts',(-38.0751831928408,-39.1679138774317,48.7099198972465));
#6451=CARTESIAN_POINT('Ctrl Pts',(-38.0751831928408,-39.135688862529,48.6407180281767));
#6452=CARTESIAN_POINT('Ctrl Pts',(-38.0751831928408,-39.1218837629867,48.56734350297));
#6453=CARTESIAN_POINT('Ctrl Pts',(-38.0751831928408,-39.1218837629867,48.4999999999999));
#6454=CARTESIAN_POINT('',(-38.0751831928407,-59.4723236152523,49.));
#6455=CARTESIAN_POINT('',(-38.0751831928407,-53.3754377373284,31.4000019073481));
#6456=CARTESIAN_POINT('',(-38.0751831928407,-56.3221173906104,31.4000019073481));
#6457=CARTESIAN_POINT('',(-38.0751831928407,-52.947137425757,31.4000019073481));
#6458=CARTESIAN_POINT('',(-38.0751831928407,-53.3754377373283,26.6000000000002));
#6459=CARTESIAN_POINT('',(-38.0751831928407,-53.3754377373284,18.0583692522183));
#6460=CARTESIAN_POINT('',(-38.0751831928407,-56.3221173906104,26.6000019073481));
#6461=CARTESIAN_POINT('',(-38.0751831928407,-52.947137425757,26.6000019073481));
#6462=CARTESIAN_POINT('',(-38.0751831928407,-56.3221173906104,18.));
#6463=CARTESIAN_POINT('',(-38.0751831928407,-47.0031884371177,4.99852229106829));
#6464=CARTESIAN_POINT('Origin',(-38.0751831928407,-47.8531884371177,4.99852229106829));
#6465=CARTESIAN_POINT('',(-38.0751831928407,-45.2218821108984,41.));
#6466=CARTESIAN_POINT('',(-38.0751831928408,-41.0218821108993,40.9999999999999));
#6467=CARTESIAN_POINT('Origin',(-38.0751831928408,-43.1218821108989,41.));
#6468=CARTESIAN_POINT('',(-38.0751831928408,-45.221882110898,46.));
#6469=CARTESIAN_POINT('',(-38.0751831928408,-45.2218821108981,23.));
#6470=CARTESIAN_POINT('',(-38.0751831928408,-41.0218821108995,46.));
#6471=CARTESIAN_POINT('Origin',(-38.0751831928408,-43.1218821108988,46.));
#6472=CARTESIAN_POINT('',(-38.0751831928408,-41.0218821108996,19.9999999999999));
#6473=CARTESIAN_POINT('',(-38.0751831928407,-61.2219500140343,41.));
#6474=CARTESIAN_POINT('',(-38.0751831928407,-57.0219500140354,41.));
#6475=CARTESIAN_POINT('Origin',(-38.0751831928407,-59.1219500140349,41.));
#6476=CARTESIAN_POINT('',(-38.0751831928407,-61.2219500140341,46.0000000000001));
#6477=CARTESIAN_POINT('',(-38.0751831928407,-61.2219500140342,23.));
#6478=CARTESIAN_POINT('',(-38.0751831928407,-57.0219500140356,46.));
#6479=CARTESIAN_POINT('Origin',(-38.0751831928407,-59.1219500140349,46.));
#6480=CARTESIAN_POINT('',(-38.0751831928407,-57.0219500140357,20.));
#6481=CARTESIAN_POINT('',(-38.0751831928408,-44.0721369464701,18.0000000000006));
#6482=CARTESIAN_POINT('',(-38.0751831928407,-58.1721369464588,18.0000000000002));
#6483=CARTESIAN_POINT('',(-38.0751831928407,-56.272136946466,18.0000000000002));
#6484=CARTESIAN_POINT('',(-38.0751831928408,-44.0721369464701,7.40000000000004));
#6485=CARTESIAN_POINT('',(-38.0751831928408,-44.0721369464701,-4.44089209850065E-15));
#6486=CARTESIAN_POINT('',(-38.0751831928408,-44.8721369464701,6.60000000000004));
#6487=CARTESIAN_POINT('Origin',(-38.0751831928408,-44.8721369464701,7.40000000000004));
#6488=CARTESIAN_POINT('',(-38.0751831928407,-57.3721369464656,6.6000000000001));
#6489=CARTESIAN_POINT('',(-38.0751831928407,-56.2721369464669,6.60000000000009));
#6490=CARTESIAN_POINT('',(-38.0751831928407,-58.1721369464656,7.40000000000059));
#6491=CARTESIAN_POINT('Origin',(-38.0751831928407,-57.3721369464656,7.4000000000001));
#6492=CARTESIAN_POINT('',(-38.0751831928407,-58.1721369464699,3.23945874122483E-12));
#6493=CARTESIAN_POINT('',(-38.0751831928408,-55.2410854558192,4.99852229107088));
#6494=CARTESIAN_POINT('Origin',(-38.0751831928407,-54.3910854558192,4.99852229107036));
#6495=CARTESIAN_POINT('Origin',(-38.2751831928407,-52.947137425757,31.2000019073481));
#6496=CARTESIAN_POINT('',(-37.3704671100282,-52.6707216545158,32.1047179901607));
#6497=CARTESIAN_POINT('',(-38.4751831928407,-55.9221173906104,31.0000019073481));
#6498=CARTESIAN_POINT('',(-37.9951850960686,-56.4021154873825,31.4800000041202));
#6499=CARTESIAN_POINT('',(-38.4751831928407,-52.947137425757,31.0000019073481));
#6500=CARTESIAN_POINT('Origin',(-38.333553398733,-53.6338079432206,36.1167385044366));
#6501=CARTESIAN_POINT('',(-38.4751831928407,-53.7754377373284,27.0000000000002));
#6502=CARTESIAN_POINT('Origin',(-38.2751831928407,-52.947137425757,26.8000019073481));
#6503=CARTESIAN_POINT('',(-40.3285177936192,-54.0687827898319,28.8533365081266));
#6504=CARTESIAN_POINT('Origin',(-38.2476979664236,-56.1496026170276,36.0000000000001));
#6505=CARTESIAN_POINT('',(-38.4751542314212,-55.9221463520299,31.0000019073481));
#6506=CARTESIAN_POINT('',(-38.4751542314212,-55.9221463520299,36.0000000000001));
#6507=CARTESIAN_POINT('',(-39.8116510103088,-54.5856495731423,31.0000019073481));
#6508=CARTESIAN_POINT('Origin',(-44.074907667121,-38.5218837629867,35.4));
#6509=CARTESIAN_POINT('',(-43.074907667121,-38.5218837629867,34.));
#6510=CARTESIAN_POINT('',(-44.074907667121,-38.5218837629867,35.));
#6511=CARTESIAN_POINT('Origin',(-44.074907667121,-38.5218837629867,34.));
#6512=CARTESIAN_POINT('',(-44.074907667121,-38.1218837629867,35.4));
#6513=CARTESIAN_POINT('Origin',(-44.074907667121,-38.5218837629867,35.4));
#6514=CARTESIAN_POINT('',(-43.074907667121,-38.1218837629867,34.0583592135001));
#6515=CARTESIAN_POINT('Ctrl Pts',(-44.074907667121,-38.1218837629867,35.4));
#6516=CARTESIAN_POINT('Ctrl Pts',(-43.8034989672535,-38.1218837629867,35.2283460663267));
#6517=CARTESIAN_POINT('Ctrl Pts',(-43.4858520501753,-38.1218837629867,35.0101617320677));
#6518=CARTESIAN_POINT('Ctrl Pts',(-43.2332529375241,-38.1218837629867,34.6490675788741));
#6519=CARTESIAN_POINT('Ctrl Pts',(-43.1678438459836,-38.1218837629867,34.5213989727011));
#6520=CARTESIAN_POINT('Ctrl Pts',(-43.0965879188636,-38.1218837629867,34.3017077177449));
#6521=CARTESIAN_POINT('Ctrl Pts',(-43.074907667121,-38.1218837629867,34.1697764839906));
#6522=CARTESIAN_POINT('Ctrl Pts',(-43.074907667121,-38.1218837629867,34.0583592135001));
#6523=CARTESIAN_POINT('Origin',(-43.074907667121,-38.5218837629867,35.4));
#6524=CARTESIAN_POINT('Origin',(-44.074907667121,-46.5969502776829,34.));
#6525=CARTESIAN_POINT('',(-43.074907667121,-63.7219502791094,34.0000000000001));
#6526=CARTESIAN_POINT('',(-44.074907667121,-63.7219502791094,35.0000000000001));
#6527=CARTESIAN_POINT('Origin',(-44.074907667121,-63.7219502791094,34.0000000000001));
#6528=CARTESIAN_POINT('',(-44.074907667121,-46.5969502776829,35.));
#6529=CARTESIAN_POINT('',(-43.074907667121,-46.5969502776829,34.));
#6530=CARTESIAN_POINT('Origin',(-44.0749076671218,-63.7219502791094,35.4000000000001));
#6531=CARTESIAN_POINT('',(-43.074907667121,-64.1219502791105,34.0583592135005));
#6532=CARTESIAN_POINT('',(-44.0749076671218,-64.1219502791094,35.4000000000003));
#6533=CARTESIAN_POINT('Ctrl Pts',(-43.0749076671218,-64.1219502791103,34.0583592135005));
#6534=CARTESIAN_POINT('Ctrl Pts',(-43.0749076671218,-64.1219502791102,34.169776483991));
#6535=CARTESIAN_POINT('Ctrl Pts',(-43.0965879188644,-64.1219502791101,34.3017077177452));
#6536=CARTESIAN_POINT('Ctrl Pts',(-43.1678438459844,-64.12195027911,34.5213989727015));
#6537=CARTESIAN_POINT('Ctrl Pts',(-43.2332529375249,-64.1219502791099,34.6490675788744));
#6538=CARTESIAN_POINT('Ctrl Pts',(-43.485852050176,-64.1219502791097,35.010161732068));
#6539=CARTESIAN_POINT('Ctrl Pts',(-43.8034989672543,-64.1219502791095,35.228346066327));
#6540=CARTESIAN_POINT('Ctrl Pts',(-44.0749076671218,-64.1219502791094,35.4000000000003));
#6541=CARTESIAN_POINT('Origin',(-44.0749076671218,-63.7219502791094,35.4000000000001));
#6542=CARTESIAN_POINT('Origin',(-43.074907667121,-63.7219502791094,35.4000000000001));
#6543=CARTESIAN_POINT('Origin',(-43.0749076671211,-51.122136946467,30.0000000000001));
#6544=CARTESIAN_POINT('',(-43.0749076671211,-38.1218837629867,14.9416407864998));
#6545=CARTESIAN_POINT('',(-43.0749076671211,-38.1218837629867,15.0000000000001));
#6546=CARTESIAN_POINT('',(-43.0749076671211,-38.5218837629867,15.));
#6547=CARTESIAN_POINT('Origin',(-43.0749076671211,-38.5218837629867,13.6));
#6548=CARTESIAN_POINT('',(-43.0749076671211,-63.7219502791228,15.));
#6549=CARTESIAN_POINT('',(-43.0749076671211,-50.9950436120757,15.));
#6550=CARTESIAN_POINT('',(-43.0749076671211,-64.1219502791222,14.9416407865));
#6551=CARTESIAN_POINT('Origin',(-43.0749076671211,-63.7219502791228,13.6));
#6552=CARTESIAN_POINT('',(-43.0749076671211,-64.1219502791222,15.0000000000081));
#6553=CARTESIAN_POINT('Origin',(-37.6865454299808,-38.5218837629867,35.3999999999999));
#6554=CARTESIAN_POINT('',(-63.0749084386632,-38.5218837629867,35.));
#6555=CARTESIAN_POINT('',(-37.6865454299808,-38.5218837629867,34.9999999999999));
#6556=CARTESIAN_POINT('',(-63.0749076671209,-38.1218821108988,35.4));
#6557=CARTESIAN_POINT('Origin',(-63.0749084386632,-38.5218837629867,35.4));
#6558=CARTESIAN_POINT('',(-37.6865454299808,-38.1218837629867,35.3999999999999));
#6559=CARTESIAN_POINT('Origin',(-63.0749084386632,-51.1221369464669,25.));
#6560=CARTESIAN_POINT('',(-63.0749084386632,-63.7219502791082,35.0000000000001));
#6561=CARTESIAN_POINT('',(-63.0749084386632,-46.5969502776829,35.));
#6562=CARTESIAN_POINT('',(-63.0749076671211,-64.1219502791253,35.4000000000004));
#6563=CARTESIAN_POINT('Origin',(-63.0749084386639,-63.7219502791082,35.4000000000001));
#6564=CARTESIAN_POINT('',(-63.0749076671212,-64.1219502791252,48.5000000000011));
#6565=CARTESIAN_POINT('',(-63.0749076671211,-64.1219502791253,32.0000000000025));
#6566=CARTESIAN_POINT('',(-63.0749076671209,-62.6219502791001,50.));
#6567=CARTESIAN_POINT('Origin',(-63.0749084386638,-62.6219502791001,48.5000000000001));
#6568=CARTESIAN_POINT('',(-63.0749076671209,-39.6218837629867,49.9999999999999));
#6569=CARTESIAN_POINT('',(-63.0749076671209,-38.0717636088987,49.9999999999999));
#6570=CARTESIAN_POINT('',(-63.0749076671209,-38.1218821108988,48.5));
#6571=CARTESIAN_POINT('Origin',(-63.0749084386631,-39.6218837629867,48.5));
#6572=CARTESIAN_POINT('',(-63.0749076671209,-38.1218821108988,31.9999999999999));
#6573=CARTESIAN_POINT('',(-63.0749084386632,-44.8218821108988,46.));
#6574=CARTESIAN_POINT('',(-63.0749084386632,-44.8218821108988,41.));
#6575=CARTESIAN_POINT('',(-63.0749084386632,-44.8218821108988,46.));
#6576=CARTESIAN_POINT('',(-63.0749084386632,-41.4218821108988,41.));
#6577=CARTESIAN_POINT('Origin',(-63.0749084386632,-43.1218821108989,41.));
#6578=CARTESIAN_POINT('',(-63.0749084386632,-41.4218821108988,46.));
#6579=CARTESIAN_POINT('',(-63.0749084386632,-41.4218821108988,39.9999999999999));
#6580=CARTESIAN_POINT('Origin',(-63.0749084386632,-43.1218821108988,46.));
#6581=CARTESIAN_POINT('',(-63.0749084386632,-60.8219500140348,46.0000000000001));
#6582=CARTESIAN_POINT('',(-63.0749084386632,-60.8219500140348,41.));
#6583=CARTESIAN_POINT('',(-63.0749084386632,-60.8219500140348,46.0000000000001));
#6584=CARTESIAN_POINT('',(-63.0749084386632,-57.4219500140349,41.));
#6585=CARTESIAN_POINT('Origin',(-63.0749084386632,-59.1219500140349,41.));
#6586=CARTESIAN_POINT('',(-63.0749084386632,-57.4219500140348,46.));
#6587=CARTESIAN_POINT('',(-63.0749084386632,-57.4219500140349,40.));
#6588=CARTESIAN_POINT('Origin',(-63.0749084386632,-59.1219500140349,46.));
#6589=CARTESIAN_POINT('Origin',(-46.0749076671209,-42.0717636088988,35.));
#6590=CARTESIAN_POINT('',(-37.6865454299819,-63.7219502791098,35.));
#6591=CARTESIAN_POINT('Origin',(-37.6865454299819,-63.7219502791098,35.4));
#6592=CARTESIAN_POINT('',(-37.6865454299819,-64.1219502791098,35.4000000000003));
#6593=CARTESIAN_POINT('Origin',(-29.2981831928416,-64.121950279132,8.06466005087714E-12));
#6594=CARTESIAN_POINT('',(-44.0749076671218,-64.1219502791228,13.6000000000002));
#6595=CARTESIAN_POINT('Ctrl Pts',(-44.0749076671218,-64.1219502791228,13.6000000000002));
#6596=CARTESIAN_POINT('Ctrl Pts',(-43.8034989672543,-64.1219502791226,13.7716539336735));
#6597=CARTESIAN_POINT('Ctrl Pts',(-43.485852050176,-64.1219502791226,13.9898382679325));
#6598=CARTESIAN_POINT('Ctrl Pts',(-43.2332529375249,-64.1219502791223,14.3509324211261));
#6599=CARTESIAN_POINT('Ctrl Pts',(-43.1678438459844,-64.1219502791223,14.478601027299));
#6600=CARTESIAN_POINT('Ctrl Pts',(-43.0965879188644,-64.1219502791221,14.6982922822553));
#6601=CARTESIAN_POINT('Ctrl Pts',(-43.0749076671218,-64.1219502791221,14.8302235160095));
#6602=CARTESIAN_POINT('Ctrl Pts',(-43.0749076671218,-64.121950279122,14.9416407865001));
#6603=CARTESIAN_POINT('',(-47.0749109096853,-64.1219502791225,13.6000000000002));
#6604=CARTESIAN_POINT('',(-35.2115458157528,-64.1219502791233,13.6000000000002));
#6605=CARTESIAN_POINT('',(-47.0749109096852,-64.1219502791287,3.66647352559119));
#6606=CARTESIAN_POINT('',(-47.0749109096853,-64.1219502791309,1.14334133838425E-11));
#6607=CARTESIAN_POINT('',(-47.0742813613541,-64.1219502791287,3.62132034356146));
#6608=CARTESIAN_POINT('Ctrl Pts',(-47.0742813613542,-64.1219502791285,3.62132034356145));
#6609=CARTESIAN_POINT('Ctrl Pts',(-47.0749109096854,-64.1219502791285,3.64385000265259));
#6610=CARTESIAN_POINT('Ctrl Pts',(-47.0749109096854,-64.1219502791285,3.66647352559055));
#6611=CARTESIAN_POINT('',(-40.1358433646205,-64.1219502791294,3.62132034356146));
#6612=CARTESIAN_POINT('',(-31.2548645042972,-64.1219502791296,3.62132034356146));
#6613=CARTESIAN_POINT('',(-39.696503321882,-64.1219502791288,4.24264099049552));
#6614=CARTESIAN_POINT('',(-40.6924145610987,-64.1219502791298,2.83420980907576));
#6615=CARTESIAN_POINT('',(-39.0751831928405,-64.1219502791279,5.74264068712087));
#6616=CARTESIAN_POINT('Ctrl Pts',(-39.0751831928405,-64.1219502791279,5.74264068712093));
#6617=CARTESIAN_POINT('Ctrl Pts',(-39.0751831928405,-64.1219502791283,5.12132034356144));
#6618=CARTESIAN_POINT('Ctrl Pts',(-39.6965033218822,-64.1219502791288,4.24264099049529));
#6619=CARTESIAN_POINT('',(-39.0751831928405,-64.1219502791016,48.500000000001));
#6620=CARTESIAN_POINT('',(-39.0751831928407,-64.1219502791316,6.8934727993219E-12));
#6621=CARTESIAN_POINT('',(-33.1866831928411,-64.121950279102,48.500000000001));
#6622=CARTESIAN_POINT('Origin',(-29.2981831928408,-38.1218837629867,-1.77635683940026E-14));
#6623=CARTESIAN_POINT('',(-39.0751831928408,-38.1218837629867,48.4999999999998));
#6624=CARTESIAN_POINT('',(-33.1866831928407,-38.1218837629867,48.4999999999999));
#6625=CARTESIAN_POINT('',(-39.0751831928407,-38.1218837629867,5.74264068711928));
#6626=CARTESIAN_POINT('',(-39.0751831928408,-38.1218837629867,-1.3322676295502E-14));
#6627=CARTESIAN_POINT('',(-39.6965035364004,-38.1218837629867,4.24264068711928));
#6628=CARTESIAN_POINT('Ctrl Pts',(-39.6965035364005,-38.1218837629867,4.24264068711912));
#6629=CARTESIAN_POINT('Ctrl Pts',(-39.1496387347993,-38.1218837629867,5.01602430632806));
#6630=CARTESIAN_POINT('Ctrl Pts',(-39.0751831928408,-38.1218837629867,5.65494146197027));
#6631=CARTESIAN_POINT('Ctrl Pts',(-39.0751831928408,-38.1218837629867,5.74264068711937));
#6632=CARTESIAN_POINT('',(-40.1358433646206,-38.1218837629867,3.62132034355963));
#6633=CARTESIAN_POINT('',(-41.1225710733512,-38.1218837629867,2.22587663550339));
#6634=CARTESIAN_POINT('',(-47.0742813613541,-38.1218837629867,3.62132034355963));
#6635=CARTESIAN_POINT('',(-31.2548645042964,-38.1218837629867,3.62132034355963));
#6636=CARTESIAN_POINT('',(-47.0749109096852,-38.1218837629867,3.6664735255887));
#6637=CARTESIAN_POINT('Ctrl Pts',(-47.0749109096853,-38.1218837629868,3.66647352558875));
#6638=CARTESIAN_POINT('Ctrl Pts',(-47.0749109096853,-38.1218837629868,3.64385000265077));
#6639=CARTESIAN_POINT('Ctrl Pts',(-47.0742813613541,-38.1218837629868,3.62132034355962));
#6640=CARTESIAN_POINT('',(-47.0749109096853,-38.1218837629867,13.6));
#6641=CARTESIAN_POINT('',(-47.0749109096853,-38.1218837629867,-1.77635683940027E-14));
#6642=CARTESIAN_POINT('',(-44.074907667121,-38.1218837629867,13.6));
#6643=CARTESIAN_POINT('',(-35.211545815752,-38.1218837629867,13.6));
#6644=CARTESIAN_POINT('Ctrl Pts',(-43.074907667121,-38.1218837629867,14.9416407864998));
#6645=CARTESIAN_POINT('Ctrl Pts',(-43.074907667121,-38.1218837629867,14.8302235160093));
#6646=CARTESIAN_POINT('Ctrl Pts',(-43.0965879188636,-38.1218837629867,14.6982922822551));
#6647=CARTESIAN_POINT('Ctrl Pts',(-43.1678438459836,-38.1218837629867,14.4786010272988));
#6648=CARTESIAN_POINT('Ctrl Pts',(-43.2332529375241,-38.1218837629867,14.3509324211259));
#6649=CARTESIAN_POINT('Ctrl Pts',(-43.4858520501753,-38.1218837629867,13.9898382679323));
#6650=CARTESIAN_POINT('Ctrl Pts',(-43.8034989672535,-38.1218837629867,13.7716539336732));
#6651=CARTESIAN_POINT('Ctrl Pts',(-44.074907667121,-38.1218837629867,13.6));
#6652=CARTESIAN_POINT('Origin',(-39.5750454299808,-51.122137905044,31.0000019073481));
#6653=CARTESIAN_POINT('Origin',(-37.0751831928408,-51.122137905044,31.0000000000001));
#6654=CARTESIAN_POINT('Origin',(-37.0751831928408,-51.122137905044,36.0000000000001));
#6655=CARTESIAN_POINT('Origin',(-44.0749076671218,-63.7219502791228,13.6));
#6656=CARTESIAN_POINT('',(-44.0749076671218,-63.7219502791228,14.));
#6657=CARTESIAN_POINT('Origin',(-44.0749076671218,-63.7219502791228,15.));
#6658=CARTESIAN_POINT('Origin',(-44.0749076671218,-63.7219502791228,13.6));
#6659=CARTESIAN_POINT('Origin',(-44.0749076671211,-50.9950436120757,15.));
#6660=CARTESIAN_POINT('',(-44.0749076671211,-38.5218837629867,14.));
#6661=CARTESIAN_POINT('Origin',(-44.0749076671211,-38.5218837629867,15.));
#6662=CARTESIAN_POINT('',(-44.0749076671211,-50.9950436120757,14.));
#6663=CARTESIAN_POINT('Origin',(-44.074907667121,-38.5218837629867,13.6));
#6664=CARTESIAN_POINT('Origin',(-44.074907667121,-38.5218837629867,13.6));
#6665=CARTESIAN_POINT('Origin',(-35.211545815752,-38.5218837629867,13.6));
#6666=CARTESIAN_POINT('',(-47.1920681972106,-38.2390410505121,13.8828427124746));
#6667=CARTESIAN_POINT('Origin',(-47.4749109096852,-38.5218837629867,13.6));
#6668=CARTESIAN_POINT('',(-47.0749109096853,-38.5218837629867,14.));
#6669=CARTESIAN_POINT('Origin',(-47.4749109096852,-38.5218837629867,13.6));
#6670=CARTESIAN_POINT('',(-35.211545815752,-38.5218837629867,14.));
#6671=CARTESIAN_POINT('Origin',(-41.1249084386632,-50.8679502776844,14.));
#6672=CARTESIAN_POINT('',(-47.0749109096853,-63.7219502791226,14.));
#6673=CARTESIAN_POINT('',(-47.0749109096853,-45.4158569432916,14.));
#6674=CARTESIAN_POINT('',(-35.2115458157528,-63.7219502791233,14.));
#6675=CARTESIAN_POINT('Origin',(-47.2749109096852,-45.4158569432916,13.8));
#6676=CARTESIAN_POINT('',(-48.0749109096853,-39.1218837629867,13.));
#6677=CARTESIAN_POINT('',(-50.7572397730694,-41.8042126263709,10.3176711366158));
#6678=CARTESIAN_POINT('',(-48.0749109096853,-63.1219502791229,13.));
#6679=CARTESIAN_POINT('',(-48.0749109096853,-42.6898102760952,13.));
#6680=CARTESIAN_POINT('',(-47.1920681972105,-64.0047929915971,13.8828427124747));
#6681=CARTESIAN_POINT('',(-52.6592597989874,-58.5376013898234,8.41565111069784));
#6682=CARTESIAN_POINT('Origin',(-47.4749109096852,-63.7219502791226,13.6));
#6683=CARTESIAN_POINT('Origin',(-35.2115458157528,-63.7219502791233,13.6));
#6684=CARTESIAN_POINT('Origin',(-47.4749109096852,-63.7219502791226,13.6));
#6685=CARTESIAN_POINT('Origin',(-45.599908052892,-44.8721369464701,7.40000000000008));
#6686=CARTESIAN_POINT('',(-42.0749084386631,-44.4721369464701,7.40000000000007));
#6687=CARTESIAN_POINT('',(-42.0749084386631,-44.8721369464701,7.00000000000007));
#6688=CARTESIAN_POINT('Origin',(-42.0749084386631,-44.8721369464701,7.40000000000007));
#6689=CARTESIAN_POINT('',(-38.4751831928407,-44.8721369464701,7.00000000000006));
#6690=CARTESIAN_POINT('',(-45.599908052892,-44.8721369464701,7.00000000000008));
#6691=CARTESIAN_POINT('',(-38.4751831928407,-44.4721369464701,7.40000000000004));
#6692=CARTESIAN_POINT('Origin',(-38.4751831928407,-44.8721369464701,7.40000000000006));
#6693=CARTESIAN_POINT('',(-45.599908052892,-44.4721369464701,7.40000000000008));
#6694=CARTESIAN_POINT('Origin',(-39.074907667121,-57.7721369464638,7.00000000000012));
#6695=CARTESIAN_POINT('',(-42.0749084386632,-57.3721369464654,7.00000000000013));
#6696=CARTESIAN_POINT('',(-42.0749084386632,-51.3721369464669,7.0000000000001));
#6697=CARTESIAN_POINT('',(-38.4751831928408,-57.3721369464656,7.00000000000011));
#6698=CARTESIAN_POINT('',(-45.5999080528922,-57.3721369464652,7.00000000000014));
#6699=CARTESIAN_POINT('',(-38.4751831928407,-56.2721369464669,7.0000000000001));
#6700=CARTESIAN_POINT('Origin',(-44.6249084386631,-44.0721369464701,0.4));
#6701=CARTESIAN_POINT('',(-47.4749109096852,-44.4721369464701,0.4));
#6702=CARTESIAN_POINT('',(-47.0749109096853,-44.0721369464701,-1.05103900408723E-28));
#6703=CARTESIAN_POINT('Origin',(-47.4749109096852,-44.0721369464701,0.4));
#6704=CARTESIAN_POINT('',(-42.0749084386631,-44.0721369464701,0.));
#6705=CARTESIAN_POINT('',(-44.6249084386631,-44.0721369464701,0.));
#6706=CARTESIAN_POINT('',(-42.0749084386632,-44.4721369464701,0.4));
#6707=CARTESIAN_POINT('Origin',(-42.0749084386631,-44.0721369464701,0.4));
#6708=CARTESIAN_POINT('',(-44.6249084386631,-44.4721369464701,0.4));
#6709=CARTESIAN_POINT('Origin',(-52.1249084386631,-44.4721369464701,7.89420248496047E-29));
#6710=CARTESIAN_POINT('',(-38.4751831928407,-44.4721369464701,17.0343145750514));
#6711=CARTESIAN_POINT('',(-38.4751831928407,-44.4721369464701,-4.44089209850065E-15));
#6712=CARTESIAN_POINT('',(-42.3530006521459,-44.4721369464701,13.1564971157461));
#6713=CARTESIAN_POINT('',(-47.0547717918219,-44.4721369464701,8.45472597607006));
#6714=CARTESIAN_POINT('',(-43.6965035364004,-44.4721369464701,12.6000000000005));
#6715=CARTESIAN_POINT('Origin',(-43.6965035364004,-44.4721369464701,14.5000000000005));
#6716=CARTESIAN_POINT('',(-47.0749112954564,-44.4721369464701,12.6000000000005));
#6717=CARTESIAN_POINT('',(-52.0999096741742,-44.4721369464701,12.6000000000005));
#6718=CARTESIAN_POINT('',(-47.0749112954564,-44.4721369464701,7.00000000000054));
#6719=CARTESIAN_POINT('',(-47.0749112954564,-44.4721369464701,6.5000000000003));
#6720=CARTESIAN_POINT('',(-48.0749109096852,-44.4721369464701,7.00000000000015));
#6721=CARTESIAN_POINT('',(-49.8499779378486,-44.4721369464701,7.00000000000015));
#6722=CARTESIAN_POINT('',(-48.0749109096853,-44.4721369464701,0.999999999999993));
#6723=CARTESIAN_POINT('',(-48.0749109096852,-44.4721369464701,-8.88178419700125E-15));
#6724=CARTESIAN_POINT('',(-47.4374102919297,-44.4721369464701,0.362499382244469));
#6725=CARTESIAN_POINT('',(-42.0749084386632,-44.4721369464701,-1.77635683940025E-14));
#6726=CARTESIAN_POINT('Origin',(-45.5999080528922,-57.3721369464652,7.40000000000014));
#6727=CARTESIAN_POINT('',(-42.0749084386632,-57.7721369464654,7.40000000000037));
#6728=CARTESIAN_POINT('Origin',(-42.0749084386639,-57.3721369464654,7.40000000000013));
#6729=CARTESIAN_POINT('',(-38.475183192841,-57.7721369464656,7.40000000000035));
#6730=CARTESIAN_POINT('',(-45.5999080528923,-57.7721369464652,7.40000000000038));
#6731=CARTESIAN_POINT('Origin',(-38.475183192841,-57.3721369464656,7.40000000000011));
#6732=CARTESIAN_POINT('Origin',(-52.1249084386636,-57.7721369464693,4.15667500419659E-12));
#6733=CARTESIAN_POINT('',(-42.0749084386636,-57.7721369464694,0.399999999999755));
#6734=CARTESIAN_POINT('',(-42.0749084386636,-57.7721369464697,4.13891143580258E-12));
#6735=CARTESIAN_POINT('',(-47.474910909685,-57.7721369464691,0.399999999999755));
#6736=CARTESIAN_POINT('',(-44.6249084386636,-57.7721369464695,0.399999999999755));
#6737=CARTESIAN_POINT('',(-48.0749109096853,-57.7721369464689,1.));
#6738=CARTESIAN_POINT('',(-47.437410291933,-57.7721369464691,0.362499382247738));
#6739=CARTESIAN_POINT('',(-48.0749109096852,-57.7721369464653,7.00000000000015));
#6740=CARTESIAN_POINT('',(-48.0749109096853,-57.7721369464693,7.53176244974009E-12));
#6741=CARTESIAN_POINT('',(-47.0749112954564,-57.7721369464653,7.00000000000015));
#6742=CARTESIAN_POINT('',(-49.849977937849,-57.7721369464652,7.00000000000015));
#6743=CARTESIAN_POINT('',(-47.0749112954564,-57.7721369464617,12.6000000000004));
#6744=CARTESIAN_POINT('',(-47.0749112954564,-57.7721369464654,6.50000000000645));
#6745=CARTESIAN_POINT('',(-43.6965035364004,-57.7721369464621,12.6000000000004));
#6746=CARTESIAN_POINT('',(-52.0999096741744,-57.7721369464616,12.6000000000004));
#6747=CARTESIAN_POINT('',(-42.353000652146,-57.7721369464618,13.1564971157459));
#6748=CARTESIAN_POINT('Origin',(-43.6965035364004,-57.7721369464609,14.5000000000004));
#6749=CARTESIAN_POINT('',(-38.4751831928407,-57.7721369464597,17.0343145750512));
#6750=CARTESIAN_POINT('',(-47.0547717918207,-57.7721369464644,8.45472597607112));
#6751=CARTESIAN_POINT('',(-38.4751831928407,-57.7721369464701,2.99407723991447E-12));
#6752=CARTESIAN_POINT('Origin',(-44.6249084386636,-58.1721369464695,0.4));
#6753=CARTESIAN_POINT('',(-47.0749109096853,-58.1721369464694,-1.32713690238889E-28));
#6754=CARTESIAN_POINT('Origin',(-47.4749109096852,-58.1721369464693,0.4));
#6755=CARTESIAN_POINT('',(-42.0749084386632,-58.1721369464697,0.));
#6756=CARTESIAN_POINT('Origin',(-42.0749084386639,-58.1721369464697,0.4));
#6757=CARTESIAN_POINT('',(-44.6249084386636,-58.1721369464695,0.));
#6758=CARTESIAN_POINT('Origin',(-47.2749109096852,-45.1658569432916,0.2));
#6759=CARTESIAN_POINT('',(-47.0749109096852,-60.455476753541,-1.38777878078145E-16));
#6760=CARTESIAN_POINT('',(-47.0749109096853,-45.1658569432916,-1.07245558511226E-28));
#6761=CARTESIAN_POINT('',(-48.0749109096853,-60.6032124318951,1.));
#6762=CARTESIAN_POINT('',(-48.2330448708364,-60.6265744599166,1.15813396115111));
#6763=CARTESIAN_POINT('',(-48.0749109096853,-42.5648102760952,1.));
#6764=CARTESIAN_POINT('Origin',(-37.1249084386631,-50.3679502776844,0.));
#6765=CARTESIAN_POINT('',(-47.0749109096852,-41.7883572885754,0.));
#6766=CARTESIAN_POINT('',(-47.0749109096853,-45.1658569432916,-1.07245558511226E-28));
#6767=CARTESIAN_POINT('',(-47.0742813613541,-41.7432041065464,6.93889390390622E-16));
#6768=CARTESIAN_POINT('Ctrl Pts',(-47.0749109096855,-41.788357288576,1.9254984862646E-13));
#6769=CARTESIAN_POINT('Ctrl Pts',(-47.0749109096855,-41.7657337656378,1.92550848343274E-13));
#6770=CARTESIAN_POINT('Ctrl Pts',(-47.0742813613543,-41.7432041065464,1.92551845656261E-13));
#6771=CARTESIAN_POINT('',(-40.1358433646206,-41.7432041065464,-4.38277521341763E-30));
#6772=CARTESIAN_POINT('',(-35.1682271272076,-41.7432041065464,0.));
#6773=CARTESIAN_POINT('',(-39.6965035364004,-42.364524450106,-1.38777878078145E-15));
#6774=CARTESIAN_POINT('',(-37.8081443050589,-45.0350676857016,-4.72840028963001E-30));
#6775=CARTESIAN_POINT('',(-39.0751831928408,-43.864524450106,0.));
#6776=CARTESIAN_POINT('Ctrl Pts',(-39.6965035364006,-42.3645244501057,-4.78731308220859E-15));
#6777=CARTESIAN_POINT('Ctrl Pts',(-39.1496387347994,-43.1379080693146,-4.82335928133701E-15));
#6778=CARTESIAN_POINT('Ctrl Pts',(-39.0751831928407,-43.7768252249569,-4.85313820921553E-15));
#6779=CARTESIAN_POINT('Ctrl Pts',(-39.0751831928407,-43.8645244501061,-4.85722573273506E-15));
#6780=CARTESIAN_POINT('',(-39.0751831928407,-58.3793095920133,0.));
#6781=CARTESIAN_POINT('',(-39.0751831928407,-52.5700436120772,-5.51952561004207E-30));
#6782=CARTESIAN_POINT('',(-39.6965035364015,-59.8793095920148,0.));
#6783=CARTESIAN_POINT('Ctrl Pts',(-39.0751831928407,-58.3793095920134,3.81639164714898E-14));
#6784=CARTESIAN_POINT('Ctrl Pts',(-39.0751831928407,-59.0006299355734,3.81601392408772E-14));
#6785=CARTESIAN_POINT('Ctrl Pts',(-39.6965035364014,-59.8793095920148,3.81547974301167E-14));
#6786=CARTESIAN_POINT('',(-40.1358433646198,-60.5006299355714,-6.35218754652788E-30));
#6787=CARTESIAN_POINT('',(-37.8828774859565,-57.314455034404,-6.01765912013284E-30));
#6788=CARTESIAN_POINT('',(-47.0742813613545,-60.5006299355705,2.1233015345956E-14));
#6789=CARTESIAN_POINT('',(-35.1682271272081,-60.5006299355715,0.));
#6790=CARTESIAN_POINT('Ctrl Pts',(-47.074281361352,-60.5006299355624,-2.14046022395127E-12));
#6791=CARTESIAN_POINT('Ctrl Pts',(-47.0747526620311,-60.4837634884513,-2.14046617871259E-12));
#6792=CARTESIAN_POINT('Ctrl Pts',(-47.0749109096829,-60.4611650396179,-2.14047414672301E-12));
#6793=CARTESIAN_POINT('Ctrl Pts',(-47.0749109096829,-60.4554767535425,-2.14047615148162E-12));
#6794=CARTESIAN_POINT('',(-42.0749084386627,-42.2721369464697,-5.36459765498876E-12));
#6795=CARTESIAN_POINT('Origin',(-52.0999096741744,-57.3721369464616,12.6000000000001));
#6796=CARTESIAN_POINT('',(-47.0749112954564,-57.3721369464619,13.0000000000001));
#6797=CARTESIAN_POINT('Origin',(-47.0749112954572,-57.3721369464619,12.6000000000001));
#6798=CARTESIAN_POINT('',(-43.6965035364004,-57.3721369464621,13.0000000000001));
#6799=CARTESIAN_POINT('',(-52.0999096741744,-57.3721369464616,13.0000000000001));
#6800=CARTESIAN_POINT('Origin',(-43.6965035364004,-57.3721369464621,12.6000000000001));
#6801=CARTESIAN_POINT('Origin',(-43.6965035364004,-57.3721369464698,14.5000000000001));
#6802=CARTESIAN_POINT('',(-42.6358433646205,-57.3721369464705,13.4393398282203));
#6803=CARTESIAN_POINT('Origin',(-42.3530006521459,-57.3721369464707,13.1564971157457));
#6804=CARTESIAN_POINT('Origin',(-43.6965035364004,-57.3721369464698,14.5000000000001));
#6805=CARTESIAN_POINT('Origin',(-47.0547717918207,-57.3721369464644,8.45472597607087));
#6806=CARTESIAN_POINT('',(-38.8751831928408,-57.3721369464597,17.2000000000001));
#6807=CARTESIAN_POINT('Origin',(-38.875183192841,-57.3721369464599,16.6343145750507));
#6808=CARTESIAN_POINT('',(-47.3376145042953,-57.3721369464644,8.73756868854549));
#6809=CARTESIAN_POINT('Origin',(-40.5751831928407,-56.272136946466,15.5000000000002));
#6810=CARTESIAN_POINT('',(-42.2918498595069,-53.9554702797979,13.7833333333341));
#6811=CARTESIAN_POINT('',(-42.6358433646206,-44.8721369464701,13.4393398282207));
#6812=CARTESIAN_POINT('',(-42.6358433646205,-57.0221369464636,13.4393398282203));
#6813=CARTESIAN_POINT('',(-38.8751831928408,-44.8721369464701,17.2000000000006));
#6814=CARTESIAN_POINT('',(-47.3376145042965,-44.8721369464701,8.73756868854467));
#6815=CARTESIAN_POINT('',(-44.0085165261737,-50.0054702798026,12.0666666666674));
#6816=CARTESIAN_POINT('Origin',(-43.6965035364004,-57.0221369464636,14.5000000000001));
#6817=CARTESIAN_POINT('',(-43.6965035364004,-44.8721369464705,13.0000000000005));
#6818=CARTESIAN_POINT('',(-43.6965035364004,-57.0221369464636,13.0000000000001));
#6819=CARTESIAN_POINT('Origin',(-43.6965035364004,-44.8721369464705,14.5000000000005));
#6820=CARTESIAN_POINT('Origin',(-52.0749109096853,-57.7721369464613,13.0000000000001));
#6821=CARTESIAN_POINT('',(-47.0749112954564,-44.8721369464701,13.0000000000005));
#6822=CARTESIAN_POINT('',(-47.0749112954564,-51.1221369464657,13.0000000000003));
#6823=CARTESIAN_POINT('',(-52.0999096741742,-44.8721369464701,13.0000000000005));
#6824=CARTESIAN_POINT('Origin',(-47.0547717918219,-44.8721369464701,8.45472597607006));
#6825=CARTESIAN_POINT('Origin',(-42.3530006521459,-44.8721369464701,13.1564971157461));
#6826=CARTESIAN_POINT('Origin',(-38.8751831928408,-44.8721369464701,16.6343145750513));
#6827=CARTESIAN_POINT('Origin',(-43.6965035364004,-44.8721369464705,14.5000000000005));
#6828=CARTESIAN_POINT('Origin',(-43.6965035364004,-44.8721369464705,12.6000000000005));
#6829=CARTESIAN_POINT('Origin',(-52.0999096741742,-44.8721369464701,12.6000000000005));
#6830=CARTESIAN_POINT('Origin',(-47.0749112954564,-44.8721369464701,12.6000000000005));
#6831=CARTESIAN_POINT('Origin',(-47.0749112954564,-44.47213694647,13.0000000000006));
#6832=CARTESIAN_POINT('',(-47.0749112954564,-44.47213694647,7.00000000000054));
#6833=CARTESIAN_POINT('Origin',(-47.2749109096852,-63.9219502791309,1.13107226331872E-11));
#6834=CARTESIAN_POINT('',(-48.0749109096853,-63.1219502791287,3.51873784723665));
#6835=CARTESIAN_POINT('',(-48.0749109096853,-63.1219502791308,1.25043362970492E-11));
#6836=CARTESIAN_POINT('',(-47.8818265390809,-63.3150346497331,3.54726329770755));
#6837=CARTESIAN_POINT('Origin',(-47.2749109096852,-38.3218837629867,-1.77635683940027E-14));
#6838=CARTESIAN_POINT('',(-48.0749109096853,-39.1218837629867,3.51873784723639));
#6839=CARTESIAN_POINT('',(-47.0390017092852,-38.0859745625867,3.67177859566888));
#6840=CARTESIAN_POINT('',(-48.0749109096853,-39.1218837629867,-1.77635683940026E-14));
#6841=CARTESIAN_POINT('Origin',(-38.2751831928409,-57.3721369464656,7.4000000000001));
#6842=CARTESIAN_POINT('',(-38.475183192841,-57.7721369464656,7.40000000000035));
#6843=CARTESIAN_POINT('',(-38.4751831928407,-57.3721369464656,7.0000000000001));
#6844=CARTESIAN_POINT('Origin',(-38.2751831928407,-44.8721369464701,7.40000000000004));
#6845=CARTESIAN_POINT('',(-38.4751831928407,-44.4721369464701,7.40000000000004));
#6846=CARTESIAN_POINT('',(-38.4751831928407,-44.8721369464701,7.00000000000005));
#6847=CARTESIAN_POINT('Origin',(-42.0749084386631,-44.97213694647,-1.77635683940025E-14));
#6848=CARTESIAN_POINT('',(-42.0749084386631,-47.0031884371177,4.99852229106829));
#6849=CARTESIAN_POINT('Origin',(-42.0749084386631,-47.8531884371177,4.99852229106828));
#6850=CARTESIAN_POINT('',(-42.0749084386634,-55.241085455819,4.99852229107088));
#6851=CARTESIAN_POINT('Origin',(-42.0749084386634,-54.391085455819,4.99852229107036));
#6852=CARTESIAN_POINT('Origin',(-38.2751831928407,-57.97213694647,3.11676799056965E-12));
#6853=CARTESIAN_POINT('Origin',(-33.186683192841,-62.621950279102,48.5));
#6854=CARTESIAN_POINT('',(-39.0751832591098,-62.6219502791019,50.0000000331346));
#6855=CARTESIAN_POINT('Ctrl Pts',(-39.0751831928408,-62.6219502791019,50.0000000000001));
#6856=CARTESIAN_POINT('Ctrl Pts',(-39.0751831749893,-62.8239807747143,49.999999982235));
#6857=CARTESIAN_POINT('Ctrl Pts',(-39.0751831537102,-63.0440973386348,49.9585886386436));
#6858=CARTESIAN_POINT('Ctrl Pts',(-39.0751831310959,-63.2516958009183,49.8619175976913));
#6859=CARTESIAN_POINT('Ctrl Pts',(-39.0751831084816,-63.4592942632018,49.765246556739));
#6860=CARTESIAN_POINT('Ctrl Pts',(-39.075183084532,-63.6543746238485,49.6133158184259));
#6861=CARTESIAN_POINT('Ctrl Pts',(-39.0751830635721,-63.799415628737,49.4289775406769));
#6862=CARTESIAN_POINT('Ctrl Pts',(-39.0751830321322,-64.0169771360699,49.1524701240534));
#6863=CARTESIAN_POINT('Ctrl Pts',(-39.0751830074193,-64.1219500929471,48.803045743699));
#6864=CARTESIAN_POINT('Ctrl Pts',(-39.0751829940308,-64.1219500802919,48.500000000001));
#6865=CARTESIAN_POINT('',(-33.186683192841,-62.621950279102,50.));
#6866=CARTESIAN_POINT('Ctrl Pts',(-39.0751833916505,-62.6219502791019,50.0000001988098));
#6867=CARTESIAN_POINT('Ctrl Pts',(-38.7418499920472,-62.6219502201952,49.6666667992065));
#6868=CARTESIAN_POINT('Ctrl Pts',(-38.408516592444,-62.6219501612884,49.3333333996033));
#6869=CARTESIAN_POINT('Ctrl Pts',(-38.0751831928407,-62.6219501023817,49.));
#6870=CARTESIAN_POINT('Ctrl Pts',(-39.0751833737991,-62.8239808014008,50.0000001809584));
#6871=CARTESIAN_POINT('Ctrl Pts',(-38.7418499781558,-62.7792369944355,49.6668115856468));
#6872=CARTESIAN_POINT('Ctrl Pts',(-38.4085165825336,-62.7340373959534,49.3331885893611));
#6873=CARTESIAN_POINT('Ctrl Pts',(-38.0751831868902,-62.689293588988,48.9999999940495));
#6874=CARTESIAN_POINT('Ctrl Pts',(-39.0751833312409,-63.2642139879171,49.9171774828249));
#6875=CARTESIAN_POINT('Ctrl Pts',(-38.7418499451014,-63.1210924275416,49.6023492052523));
#6876=CARTESIAN_POINT('Ctrl Pts',(-38.4085165588437,-62.9791594994868,49.2872207141156));
#6877=CARTESIAN_POINT('Ctrl Pts',(-38.0751831727042,-62.8360379391113,48.9723924365429));
#6878=CARTESIAN_POINT('Ctrl Pts',(-39.0751832474173,-63.946995340448,49.3854198282716));
#6879=CARTESIAN_POINT('Ctrl Pts',(-38.7418498798699,-63.6525268078039,49.1887236777571));
#6880=CARTESIAN_POINT('Ctrl Pts',(-38.4085165123104,-63.3581001855469,48.9918360903567));
#6881=CARTESIAN_POINT('Ctrl Pts',(-38.075183144763,-63.0636316529028,48.7951399398422));
#6882=CARTESIAN_POINT('Ctrl Pts',(-39.075183206229,-64.12195029249,48.8030457834493));
#6883=CARTESIAN_POINT('Ctrl Pts',(-38.7418498479699,-63.7873877514648,48.736398539919));
#6884=CARTESIAN_POINT('Ctrl Pts',(-38.4085164892927,-63.4565124932398,48.6676625618001));
#6885=CARTESIAN_POINT('Ctrl Pts',(-38.0751831310336,-63.1219499522146,48.6010153182697));
#6886=CARTESIAN_POINT('Ctrl Pts',(-39.0751831928405,-64.1219502791016,48.500000000001));
#6887=CARTESIAN_POINT('Ctrl Pts',(-38.7418498374172,-63.7886168353184,48.500000029454));
#6888=CARTESIAN_POINT('Ctrl Pts',(-38.408516481994,-63.4552833915351,48.5000000589071));
#6889=CARTESIAN_POINT('Ctrl Pts',(-38.0751831265707,-63.1219499477518,48.5000000883602));
#6890=CARTESIAN_POINT('Ctrl Pts',(-38.0751831928407,-62.6219501023817,49.));
#6891=CARTESIAN_POINT('Ctrl Pts',(-38.4085165427413,-62.6219501612884,49.3333333499006));
#6892=CARTESIAN_POINT('Ctrl Pts',(-38.7418498926419,-62.6219502201951,49.6666666998012));
#6893=CARTESIAN_POINT('Ctrl Pts',(-39.0751832425425,-62.6219502791019,50.0000000497019));
#6894=CARTESIAN_POINT('Ctrl Pts',(-39.0751831928405,-64.1219502791016,48.500000000001));
#6895=CARTESIAN_POINT('Ctrl Pts',(-38.7418498595072,-63.7886168574084,48.500000029454));
#6896=CARTESIAN_POINT('Ctrl Pts',(-38.408516526174,-63.4552834357151,48.5000000589071));
#6897=CARTESIAN_POINT('Ctrl Pts',(-38.0751831928407,-63.1219500140218,48.5000000883602));
#6898=CARTESIAN_POINT('Origin',(-37.0751831928408,-64.1725102840349,50.0000000000001));
#6899=CARTESIAN_POINT('',(-39.0751831928408,-39.6218837629868,50.));
#6900=CARTESIAN_POINT('',(-39.0751831928407,-59.4723236152523,50.));
#6901=CARTESIAN_POINT('',(-33.1866831928407,-39.6218837629867,49.9999999999999));
#6902=CARTESIAN_POINT('Origin',(-33.1866831928407,-39.6218837629867,48.4999999999999));
#6903=CARTESIAN_POINT('Ctrl Pts',(-39.0751831928407,-38.1218837629867,48.4999999999998));
#6904=CARTESIAN_POINT('Ctrl Pts',(-39.0751831928408,-38.1218837629867,48.7020305089103));
#6905=CARTESIAN_POINT('Ctrl Pts',(-39.0751831928408,-38.1632990616137,48.92215408453));
#6906=CARTESIAN_POINT('Ctrl Pts',(-39.0751831928408,-38.2599741063216,49.1297596917396));
#6907=CARTESIAN_POINT('Ctrl Pts',(-39.0751831928408,-38.3566491510295,49.3373652989491));
#6908=CARTESIAN_POINT('Ctrl Pts',(-39.0751831928408,-38.5085839418183,49.5324529377484));
#6909=CARTESIAN_POINT('Ctrl Pts',(-39.0751831928408,-38.6929211157507,49.6774920176764));
#6910=CARTESIAN_POINT('Ctrl Pts',(-39.0751831928408,-38.9694268766494,49.8950506375684));
#6911=CARTESIAN_POINT('Ctrl Pts',(-39.0751831928407,-39.3188379996211,49.9999999999999));
#6912=CARTESIAN_POINT('Ctrl Pts',(-39.0751831928407,-39.6218837629868,49.9999999999999));
#6913=CARTESIAN_POINT('Ctrl Pts',(-39.0751831928408,-38.1218837629867,48.4999999999998));
#6914=CARTESIAN_POINT('Ctrl Pts',(-38.7418498595075,-38.45521709632,48.4999999999998));
#6915=CARTESIAN_POINT('Ctrl Pts',(-38.4085165261741,-38.7885504296534,48.4999999999999));
#6916=CARTESIAN_POINT('Ctrl Pts',(-38.0751831928407,-39.1218837629868,48.4999999999999));
#6917=CARTESIAN_POINT('Ctrl Pts',(-39.0751831928408,-38.1218837629866,48.7020305089103));
#6918=CARTESIAN_POINT('Ctrl Pts',(-38.7418498595075,-38.4550722959814,48.6572867707498));
#6919=CARTESIAN_POINT('Ctrl Pts',(-38.4085165261741,-38.788695229992,48.6120872411305));
#6920=CARTESIAN_POINT('Ctrl Pts',(-38.0751831928407,-39.1218837629867,48.56734350297));
#6921=CARTESIAN_POINT('Ctrl Pts',(-39.0751831928408,-38.2047143602405,49.1422776601499));
#6922=CARTESIAN_POINT('Ctrl Pts',(-38.7418498595075,-38.5195425878907,48.9991561881424));
#6923=CARTESIAN_POINT('Ctrl Pts',(-38.4085165261741,-38.8346657344212,48.8572140253907));
#6924=CARTESIAN_POINT('Ctrl Pts',(-38.0751831928407,-39.1494939620714,48.7140925533832));
#6925=CARTESIAN_POINT('Ctrl Pts',(-39.0751831928408,-38.7364861280015,49.8250843959474));
#6926=CARTESIAN_POINT('Ctrl Pts',(-38.7418498595075,-38.9331822639076,49.5306159750173));
#6927=CARTESIAN_POINT('Ctrl Pts',(-38.4085165261741,-39.1300550820856,49.2361632195791));
#6928=CARTESIAN_POINT('Ctrl Pts',(-38.0751831928408,-39.3267512179917,48.941694798649));
#6929=CARTESIAN_POINT('Ctrl Pts',(-39.0751831928408,-39.3188379996211,50.));
#6930=CARTESIAN_POINT('Ctrl Pts',(-38.7418498595075,-39.3854852578516,49.6654375725271));
#6931=CARTESIAN_POINT('Ctrl Pts',(-38.4085165261741,-39.454221250301,49.3345624274728));
#6932=CARTESIAN_POINT('Ctrl Pts',(-38.0751831928407,-39.5208685085315,48.9999999999999));
#6933=CARTESIAN_POINT('Ctrl Pts',(-39.0751831928408,-39.6218837629868,50.));
#6934=CARTESIAN_POINT('Ctrl Pts',(-38.7418498595074,-39.6218837629868,49.6666666666666));
#6935=CARTESIAN_POINT('Ctrl Pts',(-38.4085165261741,-39.6218837629867,49.3333333333332));
#6936=CARTESIAN_POINT('Ctrl Pts',(-38.0751831928407,-39.6218837629867,48.9999999999999));
#6937=CARTESIAN_POINT('Ctrl Pts',(-38.0751831928407,-39.1218837629868,48.4999999999999));
#6938=CARTESIAN_POINT('Ctrl Pts',(-38.4085165261741,-38.7885504296534,48.4999999999999));
#6939=CARTESIAN_POINT('Ctrl Pts',(-38.7418498595075,-38.45521709632,48.4999999999998));
#6940=CARTESIAN_POINT('Ctrl Pts',(-39.0751831928408,-38.1218837629867,48.4999999999998));
#6941=CARTESIAN_POINT('Ctrl Pts',(-39.0751831928408,-39.6218837629868,50.));
#6942=CARTESIAN_POINT('Ctrl Pts',(-38.7418498595074,-39.6218837629868,49.6666666666666));
#6943=CARTESIAN_POINT('Ctrl Pts',(-38.4085165261741,-39.6218837629867,49.3333333333332));
#6944=CARTESIAN_POINT('Ctrl Pts',(-38.0751831928407,-39.6218837629867,48.9999999999999));
#6945=CARTESIAN_POINT('Origin',(-38.5751831928407,-63.6219501465916,6.58674584137659E-12));
#6946=CARTESIAN_POINT('',(-39.3382519032678,-64.3850190592894,5.74264076464703));
#6947=CARTESIAN_POINT('Origin',(-38.5751831928408,-38.6218837629867,-1.3322676295502E-14));
#6948=CARTESIAN_POINT('',(-39.0709880375815,-38.1260789182459,5.74264068711928));
#6949=CARTESIAN_POINT('Origin',(-38.5751831928407,-59.4723236152523,49.5));
#6950=CARTESIAN_POINT('Origin',(-48.0749109096853,-39.9637636088988,-1.77635683940026E-14));
#6951=CARTESIAN_POINT('',(-48.0749109096853,-39.1957935936122,3.34030373174759));
#6952=CARTESIAN_POINT('Origin',(-48.0749109096853,-39.391368309155,3.52583771624596));
#6953=CARTESIAN_POINT('',(-48.0749109096853,-41.4621874947343,1.07390983062553));
#6954=CARTESIAN_POINT('',(-48.0749109096853,-40.7696954863903,1.76640183896954));
#6955=CARTESIAN_POINT('',(-48.0749109096853,-41.6406216102232,1.));
#6956=CARTESIAN_POINT('Origin',(-48.0749109096853,-41.6477214792327,1.26948454616838));
#6957=CARTESIAN_POINT('',(-48.0749109096853,-42.5648102760952,1.));
#6958=CARTESIAN_POINT('',(-48.0749109096852,-45.5429502776822,7.00000000000015));
#6959=CARTESIAN_POINT('',(-48.0749109096853,-60.7816465473822,1.07390983062486));
#6960=CARTESIAN_POINT('Origin',(-48.0749109096853,-60.5961125628854,1.26948454616592));
#6961=CARTESIAN_POINT('',(-48.0749109096853,-63.048040448504,3.34030373174938));
#6962=CARTESIAN_POINT('',(-48.0749109096853,-53.1055234966163,-6.60221322015053));
#6963=CARTESIAN_POINT('Origin',(-48.0749109096853,-62.8524657329624,3.52583771624616));
#6964=CARTESIAN_POINT('Origin',(-43.5750474370341,-51.1221369464657,7.00000000000015));
#6965=CARTESIAN_POINT('Origin',(-47.2749109096852,-45.1658569432916,0.2));
#6966=CARTESIAN_POINT('',(-47.8033952925256,-41.6807341541075,0.728484382840325));
#6967=CARTESIAN_POINT('Origin',(-47.2400090038554,-39.4623939402716,3.55525749593057));
#6968=CARTESIAN_POINT('',(-47.0742813613541,-38.5612235912069,2.56066017177981));
#6969=CARTESIAN_POINT('',(-47.0749109096852,-38.5931517124118,2.5287320505749));
#6970=CARTESIAN_POINT('Ctrl Pts',(-47.0742813613541,-38.561223591207,2.56066017177986));
#6971=CARTESIAN_POINT('Ctrl Pts',(-47.0749109096853,-38.5771544659281,2.54472929705871));
#6972=CARTESIAN_POINT('Ctrl Pts',(-47.0749109096853,-38.5931517124118,2.52873205057496));
#6973=CARTESIAN_POINT('',(-47.0390017092852,-38.5715113243304,2.4995891604367));
#6974=CARTESIAN_POINT('Ctrl Pts',(-47.0742813613541,-38.1218837629867,3.62132034355963));
#6975=CARTESIAN_POINT('Ctrl Pts',(-47.072681127575,-38.1218837629867,3.56405274435513));
#6976=CARTESIAN_POINT('Ctrl Pts',(-47.0713337429849,-38.1251832204371,3.50759538781695));
#6977=CARTESIAN_POINT('Ctrl Pts',(-47.066871167519,-38.150237870558,3.28605502616285));
#6978=CARTESIAN_POINT('Ctrl Pts',(-47.065371806783,-38.2002069208291,3.11041201703374));
#6979=CARTESIAN_POINT('Ctrl Pts',(-47.0671264544082,-38.3536693990536,2.80379341976258));
#6980=CARTESIAN_POINT('Ctrl Pts',(-47.0699582863097,-38.4518271183181,2.67005664466865));
#6981=CARTESIAN_POINT('Ctrl Pts',(-47.0742813613541,-38.5612235912069,2.56066017177982));
#6982=CARTESIAN_POINT('Origin',(-47.2749109096852,-39.7237750807021,1.68095139475929));
#6983=CARTESIAN_POINT('',(-47.0749109096853,-40.6506158135617,0.471267949425071));
#6984=CARTESIAN_POINT('',(-47.0749109096853,-39.5823537244647,1.53953003852198));
#6985=CARTESIAN_POINT('',(-47.8033952925256,-41.2418331088514,0.910283148325126));
#6986=CARTESIAN_POINT('Origin',(-33.211545815752,-39.1218837629867,1.99999999999999));
#6987=CARTESIAN_POINT('',(-40.5751831928408,-38.5612235912069,2.56066017177981));
#6988=CARTESIAN_POINT('',(-31.2548645042964,-38.5612235912069,2.56066017177981));
#6989=CARTESIAN_POINT('',(-40.5751831928408,-40.6825439347665,0.439339828220173));
#6990=CARTESIAN_POINT('',(-40.5751831928408,-43.2969766843576,-2.17509292137083));
#6991=CARTESIAN_POINT('',(-47.0742813613541,-40.6825439347665,0.439339828220183));
#6992=CARTESIAN_POINT('',(-35.1682271272076,-40.6825439347665,0.439339828220174));
#6993=CARTESIAN_POINT('Ctrl Pts',(-47.0749109096855,-40.6506158135625,0.471267949424589));
#6994=CARTESIAN_POINT('Ctrl Pts',(-47.0749109096855,-40.6666130600459,0.455270702941172));
#6995=CARTESIAN_POINT('Ctrl Pts',(-47.0742813613543,-40.6825439347668,0.439339828220354));
#6996=CARTESIAN_POINT('Origin',(-48.2376294016763,-60.6292320479231,1.18952703620933));
#6997=CARTESIAN_POINT('',(-47.0742813613541,-61.5612901073513,0.439339828220955));
#6998=CARTESIAN_POINT('',(-47.0749109096852,-61.5932182285566,0.471267949426205));
#6999=CARTESIAN_POINT('Ctrl Pts',(-47.0742813613561,-61.5612901073555,0.439339828228097));
#7000=CARTESIAN_POINT('Ctrl Pts',(-47.0747526620356,-61.5732164864927,0.451266207365323));
#7001=CARTESIAN_POINT('Ctrl Pts',(-47.074910909687,-61.5891960029067,0.46724572377935));
#7002=CARTESIAN_POINT('Ctrl Pts',(-47.074910909687,-61.593218228553,0.471267949425621));
#7003=CARTESIAN_POINT('',(-48.2330448708364,-60.65330950268,1.16920797845435));
#7004=CARTESIAN_POINT('Ctrl Pts',(-47.074281361354,-60.5006299355705,2.77555756156368E-16));
#7005=CARTESIAN_POINT('Ctrl Pts',(-47.0726811275749,-60.557897534776,-8.5283202357286E-15));
#7006=CARTESIAN_POINT('Ctrl Pts',(-47.0713337429851,-60.6143548913152,0.00329945745044938));
#7007=CARTESIAN_POINT('Ctrl Pts',(-47.0668711675191,-60.83589525297,0.0283541075718717));
#7008=CARTESIAN_POINT('Ctrl Pts',(-47.0653718067828,-61.0115382620988,0.0783231578431614));
#7009=CARTESIAN_POINT('Ctrl Pts',(-47.0671264544081,-61.3181568593692,0.23178563606788));
#7010=CARTESIAN_POINT('Ctrl Pts',(-47.0699582863097,-61.4518936344628,0.32994335533224));
#7011=CARTESIAN_POINT('Ctrl Pts',(-47.0742813613541,-61.5612901073513,0.439339828220929));
#7012=CARTESIAN_POINT('Origin',(-47.2749109096852,-56.9409822553413,-3.89812531132));
#7013=CARTESIAN_POINT('',(-47.0749109096852,-63.6506823297038,2.52873205057597));
#7014=CARTESIAN_POINT('',(-47.0749109096853,-57.0824036115787,-4.03954666755723));
#7015=CARTESIAN_POINT('',(-47.8818265390809,-63.1644011768353,3.18360192448967));
#7016=CARTESIAN_POINT('Origin',(-33.2115458157527,-63.1219502791305,2.0000000000012));
#7017=CARTESIAN_POINT('',(-40.5751831928407,-61.5612901073519,0.439339828220786));
#7018=CARTESIAN_POINT('',(-35.1682271272082,-61.561290107352,0.43933982822083));
#7019=CARTESIAN_POINT('',(-40.5751831928407,-63.6826104509098,2.56066017178132));
#7020=CARTESIAN_POINT('',(-40.5751831928407,-60.7718568784673,-0.350093400664794));
#7021=CARTESIAN_POINT('',(-47.0742813613541,-63.6826104509091,2.56066017178136));
#7022=CARTESIAN_POINT('',(-31.2548645042972,-63.6826104509101,2.56066017178137));
#7023=CARTESIAN_POINT('Ctrl Pts',(-47.0749109096854,-63.6506823297037,2.528732050576));
#7024=CARTESIAN_POINT('Ctrl Pts',(-47.0749109096854,-63.6666795761877,2.54472929706003));
#7025=CARTESIAN_POINT('Ctrl Pts',(-47.0742813613542,-63.6826104509091,2.56066017178143));
#7026=CARTESIAN_POINT('Origin',(-47.9441872689881,-62.8880127486934,3.5111136602285));
#7027=CARTESIAN_POINT('Ctrl Pts',(-47.0742813613542,-63.6826104509055,2.56066017177765));
#7028=CARTESIAN_POINT('Ctrl Pts',(-47.072681127574,-63.7231047586729,2.60115447954491));
#7029=CARTESIAN_POINT('Ctrl Pts',(-47.0713337429759,-63.7606930698455,2.64340892826337));
#7030=CARTESIAN_POINT('Ctrl Pts',(-47.0668711675188,-63.8996294485995,2.81777793294877));
#7031=CARTESIAN_POINT('Ctrl Pts',(-47.0653718067829,-63.9884943571263,2.97730975006811));
#7032=CARTESIAN_POINT('Ctrl Pts',(-47.0671264404645,-64.0967912268768,3.30263361318253));
#7033=CARTESIAN_POINT('Ctrl Pts',(-47.0699581892439,-64.1219494811217,3.46660489989071));
#7034=CARTESIAN_POINT('Ctrl Pts',(-47.0742811451584,-64.1219502791087,3.62131260651528));
#7035=CARTESIAN_POINT('Origin',(-31.2548645042971,-62.6219502791296,3.62132034356054));
#7036=CARTESIAN_POINT('Origin',(-39.0751831928407,-62.6219502791294,3.62132034356054));
#7037=CARTESIAN_POINT('Origin',(-47.8786581374543,-41.6371053421319,1.24385492399951));
#7038=CARTESIAN_POINT('Ctrl Pts',(-47.0742812674949,-40.6825463099054,0.439337453086667));
#7039=CARTESIAN_POINT('Ctrl Pts',(-47.0726810748434,-40.7230398941954,0.398844050150793));
#7040=CARTESIAN_POINT('Ctrl Pts',(-47.0713337213912,-40.765293534643,0.36125653727118));
#7041=CARTESIAN_POINT('Ctrl Pts',(-47.0668711675189,-40.9396616959326,0.222320830530436));
#7042=CARTESIAN_POINT('Ctrl Pts',(-47.065371806783,-41.0991935130519,0.133455922003361));
#7043=CARTESIAN_POINT('Ctrl Pts',(-47.0671264544081,-41.4245199614027,0.0251581916545491));
#7044=CARTESIAN_POINT('Ctrl Pts',(-47.0699582863241,-41.5884941314259,1.4292907865553E-13));
#7045=CARTESIAN_POINT('Ctrl Pts',(-47.074281361354,-41.743204106545,1.1666015375944E-15));
#7046=CARTESIAN_POINT('Origin',(-35.1682271272076,-41.7432041065464,1.5));
#7047=CARTESIAN_POINT('Origin',(-39.0751831928408,-41.7432041065464,1.5));
#7048=CARTESIAN_POINT('Origin',(-31.2548645042964,-39.6218837629867,3.62132034355963));
#7049=CARTESIAN_POINT('Origin',(-39.0751831928408,-39.6218837629867,3.62132034355963));
#7050=CARTESIAN_POINT('Origin',(-35.1682271272081,-60.5006299355715,1.5));
#7051=CARTESIAN_POINT('Origin',(-39.0751831928407,-60.5006299355715,1.5));
#7052=CARTESIAN_POINT('Origin',(-39.3382520739104,-62.6219501594094,5.74264050485892));
#7053=CARTESIAN_POINT('',(-39.338252136945,-63.8686283494293,4.49596274527022));
#7054=CARTESIAN_POINT('Origin',(-40.0751831928407,-60.4183034878738,0.00345998992824836));
#7055=CARTESIAN_POINT('',(-38.6838937375932,-59.1632863365812,0.716023255432933));
#7056=CARTESIAN_POINT('Origin',(-38.6838937375933,-58.3793095920133,1.49999999999996));
#7057=CARTESIAN_POINT('',(-38.6838937375932,-58.3793095920133,0.391289455247555));
#7058=CARTESIAN_POINT('Origin',(-38.6512418925535,-43.864524450106,1.49999999999999));
#7059=CARTESIAN_POINT('',(-38.6512418925535,-43.1036360465844,0.739111596478358));
#7060=CARTESIAN_POINT('',(-38.6512418925535,-43.864524450106,0.423941300287274));
#7061=CARTESIAN_POINT('Origin',(-40.0751831928408,-43.6505300749508,-1.82153953077756));
#7062=CARTESIAN_POINT('',(-39.0709880375815,-38.5641900139388,4.68494693807137));
#7063=CARTESIAN_POINT('Origin',(-39.0709880375815,-39.6218837629867,5.74264068711926));
#7064=CARTESIAN_POINT('Origin',(-38.5751831928407,-52.5700436120772,0.499999999999991));
#7065=CARTESIAN_POINT('Origin',(-44.6249084386633,-47.8531884371177,4.99852229106829));
#7066=CARTESIAN_POINT('',(-44.6249084386633,-47.0031884371177,4.99852229106829));
#7067=CARTESIAN_POINT('Origin',(-38.2751831928407,-44.2721369464701,-4.44089209850065E-15));
#7068=CARTESIAN_POINT('Origin',(-38.2751831928407,-56.2721369464669,6.80000000000009));
#7069=CARTESIAN_POINT('Origin',(-38.2751834792467,-59.1219500140349,41.));
#7070=CARTESIAN_POINT('',(-38.4751837656527,-60.8219500140349,41.));
#7071=CARTESIAN_POINT('',(-38.4751837656527,-60.8219500140349,41.));
#7072=CARTESIAN_POINT('',(-38.4751837656527,-57.4219500140349,41.));
#7073=CARTESIAN_POINT('',(-38.0751831928407,-57.0219500140354,41.));
#7074=CARTESIAN_POINT('Origin',(-38.4751837656527,-59.1219500140349,41.));
#7075=CARTESIAN_POINT('Origin',(-38.2751835786119,-61.0219500140346,23.));
#7076=CARTESIAN_POINT('',(-38.4751839643831,-60.8219500140348,46.0000000000001));
#7077=CARTESIAN_POINT('',(-38.4751839643831,-60.8219500140349,23.));
#7078=CARTESIAN_POINT('',(-38.4751839643831,-60.8219500140348,46.0000000000001));
#7079=CARTESIAN_POINT('Origin',(-38.2751835786118,-59.1219500140349,46.));
#7080=CARTESIAN_POINT('',(-38.4751839643829,-57.4219500140348,46.));
#7081=CARTESIAN_POINT('Origin',(-38.4751839643829,-59.1219500140349,46.));
#7082=CARTESIAN_POINT('',(-38.4751839643829,-57.4219500140348,46.));
#7083=CARTESIAN_POINT('Origin',(-38.2751835786119,-57.2219500140353,20.));
#7084=CARTESIAN_POINT('',(-38.4751839643831,-57.421950014035,20.));
#7085=CARTESIAN_POINT('Origin',(-37.0751839643831,-60.8219500140348,46.0000000000001));
#7086=CARTESIAN_POINT('',(-37.0751839643831,-60.8219500140349,41.));
#7087=CARTESIAN_POINT('',(-37.0751839643831,-60.8219500140348,46.0000000000001));
#7088=CARTESIAN_POINT('Origin',(-37.0751839643831,-59.1219500140349,41.));
#7089=CARTESIAN_POINT('',(-37.0751839643831,-57.4219500140349,41.));
#7090=CARTESIAN_POINT('Origin',(-38.2751834792467,-43.1218821108989,41.));
#7091=CARTESIAN_POINT('',(-38.4751837656526,-44.8218821108988,41.));
#7092=CARTESIAN_POINT('',(-38.4751837656526,-44.8218821108988,41.));
#7093=CARTESIAN_POINT('',(-38.4751837656526,-41.4218821108988,40.9999999999999));
#7094=CARTESIAN_POINT('',(-38.0751831928408,-41.0218821108993,40.9999999999999));
#7095=CARTESIAN_POINT('Origin',(-38.4751837656526,-43.1218821108989,41.));
#7096=CARTESIAN_POINT('Origin',(-38.2751835786119,-45.0218821108985,23.));
#7097=CARTESIAN_POINT('',(-38.4751839643831,-44.8218821108988,46.));
#7098=CARTESIAN_POINT('',(-38.4751839643831,-44.8218821108989,23.));
#7099=CARTESIAN_POINT('',(-38.4751839643831,-44.8218821108988,46.));
#7100=CARTESIAN_POINT('Origin',(-38.2751835786118,-43.1218821108988,46.));
#7101=CARTESIAN_POINT('',(-38.4751839643829,-41.4218821108988,46.));
#7102=CARTESIAN_POINT('Origin',(-38.4751839643829,-43.1218821108988,46.));
#7103=CARTESIAN_POINT('',(-38.4751839643829,-41.4218821108988,46.));
#7104=CARTESIAN_POINT('Origin',(-38.2751835786119,-41.2218821108993,19.9999999999999));
#7105=CARTESIAN_POINT('',(-38.475183964383,-41.4218821108989,19.9999999999999));
#7106=CARTESIAN_POINT('Origin',(-37.0751839643831,-44.8218821108988,46.));
#7107=CARTESIAN_POINT('',(-37.0751839643831,-44.8218821108988,41.));
#7108=CARTESIAN_POINT('',(-37.0751839643831,-44.8218821108988,46.));
#7109=CARTESIAN_POINT('Origin',(-37.0751839643831,-43.1218821108989,41.));
#7110=CARTESIAN_POINT('',(-37.0751839643831,-41.4218821108988,41.));
#7111=CARTESIAN_POINT('Origin',(-37.0751839643831,-57.4219500140349,40.));
#7112=CARTESIAN_POINT('',(-37.0751839643831,-57.4219500140348,46.));
#7113=CARTESIAN_POINT('Origin',(-37.0751839643831,-41.4218821108988,39.9999999999999));
#7114=CARTESIAN_POINT('',(-37.0751839643831,-41.4218821108988,46.));
#7115=CARTESIAN_POINT('Origin',(-44.6249084386635,-54.3910854558189,4.99852229107036));
#7116=CARTESIAN_POINT('',(-44.6249084386635,-55.2410854558189,4.99852229107088));
#7117=CARTESIAN_POINT('Origin',(-37.0751839643831,-43.1218821108988,46.));
#7118=CARTESIAN_POINT('Origin',(-37.0751839643831,-59.1219500140349,46.));
#7119=CARTESIAN_POINT('',(-192.483026446143,23.0000679031174,-10.0523464062804));
#7120=CARTESIAN_POINT('',(-192.483026446143,39.0000679031174,-10.0523464062842));
#7121=CARTESIAN_POINT('',(-194.999999999978,14.5000679031125,-34.9997252458214));
#7122=CARTESIAN_POINT('',(-194.999999999978,30.5000679031125,-34.9997252458214));
#7123=CARTESIAN_POINT('',(-160.398522291109,102.481306326189,-119.100000000088));
#7124=CARTESIAN_POINT('',(-158.998522291045,19.2313063261958,-23.8999999999982));
#7125=CARTESIAN_POINT('',(-158.998522291046,25.7313063261961,-23.8999999999995));
#7126=CARTESIAN_POINT('',(-153.999999999979,-28.6218821109229,-73.0749084386623));
#7127=CARTESIAN_POINT('',(0.,0.,0.));
#7128=UNCERTAINTY_MEASURE_WITH_UNIT(LENGTH_MEASURE(0.01),#7144,
'DISTANCE_ACCURACY_VALUE',
'Maximum model space distance between geometric entities at asserted c
onnectivities');
#7129=UNCERTAINTY_MEASURE_WITH_UNIT(LENGTH_MEASURE(0.01),#7144,
'DISTANCE_ACCURACY_VALUE',
'Maximum model space distance between geometric entities at asserted c
onnectivities');
#7130=UNCERTAINTY_MEASURE_WITH_UNIT(LENGTH_MEASURE(0.01),#7144,
'DISTANCE_ACCURACY_VALUE',
'Maximum model space distance between geometric entities at asserted c
onnectivities');
#7131=UNCERTAINTY_MEASURE_WITH_UNIT(LENGTH_MEASURE(0.01),#7144,
'DISTANCE_ACCURACY_VALUE',
'Maximum model space distance between geometric entities at asserted c
onnectivities');
#7132=UNCERTAINTY_MEASURE_WITH_UNIT(LENGTH_MEASURE(0.01),#7144,
'DISTANCE_ACCURACY_VALUE',
'Maximum model space distance between geometric entities at asserted c
onnectivities');
#7133=UNCERTAINTY_MEASURE_WITH_UNIT(LENGTH_MEASURE(0.01),#7144,
'DISTANCE_ACCURACY_VALUE',
'Maximum model space distance between geometric entities at asserted c
onnectivities');
#7134=UNCERTAINTY_MEASURE_WITH_UNIT(LENGTH_MEASURE(0.01),#7144,
'DISTANCE_ACCURACY_VALUE',
'Maximum model space distance between geometric entities at asserted c
onnectivities');
#7135=UNCERTAINTY_MEASURE_WITH_UNIT(LENGTH_MEASURE(0.01),#7144,
'DISTANCE_ACCURACY_VALUE',
'Maximum model space distance between geometric entities at asserted c
onnectivities');
#7136=(
GEOMETRIC_REPRESENTATION_CONTEXT(3)
GLOBAL_UNCERTAINTY_ASSIGNED_CONTEXT((#7128))
GLOBAL_UNIT_ASSIGNED_CONTEXT((#7144,#7146,#7147))
REPRESENTATION_CONTEXT('','3D')
);
#7137=(
GEOMETRIC_REPRESENTATION_CONTEXT(3)
GLOBAL_UNCERTAINTY_ASSIGNED_CONTEXT((#7129))
GLOBAL_UNIT_ASSIGNED_CONTEXT((#7144,#7146,#7147))
REPRESENTATION_CONTEXT('','3D')
);
#7138=(
GEOMETRIC_REPRESENTATION_CONTEXT(3)
GLOBAL_UNCERTAINTY_ASSIGNED_CONTEXT((#7130))
GLOBAL_UNIT_ASSIGNED_CONTEXT((#7144,#7146,#7147))
REPRESENTATION_CONTEXT('','3D')
);
#7139=(
GEOMETRIC_REPRESENTATION_CONTEXT(3)
GLOBAL_UNCERTAINTY_ASSIGNED_CONTEXT((#7131))
GLOBAL_UNIT_ASSIGNED_CONTEXT((#7144,#7146,#7147))
REPRESENTATION_CONTEXT('','3D')
);
#7140=(
GEOMETRIC_REPRESENTATION_CONTEXT(3)
GLOBAL_UNCERTAINTY_ASSIGNED_CONTEXT((#7132))
GLOBAL_UNIT_ASSIGNED_CONTEXT((#7144,#7146,#7147))
REPRESENTATION_CONTEXT('','3D')
);
#7141=(
GEOMETRIC_REPRESENTATION_CONTEXT(3)
GLOBAL_UNCERTAINTY_ASSIGNED_CONTEXT((#7133))
GLOBAL_UNIT_ASSIGNED_CONTEXT((#7144,#7146,#7147))
REPRESENTATION_CONTEXT('','3D')
);
#7142=(
GEOMETRIC_REPRESENTATION_CONTEXT(3)
GLOBAL_UNCERTAINTY_ASSIGNED_CONTEXT((#7134))
GLOBAL_UNIT_ASSIGNED_CONTEXT((#7144,#7146,#7147))
REPRESENTATION_CONTEXT('','3D')
);
#7143=(
GEOMETRIC_REPRESENTATION_CONTEXT(3)
GLOBAL_UNCERTAINTY_ASSIGNED_CONTEXT((#7135))
GLOBAL_UNIT_ASSIGNED_CONTEXT((#7144,#7146,#7147))
REPRESENTATION_CONTEXT('','3D')
);
#7144=(
LENGTH_UNIT()
NAMED_UNIT(*)
SI_UNIT(.MILLI.,.METRE.)
);
#7145=(
LENGTH_UNIT()
NAMED_UNIT(*)
SI_UNIT($,.METRE.)
);
#7146=(
NAMED_UNIT(*)
PLANE_ANGLE_UNIT()
SI_UNIT($,.RADIAN.)
);
#7147=(
NAMED_UNIT(*)
SI_UNIT($,.STERADIAN.)
SOLID_ANGLE_UNIT()
);
#7148=SHAPE_DEFINITION_REPRESENTATION(#7155,#7171);
#7149=SHAPE_DEFINITION_REPRESENTATION(#7156,#7172);
#7150=SHAPE_DEFINITION_REPRESENTATION(#7157,#7173);
#7151=SHAPE_DEFINITION_REPRESENTATION(#7158,#7174);
#7152=SHAPE_DEFINITION_REPRESENTATION(#7159,#7175);
#7153=SHAPE_DEFINITION_REPRESENTATION(#7160,#7176);
#7154=SHAPE_DEFINITION_REPRESENTATION(#7161,#7177);
#7155=PRODUCT_DEFINITION_SHAPE('',$,#7179);
#7156=PRODUCT_DEFINITION_SHAPE('',$,#7180);
#7157=PRODUCT_DEFINITION_SHAPE('',$,#7181);
#7158=PRODUCT_DEFINITION_SHAPE('',$,#7182);
#7159=PRODUCT_DEFINITION_SHAPE('',$,#7183);
#7160=PRODUCT_DEFINITION_SHAPE('',$,#7184);
#7161=PRODUCT_DEFINITION_SHAPE('',$,#7185);
#7162=PRODUCT_DEFINITION_SHAPE($,$,#38);
#7163=PRODUCT_DEFINITION_SHAPE($,$,#39);
#7164=PRODUCT_DEFINITION_SHAPE($,$,#40);
#7165=PRODUCT_DEFINITION_SHAPE($,$,#41);
#7166=PRODUCT_DEFINITION_SHAPE($,$,#42);
#7167=PRODUCT_DEFINITION_SHAPE($,$,#43);
#7168=PRODUCT_DEFINITION_SHAPE($,$,#44);
#7169=PRODUCT_DEFINITION_SHAPE($,$,#45);
#7170=PRODUCT_DEFINITION_SHAPE($,$,#46);
#7171=SHAPE_REPRESENTATION('',(#4190,#4579),#7136);
#7172=SHAPE_REPRESENTATION('',(#4191,#4571,#4572,#4573,#4574,#4575,#4576,
#4577,#4578),#7137);
#7173=SHAPE_REPRESENTATION('',(#4192),#7138);
#7174=SHAPE_REPRESENTATION('',(#4236),#7139);
#7175=SHAPE_REPRESENTATION('',(#4279),#7140);
#7176=SHAPE_REPRESENTATION('',(#4360),#7141);
#7177=SHAPE_REPRESENTATION('',(#4393),#7142);
#7178=PRODUCT_DEFINITION_CONTEXT('part definition',#7201,'design');
#7179=PRODUCT_DEFINITION('2026-09-20-18-09-20-283','_X_endstop',#7186,#7178);
#7180=PRODUCT_DEFINITION('2026-09-20-18-09-07-612','_Mount frame',#7187,
#7178);
#7181=PRODUCT_DEFINITION('2026-09-19-00-25-44-096',
'M3 2020 drop-in T-nut',#7188,#7178);
#7182=PRODUCT_DEFINITION('2026-09-19-00-28-25-336','M3x30 SHCS',#7189,#7178);
#7183=PRODUCT_DEFINITION('2026-09-19-00-25-40-973','KW10 microswitch',#7190,
#7178);
#7184=PRODUCT_DEFINITION('2026-09-19-00-25-43-017',
'M2x10 self-tapping screw',#7191,#7178);
#7185=PRODUCT_DEFINITION('2026-09-19-00-48-50-810','X_endstop_housing',
#7192,#7178);
#7186=PRODUCT_DEFINITION_FORMATION('',$,#7203);
#7187=PRODUCT_DEFINITION_FORMATION('',$,#7204);
#7188=PRODUCT_DEFINITION_FORMATION('',$,#7205);
#7189=PRODUCT_DEFINITION_FORMATION('',$,#7206);
#7190=PRODUCT_DEFINITION_FORMATION('',$,#7207);
#7191=PRODUCT_DEFINITION_FORMATION('',$,#7208);
#7192=PRODUCT_DEFINITION_FORMATION('',$,#7209);
#7193=PRODUCT_RELATED_PRODUCT_CATEGORY('_X_endstop','_X_endstop',(#7203));
#7194=PRODUCT_RELATED_PRODUCT_CATEGORY('_Mount frame','_Mount frame',(#7204));
#7195=PRODUCT_RELATED_PRODUCT_CATEGORY('M3 2020 drop-in T-nut',
'M3 2020 drop-in T-nut',(#7205));
#7196=PRODUCT_RELATED_PRODUCT_CATEGORY('M3x30 SHCS','M3x30 SHCS',(#7206));
#7197=PRODUCT_RELATED_PRODUCT_CATEGORY('KW10 microswitch',
'KW10 microswitch',(#7207));
#7198=PRODUCT_RELATED_PRODUCT_CATEGORY('M2x10 self-tapping screw',
'M2x10 self-tapping screw',(#7208));
#7199=PRODUCT_RELATED_PRODUCT_CATEGORY('X_endstop_housing',
'X_endstop_housing',(#7209));
#7200=APPLICATION_PROTOCOL_DEFINITION('international standard',
'automotive_design',2009,#7201);
#7201=APPLICATION_CONTEXT(
'Core Data for Automotive Mechanical Design Process');
#7202=PRODUCT_CONTEXT('part definition',#7201,'mechanical');
#7203=PRODUCT('2026-09-20-18-09-20-283','_X_endstop',$,(#7202));
#7204=PRODUCT('2026-09-20-18-09-07-612','_Mount frame',$,(#7202));
#7205=PRODUCT('2026-09-19-00-25-44-096','M3 2020 drop-in T-nut',$,(#7202));
#7206=PRODUCT('2026-09-19-00-28-25-336','M3x30 SHCS',$,(#7202));
#7207=PRODUCT('2026-09-19-00-25-40-973','KW10 microswitch',$,(#7202));
#7208=PRODUCT('2026-09-19-00-25-43-017','M2x10 self-tapping screw',$,(#7202));
#7209=PRODUCT('2026-09-19-00-48-50-810','X_endstop_housing',$,(#7202));
#7210=PRESENTATION_STYLE_ASSIGNMENT((#7218));
#7211=PRESENTATION_STYLE_ASSIGNMENT((#7219));
#7212=PRESENTATION_STYLE_ASSIGNMENT((#7220));
#7213=PRESENTATION_STYLE_ASSIGNMENT((#7221));
#7214=PRESENTATION_STYLE_ASSIGNMENT((#7222));
#7215=PRESENTATION_STYLE_ASSIGNMENT((#7223));
#7216=PRESENTATION_STYLE_ASSIGNMENT((#7224));
#7217=PRESENTATION_STYLE_ASSIGNMENT((#7225));
#7218=SURFACE_STYLE_USAGE(.BOTH.,#7226);
#7219=SURFACE_STYLE_USAGE(.BOTH.,#7227);
#7220=SURFACE_STYLE_USAGE(.BOTH.,#7228);
#7221=SURFACE_STYLE_USAGE(.BOTH.,#7229);
#7222=SURFACE_STYLE_USAGE(.BOTH.,#7230);
#7223=SURFACE_STYLE_USAGE(.BOTH.,#7231);
#7224=SURFACE_STYLE_USAGE(.BOTH.,#7232);
#7225=SURFACE_STYLE_USAGE(.BOTH.,#7233);
#7226=SURFACE_SIDE_STYLE('',(#7234));
#7227=SURFACE_SIDE_STYLE('',(#7235));
#7228=SURFACE_SIDE_STYLE('',(#7236));
#7229=SURFACE_SIDE_STYLE('',(#7237));
#7230=SURFACE_SIDE_STYLE('',(#7238));
#7231=SURFACE_SIDE_STYLE('',(#7239));
#7232=SURFACE_SIDE_STYLE('',(#7240));
#7233=SURFACE_SIDE_STYLE('',(#7241));
#7234=SURFACE_STYLE_FILL_AREA(#7242);
#7235=SURFACE_STYLE_FILL_AREA(#7243);
#7236=SURFACE_STYLE_FILL_AREA(#7244);
#7237=SURFACE_STYLE_FILL_AREA(#7245);
#7238=SURFACE_STYLE_FILL_AREA(#7246);
#7239=SURFACE_STYLE_FILL_AREA(#7247);
#7240=SURFACE_STYLE_FILL_AREA(#7248);
#7241=SURFACE_STYLE_FILL_AREA(#7249);
#7242=FILL_AREA_STYLE('Steel - Satin',(#7250));
#7243=FILL_AREA_STYLE('Steel - Satin',(#7251));
#7244=FILL_AREA_STYLE('Steel - Black Nickel',(#7252));
#7245=FILL_AREA_STYLE('Aluminum - Satin',(#7253));
#7246=FILL_AREA_STYLE('Prism Opaque',(#7254));
#7247=FILL_AREA_STYLE('Plastic - Molded (Black)',(#7255));
#7248=FILL_AREA_STYLE('Plastic - Matte (Red)',(#7256));
#7249=FILL_AREA_STYLE('ABS (Black)',(#7257));
#7250=FILL_AREA_STYLE_COLOUR('Steel - Satin',#7258);
#7251=FILL_AREA_STYLE_COLOUR('Steel - Satin',#7259);
#7252=FILL_AREA_STYLE_COLOUR('Steel - Black Nickel',#7260);
#7253=FILL_AREA_STYLE_COLOUR('Aluminum - Satin',#7261);
#7254=FILL_AREA_STYLE_COLOUR('Prism Opaque',#7262);
#7255=FILL_AREA_STYLE_COLOUR('Plastic - Molded (Black)',#7263);
#7256=FILL_AREA_STYLE_COLOUR('Plastic - Matte (Red)',#7264);
#7257=FILL_AREA_STYLE_COLOUR('ABS (Black)',#7265);
#7258=COLOUR_RGB('Steel - Satin',0.627450980392157,0.627450980392157,0.627450980392157);
#7259=COLOUR_RGB('Steel - Satin',0.627450980392157,0.627450980392157,0.627450980392157);
#7260=COLOUR_RGB('Steel - Black Nickel',0.564705882352941,0.556862745098039,
0.545098039215686);
#7261=COLOUR_RGB('Aluminum - Satin',0.96078431372549,0.96078431372549,0.964705882352941);
#7262=COLOUR_RGB('Prism Opaque',1.,1.,1.);
#7263=COLOUR_RGB('Plastic - Molded (Black)',0.0980392156862745,0.0980392156862745,
0.0980392156862745);
#7264=COLOUR_RGB('Plastic - Matte (Red)',0.784313725490196,0.0784313725490196,
0.0784313725490196);
#7265=COLOUR_RGB('ABS (Black)',0.196078431372549,0.196078431372549,0.196078431372549);
ENDSEC;
END-ISO-10303-21;
